hostname,pl_name,hd_name,hip_name,tic_id,gaia_dr2_id,gaia_dr3_id,cb_flag
"11 Com","11 Com b","HD 107383","HIP 60202","TIC 72437047","Gaia DR2 3946945413106333696","Gaia DR3 3946945413106333696",0
"11 UMi","11 UMi b","HD 136726","HIP 74793","TIC 230061010","Gaia DR2 1696798367260229376","Gaia DR3 1696798367260229376",0
"14 And","14 And b","HD 221345","HIP 116076","TIC 333225860","Gaia DR2 1920113512486282240","Gaia DR3 1920113512486282240",0
"14 Her","14 Her b","HD 145675","HIP 79248","TIC 219483057","Gaia DR2 1385293808145621504","Gaia DR3 1385293808145621504",0
"16 Cyg B","16 Cyg B b","HD 186427","HIP 96901","TIC 27533327","Gaia DR2 2135550755683407232","Gaia DR3 2135550755683407232",0
"17 Sco","17 Sco b",,"HIP 79540","TIC 135596590","Gaia DR2 4342464209753404416","Gaia DR3 4342464209753404416",0
"18 Del","18 Del b","HD 199665","HIP 103527","TIC 354489950","Gaia DR2 1756741374681702784","Gaia DR3 1756741374681702784",0
"1RXS J160929.1-210524","1RXS J160929.1-210524 b",,,"TIC 48964101","Gaia DR2 6243841249531772800","Gaia DR3 6243841249531772800",0
"24 Boo","24 Boo b","HD 127243","HIP 70791","TIC 441712711","Gaia DR2 1603662211901473408","Gaia DR3 1603662211901473408",0
"24 Sex","24 Sex b","HD 90043","HIP 50887","TIC 1713457","Gaia DR2 3830897080395058048","Gaia DR3 3830897080395058048",0
"24 Sex","24 Sex c","HD 90043","HIP 50887","TIC 1713457","Gaia DR2 3830897080395058048","Gaia DR3 3830897080395058048",0
"2MASS J04372171+2651014","2M0437 b",,,"TIC 125843782","Gaia DR2 151499478104075008","Gaia DR3 151499478104075008",0
"2MASS J01033563-5515561 A","2MASS J01033563-5515561 AB b",,,"TIC 206502540",,,1
"2MASS J01225093-2439505","2MASS J01225093-2439505 b",,,"TIC 11614485","Gaia DR2 5040416186560252416","Gaia DR3 5040416186560252416",0
"2MASS J02192210-3925225","2MASS J02192210-3925225 b",,,"TIC 77111651","Gaia DR2 4963614887043956096","Gaia DR3 4963614887043956096",0
"2MASS J0249-0557 A","2MASS J0249-0557 c",,,"TIC 10930507","Gaia DR2 5183875103632956032","Gaia DR3 5183875103632956032",1
"2MASS J03590986+2009361","2MASS J03590986+2009361 b",,,"TIC 14183352","Gaia DR2 51369428065705600","Gaia DR3 51369428065705600",0
"2MASS J04414489+2301513","2MASS J04414489+2301513 b",,,"TIC 118893899","Gaia DR2 146487556211644544","Gaia DR3 146487556211644544",0
"2MASS J11011926-7732383","2MASS J11011926-7732383 b",,,"TIC 454227159","Gaia DR2 5201185574182015744","Gaia DR3 5201185574182015744",0
"2MASS J11550485-7919108","2MASS J11550485-7919108 b",,,"TIC 357014373","Gaia DR2 5199985216726016896","Gaia DR3 5199985216726016896",0
"2MASS J12073346-3932539","2MASS J12073346-3932539 b",,,"TIC 102076870","Gaia DR2 3459372646830687104","Gaia DR3 3459372646830687104",0
"2MASS J19383260+4603591","2MASS J19383260+4603591 b",,,"TIC 271164763","Gaia DR2 2080063931448749824","Gaia DR3 2080063931448749824",1
"2MASS J21252752-8138278","2MASS J21252752-8138278 b",,,"TIC 273305007","Gaia DR2 6348514275456913792","Gaia DR3 6348514275456913792",0
"2MASS J22362452+4751425","2MASS J22362452+4751425 b",,,"TIC 200532605","Gaia DR2 1986772848034988544","Gaia DR3 1986772848034988544",0
"2MASS J22501512+2325342","2MASS J22501512+2325342 b",,,"TIC 435830255","Gaia DR2 2837047214379099904","Gaia DR3 2837047214379099904",0
"4 UMa","4 UMa b","HD 73108","HIP 42527","TIC 356478817","Gaia DR2 1092230803510960640","Gaia DR3 1092230803512999424",0
"47 UMa","47 UMa b","HD 95128","HIP 53721","TIC 21535479","Gaia DR2 777254360337133312","Gaia DR3 777254360337133312",0
"47 UMa","47 UMa c","HD 95128","HIP 53721","TIC 21535479","Gaia DR2 777254360337133312","Gaia DR3 777254360337133312",0
"47 UMa","47 UMa d","HD 95128","HIP 53721","TIC 21535479","Gaia DR2 777254360337133312","Gaia DR3 777254360337133312",0
"51 Eri","51 Eri b","HD 29391","HIP 21547","TIC 298810162","Gaia DR2 3205095125321700480","Gaia DR3 3205095125321700480",0
"51 Peg","51 Peg b","HD 217014","HIP 113357","TIC 139298196","Gaia DR2 2835207319109249920","Gaia DR3 2835207319109249920",0
"55 Cnc B","55 Cnc B b",,,"TIC 332064684","Gaia DR2 704966762213039488","Gaia DR3 704966762213039488",0
"55 Cnc B","55 Cnc B c",,,"TIC 332064684","Gaia DR2 704966762213039488","Gaia DR3 704966762213039488",0
"55 Cnc","55 Cnc b","HD 75732","HIP 43587","TIC 332064670","Gaia DR2 704967037090946688","Gaia DR3 704967037090946688",0
"55 Cnc","55 Cnc c","HD 75732","HIP 43587","TIC 332064670","Gaia DR2 704967037090946688","Gaia DR3 704967037090946688",0
"55 Cnc","55 Cnc d","HD 75732","HIP 43587","TIC 332064670","Gaia DR2 704967037090946688","Gaia DR3 704967037090946688",0
"55 Cnc","55 Cnc e","HD 75732","HIP 43587","TIC 332064670","Gaia DR2 704967037090946688","Gaia DR3 704967037090946688",0
"55 Cnc","55 Cnc f","HD 75732","HIP 43587","TIC 332064670","Gaia DR2 704967037090946688","Gaia DR3 704967037090946688",0
"6 Lyn","6 Lyn b","HD 45410","HIP 31039","TIC 444865362","Gaia DR2 1004358968092652544","Gaia DR3 1004358968092652544",0
"61 Vir","61 Vir b","HD 115617","HIP 64924","TIC 422478973","Gaia DR2 3507879565090229888","Gaia DR3 3507879565090229888",0
"61 Vir","61 Vir c","HD 115617","HIP 64924","TIC 422478973","Gaia DR2 3507879565090229888","Gaia DR3 3507879565090229888",0
"61 Vir","61 Vir d","HD 115617","HIP 64924","TIC 422478973","Gaia DR2 3507879565090229888","Gaia DR3 3507879565090229888",0
"7 CMa","7 CMa b","HD 47205","HIP 31592","TIC 48237215","Gaia DR2 2939555954747554176","Gaia DR3 2939555954755196160",0
"7 CMa","7 CMa c","HD 47205","HIP 31592","TIC 48237215","Gaia DR2 2939555954747554176","Gaia DR3 2939555954755196160",0
"70 Vir","70 Vir b","HD 117176","HIP 65721","TIC 95473936","Gaia DR2 3740176925743650688","Gaia DR3 3740176925743994752",0
"75 Cet","75 Cet b","HD 15779","HIP 11791","TIC 251095345","Gaia DR2 2500064286492779264","Gaia DR3 2500064286492779264",0
"75 Cet","75 Cet c","HD 15779","HIP 11791","TIC 251095345","Gaia DR2 2500064286492779264","Gaia DR3 2500064286492779264",0
"8 UMi","8 UMi b","HD 133086","HIP 73136","TIC 257005016","Gaia DR2 1700658653802527104","Gaia DR3 1700658653802527104",0
"81 Cet","81 Cet b","HD 16400","HIP 12247","TIC 35725282","Gaia DR2 2495420602212048640","Gaia DR3 2495420602212048640",0
"91 Aqr","91 Aqr b","HD 219449","HIP 114855","TIC 4610441","Gaia DR2 2630155547353593216","Gaia DR3 2630155547353593216",0
"AB Aur","AB Aur b",,,"TIC 96680681","Gaia DR2 156917493449670656","Gaia DR3 156917493449670656",0
"AB Pic","AB Pic b","HD 44627","HIP 30034","TIC 260351540","Gaia DR2 5495052596695570816","Gaia DR3 5495052596695570816",0
"AF Lep","AF Lep b","HD 35850","HIP 25486","TIC 94945758","Gaia DR2 3009908378049913216","Gaia DR3 3009908378049913216",0
"AT2021ueyL","AT2021ueyL b",,,,,,0
"AU Mic","AU Mic b","HD 197481","HIP 102409","TIC 441420236","Gaia DR2 6794047652729201024","Gaia DR3 6794047652729201024",0
"AU Mic","AU Mic c","HD 197481","HIP 102409","TIC 441420236","Gaia DR2 6794047652729201024","Gaia DR3 6794047652729201024",0
"AU Mic","AU Mic d","HD 197481","HIP 102409","TIC 441420236","Gaia DR2 6794047652729201024","Gaia DR3 6794047652729201024",0
"AU Mic","AU Mic e","HD 197481","HIP 102409","TIC 441420236","Gaia DR2 6794047652729201024","Gaia DR3 6794047652729201024",0
"BD+03 2562","BD+03 2562 b",,,"TIC 366659915","Gaia DR2 3895649725336884736","Gaia DR3 3895649725336884736",0
"BD+05 4868 A","BD+05 4868 A b",,"HIP 107587","TIC 466376085","Gaia DR2 2700378125204437760","Gaia DR3 2700378125204437760",0
"BD+14 4559","BD+14 4559 b",,"HIP 104780","TIC 230183006","Gaia DR2 1759623813132980864","Gaia DR3 1759623813132980864",0
"BD+15 2375","BD+15 2375 b",,,"TIC 82604982","Gaia DR2 3924009634910406912","Gaia DR3 3924009634910406912",0
"BD+15 2940","BD+15 2940 b",,"HIP 78407","TIC 393702609","Gaia DR2 1193071962699902336","Gaia DR3 1193071962699902336",0
"BD+20 2457","BD+20 2457 b",,,"TIC 95359428","Gaia DR2 625137162857354880","Gaia DR3 625137162857354880",0
"BD+20 2457","BD+20 2457 c",,,"TIC 95359428","Gaia DR2 625137162857354880","Gaia DR3 625137162857354880",0
"BD+20 274","BD+20 274 b",,,"TIC 60923874","Gaia DR2 96530596864007552","Gaia DR3 96530596864007552",0
"BD+20 594","BD+20 594 b",,,"TIC 26123781","Gaia DR2 58200934326315136","Gaia DR3 58200934326315136",0
"BD+37 3172","BD+37 3172 b",,,"TIC 289572819","Gaia DR2 2096350069476310016","Gaia DR3 2096350069476310016",0
"BD+42 2315","BD+42 2315 b",,,"TIC 376689863","Gaia DR2 1534760078795225728","Gaia DR3 1534760078795225728",0
"BD+45 564","BD+45 564 b",,,"TIC 292607437","Gaia DR2 353030751066772480","Gaia DR3 353030751066772480",0
"BD+48 738","BD+48 738 b",,,"TIC 302069358","Gaia DR2 438899345022759424","Gaia DR3 438899345022759424",0
"BD+48 740","BD+48 740 b",,"HIP 12684","TIC 302070274","Gaia DR2 438444868763388800","Gaia DR3 438444868763388800",0
"BD+49 828","BD+49 828 b",,,"TIC 116376059","Gaia DR2 439327501725338752","Gaia DR3 439327501725338752",0
"BD+55 362","BD+55 362 b",,,"TIC 453226076","Gaia DR2 412783469966211456","Gaia DR3 412783469966211456",0
"BD+60 1417","BD+60 1417 b",,,"TIC 159527171","Gaia DR2 1579929906250111232","Gaia DR3 1579929906250111232",0
"BD+63 1405","BD+63 1405 b",,"HIP 88617","TIC 233075841","Gaia DR2 2160951157908163968","Gaia DR3 2160951157908163968",0
"BD-06 1339","BD-06 1339 b",,"HIP 27803","TIC 66914642","Gaia DR2 3022099969137163904","Gaia DR3 3022099969137163904",0
"BD-06 1339","BD-06 1339 c",,"HIP 27803","TIC 66914642","Gaia DR2 3022099969137163904","Gaia DR3 3022099969137163904",0
"BD-08 2823","BD-08 2823 b",,"HIP 49067","TIC 33355302","Gaia DR2 3770419611540574080","Gaia DR3 3770419611540574080",0
"BD-08 2823","BD-08 2823 c",,"HIP 49067","TIC 33355302","Gaia DR2 3770419611540574080","Gaia DR3 3770419611540574080",0
"BD-10 3166","BD-10 3166 b",,,"TIC 148563075","Gaia DR2 3758629479636689536","Gaia DR3 3758629479636689536",0
"BD-11 4672","BD-11 4672 b",,"HIP 90979","TIC 217831699","Gaia DR2 4154598526336121600","Gaia DR3 4154598526336121600",0
"BD-11 4672","BD-11 4672 c",,"HIP 90979","TIC 217831699","Gaia DR2 4154598526336121600","Gaia DR3 4154598526336121600",0
"BD-13 2130","BD-13 2130 b",,,"TIC 288474555","Gaia DR2 3030262468592291072","Gaia DR3 3030262468592291072",0
"BD-14 3065 A","BD-14 3065 b",,,"TIC 293607057","Gaia DR2 3751877374435102720","Gaia DR3 3751877374435102720",0
"BD-17 63","BD-17 63 b",,"HIP 2247","TIC 75377076","Gaia DR2 2367734656180397952","Gaia DR3 2367734656180397952",0
"BD-210397","BD-210397 b",,"HIP 10337","TIC 268804174","Gaia DR2 5124636303346779008","Gaia DR3 5124636303346779008",0
"BD-210397","BD-210397 c",,"HIP 10337","TIC 268804174","Gaia DR2 5124636303346779008","Gaia DR3 5124636303346779008",0
"BEBOP-3","BEBOP-3 b",,,"TIC 289949453","Gaia DR2 1141769093744241536","Gaia DR3 1141769093744241536",1
"BEBOP-4 A","BEBOP-4 AB b","HD 111605",,"TIC 356710041","Gaia DR2 3961485079994112896","Gaia DR3 3961485079994112896",1
"Barnard's star","Barnard b",,"HIP 87937","TIC 325554331","Gaia DR2 4472832130942575872","Gaia DR3 4472832130942575872",0
"Barnard's star","Barnard c",,"HIP 87937","TIC 325554331","Gaia DR2 4472832130942575872","Gaia DR3 4472832130942575872",0
"Barnard's star","Barnard d",,"HIP 87937","TIC 325554331","Gaia DR2 4472832130942575872","Gaia DR3 4472832130942575872",0
"Barnard's star","Barnard e",,"HIP 87937","TIC 325554331","Gaia DR2 4472832130942575872","Gaia DR3 4472832130942575872",0
"CD Cet","CD Cet b",,,"TIC 328465904","Gaia DR2 3179036008830848","Gaia DR3 3179036008830848",0
"CD-35 2722 B","CD-35 2722 B b",,,,,,0
"CFBDSIR J145829+101343","CFBDSIR J145829+101343 b",,,,,,0
"CFHTWIR-Oph 98 A","CFHTWIR-Oph 98 b",,,"TIC 175744063",,,0
"CHXR 73","CHXR 73 b",,,"TIC 454291479","Gaia DR2 5201175987817179136","Gaia DR3 5201175987817179136",0
"CI Tau","CI Tau c",,,"TIC 61230756","Gaia DR2 145203159127518336","Gaia DR3 145203159127518336",0
"COCONUTS-2 A","COCONUTS-2 b",,,"TIC 272232401","Gaia DR2 5213167330349528064","Gaia DR3 5213167330349528064",0
"CT Cha","CT Cha b",,,"TIC 454259409","Gaia DR2 5201360671411974912","Gaia DR3 5201360671411974912",0
"CWISEP J193518.59-154620.3","CWISEP J193518.59-154620.3 b",,,,,,0
"CoRoT-1","CoRoT-1 b",,,"TIC 36352297","Gaia DR2 3105507886130792448","Gaia DR3 3105507886130792448",0
"CoRoT-10","CoRoT-10 b",,,"TIC 405010127","Gaia DR2 4263752921128319616","Gaia DR3 4263752921128319616",0
"CoRoT-11","CoRoT-11 b",,,"TIC 110178537","Gaia DR2 4285511294172309504","Gaia DR3 4285511294172309504",0
"CoRoT-12","CoRoT-12 b",,,"TIC 280210963","Gaia DR2 3107255598526406912","Gaia DR3 3107255598526406912",0
"CoRoT-13","CoRoT-13 b",,,"TIC 281909674","Gaia DR2 3101974231859723776","Gaia DR3 3101974231859723776",0
"CoRoT-14","CoRoT-14 b",,,"TIC 282706928","Gaia DR2 3101145195794755072","Gaia DR3 3101145195794755072",0
"CoRoT-16","CoRoT-16 b",,,"TIC 218299481","Gaia DR2 4256135160951556480","Gaia DR3 4256135160951556480",0
"CoRoT-17","CoRoT-17 b",,,"TIC 218299312","Gaia DR2 4255957040079935488","Gaia DR3 4255957040079935488",0
"CoRoT-18","CoRoT-18 b",,,"TIC 37168957","Gaia DR2 3120058170178779392","Gaia DR3 3120058170178779392",0
"CoRoT-19","CoRoT-19 b",,,"TIC 42821097","Gaia DR2 3120002649138831360","Gaia DR3 3120002649138831360",0
"CoRoT-2","CoRoT-2 b",,,"TIC 391958006","Gaia DR2 4287820848378092672","Gaia DR3 4287820848378092672",0
"CoRoT-20","CoRoT-20 b",,,"TIC 234825296","Gaia DR2 3120122805143587328","Gaia DR3 3120122805143587328",0
"CoRoT-20","CoRoT-20 c",,,"TIC 234825296","Gaia DR2 3120122805143587328","Gaia DR3 3120122805143587328",0
"CoRoT-21","CoRoT-21 b",,,"TIC 280420719","Gaia DR2 3107471240236703104","Gaia DR3 3107471240236703104",0
"CoRoT-22","CoRoT-22 b",,,"TIC 323094535","Gaia DR2 4285572454508522496","Gaia DR3 4285572454508522496",0
"CoRoT-23","CoRoT-23 b",,,"TIC 108155949","Gaia DR2 4283597937777249408","Gaia DR3 4283597937777249408",0
"CoRoT-24","CoRoT-24 b",,,"TIC 36105482","Gaia DR2 3105404467618982272","Gaia DR3 3105404467618982272",0
"CoRoT-24","CoRoT-24 c",,,"TIC 36105482","Gaia DR2 3105404467618982272","Gaia DR3 3105404467618982272",0
"CoRoT-25","CoRoT-25 b",,,"TIC 130038122","Gaia DR2 4285689616891369600","Gaia DR3 4285689616891369600",0
"CoRoT-26","CoRoT-26 b",,,"TIC 322388624","Gaia DR2 4286437357841760000","Gaia DR3 4286437357841760000",0
"CoRoT-27","CoRoT-27 b",,,"TIC 416136788","Gaia DR2 4284721191974346752","Gaia DR3 4284721191974346752",0
"CoRoT-28","CoRoT-28 b",,,"TIC 106352250","Gaia DR2 4284680029006075648","Gaia DR3 4284680029006075648",0
"CoRoT-29","CoRoT-29 b",,,"TIC 370736259","Gaia DR2 4285073581136130560","Gaia DR3 4285073581136130560",0
"CoRoT-3","CoRoT-3 b",,,"TIC 392353449","Gaia DR2 4263427117767106816","Gaia DR3 4263427117767106816",0
"CoRoT-30","CoRoT-30 b",,,"TIC 320636129","Gaia DR2 4477300378701511296","Gaia DR3 4477300378701511296",0
"CoRoT-31","CoRoT-31 b",,,"TIC 250595183","Gaia DR2 3020494716521521152","Gaia DR3 3020494716521521152",0
"CoRoT-32","CoRoT-32 b",,,"TIC 220323515","Gaia DR2 3326541506073371776","Gaia DR3 3326541506073371776",0
"CoRoT-35","CoRoT-35 b",,,"TIC 161062394","Gaia DR2 4213081309275729792","Gaia DR3 4213081309275729792",0
"CoRoT-36","CoRoT-36 b",,,"TIC 405004589","Gaia DR2 4477340334766250496","Gaia DR3 4477340334766250496",0
"CoRoT-4","CoRoT-4 b",,,"TIC 36440357","Gaia DR2 3113201890547554432","Gaia DR3 3113201890547554432",0
"CoRoT-5","CoRoT-5 b",,,"TIC 234112540","Gaia DR2 3125611120515388800","Gaia DR3 3125611120515388800",0
"CoRoT-6","CoRoT-6 b",,,"TIC 130502317","Gaia DR2 4285684673395749120","Gaia DR3 4285684673395749120",0
"CoRoT-7","CoRoT-7 b",,,"TIC 280304863","Gaia DR2 3107267177757848576","Gaia DR3 3107267177757848576",0
"CoRoT-7","CoRoT-7 c",,,"TIC 280304863","Gaia DR2 3107267177757848576","Gaia DR3 3107267177757848576",0
"CoRoT-7","CoRoT-7 d",,,"TIC 280304863","Gaia DR2 3107267177757848576","Gaia DR3 3107267177757848576",0
"CoRoT-8","CoRoT-8 b",,,"TIC 391880567","Gaia DR2 4287832775526476800","Gaia DR3 4287832775526476800",0
"CoRoT-9","CoRoT-9 b",,,"TIC 130162252","Gaia DR2 4285571629874670080","Gaia DR3 4285571629874670080",0
"DE CVn","DE CVn b",,,"TIC 446175401","Gaia DR2 1550299304833675392","Gaia DR3 1550299304833675392",1
"DENIS-P J082303.1-491201","DENIS-P J082303.1-491201 b",,,"TIC 388682292","Gaia DR2 5514929155583865216","Gaia DR3 5514929155583865216",0
"DH Tau","DH Tau b",,,"TIC 268148971","Gaia DR2 151374202498079872","Gaia DR3 151374202498079872",0
"DMPP-1","DMPP-1 b","HD 38677","HIP 27305","TIC 66560666","Gaia DR2 3011005587574818432","Gaia DR3 3011005587574818432",0
"DMPP-1","DMPP-1 c","HD 38677","HIP 27305","TIC 66560666","Gaia DR2 3011005587574818432","Gaia DR3 3011005587574818432",0
"DMPP-1","DMPP-1 d","HD 38677","HIP 27305","TIC 66560666","Gaia DR2 3011005587574818432","Gaia DR3 3011005587574818432",0
"DMPP-1","DMPP-1 e","HD 38677","HIP 27305","TIC 66560666","Gaia DR2 3011005587574818432","Gaia DR3 3011005587574818432",0
"DMPP-2","DMPP-2 b","HD 11231","HIP 8501","TIC 32432767","Gaia DR2 5017319806652067072","Gaia DR3 5017319806652067072",0
"DMPP-2","DMPP-2 c","HD 11231","HIP 8501","TIC 32432767","Gaia DR2 5017319806652067072","Gaia DR3 5017319806652067072",0
"DMPP-2","DMPP-2 d","HD 11231","HIP 8501","TIC 32432767","Gaia DR2 5017319806652067072","Gaia DR3 5017319806652067072",0
"DMPP-3 A","DMPP-3 A b","HD 42936","HIP 28941","TIC 141765836","Gaia DR2 5266148569447305600",,0
"DMPP-4","DMPP-4 b","HD 184960","HIP 96258","TIC 26884478","Gaia DR2 2136027771930903808","Gaia DR3 2136027771930903808",0
"DMPP-6","DMPP-6 b","HD 67200","HIP 39242","TIC 306668068","Gaia DR2 5270480576538756352","Gaia DR3 5270480576538756352",0
"DMPP-6","DMPP-6 c","HD 67200","HIP 39242","TIC 306668068","Gaia DR2 5270480576538756352","Gaia DR3 5270480576538756352",0
"DMPP-7","DMPP-7 b","HD 118006","HIP 66197","TIC 365158631","Gaia DR2 3663051957490779264","Gaia DR3 3663051957490779264",0
"DMPP-8","DMPP-8 b","HD 191122","HIP 100359","TIC 318042295","Gaia DR2 6349054822860923008","Gaia DR3 6349054822860923008",0
"DMPP-9","DMPP-9 b","HD 200133","HIP 104083","TIC 376777782","Gaia DR2 6401028668786744960","Gaia DR3 6401028668786744960",0
"DP Leo","DP Leo b",,,"TIC 903484062","Gaia DR2 3971777500966832384","Gaia DR3 3971777500966832384",1
"DS Tuc A","DS Tuc A b","HD 222259 A","HIP 116748 A","TIC 410214986","Gaia DR2 6387058411482257536","Gaia DR3 6387058411482257536",0
"EPIC 201170410","EPIC 201170410.02",,,"TIC 38116202","Gaia DR2 3786541956697428224","Gaia DR3 3786541956697681664",0
"EPIC 201238110","EPIC 201238110 b",,,"TIC 35019000","Gaia DR2 3600975145895223040","Gaia DR3 3600975145895223040",0
"EPIC 201427007","EPIC 201427007 b",,,"TIC 66664249","Gaia DR2 3698079992771142784","Gaia DR3 3698079992771142784",0
"EPIC 201497682","EPIC 201497682 b",,,"TIC 301610040","Gaia DR2 3810098271767907840","Gaia DR3 3810098271767907840",0
"EPIC 201595106","EPIC 201595106 b",,,"TIC 397052808","Gaia DR2 3701123406596146048","Gaia DR3 3701123406596146048",0
"K2-166","EPIC 201615463 c",,,"TIC 377171980","Gaia DR2 3701015375282968064","Gaia DR3 3701015375282968064",0
"K2-16","EPIC 201754305 d",,,"TIC 281886199","Gaia DR2 3897048338487064064","Gaia DR3 3897048338487064064",0
"EPIC 201757695","EPIC 201757695.02",,,"TIC 380546118",,,0
"K2-50","EPIC 201833600 c",,,"TIC 363444743","Gaia DR2 3817000078053804672","Gaia DR3 3817000078053804672",0
"EPIC 201841433","EPIC 201841433 b",,,"TIC 380583651","Gaia DR2 3909373932553827072","Gaia DR3 3909373932553827072",0
"K2-168","EPIC 205950854 c",,,"TIC 437695245","Gaia DR2 6826271727199243264","Gaia DR3 6826271727199243264",0
"EPIC 206024342","EPIC 206024342 b",,,"TIC 75266189","Gaia DR2 6839540362940861568","Gaia DR3 6839540362940861568",0
"EPIC 206024342","EPIC 206024342 c",,,"TIC 75266189","Gaia DR2 6839540362940861568","Gaia DR3 6839540362940861568",0
"EPIC 206024342","EPIC 206024342 d",,,"TIC 75266189","Gaia DR2 6839540362940861568","Gaia DR3 6839540362940861568",0
"EPIC 206032309","EPIC 206032309 b",,,"TIC 145752628","Gaia DR2 2597400855444243840","Gaia DR3 2597400855444243840",0
"EPIC 206042996","EPIC 206042996 b",,,"TIC 12785571","Gaia DR2 2600942622915012608","Gaia DR3 2600942622915012608",0
"EPIC 206042996","EPIC 206042996 c",,,"TIC 12785571","Gaia DR2 2600942622915012608","Gaia DR3 2600942622915012608",0
"EPIC 206215704","EPIC 206215704 b",,,"TIC 38355468","Gaia DR2 2615281560211505408","Gaia DR3 2615281560211505408",0
"EPIC 206317286","EPIC 206317286 b",,,"TIC 250956593","Gaia DR2 2621545958991110144","Gaia DR3 2621545958991110144",0
"EPIC 206317286","EPIC 206317286 c",,,"TIC 250956593","Gaia DR2 2621545958991110144","Gaia DR3 2621545958991110144",0
"EPIC 211822797","EPIC 211822797 b",,,"TIC 337632006","Gaia DR2 658607950370340608","Gaia DR3 658607950370340608",0
"EPIC 211945201","EPIC 211945201 b",,,"TIC 243244680","Gaia DR2 636363799347569408","Gaia DR3 636363799347569408",0
"EPIC 212297394","EPIC 212297394 b",,,"TIC 287331845","Gaia DR2 6294955311720593024","Gaia DR3 6294955311720593024",0
"EPIC 212297394","EPIC 212297394 c",,,"TIC 287331845","Gaia DR2 6294955311720593024","Gaia DR3 6294955311720593024",0
"EPIC 212424622","EPIC 212424622 b",,,"TIC 297146115","Gaia DR2 3608139421926380544","Gaia DR3 3608139421926380544",0
"EPIC 212499991","EPIC 212499991 b",,,"TIC 297146957","Gaia DR2 3610090784483619456","Gaia DR3 3610090784483619456",0
"EPIC 212587672","EPIC 212587672 b",,,"TIC 771548","Gaia DR2 3616620814104819328","Gaia DR3 3616620814104819328",0
"EPIC 212587672","EPIC 212587672 c",,,"TIC 771548","Gaia DR2 3616620814104819328","Gaia DR3 3616620814104819328",0
"EPIC 212624936","EPIC 212624936 b",,,"TIC 2764004","Gaia DR2 3614661419960402944","Gaia DR3 3614661419960402944",0
"EPIC 212624936","EPIC 212624936 c",,,"TIC 2764004","Gaia DR2 3614661419960402944","Gaia DR3 3614661419960402944",0
"EPIC 212737443","EPIC 212737443 b",,,"TIC 670036","Gaia DR2 3630680754621236096","Gaia DR3 3630680754621236096",0
"EPIC 212737443","EPIC 212737443 c",,,"TIC 670036","Gaia DR2 3630680754621236096","Gaia DR3 3630680754621236096",0
"EPIC 220492298","EPIC 220492298 b",,,"TIC 257802602","Gaia DR2 2576563907506735232","Gaia DR3 2576563907506735232",0
"K2-282","EPIC 220554210 c",,,"TIC 266030192","Gaia DR2 2580848395082660992","Gaia DR3 2580848395082660992",0
"EPIC 220674823","EPIC 220674823 b",,,"TIC 266015990","Gaia DR2 2582617711154563968","Gaia DR3 2582617711154563968",0
"EPIC 220674823","EPIC 220674823 c",,,"TIC 266015990","Gaia DR2 2582617711154563968","Gaia DR3 2582617711154563968",0
"EPIC 228836835","EPIC 228836835 b",,,"TIC 51641442","Gaia DR2 3680103286893920768","Gaia DR3 3680103286893920768",0
"EPIC 229004835","EPIC 229004835 b",,,"TIC 94924543","Gaia DR2 3694798014985230336","Gaia DR3 3694798019281730944",0
"EPIC 246851721","EPIC 246851721 b",,,"TIC 411839167","Gaia DR2 3393939026234131584","Gaia DR3 3393939030531019520",0
"EPIC 248847494","EPIC 248847494 b",,,"TIC 392876254","Gaia DR2 3882879683758393344","Gaia DR3 3882879683758393344",0
"EPIC 249893012","EPIC 249893012 b",,,"TIC 432254760","Gaia DR2 6259263137059042048","Gaia DR3 6259263137059042048",0
"EPIC 249893012","EPIC 249893012 c",,,"TIC 432254760","Gaia DR2 6259263137059042048","Gaia DR3 6259263137059042048",0
"EPIC 249893012","EPIC 249893012 d",,,"TIC 432254760","Gaia DR2 6259263137059042048","Gaia DR3 6259263137059042048",0
"FU Tau","FU Tau b",,,"TIC 58544613","Gaia DR2 149629483705467008","Gaia DR3 149629483705467008",0
"G 192-15","G 192-15 b",,,"TIC 467119250","Gaia DR2 970354749937140736","Gaia DR3 970354749937140736",0
"G 192-15","G 192-15 c",,,"TIC 467119250","Gaia DR2 970354749937140736","Gaia DR3 970354749937140736",0
"G 196-3","G 196-3 b",,,"TIC 88723334","Gaia DR2 824017070904063104","Gaia DR3 824017070904063104",0
"G 261-6","G 261-6 b",,,"TIC 420130591","Gaia DR2 2289304297045379456","Gaia DR3 2289304297045379456",0
"G 264-012","G 264-012 b",,,"TIC 322391844","Gaia DR2 2222540228723911168","Gaia DR3 2222540228723911168",0
"G 264-012","G 264-012 c",,,"TIC 322391844","Gaia DR2 2222540228723911168","Gaia DR3 2222540228723911168",0
"G 268-110","G 268-110 b",,,"TIC 471016687","Gaia DR2 2358022227591374336","Gaia DR3 2358022227591374336",0
"G 9-40","G 9-40 b",,,"TIC 203214081","Gaia DR2 684992690384102528","Gaia DR3 684992690384102528",0
"GJ 1002","GJ 1002 b",,,"TIC 176287658","Gaia DR2 2441630500517079808","Gaia DR3 2441630500517079808",0
"GJ 1002","GJ 1002 c",,,"TIC 176287658","Gaia DR2 2441630500517079808","Gaia DR3 2441630500517079808",0
"GJ 1061","GJ 1061 b",,,"TIC 79611981","Gaia DR2 4848140361962951552","Gaia DR3 4848140361962951552",0
"GJ 1061","GJ 1061 c",,,"TIC 79611981","Gaia DR2 4848140361962951552","Gaia DR3 4848140361962951552",0
"GJ 1061","GJ 1061 d",,,"TIC 79611981","Gaia DR2 4848140361962951552","Gaia DR3 4848140361962951552",0
"GJ 1132","GJ 1132 b",,,"TIC 101955023","Gaia DR2 5413438219396893568","Gaia DR3 5413438219396893568",0
"GJ 1132","GJ 1132 c",,,"TIC 101955023","Gaia DR2 5413438219396893568","Gaia DR3 5413438219396893568",0
"HD 93083","GJ 1137 c","HD 93083","HIP 52521","TIC 54237857","Gaia DR2 5450573881018549760","Gaia DR3 5450573881018549760",0
"GJ 1148","GJ 1148 b",,"HIP 57050","TIC 115869504","Gaia DR2 772430527947893632","Gaia DR3 772430527947893632",0
"GJ 1148","GJ 1148 c",,"HIP 57050","TIC 115869504","Gaia DR2 772430527947893632","Gaia DR3 772430527947893632",0
"GJ 1151","GJ 1151 c",,,"TIC 11893637","Gaia DR2 786834302079285632","Gaia DR3 786834302080370304",0
"GJ 1214","GJ 1214 b",,,"TIC 467929202","Gaia DR2 4393265392167891712","Gaia DR3 4393265392168829056",0
"GJ 1252","GJ 1252 b",,,"TIC 370133522","Gaia DR2 6468968316900356736","Gaia DR3 6468968316900356736",0
"GJ 1265","GJ 1265 b",,,"TIC 471012766","Gaia DR2 6825822095663585536","Gaia DR3 6825822095663585536",0
"GJ 1289","GJ 1289 b",,,"TIC 352593978","Gaia DR2 2879455480941956736","Gaia DR3 2879455480942629248",0
"GJ 143","GJ 143 b","HD 21749","HIP 16069","TIC 279741379","Gaia DR2 4673947174316727040","Gaia DR3 4673947174316727040",0
"GJ 15 A","GJ 15 A b","HD 1326","HIP 1475","TIC 440109725","Gaia DR2 385334230892516480","Gaia DR3 385334230892516480",0
"GJ 15 A","GJ 15 A c","HD 1326","HIP 1475","TIC 440109725","Gaia DR2 385334230892516480","Gaia DR3 385334230892516480",0
"GJ 160.2","GJ 160.2 b",,"HIP 19165","TIC 178351350","Gaia DR2 5091077112523802112","Gaia DR3 5091077112524265344",0
"GJ 163","GJ 163 b",,"HIP 19394","TIC 219221189","Gaia DR2 4780294722094459904","Gaia DR3 4780294722094459904",0
"GJ 163","GJ 163 c",,"HIP 19394","TIC 219221189","Gaia DR2 4780294722094459904","Gaia DR3 4780294722094459904",0
"GJ 163","GJ 163 d",,"HIP 19394","TIC 219221189","Gaia DR2 4780294722094459904","Gaia DR3 4780294722094459904",0
"GJ 179","GJ 179 b",,"HIP 22627","TIC 450102450","Gaia DR2 3288082758293022848","Gaia DR3 3288082758293022848",0
"GJ 180","GJ 180 b",,"HIP 22762","TIC 246902275","Gaia DR2 2979590513145784192","Gaia DR3 2979590513145784192",0
"GJ 180","GJ 180 c",,"HIP 22762","TIC 246902275","Gaia DR2 2979590513145784192","Gaia DR3 2979590513145784192",0
"GJ 180","GJ 180 d",,"HIP 22762","TIC 246902275","Gaia DR2 2979590513145784192","Gaia DR3 2979590513145784192",0
"GJ 2030","GJ 2030 b",,,"TIC 9967949","Gaia DR2 5168359139139252352","Gaia DR3 5168359139139252352",0
"GJ 2030","GJ 2030 c",,,"TIC 9967949","Gaia DR2 5168359139139252352","Gaia DR3 5168359139139252352",0
"GJ 2056","GJ 2056 b",,"HIP 34785","TIC 65406275","Gaia DR2 5617244278837970816","Gaia DR3 5617244278837970816",0
"GJ 2126","GJ 2126 b",,"HIP 83941","TIC 44082776","Gaia DR2 5977270148650362112","Gaia DR3 5977270148650362112",0
"GJ 229","GJ 229 A c","HD 42581","HIP 29295","TIC 124279525","Gaia DR2 2940856402123426176","Gaia DR3 2940856402123426176",0
"GJ 229","GJ 229 b","HD 42581","HIP 29295","TIC 124279525","Gaia DR2 2940856402123426176","Gaia DR3 2940856402123426176",0
"GJ 238","GJ 238 b",,"HIP 31300","TIC 260708537","Gaia DR2 5482827676662168832","Gaia DR3 5482827676662168832",0
"GJ 251","GJ 251 b","HD 265866","HIP 33226","TIC 68581262","Gaia DR2 939072613334579328","Gaia DR3 939072613334579328",0
"GJ 251","GJ 251 c","HD 265866","HIP 33226","TIC 68581262","Gaia DR2 939072613334579328","Gaia DR3 939072613334579328",0
"GJ 27.1","GJ 27.1 b",,"HIP 3143","TIC 80417903","Gaia DR2 4980466929964496128","Gaia DR3 4980466929965023104",0
"GJ 273","GJ 273 b",,"HIP 36208","TIC 318686860",,,0
"GJ 273","GJ 273 c",,"HIP 36208","TIC 318686860",,,0
"GJ 3021","GJ 3021 b","HD 1237","HIP 1292","TIC 290543478","Gaia DR2 4634528720388462592","Gaia DR3 4634528720388462592",0
"GJ 3082","GJ 3082 b",,"HIP 5812","TIC 206548902","Gaia DR2 4915139584039259392","Gaia DR3 4915139584039259392",0
"GJ 3090","GJ 3090 b",,"HIP 6365","TIC 262530407","Gaia DR2 4933912198893332224","Gaia DR3 4933912198895807104",0
"GJ 3090","GJ 3090 c",,"HIP 6365","TIC 262530407","Gaia DR2 4933912198893332224","Gaia DR3 4933912198895807104",0
"GJ 3138","GJ 3138 b",,"HIP 10037","TIC 632528291","Gaia DR2 5144740907820131840","Gaia DR3 5144740907820131840",0
"GJ 3138","GJ 3138 c",,"HIP 10037","TIC 632528291","Gaia DR2 5144740907820131840","Gaia DR3 5144740907820131840",0
"GJ 3138","GJ 3138 d",,"HIP 10037","TIC 632528291","Gaia DR2 5144740907820131840","Gaia DR3 5144740907820131840",0
"GJ 317","GJ 317 b",,,"TIC 118608254","Gaia DR2 5701750711020088192","Gaia DR3 5701750715316821248",0
"GJ 317","GJ 317 c",,,"TIC 118608254","Gaia DR2 5701750711020088192","Gaia DR3 5701750715316821248",0
"GJ 3222","GJ 3222 b","HD 21175","HIP 15799","TIC 160004049",,,0
"GJ 328","GJ 328 b",,"HIP 43790","TIC 265373654","Gaia DR2 577602496345490176","Gaia DR3 577602496345490176",0
"GJ 328","GJ 328 c",,"HIP 43790","TIC 265373654","Gaia DR2 577602496345490176","Gaia DR3 577602496345490176",0
"GJ 3293","GJ 3293 b",,,"TIC 178872239","Gaia DR2 4893118771316702720","Gaia DR3 4893118771316702720",0
"GJ 3293","GJ 3293 c",,,"TIC 178872239","Gaia DR2 4893118771316702720","Gaia DR3 4893118771316702720",0
"GJ 3293","GJ 3293 d",,,"TIC 178872239","Gaia DR2 4893118771316702720","Gaia DR3 4893118771316702720",0
"GJ 3293","GJ 3293 e",,,"TIC 178872239","Gaia DR2 4893118771316702720","Gaia DR3 4893118771316702720",0
"GJ 3323","GJ 3323 b",,,"TIC 43605290","Gaia DR2 3187115498866675456","Gaia DR3 3187115498866675456",0
"GJ 3323","GJ 3323 c",,,"TIC 43605290","Gaia DR2 3187115498866675456","Gaia DR3 3187115498866675456",0
"GJ 3341","GJ 3341 b",,,"TIC 77897915","Gaia DR2 4827532078086044416","Gaia DR3 4827532078086044416",0
"GJ 3378","GJ 3378 b",,,"TIC 322347050","Gaia DR2 999747822484300800","Gaia DR3 999747822484300800",0
"GJ 338 B","GJ 338 B b","HD 79211","HIP 120005","TIC 251078597","Gaia DR2 1022456104850892928","Gaia DR3 1022456104850892928",0
"GJ 341","GJ 341 b","HD 304636","HIP 45908","TIC 359271092","Gaia DR2 5299440441521812992","Gaia DR3 5299440441521812992",0
"GJ 3470","GJ 3470 b",,,"TIC 19028197","Gaia DR2 654687847820642560","Gaia DR3 654687847820642560",0
"GJ 3473","GJ 3473 b",,,"TIC 452866790","Gaia DR2 3094290054327367168","Gaia DR3 3094290054327367168",0
"GJ 3473","GJ 3473 c",,,"TIC 452866790","Gaia DR2 3094290054327367168","Gaia DR3 3094290054327367168",0
"GJ 3512","GJ 3512 b",,,"TIC 445064836","Gaia DR2 1040827088726734976","Gaia DR3 1040827088726734976",0
"GJ 3512","GJ 3512 c",,,"TIC 445064836","Gaia DR2 1040827088726734976","Gaia DR3 1040827088726734976",0
"GJ 357","GJ 357 b",,"HIP 47103","TIC 413248763","Gaia DR2 5664814198431308288","Gaia DR3 5664814198431308288",0
"GJ 357","GJ 357 c",,"HIP 47103","TIC 413248763","Gaia DR2 5664814198431308288","Gaia DR3 5664814198431308288",0
"GJ 357","GJ 357 d",,"HIP 47103","TIC 413248763","Gaia DR2 5664814198431308288","Gaia DR3 5664814198431308288",0
"GJ 3634","GJ 3634 b",,,"TIC 49064384","Gaia DR2 5452743423618768000","Gaia DR3 5452743423618768000",0
"GJ 367","GJ 367 b",,"HIP 47780","TIC 34068865","Gaia DR2 5412250540681250560","Gaia DR3 5412250540681250560",0
"GJ 367","GJ 367 c",,"HIP 47780","TIC 34068865","Gaia DR2 5412250540681250560","Gaia DR3 5412250540681250560",0
"GJ 367","GJ 367 d",,"HIP 47780","TIC 34068865","Gaia DR2 5412250540681250560","Gaia DR3 5412250540681250560",0
"GJ 3779","GJ 3779 b",,,"TIC 459826435","Gaia DR2 1446540213584440704","Gaia DR3 1446540213584440704",0
"GJ 3929","GJ 3929 b",,,"TIC 188589164","Gaia DR2 1372215976327300480","Gaia DR3 1372215976327300480",0
"GJ 3929","GJ 3929 c",,,"TIC 188589164","Gaia DR2 1372215976327300480","Gaia DR3 1372215976327300480",0
"GJ 393","GJ 393 b",,"HIP 51317","TIC 277888583","Gaia DR2 3855208897392952192","Gaia DR3 3855208897392952192",0
"GJ 3942","GJ 3942 b",,"HIP 79126","TIC 162494287","Gaia DR2 1428030622526979968","Gaia DR3 1428030622526979968",0
"GJ 3988","GJ 3988 b",,,"TIC 274626553","Gaia DR2 1412645602995521920","Gaia DR3 1412645602995521920",0
"GJ 3998","GJ 3998 b",,"HIP 84460","TIC 459558974","Gaia DR2 4540061704988054400","Gaia DR3 4540061704989418240",0
"GJ 3998","GJ 3998 c",,"HIP 84460","TIC 459558974","Gaia DR2 4540061704988054400","Gaia DR3 4540061704989418240",0
"GJ 3998","GJ 3998 d",,"HIP 84460","TIC 459558974","Gaia DR2 4540061704988054400","Gaia DR3 4540061704989418240",0
"GJ 411","GJ 411 b","HD 95735","HIP 54035","TIC 166646191",,,0
"GJ 414 A","GJ 414 A b","HD 97101","HIP 54646","TIC 9001920","Gaia DR2 732857558276385664","Gaia DR3 732857558276385664",0
"GJ 414 A","GJ 414 A c","HD 97101","HIP 54646","TIC 9001920","Gaia DR2 732857558276385664","Gaia DR3 732857558276385664",0
"GJ 422","GJ 422 b","HD 304043","HIP 55042","TIC 450545735","Gaia DR2 5339892367683264384","Gaia DR3 5339892367684811520",0
"GJ 4274","GJ 4274 b",,,"TIC 12652442","Gaia DR2 2595284016771502080","Gaia DR3 2595284016771502080",0
"GJ 4274","GJ 4274 c",,,"TIC 12652442","Gaia DR2 2595284016771502080","Gaia DR3 2595284016771502080",0
"GJ 4276","GJ 4276 b",,,"TIC 428238233","Gaia DR2 2200501793758177152","Gaia DR3 2200501793758177152",0
"GJ 433","GJ 433 b",,"HIP 56528","TIC 57654763","Gaia DR2 3478160727866058368","Gaia DR3 3478160727866058368",0
"GJ 433","GJ 433 c",,"HIP 56528","TIC 57654763","Gaia DR2 3478160727866058368","Gaia DR3 3478160727866058368",0
"GJ 433","GJ 433 d",,"HIP 56528","TIC 57654763","Gaia DR2 3478160727866058368","Gaia DR3 3478160727866058368",0
"GJ 436","GJ 436 b",,"HIP 57087","TIC 138819293","Gaia DR2 4017860992519744384","Gaia DR3 4017860992519744384",0
"GJ 463","GJ 463 b",,"HIP 60398","TIC 147670988","Gaia DR2 1584088431025057792","Gaia DR3 1584088431025057792",0
"GJ 480","GJ 480 b",,"HIP 61706","TIC 399119319","Gaia DR2 3928391218812375808","Gaia DR3 3928391218812375808",0
"GJ 486","GJ 486 b",,"HIP 62452","TIC 390651552","Gaia DR2 3735000631158990976","Gaia DR3 3735000631158990976",0
"GJ 504","GJ 504 b","HD 115383","HIP 64792","TIC 397587084","Gaia DR2 3732539683617410816","Gaia DR3 3732539683617410816",0
"GJ 508.2","GJ 508.2 b",,"HIP 65143","TIC 43133318","Gaia DR2 1472903753640492160","Gaia DR3 1472903753640492160",0
"GJ 514","GJ 514 b",,"HIP 65859","TIC 404519959","Gaia DR2 3738099879558957952","Gaia DR3 3738099879558957952",0
"GJ 536","GJ 536 b","HD 122303","HIP 68469","TIC 119147875","Gaia DR2 3657653114880309248","Gaia DR3 3657653114880309248",0
"GJ 536","GJ 536 c","HD 122303","HIP 68469","TIC 119147875","Gaia DR2 3657653114880309248","Gaia DR3 3657653114880309248",0
"GJ 581","GJ 581 b",,"HIP 74995","TIC 36853511","Gaia DR2 6322070093095493504","Gaia DR3 6322070093095493504",0
"GJ 581","GJ 581 c",,"HIP 74995","TIC 36853511","Gaia DR2 6322070093095493504","Gaia DR3 6322070093095493504",0
"GJ 581","GJ 581 e",,"HIP 74995","TIC 36853511","Gaia DR2 6322070093095493504","Gaia DR3 6322070093095493504",0
"GJ 625","GJ 625 b",,"HIP 80459","TIC 207492082","Gaia DR2 1428427236986209024","Gaia DR3 1428427236986209024",0
"GJ 649","GJ 649 b",,"HIP 83043","TIC 236743275","Gaia DR2 4572835535272064768","Gaia DR3 4572835535272627712",0
"GJ 667 C","GJ 667 C b",,,"TIC 154385809","Gaia DR2 5975663354131618304","Gaia DR3 5975663354131618304",0
"GJ 667 C","GJ 667 C c",,,"TIC 154385809","Gaia DR2 5975663354131618304","Gaia DR3 5975663354131618304",0
"GJ 667 C","GJ 667 C e",,,"TIC 154385809","Gaia DR2 5975663354131618304","Gaia DR3 5975663354131618304",0
"GJ 667 C","GJ 667 C f",,,"TIC 154385809","Gaia DR2 5975663354131618304","Gaia DR3 5975663354131618304",0
"GJ 667 C","GJ 667 C g",,,"TIC 154385809","Gaia DR2 5975663354131618304","Gaia DR3 5975663354131618304",0
"GJ 674","GJ 674 b",,"HIP 85523","TIC 218263393","Gaia DR2 5951824121022278144","Gaia DR3 5951824121022278144",0
"GJ 676 A","GJ 676 A b",,"HIP 85647","TIC 369021303","Gaia DR2 5925209583053212800","Gaia DR3 5925209583053212800",0
"GJ 676 A","GJ 676 A c",,"HIP 85647","TIC 369021303","Gaia DR2 5925209583053212800","Gaia DR3 5925209583053212800",0
"GJ 676 A","GJ 676 A d",,"HIP 85647","TIC 369021303","Gaia DR2 5925209583053212800","Gaia DR3 5925209583053212800",0
"GJ 676 A","GJ 676 A e",,"HIP 85647","TIC 369021303","Gaia DR2 5925209583053212800","Gaia DR3 5925209583053212800",0
"GJ 680","GJ 680 b",,"HIP 86057","TIC 325624908","Gaia DR2 5946986063684477056","Gaia DR3 5946986063684477056",0
"GJ 682","GJ 682 b",,"HIP 86214","TIC 16909043","Gaia DR2 5955305209191546112","Gaia DR3 5955305209191546112",0
"GJ 682","GJ 682 c",,"HIP 86214","TIC 16909043","Gaia DR2 5955305209191546112","Gaia DR3 5955305209191546112",0
"GJ 685","GJ 685 b",,"HIP 86087","TIC 219780306","Gaia DR2 1439069444391326208","Gaia DR3 1439069444391326208",0
"GJ 687","GJ 687 b",,"HIP 86162","TIC 233193964","Gaia DR2 1637645127018395776","Gaia DR3 1637645127018395776",0
"GJ 687","GJ 687 c",,"HIP 86162","TIC 233193964","Gaia DR2 1637645127018395776","Gaia DR3 1637645127018395776",0
"GJ 720 A","GJ 720 A b",,"HIP 91128","TIC 122958010","Gaia DR2 2118424350249708800","Gaia DR3 2118424350249708800",0
"GJ 724","GJ 724 b",,"HIP 91608","TIC 424934357","Gaia DR2 4105386718001211392","Gaia DR3 4105386688016878336",0
"GJ 740","GJ 740 b","HD 176029","HIP 93101","TIC 227642705","Gaia DR2 4282578724832056576","Gaia DR3 4282578724832056576",0
"GJ 806","GJ 806 b",,"HIP 102401","TIC 239332587","Gaia DR2 2070115588901082368","Gaia DR3 2070115588901082368",0
"GJ 806","GJ 806 c",,"HIP 102401","TIC 239332587","Gaia DR2 2070115588901082368","Gaia DR3 2070115588901082368",0
"GJ 832","GJ 832 b","HD 204961","HIP 106440","TIC 139754153","Gaia DR2 6562924609150908416","Gaia DR3 6562924609150908416",0
"GJ 849","GJ 849 b",,"HIP 109388","TIC 248027247","Gaia DR2 2627117287488522240","Gaia DR3 2627117287488522240",0
"GJ 849","GJ 849 c",,"HIP 109388","TIC 248027247","Gaia DR2 2627117287488522240","Gaia DR3 2627117287488522240",0
"GJ 86","GJ 86 b","HD 13445","HIP 10138","TIC 220017951","Gaia DR2 4937000898855759104","Gaia DR3 4937000898856156288",0
"GJ 876","GJ 876 b",,"HIP 113020","TIC 188580272","Gaia DR2 2603090003484152064","Gaia DR3 2603090003484152064",0
"GJ 876","GJ 876 c",,"HIP 113020","TIC 188580272","Gaia DR2 2603090003484152064","Gaia DR3 2603090003484152064",0
"GJ 876","GJ 876 d",,"HIP 113020","TIC 188580272","Gaia DR2 2603090003484152064","Gaia DR3 2603090003484152064",0
"GJ 876","GJ 876 e",,"HIP 113020","TIC 188580272","Gaia DR2 2603090003484152064","Gaia DR3 2603090003484152064",0
"GJ 887","GJ 887 b","HD 217987","HIP 114046","TIC 155315739","Gaia DR2 6553614253923452800","Gaia DR3 6553614253923452800",0
"GJ 887","GJ 887 c","HD 217987","HIP 114046","TIC 155315739","Gaia DR2 6553614253923452800","Gaia DR3 6553614253923452800",0
"GJ 887","GJ 887 d","HD 217987","HIP 114046","TIC 155315739","Gaia DR2 6553614253923452800","Gaia DR3 6553614253923452800",0
"GJ 887","GJ 887 e","HD 217987","HIP 114046","TIC 155315739","Gaia DR2 6553614253923452800","Gaia DR3 6553614253923452800",0
"GJ 896 A","GJ 896 A b",,"HIP 116132 A","TIC 247985094","Gaia DR2 2824770686019003904","Gaia DR3 2824770686019003904",0
"GJ 900 A","GJ 900 b",,"HIP 116384","TIC 422618003","Gaia DR2 2646280705713202816","Gaia DR3 2646280705713202816",0
"GJ 9066","GJ 9066 c",,,"TIC 404715018","Gaia DR2 76868614540049408","Gaia DR3 76868614540049408",0
"GJ 9404","GJ 9404 b",,"HIP 60093","TIC 328860504","Gaia DR2 4010201828880793984","Gaia DR3 4010201828880793984",0
"GJ 96","GJ 96 b",,"HIP 11048","TIC 409527090","Gaia DR2 354077348697687424","Gaia DR3 354077348697687424",0
"GJ 9689","GJ 9689 b",,"HIP 99699","TIC 87942223","Gaia DR2 1803475188714186368","Gaia DR3 1803475188714186368",0
"GJ 9714","GJ 9714 b","HD 199981","HIP 103768","TIC 92566472","Gaia DR2 6781117812601143168","Gaia DR3 6781117812601143168",0
"GJ 9773","GJ 9773 b",,"HIP 109638","TIC 468309671","Gaia DR2 2723557788822526720","Gaia DR3 2723557788822526720",0
"GJ 9827","GJ 9827 b",,"HIP 115752","TIC 301289516","Gaia DR2 2643842302456085888","Gaia DR3 2643842302456085888",0
"GJ 9827","GJ 9827 c",,"HIP 115752","TIC 301289516","Gaia DR2 2643842302456085888","Gaia DR3 2643842302456085888",0
"GJ 9827","GJ 9827 d",,"HIP 115752","TIC 301289516","Gaia DR2 2643842302456085888","Gaia DR3 2643842302456085888",0
"GPX-1","GPX-1 b",,,"TIC 245392284","Gaia DR2 457317534880081152","Gaia DR3 457317534880081152",0
"GQ Lup","GQ Lup b",,,"TIC 442623945","Gaia DR2 6011522757643074304","Gaia DR3 6011522757643074304",0
"GSC 06214-00210","GSC 06214-00210 b",,,"TIC 50175254","Gaia DR2 6244440552088537600","Gaia DR3 6244440552088537600",0
"GU Psc","GU Psc b",,,"TIC 408263079","Gaia DR2 2784120641627589760","Gaia DR3 2784120641627589760",0
"Gaia-1","Gaia-1 b",,,"TIC 11755687","Gaia DR2 3026325426682637824","Gaia DR3 3026325426682637824",0
"Gaia-2","Gaia-2 b",,,"TIC 147797743","Gaia DR2 1107980654748582144","Gaia DR3 1107980654748582144",0
"Gaia-4","Gaia-4 b",,,"TIC 166669918","Gaia DR2 1457486023639239296","Gaia DR3 1457486023639239296",0
"Gaia-5","Gaia-5 b",,,"TIC 42004825","Gaia DR2 2074815898041643520","Gaia DR3 2074815898041643520",0
"Gaia22dkvL","Gaia22dkvL b",,,,,,0
"Gaia23braL","Gaia23braL b",,,"TIC 848465592","Gaia DR2 5252141822116891648","Gaia DR3 5252141822116891648",0
"Gl 378","Gl 378 b",,"HIP 49189","TIC 252470070","Gaia DR2 823228721066990720","Gaia DR3 823228721067307392",0
"Gl 410","Gl 410 b","HD 95650","HIP 53985","TIC 97488127","Gaia DR2 3988689609004982912","Gaia DR3 3988689609004982912",0
"Gl 49","Gl 49 b",,"HIP 4872","TIC 256419669","Gaia DR2 522863309964987520","Gaia DR3 522863309964987520",0
"Gl 686","Gl 686 b",,"HIP 86287","TIC 230241767","Gaia DR2 4550763526539955712","Gaia DR3 4550763526539955712",0
"Gl 725 A","Gl 725 A b","HD 173739","HIP 91768","TIC 359676790","Gaia DR2 2154880616773521408","Gaia DR3 2154880616774131840",0
"Gl 725 B","Gl 725 B c","HD 173740","HIP 91772","TIC 392572237",,,0
"Gliese 12","Gliese 12 b",,,"TIC 52005579","Gaia DR2 2768048564768256512","Gaia DR3 2768048564768256512",0
"Gliese 48","Gliese 48 b",,"HIP 4856","TIC 379084450","Gaia DR2 533621859441169920","Gaia DR3 533621859441169920",0
"HAT-P-1","HAT-P-1 b",,,"TIC 346338552","Gaia DR2 1928431764627661440","Gaia DR3 1928431764627661440",0
"HAT-P-11","HAT-P-11 b",,"HIP 97657","TIC 28230919","Gaia DR2 2086512227851023872","Gaia DR3 2086512227851023872",0
"HAT-P-11","HAT-P-11 c",,"HIP 97657","TIC 28230919","Gaia DR2 2086512227851023872","Gaia DR3 2086512227851023872",0
"HAT-P-12","HAT-P-12 b",,,"TIC 198108326","Gaia DR2 1499514786891168640","Gaia DR3 1499514786891168640",0
"HAT-P-13","HAT-P-13 b",,,"TIC 20096620","Gaia DR2 1014520826353577088","Gaia DR3 1014520826353577088",0
"HAT-P-13","HAT-P-13 c",,,"TIC 20096620","Gaia DR2 1014520826353577088","Gaia DR3 1014520826353577088",0
"HAT-P-14","HAT-P-14 b",,,"TIC 101721385","Gaia DR2 1340497608486742400","Gaia DR3 1340497608486742400",0
"HAT-P-15","HAT-P-15 b",,,"TIC 353459965","Gaia DR2 179498266829041664","Gaia DR3 179498266829041664",0
"HAT-P-16","HAT-P-16 b",,,"TIC 191284318","Gaia DR2 381592313648387200","Gaia DR3 381592313648387200",0
"HAT-P-17","HAT-P-17 b",,,"TIC 266593143","Gaia DR2 1849786481031300608","Gaia DR3 1849786481032616960",0
"HAT-P-17","HAT-P-17 c",,,"TIC 266593143","Gaia DR2 1849786481031300608","Gaia DR3 1849786481032616960",0
"HAT-P-18","HAT-P-18 b",,,"TIC 21744120","Gaia DR2 1334573817793362560","Gaia DR3 1334573817793362560",0
"HAT-P-19","HAT-P-19 b",,,"TIC 267650535","Gaia DR2 365426679516816512","Gaia DR3 365426679516816512",0
"HAT-P-2","HAT-P-2 b","HD 147506","HIP 80076","TIC 39903405","Gaia DR2 1380825667768742144","Gaia DR3 1380825667768742144",0
"HAT-P-2","HAT-P-2 c","HD 147506","HIP 80076","TIC 39903405","Gaia DR2 1380825667768742144","Gaia DR3 1380825667768742144",0
"HAT-P-20","HAT-P-20 b",,,"TIC 26826078","Gaia DR2 869913435026514688","Gaia DR3 869913435026514688",0
"HAT-P-21","HAT-P-21 b",,,"TIC 17993892","Gaia DR2 770622651659107712","Gaia DR3 770622651659107712",0
"HAT-P-22","HAT-P-22 b","HD 233731",,"TIC 252479260","Gaia DR2 846946629987527168","Gaia DR3 846946629987527168",0
"HAT-P-23","HAT-P-23 b",,,"TIC 305243225","Gaia DR2 1808938730710633984","Gaia DR3 1808938730710633984",0
"HAT-P-24","HAT-P-24 b",,,"TIC 440777904","Gaia DR2 3167323052618369408","Gaia DR3 3167323052618369408",0
"HAT-P-25","HAT-P-25 b",,,"TIC 35022727","Gaia DR2 111322601672419712","Gaia DR3 111322601672419712",0
"HAT-P-26","HAT-P-26 b",,,"TIC 420779000","Gaia DR2 3668036348641580288","Gaia DR3 3668036348641580288",0
"HAT-P-27","HAT-P-27 b",,,"TIC 461239485","Gaia DR2 1159336403336463872","Gaia DR3 1159336403336463872",0
"HAT-P-28","HAT-P-28 b",,,"TIC 53728859","Gaia DR2 363702817083391232","Gaia DR3 363702817083391232",0
"HAT-P-29","HAT-P-29 b",,,"TIC 250707118","Gaia DR2 359058441314838528","Gaia DR3 359058441314838528",0
"HAT-P-3","HAT-P-3 b",,,"TIC 311035838","Gaia DR2 1510191594552968832","Gaia DR3 1510191594552968832",0
"HAT-P-30","HAT-P-30 b",,,"TIC 455135327","Gaia DR2 3096441729861716224","Gaia DR3 3096441729861716224",0
"HAT-P-31","HAT-P-31 b",,,"TIC 320798691","Gaia DR2 4583004815239650176","Gaia DR3 4583004815239650176",0
"HAT-P-32","HAT-P-32 b",,,"TIC 292152376","Gaia DR2 356348286886230272","Gaia DR3 356348286886230272",0
"HAT-P-33","HAT-P-33 b",,,"TIC 239154970","Gaia DR2 893550942158776832","Gaia DR3 893550942158776832",0
"HAT-P-34","HAT-P-34 b","HD 351766",,"TIC 278348461","Gaia DR2 1810218734055374720","Gaia DR3 1810218734058821632",0
"HAT-P-35","HAT-P-35 b",,,"TIC 455096220","Gaia DR2 3094733088793018240","Gaia DR3 3094733088793018240",0
"HAT-P-36","HAT-P-36 b",,,"TIC 373693175","Gaia DR2 1541532207133249920","Gaia DR3 1541532207133249920",0
"HAT-P-37","HAT-P-37 b",,,"TIC 267572272","Gaia DR2 2133946843094378752","Gaia DR3 2133946843094378752",0
"HAT-P-38","HAT-P-38 b",,,"TIC 285272237","Gaia DR2 324889227693298560","Gaia DR3 324889227693298560",0
"HAT-P-39","HAT-P-39 b",,,"TIC 14770122","Gaia DR2 3169391577586325120","Gaia DR3 3169391577586325120",0
"HAT-P-4","HAT-P-4 b",,,"TIC 138294130","Gaia DR2 1291120362349158016","Gaia DR3 1291120362349158016",0
"HAT-P-40","HAT-P-40 b",,,"TIC 199671901","Gaia DR2 1962153854973972096","Gaia DR3 1962153854973972096",0
"HAT-P-41","HAT-P-41 b",,,"TIC 398895470","Gaia DR2 4290415081653653632","Gaia DR3 4290415081653653632",0
"HAT-P-42","HAT-P-42 b",,,"TIC 270468559","Gaia DR2 583455604761166848","Gaia DR3 583455604761166848",0
"HAT-P-43","HAT-P-43 b",,,"TIC 468987719","Gaia DR2 601321985813952000","Gaia DR3 601321985813952000",0
"HAT-P-44","HAT-P-44 b",,,"TIC 168699373","Gaia DR2 1506159170017461888","Gaia DR3 1506159170017461888",0
"HAT-P-44","HAT-P-44 c",,,"TIC 168699373","Gaia DR2 1506159170017461888","Gaia DR3 1506159170017461888",0
"HAT-P-45","HAT-P-45 b",,,"TIC 167227214","Gaia DR2 4270547520706275328","Gaia DR3 4270547520706275328",0
"HAT-P-46","HAT-P-46 b",,,"TIC 104866616","Gaia DR2 4177560894633502720","Gaia DR3 4177560894633502720",0
"HAT-P-47","HAT-P-47 b",,,"TIC 73448352","Gaia DR2 131624808999798656","Gaia DR3 131624808999798656",0
"HAT-P-49","HAT-P-49 b","HD 340099",,"TIC 99224131","Gaia DR2 1835842749465226368","Gaia DR3 1835842749465226368",0
"HAT-P-5","HAT-P-5 b",,,"TIC 76419763","Gaia DR2 4606030169272920320","Gaia DR3 4606030169272920320",0
"HAT-P-50","HAT-P-50 b",,,"TIC 17746821","Gaia DR2 3151961363348862720","Gaia DR3 3151961363348862720",0
"HAT-P-51","HAT-P-51 b",,,"TIC 61205803","Gaia DR2 316706322857704960","Gaia DR3 316706322857704960",0
"HAT-P-52","HAT-P-52 b",,,"TIC 436875934","Gaia DR2 128623485853170432","Gaia DR3 128623485853170432",0
"HAT-P-53","HAT-P-53 b",,,"TIC 189380158","Gaia DR2 323386882492982144","Gaia DR3 323386882492982144",0
"HAT-P-54","HAT-P-54 b",,,"TIC 284326455","Gaia DR2 3383298227579280640","Gaia DR3 3383298227579280640",0
"HAT-P-55","HAT-P-55 b",,,"TIC 311408969","Gaia DR2 4593808272896243328","Gaia DR3 4593808272896243328",0
"HAT-P-56","HAT-P-56 b","HD 262389","HIP 32209","TIC 84339983","Gaia DR2 3385777286999240576","Gaia DR3 3385777286999240576",0
"HAT-P-57","HAT-P-57 b",,,"TIC 317520667","Gaia DR2 4483640815570090368","Gaia DR3 4483640815570090368",0
"HAT-P-58","HAT-P-58 b",,,"TIC 9443323","Gaia DR2 277493615044741376","Gaia DR3 277493615044741376",0
"HAT-P-59","HAT-P-59 b",,,"TIC 229400092","Gaia DR2 2241743203599727744","Gaia DR3 2241743203599727744",0
"HAT-P-6","HAT-P-6 b",,,"TIC 176899385","Gaia DR2 1925321658546436352","Gaia DR3 1925321658551399040",0
"HAT-P-60","HAT-P-60 b",,,"TIC 354469661","Gaia DR2 359678187913760384","Gaia DR3 359678187913760384",0
"HAT-P-61","HAT-P-61 b",,,"TIC 259506033","Gaia DR2 256580182331399296","Gaia DR3 256580182331399296",0
"HAT-P-62","HAT-P-62 b",,,"TIC 453064665","Gaia DR2 255397142179844224","Gaia DR3 255397142179844224",0
"HAT-P-63","HAT-P-63 b",,,"TIC 325670253","Gaia DR2 4474644332250439552","Gaia DR3 4474644332250439552",0
"HAT-P-64","HAT-P-64 b",,,"TIC 455036659","Gaia DR2 3279418602369232000","Gaia DR3 3279418602369232000",0
"HAT-P-65","HAT-P-65 b",,,"TIC 283419843","Gaia DR2 1757302881526250496","Gaia DR3 1757302881526250496",0
"HAT-P-66","HAT-P-66 b",,,"TIC 137881699","Gaia DR2 852608874351434752","Gaia DR3 852608874351434752",0
"HAT-P-67","HAT-P-67 b",,,"TIC 198588220","Gaia DR2 1358614983131339392","Gaia DR3 1358614983131339392",0
"HAT-P-68","HAT-P-68 b",,,"TIC 63189173","Gaia DR2 675443053940533760","Gaia DR3 675443053940533760",0
"HAT-P-69","HAT-P-69 b",,,"TIC 379929661","Gaia DR2 3080104185367102592","Gaia DR3 3080104185367102592",0
"HAT-P-7","HAT-P-7 b",,,"TIC 424865156","Gaia DR2 2129256395211984000","Gaia DR3 2129256395211984000",0
"HAT-P-70","HAT-P-70 b","HD 287325",,"TIC 399870368","Gaia DR2 3291455819447952768","Gaia DR3 3291455819447952768",0
"HAT-P-8","HAT-P-8 b",,,"TIC 188876052","Gaia DR2 1891507552824189568","Gaia DR3 1891507552826485632",0
"HAT-P-9","HAT-P-9 b",,,"TIC 371234684","Gaia DR2 898130030131443584","Gaia DR3 898130030131443584",0
"HATS-1","HATS-1 b",,,"TIC 219698950","Gaia DR2 3540018633568783488","Gaia DR3 3540018633568783488",0
"HATS-10","HATS-10 b",,,"TIC 126325985","Gaia DR2 6771939433131924096","Gaia DR3 6771939433131924096",0
"HATS-11","HATS-11 b",,,"TIC 11439959","Gaia DR2 6771149120491232768","Gaia DR3 6771149120491232768",0
"HATS-12","HATS-12 b",,,"TIC 11270200","Gaia DR2 4083840142695803520","Gaia DR3 4083840142695803520",0
"HATS-13","HATS-13 b",,,"TIC 289793076","Gaia DR2 6803000980210856704","Gaia DR3 6803000980210856704",0
"HATS-14","HATS-14 b",,,"TIC 29344935","Gaia DR2 6805149288493408640","Gaia DR3 6805149288493408640",0
"HATS-15","HATS-15 b",,,"TIC 271898990","Gaia DR2 6858088299469303168","Gaia DR3 6858088299469303168",0
"HATS-16","HATS-16 b",,,"TIC 77044471","Gaia DR2 2327000400367097984","Gaia DR3 2327000400367097984",0
"HATS-17","HATS-17 b",,,"TIC 73717937","Gaia DR2 6127982342061605120","Gaia DR3 6127982342061605120",0
"HATS-18","HATS-18 b",,,"TIC 14614418","Gaia DR2 3483636295772522880","Gaia DR3 3483636295773117440",0
"HATS-2","HATS-2 b",,,"TIC 413376180","Gaia DR2 3492502001623237888","Gaia DR3 3492502001623237888",0
"HATS-22","HATS-22 b",,,"TIC 14661418","Gaia DR2 3483606402800185728","Gaia DR3 3483606402800185728",0
"HATS-23","HATS-23 b",,,"TIC 7088246","Gaia DR2 6657994706683397504","Gaia DR3 6657994706683397504",0
"HATS-24","HATS-24 b",,,"TIC 380589029","Gaia DR2 5911182735242698496","Gaia DR3 5911182735242698496",0
"HATS-25","HATS-25 b",,,"TIC 437333618","Gaia DR2 6287125101007614080","Gaia DR3 6287125101007614080",0
"HATS-26","HATS-26 b",,,"TIC 315002523","Gaia DR2 5656896924435896832","Gaia DR3 5656896924435896832",0
"HATS-27","HATS-27 b",,,"TIC 248111245","Gaia DR2 6134228079203074176","Gaia DR3 6134228079203074176",0
"HATS-28","HATS-28 b",,,"TIC 6663331","Gaia DR2 6661242835829891584","Gaia DR3 6661242835829891584",0
"HATS-29","HATS-29 b",,,"TIC 201604954","Gaia DR2 6638230431120193280","Gaia DR3 6638230431120193280",0
"HATS-3","HATS-3 b",,,"TIC 336732616","Gaia DR2 6805886373600546176","Gaia DR3 6805886373600546176",0
"HATS-30","HATS-30 b",,,"TIC 281459670","Gaia DR2 4906145613282734208","Gaia DR3 4906145613282734208",0
"HATS-31","HATS-31 b",,,"TIC 9385460","Gaia DR2 3498553232585634816","Gaia DR3 3498553232585634816",0
"HATS-32","HATS-32 b",,,"TIC 204317710","Gaia DR2 2398227794405981568","Gaia DR3 2398227794405981568",0
"HATS-33","HATS-33 b",,,"TIC 360742636","Gaia DR2 6640975950310072960","Gaia DR3 6640975950310072960",0
"HATS-34","HATS-34 b",,,"TIC 355703913","Gaia DR2 4904523077718046720","Gaia DR3 4904523077718046720",0
"HATS-35","HATS-35 b",,,"TIC 339522221","Gaia DR2 6441034841743467776","Gaia DR3 6441034841743467776",0
"HATS-36","HATS-36 b",,,"TIC 119262291","Gaia DR2 6771542097119292928","Gaia DR3 6771542097119292928",0
"HATS-37 A","HATS-37 A b",,,"TIC 6036597","Gaia DR2 6194574671813047424","Gaia DR3 6194574671813047424",0
"HATS-38","HATS-38 b",,,"TIC 168281028","Gaia DR2 5472386851683941376","Gaia DR3 5472386851683941376",0
"HATS-39","HATS-39 b",,,"TIC 112604564","Gaia DR2 5605481703444311040","Gaia DR3 5605481703444311040",0
"HATS-4","HATS-4 b",,,"TIC 59843967","Gaia DR2 2937583121652951936","Gaia DR3 2937583121652951936",0
"HATS-40","HATS-40 b",,,"TIC 172598832","Gaia DR2 2894378838731535872","Gaia DR3 2894378838731535872",0
"HATS-41","HATS-41 b",,,"TIC 53750200","Gaia DR2 2919151080524391552","Gaia DR3 2919151080524391552",0
"HATS-42","HATS-42 b",,,"TIC 98283926","Gaia DR2 5603100779728361088","Gaia DR3 5603100779728361088",0
"HATS-43","HATS-43 b",,,"TIC 78055054","Gaia DR2 2905983466705521792","Gaia DR3 2905983466705521792",0
"HATS-44","HATS-44 b",,,"TIC 32499655","Gaia DR2 2907577758566408960","Gaia DR3 2907577758566408960",0
"HATS-45","HATS-45 b",,,"TIC 4616072","Gaia DR2 2926039005480063616","Gaia DR3 2926039005480063616",0
"HATS-46","HATS-46 b",,,"TIC 281541555","Gaia DR2 4919771654727611008","Gaia DR3 4919771654727611008",0
"HATS-47","HATS-47 b",,,"TIC 158297421","Gaia DR2 6658373007402886400","Gaia DR3 6658373007402886400",0
"HATS-48 A","HATS-48 A b",,,"TIC 201642601","Gaia DR2 6638412919991750912","Gaia DR3 6638412919991750912",0
"HATS-49","HATS-49 b",,,"TIC 281541545","Gaia DR2 4919770108539385472","Gaia DR3 4919770108539385472",0
"HATS-5","HATS-5 b",,,"TIC 139733308","Gaia DR2 4899428146994060800","Gaia DR3 4899428146994060800",0
"HATS-50","HATS-50 b",,,"TIC 301031110","Gaia DR2 6850309426503755520","Gaia DR3 6850309426503755520",0
"HATS-51","HATS-51 b",,,"TIC 53458803","Gaia DR2 5608644895310998272","Gaia DR3 5608644895310998272",0
"HATS-52","HATS-52 b",,,"TIC 19684256","Gaia DR2 5631530950664938240","Gaia DR3 5631530950664938240",0
"HATS-53","HATS-53 b",,,"TIC 157266693","Gaia DR2 3465357945752055040","Gaia DR3 3465357945752055040",0
"HATS-54","HATS-54 b",,,"TIC 363851359","Gaia DR2 6087996849371141248","Gaia DR3 6087996849371141248",0
"HATS-55","HATS-55 b",,,"TIC 114299824","Gaia DR2 5592019557950033536","Gaia DR3 5592019557950033536",0
"HATS-56","HATS-56 b",,,"TIC 272213425","Gaia DR2 6144125887172751232","Gaia DR3 6144125887169672064",0
"HATS-57","HATS-57 b",,,"TIC 178289267","Gaia DR2 5094406193214399616","Gaia DR3 5094406193214399616",0
"HATS-58 A","HATS-58 A b",,,"TIC 21113347","Gaia DR2 6128363666439822208","Gaia DR3 6128363666439822208",0
"HATS-59","HATS-59 b",,,"TIC 437261733","Gaia DR2 3538256769264276480","Gaia DR3 3538256769264276480",0
"HATS-59","HATS-59 c",,,"TIC 437261733","Gaia DR2 3538256769264276480","Gaia DR3 3538256769264276480",0
"HATS-6","HATS-6 b",,,"TIC 33521996","Gaia DR2 2966680597368750720","Gaia DR3 2966680597368750720",0
"HATS-60","HATS-60 b",,,"TIC 145750719","Gaia DR2 2596986648798061952","Gaia DR3 2596986648798061952",0
"HATS-61","HATS-61 b",,,"TIC 44745133","Gaia DR2 4890849134501995392","Gaia DR3 4890849134501995392",0
"HATS-62","HATS-62 b",,,"TIC 336732544","Gaia DR2 6806639397331208320","Gaia DR3 6806639397331208320",0
"HATS-63","HATS-63 b",,,"TIC 178879588","Gaia DR2 4891362198412001408","Gaia DR3 4891362198412001408",0
"HATS-64","HATS-64 b",,,"TIC 189625051","Gaia DR2 5632704511826797824","Gaia DR3 5632704511826797824",0
"HATS-65","HATS-65 b",,,"TIC 169504920","Gaia DR2 6766134630213144704","Gaia DR3 6766134630213144704",0
"HATS-66","HATS-66 b",,,"TIC 52689469","Gaia DR2 5582647836223843840","Gaia DR3 5582647836223843840",0
"HATS-67","HATS-67 b",,,"TIC 272212970","Gaia DR2 6144060260072337024","Gaia DR3 6144060260072337024",0
"HATS-68","HATS-68 b",,,"TIC 322307342","Gaia DR2 4904279261014267648","Gaia DR3 4904279261014267648",0
"HATS-69","HATS-69 b",,,"TIC 467971286","Gaia DR2 6445881974332225536","Gaia DR3 6445881974332225536",0
"HATS-7","HATS-7 b",,,"TIC 220029715","Gaia DR2 6288858347945925504","Gaia DR3 6288858347945925504",0
"HATS-70","HATS-70 b",,,"TIC 98545929","Gaia DR2 5605119586158973440","Gaia DR3 5605119586158973440",0
"HATS-71","HATS-71 b",,,"TIC 234523599","Gaia DR2 4710594412266148352","Gaia DR3 4710594412266148352",0
"HATS-72","HATS-72 b",,,"TIC 188570092","Gaia DR2 2594869603582993792","Gaia DR3 2594869603582993792",0
"HATS-74 A","HATS-74 A b",,,"TIC 219189765","Gaia DR2 3545653561942122368","Gaia DR3 3545653561942122368",0
"HATS-75","HATS-75 b",,,"TIC 44737596","Gaia DR2 5082914338199586560","Gaia DR3 5082914338199586560",0
"HATS-76","HATS-76 b",,,"TIC 170849515","Gaia DR2 4877426575724467456","Gaia DR3 4877426575724467456",0
"HATS-77","HATS-77 b",,,"TIC 11561667","Gaia DR2 5466556141521710592","Gaia DR3 5466556141521710592",0
"HATS-8","HATS-8 b",,,"TIC 96847781","Gaia DR2 6767008363999712512","Gaia DR3 6767008363999712512",0
"HATS-9","HATS-9 b",,,"TIC 12611594","Gaia DR2 4083159643769233408","Gaia DR3 4083159643769233408",0
"HD 100508","HD 100508 b","HD 100508","HIP 56363","TIC 280859200","Gaia DR2 5236623864770649600","Gaia DR3 5236623864770649600",0
"HD 100546","HD 100546 b","HD 100546","HIP 56379","TIC 280773136","Gaia DR2 5233604915060520576","Gaia DR3 5233604915060520576",0
"HD 100655","HD 100655 b","HD 100655","HIP 56508","TIC 156942082","Gaia DR2 3979226627820659072","Gaia DR3 3979226627820659072",0
"HD 100777","HD 100777 b","HD 100777","HIP 56572","TIC 49427341","Gaia DR2 3786035184916139136","Gaia DR3 3786035184916139136",0
"HIP 56998","HD 101581 b","HD 101581","HIP 56998","TIC 397362481","Gaia DR2 5378886891122066560","Gaia DR3 5378886891123024512",0
"HIP 56998","HD 101581 c","HD 101581","HIP 56998","TIC 397362481","Gaia DR2 5378886891122066560","Gaia DR3 5378886891123024512",0
"HD 10180","HD 10180 c","HD 10180","HIP 7599","TIC 231836962","Gaia DR2 4716158250340258944","Gaia DR3 4716158250340258944",0
"HD 10180","HD 10180 d","HD 10180","HIP 7599","TIC 231836962","Gaia DR2 4716158250340258944","Gaia DR3 4716158250340258944",0
"HD 10180","HD 10180 e","HD 10180","HIP 7599","TIC 231836962","Gaia DR2 4716158250340258944","Gaia DR3 4716158250340258944",0
"HD 10180","HD 10180 f","HD 10180","HIP 7599","TIC 231836962","Gaia DR2 4716158250340258944","Gaia DR3 4716158250340258944",0
"HD 10180","HD 10180 g","HD 10180","HIP 7599","TIC 231836962","Gaia DR2 4716158250340258944","Gaia DR3 4716158250340258944",0
"HD 10180","HD 10180 h","HD 10180","HIP 7599","TIC 231836962","Gaia DR2 4716158250340258944","Gaia DR3 4716158250340258944",0
"HD 101930","HD 101930 b","HD 101930","HIP 57172","TIC 267399515","Gaia DR2 5341787994441794176","Gaia DR3 5341787994441794176",0
"HD 102117","HD 102117 b","HD 102117","HIP 57291","TIC 267519701","Gaia DR2 5341673851394297600","Gaia DR3 5341673851394297600",0
"HD 102195","HD 102195 b","HD 102195","HIP 57370","TIC 397024052","Gaia DR2 3799626935341796096","Gaia DR3 3799626935341796096",0
"HD 102272","HD 102272 b","HD 102272","HIP 57428","TIC 82605074","Gaia DR2 3923915248709126144","Gaia DR3 3923915248709126144",0
"HD 102329","HD 102329 b","HD 102329","HIP 57467","TIC 325254372","Gaia DR2 3895948101012579456","Gaia DR3 3895948101012579456",0
"HD 102329","HD 102329 c","HD 102329","HIP 57467","TIC 325254372","Gaia DR2 3895948101012579456","Gaia DR3 3895948101012579456",0
"HD 102843","HD 102843 b","HD 102843","HIP 57735","TIC 78290210","Gaia DR2 3794501355731126016","Gaia DR3 3794501355731126016",0
"HD 102888","HD 102888 b","HD 102888","HIP 57749","TIC 397394991","Gaia DR2 3487277912642549248","Gaia DR3 3487277912642549248",0
"HD 102956","HD 102956 b","HD 102956","HIP 57820","TIC 137810576","Gaia DR2 845335158256083584","Gaia DR3 845335158256083584",0
"HD 103197","HD 103197 b","HD 103197","HIP 57931","TIC 400806831","Gaia DR2 5370827127297364480","Gaia DR3 5370827127297364480",0
"HD 103720","HD 103720 b","HD 103720","HIP 58237","TIC 96195878","Gaia DR2 3601912720075891968","Gaia DR3 3601912720075891968",0
"HD 103774","HD 103774 b","HD 103774","HIP 58263","TIC 180205814","Gaia DR2 3574907305749250432","Gaia DR3 3574907305749250432",0
"HD 103891","HD 103891 b","HD 103891","HIP 58331","TIC 183648073","Gaia DR2 3594183153331697408","Gaia DR3 3594183153334105216",0
"HD 103949","HD 103949 b","HD 103949","HIP 58374","TIC 428657118","Gaia DR2 3492633633781166336","Gaia DR3 3492633633781166336",0
"HD 104067","HD 104067 b","HD 104067","HIP 58451","TIC 428673146","Gaia DR2 3494677900774838144","Gaia DR3 3494677900774838144",0
"HD 104067","HD 104067 c","HD 104067","HIP 58451","TIC 428673146","Gaia DR2 3494677900774838144","Gaia DR3 3494677900774838144",0
"HD 10442","HD 10442 b","HD 10442",,"TIC 380908091","Gaia DR2 2560311854337920000","Gaia DR3 2560311854337920000",0
"HD 104985","HD 104985 b","HD 104985","HIP 58952","TIC 160224839","Gaia DR2 1693159194226600192","Gaia DR3 1693159194226600192",0
"HD 105618","HD 105618 b","HD 105618",,"TIC 397519199","Gaia DR2 3906803888551408000","Gaia DR3 3906803888551408000",0
"HD 105618","HD 105618 c","HD 105618",,"TIC 397519199","Gaia DR2 3906803888551408000","Gaia DR3 3906803888551408000",0
"HD 105779","HD 105779 b","HD 105779",,"TIC 347713631","Gaia DR2 3567602184853029760","Gaia DR3 3567602184853029760",0
"HD 106252","HD 106252 b","HD 106252","HIP 59610","TIC 397558558","Gaia DR2 3905603054348141440","Gaia DR3 3905603054348141440",0
"HD 106270","HD 106270 b","HD 106270","HIP 59625","TIC 176910071","Gaia DR2 3581292685166588672","Gaia DR3 3581292685166588672",0
"HD 106315","HD 106315 b","HD 106315",,"TIC 56815340","Gaia DR2 3698307419878650240","Gaia DR3 3698307419878650240",0
"HD 106315","HD 106315 c","HD 106315",,"TIC 56815340","Gaia DR2 3698307419878650240","Gaia DR3 3698307419878650240",0
"HD 10647","HD 10647 b","HD 10647","HIP 7978","TIC 229137615","Gaia DR2 4912580642524184960","Gaia DR3 4912580642524184960",0
"HD 106515 A","HD 106515 A b","HD 106515 A","HIP 59743 A","TIC 176940023","Gaia DR2 3584074376569429248","Gaia DR3 3584074376569429248",0
"HD 106906","HD 106906 b","HD 106906","HIP 59960","TIC 390472975","Gaia DR2 6072902994276659200","Gaia DR3 6072902994276659200",0
"HD 10697","HD 10697 b","HD 10697","HIP 8159","TIC 456905162","Gaia DR2 95652018353917056","Gaia DR3 95652018353917056",0
"HD 107148","HD 107148 b","HD 107148","HIP 60081","TIC 66666079","Gaia DR2 3693358861640279296","Gaia DR3 3693358861640279296",0
"HD 107148","HD 107148 c","HD 107148","HIP 60081","TIC 66666079","Gaia DR2 3693358861640279296","Gaia DR3 3693358861640279296",0
"HD 108147","HD 108147 b","HD 108147","HIP 60644","TIC 450491293","Gaia DR2 6053512007260865280","Gaia DR3 6053512007260865280",0
"HD 108202","HD 108202 b","HD 108202","HIP 60648","TIC 94924490","Gaia DR2 3694842171545206656","Gaia DR3 3694842171545206656",0
"HD 108236","HD 108236 b","HD 108236","HIP 60689","TIC 260647166","Gaia DR2 6125644402384918784","Gaia DR3 6125644402384918784",0
"HD 108236","HD 108236 c","HD 108236","HIP 60689","TIC 260647166","Gaia DR2 6125644402384918784","Gaia DR3 6125644402384918784",0
"HD 108236","HD 108236 e","HD 108236","HIP 60689","TIC 260647166","Gaia DR2 6125644402384918784","Gaia DR3 6125644402384918784",0
"HD 108236","HD 108236 f","HD 108236","HIP 60689","TIC 260647166","Gaia DR2 6125644402384918784","Gaia DR3 6125644402384918784",0
"HD 108341","HD 108341 b","HD 108341","HIP 60788","TIC 286896213","Gaia DR2 5842782219960409728","Gaia DR3 5842782219960409728",0
"HD 108863","HD 108863 b","HD 108863","HIP 61020","TIC 371621400","Gaia DR2 3952692457305436800","Gaia DR3 3952692457305436800",0
"HD 108874","HD 108874 b","HD 108874","HIP 61028","TIC 371621238","Gaia DR2 3958951942642583936","Gaia DR3 3958951942642583936",0
"HD 108874","HD 108874 c","HD 108874","HIP 61028","TIC 371621238","Gaia DR2 3958951942642583936","Gaia DR3 3958951942642583936",0
"HD 109246","HD 109246 b","HD 109246","HIP 61177","TIC 154549250","Gaia DR2 1692267077979468544","Gaia DR3 1692267077979468544",0
"HD 109271","HD 109271 b","HD 109271","HIP 61300","TIC 429301734","Gaia DR2 3578137838413202688","Gaia DR3 3578137842709899648",0
"HD 109271","HD 109271 c","HD 109271","HIP 61300","TIC 429301734","Gaia DR2 3578137838413202688","Gaia DR3 3578137842709899648",0
"HD 109286","HD 109286 b","HD 109286","HIP 61298","TIC 399087153","Gaia DR2 3902370696320119296","Gaia DR3 3902370696320119296",0
"HD 109749","HD 109749 b","HD 109749","HIP 61595 A","TIC 144289338","Gaia DR2 6147000074988843264","Gaia DR3 6147000074988843264",0
"HD 10975","HD 10975 b","HD 10975",,"TIC 28763463","Gaia DR2 343449606741529728","Gaia DR3 343449606741529728",0
"HD 109833","HD 109833 b","HD 109833","HIP 61723","TIC 360630575","Gaia DR2 5838450865699668736","Gaia DR3 5838450865699668736",0
"HD 109833","HD 109833 c","HD 109833","HIP 61723","TIC 360630575","Gaia DR2 5838450865699668736","Gaia DR3 5838450865699668736",0
"HD 109988","HD 109988 b","HD 109988",,"TIC 389315309","Gaia DR2 6160221740968692992","Gaia DR3 6160221740968692992",0
"HD 110014","HD 110014 b","HD 110014","HIP 61740","TIC 32448045","Gaia DR2 3676091134604409728","Gaia DR3 3676091134604409728",0
"HD 110067","HD 110067 b","HD 110067",,"TIC 347332255","Gaia DR2 3948424496764080640","Gaia DR3 3948424496764080640",0
"HD 110067","HD 110067 c","HD 110067",,"TIC 347332255","Gaia DR2 3948424496764080640","Gaia DR3 3948424496764080640",0
"HD 110067","HD 110067 d","HD 110067",,"TIC 347332255","Gaia DR2 3948424496764080640","Gaia DR3 3948424496764080640",0
"HD 110067","HD 110067 e","HD 110067",,"TIC 347332255","Gaia DR2 3948424496764080640","Gaia DR3 3948424496764080640",0
"HD 110067","HD 110067 f","HD 110067",,"TIC 347332255","Gaia DR2 3948424496764080640","Gaia DR3 3948424496764080640",0
"HD 110067","HD 110067 g","HD 110067",,"TIC 347332255","Gaia DR2 3948424496764080640","Gaia DR3 3948424496764080640",0
"HD 110082","HD 110082 b","HD 110082","HIP 62662","TIC 383390264","Gaia DR2 5765748511163751936","Gaia DR3 5765748511163751936",0
"HD 110113","HD 110113 b","HD 110113","HIP 61820","TIC 73228647","Gaia DR2 6133384959942131968","Gaia DR3 6133384959942131968",0
"HD 110113","HD 110113 c","HD 110113","HIP 61820","TIC 73228647","Gaia DR2 6133384959942131968","Gaia DR3 6133384959942131968",0
"HD 110537","HD 110537 b","HD 110537","HIP 62039","TIC 51739133","Gaia DR2 3681795018676501120","Gaia DR3 3681795018676501120",0
"HD 11112","HD 11112 b","HD 11112",,"TIC 115319029","Gaia DR2 4959271163279358208","Gaia DR3 4959271163279358208",0
"HD 111232","HD 111232 b","HD 111232","HIP 62534","TIC 329649885","Gaia DR2 5855730584310531200","Gaia DR3 5855730584310531200",0
"HD 111232","HD 111232 c","HD 111232","HIP 62534","TIC 329649885","Gaia DR2 5855730584310531200","Gaia DR3 5855730584310531200",0
"HD 111591","HD 111591 b","HD 111591","HIP 62653","TIC 954124944","Gaia DR2 3955257343054729984","Gaia DR3 3955257343054729984",0
"HD 111998","HD 111998 b","HD 111998","HIP 62875","TIC 53304943","Gaia DR2 3679242575447826432","Gaia DR3 3679242575447826432",0
"HD 112300","HD 112300 b","HD 112300","HIP 63090","TIC 411188061","Gaia DR2 3704342295605242112","Gaia DR3 3704342295607157120",0
"HD 112570","HD 112570 b","HD 112570","HIP 63211","TIC 137004295","Gaia DR2 1530780980575704704","Gaia DR3 1530780980576364032",0
"HD 112640","HD 112640 b","HD 112640","HIP 63203","TIC 459217467","Gaia DR2 1679187115856566528","Gaia DR3 1679187115856566528",0
"HD 113337","HD 113337 b","HD 113337","HIP 63584","TIC 142350121","Gaia DR2 1676282377934772608","Gaia DR3 1676282377934772608",0
"HD 113337","HD 113337 c","HD 113337","HIP 63584","TIC 142350121","Gaia DR2 1676282377934772608","Gaia DR3 1676282377934772608",0
"HIP 8541","HD 11343 c","HD 11343","HIP 8541","TIC 231019255","Gaia DR2 4912062772547406976","Gaia DR3 4912062772547406976",0
"HD 113538","HD 113538 b","HD 113538","HIP 63833","TIC 422214062","Gaia DR2 6080301367488384896","Gaia DR3 6080301367488384896",0
"HD 113538","HD 113538 c","HD 113538","HIP 63833","TIC 422214062","Gaia DR2 6080301367488384896","Gaia DR3 6080301367488384896",0
"HD 113996","HD 113996 b","HD 113996","HIP 64022","TIC 328997091","Gaia DR2 1460876573902016768","Gaia DR3 1460876573902483328",0
"HD 114082","HD 114082 b","HD 114082","HIP 64184","TIC 441546821","Gaia DR2 6055854551117476480","Gaia DR3 6055854551117476480",0
"HD 114386","HD 114386 b","HD 114386","HIP 64295","TIC 124306858","Gaia DR2 6166971574132849792","Gaia DR3 6166971574132849792",0
"HD 114386","HD 114386 c","HD 114386","HIP 64295","TIC 124306858","Gaia DR2 6166971574132849792","Gaia DR3 6166971574132849792",0
"HD 114729","HD 114729 b","HD 114729","HIP 64459","TIC 124401411","Gaia DR2 6180035765135232128","Gaia DR3 6180035765135232128",0
"HD 114783","HD 114783 b","HD 114783","HIP 64457","TIC 292113181","Gaia DR2 3684934540986187776","Gaia DR3 3684934540986187776",0
"HD 114783","HD 114783 c","HD 114783","HIP 64457","TIC 292113181","Gaia DR2 3684934540986187776","Gaia DR3 3684934540986187776",0
"HD 11505","HD 11505 b","HD 11505",,"TIC 328159699","Gaia DR2 2505825177666430592","Gaia DR3 2505825177666430592",0
"HD 11506","HD 11506 b","HD 11506","HIP 8770","TIC 266680498","Gaia DR2 5137855525488932864","Gaia DR3 5137855525488932864",0
"HD 11506","HD 11506 c","HD 11506","HIP 8770","TIC 266680498","Gaia DR2 5137855525488932864","Gaia DR3 5137855525488932864",0
"HD 11506","HD 11506 d","HD 11506","HIP 8770","TIC 266680498","Gaia DR2 5137855525488932864","Gaia DR3 5137855525488932864",0
"HD 115404 A","HD 115404 A b","HD 115404 A","HIP 64797 A","TIC 373765355","Gaia DR2 3936909723803146368","Gaia DR3 3936909723803146368",0
"HD 115404 A","HD 115404 A c","HD 115404 A","HIP 64797 A","TIC 373765355","Gaia DR2 3936909723803146368","Gaia DR3 3936909723803146368",0
"HD 115954","HD 115954 b","HD 115954","HIP 65042","TIC 180655149","Gaia DR2 1476407794119745536","Gaia DR3 1476407794120339328",0
"HD 116029","HD 116029 b","HD 116029","HIP 65117","TIC 305837711","Gaia DR2 1446584503287858560","Gaia DR3 1446584503287858560",0
"HD 116029","HD 116029 c","HD 116029","HIP 65117","TIC 305837711","Gaia DR2 1446584503287858560","Gaia DR3 1446584503287858560",0
"HD 117207","HD 117207 b","HD 117207","HIP 65808","TIC 405501056","Gaia DR2 6166183842771027328","Gaia DR3 6166183842771027328",0
"HD 11755","HD 11755 b","HD 11755","HIP 9242","TIC 137121812","Gaia DR2 558504529130235136","Gaia DR3 558504529130235136",0
"HD 117618","HD 117618 b","HD 117618","HIP 66047","TIC 243194645","Gaia DR2 6083860761505899904","Gaia DR3 6083860761505899904",0
"HD 118203","HD 118203 b","HD 118203","HIP 66192","TIC 286923464","Gaia DR2 1560420854826284928","Gaia DR3 1560420854826284928",0
"HD 118203","HD 118203 c","HD 118203","HIP 66192","TIC 286923464","Gaia DR2 1560420854826284928","Gaia DR3 1560420854826284928",0
"HD 11964","HD 11964 b","HD 11964","HIP 9094","TIC 24978373","Gaia DR2 2462426800883134336","Gaia DR3 2462426800883134336",0
"HD 11964","HD 11964 c","HD 11964","HIP 9094","TIC 24978373","Gaia DR2 2462426800883134336","Gaia DR3 2462426800883134336",0
"HD 11977","HD 11977 b","HD 11977","HIP 8928","TIC 232074535","Gaia DR2 4697508196671120000","Gaia DR3 4697508196671120000",0
"HD 120084","HD 120084 b","HD 120084","HIP 66903","TIC 284181945","Gaia DR2 1715055487257379968","Gaia DR3 1715055487257379968",0
"HD 121504","HD 121504 b","HD 121504","HIP 68162","TIC 208844024","Gaia DR2 5872266689452551552","Gaia DR3 5872266689455300608",0
"HD 12235","HD 12235 b","HD 12235",,"TIC 422679659","Gaia DR2 2511794495013074048","Gaia DR3 2511794495013074048",0
"HD 12235","HD 12235 c","HD 12235",,"TIC 422679659","Gaia DR2 2511794495013074048","Gaia DR3 2511794495013074048",0
"HD 122562","HD 122562 c","HD 122562",,"TIC 233435627","Gaia DR2 1247279294695842432","Gaia DR3 1247279294695975168",0
"HD 124330","HD 124330 b","HD 124330",,"TIC 441692540","Gaia DR2 1609157502297291008","Gaia DR3 1609157502297291008",0
"HD 12484","HD 12484 b","HD 12484","HIP 9519","TIC 419940916","Gaia DR2 2517585927699042944","Gaia DR3 2517585931994600448",0
"HD 125136","HD 125136 b","HD 125136","HIP 70175","TIC 401505871","Gaia DR2 5797485811232714112","Gaia DR3 5797485811232714112",0
"HD 125271","HD 125271 b","HD 125271",,"TIC 421255607","Gaia DR2 5772625505422769024","Gaia DR3 5772625505422769024",0
"HD 125390","HD 125390 b","HD 125390","HIP 69888","TIC 27354139","Gaia DR2 1484890423248544256","Gaia DR3 1484890423248544256",0
"HD 125595","HD 125595 b","HD 125595","HIP 70170","TIC 180030300","Gaia DR2 6104435819513399168","Gaia DR3 6104435819513399168",0
"HD 125612","HD 125612 b","HD 125612","HIP 70123","TIC 347909637","Gaia DR2 6296703260330865536","Gaia DR3 6296703260330865536",0
"HD 125612","HD 125612 c","HD 125612","HIP 70123","TIC 347909637","Gaia DR2 6296703260330865536","Gaia DR3 6296703260330865536",0
"HD 125612","HD 125612 d","HD 125612","HIP 70123","TIC 347909637","Gaia DR2 6296703260330865536","Gaia DR3 6296703260330865536",0
"HD 126105","HD 126105 b","HD 126105","HIP 70382","TIC 422566985","Gaia DR2 6283801900128050560","Gaia DR3 6283801900128050560",0
"HD 12648","HD 12648 b","HD 12648","HIP 10800","TIC 397288169","Gaia DR2 574577774218025600","Gaia DR3 574577774218025600",0
"HD 126525","HD 126525 b","HD 126525","HIP 70695","TIC 333459486","Gaia DR2 5898641087150340224","Gaia DR3 5898641087150340224",0
"HD 12661","HD 12661 b","HD 12661","HIP 9683","TIC 118268680","Gaia DR2 105332908999068032","Gaia DR3 105332908999068032",0
"HD 12661","HD 12661 c","HD 12661","HIP 9683","TIC 118268680","Gaia DR2 105332908999068032","Gaia DR3 105332908999068032",0
"HD 126614","HD 126614 b","HD 126614","HIP 70623","TIC 287973473","Gaia DR2 3641697998570813952","Gaia DR3 3641697998570813952",0
"HD 127195","HD 127195 b","HD 127195","HIP 71018","TIC 127725774","Gaia DR2 6091942515572349312","Gaia DR3 6091942515572349312",0
"HD 127195","HD 127195 c","HD 127195","HIP 71018","TIC 127725774","Gaia DR2 6091942515572349312","Gaia DR3 6091942515572349312",0
"HD 127506","HD 127506 b","HD 127506","HIP 70950","TIC 286992966","Gaia DR2 1480314599451475712","Gaia DR3 1480314599451475712",0
"HD 128311","HD 128311 b","HD 128311","HIP 71395","TIC 349606708","Gaia DR2 1176209886733406592","Gaia DR3 1176209886733406592",0
"HD 128311","HD 128311 c","HD 128311","HIP 71395","TIC 349606708","Gaia DR2 1176209886733406592","Gaia DR3 1176209886733406592",0
"HD 128356","HD 128356 b","HD 128356","HIP 71481","TIC 1056530200","Gaia DR2 6223838830917236224","Gaia DR3 6223838830917236224",0
"HD 128717","HD 128717 b","HD 128717","HIP 71425","TIC 298163592","Gaia DR2 1610837178107032192","Gaia DR3 1610837178107032192",0
"HD 129445","HD 129445 b","HD 129445","HIP 72203","TIC 258186667","Gaia DR2 5800013451037514496","Gaia DR3 5800013451037514496",0
"HD 130322","HD 130322 b","HD 130322","HIP 72339","TIC 189694184","Gaia DR2 3650718804281798912","Gaia DR3 3650718804281798912",0
"HD 131496","HD 131496 b","HD 131496","HIP 72845","TIC 267365022","Gaia DR2 1236429004715336576","Gaia DR3 1236429004715336576",0
"HD 13167","HD 13167 b","HD 13167","HIP 9960","TIC 72638232","Gaia DR2 5121479777262042112","Gaia DR3 5121479777262042112",0
"HD 13189","HD 13189 b","HD 13189","HIP 10085","TIC 63564248","Gaia DR2 325494788018024576","Gaia DR3 325494788018024576",0
"HD 132406","HD 132406 b","HD 132406","HIP 73146","TIC 309808219","Gaia DR2 1594127865540229888","Gaia DR3 1594127865540229888",0
"HD 132563","HD 132563 b","HD 132563","HIP 73261 A","TIC 284680749","Gaia DR2 1585765117538284800","Gaia DR3 1585765117538284800",0
"HD 133131 A","HD 133131 A b","HD 133131 A","HIP 73674 A","TIC 440955228","Gaia DR2 6224633983987510528","Gaia DR3 6224633983987510528",0
"HD 133131 A","HD 133131 A c","HD 133131 A","HIP 73674 A","TIC 440955228","Gaia DR2 6224633983987510528","Gaia DR3 6224633983987510528",0
"HD 133131 B","HD 133131 B b","HD 133131 B","HIP 73674 B","TIC 440955225","Gaia DR2 6224633983987511552","Gaia DR3 6224633983987511552",0
"HD 134060","HD 134060 b","HD 134060","HIP 74273","TIC 454901855","Gaia DR2 5876112300125320448","Gaia DR3 5876112300125320448",0
"HD 134060","HD 134060 c","HD 134060","HIP 74273","TIC 454901855","Gaia DR2 5876112300125320448","Gaia DR3 5876112300125320448",0
"HD 134606","HD 134606 b","HD 134606","HIP 74653","TIC 262457542","Gaia DR2 5798962867668048768","Gaia DR3 5798962867668048768",0
"HD 134606","HD 134606 c","HD 134606","HIP 74653","TIC 262457542","Gaia DR2 5798962867668048768","Gaia DR3 5798962867668048768",0
"HD 134606","HD 134606 d","HD 134606","HIP 74653","TIC 262457542","Gaia DR2 5798962867668048768","Gaia DR3 5798962867668048768",0
"HD 134606","HD 134606 e","HD 134606","HIP 74653","TIC 262457542","Gaia DR2 5798962867668048768","Gaia DR3 5798962867668048768",0
"HD 134606","HD 134606 f","HD 134606","HIP 74653","TIC 262457542","Gaia DR2 5798962867668048768","Gaia DR3 5798962867668048768",0
"HD 134987","HD 134987 b","HD 134987","HIP 74500","TIC 61397572","Gaia DR2 6226694571859532800","Gaia DR3 6226694571859532800",0
"HD 134987","HD 134987 c","HD 134987","HIP 74500","TIC 61397572","Gaia DR2 6226694571859532800","Gaia DR3 6226694571859532800",0
"HD 135344 A","HD 135344 A b","HD 135344 A",,"TIC 307606851","Gaia DR2 6199395656645840384","Gaia DR3 6199395656645840384",0
"HD 135625","HD 135625 b","HD 135625","HIP 74856","TIC 143713715","Gaia DR2 6000000322464144896","Gaia DR3 6000000322464144896",0
"HD 135694","HD 135694 b","HD 135694","HIP 74326","TIC 232540264","Gaia DR2 1696831425624356480","Gaia DR3 1696831425624356480",0
"HD 135872","HD 135872 b","HD 135872",,"TIC 38948719","Gaia DR2 6334990316794611200","Gaia DR3 6334990316794611200",0
"HD 136118","HD 136118 b","HD 136118","HIP 74948","TIC 38991680","Gaia DR2 4415515934099120768","Gaia DR3 4415515934099120768",0
"HD 136352","HD 136352 b","HD 136352","HIP 75181","TIC 136916387","Gaia DR2 5902750168276592256","Gaia DR3 5902750168276592256",0
"HD 136352","HD 136352 c","HD 136352","HIP 75181","TIC 136916387","Gaia DR2 5902750168276592256","Gaia DR3 5902750168276592256",0
"HD 136352","HD 136352 d","HD 136352","HIP 75181","TIC 136916387","Gaia DR2 5902750168276592256","Gaia DR3 5902750168276592256",0
"HD 136418","HD 136418 b","HD 136418","HIP 74961","TIC 1101862696","Gaia DR2 1392396172224832896","Gaia DR3 1392396172224832896",0
"HD 136925","HD 136925 b","HD 136925","HIP 75281","TIC 400015692","Gaia DR2 1170797781264303616","Gaia DR3 1170797781264303616",0
"HD 13724","HD 13724 c","HD 13724",,"TIC 7244844","Gaia DR2 4942867480584948352","Gaia DR3 4942867480584948352",0
"HD 137388","HD 137388 b","HD 137388","HIP 76351","TIC 407090552","Gaia DR2 5778418870846853888","Gaia DR3 5778418870846853888",0
"HD 137496","HD 137496 b","HD 137496",,"TIC 346250894","Gaia DR2 6258810550587404672","Gaia DR3 6258810550587404672",0
"HD 137496","HD 137496 c","HD 137496",,"TIC 346250894","Gaia DR2 6258810550587404672","Gaia DR3 6258810550587404672",0
"HD 13808","HD 13808 b","HD 13808","HIP 10301","TIC 220022156","Gaia DR2 4743692151804240896","Gaia DR3 4743692151804240896",0
"HD 13808","HD 13808 c","HD 13808","HIP 10301","TIC 220022156","Gaia DR2 4743692151804240896","Gaia DR3 4743692151804240896",0
"HD 13908","HD 13908 b","HD 13908","HIP 10743","TIC 12906712","Gaia DR2 515574853541230720","Gaia DR3 515574853541230720",0
"HD 13908","HD 13908 c","HD 13908","HIP 10743","TIC 12906712","Gaia DR2 515574853541230720","Gaia DR3 515574853541230720",0
"HD 13931","HD 13931 b","HD 13931","HIP 10626","TIC 292851928","Gaia DR2 351537889154226816","Gaia DR3 351537889154226816",0
"HD 139357","HD 139357 b","HD 139357","HIP 76311","TIC 224312054","Gaia DR2 1597757387783227008","Gaia DR3 1597757387783227008",0
"HD 1397","HD 1397 b","HD 1397","HIP 1419","TIC 394137592","Gaia DR2 4707634458245031552","Gaia DR3 4707634458245031552",0
"HD 14067","HD 14067 b","HD 14067","HIP 10657","TIC 246937460","Gaia DR2 101040381244467968","Gaia DR3 101040381244467968",0
"HD 140901","HD 140901 b","HD 140901","HIP 77358","TIC 179348425","Gaia DR2 6009538585839374336","Gaia DR3 6009538585839374336",0
"HD 140901","HD 140901 c","HD 140901","HIP 77358","TIC 179348425","Gaia DR2 6009538585839374336","Gaia DR3 6009538585839374336",0
"HD 141004","HD 141004 b","HD 141004","HIP 77257","TIC 296740796","Gaia DR2 4430238051199001216","Gaia DR3 4430238051199001216",0
"HD 141399","HD 141399 b","HD 141399","HIP 77301","TIC 156067565","Gaia DR2 1398218223733415552","Gaia DR3 1398218223733415552",0
"HD 141399","HD 141399 c","HD 141399","HIP 77301","TIC 156067565","Gaia DR2 1398218223733415552","Gaia DR3 1398218223733415552",0
"HD 141399","HD 141399 d","HD 141399","HIP 77301","TIC 156067565","Gaia DR2 1398218223733415552","Gaia DR3 1398218223733415552",0
"HD 141399","HD 141399 e","HD 141399","HIP 77301","TIC 156067565","Gaia DR2 1398218223733415552","Gaia DR3 1398218223733415552",0
"HD 141937","HD 141937 b","HD 141937","HIP 77740","TIC 437430894","Gaia DR2 6248534171318085376","Gaia DR3 6248534171318085376",0
"HD 142","HD 142 A d","HD 142","HIP 522","TIC 389757979","Gaia DR2 4976894960284258048","Gaia DR3 4976894960284258048",0
"HD 142","HD 142 b","HD 142","HIP 522","TIC 389757979","Gaia DR2 4976894960284258048","Gaia DR3 4976894960284258048",0
"HD 142","HD 142 c","HD 142","HIP 522","TIC 389757979","Gaia DR2 4976894960284258048","Gaia DR3 4976894960284258048",0
"HD 142022 A","HD 142022 A b","HD 142022 A","HIP 79242","TIC 290493086","Gaia DR2 5768159705804908800","Gaia DR3 5768159705804908800",0
"HD 142245","HD 142245 b","HD 142245","HIP 77783","TIC 172607132","Gaia DR2 1193193836691820032","Gaia DR3 1193193836691820032",0
"HD 142415","HD 142415 b","HD 142415","HIP 78169","TIC 342041655","Gaia DR2 5833117718964892928","Gaia DR3 5833117718964892928",0
"HD 143105","HD 143105 b","HD 143105","HIP 77838","TIC 272783172","Gaia DR2 1646538011423566464","Gaia DR3 1646538011423566464",0
"HD 143361","HD 143361 b","HD 143361","HIP 78521","TIC 255480497","Gaia DR2 5991331601015519104","Gaia DR3 5991331601015519104",0
"HD 143811 A","HD 143811 AB b","HD 143811 A","HIP 78663","TIC 93869857","Gaia DR2 6040105283968486144","Gaia DR3 6040105283968486144",1
"HD 144899","HD 144899 b","HD 144899",,"TIC 215687919","Gaia DR2 5984023937500025344","Gaia DR3 5984023937500025344",0
"HD 145377","HD 145377 b","HD 145377","HIP 79346","TIC 68165288","Gaia DR2 6042491773948918656","Gaia DR3 6042491773948918656",0
"HD 145457","HD 145457 b","HD 145457","HIP 79219","TIC 236339228","Gaia DR2 1315900158983769472","Gaia DR3 1315900158983769472",0
"14 Her","HD 145675 c","HD 145675","HIP 79248","TIC 219483057","Gaia DR2 1385293808145621504","Gaia DR3 1385293808145621504",0
"HD 145934","HD 145934 b","HD 145934",,"TIC 119974993","Gaia DR2 4463442512084825728","Gaia DR3 4463442512084825728",0
"HD 1461","HD 1461 b","HD 1461","HIP 1499","TIC 37748347","Gaia DR2 2430102808294101760","Gaia DR3 2430102808294101760",0
"HD 1461","HD 1461 c","HD 1461","HIP 1499","TIC 37748347","Gaia DR2 2430102808294101760","Gaia DR3 2430102808294101760",0
"HD 147018","HD 147018 b","HD 147018","HIP 80250","TIC 350083732","Gaia DR2 5831054382288870912","Gaia DR3 5831054382288870912",0
"HD 147018","HD 147018 c","HD 147018","HIP 80250","TIC 350083732","Gaia DR2 5831054382288870912","Gaia DR3 5831054382288870912",0
"HD 147379","HD 147379 b","HD 147379","HIP 79755","TIC 230073581","Gaia DR2 1642641410934267008","Gaia DR3 1642641410934267008",0
"HD 147513","HD 147513 b","HD 147513","HIP 80337","TIC 350673608","Gaia DR2 6018047019138644480","Gaia DR3 6018047019138644480",0
"HD 14787","HD 14787 b","HD 14787","HIP 11130","TIC 380966347","Gaia DR2 24570756281835392","Gaia DR3 24570756281835392",0
"HD 147873","HD 147873 b","HD 147873","HIP 80486","TIC 211080657","Gaia DR2 6024733935303422208","Gaia DR3 6024733935303422208",0
"HD 147873","HD 147873 c","HD 147873","HIP 80486","TIC 211080657","Gaia DR2 6024733935303422208","Gaia DR3 6024733935303422208",0
"HD 148156","HD 148156 b","HD 148156","HIP 80680","TIC 225317852","Gaia DR2 5942178414758660864","Gaia DR3 5942178414758660864",0
"HD 148164","HD 148164 b","HD 148164","HIP 80484","TIC 323319664","Gaia DR2 4459907547841472128","Gaia DR3 4459907547841472128",0
"HD 148164","HD 148164 c","HD 148164","HIP 80484","TIC 323319664","Gaia DR2 4459907547841472128","Gaia DR3 4459907547841472128",0
"HD 148427","HD 148427 b","HD 148427","HIP 80687","TIC 413853880","Gaia DR2 4330532859324207360","Gaia DR3 4330532859324207360",0
"HD 148797","HD 148797 b","HD 148797",,"TIC 221567884","Gaia DR2 5928516226857454464","Gaia DR3 5928516226857454464",0
"HD 148797","HD 148797 c","HD 148797",,"TIC 221567884","Gaia DR2 5928516226857454464","Gaia DR3 5928516226857454464",0
"HD 149026","HD 149026 b","HD 149026","HIP 80838","TIC 255930614","Gaia DR2 1331356474971716992","Gaia DR3 1331356474971716992",0
"HD 149143","HD 149143 b","HD 149143","HIP 81022","TIC 281520119","Gaia DR2 4432401099808805888","Gaia DR3 4432401099808805888",0
"HD 149806","HD 149806 b","HD 149806","HIP 81375","TIC 281738302","Gaia DR2 4383374219923745024","Gaia DR3 4383374219923745024",0
"HD 150010","HD 150010 b","HD 150010",,"TIC 233008631","Gaia DR2 1654516686269888896","Gaia DR3 1654516686269888896",0
"HD 1502","HD 1502 b","HD 1502","HIP 1547","TIC 303193565","Gaia DR2 2768172019308167296","Gaia DR3 2768172019308167296",0
"HD 150706","HD 150706 b","HD 150706","HIP 80902","TIC 159511543","Gaia DR2 1709456705329541504","Gaia DR3 1709456705329541504",0
"HD 151450","HD 151450 b","HD 151450",,"TIC 12514017","Gaia DR2 4134094524223600640","Gaia DR3 4134094524223600640",0
"HD 151450","HD 151450 c","HD 151450",,"TIC 12514017","Gaia DR2 4134094524223600640","Gaia DR3 4134094524223600640",0
"HD 152079","HD 152079 b","HD 152079","HIP 82632","TIC 246835467","Gaia DR2 5939949051801737472","Gaia DR3 5939949051801737472",0
"HD 152581","HD 152581 b","HD 152581","HIP 82651","TIC 353181458","Gaia DR2 4448227641977175296","Gaia DR3 4448227641977175296",0
"HD 152843","HD 152843 b","HD 152843",,"TIC 349488688","Gaia DR2 4564566554995619072","Gaia DR3 4564566554995619072",0
"HD 152843","HD 152843 c","HD 152843",,"TIC 349488688","Gaia DR2 4564566554995619072","Gaia DR3 4564566554995619072",0
"HD 15337","HD 15337 b","HD 15337","HIP 11433","TIC 120896927","Gaia DR2 5068777809824976256","Gaia DR3 5068777809824976256",0
"HD 15337","HD 15337 c","HD 15337","HIP 11433","TIC 120896927","Gaia DR2 5068777809824976256","Gaia DR3 5068777809824976256",0
"HD 153557","HD 153557 b","HD 153557","HIP 83020 A","TIC 115582979","Gaia DR2 1408029509584967168","Gaia DR3 1408029509584967168",0
"HD 153557","HD 153557 c","HD 153557","HIP 83020 A","TIC 115582979","Gaia DR2 1408029509584967168","Gaia DR3 1408029509584967168",0
"HD 153557","HD 153557 d","HD 153557","HIP 83020 A","TIC 115582979","Gaia DR2 1408029509584967168","Gaia DR3 1408029509584967168",0
"HD 153950","HD 153950 b","HD 153950","HIP 83547","TIC 124165580","Gaia DR2 5965406010180880640","Gaia DR3 5965406010180880640",0
"HD 154088","HD 154088 b","HD 154088","HIP 83541","TIC 20856917","Gaia DR2 6029992663310612096","Gaia DR3 6029992663310612096",0
"HD 154345","HD 154345 b","HD 154345","HIP 83389","TIC 198562505","Gaia DR2 1359938520253565952","Gaia DR3 1359938520253565952",0
"HD 154391","HD 154391 b","HD 154391","HIP 83289","TIC 424731682","Gaia DR2 1438038102484626048","Gaia DR3 1438038102484626048",0
"HD 154672","HD 154672 b","HD 154672","HIP 83983","TIC 380086262","Gaia DR2 5917231492323978880","Gaia DR3 5917231492323978880",0
"HD 154857","HD 154857 b","HD 154857","HIP 84069","TIC 173552927","Gaia DR2 5917212800626605824","Gaia DR3 5917212800626605824",0
"HD 154857","HD 154857 c","HD 154857","HIP 84069","TIC 173552927","Gaia DR2 5917212800626605824","Gaia DR3 5917212800626605824",0
"HD 155193","HD 155193 b","HD 155193",,"TIC 447842929","Gaia DR2 4443815297524544000","Gaia DR3 4443815297524544000",0
"HD 155358","HD 155358 b","HD 155358","HIP 83949","TIC 21897561","Gaia DR2 1334643739861016832","Gaia DR3 1334643739861016832",0
"HD 155358","HD 155358 c","HD 155358","HIP 83949","TIC 21897561","Gaia DR2 1334643739861016832","Gaia DR3 1334643739861016832",0
"HD 155918","HD 155918 b","HD 155918","HIP 84988","TIC 311649327","Gaia DR2 5801950515627094400","Gaia DR3 5801950515627094400",0
"HD 155918","HD 155918 c","HD 155918","HIP 84988","TIC 311649327","Gaia DR2 5801950515627094400","Gaia DR3 5801950515627094400",0
"HD 156098","HD 156098 b","HD 156098",,"TIC 152449405","Gaia DR2 5979460655025099776","Gaia DR3 5979460655025099776",0
"HD 156098","HD 156098 c","HD 156098",,"TIC 152449405","Gaia DR2 5979460655025099776","Gaia DR3 5979460655025099776",0
"HD 156279","HD 156279 b","HD 156279","HIP 84171","TIC 232606278","Gaia DR2 1631084478574318976","Gaia DR3 1631084478574318976",0
"HD 156279","HD 156279 c","HD 156279","HIP 84171","TIC 232606278","Gaia DR2 1631084478574318976","Gaia DR3 1631084478574318976",0
"HD 156411","HD 156411 b","HD 156411","HIP 84787","TIC 412409409","Gaia DR2 5950535424666050304","Gaia DR3 5950535424666050304",0
"HD 156668","HD 156668 b","HD 156668","HIP 84607","TIC 257715493","Gaia DR2 4575374857376398976","Gaia DR3 4575374857376398976",0
"HD 156668","HD 156668 c","HD 156668","HIP 84607","TIC 257715493","Gaia DR2 4575374857376398976","Gaia DR3 4575374857376398976",0
"HD 156846","HD 156846 b","HD 156846","HIP 84856","TIC 75673519","Gaia DR2 4122343906051101184","Gaia DR3 4122343906051101184",0
"HD 158038","HD 158038 b","HD 158038","HIP 85294","TIC 313709116","Gaia DR2 4574156834713113600","Gaia DR3 4574156834713113600",0
"HD 158259","HD 158259 b","HD 158259","HIP 85268","TIC 188768068","Gaia DR2 1416050859226670848","Gaia DR3 1416050859226670848",0
"HD 158259","HD 158259 c","HD 158259","HIP 85268","TIC 188768068","Gaia DR2 1416050859226670848","Gaia DR3 1416050859226670848",0
"HD 158259","HD 158259 d","HD 158259","HIP 85268","TIC 188768068","Gaia DR2 1416050859226670848","Gaia DR3 1416050859226670848",0
"HD 158259","HD 158259 e","HD 158259","HIP 85268","TIC 188768068","Gaia DR2 1416050859226670848","Gaia DR3 1416050859226670848",0
"HD 158259","HD 158259 f","HD 158259","HIP 85268","TIC 188768068","Gaia DR2 1416050859226670848","Gaia DR3 1416050859226670848",0
"HD 158996","HD 158996 b","HD 158996","HIP 84769","TIC 288268410","Gaia DR2 1709691004385812864","Gaia DR3 1709691004385812864",0
"HD 15906","HD 15906 b","HD 15906",,"TIC 4646810","Gaia DR2 5175239363214344960","Gaia DR3 5175239363214344960",0
"HD 15906","HD 15906 c","HD 15906",,"TIC 4646810","Gaia DR2 5175239363214344960","Gaia DR3 5175239363214344960",0
"HD 159243","HD 159243 b","HD 159243","HIP 85911","TIC 348652846","Gaia DR2 4485937214320449280","Gaia DR3 4485937214320449280",0
"HD 159243","HD 159243 c","HD 159243","HIP 85911","TIC 348652846","Gaia DR2 4485937214320449280","Gaia DR3 4485937214320449280",0
"HD 159868","HD 159868 b","HD 159868","HIP 86375","TIC 248320609","Gaia DR2 5955841736510622208","Gaia DR3 5955841736510622208",0
"HD 159868","HD 159868 c","HD 159868","HIP 86375","TIC 248320609","Gaia DR2 5955841736510622208","Gaia DR3 5955841736510622208",0
"HD 1605","HD 1605 b","HD 1605","HIP 1640","TIC 57983992","Gaia DR2 2862328869351558272","Gaia DR3 2862328869351558272",0
"HD 1605","HD 1605 c","HD 1605","HIP 1640","TIC 57983992","Gaia DR2 2862328869351558272","Gaia DR3 2862328869351558272",0
"HD 160691","HD 160691 b","HD 160691","HIP 86796","TIC 362661163","Gaia DR2 5945941905576552064","Gaia DR3 5945941905576552064",0
"HD 160691","HD 160691 c","HD 160691","HIP 86796","TIC 362661163","Gaia DR2 5945941905576552064","Gaia DR3 5945941905576552064",0
"HD 160691","HD 160691 d","HD 160691","HIP 86796","TIC 362661163","Gaia DR2 5945941905576552064","Gaia DR3 5945941905576552064",0
"HD 160691","HD 160691 e","HD 160691","HIP 86796","TIC 362661163","Gaia DR2 5945941905576552064","Gaia DR3 5945941905576552064",0
"HD 161178","HD 161178 b","HD 161178",,"TIC 441797545","Gaia DR2 1651497186822868224","Gaia DR3 1651497186822868224",0
"HD 16141","HD 16141 b","HD 16141","HIP 12048","TIC 251109533","Gaia DR2 2495335115182966016","Gaia DR3 2495335115182966016",0
"HD 16175","HD 16175 b","HD 16175","HIP 12191","TIC 422922274","Gaia DR2 340028235795364864","Gaia DR3 340028235795364864",0
"HD 162020","HD 162020 b","HD 162020","HIP 87330","TIC 367987991","Gaia DR2 5957920668132624256","Gaia DR3 5957920668132624256",0
"HD 163607","HD 163607 b","HD 163607","HIP 87601","TIC 232620788","Gaia DR2 1418519292895059840","Gaia DR3 1418519292895059840",0
"HD 163607","HD 163607 c","HD 163607","HIP 87601","TIC 232620788","Gaia DR2 1418519292895059840","Gaia DR3 1418519292895059840",0
"HD 16417","HD 16417 b","HD 16417","HIP 12186","TIC 122555698","Gaia DR2 5062172841616745856","Gaia DR3 5062172841616745856",0
"HD 164509","HD 164509 b","HD 164509","HIP 88268","TIC 382764222","Gaia DR2 4275421969292868224","Gaia DR3 4275421969292868224",0
"HD 164595","HD 164595 b","HD 164595","HIP 88194","TIC 158917706","Gaia DR2 4584639307993378432","Gaia DR3 4584639307993378432",0
"HD 164604","HD 164604 b","HD 164604","HIP 88414","TIC 406317882","Gaia DR2 4062446910648807168","Gaia DR3 4062446910648807168",0
"HD 164604","HD 164604 c","HD 164604","HIP 88414","TIC 406317882","Gaia DR2 4062446910648807168","Gaia DR3 4062446910648807168",0
"HD 164922","HD 164922 b","HD 164922","HIP 88348","TIC 159019691","Gaia DR2 4582680493669880704","Gaia DR3 4582680493669880704",0
"HD 164922","HD 164922 c","HD 164922","HIP 88348","TIC 159019691","Gaia DR2 4582680493669880704","Gaia DR3 4582680493669880704",0
"HD 164922","HD 164922 d","HD 164922","HIP 88348","TIC 159019691","Gaia DR2 4582680493669880704","Gaia DR3 4582680493669880704",0
"HD 164922","HD 164922 e","HD 164922","HIP 88348","TIC 159019691","Gaia DR2 4582680493669880704","Gaia DR3 4582680493669880704",0
"HD 165131","HD 165131 b","HD 165131","HIP 88595","TIC 105138916","Gaia DR2 4070009007975710464","Gaia DR3 4070009007975710464",0
"HD 165155","HD 165155 b","HD 165155","HIP 88650","TIC 408229533","Gaia DR2 4050284898932499072","Gaia DR3 4050284898932499072",0
"HD 1666","HD 1666 b","HD 1666","HIP 1666","TIC 211439561","Gaia DR2 2362099457224379136","Gaia DR3 2362099457224379136",0
"HD 166724","HD 166724 b","HD 166724","HIP 89354","TIC 87989721","Gaia DR2 6724520279784564864","Gaia DR3 6724520279784564864",0
"HD 167042","HD 167042 b","HD 167042","HIP 89047","TIC 353988778","Gaia DR2 2149564787289902848","Gaia DR3 2149564787289902848",0
"HD 16760","HD 16760 b","HD 16760","HIP 12638","TIC 433140046","Gaia DR2 334156706263100416","Gaia DR3 334156706263100416",0
"HD 167677","HD 167677 b","HD 167677","HIP 89583","TIC 13894108","Gaia DR2 4153949058525858048","Gaia DR3 4153949058525858048",0
"HD 167768","HD 167768 b","HD 167768",,"TIC 2382387","Gaia DR2 4270573397890617856","Gaia DR3 4270573397890617856",0
"HD 168009","HD 168009 b","HD 168009","HIP 89474","TIC 416117806","Gaia DR2 2115351387048328832","Gaia DR3 2115351387048328832",0
"HD 168443","HD 168443 b","HD 168443","HIP 89844","TIC 16465196","Gaia DR2 4157584215800708736","Gaia DR3 4157584215800708736",0
"HD 168443","HD 168443 c","HD 168443","HIP 89844","TIC 16465196","Gaia DR2 4157584215800708736","Gaia DR3 4157584215800708736",0
"HD 168746","HD 168746 b","HD 168746","HIP 90004","TIC 18097734","Gaia DR2 4153637759337630720","Gaia DR3 4153637759337630720",0
"HD 168863","HD 168863 b","HD 168863","HIP 90055","TIC 167730892","Gaia DR2 4096449891854565760","Gaia DR3 4096449891854565760",0
"HD 1690","HD 1690 b","HD 1690","HIP 1692","TIC 37763102","Gaia DR2 2430036837596487424","Gaia DR3 2430036837596487424",0
"HD 16905","HD 16905 b","HD 16905","HIP 12436","TIC 358070171","Gaia DR2 4724771790072689664","Gaia DR3 4724771790072689664",0
"HD 169142","HD 169142 b","HD 169142",,"TIC 51077087","Gaia DR2 4048015133392824064","Gaia DR3 4048015133392824064",0
"HD 169830","HD 169830 b","HD 169830","HIP 90485","TIC 53134037","Gaia DR2 4048037707717866880","Gaia DR3 4048037707717866880",0
"HD 169830","HD 169830 c","HD 169830","HIP 90485","TIC 53134037","Gaia DR2 4048037707717866880","Gaia DR3 4048037707717866880",0
"HD 170469","HD 170469 b","HD 170469","HIP 90593","TIC 320362897","Gaia DR2 4484013343859055744","Gaia DR3 4484013343859055744",0
"HD 17092","HD 17092 b","HD 17092",,"TIC 302317605","Gaia DR2 438865809918353280","Gaia DR3 438865809918353280",0
"HD 171028","HD 171028 b","HD 171028",,"TIC 321030607","Gaia DR2 4477318138371083008","Gaia DR3 4477318138371083008",0
"HD 171238","HD 171238 b","HD 171238","HIP 91085","TIC 228217280","Gaia DR2 4048636941542753152","Gaia DR3 4048636941542753152",0
"HD 17156","HD 17156 b","HD 17156","HIP 13192","TIC 302773669","Gaia DR2 545560867790611072","Gaia DR3 545560867790611072",0
"HD 173416","HD 173416 b","HD 173416","HIP 91852","TIC 157951225","Gaia DR2 2096524140211914368","Gaia DR3 2096524140211914368",0
"HD 174205","HD 174205 b","HD 174205",,"TIC 229752137","Gaia DR2 2265446887586501120","Gaia DR3 2265446887586501120",0
"HD 175167","HD 175167 b","HD 175167","HIP 93281","TIC 467966544","Gaia DR2 6421118739093252224","Gaia DR3 6421118739093252224",0
"HD 175541","HD 175541 b","HD 175541","HIP 92895","TIC 227196910","Gaia DR2 4281180283478682496","Gaia DR3 4281180283478682496",0
"HD 175607","HD 175607 b","HD 175607","HIP 93373","TIC 382073690","Gaia DR2 6434759761383343744","Gaia DR3 6434759761383343744",0
"HD 17674","HD 17674 b","HD 17674","HIP 13291","TIC 77490014","Gaia DR2 129321160344480512","Gaia DR3 129321160344480512",0
"HD 176986","HD 176986 b","HD 176986","HIP 93540","TIC 39554091","Gaia DR2 4199396753205879040","Gaia DR3 4199396753205879040",0
"HD 176986","HD 176986 c","HD 176986","HIP 93540","TIC 39554091","Gaia DR2 4199396753205879040","Gaia DR3 4199396753205879040",0
"HD 176986","HD 176986 d","HD 176986","HIP 93540","TIC 39554091","Gaia DR2 4199396753205879040","Gaia DR3 4199396753205879040",0
"HD 177565","HD 177565 b","HD 177565","HIP 93858","TIC 254147274","Gaia DR2 6718894388002453120","Gaia DR3 6718894388002453120",0
"HD 177830","HD 177830 b","HD 177830","HIP 93746","TIC 265052133","Gaia DR2 2035963417721248128","Gaia DR3 2035963417721248128",0
"HD 177830","HD 177830 c","HD 177830","HIP 93746","TIC 265052133","Gaia DR2 2035963417721248128","Gaia DR3 2035963417721248128",0
"HD 178911 B","HD 178911 B b","HD 178911 B","HIP 94075","TIC 42812945","Gaia DR2 2044341077844180736","Gaia DR3 2044341077844180736",0
"HD 179079","HD 179079 b","HD 179079","HIP 94256","TIC 48917782","Gaia DR2 4261265619668314624","Gaia DR3 4261265619668314624",0
"HD 179949","HD 179949 b","HD 179949","HIP 94645","TIC 2288734","Gaia DR2 6770313530317154560","Gaia DR3 6770313530317154560",0
"HD 180053","HD 180053 b","HD 180053","HIP 94465","TIC 29898060","Gaia DR2 2050321081068398720","Gaia DR3 2050321081068398720",0
"HD 18015","HD 18015 b","HD 18015","HIP 13467","TIC 36883072","Gaia DR2 5173468908975401856","Gaia DR3 5173468908975401856",0
"HD 180314","HD 180314 b","HD 180314","HIP 94576","TIC 392658786","Gaia DR2 2042983077905233792","Gaia DR3 2042983077905233792",0
"HD 180617","HD 180617 b","HD 180617","HIP 94761","TIC 176188045","Gaia DR2 4293318823182081408","Gaia DR3 4293318823182081408",0
"HD 180902","HD 180902 b","HD 180902","HIP 94951","TIC 11782681","Gaia DR2 6770721346051487872","Gaia DR3 6770721346051487872",0
"HD 181234","HD 181234 b","HD 181234","HIP 95015","TIC 3409107","Gaia DR2 4201307051566729984","Gaia DR3 4201307051566729984",0
"HD 181342","HD 181342 b","HD 181342","HIP 95124","TIC 12192000","Gaia DR2 6770761168986617600","Gaia DR3 6770761168986617600",0
"HD 18143","HD 18143 b","HD 18143","HIP 13642 A","TIC 436933294","Gaia DR2 116037204451525376","Gaia DR3 116037204451525376",0
"HD 18143","HD 18143 c","HD 18143","HIP 13642 A","TIC 436933294","Gaia DR2 116037204451525376","Gaia DR3 116037204451525376",0
"HD 181433","HD 181433 b","HD 181433","HIP 95467","TIC 410399074","Gaia DR2 6434153380720177664","Gaia DR3 6434153380720177664",0
"HD 181433","HD 181433 c","HD 181433","HIP 95467","TIC 410399074","Gaia DR2 6434153380720177664","Gaia DR3 6434153380720177664",0
"HD 181433","HD 181433 d","HD 181433","HIP 95467","TIC 410399074","Gaia DR2 6434153380720177664","Gaia DR3 6434153380720177664",0
"HD 181720","HD 181720 b","HD 181720","HIP 95262","TIC 112243062","Gaia DR2 6745589980571162752","Gaia DR3 6745589980571162752",0
"HD 183263","HD 183263 b","HD 183263","HIP 95740","TIC 134245358","Gaia DR2 4296208099222829568","Gaia DR3 4296208099222829568",0
"HD 183263","HD 183263 c","HD 183263","HIP 95740","TIC 134245358","Gaia DR2 4296208099222829568","Gaia DR3 4296208099222829568",0
"HD 183579","HD 183579 b","HD 183579","HIP 96160","TIC 320004517","Gaia DR2 6641996571978861440","Gaia DR3 6641996571978861440",0
"HD 184010","HD 184010 b","HD 184010",,"TIC 113329742","Gaia DR2 2024845946447691264","Gaia DR3 2024845946447691264",0
"HD 184010","HD 184010 c","HD 184010",,"TIC 113329742","Gaia DR2 2024845946447691264","Gaia DR3 2024845946447691264",0
"HD 184010","HD 184010 d","HD 184010",,"TIC 113329742","Gaia DR2 2024845946447691264","Gaia DR3 2024845946447691264",0
"HD 18438","HD 18438 b","HD 18438","HIP 14417","TIC 297820335","Gaia DR2 567664766657362304","Gaia DR3 567664766657362304",0
"HD 185269","HD 185269 b","HD 185269","HIP 96507","TIC 213721036","Gaia DR2 2031479093959232128","Gaia DR3 2031479093959232128",0
"HD 185283","HD 185283 b","HD 185283","HIP 96861","TIC 320264344","Gaia DR2 6640676436470581888","Gaia DR3 6640676436470581888",0
"HD 18599","HD 18599 b","HD 18599","HIP 13754","TIC 207141131","Gaia DR2 4728513943538448512","Gaia DR3 4728513943538448512",0
"HD 187085","HD 187085 b","HD 187085","HIP 97546","TIC 300081980","Gaia DR2 6692069568458919040","Gaia DR3 6692069568458919040",0
"HD 187123","HD 187123 b","HD 187123","HIP 97336","TIC 58559140","Gaia DR2 2047452661412980736","Gaia DR3 2047452661412980736",0
"HD 187123","HD 187123 c","HD 187123","HIP 97336","TIC 58559140","Gaia DR2 2047452661412980736","Gaia DR3 2047452661412980736",0
"HD 18742","HD 18742 b","HD 18742","HIP 13993","TIC 71345433","Gaia DR2 5079636934554540160","Gaia DR3 5079636934554540160",0
"HD 188015","HD 188015 b","HD 188015","HIP 97769","TIC 11499710","Gaia DR2 2028419118720795392","Gaia DR3 2028419118720795392",0
"HD 188641","HD 188641 b","HD 188641",,"TIC 300611942","Gaia DR2 6691193566928966528","Gaia DR3 6691193566928966528",0
"HD 189567","HD 189567 b","HD 189567","HIP 98959","TIC 352402781","Gaia DR2 6427244702486210816","Gaia DR3 6427244702486210816",0
"HD 189567","HD 189567 c","HD 189567","HIP 98959","TIC 352402781","Gaia DR2 6427244702486210816","Gaia DR3 6427244702486210816",0
"HD 189733","HD 189733 b","HD 189733","HIP 98505","TIC 256364928","Gaia DR2 1827242816201846144","Gaia DR3 1827242816201846144",0
"HD 190007","HD 190007 b","HD 190007","HIP 98698","TIC 345217789","Gaia DR2 4247023886053586304","Gaia DR3 4247023886053586304",0
"HD 190228","HD 190228 b","HD 190228","HIP 98714","TIC 117905020","Gaia DR2 2029001447540053504","Gaia DR3 2029001447540053504",0
"HD 190360","HD 190360 b","HD 190360","HIP 98767","TIC 105999792","Gaia DR2 2029433521248546304","Gaia DR3 2029433521248546304",0
"HD 190360","HD 190360 c","HD 190360","HIP 98767","TIC 105999792","Gaia DR2 2029433521248546304","Gaia DR3 2029433521248546304",0
"HD 190360","HD 190360 d","HD 190360","HIP 98767","TIC 105999792","Gaia DR2 2029433521248546304","Gaia DR3 2029433521248546304",0
"HD 190647","HD 190647 b","HD 190647","HIP 99115","TIC 48777312","Gaia DR2 6697758334244808192","Gaia DR3 6697758334244808192",0
"HD 190984","HD 190984 b","HD 190984","HIP 99496","TIC 466222634","Gaia DR2 6429295051154269440","Gaia DR3 6429295051154269440",0
"HD 191806","HD 191806 b","HD 191806","HIP 99306","TIC 294684871","Gaia DR2 2088526979830768512","Gaia DR3 2088526979830768512",0
"HD 191939","HD 191939 b","HD 191939","HIP 99175","TIC 269701147","Gaia DR2 2248126315275354496","Gaia DR3 2248126315275354496",0
"HD 191939","HD 191939 c","HD 191939","HIP 99175","TIC 269701147","Gaia DR2 2248126315275354496","Gaia DR3 2248126315275354496",0
"HD 191939","HD 191939 d","HD 191939","HIP 99175","TIC 269701147","Gaia DR2 2248126315275354496","Gaia DR3 2248126315275354496",0
"HD 191939","HD 191939 e","HD 191939","HIP 99175","TIC 269701147","Gaia DR2 2248126315275354496","Gaia DR3 2248126315275354496",0
"HD 191939","HD 191939 f","HD 191939","HIP 99175","TIC 269701147","Gaia DR2 2248126315275354496","Gaia DR3 2248126315275354496",0
"HD 191939","HD 191939 g","HD 191939","HIP 99175","TIC 269701147","Gaia DR2 2248126315275354496","Gaia DR3 2248126315275354496",0
"HD 192263","HD 192263 b","HD 192263","HIP 99711","TIC 243962745","Gaia DR2 4224259562941398400","Gaia DR3 4224259562941398400",0
"HD 192310","HD 192310 b","HD 192310","HIP 99825","TIC 326096771","Gaia DR2 6847167606385195648","Gaia DR3 6847167606385195648",0
"HD 192310","HD 192310 c","HD 192310","HIP 99825","TIC 326096771","Gaia DR2 6847167606385195648","Gaia DR3 6847167606385195648",0
"HD 192699","HD 192699 b","HD 192699","HIP 99894","TIC 399334674","Gaia DR2 4246124829130366848","Gaia DR3 4246124829130366848",0
"HD 194490","HD 194490 b","HD 194490",,"TIC 100272295","Gaia DR2 6475212134196589952","Gaia DR3 6475212134196589952",0
"HD 195019","HD 195019 b","HD 195019","HIP 100970","TIC 210171104","Gaia DR2 1815418118373631360","Gaia DR3 1815418118373631360",0
"HD 196050","HD 196050 b","HD 196050","HIP 101806","TIC 351534793","Gaia DR2 6454954010413575296","Gaia DR3 6454954010413575296",0
"HD 196067","HD 196067 b","HD 196067","HIP 102125","TIC 327303574","Gaia DR2 6369544118965772416","Gaia DR3 6369544118965772416",0
"HD 196067","HD 196067 c","HD 196067","HIP 102125","TIC 327303574","Gaia DR2 6369544118965772416","Gaia DR3 6369544118965772416",0
"HD 19615","HD 19615 b","HD 19615",,"TIC 289383510","Gaia DR2 547375547309768064","Gaia DR3 547375547309768064",0
"HD 196885 A","HD 196885 A b","HD 196885 A","HIP 101966","TIC 282257777","Gaia DR2 1754430373040023168","Gaia DR3 1754430373040023168",0
"HD 197037","HD 197037 b","HD 197037","HIP 101948","TIC 195382102","Gaia DR2 2066437688140905600","Gaia DR3 2066437688140905600",0
"HD 199509","HD 199509 b","HD 199509","HIP 104436","TIC 401701660","Gaia DR2 6348288635054855680","Gaia DR3 6348288635054855680",0
"HD 19994","HD 19994 b","HD 19994","HIP 14954","TIC 49845357","Gaia DR2 3265335443260522112","Gaia DR3 3265335443260522112",0
"HD 20003","HD 20003 b","HD 20003","HIP 14530","TIC 370137704","Gaia DR2 4642472794978268800","Gaia DR3 4642472794978268800",0
"HD 20003","HD 20003 c","HD 20003","HIP 14530","TIC 370137704","Gaia DR2 4642472794978268800","Gaia DR3 4642472794978268800",0
"HD 200964","HD 200964 b","HD 200964","HIP 104202","TIC 408316773","Gaia DR2 1732018855730384256","Gaia DR3 1732018855730384256",0
"HD 200964","HD 200964 c","HD 200964","HIP 104202","TIC 408316773","Gaia DR2 1732018855730384256","Gaia DR3 1732018855730384256",0
"HD 202206","HD 202206 b","HD 202206","HIP 104903","TIC 24294415","Gaia DR2 6832155218215202944","Gaia DR3 6832155218215202944",0
"HD 202206","HD 202206 c","HD 202206","HIP 104903","TIC 24294415","Gaia DR2 6832155218215202944","Gaia DR3 6832155218215202944",0
"HD 202696","HD 202696 b","HD 202696","HIP 105056","TIC 25346878","Gaia DR2 1847742385838236416","Gaia DR3 1847742385838236416",0
"HD 202696","HD 202696 c","HD 202696","HIP 105056","TIC 25346878","Gaia DR2 1847742385838236416","Gaia DR3 1847742385838236416",0
"HD 202772 A","HD 202772 A b","HD 202772 A",,"TIC 290131778","Gaia DR2 6790773586275235200","Gaia DR3 6790773586275235200",0
"HD 203030","HD 203030 b","HD 203030","HIP 105232","TIC 25559430","Gaia DR2 1846882224145757056","Gaia DR3 1846882224145757056",0
"HD 20329","HD 20329 b","HD 20329","HIP 15249","TIC 333657795","Gaia DR2 30398648945512960","Gaia DR3 30398648945512960",0
"HD 203387","HD 203387 b","HD 203387",,"TIC 288329878","Gaia DR2 6835905927255271424","Gaia DR3 6835905927256722688",0
"HD 203387","HD 203387 c","HD 203387",,"TIC 288329878","Gaia DR2 6835905927255271424","Gaia DR3 6835905927256722688",0
"HD 2039","HD 2039 b","HD 2039","HIP 1931","TIC 281461362","Gaia DR2 4919009555730599936","Gaia DR3 4919009555730599936",0
"HD 204313","HD 204313 b","HD 204313","HIP 106006","TIC 99734092","Gaia DR2 6828450688663428224","Gaia DR3 6828450688663428224",0
"HD 204313","HD 204313 c","HD 204313","HIP 106006","TIC 99734092","Gaia DR2 6828450688663428224","Gaia DR3 6828450688663428224",0
"HD 204313","HD 204313 e","HD 204313","HIP 106006","TIC 99734092","Gaia DR2 6828450688663428224","Gaia DR3 6828450688663428224",0
"HD 204941","HD 204941 b","HD 204941","HIP 106353","TIC 99837626","Gaia DR2 6830027182179257472","Gaia DR3 6830027182179257472",0
"HD 205158","HD 205158 b","HD 205158",,"TIC 316830331","Gaia DR2 6458219559945150336","Gaia DR3 6458219559946927872",0
"HD 205739","HD 205739 b","HD 205739","HIP 106824","TIC 270501383","Gaia DR2 6592695123423391616","Gaia DR3 6592695123423391616",0
"HD 206255","HD 206255 b","HD 206255","HIP 107160","TIC 139842723","Gaia DR2 6561908626047094144","Gaia DR3 6561908626047094144",0
"HD 206610","HD 206610 b","HD 206610","HIP 107251","TIC 333314269","Gaia DR2 2667434008056899712","Gaia DR3 2667434008056899712",0
"HD 206893","HD 206893 b","HD 206893","HIP 107412","TIC 155782207","Gaia DR2 6843672087120107264","Gaia DR3 6843672087120107264",0
"HD 206893","HD 206893 c","HD 206893","HIP 107412","TIC 155782207","Gaia DR2 6843672087120107264","Gaia DR3 6843672087120107264",0
"HD 207496","HD 207496 b","HD 207496","HIP 108162 A","TIC 290348383","Gaia DR2 6356417496318028800","Gaia DR3 6356417496318028800",0
"HD 20781","HD 20781 b","HD 20781","HIP 15526","TIC 144503312","Gaia DR2 5060105892897388288","Gaia DR3 5060105897197110144",0
"HD 20781","HD 20781 c","HD 20781","HIP 15526","TIC 144503312","Gaia DR2 5060105892897388288","Gaia DR3 5060105897197110144",0
"HD 20781","HD 20781 d","HD 20781","HIP 15526","TIC 144503312","Gaia DR2 5060105892897388288","Gaia DR3 5060105897197110144",0
"HD 20781","HD 20781 e","HD 20781","HIP 15526","TIC 144503312","Gaia DR2 5060105892897388288","Gaia DR3 5060105897197110144",0
"HD 20782","HD 20782 b","HD 20782","HIP 15527","TIC 144503325","Gaia DR2 5060104351007433472","Gaia DR3 5060104351007433472",0
"HD 207832","HD 207832 b","HD 207832","HIP 107985","TIC 53895723","Gaia DR2 6812056381881853056","Gaia DR3 6812056381881853056",0
"HD 207832","HD 207832 c","HD 207832","HIP 107985","TIC 53895723","Gaia DR2 6812056381881853056","Gaia DR3 6812056381881853056",0
"HD 207897","HD 207897 b","HD 207897","HIP 107038","TIC 264678534","Gaia DR2 2300641567596591488","Gaia DR3 2300641567596591488",0
"HD 20794","HD 20794 b","HD 20794","HIP 15510","TIC 301051051","Gaia DR2 4847957293277762560","Gaia DR3 4847957293278177024",0
"HD 20794","HD 20794 d","HD 20794","HIP 15510","TIC 301051051","Gaia DR2 4847957293277762560","Gaia DR3 4847957293278177024",0
"HD 20794","HD 20794 e","HD 20794","HIP 15510","TIC 301051051","Gaia DR2 4847957293277762560","Gaia DR3 4847957293278177024",0
"HD 20794","HD 20794 f","HD 20794","HIP 15510","TIC 301051051","Gaia DR2 4847957293277762560","Gaia DR3 4847957293278177024",0
"HD 208487","HD 208487 b","HD 208487","HIP 108375","TIC 197686484","Gaia DR2 6586580842340695040","Gaia DR3 6586580842340695040",0
"HD 208527","HD 208527 b","HD 208527","HIP 108296","TIC 283621278","Gaia DR2 1781063082986968960","Gaia DR3 1781063087283857664",0
"HD 20868","HD 20868 b","HD 20868","HIP 15578","TIC 142851295","Gaia DR2 5053536074700031616","Gaia DR3 5053536074700031616",0
"HD 208897","HD 208897 b","HD 208897","HIP 108513","TIC 423862056","Gaia DR2 1779772947826839808","Gaia DR3 1779772947826839808",0
"HD 209458","HD 209458 b","HD 209458","HIP 108859","TIC 420814525","Gaia DR2 1779546757669063552","Gaia DR3 1779546757669063552",0
"HD 210193","HD 210193 b","HD 210193","HIP 109381","TIC 278523703","Gaia DR2 6570039342736534784","Gaia DR3 6570039342736534784",0
"HD 210277","HD 210277 b","HD 210277","HIP 109378","TIC 50227884","Gaia DR2 2619706544757416192","Gaia DR3 2619706544757416192",0
"HD 210702","HD 210702 b","HD 210702","HIP 109577","TIC 456826468","Gaia DR2 1775004778213735168","Gaia DR3 1775004778213735168",0
"HD 211403","HD 211403 b","HD 211403","HIP 109876","TIC 330485001","Gaia DR2 2198848918548722304","Gaia DR3 2198848918548722304",0
"HD 211810","HD 211810 b","HD 211810","HIP 110094","TIC 336634601","Gaia DR2 2201556328489610752","Gaia DR3 2201556328489610752",0
"HD 211970","HD 211970 b","HD 211970","HIP 110443","TIC 231704229","Gaia DR2 6508401923473282432","Gaia DR3 6508401923473282432",0
"HD 212301","HD 212301 b","HD 212301","HIP 110852","TIC 317057430","Gaia DR2 6356860393345181824","Gaia DR3 6356860393345181824",0
"HD 212771","HD 212771 b","HD 212771","HIP 110813","TIC 12723961","Gaia DR2 2595360569884153728","Gaia DR3 2595360574179855104",0
"HD 213240","HD 213240 b","HD 213240","HIP 111143","TIC 144068704","Gaia DR2 6517058790835773440","Gaia DR3 6517058790835773440",0
"HD 213472","HD 213472 b","HD 213472","HIP 111136","TIC 120601788","Gaia DR2 1909401760972212224","Gaia DR3 1909401760972212224",0
"HD 213519","HD 213519 b","HD 213519",,"TIC 200215494","Gaia DR2 1982946891164168576","Gaia DR3 1982946891164168576",0
"HD 213885","HD 213885 b","HD 213885","HIP 111553","TIC 403224672","Gaia DR2 6407428994690988928","Gaia DR3 6407428994690988928",0
"HD 213885","HD 213885 c","HD 213885","HIP 111553","TIC 403224672","Gaia DR2 6407428994690988928","Gaia DR3 6407428994690988928",0
"HD 21411","HD 21411 b","HD 21411","HIP 16012","TIC 142875660","Gaia DR2 5056511692465250304","Gaia DR3 5056511692465250304",0
"HD 214823","HD 214823 b","HD 214823","HIP 111928","TIC 115779095","Gaia DR2 1889143121789650176","Gaia DR3 1889143121789650176",0
"HD 215152","HD 215152 b","HD 215152","HIP 112190","TIC 251042502","Gaia DR2 2623505219992303104","Gaia DR3 2623505219992303104",0
"HD 215152","HD 215152 c","HD 215152","HIP 112190","TIC 251042502","Gaia DR2 2623505219992303104","Gaia DR3 2623505219992303104",0
"HD 215152","HD 215152 d","HD 215152","HIP 112190","TIC 251042502","Gaia DR2 2623505219992303104","Gaia DR3 2623505219992303104",0
"HD 215152","HD 215152 e","HD 215152","HIP 112190","TIC 251042502","Gaia DR2 2623505219992303104","Gaia DR3 2623505219992303104",0
"HD 21520","HD 21520 b","HD 21520","HIP 16038","TIC 404518509","Gaia DR2 4847732649308331648","Gaia DR3 4847732649308331648",0
"HD 215497","HD 215497 b","HD 215497","HIP 112441","TIC 469943599","Gaia DR2 6504232472302122624","Gaia DR3 6504232472302122624",0
"HD 215497","HD 215497 c","HD 215497","HIP 112441","TIC 469943599","Gaia DR2 6504232472302122624","Gaia DR3 6504232472302122624",0
"HD 216435","HD 216435 b","HD 216435","HIP 113044","TIC 161314759","Gaia DR2 6515731817739456256","Gaia DR3 6515731817739456256",0
"HD 216437","HD 216437 b","HD 216437","HIP 113137","TIC 277774779","Gaia DR2 6384510877400590336","Gaia DR3 6384510877400590336",0
"HD 216520","HD 216520 b","HD 216520","HIP 112527","TIC 264899051","Gaia DR2 2299942278201276288","Gaia DR3 2299942278201276288",0
"HD 216520","HD 216520 c","HD 216520","HIP 112527","TIC 264899051","Gaia DR2 2299942278201276288","Gaia DR3 2299942278201276288",0
"HD 216536","HD 216536 b","HD 216536",,"TIC 154487334","Gaia DR2 1935534781542402176","Gaia DR3 1935534781543619968",0
"HD 216770","HD 216770 b","HD 216770","HIP 113238","TIC 47526465","Gaia DR2 6610107504955838336","Gaia DR3 6610107504955838336",0
"HD 21693","HD 21693 b","HD 21693","HIP 16085","TIC 197792776","Gaia DR2 4729947569262040960","Gaia DR3 4729947569262040960",0
"HD 21693","HD 21693 c","HD 21693","HIP 16085","TIC 197792776","Gaia DR2 4729947569262040960","Gaia DR3 4729947569262040960",0
"HD 217107","HD 217107 b","HD 217107","HIP 113421","TIC 38271828","Gaia DR2 2648914040357320576","Gaia DR3 2648914040357320576",0
"HD 217107","HD 217107 c","HD 217107","HIP 113421","TIC 38271828","Gaia DR2 2648914040357320576","Gaia DR3 2648914040357320576",0
"GJ 143","HD 21749 c","HD 21749","HIP 16069","TIC 279741379","Gaia DR2 4673947174316727040","Gaia DR3 4673947174316727040",0
"HD 217786","HD 217786 b","HD 217786","HIP 113834","TIC 248048656","Gaia DR2 2650902026099857920","Gaia DR3 2650902026099857920",0
"HD 217786","HD 217786 c","HD 217786","HIP 113834","TIC 248048656","Gaia DR2 2650902026099857920","Gaia DR3 2650902026099857920",0
"HD 217958","HD 217958 b","HD 217958",,"TIC 12973036","Gaia DR2 2382836143445509120","Gaia DR3 2382836143445759488",0
"HD 218566","HD 218566 b","HD 218566","HIP 114322","TIC 278952345","Gaia DR2 2638410646295370880","Gaia DR3 2638410646295370880",0
"HD 219077","HD 219077 b","HD 219077","HIP 114699","TIC 394125166","Gaia DR2 6489771832811810432","Gaia DR3 6489771832811810432",0
"HD 219134","HD 219134 b","HD 219134","HIP 114622","TIC 283722336","Gaia DR2 2009481748875806976","Gaia DR3 2009481748875806976",0
"HD 219134","HD 219134 c","HD 219134","HIP 114622","TIC 283722336","Gaia DR2 2009481748875806976","Gaia DR3 2009481748875806976",0
"HD 219134","HD 219134 d","HD 219134","HIP 114622","TIC 283722336","Gaia DR2 2009481748875806976","Gaia DR3 2009481748875806976",0
"HD 219134","HD 219134 f","HD 219134","HIP 114622","TIC 283722336","Gaia DR2 2009481748875806976","Gaia DR3 2009481748875806976",0
"HD 219134","HD 219134 g","HD 219134","HIP 114622","TIC 283722336","Gaia DR2 2009481748875806976","Gaia DR3 2009481748875806976",0
"HD 219134","HD 219134 h","HD 219134","HIP 114622","TIC 283722336","Gaia DR2 2009481748875806976","Gaia DR3 2009481748875806976",0
"HD 219139","HD 219139 b","HD 219139",,"TIC 423269863","Gaia DR2 2810597431380568448","Gaia DR3 2810597431380568448",0
"HD 219415","HD 219415 b","HD 219415",,"TIC 323819453","Gaia DR2 2009255593080688640","Gaia DR3 2009255593080688640",0
"HD 219666","HD 219666 b","HD 219666",,"TIC 266980320","Gaia DR2 6492940453524576128","Gaia DR3 6492940453524576128",0
"HD 219828","HD 219828 b","HD 219828","HIP 115100","TIC 243085377","Gaia DR2 2824958015312906240","Gaia DR3 2824958015312906240",0
"HD 219828","HD 219828 c","HD 219828","HIP 115100","TIC 243085377","Gaia DR2 2824958015312906240","Gaia DR3 2824958015312906240",0
"HD 220074","HD 220074 b","HD 220074","HIP 115218","TIC 269237357","Gaia DR2 2014988549785194752","Gaia DR3 2014988549785194752",0
"HD 220197","HD 220197 b","HD 220197","HIP 115359","TIC 435199076","Gaia DR2 2817634821194781824","Gaia DR3 2817634821194781824",0
"HD 220689","HD 220689 b","HD 220689","HIP 115662","TIC 9156146","Gaia DR2 2391838429257482496","Gaia DR3 2391838429257482496",0
"HD 220773","HD 220773 b","HD 220773","HIP 115697","TIC 354326161","Gaia DR2 2761142326076104192","Gaia DR3 2761142326076104192",0
"HD 220842","HD 220842 b","HD 220842","HIP 115714","TIC 251866143","Gaia DR2 1997273733835247616","Gaia DR3 1997273733835247616",0
"HD 221287","HD 221287 b","HD 221287","HIP 116084","TIC 231716612","Gaia DR2 6489603813690967808","Gaia DR3 6489603813690967808",0
"HD 221416","HD 221416 b","HD 221416","HIP 116158","TIC 441462736","Gaia DR2 2388463203438164096","Gaia DR3 2388463203438164096",0
"HD 221420","HD 221420 b","HD 221420","HIP 116250","TIC 277890728","Gaia DR2 6353376831270492800","Gaia DR3 6353376831270492800",0
"HD 221585","HD 221585 b","HD 221585","HIP 116221","TIC 270730826","Gaia DR2 2016655237613545728","Gaia DR3 2016655237613545728",0
"HD 222076","HD 222076 b","HD 222076","HIP 116630","TIC 325178933","Gaia DR2 6386468454774591744","Gaia DR3 6386468454774591744",0
"HD 222155","HD 222155 b","HD 222155","HIP 116616","TIC 26370518","Gaia DR2 1943363751009454976","Gaia DR3 1943363751009454976",0
"HD 222237","HD 222237 b","HD 222237","HIP 116745","TIC 277913391","Gaia DR2 6380214844952702848","Gaia DR3 6380214844952702848",0
"HD 222582","HD 222582 b","HD 222582","HIP 116906","TIC 9005067","Gaia DR2 2440578577126302336","Gaia DR3 2440578577126302336",0
"HD 224018","HD 224018 b","HD 224018",,"TIC 248608315","Gaia DR2 2446440348493043968","Gaia DR3 2446440348493043968",0
"HD 224018","HD 224018 c","HD 224018",,"TIC 248608315","Gaia DR2 2446440348493043968","Gaia DR3 2446440348493043968",0
"HD 224018","HD 224018 d","HD 224018",,"TIC 248608315","Gaia DR2 2446440348493043968","Gaia DR3 2446440348493043968",0
"HD 224538","HD 224538 b","HD 224538","HIP 118228","TIC 280803137","Gaia DR2 6488009143872441216","Gaia DR3 6488009143872441216",0
"HD 224693","HD 224693 b","HD 224693","HIP 118319","TIC 114807081","Gaia DR2 2340155679036275200","Gaia DR3 2340155679036275200",0
"HD 22496","HD 22496 b","HD 22496","HIP 16711","TIC 200851505","Gaia DR2 4833654227548585856","Gaia DR3 4833654227548585856",0
"HD 22532","HD 22532 b","HD 22532",,"TIC 200851704","Gaia DR2 4832768399133598080","Gaia DR3 4832768399133598080",0
"HD 22781","HD 22781 b","HD 22781","HIP 17187","TIC 101166776","Gaia DR2 217334764042444288","Gaia DR3 217334764042444288",0
"HD 22946","HD 22946 d","HD 22946","HIP 17047","TIC 100990000","Gaia DR2 4848767461548943104","Gaia DR3 4848767461548943104",0
"HD 23079","HD 23079 b","HD 23079","HIP 17096","TIC 206402844","Gaia DR2 4733035238430992768","Gaia DR3 4733035238430992768",0
"HD 23079","HD 23079 c","HD 23079","HIP 17096","TIC 206402844","Gaia DR2 4733035238430992768","Gaia DR3 4733035238430992768",0
"HD 23127","HD 23127 b","HD 23127","HIP 17054","TIC 311924816","Gaia DR2 4680773217379728128","Gaia DR3 4680773217379728128",0
"HD 231701","HD 231701 b","HD 231701","HIP 96078","TIC 92300251","Gaia DR2 4321678767076043264","Gaia DR3 4321678767076043264",0
"HD 233604","HD 233604 b","HD 233604",,"TIC 150184553","Gaia DR2 1023492257121204352","Gaia DR3 1023492257121204352",0
"HD 233832","HD 233832 b","HD 233832","HIP 55806","TIC 445811628","Gaia DR2 790236569003888000","Gaia DR3 790236569006916096",0
"HD 23472","HD 23472 b","HD 23472","HIP 17264","TIC 425997655","Gaia DR2 4674216245427964416","Gaia DR3 4674216245427964416",0
"HD 23472","HD 23472 c","HD 23472","HIP 17264","TIC 425997655","Gaia DR2 4674216245427964416","Gaia DR3 4674216245427964416",0
"HD 23472","HD 23472 d","HD 23472","HIP 17264","TIC 425997655","Gaia DR2 4674216245427964416","Gaia DR3 4674216245427964416",0
"HD 23472","HD 23472 e","HD 23472","HIP 17264","TIC 425997655","Gaia DR2 4674216245427964416","Gaia DR3 4674216245427964416",0
"HD 23472","HD 23472 f","HD 23472","HIP 17264","TIC 425997655","Gaia DR2 4674216245427964416","Gaia DR3 4674216245427964416",0
"HD 235088","HD 235088 b","HD 235088","HIP 98668","TIC 293954617","Gaia DR2 2089570519439964416","Gaia DR3 2089570519439964416",0
"HD 23596","HD 23596 b","HD 23596","HIP 17747","TIC 201266092","Gaia DR2 224870885460646016","Gaia DR3 224870885460646016",0
"HD 238090","HD 238090 b","HD 238090","HIP 59514","TIC 224289449","Gaia DR2 1573086442800134272","Gaia DR3 1573086442800134272",0
"HD 238914","HD 238914 b","HD 238914","HIP 91388","TIC 359558085","Gaia DR2 2154807121292791040","Gaia DR3 2154807121292791040",0
"HD 240210","HD 240210 b","HD 240210",,"TIC 315415155","Gaia DR2 2009148596857820160","Gaia DR3 2009148596857820160",0
"HD 240237","HD 240237 b","HD 240237","HIP 114840","TIC 323919676","Gaia DR2 2010336687886382592","Gaia DR3 2010336687886382592",0
"HD 24040","HD 24040 b","HD 24040","HIP 17960","TIC 456863621","Gaia DR2 43802039287826432","Gaia DR3 43802039287826432",0
"HD 24040","HD 24040 c","HD 24040","HIP 17960","TIC 456863621","Gaia DR2 43802039287826432","Gaia DR3 43802039287826432",0
"HD 24064","HD 24064 b","HD 24064","HIP 18451","TIC 102987456","Gaia DR2 549832131164952832","Gaia DR3 549832131164952832",0
"HD 24085","HD 24085 b","HD 24085","HIP 17515","TIC 32001057","Gaia DR2 4666907516760096512","Gaia DR3 4666907516760096512",0
"HD 25015","HD 25015 b","HD 25015","HIP 18527","TIC 178249461","Gaia DR2 5094032153102626688","Gaia DR3 5094032153102626688",0
"HD 25171","HD 25171 b","HD 25171","HIP 18387","TIC 237933846","Gaia DR2 4670023700215616768","Gaia DR3 4670023700215616768",0
"HD 25463","HD 25463 b","HD 25463","HIP 18893","TIC 407966340","Gaia DR2 3301771025223950336","Gaia DR3 3301771025223950336",0
"HD 25463","HD 25463 c","HD 25463","HIP 18893","TIC 407966340","Gaia DR2 3301771025223950336","Gaia DR3 3301771025223950336",0
"HD 25723","HD 25723 b","HD 25723","HIP 19011","TIC 136888305","Gaia DR2 3188967248247014784","Gaia DR3 3188967248247014784",0
"HD 25912","HD 25912 b","HD 25912",,"TIC 237356930","Gaia DR2 4828528063821835648","Gaia DR3 4828528063821835648",0
"HD 25912","HD 25912 c","HD 25912",,"TIC 237356930","Gaia DR2 4828528063821835648","Gaia DR3 4828528063821835648",0
"HD 260655","HD 260655 b","HD 260655","HIP 31635","TIC 307809773","Gaia DR2 3359074685047632640","Gaia DR3 3359074685047632640",0
"HD 260655","HD 260655 c","HD 260655","HIP 31635","TIC 307809773","Gaia DR2 3359074685047632640","Gaia DR3 3359074685047632640",0
"HD 26161","HD 26161 b","HD 26161","HIP 19428","TIC 467753728","Gaia DR2 169149766470219520","Gaia DR3 169149766470219520",0
"HD 2638","HD 2638 b","HD 2638","HIP 2350","TIC 244178536","Gaia DR2 2526925389919277056","Gaia DR3 2526925389919277056",0
"HD 2685","HD 2685 b","HD 2685",,"TIC 267263253","Gaia DR2 4684205720883329920","Gaia DR3 4684205720883329920",0
"HD 27442","HD 27442 b","HD 27442","HIP 19921","TIC 198079199","Gaia DR2 4678664766394767616","Gaia DR3 4678664766393829504",0
"HD 27631","HD 27631 b","HD 27631","HIP 20199","TIC 7652514","Gaia DR2 4840050395924931968","Gaia DR3 4840050395924931968",0
"HD 278555","HD 278555 b","HD 278555",,"TIC 137966491","Gaia DR2 125179437479116544","Gaia DR3 125179437479116544",0
"HD 27894","HD 27894 b","HD 27894","HIP 20277","TIC 396697266","Gaia DR2 4678605152248591488","Gaia DR3 4678605152248591488",0
"HD 27894","HD 27894 c","HD 27894","HIP 20277","TIC 396697266","Gaia DR2 4678605152248591488","Gaia DR3 4678605152248591488",0
"HD 27894","HD 27894 d","HD 27894","HIP 20277","TIC 396697266","Gaia DR2 4678605152248591488","Gaia DR3 4678605152248591488",0
"HD 27969","HD 27969 b","HD 27969","HIP 20753","TIC 27828749","Gaia DR2 228532602782156288","Gaia DR3 228532602782156288",0
"HD 28109","HD 28109 b","HD 28109","HIP 20295","TIC 29781292","Gaia DR2 4668163021600295552","Gaia DR3 4668163021600295552",0
"HD 28109","HD 28109 c","HD 28109","HIP 20295","TIC 29781292","Gaia DR2 4668163021600295552","Gaia DR3 4668163021600295552",0
"HD 28109","HD 28109 d","HD 28109","HIP 20295","TIC 29781292","Gaia DR2 4668163021600295552","Gaia DR3 4668163021600295552",0
"HD 28185","HD 28185 b","HD 28185","HIP 20723","TIC 37947783","Gaia DR2 3179384931394690304","Gaia DR3 3179384931394690304",0
"HD 28185","HD 28185 c","HD 28185","HIP 20723","TIC 37947783","Gaia DR2 3179384931394690304","Gaia DR3 3179384931394690304",0
"HD 28192","HD 28192 b","HD 28192",,"TIC 248644661","Gaia DR2 3205907595694244480","Gaia DR3 3205907595694244480",0
"HD 28254","HD 28254 b","HD 28254","HIP 20606","TIC 219256496","Gaia DR2 4781553628548774656","Gaia DR3 4781553628548774656",0
"HD 284149 A","HD 284149 AB b","HD 284149 A","HIP 19176","TIC 15817487","Gaia DR2 51914888911355776","Gaia DR3 51914888911355776",1
"HD 28471","HD 28471 b","HD 28471","HIP 20625","TIC 38698692","Gaia DR2 4675222436007028608","Gaia DR3 4675222436007028608",0
"HD 28471","HD 28471 c","HD 28471","HIP 20625","TIC 38698692","Gaia DR2 4675222436007028608","Gaia DR3 4675222436007028608",0
"HD 28471","HD 28471 d","HD 28471","HIP 20625","TIC 38698692","Gaia DR2 4675222436007028608","Gaia DR3 4675222436007028608",0
"HD 285507","HD 285507 b","HD 285507","HIP 19207","TIC 389018596","Gaia DR2 45159901786525568","Gaia DR3 45159901786885632",0
"HD 285968","HD 285968 b","HD 285968","HIP 21932","TIC 397354290","Gaia DR2 3409711211681795584","Gaia DR3 3409711211681795584",0
"HD 28678","HD 28678 b","HD 28678","HIP 21109","TIC 449145115","Gaia DR2 3282351760091020672","Gaia DR3 3282351760091020672",0
"HD 29021","HD 29021 b","HD 29021","HIP 21571","TIC 458350670","Gaia DR2 471536354830504448","Gaia DR3 471536354830504448",0
"HD 290327","HD 290327 b","HD 290327","HIP 25191","TIC 4205424","Gaia DR2 3214129537488896896","Gaia DR3 3214129537488896896",0
"HD 29399","HD 29399 b","HD 29399",,"TIC 38828538","Gaia DR2 4675576135153914368","Gaia DR3 4675576135153914368",0
"HD 2952","HD 2952 b","HD 2952","HIP 2611","TIC 452910671","Gaia DR2 418206501834841600","Gaia DR3 418206501834841600",0
"HD 29985","HD 29985 b","HD 29985","HIP 21865","TIC 170867837","Gaia DR2 4868261081155110400","Gaia DR3 4868261081155110400",0
"HD 30177","HD 30177 b","HD 30177","HIP 21850","TIC 220408612","Gaia DR2 4774301387290235136","Gaia DR3 4774301387290235136",0
"HD 30177","HD 30177 c","HD 30177","HIP 21850","TIC 220408612","Gaia DR2 4774301387290235136","Gaia DR3 4774301387290235136",0
"HD 30562","HD 30562 b","HD 30562","HIP 22336","TIC 176379354","Gaia DR2 3188395880157173120","Gaia DR3 3188395880157173120",0
"HD 30669","HD 30669 b","HD 30669","HIP 22320","TIC 607907","Gaia DR2 4880032624440826112","Gaia DR3 4880032624440826112",0
"HD 30856","HD 30856 b","HD 30856","HIP 22491","TIC 612908","Gaia DR2 4893980371818915456","Gaia DR3 4893980371818915456",0
"HD 31253","HD 31253 b","HD 31253","HIP 22826","TIC 436700755","Gaia DR2 3295354481521174656","Gaia DR3 3295354481521174656",0
"HD 31527","HD 31527 b","HD 31527","HIP 22905","TIC 146322354","Gaia DR2 2972622770521857664","Gaia DR3 2972622770521857664",0
"HD 31527","HD 31527 c","HD 31527","HIP 22905","TIC 146322354","Gaia DR2 2972622770521857664","Gaia DR3 2972622770521857664",0
"HD 31527","HD 31527 d","HD 31527","HIP 22905","TIC 146322354","Gaia DR2 2972622770521857664","Gaia DR3 2972622770521857664",0
"HD 3167","HD 3167 b","HD 3167","HIP 2736","TIC 318707987","Gaia DR2 2554032474712538880","Gaia DR3 2554032474712538880",0
"HD 3167","HD 3167 c","HD 3167","HIP 2736","TIC 318707987","Gaia DR2 2554032474712538880","Gaia DR3 2554032474712538880",0
"HD 3167","HD 3167 d","HD 3167","HIP 2736","TIC 318707987","Gaia DR2 2554032474712538880","Gaia DR3 2554032474712538880",0
"HD 3167","HD 3167 e","HD 3167","HIP 2736","TIC 318707987","Gaia DR2 2554032474712538880","Gaia DR3 2554032474712538880",0
"HD 32518","HD 32518 b","HD 32518","HIP 24003","TIC 310836777","Gaia DR2 497653157602636928","Gaia DR3 497653157602636928",0
"HD 32963","HD 32963 b","HD 32963","HIP 23884","TIC 69528586","Gaia DR2 3421680597955802624","Gaia DR3 3421680597955802624",0
"HD 330075","HD 330075 b","HD 330075","HIP 77517","TIC 275786473","Gaia DR2 5982775854377691136","Gaia DR3 5982775854377691136",0
"HD 331093","HD 331093 b","HD 331093",,"TIC 71528173","Gaia DR2 2033246455795280896","Gaia DR3 2033246455795280896",0
"HD 33142","HD 33142 b","HD 33142","HIP 23844","TIC 169397663","Gaia DR2 2986948238799721216","Gaia DR3 2986948238799721216",0
"HD 33142","HD 33142 c","HD 33142","HIP 23844","TIC 169397663","Gaia DR2 2986948238799721216","Gaia DR3 2986948238799721216",0
"HD 33142","HD 33142 d","HD 33142","HIP 23844","TIC 169397663","Gaia DR2 2986948238799721216","Gaia DR3 2986948238799721216",0
"HD 332231","HD 332231 b","HD 332231",,"TIC 199376584","Gaia DR2 2056007995732413312","Gaia DR3 2056007995732413312",0
"HD 33283","HD 33283 b","HD 33283","HIP 23889","TIC 13147218","Gaia DR2 2955981936912654592","Gaia DR3 2955981936912654592",0
"HD 33564","HD 33564 b","HD 33564","HIP 25110","TIC 142103211","Gaia DR2 553480551264062848","Gaia DR3 553480551264062848",0
"HD 33844","HD 33844 b","HD 33844","HIP 24275","TIC 169534187","Gaia DR2 2986593268342544768","Gaia DR3 2986593268342544768",0
"HD 33844","HD 33844 c","HD 33844","HIP 24275","TIC 169534187","Gaia DR2 2986593268342544768","Gaia DR3 2986593268342544768",0
"HD 34445","HD 34445 b","HD 34445","HIP 24681","TIC 284907742","Gaia DR2 3241295308714904960","Gaia DR3 3241295308714904960",0
"HD 34445","HD 34445 c","HD 34445","HIP 24681","TIC 284907742","Gaia DR2 3241295308714904960","Gaia DR3 3241295308714904960",0
"HD 34445","HD 34445 d","HD 34445","HIP 24681","TIC 284907742","Gaia DR2 3241295308714904960","Gaia DR3 3241295308714904960",0
"HD 34445","HD 34445 e","HD 34445","HIP 24681","TIC 284907742","Gaia DR2 3241295308714904960","Gaia DR3 3241295308714904960",0
"HD 34445","HD 34445 f","HD 34445","HIP 24681","TIC 284907742","Gaia DR2 3241295308714904960","Gaia DR3 3241295308714904960",0
"HD 34445","HD 34445 g","HD 34445","HIP 24681","TIC 284907742","Gaia DR2 3241295308714904960","Gaia DR3 3241295308714904960",0
"HD 35759","HD 35759 b","HD 35759","HIP 25883","TIC 286954708","Gaia DR2 287622247440034688","Gaia DR3 287622247440034688",0
"HD 35843","HD 35843 b","HD 35843","HIP 25359","TIC 7422496","Gaia DR2 4799563663371481344","Gaia DR3 4799563663371481344",0
"HD 35843","HD 35843 c","HD 35843","HIP 25359","TIC 7422496","Gaia DR2 4799563663371481344","Gaia DR3 4799563663371481344",0
"HD 360","HD 360 b","HD 360",,"TIC 37652064","Gaia DR2 2429415922764859392","Gaia DR3 2429415922764859392",0
"HD 36384","HD 36384 b","HD 36384","HIP 26638","TIC 418343111","Gaia DR2 502835190261902464","Gaia DR3 502835190261902464",0
"HD 3651","HD 3651 b","HD 3651","HIP 3093","TIC 434210589","Gaia DR2 2802397960855105920","Gaia DR3 2802397960855105920",0
"HD 37124","HD 37124 b","HD 37124","HIP 26381","TIC 19631691","Gaia DR2 3402798414192387328","Gaia DR3 3402798414192387328",0
"HD 37124","HD 37124 c","HD 37124","HIP 26381","TIC 19631691","Gaia DR2 3402798414192387328","Gaia DR3 3402798414192387328",0
"HD 37124","HD 37124 d","HD 37124","HIP 26381","TIC 19631691","Gaia DR2 3402798414192387328","Gaia DR3 3402798414192387328",0
"HD 37605","HD 37605 b","HD 37605","HIP 26664","TIC 144730053","Gaia DR2 3332911492327546368","Gaia DR3 3332911492327546368",0
"HD 37605","HD 37605 c","HD 37605","HIP 26664","TIC 144730053","Gaia DR2 3332911492327546368","Gaia DR3 3332911492327546368",0
"HD 3765","HD 3765 b","HD 3765","HIP 3206","TIC 424009747","Gaia DR2 369092520004831232","Gaia DR3 369092520004831232",0
"HD 38283","HD 38283 b","HD 38283","HIP 26380","TIC 141411201","Gaia DR2 4650314511916109696","Gaia DR3 4650314511916109696",0
"HD 38529","HD 38529 b","HD 38529","HIP 27253","TIC 200093173","Gaia DR2 3219847066672970368","Gaia DR3 3219847066672970368",0
"HD 38529","HD 38529 c","HD 38529","HIP 27253","TIC 200093173","Gaia DR2 3219847066672970368","Gaia DR3 3219847066672970368",0
"HD 38801","HD 38801 b","HD 38801","HIP 27384","TIC 66650754","Gaia DR2 3012677738601895168","Gaia DR3 3012677738601895168",0
"HD 39091","HD 39091 b","HD 39091","HIP 26394","TIC 261136679","Gaia DR2 4623036865373793408","Gaia DR3 4623036865373793408",0
"HD 39194","HD 39194 b","HD 39194","HIP 27080","TIC 389506883","Gaia DR2 4657193606465368704","Gaia DR3 4657193606465368704",0
"HD 39194","HD 39194 c","HD 39194","HIP 27080","TIC 389506883","Gaia DR2 4657193606465368704","Gaia DR3 4657193606465368704",0
"HD 39194","HD 39194 d","HD 39194","HIP 27080","TIC 389506883","Gaia DR2 4657193606465368704","Gaia DR3 4657193606465368704",0
"HD 39855","HD 39855 b","HD 39855","HIP 27922 A","TIC 160301040","Gaia DR2 2966316109264052096","Gaia DR3 2966316109264052096",0
"HD 40307","HD 40307 b","HD 40307","HIP 27887","TIC 374859347","Gaia DR2 4758877919212831104","Gaia DR3 4758877919212831104",0
"HD 40307","HD 40307 c","HD 40307","HIP 27887","TIC 374859347","Gaia DR2 4758877919212831104","Gaia DR3 4758877919212831104",0
"HD 40307","HD 40307 d","HD 40307","HIP 27887","TIC 374859347","Gaia DR2 4758877919212831104","Gaia DR3 4758877919212831104",0
"HD 40307","HD 40307 f","HD 40307","HIP 27887","TIC 374859347","Gaia DR2 4758877919212831104","Gaia DR3 4758877919212831104",0
"HD 40307","HD 40307 g","HD 40307","HIP 27887","TIC 374859347","Gaia DR2 4758877919212831104","Gaia DR3 4758877919212831104",0
"HD 40956","HD 40956 b","HD 40956","HIP 28951","TIC 71099944","Gaia DR2 1008018211509401728","Gaia DR3 1008018211509401728",0
"HD 40979","HD 40979 b","HD 40979","HIP 28767","TIC 440489582","Gaia DR2 961428192989499904","Gaia DR3 961428192989499904",0
"HD 41004 A","HD 41004 A b","HD 41004 A","HIP 28393 A","TIC 219152539",,,0
"HD 41004 B","HD 41004 B b","HD 41004 B","HIP 28393 B","TIC 734710085","Gaia DR2 4794830231453653888","Gaia DR3 4794830231453653888",0
"HD 4113","HD 4113 b","HD 4113","HIP 3391","TIC 118586897","Gaia DR2 5000774703569900800","Gaia DR3 5000774703569900800",0
"HD 42012","HD 42012 b","HD 42012","HIP 29242","TIC 97724459","Gaia DR2 3452333199728743936","Gaia DR3 3452333199728743936",0
"HD 4203","HD 4203 b","HD 4203","HIP 3502","TIC 434225151","Gaia DR2 2801366000472903040","Gaia DR3 2801366000472903040",0
"HD 4203","HD 4203 c","HD 4203","HIP 3502","TIC 434225151","Gaia DR2 2801366000472903040","Gaia DR3 2801366000472903040",0
"HD 4208","HD 4208 b","HD 4208","HIP 3479","TIC 43400838","Gaia DR2 2343647384368388608","Gaia DR3 2343647384368388608",0
"HD 42618","HD 42618 b","HD 42618","HIP 29432","TIC 153289168","Gaia DR2 3319126988068404096","Gaia DR3 3319126988068404096",0
"HD 4308","HD 4308 b","HD 4308","HIP 3497","TIC 234501204","Gaia DR2 4708607629114652032","Gaia DR3 4708607629114652032",0
"HD 4313","HD 4313 b","HD 4313","HIP 3574","TIC 405228516","Gaia DR2 2557541493057378048","Gaia DR3 2557541493057378048",0
"HD 43197","HD 43197 b","HD 43197","HIP 29550","TIC 37660988","Gaia DR2 2896745747966986240","Gaia DR3 2896745747966986240",0
"HD 43197","HD 43197 c","HD 43197","HIP 29550","TIC 37660988","Gaia DR2 2896745747966986240","Gaia DR3 2896745747966986240",0
"HD 43691","HD 43691 b","HD 43691","HIP 30057","TIC 258444495","Gaia DR2 959971546241168384","Gaia DR3 959971546241608576",0
"HD 44219","HD 44219 b","HD 44219","HIP 30114","TIC 443055162","Gaia DR2 3001428566419966592","Gaia DR3 3001428566419966592",0
"HD 45184","HD 45184 b","HD 45184","HIP 30503","TIC 49831913","Gaia DR2 2898239468873596800","Gaia DR3 2898239468873596800",0
"HD 45184","HD 45184 c","HD 45184","HIP 30503","TIC 49831913","Gaia DR2 2898239468873596800","Gaia DR3 2898239468873596800",0
"HD 45350","HD 45350 b","HD 45350","HIP 30860","TIC 144132551","Gaia DR2 955758320761687680","Gaia DR3 955758320761687680",0
"HD 45364","HD 45364 b","HD 45364","HIP 30579","TIC 117768715","Gaia DR2 2893174259322992256","Gaia DR3 2893174259322992256",0
"HD 45364","HD 45364 c","HD 45364","HIP 30579","TIC 117768715","Gaia DR2 2893174259322992256","Gaia DR3 2893174259322992256",0
"HD 45652","HD 45652 b","HD 45652","HIP 30905","TIC 206948365","Gaia DR2 3327980255695313792","Gaia DR3 3327980255695313792",0
"HD 457","HD 457 b","HD 457",,"TIC 120506209","Gaia DR2 4996584567835662848","Gaia DR3 4996584567835662848",0
"HD 46375","HD 46375 b","HD 46375","HIP 31246","TIC 234928947","Gaia DR2 3131777319158581376","Gaia DR3 3131777319158581376",0
"HD 47186","HD 47186 b","HD 47186","HIP 31540","TIC 101145648","Gaia DR2 2919760965879179136","Gaia DR3 2919760965880144384",0
"HD 47186","HD 47186 c","HD 47186","HIP 31540","TIC 101145648","Gaia DR2 2919760965879179136","Gaia DR3 2919760965880144384",0
"HD 4732","HD 4732 b","HD 4732","HIP 3834","TIC 63905972","Gaia DR2 2345744256120965504","Gaia DR3 2345744256120965504",0
"HD 4732","HD 4732 c","HD 4732","HIP 3834","TIC 63905972","Gaia DR2 2345744256120965504","Gaia DR3 2345744256120965504",0
"HD 47366","HD 47366 b","HD 47366","HIP 31674","TIC 443578538","Gaia DR2 2951804033248308480","Gaia DR3 2951804033248308480",0
"HD 47366","HD 47366 c","HD 47366","HIP 31674","TIC 443578538","Gaia DR2 2951804033248308480","Gaia DR3 2951804033248308480",0
"HD 47536","HD 47536 b","HD 47536","HIP 31688","TIC 52172862","Gaia DR2 5583831735369515008","Gaia DR3 5583831735369515008",0
"HD 4760","HD 4760 b","HD 4760","HIP 3869","TIC 405337087","Gaia DR2 2556428551067486720","Gaia DR3 2556428551067486720",0
"HD 48265","HD 48265 b","HD 48265","HIP 31895","TIC 255781806","Gaia DR2 5551551998119947648","Gaia DR3 5551551998119947648",0
"HD 48265","HD 48265 c","HD 48265","HIP 31895","TIC 255781806","Gaia DR2 5551551998119947648","Gaia DR3 5551551998119947648",0
"HD 48948","HD 48948 b","HD 48948","HIP 32769","TIC 88228576","Gaia DR2 1003351437484254464","Gaia DR3 1003351437484254464",0
"HD 48948","HD 48948 c","HD 48948","HIP 32769","TIC 88228576","Gaia DR2 1003351437484254464","Gaia DR3 1003351437484254464",0
"HD 48948","HD 48948 d","HD 48948","HIP 32769","TIC 88228576","Gaia DR2 1003351437484254464","Gaia DR3 1003351437484254464",0
"HD 4917","HD 4917 b","HD 4917","HIP 3975","TIC 77481104","Gaia DR2 2376225982619175424","Gaia DR3 2376225982619175424",0
"HD 49674","HD 49674 b","HD 49674","HIP 32916","TIC 21267079","Gaia DR2 951427000863064192","Gaia DR3 951427000863064192",0
"HD 50499","HD 50499 b","HD 50499","HIP 32970","TIC 53175558","Gaia DR2 5579783574073770112","Gaia DR3 5579783574073770112",0
"HD 50499","HD 50499 c","HD 50499","HIP 32970","TIC 53175558","Gaia DR2 5579783574073770112","Gaia DR3 5579783574073770112",0
"HD 50554","HD 50554 b","HD 50554","HIP 33212","TIC 80224448","Gaia DR2 3380479015342121600","Gaia DR3 3380479015342121600",0
"HD 50554","HD 50554 c","HD 50554","HIP 33212","TIC 80224448","Gaia DR2 3380479015342121600","Gaia DR3 3380479015342121600",0
"HD 50554","HD 50554 d","HD 50554","HIP 33212","TIC 80224448","Gaia DR2 3380479015342121600","Gaia DR3 3380479015342121600",0
"HD 51608","HD 51608 b","HD 51608","HIP 33229","TIC 279246287","Gaia DR2 5485320853638354304","Gaia DR3 5485320853638354304",0
"HD 51608","HD 51608 c","HD 51608","HIP 33229","TIC 279246287","Gaia DR2 5485320853638354304","Gaia DR3 5485320853638354304",0
"HD 52265","HD 52265 b","HD 52265","HIP 33719","TIC 268565917","Gaia DR2 3101382419728401408","Gaia DR3 3101382419728401408",0
"HD 5278","HD 5278 b","HD 5278","HIP 3911","TIC 263003176","Gaia DR2 4617759514501503616","Gaia DR3 4617759514501503616",0
"HD 5278","HD 5278 c","HD 5278","HIP 3911","TIC 263003176","Gaia DR2 4617759514501503616","Gaia DR3 4617759514501503616",0
"HD 5319","HD 5319 b","HD 5319","HIP 4297","TIC 344627954","Gaia DR2 2537319343919089024","Gaia DR3 2537319343919089024",0
"HD 5319","HD 5319 c","HD 5319","HIP 4297","TIC 344627954","Gaia DR2 2537319343919089024","Gaia DR3 2537319343919089024",0
"HD 5388","HD 5388 b","HD 5388","HIP 4311","TIC 101936170","Gaia DR2 4981024829037160320","Gaia DR3 4981024829037160320",0
"HD 55696","HD 55696 b","HD 55696","HIP 34801","TIC 22598327","Gaia DR2 5565208310497615232","Gaia DR3 5565208310497615232",0
"HD 5583","HD 5583 b","HD 5583",,"TIC 53848538","Gaia DR2 363012289421389056","Gaia DR3 363012289421389056",0
"HD 5608","HD 5608 b","HD 5608","HIP 4552","TIC 53873088","Gaia DR2 362706006713454208","Gaia DR3 362706006713454208",0
"HD 564","HD 564 b","HD 564","HIP 801","TIC 200658785","Gaia DR2 4973621989046219008","Gaia DR3 4973621989046219008",0
"HD 56414","HD 56414 b","HD 56414",,"TIC 300038935","Gaia DR2 5268547016621360768","Gaia DR3 5268547016621360768",0
"HD 56957","HD 56957 b","HD 56957",,"TIC 22972926","Gaia DR2 5561488078545298176","Gaia DR3 5561488078545298176",0
"HD 5891","HD 5891 b","HD 5891","HIP 4715","TIC 243146568","Gaia DR2 2788816827588309120","Gaia DR3 2788816827588309120",0
"HD 59686 A","HD 59686 A b","HD 59686 A","HIP 36616","TIC 247119634","Gaia DR2 3169225963647395712","Gaia DR3 3169225963647395712",0
"HD 60292","HD 60292 b","HD 60292","HIP 37196","TIC 71296216","Gaia DR2 1095822117729707264","Gaia DR3 1095822117729707264",0
"HD 60532","HD 60532 b","HD 60532","HIP 36795","TIC 456871289","Gaia DR2 5619121248264726272","Gaia DR3 5619121248267202688",0
"HD 60532","HD 60532 c","HD 60532","HIP 36795","TIC 456871289","Gaia DR2 5619121248264726272","Gaia DR3 5619121248267202688",0
"HD 6061","HD 6061 b","HD 6061",,"TIC 352413427","Gaia DR2 369669965470499456","Gaia DR3 369669965470499456",0
"HD 60779","HD 60779 b","HD 60779","HIP 36976","TIC 65672998","Gaia DR2 3060787930730737920","Gaia DR3 3060787930730737920",0
"HD 60779","HD 60779 c","HD 60779","HIP 36976","TIC 65672998","Gaia DR2 3060787930730737920","Gaia DR3 3060787930730737920",0
"HD 62364","HD 62364 b","HD 62364","HIP 36941","TIC 271972463","Gaia DR2 5214209564293214208","Gaia DR3 5214209564293214208",0
"HD 62364","HD 62364 c","HD 62364","HIP 36941","TIC 271972463","Gaia DR2 5214209564293214208","Gaia DR3 5214209564293214208",0
"HD 62509","HD 62509 b","HD 62509","HIP 37826","TIC 423088367",,,0
"HD 62549","HD 62549 b","HD 62549",,"TIC 68061731","Gaia DR2 3056551894686671616","Gaia DR3 3056551894686671616",0
"HD 63433","HD 63433 b","HD 63433","HIP 38228","TIC 130181866","Gaia DR2 875071278432954240","Gaia DR3 875071278432954240",0
"HD 63433","HD 63433 c","HD 63433","HIP 38228","TIC 130181866","Gaia DR2 875071278432954240","Gaia DR3 875071278432954240",0
"HD 63433","HD 63433 d","HD 63433","HIP 38228","TIC 130181866","Gaia DR2 875071278432954240","Gaia DR3 875071278432954240",0
"HD 63454","HD 63454 b","HD 63454","HIP 37284","TIC 278380701","Gaia DR2 5209903017765189760","Gaia DR3 5209903017765189760",0
"HD 63765","HD 63765 b","HD 63765","HIP 38041","TIC 340697083","Gaia DR2 5488567574038257280","Gaia DR3 5488567574038257280",0
"HD 63935","HD 63935 b","HD 63935","HIP 38374","TIC 453211454","Gaia DR2 3145754895088191744","Gaia DR3 3145754895088191744",0
"HD 63935","HD 63935 c","HD 63935","HIP 38374","TIC 453211454","Gaia DR2 3145754895088191744","Gaia DR3 3145754895088191744",0
"HD 64114","HD 64114 b","HD 64114","HIP 38392","TIC 36021583","Gaia DR2 3037245604373149824","Gaia DR3 3037245604373149824",0
"HD 64121","HD 64121 b","HD 64121",,"TIC 264770836","Gaia DR2 5488303966125344512","Gaia DR3 5488303966125344512",0
"HD 6434","HD 6434 b","HD 6434","HIP 5054","TIC 180871947","Gaia DR2 4988158666635743616","Gaia DR3 4988158666636598272",0
"HD 65216","HD 65216 b","HD 65216","HIP 38558","TIC 382625142","Gaia DR2 5287961677550103424","Gaia DR3 5287961677550103424",0
"HD 65216","HD 65216 c","HD 65216","HIP 38558","TIC 382625142","Gaia DR2 5287961677550103424","Gaia DR3 5287961677550103424",0
"HD 66141","HD 66141 b","HD 66141","HIP 39311","TIC 452867458","Gaia DR2 3087964941887693056","Gaia DR3 3087964941891149952",0
"HD 66428","HD 66428 b","HD 66428","HIP 39417","TIC 73238215","Gaia DR2 3083043390405346432","Gaia DR3 3083043390405346432",0
"HD 66428","HD 66428 c","HD 66428","HIP 39417","TIC 73238215","Gaia DR2 3083043390405346432","Gaia DR3 3083043390405346432",0
"HD 67087","HD 67087 b","HD 67087","HIP 39767","TIC 165796397","Gaia DR2 877846136542812160","Gaia DR3 877846136542812160",0
"HD 67087","HD 67087 c","HD 67087","HIP 39767","TIC 165796397","Gaia DR2 877846136542812160","Gaia DR3 877846136542812160",0
"HD 6718","HD 6718 b","HD 6718","HIP 5301","TIC 408047845","Gaia DR2 2475153682334693120","Gaia DR3 2475153682334693120",0
"HD 68402","HD 68402 b","HD 68402","HIP 39589","TIC 272546396","Gaia DR2 5214002100193281920","Gaia DR3 5214002100193281920",0
"HD 68475","HD 68475 b","HD 68475","HIP 40051","TIC 80995687","Gaia DR2 5521268527328372096","Gaia DR3 5521268527328372096",0
"HD 6860","HD 6860 b","HD 6860","HIP 5447","TIC 174500619",,,0
"HD 68988","HD 68988 b","HD 68988","HIP 40687","TIC 73312938","Gaia DR2 1090159839002347136","Gaia DR3 1090159839002347136",0
"HD 68988","HD 68988 c","HD 68988","HIP 40687","TIC 73312938","Gaia DR2 1090159839002347136","Gaia DR3 1090159839002347136",0
"HD 69123","HD 69123 b","HD 69123","HIP 40344","TIC 146264536","Gaia DR2 5544699390684005248","Gaia DR3 5544699390684005248",0
"HD 69830","HD 69830 b","HD 69830","HIP 40693","TIC 307624961","Gaia DR2 5726982995343100928","Gaia DR3 5726982995343100928",0
"HD 69830","HD 69830 c","HD 69830","HIP 40693","TIC 307624961","Gaia DR2 5726982995343100928","Gaia DR3 5726982995343100928",0
"HD 69830","HD 69830 d","HD 69830","HIP 40693","TIC 307624961","Gaia DR2 5726982995343100928","Gaia DR3 5726982995343100928",0
"HD 70573","HD 70573 b","HD 70573",,"TIC 455235218","Gaia DR2 3090083696499829376","Gaia DR3 3090083696499829376",0
"HD 70642","HD 70642 b","HD 70642","HIP 40952","TIC 183356952","Gaia DR2 5540006949934104448","Gaia DR3 5540006949934104448",0
"HD 715","HD 715 b","HD 715",,"TIC 272125414","Gaia DR2 2741377642494388864","Gaia DR3 2741377642494388864",0
"HD 7199","HD 7199 b","HD 7199","HIP 5529","TIC 52121796","Gaia DR2 4704957491028733824","Gaia DR3 4704957491028733824",0
"HD 72490","HD 72490 b","HD 72490","HIP 41997","TIC 20537900","Gaia DR2 603329694046441472","Gaia DR3 603329694046441472",0
"HD 72659","HD 72659 b","HD 72659","HIP 42030","TIC 121284864","Gaia DR2 3073443760538892032","Gaia DR3 3073443760538892032",0
"HD 72659","HD 72659 c","HD 72659","HIP 42030","TIC 121284864","Gaia DR2 3073443760538892032","Gaia DR3 3073443760538892032",0
"HD 72892","HD 72892 b","HD 72892","HIP 42098","TIC 405344271","Gaia DR2 5722585739105853184","Gaia DR3 5722585739105853184",0
"HD 73256","HD 73256 c","HD 73256","HIP 42214","TIC 11665403","Gaia DR2 5643762781311698048","Gaia DR3 5643762781311698048",0
"HD 73267","HD 73267 b","HD 73267","HIP 42202","TIC 11749208","Gaia DR2 5638825939745228544","Gaia DR3 5638825939745228544",0
"HD 73267","HD 73267 c","HD 73267","HIP 42202","TIC 11749208","Gaia DR2 5638825939745228544","Gaia DR3 5638825939745228544",0
"HD 73344","HD 73344 b","HD 73344","HIP 42403","TIC 175193677","Gaia DR2 666427539629086976","Gaia DR3 666427539629086976",0
"HD 73344","HD 73344 c","HD 73344","HIP 42403","TIC 175193677","Gaia DR2 666427539629086976","Gaia DR3 666427539629086976",0
"HD 73344","HD 73344 d","HD 73344","HIP 42403","TIC 175193677","Gaia DR2 666427539629086976","Gaia DR3 666427539629086976",0
"HD 73526","HD 73526 b","HD 73526","HIP 42282","TIC 180661948","Gaia DR2 5528196343922685056","Gaia DR3 5528196343926579968",0
"HD 73526","HD 73526 c","HD 73526","HIP 42282","TIC 180661948","Gaia DR2 5528196343922685056","Gaia DR3 5528196343926579968",0
"HD 73534","HD 73534 b","HD 73534","HIP 42446","TIC 21285884","Gaia DR2 603083781399095936","Gaia DR3 603083781399095936",0
"HD 73583","HD 73583 b","HD 73583","HIP 42401","TIC 101011575","Gaia DR2 5746824674801810816","Gaia DR3 5746824674801810816",0
"HD 73583","HD 73583 c","HD 73583","HIP 42401","TIC 101011575","Gaia DR2 5746824674801810816","Gaia DR3 5746824674801810816",0
"HD 74156","HD 74156 b","HD 74156","HIP 42723","TIC 379949822","Gaia DR2 582221750852254080","Gaia DR3 582221750852254080",0
"HD 74156","HD 74156 c","HD 74156","HIP 42723","TIC 379949822","Gaia DR2 582221750852254080","Gaia DR3 582221750852254080",0
"HD 7449","HD 7449 b","HD 7449","HIP 5806","TIC 248381971","Gaia DR2 2482820714353923072","Gaia DR3 2482820714353923072",0
"HD 74698","HD 74698 b","HD 74698","HIP 42532","TIC 308087983","Gaia DR2 5220639164696365312","Gaia DR3 5220639164696365312",0
"HD 74698","HD 74698 c","HD 74698","HIP 42532","TIC 308087983","Gaia DR2 5220639164696365312","Gaia DR3 5220639164696365312",0
"HD 75289","HD 75289 b","HD 75289","HIP 43177","TIC 181741837","Gaia DR2 5524982093479504384","Gaia DR3 5524982093479504384",0
"HD 75302","HD 75302 b","HD 75302","HIP 43297","TIC 262587669","Gaia DR2 581100382135253760","Gaia DR3 581100382135253760",0
"HD 75784","HD 75784 b","HD 75784","HIP 43569","TIC 46310554","Gaia DR2 608182831000585728","Gaia DR3 608182831000585728",0
"HD 75784","HD 75784 c","HD 75784","HIP 43569","TIC 46310554","Gaia DR2 608182831000585728","Gaia DR3 608182831000585728",0
"HD 75898","HD 75898 b","HD 75898","HIP 43674","TIC 302580456","Gaia DR2 713135102814342656","Gaia DR3 713135102814770432",0
"HD 75898","HD 75898 c","HD 75898","HIP 43674","TIC 302580456","Gaia DR2 713135102814342656","Gaia DR3 713135102814770432",0
"HD 76700","HD 76700 b","HD 76700","HIP 43686","TIC 302368715","Gaia DR2 5272187804562841216","Gaia DR3 5272187804562841216",0
"HD 76920","HD 76920 b","HD 76920","HIP 43803","TIC 302372658","Gaia DR2 5224124307320401024","Gaia DR3 5224124307320401024",0
"HD 77338","HD 77338 b","HD 77338","HIP 44291","TIC 37533318","Gaia DR2 5649661592466640000","Gaia DR3 5649661592466640000",0
"HD 77946","HD 77946 b","HD 77946","HIP 44746","TIC 39699648","Gaia DR2 1011435012611142784","Gaia DR3 1011435012611767552",0
"HD 79181","HD 79181 b","HD 79181",,"TIC 229846907","Gaia DR2 5679582499313038080","Gaia DR3 5679582499313038080",0
"HD 7924","HD 7924 b","HD 7924","HIP 6379","TIC 468723402","Gaia DR2 560130775546153344","Gaia DR3 560130775546153344",0
"HD 7924","HD 7924 c","HD 7924","HIP 6379","TIC 468723402","Gaia DR2 560130775546153344","Gaia DR3 560130775546153344",0
"HD 7924","HD 7924 d","HD 7924","HIP 6379","TIC 468723402","Gaia DR2 560130775546153344","Gaia DR3 560130775546153344",0
"HD 79498","HD 79498 b","HD 79498","HIP 45406","TIC 85998162","Gaia DR2 686996756484129664","Gaia DR3 686996756484129664",0
"HD 80606","HD 80606 b","HD 80606","HIP 45982","TIC 457134360","Gaia DR2 1019003226022657920","Gaia DR3 1019003226022657920",0
"HD 80653","HD 80653 b","HD 80653",,"TIC 55315929","Gaia DR2 606477252238780160","Gaia DR3 606477252238780160",0
"HD 80869","HD 80869 b","HD 80869","HIP 46022","TIC 307906761","Gaia DR2 702119851729696640","Gaia DR3 702119851729696640",0
"HD 80883","HD 80883 b","HD 80883",,"TIC 386899832","Gaia DR2 5300239064919282816","Gaia DR3 5300239064919282816",0
"HD 80913","HD 80913 b","HD 80913",,"TIC 309433928","Gaia DR2 5195752440555653504","Gaia DR3 5195752440555653504",0
"HD 81040","HD 81040 b","HD 81040","HIP 46076","TIC 414965996","Gaia DR2 637329067477530368","Gaia DR3 637329067477530368",0
"HD 81688","HD 81688 b","HD 81688","HIP 46471","TIC 105438311","Gaia DR2 818464227945910016","Gaia DR3 818464227945910016",0
"HD 81817","HD 81817 b","HD 81817","HIP 47193","TIC 137603530","Gaia DR2 1144716265940854016","Gaia DR3 1144716265942885888",0
"HD 81817","HD 81817 c","HD 81817","HIP 47193","TIC 137603530","Gaia DR2 1144716265940854016","Gaia DR3 1144716265942885888",0
"HD 82886","HD 82886 b","HD 82886","HIP 47087","TIC 8915600","Gaia DR2 797597520179672064","Gaia DR3 797597524475897600",0
"HD 82943","HD 82943 b","HD 82943","HIP 47007","TIC 405485269","Gaia DR2 5691782130578684544","Gaia DR3 5691782130578684544",0
"HD 82943","HD 82943 c","HD 82943","HIP 47007","TIC 405485269","Gaia DR2 5691782130578684544","Gaia DR3 5691782130578684544",0
"HD 8326","HD 8326 b","HD 8326","HIP 6390","TIC 11613065","Gaia DR2 5036553052456200320","Gaia DR3 5036553052456200320",0
"HD 83443","HD 83443 b","HD 83443","HIP 47202","TIC 32820141","Gaia DR2 5424836719001215360","Gaia DR3 5424836719001215360",0
"HD 83443","HD 83443 c","HD 83443","HIP 47202","TIC 32820141","Gaia DR2 5424836719001215360","Gaia DR3 5424836719001215360",0
"HD 8535","HD 8535 b","HD 8535","HIP 6511","TIC 41862035","Gaia DR2 4984244302162168704","Gaia DR3 4984244302162168704",0
"HD 85390","HD 85390 b","HD 85390","HIP 48235","TIC 446137194","Gaia DR2 5406324138654973824","Gaia DR3 5406324138654973824",0
"TOI-1774","HD 85426 c","HD 85426","HIP 48443","TIC 4897275","Gaia DR2 796063843195758208","Gaia DR3 796063843195758208",0
"HD 8574","HD 8574 b","HD 8574","HIP 6643","TIC 18121498","Gaia DR2 297045096447719040","Gaia DR3 297045096447719040",0
"HD 86065","HD 86065 b","HD 86065",,"TIC 101418130","Gaia DR2 5672053902679434112","Gaia DR3 5672053902679434112",0
"HD 86081","HD 86081 b","HD 86081","HIP 48711","TIC 62760824","Gaia DR2 3823126385045210880","Gaia DR3 3823126385045210880",0
"HD 86226","HD 86226 b","HD 86226","HIP 48739","TIC 22221375","Gaia DR2 5660492297395345408","Gaia DR3 5660492297395345408",0
"HD 86226","HD 86226 c","HD 86226","HIP 48739","TIC 22221375","Gaia DR2 5660492297395345408","Gaia DR3 5660492297395345408",0
"HD 86264","HD 86264 b","HD 86264","HIP 48780","TIC 348964243","Gaia DR2 5685917541714610688","Gaia DR3 5685917541714610688",0
"HD 86728","HD 86728 b","HD 86728","HIP 49081","TIC 172954294","Gaia DR2 746545172372256384","Gaia DR3 746545172372256384",0
"HD 8673","HD 8673 b","HD 8673","HIP 6702","TIC 80535228","Gaia DR2 317350357498173312","Gaia DR3 317350357498173312",0
"HD 86950","HD 86950 b","HD 86950","HIP 49129","TIC 332711151","Gaia DR2 5673523262530712832","Gaia DR3 5673523262530712832",0
"HD 87646","HD 87646 b","HD 87646","HIP 49522 A","TIC 27064335","Gaia DR2 623313901995781632","Gaia DR3 623313901995781632",0
"HD 87816","HD 87816 b","HD 87816","HIP 49477","TIC 138998040","Gaia DR2 5404921677215434112","Gaia DR3 5404921677218538496",0
"HD 87816","HD 87816 c","HD 87816","HIP 49477","TIC 138998040","Gaia DR2 5404921677215434112","Gaia DR3 5404921677218538496",0
"HD 87883","HD 87883 b","HD 87883","HIP 49699","TIC 407591082","Gaia DR2 747266452000257280","Gaia DR3 747266452000257280",0
"HD 88072","HD 88072 b","HD 88072",,"TIC 344988456","Gaia DR2 3835743693290649728","Gaia DR3 3835743693290897152",0
"HD 88133","HD 88133 b","HD 88133","HIP 49813","TIC 27073220","Gaia DR2 623408253837371392","Gaia DR3 623408253837371392",0
"HD 88986","HD 88986 b","HD 88986","HIP 50316","TIC 1042868","Gaia DR2 741184091114529792","Gaia DR3 741184091114529792",0
"HD 89307","HD 89307 b","HD 89307","HIP 50473","TIC 61125572","Gaia DR2 3886688327612984704","Gaia DR3 3886688327612984704",0
"HD 89345","HD 89345 b","HD 89345","HIP 50496","TIC 350020859","Gaia DR2 3877070590167177344","Gaia DR3 3877070590167177344",0
"HD 89744","HD 89744 b","HD 89744","HIP 50786","TIC 8154501","Gaia DR2 804739952015901056","Gaia DR3 804739952015901056",0
"HD 89839","HD 89839 b","HD 89839","HIP 50653","TIC 294028147","Gaia DR2 5355799586503538176","Gaia DR3 5355799586503538176",0
"HD 90156","HD 90156 b","HD 90156","HIP 50921","TIC 193032655","Gaia DR2 5461620846141553024","Gaia DR3 5461620846141553024",0
"HD 9174","HD 9174 b","HD 9174","HIP 6993","TIC 439501096","Gaia DR2 5044029491007060608","Gaia DR3 5044029491007060608",0
"HD 92788","HD 92788 b","HD 92788","HIP 52409","TIC 169248301","Gaia DR2 3802549437248150656","Gaia DR3 3802549437248150656",0
"HD 92788","HD 92788 c","HD 92788","HIP 52409","TIC 169248301","Gaia DR2 3802549437248150656","Gaia DR3 3802549437248150656",0
"HD 93083","HD 93083 b","HD 93083","HIP 52521","TIC 54237857","Gaia DR2 5450573881018549760","Gaia DR3 5450573881018549760",0
"HD 93351","HD 93351 b","HD 93351",,"TIC 318093199","Gaia DR2 3802693370192254336","Gaia DR3 3802693370192254336",0
"HD 93351","HD 93351 c","HD 93351",,"TIC 318093199","Gaia DR2 3802693370192254336","Gaia DR3 3802693370192254336",0
"HD 93385","HD 93385 b","HD 93385",,"TIC 106900981","Gaia DR2 5391813299572883456","Gaia DR3 5391813299572883456",0
"HD 93385","HD 93385 c","HD 93385",,"TIC 106900981","Gaia DR2 5391813299572883456","Gaia DR3 5391813299572883456",0
"HD 93385","HD 93385 d","HD 93385",,"TIC 106900981","Gaia DR2 5391813299572883456","Gaia DR3 5391813299572883456",0
"HD 93963 A","HD 93963 A b","HD 93963 A",,"TIC 368435330","Gaia DR2 729899906357408768","Gaia DR3 729899906357408768",0
"HD 93963 A","HD 93963 A c","HD 93963 A",,"TIC 368435330","Gaia DR2 729899906357408768","Gaia DR3 729899906357408768",0
"HD 9446","HD 9446 b","HD 9446","HIP 7245","TIC 18277196","Gaia DR2 302956655074266112","Gaia DR3 302956655074266112",0
"HD 9446","HD 9446 c","HD 9446","HIP 7245","TIC 18277196","Gaia DR2 302956655074266112","Gaia DR3 302956655074266112",0
"HD 94771","HD 94771 b","HD 94771","HIP 53437","TIC 48974071","Gaia DR2 5401358469249455104","Gaia DR3 5401358469249455104",0
"HD 94834","HD 94834 b","HD 94834","HIP 53545","TIC 138764379","Gaia DR2 3995918691799173248","Gaia DR3 3995918691799173248",0
"HD 94890","HD 94890 b","HD 94890","HIP 53502","TIC 158543228","Gaia DR2 5394951821153092864","Gaia DR3 5394951821153092864",0
"HD 94890","HD 94890 c","HD 94890","HIP 53502","TIC 158543228","Gaia DR2 5394951821153092864","Gaia DR3 5394951821153092864",0
"HD 95086","HD 95086 b","HD 95086","HIP 53524","TIC 399637637","Gaia DR2 5231963962676292224","Gaia DR3 5231963962676292224",0
"HD 95089","HD 95089 b","HD 95089","HIP 53666","TIC 345078350","Gaia DR2 3808410933735817472","Gaia DR3 3808410933735817472",0
"HD 95089","HD 95089 c","HD 95089","HIP 53666","TIC 345078350","Gaia DR2 3808410933735817472","Gaia DR3 3808410933735817472",0
"HD 95127","HD 95127 b","HD 95127","HIP 53733","TIC 252794572","Gaia DR2 781641961487762816","Gaia DR3 781641961487762816",0
"HD 95338","HD 95338 b","HD 95338","HIP 53719","TIC 304142124","Gaia DR2 5340648488081462528","Gaia DR3 5340648488081462528",0
"HD 95544","HD 95544 b","HD 95544","HIP 54203","TIC 156103616","Gaia DR2 1133573746387113856","Gaia DR3 1133573746387113856",0
"GJ 411","HD 95735 c","HD 95735","HIP 54035","TIC 166646191",,,0
"HD 95872","HD 95872 b","HD 95872",,"TIC 52198580","Gaia DR2 3537576785745979904","Gaia DR3 3537576785745979904",0
"HD 96063","HD 96063 b","HD 96063","HIP 54158","TIC 53178442","Gaia DR2 3791263156547622784","Gaia DR3 3791263156547622784",0
"HD 96127","HD 96127 b","HD 96127","HIP 54232","TIC 252803484","Gaia DR2 781999921242524160","Gaia DR3 781999921242524160",0
"HD 96167","HD 96167 b","HD 96167","HIP 54195","TIC 286277386","Gaia DR2 3758718711877270784","Gaia DR3 3758718711877270784",0
"HD 96700","HD 96700 b","HD 96700","HIP 54400","TIC 23270430","Gaia DR2 5452492082132835840","Gaia DR3 5452492082132835840",0
"HD 96700","HD 96700 c","HD 96700","HIP 54400","TIC 23270430","Gaia DR2 5452492082132835840","Gaia DR3 5452492082132835840",0
"HD 96700","HD 96700 d","HD 96700","HIP 54400","TIC 23270430","Gaia DR2 5452492082132835840","Gaia DR3 5452492082132835840",0
"HD 96992","HD 96992 b","HD 96992","HIP 54595","TIC 88704251","Gaia DR2 779018698542966272","Gaia DR3 779018698542966272",0
"HD 97037","HD 97037 b","HD 97037",,"TIC 143046056","Gaia DR2 3784271568265259904","Gaia DR3 3784271568265259904",0
"HD 97048","HD 97048 b","HD 97048","HIP 54413","TIC 454291762","Gaia DR2 5201128124701636864","Gaia DR3 5201128124701636864",0
"HD 97658","HD 97658 b","HD 97658","HIP 54906","TIC 82308728","Gaia DR2 3997075206232885888","Gaia DR3 3997075206232885888",0
"HD 98219","HD 98219 b","HD 98219","HIP 55174","TIC 437246853","Gaia DR2 3534621989981179520","Gaia DR3 3534621989981179520",0
"HD 98649","HD 98649 b","HD 98649","HIP 55409","TIC 437258837","Gaia DR2 3538141457982396928","Gaia DR3 3538141457982396928",0
"HD 98736","HD 98736 b","HD 98736","HIP 55486 A","TIC 3819571","Gaia DR2 3977050728669174912","Gaia DR3 3977050728669174912",0
"HD 99109","HD 99109 b","HD 99109","HIP 55664","TIC 38158652","Gaia DR2 3796826582305099520","Gaia DR3 3796826582305099520",0
"HD 99283","HD 99283 b","HD 99283",,"TIC 341687229","Gaia DR2 844058831415683712","Gaia DR3 844058831415683712",0
"HD 99492","HD 99492 b","HD 99492","HIP 55848","TIC 363549734","Gaia DR2 3812355294261019904","Gaia DR3 3812355294262255104",0
"HD 99492","HD 99492 c","HD 99492","HIP 55848","TIC 363549734","Gaia DR2 3812355294261019904","Gaia DR3 3812355294262255104",0
"HD 99706","HD 99706 b","HD 99706","HIP 55994","TIC 148680230","Gaia DR2 784227772318969472","Gaia DR3 784227772318969472",0
"HD 99706","HD 99706 c","HD 99706","HIP 55994","TIC 148680230","Gaia DR2 784227772318969472","Gaia DR3 784227772318969472",0
"HIP 10090","HIP 10090 b",,"HIP 10090","TIC 123405803","Gaia DR2 5019882016637404672","Gaia DR3 5019882016637404672",0
"HIP 10090","HIP 10090 c",,"HIP 10090","TIC 123405803","Gaia DR2 5019882016637404672","Gaia DR3 5019882016637404672",0
"HIP 105854","HIP 105854 b","HD 203949","HIP 105854","TIC 129649472","Gaia DR2 6583094222249556224","Gaia DR3 6583094222249556224",0
"HIP 107772","HIP 107772 b",,"HIP 107772","TIC 197602069","Gaia DR2 6572326052043362304","Gaia DR3 6572326052043362304",0
"HIP 107773","HIP 107773 b","HD 207229","HIP 107773","TIC 406320735","Gaia DR2 6402076022332085760","Gaia DR3 6402076022332085760",0
"HIP 109384","HIP 109384 b",,"HIP 109384","TIC 316470945","Gaia DR2 2230429435107258752","Gaia DR3 2230429435107258752",0
"HIP 109600","HIP 109600 b",,"HIP 109600","TIC 27864699","Gaia DR2 1894962115280642688","Gaia DR3 1894962115280642688",0
"HIP 111909","HIP 111909 b",,"HIP 111909","TIC 161173454","Gaia DR2 6517272336609082880","Gaia DR3 6517272336609082880",0
"HIP 111909","HIP 111909 c",,"HIP 111909","TIC 161173454","Gaia DR2 6517272336609082880","Gaia DR3 6517272336609082880",0
"HIP 113103","HIP 113103 b",,"HIP 113103","TIC 121490076","Gaia DR2 6541360574788758016","Gaia DR3 6541360574788758016",0
"HIP 113103","HIP 113103 c",,"HIP 113103","TIC 121490076","Gaia DR2 6541360574788758016","Gaia DR3 6541360574788758016",0
"HIP 114933","HIP 114933 b","HD 219553","HIP 114933","TIC 9007224","Gaia DR2 2386410312150368256","Gaia DR3 2386410312150368256",0
"HIP 116454","HIP 116454 b",,"HIP 116454","TIC 422618449","Gaia DR2 2645940376800212096","Gaia DR3 2645940376800212096",0
"HIP 12961","HIP 12961 b",,"HIP 12961","TIC 204614039","Gaia DR2 5077642283022422656","Gaia DR3 5077642283022422656",0
"HIP 14810","HIP 14810 b",,"HIP 14810","TIC 113810736","Gaia DR2 60684353135617792","Gaia DR3 60684353135617792",0
"HIP 14810","HIP 14810 c",,"HIP 14810","TIC 113810736","Gaia DR2 60684353135617792","Gaia DR3 60684353135617792",0
"HIP 14810","HIP 14810 d",,"HIP 14810","TIC 113810736","Gaia DR2 60684353135617792","Gaia DR3 60684353135617792",0
"HIP 18606","HIP 18606 b",,"HIP 18606","TIC 49952922","Gaia DR2 3245123980001812864","Gaia DR3 3245123980001812864",0
"HIP 19976","HIP 19976 b",,"HIP 19976","TIC 7623762","Gaia DR2 4840909492463387136","Gaia DR3 4840909492463387136",0
"HIP 21152","HIP 21152 b","HD 28736","HIP 21152","TIC 452767166","Gaia DR2 3285426613077584384","Gaia DR3 3285426613077584384",0
"TOI-469","HIP 29442 c","HD 42813","HIP 29442","TIC 33692729","Gaia DR2 2993561629444856960","Gaia DR3 2993561629444856960",0
"TOI-469","HIP 29442 d","HD 42813","HIP 29442","TIC 33692729","Gaia DR2 2993561629444856960","Gaia DR3 2993561629444856960",0
"HIP 34222","HIP 34222 b",,"HIP 34222","TIC 91842379","Gaia DR2 884039857341503616","Gaia DR3 884039857341503616",0
"HIP 35173","HIP 35173 b",,"HIP 35173","TIC 50992589","Gaia DR2 3059948148669499008","Gaia DR3 3059948148669499008",0
"HIP 35965","HIP 35965 b",,"HIP 35965","TIC 291466351","Gaia DR2 5493625121366825984","Gaia DR3 5493625121366825984",0
"HIP 38594","HIP 38594 b",,"HIP 38594","TIC 128902569","Gaia DR2 5602386058511578368","Gaia DR3 5602386058511578368",0
"HIP 38594","HIP 38594 c",,"HIP 38594","TIC 128902569","Gaia DR2 5602386058511578368","Gaia DR3 5602386058511578368",0
"HIP 39017","HIP 39017 b","HD 65526","HIP 39017","TIC 26045729","Gaia DR2 3068540350999693952","Gaia DR3 3068540350999693952",0
"HIP 39330","HIP 39330 b",,"HIP 39330","TIC 79698690","Gaia DR2 5518807064384744832","Gaia DR3 5518807064384744832",0
"HIP 41378","HIP 41378 b",,"HIP 41378","TIC 366443426","Gaia DR2 600698184764497664","Gaia DR3 600698184764497664",0
"HIP 41378","HIP 41378 c",,"HIP 41378","TIC 366443426","Gaia DR2 600698184764497664","Gaia DR3 600698184764497664",0
"HIP 41378","HIP 41378 d",,"HIP 41378","TIC 366443426","Gaia DR2 600698184764497664","Gaia DR3 600698184764497664",0
"HIP 41378","HIP 41378 e",,"HIP 41378","TIC 366443426","Gaia DR2 600698184764497664","Gaia DR3 600698184764497664",0
"HIP 41378","HIP 41378 f",,"HIP 41378","TIC 366443426","Gaia DR2 600698184764497664","Gaia DR3 600698184764497664",0
"HIP 41378","HIP 41378 g",,"HIP 41378","TIC 366443426","Gaia DR2 600698184764497664","Gaia DR3 600698184764497664",0
"HIP 4845","HIP 4845 b",,"HIP 4845","TIC 24250831","Gaia DR2 2473055951588089088","Gaia DR3 2473055951588089088",0
"HIP 48714","HIP 48714 b",,"HIP 48714","TIC 287165117","Gaia DR2 1051547052218220160","Gaia DR3 1051547052218220160",0
"HIP 5158","HIP 5158 b",,"HIP 5158","TIC 268634769","Gaia DR2 2351405057377686272","Gaia DR3 2351405057377686272",0
"HIP 5158","HIP 5158 c",,"HIP 5158","TIC 268634769","Gaia DR2 2351405057377686272","Gaia DR3 2351405057377686272",0
"HIP 54373","HIP 54373 b",,"HIP 54373","TIC 410407964","Gaia DR2 3552000252294347392","Gaia DR3 3552000252294347392",0
"HIP 54373","HIP 54373 c",,"HIP 54373","TIC 410407964","Gaia DR2 3552000252294347392","Gaia DR3 3552000252294347392",0
"HIP 54515","HIP 54515 b","HD 96855","HIP 54515","TIC 62903306","Gaia DR2 3791464504614567040","Gaia DR3 3791464504614567040",0
"HIP 54597","HIP 54597 b",,"HIP 54597","TIC 20375215","Gaia DR2 5452634262730082176","Gaia DR3 5452634262730082176",0
"HIP 55507","HIP 55507 b",,"HIP 55507","TIC 406781410","Gaia DR2 788340461203094912","Gaia DR3 788340461203094912",0
"HIP 56640","HIP 56640 b","HD 100939","HIP 56640","TIC 181152368","Gaia DR2 5386076013538356992","Gaia DR3 5386076013538356992",0
"HIP 57274","HIP 57274 b",,"HIP 57274","TIC 5078530","Gaia DR2 4021079911593673600","Gaia DR3 4021079911593673600",0
"HIP 57274","HIP 57274 c",,"HIP 57274","TIC 5078530","Gaia DR2 4021079911593673600","Gaia DR3 4021079911593673600",0
"HIP 57274","HIP 57274 d",,"HIP 57274","TIC 5078530","Gaia DR2 4021079911593673600","Gaia DR3 4021079911593673600",0
"HIP 5763","HIP 5763 b",,"HIP 5763","TIC 408290683","Gaia DR2 2783854903410922496","Gaia DR3 2783854903410922496",0
"HIP 63242","HIP 63242 b","HD 112410","HIP 63242","TIC 437310271","Gaia DR2 5858576597131420288","Gaia DR3 5858576597131420288",0
"HIP 65 A","HIP 65 A b",,"HIP 65 A","TIC 201248411","Gaia DR2 4923860051276772608","Gaia DR3 4923860051276772608",0
"HIP 65407","HIP 65407 b",,"HIP 65407","TIC 165454978","Gaia DR2 1553084230347385344","Gaia DR3 1553084230347385344",0
"HIP 65407","HIP 65407 c",,"HIP 65407","TIC 165454978","Gaia DR2 1553084230347385344","Gaia DR3 1553084230347385344",0
"HIP 65426","HIP 65426 b","HD 116434","HIP 65426","TIC 438702139","Gaia DR2 6070080754075553792","Gaia DR3 6070080754075553792",0
"HIP 65891","HIP 65891 b","HD 117253","HIP 65891","TIC 68418284","Gaia DR2 5870273893372957440","Gaia DR3 5870273893372957440",0
"HIP 66074","HIP 66074 b",,"HIP 66074","TIC 298130822","Gaia DR2 1712614124767394816","Gaia DR3 1712614124767394816",0
"HIP 67522","HIP 67522 b","HD 120411","HIP 67522","TIC 166527623","Gaia DR2 6113920619134019456","Gaia DR3 6113920619134019456",0
"HIP 67522","HIP 67522 c","HD 120411","HIP 67522","TIC 166527623","Gaia DR2 6113920619134019456","Gaia DR3 6113920619134019456",0
"HIP 67537","HIP 67537 b","HD 120457","HIP 67537","TIC 166526615","Gaia DR2 6114034246789494528","Gaia DR3 6114034246789494528",0
"HIP 67851","HIP 67851 b","HD 121056","HIP 67851","TIC 111947706","Gaia DR2 6169943210465504384","Gaia DR3 6169943210465504384",0
"HIP 67851","HIP 67851 c","HD 121056","HIP 67851","TIC 111947706","Gaia DR2 6169943210465504384","Gaia DR3 6169943210465504384",0
"HIP 70849","HIP 70849 b",,"HIP 70849","TIC 127382459","Gaia DR2 6099000589942631424","Gaia DR3 6099000589942631424",0
"HIP 71135","HIP 71135 b",,"HIP 71135","TIC 457695809","Gaia DR2 5897706154359881088","Gaia DR3 5897706154359881088",0
"HIP 74890","HIP 74890 b","HD 135760","HIP 74890","TIC 148153804","Gaia DR2 6004107513791584512","Gaia DR3 6004107513791584512",0
"HIP 75092","HIP 75092 b","HD 136295","HIP 75092","TIC 225884682","Gaia DR2 6214741299913205888","Gaia DR3 6214741299913205888",0
"HIP 77900","HIP 77900 b",,"HIP 77900","TIC 24133681","Gaia DR2 6233740654686482560","Gaia DR3 6233740654686482560",0
"HIP 78530","HIP 78530 b","HD 143567","HIP 78530","TIC 1259690584","Gaia DR2 6243537406369453824","Gaia DR3 6243537406369453824",0
"HIP 79098 AB","HIP 79098 AB b","HD 144844","HIP 79098 AB","TIC 48908494","Gaia DR2 6242058872466158848","Gaia DR3 6242058872466158848",1
"HIP 79431","HIP 79431 b",,"HIP 79431","TIC 49324530","Gaia DR2 6245870673116518784","Gaia DR3 6245870673116518784",0
"HIP 81208 C","HIP 81208 C b",,"HIP 81208 C",,,,0
"HIP 8152","HIP 8152 b",,"HIP 8152","TIC 164767175","Gaia DR2 5140454049422547200","Gaia DR3 5140454049422547200",0
"HIP 8152","HIP 8152 c",,"HIP 8152","TIC 164767175","Gaia DR2 5140454049422547200","Gaia DR3 5140454049422547200",0
"HIP 81991","HIP 81991 b","HD 151090","HIP 81991","TIC 276855687","Gaia DR2 4435689739087756800","Gaia DR3 4435689739087756800",0
"HIP 8541","HIP 8541 b","HD 11343","HIP 8541","TIC 231019255","Gaia DR2 4912062772547406976","Gaia DR3 4912062772547406976",0
"HIP 86221","HIP 86221 b",,"HIP 86221","TIC 311407476",,,0
"HIP 8923","HIP 8923 b",,"HIP 8923","TIC 24940997","Gaia DR2 2459948295515648768","Gaia DR3 2459948295515648768",0
"HIP 90988","HIP 90988 b","HD 170707","HIP 90988","TIC 404598466","Gaia DR2 6703673951620872192","Gaia DR3 6703673951620872192",0
"HIP 91258","HIP 91258 b",,"HIP 91258","TIC 383675945","Gaia DR2 2159653734187847168","Gaia DR3 2159653734187847168",0
"HIP 94235","HIP 94235 b",,"HIP 94235","TIC 464646604","Gaia DR2 6632318361397624960","Gaia DR3 6632318361397624960",0
"HIP 948","HIP 948 b",,"HIP 948","TIC 120523708","Gaia DR2 4996711836306613120","Gaia DR3 4996711836306613120",0
"HIP 9618","HIP 9618 b","HD 12572","HIP 9618","TIC 306263608","Gaia DR2 94468978202180352","Gaia DR3 94468978202180352",0
"HIP 9618","HIP 9618 c","HD 12572","HIP 9618","TIC 306263608","Gaia DR2 94468978202180352","Gaia DR3 94468978202180352",0
"HIP 97166","HIP 97166 b",,"HIP 97166","TIC 237222864","Gaia DR2 2288221003213039488","Gaia DR3 2288221003213039488",0
"HIP 97166","HIP 97166 c",,"HIP 97166","TIC 237222864","Gaia DR2 2288221003213039488","Gaia DR3 2288221003213039488",0
"HIP 97233","HIP 97233 b","HD 186641","HIP 97233","TIC 251662732","Gaia DR2 4238527753544691712","Gaia DR3 4238527753544691712",0
"HIP 98599","HIP 98599 b",,"HIP 98599","TIC 74541369","Gaia DR2 6864242811508684672","Gaia DR3 6864242811508684672",0
"HIP 99770","HIP 99770 b",,"HIP 99770","TIC 10988057","Gaia DR2 2060523518197844608","Gaia DR3 2060523518197844608",0
"HN Lib","HN Lib b",,"HIP 71253","TIC 294401924","Gaia DR2 6324325225803432320","Gaia DR3 6324325225803432320",0
"HN Peg","HN Peg b","HD 206860","HIP 107350","TIC 301880196","Gaia DR2 1772187382746856320","Gaia DR3 1772187382746856320",0
"HR 2562","HR 2562 b","HD 50571","HIP 32775","TIC 167656187","Gaia DR2 5480006192386819456","Gaia DR3 5480006192386819456",0
"HR 5183","HR 5183 b","HD 120066","HIP 67246","TIC 379117362","Gaia DR2 3721126409323324416","Gaia DR3 3721126409323324416",0
"HR 810","HR 810 b","HD 17051","HIP 12653","TIC 166853853","Gaia DR2 4745373133284418816","Gaia DR3 4745373133284418816",0
"HR 858","HR 858 b","HD 17926","HIP 13363","TIC 178155732","Gaia DR2 5064574720469473792","Gaia DR3 5064574724769475968",0
"HR 858","HR 858 c","HD 17926","HIP 13363","TIC 178155732","Gaia DR2 5064574720469473792","Gaia DR3 5064574724769475968",0
"HR 858","HR 858 d","HD 17926","HIP 13363","TIC 178155732","Gaia DR2 5064574720469473792","Gaia DR3 5064574724769475968",0
"HR 8799","HR 8799 b","HD 218396","HIP 114189","TIC 245368902","Gaia DR2 2832463659640297472","Gaia DR3 2832463659640297472",0
"HR 8799","HR 8799 c","HD 218396","HIP 114189","TIC 245368902","Gaia DR2 2832463659640297472","Gaia DR3 2832463659640297472",0
"HR 8799","HR 8799 d","HD 218396","HIP 114189","TIC 245368902","Gaia DR2 2832463659640297472","Gaia DR3 2832463659640297472",0
"HR 8799","HR 8799 e","HD 218396","HIP 114189","TIC 245368902","Gaia DR2 2832463659640297472","Gaia DR3 2832463659640297472",0
"HS Psc","HS Psc b",,,"TIC 353804063","Gaia DR2 295713102534550272","Gaia DR3 295713106830535424",0
"HU Aqr","HU Aqr AB b",,,"TIC 364173220","Gaia DR2 6911950900211768704","Gaia DR3 6911950900211768704",1
"HU Aqr","HU Aqr AB c",,,"TIC 364173220","Gaia DR2 6911950900211768704","Gaia DR3 6911950900211768704",1
"IC 4651 9122","IC 4651 9122 b",,,"TIC 214416505","Gaia DR2 5949553973093167104","Gaia DR3 5949553973093167104",0
"IRAS 04125+2902","IRAS 04125+2902 b",,,"TIC 56658270","Gaia DR2 164800235906366976","Gaia DR3 164800235906366976",0
"ITG 15 A","ITG 15 b",,,"TIC 150058659","Gaia DR2 148400229703257856","Gaia DR3 148400229703257856",0
"K2-10","K2-10 b",,,"TIC 363573185","Gaia DR2 3798690151434945280","Gaia DR3 3798690151434945280",0
"K2-100","K2-100 b",,,"TIC 307733361","Gaia DR2 664337230586013312","Gaia DR3 664337230586013312",0
"K2-101","K2-101 b",,,"TIC 175265494","Gaia DR2 661004400386393984","Gaia DR3 661004400386393984",0
"K2-102","K2-102 b",,,"TIC 175262071","Gaia DR2 661310756111835392","Gaia DR3 661310756111835392",0
"K2-104","K2-104 b",,,"TIC 175194958","Gaia DR2 664292459846946560","Gaia DR3 664292459846946560",0
"K2-105","K2-105 b",,,"TIC 6892385","Gaia DR2 651907079835937280","Gaia DR3 651907079835937280",0
"K2-107","K2-107 b",,,"TIC 414843476","Gaia DR2 4081684580199958528","Gaia DR3 4081684580199958528",0
"K2-108","K2-108 b",,,"TIC 27635334","Gaia DR2 655794055300531456","Gaia DR3 655794055300531456",0
"K2-11","K2-11 b",,,"TIC 301609547","Gaia DR2 3810535361999701376","Gaia DR3 3810535361999701376",0
"K2-110","K2-110 b",,,"TIC 287333762","Gaia DR2 3613175223837135616","Gaia DR3 3613175223837135616",0
"K2-111","K2-111 b",,,"TIC 14227229","Gaia DR2 53006669599267328","Gaia DR3 53006669599267328",0
"K2-111","K2-111 c",,,"TIC 14227229","Gaia DR2 53006669599267328","Gaia DR3 53006669599267328",0
"K2-113","K2-113 b",,,"TIC 376939759","Gaia DR2 2564787622577189760","Gaia DR3 2564787622577189760",0
"K2-114","K2-114 b",,,"TIC 366576758","Gaia DR2 602494855483616256","Gaia DR3 602494855483616256",0
"K2-115","K2-115 b",,,"TIC 7020254","Gaia DR2 650778499868023296","Gaia DR3 650778499868023296",0
"K2-116","K2-116 b",,"HIP 110620","TIC 39936432","Gaia DR2 2602406721431348096","Gaia DR3 2602406721431348096",0
"K2-117","K2-117 b",,,"TIC 458686847","Gaia DR2 597829077890316928","Gaia DR3 597829077890316928",0
"K2-117","K2-117 c",,,"TIC 458686847","Gaia DR2 597829077890316928","Gaia DR3 597829077890316928",0
"K2-118","K2-118 b",,,"TIC 293496724","Gaia DR2 609814922864694400","Gaia DR3 609814922864694400",0
"K2-119","K2-119 b",,,"TIC 293460551","Gaia DR2 658274970145911424","Gaia DR3 658274970145911424",0
"K2-12","K2-12 b",,,"TIC 396972464","Gaia DR2 3800129201701685504","Gaia DR3 3800129201701685504",0
"K2-121","K2-121 b",,,"TIC 7059054","Gaia DR2 662078902422542336","Gaia DR3 662078902422542336",0
"K2-122","K2-122 b",,,"TIC 14635562","Gaia DR2 663843343706623232","Gaia DR3 663843343706623232",0
"K2-123","K2-123 b",,,"TIC 197249801","Gaia DR2 685065155072248192","Gaia DR3 685065155072248192",0
"K2-124","K2-124 b",,,"TIC 197221381","Gaia DR2 686230534318440960","Gaia DR3 686230534318440960",0
"K2-125","K2-125 b",,,"TIC 405673618","Gaia DR2 3606324613561098368","Gaia DR3 3606324613561098368",0
"K2-126","K2-126 b",,,"TIC 422349422","Gaia DR2 3606785098479012864","Gaia DR3 3606785098479012864",0
"K2-127","K2-127 b",,,"TIC 187309502","Gaia DR2 3613472293839371136","Gaia DR3 3613472293839371136",0
"K2-128","K2-128 b",,,"TIC 677945","Gaia DR2 3618386664139093504","Gaia DR3 3618386664139093504",0
"K2-129","K2-129 b",,,"TIC 2468648","Gaia DR2 6769308026926349056","Gaia DR3 6769308026926349056",0
"K2-13","K2-13 b",,,"TIC 363479723","Gaia DR2 3811032513054107648","Gaia DR3 3811032513054107648",0
"K2-130","K2-130 b",,,"TIC 12181371","Gaia DR2 4083382672829717504","Gaia DR3 4083382672829717504",0
"K2-131","K2-131 b",,,"TIC 176868951","Gaia DR2 3580920878437938688","Gaia DR3 3580920878437938688",0
"K2-132","K2-132 b",,,"TIC 152852327","Gaia DR2 3582339626395387264","Gaia DR3 3582339626395387264",0
"K2-133","K2-133 b",,,"TIC 150096001","Gaia DR2 148080473682357376","Gaia DR3 148080473682357376",0
"K2-133","K2-133 c",,,"TIC 150096001","Gaia DR2 148080473682357376","Gaia DR3 148080473682357376",0
"K2-133","K2-133 d",,,"TIC 150096001","Gaia DR2 148080473682357376","Gaia DR3 148080473682357376",0
"K2-133","K2-133 e",,,"TIC 150096001","Gaia DR2 148080473682357376","Gaia DR3 148080473682357376",0
"K2-136","K2-136 b",,,"TIC 18310799","Gaia DR2 145916050683920128","Gaia DR3 145916050683920128",0
"K2-136","K2-136 c",,,"TIC 18310799","Gaia DR2 145916050683920128","Gaia DR3 145916050683920128",0
"K2-136","K2-136 d",,,"TIC 18310799","Gaia DR2 145916050683920128","Gaia DR3 145916050683920128",0
"K2-137","K2-137 b",,,"TIC 98720702","Gaia DR2 3583729340372873344","Gaia DR3 3583729340372873344",0
"K2-138","K2-138 b",,,"TIC 4610830","Gaia DR2 2413596935442139520","Gaia DR3 2413596935442139520",0
"K2-138","K2-138 c",,,"TIC 4610830","Gaia DR2 2413596935442139520","Gaia DR3 2413596935442139520",0
"K2-138","K2-138 d",,,"TIC 4610830","Gaia DR2 2413596935442139520","Gaia DR3 2413596935442139520",0
"K2-138","K2-138 e",,,"TIC 4610830","Gaia DR2 2413596935442139520","Gaia DR3 2413596935442139520",0
"K2-138","K2-138 f",,,"TIC 4610830","Gaia DR2 2413596935442139520","Gaia DR3 2413596935442139520",0
"K2-138","K2-138 g",,,"TIC 4610830","Gaia DR2 2413596935442139520","Gaia DR3 2413596935442139520",0
"K2-139","K2-139 b",,,"TIC 11023038","Gaia DR2 4084602654011029376","Gaia DR3 4084602654011029376",0
"K2-14","K2-14 b",,,"TIC 366683184","Gaia DR2 3892632287473304064","Gaia DR3 3892632287473304064",0
"K2-140","K2-140 b",,,"TIC 380255458","Gaia DR2 3579426053724051584","Gaia DR3 3579426053724051584",0
"K2-141","K2-141 b",,,"TIC 301235044","Gaia DR2 2643952940813536768","Gaia DR3 2643952940813536768",0
"K2-141","K2-141 c",,,"TIC 301235044","Gaia DR2 2643952940813536768","Gaia DR3 2643952940813536768",0
"K2-146","K2-146 b",,,"TIC 175261852","Gaia DR2 661192902209491456","Gaia DR3 661192902209491456",0
"K2-146","K2-146 c",,,"TIC 175261852","Gaia DR2 661192902209491456","Gaia DR3 661192902209491456",0
"K2-147","K2-147 b",,,"TIC 398275886","Gaia DR2 6764974194470777600","Gaia DR3 6764974194470777600",0
"K2-148","K2-148 b",,,"TIC 423358488","Gaia DR2 2536443724641751808","Gaia DR3 2536443724641751808",0
"K2-148","K2-148 c",,,"TIC 423358488","Gaia DR2 2536443724641751808","Gaia DR3 2536443724641751808",0
"K2-148","K2-148 d",,,"TIC 423358488","Gaia DR2 2536443724641751808","Gaia DR3 2536443724641751808",0
"K2-149","K2-149 b",,,"TIC 429035886","Gaia DR2 2557342829345854208","Gaia DR3 2557342829345854208",0
"K2-15","K2-15 b",,,"TIC 366696612","Gaia DR2 3896271842760486272","Gaia DR3 3896271842760486272",0
"K2-150","K2-150 b",,,"TIC 376879419","Gaia DR2 2579495171146737280","Gaia DR3 2579495171146737280",0
"K2-151","K2-151 b",,,"TIC 376936928","Gaia DR2 2579620343673729408","Gaia DR3 2579620343673729408",0
"K2-152","K2-152 b",,,"TIC 56754291","Gaia DR2 3596508242468505216","Gaia DR3 3596508242468505216",0
"K2-153","K2-153 b",,,"TIC 397056271","Gaia DR2 3700937760929835648","Gaia DR3 3700937760929835648",0
"K2-154","K2-154 b",,,"TIC 175371068","Gaia DR2 3683121446312149504","Gaia DR3 3683121446312149504",0
"K2-154","K2-154 c",,,"TIC 175371068","Gaia DR2 3683121446312149504","Gaia DR3 3683121446312149504",0
"K2-155","K2-155 b",,,"TIC 17307715","Gaia DR2 145333927996558976","Gaia DR3 145333927996558976",0
"K2-155","K2-155 c",,,"TIC 17307715","Gaia DR2 145333927996558976","Gaia DR3 145333927996558976",0
"K2-155","K2-155 d",,,"TIC 17307715","Gaia DR2 145333927996558976","Gaia DR3 145333927996558976",0
"K2-156","K2-156 b",,,"TIC 176868262","Gaia DR2 3596250888028092160","Gaia DR3 3596250888028092160",0
"K2-157","K2-157 b",,,"TIC 349445372","Gaia DR2 3596333042162818304","Gaia DR3 3596333042162818304",0
"K2-157","K2-157 c",,,"TIC 349445372","Gaia DR2 3596333042162818304","Gaia DR3 3596333042162818304",0
"K2-157","K2-157 d",,,"TIC 349445372","Gaia DR2 3596333042162818304","Gaia DR3 3596333042162818304",0
"K2-158","K2-158 b",,,"TIC 35021200","Gaia DR2 3596003497911958528","Gaia DR3 3596003497911958528",0
"K2-158","K2-158 c",,,"TIC 35021200","Gaia DR2 3596003497911958528","Gaia DR3 3596003497911958528",0
"K2-159","K2-159 b",,,"TIC 35064295","Gaia DR2 3600851450836925312","Gaia DR3 3600851450836925312",0
"K2-16","K2-16 b",,,"TIC 281886199","Gaia DR2 3897048338487064064","Gaia DR3 3897048338487064064",0
"K2-16","K2-16 c",,,"TIC 281886199","Gaia DR2 3897048338487064064","Gaia DR3 3897048338487064064",0
"K2-160","K2-160 b",,,"TIC 349456525","Gaia DR2 3598004677793811584","Gaia DR3 3598004677793811584",0
"K2-161","K2-161 b",,,"TIC 349445839","Gaia DR2 3598019894861833856","Gaia DR3 3598019899158204160",0
"K2-162","K2-162 b",,,"TIC 94892940","Gaia DR2 3694878833385971840","Gaia DR3 3694878833385971840",0
"K2-163","K2-163 b",,,"TIC 56760743","Gaia DR2 3697972721667206144","Gaia DR3 3697972721667206144",0
"K2-164","K2-164 b",,,"TIC 173090902","Gaia DR2 3797456808626205696","Gaia DR3 3797456808626205696",0
"K2-165","K2-165 b",,,"TIC 149969625","Gaia DR2 3700016198387202304","Gaia DR3 3700016198387202304",0
"K2-165","K2-165 c",,,"TIC 149969625","Gaia DR2 3700016198387202304","Gaia DR3 3700016198387202304",0
"K2-165","K2-165 d",,,"TIC 149969625","Gaia DR2 3700016198387202304","Gaia DR3 3700016198387202304",0
"K2-166","K2-166 b",,,"TIC 377171980","Gaia DR2 3701015375282968064","Gaia DR3 3701015375282968064",0
"K2-167","K2-167 b","HD 212657","HIP 110758","TIC 69747919","Gaia DR2 2594479109451475456","Gaia DR3 2594479109451475456",0
"K2-168","K2-168 b",,,"TIC 437695245","Gaia DR2 6826271727199243264","Gaia DR3 6826271727199243264",0
"K2-169","K2-169 b",,,"TIC 12770870","Gaia DR2 2599322178998513664","Gaia DR3 2599322178998513664",0
"K2-17","K2-17 b",,,"TIC 291090078","Gaia DR2 3899064464855774592","Gaia DR3 3899064464855774592",0
"K2-170","K2-170 b",,,"TIC 188509935","Gaia DR2 2599451994385832448","Gaia DR3 2599451994385832448",0
"K2-170","K2-170 c",,,"TIC 188509935","Gaia DR2 2599451994385832448","Gaia DR3 2599451994385832448",0
"K2-171","K2-171 b",,,"TIC 206241306","Gaia DR2 2612301329648852224","Gaia DR3 2612301329648852224",0
"K2-172","K2-172 b",,,"TIC 188507501","Gaia DR2 2602237602799035008","Gaia DR3 2602237602799035008",0
"K2-172","K2-172 c",,,"TIC 188507501","Gaia DR2 2602237602799035008","Gaia DR3 2602237602799035008",0
"K2-173","K2-173 b",,,"TIC 242993844","Gaia DR2 39404267653786624","Gaia DR3 39404267653786624",0
"K2-174","K2-174 b",,,"TIC 243014114","Gaia DR2 46217666333148416","Gaia DR3 46217666333148416",0
"K2-175","K2-175 b",,,"TIC 435279748","Gaia DR2 55077599749605504","Gaia DR3 55077599749605504",0
"K2-176","K2-176 b",,,"TIC 440724456","Gaia DR2 49842515651843200","Gaia DR3 49842515651843200",0
"K2-177","K2-177 b",,,"TIC 114031109","Gaia DR2 63416845689590400","Gaia DR3 63416845689590400",0
"K2-178","K2-178 b",,,"TIC 26078330","Gaia DR2 61624573016925824","Gaia DR3 61624573016925824",0
"K2-179","K2-179 b",,,"TIC 14078624","Gaia DR2 65797082206292224","Gaia DR3 65797082206292224",0
"K2-18","K2-18 b",,,"TIC 388804061","Gaia DR2 3910747531814692736","Gaia DR3 3910747531814692736",0
"K2-18","K2-18 c",,,"TIC 388804061","Gaia DR2 3910747531814692736","Gaia DR3 3910747531814692736",0
"K2-180","K2-180 b",,,"TIC 366411016","Gaia DR2 600750922666388992","Gaia DR3 600750922666388992",0
"K2-181","K2-181 b",,,"TIC 366528389","Gaia DR2 600874445926411264","Gaia DR3 600874445926411264",0
"K2-182","K2-182 b",,,"TIC 366631954","Gaia DR2 601480723509077632","Gaia DR3 601480723509077632",0
"K2-183","K2-183 b",,,"TIC 60256211","Gaia DR2 652007410271734912","Gaia DR3 652007410271734912",0
"K2-183","K2-183 c",,,"TIC 60256211","Gaia DR2 652007410271734912","Gaia DR3 652007410271734912",0
"K2-183","K2-183 d",,,"TIC 60256211","Gaia DR2 652007410271734912","Gaia DR3 652007410271734912",0
"K2-184","K2-184 b",,,"TIC 21244210","Gaia DR2 651522834880015872","Gaia DR3 651522834880015872",0
"K2-185","K2-185 b",,,"TIC 337607207","Gaia DR2 609508120464763264","Gaia DR3 609508120464763264",0
"K2-185","K2-185 c",,,"TIC 337607207","Gaia DR2 609508120464763264","Gaia DR3 609508120464763264",0
"K2-186","K2-186 b",,,"TIC 203228393","Gaia DR2 612404474610535936","Gaia DR3 612404474610535936",0
"K2-187","K2-187 b",,,"TIC 332024125","Gaia DR2 689268759823937280","Gaia DR3 689268759823937280",0
"K2-187","K2-187 c",,,"TIC 332024125","Gaia DR2 689268759823937280","Gaia DR3 689268759823937280",0
"K2-187","K2-187 d",,,"TIC 332024125","Gaia DR2 689268759823937280","Gaia DR3 689268759823937280",0
"K2-187","K2-187 e",,,"TIC 332024125","Gaia DR2 689268759823937280","Gaia DR3 689268759823937280",0
"K2-188","K2-188 b",,,"TIC 175236511","Gaia DR2 666195851913506816","Gaia DR3 666195851913506816",0
"K2-188","K2-188 c",,,"TIC 175236511","Gaia DR2 666195851913506816","Gaia DR3 666195851913506816",0
"K2-189","K2-189 b",,,"TIC 422349881","Gaia DR2 3606343094804432128","Gaia DR3 3606343094804432128",0
"K2-189","K2-189 c",,,"TIC 422349881","Gaia DR2 3606343094804432128","Gaia DR3 3606343094804432128",0
"K2-19","K2-19 b",,,"TIC 281885301","Gaia DR2 3798833775141351552","Gaia DR3 3798833775141351552",0
"K2-19","K2-19 c",,,"TIC 281885301","Gaia DR2 3798833775141351552","Gaia DR3 3798833775141351552",0
"K2-19","K2-19 d",,,"TIC 281885301","Gaia DR2 3798833775141351552","Gaia DR3 3798833775141351552",0
"K2-190","K2-190 b",,,"TIC 392469577","Gaia DR2 3607243530404017280","Gaia DR3 3607243530404017280",0
"K2-190","K2-190 c",,,"TIC 392469577","Gaia DR2 3607243530404017280","Gaia DR3 3607243530404017280",0
"K2-191","K2-191 b",,,"TIC 335102224","Gaia DR2 3610048418926172032","Gaia DR3 3610048418926172032",0
"K2-192","K2-192 b",,,"TIC 187273811","Gaia DR2 3613467311677116160","Gaia DR3 3613467311677116160",0
"K2-193","K2-193 b",,,"TIC 741596","Gaia DR2 3616526878875985536","Gaia DR3 3616526878875985536",0
"K2-194","K2-194 b",,,"TIC 706595","Gaia DR2 3618361345307363584","Gaia DR3 3618361345307363584",0
"K2-195","K2-195 b",,,"TIC 178941218","Gaia DR2 3624969886932157568","Gaia DR3 3624969886932157568",0
"K2-195","K2-195 c",,,"TIC 178941218","Gaia DR2 3624969886932157568","Gaia DR3 3624969886932157568",0
"K2-196","K2-196 b",,,"TIC 178954837","Gaia DR2 3625009164407557760","Gaia DR3 3625009164407557760",0
"K2-197","K2-197 b",,,"TIC 179032688","Gaia DR2 3630460126445437440","Gaia DR3 3630460126445437440",0
"K2-198","K2-198 b",,,"TIC 135043332","Gaia DR2 3628687065162340224","Gaia DR3 3628687065162340224",0
"K2-198","K2-198 c",,,"TIC 135043332","Gaia DR2 3628687065162340224","Gaia DR3 3628687065162340224",0
"K2-198","K2-198 d",,,"TIC 135043332","Gaia DR2 3628687065162340224","Gaia DR3 3628687065162340224",0
"K2-199","K2-199 b",,,"TIC 2621212","Gaia DR2 3620501712193719296","Gaia DR3 3620501712193719296",0
"K2-199","K2-199 c",,,"TIC 2621212","Gaia DR2 3620501712193719296","Gaia DR3 3620501712193719296",0
"K2-200","K2-200 b",,,"TIC 115072772","Gaia DR2 3635174042031610496","Gaia DR3 3635174042031610496",0
"K2-201","K2-201 b",,,"TIC 125060509","Gaia DR2 6771370981322320128","Gaia DR3 6771370981322320128",0
"K2-201","K2-201 c",,,"TIC 125060509","Gaia DR2 6771370981322320128","Gaia DR3 6771370981322320128",0
"K2-2016-BLG-0005L","K2-2016-BLG-0005L b",,,,,,0
"K2-202","K2-202 b",,,"TIC 441907126","Gaia DR2 4078733014274957184","Gaia DR3 4078733014274957184",0
"K2-203","K2-203 b",,,"TIC 333605244","Gaia DR2 2535901287452166400","Gaia DR3 2535901287452166400",0
"K2-204","K2-204 b",,,"TIC 248351386","Gaia DR2 2533185974768028032","Gaia DR3 2533185974768028032",0
"K2-205","K2-205 b",,,"TIC 344661825","Gaia DR2 2536584771367726336","Gaia DR3 2536584771367726336",0
"K2-206","K2-206 b",,,"TIC 257392778","Gaia DR2 2549096011101118080","Gaia DR3 2549096011101118080",0
"K2-207","K2-207 b",,,"TIC 257571543","Gaia DR2 2549087623029238400","Gaia DR3 2549087623029238400",0
"K2-208","K2-208 b",,,"TIC 399722652","Gaia DR2 2534388703049641472","Gaia DR3 2534388703049641472",0
"K2-209","K2-209 b",,,"TIC 257436461","Gaia DR2 2537467988442521600","Gaia DR3 2537467988442521600",0
"K2-21","K2-21 b",,,"TIC 240766850","Gaia DR2 2596888100773300224","Gaia DR3 2596888100773300224",0
"K2-21","K2-21 c",,,"TIC 240766850","Gaia DR2 2596888100773300224","Gaia DR3 2596888100773300224",0
"K2-210","K2-210 b",,,"TIC 388801714","Gaia DR2 2538051863476537984","Gaia DR3 2538051863476537984",0
"K2-211","K2-211 b",,,"TIC 399731211","Gaia DR2 2559203924574351616","Gaia DR3 2559203924574351616",0
"K2-212","K2-212 b",,,"TIC 388811663","Gaia DR2 2538824923230146560","Gaia DR3 2538824923230146560",0
"K2-213","K2-213 b",,,"TIC 257435562","Gaia DR2 2551651031310145024","Gaia DR3 2551651031310145024",0
"K2-214","K2-214 b",,,"TIC 344657681","Gaia DR2 2551946391916754176","Gaia DR3 2551946391916754176",0
"K2-215","K2-215 b",,,"TIC 376905329","Gaia DR2 2564621115285038208","Gaia DR3 2564621115285038208",0
"K2-216","K2-216 b",,,"TIC 418761354","Gaia DR2 2556231154370582400","Gaia DR3 2556231154370582400",0
"K2-217","K2-217 b",,,"TIC 405333767","Gaia DR2 2556248536102683008","Gaia DR3 2556248536102683008",0
"K2-218","K2-218 b",,,"TIC 266014458","Gaia DR2 2556472119215785728","Gaia DR3 2556472119215785728",0
"K2-219","K2-219 b",,,"TIC 266014079","Gaia DR2 2581741400387500544","Gaia DR3 2581741400387500544",0
"K2-219","K2-219 c",,,"TIC 266014079","Gaia DR2 2581741400387500544","Gaia DR3 2581741400387500544",0
"K2-219","K2-219 d",,,"TIC 266014079","Gaia DR2 2581741400387500544","Gaia DR3 2581741400387500544",0
"K2-22","K2-22 b",,,"TIC 363445338","Gaia DR2 3811002791880297600","Gaia DR3 3811002791880297600",0
"K2-220","K2-220 b",,,"TIC 266012991","Gaia DR2 2581918597853527424","Gaia DR3 2581918597853527424",0
"K2-221","K2-221 b",,,"TIC 257801011","Gaia DR2 2582898606311167872","Gaia DR3 2582898606311167872",0
"K2-222","K2-222 b",,,"TIC 257774438","Gaia DR2 2584093844170270720","Gaia DR3 2584093844170270720",0
"K2-223","K2-223 b",,,"TIC 98594138","Gaia DR2 3578046995560843520","Gaia DR3 3578046995560843520",0
"K2-223","K2-223 c",,,"TIC 98594138","Gaia DR2 3578046995560843520","Gaia DR3 3578046995560843520",0
"K2-224","K2-224 b",,,"TIC 32425577","Gaia DR2 3578783977588991360","Gaia DR3 3578783977588991360",0
"K2-224","K2-224 c",,,"TIC 32425577","Gaia DR2 3578783977588991360","Gaia DR3 3578783977588991360",0
"K2-225","K2-225 b",,,"TIC 98677125","Gaia DR2 3579573358218514944","Gaia DR3 3579573358218514944",0
"K2-226","K2-226 b",,,"TIC 176938958","Gaia DR2 3581264372742210048","Gaia DR3 3581264372742210048",0
"K2-227","K2-227 b",,,"TIC 156599123","Gaia DR2 3675261140764265728","Gaia DR3 3675261140764265728",0
"K2-228","K2-228 b",,,"TIC 98751904","Gaia DR2 3583611726987567232","Gaia DR3 3583611726988838144",0
"K2-229","K2-229 b",,,"TIC 98720809","Gaia DR2 3583630929786305280","Gaia DR3 3583630934082556416",0
"K2-229","K2-229 c",,,"TIC 98720809","Gaia DR2 3583630929786305280","Gaia DR3 3583630934082556416",0
"K2-230","K2-230 b",,,"TIC 288527728","Gaia DR2 3676684252407983488","Gaia DR3 3676684252407983488",0
"K2-231","K2-231 b",,,"TIC 130538732","Gaia DR2 4184182737768311296","Gaia DR3 4184182737768311296",0
"K2-232","K2-232 b","HD 286123",,"TIC 68577662","Gaia DR2 3406687485600728192","Gaia DR3 3406687485600728192",0
"K2-232","K2-232 c","HD 286123",,"TIC 68577662","Gaia DR2 3406687485600728192","Gaia DR3 3406687485600728192",0
"K2-233","K2-233 b",,,"TIC 428820090","Gaia DR2 6253186686054822784","Gaia DR3 6253186686054822784",0
"K2-233","K2-233 c",,,"TIC 428820090","Gaia DR2 6253186686054822784","Gaia DR3 6253186686054822784",0
"K2-233","K2-233 d",,,"TIC 428820090","Gaia DR2 6253186686054822784","Gaia DR3 6253186686054822784",0
"K2-237","K2-237 b",,,"TIC 16288184","Gaia DR2 6032746832450438400","Gaia DR3 6032746832450438400",0
"K2-238","K2-238 b",,,"TIC 404243877","Gaia DR2 2631270757088861312","Gaia DR3 2631270761382148224",0
"K2-239","K2-239 b",,,"TIC 374339566","Gaia DR2 3857872051994269824","Gaia DR3 3857872051994269824",0
"K2-239","K2-239 c",,,"TIC 374339566","Gaia DR2 3857872051994269824","Gaia DR3 3857872051994269824",0
"K2-239","K2-239 d",,,"TIC 374339566","Gaia DR2 3857872051994269824","Gaia DR3 3857872051994269824",0
"K2-24","K2-24 b",,,"TIC 68048686","Gaia DR2 6049750234317822208","Gaia DR3 6049750234317822208",0
"K2-24","K2-24 c",,,"TIC 68048686","Gaia DR2 6049750234317822208","Gaia DR3 6049750234317822208",0
"K2-240","K2-240 b",,,"TIC 432247315","Gaia DR2 6257625719430982016","Gaia DR3 6257625719430982016",0
"K2-240","K2-240 c",,,"TIC 432247315","Gaia DR2 6257625719430982016","Gaia DR3 6257625719430982016",0
"K2-241","K2-241 b",,,"TIC 152805642","Gaia DR2 3594882751966012160","Gaia DR3 3594882751966012160",0
"K2-242","K2-242 b",,,"TIC 152701771","Gaia DR2 3595647565382917120","Gaia DR3 3595647565382917120",0
"K2-243","K2-243 b",,,"TIC 96199085","Gaia DR2 3597570989175080576","Gaia DR3 3597570989175080576",0
"K2-243","K2-243 c",,,"TIC 96199085","Gaia DR2 3597570989175080576","Gaia DR3 3597570989175080576",0
"K2-244","K2-244 b",,,"TIC 56814628","Gaia DR2 3597981377595128704","Gaia DR3 3597981377595128704",0
"K2-245","K2-245 b",,,"TIC 147677253","Gaia DR2 3694743765254445312","Gaia DR3 3694743765254445312",0
"K2-246","K2-246 b",,,"TIC 56721373","Gaia DR2 3697828548204889344","Gaia DR3 3697828548204889344",0
"K2-247","K2-247 b",,,"TIC 110999033","Gaia DR2 3578596339057980160","Gaia DR3 3578596339057980160",0
"K2-247","K2-247 c",,,"TIC 110999033","Gaia DR2 3578596339057980160","Gaia DR3 3578596339057980160",0
"K2-248","K2-248 b",,,"TIC 176869982","Gaia DR2 3582057258065666816","Gaia DR3 3582057258065666816",0
"K2-249","K2-249 b",,,"TIC 176910179","Gaia DR2 3582098107498270208","Gaia DR3 3582098107498270208",0
"K2-25","K2-25 b",,,"TIC 434226736","Gaia DR2 3311804515502788352","Gaia DR3 3311804515502788352",0
"K2-250","K2-250 b",,,"TIC 98591691","Gaia DR2 3582706794559052160","Gaia DR3 3582706794559052160",0
"K2-251","K2-251 b",,,"TIC 156584871","Gaia DR2 3675248118423392256","Gaia DR3 3675248118423392256",0
"K2-252","K2-252 b",,,"TIC 152868838","Gaia DR2 3582392123779246336","Gaia DR3 3582392123779246336",0
"K2-253","K2-253 b",,,"TIC 98669309","Gaia DR2 3584368019189709952","Gaia DR3 3584368019189709952",0
"K2-254","K2-254 b",,,"TIC 147683165","Gaia DR2 3596876269626641664","Gaia DR3 3596876269626641664",0
"K2-254","K2-254 c",,,"TIC 147683165","Gaia DR2 3596876269626641664","Gaia DR3 3596876269626641664",0
"K2-255","K2-255 b",,,"TIC 51664268","Gaia DR2 3682825883842696832","Gaia DR3 3682825883842696832",0
"K2-257","K2-257 b",,,"TIC 130640162","Gaia DR2 3695235654973028736","Gaia DR3 3695235654973028736",0
"K2-258","K2-258 b",,,"TIC 130634730","Gaia DR2 3695568295896473856","Gaia DR3 3695568295896473856",0
"K2-259","K2-259 b",,,"TIC 377259959","Gaia DR2 3700295641843380224","Gaia DR3 3700295641843380224",0
"K2-26","K2-26 b",,,"TIC 83181153","Gaia DR2 3425691139632545152","Gaia DR3 3425691139632545152",0
"K2-260","K2-260 b",,,"TIC 293612446","Gaia DR2 3394923127797114496","Gaia DR3 3394923127797114496",0
"K2-261","K2-261 b",,,"TIC 281731203","Gaia DR2 3807826337147474176","Gaia DR3 3807826337147474176",0
"K2-263","K2-263 b",,,"TIC 21276520","Gaia DR2 657756997089784960","Gaia DR3 657756997089784960",0
"K2-264","K2-264 b",,,"TIC 184914317","Gaia DR2 661167785238757376","Gaia DR3 661167785238757376",0
"K2-264","K2-264 c",,,"TIC 184914317","Gaia DR2 661167785238757376","Gaia DR3 661167785238757376",0
"K2-265","K2-265 b",,,"TIC 146364192","Gaia DR2 2597119620985658496","Gaia DR3 2597119620985658496",0
"K2-266","K2-266 b",,,"TIC 374180079","Gaia DR2 3855246074629979264","Gaia DR3 3855246074629979264",0
"K2-266","K2-266 c",,,"TIC 374180079","Gaia DR2 3855246074629979264","Gaia DR3 3855246074629979264",0
"K2-266","K2-266 d",,,"TIC 374180079","Gaia DR2 3855246074629979264","Gaia DR3 3855246074629979264",0
"K2-266","K2-266 e",,,"TIC 374180079","Gaia DR2 3855246074629979264","Gaia DR3 3855246074629979264",0
"K2-268","K2-268 b",,,"TIC 444037742","Gaia DR2 604743013163971072","Gaia DR3 604743013163971072",0
"K2-268","K2-268 c",,,"TIC 444037742","Gaia DR2 604743013163971072","Gaia DR3 604743013163971072",0
"K2-268","K2-268 d",,,"TIC 444037742","Gaia DR2 604743013163971072","Gaia DR3 604743013163971072",0
"K2-268","K2-268 e",,,"TIC 444037742","Gaia DR2 604743013163971072","Gaia DR3 604743013163971072",0
"K2-268","K2-268 f",,,"TIC 444037742","Gaia DR2 604743013163971072","Gaia DR3 604743013163971072",0
"K2-269","K2-269 b",,,"TIC 21339280","Gaia DR2 603087251731604480","Gaia DR3 603087247436468608",0
"K2-27","K2-27 b",,,"TIC 363548415","Gaia DR2 3798552815560689792","Gaia DR3 3798552815560689792",0
"K2-270","K2-270 b",,,"TIC 293375721","Gaia DR2 608395625151767680","Gaia DR3 608395625151767680",0
"K2-270","K2-270 c",,,"TIC 293375721","Gaia DR2 608395625151767680","Gaia DR3 608395625151767680",0
"K2-271","K2-271 b",,,"TIC 60286662","Gaia DR2 655863775507590400","Gaia DR3 655863775507590400",0
"K2-272","K2-272 b",,,"TIC 46259692","Gaia DR2 659826037455527040","Gaia DR3 659826037455527040",0
"K2-273","K2-273 b",,,"TIC 175233369","Gaia DR2 659701895721176192","Gaia DR3 659701895721176192",0
"K2-274","K2-274 b",,,"TIC 195193560","Gaia DR2 664406705976755712","Gaia DR3 664406705976755712",0
"K2-275","K2-275 b",,,"TIC 332022997","Gaia DR2 661598415839633024","Gaia DR3 661598415839633024",0
"K2-275","K2-275 c",,,"TIC 332022997","Gaia DR2 661598415839633024","Gaia DR3 661598415839633024",0
"K2-276","K2-276 b",,,"TIC 14570090","Gaia DR2 677884313351354880","Gaia DR3 677884313351354880",0
"K2-277","K2-277 b",,,"TIC 404421005","Gaia DR2 3604866381969319040","Gaia DR3 3604866386264961792",0
"K2-278","K2-278 b",,,"TIC 422334505","Gaia DR2 3606596502170799104","Gaia DR3 3606596502170799104",0
"K2-279","K2-279 b",,,"TIC 709015","Gaia DR2 3632489004572413952","Gaia DR3 3632489004572617088",0
"K2-28","K2-28 b",,,"TIC 39926974","Gaia DR2 2622296783699476864","Gaia DR3 2622296783699476864",0
"K2-280","K2-280 b",,,"TIC 119605900","Gaia DR2 6772454416893148928","Gaia DR3 6772454416893148928",0
"K2-281","K2-281 b",,,"TIC 380884458","Gaia DR2 2577432178095422976","Gaia DR3 2577432178095422976",0
"K2-282","K2-282 b",,,"TIC 266030192","Gaia DR2 2580848395082660992","Gaia DR3 2580848395082660992",0
"K2-283","K2-283 b",,,"TIC 266017624","Gaia DR2 2581916673708201216","Gaia DR3 2581916673708201216",0
"K2-284","K2-284 b",,,"TIC 5882269","Gaia DR2 3413793491812093824","Gaia DR3 3413793491812093824",0
"K2-285","K2-285 b",,,"TIC 262715204","Gaia DR2 2657374606238804992","Gaia DR3 2657374606238804992",0
"K2-285","K2-285 c",,,"TIC 262715204","Gaia DR2 2657374606238804992","Gaia DR3 2657374606238804992",0
"K2-285","K2-285 d",,,"TIC 262715204","Gaia DR2 2657374606238804992","Gaia DR3 2657374606238804992",0
"K2-285","K2-285 e",,,"TIC 262715204","Gaia DR2 2657374606238804992","Gaia DR3 2657374606238804992",0
"K2-286","K2-286 b",,,"TIC 297373047","Gaia DR2 6264513270727342080","Gaia DR3 6264513270727342080",0
"K2-287","K2-287 b",,,"TIC 73848324","Gaia DR2 6239702034929248512","Gaia DR3 6239702034929248512",0
"K2-288 B","K2-288 B b",,,"TIC 640381384","Gaia DR2 44838019756570112",,0
"K2-289","K2-289 b",,,"TIC 413753029","Gaia DR2 4325505960880989952","Gaia DR3 4325505960880989952",0
"K2-29","K2-29 b",,,"TIC 56399553","Gaia DR2 150054788545735424","Gaia DR3 150054788545735424",0
"K2-290","K2-290 b",,,"TIC 70803960","Gaia DR2 6253844468882760832","Gaia DR3 6253844468883543680",0
"K2-290","K2-290 c",,,"TIC 70803960","Gaia DR2 6253844468882760832","Gaia DR3 6253844468883543680",0
"K2-291","K2-291 b","HD 285181",,"TIC 27039476","Gaia DR2 3409148746676599168","Gaia DR3 3409148746676599168",0
"K2-292","K2-292 b","HD 119130",,"TIC 743941","Gaia DR2 3616931735377523712","Gaia DR3 3616931735377523712",0
"K2-293","K2-293 b",,,"TIC 49679172","Gaia DR2 2632493590110613760","Gaia DR3 2632493590110613760",0
"K2-294","K2-294 b",,,"TIC 49709169","Gaia DR2 2438623297559630592","Gaia DR3 2438623297559630592",0
"K2-295","K2-295 b",,,"TIC 610976842","Gaia DR2 2564784633279953536","Gaia DR3 2564784633279953536",0
"K2-3","K2-3 b",,,"TIC 173103335","Gaia DR2 3796690380302214272","Gaia DR3 3796690380302214272",0
"K2-3","K2-3 c",,,"TIC 173103335","Gaia DR2 3796690380302214272","Gaia DR3 3796690380302214272",0
"K2-3","K2-3 d",,,"TIC 173103335","Gaia DR2 3796690380302214272","Gaia DR3 3796690380302214272",0
"K2-30","K2-30 b",,,"TIC 26017005","Gaia DR2 61607255708760960","Gaia DR3 61607255708760960",0
"K2-308","K2-308 b",,,"TIC 411697517","Gaia DR2 3393982701757444352","Gaia DR3 3393982701757444352",0
"K2-31","K2-31 b",,,"TIC 50171060","Gaia DR2 6050191241556876672","Gaia DR3 6050191241556876672",0
"HD 80653","K2-312 c","HD 80653",,"TIC 55315929","Gaia DR2 606477252238780160","Gaia DR3 606477252238780160",0
"K2-315","K2-315 b",,,"TIC 70298662","Gaia DR2 6255978483510095488","Gaia DR3 6255978483510095488",0
"K2-316","K2-316 b",,,"TIC 73943566","Gaia DR2 6239410080231903488","Gaia DR3 6239410080231903488",0
"K2-316","K2-316 c",,,"TIC 73943566","Gaia DR2 6239410080231903488","Gaia DR3 6239410080231903488",0
"K2-317","K2-317 b",,,"TIC 70412892","Gaia DR2 6255655673768103168","Gaia DR3 6255655673768103168",0
"K2-318","K2-318 b",,,"TIC 335322931","Gaia DR2 6258364939144564992","Gaia DR3 6258364939144564992",0
"K2-319","K2-319 b",,,"TIC 301540319","Gaia DR2 3811688440459523200","Gaia DR3 3811688440459523200",0
"K2-32","K2-32 b",,,"TIC 437444661","Gaia DR2 4130539180358512768","Gaia DR3 4130539180358512768",0
"K2-32","K2-32 c",,,"TIC 437444661","Gaia DR2 4130539180358512768","Gaia DR3 4130539180358512768",0
"K2-32","K2-32 d",,,"TIC 437444661","Gaia DR2 4130539180358512768","Gaia DR3 4130539180358512768",0
"K2-32","K2-32 e",,,"TIC 437444661","Gaia DR2 4130539180358512768","Gaia DR3 4130539180358512768",0
"K2-320","K2-320 b",,,"TIC 281748980","Gaia DR2 3864142669886768896","Gaia DR3 3864142669886768896",0
"K2-321","K2-321 b",,,"TIC 277833995","Gaia DR2 3856449627544923392","Gaia DR3 3856449627544923392",0
"K2-322","K2-322 b",,,"TIC 277869696","Gaia DR2 3860369901894562304","Gaia DR3 3860369901894562304",0
"K2-323","K2-323 b",,,"TIC 392852196","Gaia DR2 3859431674878660864","Gaia DR3 3859431674878660864",0
"K2-324","K2-324 b",,,"TIC 392817207","Gaia DR2 3862378262961788288","Gaia DR3 3862378262961788288",0
"K2-325","K2-325 b",,,"TIC 8918021","Gaia DR2 2439222638771000448","Gaia DR3 2439222638771000448",0
"K2-326","K2-326 b",,,"TIC 422487869","Gaia DR2 2645727449501559680","Gaia DR3 2645727449501559680",0
"K2-329","K2-329 b",,,"TIC 301258470","Gaia DR2 2632880927441296640","Gaia DR3 2632880927441296640",0
"K2-33","K2-33 b",,,"TIC 49040478","Gaia DR2 6245758900889486720","Gaia DR3 6245758900889486720",0
"K2-330","K2-330 b",,,"TIC 366484980","Gaia DR2 601159910928534144","Gaia DR3 601159910928534144",0
"K2-331","K2-331 b",,,"TIC 46296576","Gaia DR2 608206676654888064","Gaia DR3 608206676654888064",0
"K2-331","K2-331 c",,,"TIC 46296576","Gaia DR2 608206676654888064","Gaia DR3 608206676654888064",0
"K2-332","K2-332 b",,,"TIC 330621494","Gaia DR2 607158571490718208","Gaia DR3 607158571490718208",0
"K2-333","K2-333 b",,,"TIC 330690135","Gaia DR2 607345660265955456","Gaia DR3 607345660265955456",0
"K2-334","K2-334 b",,,"TIC 330687113","Gaia DR2 610858393758591104","Gaia DR3 610858393758591104",0
"K2-335","K2-335 b",,,"TIC 21247758","Gaia DR2 658060049982487040","Gaia DR3 658060049982487040",0
"K2-336","K2-336 b",,,"TIC 46382728","Gaia DR2 611580390645372672","Gaia DR3 611580390645372672",0
"K2-337","K2-337 b",,,"TIC 20484888","Gaia DR2 658978451430055936","Gaia DR3 658978451430055936",0
"K2-338","K2-338 b",,,"TIC 186814470","Gaia DR2 656201703533465088","Gaia DR3 656201703533465088",0
"K2-339","K2-339 b",,,"TIC 175241633","Gaia DR2 659493675706526848","Gaia DR3 659493675706526848",0
"K2-34","K2-34 b",,,"TIC 178217113","Gaia DR2 665757593450097920","Gaia DR3 665757593450097920",0
"K2-340","K2-340 b",,,"TIC 178246831","Gaia DR2 662705555330268928","Gaia DR3 662705555330268928",0
"K2-341","K2-341 b",,,"TIC 175290685","Gaia DR2 661398407803108736","Gaia DR3 661398407803108736",0
"K2-342","K2-342 b",,,"TIC 197215129","Gaia DR2 685749360542215296","Gaia DR3 685749360542215296",0
"K2-343","K2-343 b",,,"TIC 197246627","Gaia DR2 685818492336147072","Gaia DR3 685818492336147072",0
"K2-343","K2-343 c",,,"TIC 197246627","Gaia DR2 685818492336147072","Gaia DR3 685818492336147072",0
"K2-344","K2-344 b",,,"TIC 203289099","Gaia DR2 685235991691684352","Gaia DR3 685235991691684352",0
"K2-345","K2-345 b",,,"TIC 238608004","Gaia DR2 685979983106267136","Gaia DR3 685979983106267136",0
"K2-346","K2-346 b",,,"TIC 14570099","Gaia DR2 677884760027950080","Gaia DR3 677884760027950080",0
"K2-347","K2-347 b",,,"TIC 14603874","Gaia DR2 678119333962115072","Gaia DR3 678119333962115072",0
"K2-348","K2-348 b",,,"TIC 117275513","Gaia DR2 690310993768911104","Gaia DR3 690310993768911104",0
"K2-348","K2-348 c",,,"TIC 117275513","Gaia DR2 690310993768911104","Gaia DR3 690310993768911104",0
"K2-349","K2-349 b",,,"TIC 347812320","Gaia DR2 3608708904525885440","Gaia DR3 3608708904525885440",0
"K2-35","K2-35 b",,,"TIC 363478257","Gaia DR2 3810609819552494976","Gaia DR3 3810609819552494976",0
"K2-35","K2-35 c",,,"TIC 363478257","Gaia DR2 3810609819552494976","Gaia DR3 3810609819552494976",0
"K2-350","K2-350 b",,,"TIC 294319820","Gaia DR2 3606709167752821632","Gaia DR3 3606709167752821632",0
"K2-350","K2-350 c",,,"TIC 294319820","Gaia DR2 3606709167752821632","Gaia DR3 3606709167752821632",0
"K2-351","K2-351 b",,,"TIC 187273748","Gaia DR2 3613442989278322432","Gaia DR3 3613442989278322432",0
"K2-352","K2-352 b",,,"TIC 86130229","Gaia DR2 632634358985725184","Gaia DR3 632634358985725184",0
"K2-352","K2-352 c",,,"TIC 86130229","Gaia DR2 632634358985725184","Gaia DR3 632634358985725184",0
"K2-352","K2-352 d",,,"TIC 86130229","Gaia DR2 632634358985725184","Gaia DR3 632634358985725184",0
"K2-353","K2-353 b",,,"TIC 115010361","Gaia DR2 3638010855046147200","Gaia DR3 3638010855046147200",0
"K2-354","K2-354 b",,,"TIC 468989066","Gaia DR2 601314254872894080","Gaia DR3 601314254872894080",0
"K2-355","K2-355 b",,,"TIC 186853124","Gaia DR2 650463970824290816","Gaia DR3 650463970824290816",0
"K2-356","K2-356 b",,,"TIC 20536788","Gaia DR2 651370037123678080","Gaia DR3 651370037123678080",0
"K2-357","K2-357 b",,,"TIC 293459761","Gaia DR2 610181468257262464","Gaia DR3 610181468257262464",0
"K2-358","K2-358 b",,,"TIC 197241396","Gaia DR2 660400738439361280","Gaia DR3 660400738439361280",0
"K2-36","K2-36 b",,,"TIC 363445121","Gaia DR2 3811989156889528320","Gaia DR3 3811989156889528320",0
"K2-36","K2-36 c",,,"TIC 363445121","Gaia DR2 3811989156889528320","Gaia DR3 3811989156889528320",0
"EPIC 201595106","K2-360 c",,,"TIC 397052808","Gaia DR2 3701123406596146048","Gaia DR3 3701123406596146048",0
"K2-365","K2-365 b",,,"TIC 220604190","Gaia DR2 6246622017519183616","Gaia DR3 6246622017519183616",0
"K2-366","K2-366 b",,,"TIC 49512708","Gaia DR2 6245607576304205952","Gaia DR3 6245607576304205952",0
"K2-367","K2-367 b",,,"TIC 12821302","Gaia DR2 2601048588348190976","Gaia DR3 2601048588348190976",0
"K2-368","K2-368 b",,,"TIC 38136597","Gaia DR2 2613924969021549440","Gaia DR3 2613924969021549440",0
"K2-368","K2-368 c",,,"TIC 38136597","Gaia DR2 2613924969021549440","Gaia DR3 2613924969021549440",0
"K2-368","K2-368 d",,,"TIC 38136597","Gaia DR2 2613924969021549440","Gaia DR3 2613924969021549440",0
"K2-369","K2-369 b",,,"TIC 49984349","Gaia DR2 2616766622463761024","Gaia DR3 2616766622463761024",0
"K2-37","K2-37 b",,,"TIC 68504570","Gaia DR2 6049595065740634624","Gaia DR3 6049595065740634624",0
"K2-37","K2-37 c",,,"TIC 68504570","Gaia DR2 6049595065740634624","Gaia DR3 6049595065740634624",0
"K2-37","K2-37 d",,,"TIC 68504570","Gaia DR2 6049595065740634624","Gaia DR3 6049595065740634624",0
"K2-370","K2-370 b",,,"TIC 456945304","Gaia DR2 144150720342734208","Gaia DR3 144150720342734208",0
"K2-371","K2-371 b",,,"TIC 366622912","Gaia DR2 602466302541172736","Gaia DR3 602466302541172736",0
"K2-372","K2-372 b",,,"TIC 333800257","Gaia DR2 602348482997667840","Gaia DR3 602348482997667840",0
"K2-373","K2-373 b",,,"TIC 27626711","Gaia DR2 650623262571412480","Gaia DR3 650623262571412480",0
"K2-374","K2-374 b",,,"TIC 321285788","Gaia DR2 607937055787752576","Gaia DR3 607937055787752576",0
"K2-374","K2-374 c",,,"TIC 321285788","Gaia DR2 607937055787752576","Gaia DR3 607937055787752576",0
"K2-375","K2-375 b",,,"TIC 175290532","Gaia DR2 661453074146753152","Gaia DR3 661453074146753152",0
"K2-376","K2-376 b",,,"TIC 117414377","Gaia DR2 690025807939789184","Gaia DR3 690025807939789184",0
"K2-377","K2-377 b",,,"TIC 422325510","Gaia DR2 3610557458450018944","Gaia DR3 3610557458450018944",0
"K2-378","K2-378 b",,,"TIC 741119","Gaia DR2 3616517223789495424","Gaia DR3 3616517223789495424",0
"K2-379","K2-379 b",,,"TIC 90090343","Gaia DR2 4072055435329128576","Gaia DR3 4072055435329128576",0
"K2-38","K2-38 b",,,"TIC 12666215","Gaia DR2 6237129658760381056","Gaia DR3 6237129658760381056",0
"K2-38","K2-38 c",,,"TIC 12666215","Gaia DR2 6237129658760381056","Gaia DR3 6237129658760381056",0
"K2-380","K2-380 b",,,"TIC 90605642","Gaia DR2 4073600356552513280","Gaia DR3 4073600356552513280",0
"K2-381","K2-381 b",,,"TIC 10195089","Gaia DR2 4081376064109034496","Gaia DR3 4081376064109034496",0
"K2-381","K2-381 c",,,"TIC 10195089","Gaia DR2 4081376064109034496","Gaia DR3 4081376064109034496",0
"K2-381","K2-381 d",,,"TIC 10195089","Gaia DR2 4081376064109034496","Gaia DR3 4081376064109034496",0
"K2-382","K2-382 b",,,"TIC 187960878","Gaia DR2 4083952670840373504","Gaia DR3 4083952670840373504",0
"K2-383","K2-383 b",,,"TIC 31244979","Gaia DR2 4098446119569242752","Gaia DR3 4098446119569242752",0
"K2-384","K2-384 b",,,"TIC 399702475","Gaia DR2 2535107508776249856","Gaia DR3 2535107508776249856",0
"K2-384","K2-384 c",,,"TIC 399702475","Gaia DR2 2535107508776249856","Gaia DR3 2535107508776249856",0
"K2-384","K2-384 d",,,"TIC 399702475","Gaia DR2 2535107508776249856","Gaia DR3 2535107508776249856",0
"K2-384","K2-384 e",,,"TIC 399702475","Gaia DR2 2535107508776249856","Gaia DR3 2535107508776249856",0
"K2-384","K2-384 f",,,"TIC 399702475","Gaia DR2 2535107508776249856","Gaia DR3 2535107508776249856",0
"K2-385","K2-385 b",,,"TIC 257429687","Gaia DR2 2552976943549668352","Gaia DR3 2552976943549668352",0
"K2-386","K2-386 b",,,"TIC 376879052","Gaia DR2 2576755978444329216","Gaia DR3 2576755978444329216",0
"K2-387","K2-387 b",,,"TIC 376938120","Gaia DR2 2580505553613124992","Gaia DR3 2580505553613124992",0
"K2-388","K2-388 b",,,"TIC 49735922","Gaia DR2 2433621314222365312","Gaia DR3 2433621314222365312",0
"K2-389","K2-389 b",,,"TIC 9030096","Gaia DR2 2435647095676990592","Gaia DR3 2435647095676990592",0
"K2-389","K2-389 c",,,"TIC 9030096","Gaia DR2 2435647095676990592","Gaia DR3 2435647095676990592",0
"K2-39","K2-39 b",,,"TIC 250977648","Gaia DR2 2609222216055014144","Gaia DR3 2609222216055014144",0
"K2-390","K2-390 b",,,"TIC 9030119","Gaia DR2 2435650050614494336","Gaia DR3 2435650050614494336",0
"K2-391","K2-391 b",,,"TIC 9054633","Gaia DR2 2439325924144650368","Gaia DR3 2439325924144650368",0
"K2-392","K2-392 b",,,"TIC 8963531","Gaia DR2 2439238852271933568","Gaia DR3 2439238852271933568",0
"K2-393","K2-393 b",,,"TIC 279046938","Gaia DR2 2651117427299894656","Gaia DR3 2651117427299894656",0
"K2-394","K2-394 b",,,"TIC 436575927","Gaia DR2 3406132644545570432","Gaia DR3 3406132644545570432",0
"K2-395","K2-395 b",,,"TIC 245946724","Gaia DR2 3310124801036651008","Gaia DR3 3310124801036651008",0
"K2-395","K2-395 c",,,"TIC 245946724","Gaia DR2 3310124801036651008","Gaia DR3 3310124801036651008",0
"K2-396","K2-396 b",,,"TIC 59088823","Gaia DR2 3405720400701167104","Gaia DR3 3405720400701167104",0
"K2-396","K2-396 c",,,"TIC 59088823","Gaia DR2 3405720400701167104","Gaia DR3 3405720400701167104",0
"K2-397","K2-397 b",,,"TIC 6139066","Gaia DR2 3414370975935397888","Gaia DR3 3414370975935397888",0
"K2-398","K2-398 b",,,"TIC 281660552","Gaia DR2 3809028584392561408","Gaia DR3 3809028584392561408",0
"K2-398","K2-398 c",,,"TIC 281660552","Gaia DR2 3809028584392561408","Gaia DR3 3809028584392561408",0
"K2-4","K2-4 b",,,"TIC 49462779","Gaia DR2 3792100950048409344","Gaia DR3 3792100950048409344",0
"K2-400","K2-400 b",,,"TIC 345034874","Gaia DR2 3859918999047978240","Gaia DR3 3859918999047978240",0
"K2-401","K2-401 b",,,"TIC 345063080","Gaia DR2 3860043690538404992","Gaia DR3 3860043690538404992",0
"K2-402","K2-402 b",,,"TIC 393548451","Gaia DR2 3865287467650348928","Gaia DR3 3865287467650348928",0
"K2-403","K2-403 b",,,"TIC 365007485","Gaia DR2 3867810120985878272","Gaia DR3 3867810120985878272",0
"K2-404","K2-404 b",,,"TIC 61312205","Gaia DR2 3884361314332210304","Gaia DR3 3884361314332210304",0
"K2-405","K2-405 b",,,"TIC 149496868","Gaia DR2 3871908447498807296","Gaia DR3 3871908447498807296",0
"K2-406","K2-406 b",,,"TIC 292202337","Gaia DR2 6214868495365748096","Gaia DR3 6214868495365748096",0
"K2-407","K2-407 b",,,"TIC 422685031","Gaia DR2 6239581123010344960","Gaia DR3 6239581123010344960",0
"K2-407","K2-407 c",,,"TIC 422685031","Gaia DR2 6239581123010344960","Gaia DR3 6239581123010344960",0
"K2-408","K2-408 b",,,"TIC 432247186","Gaia DR2 6257641627989839744","Gaia DR3 6257641627989839744",0
"K2-409","K2-409 b",,,"TIC 432261603","Gaia DR2 6307338080392893696","Gaia DR3 6307338080392893696",0
"K2-411","K2-411 b",,,"TIC 440701570","Gaia DR2 50884474718017408","Gaia DR3 50884474718017408",0
"K2-412","K2-412 b",,,"TIC 69274518","Gaia DR2 3409152693750235008","Gaia DR3 3409152693750235008",0
"K2-413","K2-413 b",,,"TIC 423610130","Gaia DR2 2439890557725244800","Gaia DR3 2439890557725244800",0
"K2-413","K2-413 c",,,"TIC 423610130","Gaia DR2 2439890557725244800","Gaia DR3 2439890557725244800",0
"K2-414","K2-414 b",,,"TIC 301288279","Gaia DR2 2634046753364013440","Gaia DR3 2634046753364013440",0
"K2-414","K2-414 c",,,"TIC 301288279","Gaia DR2 2634046753364013440","Gaia DR3 2634046753364013440",0
"K2-415","K2-415 b",,,"TIC 323687123","Gaia DR2 604215144503584640","Gaia DR3 604215144503584640",0
"K2-416","K2-416 b",,,"TIC 301132473","Gaia DR2 2632278807386060288","Gaia DR3 2632278807386060288",0
"K2-417","K2-417 b",,,"TIC 49592509","Gaia DR2 2437684039751295744","Gaia DR3 2437684039751295744",0
"K2-419 A","K2-419 A b",,,"TIC 437054764","Gaia DR2 605593554127479936","Gaia DR3 605593554127479936",0
"K2-42","K2-42 b",,,"TIC 82054726","Gaia DR2 3599651986730350464","Gaia DR3 3599651986730350464",0
"K2-43","K2-43 b",,,"TIC 443616612","Gaia DR2 3789847707126025600","Gaia DR3 3789847707126025600",0
"K2-43","K2-43 c",,,"TIC 443616612","Gaia DR2 3789847707126025600","Gaia DR3 3789847707126025600",0
"K2-44","K2-44 b",,,"TIC 49427836","Gaia DR2 3793339378098543616","Gaia DR3 3793339378098543616",0
"K2-45","K2-45 b",,,"TIC 38087018","Gaia DR2 3790858845506203264","Gaia DR3 3790858845506203264",0
"K2-46","K2-46 b",,,"TIC 49430892","Gaia DR2 3794162976731206272","Gaia DR3 3794162976731206272",0
"K2-47","K2-47 b",,,"TIC 301603728","Gaia DR2 3811760011794444928","Gaia DR3 3811760011794444928",0
"K2-48","K2-48 b",,,"TIC 397022282","Gaia DR2 3799841752426128896","Gaia DR3 3799841752426128896",0
"K2-49","K2-49 b",,,"TIC 325335564","Gaia DR2 3895843479901597440","Gaia DR3 3895843479901597440",0
"K2-5","K2-5 b",,,"TIC 38064757","Gaia DR2 3791512745687354496","Gaia DR3 3791512745687354496",0
"K2-5","K2-5 c",,,"TIC 38064757","Gaia DR2 3791512745687354496","Gaia DR3 3791512745687354496",0
"K2-50","K2-50 b",,,"TIC 363444743","Gaia DR2 3817000078053804672","Gaia DR3 3817000078053804672",0
"K2-52","K2-52 b",,,"TIC 399155300","Gaia DR2 6049057713786919936","Gaia DR3 6049057713786919936",0
"K2-53","K2-53 b",,,"TIC 49652731","Gaia DR2 6244643373326639360","Gaia DR3 6244643373326639360",0
"K2-54","K2-54 b",,,"TIC 12822545","Gaia DR2 2594546351459477760","Gaia DR3 2594546351459477760",0
"K2-55","K2-55 b",,,"TIC 437704321","Gaia DR2 6825931948041984256","Gaia DR3 6825931948041984256",0
"K2-57","K2-57 b",,,"TIC 146799150","Gaia DR2 2603155390066307456","Gaia DR3 2603155390066307456",0
"K2-58","K2-58 b",,,"TIC 437703489","Gaia DR2 2599975224481836672","Gaia DR3 2599975224481836672",0
"K2-58","K2-58 c",,,"TIC 437703489","Gaia DR2 2599975224481836672","Gaia DR3 2599975224481836672",0
"K2-58","K2-58 d",,,"TIC 437703489","Gaia DR2 2599975224481836672","Gaia DR3 2599975224481836672",0
"K2-59","K2-59 b",,,"TIC 188570847","Gaia DR2 2597903091739512320","Gaia DR3 2597903091739512320",0
"K2-59","K2-59 c",,,"TIC 188570847","Gaia DR2 2597903091739512320","Gaia DR3 2597903091739512320",0
"K2-6","K2-6 b",,,"TIC 446672575","Gaia DR2 3794479262419500160","Gaia DR3 3794479262419500160",0
"K2-60","K2-60 b",,,"TIC 206284139","Gaia DR2 2597973387468989568","Gaia DR3 2597973387468989568",0
"K2-61","K2-61 b",,,"TIC 402314147","Gaia DR2 2598309945401588224","Gaia DR3 2598309945401588224",0
"K2-62","K2-62 b",,,"TIC 434094657","Gaia DR2 2612830229101544704","Gaia DR3 2612830229101544704",0
"K2-62","K2-62 c",,,"TIC 434094657","Gaia DR2 2612830229101544704","Gaia DR3 2612830229101544704",0
"K2-63","K2-63 b",,,"TIC 437699592","Gaia DR2 2612881429407251328","Gaia DR3 2612881429407251328",0
"K2-63","K2-63 c",,,"TIC 437699592","Gaia DR2 2612881429407251328","Gaia DR3 2612881429407251328",0
"K2-64","K2-64 b",,,"TIC 38129680","Gaia DR2 2613822710144971776","Gaia DR3 2613822710144971776",0
"K2-65","K2-65 b",,"HIP 109656","TIC 38200266",,,0
"K2-66","K2-66 b",,,"TIC 50183101","Gaia DR2 2614121364991061888","Gaia DR3 2614121364991061888",0
"K2-68","K2-68 b",,,"TIC 38258419","Gaia DR2 2614734243939231232","Gaia DR3 2614734243939231232",0
"K2-69","K2-69 b",,,"TIC 39928614","Gaia DR2 2614926005638892032","Gaia DR3 2614926005638892032",0
"K2-7","K2-7 b",,,"TIC 53210555","Gaia DR2 3803494845449564672","Gaia DR3 3803494845449564672",0
"K2-70","K2-70 b",,,"TIC 250979498","Gaia DR2 2608811445383136768","Gaia DR3 2608811445383136768",0
"K2-71","K2-71 b",,,"TIC 402287746","Gaia DR2 2608279114251674624","Gaia DR3 2608279114251674624",0
"K2-72","K2-72 b",,,"TIC 38337202","Gaia DR2 2615653023342995584","Gaia DR3 2615653023342995584",0
"K2-72","K2-72 c",,,"TIC 38337202","Gaia DR2 2615653023342995584","Gaia DR3 2615653023342995584",0
"K2-72","K2-72 d",,,"TIC 38337202","Gaia DR2 2615653023342995584","Gaia DR3 2615653023342995584",0
"K2-72","K2-72 e",,,"TIC 38337202","Gaia DR2 2615653023342995584","Gaia DR3 2615653023342995584",0
"K2-73","K2-73 b",,,"TIC 38354061","Gaia DR2 2616071555020488960","Gaia DR3 2616071555020488960",0
"K2-73","K2-73 c",,,"TIC 38354061","Gaia DR2 2616071555020488960","Gaia DR3 2616071555020488960",0
"K2-74","K2-74 b",,,"TIC 251018878","Gaia DR2 2609566053956741888","Gaia DR3 2609566053956741888",0
"K2-75","K2-75 b",,,"TIC 250996363","Gaia DR2 2621784209417087360","Gaia DR3 2621784209417087360",0
"K2-75","K2-75 c",,,"TIC 250996363","Gaia DR2 2621784209417087360","Gaia DR3 2621784209417087360",0
"K2-77","K2-77 b",,,"TIC 435339847","Gaia DR2 37619725922094336","Gaia DR3 37619725922094336",0
"K2-79","K2-79 b",,,"TIC 435339558","Gaia DR2 38127013099258880","Gaia DR3 38127013099258880",0
"K2-8","K2-8 b",,,"TIC 38114658","Gaia DR2 3797977118144236288","Gaia DR3 3797977118144236288",0
"K2-8","K2-8 c",,,"TIC 38114658","Gaia DR2 3797977118144236288","Gaia DR3 3797977118144236288",0
"K2-80","K2-80 b",,,"TIC 242961495","Gaia DR2 38723395078288256","Gaia DR3 38723395078288256",0
"K2-80","K2-80 c",,,"TIC 242961495","Gaia DR2 38723395078288256","Gaia DR3 38723395078288256",0
"K2-80","K2-80 d",,,"TIC 242961495","Gaia DR2 38723395078288256","Gaia DR3 38723395078288256",0
"K2-81","K2-81 b",,,"TIC 59040029","Gaia DR2 39738656627501056","Gaia DR3 39738656627501056",0
"K2-83","K2-83 b",,,"TIC 242988068","Gaia DR2 40139531695379328","Gaia DR3 40139531695379328",0
"K2-83","K2-83 c",,,"TIC 242988068","Gaia DR2 40139531695379328","Gaia DR3 40139531695379328",0
"K2-84","K2-84 b",,,"TIC 434133930","Gaia DR2 44062348664673152","Gaia DR3 44062348664673152",0
"K2-84","K2-84 c",,,"TIC 434133930","Gaia DR2 44062348664673152","Gaia DR3 44062348664673152",0
"K2-85","K2-85 b",,,"TIC 14160842","Gaia DR2 49784688211974144","Gaia DR3 49784688211974144",0
"K2-86","K2-86 b",,,"TIC 25958378","Gaia DR2 55994798604873216","Gaia DR3 55994798604873216",0
"K2-87","K2-87 b",,,"TIC 17409453","Gaia DR2 47908509057301120","Gaia DR3 47908509057301120",0
"K2-88","K2-88 b",,,"TIC 113979956","Gaia DR2 56983706234931328","Gaia DR3 56983706234931328",0
"K2-89","K2-89 b",,,"TIC 440687723","Gaia DR2 63206117414110848","Gaia DR3 63206117414110848",0
"K2-9","K2-9 b",,,"TIC 82050863","Gaia DR2 3795633852707093120","Gaia DR3 3795633852707093120",0
"K2-90","K2-90 b",,,"TIC 14111411","Gaia DR2 65331198513957376","Gaia DR3 65331198513957376",0
"K2-90","K2-90 c",,,"TIC 14111411","Gaia DR2 65331198513957376","Gaia DR3 65331198513957376",0
"K2-91","K2-91 b",,,"TIC 56520147","Gaia DR2 149858216482858112","Gaia DR3 149858216482858112",0
"K2-95","K2-95 b",,,"TIC 195193025","Gaia DR2 659744295638254336","Gaia DR3 659744295638254336",0
"K2-97","K2-97 b",,,"TIC 366568760","Gaia DR2 600859258922054272","Gaia DR3 600859258922054272",0
"K2-98","K2-98 b",,,"TIC 366410512","Gaia DR2 601199802584914816","Gaia DR3 601199802584914816",0
"K2-99","K2-99 b",,,"TIC 176966903","Gaia DR2 3620612011248988416","Gaia DR3 3620612011248988416",0
"K2-99","K2-99 c",,,"TIC 176966903","Gaia DR2 3620612011248988416","Gaia DR3 3620612011248988416",0
"KELT-1","KELT-1 b",,,"TIC 432549364","Gaia DR2 2881784280929695360","Gaia DR3 2881784280929695360",0
"KELT-10","KELT-10 b",,,"TIC 269217040","Gaia DR2 6710517793025165696","Gaia DR3 6710517793025165696",0
"KELT-11","KELT-11 b","HD 93396","HIP 52733","TIC 55092869","Gaia DR2 3761497761876022400","Gaia DR3 3761497761876022400",0
"KELT-12","KELT-12 b",,,"TIC 116242971","Gaia DR2 4608935250790855296","Gaia DR3 4608935250790855296",0
"KELT-14","KELT-14 b",,,"TIC 134537478","Gaia DR2 5560886336446650240","Gaia DR3 5560886336446650240",0
"KELT-15","KELT-15 b",,,"TIC 268644785","Gaia DR2 5489780919480009472","Gaia DR3 5489780919480009472",0
"KELT-16","KELT-16 b",,,"TIC 236445129","Gaia DR2 1864885215233116032","Gaia DR3 1864885215233116032",0
"KELT-17","KELT-17 b",,,"TIC 6893917","Gaia DR2 651935220461650560","Gaia DR3 651935220461650560",0
"KELT-18","KELT-18 b",,,"TIC 293687315","Gaia DR2 1612165353793791488","Gaia DR3 1612165353793791488",0
"KELT-19 A","KELT-19 A b",,,"TIC 425206121","Gaia DR2 3142847477107193344","Gaia DR3 3142847477107193344",0
"KELT-2 A","KELT-2 A b","HD 42176","HIP 29301","TIC 97735908","Gaia DR2 3438059369839738624","Gaia DR3 3438059369839738624",0
"KELT-20","KELT-20 b","HD 185603","HIP 96618","TIC 69679391","Gaia DR2 2033123654092592384","Gaia DR3 2033123654092592384",0
"KELT-21","KELT-21 b","HD 332124",,"TIC 203189770","Gaia DR2 2054523105274216704","Gaia DR3 2054523105274216704",0
"KELT-23 A","KELT-23 A b",,,"TIC 458478250","Gaia DR2 1644692064543192704","Gaia DR3 1644692064543192704",0
"KELT-24","KELT-24 b","HD 93148","HIP 52796","TIC 349827430","Gaia DR2 1076970406751899008","Gaia DR3 1076970406751899008",0
"KELT-3","KELT-3 b",,,"TIC 67666096","Gaia DR2 806492019492266752","Gaia DR3 806492023789218688",0
"KELT-4 A","KELT-4 A b",,"HIP 51260","TIC 165297570","Gaia DR2 727624020367528576","Gaia DR3 727624020367528576",0
"KELT-6","KELT-6 b",,,"TIC 165987272","Gaia DR2 1464700950221781504","Gaia DR3 1464700950221781504",0
"KELT-6","KELT-6 c",,,"TIC 165987272","Gaia DR2 1464700950221781504","Gaia DR3 1464700950221781504",0
"KELT-7","KELT-7 b","HD 33643","HIP 24323","TIC 367366318","Gaia DR2 181908842994567936","Gaia DR3 181908842994567936",0
"KELT-8","KELT-8 b","HD 343246",,"TIC 358516596","Gaia DR2 4534144923690481408","Gaia DR3 4534144923690481408",0
"KELT-9","KELT-9 b","HD 195689","HIP 101252","TIC 16740101","Gaia DR2 2064327278651198336","Gaia DR3 2064327278651198336",0
"KIC 10001893","KIC 10001893 b",,,"TIC 158488181","Gaia DR2 2130473176626619136","Gaia DR3 2130473176626619136",0
"KIC 10001893","KIC 10001893 c",,,"TIC 158488181","Gaia DR2 2130473176626619136","Gaia DR3 2130473176626619136",0
"KIC 10001893","KIC 10001893 d",,,"TIC 158488181","Gaia DR2 2130473176626619136","Gaia DR3 2130473176626619136",0
"KIC 10068024","KIC 10068024 b",,,"TIC 158840777","Gaia DR2 2127798958189867392","Gaia DR3 2127798958189867392",0
"KIC 10525077","KIC 10525077 b",,,"TIC 158489091","Gaia DR2 2131059594280288128","Gaia DR3 2131059594280288128",0
"KIC 3526061","KIC 3526061 b",,,"TIC 399793957","Gaia DR2 2100133252769956224","Gaia DR3 2100133252769956224",0
"KIC 3558849","KIC 3558849 b",,,"TIC 138888805","Gaia DR2 2052136821446989568","Gaia DR3 2052136821446989568",0
"KIC 5437945","KIC 5437945 b",,,"TIC 121603086","Gaia DR2 2102070660978313472","Gaia DR3 2102070660978313472",0
"KIC 5479689","KIC 5479689 b",,,"TIC 171975725","Gaia DR2 2075056519291867648","Gaia DR3 2075056519291867648",0
"KIC 7917485","KIC 7917485 b",,,"TIC 268924604","Gaia DR2 2075978592919858432","Gaia DR3 2075978592919858432",0
"KIC 8121913","KIC 8121913 b",,,"TIC 268484648","Gaia DR2 2078991014258266624","Gaia DR3 2078991014258266624",0
"KOI-7892","KIC 8540376 b",,,"TIC 123449386","Gaia DR2 2105414310196331264","Gaia DR3 2105414310196331264",0
"KOI-7892","KIC 8540376 c",,,"TIC 123449386","Gaia DR2 2105414310196331264","Gaia DR3 2105414310196331264",0
"KIC 9663113","KIC 9663113 b",,,"TIC 272844987","Gaia DR2 2080266967444876032","Gaia DR3 2080266967444876032",0
"KMT-2016-BLG-0212L","KMT-2016-BLG-0212L b",,,,,,0
"KMT-2016-BLG-1105L","KMT-2016-BLG-1105L b",,,,,,0
"KMT-2016-BLG-1107L","KMT-2016-BLG-1107L b",,,,,,0
"KMT-2016-BLG-1337L","KMT-2016-BLG-1337L b",,,,,,1
"KMT-2016-BLG-1397L","KMT-2016-BLG-1397L b",,,,,,0
"KMT-2016-BLG-1820L","KMT-2016-BLG-1820L b",,,,,,0
"KMT-2016-BLG-1836L","KMT-2016-BLG-1836L b",,,,,,0
"KMT-2016-BLG-2142L","KMT-2016-BLG-2142L b",,,,,,0
"KMT-2016-BLG-2321L","KMT-2016-BLG-2321L b",,,,,,0
"KMT-2016-BLG-2364L","KMT-2016-BLG-2364L b",,,,,,0
"KMT-2016-BLG-2397L","KMT-2016-BLG-2397L b",,,,,,0
"KMT-2016-BLG-2605L","KMT-2016-BLG-2605L b",,,,,,0
"KMT-2017-BLG-0165L","KMT-2017-BLG-0165L b",,,,,,0
"KMT-2017-BLG-0428L","KMT-2017-BLG-0428L b",,,,,,0
"KMT-2017-BLG-0673L","KMT-2017-BLG-0673L b",,,,,,0
"KMT-2017-BLG-0849L","KMT-2017-BLG-0849L b",,,,,,0
"KMT-2017-BLG-1003L","KMT-2017-BLG-1003L b",,,,,,0
"KMT-2017-BLG-1038L","KMT-2017-BLG-1038L b",,,,,,0
"KMT-2017-BLG-1057L","KMT-2017-BLG-1057L b",,,,,,0
"KMT-2017-BLG-1146L","KMT-2017-BLG-1146L b",,,,,,0
"KMT-2017-BLG-1194L","KMT-2017-BLG-1194L b",,,,,,0
"KMT-2017-BLG-2197L","KMT-2017-BLG-2197L b",,,,,,0
"KMT-2017-BLG-2331L","KMT-2017-BLG-2331L b",,,,,,0
"KMT-2017-BLG-2509L","KMT-2017-BLG-2509L b",,,,,,0
"KMT-2018-BLG-0029L","KMT-2018-BLG-0029L b",,,,,,0
"KMT-2018-BLG-0030L","KMT-2018-BLG-0030L b",,,,,,0
"KMT-2018-BLG-0087L","KMT-2018-BLG-0087L b",,,,,,0
"KMT-2018-BLG-0247L","KMT-2018-BLG-0247L b",,,,,,0
"KMT-2018-BLG-0748L","KMT-2018-BLG-0748L b",,,,,,0
"KMT-2018-BLG-0885L","KMT-2018-BLG-0885L b",,,,,,0
"KMT-2018-BLG-1025L","KMT-2018-BLG-1025L b",,,,,,0
"KMT-2018-BLG-1292L","KMT-2018-BLG-1292L b",,,,,,0
"KMT-2018-BLG-1743L","KMT-2018-BLG-1743L b",,,,,,0
"KMT-2018-BLG-1976L","KMT-2018-BLG-1976L b",,,,,,0
"KMT-2018-BLG-1988L","KMT-2018-BLG-1988L b",,,,,,0
"KMT-2018-BLG-1990L","KMT-2018-BLG-1990L b",,,,,,0
"KMT-2018-BLG-1996L","KMT-2018-BLG-1996L b",,,,,,0
"KMT-2018-BLG-2602L","KMT-2018-BLG-2602L b",,,,,,0
"KMT-2019-BLG-0253L","KMT-2019-BLG-0253L b",,,,,,0
"KMT-2019-BLG-0297L","KMT-2019-BLG-0297L b",,,,,,0
"KMT-2019-BLG-0298L","KMT-2019-BLG-0298L b",,,,,,0
"KMT-2019-BLG-0335L","KMT-2019-BLG-0335L b",,,,,,0
"KMT-2019-BLG-0371L","KMT-2019-BLG-0371L b",,,,,,0
"KMT-2019-BLG-0414L","KMT-2019-BLG-0414L b",,,,,,0
"KMT-2019-BLG-0578L","KMT-2019-BLG-0578L b",,,,,,0
"KMT-2019-BLG-0842L","KMT-2019-BLG-0842L b",,,,,,0
"KMT-2019-BLG-0953L","KMT-2019-BLG-0953L b",,,,,,0
"KMT-2019-BLG-1042L","KMT-2019-BLG-1042L b",,,,,,0
"KMT-2019-BLG-1216L","KMT-2019-BLG-1216L b",,,,,,0
"KMT-2019-BLG-1339L","KMT-2019-BLG-1339L b",,,,,,0
"KMT-2019-BLG-1367L","KMT-2019-BLG-1367L b",,,,,,0
"KMT-2019-BLG-1552L","KMT-2019-BLG-1552L b",,,,,,0
"KMT-2019-BLG-1715L","KMT-2019-BLG-1715L b",,,,,,0
"KMT-2019-BLG-1806L","KMT-2019-BLG-1806L b",,,,,,0
"KMT-2019-BLG-1953L","KMT-2019-BLG-1953L b",,,,,,0
"KMT-2019-BLG-2783L","KMT-2019-BLG-2783L b",,,,,,0
"KMT-2019-BLG-2974L","KMT-2019-BLG-2974L b",,,,,,0
"KMT-2020-BLG-0202L","KMT-2020-BLG-0202L b",,,,,,0
"KMT-2020-BLG-0414L","KMT-2020-BLG-0414L b",,,,,,0
"KMT-2020-BLG-0414L","KMT-2020-BLG-0414L c",,,,,,0
"KMT-2021-BLG-0119L","KMT-2021-BLG-0119L b",,,,,,0
"KMT-2021-BLG-0171L","KMT-2021-BLG-0171L b",,,,,,0
"KMT-2021-BLG-0192L","KMT-2021-BLG-0192L b",,,,,,0
"KMT-2021-BLG-0240L","KMT-2021-BLG-0240L b",,,,,,0
"KMT-2021-BLG-0320L","KMT-2021-BLG-0320L b",,,,,,0
"KMT-2021-BLG-0322L","KMT-2021-BLG-0322L b",,,,,,0
"KMT-2021-BLG-0712L","KMT-2021-BLG-0712L b",,,,,,0
"KMT-2021-BLG-0736L","KMT-2021-BLG-0736L b",,,,,,0
"KMT-2021-BLG-0748L","KMT-2021-BLG-0748L b",,,,,,0
"KMT-2021-BLG-0852L","KMT-2021-BLG-0852L b",,,,,,0
"KMT-2021-BLG-0909L","KMT-2021-BLG-0909L b",,,,,,0
"KMT-2021-BLG-0912L","KMT-2021-BLG-0912L b",,,,,,0
"KMT-2021-BLG-1077L","KMT-2021-BLG-1077L b",,,,,,0
"KMT-2021-BLG-1077L","KMT-2021-BLG-1077L c",,,,,,0
"KMT-2021-BLG-1105L","KMT-2021-BLG-1105L b",,,,,,0
"KMT-2021-BLG-1150L","KMT-2021-BLG-1150L b",,,,,,0
"KMT-2021-BLG-1253L","KMT-2021-BLG-1253L b",,,,,,0
"KMT-2021-BLG-1303L","KMT-2021-BLG-1303L b",,,,,,0
"KMT-2021-BLG-1372L","KMT-2021-BLG-1372L b",,,,,,0
"KMT-2021-BLG-1391L","KMT-2021-BLG-1391L b",,,,,,0
"KMT-2021-BLG-1547L","KMT-2021-BLG-1547L b",,,,,,0
"KMT-2021-BLG-1554L","KMT-2021-BLG-1554L b",,,,,,0
"KMT-2021-BLG-1689L","KMT-2021-BLG-1689L b",,,,,,0
"KMT-2021-BLG-1770L","KMT-2021-BLG-1770L b",,,,,,0
"KMT-2021-BLG-1898L","KMT-2021-BLG-1898L b",,,,,,0
"KMT-2021-BLG-2010L","KMT-2021-BLG-2010L b",,,,,,0
"KMT-2021-BLG-2294L","KMT-2021-BLG-2294L b",,,,,,0
"KMT-2021-BLG-2478L","KMT-2021-BLG-2478L b",,,,,,0
"KMT-2021-BLG-2609L","KMT-2021-BLG-2609L b",,,,,,0
"KMT-2022-BLG-0303L","KMT-2022-BLG-0303L b",,,,,,0
"KMT-2022-BLG-0371L","KMT-2022-BLG-0371L b",,,,,,0
"KMT-2022-BLG-0440L","KMT-2022-BLG-0440L b",,,,,,0
"KMT-2022-BLG-1013L","KMT-2022-BLG-1013L b",,,,,,0
"KMT-2022-BLG-1551L","KMT-2022-BLG-1551L b",,,,,,0
"KMT-2022-BLG-1790L","KMT-2022-BLG-1790L b",,,,,,0
"KMT-2022-BLG-1818L","KMT-2022-BLG-1818L b",,,,,,0
"KMT-2022-BLG-1818L","KMT-2022-BLG-1818L c",,,,,,0
"KMT-2022-BLG-2076L","KMT-2022-BLG-2076L b",,,,,,0
"KMT-2022-BLG-2286L","KMT-2022-BLG-2286L b",,,,,,0
"KMT-2023-BLG-0084L","KMT-2023-BLG-0084L b",,,,,,0
"KMT-2023-BLG-0119L","KMT-2023-BLG-0119L b",,,,,,0
"KMT-2023-BLG-0332L","KMT-2023-BLG-0332L b",,,,,,0
"KMT-2023-BLG-0416L","KMT-2023-BLG-0416L b",,,,,,0
"KMT-2023-BLG-0466L","KMT-2023-BLG-0466L b",,,,,,0
"KMT-2023-BLG-0469L","KMT-2023-BLG-0469L b",,,,,,0
"KMT-2023-BLG-0548L","KMT-2023-BLG-0548L b",,,,,,0
"KMT-2023-BLG-0735L","KMT-2023-BLG-0735L b",,,,,,0
"KMT-2023-BLG-0830L","KMT-2023-BLG-0830L b",,,,,,0
"KMT-2023-BLG-0949L","KMT-2023-BLG-0949L b",,,,,,0
"KMT-2023-BLG-1118L","KMT-2023-BLG-1118L b",,,,,,0
"KMT-2023-BLG-1431L","KMT-2023-BLG-1431L b",,,,,,0
"KMT-2023-BLG-1454L","KMT-2023-BLG-1454L b",,,,,,0
"KMT-2023-BLG-1592L","KMT-2023-BLG-1592L b",,,,,,0
"KMT-2023-BLG-1642L","KMT-2023-BLG-1642L b",,,,,,0
"KMT-2023-BLG-1743L","KMT-2023-BLG-1743L b",,,,,,0
"KMT-2023-BLG-1810L","KMT-2023-BLG-1810L b",,,,,,0
"KMT-2023-BLG-1866L","KMT-2023-BLG-1866L b",,,,,,0
"KMT-2023-BLG-1896L","KMT-2023-BLG-1896L b",,,,,,0
"KMT-2023-BLG-2209L","KMT-2023-BLG-2209L b",,,,,,0
"KMT-2024-BLG-0176L","KMT-2024-BLG-0176L b",,,,,,0
"KMT-2024-BLG-0349L","KMT-2024-BLG-0349L b",,,,,,0
"KMT-2024-BLG-0404L","KMT-2024-BLG-0404L b",,,,,,0
"KMT-2024-BLG-0404L","KMT-2024-BLG-0404L c",,,,,,0
"KMT-2024-BLG-1005L","KMT-2024-BLG-1005L b",,,,,,0
"KMT-2024-BLG-1044L","KMT-2024-BLG-1044L b",,,,,,0
"KMT-2024-BLG-1209L","KMT-2024-BLG-1209L b",,,,,,0
"KMT-2024-BLG-1281L","KMT-2024-BLG-1281L b",,,,,,0
"KMT-2024-BLG-1870L","KMT-2024-BLG-1870L b",,,,,,0
"KMT-2024-BLG-2005L","KMT-2024-BLG-2005L b",,,,,,0
"KMT-2024-BLG-2059L","KMT-2024-BLG-2059L b",,,,,,0
"KMT-2024-BLG-2087L","KMT-2024-BLG-2087L b",,,,,,0
"KMT-2024-BLG-2242L","KMT-2024-BLG-2242L b",,,,,,0
"KMT-2025-BLG-0026L","KMT-2025-BLG-0026L b",,,,,,0
"KMT-2025-BLG-0030L","KMT-2025-BLG-0030L b",,,,,,0
"KMT-2025-BLG-0121L","KMT-2025-BLG-0121L b",,,,,,0
"KMT-2025-BLG-0481L","KMT-2025-BLG-0481L b",,,,,,0
"KMT-2025-BLG-0975L","KMT-2025-BLG-0975L b",,,,,,0
"KMT-2025-BLG-1160L","KMT-2025-BLG-1160L b",,,,,,0
"KMT-2025-BLG-1616L","KMT-2025-BLG-1616L b",,,,,,0
"KMT-2025-BLG-2272L","KMT-2025-BLG-2272L b",,,,,,0
"KOBE-1","KOBE-1 b",,"HIP 5957","TIC 16917838","Gaia DR2 294517800251711616","Gaia DR3 294517800251711616",0
"KOBE-1","KOBE-1 c",,"HIP 5957","TIC 16917838","Gaia DR2 294517800251711616","Gaia DR3 294517800251711616",0
"KOI-12","KOI-12 b",,,"TIC 169461816","Gaia DR2 2073860662955260416","Gaia DR3 2073860662955260416",0
"KOI-1257","KOI-1257 b",,,"TIC 159647910","Gaia DR2 2126633166627436928","Gaia DR3 2126633166627436928",0
"KOI-13","KOI-13 b",,,"TIC 158324245","Gaia DR2 2130632159134827392","Gaia DR3 2130632159136095104",0
"KOI-134","KOI-134 b",,,"TIC 271772050","Gaia DR2 2079971473693847168","Gaia DR3 2079971473693847168",0
"KOI-134","KOI-134 c",,,"TIC 271772050","Gaia DR2 2079971473693847168","Gaia DR3 2079971473693847168",0
"KOI-142","KOI-142 b",,,"TIC 122712595","Gaia DR2 2101507367429089664","Gaia DR3 2101507367429089664",0
"KOI-142","KOI-142 c",,,"TIC 122712595","Gaia DR2 2101507367429089664","Gaia DR3 2101507367429089664",0
"KOI-1599","KOI-1599.01",,,"TIC 170647523","Gaia DR2 2073779161653824640","Gaia DR3 2073779161653824640",0
"KOI-1599","KOI-1599.02",,,"TIC 170647523","Gaia DR2 2073779161653824640","Gaia DR3 2073779161653824640",0
"KOI-1783","KOI-1783.01",,,"TIC 159051209","Gaia DR2 2127790368255394048","Gaia DR3 2127790368255394048",0
"KOI-1783","KOI-1783.02",,,"TIC 159051209","Gaia DR2 2127790368255394048","Gaia DR3 2127790368255394048",0
"Kepler-324","KOI-1831 d",,,"TIC 243271716","Gaia DR2 2132078120004385152","Gaia DR3 2132078120004385152",0
"Kepler-968","KOI-1833 d",,,"TIC 350814607","Gaia DR2 2132152474478407040","Gaia DR3 2132152474478407040",0
"Kepler-974","KOI-1843.03",,,"TIC 120418600","Gaia DR2 2103377980301947264","Gaia DR3 2103377980301947264",0
"KOI-217","KOI-217 b",,,"TIC 271354351","Gaia DR2 2080095679848047872","Gaia DR3 2080095684150253952",0
"KOI-2513","KOI-2513.01",,,"TIC 270618386","Gaia DR2 2128167225867000576","Gaia DR3 2128167225867000576",0
"KOI-319","KOI-319 b",,,"TIC 159303995","Gaia DR2 2127045311688712832","Gaia DR3 2127045311688712832",0
"KOI-319","KOI-319 c",,,"TIC 159303995","Gaia DR2 2127045311688712832","Gaia DR3 2127045311688712832",0
"KOI-3503","KOI-3503 b",,,"TIC 138097784","Gaia DR2 2077601373302068352","Gaia DR3 2077601373302068352",0
"KOI-3503","KOI-3503 c",,,"TIC 138097784","Gaia DR2 2077601373302068352","Gaia DR3 2077601373302068352",0
"KOI-351","KOI-351 b",,,"TIC 267667295","Gaia DR2 2132193431285570304","Gaia DR3 2132193431285570304",0
"KOI-351","KOI-351 c",,,"TIC 267667295","Gaia DR2 2132193431285570304","Gaia DR3 2132193431285570304",0
"KOI-351","KOI-351 d",,,"TIC 267667295","Gaia DR2 2132193431285570304","Gaia DR3 2132193431285570304",0
"KOI-351","KOI-351 e",,,"TIC 267667295","Gaia DR2 2132193431285570304","Gaia DR3 2132193431285570304",0
"KOI-351","KOI-351 f",,,"TIC 267667295","Gaia DR2 2132193431285570304","Gaia DR3 2132193431285570304",0
"KOI-351","KOI-351 g",,,"TIC 267667295","Gaia DR2 2132193431285570304","Gaia DR3 2132193431285570304",0
"KOI-351","KOI-351 h",,,"TIC 267667295","Gaia DR2 2132193431285570304","Gaia DR3 2132193431285570304",0
"KOI-3680","KOI-3680 b",,,"TIC 275574174","Gaia DR2 2126518783059463168","Gaia DR3 2126518783059463168",0
"KOI-4777","KOI-4777.01",,,"TIC 158427808","Gaia DR2 2102436351673656704","Gaia DR3 2102436351673656704",0
"KOI-4978","KOI-4978 b",,,"TIC 120962288","Gaia DR2 2099983478670059136","Gaia DR3 2099983478670059136",0
"KOI-55","KOI-55 b",,,"TIC 184427882","Gaia DR2 2076819620539690880","Gaia DR3 2076819620539690880",0
"KOI-55","KOI-55 c",,,"TIC 184427882","Gaia DR2 2076819620539690880","Gaia DR3 2076819620539690880",0
"KOI-7368","KOI-7368 b",,,"TIC 27010191","Gaia DR2 2128840912955018368","Gaia DR3 2128840912955018368",0
"KOI-7913 A","KOI-7913 b",,,"TIC 158320130","Gaia DR2 2106235301785454208","Gaia DR3 2106235301785454208",0
"Kepler-247","KOI-884 e",,,"TIC 158792051","Gaia DR2 2102911576914748032","Gaia DR3 2102911581215700096",0
"KOI-94","KOI-94 b",,,"TIC 273231214","Gaia DR2 2076970047474270208","Gaia DR3 2076970047474270208",0
"KOI-94","KOI-94 c",,,"TIC 273231214","Gaia DR2 2076970047474270208","Gaia DR3 2076970047474270208",0
"KOI-94","KOI-94 d",,,"TIC 273231214","Gaia DR2 2076970047474270208","Gaia DR3 2076970047474270208",0
"KOI-94","KOI-94 e",,,"TIC 273231214","Gaia DR2 2076970047474270208","Gaia DR3 2076970047474270208",0
"KOI-984","KOI-984 b",,,"TIC 122784501",,,0
"KOI-984","KOI-984 c",,,"TIC 122784501",,,0
"XEST 17-036","KOINTREAU-1 b",,,"TIC 61229372","Gaia DR2 145196252820109440","Gaia DR3 145196252820109440",0
"ISO-Oph 96","KOINTREAU-3 b",,,"TIC 175629533","Gaia DR2 6049072213596652288","Gaia DR3 6049072213596652288",0
"2MASS J16262785-2625152","KOINTREAU-4 b",,,"TIC 175594111","Gaia DR2 6045818685674325760","Gaia DR3 6045818685674325760",0
"KPS-1","KPS-1 b",,,"TIC 99834717","Gaia DR2 1055895483267019392","Gaia DR3 1055895483267019392",0
"Kapteyn","Kapteyn c","HD 33793","HIP 24186","TIC 200385493","Gaia DR2 4810594479417465600","Gaia DR3 4810594479418041856",0
"Kepler-10","Kepler-10 b",,,"TIC 377780790","Gaia DR2 2132155017099178624","Gaia DR3 2132155017099178624",0
"Kepler-10","Kepler-10 c",,,"TIC 377780790","Gaia DR2 2132155017099178624","Gaia DR3 2132155017099178624",0
"Kepler-10","Kepler-10 d",,,"TIC 377780790","Gaia DR2 2132155017099178624","Gaia DR3 2132155017099178624",0
"Kepler-100","Kepler-100 b",,,"TIC 159654016","Gaia DR2 2101733244046205568","Gaia DR3 2101733244046205568",0
"Kepler-100","Kepler-100 c",,,"TIC 159654016","Gaia DR2 2101733244046205568","Gaia DR3 2101733244046205568",0
"Kepler-100","Kepler-100 d",,,"TIC 159654016","Gaia DR2 2101733244046205568","Gaia DR3 2101733244046205568",0
"Kepler-100","Kepler-100 e",,,"TIC 159654016","Gaia DR2 2101733244046205568","Gaia DR3 2101733244046205568",0
"Kepler-1000","Kepler-1000 b",,,"TIC 158322296","Gaia DR2 2130652843697474816","Gaia DR3 2130652843697474816",0
"Kepler-1001","Kepler-1001 b",,,"TIC 405719252","Gaia DR2 2131178238457347712","Gaia DR3 2131178238457347712",0
"Kepler-1001","Kepler-1001 c",,,"TIC 405719252","Gaia DR2 2131178238457347712","Gaia DR3 2131178238457347712",0
"Kepler-1002","Kepler-1002 b",,,"TIC 275494505","Gaia DR2 2077837115462974080","Gaia DR3 2077837115462974080",0
"Kepler-1003","Kepler-1003 b",,,"TIC 63074840","Gaia DR2 2126597054542193536","Gaia DR3 2126597054542193536",0
"Kepler-1004","Kepler-1004 b",,,"TIC 28159194","Gaia DR2 2087243952836878080","Gaia DR3 2087243952836878080",0
"Kepler-1005","Kepler-1005 b",,,"TIC 158215347","Gaia DR2 2105663727538050688","Gaia DR3 2105663727538050688",0
"Kepler-1006","Kepler-1006 b",,,"TIC 271960115",,,0
"Kepler-1007","Kepler-1007 b",,,"TIC 272074477","Gaia DR2 2080381625890666496","Gaia DR3 2080381625890666496",0
"Kepler-1008","Kepler-1008 b",,,"TIC 272491981","Gaia DR2 2079733154550359424","Gaia DR3 2079733154550359424",0
"Kepler-1009","Kepler-1009 b",,,"TIC 164411478","Gaia DR2 2105151526917259520","Gaia DR3 2105151526917259520",0
"Kepler-101","Kepler-101 b",,,"TIC 48304653","Gaia DR2 2131709921047710336","Gaia DR3 2131709921047710336",0
"Kepler-101","Kepler-101 c",,,"TIC 48304653","Gaia DR2 2131709921047710336","Gaia DR3 2131709921047710336",0
"Kepler-1010","Kepler-1010 b",,,"TIC 158989909","Gaia DR2 2102899314789524480","Gaia DR3 2102899314789524480",0
"Kepler-1011","Kepler-1011 b",,,"TIC 273130565","Gaia DR2 2080310088916950016","Gaia DR3 2080310088916950016",0
"Kepler-1012","Kepler-1012 b",,,"TIC 158986490","Gaia DR2 2127749342727327616","Gaia DR3 2127749342727327616",0
"Kepler-1013","Kepler-1013 b",,,"TIC 159304741","Gaia DR2 2126890417989112832","Gaia DR3 2126890417989112832",0
"Kepler-1014","Kepler-1014 b",,,"TIC 164883912","Gaia DR2 2105933417124075264","Gaia DR3 2105933417124075264",0
"Kepler-1015","Kepler-1015 b",,,"TIC 63373862","Gaia DR2 2125896459478159360","Gaia DR3 2125896459478159360",0
"Kepler-1016","Kepler-1016 b",,,"TIC 271164596","Gaia DR2 2080061393129929088","Gaia DR3 2080061393129929088",0
"Kepler-1016","Kepler-1016 c",,,"TIC 271164596","Gaia DR2 2080061393129929088","Gaia DR3 2080061393129929088",0
"Kepler-1017","Kepler-1017 b",,,"TIC 237188153","Gaia DR2 2103516759284836992","Gaia DR3 2103516759284836992",0
"Kepler-1018","Kepler-1018 b",,,"TIC 164555061","Gaia DR2 2107016126838707200","Gaia DR3 2107016126838707200",0
"Kepler-1019","Kepler-1019 b",,,"TIC 164556761","Gaia DR2 2107596978215473024","Gaia DR3 2107596978215473024",0
"Kepler-102","Kepler-102 b",,,"TIC 123357864","Gaia DR2 2119583201145735808","Gaia DR3 2119583201145735808",0
"Kepler-102","Kepler-102 c",,,"TIC 123357864","Gaia DR2 2119583201145735808","Gaia DR3 2119583201145735808",0
"Kepler-102","Kepler-102 d",,,"TIC 123357864","Gaia DR2 2119583201145735808","Gaia DR3 2119583201145735808",0
"Kepler-102","Kepler-102 e",,,"TIC 123357864","Gaia DR2 2119583201145735808","Gaia DR3 2119583201145735808",0
"Kepler-102","Kepler-102 f",,,"TIC 123357864","Gaia DR2 2119583201145735808","Gaia DR3 2119583201145735808",0
"Kepler-1020","Kepler-1020 b",,,"TIC 63362217","Gaia DR2 2128262161823652480","Gaia DR3 2128262161823652480",0
"Kepler-1021","Kepler-1021 b",,,"TIC 271537790","Gaia DR2 2077902914366974464","Gaia DR3 2077902914366974464",0
"Kepler-1022","Kepler-1022 b",,,"TIC 159051188","Gaia DR2 2127788822067165824","Gaia DR3 2127788822067165824",0
"Kepler-1023","Kepler-1023 b",,,"TIC 299154193","Gaia DR2 2132678625152847232","Gaia DR3 2132678625152847232",0
"Kepler-1024","Kepler-1024 b",,,"TIC 137349536","Gaia DR2 2052666992204482816","Gaia DR3 2052666992204482816",0
"Kepler-1025","Kepler-1025 b",,,"TIC 164727439","Gaia DR2 2106595941599427072","Gaia DR3 2106595941599427072",0
"Kepler-1026","Kepler-1026 b",,,"TIC 237192046","Gaia DR2 2103502465633672320","Gaia DR3 2103502465633672320",0
"Kepler-1027","Kepler-1027 b",,,"TIC 158552426","Gaia DR2 2102600488143944192","Gaia DR3 2102600488143944192",0
"Kepler-1028","Kepler-1028 b",,,"TIC 416265126","Gaia DR2 2132657390834750976","Gaia DR3 2132657390834750976",0
"Kepler-1029","Kepler-1029 b",,,"TIC 137409907","Gaia DR2 2101670026430316416","Gaia DR3 2101670026430316416",0
"Kepler-103","Kepler-103 b",,,"TIC 121865656","Gaia DR2 2101243789577188736","Gaia DR3 2101243789577188736",0
"Kepler-103","Kepler-103 c",,,"TIC 121865656","Gaia DR2 2101243789577188736","Gaia DR3 2101243789577188736",0
"Kepler-1030","Kepler-1030 b",,,"TIC 270617362","Gaia DR2 2128009617747394432","Gaia DR3 2128009617747394432",0
"Kepler-1031","Kepler-1031 b",,,"TIC 27769737",,,0
"Kepler-1032","Kepler-1032 b",,,"TIC 122139228","Gaia DR2 2101146757674573568","Gaia DR3 2101146757674573568",0
"Kepler-1033","Kepler-1033 b",,,"TIC 164560648","Gaia DR2 2106679126525940096","Gaia DR3 2106679126525940096",0
"Kepler-1034","Kepler-1034 b",,,"TIC 120762990","Gaia DR2 2099851331117081600","Gaia DR3 2099851331117081600",0
"Kepler-1035","Kepler-1035 b",,,"TIC 158927791","Gaia DR2 2102730157496733952","Gaia DR3 2102730157496733952",0
"Kepler-1036","Kepler-1036 b",,,"TIC 27396869","Gaia DR2 2134950078738454016","Gaia DR3 2134950078738454016",0
"Kepler-1037","Kepler-1037 b",,,"TIC 272282253","Gaia DR2 2080563320187721344","Gaia DR3 2080563320187721344",0
"Kepler-1038","Kepler-1038 b",,,"TIC 268483792","Gaia DR2 2079028676836456960","Gaia DR3 2079028676836456960",0
"Kepler-1038","Kepler-1038 c",,,"TIC 268483792","Gaia DR2 2079028676836456960","Gaia DR3 2079028676836456960",0
"Kepler-1039","Kepler-1039 b",,,"TIC 274020852","Gaia DR2 2079404572371719680","Gaia DR3 2079404572371719680",0
"Kepler-104","Kepler-104 b",,,"TIC 158553540","Gaia DR2 2102454253097554304","Gaia DR3 2102454253097554304",0
"Kepler-104","Kepler-104 c",,,"TIC 158553540","Gaia DR2 2102454253097554304","Gaia DR3 2102454253097554304",0
"Kepler-104","Kepler-104 d",,,"TIC 158553540","Gaia DR2 2102454253097554304","Gaia DR3 2102454253097554304",0
"Kepler-1040","Kepler-1040 b",,,"TIC 48217265","Gaia DR2 2131701365472538112","Gaia DR3 2131701365472538112",0
"Kepler-1041","Kepler-1041 b",,,"TIC 27007509","Gaia DR2 2135071712211140608","Gaia DR3 2135071712211140608",0
"Kepler-1042","Kepler-1042 b",,,"TIC 121734006","Gaia DR2 2101233898269847296","Gaia DR3 2101233898269847296",0
"Kepler-1043","Kepler-1043 b",,,"TIC 123358827","Gaia DR2 2119617320366308736","Gaia DR3 2119617320366308736",0
"Kepler-1044","Kepler-1044 b",,,"TIC 275488493","Gaia DR2 2128374483807368576","Gaia DR3 2128374483807368576",0
"Kepler-1045","Kepler-1045 b",,,"TIC 164670756","Gaia DR2 2106805501643509888","Gaia DR3 2106805501643509888",0
"Kepler-1046","Kepler-1046 b",,,"TIC 272601000","Gaia DR2 2080369355161370240","Gaia DR3 2080369355161370240",0
"Kepler-1047","Kepler-1047 b",,,"TIC 299029323","Gaia DR2 2133309160710350336","Gaia DR3 2133309160710350336",0
"Kepler-1047","Kepler-1047 c",,,"TIC 299029323","Gaia DR2 2133309160710350336","Gaia DR3 2133309160710350336",0
"Kepler-1048","Kepler-1048 b",,,"TIC 123408693","Gaia DR2 2104704815958848000","Gaia DR3 2104704815958848000",0
"Kepler-1049","Kepler-1049 b",,,"TIC 158489095","Gaia DR2 2131059628640021120","Gaia DR3 2131059628640021120",0
"Kepler-105","Kepler-105 b",,,"TIC 158625964","Gaia DR2 2130368310704421120","Gaia DR3 2130368310704421120",0
"Kepler-105","Kepler-105 c",,,"TIC 158625964","Gaia DR2 2130368310704421120","Gaia DR3 2130368310704421120",0
"Kepler-1050","Kepler-1050 b",,,"TIC 48216453","Gaia DR2 2143749504651818368","Gaia DR3 2143749504651818368",0
"Kepler-1050","Kepler-1050 c",,,"TIC 48216453","Gaia DR2 2143749504651818368","Gaia DR3 2143749504651818368",0
"Kepler-1051","Kepler-1051 b",,,"TIC 138968338","Gaia DR2 2076661630160275072","Gaia DR3 2076661630160275072",0
"Kepler-1052","Kepler-1052 b",,,"TIC 271661839","Gaia DR2 2080466185207274880","Gaia DR3 2080466185207274880",0
"Kepler-1052","Kepler-1052 c",,,"TIC 271661839","Gaia DR2 2080466185207274880","Gaia DR3 2080466185207274880",0
"Kepler-1053","Kepler-1053 b",,,"TIC 137152419","Gaia DR2 2052973309272223232","Gaia DR3 2052973309272223232",0
"Kepler-1054","Kepler-1054 b",,,"TIC 159441326","Gaia DR2 2126979031752904192","Gaia DR3 2126979031752904192",0
"Kepler-1055","Kepler-1055 b",,,"TIC 159440697","Gaia DR2 2127020229079881856","Gaia DR3 2127020229079881856",0
"Kepler-1056","Kepler-1056 b",,,"TIC 268935452","Gaia DR2 2085599186522693632","Gaia DR3 2085599186522693632",0
"Kepler-1057","Kepler-1057 b",,,"TIC 169463893","Gaia DR2 2076891329311747584","Gaia DR3 2076891329311747584",0
"Kepler-1058","Kepler-1058 b",,,"TIC 271164394","Gaia DR2 2080054761700390272","Gaia DR3 2080054761700390272",0
"Kepler-1059","Kepler-1059 b",,,"TIC 121943952","Gaia DR2 2102249400337907456","Gaia DR3 2102249400337907456",0
"Kepler-106","Kepler-106 b",,,"TIC 184997417","Gaia DR2 2082074942519913344","Gaia DR3 2082074942519913344",0
"Kepler-106","Kepler-106 c",,,"TIC 184997417","Gaia DR2 2082074942519913344","Gaia DR3 2082074942519913344",0
"Kepler-106","Kepler-106 d",,,"TIC 184997417","Gaia DR2 2082074942519913344","Gaia DR3 2082074942519913344",0
"Kepler-106","Kepler-106 e",,,"TIC 184997417","Gaia DR2 2082074942519913344","Gaia DR3 2082074942519913344",0
"Kepler-1060","Kepler-1060 b",,,"TIC 120691237","Gaia DR2 2100653527927414272","Gaia DR3 2100653527927414272",0
"Kepler-1061","Kepler-1061 b",,,"TIC 27776660","Gaia DR2 2135301338343246848","Gaia DR3 2135301338343246848",0
"Kepler-1062","Kepler-1062 b",,,"TIC 120043084","Gaia DR2 2103714637018491136","Gaia DR3 2103714637018491136",0
"Kepler-1063","Kepler-1063 b",,,"TIC 122451550",,,0
"Kepler-1064","Kepler-1064 b",,,"TIC 137315852","Gaia DR2 2051807620790721792","Gaia DR3 2051807620790721792",0
"Kepler-1065","Kepler-1065 b",,,"TIC 378012771","Gaia DR2 2052203273182353920","Gaia DR3 2052203273182353920",0
"Kepler-1065","Kepler-1065 c",,,"TIC 378012771","Gaia DR2 2052203273182353920","Gaia DR3 2052203273182353920",0
"Kepler-1066","Kepler-1066 b",,,"TIC 268379849","Gaia DR2 2085502463860057984","Gaia DR3 2085502463860057984",0
"Kepler-1067","Kepler-1067 b",,,"TIC 351910733","Gaia DR2 2106374557504930944","Gaia DR3 2106374557504930944",0
"Kepler-1067","Kepler-1067 c",,,"TIC 351910733","Gaia DR2 2106374557504930944","Gaia DR3 2106374557504930944",0
"Kepler-1068","Kepler-1068 b",,,"TIC 271165395","Gaia DR2 2128129876831370880","Gaia DR3 2128129876831370880",0
"Kepler-1069","Kepler-1069 b",,,"TIC 417659970","Gaia DR2 2129215369685086080","Gaia DR3 2129215369685086080",0
"Kepler-107","Kepler-107 b",,,"TIC 27988327","Gaia DR2 2086625752425381632","Gaia DR3 2086625752425381632",0
"Kepler-107","Kepler-107 c",,,"TIC 27988327","Gaia DR2 2086625752425381632","Gaia DR3 2086625752425381632",0
"Kepler-107","Kepler-107 d",,,"TIC 27988327","Gaia DR2 2086625752425381632","Gaia DR3 2086625752425381632",0
"Kepler-107","Kepler-107 e",,,"TIC 27988327","Gaia DR2 2086625752425381632","Gaia DR3 2086625752425381632",0
"Kepler-1070","Kepler-1070 b",,,"TIC 26814296","Gaia DR2 2129064874031303936","Gaia DR3 2129064874031303936",0
"Kepler-1071","Kepler-1071 b",,,"TIC 275490723","Gaia DR2 2126514556811478144","Gaia DR3 2126514556811478144",0
"Kepler-1072","Kepler-1072 b",,,"TIC 63072565","Gaia DR2 2126806992544494720","Gaia DR3 2126806992544494720",0
"Kepler-1073","Kepler-1073 b",,,"TIC 138568416","Gaia DR2 2052069201482198784","Gaia DR3 2052069201482198784",0
"Kepler-1073","Kepler-1073 c",,,"TIC 138568416","Gaia DR2 2052069201482198784","Gaia DR3 2052069201482198784",0
"Kepler-1073","Kepler-1073 d",,,"TIC 138568416","Gaia DR2 2052069201482198784","Gaia DR3 2052069201482198784",0
"Kepler-1074","Kepler-1074 b",,,"TIC 164724987","Gaia DR2 2107240324132394496","Gaia DR3 2107240324132394496",0
"Kepler-1075","Kepler-1075 b",,,"TIC 158489841","Gaia DR2 2130861785267379456","Gaia DR3 2130861785267379456",0
"Kepler-1076","Kepler-1076 b",,,"TIC 399955825","Gaia DR2 2133011635437118464",,0
"Kepler-1077","Kepler-1077 b",,,"TIC 159574927","Gaia DR2 2101930164010053120","Gaia DR3 2101930164010053120",0
"Kepler-1078","Kepler-1078 b",,,"TIC 275494550","Gaia DR2 2077837390345483904","Gaia DR3 2077837390345483904",0
"Kepler-1079","Kepler-1079 b",,,"TIC 268932150",,,0
"Kepler-108","Kepler-108 b",,,"TIC 271164755","Gaia DR2 2080062630075994624",,0
"Kepler-108","Kepler-108 c",,,"TIC 271164755","Gaia DR2 2080062630075994624",,0
"Kepler-1080","Kepler-1080 b",,,"TIC 27847814","Gaia DR2 2086818579276362624","Gaia DR3 2086818579276362624",0
"Kepler-1081","Kepler-1081 b",,,"TIC 122066167","Gaia DR2 2101476065707700480","Gaia DR3 2101476065707700480",0
"Kepler-1082","Kepler-1082 b",,,"TIC 299218775","Gaia DR2 2133127363335546112","Gaia DR3 2133127363335546112",0
"Kepler-1083","Kepler-1083 b",,,"TIC 164458639","Gaia DR2 2106904698207543936","Gaia DR3 2106904698207543936",0
"Kepler-1084","Kepler-1084 b",,,"TIC 267749737","Gaia DR2 2129464546506876928","Gaia DR3 2129464546506876928",0
"Kepler-1085","Kepler-1085 b",,,"TIC 158487108","Gaia DR2 2130321925058256384","Gaia DR3 2130321925058256384",0
"Kepler-1085","Kepler-1085 c",,,"TIC 158487108","Gaia DR2 2130321925058256384","Gaia DR3 2130321925058256384",0
"Kepler-1086","Kepler-1086 b",,,"TIC 271545939","Gaia DR2 2080018374737161984","Gaia DR3 2080018374737161984",0
"Kepler-1086","Kepler-1086 c",,,"TIC 271545939","Gaia DR2 2080018374737161984","Gaia DR3 2080018374737161984",0
"Kepler-1087","Kepler-1087 b",,,"TIC 271353794","Gaia DR2 2080070975195117312","Gaia DR3 2080070975195117312",0
"Kepler-1088","Kepler-1088 b",,,"TIC 123316231","Gaia DR2 2104727081069413376","Gaia DR3 2104727081069413376",0
"Kepler-1089","Kepler-1089 b",,,"TIC 350810654","Gaia DR2 2129928884010551936","Gaia DR3 2129928884010551936",0
"Kepler-109","Kepler-109 b",,,"TIC 122441003","Gaia DR2 2101175933393051008","Gaia DR3 2101175933393051008",0
"Kepler-109","Kepler-109 c",,,"TIC 122441003","Gaia DR2 2101175933393051008","Gaia DR3 2101175933393051008",0
"Kepler-1090","Kepler-1090 b",,,"TIC 271885110","Gaia DR2 2079650828617180288","Gaia DR3 2079650828617180288",0
"Kepler-1090","Kepler-1090 c",,,"TIC 271885110","Gaia DR2 2079650828617180288","Gaia DR3 2079650828617180288",0
"Kepler-1091","Kepler-1091 b",,,"TIC 269262974","Gaia DR2 2075987599477644672","Gaia DR3 2075987599477644672",0
"Kepler-1092","Kepler-1092 b",,,"TIC 273378026","Gaia DR2 2086320878467532032","Gaia DR3 2086320878467532032",0
"Kepler-1093","Kepler-1093 b",,,"TIC 120420344","Gaia DR2 2104037962156847744","Gaia DR3 2104037962156847744",0
"Kepler-1093","Kepler-1093 c",,,"TIC 120420344","Gaia DR2 2104037962156847744","Gaia DR3 2104037962156847744",0
"Kepler-1094","Kepler-1094 b",,,"TIC 137549134","Gaia DR2 2051937019565051520","Gaia DR3 2051937019565051520",0
"Kepler-1095","Kepler-1095 b",,,"TIC 138096962","Gaia DR2 2077580345142027136","Gaia DR3 2077580345142027136",0
"Kepler-1096","Kepler-1096 b",,,"TIC 271255413","Gaia DR2 2080058266393766656","Gaia DR3 2080058266393766656",0
"Kepler-1097","Kepler-1097 b",,,"TIC 123316380","Gaia DR2 2104822188824798848","Gaia DR3 2104822188824798848",0
"Kepler-1098","Kepler-1098 b",,,"TIC 271763415","Gaia DR2 2078019187720711424","Gaia DR3 2078019187720711424",0
"Kepler-1099","Kepler-1099 b",,,"TIC 299033164","Gaia DR2 2130969503047357952","Gaia DR3 2130969503047357952",0
"Kepler-11","Kepler-11 b",,,"TIC 169175503","Gaia DR2 2076960598545789824","Gaia DR3 2076960598545789824",0
"Kepler-11","Kepler-11 c",,,"TIC 169175503","Gaia DR2 2076960598545789824","Gaia DR3 2076960598545789824",0
"Kepler-11","Kepler-11 d",,,"TIC 169175503","Gaia DR2 2076960598545789824","Gaia DR3 2076960598545789824",0
"Kepler-11","Kepler-11 e",,,"TIC 169175503","Gaia DR2 2076960598545789824","Gaia DR3 2076960598545789824",0
"Kepler-11","Kepler-11 f",,,"TIC 169175503","Gaia DR2 2076960598545789824","Gaia DR3 2076960598545789824",0
"Kepler-11","Kepler-11 g",,,"TIC 169175503","Gaia DR2 2076960598545789824","Gaia DR3 2076960598545789824",0
"Kepler-110","Kepler-110 b",,,"TIC 26751563","Gaia DR2 2128925579652377472","Gaia DR3 2128925579652377472",0
"Kepler-110","Kepler-110 c",,,"TIC 26751563","Gaia DR2 2128925579652377472","Gaia DR3 2128925579652377472",0
"Kepler-1100","Kepler-1100 b",,,"TIC 63009789","Gaia DR2 2126163675162475136","Gaia DR3 2126163675162475136",0
"Kepler-1101","Kepler-1101 b",,,"TIC 271163971","Gaia DR2 2080048680026646912","Gaia DR3 2080048680026646912",0
"Kepler-1102","Kepler-1102 b",,,"TIC 47976987","Gaia DR2 2119646801021958272","Gaia DR3 2119646801021958272",0
"Kepler-1103","Kepler-1103 b",,,"TIC 399951202","Gaia DR2 2132808608042844160","Gaia DR3 2132808608042844160",0
"Kepler-1104","Kepler-1104 b",,,"TIC 27186509","Gaia DR2 2135002576119495936","Gaia DR3 2135002576119495936",0
"Kepler-1105","Kepler-1105 b",,,"TIC 123231917","Gaia DR2 2116733198288204288","Gaia DR3 2116733198288204288",0
"Kepler-1106","Kepler-1106 b",,,"TIC 159649503","Gaia DR2 2126198756455621376","Gaia DR3 2126198756455621376",0
"Kepler-1107","Kepler-1107 b",,,"TIC 122716169","Gaia DR2 2052965337812644352","Gaia DR3 2052965337812644352",0
"Kepler-1108","Kepler-1108 b",,,"TIC 272083644","Gaia DR2 2080390353264322944","Gaia DR3 2080390353264322944",0
"Kepler-1109","Kepler-1109 b",,,"TIC 137336979","Gaia DR2 2052983514114840192","Gaia DR3 2052983514114840192",0
"Kepler-111","Kepler-111 b",,,"TIC 63001143","Gaia DR2 2126569051355142656","Gaia DR3 2126569051355142656",0
"Kepler-111","Kepler-111 c",,,"TIC 63001143","Gaia DR2 2126569051355142656","Gaia DR3 2126569051355142656",0
"Kepler-1110","Kepler-1110 b",,,"TIC 351060274","Gaia DR2 2052691044021500032","Gaia DR3 2052691044021500032",0
"Kepler-1111","Kepler-1111 b",,,"TIC 271663670","Gaia DR2 2080016106994504704","Gaia DR3 2080016106994504704",0
"Kepler-1112","Kepler-1112 b",,,"TIC 272841734","Gaia DR2 2086586273085111808","Gaia DR3 2086586273085111808",0
"Kepler-1113","Kepler-1113 b",,,"TIC 122062725","Gaia DR2 2101006883479557504","Gaia DR3 2101006883479557504",0
"Kepler-1114","Kepler-1114 b",,,"TIC 268612417","Gaia DR2 2085258750237006208","Gaia DR3 2085258750237006208",0
"Kepler-1115","Kepler-1115 b",,,"TIC 138960099","Gaia DR2 2076483616656410496","Gaia DR3 2076483616656410496",0
"Kepler-1116","Kepler-1116 b",,,"TIC 63076026","Gaia DR2 2126166733179219072","Gaia DR3 2126166733179219072",0
"Kepler-1117","Kepler-1117 b",,,"TIC 26583640","Gaia DR2 2129755573491351040","Gaia DR3 2129755573491351040",0
"Kepler-1118","Kepler-1118 b",,,"TIC 239238425","Gaia DR2 2076102635879020928","Gaia DR3 2076102635879020928",0
"Kepler-1119","Kepler-1119 b",,,"TIC 272940104","Gaia DR2 2078920821617340416","Gaia DR3 2078920821617340416",0
"Kepler-112","Kepler-112 b",,,"TIC 272943597","Gaia DR2 2078722600285671936","Gaia DR3 2078722600285671936",0
"Kepler-112","Kepler-112 c",,,"TIC 272943597","Gaia DR2 2078722600285671936","Gaia DR3 2078722600285671936",0
"Kepler-1120","Kepler-1120 b",,,"TIC 159573412","Gaia DR2 2101941434002832000","Gaia DR3 2101941434002832000",0
"Kepler-1121","Kepler-1121 b",,,"TIC 28230581","Gaia DR2 2086505630781210752","Gaia DR3 2086505630781210752",0
"Kepler-1122","Kepler-1122 b",,,"TIC 158664692","Gaia DR2 2130383394629702400","Gaia DR3 2130383394629702400",0
"Kepler-1123","Kepler-1123 b",,,"TIC 27188610","Gaia DR2 2135239112857020032","Gaia DR3 2135239112857020032",0
"Kepler-1124","Kepler-1124 b",,,"TIC 120963454","Gaia DR2 2099183583961614208","Gaia DR3 2099183583961614208",0
"Kepler-1125","Kepler-1125 b",,,"TIC 184009076","Gaia DR2 2076598687419100800","Gaia DR3 2076598687419100800",0
"Kepler-1126","Kepler-1126 b",,,"TIC 352013661","Gaia DR2 2106496607595412480","Gaia DR3 2106496607595412480",0
"Kepler-1126","Kepler-1126 c",,,"TIC 352013661","Gaia DR2 2106496607595412480","Gaia DR3 2106496607595412480",0
"Kepler-1127","Kepler-1127 b",,,"TIC 275569511","Gaia DR2 2077805263989929728","Gaia DR3 2077805263989929728",0
"Kepler-1128","Kepler-1128 b",,,"TIC 137972889","Gaia DR2 2053124285963894784","Gaia DR3 2053124285963894784",0
"Kepler-1129","Kepler-1129 b",,,"TIC 137212833","Gaia DR2 2101651781408908160","Gaia DR3 2101651781408908160",0
"Kepler-1129","Kepler-1129 c",,,"TIC 137212833","Gaia DR2 2101651781408908160","Gaia DR3 2101651781408908160",0
"Kepler-113","Kepler-113 b",,,"TIC 298834019","Gaia DR2 2133369840008452224","Gaia DR3 2133369840008452224",0
"Kepler-113","Kepler-113 c",,,"TIC 298834019","Gaia DR2 2133369840008452224","Gaia DR3 2133369840008452224",0
"Kepler-1130","Kepler-1130 b",,,"TIC 164882482","Gaia DR2 2106406069684947840","Gaia DR3 2106406069684947840",0
"Kepler-1130","Kepler-1130 c",,,"TIC 164882482","Gaia DR2 2106406069684947840","Gaia DR3 2106406069684947840",0
"Kepler-1130","Kepler-1130 d",,,"TIC 164882482","Gaia DR2 2106406069684947840","Gaia DR3 2106406069684947840",0
"Kepler-1131","Kepler-1131 b",,,"TIC 27642556","Gaia DR2 2134776218463088896","Gaia DR3 2134776218463088896",0
"Kepler-1132","Kepler-1132 b",,,"TIC 405719448","Gaia DR2 2131151094264000640","Gaia DR3 2131151094264000640",0
"Kepler-1133","Kepler-1133 b",,,"TIC 275569784","Gaia DR2 2077831239952281472","Gaia DR3 2077831239952281472",0
"Kepler-1134","Kepler-1134 b",,,"TIC 271758442","Gaia DR2 2077892640805120128","Gaia DR3 2077892640805120128",0
"Kepler-1135","Kepler-1135 b",,,"TIC 158114283","Gaia DR2 2106306082845810048","Gaia DR3 2106306082845810048",0
"Kepler-1136","Kepler-1136 b",,,"TIC 164671623","Gaia DR2 2106617691313437568","Gaia DR3 2106617691313437568",0
"Kepler-1137","Kepler-1137 b",,,"TIC 399913391","Gaia DR2 2131213903865285760","Gaia DR3 2131213903865285760",0
"Kepler-1138","Kepler-1138 b",,,"TIC 405685914","Gaia DR2 2131896494426821760","Gaia DR3 2131896494426821760",0
"Kepler-1139","Kepler-1139 b",,,"TIC 121458495","Gaia DR2 2099735057762220288","Gaia DR3 2099735057762220288",0
"Kepler-114","Kepler-114 b",,,"TIC 27011135","Gaia DR2 2128939873302216320","Gaia DR3 2128939873302216320",0
"Kepler-114","Kepler-114 c",,,"TIC 27011135","Gaia DR2 2128939873302216320","Gaia DR3 2128939873302216320",0
"Kepler-114","Kepler-114 d",,,"TIC 27011135","Gaia DR2 2128939873302216320","Gaia DR3 2128939873302216320",0
"Kepler-1140","Kepler-1140 b",,,"TIC 123359347","Gaia DR2 2119201533172444160","Gaia DR3 2119201533172444160",0
"Kepler-1141","Kepler-1141 b",,,"TIC 159393734","Gaia DR2 2129369095153280000","Gaia DR3 2129369095153280000",0
"Kepler-1142","Kepler-1142 b",,,"TIC 63366291","Gaia DR2 2126342380162345344","Gaia DR3 2126342380162345344",0
"Kepler-1143","Kepler-1143 b",,,"TIC 121215172","Gaia DR2 2100405381897402496","Gaia DR3 2100405381897402496",0
"Kepler-1143","Kepler-1143 c",,,"TIC 121215172","Gaia DR2 2100405381897402496","Gaia DR3 2100405381897402496",0
"Kepler-1144","Kepler-1144 b",,,"TIC 159226202","Gaia DR2 2127863623217139328","Gaia DR3 2127863623217139328",0
"Kepler-1145","Kepler-1145 b",,,"TIC 271539239","Gaia DR2 2078012796808952832","Gaia DR3 2078012796808952832",0
"Kepler-1146","Kepler-1146 b",,,"TIC 158322622","Gaia DR2 2130684695175070848","Gaia DR3 2130684695176129536",0
"Kepler-1147","Kepler-1147 b",,,"TIC 137757057","Gaia DR2 2053636452223709696","Gaia DR3 2053636452223709696",0
"Kepler-1148","Kepler-1148 b",,,"TIC 159581434","Gaia DR2 2127431274629643008","Gaia DR3 2127431274629643008",0
"Kepler-1149","Kepler-1149 b",,,"TIC 270857274","Gaia DR2 2079920140245373184","Gaia DR3 2079920140245373184",0
"Kepler-115","Kepler-115 b",,,"TIC 273383120","Gaia DR2 2079368391569401600","Gaia DR3 2079368391569401600",0
"Kepler-115","Kepler-115 c",,,"TIC 273383120","Gaia DR2 2079368391569401600","Gaia DR3 2079368391569401600",0
"Kepler-1150","Kepler-1150 b",,,"TIC 27913639","Gaia DR2 2086853351332014976","Gaia DR3 2086853351332014976",0
"Kepler-1151","Kepler-1151 b",,,"TIC 63204022","Gaia DR2 2129254333627658112","Gaia DR3 2129254333627658112",0
"Kepler-1152","Kepler-1152 b",,,"TIC 159382189","Gaia DR2 2126870351901388672","Gaia DR3 2126870351901388672",0
"Kepler-1153","Kepler-1153 b",,,"TIC 158987296","Gaia DR2 2127307888808670976","Gaia DR3 2127307888808670976",0
"Kepler-1154","Kepler-1154 b",,,"TIC 169561256","Gaia DR2 2073641344741406464","Gaia DR3 2073641344741406464",0
"Kepler-1154","Kepler-1154 c",,,"TIC 169561256","Gaia DR2 2073641344741406464","Gaia DR3 2073641344741406464",0
"Kepler-1155","Kepler-1155 b",,,"TIC 121785676","Gaia DR2 2099713617285398528","Gaia DR3 2099713617285398528",0
"Kepler-1156","Kepler-1156 b",,,"TIC 158842046","Gaia DR2 2127359737653864832","Gaia DR3 2127359737653864832",0
"Kepler-1157","Kepler-1157 b",,,"TIC 164460347","Gaia DR2 2105106687459103488","Gaia DR3 2105106687459103488",0
"Kepler-1158","Kepler-1158 b",,,"TIC 137557778","Gaia DR2 2101670713625146112","Gaia DR3 2101670713625146112",0
"Kepler-1159","Kepler-1159 b",,,"TIC 270955277","Gaia DR2 2079920552562267904","Gaia DR3 2079920552562267904",0
"Kepler-116","Kepler-116 b",,,"TIC 271260980","Gaia DR2 2078272831307891456","Gaia DR3 2078272831307891456",0
"Kepler-116","Kepler-116 c",,,"TIC 271260980","Gaia DR2 2078272831307891456","Gaia DR3 2078272831307891456",0
"Kepler-1160","Kepler-1160 b",,,"TIC 158630233","Gaia DR2 2102983496146969856","Gaia DR3 2102983496146969856",0
"Kepler-1161","Kepler-1161 b",,,"TIC 268390796","Gaia DR2 2079247239132750720","Gaia DR3 2079247239132750720",0
"Kepler-1162","Kepler-1162 b",,,"TIC 164522726","Gaia DR2 2106996095111385728","Gaia DR3 2106996095111385728",0
"Kepler-1162","Kepler-1162 c",,,"TIC 164522726","Gaia DR2 2106996095111385728","Gaia DR3 2106996095111385728",0
"Kepler-1163","Kepler-1163 b",,,"TIC 406950324","Gaia DR2 2130026255211751808","Gaia DR3 2130026255211751808",0
"Kepler-1164","Kepler-1164 b",,,"TIC 121275496","Gaia DR2 2099632837540824192","Gaia DR3 2099632837540824192",0
"Kepler-1165","Kepler-1165 b",,,"TIC 158326744","Gaia DR2 2106208363750121728","Gaia DR3 2106208363750121728",0
"Kepler-1165","Kepler-1165 c",,,"TIC 158326744","Gaia DR2 2106208363750121728","Gaia DR3 2106208363750121728",0
"Kepler-1166","Kepler-1166 b",,,"TIC 406951266","Gaia DR2 2133173542823321344","Gaia DR3 2133173542823321344",0
"Kepler-1167","Kepler-1167 b",,,"TIC 273875149","Gaia DR2 2086441721667415424","Gaia DR3 2086441721667415424",0
"Kepler-1168","Kepler-1168 b",,,"TIC 158412890","Gaia DR2 2131048324286015104","Gaia DR3 2131048324286015104",0
"Kepler-1169","Kepler-1169 b",,,"TIC 271354748","Gaia DR2 2080098840942920704","Gaia DR3 2080098840942920704",0
"Kepler-117","Kepler-117 b",,,"TIC 299032847","Gaia DR2 2130959744881558272","Gaia DR3 2130959744881558272",0
"Kepler-117","Kepler-117 c",,,"TIC 299032847","Gaia DR2 2130959744881558272","Gaia DR3 2130959744881558272",0
"Kepler-1170","Kepler-1170 b",,,"TIC 63125460","Gaia DR2 2125965007156694528","Gaia DR3 2125965007156694528",0
"Kepler-1171","Kepler-1171 b",,,"TIC 138888759","Gaia DR2 2052136752727511552","Gaia DR3 2052136752727511552",0
"Kepler-1172","Kepler-1172 b",,,"TIC 122507231","Gaia DR2 2051103314872392192","Gaia DR3 2051103314872392192",0
"Kepler-1173","Kepler-1173 b",,,"TIC 275490034","Gaia DR2 2128039304560957952","Gaia DR3 2128039304560957952",0
"Kepler-1174","Kepler-1174 b",,,"TIC 123408863","Gaia DR2 2104710176078205440","Gaia DR3 2104710176078205440",0
"Kepler-1175","Kepler-1175 b",,,"TIC 158986028","Gaia DR2 2127781228564883456","Gaia DR3 2127781228564883456",0
"Kepler-1176","Kepler-1176 b",,,"TIC 273582656","Gaia DR2 2079323758268003968","Gaia DR3 2079323758268003968",0
"Kepler-1177","Kepler-1177 b",,,"TIC 399826020","Gaia DR2 2131318426189833728","Gaia DR3 2131318426189833728",0
"Kepler-1178","Kepler-1178 b",,,"TIC 158729099","Gaia DR2 2127340290041707520","Gaia DR3 2127340290041707520",0
"Kepler-1179","Kepler-1179 b",,,"TIC 164658882","Gaia DR2 2131625808407771520","Gaia DR3 2131625808407771520",0
"Kepler-118","Kepler-118 b",,,"TIC 171884427","Gaia DR2 2075162656527684864","Gaia DR3 2075162656527684864",0
"Kepler-118","Kepler-118 c",,,"TIC 171884427","Gaia DR2 2075162656527684864","Gaia DR3 2075162656527684864",0
"Kepler-1180","Kepler-1180 b",,,"TIC 271966200","Gaia DR2 2078025990949149056","Gaia DR3 2078025990949149056",0
"Kepler-1181","Kepler-1181 b",,,"TIC 394176812","Gaia DR2 2101035367703145088","Gaia DR3 2101035367703145088",0
"Kepler-1181","Kepler-1181 c",,,"TIC 394176812","Gaia DR2 2101035367703145088","Gaia DR3 2101035367703145088",0
"Kepler-1182","Kepler-1182 b",,,"TIC 272270522","Gaia DR2 2079548917633369472","Gaia DR3 2079548917633369472",0
"Kepler-1183","Kepler-1183 b",,,"TIC 137550938","Gaia DR2 2052721692908731904","Gaia DR3 2052721692908731904",0
"Kepler-1184","Kepler-1184 b",,,"TIC 159725400","Gaia DR2 2129099474286578048","Gaia DR3 2129099474286578048",0
"Kepler-1185","Kepler-1185 b",,,"TIC 121121775","Gaia DR2 2100408508633587712","Gaia DR3 2100408508633587712",0
"Kepler-1186","Kepler-1186 b",,,"TIC 158730884","Gaia DR2 2130782895307640192","Gaia DR3 2130782895307640192",0
"Kepler-1187","Kepler-1187 b",,,"TIC 121021644","Gaia DR2 2099219867845754752","Gaia DR3 2099219867845754752",0
"Kepler-1188","Kepler-1188 b",,,"TIC 164460740","Gaia DR2 2105000687666286592","Gaia DR3 2105000687666286592",0
"Kepler-1189","Kepler-1189 b",,,"TIC 267991349","Gaia DR2 2086474260339833088","Gaia DR3 2086474260339833088",0
"Kepler-119","Kepler-119 b",,,"TIC 271964647","Gaia DR2 2077236713401973888","Gaia DR3 2077236713401973888",0
"Kepler-119","Kepler-119 c",,,"TIC 271964647","Gaia DR2 2077236713401973888","Gaia DR3 2077236713401973888",0
"Kepler-1190","Kepler-1190 b",,,"TIC 48504464","Gaia DR2 2132028912560212096","Gaia DR3 2132028912560212096",0
"Kepler-1191","Kepler-1191 b",,,"TIC 26538999","Gaia DR2 2129250313538148736","Gaia DR3 2129250313538148736",0
"Kepler-1192","Kepler-1192 b",,,"TIC 123416753","Gaia DR2 2105273705848965888","Gaia DR3 2105273705848965888",0
"Kepler-1193","Kepler-1193 b",,,"TIC 298897851","Gaia DR2 2133404474624835840","Gaia DR3 2133404474624835840",0
"Kepler-1194","Kepler-1194 b",,,"TIC 137317096","Gaia DR2 2052662422359019904","Gaia DR3 2052662422359019904",0
"Kepler-1195","Kepler-1195 b",,,"TIC 120252007","Gaia DR2 2103644611871388032","Gaia DR3 2103644611871388032",0
"Kepler-1196","Kepler-1196 b",,,"TIC 63210324","Gaia DR2 2125962155298608000","Gaia DR3 2125962155298608000",0
"Kepler-1197","Kepler-1197 b",,,"TIC 63004645","Gaia DR2 2125790322246812672","Gaia DR3 2125790322246812672",0
"Kepler-1198","Kepler-1198 b",,,"TIC 158843826","Gaia DR2 2127139491730929536","Gaia DR3 2127139491730929536",0
"Kepler-1199","Kepler-1199 b",,,"TIC 270696519","Gaia DR2 2128230615282091904","Gaia DR3 2128230615282091904",0
"Kepler-12","Kepler-12 b",,,"TIC 405717754","Gaia DR2 2133599775377340672","Gaia DR3 2133599775377340672",0
"Kepler-120","Kepler-120 b",,,"TIC 121458707","Gaia DR2 2099740761478810624","Gaia DR3 2099740761478810624",0
"Kepler-120","Kepler-120 c",,,"TIC 121458707","Gaia DR2 2099740761478810624","Gaia DR3 2099740761478810624",0
"Kepler-1200","Kepler-1200 b",,,"TIC 272489594","Gaia DR2 2078832929407597312","Gaia DR3 2078832929407597312",0
"Kepler-1201","Kepler-1201 b",,,"TIC 377915758","Gaia DR2 2076579445968420736","Gaia DR3 2076579445968420736",0
"Kepler-1202","Kepler-1202 b",,,"TIC 63209010","Gaia DR2 2126579050039312640","Gaia DR3 2126579050039312640",0
"Kepler-1203","Kepler-1203 b",,,"TIC 63449012","Gaia DR2 2126343823271448832","Gaia DR3 2126343823271448832",0
"Kepler-1204","Kepler-1204 b",,,"TIC 159043952","Gaia DR2 2102648832296149888","Gaia DR3 2102648832296149888",0
"Kepler-1205","Kepler-1205 b",,,"TIC 122443195","Gaia DR2 2101798634930170240","Gaia DR3 2101798634930170240",0
"Kepler-1206","Kepler-1206 b",,,"TIC 27649203","Gaia DR2 2134907747540447232","Gaia DR3 2134907747540447232",0
"Kepler-1207","Kepler-1207 b",,,"TIC 27390527","Gaia DR2 2134833427427670016","Gaia DR3 2134833427427670016",0
"Kepler-1208","Kepler-1208 b",,,"TIC 63010574","Gaia DR2 2126563450717837056","Gaia DR3 2126563450717837056",0
"Kepler-1209","Kepler-1209 b",,,"TIC 399953998","Gaia DR2 2131252627290713472","Gaia DR3 2131252627290713472",0
"Kepler-121","Kepler-121 b",,,"TIC 120765800","Gaia DR2 2100654421280638976","Gaia DR3 2100654421280638976",0
"Kepler-121","Kepler-121 c",,,"TIC 120765800","Gaia DR2 2100654421280638976","Gaia DR3 2100654421280638976",0
"Kepler-1210","Kepler-1210 b",,,"TIC 26750065","Gaia DR2 2128893144058813056","Gaia DR3 2128893144058813056",0
"Kepler-1211","Kepler-1211 b",,,"TIC 120578889","Gaia DR2 2103785516859681152","Gaia DR3 2103785516859681152",0
"Kepler-1212","Kepler-1212 b",,,"TIC 27912642","Gaia DR2 2135280378903961984","Gaia DR3 2135280378903961984",0
"Kepler-1213","Kepler-1213 b",,,"TIC 416266465","Gaia DR2 2133138942567823744","Gaia DR3 2133138942567823744",0
"Kepler-1214","Kepler-1214 b",,,"TIC 48528473","Gaia DR2 2132127666747169024","Gaia DR3 2132127666747169024",0
"Kepler-1215","Kepler-1215 b",,,"TIC 28230011","Gaia DR2 2086526693301504896","Gaia DR3 2086526693301504896",0
"Kepler-1216","Kepler-1216 b",,,"TIC 158486842","Gaia DR2 2130309796070517888","Gaia DR3 2130309796070517888",0
"Kepler-1217","Kepler-1217 b",,,"TIC 299160628","Gaia DR2 2133150418720312832","Gaia DR3 2133150418720312832",0
"Kepler-1218","Kepler-1218 b",,,"TIC 159763595","Gaia DR2 2126191334752646016","Gaia DR3 2126191334752646016",0
"Kepler-1219","Kepler-1219 b",,,"TIC 273046164","Gaia DR2 2086389357427331712","Gaia DR3 2086389357427331712",0
"Kepler-122","Kepler-122 b",,,"TIC 122714267","Gaia DR2 2053070616052194304","Gaia DR3 2053070616052194304",0
"Kepler-122","Kepler-122 c",,,"TIC 122714267","Gaia DR2 2053070616052194304","Gaia DR3 2053070616052194304",0
"Kepler-122","Kepler-122 d",,,"TIC 122714267","Gaia DR2 2053070616052194304","Gaia DR3 2053070616052194304",0
"Kepler-122","Kepler-122 e",,,"TIC 122714267","Gaia DR2 2053070616052194304","Gaia DR3 2053070616052194304",0
"Kepler-122","Kepler-122 f",,,"TIC 122714267","Gaia DR2 2053070616052194304","Gaia DR3 2053070616052194304",0
"Kepler-1220","Kepler-1220 b",,,"TIC 272944301","Gaia DR2 2078707035323917568","Gaia DR3 2078707035323917568",0
"Kepler-1221","Kepler-1221 b",,,"TIC 279912260","Gaia DR2 2106498767960692480",,0
"Kepler-1222","Kepler-1222 b",,,"TIC 27240404","Gaia DR2 2134837069559538176","Gaia DR3 2134837069559538176",0
"Kepler-1223","Kepler-1223 b",,,"TIC 164889945","Gaia DR2 2105969082532659328","Gaia DR3 2105969082532659328",0
"Kepler-1224","Kepler-1224 b",,,"TIC 120964116","Gaia DR2 2099122522408063232","Gaia DR3 2099122522408063232",0
"Kepler-1225","Kepler-1225 b",,,"TIC 122595850","Gaia DR2 2101123534792103168","Gaia DR3 2101123534792103168",0
"Kepler-1226","Kepler-1226 b",,,"TIC 27845000","Gaia DR2 2135377135926967424","Gaia DR3 2135377135926967424",0
"Kepler-1227","Kepler-1227 b",,,"TIC 121113728","Gaia DR2 2102431713108873216","Gaia DR3 2102431713108873216",0
"Kepler-1228","Kepler-1228 b",,,"TIC 272596598","Gaia DR2 2080534148769345408","Gaia DR3 2080534148769345408",0
"Kepler-1229","Kepler-1229 b",,,"TIC 273373582","Gaia DR2 2086316205543022336","Gaia DR3 2086316205543022336",0
"Kepler-123","Kepler-123 b",,,"TIC 272944990","Gaia DR2 2078697552035948800","Gaia DR3 2078697552035948800",0
"Kepler-123","Kepler-123 c",,,"TIC 272944990","Gaia DR2 2078697552035948800","Gaia DR3 2078697552035948800",0
"Kepler-1230","Kepler-1230 b",,,"TIC 237157859","Gaia DR2 2104527554068149120","Gaia DR3 2104527554068149120",0
"Kepler-1231","Kepler-1231 b",,,"TIC 158792743","Gaia DR2 2102711882417133952","Gaia DR3 2102711882417133952",0
"Kepler-1232","Kepler-1232 b",,,"TIC 351190880","Gaia DR2 2086814864122389760","Gaia DR3 2086814864122389760",0
"Kepler-1233","Kepler-1233 b",,,"TIC 273131021","Gaia DR2 2080300949226451200","Gaia DR3 2080300949226451200",0
"Kepler-1234","Kepler-1234 b",,,"TIC 399956098","Gaia DR2 2133394407221680256","Gaia DR3 2133394407221680256",0
"Kepler-1235","Kepler-1235 b",,,"TIC 164830167","Gaia DR2 2105848204973534592","Gaia DR3 2105848204973534592",0
"Kepler-1236","Kepler-1236 b",,,"TIC 271758949","Gaia DR2 2077894736749534080","Gaia DR3 2077894736749534080",0
"Kepler-1237","Kepler-1237 b",,,"TIC 271770315","Gaia DR2 2079669589034384000","Gaia DR3 2079669589034384000",0
"Kepler-1238","Kepler-1238 b",,,"TIC 169931288","Gaia DR2 2073671753111037440","Gaia DR3 2073671753111037440",0
"Kepler-1239","Kepler-1239 b",,,"TIC 275496016","Gaia DR2 2077689059355373440","Gaia DR3 2077689059355373440",0
"Kepler-124","Kepler-124 b",,,"TIC 399860218","Gaia DR2 2131287021388901504","Gaia DR3 2131287021388901504",0
"Kepler-124","Kepler-124 c",,,"TIC 399860218","Gaia DR2 2131287021388901504","Gaia DR3 2131287021388901504",0
"Kepler-124","Kepler-124 d",,,"TIC 399860218","Gaia DR2 2131287021388901504","Gaia DR3 2131287021388901504",0
"Kepler-1240","Kepler-1240 b",,,"TIC 258203566","Gaia DR2 2103567611698320896","Gaia DR3 2103567611698320896",0
"Kepler-1241","Kepler-1241 b",,,"TIC 378013798","Gaia DR2 2052124692458750976","Gaia DR3 2052124692458750976",0
"Kepler-1242","Kepler-1242 b",,,"TIC 120317833","Gaia DR2 2104031227648002944","Gaia DR3 2104031227648002944",0
"Kepler-1243","Kepler-1243 b",,,"TIC 270782121","Gaia DR2 2078147796220283776","Gaia DR3 2078147796220283776",0
"Kepler-1244","Kepler-1244 b",,,"TIC 123447592","Gaia DR2 2119130163697443840","Gaia DR3 2119130163697443840",0
"Kepler-1245","Kepler-1245 b",,,"TIC 159449041","Gaia DR2 2126057774150666368","Gaia DR3 2126057774150666368",0
"Kepler-1245","Kepler-1245 c",,,"TIC 159449041","Gaia DR2 2126057774150666368","Gaia DR3 2126057774150666368",0
"Kepler-1246","Kepler-1246 b",,,"TIC 298785034","Gaia DR2 2131238230560301440","Gaia DR3 2131238230560301440",0
"Kepler-1247","Kepler-1247 b",,,"TIC 271165854","Gaia DR2 2128141799661062400","Gaia DR3 2128141799661062400",0
"Kepler-1248","Kepler-1248 b",,,"TIC 298897924","Gaia DR2 2133405707276892288",,0
"Kepler-1249","Kepler-1249 b",,,"TIC 272719153","Gaia DR2 2078933569080413056","Gaia DR3 2078933569080413056",0
"Kepler-125","Kepler-125 b",,,"TIC 273873718","Gaia DR2 2086439488284337536","Gaia DR3 2086439488284337536",0
"Kepler-125","Kepler-125 c",,,"TIC 273873718","Gaia DR2 2086439488284337536","Gaia DR3 2086439488284337536",0
"Kepler-1250","Kepler-1250 b",,,"TIC 158559861","Gaia DR2 2130269320298515712","Gaia DR3 2130269320298515712",0
"Kepler-1251","Kepler-1251 b",,,"TIC 26583618","Gaia DR2 2129755779649780224","Gaia DR3 2129755779649780224",0
"Kepler-1252","Kepler-1252 b",,,"TIC 268387099","Gaia DR2 2085514146171216768","Gaia DR3 2085514146171216768",0
"Kepler-1253","Kepler-1253 b",,,"TIC 164557694","Gaia DR2 2131628282308860288","Gaia DR3 2131628282308860288",0
"Kepler-1254","Kepler-1254 b",,,"TIC 48506710","Gaia DR2 2131968065762170624","Gaia DR3 2131968065762170624",0
"Kepler-1254","Kepler-1254 c",,,"TIC 48506710","Gaia DR2 2131968065762170624","Gaia DR3 2131968065762170624",0
"Kepler-1254","Kepler-1254 d",,,"TIC 48506710","Gaia DR2 2131968065762170624","Gaia DR3 2131968065762170624",0
"Kepler-1255","Kepler-1255 b",,,"TIC 271538318","Gaia DR2 2077911332502996224","Gaia DR3 2077911332502996224",0
"Kepler-1256","Kepler-1256 b",,,"TIC 159763320","Gaia DR2 2126615024685005568","Gaia DR3 2126615024685005568",0
"Kepler-1257","Kepler-1257 b",,,"TIC 272084528","Gaia DR2 2079813934296000512","Gaia DR3 2079813934296000512",0
"Kepler-1258","Kepler-1258 b",,,"TIC 279918915","Gaia DR2 2132156632006693504","Gaia DR3 2132156632006693504",0
"Kepler-1259","Kepler-1259 b",,,"TIC 273592350","Gaia DR2 2086307031492729856","Gaia DR3 2086307031492729856",0
"Kepler-126","Kepler-126 b",,,"TIC 159046962","Gaia DR2 2126918008858627712","Gaia DR3 2126918008858627712",0
"Kepler-126","Kepler-126 c",,,"TIC 159046962","Gaia DR2 2126918008858627712","Gaia DR3 2126918008858627712",0
"Kepler-126","Kepler-126 d",,,"TIC 159046962","Gaia DR2 2126918008858627712","Gaia DR3 2126918008858627712",0
"Kepler-1260","Kepler-1260 b",,,"TIC 271759028","Gaia DR2 2077894083914484352","Gaia DR3 2077894083914484352",0
"Kepler-1261","Kepler-1261 b",,,"TIC 48506742","Gaia DR2 2131968890395913344","Gaia DR3 2131968890395913344",0
"Kepler-1262","Kepler-1262 b",,,"TIC 158794459","Gaia DR2 2102321933746075776","Gaia DR3 2102321933746075776",0
"Kepler-1263","Kepler-1263 b",,,"TIC 158270568","Gaia DR2 2130550520397270016","Gaia DR3 2130550520397270016",0
"Kepler-1264","Kepler-1264 b",,,"TIC 159177065","Gaia DR2 2127065652653876992","Gaia DR3 2127065652653876992",0
"Kepler-1265","Kepler-1265 b",,,"TIC 164781761","Gaia DR2 2107385081710305152","Gaia DR3 2107385081710305152",0
"Kepler-1266","Kepler-1266 b",,,"TIC 158167159","Gaia DR2 2105528350169042560","Gaia DR3 2105528350169042560",0
"Kepler-1266","Kepler-1266 c",,,"TIC 158167159","Gaia DR2 2105528350169042560","Gaia DR3 2105528350169042560",0
"Kepler-1267","Kepler-1267 b",,,"TIC 268604100","Gaia DR2 2075971312960643712","Gaia DR3 2075971312960643712",0
"Kepler-1268","Kepler-1268 b",,,"TIC 158630552","Gaia DR2 2102974528255171968","Gaia DR3 2102974528255171968",0
"Kepler-1269","Kepler-1269 b",,,"TIC 158559018","Gaia DR2 2130211080541825024","Gaia DR3 2130211080541825024",0
"Kepler-127","Kepler-127 b",,,"TIC 164881786","Gaia DR2 2107266570672734592","Gaia DR3 2107266570672734592",0
"Kepler-127","Kepler-127 c",,,"TIC 164881786","Gaia DR2 2107266570672734592","Gaia DR3 2107266570672734592",0
"Kepler-127","Kepler-127 d",,,"TIC 164881786","Gaia DR2 2107266570672734592","Gaia DR3 2107266570672734592",0
"Kepler-1270","Kepler-1270 b",,,"TIC 399826741","Gaia DR2 2131169545443676032","Gaia DR3 2131169545443676032",0
"Kepler-1271","Kepler-1271 b",,,"TIC 120825510","Gaia DR2 2099073667159859840","Gaia DR3 2099073667159859840",0
"Kepler-1272","Kepler-1272 b",,,"TIC 399794186","Gaia DR2 2100148611573075200","Gaia DR3 2100148611573075200",0
"Kepler-1273","Kepler-1273 b",,,"TIC 279913214","Gaia DR2 2106311477324720384","Gaia DR3 2106311477324720384",0
"Kepler-1274","Kepler-1274 b",,,"TIC 164781116","Gaia DR2 2107342716152550272","Gaia DR3 2107342716152550272",0
"Kepler-1275","Kepler-1275 b",,,"TIC 270521167","Gaia DR2 2126457313486865792","Gaia DR3 2126457313486865792",0
"Kepler-1276","Kepler-1276 b",,,"TIC 121333541","Gaia DR2 2100623600597189504","Gaia DR3 2100623600597189504",0
"Kepler-1277","Kepler-1277 b",,,"TIC 138969285","Gaia DR2 2076601230039790592","Gaia DR3 2076601230039790592",0
"Kepler-1278","Kepler-1278 b",,,"TIC 164413187","Gaia DR2 2104972581400204672","Gaia DR3 2104972581400204672",0
"Kepler-1279","Kepler-1279 b",,,"TIC 121465371","Gaia DR2 2100559554044410624","Gaia DR3 2100559554044410624",0
"Kepler-128","Kepler-128 b",,,"TIC 123490545","Gaia DR2 2105318412166111232","Gaia DR3 2105318412166111232",0
"Kepler-128","Kepler-128 c",,,"TIC 123490545","Gaia DR2 2105318412166111232","Gaia DR3 2105318412166111232",0
"Kepler-1280","Kepler-1280 b",,,"TIC 270616541","Gaia DR2 2127973677460755584","Gaia DR3 2127973677460755584",0
"Kepler-1281","Kepler-1281 b",,,"TIC 27458799","Gaia DR2 2134725911507401984","Gaia DR3 2134725915805229952",0
"Kepler-1282","Kepler-1282 b",,,"TIC 159301148","Gaia DR2 2127812564645370880","Gaia DR3 2127812564645370880",0
"Kepler-1283","Kepler-1283 b",,,"TIC 184008951","Gaia DR2 2076599065376447488","Gaia DR3 2076599065376447488",0
"Kepler-1284","Kepler-1284 b",,,"TIC 159726546","Gaia DR2 2129192692257862912","Gaia DR3 2129192692257862912",0
"Kepler-1285","Kepler-1285 b",,,"TIC 123410927","Gaia DR2 2105291955168605440","Gaia DR3 2105291955168605440",0
"Kepler-1286","Kepler-1286 b",,,"TIC 351766517","Gaia DR2 2116961690548889088","Gaia DR3 2116961690548889088",0
"Kepler-1287","Kepler-1287 b",,,"TIC 158985675","Gaia DR2 2127802188005355648","Gaia DR3 2127802188005355648",0
"Kepler-1288","Kepler-1288 b",,,"TIC 120577770","Gaia DR2 2103960721465412864","Gaia DR3 2103960721465412864",0
"Kepler-1289","Kepler-1289 b",,,"TIC 184428068","Gaia DR2 2076819276942298496","Gaia DR3 2076819276942298496",0
"Kepler-129","Kepler-129 b",,,"TIC 164999822","Gaia DR2 2131494313689868416","Gaia DR3 2131494313689868416",0
"Kepler-129","Kepler-129 c",,,"TIC 164999822","Gaia DR2 2131494313689868416","Gaia DR3 2131494313689868416",0
"Kepler-129","Kepler-129 d",,,"TIC 164999822","Gaia DR2 2131494313689868416","Gaia DR3 2131494313689868416",0
"Kepler-1290","Kepler-1290 b",,,"TIC 159450182","Gaia DR2 2126110795526604928","Gaia DR3 2126110795526604928",0
"Kepler-1291","Kepler-1291 b",,,"TIC 122063936","Gaia DR2 2101249188353780480","Gaia DR3 2101249188353780480",0
"Kepler-1292","Kepler-1292 b",,,"TIC 164830162","Gaia DR2 2105848204973533696","Gaia DR3 2105848204973533696",0
"Kepler-1293","Kepler-1293 b",,,"TIC 267749620","Gaia DR2 2129467364005869184","Gaia DR3 2129467364005869184",0
"Kepler-1294","Kepler-1294 b",,,"TIC 159721015","Gaia DR2 2126234215705936640","Gaia DR3 2126234215705936640",0
"Kepler-1295","Kepler-1295 b",,,"TIC 159723041","Gaia DR2 2126680651786377984","Gaia DR3 2126680651786377984",0
"Kepler-1296","Kepler-1296 b",,,"TIC 137410211","Gaia DR2 2101644600223555328","Gaia DR3 2101644600223555328",0
"Kepler-1297","Kepler-1297 b",,,"TIC 159225841","Gaia DR2 2127836719542510848","Gaia DR3 2127836719542510848",0
"Kepler-1298","Kepler-1298 b",,,"TIC 267667467","Gaia DR2 2132178725317511936","Gaia DR3 2132178725317511936",0
"Kepler-1299","Kepler-1299 b",,,"TIC 120762000","Gaia DR2 2099071433776757888","Gaia DR3 2099071433776757888",0
"Kepler-130","Kepler-130 b",,,"TIC 121603794","Gaia DR2 2101305259145506816","Gaia DR3 2101305259145506816",0
"Kepler-130","Kepler-130 c",,,"TIC 121603794","Gaia DR2 2101305259145506816","Gaia DR3 2101305259145506816",0
"Kepler-130","Kepler-130 d",,,"TIC 121603794","Gaia DR2 2101305259145506816","Gaia DR3 2101305259145506816",0
"Kepler-1300","Kepler-1300 b",,,"TIC 121865605","Gaia DR2 2101241285613832192","Gaia DR3 2101241285613832192",0
"Kepler-1301","Kepler-1301 b",,,"TIC 158278132","Gaia DR2 2105463135385330944","Gaia DR3 2105463135385330944",0
"Kepler-1302","Kepler-1302 b",,,"TIC 417678115","Gaia DR2 2130136176312202624","Gaia DR3 2130136176312202624",0
"Kepler-1303","Kepler-1303 b",,,"TIC 164674711","Gaia DR2 2104156984291199360","Gaia DR3 2104156984291199360",0
"Kepler-1304","Kepler-1304 b",,,"TIC 399819857","Gaia DR2 2100309827464993536","Gaia DR3 2100309827464993536",0
"Kepler-1305","Kepler-1305 b",,,"TIC 273131845","Gaia DR2 2080269819302745216","Gaia DR3 2080269819302745216",0
"Kepler-1306","Kepler-1306 b",,,"TIC 271040328","Gaia DR2 2128533466317652224","Gaia DR3 2128533466317652224",0
"Kepler-1307","Kepler-1307 b",,,"TIC 63453366","Gaia DR2 2128297208757012992","Gaia DR3 2128297208757012992",0
"Kepler-1308","Kepler-1308 b",,,"TIC 120693011","Gaia DR2 2100018422524180864","Gaia DR3 2100018422524180864",0
"Kepler-1309","Kepler-1309 b",,,"TIC 171098231","Gaia DR2 2073622068939722368","Gaia DR3 2073622068939722368",0
"Kepler-131","Kepler-131 b",,,"TIC 121660708","Gaia DR2 2102110174677569664","Gaia DR3 2102110174677569664",0
"Kepler-131","Kepler-131 c",,,"TIC 121660708","Gaia DR2 2102110174677569664","Gaia DR3 2102110174677569664",0
"Kepler-1310","Kepler-1310 b",,,"TIC 120043638","Gaia DR2 2103628462794226304","Gaia DR3 2103628462794226304",0
"Kepler-1311","Kepler-1311 b",,,"TIC 159106207","Gaia DR2 2102877015319104640","Gaia DR3 2102877015319104640",0
"Kepler-1311","Kepler-1311 c",,,"TIC 159106207","Gaia DR2 2102877015319104640","Gaia DR3 2102877015319104640",0
"Kepler-1311","Kepler-1311 d",,,"TIC 159106207","Gaia DR2 2102877015319104640","Gaia DR3 2102877015319104640",0
"Kepler-1312","Kepler-1312 b",,,"TIC 137899873","Gaia DR2 2053550106200274688","Gaia DR3 2053550106200274688",0
"Kepler-1312","Kepler-1312 c",,,"TIC 137899873","Gaia DR2 2053550106200274688","Gaia DR3 2053550106200274688",0
"Kepler-1313","Kepler-1313 b",,,"TIC 63213622","Gaia DR2 2125713940547834496","Gaia DR3 2125713940547834496",0
"Kepler-1314","Kepler-1314 b",,,"TIC 270955259","Gaia DR2 2079920724360946560","Gaia DR3 2079920724360946560",0
"Kepler-1315","Kepler-1315 b",,,"TIC 271881331","Gaia DR2 2080388566557873280","Gaia DR3 2080388566557873280",0
"Kepler-1315","Kepler-1315 c",,,"TIC 271881331","Gaia DR2 2080388566557873280","Gaia DR3 2080388566557873280",0
"Kepler-1316","Kepler-1316 b",,,"TIC 171502232","Gaia DR2 2073591420052466048","Gaia DR3 2073591420052466048",0
"Kepler-1317","Kepler-1317 b",,,"TIC 63005467","Gaia DR2 2101746579928077440","Gaia DR3 2101746579928077440",0
"Kepler-1318","Kepler-1318 b",,,"TIC 122442545","Gaia DR2 2101775579545559296","Gaia DR3 2101775579545559296",0
"Kepler-1319","Kepler-1319 b",,,"TIC 417676990","Gaia DR2 2129942765344872320","Gaia DR3 2129942765344872320",0
"Kepler-132","Kepler-132 b",,,"TIC 237158274",,,0
"Kepler-132","Kepler-132 c",,,"TIC 237158274",,,0
"Kepler-132","Kepler-132 d",,,"TIC 237158274",,,0
"Kepler-132","Kepler-132 e",,,"TIC 237158274",,,0
"Kepler-1320","Kepler-1320 b",,,"TIC 121603556","Gaia DR2 2101307290671768704","Gaia DR3 2101307290671768704",0
"Kepler-1321","Kepler-1321 b",,,"TIC 271165895","Gaia DR2 2128141834020807680","Gaia DR3 2128141834020807680",0
"Kepler-1321","Kepler-1321 c",,,"TIC 271165895","Gaia DR2 2128141834020807680","Gaia DR3 2128141834020807680",0
"Kepler-1321","Kepler-1321 d",,,"TIC 271165895","Gaia DR2 2128141834020807680","Gaia DR3 2128141834020807680",0
"Kepler-1322","Kepler-1322 b",,,"TIC 275490412","Gaia DR2 2126524001437900928","Gaia DR3 2126524001437900928",0
"Kepler-1322","Kepler-1322 c",,,"TIC 275490412","Gaia DR2 2126524001437900928","Gaia DR3 2126524001437900928",0
"Kepler-1323","Kepler-1323 b",,,"TIC 63452310","Gaia DR2 2128242611132484736","Gaia DR3 2128242611132484736",0
"Kepler-1324","Kepler-1324 b",,,"TIC 137090755","Gaia DR2 2053454478745972480","Gaia DR3 2053454478745972480",0
"Kepler-1325","Kepler-1325 b",,,"TIC 164828023","Gaia DR2 2104094209049086976","Gaia DR3 2104094209049086976",0
"Kepler-1326","Kepler-1326 b",,,"TIC 184417262","Gaia DR2 2073280185224841728","Gaia DR3 2073280185224841728",0
"Kepler-1327","Kepler-1327 b",,,"TIC 299153388","Gaia DR2 2133108190601426176","Gaia DR3 2133108190601426176",0
"Kepler-1328","Kepler-1328 b",,,"TIC 164778883","Gaia DR2 2106703212701656576","Gaia DR3 2106703212701656576",0
"Kepler-1329","Kepler-1329 b",,,"TIC 47977416","Gaia DR2 2119746375543622016","Gaia DR3 2119746375543622016",0
"Kepler-133","Kepler-133 b",,,"TIC 28089143","Gaia DR2 2086718317558873984","Gaia DR3 2086718317558873984",0
"Kepler-133","Kepler-133 c",,,"TIC 28089143","Gaia DR2 2086718317558873984","Gaia DR3 2086718317558873984",0
"Kepler-1330","Kepler-1330 b",,,"TIC 122595516","Gaia DR2 2101087044750770688","Gaia DR3 2101087044750770688",0
"Kepler-1331","Kepler-1331 b",,,"TIC 169083837","Gaia DR2 2076790552200353536","Gaia DR3 2076790552200353536",0
"Kepler-1332","Kepler-1332 b",,,"TIC 159578257","Gaia DR2 2126102411750601088","Gaia DR3 2126102411750601088",0
"Kepler-1333","Kepler-1333 b",,,"TIC 138219367","Gaia DR2 2077383395124052096","Gaia DR3 2077383395124052096",0
"Kepler-1334","Kepler-1334 b",,,"TIC 299217895","Gaia DR2 2133250405558238976","Gaia DR3 2133250405558238976",0
"Kepler-1335","Kepler-1335 b",,,"TIC 164827658","Gaia DR2 2104140349880122368","Gaia DR3 2104140349880122368",0
"Kepler-1336","Kepler-1336 b",,,"TIC 272278272","Gaia DR2 2080529922521395712","Gaia DR3 2080529922521395712",0
"Kepler-1336","Kepler-1336 c",,,"TIC 272278272","Gaia DR2 2080529922521395712","Gaia DR3 2080529922521395712",0
"Kepler-1337","Kepler-1337 b",,,"TIC 158324326","Gaia DR2 2130628757521503104","Gaia DR3 2130628757521503104",0
"Kepler-1338","Kepler-1338 b",,,"TIC 120105633","Gaia DR2 2103743018162573952","Gaia DR3 2103743018162573952",0
"Kepler-1339","Kepler-1339 b",,,"TIC 48354224","Gaia DR2 2131677584235170048","Gaia DR3 2131677584235170048",0
"Kepler-134","Kepler-134 b",,,"TIC 48448369","Gaia DR2 2132215421518219392","Gaia DR3 2132215421518219392",0
"Kepler-134","Kepler-134 c",,,"TIC 48448369","Gaia DR2 2132215421518219392","Gaia DR3 2132215421518219392",0
"Kepler-1340","Kepler-1340 b",,,"TIC 272183546","Gaia DR2 2077219052496826368","Gaia DR3 2077219052496826368",0
"Kepler-1341","Kepler-1341 b",,,"TIC 123126460","Gaia DR2 2117344732912435968","Gaia DR3 2117344732912435968",0
"Kepler-1342","Kepler-1342 b",,,"TIC 272942844","Gaia DR2 2078752149661192832","Gaia DR3 2078752149661192832",0
"Kepler-1343","Kepler-1343 b",,,"TIC 27081773","Gaia DR2 2135251791600414336","Gaia DR3 2135251791600414336",0
"Kepler-1344","Kepler-1344 b",,,"TIC 158394286","Gaia DR2 2130637038217686784","Gaia DR3 2130637038217686784",0
"Kepler-1345","Kepler-1345 b",,,"TIC 63288941","Gaia DR2 2126749714860677632","Gaia DR3 2126749714860677632",0
"Kepler-1346","Kepler-1346 b",,,"TIC 63066410","Gaia DR2 2126604991642285312","Gaia DR3 2126604991642285312",0
"Kepler-1347","Kepler-1347 b",,,"TIC 172422725","Gaia DR2 2075063150722101376","Gaia DR3 2075063150726110208",0
"Kepler-1348","Kepler-1348 b",,,"TIC 26582909","Gaia DR2 2129877825440176512","Gaia DR3 2129877825440176512",0
"Kepler-1349","Kepler-1349 b",,,"TIC 405719110","Gaia DR2 2131184938606509952","Gaia DR3 2131184938606509952",0
"Kepler-135","Kepler-135 b",,,"TIC 122450088","Gaia DR2 2052857860550101376","Gaia DR3 2052857860550101376",0
"Kepler-135","Kepler-135 c",,,"TIC 122450088","Gaia DR2 2052857860550101376","Gaia DR3 2052857860550101376",0
"Kepler-1350","Kepler-1350 b",,,"TIC 158664221","Gaia DR2 2130405728459739520","Gaia DR3 2130405728459739520",0
"Kepler-1350","Kepler-1350 c",,,"TIC 158664221","Gaia DR2 2130405728459739520","Gaia DR3 2130405728459739520",0
"Kepler-1351","Kepler-1351 b",,,"TIC 270609625","Gaia DR2 2077728538692850816","Gaia DR3 2077728538692850816",0
"Kepler-1352","Kepler-1352 b",,,"TIC 290034960","Gaia DR2 2129527974583414400","Gaia DR3 2129527974583414400",0
"Kepler-1353","Kepler-1353 b",,,"TIC 271960006","Gaia DR2 2077144491865963776","Gaia DR3 2077144491865963776",0
"Kepler-1354","Kepler-1354 b",,,"TIC 137096633","Gaia DR2 2052568585913107072","Gaia DR3 2052568585913107072",0
"Kepler-1355","Kepler-1355 b",,,"TIC 48354835","Gaia DR2 2131860859079970176","Gaia DR3 2131860859079970176",0
"Kepler-1356","Kepler-1356 b",,,"TIC 159576968","Gaia DR2 2126012900332317056","Gaia DR3 2126012900332317056",0
"Kepler-1357","Kepler-1357 b",,,"TIC 26472830","Gaia DR2 2130115281293911552","Gaia DR3 2130115281293911552",0
"Kepler-1358","Kepler-1358 b",,,"TIC 158169713","Gaia DR2 2105558930336570496","Gaia DR3 2105558930336570496",0
"Kepler-1359","Kepler-1359 b",,,"TIC 159102744","Gaia DR2 2102247132595492608","Gaia DR3 2102247132595492608",0
"Kepler-136","Kepler-136 b",,,"TIC 272375343","Gaia DR2 2077203178296653056","Gaia DR3 2077203178296653056",0
"Kepler-136","Kepler-136 c",,,"TIC 272375343","Gaia DR2 2077203178296653056","Gaia DR3 2077203178296653056",0
"Kepler-1360","Kepler-1360 b",,,"TIC 239287622","Gaia DR2 2085210887120749824","Gaia DR3 2085210887120749824",0
"Kepler-1361","Kepler-1361 b",,,"TIC 164525875","Gaia DR2 2107563271311787136","Gaia DR3 2107563271311787136",0
"Kepler-1362","Kepler-1362 b",,,"TIC 121660595","Gaia DR2 2102096774379579520","Gaia DR3 2102096774379579520",0
"Kepler-1363","Kepler-1363 b",,,"TIC 27990682","Gaia DR2 2086833663201784704","Gaia DR3 2086833663201784704",0
"Kepler-1364","Kepler-1364 b",,,"TIC 27396284","Gaia DR2 2134842532758180864",,0
"Kepler-1365","Kepler-1365 b",,,"TIC 63122176","Gaia DR2 2125716891183392640","Gaia DR3 2125716891183392640",0
"Kepler-1365","Kepler-1365 c",,,"TIC 63122176","Gaia DR2 2125716891183392640","Gaia DR3 2125716891183392640",0
"Kepler-1366","Kepler-1366 b",,,"TIC 120421638","Gaia DR2 2104065209429419520","Gaia DR3 2104065209430717568",0
"Kepler-1367","Kepler-1367 b",,,"TIC 158731868","Gaia DR2 2130932428889277824","Gaia DR3 2130932428889277824",0
"Kepler-1368","Kepler-1368 b",,,"TIC 378159769","Gaia DR2 2077479121354236160","Gaia DR3 2077479121354236160",0
"Kepler-1369","Kepler-1369 b",,,"TIC 120686458","Gaia DR2 2103787101707694464","Gaia DR3 2103787101707694464",0
"Kepler-137","Kepler-137 b",,,"TIC 123415819","Gaia DR2 2104847370214740352","Gaia DR3 2104847370214740352",0
"Kepler-137","Kepler-137 c",,,"TIC 123415819","Gaia DR2 2104847370214740352","Gaia DR3 2104847370214740352",0
"Kepler-1370","Kepler-1370 b",,,"TIC 120253552","Gaia DR2 2104106647274122880","Gaia DR3 2104106647274122880",0
"Kepler-1370","Kepler-1370 c",,,"TIC 120253552","Gaia DR2 2104106647274122880","Gaia DR3 2104106647274122880",0
"Kepler-1371","Kepler-1371 b",,,"TIC 158840095","Gaia DR2 2130911435088877056","Gaia DR3 2130911435088877056",0
"Kepler-1371","Kepler-1371 c",,,"TIC 158840095","Gaia DR2 2130911435088877056","Gaia DR3 2130911435088877056",0
"Kepler-1372","Kepler-1372 b",,,"TIC 158843824","Gaia DR2 2127136605512921600","Gaia DR3 2127136605512921600",0
"Kepler-1373","Kepler-1373 b",,,"TIC 120627712","Gaia DR2 2100265950078767232","Gaia DR3 2100265950078767232",0
"Kepler-1374","Kepler-1374 b",,,"TIC 159722311","Gaia DR2 2126643543268551936","Gaia DR3 2126643543268551936",0
"Kepler-1375","Kepler-1375 b",,,"TIC 272269239","Gaia DR2 2078785787845558656","Gaia DR3 2078785787845558656",0
"Kepler-1376","Kepler-1376 b",,,"TIC 158386680","Gaia DR2 2105478425469064064","Gaia DR3 2105478425469064064",0
"Kepler-1377","Kepler-1377 b",,,"TIC 158986227","Gaia DR2 2127755733639236992","Gaia DR3 2127755733639236992",0
"Kepler-1378","Kepler-1378 b",,,"TIC 169459324","Gaia DR2 2073733325763480320","Gaia DR3 2073733325763480320",0
"Kepler-1379","Kepler-1379 b",,,"TIC 138296836","Gaia DR2 2077413734773457536","Gaia DR3 2077413734773457536",0
"Kepler-138","Kepler-138 b",,,"TIC 159376971","Gaia DR2 2102053446751282944","Gaia DR3 2102053446751282944",0
"Kepler-138","Kepler-138 c",,,"TIC 159376971","Gaia DR2 2102053446751282944","Gaia DR3 2102053446751282944",0
"Kepler-138","Kepler-138 d",,,"TIC 159376971","Gaia DR2 2102053446751282944","Gaia DR3 2102053446751282944",0
"Kepler-138","Kepler-138 e",,,"TIC 159376971","Gaia DR2 2102053446751282944","Gaia DR3 2102053446751282944",0
"Kepler-1380","Kepler-1380 b",,,"TIC 158633475","Gaia DR2 2102530188118854656","Gaia DR3 2102530188118854656",0
"Kepler-1381","Kepler-1381 b",,,"TIC 399953616","Gaia DR2 2131228815991876736","Gaia DR3 2131228815991876736",0
"Kepler-1382","Kepler-1382 b",,,"TIC 184014439","Gaia DR2 2076173859319258368","Gaia DR3 2076173859319258368",0
"Kepler-1383","Kepler-1383 b",,,"TIC 273507060","Gaia DR2 2078431642023279488","Gaia DR3 2078431642023279488",0
"Kepler-1384","Kepler-1384 b",,,"TIC 184418214","Gaia DR2 2073299327909532928","Gaia DR3 2073299327911286144",0
"Kepler-1385","Kepler-1385 b",,,"TIC 123495717","Gaia DR2 2107492421531881856","Gaia DR3 2107492421531881856",0
"Kepler-1386","Kepler-1386 b",,,"TIC 123201193","Gaia DR2 2116750034560253184","Gaia DR3 2116750034560253184",0
"Kepler-1387","Kepler-1387 b",,,"TIC 63284044","Gaia DR2 2125871960984455552","Gaia DR3 2125871960984455552",0
"Kepler-1388","Kepler-1388 b",,,"TIC 164524311","Gaia DR2 2107617246162706048","Gaia DR3 2107617246162706048",0
"Kepler-1388","Kepler-1388 c",,,"TIC 164524311","Gaia DR2 2107617246162706048","Gaia DR3 2107617246162706048",0
"Kepler-1388","Kepler-1388 d",,,"TIC 164524311","Gaia DR2 2107617246162706048","Gaia DR3 2107617246162706048",0
"Kepler-1388","Kepler-1388 e",,,"TIC 164524311","Gaia DR2 2107617246162706048","Gaia DR3 2107617246162706048",0
"Kepler-1389","Kepler-1389 b",,,"TIC 279913347","Gaia DR2 2106303505865370752","Gaia DR3 2106303505865370752",0
"Kepler-139","Kepler-139 b",,,"TIC 123450224","Gaia DR2 2105362903731391744","Gaia DR3 2105362903731391744",0
"Kepler-139","Kepler-139 c",,,"TIC 123450224","Gaia DR2 2105362903731391744","Gaia DR3 2105362903731391744",0
"Kepler-139","Kepler-139 d",,,"TIC 123450224","Gaia DR2 2105362903731391744","Gaia DR3 2105362903731391744",0
"Kepler-139","Kepler-139 e",,,"TIC 123450224","Gaia DR2 2105362903731391744","Gaia DR3 2105362903731391744",0
"Kepler-139","Kepler-139 f",,,"TIC 123450224","Gaia DR2 2105362903731391744","Gaia DR3 2105362903731391744",0
"Kepler-1390","Kepler-1390 b",,,"TIC 264508835","Gaia DR2 2086485186737501696","Gaia DR3 2086485186737501696",0
"Kepler-1391","Kepler-1391 b",,,"TIC 271253957","Gaia DR2 2128514431022374144","Gaia DR3 2128514431022374144",0
"Kepler-1392","Kepler-1392 b",,,"TIC 158837572","Gaia DR2 2127382793038824832","Gaia DR3 2127382793038824832",0
"Kepler-1393","Kepler-1393 b",,,"TIC 120255638","Gaia DR2 2103399695656782208","Gaia DR3 2103399695656782208",0
"Kepler-1394","Kepler-1394 b",,,"TIC 164527695","Gaia DR2 2106981831520836736","Gaia DR3 2106981831520836736",0
"Kepler-1395","Kepler-1395 b",,,"TIC 63204326","Gaia DR2 2128478044059903872","Gaia DR3 2128478044059903872",0
"Kepler-1396","Kepler-1396 b",,,"TIC 270954695","Gaia DR2 2079897050500386944","Gaia DR3 2079897050500386944",0
"Kepler-1397","Kepler-1397 b",,,"TIC 269030207","Gaia DR2 2085625368643700736","Gaia DR3 2085625368643700736",0
"Kepler-1398","Kepler-1398 b",,,"TIC 27239111","Gaia DR2 2128776801985730048","Gaia DR3 2128776801985730048",0
"Kepler-1398","Kepler-1398 c",,,"TIC 27239111","Gaia DR2 2128776801985730048","Gaia DR3 2128776801985730048",0
"Kepler-1399","Kepler-1399 b",,,"TIC 275575346","Gaia DR2 2128074351495006720","Gaia DR3 2128074351495006720",0
"Kepler-14","Kepler-14 b",,,"TIC 158561566",,,0
"Kepler-140","Kepler-140 b",,,"TIC 158487888","Gaia DR2 2130443730330509312","Gaia DR3 2130443730330509312",0
"Kepler-140","Kepler-140 c",,,"TIC 158487888","Gaia DR2 2130443730330509312","Gaia DR3 2130443730330509312",0
"Kepler-1400","Kepler-1400 b",,,"TIC 158212755","Gaia DR2 2106444552591200768","Gaia DR3 2106444552591200768",0
"Kepler-1401","Kepler-1401 b",,,"TIC 121272493","Gaia DR2 2100643632324807296","Gaia DR3 2100643632324807296",0
"Kepler-1402","Kepler-1402 b",,,"TIC 26540675","Gaia DR2 2129725749238044928","Gaia DR3 2129725749238044928",0
"Kepler-1403","Kepler-1403 b",,,"TIC 122605691","Gaia DR2 2052956541719356416","Gaia DR3 2052956541719356416",0
"Kepler-1404","Kepler-1404 b",,,"TIC 27766705","Gaia DR2 2135354424139022592","Gaia DR3 2135354424139022592",0
"Kepler-1405","Kepler-1405 b",,,"TIC 184166357","Gaia DR2 2076198190312168576","Gaia DR3 2076198190312168576",0
"Kepler-1406","Kepler-1406 b",,,"TIC 137483383","Gaia DR2 2052724029370990208","Gaia DR3 2052724029370990208",0
"Kepler-1407","Kepler-1407 b",,,"TIC 120042828","Gaia DR2 2103730579937168128","Gaia DR3 2103730579937168128",0
"Kepler-1408","Kepler-1408 b",,,"TIC 123496782","Gaia DR2 2106958363820214016","Gaia DR3 2106958363820214016",0
"Kepler-1409","Kepler-1409 b",,,"TIC 267745858","Gaia DR2 2133215461704521088","Gaia DR3 2133215461704521088",0
"Kepler-141","Kepler-141 b",,,"TIC 273681580","Gaia DR2 2086455740440489472","Gaia DR3 2086455740440489472",0
"Kepler-141","Kepler-141 c",,,"TIC 273681580","Gaia DR2 2086455740440489472","Gaia DR3 2086455740440489472",0
"Kepler-1410","Kepler-1410 b",,,"TIC 122450207","Gaia DR2 2052857547022629888",,0
"Kepler-1411","Kepler-1411 b",,,"TIC 158218591","Gaia DR2 2105552127108243456","Gaia DR3 2105552127108243456",0
"Kepler-1412","Kepler-1412 b",,,"TIC 424815791","Gaia DR2 2129754847637288192","Gaia DR3 2129754847637288192",0
"Kepler-1413","Kepler-1413 b",,,"TIC 270957896","Gaia DR2 2128145338713986688","Gaia DR3 2128145338713986688",0
"Kepler-1414","Kepler-1414 b",,,"TIC 164828419","Gaia DR2 2104245357537867008","Gaia DR3 2104245357537867008",0
"Kepler-1415","Kepler-1415 b",,,"TIC 164834500","Gaia DR2 2131541867567734528","Gaia DR3 2131541867567734528",0
"Kepler-1416","Kepler-1416 b",,,"TIC 268160061","Gaia DR2 2078999608496984448","Gaia DR3 2078999608496984448",0
"Kepler-1417","Kepler-1417 b",,,"TIC 122707371","Gaia DR2 2101513139864999424","Gaia DR3 2101513139864999424",0
"Kepler-1418","Kepler-1418 b",,,"TIC 258202336","Gaia DR2 2104525114527372032",,0
"Kepler-1419","Kepler-1419 b",,,"TIC 137548281","Gaia DR2 2051897265347291520","Gaia DR3 2051897265347291520",0
"Kepler-142","Kepler-142 b",,,"TIC 27394293","Gaia DR2 2128724678262662144","Gaia DR3 2128724678262662144",0
"Kepler-142","Kepler-142 c",,,"TIC 27394293","Gaia DR2 2128724678262662144","Gaia DR3 2128724678262662144",0
"Kepler-142","Kepler-142 d",,,"TIC 27394293","Gaia DR2 2128724678262662144","Gaia DR3 2128724678262662144",0
"Kepler-1420","Kepler-1420 b",,,"TIC 272184502","Gaia DR2 2077232246636173056","Gaia DR3 2077232246636173056",0
"Kepler-1421","Kepler-1421 b",,,"TIC 399826842","Gaia DR2 2131173187575866496","Gaia DR3 2131173187575866496",0
"Kepler-1422","Kepler-1422 b",,,"TIC 27009720","Gaia DR2 2128941660008727168","Gaia DR3 2128941660008727168",0
"Kepler-1423","Kepler-1423 b",,,"TIC 121599740","Gaia DR2 2102161989163432832","Gaia DR3 2102161989163432832",0
"Kepler-1424","Kepler-1424 b",,,"TIC 122706631","Gaia DR2 2101117418758956416","Gaia DR3 2101117418758956416",0
"Kepler-1425","Kepler-1425 b",,,"TIC 271347291","Gaia DR2 2077967957353259136","Gaia DR3 2077967957353259136",0
"Kepler-1426","Kepler-1426 b",,,"TIC 26656435","Gaia DR2 2129811201907123840","Gaia DR3 2129811201907123840",0
"Kepler-1427","Kepler-1427 b",,,"TIC 271665352","Gaia DR2 2079963811471971584","Gaia DR3 2079963811474106496",0
"Kepler-1428","Kepler-1428 b",,,"TIC 28234022","Gaia DR2 2087167708577798784","Gaia DR3 2087167708577798784",0
"Kepler-1429","Kepler-1429 b",,,"TIC 279917996","Gaia DR2 2132001463427986688","Gaia DR3 2132001463427986688",0
"Kepler-143","Kepler-143 b",,,"TIC 28364164","Gaia DR2 2087172999977491328","Gaia DR3 2087172999977491328",0
"Kepler-143","Kepler-143 c",,,"TIC 28364164","Gaia DR2 2087172999977491328","Gaia DR3 2087172999977491328",0
"Kepler-1430","Kepler-1430 b",,,"TIC 159105397","Gaia DR2 2102816404740404224","Gaia DR3 2102816404740404224",0
"Kepler-1431","Kepler-1431 b",,,"TIC 26657021","Gaia DR2 2129847554510913536","Gaia DR3 2129847554510913536",0
"Kepler-1432","Kepler-1432 b",,,"TIC 27532128","Gaia DR2 2134934273258874240","Gaia DR3 2134934273258874240",0
"Kepler-1433","Kepler-1433 b",,,"TIC 399951196",,,0
"Kepler-1434","Kepler-1434 b",,,"TIC 27534458","Gaia DR2 2135594392551675520","Gaia DR3 2135594392551675520",0
"Kepler-1435","Kepler-1435 b",,,"TIC 159647919","Gaia DR2 2126632994828732032","Gaia DR3 2126632994828732032",0
"Kepler-1436","Kepler-1436 b",,,"TIC 273378908","Gaia DR2 2086298132320300288","Gaia DR3 2086298132320300288",0
"Kepler-1437","Kepler-1437 b",,,"TIC 26541175","Gaia DR2 2129771615189858816","Gaia DR3 2129771615189858816",0
"Kepler-1438","Kepler-1438 b",,,"TIC 121946404","Gaia DR2 2101422911191267968","Gaia DR3 2101422911191267968",0
"Kepler-1439","Kepler-1439 b",,,"TIC 120578712","Gaia DR2 2103799368134289024","Gaia DR3 2103799368134289024",0
"Kepler-144","Kepler-144 b",,,"TIC 123409401","Gaia DR2 2104839471773324032","Gaia DR3 2104839471773324032",0
"Kepler-144","Kepler-144 c",,,"TIC 123409401","Gaia DR2 2104839471773324032","Gaia DR3 2104839471773324032",0
"Kepler-1440","Kepler-1440 b",,,"TIC 279917282","Gaia DR2 2131530769372738560","Gaia DR3 2131530769372738560",0
"Kepler-1441","Kepler-1441 b",,,"TIC 270704515","Gaia DR2 2078201809729303040","Gaia DR3 2078201809729303040",0
"Kepler-1442","Kepler-1442 b",,,"TIC 350811132","Gaia DR2 2129357580341124608","Gaia DR3 2129357580341124608",0
"Kepler-1443","Kepler-1443 b",,,"TIC 164525743","Gaia DR2 2107568970730102272","Gaia DR3 2107568970730102272",0
"Kepler-1444","Kepler-1444 b",,,"TIC 164886812","Gaia DR2 2104172854190854528","Gaia DR3 2104172854190854528",0
"Kepler-1445","Kepler-1445 b",,,"TIC 351766604","Gaia DR2 2117151420726319872","Gaia DR3 2117151420726319872",0
"Kepler-1446","Kepler-1446 b",,,"TIC 159050852","Gaia DR2 2127777307254217472","Gaia DR3 2127777307254217472",0
"Kepler-1447","Kepler-1447 b",,,"TIC 416281317","Gaia DR2 2133132276778226176","Gaia DR3 2133132276778226176",0
"Kepler-1448","Kepler-1448 b",,,"TIC 298834402","Gaia DR2 2132984426823383168","Gaia DR3 2132984426823383168",0
"Kepler-1449","Kepler-1449 b",,,"TIC 298962633","Gaia DR2 2132939037609090816","Gaia DR3 2132939037609090816",0
"Kepler-145","Kepler-145 b",,,"TIC 159721091","Gaia DR2 2126237131982289280","Gaia DR3 2126237131982289280",0
"Kepler-145","Kepler-145 c",,,"TIC 159721091","Gaia DR2 2126237131982289280","Gaia DR3 2126237131982289280",0
"Kepler-1450","Kepler-1450 b",,,"TIC 271162715","Gaia DR2 2079905193758608384","Gaia DR3 2079905193758608384",0
"Kepler-1451","Kepler-1451 b",,,"TIC 138217479","Gaia DR2 2053286429569716992","Gaia DR3 2053286429569716992",0
"Kepler-1452","Kepler-1452 b",,,"TIC 137635103","Gaia DR2 2051937638040407808","Gaia DR3 2051937638040407808",0
"Kepler-1453","Kepler-1453 b",,,"TIC 158175366","Gaia DR2 2130762107666059136","Gaia DR3 2130762107666059136",0
"Kepler-1454","Kepler-1454 b",,,"TIC 267570002","Gaia DR2 2131804479047342336","Gaia DR3 2131804479047342336",0
"Kepler-1455","Kepler-1455 b",,,"TIC 27014562","Gaia DR2 2135220283720198528","Gaia DR3 2135220283720198528",0
"Kepler-1456","Kepler-1456 b",,,"TIC 158385035","Gaia DR2 2106018801073572224","Gaia DR3 2106018801073572224",0
"Kepler-1457","Kepler-1457 b",,,"TIC 164646534","Gaia DR2 2104875755656860032","Gaia DR3 2104875755656860032",0
"Kepler-1458","Kepler-1458 b",,,"TIC 258349285","Gaia DR2 2104354690224334592","Gaia DR3 2104354690224334592",0
"Kepler-1459","Kepler-1459 b",,,"TIC 123448077","Gaia DR2 2107084399639196544","Gaia DR3 2107084399639196544",0
"Kepler-146","Kepler-146 b",,,"TIC 138569990","Gaia DR2 2052185062520374272","Gaia DR3 2052185062520374272",0
"Kepler-146","Kepler-146 c",,,"TIC 138569990","Gaia DR2 2052185062520374272","Gaia DR3 2052185062520374272",0
"Kepler-1460","Kepler-1460 b",,,"TIC 352011765","Gaia DR2 2105886790959182976","Gaia DR3 2105886790959182976",0
"Kepler-1461","Kepler-1461 b",,,"TIC 279915288","Gaia DR2 2105752581821148544","Gaia DR3 2105752581821148544",0
"Kepler-1462","Kepler-1462 b",,,"TIC 272376022","Gaia DR2 2077176618218057216","Gaia DR3 2077176618218057216",0
"Kepler-1463","Kepler-1463 b",,,"TIC 271051532","Gaia DR2 2077536673917322368","Gaia DR3 2077536673917322368",0
"Kepler-1464","Kepler-1464 b",,,"TIC 121123737","Gaia DR2 2099619059285601280","Gaia DR3 2099619059285601280",0
"Kepler-1464","Kepler-1464 c",,,"TIC 121123737","Gaia DR2 2099619059285601280","Gaia DR3 2099619059285601280",0
"Kepler-1465","Kepler-1465 b",,,"TIC 416279965","Gaia DR2 2139286655674983936","Gaia DR3 2139286655674983936",0
"Kepler-1466","Kepler-1466 b",,,"TIC 159178000","Gaia DR2 2126944603296783232","Gaia DR3 2126944603296783232",0
"Kepler-1467","Kepler-1467 b",,,"TIC 271427581","Gaia DR2 2079981712895637248","Gaia DR3 2079981712895637248",0
"Kepler-1468","Kepler-1468 b",,,"TIC 138219758","Gaia DR2 2077389820395188736","Gaia DR3 2077389820395188736",0
"Kepler-1468","Kepler-1468 c",,,"TIC 138219758","Gaia DR2 2077389820395188736","Gaia DR3 2077389820395188736",0
"Kepler-1468","Kepler-1468 d",,,"TIC 138219758","Gaia DR2 2077389820395188736","Gaia DR3 2077389820395188736",0
"Kepler-1469","Kepler-1469 b",,,"TIC 138423341","Gaia DR2 2052456263933727744","Gaia DR3 2052456263933727744",0
"Kepler-147","Kepler-147 b",,,"TIC 121458206","Gaia DR2 2099686125195464576","Gaia DR3 2099686125195464576",0
"Kepler-147","Kepler-147 c",,,"TIC 121458206","Gaia DR2 2099686125195464576","Gaia DR3 2099686125195464576",0
"Kepler-1470","Kepler-1470 b",,,"TIC 121733900","Gaia DR2 2101234688543862016","Gaia DR3 2101234688543862016",0
"Kepler-1471","Kepler-1471 b",,,"TIC 416282121","Gaia DR2 2133035966431029376","Gaia DR3 2133035966431029376",0
"Kepler-1471","Kepler-1471 c",,,"TIC 416282121","Gaia DR2 2133035966431029376","Gaia DR3 2133035966431029376",0
"Kepler-1472","Kepler-1472 b",,,"TIC 27239856","Gaia DR2 2134804977563800064","Gaia DR3 2134804977563800064",0
"Kepler-1473","Kepler-1473 b",,,"TIC 290034635","Gaia DR2 2129558760909448064","Gaia DR3 2129558760909448064",0
"Kepler-1474","Kepler-1474 b",,,"TIC 271255614","Gaia DR2 2080057269961317120","Gaia DR3 2080057269961317120",0
"Kepler-1475","Kepler-1475 b",,,"TIC 271970692","Gaia DR2 2079750265699679872","Gaia DR3 2079750265699679872",0
"Kepler-1476","Kepler-1476 b",,,"TIC 164727404","Gaia DR2 2106597487787652352","Gaia DR3 2106597487787652352",0
"Kepler-1477","Kepler-1477 b",,,"TIC 123314844","Gaia DR2 2116740104595955328","Gaia DR3 2116740104595955328",0
"Kepler-1478","Kepler-1478 b",,,"TIC 138097834","Gaia DR2 2077601407662547072","Gaia DR3 2077601407662547072",0
"Kepler-1479","Kepler-1479 b",,,"TIC 377781254","Gaia DR2 2132114850564827008","Gaia DR3 2132114850564827008",0
"Kepler-148","Kepler-148 b",,,"TIC 159171904","Gaia DR2 2127828988601389440","Gaia DR3 2127828988601389440",0
"Kepler-148","Kepler-148 c",,,"TIC 159171904","Gaia DR2 2127828988601389440","Gaia DR3 2127828988601389440",0
"Kepler-148","Kepler-148 d",,,"TIC 159171904","Gaia DR2 2127828988601389440","Gaia DR3 2127828988601389440",0
"Kepler-1480","Kepler-1480 b",,,"TIC 26541144","Gaia DR2 2129758940745727488","Gaia DR3 2129758940745727488",0
"Kepler-1481","Kepler-1481 b",,,"TIC 299219860","Gaia DR2 2132652065075227648","Gaia DR3 2132652065075227648",0
"Kepler-1482","Kepler-1482 b",,,"TIC 279917678","Gaia DR2 2131965454422070784","Gaia DR3 2131965454422070784",0
"Kepler-1483","Kepler-1483 b",,,"TIC 271752712","Gaia DR2 2077858143627173504","Gaia DR3 2077858143627173504",0
"Kepler-1484","Kepler-1484 b",,,"TIC 137816475","Gaia DR2 2051926226306177792","Gaia DR3 2051926226306177792",0
"Kepler-1485","Kepler-1485 b",,,"TIC 273690208","Gaia DR2 2079295514562689280","Gaia DR3 2079295514562689280",0
"Kepler-1486","Kepler-1486 b",,,"TIC 159439931","Gaia DR2 2127412273694062848","Gaia DR3 2127412273694062848",0
"Kepler-1487","Kepler-1487 b",,,"TIC 184015844","Gaia DR2 2073153024144692736","Gaia DR3 2073153024144692736",0
"Kepler-1487","Kepler-1487 c",,,"TIC 184015844","Gaia DR2 2073153024144692736","Gaia DR3 2073153024144692736",0
"Kepler-1488","Kepler-1488 b",,,"TIC 399825584","Gaia DR2 2133584309198180736","Gaia DR3 2133584309198180736",0
"Kepler-1488","Kepler-1488 c",,,"TIC 399825584","Gaia DR2 2133584309198180736","Gaia DR3 2133584309198180736",0
"Kepler-1489","Kepler-1489 b",,,"TIC 123312978","Gaia DR2 2117323498594316544","Gaia DR3 2117323498594316544",0
"Kepler-1489","Kepler-1489 c",,,"TIC 123312978","Gaia DR2 2117323498594316544","Gaia DR3 2117323498594316544",0
"Kepler-149","Kepler-149 b",,,"TIC 120638033","Gaia DR2 2100015089629466112","Gaia DR3 2100015089629466112",0
"Kepler-149","Kepler-149 c",,,"TIC 120638033","Gaia DR2 2100015089629466112","Gaia DR3 2100015089629466112",0
"Kepler-149","Kepler-149 d",,,"TIC 120638033","Gaia DR2 2100015089629466112","Gaia DR3 2100015089629466112",0
"Kepler-1490","Kepler-1490 b",,,"TIC 271959909","Gaia DR2 2077895183426195712","Gaia DR3 2077895183426195712",0
"Kepler-1491","Kepler-1491 b",,,"TIC 270617233","Gaia DR2 2127985806448631808","Gaia DR3 2127985806448631808",0
"Kepler-1491","Kepler-1491 c",,,"TIC 270617233","Gaia DR2 2127985806448631808","Gaia DR3 2127985806448631808",0
"Kepler-1492","Kepler-1492 b",,,"TIC 121660826","Gaia DR2 2102111102390564864","Gaia DR3 2102111102390564864",0
"Kepler-1493","Kepler-1493 b",,,"TIC 121656582","Gaia DR2 2099457980832215552",,0
"Kepler-1494","Kepler-1494 b",,,"TIC 123499226","Gaia DR2 2105168775506130048","Gaia DR3 2105168775506130048",0
"Kepler-1495","Kepler-1495 b",,,"TIC 120764338","Gaia DR2 2100050922538767744","Gaia DR3 2100050922538767744",0
"Kepler-1496","Kepler-1496 b",,,"TIC 270787590","Gaia DR2 2127964572129949056","Gaia DR3 2127964572129949056",0
"Kepler-1497","Kepler-1497 b",,,"TIC 272275278","Gaia DR2 2080188249284118528","Gaia DR3 2080188249284118528",0
"Kepler-1498","Kepler-1498 b",,,"TIC 164785771","Gaia DR2 2106747876063966976","Gaia DR3 2106747876063966976",0
"Kepler-1499","Kepler-1499 b",,,"TIC 120105569","Gaia DR2 2103741437614605312","Gaia DR3 2103741437614605312",0
"Kepler-15","Kepler-15 b",,,"TIC 27774415","Gaia DR2 2134850847813263360","Gaia DR3 2134850847813263360",0
"Kepler-150","Kepler-150 b",,,"TIC 121598758","Gaia DR2 2102063136195478656","Gaia DR3 2102063136195478656",0
"Kepler-150","Kepler-150 c",,,"TIC 121598758","Gaia DR2 2102063136195478656","Gaia DR3 2102063136195478656",0
"Kepler-150","Kepler-150 d",,,"TIC 121598758","Gaia DR2 2102063136195478656","Gaia DR3 2102063136195478656",0
"Kepler-150","Kepler-150 e",,,"TIC 121598758","Gaia DR2 2102063136195478656","Gaia DR3 2102063136195478656",0
"Kepler-150","Kepler-150 f",,,"TIC 121598758","Gaia DR2 2102063136195478656","Gaia DR3 2102063136195478656",0
"Kepler-1500","Kepler-1500 b",,,"TIC 121786521","Gaia DR2 2101229019187047040","Gaia DR3 2101229019187047040",0
"Kepler-1501","Kepler-1501 b",,,"TIC 159216808","Gaia DR2 2101875497665518080","Gaia DR3 2101875497665518080",0
"Kepler-1502","Kepler-1502 b",,,"TIC 184298883","Gaia DR2 2073199409793428736","Gaia DR3 2073199409793428736",0
"Kepler-1503","Kepler-1503 b",,,"TIC 270705307","Gaia DR2 2077774821262122752","Gaia DR3 2077774821262122752",0
"Kepler-1504","Kepler-1504 b",,,"TIC 416281986","Gaia DR2 2133044040969963776","Gaia DR3 2133044040969963776",0
"Kepler-1505","Kepler-1505 b",,,"TIC 137408775","Gaia DR2 2101689061725421312","Gaia DR3 2101689061725421312",0
"Kepler-1506","Kepler-1506 b",,,"TIC 122298422","Gaia DR2 2101797535418431104","Gaia DR3 2101797535418431104",0
"Kepler-1507","Kepler-1507 b",,,"TIC 158786851","Gaia DR2 2130389785541178752","Gaia DR3 2130389785541178752",0
"Kepler-1508","Kepler-1508 b",,,"TIC 170346081","Gaia DR2 2073768853731839104","Gaia DR3 2073768853731839104",0
"Kepler-1509","Kepler-1509 b",,,"TIC 164558338","Gaia DR2 2107557464516077184","Gaia DR3 2107557464516077184",0
"Kepler-151","Kepler-151 b",,,"TIC 137410997","Gaia DR2 2053585732948605952","Gaia DR3 2053585732948605952",0
"Kepler-151","Kepler-151 c",,,"TIC 137410997","Gaia DR2 2053585732948605952","Gaia DR3 2053585732948605952",0
"Kepler-1510","Kepler-1510 b",,,"TIC 416529246","Gaia DR2 2086856271911588224","Gaia DR3 2086856271911588224",0
"Kepler-1511","Kepler-1511 b",,,"TIC 158725179","Gaia DR2 2102928726723805568","Gaia DR3 2102928726723805568",0
"Kepler-1512","Kepler-1512 b",,,"TIC 158989438","Gaia DR2 2127115783511206016","Gaia DR3 2127115783511206016",0
"Kepler-1513","Kepler-1513 b",,,"TIC 394177315","Gaia DR2 2100959501399885696","Gaia DR3 2100959501399885696",0
"Kepler-1513","Kepler-1513 c",,,"TIC 394177315","Gaia DR2 2100959501399885696","Gaia DR3 2100959501399885696",0
"Kepler-1514","Kepler-1514 b",,,"TIC 137685450","Gaia DR2 2051866238502437632","Gaia DR3 2051866238502437632",0
"Kepler-1514","Kepler-1514 c",,,"TIC 137685450","Gaia DR2 2051866238502437632","Gaia DR3 2051866238502437632",0
"Kepler-1515","Kepler-1515 b",,,"TIC 417660218","Gaia DR2 2129311576952316544","Gaia DR3 2129311576952316544",0
"Kepler-1516","Kepler-1516 b",,,"TIC 159763612","Gaia DR2 2126237857838346368","Gaia DR3 2126237857838346368",0
"Kepler-1517","Kepler-1517 b",,,"TIC 158555987","Gaia DR2 2102974833192340224","Gaia DR3 2102974833192340224",0
"Kepler-1518","Kepler-1518 b",,,"TIC 239289191","Gaia DR2 2082161219824397568","Gaia DR3 2082161219824397568",0
"Kepler-1518","Kepler-1518 c",,,"TIC 239289191","Gaia DR2 2082161219824397568","Gaia DR3 2082161219824397568",0
"Kepler-1519","Kepler-1519 b",,,"TIC 351191596","Gaia DR2 2086851495906130176","Gaia DR3 2086851495906130176",0
"Kepler-152","Kepler-152 b",,,"TIC 158387462","Gaia DR2 2105435544515167232","Gaia DR3 2105435544515167232",0
"Kepler-152","Kepler-152 c",,,"TIC 158387462","Gaia DR2 2105435544515167232","Gaia DR3 2105435544515167232",0
"Kepler-1520","Kepler-1520 b",,,"TIC 417679385","Gaia DR2 2136216647412563840","Gaia DR3 2136216647412563840",0
"Kepler-1521","Kepler-1521 b",,,"TIC 137817355","Gaia DR2 2051865551307698688","Gaia DR3 2051865551307698688",0
"Kepler-1522","Kepler-1522 b",,,"TIC 267673944","Gaia DR2 2139306790481711232","Gaia DR3 2139306790481711232",0
"Kepler-1523","Kepler-1523 b",,,"TIC 272083995","Gaia DR2 2080193506325008256","Gaia DR3 2080193506325008256",0
"Kepler-1524","Kepler-1524 b",,,"TIC 138477646","Gaia DR2 2052480728067657600","Gaia DR3 2052480728067657600",0
"Kepler-1525","Kepler-1525 b",,,"TIC 290033595","Gaia DR2 2130033097097486336","Gaia DR3 2130033097097486336",0
"Kepler-1526","Kepler-1526 b",,,"TIC 120425617","Gaia DR2 2100148542853587840","Gaia DR3 2100148542853587840",0
"Kepler-1527","Kepler-1527 b",,,"TIC 273132601","Gaia DR2 2080247996570836736","Gaia DR3 2080247996570836736",0
"Kepler-1528","Kepler-1528 b",,,"TIC 158487658","Gaia DR2 2130434384481265408","Gaia DR3 2130434384481265408",0
"Kepler-1529","Kepler-1529 b",,,"TIC 122137575","Gaia DR2 2101410850923823488","Gaia DR3 2101410850923823488",0
"Kepler-153","Kepler-153 b",,,"TIC 48188777","Gaia DR2 2119711156811669120","Gaia DR3 2119711156811669120",0
"Kepler-153","Kepler-153 c",,,"TIC 48188777","Gaia DR2 2119711156811669120","Gaia DR3 2119711156811669120",0
"Kepler-1530","Kepler-1530 b",,,"TIC 298892283","Gaia DR2 2130991596358782464","Gaia DR3 2130991596358782464",0
"Kepler-1530","Kepler-1530 c",,,"TIC 298892283","Gaia DR2 2130991596358782464","Gaia DR3 2130991596358782464",0
"Kepler-1530","Kepler-1530 d",,,"TIC 298892283","Gaia DR2 2130991596358782464","Gaia DR3 2130991596358782464",0
"Kepler-1531","Kepler-1531 b",,,"TIC 120424814","Gaia DR2 2100303539632796032","Gaia DR3 2100303539632796032",0
"Kepler-1532","Kepler-1532 b",,,"TIC 168812474","Gaia DR2 2076783920770722560","Gaia DR3 2076783920770722560",0
"Kepler-1533","Kepler-1533 b",,,"TIC 271970605","Gaia DR2 2079749956462030720","Gaia DR3 2079749956462030720",0
"Kepler-1534","Kepler-1534 b",,,"TIC 63285279","Gaia DR2 2125960402948600704","Gaia DR3 2125960402948600704",0
"Kepler-1535","Kepler-1535 b",,,"TIC 120961712","Gaia DR2 2100009488992720896","Gaia DR3 2100009488992720896",0
"Kepler-1536","Kepler-1536 b",,,"TIC 62999585","Gaia DR2 2126773904116001536","Gaia DR3 2126773904116001536",0
"Kepler-1537","Kepler-1537 b",,,"TIC 271046907","Gaia DR2 2078291832243170048","Gaia DR3 2078291832243170048",0
"Kepler-1538","Kepler-1538 b",,,"TIC 164522561","Gaia DR2 2106988158011587072","Gaia DR3 2106988158011587072",0
"Kepler-1539","Kepler-1539 b",,,"TIC 164671591","Gaia DR2 2106618687745888768","Gaia DR3 2106618687745888768",0
"Kepler-154","Kepler-154 b",,,"TIC 416282268","Gaia DR2 2133022669212268800","Gaia DR3 2133022669212268800",0
"Kepler-154","Kepler-154 c",,,"TIC 416282268","Gaia DR2 2133022669212268800","Gaia DR3 2133022669212268800",0
"Kepler-154","Kepler-154 d",,,"TIC 416282268","Gaia DR2 2133022669212268800","Gaia DR3 2133022669212268800",0
"Kepler-154","Kepler-154 e",,,"TIC 416282268","Gaia DR2 2133022669212268800","Gaia DR3 2133022669212268800",0
"Kepler-154","Kepler-154 f",,,"TIC 416282268","Gaia DR2 2133022669212268800","Gaia DR3 2133022669212268800",0
"Kepler-1540","Kepler-1540 b",,,"TIC 237158408","Gaia DR2 2104452752917443584","Gaia DR3 2104452752917443584",0
"Kepler-1541","Kepler-1541 b",,,"TIC 48353902","Gaia DR2 2131643641112197888","Gaia DR3 2131643641112197888",0
"Kepler-1542","Kepler-1542 b",,,"TIC 279915941","Gaia DR2 2105526799680172032","Gaia DR3 2105526799680172032",0
"Kepler-1542","Kepler-1542 c",,,"TIC 279915941","Gaia DR2 2105526799680172032","Gaia DR3 2105526799680172032",0
"Kepler-1542","Kepler-1542 d",,,"TIC 279915941","Gaia DR2 2105526799680172032","Gaia DR3 2105526799680172032",0
"Kepler-1542","Kepler-1542 e",,,"TIC 279915941","Gaia DR2 2105526799680172032","Gaia DR3 2105526799680172032",0
"Kepler-1543","Kepler-1543 b",,,"TIC 272843289","Gaia DR2 2080362899835391360","Gaia DR3 2080362899836411136",0
"Kepler-1544","Kepler-1544 b",,,"TIC 28090925","Gaia DR2 2086784185178032384","Gaia DR3 2086784185178032384",0
"Kepler-1545","Kepler-1545 b",,,"TIC 268382450","Gaia DR2 2085676083618453376","Gaia DR3 2085676083618453376",0
"Kepler-1546","Kepler-1546 b",,,"TIC 169466684","Gaia DR2 2076880231116348672","Gaia DR3 2076880231116348672",0
"Kepler-1547","Kepler-1547 b",,,"TIC 164646094","Gaia DR2 2104890633423618048","Gaia DR3 2104890633423618048",0
"Kepler-1548","Kepler-1548 b",,,"TIC 158487028","Gaia DR2 2130318420364920192","Gaia DR3 2130318420364920192",0
"Kepler-1549","Kepler-1549 b",,,"TIC 120692095","Gaia DR2 2100070958564495488","Gaia DR3 2100070958564495488",0
"Kepler-155","Kepler-155 b",,,"TIC 298969755","Gaia DR2 2133351698066484096","Gaia DR3 2133351698066484096",0
"Kepler-155","Kepler-155 c",,,"TIC 298969755","Gaia DR2 2133351698066484096","Gaia DR3 2133351698066484096",0
"Kepler-1550","Kepler-1550 b",,,"TIC 121395435","Gaia DR2 2099534293810509312","Gaia DR3 2099534293810509312",0
"Kepler-1551","Kepler-1551 b",,,"TIC 184164411","Gaia DR2 2076325527501566208","Gaia DR3 2076325527501566208",0
"Kepler-1552","Kepler-1552 b",,,"TIC 137319097","Gaia DR2 2052767528800649984","Gaia DR3 2052767528800649984",0
"Kepler-1553","Kepler-1553 b",,,"TIC 351062058","Gaia DR2 2052775191022506112","Gaia DR3 2052775191022506112",0
"Kepler-1554","Kepler-1554 b",,,"TIC 120900025","Gaia DR2 2103927495598786304","Gaia DR3 2103927495598786304",0
"Kepler-1555","Kepler-1555 b",,,"TIC 158492133","Gaia DR2 2130236678547566976","Gaia DR3 2130236678547566976",0
"Kepler-1556","Kepler-1556 b",,,"TIC 121603852","Gaia DR2 2101303889057595136","Gaia DR3 2101303889057595136",0
"Kepler-1557","Kepler-1557 b",,,"TIC 270790313","Gaia DR2 2128204815421600512","Gaia DR3 2128204815421600512",0
"Kepler-1558","Kepler-1558 b",,,"TIC 158322085","Gaia DR2 2130633430445267584","Gaia DR3 2130633430445267584",0
"Kepler-1559","Kepler-1559 b",,,"TIC 63213956","Gaia DR2 2125705488052032640","Gaia DR3 2125705488052032640",0
"Kepler-156","Kepler-156 b",,,"TIC 122374620","Gaia DR2 2051105410816218368","Gaia DR3 2051105410816218368",0
"Kepler-156","Kepler-156 c",,,"TIC 122374620","Gaia DR2 2051105410816218368","Gaia DR3 2051105410816218368",0
"Kepler-1560","Kepler-1560 b",,,"TIC 63373449","Gaia DR2 2125880825797124352","Gaia DR3 2125880825797124352",0
"Kepler-1561","Kepler-1561 b",,,"TIC 272716728","Gaia DR2 2078801009210349440","Gaia DR3 2078801009210349440",0
"Kepler-1562","Kepler-1562 b",,,"TIC 271040678","Gaia DR2 2128155818434335616","Gaia DR3 2128155818434335616",0
"Kepler-1563","Kepler-1563 b",,,"TIC 299028607","Gaia DR2 2133364308090816768","Gaia DR3 2133364308090816768",0
"Kepler-1564","Kepler-1564 b",,,"TIC 159395366","Gaia DR2 2127625956907154048","Gaia DR3 2127625956907154048",0
"Kepler-1565","Kepler-1565 b",,,"TIC 170241112","Gaia DR2 2073793249146651136","Gaia DR3 2073793249146651136",0
"Kepler-1566","Kepler-1566 b",,,"TIC 237191392","Gaia DR2 2103579397088495616","Gaia DR3 2103579397088495616",0
"Kepler-1567","Kepler-1567 b",,,"TIC 121013472","Gaia DR2 2100698745343821312","Gaia DR3 2100698745343821312",0
"Kepler-1568","Kepler-1568 b",,,"TIC 158984590","Gaia DR2 2127941413665428992","Gaia DR3 2127941413665428992",0
"Kepler-1569","Kepler-1569 b",,,"TIC 137488218","Gaia DR2 2051721480924900224","Gaia DR3 2051721480924900224",0
"Kepler-157","Kepler-157 b",,,"TIC 122716806","Gaia DR2 2052941389074846336","Gaia DR3 2052941389074846336",0
"Kepler-157","Kepler-157 c",,,"TIC 122716806","Gaia DR2 2052941389074846336","Gaia DR3 2052941389074846336",0
"Kepler-157","Kepler-157 d",,,"TIC 122716806","Gaia DR2 2052941389074846336","Gaia DR3 2052941389074846336",0
"Kepler-1570","Kepler-1570 b",,,"TIC 269270853","Gaia DR2 2085225627448615424","Gaia DR3 2085225627448615424",0
"Kepler-1571","Kepler-1571 b",,,"TIC 185062313","Gaia DR2 2082286632869692928","Gaia DR3 2082286632869692928",0
"Kepler-1572","Kepler-1572 b",,,"TIC 123413463","Gaia DR2 2119147897620835840","Gaia DR3 2119147897620835840",0
"Kepler-1573","Kepler-1573 b",,,"TIC 26752863","Gaia DR2 2129820582115829504","Gaia DR3 2129820582115829504",0
"Kepler-1574","Kepler-1574 b",,,"TIC 26583108","Gaia DR2 2129858412187969024","Gaia DR3 2129858412187969024",0
"Kepler-1575","Kepler-1575 b",,,"TIC 270699185","Gaia DR2 2128008479575522432","Gaia DR3 2128008479575522432",0
"Kepler-1576","Kepler-1576 b",,,"TIC 121865123","Gaia DR2 2101318556367845888","Gaia DR3 2101318556367845888",0
"Kepler-1577","Kepler-1577 b",,,"TIC 240177285","Gaia DR2 2128481789271221632","Gaia DR3 2128481789271221632",0
"Kepler-1578","Kepler-1578 b",,,"TIC 158662813","Gaia DR2 2130976787311412352","Gaia DR3 2130976787311412352",0
"Kepler-1579","Kepler-1579 b",,,"TIC 275571034","Gaia DR2 2078225792827512704","Gaia DR3 2078225792827512704",0
"Kepler-158","Kepler-158 b",,,"TIC 120103325","Gaia DR2 2103295173333142784","Gaia DR3 2103295173333142784",0
"Kepler-158","Kepler-158 c",,,"TIC 120103325","Gaia DR2 2103295173333142784","Gaia DR3 2103295173333142784",0
"Kepler-158","Kepler-158 d",,,"TIC 120103325","Gaia DR2 2103295173333142784","Gaia DR3 2103295173333142784",0
"Kepler-1580","Kepler-1580 b",,,"TIC 120688631","Gaia DR2 2103904302775007872","Gaia DR3 2103904302775007872",0
"Kepler-1581","Kepler-1581 b",,,"TIC 121215710","Gaia DR2 2100418850915010432","Gaia DR3 2100418850915010432",0
"Kepler-1582","Kepler-1582 b",,,"TIC 122065885","Gaia DR2 2101449265111030912","Gaia DR3 2101449265111030912",0
"Kepler-1583","Kepler-1583 b",,,"TIC 158270841","Gaia DR2 2130695518492411904","Gaia DR3 2130695518492411904",0
"Kepler-1584","Kepler-1584 b",,,"TIC 158556108","Gaia DR2 2102976383681783552","Gaia DR3 2102976383681783552",0
"Kepler-1585","Kepler-1585 b",,,"TIC 272272564","Gaia DR2 2079700100481104000","Gaia DR3 2079700100481104000",0
"Kepler-1586","Kepler-1586 b",,,"TIC 273866337","Gaia DR2 2079298435140815360","Gaia DR3 2079298435140815360",0
"Kepler-1587","Kepler-1587 b",,,"TIC 26656768","Gaia DR2 2129838139942109440","Gaia DR3 2129838139942109440",0
"Kepler-1588","Kepler-1588 b",,,"TIC 298965827","Gaia DR2 2130980910480096384","Gaia DR3 2130980910480096384",0
"Kepler-1589","Kepler-1589 b",,,"TIC 377909767","Gaia DR2 2076565908231148928","Gaia DR3 2076565908231148928",0
"Kepler-159","Kepler-159 b",,,"TIC 169082553","Gaia DR2 2076764576237957504","Gaia DR3 2076764576237957504",0
"Kepler-159","Kepler-159 c",,,"TIC 169082553","Gaia DR2 2076764576237957504","Gaia DR3 2076764576237957504",0
"Kepler-1590","Kepler-1590 b",,,"TIC 26416803","Gaia DR2 2129295049918456960","Gaia DR3 2129295049918456960",0
"Kepler-1591","Kepler-1591 b",,,"TIC 272491028","Gaia DR2 2079691991583086592","Gaia DR3 2079691991583086592",0
"Kepler-1592","Kepler-1592 b",,,"TIC 138364751","Gaia DR2 2052085934674652544","Gaia DR3 2052085934674652544",0
"Kepler-1593","Kepler-1593 b",,,"TIC 239306899","Gaia DR2 2076087964270165632","Gaia DR3 2076087964270165632",0
"Kepler-1594","Kepler-1594 b",,,"TIC 270695341","Gaia DR2 2128836308750694016","Gaia DR3 2128836308750694016",0
"Kepler-1595","Kepler-1595 b",,,"TIC 279915521","Gaia DR2 2105726605858883456","Gaia DR3 2105726605858883456",0
"Kepler-1596","Kepler-1596 b",,,"TIC 350813882","Gaia DR2 2132009744125068416","Gaia DR3 2132009744125068416",0
"Kepler-1597","Kepler-1597 b",,,"TIC 158722002","Gaia DR2 2102530703514980864","Gaia DR3 2102530703514980864",0
"Kepler-1598","Kepler-1598 b",,,"TIC 158730471","Gaia DR2 2130770766319922560","Gaia DR3 2130770766319922560",0
"Kepler-1599","Kepler-1599 b",,,"TIC 120768052","Gaia DR2 2103885782875978880","Gaia DR3 2103885782875978880",0
"Kepler-16","Kepler-16 b",,,"TIC 299096355","Gaia DR2 2133476355197071616","Gaia DR3 2133476355197071616",1
"Kepler-160","Kepler-160 b",,,"TIC 158555483","Gaia DR2 2102587087846067712","Gaia DR3 2102587087846067712",0
"Kepler-160","Kepler-160 c",,,"TIC 158555483","Gaia DR2 2102587087846067712","Gaia DR3 2102587087846067712",0
"Kepler-160","Kepler-160 d",,,"TIC 158555483","Gaia DR2 2102587087846067712","Gaia DR3 2102587087846067712",0
"Kepler-1600","Kepler-1600 b",,,"TIC 137151626","Gaia DR2 2052754540819149568","Gaia DR3 2052754540819149568",0
"Kepler-1600","Kepler-1600 c",,,"TIC 137151626","Gaia DR2 2052754540819149568","Gaia DR3 2052754540819149568",0
"Kepler-1601","Kepler-1601 b",,,"TIC 120571308","Gaia DR2 2099912182214036608","Gaia DR3 2099912182214036608",0
"Kepler-1602","Kepler-1602 b",,,"TIC 138299395","Gaia DR2 2053284398043177216","Gaia DR3 2053284398043177216",0
"Kepler-1603","Kepler-1603 b",,,"TIC 271537714","Gaia DR2 2077891644372852864","Gaia DR3 2077891644372852864",0
"Kepler-1604","Kepler-1604 b",,,"TIC 351911398","Gaia DR2 2105964306529014400","Gaia DR3 2105964306529014400",0
"Kepler-1605","Kepler-1605 b",,,"TIC 158394902","Gaia DR2 2130676478898097792","Gaia DR3 2130676478898097792",0
"Kepler-1606","Kepler-1606 b",,,"TIC 158218731","Gaia DR2 2105554394851020160","Gaia DR3 2105554394851020160",0
"Kepler-1607","Kepler-1607 b",,,"TIC 272179260","Gaia DR2 2077241558125147904","Gaia DR3 2077241558125147904",0
"Kepler-1608","Kepler-1608 b",,,"TIC 184088195","Gaia DR2 2076214889145035136","Gaia DR3 2076214889145035136",0
"Kepler-1609","Kepler-1609 b",,,"TIC 122302031","Gaia DR2 2100993929859129600","Gaia DR3 2100993929859129600",0
"Kepler-161","Kepler-161 b",,,"TIC 159444082","Gaia DR2 2102046952760377728","Gaia DR3 2102046952760377728",0
"Kepler-161","Kepler-161 c",,,"TIC 159444082","Gaia DR2 2102046952760377728","Gaia DR3 2102046952760377728",0
"Kepler-1610","Kepler-1610 b",,,"TIC 272073436","Gaia DR2 2079807646464016256","Gaia DR3 2079807646464016256",0
"Kepler-1610","Kepler-1610 c",,,"TIC 272073436","Gaia DR2 2079807646464016256","Gaia DR3 2079807646464016256",0
"Kepler-1611","Kepler-1611 b",,,"TIC 27846759","Gaia DR2 2134894690840101376","Gaia DR3 2134894690840101376",0
"Kepler-1612","Kepler-1612 b",,,"TIC 159646633","Gaia DR2 2127432099262972416","Gaia DR3 2127432099262972416",0
"Kepler-1613","Kepler-1613 b",,,"TIC 159180076","Gaia DR2 2102814721113340928","Gaia DR3 2102814721113340928",0
"Kepler-1614","Kepler-1614 b",,,"TIC 48451562","Gaia DR2 2132314858600815488","Gaia DR3 2132314858600815488",0
"Kepler-1615","Kepler-1615 b",,,"TIC 158217620","Gaia DR2 2105456160358298880","Gaia DR3 2105456160358298880",0
"Kepler-1616","Kepler-1616 b",,,"TIC 158274583","Gaia DR2 2106427750679026688","Gaia DR3 2106427750679026688",0
"Kepler-1617","Kepler-1617 b",,,"TIC 158625761","Gaia DR2 2130376453962481024","Gaia DR3 2130376453962481024",0
"Kepler-1618","Kepler-1618 b",,,"TIC 271546110","Gaia DR2 2080067440443554176","Gaia DR3 2080067440445173760",0
"Kepler-1619","Kepler-1619 b",,,"TIC 279913760","Gaia DR2 2105921803532722432","Gaia DR3 2105921803532722432",0
"Kepler-162","Kepler-162 b",,,"TIC 273036401","Gaia DR2 2078852754973778560","Gaia DR3 2078852754973778560",0
"Kepler-162","Kepler-162 c",,,"TIC 273036401","Gaia DR2 2078852754973778560","Gaia DR3 2078852754973778560",0
"Kepler-1620","Kepler-1620 b",,,"TIC 273045068","Gaia DR2 2080358463124310400",,0
"Kepler-1621","Kepler-1621 b",,,"TIC 273238089","Gaia DR2 2078849112841866624","Gaia DR3 2078849112841866624",0
"Kepler-1622","Kepler-1622 b",,,"TIC 273047792","Gaia DR2 2086419903235549312","Gaia DR3 2086419903235549312",0
"Kepler-1623","Kepler-1623 b",,,"TIC 138572691","Gaia DR2 2052435819888356864","Gaia DR3 2052435819888356864",0
"Kepler-1624","Kepler-1624 b",,,"TIC 137683938","Gaia DR2 2051815759742763264","Gaia DR3 2051815759742763264",0
"Kepler-1625","Kepler-1625 b",,,"TIC 184011870","Gaia DR2 2076280000851171328","Gaia DR3 2076280000851171328",0
"Kepler-1626","Kepler-1626 b",,,"TIC 184559893","Gaia DR2 2076748083562850560","Gaia DR3 2076748083562850560",0
"Kepler-1627","Kepler-1627 b",,,"TIC 120105470","Gaia DR2 2103737241426734336","Gaia DR3 2103737241426734336",0
"Kepler-1628","Kepler-1628 b",,,"TIC 123362984","Gaia DR2 2105245187265625728",,0
"Kepler-1629","Kepler-1629 b",,,"TIC 351766445","Gaia DR2 2117125655219423744","Gaia DR3 2117125655219423744",0
"Kepler-163","Kepler-163 b",,,"TIC 271355638","Gaia DR2 2128525769736134016","Gaia DR3 2128525769736134016",0
"Kepler-163","Kepler-163 c",,,"TIC 271355638","Gaia DR2 2128525769736134016","Gaia DR3 2128525769736134016",0
"Kepler-1630","Kepler-1630 b",,,"TIC 273237673","Gaia DR2 2078840900864235136","Gaia DR3 2078840900864235136",0
"Kepler-1631","Kepler-1631 b",,,"TIC 271159855","Gaia DR2 2078284547978727808","Gaia DR3 2078284547978727808",0
"Kepler-1632","Kepler-1632 b",,,"TIC 271046694","Gaia DR2 2078297810838102272","Gaia DR3 2078297810838102272",0
"Kepler-1633","Kepler-1633 b",,,"TIC 158789121","Gaia DR2 2127190000546917632","Gaia DR3 2127190000546917632",0
"Kepler-1634","Kepler-1634 b",,,"TIC 270857293","Gaia DR2 2127953233416258432","Gaia DR3 2127953233416258432",0
"Kepler-1635","Kepler-1635 b",,,"TIC 164891054","Gaia DR2 2106414144223503360","Gaia DR3 2106414144223503360",0
"Kepler-1636","Kepler-1636 b",,,"TIC 270854684","Gaia DR2 2128125650583752832","Gaia DR3 2128125650583752832",0
"Kepler-1637","Kepler-1637 b",,,"TIC 48131596","Gaia DR2 2119706690045629824","Gaia DR3 2119706690045629824",0
"Kepler-1638","Kepler-1638 b",,,"TIC 27529656","Gaia DR2 2134726877877965568","Gaia DR3 2134726877877965568",0
"Kepler-1639","Kepler-1639 b",,,"TIC 48217852","Gaia DR2 2131748472674257280","Gaia DR3 2131748472674257280",0
"Kepler-164","Kepler-164 b",,,"TIC 158561894","Gaia DR2 2130889204338693504","Gaia DR3 2130889204338693504",0
"Kepler-164","Kepler-164 c",,,"TIC 158561894","Gaia DR2 2130889204338693504","Gaia DR3 2130889204338693504",0
"Kepler-164","Kepler-164 d",,,"TIC 158561894","Gaia DR2 2130889204338693504","Gaia DR3 2130889204338693504",0
"Kepler-164","Kepler-164 e",,,"TIC 158561894","Gaia DR2 2130889204338693504","Gaia DR3 2130889204338693504",0
"Kepler-1640","Kepler-1640 b",,,"TIC 377915723","Gaia DR2 2076578312097047168","Gaia DR3 2076578312097047168",0
"Kepler-1641","Kepler-1641 b",,,"TIC 184426431","Gaia DR2 2077041103410971392","Gaia DR3 2077041103410971392",0
"Kepler-1641","Kepler-1641 c",,,"TIC 184426431","Gaia DR2 2077041103410971392","Gaia DR3 2077041103410971392",0
"Kepler-1642","Kepler-1642 b",,,"TIC 273036122","Gaia DR2 2078758433192866816","Gaia DR3 2078758433192866816",0
"Kepler-1642","Kepler-1642 c",,,"TIC 273036122","Gaia DR2 2078758433192866816","Gaia DR3 2078758433192866816",0
"Kepler-1643","Kepler-1643 b",,,"TIC 239307743","Gaia DR2 2082142734285082368","Gaia DR3 2082142734285082368",0
"Kepler-1644","Kepler-1644 b",,,"TIC 279917005","Gaia DR2 2131523450748131456","Gaia DR3 2131523450748131456",0
"Kepler-1645","Kepler-1645 b",,,"TIC 28229515","Gaia DR2 2086724227433964928","Gaia DR3 2086724227433964928",0
"Kepler-1646","Kepler-1646 b",,,"TIC 158552258","Gaia DR2 2102601381497162240","Gaia DR3 2102601381497162240",0
"Kepler-1647","Kepler-1647 b",,,"TIC 170344769","Gaia DR2 2073793420945053824","Gaia DR3 2073793420945053824",1
"Kepler-1649","Kepler-1649 b",,,"TIC 137558813","Gaia DR2 2125699062780742016","Gaia DR3 2125699062780742016",0
"Kepler-1649","Kepler-1649 c",,,"TIC 137558813","Gaia DR2 2125699062780742016","Gaia DR3 2125699062780742016",0
"Kepler-165","Kepler-165 b",,,"TIC 123129877","Gaia DR2 2119814820141727232","Gaia DR3 2119814820141727232",0
"Kepler-165","Kepler-165 c",,,"TIC 123129877","Gaia DR2 2119814820141727232","Gaia DR3 2119814820141727232",0
"Kepler-1650","Kepler-1650 b",,,"TIC 273502299","Gaia DR2 2078524482038704000","Gaia DR3 2078524482038704000",0
"Kepler-1651","Kepler-1651 b",,,"TIC 48353358","Gaia DR2 2131725447350716032","Gaia DR3 2131725447350716032",0
"Kepler-1652","Kepler-1652 b",,,"TIC 27187450","Gaia DR2 2135055391335687680",,0
"Kepler-1653","Kepler-1653 b",,,"TIC 184561612",,,0
"Kepler-1654","Kepler-1654 b",,,"TIC 123417316","Gaia DR2 2105415302330571008","Gaia DR3 2105415302330571008",0
"Kepler-1655","Kepler-1655 b",,,"TIC 120973167","Gaia DR2 2100392428275714688","Gaia DR3 2100392428275714688",0
"Kepler-1656","Kepler-1656 b",,,"TIC 120255950","Gaia DR2 2103392720630278656","Gaia DR3 2103392720630278656",0
"Kepler-1656","Kepler-1656 c",,,"TIC 120255950","Gaia DR2 2103392720630278656","Gaia DR3 2103392720630278656",0
"Kepler-166","Kepler-166 b",,,"TIC 26814955","Gaia DR2 2129025841368107136","Gaia DR3 2129025841368107136",0
"Kepler-166","Kepler-166 c",,,"TIC 26814955","Gaia DR2 2129025841368107136","Gaia DR3 2129025841368107136",0
"Kepler-166","Kepler-166 d",,,"TIC 26814955","Gaia DR2 2129025841368107136","Gaia DR3 2129025841368107136",0
"Kepler-1660 A","Kepler-1660 AB b",,,"TIC 122446960","Gaia DR2 2101127864119148160","Gaia DR3 2101127864119148160",1
"Kepler-1661","Kepler-1661 b",,,"TIC 164886585","Gaia DR2 2104078025612319360","Gaia DR3 2104078025612319360",1
"Kepler-1663","Kepler-1663 b",,,"TIC 407001589","Gaia DR2 2129578826996503040","Gaia DR3 2129578826996503040",0
"Kepler-1664","Kepler-1664 b",,,"TIC 399860388","Gaia DR2 2131313444027771520",,0
"Kepler-1665","Kepler-1665 b",,,"TIC 122442334","Gaia DR2 2101773689759891328","Gaia DR3 2101773689759891328",0
"Kepler-1666","Kepler-1666 b",,,"TIC 273685548","Gaia DR2 2079523903745213056","Gaia DR3 2079523903745213056",0
"Kepler-1666","Kepler-1666 c",,,"TIC 273685548","Gaia DR2 2079523903745213056","Gaia DR3 2079523903745213056",0
"Kepler-1667","Kepler-1667 b",,,"TIC 48353636","Gaia DR2 2131690988831633792","Gaia DR3 2131690988831633792",0
"Kepler-1668","Kepler-1668 b",,,"TIC 273132513","Gaia DR2 2080249100380387712","Gaia DR3 2080249100380387712",0
"Kepler-1669","Kepler-1669 b",,,"TIC 169457234","Gaia DR2 2073652546016392448","Gaia DR3 2073652546016392448",0
"Kepler-1669","Kepler-1669 c",,,"TIC 169457234","Gaia DR2 2073652546016392448","Gaia DR3 2073652546016392448",0
"Kepler-1669","Kepler-1669 d",,,"TIC 169457234","Gaia DR2 2073652546016392448","Gaia DR3 2073652546016392448",0
"Kepler-167","Kepler-167 b",,,"TIC 137686948","Gaia DR2 2051933102555095936","Gaia DR3 2051933102555095936",0
"Kepler-167","Kepler-167 c",,,"TIC 137686948","Gaia DR2 2051933102555095936","Gaia DR3 2051933102555095936",0
"Kepler-167","Kepler-167 d",,,"TIC 137686948","Gaia DR2 2051933102555095936","Gaia DR3 2051933102555095936",0
"Kepler-167","Kepler-167 e",,,"TIC 137686948","Gaia DR2 2051933102555095936","Gaia DR3 2051933102555095936",0
"Kepler-1670","Kepler-1670 b",,,"TIC 159375845","Gaia DR2 2102045097334800256","Gaia DR3 2102045097334800256",0
"Kepler-1671","Kepler-1671 b",,,"TIC 137337090","Gaia DR2 2052984785425250176","Gaia DR3 2052984785425250176",0
"Kepler-1672","Kepler-1672 b",,,"TIC 170236331","Gaia DR2 2073677040206349696","Gaia DR3 2073677040206349696",0
"Kepler-1673","Kepler-1673 b",,,"TIC 377782148","Gaia DR2 2131922985785232640","Gaia DR3 2131922985785232640",0
"Kepler-1674","Kepler-1674 b",,,"TIC 271256817","Gaia DR2 2079934640055270144","Gaia DR3 2079934640055270144",0
"Kepler-1675","Kepler-1675 b",,,"TIC 350987771","Gaia DR2 2103688489257523584","Gaia DR3 2103688489257523584",0
"Kepler-1676","Kepler-1676 b",,,"TIC 158422963",,,0
"Kepler-1677","Kepler-1677 b",,,"TIC 274198958","Gaia DR2 2085575272147044608","Gaia DR3 2085575272147044608",0
"Kepler-1678","Kepler-1678 b",,,"TIC 137687119","Gaia DR2 2051934236426454784","Gaia DR3 2051934236426454784",0
"Kepler-1679","Kepler-1679 b",,,"TIC 27006340","Gaia DR2 2135221108353855744","Gaia DR3 2135221108353855744",0
"Kepler-168","Kepler-168 b",,,"TIC 378087276","Gaia DR2 2076454926274192128","Gaia DR3 2076454926274192128",0
"Kepler-168","Kepler-168 c",,,"TIC 378087276","Gaia DR2 2076454926274192128","Gaia DR3 2076454926274192128",0
"Kepler-1680","Kepler-1680 b",,,"TIC 169079027","Gaia DR2 2073697419836171264","Gaia DR3 2073697419836171264",0
"Kepler-1681","Kepler-1681 b",,,"TIC 272602477","Gaia DR2 2080316995223800960","Gaia DR3 2080316995223800960",0
"Kepler-1682","Kepler-1682 b",,,"TIC 138477499","Gaia DR2 2052482617853346944","Gaia DR3 2052482617853346944",0
"Kepler-1683","Kepler-1683 b",,,"TIC 274126997","Gaia DR2 2079071626510258432","Gaia DR3 2079071626510258432",0
"Kepler-1684","Kepler-1684 b",,,"TIC 270789362","Gaia DR2 2128117541685424128","Gaia DR3 2128117541685424128",0
"Kepler-1685","Kepler-1685 b",,,"TIC 272270869","Gaia DR2 2079576783379820928","Gaia DR3 2079576783379820928",0
"Kepler-1686","Kepler-1686 b",,,"TIC 63005636","Gaia DR2 2101744552703459712","Gaia DR3 2101744552703459712",0
"Kepler-1687","Kepler-1687 b",,,"TIC 416281238","Gaia DR2 2133086887563878912","Gaia DR3 2133086887563878912",0
"Kepler-1688","Kepler-1688 b",,,"TIC 122068161","Gaia DR2 2101475241074002176","Gaia DR3 2101475241074002176",0
"Kepler-1689","Kepler-1689 b",,,"TIC 137218786","Gaia DR2 2052740449026979584","Gaia DR3 2052740449026979584",0
"Kepler-169","Kepler-169 b",,,"TIC 120689253","Gaia DR2 2103788854053938816","Gaia DR3 2103788854053938816",0
"Kepler-169","Kepler-169 c",,,"TIC 120689253","Gaia DR2 2103788854053938816","Gaia DR3 2103788854053938816",0
"Kepler-169","Kepler-169 d",,,"TIC 120689253","Gaia DR2 2103788854053938816","Gaia DR3 2103788854053938816",0
"Kepler-169","Kepler-169 e",,,"TIC 120689253","Gaia DR2 2103788854053938816","Gaia DR3 2103788854053938816",0
"Kepler-169","Kepler-169 f",,,"TIC 120689253","Gaia DR2 2103788854053938816","Gaia DR3 2103788854053938816",0
"Kepler-1690","Kepler-1690 b",,,"TIC 121462999","Gaia DR2 2102384846425680768","Gaia DR3 2102384846425680768",0
"Kepler-1691","Kepler-1691 b",,,"TIC 120819731","Gaia DR2 2100882501225436032","Gaia DR3 2100882501225436032",0
"Kepler-1692","Kepler-1692 b",,,"TIC 158324044","Gaia DR2 2130641436264397568","Gaia DR3 2130641436264397568",0
"Kepler-1693","Kepler-1693 b",,,"TIC 406948151","Gaia DR2 2129417198787412608","Gaia DR3 2129417198787412608",0
"Kepler-1693","Kepler-1693 c",,,"TIC 406948151","Gaia DR2 2129417198787412608","Gaia DR3 2129417198787412608",0
"Kepler-1694","Kepler-1694 b",,,"TIC 138425797","Gaia DR2 2053266741439477248","Gaia DR3 2053266741439477248",0
"Kepler-1695","Kepler-1695 b",,,"TIC 270618467","Gaia DR2 2128168256659148032","Gaia DR3 2128168256659148032",0
"Kepler-1696","Kepler-1696 b",,,"TIC 271755153","Gaia DR2 2077107211548933504","Gaia DR3 2077107211548933504",0
"Kepler-1697","Kepler-1697 b",,,"TIC 158551360","Gaia DR2 2102991776844251264","Gaia DR3 2102991776844251264",0
"Kepler-1698","Kepler-1698 b",,,"TIC 138105005","Gaia DR2 2052368955838887808","Gaia DR3 2052368955838887808",0
"Kepler-1699","Kepler-1699 b",,,"TIC 26584080","Gaia DR2 2129698261447024128","Gaia DR3 2129698261447024128",0
"Kepler-17","Kepler-17 b",,,"TIC 273874849","Gaia DR2 2086449761846310784","Gaia DR3 2086449761846310784",0
"Kepler-170","Kepler-170 b",,,"TIC 120253745","Gaia DR2 2104098950692667264","Gaia DR3 2104098950692667264",0
"Kepler-170","Kepler-170 c",,,"TIC 120253745","Gaia DR2 2104098950692667264","Gaia DR3 2104098950692667264",0
"Kepler-1700","Kepler-1700 b",,,"TIC 158325998","Gaia DR2 2106262274180389376","Gaia DR3 2106262274180389376",0
"Kepler-1701","Kepler-1701 b",,,"TIC 120899838","Gaia DR2 2103936497850300928","Gaia DR3 2103936497850300928",0
"Kepler-1702","Kepler-1702 b",,,"TIC 164830907","Gaia DR2 2105983066946463488","Gaia DR3 2105983066946463488",0
"Kepler-1704","Kepler-1704 b",,,"TIC 350738167","Gaia DR2 2136191736602006016","Gaia DR3 2136191736602006016",0
"Kepler-1705","Kepler-1705 b",,,"TIC 185335907","Gaia DR2 2081875484241210240","Gaia DR3 2081875484241210240",0
"Kepler-1705","Kepler-1705 c",,,"TIC 185335907","Gaia DR2 2081875484241210240","Gaia DR3 2081875484241210240",0
"Kepler-1708","Kepler-1708 b",,,"TIC 272716898","Gaia DR2 2078801971283008128","Gaia DR3 2078801971283008128",0
"Kepler-1709","Kepler-1709 b",,,"TIC 164464070","Gaia DR2 2105135854577044480","Gaia DR3 2105135854577044480",0
"Kepler-171","Kepler-171 b",,,"TIC 239229224","Gaia DR2 2076955822541823744","Gaia DR3 2076955822541823744",0
"Kepler-171","Kepler-171 c",,,"TIC 239229224","Gaia DR2 2076955822541823744","Gaia DR3 2076955822541823744",0
"Kepler-171","Kepler-171 d",,,"TIC 239229224","Gaia DR2 2076955822541823744","Gaia DR3 2076955822541823744",0
"Kepler-1710","Kepler-1710 b",,,"TIC 137316027","Gaia DR2 2051808789021826432","Gaia DR3 2051808789021826432",0
"Kepler-1711","Kepler-1711 b",,,"TIC 273778951","Gaia DR2 2078426655561355264",,0
"Kepler-1712","Kepler-1712 b",,,"TIC 48503881","Gaia DR2 2132326747070439296","Gaia DR3 2132326747070439296",0
"Kepler-1713","Kepler-1713 b",,,"TIC 158432813","Gaia DR2 2105620159389754624","Gaia DR3 2105620159389754624",0
"Kepler-1714","Kepler-1714 b",,,"TIC 270698316","Gaia DR2 2128069334973424000","Gaia DR3 2128069334973424000",0
"Kepler-1715","Kepler-1715 b",,,"TIC 138431008","Gaia DR2 2077420842932795776","Gaia DR3 2077420842932795776",0
"Kepler-1716","Kepler-1716 b",,,"TIC 273035189","Gaia DR2 2078735519547912832","Gaia DR3 2078735519547912832",0
"Kepler-1717","Kepler-1717 b",,,"TIC 27396246","Gaia DR2 2134842189160723072","Gaia DR3 2134842189160723072",0
"Kepler-1718","Kepler-1718 b",,,"TIC 63212231","Gaia DR2 2125814129244571264","Gaia DR3 2125814129244571264",0
"Kepler-1719","Kepler-1719 b",,,"TIC 120314731","Gaia DR2 2100196646487547776","Gaia DR3 2100196646487547776",0
"Kepler-172","Kepler-172 b",,,"TIC 237157751","Gaia DR2 2104506319750394624","Gaia DR3 2104506319750394624",0
"Kepler-172","Kepler-172 c",,,"TIC 237157751","Gaia DR2 2104506319750394624","Gaia DR3 2104506319750394624",0
"Kepler-172","Kepler-172 d",,,"TIC 237157751","Gaia DR2 2104506319750394624","Gaia DR3 2104506319750394624",0
"Kepler-172","Kepler-172 e",,,"TIC 237157751","Gaia DR2 2104506319750394624","Gaia DR3 2104506319750394624",0
"Kepler-1720","Kepler-1720 b",,,"TIC 272839596","Gaia DR2 2080378808394131200","Gaia DR3 2080378808394131200",0
"Kepler-1721","Kepler-1721 b",,,"TIC 164527535","Gaia DR2 2106989772919325440","Gaia DR3 2106989772919325440",0
"Kepler-1722","Kepler-1722 b",,,"TIC 360023124","Gaia DR2 2076834154709585664","Gaia DR3 2076834154709585664",0
"Kepler-1723","Kepler-1723 b",,,"TIC 271040560","Gaia DR2 2128157158464165504","Gaia DR3 2128157158464165504",0
"Kepler-1724","Kepler-1724 b",,,"TIC 27771842","Gaia DR2 2086649220125927040","Gaia DR3 2086649220125927040",0
"Kepler-1725","Kepler-1725 b",,,"TIC 377908774","Gaia DR2 2076524710904427520","Gaia DR3 2076524710904427520",0
"Kepler-1726","Kepler-1726 b",,,"TIC 164721250","Gaia DR2 2107201909944691968","Gaia DR3 2107201909944691968",0
"Kepler-1727","Kepler-1727 b",,,"TIC 122376998","Gaia DR2 2052880194379878272","Gaia DR3 2052880194379878272",0
"Kepler-1728","Kepler-1728 b",,,"TIC 121085785","Gaia DR2 2100378478222060032","Gaia DR3 2100378478222060032",0
"Kepler-1729","Kepler-1729 b",,,"TIC 272708868","Gaia DR2 2077201219791653248","Gaia DR3 2077201219791653248",0
"Kepler-173","Kepler-173 b",,,"TIC 378160351","Gaia DR2 2077485271747441280","Gaia DR3 2077485271747441280",0
"Kepler-173","Kepler-173 c",,,"TIC 378160351","Gaia DR2 2077485271747441280","Gaia DR3 2077485271747441280",0
"Kepler-1730","Kepler-1730 b",,,"TIC 351803524","Gaia DR2 2105275015817638272","Gaia DR3 2105275015817638272",0
"Kepler-1731","Kepler-1731 b",,,"TIC 137099260","Gaia DR2 2050239300586448000","Gaia DR3 2050239300586448000",0
"Kepler-1732","Kepler-1732 b",,,"TIC 137547023","Gaia DR2 2051836379889114240","Gaia DR3 2051836379889114240",0
"Kepler-1733","Kepler-1733 b",,,"TIC 122781795","Gaia DR2 2052549584977429504","Gaia DR3 2052549584977429504",0
"Kepler-1734","Kepler-1734 b",,,"TIC 138636741","Gaia DR2 2077403633010654976","Gaia DR3 2077403633010654976",0
"Kepler-1735","Kepler-1735 b",,,"TIC 123206821","Gaia DR2 2119222252094710912","Gaia DR3 2119222252094710912",0
"Kepler-1736","Kepler-1736 b",,,"TIC 394179552","Gaia DR2 2051368056655683328","Gaia DR3 2051368056655683328",0
"Kepler-1737","Kepler-1737 b",,,"TIC 272842268","Gaia DR2 2086388872088420352",,0
"Kepler-1738","Kepler-1738 b",,,"TIC 272080244","Gaia DR2 2080581565208813312","Gaia DR3 2080581565208813312",0
"Kepler-1739","Kepler-1739 b",,,"TIC 272279981","Gaia DR2 2080638877253151232","Gaia DR3 2080638877253151232",0
"Kepler-174","Kepler-174 b",,,"TIC 158434144","Gaia DR2 2106008493152187392","Gaia DR3 2106008493152187392",0
"Kepler-174","Kepler-174 c",,,"TIC 158434144","Gaia DR2 2106008493152187392","Gaia DR3 2106008493152187392",0
"Kepler-174","Kepler-174 d",,,"TIC 158434144","Gaia DR2 2106008493152187392","Gaia DR3 2106008493152187392",0
"Kepler-1740","Kepler-1740 b",,,"TIC 138479461","Gaia DR2 2052381737659167488","Gaia DR3 2052381737659167488",0
"Kepler-1741","Kepler-1741 b",,,"TIC 137689252","Gaia DR2 2053093637076689664","Gaia DR3 2053093637076689664",0
"Kepler-1742","Kepler-1742 b",,,"TIC 158326424","Gaia DR2 2106221351731318784","Gaia DR3 2106221351731318784",0
"Kepler-1743","Kepler-1743 b",,,"TIC 290035649","Gaia DR2 2129407784218783488","Gaia DR3 2129407784218783488",0
"Kepler-1744","Kepler-1744 b",,,"TIC 159575346","Gaia DR2 2101955968172274432","Gaia DR3 2101955968172274432",0
"Kepler-1745","Kepler-1745 b",,,"TIC 270525576","Gaia DR2 2077819763799736192","Gaia DR3 2077819763799736192",0
"Kepler-1746","Kepler-1746 b",,,"TIC 158722379","Gaia DR2 2102490189082470528","Gaia DR3 2102490189082470528",0
"Kepler-1747","Kepler-1747 b",,,"TIC 164670571","Gaia DR2 2106814984930919296","Gaia DR3 2106814984930919296",0
"Kepler-1748","Kepler-1748 b",,,"TIC 158112888","Gaia DR2 2106499562532338944","Gaia DR3 2106499562532338944",0
"Kepler-1749","Kepler-1749 b",,,"TIC 159389232","Gaia DR2 2127463224886292224","Gaia DR3 2127463224886292224",0
"Kepler-175","Kepler-175 b",,,"TIC 159099116","Gaia DR2 2102880210775046528","Gaia DR3 2102880210775046528",0
"Kepler-175","Kepler-175 c",,,"TIC 159099116","Gaia DR2 2102880210775046528","Gaia DR3 2102880210775046528",0
"Kepler-1750","Kepler-1750 b",,,"TIC 424864368","Gaia DR2 2129654040463673600","Gaia DR3 2129654040463673600",0
"Kepler-1751","Kepler-1751 b",,,"TIC 48451491","Gaia DR2 2132220334960823552","Gaia DR3 2132220334960823552",0
"Kepler-1752","Kepler-1752 b",,,"TIC 417655835","Gaia DR2 2136207095405014912","Gaia DR3 2136207095405014912",0
"Kepler-1753","Kepler-1753 b",,,"TIC 158664331","Gaia DR2 2130405075624683136","Gaia DR3 2130405075624683136",0
"Kepler-1754","Kepler-1754 b",,,"TIC 27532561","Gaia DR2 2134972275129562752","Gaia DR3 2134972275129562752",0
"Kepler-1755","Kepler-1755 b",,,"TIC 239225129","Gaia DR2 2073715630497465856","Gaia DR3 2073715630497465856",0
"Kepler-1756","Kepler-1756 b",,,"TIC 377910183","Gaia DR2 2076572092984362880","Gaia DR3 2076572092984362880",0
"Kepler-1757","Kepler-1757 b",,,"TIC 273378480","Gaia DR2 2086312941367921408","Gaia DR3 2086312941367921408",0
"Kepler-1758","Kepler-1758 b",,,"TIC 169932440","Gaia DR2 2073662166743600896","Gaia DR3 2073662166743600896",0
"Kepler-1759","Kepler-1759 b",,,"TIC 267989857","Gaia DR2 2086879189856001024","Gaia DR3 2086879189856001024",0
"Kepler-176","Kepler-176 b",,,"TIC 271159950","Gaia DR2 2078286197246582016","Gaia DR3 2078286197246582016",0
"Kepler-176","Kepler-176 c",,,"TIC 271159950","Gaia DR2 2078286197246582016","Gaia DR3 2078286197246582016",0
"Kepler-176","Kepler-176 d",,,"TIC 271159950","Gaia DR2 2078286197246582016","Gaia DR3 2078286197246582016",0
"Kepler-176","Kepler-176 e",,,"TIC 271159950","Gaia DR2 2078286197246582016","Gaia DR3 2078286197246582016",0
"Kepler-1760","Kepler-1760 b",,,"TIC 48421060","Gaia DR2 2131804925724122240","Gaia DR3 2131804925724122240",0
"Kepler-1761","Kepler-1761 b",,,"TIC 48421337","Gaia DR2 2131817707546856320","Gaia DR3 2131817707546856320",0
"Kepler-1762","Kepler-1762 b",,,"TIC 122447896","Gaia DR2 2101083368257255040","Gaia DR3 2101083368257255040",0
"Kepler-1763","Kepler-1763 b",,,"TIC 138575125","Gaia DR2 2076537252208879104","Gaia DR3 2076537252208879104",0
"Kepler-1764","Kepler-1764 b",,,"TIC 138431522","Gaia DR2 2077411363951616512","Gaia DR3 2077411363951616512",0
"Kepler-1765","Kepler-1765 b",,,"TIC 273773509","Gaia DR2 2078527986732237824","Gaia DR3 2078527986732237824",0
"Kepler-1766","Kepler-1766 b",,,"TIC 270958237","Gaia DR2 2128151660905893504","Gaia DR3 2128151660905893504",0
"Kepler-1767","Kepler-1767 b",,,"TIC 270619473","Gaia DR2 2128221376815734528","Gaia DR3 2128221376815734528",0
"Kepler-1768","Kepler-1768 b",,,"TIC 239236731","Gaia DR2 2076155515517119744","Gaia DR3 2076155515517119744",0
"Kepler-1769","Kepler-1769 b",,,"TIC 271261159","Gaia DR2 2078083436127470080","Gaia DR3 2078083436127470080",0
"Kepler-177","Kepler-177 b",,,"TIC 158172348","Gaia DR2 2106339927188171776","Gaia DR3 2106339927188171776",0
"Kepler-177","Kepler-177 c",,,"TIC 158172348","Gaia DR2 2106339927188171776","Gaia DR3 2106339927188171776",0
"Kepler-1770","Kepler-1770 b",,,"TIC 268603980","Gaia DR2 2075969526254302848","Gaia DR3 2075969526254302848",0
"Kepler-1771","Kepler-1771 b",,,"TIC 26583944","Gaia DR2 2129746468160336768","Gaia DR3 2129746468160336768",0
"Kepler-1772","Kepler-1772 b",,,"TIC 122062591","Gaia DR2 2101002725951186560","Gaia DR3 2101002725951186560",0
"Kepler-1773","Kepler-1773 b",,,"TIC 120763491","Gaia DR2 2099957605786905344","Gaia DR3 2099957605786905344",0
"Kepler-1774","Kepler-1774 b",,,"TIC 121660779","Gaia DR2 2102110724433416960","Gaia DR3 2102110724433416960",0
"Kepler-1775","Kepler-1775 b",,,"TIC 120892579","Gaia DR2 2100001036496903040","Gaia DR3 2100001036496903040",0
"Kepler-1776","Kepler-1776 b",,,"TIC 159728250","Gaia DR2 2129103700534539136","Gaia DR3 2129103700534539136",0
"Kepler-1777","Kepler-1777 b",,,"TIC 122374509","Gaia DR2 2051104586182508928","Gaia DR3 2051104586182508928",0
"Kepler-1778","Kepler-1778 b",,,"TIC 158433884","Gaia DR2 2106006156689931648","Gaia DR3 2106006156689931648",0
"Kepler-1779","Kepler-1779 b",,,"TIC 239309962","Gaia DR2 2082208254002842240","Gaia DR3 2082208254002842240",0
"Kepler-178","Kepler-178 b",,,"TIC 158394235","Gaia DR2 2130634667395736704","Gaia DR3 2130634667395736704",0
"Kepler-178","Kepler-178 c",,,"TIC 158394235","Gaia DR2 2130634667395736704","Gaia DR3 2130634667395736704",0
"Kepler-178","Kepler-178 d",,,"TIC 158394235","Gaia DR2 2130634667395736704","Gaia DR3 2130634667395736704",0
"Kepler-1780","Kepler-1780 b",,,"TIC 270862497","Gaia DR2 2078135461074212736","Gaia DR3 2078135461074212736",0
"Kepler-1781","Kepler-1781 b",,,"TIC 63005080","Gaia DR2 2101755788338161920","Gaia DR3 2101755788338161920",0
"Kepler-1782","Kepler-1782 b",,,"TIC 123202646","Gaia DR2 2117335077826003840","Gaia DR3 2117335077826003840",0
"Kepler-1783","Kepler-1783 b",,,"TIC 168811794","Gaia DR2 2076839480469187712","Gaia DR3 2076839480469187712",0
"Kepler-1784","Kepler-1784 b",,,"TIC 273690421","Gaia DR2 2079270981709055232","Gaia DR3 2079270981709055232",0
"Kepler-1785","Kepler-1785 b",,,"TIC 271877992","Gaia DR2 2080645611761634432","Gaia DR3 2080645611761634432",0
"Kepler-1786","Kepler-1786 b",,,"TIC 137687477","Gaia DR2 2051947739803854336","Gaia DR3 2051947739803854336",0
"Kepler-1787","Kepler-1787 b",,,"TIC 158983401","Gaia DR2 2127803321876716928","Gaia DR3 2127803321876716928",0
"Kepler-1788","Kepler-1788 b",,,"TIC 159646433","Gaia DR2 2127435363438637952","Gaia DR3 2127435363438637952",0
"Kepler-1789","Kepler-1789 b",,,"TIC 377730967","Gaia DR2 2104539202019666432","Gaia DR3 2104539202019666432",0
"Kepler-179","Kepler-179 b",,,"TIC 268057162","Gaia DR2 2086468453545432960","Gaia DR3 2086468453545432960",0
"Kepler-179","Kepler-179 c",,,"TIC 268057162","Gaia DR2 2086468453545432960","Gaia DR3 2086468453545432960",0
"Kepler-1790","Kepler-1790 b",,,"TIC 271164778","Gaia DR2 2080062664440262784","Gaia DR3 2080062664440262784",0
"Kepler-1791","Kepler-1791 b",,,"TIC 164728985","Gaia DR2 2104257967562692096","Gaia DR3 2104257967562692096",0
"Kepler-1792","Kepler-1792 b",,,"TIC 138805992","Gaia DR2 2052211416440880384","Gaia DR3 2052211416440880384",0
"Kepler-1793","Kepler-1793 b",,,"TIC 351070059","Gaia DR2 2053593189011583360","Gaia DR3 2053593189011583360",0
"Kepler-1794","Kepler-1794 b",,,"TIC 240219049","Gaia DR2 2082304396854334720","Gaia DR3 2082304396854334720",0
"Kepler-1795","Kepler-1795 b",,,"TIC 120893436","Gaia DR2 2100442009378111744","Gaia DR3 2100442009379544320",0
"Kepler-1796","Kepler-1796 b",,,"TIC 185336831","Gaia DR2 2081915204099064960","Gaia DR3 2081915204099064960",0
"Kepler-1797","Kepler-1797 b",,,"TIC 63288848","Gaia DR2 2126749165104841088","Gaia DR3 2126749165104841088",0
"Kepler-1798","Kepler-1798 b",,,"TIC 137315414","Gaia DR2 2051797274209237376","Gaia DR3 2051797274209237376",0
"Kepler-1799","Kepler-1799 b",,,"TIC 298961646","Gaia DR2 2133366369675069568","Gaia DR3 2133366369675069568",0
"Kepler-18","Kepler-18 b",,,"TIC 273690178","Gaia DR2 2079295583282164992","Gaia DR3 2079295583282164992",0
"Kepler-18","Kepler-18 c",,,"TIC 273690178","Gaia DR2 2079295583282164992","Gaia DR3 2079295583282164992",0
"Kepler-18","Kepler-18 d",,,"TIC 273690178","Gaia DR2 2079295583282164992","Gaia DR3 2079295583282164992",0
"Kepler-180","Kepler-180 b",,,"TIC 27532033","Gaia DR2 2134933208106983168","Gaia DR3 2134933208106983168",0
"Kepler-180","Kepler-180 c",,,"TIC 27532033","Gaia DR2 2134933208106983168","Gaia DR3 2134933208106983168",0
"Kepler-1800","Kepler-1800 b",,,"TIC 169814632","Gaia DR2 2073686523494136192","Gaia DR3 2073686523494136192",0
"Kepler-1801","Kepler-1801 b",,,"TIC 139034625","Gaia DR2 2076185408488670208","Gaia DR3 2076185408488670208",0
"Kepler-1801","Kepler-1801 c",,,"TIC 139034625","Gaia DR2 2076185408488670208","Gaia DR3 2076185408488670208",0
"Kepler-1802","Kepler-1802 b",,,"TIC 239291510","Gaia DR2 2076053604520641024","Gaia DR3 2076053604520641024",0
"Kepler-1802","Kepler-1802 c",,,"TIC 239291510","Gaia DR2 2076053604520641024","Gaia DR3 2076053604520641024",0
"Kepler-1804","Kepler-1804 b",,,"TIC 185185751","Gaia DR2 2081919842663938688","Gaia DR3 2081919842663938688",0
"Kepler-1805","Kepler-1805 b",,,"TIC 120422519","Gaia DR2 2103822075621468672","Gaia DR3 2103822075621468672",0
"Kepler-1806","Kepler-1806 b",,,"TIC 399954605","Gaia DR2 2132842177507335424","Gaia DR3 2132842177507335424",0
"Kepler-1807","Kepler-1807 b",,,"TIC 159763602","Gaia DR2 2126190991155243264","Gaia DR3 2126190991155243264",0
"Kepler-1808","Kepler-1808 b",,,"TIC 121215333","Gaia DR2 2100414933904708608","Gaia DR3 2100414933904708608",0
"Kepler-1809","Kepler-1809 b",,,"TIC 122300177","Gaia DR2 2101194109695286272","Gaia DR3 2101194109695286272",0
"Kepler-181","Kepler-181 b",,,"TIC 27767452","Gaia DR2 2135292507890372224","Gaia DR3 2135292507890372224",0
"Kepler-181","Kepler-181 c",,,"TIC 27767452","Gaia DR2 2135292507890372224","Gaia DR3 2135292507890372224",0
"Kepler-1810","Kepler-1810 b",,,"TIC 351057636","Gaia DR2 2052658367909936768","Gaia DR3 2052658367909936768",0
"Kepler-1811","Kepler-1811 b",,,"TIC 122294261","Gaia DR2 2101148411242230272","Gaia DR3 2101148411242230272",0
"Kepler-1812","Kepler-1812 b",,,"TIC 170346516","Gaia DR2 2073767994738269952","Gaia DR3 2073767994738269952",0
"Kepler-1813","Kepler-1813 b",,,"TIC 424864367","Gaia DR2 2129660087777589248",,0
"Kepler-1814","Kepler-1814 b",,,"TIC 399821831","Gaia DR2 2103845032226500352","Gaia DR3 2103845032226500352",0
"Kepler-1814","Kepler-1814 c",,,"TIC 399821831","Gaia DR2 2103845032226500352","Gaia DR3 2103845032226500352",0
"Kepler-1815","Kepler-1815 b",,,"TIC 239273090","Gaia DR2 2076050683953049728","Gaia DR3 2076050683953049728",0
"Kepler-1816","Kepler-1816 b",,,"TIC 27911400","Gaia DR2 2135427576021495168","Gaia DR3 2135427576021495168",0
"Kepler-1817","Kepler-1817 b",,,"TIC 351804260","Gaia DR2 2105396099534835456","Gaia DR3 2105396099534835456",0
"Kepler-1818","Kepler-1818 b",,,"TIC 120251654","Gaia DR2 2103614444020842752","Gaia DR3 2103614444020842752",0
"Kepler-1819","Kepler-1819 b",,,"TIC 272596372","Gaia DR2 2080344139417876992","Gaia DR3 2080344139417876992",0
"Kepler-182","Kepler-182 b",,,"TIC 267672183","Gaia DR2 2133080462292772096","Gaia DR3 2133080462292772096",0
"Kepler-182","Kepler-182 c",,,"TIC 267672183","Gaia DR2 2133080462292772096","Gaia DR3 2133080462292772096",0
"Kepler-1820","Kepler-1820 b",,,"TIC 351189211","Gaia DR2 2086634445439637376","Gaia DR3 2086634445439637376",0
"Kepler-1821","Kepler-1821 b",,,"TIC 27187386","Gaia DR2 2135051371246744960","Gaia DR3 2135051371246744960",0
"Kepler-1822","Kepler-1822 b",,,"TIC 169177842","Gaia DR2 2076881364987303296","Gaia DR3 2076881364987303296",0
"Kepler-1823","Kepler-1823 b",,,"TIC 164559875","Gaia DR2 2106827216998206336","Gaia DR3 2106827216998206336",0
"Kepler-1824","Kepler-1824 b",,,"TIC 360023295","Gaia DR2 2076833055197955584","Gaia DR3 2076833055197955584",0
"Kepler-1825","Kepler-1825 b",,,"TIC 63282889","Gaia DR2 2125760772871583744","Gaia DR3 2125760772871583744",0
"Kepler-1826","Kepler-1826 b",,,"TIC 26749051","Gaia DR2 2129686991453013248","Gaia DR3 2129686991453013248",0
"Kepler-1827","Kepler-1827 b",,,"TIC 137555923","Gaia DR2 2053573711340731392","Gaia DR3 2053573711340731392",0
"Kepler-1828","Kepler-1828 b",,,"TIC 137638020","Gaia DR2 2051816485600508544","Gaia DR3 2051816485600508544",0
"Kepler-1829","Kepler-1829 b",,,"TIC 299028577","Gaia DR2 2133457388621345024","Gaia DR3 2133457388621345024",0
"Kepler-183","Kepler-183 b",,,"TIC 138214374","Gaia DR2 2052452140764708480","Gaia DR3 2052452140764708480",0
"Kepler-183","Kepler-183 c",,,"TIC 138214374","Gaia DR2 2052452140764708480","Gaia DR3 2052452140764708480",0
"Kepler-1830","Kepler-1830 b",,,"TIC 138968107","Gaia DR2 2076662871411824128","Gaia DR3 2076662871411824128",0
"Kepler-1831","Kepler-1831 b",,,"TIC 27456723","Gaia DR2 2134935544568504832","Gaia DR3 2134935544568504832",0
"Kepler-1832","Kepler-1832 b",,,"TIC 269263219","Gaia DR2 2075993990389052160","Gaia DR3 2075993990389052160",0
"Kepler-1833","Kepler-1833 b",,,"TIC 159520040","Gaia DR2 2127402790405934464","Gaia DR3 2127402790405934464",0
"Kepler-1834","Kepler-1834 b",,,"TIC 378087161","Gaia DR2 2076454445237794432","Gaia DR3 2076454445237794432",0
"Kepler-1834","Kepler-1834 c",,,"TIC 378087161","Gaia DR2 2076454445237794432","Gaia DR3 2076454445237794432",0
"Kepler-1835","Kepler-1835 b",,,"TIC 351799800","Gaia DR2 2116970280483501952","Gaia DR3 2116970280483501952",0
"Kepler-1836","Kepler-1836 b",,,"TIC 137556026","Gaia DR2 2053579930453436800","Gaia DR3 2053579930453436800",0
"Kepler-1837","Kepler-1837 b",,,"TIC 158665571","Gaia DR2 2130247467504662016","Gaia DR3 2130247467504662016",0
"Kepler-1838","Kepler-1838 b",,,"TIC 171585303","Gaia DR2 2073539536845074176","Gaia DR3 2073539536845074176",0
"Kepler-1839","Kepler-1839 b",,,"TIC 27082730","Gaia DR2 2135105625273603456","Gaia DR3 2135105625273603456",0
"Kepler-184","Kepler-184 b",,,"TIC 63119782","Gaia DR2 2125831210335846016","Gaia DR3 2125831210335846016",0
"Kepler-184","Kepler-184 c",,,"TIC 63119782","Gaia DR2 2125831210335846016","Gaia DR3 2125831210335846016",0
"Kepler-184","Kepler-184 d",,,"TIC 63119782","Gaia DR2 2125831210335846016","Gaia DR3 2125831210335846016",0
"Kepler-1840","Kepler-1840 b",,,"TIC 171090560","Gaia DR2 2075338028623847168","Gaia DR3 2075338028623847168",0
"Kepler-1841","Kepler-1841 b",,,"TIC 121329580","Gaia DR2 2100629063795587840","Gaia DR3 2100629063795587840",0
"Kepler-1842","Kepler-1842 b",,,"TIC 158216580","Gaia DR2 2105506497375025024","Gaia DR3 2105506497375025024",0
"Kepler-1843","Kepler-1843 b",,,"TIC 137900524","Gaia DR2 2053569485093626752","Gaia DR3 2053569485093626752",0
"Kepler-1844","Kepler-1844 b",,,"TIC 137817056","Gaia DR2 2051868300086828544","Gaia DR3 2051868300086828544",0
"Kepler-1845","Kepler-1845 b",,,"TIC 137892408","Gaia DR2 2052257355406092160","Gaia DR3 2052257355406092160",0
"Kepler-1846","Kepler-1846 b",,,"TIC 271044777","Gaia DR2 2079893820684922112","Gaia DR3 2079893820684922112",0
"Kepler-1847","Kepler-1847 b",,,"TIC 272490211","Gaia DR2 2079680137473255808","Gaia DR3 2079680137473255808",0
"Kepler-1848","Kepler-1848 b",,,"TIC 268712158","Gaia DR2 2085242360641759616","Gaia DR3 2085242360641759616",0
"Kepler-1849","Kepler-1849 b",,,"TIC 399821807","Gaia DR2 2103867224319533824","Gaia DR3 2103867224319533824",0
"Kepler-185","Kepler-185 b",,,"TIC 123490444","Gaia DR2 2105316247502568576","Gaia DR3 2105316247502568576",0
"Kepler-185","Kepler-185 c",,,"TIC 123490444","Gaia DR2 2105316247502568576","Gaia DR3 2105316247502568576",0
"Kepler-1850","Kepler-1850 b",,,"TIC 158389981","Gaia DR2 2106001651264391040","Gaia DR3 2106001651264391040",0
"Kepler-1851","Kepler-1851 b",,,"TIC 352013607","Gaia DR2 2106494580370491392","Gaia DR3 2106494580370491392",0
"Kepler-1852","Kepler-1852 b",,,"TIC 121465404","Gaia DR2 2100570824038577792","Gaia DR3 2100570824038577792",0
"Kepler-1853","Kepler-1853 b",,,"TIC 164784178","Gaia DR2 2107294505140214784","Gaia DR3 2107294505140214784",0
"Kepler-1854","Kepler-1854 b",,,"TIC 120825566","Gaia DR2 2099068444479581184","Gaia DR3 2099068444479581184",0
"Kepler-1855","Kepler-1855 b",,,"TIC 237189544","Gaia DR2 2104475013729123072","Gaia DR3 2104475013729123072",0
"Kepler-1856","Kepler-1856 b",,,"TIC 27687265","Gaia DR2 2135692661402242176","Gaia DR3 2135692661402242176",0
"Kepler-1857","Kepler-1857 b",,,"TIC 184556217","Gaia DR2 2073303313639459840","Gaia DR3 2073303313639459840",0
"Kepler-1858","Kepler-1858 b",,,"TIC 63205796","Gaia DR2 2128318305636573824","Gaia DR3 2128318305636573824",0
"Kepler-1859","Kepler-1859 b",,,"TIC 270790094","Gaia DR2 2128198974266072192","Gaia DR3 2128198974266072192",0
"Kepler-1859","Kepler-1859 c",,,"TIC 270790094","Gaia DR2 2128198974266072192","Gaia DR3 2128198974266072192",0
"Kepler-186","Kepler-186 b",,,"TIC 268159861","Gaia DR2 2079000330051813504","Gaia DR3 2079000330051813504",0
"Kepler-186","Kepler-186 c",,,"TIC 268159861","Gaia DR2 2079000330051813504","Gaia DR3 2079000330051813504",0
"Kepler-186","Kepler-186 d",,,"TIC 268159861","Gaia DR2 2079000330051813504","Gaia DR3 2079000330051813504",0
"Kepler-186","Kepler-186 e",,,"TIC 268159861","Gaia DR2 2079000330051813504","Gaia DR3 2079000330051813504",0
"Kepler-186","Kepler-186 f",,,"TIC 268159861","Gaia DR2 2079000330051813504","Gaia DR3 2079000330051813504",0
"Kepler-1860","Kepler-1860 b",,,"TIC 27082724","Gaia DR2 2135104903719129984","Gaia DR3 2135104903719129984",0
"Kepler-1861","Kepler-1861 b",,,"TIC 27649489","Gaia DR2 2134956572729225728","Gaia DR3 2134956572729225728",0
"Kepler-1862","Kepler-1862 b",,,"TIC 27913951","Gaia DR2 2086847785054193792","Gaia DR3 2086847785054193792",0
"Kepler-1863","Kepler-1863 b",,,"TIC 123416041","Gaia DR2 2105230794833800704","Gaia DR3 2105230794833800704",0
"Kepler-1864","Kepler-1864 b",,,"TIC 394172692","Gaia DR2 2101485548995660416","Gaia DR3 2101485548995660416",0
"Kepler-1865","Kepler-1865 b",,,"TIC 138431036","Gaia DR2 2077420641081096576","Gaia DR3 2077420641081096576",0
"Kepler-1866","Kepler-1866 b",,,"TIC 158213683","Gaia DR2 2106290208647252608","Gaia DR3 2106290208647252608",0
"Kepler-1867","Kepler-1867 b",,,"TIC 271348323","Gaia DR2 2078080176257415168","Gaia DR3 2078080176257415168",0
"Kepler-1868","Kepler-1868 b",,,"TIC 275571117","Gaia DR2 2078226308223597696","Gaia DR3 2078226308223597696",0
"Kepler-1869","Kepler-1869 b",,,"TIC 63368895","Gaia DR2 2125751461382627840","Gaia DR3 2125751461382627840",0
"Kepler-1869","Kepler-1869 c",,,"TIC 63368895","Gaia DR2 2125751461382627840","Gaia DR3 2125751461382627840",0
"Kepler-187","Kepler-187 b",,,"TIC 269264648","Gaia DR2 2076107343163028992","Gaia DR3 2076107343163028992",0
"Kepler-187","Kepler-187 c",,,"TIC 269264648","Gaia DR2 2076107343163028992","Gaia DR3 2076107343163028992",0
"Kepler-1870","Kepler-1870 b",,,"TIC 138433618","Gaia DR2 2077299694799977856","Gaia DR3 2077299694799977856",0
"Kepler-1871","Kepler-1871 b",,,"TIC 137634508","Gaia DR2 2051948633156991232","Gaia DR3 2051948633156991232",0
"Kepler-1872","Kepler-1872 b",,,"TIC 123230993","Gaia DR2 2116889775616597120","Gaia DR3 2116889775616597120",0
"Kepler-1873","Kepler-1873 b",,,"TIC 271164726","Gaia DR2 2080062389562356864","Gaia DR3 2080062389562356864",0
"Kepler-1874","Kepler-1874 b",,,"TIC 158219569","Gaia DR2 2105697533221828224","Gaia DR3 2105697533221828224",0
"Kepler-1875","Kepler-1875 b",,,"TIC 27912377","Gaia DR2 2135305805109041152","Gaia DR3 2135305805109041152",0
"Kepler-1876","Kepler-1876 b",,,"TIC 171883078","Gaia DR2 2075132209486310912","Gaia DR3 2075132209486310912",0
"Kepler-1877","Kepler-1877 b",,,"TIC 271355270","Gaia DR2 2128517003703948032","Gaia DR3 2128517003703948032",0
"Kepler-1878","Kepler-1878 b",,,"TIC 184998205","Gaia DR2 2076067073548982784","Gaia DR3 2076067073548982784",0
"Kepler-1879","Kepler-1879 b",,,"TIC 121944984","Gaia DR2 2102232083029221504","Gaia DR3 2102232083029221504",0
"Kepler-188","Kepler-188 b",,,"TIC 123235018","Gaia DR2 2117317829237452160","Gaia DR3 2117317829237452160",0
"Kepler-188","Kepler-188 c",,,"TIC 123235018","Gaia DR2 2117317829237452160","Gaia DR3 2117317829237452160",0
"Kepler-1880","Kepler-1880 b",,,"TIC 121333305","Gaia DR2 2100625696541277312","Gaia DR3 2100625696541277312",0
"Kepler-1881","Kepler-1881 b",,,"TIC 270615772","Gaia DR2 2126446661968043136","Gaia DR3 2126446661968043136",0
"Kepler-1882","Kepler-1882 b",,,"TIC 159449495","Gaia DR2 2126078080761742336","Gaia DR3 2126078080761742336",0
"Kepler-1883","Kepler-1883 b",,,"TIC 63121790","Gaia DR2 2101700297360624128","Gaia DR3 2101700297360624128",0
"Kepler-1884","Kepler-1884 b",,,"TIC 272707494","Gaia DR2 2078716484251777152","Gaia DR3 2078716484251777152",0
"Kepler-1885","Kepler-1885 b",,,"TIC 158839043","Gaia DR2 2130910988412248192","Gaia DR3 2130910988412248192",0
"Kepler-1886","Kepler-1886 b",,,"TIC 184417747","Gaia DR2 2073294414466892288","Gaia DR3 2073294414466892288",0
"Kepler-1887","Kepler-1887 b",,,"TIC 158844032","Gaia DR2 2127133753654360192","Gaia DR3 2127133753654360192",0
"Kepler-1888","Kepler-1888 b",,,"TIC 122066892","Gaia DR2 2102245375949400960","Gaia DR3 2102245375949400960",0
"Kepler-1889","Kepler-1889 b",,,"TIC 169178161","Gaia DR2 2076787116226614272","Gaia DR3 2076787116226614272",0
"Kepler-189","Kepler-189 b",,,"TIC 158494327","Gaia DR2 2106137960646125312","Gaia DR3 2106137960646125312",0
"Kepler-189","Kepler-189 c",,,"TIC 158494327","Gaia DR2 2106137960646125312","Gaia DR3 2106137960646125312",0
"Kepler-1890","Kepler-1890 b",,,"TIC 137754713","Gaia DR2 2053515849540816768","Gaia DR3 2053515849540816768",0
"Kepler-1891","Kepler-1891 b",,,"TIC 159221689","Gaia DR2 2126892067256468736","Gaia DR3 2126892067256468736",0
"Kepler-1892","Kepler-1892 b",,,"TIC 268492383","Gaia DR2 2075381734212529792","Gaia DR3 2075381734212529792",0
"Kepler-1893","Kepler-1893 b",,,"TIC 274022334","Gaia DR2 2079299809530106496","Gaia DR3 2079299809530106496",0
"Kepler-1894","Kepler-1894 b",,,"TIC 27531854","Gaia DR2 2134931077802625792","Gaia DR3 2134931077802625792",0
"Kepler-1894","Kepler-1894 c",,,"TIC 27531854","Gaia DR2 2134931077802625792","Gaia DR3 2134931077802625792",0
"Kepler-1895","Kepler-1895 b",,,"TIC 26493559","Gaia DR2 2129716192930293888","Gaia DR3 2129716192930293888",0
"Kepler-1896","Kepler-1896 b",,,"TIC 394175334","Gaia DR2 2101351511654637696","Gaia DR3 2101351511654637696",0
"Kepler-1897","Kepler-1897 b",,,"TIC 138645719","Gaia DR2 2052410599840071040","Gaia DR3 2052410599840071040",0
"Kepler-1898","Kepler-1898 b",,,"TIC 121124617","Gaia DR2 2099597408349457024","Gaia DR3 2099597408349457024",0
"Kepler-1899","Kepler-1899 b",,,"TIC 137348756","Gaia DR2 2051903999855859712","Gaia DR3 2051903999855859712",0
"Kepler-19","Kepler-19 b",,,"TIC 122375047","Gaia DR2 2051106987063242880","Gaia DR3 2051106987063242880",0
"Kepler-19","Kepler-19 c",,,"TIC 122375047","Gaia DR2 2051106987063242880","Gaia DR3 2051106987063242880",0
"Kepler-19","Kepler-19 d",,,"TIC 122375047","Gaia DR2 2051106987063242880","Gaia DR3 2051106987063242880",0
"Kepler-190","Kepler-190 b",,,"TIC 158789380","Gaia DR2 2127179245948119424","Gaia DR3 2127179245948119424",0
"Kepler-190","Kepler-190 c",,,"TIC 158789380","Gaia DR2 2127179245948119424","Gaia DR3 2127179245948119424",0
"Kepler-1900","Kepler-1900 b",,,"TIC 63010445","Gaia DR2 2126561732730882432","Gaia DR3 2126561732730882432",0
"Kepler-1901","Kepler-1901 b",,,"TIC 159647219","Gaia DR2 2126648422351703168","Gaia DR3 2126648422351703168",0
"Kepler-1902","Kepler-1902 b",,,"TIC 63370825","Gaia DR2 2077668752749671424","Gaia DR3 2077668752749671424",0
"Kepler-1903","Kepler-1903 b",,,"TIC 417655814","Gaia DR2 2136206476929730688","Gaia DR3 2136206476929730688",0
"Kepler-1904","Kepler-1904 b",,,"TIC 299089587","Gaia DR2 2133344104564365184","Gaia DR3 2133344104564365184",0
"Kepler-1905","Kepler-1905 b",,,"TIC 63362238","Gaia DR2 2128263776731304960","Gaia DR3 2128263776731304960",0
"Kepler-1906","Kepler-1906 b",,,"TIC 138366224","Gaia DR2 2052379641715057408","Gaia DR3 2052379641715057408",0
"Kepler-1907","Kepler-1907 b",,,"TIC 123130285","Gaia DR2 2119409512668086656","Gaia DR3 2119409512668086656",0
"Kepler-1907","Kepler-1907 c",,,"TIC 123130285","Gaia DR2 2119409512668086656","Gaia DR3 2119409512668086656",0
"Kepler-1909","Kepler-1909 b",,,"TIC 159573063","Gaia DR2 2101944835616987136","Gaia DR3 2101944835616987136",0
"Kepler-191","Kepler-191 b",,,"TIC 159647213","Gaia DR2 2126648731589350272","Gaia DR3 2126648731589350272",0
"Kepler-191","Kepler-191 c",,,"TIC 159647213","Gaia DR2 2126648731589350272","Gaia DR3 2126648731589350272",0
"Kepler-191","Kepler-191 d",,,"TIC 159647213","Gaia DR2 2126648731589350272","Gaia DR3 2126648731589350272",0
"Kepler-1910","Kepler-1910 b",,,"TIC 360023069","Gaia DR2 2076834463947219584","Gaia DR3 2076834463947219584",0
"Kepler-1911","Kepler-1911 b",,,"TIC 171971636","Gaia DR2 2075162102458709632","Gaia DR3 2075162102458709632",0
"Kepler-1912","Kepler-1912 b",,,"TIC 123444694","Gaia DR2 2119099931425654912","Gaia DR3 2119099931425654912",0
"Kepler-1913","Kepler-1913 b",,,"TIC 159304134","Gaia DR2 2126997654731597440","Gaia DR3 2126997654731597440",0
"Kepler-1914","Kepler-1914 b",,,"TIC 137151294","Gaia DR2 2052735368085096576","Gaia DR3 2052735368085096576",0
"Kepler-1915","Kepler-1915 b",,,"TIC 185184560","Gaia DR2 2081880913079644288","Gaia DR3 2081880913079644288",0
"Kepler-1916","Kepler-1916 b",,,"TIC 26751240","Gaia DR2 2128907162832189056","Gaia DR3 2128907162832189056",0
"Kepler-1917","Kepler-1917 b",,,"TIC 270857590","Gaia DR2 2079911859548385536","Gaia DR3 2079911859548385536",0
"Kepler-1918","Kepler-1918 b",,,"TIC 63214893","Gaia DR2 2125711432287012992","Gaia DR3 2125711432287012992",0
"Kepler-1919","Kepler-1919 b",,,"TIC 164459883","Gaia DR2 2105329819599365248","Gaia DR3 2105329819599365248",0
"Kepler-192","Kepler-192 b",,,"TIC 158626833","Gaia DR2 2130243550494676480","Gaia DR3 2130243550494676480",0
"Kepler-192","Kepler-192 c",,,"TIC 158626833","Gaia DR2 2130243550494676480","Gaia DR3 2130243550494676480",0
"Kepler-192","Kepler-192 d",,,"TIC 158626833","Gaia DR2 2130243550494676480","Gaia DR3 2130243550494676480",0
"Kepler-1920","Kepler-1920 b",,,"TIC 122716838","Gaia DR2 2052942900903300352","Gaia DR3 2052942900903300352",0
"Kepler-1921","Kepler-1921 b",,,"TIC 239287963","Gaia DR2 2085204015173031552","Gaia DR3 2085204015173031552",0
"Kepler-1921","Kepler-1921 c",,,"TIC 239287963","Gaia DR2 2085204015173031552","Gaia DR3 2085204015173031552",0
"Kepler-1922","Kepler-1922 b",,,"TIC 137548365","Gaia DR2 2051898055621339648","Gaia DR3 2051898055621339648",0
"Kepler-1923","Kepler-1923 b",,,"TIC 170346220","Gaia DR2 2073768407039581952","Gaia DR3 2073768407058939648",0
"Kepler-1924","Kepler-1924 b",,,"TIC 270705258","Gaia DR2 2077774443305045376","Gaia DR3 2077774443305045376",0
"Kepler-1925","Kepler-1925 b",,,"TIC 159177232","Gaia DR2 2127063316192062464","Gaia DR3 2127063316192062464",0
"Kepler-1926","Kepler-1926 b",,,"TIC 159649308","Gaia DR2 2126202432947724160","Gaia DR3 2126202432947724160",0
"Kepler-1927","Kepler-1927 b",,,"TIC 184427149","Gaia DR2 2076827454560320768","Gaia DR3 2076827454560320768",0
"Kepler-1928","Kepler-1928 b",,,"TIC 122450696","Gaia DR2 2052827207364859264","Gaia DR3 2052827207364859264",0
"Kepler-1929","Kepler-1929 b",,,"TIC 269029175","Gaia DR2 2085651305945898368","Gaia DR3 2085651305945898368",0
"Kepler-193","Kepler-193 b",,,"TIC 272496083","Gaia DR2 2080334106374197376","Gaia DR3 2080334106374197376",0
"Kepler-193","Kepler-193 c",,,"TIC 272496083","Gaia DR2 2080334106374197376","Gaia DR3 2080334106374197376",0
"Kepler-1930","Kepler-1930 b",,,"TIC 169560572","Gaia DR2 2073655432234604288","Gaia DR3 2073655432234604288",0
"Kepler-1931","Kepler-1931 b",,,"TIC 159571280","Gaia DR2 2126061214423631232","Gaia DR3 2126061214423631232",0
"Kepler-1932","Kepler-1932 b",,,"TIC 120496423","Gaia DR2 2103829913941569664","Gaia DR3 2103829913941569664",0
"Kepler-1933","Kepler-1933 b",,,"TIC 120103486","Gaia DR2 2103314346067173504","Gaia DR3 2103314346067173504",0
"Kepler-1934","Kepler-1934 b",,,"TIC 122680921","Gaia DR2 2051019683267537024","Gaia DR3 2051019683267537024",0
"Kepler-1935","Kepler-1935 b",,,"TIC 184469205","Gaia DR2 2073307917844452480","Gaia DR3 2073307917844452480",0
"Kepler-1936","Kepler-1936 b",,,"TIC 159451957","Gaia DR2 2127007584695708416","Gaia DR3 2127007584695708416",0
"Kepler-1937","Kepler-1937 b",,,"TIC 122597057","Gaia DR2 2101567359532639872","Gaia DR3 2101567359532639872",0
"Kepler-1938","Kepler-1938 b",,,"TIC 171972797","Gaia DR2 2075121459200474880","Gaia DR3 2075121459200474880",0
"Kepler-1939","Kepler-1939 b",,,"TIC 120578688","Gaia DR2 2103800158408255872","Gaia DR3 2103800158408255872",0
"Kepler-194","Kepler-194 b",,,"TIC 63070427","Gaia DR2 2129234336259850240","Gaia DR3 2129234336259850240",0
"Kepler-194","Kepler-194 c",,,"TIC 63070427","Gaia DR2 2129234336259850240","Gaia DR3 2129234336259850240",0
"Kepler-194","Kepler-194 d",,,"TIC 63070427","Gaia DR2 2129234336259850240","Gaia DR3 2129234336259850240",0
"Kepler-1940","Kepler-1940 b",,,"TIC 159647359","Gaia DR2 2126645673572302080","Gaia DR3 2126645673572302080",0
"Kepler-1941","Kepler-1941 b",,,"TIC 351191396","Gaia DR2 2086844692677679872","Gaia DR3 2086844692677679872",0
"Kepler-1942","Kepler-1942 b",,,"TIC 271350547","Gaia DR2 2079825273006700160","Gaia DR3 2079825273006700160",0
"Kepler-1943","Kepler-1943 b",,,"TIC 138100223","Gaia DR2 2077381299180152704","Gaia DR3 2077381299180152704",0
"Kepler-1944","Kepler-1944 b",,,"TIC 184554636","Gaia DR2 2073229474559368832","Gaia DR3 2073229474559368832",0
"Kepler-1945","Kepler-1945 b",,,"TIC 123408849",,,0
"Kepler-1946","Kepler-1946 b",,,"TIC 123451321","Gaia DR2 2104797381093952256","Gaia DR3 2104797381093952256",0
"Kepler-1947","Kepler-1947 b",,,"TIC 272180236","Gaia DR2 2077219499172974848","Gaia DR3 2077219499172974848",0
"Kepler-1948","Kepler-1948 b",,,"TIC 158489110","Gaia DR2 2131059972237410560","Gaia DR3 2131059972237410560",0
"Kepler-1949","Kepler-1949 b",,,"TIC 270611599","Gaia DR2 2077827284282464896","Gaia DR3 2077827284282464896",0
"Kepler-195","Kepler-195 b",,,"TIC 298837729","Gaia DR2 2130982113070876160","Gaia DR3 2130982113070876160",0
"Kepler-195","Kepler-195 c",,,"TIC 298837729","Gaia DR2 2130982113070876160","Gaia DR3 2130982113070876160",0
"Kepler-1950","Kepler-1950 b",,,"TIC 158388625","Gaia DR2 2105573945541164544","Gaia DR3 2105573945541164544",0
"Kepler-1951","Kepler-1951 b",,,"TIC 122446866","Gaia DR2 2101129032350251904","Gaia DR3 2101129032350251904",0
"Kepler-1952","Kepler-1952 b",,,"TIC 158635959","Gaia DR2 2103115403182003328","Gaia DR3 2103115403182003328",0
"Kepler-1953","Kepler-1953 b",,,"TIC 158625687","Gaia DR2 2130377106797534336","Gaia DR3 2130377106797534336",0
"Kepler-1954","Kepler-1954 b",,,"TIC 273694735","Gaia DR2 2078630756707737600","Gaia DR3 2078630756707737600",0
"Kepler-1955","Kepler-1955 b",,,"TIC 172372582","Gaia DR2 2075040537699996288","Gaia DR3 2075040537699996288",0
"Kepler-1956","Kepler-1956 b",,,"TIC 27233725","Gaia DR2 2135052298959703296","Gaia DR3 2135052298959703296",0
"Kepler-1957","Kepler-1957 b",,,"TIC 26961214","Gaia DR2 2128835110460415616","Gaia DR3 2128835110460415616",0
"Kepler-1958","Kepler-1958 b",,,"TIC 121943923","Gaia DR2 2102249812654697472","Gaia DR3 2102249812654697472",0
"Kepler-1959","Kepler-1959 b",,,"TIC 272173269","Gaia DR2 2079749303627032448","Gaia DR3 2079749303627032448",0
"Kepler-196","Kepler-196 b",,,"TIC 164828012","Gaia DR2 2104094071610116608","Gaia DR3 2104094071610116608",0
"Kepler-196","Kepler-196 c",,,"TIC 164828012","Gaia DR2 2104094071610116608","Gaia DR3 2104094071610116608",0
"Kepler-196","Kepler-196 d",,,"TIC 164828012","Gaia DR2 2104094071610116608","Gaia DR3 2104094071610116608",0
"Kepler-1960","Kepler-1960 b",,,"TIC 271253848","Gaia DR2 2128518348032523392","Gaia DR3 2128518348032523392",0
"Kepler-1961","Kepler-1961 b",,,"TIC 120821730","Gaia DR2 2100656826462352128","Gaia DR3 2100656826462352128",0
"Kepler-1962","Kepler-1962 b",,,"TIC 122070274","Gaia DR2 2101255751063996672","Gaia DR3 2101255751063996672",0
"Kepler-1963","Kepler-1963 b",,,"TIC 272597196","Gaia DR2 2080561636560110464","Gaia DR3 2080561636560110464",0
"Kepler-1964","Kepler-1964 b",,,"TIC 27991150",,,0
"Kepler-1965","Kepler-1965 b",,,"TIC 137635841","Gaia DR2 2051918293507634048","Gaia DR3 2051918293507634048",0
"Kepler-1966","Kepler-1966 b",,,"TIC 137627194","Gaia DR2 2053614049674000512","Gaia DR3 2053614049674000512",0
"Kepler-1967","Kepler-1967 b",,,"TIC 268604336","Gaia DR2 2075973718142345472","Gaia DR3 2075973718142345472",0
"Kepler-1968","Kepler-1968 b",,,"TIC 159762011","Gaia DR2 2126669411851377792","Gaia DR3 2126669411851377792",0
"Kepler-1969","Kepler-1969 b",,,"TIC 27240575","Gaia DR2 2135025601442520192","Gaia DR3 2135025601442520192",0
"Kepler-197","Kepler-197 b",,,"TIC 27397848","Gaia DR2 2135179533070399232","Gaia DR3 2135179533070399232",0
"Kepler-197","Kepler-197 c",,,"TIC 27397848","Gaia DR2 2135179533070399232","Gaia DR3 2135179533070399232",0
"Kepler-197","Kepler-197 d",,,"TIC 27397848","Gaia DR2 2135179533070399232","Gaia DR3 2135179533070399232",0
"Kepler-197","Kepler-197 e",,,"TIC 27397848","Gaia DR2 2135179533070399232","Gaia DR3 2135179533070399232",0
"Kepler-1972","Kepler-1972 b",,,"TIC 121604440","Gaia DR2 2099783127036908416","Gaia DR3 2099783127036908416",0
"Kepler-1972","Kepler-1972 c",,,"TIC 121604440","Gaia DR2 2099783127036908416","Gaia DR3 2099783127036908416",0
"Kepler-1976","Kepler-1976 b",,,"TIC 26584326","Gaia DR2 2129671220332872192","Gaia DR3 2129671220332872192",0
"Kepler-1977","Kepler-1977 b",,,"TIC 122515768","Gaia DR2 2051027792165858304","Gaia DR3 2051027792165858304",0
"Kepler-1978","Kepler-1978 b",,,"TIC 120693914","Gaia DR2 2099854801450635520","Gaia DR3 2099854801450635520",0
"Kepler-1979","Kepler-1979 b",,,"TIC 122142813","Gaia DR2 2051368434612892800","Gaia DR3 2051368434612892800",0
"Kepler-198","Kepler-198 b",,,"TIC 122519154","Gaia DR2 2052852912747829760","Gaia DR3 2052852912747829760",0
"Kepler-198","Kepler-198 c",,,"TIC 122519154","Gaia DR2 2052852912747829760","Gaia DR3 2052852912747829760",0
"Kepler-198","Kepler-198 d",,,"TIC 122519154","Gaia DR2 2052852912747829760","Gaia DR3 2052852912747829760",0
"Kepler-1980","Kepler-1980 b",,,"TIC 139036617","Gaia DR2 2052139123549626240","Gaia DR3 2052139123549626240",0
"Kepler-1981","Kepler-1981 b",,,"TIC 121457557","Gaia DR2 2099583977992504576","Gaia DR3 2099583977992504576",0
"Kepler-1982","Kepler-1982 b",,,"TIC 121215807","Gaia DR2 2100524610190045312","Gaia DR3 2100524610190045312",0
"Kepler-1983","Kepler-1983 b",,,"TIC 169078948","Gaia DR2 2073697660354300544","Gaia DR3 2073697660354300544",0
"Kepler-1984","Kepler-1984 b",,,"TIC 137089954","Gaia DR2 2101508501301083520","Gaia DR3 2101508501301083520",0
"Kepler-1985","Kepler-1985 b",,,"TIC 270609465","Gaia DR2 2077726678964445696",,0
"Kepler-1986","Kepler-1986 b",,,"TIC 240184288","Gaia DR2 2125848733801094912","Gaia DR3 2125848733801094912",0
"Kepler-1987","Kepler-1987 b",,,"TIC 271958892","Gaia DR2 2078000289864478976","Gaia DR3 2078000289864478976",0
"Kepler-1987","Kepler-1987 c",,,"TIC 271958892","Gaia DR2 2078000289864478976","Gaia DR3 2078000289864478976",0
"Kepler-1987","Kepler-1987 d",,,"TIC 271958892","Gaia DR2 2078000289864478976","Gaia DR3 2078000289864478976",0
"Kepler-1987","Kepler-1987 e",,,"TIC 271958892","Gaia DR2 2078000289864478976","Gaia DR3 2078000289864478976",0
"Kepler-1988","Kepler-1988 b",,,"TIC 268160366","Gaia DR2 2078996821055736960",,0
"Kepler-1989","Kepler-1989 b",,,"TIC 159450616","Gaia DR2 2126119862195142272","Gaia DR3 2126119862195142272",0
"Kepler-199","Kepler-199 b",,,"TIC 184090767","Gaia DR2 2076391669999950720","Gaia DR3 2076391669999950720",0
"Kepler-199","Kepler-199 c",,,"TIC 184090767","Gaia DR2 2076391669999950720","Gaia DR3 2076391669999950720",0
"Kepler-1990","Kepler-1990 b",,,"TIC 269119490","Gaia DR2 2076121602454770560","Gaia DR3 2076121602454770560",0
"Kepler-1990","Kepler-1990 c",,,"TIC 269119490","Gaia DR2 2076121602454770560","Gaia DR3 2076121602454770560",0
"Kepler-1991","Kepler-1991 b",,,"TIC 164831457","Gaia DR2 2106371744306291328","Gaia DR3 2106371744306291328",0
"Kepler-1991","Kepler-1991 c",,,"TIC 164831457","Gaia DR2 2106371744306291328","Gaia DR3 2106371744306291328",0
"Kepler-1992","Kepler-1992 b",,,"TIC 271428166","Gaia DR2 2079880695265507328","Gaia DR3 2079880695265507328",0
"Kepler-1993","Kepler-1993 b",,,"TIC 270700335","Gaia DR2 2127956360152391168","Gaia DR3 2127956360152391168",0
"Kepler-1994","Kepler-1994 b",,,"TIC 273043474","Gaia DR2 2080271674728481280","Gaia DR3 2080271674728481280",0
"Kepler-1995","Kepler-1995 b",,,"TIC 164721823","Gaia DR2 2107244481660894592","Gaia DR3 2107244481660894592",0
"Kepler-1996","Kepler-1996 b",,,"TIC 164892125","Gaia DR2 2107311719368903680","Gaia DR3 2107311723669410560",0
"Kepler-1996","Kepler-1996 c",,,"TIC 164892125","Gaia DR2 2107311719368903680","Gaia DR3 2107311723669410560",0
"Kepler-1997","Kepler-1997 b",,,"TIC 273372570","Gaia DR2 2080296757338392576","Gaia DR3 2080296757338392576",0
"Kepler-1998","Kepler-1998 b",,,"TIC 164525250","Gaia DR2 2107658516506930048","Gaia DR3 2107658516506930048",0
"Kepler-1999","Kepler-1999 b",,,"TIC 48131702","Gaia DR2 2119710538336363904","Gaia DR3 2119710538336363904",0
"Kepler-20","Kepler-20 b",,,"TIC 158554588","Gaia DR2 2102548708017562112","Gaia DR3 2102548708017562112",0
"Kepler-20","Kepler-20 c",,,"TIC 158554588","Gaia DR2 2102548708017562112","Gaia DR3 2102548708017562112",0
"Kepler-20","Kepler-20 d",,,"TIC 158554588","Gaia DR2 2102548708017562112","Gaia DR3 2102548708017562112",0
"Kepler-20","Kepler-20 e",,,"TIC 158554588","Gaia DR2 2102548708017562112","Gaia DR3 2102548708017562112",0
"Kepler-20","Kepler-20 f",,,"TIC 158554588","Gaia DR2 2102548708017562112","Gaia DR3 2102548708017562112",0
"Kepler-20","Kepler-20 g",,,"TIC 158554588","Gaia DR2 2102548708017562112","Gaia DR3 2102548708017562112",0
"Kepler-200","Kepler-200 b",,,"TIC 120252452","Gaia DR2 2103671481186902912","Gaia DR3 2103671481186902912",0
"Kepler-200","Kepler-200 c",,,"TIC 120252452","Gaia DR2 2103671481186902912","Gaia DR3 2103671481186902912",0
"Kepler-2000","Kepler-2000 b",,,"TIC 350814495","Gaia DR2 2132144056342471168","Gaia DR3 2132144056342471168",0
"Kepler-2000","Kepler-2000 c",,,"TIC 350814495","Gaia DR2 2132144056342471168","Gaia DR3 2132144056342471168",0
"Kepler-2001","Kepler-2001 b",,,"TIC 26488618","Gaia DR2 2130124219123552256","Gaia DR3 2130124219123552256",0
"Kepler-2001","Kepler-2001 c",,,"TIC 26488618","Gaia DR2 2130124219123552256","Gaia DR3 2130124219123552256",0
"Kepler-201","Kepler-201 b",,,"TIC 138297190","Gaia DR2 2077386315701921920","Gaia DR3 2077386315701921920",0
"Kepler-201","Kepler-201 c",,,"TIC 138297190","Gaia DR2 2077386315701921920","Gaia DR3 2077386315701921920",0
"Kepler-202","Kepler-202 b",,,"TIC 258202719","Gaia DR2 2104376405579347968","Gaia DR3 2104376405579347968",0
"Kepler-202","Kepler-202 c",,,"TIC 258202719","Gaia DR2 2104376405579347968","Gaia DR3 2104376405579347968",0
"Kepler-203","Kepler-203 b",,,"TIC 169084431","Gaia DR2 2076792648144511104","Gaia DR3 2076792648144511104",0
"Kepler-203","Kepler-203 c",,,"TIC 169084431","Gaia DR2 2076792648144511104","Gaia DR3 2076792648144511104",0
"Kepler-203","Kepler-203 d",,,"TIC 169084431","Gaia DR2 2076792648144511104","Gaia DR3 2076792648144511104",0
"Kepler-204","Kepler-204 b",,,"TIC 120495446","Gaia DR2 2104071978297949056","Gaia DR3 2104071978297949056",0
"Kepler-204","Kepler-204 c",,,"TIC 120495446","Gaia DR2 2104071978297949056","Gaia DR3 2104071978297949056",0
"Kepler-205","Kepler-205 b",,,"TIC 399822422","Gaia DR2 2104076204545773440","Gaia DR3 2104076204545773440",0
"Kepler-205","Kepler-205 c",,,"TIC 399822422","Gaia DR2 2104076204545773440","Gaia DR3 2104076204545773440",0
"Kepler-206","Kepler-206 b",,,"TIC 137342279","Gaia DR2 2101715862321812736","Gaia DR3 2101715862321812736",0
"Kepler-206","Kepler-206 c",,,"TIC 137342279","Gaia DR2 2101715862321812736","Gaia DR3 2101715862321812736",0
"Kepler-206","Kepler-206 d",,,"TIC 137342279","Gaia DR2 2101715862321812736","Gaia DR3 2101715862321812736",0
"Kepler-207","Kepler-207 b",,,"TIC 159217436","Gaia DR2 2101898759208960640","Gaia DR3 2101898759208960640",0
"Kepler-207","Kepler-207 c",,,"TIC 159217436","Gaia DR2 2101898759208960640","Gaia DR3 2101898759208960640",0
"Kepler-207","Kepler-207 d",,,"TIC 159217436","Gaia DR2 2101898759208960640","Gaia DR3 2101898759208960640",0
"Kepler-208","Kepler-208 b",,,"TIC 270781284","Gaia DR2 2077750803804146176","Gaia DR3 2077750803804146176",0
"Kepler-208","Kepler-208 c",,,"TIC 270781284","Gaia DR2 2077750803804146176","Gaia DR3 2077750803804146176",0
"Kepler-208","Kepler-208 d",,,"TIC 270781284","Gaia DR2 2077750803804146176","Gaia DR3 2077750803804146176",0
"Kepler-208","Kepler-208 e",,,"TIC 270781284","Gaia DR2 2077750803804146176","Gaia DR3 2077750803804146176",0
"Kepler-209","Kepler-209 b",,,"TIC 159652365","Gaia DR2 2101964558106974848","Gaia DR3 2101964558106974848",0
"Kepler-209","Kepler-209 c",,,"TIC 159652365","Gaia DR2 2101964558106974848","Gaia DR3 2101964558106974848",0
"Kepler-21","Kepler-21 b","HD 179070","HIP 94112","TIC 121214185","Gaia DR2 2099606483621385216","Gaia DR3 2099606483621385216",0
"Kepler-210","Kepler-210 b",,,"TIC 63283780","Gaia DR2 2125864573640675968","Gaia DR3 2125864573640675968",0
"Kepler-210","Kepler-210 c",,,"TIC 63283780","Gaia DR2 2125864573640675968","Gaia DR3 2125864573640675968",0
"Kepler-211","Kepler-211 b",,,"TIC 352007758","Gaia DR2 2105743987587112064","Gaia DR3 2105743987587112064",0
"Kepler-211","Kepler-211 c",,,"TIC 352007758","Gaia DR2 2105743987587112064","Gaia DR3 2105743987587112064",0
"Kepler-212","Kepler-212 b",,,"TIC 158551888","Gaia DR2 2102610280669509888","Gaia DR3 2102610280669509888",0
"Kepler-212","Kepler-212 c",,,"TIC 158551888","Gaia DR2 2102610280669509888","Gaia DR3 2102610280669509888",0
"Kepler-213","Kepler-213 b",,,"TIC 159521326","Gaia DR2 2127001056345369984","Gaia DR3 2127001056345369984",0
"Kepler-213","Kepler-213 c",,,"TIC 159521326","Gaia DR2 2127001056345369984","Gaia DR3 2127001056345369984",0
"Kepler-214","Kepler-214 b",,,"TIC 164785720","Gaia DR2 2106748052160620928","Gaia DR3 2106748052160620928",0
"Kepler-214","Kepler-214 c",,,"TIC 164785720","Gaia DR2 2106748052160620928","Gaia DR3 2106748052160620928",0
"Kepler-215","Kepler-215 b",,,"TIC 271352188","Gaia DR2 2079885608708649344","Gaia DR3 2079885608708649344",0
"Kepler-215","Kepler-215 c",,,"TIC 271352188","Gaia DR2 2079885608708649344","Gaia DR3 2079885608708649344",0
"Kepler-215","Kepler-215 d",,,"TIC 271352188","Gaia DR2 2079885608708649344","Gaia DR3 2079885608708649344",0
"Kepler-215","Kepler-215 e",,,"TIC 271352188","Gaia DR2 2079885608708649344","Gaia DR3 2079885608708649344",0
"Kepler-216","Kepler-216 b",,,"TIC 270698499","Gaia DR2 2128067720065692672","Gaia DR3 2128067720065692672",0
"Kepler-216","Kepler-216 c",,,"TIC 270698499","Gaia DR2 2128067720065692672","Gaia DR3 2128067720065692672",0
"Kepler-217","Kepler-217 b",,,"TIC 240178935","Gaia DR2 2128268380936413568","Gaia DR3 2128268380936413568",0
"Kepler-217","Kepler-217 c",,,"TIC 240178935","Gaia DR2 2128268380936413568","Gaia DR3 2128268380936413568",0
"Kepler-217","Kepler-217 d",,,"TIC 240178935","Gaia DR2 2128268380936413568","Gaia DR3 2128268380936413568",0
"Kepler-218","Kepler-218 b",,,"TIC 271662623","Gaia DR2 2080452613110460928","Gaia DR3 2080452613110460928",0
"Kepler-218","Kepler-218 c",,,"TIC 271662623","Gaia DR2 2080452613110460928","Gaia DR3 2080452613110460928",0
"Kepler-218","Kepler-218 d",,,"TIC 271662623","Gaia DR2 2080452613110460928","Gaia DR3 2080452613110460928",0
"Kepler-219","Kepler-219 b",,,"TIC 158838045","Gaia DR2 2127771917075703424","Gaia DR3 2127771917075703424",0
"Kepler-219","Kepler-219 c",,,"TIC 158838045","Gaia DR2 2127771917075703424","Gaia DR3 2127771917075703424",0
"Kepler-219","Kepler-219 d",,,"TIC 158838045","Gaia DR2 2127771917075703424","Gaia DR3 2127771917075703424",0
"Kepler-22","Kepler-22 b",,,"TIC 158984573","Gaia DR2 2127941757262806656","Gaia DR3 2127941757262806656",0
"Kepler-220","Kepler-220 b",,,"TIC 159759306","Gaia DR2 2129084935820532608","Gaia DR3 2129084935820532608",0
"Kepler-220","Kepler-220 c",,,"TIC 159759306","Gaia DR2 2129084935820532608","Gaia DR3 2129084935820532608",0
"Kepler-220","Kepler-220 d",,,"TIC 159759306","Gaia DR2 2129084935820532608","Gaia DR3 2129084935820532608",0
"Kepler-220","Kepler-220 e",,,"TIC 159759306","Gaia DR2 2129084935820532608","Gaia DR3 2129084935820532608",0
"Kepler-221","Kepler-221 b",,,"TIC 272601375","Gaia DR2 2080344586094498432","Gaia DR3 2080344586094498432",0
"Kepler-221","Kepler-221 c",,,"TIC 272601375","Gaia DR2 2080344586094498432","Gaia DR3 2080344586094498432",0
"Kepler-221","Kepler-221 d",,,"TIC 272601375","Gaia DR2 2080344586094498432","Gaia DR3 2080344586094498432",0
"Kepler-221","Kepler-221 e",,,"TIC 272601375","Gaia DR2 2080344586094498432","Gaia DR3 2080344586094498432",0
"Kepler-222","Kepler-222 b",,,"TIC 158625100","Gaia DR2 2130460394803778816","Gaia DR3 2130460394803778816",0
"Kepler-222","Kepler-222 c",,,"TIC 158625100","Gaia DR2 2130460394803778816","Gaia DR3 2130460394803778816",0
"Kepler-222","Kepler-222 d",,,"TIC 158625100","Gaia DR2 2130460394803778816","Gaia DR3 2130460394803778816",0
"Kepler-223","Kepler-223 b",,,"TIC 273876171","Gaia DR2 2086337508581280256","Gaia DR3 2086337508581280256",0
"Kepler-223","Kepler-223 c",,,"TIC 273876171","Gaia DR2 2086337508581280256","Gaia DR3 2086337508581280256",0
"Kepler-223","Kepler-223 d",,,"TIC 273876171","Gaia DR2 2086337508581280256","Gaia DR3 2086337508581280256",0
"Kepler-223","Kepler-223 e",,,"TIC 273876171","Gaia DR2 2086337508581280256","Gaia DR3 2086337508581280256",0
"Kepler-224","Kepler-224 b",,,"TIC 159642189","Gaia DR2 2129161734133025408","Gaia DR3 2129161734133025408",0
"Kepler-224","Kepler-224 c",,,"TIC 159642189","Gaia DR2 2129161734133025408","Gaia DR3 2129161734133025408",0
"Kepler-224","Kepler-224 d",,,"TIC 159642189","Gaia DR2 2129161734133025408","Gaia DR3 2129161734133025408",0
"Kepler-224","Kepler-224 e",,,"TIC 159642189","Gaia DR2 2129161734133025408","Gaia DR3 2129161734133025408",0
"Kepler-225","Kepler-225 b",,,"TIC 63203294","Gaia DR2 2128469007448159232","Gaia DR3 2128469007448159232",0
"Kepler-225","Kepler-225 c",,,"TIC 63203294","Gaia DR2 2128469007448159232","Gaia DR3 2128469007448159232",0
"Kepler-226","Kepler-226 b",,,"TIC 63204017","Gaia DR2 2128504397979254528","Gaia DR3 2128504397979254528",0
"Kepler-226","Kepler-226 c",,,"TIC 63204017","Gaia DR2 2128504397979254528","Gaia DR3 2128504397979254528",0
"Kepler-226","Kepler-226 d",,,"TIC 63204017","Gaia DR2 2128504397979254528","Gaia DR3 2128504397979254528",0
"Kepler-227","Kepler-227 b",,,"TIC 26539443","Gaia DR2 2129273849959814656","Gaia DR3 2129273849959814656",0
"Kepler-227","Kepler-227 c",,,"TIC 26539443","Gaia DR2 2129273849959814656","Gaia DR3 2129273849959814656",0
"Kepler-228","Kepler-228 b",,,"TIC 27772524","Gaia DR2 2086660283961964416","Gaia DR3 2086660283961964416",0
"Kepler-228","Kepler-228 c",,,"TIC 27772524","Gaia DR2 2086660283961964416","Gaia DR3 2086660283961964416",0
"Kepler-228","Kepler-228 d",,,"TIC 27772524","Gaia DR2 2086660283961964416","Gaia DR3 2086660283961964416",0
"Kepler-229","Kepler-229 b",,,"TIC 399912169","Gaia DR2 2131114947819394816","Gaia DR3 2131114947819394816",0
"Kepler-229","Kepler-229 c",,,"TIC 399912169","Gaia DR2 2131114947819394816","Gaia DR3 2131114947819394816",0
"Kepler-229","Kepler-229 d",,,"TIC 399912169","Gaia DR2 2131114947819394816","Gaia DR3 2131114947819394816",0
"Kepler-23","Kepler-23 b",,,"TIC 27083727","Gaia DR2 2135019107451751168","Gaia DR3 2135019107451751168",0
"Kepler-23","Kepler-23 c",,,"TIC 27083727","Gaia DR2 2135019107451751168","Gaia DR3 2135019107451751168",0
"Kepler-23","Kepler-23 d",,,"TIC 27083727","Gaia DR2 2135019107451751168","Gaia DR3 2135019107451751168",0
"Kepler-230","Kepler-230 b",,,"TIC 377782363","Gaia DR2 2131911750150748160","Gaia DR3 2131911750150748160",0
"Kepler-230","Kepler-230 c",,,"TIC 377782363","Gaia DR2 2131911750150748160","Gaia DR3 2131911750150748160",0
"Kepler-231","Kepler-231 b",,,"TIC 27006192","Gaia DR2 2135223204298512128","Gaia DR3 2135223204298512128",0
"Kepler-231","Kepler-231 c",,,"TIC 27006192","Gaia DR2 2135223204298512128","Gaia DR3 2135223204298512128",0
"Kepler-232","Kepler-232 b",,,"TIC 27686898","Gaia DR2 2135595045386787200","Gaia DR3 2135595045386787200",0
"Kepler-232","Kepler-232 c",,,"TIC 27686898","Gaia DR2 2135595045386787200","Gaia DR3 2135595045386787200",0
"Kepler-233","Kepler-233 b",,,"TIC 27843776","Gaia DR2 2135507084456876928","Gaia DR3 2135507084456876928",0
"Kepler-233","Kepler-233 c",,,"TIC 27843776","Gaia DR2 2135507084456876928","Gaia DR3 2135507084456876928",0
"Kepler-234","Kepler-234 b",,,"TIC 137318075","Gaia DR2 2052688467040906624","Gaia DR3 2052688467040906624",0
"Kepler-234","Kepler-234 c",,,"TIC 137318075","Gaia DR2 2052688467040906624","Gaia DR3 2052688467040906624",0
"Kepler-235","Kepler-235 b",,,"TIC 120765183","Gaia DR2 2100082125479729792","Gaia DR3 2100082125479729792",0
"Kepler-235","Kepler-235 c",,,"TIC 120765183","Gaia DR2 2100082125479729792","Gaia DR3 2100082125479729792",0
"Kepler-235","Kepler-235 d",,,"TIC 120765183","Gaia DR2 2100082125479729792","Gaia DR3 2100082125479729792",0
"Kepler-235","Kepler-235 e",,,"TIC 120765183","Gaia DR2 2100082125479729792","Gaia DR3 2100082125479729792",0
"Kepler-236","Kepler-236 b",,,"TIC 120044687","Gaia DR2 2103311150611475968","Gaia DR3 2103311150611475968",0
"Kepler-236","Kepler-236 c",,,"TIC 120044687","Gaia DR2 2103311150611475968","Gaia DR3 2103311150611475968",0
"Kepler-237","Kepler-237 b",,,"TIC 258348597","Gaia DR2 2103573865170471680","Gaia DR3 2103573865170471680",0
"Kepler-237","Kepler-237 c",,,"TIC 258348597","Gaia DR2 2103573865170471680","Gaia DR3 2103573865170471680",0
"Kepler-238","Kepler-238 b",,,"TIC 121460918","Gaia DR2 2100624562669914240","Gaia DR3 2100624562669914240",0
"Kepler-238","Kepler-238 c",,,"TIC 121460918","Gaia DR2 2100624562669914240","Gaia DR3 2100624562669914240",0
"Kepler-238","Kepler-238 d",,,"TIC 121460918","Gaia DR2 2100624562669914240","Gaia DR3 2100624562669914240",0
"Kepler-238","Kepler-238 e",,,"TIC 121460918","Gaia DR2 2100624562669914240","Gaia DR3 2100624562669914240",0
"Kepler-238","Kepler-238 f",,,"TIC 121460918","Gaia DR2 2100624562669914240","Gaia DR3 2100624562669914240",0
"Kepler-239","Kepler-239 b",,,"TIC 138641300","Gaia DR2 2077298148611950976","Gaia DR3 2077298148611950976",0
"Kepler-239","Kepler-239 c",,,"TIC 138641300","Gaia DR2 2077298148611950976","Gaia DR3 2077298148611950976",0
"Kepler-24","Kepler-24 b",,,"TIC 122376177","Gaia DR2 2052823535171095296","Gaia DR3 2052823535171095296",0
"Kepler-24","Kepler-24 c",,,"TIC 122376177","Gaia DR2 2052823535171095296","Gaia DR3 2052823535171095296",0
"Kepler-24","Kepler-24 d",,,"TIC 122376177","Gaia DR2 2052823535171095296","Gaia DR3 2052823535171095296",0
"Kepler-24","Kepler-24 e",,,"TIC 122376177","Gaia DR2 2052823535171095296","Gaia DR3 2052823535171095296",0
"Kepler-240","Kepler-240 b",,,"TIC 122712446","Gaia DR2 2101521042605000832","Gaia DR3 2101521042605000832",0
"Kepler-240","Kepler-240 c",,,"TIC 122712446","Gaia DR2 2101521042605000832","Gaia DR3 2101521042605000832",0
"Kepler-241","Kepler-241 b",,,"TIC 137899939","Gaia DR2 2053551068272937088","Gaia DR3 2053551068272937088",0
"Kepler-241","Kepler-241 c",,,"TIC 137899939","Gaia DR2 2053551068272937088","Gaia DR3 2053551068272937088",0
"Kepler-242","Kepler-242 b",,,"TIC 120899945","Gaia DR2 2103934504985435904","Gaia DR3 2103934504985435904",0
"Kepler-242","Kepler-242 c",,,"TIC 120899945","Gaia DR2 2103934504985435904","Gaia DR3 2103934504985435904",0
"Kepler-243","Kepler-243 b",,,"TIC 164886497","Gaia DR2 2104090257679181696","Gaia DR3 2104090257679181696",0
"Kepler-243","Kepler-243 c",,,"TIC 164886497","Gaia DR2 2104090257679181696","Gaia DR3 2104090257679181696",0
"Kepler-244","Kepler-244 b",,,"TIC 158426969","Gaia DR2 2102469921138142208","Gaia DR3 2102469921138142208",0
"Kepler-244","Kepler-244 c",,,"TIC 158426969","Gaia DR2 2102469921138142208","Gaia DR3 2102469921138142208",0
"Kepler-244","Kepler-244 d",,,"TIC 158426969","Gaia DR2 2102469921138142208","Gaia DR3 2102469921138142208",0
"Kepler-245","Kepler-245 b",,,"TIC 63004906","Gaia DR2 2101768089124657664","Gaia DR3 2101768089124657664",0
"Kepler-245","Kepler-245 c",,,"TIC 63004906","Gaia DR2 2101768089124657664","Gaia DR3 2101768089124657664",0
"Kepler-245","Kepler-245 d",,,"TIC 63004906","Gaia DR2 2101768089124657664","Gaia DR3 2101768089124657664",0
"Kepler-245","Kepler-245 e",,,"TIC 63004906","Gaia DR2 2101768089124657664","Gaia DR3 2101768089124657664",0
"Kepler-246","Kepler-246 b",,,"TIC 272484980","Gaia DR2 2077203728052488192","Gaia DR3 2077203728052488192",0
"Kepler-246","Kepler-246 c",,,"TIC 272484980","Gaia DR2 2077203728052488192","Gaia DR3 2077203728052488192",0
"Kepler-247","Kepler-247 b",,,"TIC 158792051","Gaia DR2 2102911576914748032","Gaia DR3 2102911581215700096",0
"Kepler-247","Kepler-247 c",,,"TIC 158792051","Gaia DR2 2102911576914748032","Gaia DR3 2102911581215700096",0
"Kepler-247","Kepler-247 d",,,"TIC 158792051","Gaia DR2 2102911576914748032","Gaia DR3 2102911581215700096",0
"Kepler-248","Kepler-248 b",,,"TIC 275493574","Gaia DR2 2126266823097360000","Gaia DR3 2126266823097360000",0
"Kepler-248","Kepler-248 c",,,"TIC 275493574","Gaia DR2 2126266823097360000","Gaia DR3 2126266823097360000",0
"Kepler-249","Kepler-249 b",,,"TIC 272942100","Gaia DR2 2078807228323035008","Gaia DR3 2078807228323035008",0
"Kepler-249","Kepler-249 c",,,"TIC 272942100","Gaia DR2 2078807228323035008","Gaia DR3 2078807228323035008",0
"Kepler-249","Kepler-249 d",,,"TIC 272942100","Gaia DR2 2078807228323035008","Gaia DR3 2078807228323035008",0
"Kepler-25","Kepler-25 b",,,"TIC 120960812","Gaia DR2 2100451630105041152","Gaia DR3 2100451630105041152",0
"Kepler-25","Kepler-25 c",,,"TIC 120960812","Gaia DR2 2100451630105041152","Gaia DR3 2100451630105041152",0
"Kepler-25","Kepler-25 d",,,"TIC 120960812","Gaia DR2 2100451630105041152","Gaia DR3 2100451630105041152",0
"Kepler-250","Kepler-250 b",,,"TIC 159098652","Gaia DR2 2126903680847794048","Gaia DR3 2126903680847794048",0
"Kepler-250","Kepler-250 c",,,"TIC 159098652","Gaia DR2 2126903680847794048","Gaia DR3 2126903680847794048",0
"Kepler-250","Kepler-250 d",,,"TIC 159098652","Gaia DR2 2126903680847794048","Gaia DR3 2126903680847794048",0
"Kepler-251","Kepler-251 b",,,"TIC 272489533","Gaia DR2 2078832551450444032","Gaia DR3 2078832551450444032",0
"Kepler-251","Kepler-251 c",,,"TIC 272489533","Gaia DR2 2078832551450444032","Gaia DR3 2078832551450444032",0
"Kepler-251","Kepler-251 d",,,"TIC 272489533","Gaia DR2 2078832551450444032","Gaia DR3 2078832551450444032",0
"Kepler-251","Kepler-251 e",,,"TIC 272489533","Gaia DR2 2078832551450444032","Gaia DR3 2078832551450444032",0
"Kepler-252","Kepler-252 b",,,"TIC 271769940","Gaia DR2 2079662785806103936","Gaia DR3 2079662785806103936",0
"Kepler-252","Kepler-252 c",,,"TIC 271769940","Gaia DR2 2079662785806103936","Gaia DR3 2079662785806103936",0
"Kepler-253","Kepler-253 b",,,"TIC 63065911","Gaia DR2 2126576679217244160","Gaia DR3 2126576679217244160",0
"Kepler-253","Kepler-253 c",,,"TIC 63065911","Gaia DR2 2126576679217244160","Gaia DR3 2126576679217244160",0
"Kepler-253","Kepler-253 d",,,"TIC 63065911","Gaia DR2 2126576679217244160","Gaia DR3 2126576679217244160",0
"Kepler-254","Kepler-254 b",,,"TIC 158665380","Gaia DR2 2130250731680096384","Gaia DR3 2130250731680096384",0
"Kepler-254","Kepler-254 c",,,"TIC 158665380","Gaia DR2 2130250731680096384","Gaia DR3 2130250731680096384",0
"Kepler-254","Kepler-254 d",,,"TIC 158665380","Gaia DR2 2130250731680096384","Gaia DR3 2130250731680096384",0
"Kepler-255","Kepler-255 b",,,"TIC 272083669","Gaia DR2 2080202611655694336","Gaia DR3 2080202611655694336",0
"Kepler-255","Kepler-255 c",,,"TIC 272083669","Gaia DR2 2080202611655694336","Gaia DR3 2080202611655694336",0
"Kepler-255","Kepler-255 d",,,"TIC 272083669","Gaia DR2 2080202611655694336","Gaia DR3 2080202611655694336",0
"Kepler-256","Kepler-256 b",,,"TIC 63362772","Gaia DR2 2128250926189039488","Gaia DR3 2128250926189039488",0
"Kepler-256","Kepler-256 c",,,"TIC 63362772","Gaia DR2 2128250926189039488","Gaia DR3 2128250926189039488",0
"Kepler-256","Kepler-256 d",,,"TIC 63362772","Gaia DR2 2128250926189039488","Gaia DR3 2128250926189039488",0
"Kepler-256","Kepler-256 e",,,"TIC 63362772","Gaia DR2 2128250926189039488","Gaia DR3 2128250926189039488",0
"Kepler-257","Kepler-257 b",,,"TIC 273132699","Gaia DR2 2080246282881778048","Gaia DR3 2080246282881778048",0
"Kepler-257","Kepler-257 c",,,"TIC 273132699","Gaia DR2 2080246282881778048","Gaia DR3 2080246282881778048",0
"Kepler-257","Kepler-257 d",,,"TIC 273132699","Gaia DR2 2080246282881778048","Gaia DR3 2080246282881778048",0
"Kepler-258","Kepler-258 b",,,"TIC 270854411","Gaia DR2 2128150217796747520","Gaia DR3 2128150217796747520",0
"Kepler-258","Kepler-258 c",,,"TIC 270854411","Gaia DR2 2128150217796747520","Gaia DR3 2128150217796747520",0
"Kepler-259","Kepler-259 b",,,"TIC 158664318","Gaia DR2 2130405041264941184","Gaia DR3 2130405041264941184",0
"Kepler-259","Kepler-259 c",,,"TIC 158664318","Gaia DR2 2130405041264941184","Gaia DR3 2130405041264941184",0
"Kepler-26","Kepler-26 b",,,"TIC 164833065","Gaia DR2 2107317358665730688","Gaia DR3 2107317358665730688",0
"Kepler-26","Kepler-26 c",,,"TIC 164833065","Gaia DR2 2107317358665730688","Gaia DR3 2107317358665730688",0
"Kepler-26","Kepler-26 d",,,"TIC 164833065","Gaia DR2 2107317358665730688","Gaia DR3 2107317358665730688",0
"Kepler-26","Kepler-26 e",,,"TIC 164833065","Gaia DR2 2107317358665730688","Gaia DR3 2107317358665730688",0
"Kepler-260","Kepler-260 b",,,"TIC 137348863","Gaia DR2 2051907813786770688","Gaia DR3 2051907813786770688",0
"Kepler-260","Kepler-260 c",,,"TIC 137348863","Gaia DR2 2051907813786770688","Gaia DR3 2051907813786770688",0
"Kepler-261","Kepler-261 b",,,"TIC 137148674","Gaia DR2 2052528625536778624","Gaia DR3 2052528625536778624",0
"Kepler-261","Kepler-261 c",,,"TIC 137148674","Gaia DR2 2052528625536778624","Gaia DR3 2052528625536778624",0
"Kepler-262","Kepler-262 b",,,"TIC 122673489","Gaia DR2 2051030231707057024","Gaia DR3 2051030231707057024",0
"Kepler-262","Kepler-262 c",,,"TIC 122673489","Gaia DR2 2051030231707057024","Gaia DR3 2051030231707057024",0
"Kepler-263","Kepler-263 b",,,"TIC 137637249","Gaia DR2 2051832634677771008","Gaia DR3 2051832634677771008",0
"Kepler-263","Kepler-263 c",,,"TIC 137637249","Gaia DR2 2051832634677771008","Gaia DR3 2051832634677771008",0
"Kepler-264","Kepler-264 b",,,"TIC 137347078","Gaia DR2 2051738798233021824","Gaia DR3 2051738798233021824",0
"Kepler-264","Kepler-264 c",,,"TIC 137347078","Gaia DR2 2051738798233021824","Gaia DR3 2051738798233021824",0
"Kepler-265","Kepler-265 b",,,"TIC 122445076","Gaia DR2 2101776885215761152","Gaia DR3 2101776885215761152",0
"Kepler-265","Kepler-265 c",,,"TIC 122445076","Gaia DR2 2101776885215761152","Gaia DR3 2101776885215761152",0
"Kepler-265","Kepler-265 d",,,"TIC 122445076","Gaia DR2 2101776885215761152","Gaia DR3 2101776885215761152",0
"Kepler-265","Kepler-265 e",,,"TIC 122445076","Gaia DR2 2101776885215761152","Gaia DR3 2101776885215761152",0
"Kepler-266","Kepler-266 b",,,"TIC 271046092","Gaia DR2 2078328287926130304","Gaia DR3 2078328287926130304",0
"Kepler-266","Kepler-266 c",,,"TIC 271046092","Gaia DR2 2078328287926130304","Gaia DR3 2078328287926130304",0
"Kepler-267","Kepler-267 b",,,"TIC 269357457","Gaia DR2 2085626983551485440","Gaia DR3 2085626983551485440",0
"Kepler-267","Kepler-267 c",,,"TIC 269357457","Gaia DR2 2085626983551485440","Gaia DR3 2085626983551485440",0
"Kepler-267","Kepler-267 d",,,"TIC 269357457","Gaia DR2 2085626983551485440","Gaia DR3 2085626983551485440",0
"Kepler-268","Kepler-268 b",,,"TIC 137348987","Gaia DR2 2051908157384215296","Gaia DR3 2051908157384215296",0
"Kepler-268","Kepler-268 c",,,"TIC 137348987","Gaia DR2 2051908157384215296","Gaia DR3 2051908157384215296",0
"Kepler-269","Kepler-269 b",,,"TIC 122297877","Gaia DR2 2101854881822529024","Gaia DR3 2101854881822529024",0
"Kepler-269","Kepler-269 c",,,"TIC 122297877","Gaia DR2 2101854881822529024","Gaia DR3 2101854881822529024",0
"Kepler-27","Kepler-27 b",,,"TIC 137556626","Gaia DR2 2053586321364864640","Gaia DR3 2053586321364864640",0
"Kepler-27","Kepler-27 c",,,"TIC 137556626","Gaia DR2 2053586321364864640","Gaia DR3 2053586321364864640",0
"Kepler-27","Kepler-27 d",,,"TIC 137556626","Gaia DR2 2053586321364864640","Gaia DR3 2053586321364864640",0
"Kepler-270","Kepler-270 b",,,"TIC 123417308","Gaia DR2 2105415306628609024","Gaia DR3 2105415306628609024",0
"Kepler-270","Kepler-270 c",,,"TIC 123417308","Gaia DR2 2105415306628609024","Gaia DR3 2105415306628609024",0
"Kepler-271","Kepler-271 b",,,"TIC 164414655","Gaia DR2 2105343799713595904","Gaia DR3 2105343799713595904",0
"Kepler-271","Kepler-271 c",,,"TIC 164414655","Gaia DR2 2105343799713595904","Gaia DR3 2105343799713595904",0
"Kepler-271","Kepler-271 d",,,"TIC 164414655","Gaia DR2 2105343799713595904","Gaia DR3 2105343799713595904",0
"Kepler-272","Kepler-272 b",,,"TIC 268704766","Gaia DR2 2085701097508446464","Gaia DR3 2085701097508446464",0
"Kepler-272","Kepler-272 c",,,"TIC 268704766","Gaia DR2 2085701097508446464","Gaia DR3 2085701097508446464",0
"Kepler-272","Kepler-272 d",,,"TIC 268704766","Gaia DR2 2085701097508446464","Gaia DR3 2085701097508446464",0
"Kepler-273","Kepler-273 b",,,"TIC 159726559","Gaia DR2 2129193070214982016","Gaia DR3 2129193070214982016",0
"Kepler-273","Kepler-273 c",,,"TIC 159726559","Gaia DR2 2129193070214982016","Gaia DR3 2129193070214982016",0
"Kepler-274","Kepler-274 b",,,"TIC 137892978","Gaia DR2 2052307864222921088","Gaia DR3 2052307864222921088",0
"Kepler-274","Kepler-274 c",,,"TIC 137892978","Gaia DR2 2052307864222921088","Gaia DR3 2052307864222921088",0
"Kepler-275","Kepler-275 b",,,"TIC 137634395","Gaia DR2 2051950454223150720","Gaia DR3 2051950454223150720",0
"Kepler-275","Kepler-275 c",,,"TIC 137634395","Gaia DR2 2051950454223150720","Gaia DR3 2051950454223150720",0
"Kepler-275","Kepler-275 d",,,"TIC 137634395","Gaia DR2 2051950454223150720","Gaia DR3 2051950454223150720",0
"Kepler-276","Kepler-276 b",,,"TIC 138213510","Gaia DR2 2052304325169514880","Gaia DR3 2052304325169514880",0
"Kepler-276","Kepler-276 c",,,"TIC 138213510","Gaia DR2 2052304325169514880","Gaia DR3 2052304325169514880",0
"Kepler-276","Kepler-276 d",,,"TIC 138213510","Gaia DR2 2052304325169514880","Gaia DR3 2052304325169514880",0
"Kepler-277","Kepler-277 b",,,"TIC 120961424","Gaia DR2 2100389610777053056","Gaia DR3 2100389610777053056",0
"Kepler-277","Kepler-277 c",,,"TIC 120961424","Gaia DR2 2100389610777053056","Gaia DR3 2100389610777053056",0
"Kepler-278","Kepler-278 b",,,"TIC 122225232","Gaia DR2 2052881912366613376","Gaia DR3 2052881912366613376",0
"Kepler-278","Kepler-278 c",,,"TIC 122225232","Gaia DR2 2052881912366613376","Gaia DR3 2052881912366613376",0
"Kepler-279","Kepler-279 b",,,"TIC 158428960","Gaia DR2 2102456726998624640","Gaia DR3 2102456726998624640",0
"Kepler-279","Kepler-279 c",,,"TIC 158428960","Gaia DR2 2102456726998624640","Gaia DR3 2102456726998624640",0
"Kepler-279","Kepler-279 d",,,"TIC 158428960","Gaia DR2 2102456726998624640","Gaia DR3 2102456726998624640",0
"Kepler-279","Kepler-279 e",,,"TIC 158428960","Gaia DR2 2102456726998624640","Gaia DR3 2102456726998624640",0
"Kepler-28","Kepler-28 b",,,"TIC 63122956","Gaia DR2 2125731464014361088","Gaia DR3 2125731464014361088",0
"Kepler-28","Kepler-28 c",,,"TIC 63122956","Gaia DR2 2125731464014361088","Gaia DR3 2125731464014361088",0
"Kepler-280","Kepler-280 b",,,"TIC 159716174","Gaia DR2 2101761079737564672","Gaia DR3 2101761079737564672",0
"Kepler-280","Kepler-280 c",,,"TIC 159716174","Gaia DR2 2101761079737564672","Gaia DR3 2101761079737564672",0
"Kepler-281","Kepler-281 b",,,"TIC 270858032","Gaia DR2 2078404532186285568","Gaia DR3 2078404532186285568",0
"Kepler-281","Kepler-281 c",,,"TIC 270858032","Gaia DR2 2078404532186285568","Gaia DR3 2078404532186285568",0
"Kepler-281","Kepler-281 d",,,"TIC 270858032","Gaia DR2 2078404532186285568","Gaia DR3 2078404532186285568",0
"Kepler-282","Kepler-282 b",,,"TIC 164779321","Gaia DR2 2106739943262307200","Gaia DR3 2106739943262307200",0
"Kepler-282","Kepler-282 c",,,"TIC 164779321","Gaia DR2 2106739943262307200","Gaia DR3 2106739943262307200",0
"Kepler-282","Kepler-282 d",,,"TIC 164779321","Gaia DR2 2106739943262307200","Gaia DR3 2106739943262307200",0
"Kepler-282","Kepler-282 e",,,"TIC 164779321","Gaia DR2 2106739943262307200","Gaia DR3 2106739943262307200",0
"Kepler-283","Kepler-283 b",,,"TIC 270695184","Gaia DR2 2128811951996688768","Gaia DR3 2128811951996688768",0
"Kepler-283","Kepler-283 c",,,"TIC 270695184","Gaia DR2 2128811951996688768","Gaia DR3 2128811951996688768",0
"Kepler-284","Kepler-284 b",,,"TIC 275486985","Gaia DR2 2128818411627270528","Gaia DR3 2128818411627270528",0
"Kepler-284","Kepler-284 c",,,"TIC 275486985","Gaia DR2 2128818411627270528","Gaia DR3 2128818411627270528",0
"Kepler-285","Kepler-285 b",,,"TIC 26416742","Gaia DR2 2129295427874937856","Gaia DR3 2129295427874937856",0
"Kepler-285","Kepler-285 c",,,"TIC 26416742","Gaia DR2 2129295427874937856","Gaia DR3 2129295427874937856",0
"Kepler-286","Kepler-286 b",,,"TIC 290035455","Gaia DR2 2129503716608032256","Gaia DR3 2129503716608032256",0
"Kepler-286","Kepler-286 c",,,"TIC 290035455","Gaia DR2 2129503716608032256","Gaia DR3 2129503716608032256",0
"Kepler-286","Kepler-286 d",,,"TIC 290035455","Gaia DR2 2129503716608032256","Gaia DR3 2129503716608032256",0
"Kepler-286","Kepler-286 e",,,"TIC 290035455","Gaia DR2 2129503716608032256","Gaia DR3 2129503716608032256",0
"Kepler-287","Kepler-287 b",,,"TIC 417660580","Gaia DR2 2129509381668153984","Gaia DR3 2129509381668153984",0
"Kepler-287","Kepler-287 c",,,"TIC 417660580","Gaia DR2 2129509381668153984","Gaia DR3 2129509381668153984",0
"Kepler-288","Kepler-288 b",,,"TIC 121785939","Gaia DR2 2101215309651322880","Gaia DR3 2101215309651322880",0
"Kepler-288","Kepler-288 c",,,"TIC 121785939","Gaia DR2 2101215309651322880","Gaia DR3 2101215309651322880",0
"Kepler-288","Kepler-288 d",,,"TIC 121785939","Gaia DR2 2101215309651322880","Gaia DR3 2101215309651322880",0
"Kepler-289","Kepler-289 b",,,"TIC 273234825","Gaia DR2 2078515170549178880","Gaia DR3 2078515170549178880",0
"Kepler-289","Kepler-289 c",,,"TIC 273234825","Gaia DR2 2078515170549178880","Gaia DR3 2078515170549178880",0
"Kepler-289","Kepler-289 d",,,"TIC 273234825","Gaia DR2 2078515170549178880","Gaia DR3 2078515170549178880",0
"Kepler-289","Kepler-289 e",,,"TIC 273234825","Gaia DR2 2078515170549178880","Gaia DR3 2078515170549178880",0
"Kepler-29","Kepler-29 b",,,"TIC 273875635","Gaia DR2 2086435189017387264","Gaia DR3 2086435189017387264",0
"Kepler-29","Kepler-29 c",,,"TIC 273875635","Gaia DR2 2086435189017387264","Gaia DR3 2086435189017387264",0
"Kepler-290","Kepler-290 b",,,"TIC 158218214","Gaia DR2 2105538623730974848","Gaia DR3 2105538623730974848",0
"Kepler-290","Kepler-290 c",,,"TIC 158218214","Gaia DR2 2105538623730974848","Gaia DR3 2105538623730974848",0
"Kepler-290","Kepler-290 d",,,"TIC 158218214","Gaia DR2 2105538623730974848","Gaia DR3 2105538623730974848",0
"Kepler-291","Kepler-291 b",,,"TIC 158631683","Gaia DR2 2102509125599126144","Gaia DR3 2102509125599126144",0
"Kepler-291","Kepler-291 c",,,"TIC 158631683","Gaia DR2 2102509125599126144","Gaia DR3 2102509125599126144",0
"Kepler-292","Kepler-292 b",,,"TIC 271960465","Gaia DR2 2077140987172577408","Gaia DR3 2077140987172577408",0
"Kepler-292","Kepler-292 c",,,"TIC 271960465","Gaia DR2 2077140987172577408","Gaia DR3 2077140987172577408",0
"Kepler-292","Kepler-292 d",,,"TIC 271960465","Gaia DR2 2077140987172577408","Gaia DR3 2077140987172577408",0
"Kepler-292","Kepler-292 e",,,"TIC 271960465","Gaia DR2 2077140987172577408","Gaia DR3 2077140987172577408",0
"Kepler-292","Kepler-292 f",,,"TIC 271960465","Gaia DR2 2077140987172577408","Gaia DR3 2077140987172577408",0
"Kepler-293","Kepler-293 b",,,"TIC 158216544","Gaia DR2 2105506119417943168","Gaia DR3 2105506119417943168",0
"Kepler-293","Kepler-293 c",,,"TIC 158216544","Gaia DR2 2105506119417943168","Gaia DR3 2105506119417943168",0
"Kepler-294","Kepler-294 b",,,"TIC 158487005","Gaia DR2 2130315224909221120","Gaia DR3 2130315224909221120",0
"Kepler-294","Kepler-294 c",,,"TIC 158487005","Gaia DR2 2130315224909221120","Gaia DR3 2130315224909221120",0
"Kepler-295","Kepler-295 b",,,"TIC 164890864","Gaia DR2 2106402496271967360","Gaia DR3 2106402496271967360",0
"Kepler-295","Kepler-295 c",,,"TIC 164890864","Gaia DR2 2106402496271967360","Gaia DR3 2106402496271967360",0
"Kepler-295","Kepler-295 d",,,"TIC 164890864","Gaia DR2 2106402496271967360","Gaia DR3 2106402496271967360",0
"Kepler-296","Kepler-296 b",,,"TIC 243271945","Gaia DR2 2132069633148965888","Gaia DR3 2132069633148965888",0
"Kepler-296","Kepler-296 c",,,"TIC 243271945","Gaia DR2 2132069633148965888","Gaia DR3 2132069633148965888",0
"Kepler-296","Kepler-296 d",,,"TIC 243271945","Gaia DR2 2132069633148965888","Gaia DR3 2132069633148965888",0
"Kepler-296","Kepler-296 e",,,"TIC 243271945","Gaia DR2 2132069633148965888","Gaia DR3 2132069633148965888",0
"Kepler-296","Kepler-296 f",,,"TIC 243271945","Gaia DR2 2132069633148965888","Gaia DR3 2132069633148965888",0
"Kepler-297","Kepler-297 b",,,"TIC 48304302","Gaia DR2 2131748747552136960","Gaia DR3 2131748747552136960",0
"Kepler-297","Kepler-297 c",,,"TIC 48304302","Gaia DR2 2131748747552136960","Gaia DR3 2131748747552136960",0
"Kepler-297","Kepler-297 d",,,"TIC 48304302","Gaia DR2 2131748747552136960","Gaia DR3 2131748747552136960",0
"Kepler-298","Kepler-298 b",,,"TIC 48217868","Gaia DR2 2143758128946411904","Gaia DR3 2143758128946411904",0
"Kepler-298","Kepler-298 c",,,"TIC 48217868","Gaia DR2 2143758128946411904","Gaia DR3 2143758128946411904",0
"Kepler-298","Kepler-298 d",,,"TIC 48217868","Gaia DR2 2143758128946411904","Gaia DR3 2143758128946411904",0
"Kepler-299","Kepler-299 b",,,"TIC 48304460","Gaia DR2 2131737340118958336","Gaia DR3 2131737340118958336",0
"Kepler-299","Kepler-299 c",,,"TIC 48304460","Gaia DR2 2131737340118958336","Gaia DR3 2131737340118958336",0
"Kepler-299","Kepler-299 d",,,"TIC 48304460","Gaia DR2 2131737340118958336","Gaia DR3 2131737340118958336",0
"Kepler-299","Kepler-299 e",,,"TIC 48304460","Gaia DR2 2131737340118958336","Gaia DR3 2131737340118958336",0
"Kepler-30","Kepler-30 b",,,"TIC 399794329","Gaia DR2 2100243616248608896","Gaia DR3 2100243616248608896",0
"Kepler-30","Kepler-30 c",,,"TIC 399794329","Gaia DR2 2100243616248608896","Gaia DR3 2100243616248608896",0
"Kepler-30","Kepler-30 d",,,"TIC 399794329","Gaia DR2 2100243616248608896","Gaia DR3 2100243616248608896",0
"Kepler-300","Kepler-300 b",,,"TIC 27458633","Gaia DR2 2134730897967299968","Gaia DR3 2134730897967299968",0
"Kepler-300","Kepler-300 c",,,"TIC 27458633","Gaia DR2 2134730897967299968","Gaia DR3 2134730897967299968",0
"Kepler-301","Kepler-301 b",,,"TIC 48419097","Gaia DR2 2131867357368794624","Gaia DR3 2131867357368794624",0
"Kepler-301","Kepler-301 c",,,"TIC 48419097","Gaia DR2 2131867357368794624","Gaia DR3 2131867357368794624",0
"Kepler-301","Kepler-301 d",,,"TIC 48419097","Gaia DR2 2131867357368794624","Gaia DR3 2131867357368794624",0
"Kepler-302","Kepler-302 b",,,"TIC 270951852","Gaia DR2 2078195212660287616","Gaia DR3 2078195212660287616",0
"Kepler-302","Kepler-302 c",,,"TIC 270951852","Gaia DR2 2078195212660287616","Gaia DR3 2078195212660287616",0
"Kepler-303","Kepler-303 b",,,"TIC 164460208","Gaia DR2 2105113765565227648","Gaia DR3 2105113765565227648",0
"Kepler-303","Kepler-303 c",,,"TIC 164460208","Gaia DR2 2105113765565227648","Gaia DR3 2105113765565227648",0
"Kepler-304","Kepler-304 b",,,"TIC 377909730","Gaia DR2 2076565805151925760","Gaia DR3 2076565805151925760",0
"Kepler-304","Kepler-304 c",,,"TIC 377909730","Gaia DR2 2076565805151925760","Gaia DR3 2076565805151925760",0
"Kepler-304","Kepler-304 d",,,"TIC 377909730","Gaia DR2 2076565805151925760","Gaia DR3 2076565805151925760",0
"Kepler-304","Kepler-304 e",,,"TIC 377909730","Gaia DR2 2076565805151925760","Gaia DR3 2076565805151925760",0
"Kepler-305","Kepler-305 b",,,"TIC 171879024","Gaia DR2 2073547954981763328","Gaia DR3 2073547954981763328",0
"Kepler-305","Kepler-305 c",,,"TIC 171879024","Gaia DR2 2073547954981763328","Gaia DR3 2073547954981763328",0
"Kepler-305","Kepler-305 d",,,"TIC 171879024","Gaia DR2 2073547954981763328","Gaia DR3 2073547954981763328",0
"Kepler-305","Kepler-305 e",,,"TIC 171879024","Gaia DR2 2073547954981763328","Gaia DR3 2073547954981763328",0
"Kepler-306","Kepler-306 b",,,"TIC 121660143","Gaia DR2 2102067396802935680","Gaia DR3 2102067396802935680",0
"Kepler-306","Kepler-306 c",,,"TIC 121660143","Gaia DR2 2102067396802935680","Gaia DR3 2102067396802935680",0
"Kepler-306","Kepler-306 d",,,"TIC 121660143","Gaia DR2 2102067396802935680","Gaia DR3 2102067396802935680",0
"Kepler-306","Kepler-306 e",,,"TIC 121660143","Gaia DR2 2102067396802935680","Gaia DR3 2102067396802935680",0
"Kepler-307","Kepler-307 b",,,"TIC 169930145","Gaia DR2 2073691303802278784","Gaia DR3 2073691303802278784",0
"Kepler-307","Kepler-307 c",,,"TIC 169930145","Gaia DR2 2073691303802278784","Gaia DR3 2073691303802278784",0
"Kepler-308","Kepler-308 b",,,"TIC 184162776","Gaia DR2 2076400156855612416","Gaia DR3 2076400156855612416",0
"Kepler-308","Kepler-308 c",,,"TIC 184162776","Gaia DR2 2076400156855612416","Gaia DR3 2076400156855612416",0
"Kepler-309","Kepler-309 b",,,"TIC 273373488","Gaia DR2 2086315415269037696","Gaia DR3 2086315415269037696",0
"Kepler-309","Kepler-309 c",,,"TIC 273373488","Gaia DR2 2086315415269037696","Gaia DR3 2086315415269037696",0
"Kepler-31","Kepler-31 b",,,"TIC 270788519","Gaia DR2 2128013019361703936","Gaia DR3 2128013019361703936",0
"Kepler-31","Kepler-31 c",,,"TIC 270788519","Gaia DR2 2128013019361703936","Gaia DR3 2128013019361703936",0
"Kepler-31","Kepler-31 d",,,"TIC 270788519","Gaia DR2 2128013019361703936","Gaia DR3 2128013019361703936",0
"Kepler-310","Kepler-310 b",,,"TIC 158840828","Gaia DR2 2127798442794047104","Gaia DR3 2127798442794047104",0
"Kepler-310","Kepler-310 c",,,"TIC 158840828","Gaia DR2 2127798442794047104","Gaia DR3 2127798442794047104",0
"Kepler-310","Kepler-310 d",,,"TIC 158840828","Gaia DR2 2127798442794047104","Gaia DR3 2127798442794047104",0
"Kepler-311","Kepler-311 b",,,"TIC 351898154","Gaia DR2 2119534646538533888","Gaia DR3 2119534646538533888",0
"Kepler-311","Kepler-311 c",,,"TIC 351898154","Gaia DR2 2119534646538533888","Gaia DR3 2119534646538533888",0
"Kepler-311","Kepler-311 d",,,"TIC 351898154","Gaia DR2 2119534646538533888","Gaia DR3 2119534646538533888",0
"Kepler-312","Kepler-312 b",,,"TIC 274030824","Gaia DR2 2078450436800904448","Gaia DR3 2078450436800904448",0
"Kepler-312","Kepler-312 c",,,"TIC 274030824","Gaia DR2 2078450436800904448","Gaia DR3 2078450436800904448",0
"Kepler-313","Kepler-313 b",,,"TIC 28448998","Gaia DR2 2086932653608913024","Gaia DR3 2086932653608913024",0
"Kepler-313","Kepler-313 c",,,"TIC 28448998","Gaia DR2 2086932653608913024","Gaia DR3 2086932653608913024",0
"Kepler-314","Kepler-314 b",,,"TIC 271052158","Gaia DR2 2077540827141811200","Gaia DR3 2077540827141811200",0
"Kepler-314","Kepler-314 c",,,"TIC 271052158","Gaia DR2 2077540827141811200","Gaia DR3 2077540827141811200",0
"Kepler-315","Kepler-315 b",,,"TIC 273694712","Gaia DR2 2078635910668511872","Gaia DR3 2078635910668511872",0
"Kepler-315","Kepler-315 c",,,"TIC 273694712","Gaia DR2 2078635910668511872","Gaia DR3 2078635910668511872",0
"Kepler-316","Kepler-316 b",,,"TIC 159522175","Gaia DR2 2126214287057239680","Gaia DR3 2126214287057239680",0
"Kepler-316","Kepler-316 c",,,"TIC 159522175","Gaia DR2 2126214287057239680","Gaia DR3 2126214287057239680",0
"Kepler-317","Kepler-317 b",,,"TIC 138890353","Gaia DR2 2052163518963966336","Gaia DR3 2052163518963966336",0
"Kepler-317","Kepler-317 c",,,"TIC 138890353","Gaia DR2 2052163518963966336","Gaia DR3 2052163518963966336",0
"Kepler-318","Kepler-318 b",,,"TIC 274198407","Gaia DR2 2085559604106082688","Gaia DR3 2085559604106082688",0
"Kepler-318","Kepler-318 c",,,"TIC 274198407","Gaia DR2 2085559604106082688","Gaia DR3 2085559604106082688",0
"Kepler-319","Kepler-319 b",,,"TIC 121786630","Gaia DR2 2101230049979183232","Gaia DR3 2101230049979183232",0
"Kepler-319","Kepler-319 c",,,"TIC 121786630","Gaia DR2 2101230049979183232","Gaia DR3 2101230049979183232",0
"Kepler-319","Kepler-319 d",,,"TIC 121786630","Gaia DR2 2101230049979183232","Gaia DR3 2101230049979183232",0
"Kepler-32","Kepler-32 b",,,"TIC 273590427","Gaia DR2 2080287892525359872","Gaia DR3 2080287892525359872",0
"Kepler-32","Kepler-32 c",,,"TIC 273590427","Gaia DR2 2080287892525359872","Gaia DR3 2080287892525359872",0
"Kepler-32","Kepler-32 d",,,"TIC 273590427","Gaia DR2 2080287892525359872","Gaia DR3 2080287892525359872",0
"Kepler-32","Kepler-32 e",,,"TIC 273590427","Gaia DR2 2080287892525359872","Gaia DR3 2080287892525359872",0
"Kepler-32","Kepler-32 f",,,"TIC 273590427","Gaia DR2 2080287892525359872","Gaia DR3 2080287892525359872",0
"Kepler-320","Kepler-320 b",,,"TIC 275575525","Gaia DR2 2128079230577866880","Gaia DR3 2128079230577866880",0
"Kepler-320","Kepler-320 c",,,"TIC 275575525","Gaia DR2 2128079230577866880","Gaia DR3 2128079230577866880",0
"Kepler-321","Kepler-321 b",,,"TIC 271046140","Gaia DR2 2078327974388092544","Gaia DR3 2078327974388092544",0
"Kepler-321","Kepler-321 c",,,"TIC 271046140","Gaia DR2 2078327974388092544","Gaia DR3 2078327974388092544",0
"Kepler-322","Kepler-322 b",,,"TIC 123313142","Gaia DR2 2117317588719059968","Gaia DR3 2117317588719059968",0
"Kepler-322","Kepler-322 c",,,"TIC 123313142","Gaia DR2 2117317588719059968","Gaia DR3 2117317588719059968",0
"Kepler-323","Kepler-323 b",,,"TIC 137150039","Gaia DR2 2052582432887909376","Gaia DR3 2052582432887909376",0
"Kepler-323","Kepler-323 c",,,"TIC 137150039","Gaia DR2 2052582432887909376","Gaia DR3 2052582432887909376",0
"Kepler-324","Kepler-324 b",,,"TIC 243271716","Gaia DR2 2132078120004385152","Gaia DR3 2132078120004385152",0
"Kepler-324","Kepler-324 c",,,"TIC 243271716","Gaia DR2 2132078120004385152","Gaia DR3 2132078120004385152",0
"Kepler-324","Kepler-324 e",,,"TIC 243271716","Gaia DR2 2132078120004385152","Gaia DR3 2132078120004385152",0
"Kepler-325","Kepler-325 b",,,"TIC 267671250","Gaia DR2 2133021810218800384","Gaia DR3 2133021810218800384",0
"Kepler-325","Kepler-325 c",,,"TIC 267671250","Gaia DR2 2133021810218800384","Gaia DR3 2133021810218800384",0
"Kepler-325","Kepler-325 d",,,"TIC 267671250","Gaia DR2 2133021810218800384","Gaia DR3 2133021810218800384",0
"Kepler-326","Kepler-326 b",,,"TIC 270956861","Gaia DR2 2128098197152438144","Gaia DR3 2128098197152438144",0
"Kepler-326","Kepler-326 c",,,"TIC 270956861","Gaia DR2 2128098197152438144","Gaia DR3 2128098197152438144",0
"Kepler-326","Kepler-326 d",,,"TIC 270956861","Gaia DR2 2128098197152438144","Gaia DR3 2128098197152438144",0
"Kepler-327","Kepler-327 b",,,"TIC 63366281","Gaia DR2 2126336710805475712","Gaia DR3 2126336710805475712",0
"Kepler-327","Kepler-327 c",,,"TIC 63366281","Gaia DR2 2126336710805475712","Gaia DR3 2126336710805475712",0
"Kepler-327","Kepler-327 d",,,"TIC 63366281","Gaia DR2 2126336710805475712","Gaia DR3 2126336710805475712",0
"Kepler-328","Kepler-328 b",,,"TIC 184164097","Gaia DR2 2076373321899335808","Gaia DR3 2076373321899335808",0
"Kepler-328","Kepler-328 c",,,"TIC 184164097","Gaia DR2 2076373321899335808","Gaia DR3 2076373321899335808",0
"Kepler-329","Kepler-329 b",,,"TIC 268713285","Gaia DR2 2079224424266279936","Gaia DR3 2079224424266279936",0
"Kepler-329","Kepler-329 c",,,"TIC 268713285","Gaia DR2 2079224424266279936","Gaia DR3 2079224424266279936",0
"Kepler-33","Kepler-33 b",,,"TIC 158935283","Gaia DR2 2127355923723254272","Gaia DR3 2127355923723254272",0
"Kepler-33","Kepler-33 c",,,"TIC 158935283","Gaia DR2 2127355923723254272","Gaia DR3 2127355923723254272",0
"Kepler-33","Kepler-33 d",,,"TIC 158935283","Gaia DR2 2127355923723254272","Gaia DR3 2127355923723254272",0
"Kepler-33","Kepler-33 e",,,"TIC 158935283","Gaia DR2 2127355923723254272","Gaia DR3 2127355923723254272",0
"Kepler-33","Kepler-33 f",,,"TIC 158935283","Gaia DR2 2127355923723254272","Gaia DR3 2127355923723254272",0
"Kepler-330","Kepler-330 b",,,"TIC 158727691","Gaia DR2 2127181926007695744","Gaia DR3 2127181926007695744",0
"Kepler-330","Kepler-330 c",,,"TIC 158727691","Gaia DR2 2127181926007695744","Gaia DR3 2127181926007695744",0
"Kepler-331","Kepler-331 b",,,"TIC 351063265","Gaia DR2 2052794982231985664","Gaia DR3 2052794982231985664",0
"Kepler-331","Kepler-331 c",,,"TIC 351063265","Gaia DR2 2052794982231985664","Gaia DR3 2052794982231985664",0
"Kepler-331","Kepler-331 d",,,"TIC 351063265","Gaia DR2 2052794982231985664","Gaia DR3 2052794982231985664",0
"Kepler-332","Kepler-332 b",,,"TIC 158272257","Gaia DR2 2130683904901068800","Gaia DR3 2130683904901068800",0
"Kepler-332","Kepler-332 c",,,"TIC 158272257","Gaia DR2 2130683904901068800","Gaia DR3 2130683904901068800",0
"Kepler-332","Kepler-332 d",,,"TIC 158272257","Gaia DR2 2130683904901068800","Gaia DR3 2130683904901068800",0
"Kepler-333","Kepler-333 b",,,"TIC 137556197","Gaia DR2 2053581167404822272","Gaia DR3 2053581167404822272",0
"Kepler-333","Kepler-333 c",,,"TIC 137556197","Gaia DR2 2053581167404822272","Gaia DR3 2053581167404822272",0
"Kepler-334","Kepler-334 b",,,"TIC 158394479","Gaia DR2 2130661880308812800","Gaia DR3 2130661880308812800",0
"Kepler-334","Kepler-334 c",,,"TIC 158394479","Gaia DR2 2130661880308812800","Gaia DR3 2130661880308812800",0
"Kepler-334","Kepler-334 d",,,"TIC 158394479","Gaia DR2 2130661880308812800","Gaia DR3 2130661880308812800",0
"Kepler-335","Kepler-335 b",,,"TIC 272085033","Gaia DR2 2079810120364906880","Gaia DR3 2079810120364906880",0
"Kepler-335","Kepler-335 c",,,"TIC 272085033","Gaia DR2 2079810120364906880","Gaia DR3 2079810120364906880",0
"Kepler-336","Kepler-336 b",,,"TIC 122298677","Gaia DR2 2101792175299215488","Gaia DR3 2101792175301394048",0
"Kepler-336","Kepler-336 c",,,"TIC 122298677","Gaia DR2 2101792175299215488","Gaia DR3 2101792175301394048",0
"Kepler-336","Kepler-336 d",,,"TIC 122298677","Gaia DR2 2101792175299215488","Gaia DR3 2101792175301394048",0
"Kepler-337","Kepler-337 b",,,"TIC 159226052","Gaia DR2 2127851116271982848","Gaia DR3 2127851116271982848",0
"Kepler-337","Kepler-337 c",,,"TIC 159226052","Gaia DR2 2127851116271982848","Gaia DR3 2127851116271982848",0
"Kepler-338","Kepler-338 b",,,"TIC 258203303","Gaia DR2 2104344141784539264","Gaia DR3 2104344141784539264",0
"Kepler-338","Kepler-338 c",,,"TIC 258203303","Gaia DR2 2104344141784539264","Gaia DR3 2104344141784539264",0
"Kepler-338","Kepler-338 d",,,"TIC 258203303","Gaia DR2 2104344141784539264","Gaia DR3 2104344141784539264",0
"Kepler-338","Kepler-338 e",,,"TIC 258203303","Gaia DR2 2104344141784539264","Gaia DR3 2104344141784539264",0
"Kepler-339","Kepler-339 b",,,"TIC 26817284","Gaia DR2 2128911251641171200","Gaia DR3 2128911251641171200",0
"Kepler-339","Kepler-339 c",,,"TIC 26817284","Gaia DR2 2128911251641171200","Gaia DR3 2128911251641171200",0
"Kepler-339","Kepler-339 d",,,"TIC 26817284","Gaia DR2 2128911251641171200","Gaia DR3 2128911251641171200",0
"Kepler-34","Kepler-34 b",,,"TIC 272369124","Gaia DR2 2079692678777827712","Gaia DR3 2079692678777827712",1
"Kepler-340","Kepler-340 b",,,"TIC 184247532","Gaia DR2 2076383625510685824","Gaia DR3 2076383625510685824",0
"Kepler-340","Kepler-340 c",,,"TIC 184247532","Gaia DR2 2076383625510685824","Gaia DR3 2076383625510685824",0
"Kepler-341","Kepler-341 b",,,"TIC 159179987","Gaia DR2 2102815683186036096","Gaia DR3 2102815683186036096",0
"Kepler-341","Kepler-341 c",,,"TIC 159179987","Gaia DR2 2102815683186036096","Gaia DR3 2102815683186036096",0
"Kepler-341","Kepler-341 d",,,"TIC 159179987","Gaia DR2 2102815683186036096","Gaia DR3 2102815683186036096",0
"Kepler-341","Kepler-341 e",,,"TIC 159179987","Gaia DR2 2102815683186036096","Gaia DR3 2102815683186036096",0
"Kepler-342","Kepler-342 b",,,"TIC 63293562","Gaia DR2 2128298617506651904","Gaia DR3 2128298617506651904",0
"Kepler-342","Kepler-342 c",,,"TIC 63293562","Gaia DR2 2128298617506651904","Gaia DR3 2128298617506651904",0
"Kepler-342","Kepler-342 d",,,"TIC 63293562","Gaia DR2 2128298617506651904","Gaia DR3 2128298617506651904",0
"Kepler-342","Kepler-342 e",,,"TIC 63293562","Gaia DR2 2128298617506651904","Gaia DR3 2128298617506651904",0
"Kepler-343","Kepler-343 b",,,"TIC 63120970","Gaia DR2 2125773279815846656","Gaia DR3 2125773279815846656",0
"Kepler-343","Kepler-343 c",,,"TIC 63120970","Gaia DR2 2125773279815846656","Gaia DR3 2125773279815846656",0
"Kepler-344","Kepler-344 b",,,"TIC 63289452","Gaia DR2 2128263364414395136","Gaia DR3 2128263364414395136",0
"Kepler-344","Kepler-344 c",,,"TIC 63289452","Gaia DR2 2128263364414395136","Gaia DR3 2128263364414395136",0
"Kepler-345","Kepler-345 b",,,"TIC 271546191","Gaia DR2 2080067749681845504","Gaia DR3 2080067749681845504",0
"Kepler-345","Kepler-345 c",,,"TIC 271546191","Gaia DR2 2080067749681845504","Gaia DR3 2080067749681845504",0
"Kepler-346","Kepler-346 b",,,"TIC 158660363","Gaia DR2 2130363259822710272","Gaia DR3 2130363259822710272",0
"Kepler-346","Kepler-346 c",,,"TIC 158660363","Gaia DR2 2130363259822710272","Gaia DR3 2130363259822710272",0
"Kepler-347","Kepler-347 b",,,"TIC 299158566","Gaia DR2 2132614922197436928","Gaia DR3 2132614922197436928",0
"Kepler-347","Kepler-347 c",,,"TIC 299158566","Gaia DR2 2132614922197436928","Gaia DR3 2132614922197436928",0
"Kepler-347","Kepler-347 d",,,"TIC 299158566","Gaia DR2 2132614922197436928","Gaia DR3 2132614922197436928",0
"Kepler-348","Kepler-348 b",,,"TIC 169180792","Gaia DR2 2073750986669231232","Gaia DR3 2073750986669231232",0
"Kepler-348","Kepler-348 c",,,"TIC 169180792","Gaia DR2 2073750986669231232","Gaia DR3 2073750986669231232",0
"Kepler-349","Kepler-349 b",,,"TIC 270615037","Gaia DR2 2126415051008325376","Gaia DR3 2126415051008325376",0
"Kepler-349","Kepler-349 c",,,"TIC 270615037","Gaia DR2 2126415051008325376","Gaia DR3 2126415051008325376",0
"Kepler-35","Kepler-35 b",,,"TIC 271040768","Gaia DR2 2128155371757730816","Gaia DR3 2128155371757730816",1
"Kepler-350","Kepler-350 b",,,"TIC 120498491","Gaia DR2 2100338792724606720","Gaia DR3 2100338792725538048",0
"Kepler-350","Kepler-350 c",,,"TIC 120498491","Gaia DR2 2100338792724606720","Gaia DR3 2100338792725538048",0
"Kepler-350","Kepler-350 d",,,"TIC 120498491","Gaia DR2 2100338792724606720","Gaia DR3 2100338792725538048",0
"Kepler-351","Kepler-351 b",,,"TIC 158218178","Gaia DR2 2105491997566014336","Gaia DR3 2105491997566014336",0
"Kepler-351","Kepler-351 c",,,"TIC 158218178","Gaia DR2 2105491997566014336","Gaia DR3 2105491997566014336",0
"Kepler-351","Kepler-351 d",,,"TIC 158218178","Gaia DR2 2105491997566014336","Gaia DR3 2105491997566014336",0
"Kepler-352","Kepler-352 b",,,"TIC 269271535","Gaia DR2 2085281530744134272","Gaia DR3 2085281530744134272",0
"Kepler-352","Kepler-352 c",,,"TIC 269271535","Gaia DR2 2085281530744134272","Gaia DR3 2085281530744134272",0
"Kepler-352","Kepler-352 d",,,"TIC 269271535","Gaia DR2 2085281530744134272","Gaia DR3 2085281530744134272",0
"Kepler-353","Kepler-353 b",,,"TIC 239229234","Gaia DR2 2076953069455745920","Gaia DR3 2076953069455745920",0
"Kepler-353","Kepler-353 c",,,"TIC 239229234","Gaia DR2 2076953069455745920","Gaia DR3 2076953069455745920",0
"Kepler-354","Kepler-354 b",,,"TIC 120578185","Gaia DR2 2103860562828483712","Gaia DR3 2103860562828483712",0
"Kepler-354","Kepler-354 c",,,"TIC 120578185","Gaia DR2 2103860562828483712","Gaia DR3 2103860562828483712",0
"Kepler-354","Kepler-354 d",,,"TIC 120578185","Gaia DR2 2103860562828483712","Gaia DR3 2103860562828483712",0
"Kepler-355","Kepler-355 b",,,"TIC 279915745","Gaia DR2 2105535462635217792","Gaia DR3 2105535462635217792",0
"Kepler-355","Kepler-355 c",,,"TIC 279915745","Gaia DR2 2105535462635217792","Gaia DR3 2105535462635217792",0
"Kepler-356","Kepler-356 b",,,"TIC 137636895","Gaia DR2 2051842839520109568","Gaia DR3 2051842839520109568",0
"Kepler-356","Kepler-356 c",,,"TIC 137636895","Gaia DR2 2051842839520109568","Gaia DR3 2051842839520109568",0
"Kepler-357","Kepler-357 b",,,"TIC 159649595","Gaia DR2 2126194667646233984","Gaia DR3 2126194667646233984",0
"Kepler-357","Kepler-357 c",,,"TIC 159649595","Gaia DR2 2126194667646233984","Gaia DR3 2126194667646233984",0
"Kepler-357","Kepler-357 d",,,"TIC 159649595","Gaia DR2 2126194667646233984","Gaia DR3 2126194667646233984",0
"Kepler-358","Kepler-358 b",,,"TIC 26815908","Gaia DR2 2128902558627267200","Gaia DR3 2128902558627267200",0
"Kepler-358","Kepler-358 c",,,"TIC 26815908","Gaia DR2 2128902558627267200","Gaia DR3 2128902558627267200",0
"Kepler-359","Kepler-359 b",,,"TIC 275568400","Gaia DR2 2077683871034907648","Gaia DR3 2077683871034907648",0
"Kepler-359","Kepler-359 c",,,"TIC 275568400","Gaia DR2 2077683871034907648","Gaia DR3 2077683871034907648",0
"Kepler-359","Kepler-359 d",,,"TIC 275568400","Gaia DR2 2077683871034907648","Gaia DR3 2077683871034907648",0
"Kepler-36","Kepler-36 b",,,"TIC 350810590","Gaia DR2 2129931456691176576","Gaia DR3 2129931456691176576",0
"Kepler-36","Kepler-36 c",,,"TIC 350810590","Gaia DR2 2129931456691176576","Gaia DR3 2129931456691176576",0
"Kepler-360","Kepler-360 b",,,"TIC 158213532","Gaia DR2 2106316012810255104","Gaia DR3 2106316012810255104",0
"Kepler-360","Kepler-360 c",,,"TIC 158213532","Gaia DR2 2106316012810255104","Gaia DR3 2106316012810255104",0
"Kepler-361","Kepler-361 b",,,"TIC 272601590","Gaia DR2 2080340222407746816","Gaia DR3 2080340222407746816",0
"Kepler-361","Kepler-361 c",,,"TIC 272601590","Gaia DR2 2080340222407746816","Gaia DR3 2080340222407746816",0
"Kepler-362","Kepler-362 b",,,"TIC 63069779","Gaia DR2 2129141083930129536","Gaia DR3 2129141083930129536",0
"Kepler-362","Kepler-362 c",,,"TIC 63069779","Gaia DR2 2129141083930129536","Gaia DR3 2129141083930129536",0
"Kepler-363","Kepler-363 b",,,"TIC 258349590","Gaia DR2 2104466153215402624","Gaia DR3 2104466153215402624",0
"Kepler-363","Kepler-363 c",,,"TIC 258349590","Gaia DR2 2104466153215402624","Gaia DR3 2104466153215402624",0
"Kepler-363","Kepler-363 d",,,"TIC 258349590","Gaia DR2 2104466153215402624","Gaia DR3 2104466153215402624",0
"Kepler-364","Kepler-364 b",,,"TIC 123358019","Gaia DR2 2119591206965104768","Gaia DR3 2119591206965104768",0
"Kepler-364","Kepler-364 c",,,"TIC 123358019","Gaia DR2 2119591206965104768","Gaia DR3 2119591206965104768",0
"Kepler-365","Kepler-365 b",,,"TIC 27530849",,,0
"Kepler-365","Kepler-365 c",,,"TIC 27530849",,,0
"Kepler-366","Kepler-366 b",,,"TIC 27914560","Gaia DR2 2086824935828106496","Gaia DR3 2086824935828106496",0
"Kepler-366","Kepler-366 c",,,"TIC 27914560","Gaia DR2 2086824935828106496","Gaia DR3 2086824935828106496",0
"Kepler-367","Kepler-367 b",,,"TIC 28159518","Gaia DR2 2087250476887856256","Gaia DR3 2087250476887856256",0
"Kepler-367","Kepler-367 c",,,"TIC 28159518","Gaia DR2 2087250476887856256","Gaia DR3 2087250476887856256",0
"Kepler-368","Kepler-368 b",,,"TIC 63066763","Gaia DR2 2126660856277325696","Gaia DR3 2126660856277325696",0
"Kepler-368","Kepler-368 c",,,"TIC 63066763","Gaia DR2 2126660856277325696","Gaia DR3 2126660856277325696",0
"Kepler-369","Kepler-369 b",,,"TIC 26961231","Gaia DR2 2128835935094128512","Gaia DR3 2128835935094128512",0
"Kepler-369","Kepler-369 c",,,"TIC 26961231","Gaia DR2 2128835935094128512","Gaia DR3 2128835935094128512",0
"Kepler-37","Kepler-37 b",,,"TIC 164652245","Gaia DR2 2106674071344722688","Gaia DR3 2106674071344722688",0
"Kepler-37","Kepler-37 c",,,"TIC 164652245","Gaia DR2 2106674071344722688","Gaia DR3 2106674071344722688",0
"Kepler-37","Kepler-37 d",,,"TIC 164652245","Gaia DR2 2106674071344722688","Gaia DR3 2106674071344722688",0
"Kepler-37","Kepler-37 e",,,"TIC 164652245","Gaia DR2 2106674071344722688","Gaia DR3 2106674071344722688",0
"Kepler-370","Kepler-370 b",,,"TIC 137411225","Gaia DR2 2053578521704124160","Gaia DR3 2053578521704124160",0
"Kepler-370","Kepler-370 c",,,"TIC 137411225","Gaia DR2 2053578521704124160","Gaia DR3 2053578521704124160",0
"Kepler-371","Kepler-371 b",,,"TIC 137550286","Gaia DR2 2052702348375966208","Gaia DR3 2052702348375966208",0
"Kepler-371","Kepler-371 c",,,"TIC 137550286","Gaia DR2 2052702348375966208","Gaia DR3 2052702348375966208",0
"Kepler-372","Kepler-372 b",,,"TIC 350810559","Gaia DR2 2129931942027348608","Gaia DR3 2129931942027348608",0
"Kepler-372","Kepler-372 c",,,"TIC 350810559","Gaia DR2 2129931942027348608","Gaia DR3 2129931942027348608",0
"Kepler-372","Kepler-372 d",,,"TIC 350810559","Gaia DR2 2129931942027348608","Gaia DR3 2129931942027348608",0
"Kepler-373","Kepler-373 b",,,"TIC 299218776","Gaia DR2 2133124511477266176","Gaia DR3 2133124511477266176",0
"Kepler-373","Kepler-373 c",,,"TIC 299218776","Gaia DR2 2133124511477266176","Gaia DR3 2133124511477266176",0
"Kepler-374","Kepler-374 b",,,"TIC 270863576","Gaia DR2 2077745168807120128","Gaia DR3 2077745168807120128",0
"Kepler-374","Kepler-374 c",,,"TIC 270863576","Gaia DR2 2077745168807120128","Gaia DR3 2077745168807120128",0
"Kepler-374","Kepler-374 d",,,"TIC 270863576","Gaia DR2 2077745168807120128","Gaia DR3 2077745168807120128",0
"Kepler-375","Kepler-375 b",,,"TIC 299032517","Gaia DR2 2130963696251416960","Gaia DR3 2130963696251416960",0
"Kepler-375","Kepler-375 c",,,"TIC 299032517","Gaia DR2 2130963696251416960","Gaia DR3 2130963696251416960",0
"Kepler-376","Kepler-376 b",,,"TIC 137219378","Gaia DR2 2052681801251572480","Gaia DR3 2052681801254023808",0
"Kepler-376","Kepler-376 c",,,"TIC 137219378","Gaia DR2 2052681801251572480","Gaia DR3 2052681801254023808",0
"Kepler-377","Kepler-377 b",,,"TIC 184015535","Gaia DR2 2073157456550947200","Gaia DR3 2073157456550947200",0
"Kepler-377","Kepler-377 c",,,"TIC 184015535","Gaia DR2 2073157456550947200","Gaia DR3 2073157456550947200",0
"Kepler-378","Kepler-378 b",,,"TIC 271354634","Gaia DR2 2080095512350543744","Gaia DR3 2080095512350543744",0
"Kepler-378","Kepler-378 c",,,"TIC 271354634","Gaia DR2 2080095512350543744","Gaia DR3 2080095512350543744",0
"Kepler-379","Kepler-379 b",,,"TIC 184167421","Gaia DR2 2073167180357401984","Gaia DR3 2073167180357401984",0
"Kepler-379","Kepler-379 c",,,"TIC 184167421","Gaia DR2 2073167180357401984","Gaia DR3 2073167180357401984",0
"Kepler-38","Kepler-38 b",,,"TIC 158316612","Gaia DR2 2105448841733970432","Gaia DR3 2105448841733970432",1
"Kepler-380","Kepler-380 b",,,"TIC 48132154","Gaia DR2 2143746515354698496","Gaia DR3 2143746515354698496",0
"Kepler-380","Kepler-380 c",,,"TIC 48132154","Gaia DR2 2143746515354698496","Gaia DR3 2143746515354698496",0
"Kepler-381","Kepler-381 b",,,"TIC 164884235","Gaia DR2 2105835281411929728","Gaia DR3 2105835281411929728",0
"Kepler-381","Kepler-381 c",,,"TIC 164884235","Gaia DR2 2105835281411929728","Gaia DR3 2105835281411929728",0
"Kepler-381","Kepler-381 d",,,"TIC 164884235","Gaia DR2 2105835281411929728","Gaia DR3 2105835281411929728",0
"Kepler-382","Kepler-382 b",,,"TIC 268612521","Gaia DR2 2085261705174452736","Gaia DR3 2085261705174452736",0
"Kepler-382","Kepler-382 c",,,"TIC 268612521","Gaia DR2 2085261705174452736","Gaia DR3 2085261705174452736",0
"Kepler-383","Kepler-383 b",,,"TIC 137150599","Gaia DR2 2052634109935669376",,0
"Kepler-383","Kepler-383 c",,,"TIC 137150599","Gaia DR2 2052634109935669376",,0
"Kepler-384","Kepler-384 b",,,"TIC 158114249","Gaia DR2 2106306495162679552","Gaia DR3 2106306495162679552",0
"Kepler-384","Kepler-384 c",,,"TIC 158114249","Gaia DR2 2106306495162679552","Gaia DR3 2106306495162679552",0
"Kepler-385","Kepler-385 b",,,"TIC 27082352","Gaia DR2 2135203000771400320","Gaia DR3 2135203000771400320",0
"Kepler-385","Kepler-385 c",,,"TIC 27082352","Gaia DR2 2135203000771400320","Gaia DR3 2135203000771400320",0
"Kepler-385","Kepler-385 d",,,"TIC 27082352","Gaia DR2 2135203000771400320","Gaia DR3 2135203000771400320",0
"Kepler-386","Kepler-386 b",,,"TIC 267669725","Gaia DR2 2129492824571882240","Gaia DR3 2129492824571882240",0
"Kepler-386","Kepler-386 c",,,"TIC 267669725","Gaia DR2 2129492824571882240","Gaia DR3 2129492824571882240",0
"Kepler-387","Kepler-387 b",,,"TIC 158559417","Gaia DR2 2130255885640736768","Gaia DR3 2130255885640736768",0
"Kepler-387","Kepler-387 c",,,"TIC 158559417","Gaia DR2 2130255885640736768","Gaia DR3 2130255885640736768",0
"Kepler-388","Kepler-388 b",,,"TIC 164786156","Gaia DR2 2106711424679833984","Gaia DR3 2106711424679833984",0
"Kepler-388","Kepler-388 c",,,"TIC 164786156","Gaia DR2 2106711424679833984","Gaia DR3 2106711424679833984",0
"Kepler-389","Kepler-389 b",,,"TIC 63074796","Gaia DR2 2126597569938248064","Gaia DR3 2126597569938248064",0
"Kepler-389","Kepler-389 c",,,"TIC 63074796","Gaia DR2 2126597569938248064","Gaia DR3 2126597569938248064",0
"Kepler-39","Kepler-39 b",,,"TIC 272836943","Gaia DR2 2080168561154800384","Gaia DR3 2080168561154800384",0
"Kepler-390","Kepler-390 b",,,"TIC 137340986","Gaia DR2 2101638759069485568","Gaia DR3 2101638759069485568",0
"Kepler-390","Kepler-390 c",,,"TIC 137340986","Gaia DR2 2101638759069485568","Gaia DR3 2101638759069485568",0
"Kepler-391","Kepler-391 b",,,"TIC 290032428","Gaia DR2 2133196151531241216","Gaia DR3 2133196151531241216",0
"Kepler-391","Kepler-391 c",,,"TIC 290032428","Gaia DR2 2133196151531241216","Gaia DR3 2133196151531241216",0
"Kepler-392","Kepler-392 b",,,"TIC 158796434","Gaia DR2 2102948483573807616","Gaia DR3 2102948483573807616",0
"Kepler-392","Kepler-392 c",,,"TIC 158796434","Gaia DR2 2102948483573807616","Gaia DR3 2102948483573807616",0
"Kepler-393","Kepler-393 b",,,"TIC 159580535","Gaia DR2 2127390970655877888","Gaia DR3 2127390970655877888",0
"Kepler-393","Kepler-393 c",,,"TIC 159580535","Gaia DR2 2127390970655877888","Gaia DR3 2127390970655877888",0
"Kepler-394","Kepler-394 b",,,"TIC 27777414","Gaia DR2 2135378231142791808","Gaia DR3 2135378231142791808",0
"Kepler-394","Kepler-394 c",,,"TIC 27777414","Gaia DR2 2135378231142791808","Gaia DR3 2135378231142791808",0
"Kepler-394","Kepler-394 d",,,"TIC 27777414","Gaia DR2 2135378231142791808","Gaia DR3 2135378231142791808",0
"Kepler-395","Kepler-395 b",,,"TIC 270520765","Gaia DR2 2126465903421535744","Gaia DR3 2126465903421535744",0
"Kepler-395","Kepler-395 c",,,"TIC 270520765","Gaia DR2 2126465903421535744","Gaia DR3 2126465903421535744",0
"Kepler-396","Kepler-396 b",,,"TIC 27769688","Gaia DR2 2134847343119885440","Gaia DR3 2134847343121798528",0
"Kepler-396","Kepler-396 c",,,"TIC 27769688","Gaia DR2 2134847343119885440","Gaia DR3 2134847343121798528",0
"Kepler-397","Kepler-397 b",,,"TIC 271963778",,,0
"Kepler-397","Kepler-397 c",,,"TIC 271963778",,,0
"Kepler-398","Kepler-398 b",,,"TIC 137155210","Gaia DR2 2053457644144430848","Gaia DR3 2053457644144430848",0
"Kepler-398","Kepler-398 c",,,"TIC 137155210","Gaia DR2 2053457644144430848","Gaia DR3 2053457644144430848",0
"Kepler-398","Kepler-398 d",,,"TIC 137155210","Gaia DR2 2053457644144430848","Gaia DR3 2053457644144430848",0
"Kepler-399","Kepler-399 b",,,"TIC 172373693","Gaia DR2 2075060264503601280","Gaia DR3 2075060264503601280",0
"Kepler-399","Kepler-399 c",,,"TIC 172373693","Gaia DR2 2075060264503601280","Gaia DR3 2075060264503601280",0
"Kepler-399","Kepler-399 d",,,"TIC 172373693","Gaia DR2 2075060264503601280","Gaia DR3 2075060264503601280",0
"Kepler-4","Kepler-4 b",,,"TIC 350814622","Gaia DR2 2132152916856093952","Gaia DR3 2132152916856093952",0
"Kepler-40","Kepler-40 b",,,"TIC 272840455","Gaia DR2 2086577373912703104","Gaia DR3 2086577373912703104",0
"Kepler-400","Kepler-400 b",,,"TIC 122707140","Gaia DR2 2101510008826160256",,0
"Kepler-400","Kepler-400 c",,,"TIC 122707140","Gaia DR2 2101510008826160256",,0
"Kepler-401","Kepler-401 b",,,"TIC 267746315","Gaia DR2 2133178765503484160","Gaia DR3 2133178765503484160",0
"Kepler-401","Kepler-401 c",,,"TIC 267746315","Gaia DR2 2133178765503484160","Gaia DR3 2133178765503484160",0
"Kepler-401","Kepler-401 d",,,"TIC 267746315","Gaia DR2 2133178765503484160","Gaia DR3 2133178765503484160",0
"Kepler-402","Kepler-402 b",,,"TIC 158725491","Gaia DR2 2102954187290293120","Gaia DR3 2102954187290293120",0
"Kepler-402","Kepler-402 c",,,"TIC 158725491","Gaia DR2 2102954187290293120","Gaia DR3 2102954187290293120",0
"Kepler-402","Kepler-402 d",,,"TIC 158725491","Gaia DR2 2102954187290293120","Gaia DR3 2102954187290293120",0
"Kepler-402","Kepler-402 e",,,"TIC 158725491","Gaia DR2 2102954187290293120","Gaia DR3 2102954187290293120",0
"Kepler-403","Kepler-403 b",,,"TIC 159174926","Gaia DR2 2127815657021840128","Gaia DR3 2127815657021840128",0
"Kepler-403","Kepler-403 c",,,"TIC 159174926","Gaia DR2 2127815657021840128","Gaia DR3 2127815657021840128",0
"Kepler-403","Kepler-403 d",,,"TIC 159174926","Gaia DR2 2127815657021840128","Gaia DR3 2127815657021840128",0
"Kepler-404","Kepler-404 b",,,"TIC 158268972","Gaia DR2 2106431392811409536","Gaia DR3 2106431392811409536",0
"Kepler-404","Kepler-404 c",,,"TIC 158268972","Gaia DR2 2106431392811409536","Gaia DR3 2106431392811409536",0
"Kepler-405","Kepler-405 b",,,"TIC 137150544","Gaia DR2 2052726984308676864","Gaia DR3 2052726984308676864",0
"Kepler-405","Kepler-405 c",,,"TIC 137150544","Gaia DR2 2052726984308676864","Gaia DR3 2052726984308676864",0
"Kepler-406","Kepler-406 b",,,"TIC 63066101","Gaia DR2 2126601108991279872","Gaia DR3 2126601108991279872",0
"Kepler-406","Kepler-406 c",,,"TIC 63066101","Gaia DR2 2126601108991279872","Gaia DR3 2126601108991279872",0
"Kepler-407","Kepler-407 b",,,"TIC 405688133","Gaia DR2 2132086400701217792","Gaia DR3 2132086400701217792",0
"Kepler-407","Kepler-407 c",,,"TIC 405688133","Gaia DR2 2132086400701217792","Gaia DR3 2132086400701217792",0
"Kepler-408","Kepler-408 b",,,"TIC 48450369","Gaia DR2 2131593785132997632","Gaia DR3 2131593785132997632",0
"Kepler-409","Kepler-409 b",,,"TIC 270619260","Gaia DR2 2128215909315876352","Gaia DR3 2128215909315876352",0
"Kepler-41","Kepler-41 b",,,"TIC 271042217","Gaia DR2 2080061942886335744","Gaia DR3 2080061942886335744",0
"Kepler-410 A","Kepler-410 A b","HD 175289",,"TIC 164458714","Gaia DR2 2106904148451706752","Gaia DR3 2106904148451706752",0
"Kepler-411","Kepler-411 b",,,"TIC 399954349","Gaia DR2 2132768952604988672","Gaia DR3 2132768956905956352",0
"Kepler-411","Kepler-411 c",,,"TIC 399954349","Gaia DR2 2132768952604988672","Gaia DR3 2132768956905956352",0
"Kepler-411","Kepler-411 d",,,"TIC 399954349","Gaia DR2 2132768952604988672","Gaia DR3 2132768956905956352",0
"Kepler-411","Kepler-411 e",,,"TIC 399954349","Gaia DR2 2132768952604988672","Gaia DR3 2132768956905956352",0
"Kepler-412","Kepler-412 b",,,"TIC 158170594","Gaia DR2 2105678089908733824","Gaia DR3 2105678089908733824",0
"Kepler-413","Kepler-413 b",,,"TIC 298969838","Gaia DR2 2133352385261516928","Gaia DR3 2133352385261516928",1
"Kepler-414","Kepler-414 b",,,"TIC 28357724","Gaia DR2 2086519821353411456","Gaia DR3 2086519821353411456",0
"Kepler-414","Kepler-414 c",,,"TIC 28357724","Gaia DR2 2086519821353411456","Gaia DR3 2086519821353411456",0
"Kepler-415","Kepler-415 b",,,"TIC 138365520","Gaia DR2 2052280548230453760","Gaia DR3 2052280548230453760",0
"Kepler-415","Kepler-415 c",,,"TIC 138365520","Gaia DR2 2052280548230453760","Gaia DR3 2052280548230453760",0
"Kepler-416","Kepler-416 b",,,"TIC 137217372","Gaia DR2 2052975370856687744","Gaia DR3 2052975370856687744",0
"Kepler-416","Kepler-416 c",,,"TIC 137217372","Gaia DR2 2052975370856687744","Gaia DR3 2052975370856687744",0
"Kepler-416","Kepler-416 d",,,"TIC 137217372","Gaia DR2 2052975370856687744","Gaia DR3 2052975370856687744",0
"Kepler-417","Kepler-417 b",,,"TIC 270705374","Gaia DR2 2077774099706867712","Gaia DR3 2077774099706867712",0
"Kepler-417","Kepler-417 c",,,"TIC 270705374","Gaia DR2 2077774099706867712","Gaia DR3 2077774099706867712",0
"Kepler-418","Kepler-418 b",,,"TIC 377871791","Gaia DR2 2052117923590073600","Gaia DR3 2052117923590073600",0
"Kepler-418","Kepler-418 c",,,"TIC 377871791","Gaia DR2 2052117923590073600","Gaia DR3 2052117923590073600",0
"Kepler-419","Kepler-419 b",,,"TIC 27454084","Gaia DR2 2135604425595213440","Gaia DR3 2135604425595213440",0
"Kepler-419","Kepler-419 c",,,"TIC 27454084","Gaia DR2 2135604425595213440","Gaia DR3 2135604425595213440",0
"Kepler-42","Kepler-42 b",,,"TIC 63126862","Gaia DR2 2126556132093765888","Gaia DR3 2126556132093765888",0
"Kepler-42","Kepler-42 c",,,"TIC 63126862","Gaia DR2 2126556132093765888","Gaia DR3 2126556132093765888",0
"Kepler-42","Kepler-42 d",,,"TIC 63126862","Gaia DR2 2126556132093765888","Gaia DR3 2126556132093765888",0
"Kepler-421","Kepler-421 b",,,"TIC 164522394","Gaia DR2 2106891671567353728","Gaia DR3 2106891671567353728",0
"Kepler-422","Kepler-422 b",,,"TIC 123495874","Gaia DR2 2107114704928577792","Gaia DR3 2107114704928577792",0
"Kepler-423","Kepler-423 b",,,"TIC 63452790","Gaia DR2 2128273225659492608","Gaia DR3 2128273225659492608",0
"Kepler-424","Kepler-424 b",,,"TIC 264508014","Gaia DR2 2086877265710250496","Gaia DR3 2086877265710250496",0
"Kepler-424","Kepler-424 c",,,"TIC 264508014","Gaia DR2 2086877265710250496","Gaia DR3 2086877265710250496",0
"Kepler-425","Kepler-425 b",,,"TIC 122441491","Gaia DR2 2101184111011462144","Gaia DR3 2101184111011462144",0
"Kepler-426","Kepler-426 b",,,"TIC 299220166","Gaia DR2 2132623993168462464","Gaia DR3 2132623993168462464",0
"Kepler-427","Kepler-427 b",,,"TIC 158668572","Gaia DR2 2103014626070505344","Gaia DR3 2103014626070505344",0
"Kepler-428","Kepler-428 b",,,"TIC 122596693","Gaia DR2 2101186168296277376","Gaia DR3 2101186168296277376",0
"Kepler-43","Kepler-43 b",,,"TIC 164892194","Gaia DR2 2107314266289095296","Gaia DR3 2107314266289095296",0
"Kepler-430","Kepler-430 b",,,"TIC 26748113","Gaia DR2 2129833810615727488","Gaia DR3 2129833810615727488",0
"Kepler-430","Kepler-430 c",,,"TIC 26748113","Gaia DR2 2129833810615727488","Gaia DR3 2129833810615727488",0
"Kepler-431","Kepler-431 b",,,"TIC 123231081","Gaia DR2 2116862833283266432","Gaia DR3 2116862833283266432",0
"Kepler-431","Kepler-431 c",,,"TIC 123231081","Gaia DR2 2116862833283266432","Gaia DR3 2116862833283266432",0
"Kepler-431","Kepler-431 d",,,"TIC 123231081","Gaia DR2 2116862833283266432","Gaia DR3 2116862833283266432",0
"Kepler-432","Kepler-432 b",,,"TIC 26817004","Gaia DR2 2128901871432519936","Gaia DR3 2128901871432519936",0
"Kepler-432","Kepler-432 c",,,"TIC 26817004","Gaia DR2 2128901871432519936","Gaia DR3 2128901871432519936",0
"Kepler-433","Kepler-433 b",,,"TIC 169556484","Gaia DR2 2073856917743350784","Gaia DR3 2073856917743350784",0
"Kepler-434","Kepler-434 b",,,"TIC 270611401","Gaia DR2 2077823440291891840","Gaia DR3 2077823440291891840",0
"Kepler-435","Kepler-435 b",,,"TIC 63211674","Gaia DR2 2125913531966017408","Gaia DR3 2125913531966017408",0
"Kepler-436","Kepler-436 b",,,"TIC 185408817","Gaia DR2 2081897989863673216","Gaia DR3 2081897989863673216",0
"Kepler-436","Kepler-436 c",,,"TIC 185408817","Gaia DR2 2081897989863673216","Gaia DR3 2081897989863673216",0
"Kepler-437","Kepler-437 b",,,"TIC 273138666","Gaia DR2 2078866498869416960",,0
"Kepler-438","Kepler-438 b",,,"TIC 336266673","Gaia DR2 2104675781979819776","Gaia DR3 2104675781979819776",0
"Kepler-439","Kepler-439 b",,,"TIC 123202589","Gaia DR2 2117331813650826624","Gaia DR3 2117331813650826624",0
"Kepler-44","Kepler-44 b",,,"TIC 239277658","Gaia DR2 2085222191474854656","Gaia DR3 2085222191474854656",0
"Kepler-440","Kepler-440 b",,,"TIC 120495880","Gaia DR2 2103871317426712448","Gaia DR3 2103871317426712448",0
"Kepler-441","Kepler-441 b",,,"TIC 267667567","Gaia DR2 2131799084568477056","Gaia DR3 2131799084568477056",0
"Kepler-442","Kepler-442 b",,,"TIC 120499135","Gaia DR2 2100258047339711488","Gaia DR3 2100258047339711488",0
"Kepler-443","Kepler-443 b",,,"TIC 299030246","Gaia DR2 2132699137916968576","Gaia DR3 2132699137916968576",0
"Kepler-444","Kepler-444 b",,"HIP 94931","TIC 394172596","Gaia DR2 2101486923385239808","Gaia DR3 2101486923385239808",0
"Kepler-444","Kepler-444 c",,"HIP 94931","TIC 394172596","Gaia DR2 2101486923385239808","Gaia DR3 2101486923385239808",0
"Kepler-444","Kepler-444 d",,"HIP 94931","TIC 394172596","Gaia DR2 2101486923385239808","Gaia DR3 2101486923385239808",0
"Kepler-444","Kepler-444 e",,"HIP 94931","TIC 394172596","Gaia DR2 2101486923385239808","Gaia DR3 2101486923385239808",0
"Kepler-444","Kepler-444 f",,"HIP 94931","TIC 394172596","Gaia DR2 2101486923385239808","Gaia DR3 2101486923385239808",0
"Kepler-445","Kepler-445 b",,,"TIC 268060194","Gaia DR2 2085482775729637376","Gaia DR3 2085482775729637376",0
"Kepler-445","Kepler-445 c",,,"TIC 268060194","Gaia DR2 2085482775729637376","Gaia DR3 2085482775729637376",0
"Kepler-445","Kepler-445 d",,,"TIC 268060194","Gaia DR2 2085482775729637376","Gaia DR3 2085482775729637376",0
"Kepler-446","Kepler-446 b",,,"TIC 123417850","Gaia DR2 2106929849536047744","Gaia DR3 2106929849536047744",0
"Kepler-446","Kepler-446 c",,,"TIC 123417850","Gaia DR2 2106929849536047744","Gaia DR3 2106929849536047744",0
"Kepler-446","Kepler-446 d",,,"TIC 123417850","Gaia DR2 2106929849536047744","Gaia DR3 2106929849536047744",0
"Kepler-447","Kepler-447 b",,,"TIC 48506505","Gaia DR2 2131587531660567296","Gaia DR3 2131587531660567296",0
"KOI-12","Kepler-448 c",,,"TIC 169461816","Gaia DR2 2073860662955260416","Gaia DR3 2073860662955260416",0
"Kepler-449","Kepler-449 b",,,"TIC 270779644","Gaia DR2 2077618037775709568",,0
"Kepler-449","Kepler-449 c",,,"TIC 270779644","Gaia DR2 2077618037775709568",,0
"Kepler-45","Kepler-45 b",,,"TIC 137899948","Gaia DR2 2053562475706063744","Gaia DR3 2053562475706063744",0
"Kepler-450","Kepler-450 b",,,"TIC 27534138","Gaia DR2 2135590578620605568","Gaia DR3 2135590578620605568",0
"Kepler-450","Kepler-450 c",,,"TIC 27534138","Gaia DR2 2135590578620605568","Gaia DR3 2135590578620605568",0
"Kepler-450","Kepler-450 d",,,"TIC 27534138","Gaia DR2 2135590578620605568","Gaia DR3 2135590578620605568",0
"2MASS J19383260+4603591","Kepler-451 c",,,"TIC 271164763","Gaia DR2 2080063931448749824","Gaia DR3 2080063931448749824",1
"2MASS J19383260+4603591","Kepler-451 d",,,"TIC 271164763","Gaia DR2 2080063931448749824","Gaia DR3 2080063931448749824",1
"Kepler-452","Kepler-452 b",,,"TIC 272174474","Gaia DR2 2079597124345617280","Gaia DR3 2079597124345617280",0
"Kepler-453","Kepler-453 b",,,"TIC 164457525","Gaia DR2 2107434834610481920","Gaia DR3 2107434834610481920",1
"Kepler-454","Kepler-454 b",,,"TIC 121276638","Gaia DR2 2099541715513813504","Gaia DR3 2099541715513813504",0
"Kepler-454","Kepler-454 c",,,"TIC 121276638","Gaia DR2 2099541715513813504","Gaia DR3 2099541715513813504",0
"Kepler-454","Kepler-454 d",,,"TIC 121276638","Gaia DR2 2099541715513813504","Gaia DR3 2099541715513813504",0
"KOI-7892","Kepler-457 d",,,"TIC 123449386","Gaia DR2 2105414310196331264","Gaia DR3 2105414310196331264",0
"KIC 9663113","Kepler-458 c",,,"TIC 272844987","Gaia DR2 2080266967444876032","Gaia DR3 2080266967444876032",0
"Kepler-46","Kepler-46 b",,,"TIC 158992508","Gaia DR2 2102700131386216576","Gaia DR3 2102700131386216576",0
"Kepler-46","Kepler-46 c",,,"TIC 158992508","Gaia DR2 2102700131386216576","Gaia DR3 2102700131386216576",0
"Kepler-46","Kepler-46 d",,,"TIC 158992508","Gaia DR2 2102700131386216576","Gaia DR3 2102700131386216576",0
"KIC 5437945","Kepler-460 c",,,"TIC 121603086","Gaia DR2 2102070660978313472","Gaia DR3 2102070660978313472",0
"Kepler-461","Kepler-461 b",,,"TIC 63206513","Gaia DR2 2126801563705846528","Gaia DR3 2126801563705846528",0
"Kepler-462","Kepler-462 b",,,"TIC 269263577","Gaia DR2 2075998903831657472","Gaia DR3 2075998903831657472",0
"Kepler-462","Kepler-462 c",,,"TIC 269263577","Gaia DR2 2075998903831657472","Gaia DR3 2075998903831657472",0
"Kepler-463","Kepler-463 b",,,"TIC 268481319","Gaia DR2 2079192121810035840","Gaia DR3 2079192121810035840",0
"Kepler-464","Kepler-464 b",,,"TIC 27239696","Gaia DR2 2134798444914611712","Gaia DR3 2134798444914611712",0
"Kepler-465","Kepler-465 b",,,"TIC 164725204","Gaia DR2 2107236613280607104","Gaia DR3 2107236613280607104",0
"Kepler-466","Kepler-466 b",,,"TIC 27644083","Gaia DR2 2134719834131370496","Gaia DR3 2134719834131370496",0
"Kepler-466","Kepler-466 c",,,"TIC 27644083","Gaia DR2 2134719834131370496","Gaia DR3 2134719834131370496",0
"Kepler-467","Kepler-467 b",,,"TIC 121214078","Gaia DR2 2099605968225288960","Gaia DR3 2099605968225288960",0
"Kepler-468","Kepler-468 b",,,"TIC 299087490","Gaia DR2 2132666633603904256","Gaia DR3 2132666633603904256",0
"Kepler-47","Kepler-47 b",,,"TIC 271548206","Gaia DR2 2080506523540902912","Gaia DR3 2080506523540902912",1
"Kepler-47","Kepler-47 c",,,"TIC 271548206","Gaia DR2 2080506523540902912","Gaia DR3 2080506523540902912",1
"Kepler-47","Kepler-47 d",,,"TIC 271548206","Gaia DR2 2080506523540902912","Gaia DR3 2080506523540902912",1
"Kepler-471","Kepler-471 b",,,"TIC 268604331","Gaia DR2 2075972481191725696","Gaia DR3 2075972481191725696",0
"Kepler-472","Kepler-472 b",,,"TIC 184554925","Gaia DR2 2073277200237694464","Gaia DR3 2073277200237694464",0
"Kepler-473","Kepler-473 b",,,"TIC 120961632","Gaia DR2 2100009935669354240","Gaia DR3 2100009935669354240",0
"Kepler-474","Kepler-474 b",,,"TIC 63210391","Gaia DR2 2125972321478224896","Gaia DR3 2125972321478224896",0
"Kepler-475","Kepler-475 b",,,"TIC 121108727","Gaia DR2 2100597143598879616","Gaia DR3 2100597143598879616",0
"Kepler-476","Kepler-476 b",,,"TIC 271430806","Gaia DR2 2078122984191734016",,0
"Kepler-477","Kepler-477 b",,,"TIC 158633329",,,0
"Kepler-478","Kepler-478 b",,,"TIC 63289259","Gaia DR2 2128256492466658176","Gaia DR3 2128256492468364160",0
"Kepler-479","Kepler-479 b",,,"TIC 122682249","Gaia DR2 2052548107508601216","Gaia DR3 2052548107508601216",0
"Kepler-48","Kepler-48 b",,,"TIC 171882123","Gaia DR2 2075112109039378688","Gaia DR3 2075112109039378688",0
"Kepler-48","Kepler-48 c",,,"TIC 171882123","Gaia DR2 2075112109039378688","Gaia DR3 2075112109039378688",0
"Kepler-48","Kepler-48 d",,,"TIC 171882123","Gaia DR2 2075112109039378688","Gaia DR3 2075112109039378688",0
"Kepler-48","Kepler-48 e",,,"TIC 171882123","Gaia DR2 2075112109039378688","Gaia DR3 2075112109039378688",0
"Kepler-48","Kepler-48 f",,,"TIC 171882123","Gaia DR2 2075112109039378688","Gaia DR3 2075112109039378688",0
"Kepler-480","Kepler-480 b",,,"TIC 27187218","Gaia DR2 2135044568018500096","Gaia DR3 2135044568018500096",0
"Kepler-481","Kepler-481 b",,,"TIC 26541093","Gaia DR2 2129753580626548736","Gaia DR3 2129753580626548736",0
"Kepler-482","Kepler-482 b",,,"TIC 27987264","Gaia DR2 2086629463276947456","Gaia DR3 2086629463276947456",0
"Kepler-483","Kepler-483 b",,,"TIC 137342400","Gaia DR2 2101719263935952768","Gaia DR3 2101719263935952768",0
"Kepler-484","Kepler-484 b",,,"TIC 164721759","Gaia DR2 2107243072911617024","Gaia DR3 2107243072911617024",0
"Kepler-485","Kepler-485 b",,,"TIC 27318774","Gaia DR2 2135184068555793024","Gaia DR3 2135184068555793024",0
"Kepler-487","Kepler-487 b",,,"TIC 139158696","Gaia DR2 2076692386427776768","Gaia DR3 2076692386427776768",0
"Kepler-487","Kepler-487 c",,,"TIC 139158696","Gaia DR2 2076692386427776768","Gaia DR3 2076692386427776768",0
"Kepler-487","Kepler-487 d",,,"TIC 139158696","Gaia DR2 2076692386427776768","Gaia DR3 2076692386427776768",0
"Kepler-489","Kepler-489 b",,,"TIC 122607554","Gaia DR2 2052616586468670976","Gaia DR3 2052616586468670976",0
"Kepler-49","Kepler-49 b",,,"TIC 137555411","Gaia DR2 2053523271244105216","Gaia DR3 2053523271244105216",0
"Kepler-49","Kepler-49 c",,,"TIC 137555411","Gaia DR2 2053523271244105216","Gaia DR3 2053523271244105216",0
"Kepler-49","Kepler-49 d",,,"TIC 137555411","Gaia DR2 2053523271244105216","Gaia DR3 2053523271244105216",0
"Kepler-49","Kepler-49 e",,,"TIC 137555411","Gaia DR2 2053523271244105216","Gaia DR3 2053523271244105216",0
"Kepler-490","Kepler-490 b",,,"TIC 271424111","Gaia DR2 2128525460498487424","Gaia DR3 2128525460498487424",0
"Kepler-491","Kepler-491 b",,,"TIC 158388163","Gaia DR2 2102468134431912064","Gaia DR3 2102468134431912064",0
"Kepler-493","Kepler-493 b",,,"TIC 139104940","Gaia DR2 2076166029596100224","Gaia DR3 2076166029596100224",0
"Kepler-495","Kepler-495 b",,,"TIC 120692092","Gaia DR2 2100073393808483328","Gaia DR3 2100073393808483328",0
"Kepler-495","Kepler-495 c",,,"TIC 120692092","Gaia DR2 2100073393808483328","Gaia DR3 2100073393808483328",0
"Kepler-496","Kepler-496 b",,,"TIC 137341066","Gaia DR2 2101650647537529088","Gaia DR3 2101650647537529088",0
"Kepler-497","Kepler-497 b",,,"TIC 122605766","Gaia DR2 2052865419692829056","Gaia DR3 2052865419692829056",0
"Kepler-498","Kepler-498 b",,,"TIC 159384648","Gaia DR2 2126984220073270784","Gaia DR3 2126984220073270784",0
"Kepler-499","Kepler-499 b",,,"TIC 271430916","Gaia DR2 2078125359313871488","Gaia DR3 2078125359313871488",0
"Kepler-5","Kepler-5 b",,,"TIC 268823307","Gaia DR2 2079018300195390464","Gaia DR3 2079018300195390464",0
"Kepler-50","Kepler-50 b",,,"TIC 298896336","Gaia DR2 2132885157240180864","Gaia DR3 2132885161540029952",0
"Kepler-50","Kepler-50 c",,,"TIC 298896336","Gaia DR2 2132885157240180864","Gaia DR3 2132885161540029952",0
"Kepler-500","Kepler-500 b",,,"TIC 271968263","Gaia DR2 2079563829758338432","Gaia DR3 2079563829758338432",0
"Kepler-501","Kepler-501 b",,,"TIC 169176340","Gaia DR2 2076943796633684352","Gaia DR3 2076943796633684352",0
"Kepler-501","Kepler-501 c",,,"TIC 169176340","Gaia DR2 2076943796633684352","Gaia DR3 2076943796633684352",0
"Kepler-502","Kepler-502 b",,,"TIC 159578156","Gaia DR2 2126099078855696256","Gaia DR3 2126099078855696256",0
"Kepler-504","Kepler-504 b",,,"TIC 164832454","Gaia DR2 2107186134525176960","Gaia DR3 2107186134525176960",0
"Kepler-505","Kepler-505 b",,,"TIC 158631520","Gaia DR2 2102511874378223360","Gaia DR3 2102511874378223360",0
"Kepler-506","Kepler-506 b",,,"TIC 120317234","Gaia DR2 2103452266056715392","Gaia DR3 2103452266056715392",0
"Kepler-507","Kepler-507 b",,,"TIC 27992970","Gaia DR2 2135314184585149696","Gaia DR3 2135314184585149696",0
"Kepler-508","Kepler-508 b",,,"TIC 271671025","Gaia DR2 2078008703696509056","Gaia DR3 2078008703696509056",0
"Kepler-509","Kepler-509 b",,,"TIC 416283848","Gaia DR2 2129495057954829952","Gaia DR3 2129495057954829952",0
"Kepler-51","Kepler-51 b",,,"TIC 27846348","Gaia DR2 2135275362382289280","Gaia DR3 2135275362382289280",0
"Kepler-51","Kepler-51 c",,,"TIC 27846348","Gaia DR2 2135275362382289280","Gaia DR3 2135275362382289280",0
"Kepler-51","Kepler-51 d",,,"TIC 27846348","Gaia DR2 2135275362382289280","Gaia DR3 2135275362382289280",0
"Kepler-51","Kepler-51 e",,,"TIC 27846348","Gaia DR2 2135275362382289280","Gaia DR3 2135275362382289280",0
"Kepler-510","Kepler-510 b",,,"TIC 121327187","Gaia DR2 2099656472742686848","Gaia DR3 2099656472742686848",0
"Kepler-511","Kepler-511 b",,,"TIC 164456037","Gaia DR2 2107644188496163200","Gaia DR3 2107644188496163200",0
"Kepler-511","Kepler-511 c",,,"TIC 164456037","Gaia DR2 2107644188496163200","Gaia DR3 2107644188496163200",0
"Kepler-512","Kepler-512 b",,,"TIC 28448711","Gaia DR2 2086940448965828992","Gaia DR3 2086940448965828992",0
"Kepler-513","Kepler-513 b",,,"TIC 48503953","Gaia DR2 2132325200882204544","Gaia DR3 2132325200882204544",0
"Kepler-514","Kepler-514 b",,,"TIC 405717552","Gaia DR2 2133611659549905024","Gaia DR3 2133611659549905024",0
"Kepler-515","Kepler-515 b",,,"TIC 406997913",,,0
"Kepler-516","Kepler-516 b",,,"TIC 184085929","Gaia DR2 2073155184495069184","Gaia DR3 2073155184495069184",0
"Kepler-517","Kepler-517 b",,,"TIC 138297129","Gaia DR2 2077409645964537472","Gaia DR3 2077409645964537472",0
"Kepler-518","Kepler-518 b",,,"TIC 121112251","Gaia DR2 2100906140725803392","Gaia DR3 2100906140725803392",0
"Kepler-519","Kepler-519 b",,,"TIC 171971913","Gaia DR2 2075161655782111872","Gaia DR3 2075161655782111872",0
"Kepler-52","Kepler-52 b",,,"TIC 399825554","Gaia DR2 2133589776693414016","Gaia DR3 2133589776693414016",0
"Kepler-52","Kepler-52 c",,,"TIC 399825554","Gaia DR2 2133589776693414016","Gaia DR3 2133589776693414016",0
"Kepler-52","Kepler-52 d",,,"TIC 399825554","Gaia DR2 2133589776693414016","Gaia DR3 2133589776693414016",0
"Kepler-520","Kepler-520 b",,,"TIC 138097531","Gaia DR2 2077598384004774912","Gaia DR3 2077598384004774912",0
"Kepler-520","Kepler-520 c",,,"TIC 138097531","Gaia DR2 2077598384004774912","Gaia DR3 2077598384004774912",0
"Kepler-521","Kepler-521 b",,,"TIC 268302011","Gaia DR2 2079005651508492032","Gaia DR3 2079005651508492032",0
"Kepler-522","Kepler-522 b",,,"TIC 158657354","Gaia DR2 2103117666624517888","Gaia DR3 2103117666624517888",0
"Kepler-523","Kepler-523 b",,,"TIC 164654277","Gaia DR2 2106821925598401152","Gaia DR3 2106821925598401152",0
"Kepler-524","Kepler-524 b",,,"TIC 27914389","Gaia DR2 2086827237930612096","Gaia DR3 2086827237930612096",0
"Kepler-524","Kepler-524 c",,,"TIC 27914389","Gaia DR2 2086827237930612096","Gaia DR3 2086827237930612096",0
"Kepler-525","Kepler-525 b",,,"TIC 272279290","Gaia DR2 2080580328258222208","Gaia DR3 2080580328258222208",0
"Kepler-526","Kepler-526 b",,,"TIC 273377282","Gaia DR2 2086398222240415616","Gaia DR3 2086398222240415616",0
"Kepler-527","Kepler-527 b",,,"TIC 159642269","Gaia DR2 2129162283888866688","Gaia DR3 2129162283888866688",0
"Kepler-528","Kepler-528 b",,,"TIC 271877680","Gaia DR2 2080650559563974144","Gaia DR3 2080650559563974144",0
"Kepler-529","Kepler-529 b",,,"TIC 158108219","Gaia DR2 2131505514964760832","Gaia DR3 2131505514964760832",0
"Kepler-529","Kepler-529 c",,,"TIC 158108219","Gaia DR2 2131505514964760832","Gaia DR3 2131505514964760832",0
"Kepler-529","Kepler-529 d",,,"TIC 158108219","Gaia DR2 2131505514964760832","Gaia DR3 2131505514964760832",0
"Kepler-53","Kepler-53 b",,,"TIC 122446315","Gaia DR2 2101188990094347648","Gaia DR3 2101188990094347648",0
"Kepler-53","Kepler-53 c",,,"TIC 122446315","Gaia DR2 2101188990094347648","Gaia DR3 2101188990094347648",0
"Kepler-53","Kepler-53 d",,,"TIC 122446315","Gaia DR2 2101188990094347648","Gaia DR3 2101188990094347648",0
"Kepler-530","Kepler-530 b",,,"TIC 48305629","Gaia DR2 2131736137528127744","Gaia DR3 2131736137528127744",0
"Kepler-531","Kepler-531 b",,,"TIC 243272677","Gaia DR2 2131181055955983232","Gaia DR3 2131181055955983232",0
"Kepler-532","Kepler-532 b",,,"TIC 264507945","Gaia DR2 2086877368789994240","Gaia DR3 2086877368789994240",0
"Kepler-533","Kepler-533 b",,,"TIC 26962715","Gaia DR2 2128970419109836160","Gaia DR3 2128970419109836160",0
"Kepler-534","Kepler-534 b",,,"TIC 27847148","Gaia DR2 2134886100904948608","Gaia DR3 2134886100904948608",0
"Kepler-534","Kepler-534 c",,,"TIC 27847148","Gaia DR2 2134886100904948608","Gaia DR3 2134886100904948608",0
"Kepler-535","Kepler-535 b",,,"TIC 351192037","Gaia DR2 2134893660047959040","Gaia DR3 2134893660047959040",0
"Kepler-536","Kepler-536 b",,,"TIC 28234096","Gaia DR2 2087191485516004224","Gaia DR3 2087191485516004224",0
"Kepler-537","Kepler-537 b",,,"TIC 267673013","Gaia DR2 2133263737136893696","Gaia DR3 2133263737136893696",0
"Kepler-538","Kepler-538 b",,,"TIC 28227113","Gaia DR2 2087171453788422528","Gaia DR3 2087171453788422528",0
"Kepler-539","Kepler-539 b",,,"TIC 171510762","Gaia DR2 2075377679763353984","Gaia DR3 2075377679763353984",0
"Kepler-539","Kepler-539 c",,,"TIC 171510762","Gaia DR2 2075377679763353984","Gaia DR3 2075377679763353984",0
"Kepler-54","Kepler-54 b",,,"TIC 271262203","Gaia DR2 2077974687557384704","Gaia DR3 2077974687557384704",0
"Kepler-54","Kepler-54 c",,,"TIC 271262203","Gaia DR2 2077974687557384704","Gaia DR3 2077974687557384704",0
"Kepler-54","Kepler-54 d",,,"TIC 271262203","Gaia DR2 2077974687557384704","Gaia DR3 2077974687557384704",0
"Kepler-540","Kepler-540 b",,,"TIC 159452015","Gaia DR2 2127008611187043456","Gaia DR3 2127008611187043456",0
"Kepler-541","Kepler-541 b",,,"TIC 138569175","Gaia DR2 2052168466766597120","Gaia DR3 2052168466766597120",0
"Kepler-542","Kepler-542 b",,,"TIC 137484431","Gaia DR2 2052695678282371840","Gaia DR3 2052695678282371840",0
"Kepler-543","Kepler-543 b",,,"TIC 121123361","Gaia DR2 2099620777272914944","Gaia DR3 2099620777272914944",0
"Kepler-544","Kepler-544 b",,,"TIC 138571095","Gaia DR2 2052388643966743424","Gaia DR3 2052388643966743424",0
"Kepler-545","Kepler-545 b",,,"TIC 122446089","Gaia DR2 2101191326556650368","Gaia DR3 2101191326556650368",0
"Kepler-546","Kepler-546 b",,,"TIC 237158650","Gaia DR2 2104353590712705152","Gaia DR3 2104353590712705152",0
"Kepler-547","Kepler-547 b",,,"TIC 158171456","Gaia DR2 2106279179170588288","Gaia DR3 2106279179170588288",0
"Kepler-548","Kepler-548 b",,,"TIC 269269546","Gaia DR2 2085193569812098944","Gaia DR3 2085193569812098944",0
"Kepler-549","Kepler-549 b",,,"TIC 164455792","Gaia DR2 2107622335702262400","Gaia DR3 2107622335702262400",0
"Kepler-549","Kepler-549 c",,,"TIC 164455792","Gaia DR2 2107622335702262400","Gaia DR3 2107622335702262400",0
"Kepler-549","Kepler-549 d",,,"TIC 164455792","Gaia DR2 2107622335702262400","Gaia DR3 2107622335702262400",0
"Kepler-55","Kepler-55 b",,,"TIC 164884002","Gaia DR2 2105930840143687680","Gaia DR3 2105930840143687680",0
"Kepler-55","Kepler-55 c",,,"TIC 164884002","Gaia DR2 2105930840143687680","Gaia DR3 2105930840143687680",0
"Kepler-55","Kepler-55 d",,,"TIC 164884002","Gaia DR2 2105930840143687680","Gaia DR3 2105930840143687680",0
"Kepler-55","Kepler-55 e",,,"TIC 164884002","Gaia DR2 2105930840143687680","Gaia DR3 2105930840143687680",0
"Kepler-55","Kepler-55 f",,,"TIC 164884002","Gaia DR2 2105930840143687680","Gaia DR3 2105930840143687680",0
"Kepler-550","Kepler-550 b",,,"TIC 273376082","Gaia DR2 2086414268238649984","Gaia DR3 2086414268238649984",0
"Kepler-551","Kepler-551 b",,,"TIC 350812580","Gaia DR2 2131523553827356544","Gaia DR3 2131523553827356544",0
"Kepler-552","Kepler-552 b",,,"TIC 417659456","Gaia DR2 2129500383713365248","Gaia DR3 2129500383713365248",0
"Kepler-553","Kepler-553 b",,,"TIC 264508613","Gaia DR2 2086498312157538688","Gaia DR3 2086498312157538688",0
"Kepler-553","Kepler-553 c",,,"TIC 264508613","Gaia DR2 2086498312157538688","Gaia DR3 2086498312157538688",0
"Kepler-554","Kepler-554 b",,,"TIC 27843707","Gaia DR2 2135507634212719104","Gaia DR3 2135507634212719104",0
"Kepler-555","Kepler-555 b",,,"TIC 120572779","Gaia DR2 2100232689851871488","Gaia DR3 2100232689851871488",0
"Kepler-556","Kepler-556 b",,,"TIC 122449752","Gaia DR2 2052912492534229504","Gaia DR3 2052912492534229504",0
"Kepler-557","Kepler-557 b",,,"TIC 138222081","Gaia DR2 2077604981074933120","Gaia DR3 2077604981077075712",0
"Kepler-558","Kepler-558 b",,,"TIC 164730843","Gaia DR2 2104251370492901760","Gaia DR3 2104251370492901760",0
"Kepler-559","Kepler-559 b",,,"TIC 272488625","Gaia DR2 2078818944993952256","Gaia DR3 2078818944993952256",0
"Kepler-56","Kepler-56 b",,,"TIC 138430034","Gaia DR2 2077617930392844800","Gaia DR3 2077617930392844800",0
"Kepler-56","Kepler-56 c",,,"TIC 138430034","Gaia DR2 2077617930392844800","Gaia DR3 2077617930392844800",0
"Kepler-56","Kepler-56 d",,,"TIC 138430034","Gaia DR2 2077617930392844800","Gaia DR3 2077617930392844800",0
"Kepler-560","Kepler-560 b",,,"TIC 239275865","Gaia DR2 2082162147537254400","Gaia DR3 2082162147537254400",0
"Kepler-561","Kepler-561 b",,,"TIC 270700432","Gaia DR2 2126454633427425664","Gaia DR3 2126454633427425664",0
"Kepler-561","Kepler-561 c",,,"TIC 270700432","Gaia DR2 2126454633427425664","Gaia DR3 2126454633427425664",0
"Kepler-562","Kepler-562 b",,,"TIC 159301821","Gaia DR2 2127518891962700672","Gaia DR3 2127518891962700672",0
"Kepler-563","Kepler-563 b",,,"TIC 63289401","Gaia DR2 2128258141734121600","Gaia DR3 2128258141734121600",0
"Kepler-564","Kepler-564 b",,,"TIC 272838324","Gaia DR2 2080326444152019456","Gaia DR3 2080326444152019456",0
"Kepler-565","Kepler-565 b",,,"TIC 164556745",,,0
"Kepler-566","Kepler-566 b",,,"TIC 159727092","Gaia DR2 2129241586165440768","Gaia DR3 2129241586165440768",0
"Kepler-567","Kepler-567 b",,,"TIC 28231454","Gaia DR2 2086532122140235904","Gaia DR3 2086532122140235904",0
"Kepler-568","Kepler-568 b",,,"TIC 28361088","Gaia DR2 2086543048537237760","Gaia DR3 2086543048537237760",0
"Kepler-569","Kepler-569 b",,,"TIC 48353203","Gaia DR2 2131729780976557952","Gaia DR3 2131729780976557952",0
"Kepler-57","Kepler-57 b",,,"TIC 270615136","Gaia DR2 2126418658780855296","Gaia DR3 2126418658780855296",0
"Kepler-57","Kepler-57 c",,,"TIC 270615136","Gaia DR2 2126418658780855296","Gaia DR3 2126418658780855296",0
"Kepler-570","Kepler-570 b",,,"TIC 407001624","Gaia DR2 2129531822874416640","Gaia DR3 2129531822874416640",0
"Kepler-571","Kepler-571 b",,,"TIC 243271972","Gaia DR2 2132069598789224960","Gaia DR3 2132069598789224960",0
"Kepler-572","Kepler-572 b",,,"TIC 350738817","Gaia DR2 2130168405747219072","Gaia DR3 2130168405747219072",0
"Kepler-573","Kepler-573 b",,,"TIC 416266820","Gaia DR2 2133242846415831936","Gaia DR3 2133242846415831936",0
"Kepler-574","Kepler-574 b",,,"TIC 406952542","Gaia DR2 2139316308129355520","Gaia DR3 2139316308129355520",0
"Kepler-575","Kepler-575 b",,,"TIC 121022533","Gaia DR2 2099156817725596800","Gaia DR3 2099156817725596800",0
"Kepler-576","Kepler-576 b",,,"TIC 139036554","Gaia DR2 2052140601018026496","Gaia DR3 2052140601018026496",0
"Kepler-577","Kepler-577 b",,,"TIC 378085037","Gaia DR2 2052212996988534656","Gaia DR3 2052212996988534656",0
"Kepler-578","Kepler-578 b",,,"TIC 121734474","Gaia DR2 2099714751157275264","Gaia DR3 2099714751157275264",0
"Kepler-579","Kepler-579 b",,,"TIC 138959504","Gaia DR2 2076477053946253952","Gaia DR3 2076477053946253952",0
"Kepler-58","Kepler-58 b",,,"TIC 184471242","Gaia DR2 2073274618947678464","Gaia DR3 2073274618947678464",0
"Kepler-58","Kepler-58 c",,,"TIC 184471242","Gaia DR2 2073274618947678464","Gaia DR3 2073274618947678464",0
"Kepler-58","Kepler-58 d",,,"TIC 184471242","Gaia DR2 2073274618947678464","Gaia DR3 2073274618947678464",0
"Kepler-58","Kepler-58 e",,,"TIC 184471242","Gaia DR2 2073274618947678464","Gaia DR3 2073274618947678464",0
"Kepler-580","Kepler-580 b",,,"TIC 237188565","Gaia DR2 2103578400656053632","Gaia DR3 2103578400656053632",0
"Kepler-581","Kepler-581 b",,,"TIC 184009313","Gaia DR2 2076595869920511104","Gaia DR3 2076595869920511104",0
"Kepler-582","Kepler-582 b",,,"TIC 169556162","Gaia DR2 2073861006552197120","Gaia DR3 2073861006552197120",0
"Kepler-583","Kepler-583 b",,,"TIC 123415040","Gaia DR2 2104755256054840192","Gaia DR3 2104755256054840192",0
"Kepler-584","Kepler-584 b",,,"TIC 158722119","Gaia DR2 2102518574527334016","Gaia DR3 2102518574527334016",0
"Kepler-585","Kepler-585 b",,,"TIC 158276273","Gaia DR2 2105694410784851072","Gaia DR3 2105694410784851072",0
"Kepler-586","Kepler-586 b",,,"TIC 275490218","Gaia DR2 2126537234238972544","Gaia DR3 2126537234238972544",0
"Kepler-587","Kepler-587 b",,,"TIC 158838923","Gaia DR2 2130815021663398144","Gaia DR3 2130815021663398144",0
"Kepler-588","Kepler-588 b",,,"TIC 164723136","Gaia DR2 2131621272922307968","Gaia DR3 2131621272922307968",0
"Kepler-589","Kepler-589 b",,,"TIC 123129910","Gaia DR2 2119809116425132160","Gaia DR3 2119809116425132160",0
"Kepler-589","Kepler-589 c",,,"TIC 123129910","Gaia DR2 2119809116425132160","Gaia DR3 2119809116425132160",0
"Kepler-59","Kepler-59 b",,,"TIC 158393923","Gaia DR2 2130625287187139072","Gaia DR3 2130625287187139072",0
"Kepler-59","Kepler-59 c",,,"TIC 158393923","Gaia DR2 2130625287187139072","Gaia DR3 2130625287187139072",0
"Kepler-590","Kepler-590 b",,,"TIC 27905500","Gaia DR2 2086681002884954240","Gaia DR3 2086681002884954240",0
"Kepler-591","Kepler-591 b",,,"TIC 405686888","Gaia DR2 2131901682747346432","Gaia DR3 2131901682747346432",0
"Kepler-592","Kepler-592 b",,,"TIC 377782184","Gaia DR2 2131920370147385472","Gaia DR3 2131920370147385472",0
"Kepler-593","Kepler-593 b",,,"TIC 27391836","Gaia DR2 2128776252229952000","Gaia DR3 2128776252229952000",0
"Kepler-594","Kepler-594 b",,,"TIC 299087968","Gaia DR2 2132681339572129536","Gaia DR3 2132681339572129536",0
"Kepler-595","Kepler-595 b",,,"TIC 27231753","Gaia DR2 2135237601028549888","Gaia DR3 2135237601028549888",0
"Kepler-595","Kepler-595 c",,,"TIC 27231753","Gaia DR2 2135237601028549888","Gaia DR3 2135237601028549888",0
"Kepler-596","Kepler-596 b",,,"TIC 416267321","Gaia DR2 2133285383772329344","Gaia DR3 2133285383772329344",0
"Kepler-597","Kepler-597 b",,,"TIC 138214174","Gaia DR2 2052450079180319744","Gaia DR3 2052450079180319744",0
"Kepler-598","Kepler-598 b",,,"TIC 137969066","Gaia DR2 2053546910744629504","Gaia DR3 2053546910744629504",0
"Kepler-598","Kepler-598 c",,,"TIC 137969066","Gaia DR2 2053546910744629504","Gaia DR3 2053546910744629504",0
"Kepler-599","Kepler-599 b",,,"TIC 120686620","Gaia DR2 2103794420332069632","Gaia DR3 2103794420332069632",0
"Kepler-6","Kepler-6 b",,,"TIC 27916356","Gaia DR2 2086636884980514304","Gaia DR3 2086636884980514304",0
"Kepler-60","Kepler-60 b",,,"TIC 158923465","Gaia DR2 2102316985943863424","Gaia DR3 2102316985943863424",0
"Kepler-60","Kepler-60 c",,,"TIC 158923465","Gaia DR2 2102316985943863424","Gaia DR3 2102316985943863424",0
"Kepler-60","Kepler-60 d",,,"TIC 158923465","Gaia DR2 2102316985943863424","Gaia DR3 2102316985943863424",0
"Kepler-600","Kepler-600 b",,,"TIC 164646661","Gaia DR2 2104875377699739648","Gaia DR3 2104875377699739648",0
"Kepler-601","Kepler-601 b",,,"TIC 351801933","Gaia DR2 2104705193915993216","Gaia DR3 2104705193915993216",0
"Kepler-602","Kepler-602 b",,,"TIC 272180918","Gaia DR2 2077119752853895552","Gaia DR3 2077119752853895552",0
"Kepler-603","Kepler-603 b",,,"TIC 270948636","Gaia DR2 2077556465126659456","Gaia DR3 2077556465126659456",0
"Kepler-603","Kepler-603 c",,,"TIC 270948636","Gaia DR2 2077556465126659456","Gaia DR3 2077556465126659456",0
"Kepler-603","Kepler-603 d",,,"TIC 270948636","Gaia DR2 2077556465126659456","Gaia DR3 2077556465126659456",0
"Kepler-604","Kepler-604 b",,,"TIC 63212809","Gaia DR2 2125758402049480704","Gaia DR3 2125758402049480704",0
"Kepler-605","Kepler-605 b",,,"TIC 158423850","Gaia DR2 2105618029085927680","Gaia DR3 2105618029085927680",0
"Kepler-605","Kepler-605 c",,,"TIC 158423850","Gaia DR2 2105618029085927680","Gaia DR3 2105618029085927680",0
"Kepler-606","Kepler-606 b",,,"TIC 63286249","Gaia DR2 2126360831342941696","Gaia DR3 2126360831342941696",0
"Kepler-607","Kepler-607 b",,,"TIC 159579593","Gaia DR2 2126248505058677120","Gaia DR3 2126248505058677120",0
"Kepler-607","Kepler-607 c",,,"TIC 159579593","Gaia DR2 2126248505058677120","Gaia DR3 2126248505058677120",0
"Kepler-608","Kepler-608 b",,,"TIC 270786157","Gaia DR2 2078399790542181376","Gaia DR3 2078399790542181376",0
"Kepler-609","Kepler-609 b",,,"TIC 63126989","Gaia DR2 2126580149550929280","Gaia DR3 2126580149550929280",0
"Kepler-61","Kepler-61 b",,,"TIC 271537530","Gaia DR2 2077889892023816960","Gaia DR3 2077889892023816960",0
"Kepler-610","Kepler-610 b",,,"TIC 275491028","Gaia DR2 2126509364192049152","Gaia DR3 2126509368492076928",0
"Kepler-610","Kepler-610 c",,,"TIC 275491028","Gaia DR2 2126509364192049152","Gaia DR3 2126509368492076928",0
"Kepler-611","Kepler-611 b",,,"TIC 158113449","Gaia DR2 2106443453079518336","Gaia DR3 2106443453079518336",0
"Kepler-612","Kepler-612 b",,,"TIC 159723305","Gaia DR2 2126684019040772480","Gaia DR3 2126684019040772480",0
"Kepler-613","Kepler-613 b",,,"TIC 164407908","Gaia DR2 2107102988257870336","Gaia DR3 2107102988257870336",0
"Kepler-614","Kepler-614 b",,,"TIC 274017990","Gaia DR2 2085519781168726912","Gaia DR3 2085519781168726912",0
"Kepler-615","Kepler-615 b",,,"TIC 123492903","Gaia DR2 2107111749991029248","Gaia DR3 2107111749991684992",0
"Kepler-616","Kepler-616 b",,,"TIC 271355361","Gaia DR2 2080484842545877120","Gaia DR3 2080484842545877120",0
"Kepler-616","Kepler-616 c",,,"TIC 271355361","Gaia DR2 2080484842545877120","Gaia DR3 2080484842545877120",0
"Kepler-616","Kepler-616 d",,,"TIC 271355361","Gaia DR2 2080484842545877120","Gaia DR3 2080484842545877120",0
"Kepler-617","Kepler-617 b",,,"TIC 164557035","Gaia DR2 2107607354856794880","Gaia DR3 2107607354856794880",0
"Kepler-618","Kepler-618 b",,,"TIC 405719849","Gaia DR2 2131136491375075328","Gaia DR3 2131136491375075328",0
"Kepler-619","Kepler-619 b",,,"TIC 417659212","Gaia DR2 2129503235571760128","Gaia DR3 2129503235571760128",0
"Kepler-619","Kepler-619 c",,,"TIC 417659212","Gaia DR2 2129503235571760128","Gaia DR3 2129503235571760128",0
"Kepler-619","Kepler-619 d",,,"TIC 417659212","Gaia DR2 2129503235571760128","Gaia DR3 2129503235571760128",0
"Kepler-62","Kepler-62 b",,,"TIC 164458488","Gaia DR2 2107001283431633408","Gaia DR3 2107001283431633408",0
"Kepler-62","Kepler-62 c",,,"TIC 164458488","Gaia DR2 2107001283431633408","Gaia DR3 2107001283431633408",0
"Kepler-62","Kepler-62 d",,,"TIC 164458488","Gaia DR2 2107001283431633408","Gaia DR3 2107001283431633408",0
"Kepler-62","Kepler-62 e",,,"TIC 164458488","Gaia DR2 2107001283431633408","Gaia DR3 2107001283431633408",0
"Kepler-62","Kepler-62 f",,,"TIC 164458488","Gaia DR2 2107001283431633408","Gaia DR3 2107001283431633408",0
"Kepler-620","Kepler-620 b",,,"TIC 350737935","Gaia DR2 2136210874976312192","Gaia DR3 2136210874976312192",0
"Kepler-621","Kepler-621 b",,,"TIC 122706051","Gaia DR2 2053067935992494848","Gaia DR3 2053067935992494848",0
"Kepler-622","Kepler-622 b",,,"TIC 120254625","Gaia DR2 2103645814462282752","Gaia DR3 2103645814462282752",0
"Kepler-623","Kepler-623 b",,,"TIC 272842291","Gaia DR2 2086388807671765504","Gaia DR3 2086388807671765504",0
"Kepler-624","Kepler-624 b",,,"TIC 138972811","Gaia DR2 2076245950349844608","Gaia DR3 2076245950349844608",0
"Kepler-625","Kepler-625 b",,,"TIC 137414304","Gaia DR2 2053177406120368896","Gaia DR3 2053177406120368896",0
"Kepler-625","Kepler-625 c",,,"TIC 137414304","Gaia DR2 2053177406120368896","Gaia DR3 2053177406120368896",0
"Kepler-626","Kepler-626 b",,,"TIC 121734202","Gaia DR2 2099728391973441920","Gaia DR3 2099728391973441920",0
"Kepler-627","Kepler-627 b",,,"TIC 137413972","Gaia DR2 2053183453434348672","Gaia DR3 2053183453434348672",0
"Kepler-629","Kepler-629 b",,,"TIC 122063843","Gaia DR2 2101248088842146688","Gaia DR3 2101248088842146688",0
"Kepler-63","Kepler-63 b",,,"TIC 299158887","Gaia DR2 2132628489996257920","Gaia DR3 2132628489996257920",0
"Kepler-630","Kepler-630 b",,,"TIC 138216186","Gaia DR2 2053235577156249088","Gaia DR3 2053235577156249088",0
"Kepler-631","Kepler-631 b",,,"TIC 168816237","Gaia DR2 2073719238270085504","Gaia DR3 2073719238270085504",0
"Kepler-632","Kepler-632 b",,,"TIC 169181786",,,0
"Kepler-633","Kepler-633 b",,,"TIC 138969239",,,0
"Kepler-633","Kepler-633 c",,,"TIC 138969239",,,0
"Kepler-634","Kepler-634 b",,,"TIC 137089993","Gaia DR2 2101507470508342016","Gaia DR3 2101507470508342016",0
"Kepler-635","Kepler-635 b",,,"TIC 394174221","Gaia DR2 2101380545634324096","Gaia DR3 2101380545634324096",0
"Kepler-636","Kepler-636 b",,,"TIC 138297607",,,0
"Kepler-637","Kepler-637 b",,,"TIC 137626872","Gaia DR2 2053626934575934464","Gaia DR3 2053626934575934464",0
"Kepler-638","Kepler-638 b",,,"TIC 120420633","Gaia DR2 2104054832788419072","Gaia DR3 2104054832788419072",0
"Kepler-639","Kepler-639 b",,,"TIC 137409501","Gaia DR2 2101675661427506432","Gaia DR3 2101675661427506432",0
"Kepler-640","Kepler-640 b",,,"TIC 272180958","Gaia DR2 2077119748545602304","Gaia DR3 2077119748545602304",0
"Kepler-641","Kepler-641 b",,,"TIC 63006978","Gaia DR2 2125777643502580864","Gaia DR3 2125777643502580864",0
"Kepler-642","Kepler-642 b",,,"TIC 270705735","Gaia DR2 2077764169742391808","Gaia DR3 2077764169742391808",0
"Kepler-643","Kepler-643 b",,,"TIC 159311390","Gaia DR2 2102038912581334656","Gaia DR3 2102038912581334656",0
"Kepler-644","Kepler-644 b",,,"TIC 271669616","Gaia DR2 2078049767888231936","Gaia DR3 2078049767888231936",0
"Kepler-645","Kepler-645 b",,,"TIC 159381747","Gaia DR2 2126865575897687168","Gaia DR3 2126865575897687168",0
"Kepler-646","Kepler-646 b",,,"TIC 159441621","Gaia DR2 2126970579257130112","Gaia DR3 2126970579257130112",0
"Kepler-647","Kepler-647 b",,,"TIC 164786172","Gaia DR2 2106710978002603904","Gaia DR3 2106710978002603904",0
"Kepler-647","Kepler-647 c",,,"TIC 164786172","Gaia DR2 2106710978002603904","Gaia DR3 2106710978002603904",0
"Kepler-648","Kepler-648 b",,,"TIC 164560223","Gaia DR2 2106784610922074496","Gaia DR3 2106784610922074496",0
"Kepler-649","Kepler-649 b",,,"TIC 352012975","Gaia DR2 2106384010732717184","Gaia DR3 2106384010732717184",0
"Kepler-65","Kepler-65 b",,,"TIC 121731834","Gaia DR2 2102119176929154304","Gaia DR3 2102119176929154304",0
"Kepler-65","Kepler-65 c",,,"TIC 121731834","Gaia DR2 2102119176929154304","Gaia DR3 2102119176929154304",0
"Kepler-65","Kepler-65 d",,,"TIC 121731834","Gaia DR2 2102119176929154304","Gaia DR3 2102119176929154304",0
"Kepler-65","Kepler-65 e",,,"TIC 121731834","Gaia DR2 2102119176929154304","Gaia DR3 2102119176929154304",0
"Kepler-650","Kepler-650 b",,,"TIC 158934047","Gaia DR2 2127172919457889792",,0
"Kepler-651","Kepler-651 b",,,"TIC 158415898","Gaia DR2 2130322955850385280","Gaia DR3 2130322955850385280",0
"Kepler-652","Kepler-652 b",,,"TIC 158660814","Gaia DR2 2130397585201614080","Gaia DR3 2130397585201614080",0
"Kepler-653","Kepler-653 b",,,"TIC 123445166","Gaia DR2 2119511080054847616","Gaia DR3 2119511080054847616",0
"Kepler-653","Kepler-653 c",,,"TIC 123445166","Gaia DR2 2119511080054847616","Gaia DR3 2119511080054847616",0
"Kepler-654","Kepler-654 b",,,"TIC 272843763","Gaia DR2 2080353416547448320","Gaia DR3 2080353416547448320",0
"Kepler-655","Kepler-655 b",,,"TIC 273044848","Gaia DR2 2080355615570219904","Gaia DR3 2080355615570219904",0
"Kepler-656","Kepler-656 b",,,"TIC 158731243","Gaia DR2 2130825020347168512","Gaia DR3 2130825020347168512",0
"Kepler-656","Kepler-656 c",,,"TIC 158731243","Gaia DR2 2130825020347168512","Gaia DR3 2130825020347168512",0
"Kepler-657","Kepler-657 b",,,"TIC 159643991","Gaia DR2 2129158435598210816","Gaia DR3 2129158435598210816",0
"Kepler-658","Kepler-658 b",,,"TIC 164456041","Gaia DR2 2107644527795544832","Gaia DR3 2107644527795544832",0
"Kepler-659","Kepler-659 b",,,"TIC 158489787","Gaia DR2 2130866904868424320","Gaia DR3 2130866904868424320",0
"Kepler-66","Kepler-66 b",,,"TIC 270790035","Gaia DR2 2128198836827103616","Gaia DR3 2128198836827103616",0
"Kepler-660","Kepler-660 b",,,"TIC 158662352","Gaia DR2 2130882023153533184","Gaia DR3 2130882023153533184",0
"Kepler-661","Kepler-661 b",,,"TIC 164557360","Gaia DR2 2131635154256753408","Gaia DR3 2131635154256753408",0
"Kepler-662","Kepler-662 b",,,"TIC 407002705","Gaia DR2 2129398988126072960","Gaia DR3 2129398988126072960",0
"Kepler-663","Kepler-663 b",,,"TIC 273681023","Gaia DR2 2086507280048687488","Gaia DR3 2086507280048687488",0
"Kepler-664","Kepler-664 b",,,"TIC 299033092","Gaia DR2 2130969262529165184","Gaia DR3 2130969262529165184",0
"Kepler-665","Kepler-665 b",,,"TIC 27988995","Gaia DR2 2086734157398583424","Gaia DR3 2086734157398583424",0
"Kepler-666","Kepler-666 b",,,"TIC 267989336","Gaia DR2 2086935024430952960","Gaia DR3 2086935024430952960",0
"Kepler-667","Kepler-667 b",,,"TIC 27530621","Gaia DR2 2134766460297292032","Gaia DR3 2134766460297292032",0
"Kepler-668","Kepler-668 b",,,"TIC 350813835","Gaia DR2 2132007888699166848","Gaia DR3 2132007888699166848",0
"Kepler-669","Kepler-669 b",,,"TIC 26541079","Gaia DR2 2129753610686818176","Gaia DR3 2129753610686818176",0
"Kepler-67","Kepler-67 b",,,"TIC 270855225","Gaia DR2 2128112181565948800","Gaia DR3 2128112181565948800",0
"Kepler-670","Kepler-670 b",,,"TIC 27990610","Gaia DR2 2086830502105850240","Gaia DR3 2086830502105850240",0
"Kepler-671","Kepler-671 b",,,"TIC 27084006","Gaia DR2 2135008387213331456","Gaia DR3 2135008387213331456",0
"Kepler-672","Kepler-672 b",,,"TIC 26491504","Gaia DR2 2129776636010852224","Gaia DR3 2129776636010852224",0
"Kepler-673","Kepler-673 b",,,"TIC 417657148","Gaia DR2 2130040450081573376","Gaia DR3 2130040450081573376",0
"Kepler-674","Kepler-674 b",,,"TIC 48528770","Gaia DR2 2132161785967577728","Gaia DR3 2132161785967577728",0
"Kepler-675","Kepler-675 b",,,"TIC 27006665","Gaia DR2 2135124213891990912","Gaia DR3 2135124213891990912",0
"Kepler-676","Kepler-676 b",,,"TIC 27776674","Gaia DR2 2135301441422463360","Gaia DR3 2135301441422463360",0
"Kepler-677","Kepler-677 b",,,"TIC 267746941","Gaia DR2 2133056376115838080","Gaia DR3 2133056376115838080",0
"Kepler-678","Kepler-678 b",,,"TIC 27533282","Gaia DR2 2135550652604184192","Gaia DR3 2135550652604184192",0
"Kepler-679","Kepler-679 b",,,"TIC 27766596","Gaia DR2 2135356142125982464","Gaia DR3 2135356142125982464",0
"Kepler-68","Kepler-68 b",,,"TIC 417676622","Gaia DR2 2129550445852902656","Gaia DR3 2129550445852902656",0
"Kepler-68","Kepler-68 c",,,"TIC 417676622","Gaia DR2 2129550445852902656","Gaia DR3 2129550445852902656",0
"Kepler-68","Kepler-68 d",,,"TIC 417676622","Gaia DR2 2129550445852902656","Gaia DR3 2129550445852902656",0
"Kepler-68","Kepler-68 e",,,"TIC 417676622","Gaia DR2 2129550445852902656","Gaia DR3 2129550445852902656",0
"Kepler-680","Kepler-680 b",,,"TIC 26473621","Gaia DR2 2130124528361197952","Gaia DR3 2130124528361197952",0
"Kepler-681","Kepler-681 b",,,"TIC 299217986","Gaia DR2 2133249099888182912","Gaia DR3 2133249099888182912",0
"Kepler-682","Kepler-682 b",,,"TIC 299161524","Gaia DR2 2133476080319167104","Gaia DR3 2133476080319167104",0
"Kepler-683","Kepler-683 b",,,"TIC 137149476","Gaia DR2 2052559480582595456","Gaia DR3 2052559480582595456",0
"Kepler-684","Kepler-684 b",,,"TIC 122607324","Gaia DR2 2052643696302706944","Gaia DR3 2052643696302706944",0
"Kepler-685","Kepler-685 b",,,"TIC 138364831","Gaia DR2 2052086072113643264","Gaia DR3 2052086072113643264",0
"Kepler-686","Kepler-686 b",,,"TIC 399794420","Gaia DR2 2100247945575646336","Gaia DR3 2100247945575646336",0
"Kepler-687","Kepler-687 b",,,"TIC 121988890","Gaia DR2 2101000836165429504","Gaia DR3 2101000836165429504",0
"Kepler-688","Kepler-688 b",,,"TIC 378085713","Gaia DR2 2052232410241029248","Gaia DR3 2052232410241029248",0
"Kepler-689","Kepler-689 b",,,"TIC 378086390","Gaia DR2 2076253887449048320","Gaia DR3 2076253887449048320",0
"Kepler-69","Kepler-69 b",,,"TIC 275573429","Gaia DR2 2126436800722944000","Gaia DR3 2126436800722944000",0
"Kepler-69","Kepler-69 c",,,"TIC 275573429","Gaia DR2 2126436800722944000","Gaia DR3 2126436800722944000",0
"Kepler-690","Kepler-690 b",,,"TIC 377918545","Gaia DR2 2076459496119200000","Gaia DR3 2076459496119200000",0
"Kepler-691","Kepler-691 b",,,"TIC 121787669","Gaia DR2 2101242934881164416","Gaia DR3 2101242934881164416",0
"Kepler-692","Kepler-692 b",,,"TIC 138728891","Gaia DR2 2076495402046502016","Gaia DR3 2076495402046502016",0
"Kepler-693","Kepler-693 b",,,"TIC 237159318","Gaia DR2 2103572731299093376","Gaia DR3 2103572731299093376",0
"Kepler-694","Kepler-694 b",,,"TIC 122713147","Gaia DR2 2101495685117920128","Gaia DR3 2101495685117920128",0
"Kepler-695","Kepler-695 b",,,"TIC 171974763","Gaia DR2 2075107062469670272","Gaia DR3 2075107062469670272",0
"Kepler-696","Kepler-696 b",,,"TIC 138219428","Gaia DR2 2077383670001955968","Gaia DR3 2077383670001955968",0
"Kepler-697","Kepler-697 b",,,"TIC 120042965","Gaia DR2 2103728312194385792","Gaia DR3 2103728312194385792",0
"Kepler-698","Kepler-698 b",,,"TIC 121729607","Gaia DR2 2102170235500805376","Gaia DR3 2102170235500805376",0
"Kepler-7","Kepler-7 b",,,"TIC 121660904","Gaia DR2 2102117871259036672","Gaia DR3 2102117871259036672",0
"Kepler-700","Kepler-700 b",,,"TIC 121114997","Gaia DR2 2102411578301719808","Gaia DR3 2102411578301719808",0
"Kepler-701","Kepler-701 b",,,"TIC 121795464","Gaia DR2 2102228887573941760","Gaia DR3 2102228887573941760",0
"Kepler-702","Kepler-702 b",,,"TIC 138430864","Gaia DR2 2077424210192781440","Gaia DR3 2077424210192781440",0
"Kepler-703","Kepler-703 b",,,"TIC 171968443","Gaia DR2 2075358472669256448","Gaia DR3 2075358472669256448",0
"Kepler-704","Kepler-704 b",,,"TIC 237157729","Gaia DR2 2104530027969874944","Gaia DR3 2104530027969874944",0
"Kepler-705","Kepler-705 b",,,"TIC 122066949","Gaia DR2 2102244967931917184","Gaia DR3 2102244967931917184",0
"Kepler-707","Kepler-707 b",,,"TIC 159217349","Gaia DR2 2101898205154183296","Gaia DR3 2101898205154183296",0
"Kepler-708","Kepler-708 b",,,"TIC 270706782","Gaia DR2 2077722010342674944","Gaia DR3 2077722010342674944",0
"Kepler-709","Kepler-709 b",,,"TIC 63122858","Gaia DR2 2125730982977974016","Gaia DR3 2125730982977974016",0
"Kepler-710","Kepler-710 b",,,"TIC 63120475","Gaia DR2 2125785438864450048","Gaia DR3 2125785438864450048",0
"Kepler-711","Kepler-711 b",,,"TIC 273234664","Gaia DR2 2078511803294780032","Gaia DR3 2078511803294780032",0
"Kepler-712","Kepler-712 b",,,"TIC 271347119","Gaia DR2 2077961463362645632","Gaia DR3 2077961463362645632",0
"Kepler-712","Kepler-712 c",,,"TIC 271347119","Gaia DR2 2077961463362645632","Gaia DR3 2077961463362645632",0
"Kepler-713","Kepler-713 b",,,"TIC 271762145","Gaia DR2 2078003897636955008","Gaia DR3 2078003897636955008",0
"Kepler-714","Kepler-714 b",,,"TIC 123499118","Gaia DR2 2105192999121723392","Gaia DR3 2105192999121723392",0
"Kepler-715","Kepler-715 b",,,"TIC 164552984","Gaia DR2 2105091878412164352","Gaia DR3 2105091878412164352",0
"Kepler-716","Kepler-716 b",,,"TIC 159377404","Gaia DR2 2126073961886389888","Gaia DR3 2126073961886389888",0
"Kepler-716","Kepler-716 c",,,"TIC 159377404","Gaia DR2 2126073961886389888","Gaia DR3 2126073961886389888",0
"Kepler-717","Kepler-717 b",,,"TIC 240183442","Gaia DR2 2125888419299436800","Gaia DR3 2125888419299436800",0
"Kepler-718","Kepler-718 b",,,"TIC 268924036","Gaia DR2 2075964612812129792","Gaia DR3 2075964612812129792",0
"Kepler-719","Kepler-719 b",,,"TIC 271767300","Gaia DR2 2079608703576897024","Gaia DR3 2079608703576897024",0
"Kepler-720","Kepler-720 b",,,"TIC 268159158","Gaia DR2 2079056714383865856","Gaia DR3 2079056714383865856",0
"Kepler-721","Kepler-721 b",,,"TIC 164726831","Gaia DR2 2106717678151463040","Gaia DR3 2106717678151463040",0
"Kepler-722","Kepler-722 b",,,"TIC 159304532","Gaia DR2 2126985280924750720","Gaia DR3 2126985280924750720",0
"Kepler-722","Kepler-722 c",,,"TIC 159304532","Gaia DR2 2126985280924750720","Gaia DR3 2126985280924750720",0
"Kepler-723","Kepler-723 b",,,"TIC 164786087","Gaia DR2 2106735064179220480","Gaia DR3 2106735064179220480",0
"Kepler-724","Kepler-724 b",,,"TIC 270521439","Gaia DR2 2126432196518051200","Gaia DR3 2126432196518051200",0
"Kepler-725","Kepler-725 b",,,"TIC 164652841","Gaia DR2 2106775024555031936","Gaia DR3 2106775024555031936",0
"Kepler-725","Kepler-725 c",,,"TIC 164652841","Gaia DR2 2106775024555031936","Gaia DR3 2106775024555031936",0
"Kepler-726","Kepler-726 b",,,"TIC 63000832","Gaia DR2 2126577881808038016","Gaia DR3 2126577881808038016",0
"Kepler-727","Kepler-727 b",,,"TIC 271351820","Gaia DR2 2079877568529123328","Gaia DR3 2079877568529123328",0
"Kepler-728","Kepler-728 b",,,"TIC 159580427","Gaia DR2 2126639557538793088","Gaia DR3 2126639557538793088",0
"Kepler-729","Kepler-729 b",,,"TIC 158269049","Gaia DR2 2106432870280171136","Gaia DR3 2106432870280171136",0
"Kepler-730","Kepler-730 b",,,"TIC 352013543","Gaia DR2 2106412082639238400","Gaia DR3 2106412082639238400",0
"Kepler-730","Kepler-730 c",,,"TIC 352013543","Gaia DR2 2106412082639238400","Gaia DR3 2106412082639238400",0
"Kepler-731","Kepler-731 b",,,"TIC 272366748","Gaia DR2 2080172576942778112","Gaia DR3 2080172576942778112",0
"Kepler-732","Kepler-732 b",,,"TIC 164555597","Gaia DR2 2107406178588473728","Gaia DR3 2107406178588473728",0
"Kepler-732","Kepler-732 c",,,"TIC 164555597","Gaia DR2 2107406178588473728","Gaia DR3 2107406178588473728",0
"Kepler-733","Kepler-733 b",,,"TIC 240179452","Gaia DR2 2128047069862606208","Gaia DR3 2128047069862606208",0
"Kepler-734","Kepler-734 b",,,"TIC 272845785","Gaia DR2 2080165846735990144","Gaia DR3 2080165846735990144",0
"Kepler-735","Kepler-735 b",,,"TIC 164780824","Gaia DR2 2107285644626768640","Gaia DR3 2107285644626768640",0
"Kepler-736","Kepler-736 b",,,"TIC 351909600","Gaia DR2 2106546978971754368","Gaia DR3 2106546978971754368",0
"Kepler-737","Kepler-737 b",,,"TIC 63068329","Gaia DR2 2126820324123177472","Gaia DR3 2126820324123177472",0
"Kepler-738","Kepler-738 b",,,"TIC 158490928","Gaia DR2 2130427821771278976","Gaia DR3 2130427821771278976",0
"Kepler-739","Kepler-739 b",,,"TIC 159225155","Gaia DR2 2127717182012104960","Gaia DR3 2127717182012104960",0
"Kepler-74","Kepler-74 b",,,"TIC 137903329","Gaia DR2 2077586873492185344","Gaia DR3 2077586873492185344",0
"Kepler-740","Kepler-740 b",,,"TIC 158270511","Gaia DR2 2130544262626885120","Gaia DR3 2130544262626885120",0
"Kepler-741","Kepler-741 b",,,"TIC 159050690","Gaia DR2 2127728520725956224","Gaia DR3 2127728520725956224",0
"Kepler-742","Kepler-742 b",,,"TIC 164558468","Gaia DR2 2107547603271136896","Gaia DR3 2107547603271136896",0
"Kepler-743","Kepler-743 b",,,"TIC 271760755","Gaia DR2 2077994272606400512","Gaia DR3 2077994272606400512",0
"Kepler-744","Kepler-744 b",,,"TIC 272597130","Gaia DR2 2080562667352233728","Gaia DR3 2080562667352233728",0
"Kepler-745","Kepler-745 b",,,"TIC 137307173","Gaia DR2 2051748659478657152","Gaia DR3 2051748659478657152",0
"Kepler-746","Kepler-746 b",,,"TIC 122515955","Gaia DR2 2051034247508620672","Gaia DR3 2051034251798891904",0
"Kepler-747","Kepler-747 b",,,"TIC 121602473","Gaia DR2 2102113267054010880","Gaia DR3 2102113267054010880",0
"Kepler-748","Kepler-748 b",,,"TIC 137545963","Gaia DR2 2051722855314502400","Gaia DR3 2051722855314502400",0
"Kepler-749","Kepler-749 b",,,"TIC 269263934","Gaia DR2 2076090506891080704","Gaia DR3 2076090506891080704",0
"Kepler-75","Kepler-75 b",,,"TIC 122785299","Gaia DR2 2050231848829944320","Gaia DR3 2050231848829944320",0
"Kepler-750","Kepler-750 b",,,"TIC 158931258","Gaia DR2 2103078397743762432","Gaia DR3 2103078397743762432",0
"Kepler-750","Kepler-750 c",,,"TIC 158931258","Gaia DR2 2103078397743762432","Gaia DR3 2103078397743762432",0
"Kepler-751","Kepler-751 b",,,"TIC 271259677","Gaia DR2 2078310008545447808","Gaia DR3 2078310008545447808",0
"Kepler-752","Kepler-752 b",,,"TIC 137548225","Gaia DR2 2051896440713570048","Gaia DR3 2051896440713570048",0
"Kepler-753","Kepler-753 b",,,"TIC 351056774","Gaia DR2 2051905030647886976","Gaia DR3 2051905030647886976",0
"Kepler-754","Kepler-754 b",,,"TIC 138036531","Gaia DR2 2051669906960994304","Gaia DR3 2051669906960994304",0
"Kepler-755","Kepler-755 b",,,"TIC 239227652","Gaia DR2 2076782889978499840","Gaia DR3 2076782889978499840",0
"Kepler-755","Kepler-755 c",,,"TIC 239227652","Gaia DR2 2076782889978499840","Gaia DR3 2076782889978499840",0
"Kepler-756","Kepler-756 b",,,"TIC 122597885","Gaia DR2 2101594538086364032","Gaia DR3 2101594538086364032",0
"Kepler-757","Kepler-757 b",,,"TIC 360022783","Gaia DR2 2076848310922066048","Gaia DR3 2076848310922066048",0
"Kepler-758","Kepler-758 b",,,"TIC 137968594","Gaia DR2 2053552270863859712","Gaia DR3 2053552270863859712",0
"Kepler-758","Kepler-758 c",,,"TIC 137968594","Gaia DR2 2053552270863859712","Gaia DR3 2053552270863859712",0
"Kepler-758","Kepler-758 d",,,"TIC 137968594","Gaia DR2 2053552270863859712","Gaia DR3 2053552270863859712",0
"Kepler-758","Kepler-758 e",,,"TIC 137968594","Gaia DR2 2053552270863859712","Gaia DR3 2053552270863859712",0
"Kepler-759","Kepler-759 b",,,"TIC 122298563","Gaia DR2 2101796092309354624","Gaia DR3 2101796092309354624",0
"Kepler-76","Kepler-76 b",,,"TIC 138644215","Gaia DR2 2052441008208934144","Gaia DR3 2052441008208934144",0
"Kepler-760","Kepler-760 b",,,"TIC 158494681","Gaia DR2 2106043093408840960","Gaia DR3 2106043093408840960",0
"Kepler-760","Kepler-760 c",,,"TIC 158494681","Gaia DR2 2106043093408840960","Gaia DR3 2106043093408840960",0
"Kepler-761","Kepler-761 b",,,"TIC 159442087","Gaia DR2 2126870661139070080","Gaia DR3 2126870661139070080",0
"Kepler-762","Kepler-762 b",,,"TIC 159725995","Gaia DR2 2129158710476149376","Gaia DR3 2129158710476149376",0
"Kepler-763","Kepler-763 b",,,"TIC 63130782","Gaia DR2 2128369501647063808","Gaia DR3 2128369501647063808",0
"Kepler-763","Kepler-763 c",,,"TIC 63130782","Gaia DR2 2128369501647063808","Gaia DR3 2128369501647063808",0
"Kepler-763","Kepler-763 d",,,"TIC 63130782","Gaia DR2 2128369501647063808","Gaia DR3 2128369501647063808",0
"Kepler-764","Kepler-764 b",,,"TIC 273129679","Gaia DR2 2086366370762352640","Gaia DR3 2086366370762352640",0
"Kepler-765","Kepler-765 b",,,"TIC 164456891","Gaia DR2 2107617903296016768","Gaia DR3 2107617903296016768",0
"Kepler-766","Kepler-766 b",,,"TIC 138036952","Gaia DR2 2052234368740841600","Gaia DR3 2052234368740841600",0
"Kepler-767","Kepler-767 b",,,"TIC 137220387","Gaia DR2 2052567623840745216","Gaia DR3 2052567623840745216",0
"Kepler-768","Kepler-768 b",,,"TIC 138568968","Gaia DR2 2052074389802779904","Gaia DR3 2052074389802779904",0
"Kepler-769","Kepler-769 b",,,"TIC 137815803","Gaia DR2 2051933343073295232","Gaia DR3 2051933343073295232",0
"Kepler-769","Kepler-769 c",,,"TIC 137815803","Gaia DR2 2051933343073295232","Gaia DR3 2051933343073295232",0
"Kepler-77","Kepler-77 b",,,"TIC 159098316","Gaia DR2 2126912305142208384","Gaia DR3 2126912305142208384",0
"Kepler-770","Kepler-770 b",,,"TIC 120891972","Gaia DR2 2099980386293545216","Gaia DR3 2099980386293545216",0
"Kepler-770","Kepler-770 c",,,"TIC 120891972","Gaia DR2 2099980386293545216","Gaia DR3 2099980386293545216",0
"Kepler-770","Kepler-770 d",,,"TIC 120891972","Gaia DR2 2099980386293545216","Gaia DR3 2099980386293545216",0
"Kepler-771","Kepler-771 b",,,"TIC 121276933","Gaia DR2 2099527421862552832","Gaia DR3 2099527421862552832",0
"Kepler-772","Kepler-772 b",,,"TIC 137150277","Gaia DR2 2052585044228107008","Gaia DR3 2052585044228107008",0
"Kepler-773","Kepler-773 b",,,"TIC 122682991","Gaia DR2 2052603289249806976","Gaia DR3 2052603289249806976",0
"Kepler-774","Kepler-774 b",,,"TIC 122780849","Gaia DR2 2052629162133190784","Gaia DR3 2052629162133190784",0
"Kepler-775","Kepler-775 b",,,"TIC 137211068","Gaia DR2 2101711155037463040","Gaia DR3 2101711155037463040",0
"Kepler-776","Kepler-776 b",,,"TIC 121114760","Gaia DR2 2102410719308323584","Gaia DR3 2102410719308323584",0
"Kepler-777","Kepler-777 b",,,"TIC 123497954","Gaia DR2 2105358166383528192","Gaia DR3 2105358166383528192",0
"Kepler-778","Kepler-778 b",,,"TIC 158484518","Gaia DR2 2106046632461881856","Gaia DR3 2106046632461881856",0
"Kepler-779","Kepler-779 b",,,"TIC 352012126","Gaia DR2 2105915343901864832","Gaia DR3 2105915343901864832",0
"Kepler-78","Kepler-78 b",,,"TIC 270701667","Gaia DR2 2078373642776670080","Gaia DR3 2078373642776670080",0
"Kepler-780","Kepler-780 b",,,"TIC 123362050","Gaia DR2 2117396336940399616","Gaia DR3 2117396341239154560",0
"Kepler-781","Kepler-781 b",,,"TIC 158489897","Gaia DR2 2130857627739052928","Gaia DR3 2130857627739052928",0
"Kepler-782","Kepler-782 b",,,"TIC 158839841","Gaia DR2 2130920471701096576","Gaia DR3 2130920471701096576",0
"Kepler-783","Kepler-783 b",,,"TIC 159642390","Gaia DR2 2129164173675031936","Gaia DR3 2129164173675031936",0
"Kepler-783","Kepler-783 c",,,"TIC 159642390","Gaia DR2 2129164173675031936","Gaia DR3 2129164173675031936",0
"Kepler-784","Kepler-784 b",,,"TIC 272078218","Gaia DR2 2080605823183999616","Gaia DR3 2080605823183999616",0
"Kepler-784","Kepler-784 c",,,"TIC 272078218","Gaia DR2 2080605823183999616","Gaia DR3 2080605823183999616",0
"Kepler-785","Kepler-785 b",,,"TIC 137402055","Gaia DR2 2052722689341030656","Gaia DR3 2052722689341030656",0
"Kepler-786","Kepler-786 b",,,"TIC 138366498","Gaia DR2 2052392835854583936","Gaia DR3 2052392835854583936",0
"Kepler-787","Kepler-787 b",,,"TIC 137318289","Gaia DR2 2052736123999181824","Gaia DR3 2052736123999181824",0
"Kepler-788","Kepler-788 b",,,"TIC 122224871","Gaia DR2 2052874318864239616","Gaia DR3 2052874318864239616",0
"Kepler-789","Kepler-789 b",,,"TIC 184300256","Gaia DR2 2073176491847171840","Gaia DR3 2073176491847171840",0
"Kepler-79","Kepler-79 b",,,"TIC 239306681","Gaia DR2 2076085318570299136","Gaia DR3 2076085318570299136",0
"Kepler-79","Kepler-79 c",,,"TIC 239306681","Gaia DR2 2076085318570299136","Gaia DR3 2076085318570299136",0
"Kepler-79","Kepler-79 d",,,"TIC 239306681","Gaia DR2 2076085318570299136","Gaia DR3 2076085318570299136",0
"Kepler-79","Kepler-79 e",,,"TIC 239306681","Gaia DR2 2076085318570299136","Gaia DR3 2076085318570299136",0
"Kepler-790","Kepler-790 b",,,"TIC 121020728","Gaia DR2 2100369888287148416","Gaia DR3 2100369888287148416",0
"Kepler-791","Kepler-791 b",,,"TIC 138303317","Gaia DR2 2052397886736075264","Gaia DR3 2052397886736075264",0
"Kepler-792","Kepler-792 b",,,"TIC 137401986","Gaia DR2 2052717466660745984","Gaia DR3 2052717466660745984",0
"Kepler-793","Kepler-793 b",,,"TIC 139036121","Gaia DR2 2052144621107902208","Gaia DR3 2052144621107902208",0
"Kepler-794","Kepler-794 b",,,"TIC 121467823","Gaia DR2 2099681216051775616","Gaia DR3 2099681216051775616",0
"Kepler-795","Kepler-795 b",,,"TIC 122684233","Gaia DR2 2052653729346427136","Gaia DR3 2052653729346427136",0
"Kepler-796","Kepler-796 b",,,"TIC 121214909","Gaia DR2 2099651529238509696","Gaia DR3 2099651529238509696",0
"Kepler-797","Kepler-797 b",,,"TIC 169176157","Gaia DR2 2076947266967292928","Gaia DR3 2076947266967292928",0
"Kepler-798","Kepler-798 b",,,"TIC 63214717","Gaia DR2 2125709405062046976","Gaia DR3 2125709405062046976",0
"Kepler-799","Kepler-799 b",,,"TIC 158419284",,,0
"Kepler-799","Kepler-799 c",,,"TIC 158419284",,,0
"Kepler-8","Kepler-8 b",,,"TIC 123233041","Gaia DR2 2116730994965905280","Gaia DR3 2116730994965905280",0
"Kepler-80","Kepler-80 b",,,"TIC 184296619","Gaia DR2 2076328963475704576","Gaia DR3 2076328963475704576",0
"Kepler-80","Kepler-80 c",,,"TIC 184296619","Gaia DR2 2076328963475704576","Gaia DR3 2076328963475704576",0
"Kepler-80","Kepler-80 d",,,"TIC 184296619","Gaia DR2 2076328963475704576","Gaia DR3 2076328963475704576",0
"Kepler-80","Kepler-80 e",,,"TIC 184296619","Gaia DR2 2076328963475704576","Gaia DR3 2076328963475704576",0
"Kepler-80","Kepler-80 f",,,"TIC 184296619","Gaia DR2 2076328963475704576","Gaia DR3 2076328963475704576",0
"Kepler-80","Kepler-80 g",,,"TIC 184296619","Gaia DR2 2076328963475704576","Gaia DR3 2076328963475704576",0
"Kepler-800","Kepler-800 b",,,"TIC 158275161","Gaia DR2 2106132875405444352","Gaia DR3 2106132875405444352",0
"Kepler-801","Kepler-801 b",,,"TIC 158171839","Gaia DR2 2106293816419205504","Gaia DR3 2106293816419205504",0
"Kepler-802","Kepler-802 b",,,"TIC 158114000","Gaia DR2 2106333879874204288","Gaia DR3 2106333879874204288",0
"Kepler-803","Kepler-803 b",,,"TIC 268608781","Gaia DR2 2079139864948330752","Gaia DR3 2079139864948330752",0
"Kepler-804","Kepler-804 b",,,"TIC 275573295","Gaia DR2 2126432677554353280","Gaia DR3 2126432677554353280",0
"Kepler-804","Kepler-804 c",,,"TIC 275573295","Gaia DR2 2126432677554353280","Gaia DR3 2126432677554353280",0
"Kepler-805","Kepler-805 b",,,"TIC 275573748","Gaia DR2 2126508676995012352","Gaia DR3 2126508676995012352",0
"Kepler-806","Kepler-806 b",,,"TIC 272172942","Gaia DR2 2079752464723012096","Gaia DR3 2079752464723012096",0
"Kepler-808","Kepler-808 b",,,"TIC 26417717","Gaia DR2 2129330577887487744","Gaia DR3 2129330577887487744",0
"Kepler-809","Kepler-809 b",,,"TIC 299156496","Gaia DR2 2130951464184187392","Gaia DR3 2130951464184187392",0
"Kepler-81","Kepler-81 b",,,"TIC 270611154","Gaia DR2 2077816087307845248","Gaia DR3 2077816087307845248",0
"Kepler-81","Kepler-81 c",,,"TIC 270611154","Gaia DR2 2077816087307845248","Gaia DR3 2077816087307845248",0
"Kepler-81","Kepler-81 d",,,"TIC 270611154","Gaia DR2 2077816087307845248","Gaia DR3 2077816087307845248",0
"Kepler-810","Kepler-810 b",,,"TIC 351188824","Gaia DR2 2086631456141614848","Gaia DR3 2086631456141614848",0
"Kepler-811","Kepler-811 b",,,"TIC 351908051","Gaia DR2 2131496856310537984","Gaia DR3 2131496856310537984",0
"Kepler-812","Kepler-812 b",,,"TIC 299033074","Gaia DR2 2130968334816264576","Gaia DR3 2130968334816264576",0
"Kepler-813","Kepler-813 b",,,"TIC 377782430","Gaia DR2 2131910341401451264","Gaia DR3 2131910341401451264",0
"Kepler-814","Kepler-814 b",,,"TIC 48450382","Gaia DR2 2131593269736776576","Gaia DR3 2131593269736776576",0
"Kepler-815","Kepler-815 b",,,"TIC 48505882","Gaia DR2 2131495378841740800","Gaia DR3 2131495378841740800",0
"Kepler-816","Kepler-816 b",,,"TIC 138105127","Gaia DR2 2052356964290178048","Gaia DR3 2052356964290178048",0
"Kepler-817","Kepler-817 b",,,"TIC 184299435","Gaia DR2 2073195870740245504","Gaia DR3 2073195870740245504",0
"Kepler-818","Kepler-818 b",,,"TIC 184417625","Gaia DR2 2073292868278609664","Gaia DR3 2073292868280455936",0
"Kepler-819","Kepler-819 b",,,"TIC 139106013","Gaia DR2 2076186611079704320","Gaia DR3 2076186611079704320",0
"Kepler-82","Kepler-82 b",,,"TIC 63372898","Gaia DR2 2125850623586710400","Gaia DR3 2125850623586710400",0
"Kepler-82","Kepler-82 c",,,"TIC 63372898","Gaia DR2 2125850623586710400","Gaia DR3 2125850623586710400",0
"Kepler-82","Kepler-82 d",,,"TIC 63372898","Gaia DR2 2125850623586710400","Gaia DR3 2125850623586710400",0
"Kepler-82","Kepler-82 e",,,"TIC 63372898","Gaia DR2 2125850623586710400","Gaia DR3 2125850623586710400",0
"Kepler-82","Kepler-82 f",,,"TIC 63372898","Gaia DR2 2125850623586710400","Gaia DR3 2125850623586710400",0
"Kepler-820","Kepler-820 b",,,"TIC 122685803","Gaia DR2 2052968773786517760","Gaia DR3 2052968773786517760",0
"Kepler-821","Kepler-821 b",,,"TIC 120573482","Gaia DR2 2100279865772807424","Gaia DR3 2100279865772807424",0
"Kepler-822","Kepler-822 b",,,"TIC 137552781","Gaia DR2 2053165655089863808","Gaia DR3 2053165655089863808",0
"Kepler-823","Kepler-823 b",,,"TIC 120315151","Gaia DR2 2100216609495590912","Gaia DR3 2100216609495590912",0
"Kepler-824","Kepler-824 b",,,"TIC 122447994","Gaia DR2 2101074331646054656","Gaia DR3 2101074331646054656",0
"Kepler-825","Kepler-825 b",,,"TIC 378086008","Gaia DR2 2076249351963553152","Gaia DR3 2076249351963553152",0
"Kepler-825","Kepler-825 c",,,"TIC 378086008","Gaia DR2 2076249351963553152","Gaia DR3 2076249351963553152",0
"Kepler-826","Kepler-826 b",,,"TIC 120355363","Gaia DR2 2100219392634493568","Gaia DR3 2100219392634493568",0
"Kepler-827","Kepler-827 b",,,"TIC 271346509","Gaia DR2 2077954724552784640","Gaia DR3 2077954724552784640",0
"Kepler-828","Kepler-828 b",,,"TIC 158386765","Gaia DR2 2105474852056221824","Gaia DR3 2105474852056221824",0
"Kepler-829","Kepler-829 b",,,"TIC 123451768","Gaia DR2 2104759585381348608","Gaia DR3 2104759585381348608",0
"Kepler-83","Kepler-83 b",,,"TIC 123416515","Gaia DR2 2105261134483173632","Gaia DR3 2105261134483173632",0
"Kepler-83","Kepler-83 c",,,"TIC 123416515","Gaia DR2 2105261134483173632","Gaia DR3 2105261134483173632",0
"Kepler-83","Kepler-83 d",,,"TIC 123416515","Gaia DR2 2105261134483173632","Gaia DR3 2105261134483173632",0
"Kepler-830","Kepler-830 b",,,"TIC 271433874","Gaia DR2 2077956171962729856","Gaia DR3 2077956171962729856",0
"Kepler-831","Kepler-831 b",,,"TIC 271346561","Gaia DR2 2077954866292643840","Gaia DR3 2077954866292643840",0
"Kepler-832","Kepler-832 b",,,"TIC 272073383","Gaia DR2 2079804588446924672","Gaia DR3 2079804588446924672",0
"Kepler-833","Kepler-833 b",,,"TIC 159397031","Gaia DR2 2127461236320786688","Gaia DR3 2127461236320786688",0
"Kepler-834","Kepler-834 b",,,"TIC 158392088","Gaia DR2 2106246984096567552","Gaia DR3 2106246984096567552",0
"Kepler-835","Kepler-835 b",,,"TIC 164527012","Gaia DR2 2107026774059090304","Gaia DR3 2107026778358609792",0
"Kepler-836","Kepler-836 b",,,"TIC 158486560","Gaia DR2 2130282789316404736","Gaia DR3 2130282789316404736",0
"Kepler-837","Kepler-837 b",,,"TIC 164891482","Gaia DR2 2107265028783828736","Gaia DR3 2107265028783828736",0
"Kepler-838","Kepler-838 b",,,"TIC 351909828","Gaia DR2 2106520040936657536","Gaia DR3 2106520040936657536",0
"Kepler-839","Kepler-839 b",,,"TIC 159580625","Gaia DR2 2127396880530950272","Gaia DR3 2127396880530950272",0
"Kepler-84","Kepler-84 b",,,"TIC 170646917","Gaia DR2 2073776859551124992","Gaia DR3 2073776859551124992",0
"Kepler-84","Kepler-84 c",,,"TIC 170646917","Gaia DR2 2073776859551124992","Gaia DR3 2073776859551124992",0
"Kepler-84","Kepler-84 d",,,"TIC 170646917","Gaia DR2 2073776859551124992","Gaia DR3 2073776859551124992",0
"Kepler-84","Kepler-84 e",,,"TIC 170646917","Gaia DR2 2073776859551124992","Gaia DR3 2073776859551124992",0
"Kepler-84","Kepler-84 f",,,"TIC 170646917","Gaia DR2 2073776859551124992","Gaia DR3 2073776859551124992",0
"Kepler-841","Kepler-841 b",,,"TIC 267569980","Gaia DR2 2131804165512770176","Gaia DR3 2131804165512770176",0
"Kepler-842","Kepler-842 b",,,"TIC 424815179","Gaia DR2 2129861435845006208","Gaia DR3 2129861435845006208",0
"Kepler-843","Kepler-843 b",,,"TIC 27774043","Gaia DR2 2086809645744257792","Gaia DR3 2086809645744257792",0
"Kepler-844","Kepler-844 b",,,"TIC 298836607","Gaia DR2 2131232114526859520","Gaia DR3 2131232114526859520",0
"Kepler-845","Kepler-845 b",,,"TIC 417676802","Gaia DR2 2129939398090453504","Gaia DR3 2129939398090453504",0
"Kepler-846","Kepler-846 b",,,"TIC 399911496","Gaia DR2 2131294885469721984","Gaia DR3 2131294885469721984",0
"Kepler-847","Kepler-847 b",,,"TIC 48352404","Gaia DR2 2131884640317332608","Gaia DR3 2131884640317332608",0
"Kepler-848","Kepler-848 b",,,"TIC 26817863","Gaia DR2 2129014330855767040","Gaia DR3 2129014330855767040",0
"Kepler-849","Kepler-849 b",,,"TIC 417659078","Gaia DR2 2129512821938786176","Gaia DR3 2129512821938786176",0
"Kepler-85","Kepler-85 b",,,"TIC 159580705","Gaia DR2 2127398083121764736","Gaia DR3 2127398083121764736",0
"Kepler-85","Kepler-85 c",,,"TIC 159580705","Gaia DR2 2127398083121764736","Gaia DR3 2127398083121764736",0
"Kepler-85","Kepler-85 d",,,"TIC 159580705","Gaia DR2 2127398083121764736","Gaia DR3 2127398083121764736",0
"Kepler-85","Kepler-85 e",,,"TIC 159580705","Gaia DR2 2127398083121764736","Gaia DR3 2127398083121764736",0
"Kepler-850","Kepler-850 b",,,"TIC 26751527","Gaia DR2 2128927297638946176","Gaia DR3 2128927297638946176",0
"Kepler-851","Kepler-851 b",,,"TIC 27235573","Gaia DR2 2134808963293894912","Gaia DR3 2134808963293894912",0
"Kepler-852","Kepler-852 b",,,"TIC 28089606","Gaia DR2 2086727319810829440","Gaia DR3 2086727319810829440",0
"Kepler-853","Kepler-853 b",,,"TIC 48419201","Gaia DR2 2131859244171951616","Gaia DR3 2131859244171951616",0
"Kepler-855","Kepler-855 b",,,"TIC 271431851","Gaia DR2 2078088005976092416","Gaia DR3 2078088005976092416",0
"Kepler-856","Kepler-856 b",,,"TIC 159054620","Gaia DR2 2127698215436676864","Gaia DR3 2127698215436676864",0
"Kepler-857","Kepler-857 b",,,"TIC 271158887","Gaia DR2 2078176589682140160","Gaia DR3 2078176589682140160",0
"Kepler-858","Kepler-858 b",,,"TIC 299089652","Gaia DR2 2133344791759137152","Gaia DR3 2133344791759137152",0
"Kepler-859","Kepler-859 b",,,"TIC 158317824","Gaia DR2 2105604800586437760","Gaia DR3 2105604800586437760",0
"Kepler-860","Kepler-860 b",,,"TIC 271774166","Gaia DR2 2080406364902715776","Gaia DR3 2080406364902715776",0
"Kepler-861","Kepler-861 b",,,"TIC 63206411","Gaia DR2 2128256286308183552","Gaia DR3 2128256286308183552",0
"Kepler-862","Kepler-862 b",,,"TIC 273379660","Gaia DR2 2080286483776060544","Gaia DR3 2080286483776060544",0
"Kepler-863","Kepler-863 b",,,"TIC 273500946","Gaia DR2 2078549908245590400","Gaia DR3 2078549908245590400",0
"Kepler-864","Kepler-864 b",,,"TIC 164836049","Gaia DR2 2107279803471399168","Gaia DR3 2107279803471399168",0
"Kepler-864","Kepler-864 c",,,"TIC 164836049","Gaia DR2 2107279803471399168","Gaia DR3 2107279803471399168",0
"Kepler-865","Kepler-865 b",,,"TIC 273499989","Gaia DR2 2078648211455026432","Gaia DR3 2078648211455026432",0
"Kepler-865","Kepler-865 c",,,"TIC 273499989","Gaia DR2 2078648211455026432","Gaia DR3 2078648211455026432",0
"Kepler-866","Kepler-866 b",,,"TIC 159307214","Gaia DR2 2102794517586604288","Gaia DR3 2102794517586604288",0
"Kepler-867","Kepler-867 b",,,"TIC 399915645","Gaia DR2 2133767931937168512","Gaia DR3 2133767931937168512",0
"Kepler-868","Kepler-868 b",,,"TIC 123447451","Gaia DR2 2119507506642066176","Gaia DR3 2119507506642066176",0
"Kepler-869","Kepler-869 b",,,"TIC 299218299","Gaia DR2 2133140076439141376","Gaia DR3 2133140076439141376",0
"Kepler-87","Kepler-87 b",,,"TIC 273592336","Gaia DR2 2086306584816171392","Gaia DR3 2086306584816171392",0
"Kepler-87","Kepler-87 c",,,"TIC 273592336","Gaia DR2 2086306584816171392","Gaia DR3 2086306584816171392",0
"Kepler-870","Kepler-870 b",,,"TIC 27455225","Gaia DR2 2135175478621290624","Gaia DR3 2135175478621290624",0
"Kepler-871","Kepler-871 b",,,"TIC 271158815","Gaia DR2 2078175627609397376","Gaia DR3 2078175627609397376",0
"Kepler-872","Kepler-872 b",,,"TIC 271669275","Gaia DR2 2078097665364576384","Gaia DR3 2078097665364576384",0
"Kepler-873","Kepler-873 b",,,"TIC 27843860","Gaia DR2 2135506706499750656","Gaia DR3 2135506706499750656",0
"Kepler-874","Kepler-874 b",,,"TIC 271347296","Gaia DR2 2077967888633787264","Gaia DR3 2077967888633787264",0
"Kepler-875","Kepler-875 b",,,"TIC 273141643","Gaia DR2 2078729609672614784","Gaia DR3 2078729609672614784",0
"Kepler-876","Kepler-876 b",,,"TIC 164529393","Gaia DR2 2105095348745153536","Gaia DR3 2105095348745153536",0
"Kepler-877","Kepler-877 b",,,"TIC 159175206","Gaia DR2 2127712955764258048","Gaia DR3 2127712955764258048",0
"Kepler-878","Kepler-878 b",,,"TIC 164892142","Gaia DR2 2107313098057987712","Gaia DR3 2107313098057987712",0
"Kepler-879","Kepler-879 b",,,"TIC 27639443","Gaia DR2 2135398473324811392","Gaia DR3 2135398473324811392",0
"Kepler-879","Kepler-879 c",,,"TIC 27639443","Gaia DR2 2135398473324811392","Gaia DR3 2135398473324811392",0
"KOI-142","Kepler-88 d",,,"TIC 122712595","Gaia DR2 2101507367429089664","Gaia DR3 2101507367429089664",0
"Kepler-880","Kepler-880 b",,,"TIC 351803495","Gaia DR2 2105274977158196480","Gaia DR3 2105274977158196480",0
"Kepler-880","Kepler-880 c",,,"TIC 351803495","Gaia DR2 2105274977158196480","Gaia DR3 2105274977158196480",0
"Kepler-881","Kepler-881 b",,,"TIC 158936201","Gaia DR2 2127766969273092864","Gaia DR3 2127766969273092864",0
"Kepler-882","Kepler-882 b",,,"TIC 271158747","Gaia DR2 2077988401397704320","Gaia DR3 2077988401397704320",0
"Kepler-883","Kepler-883 b",,,"TIC 243271051","Gaia DR2 2133609705341815680","Gaia DR3 2133609705341815680",0
"Kepler-884","Kepler-884 b",,,"TIC 26657091","Gaia DR2 2129894833510904448","Gaia DR3 2129894833511828864",0
"Kepler-885","Kepler-885 b",,,"TIC 299030528","Gaia DR2 2132686356093801472","Gaia DR3 2132686356093801472",0
"Kepler-886","Kepler-886 b",,,"TIC 158215023","Gaia DR2 2105673726221976576","Gaia DR3 2105673726221976576",0
"Kepler-887","Kepler-887 b",,,"TIC 122293639","Gaia DR2 2101093092063293824","Gaia DR3 2101093092063293824",0
"Kepler-887","Kepler-887 c",,,"TIC 122293639","Gaia DR2 2101093092063293824","Gaia DR3 2101093092063293824",0
"Kepler-888","Kepler-888 b",,,"TIC 27531978","Gaia DR2 2134932314753757312","Gaia DR3 2134932314753757312",0
"Kepler-889","Kepler-889 b",,,"TIC 26474039","Gaia DR2 2130131297229656832","Gaia DR3 2130131297229656832",0
"Kepler-890","Kepler-890 b",,,"TIC 158726129","Gaia DR2 2103062523544455296","Gaia DR3 2103062523544455296",0
"Kepler-891","Kepler-891 b",,,"TIC 122713286","Gaia DR2 2101493898411455360","Gaia DR3 2101493898411455360",0
"Kepler-892","Kepler-892 b",,,"TIC 164459949","Gaia DR2 2105327723655307648","Gaia DR3 2105327723655307648",0
"Kepler-893","Kepler-893 b",,,"TIC 164830125","Gaia DR2 2105847174181385600","Gaia DR3 2105847174181385600",0
"Kepler-894","Kepler-894 b",,,"TIC 158838278","Gaia DR2 2130777191591084032","Gaia DR3 2130777191591084032",0
"Kepler-895","Kepler-895 b",,,"TIC 299217801","Gaia DR2 2133259510888931456","Gaia DR3 2133259510888931456",0
"Kepler-896","Kepler-896 b",,,"TIC 123490277","Gaia DR2 2105221139747765504","Gaia DR3 2105221139747765504",0
"Kepler-896","Kepler-896 c",,,"TIC 123490277","Gaia DR2 2105221139747765504","Gaia DR3 2105221139747765504",0
"Kepler-897","Kepler-897 b",,,"TIC 290005350","Gaia DR2 2139225048663855872","Gaia DR3 2139225048663855872",0
"Kepler-898","Kepler-898 b",,,"TIC 158272820","Gaia DR2 2130552994298492288","Gaia DR3 2130552994298492288",0
"Kepler-899","Kepler-899 b",,,"TIC 169557750","Gaia DR2 2073746932220288256","Gaia DR3 2073746932220288256",0
"Kepler-9","Kepler-9 b",,,"TIC 120571842","Gaia DR2 2099925719951103872","Gaia DR3 2099925719951103872",0
"Kepler-9","Kepler-9 c",,,"TIC 120571842","Gaia DR2 2099925719951103872","Gaia DR3 2099925719951103872",0
"Kepler-9","Kepler-9 d",,,"TIC 120571842","Gaia DR2 2099925719951103872","Gaia DR3 2099925719951103872",0
"KOI-351","Kepler-90 i",,,"TIC 267667295","Gaia DR2 2132193431285570304","Gaia DR3 2132193431285570304",0
"Kepler-900","Kepler-900 b",,,"TIC 272278496","Gaia DR2 2080548957816447872","Gaia DR3 2080548957816447872",0
"Kepler-901","Kepler-901 b",,,"TIC 122712179","Gaia DR2 2101525749889208576","Gaia DR3 2101525749889208576",0
"Kepler-902","Kepler-902 b",,,"TIC 159172027","Gaia DR2 2127832768171557632","Gaia DR3 2127832768171557632",0
"Kepler-903","Kepler-903 b",,,"TIC 121732589","Gaia DR2 2101340791416961664","Gaia DR3 2101340791416961664",0
"Kepler-903","Kepler-903 c",,,"TIC 121732589","Gaia DR2 2101340791416961664","Gaia DR3 2101340791416961664",0
"Kepler-904","Kepler-904 b",,,"TIC 121789066","Gaia DR2 2101298357139960576","Gaia DR3 2101298357139960576",0
"Kepler-905","Kepler-905 b",,,"TIC 159225367","Gaia DR2 2127811705651952000","Gaia DR3 2127811705651952000",0
"Kepler-906","Kepler-906 b",,,"TIC 137154728","Gaia DR2 2053438127812903296","Gaia DR3 2053438127812903296",0
"Kepler-907","Kepler-907 b",,,"TIC 120576846","Gaia DR2 2103882548762598144","Gaia DR3 2103882548762598144",0
"Kepler-908","Kepler-908 b",,,"TIC 139106731","Gaia DR2 2076194101502797952","Gaia DR3 2076194101502797952",0
"Kepler-909","Kepler-909 b",,,"TIC 159096688","Gaia DR2 2127259505997243648","Gaia DR3 2127259505997243648",0
"Kepler-91","Kepler-91 b",,,"TIC 352011875","Gaia DR2 2105909326647414400","Gaia DR3 2105909326647414400",0
"Kepler-910","Kepler-910 b",,,"TIC 272178989","Gaia DR2 2077243138673356928","Gaia DR3 2077243138673356928",0
"Kepler-911","Kepler-911 b",,,"TIC 171029578","Gaia DR2 2073804411752924288","Gaia DR3 2073804411752924288",0
"Kepler-912","Kepler-912 b",,,"TIC 170251516","Gaia DR2 2073907392200330112","Gaia DR3 2073907392200330112",0
"Kepler-913","Kepler-913 b",,,"TIC 169465273","Gaia DR2 2076924314661348736","Gaia DR3 2076924314661348736",0
"Kepler-913","Kepler-913 c",,,"TIC 169465273","Gaia DR2 2076924314661348736","Gaia DR3 2076924314661348736",0
"Kepler-914","Kepler-914 b",,,"TIC 159386728","Gaia DR2 2127019915540964224","Gaia DR3 2127019915540964224",0
"Kepler-915","Kepler-915 b",,,"TIC 159396818","Gaia DR2 2127422890853328128","Gaia DR3 2127422890853328128",0
"Kepler-916","Kepler-916 b",,,"TIC 159581842","Gaia DR2 2127452543307810432","Gaia DR3 2127452543307810432",0
"Kepler-917","Kepler-917 b",,,"TIC 268383727","Gaia DR2 2085724496490595584","Gaia DR3 2085724496490595584",0
"Kepler-918","Kepler-918 b",,,"TIC 28450124","Gaia DR2 2086541158751075968","Gaia DR3 2086541158751075968",0
"Kepler-919","Kepler-919 b",,,"TIC 28361491","Gaia DR2 2086552256947163392","Gaia DR3 2086552256947163392",0
"Kepler-92","Kepler-92 b",,,"TIC 121943724","Gaia DR2 2102224661326132864","Gaia DR3 2102224661326132864",0
"Kepler-92","Kepler-92 c",,,"TIC 121943724","Gaia DR2 2102224661326132864","Gaia DR3 2102224661326132864",0
"Kepler-92","Kepler-92 d",,,"TIC 121943724","Gaia DR2 2102224661326132864","Gaia DR3 2102224661326132864",0
"Kepler-920","Kepler-920 b",,,"TIC 267570317","Gaia DR2 2131815577243101696","Gaia DR3 2131815577243101696",0
"Kepler-920","Kepler-920 c",,,"TIC 267570317","Gaia DR2 2131815577243101696","Gaia DR3 2131815577243101696",0
"Kepler-921","Kepler-921 b",,,"TIC 48448706","Gaia DR2 2132177282208543872","Gaia DR3 2132177282208543872",0
"Kepler-922","Kepler-922 b",,,"TIC 48448415","Gaia DR2 2132214871762396160","Gaia DR3 2132214871762396160",0
"Kepler-923","Kepler-923 b",,,"TIC 138574253","Gaia DR2 2076517323560360576","Gaia DR3 2076517323560360576",0
"Kepler-924","Kepler-924 b",,,"TIC 122596334","Gaia DR2 2101136385334437632","Gaia DR3 2101136385334437632",0
"Kepler-925","Kepler-925 b",,,"TIC 122294985","Gaia DR2 2101170951231556864","Gaia DR3 2101170951231556864",0
"Kepler-926","Kepler-926 b",,,"TIC 394174412","Gaia DR2 2101378312251177472","Gaia DR3 2101378312251177472",0
"Kepler-927","Kepler-927 b",,,"TIC 122066280","Gaia DR2 2101480188876308480","Gaia DR3 2101480188876308480",0
"Kepler-928","Kepler-928 b",,,"TIC 122136712","Gaia DR2 2101473385648356608","Gaia DR3 2101473385648356608",0
"Kepler-929","Kepler-929 b",,,"TIC 170733187","Gaia DR2 2075389018477664384","Gaia DR3 2075389018477664384",0
"Kepler-93","Kepler-93 b",,,"TIC 137151335","Gaia DR2 2052747119115620352","Gaia DR3 2052747119115620352",0
"Kepler-93","Kepler-93 c",,,"TIC 137151335","Gaia DR2 2052747119115620352","Gaia DR3 2052747119115620352",0
"Kepler-930","Kepler-930 b",,,"TIC 274031725","Gaia DR2 2078446691589261696","Gaia DR3 2078446691589261696",0
"Kepler-931","Kepler-931 b",,,"TIC 272945038","Gaia DR2 2078696001543253248","Gaia DR3 2078696005850500608",0
"Kepler-932","Kepler-932 b",,,"TIC 272715773","Gaia DR2 2078726238114989824","Gaia DR3 2078726238114989824",0
"Kepler-933","Kepler-933 b",,,"TIC 159099716","Gaia DR2 2102865436087077632","Gaia DR3 2102865436087077632",0
"Kepler-934","Kepler-934 b",,,"TIC 159379942","Gaia DR2 2126835717285958912","Gaia DR3 2126835717285958912",0
"Kepler-935","Kepler-935 b",,,"TIC 271424795","Gaia DR2 2080476321330727808","Gaia DR3 2080476321330727808",0
"Kepler-936","Kepler-936 b",,,"TIC 270619059","Gaia DR2 2128190453050802048","Gaia DR3 2128190453050802048",0
"Kepler-937","Kepler-937 b",,,"TIC 270854155","Gaia DR2 2128152897857003264","Gaia DR3 2128152897857003264",0
"Kepler-937","Kepler-937 c",,,"TIC 270854155","Gaia DR2 2128152897857003264","Gaia DR3 2128152897857003264",0
"Kepler-938","Kepler-938 b",,,"TIC 271253308",,,0
"Kepler-939","Kepler-939 b",,,"TIC 270790652","Gaia DR2 2128223747637518208","Gaia DR3 2128223747637518208",0
"Kepler-94","Kepler-94 b",,,"TIC 123309556","Gaia DR2 2119602202081351168","Gaia DR3 2119602202081351168",0
"Kepler-94","Kepler-94 c",,,"TIC 123309556","Gaia DR2 2119602202081351168","Gaia DR3 2119602202081351168",0
"Kepler-940","Kepler-940 b",,,"TIC 270959279","Gaia DR2 2128594420494169856","Gaia DR3 2128594420494169856",0
"Kepler-941","Kepler-941 b",,,"TIC 270959184","Gaia DR2 2128593252262465280","Gaia DR3 2128593252262465280",0
"Kepler-942","Kepler-942 b",,,"TIC 271349932","Gaia DR2 2078316296378319488","Gaia DR3 2078316296378319488",0
"Kepler-943","Kepler-943 b",,,"TIC 120106432","Gaia DR2 2103725219818080640","Gaia DR3 2103725219818080640",0
"Kepler-944","Kepler-944 b",,,"TIC 270610053","Gaia DR2 2077738571736987008","Gaia DR3 2077738571736987008",0
"Kepler-945","Kepler-945 b",,,"TIC 159715997","Gaia DR2 2101737474597174016","Gaia DR3 2101737474597174016",0
"Kepler-946","Kepler-946 b",,,"TIC 185057567","Gaia DR2 2075875277491246848","Gaia DR3 2075875277491246848",0
"Kepler-947","Kepler-947 b",,,"TIC 271050878","Gaia DR2 2077553200951551360","Gaia DR3 2077553200951551360",0
"Kepler-948","Kepler-948 b",,,"TIC 138099276","Gaia DR2 2077595394707557120","Gaia DR3 2077595394707557120",0
"Kepler-949","Kepler-949 b",,,"TIC 268060310","Gaia DR2 2085527924426959104","Gaia DR3 2085527924426959104",0
"Kepler-949","Kepler-949 c",,,"TIC 268060310","Gaia DR2 2085527924426959104","Gaia DR3 2085527924426959104",0
"Kepler-95","Kepler-95 b",,,"TIC 164726946","Gaia DR2 2106705269988803072","Gaia DR3 2106705269988803072",0
"Kepler-950","Kepler-950 b",,,"TIC 121461701","Gaia DR2 2102152815113208192","Gaia DR3 2102152815113208192",0
"Kepler-951","Kepler-951 b",,,"TIC 121395761","Gaia DR2 2099524776162690944","Gaia DR3 2099524776162690944",0
"Kepler-952","Kepler-952 b",,,"TIC 120495241","Gaia DR2 2104168288644696320","Gaia DR3 2104168288644696320",0
"Kepler-953","Kepler-953 b",,,"TIC 158933249","Gaia DR2 2127132821641254272","Gaia DR3 2127132821641254272",0
"Kepler-953","Kepler-953 c",,,"TIC 158933249","Gaia DR2 2127132821641254272","Gaia DR3 2127132821641254272",0
"Kepler-954","Kepler-954 b",,,"TIC 27645404","Gaia DR2 2080657740749601792","Gaia DR3 2080657740749601792",0
"Kepler-955","Kepler-955 b",,,"TIC 121603761","Gaia DR2 2101305469605609088","Gaia DR3 2101305469605609088",0
"Kepler-956","Kepler-956 b",,,"TIC 424867045","Gaia DR2 2129703552846891136","Gaia DR3 2129703552846891136",0
"Kepler-957","Kepler-957 b",,,"TIC 267748934","Gaia DR2 2129576559253685632","Gaia DR3 2129576559253685632",0
"Kepler-958","Kepler-958 b",,,"TIC 158416263","Gaia DR2 2130326460543631360","Gaia DR3 2130326460543631360",0
"Kepler-959","Kepler-959 b",,,"TIC 137411481","Gaia DR2 2053574639053629952","Gaia DR3 2053574639053629952",0
"Kepler-96","Kepler-96 b",,,"TIC 169081296","Gaia DR2 2073731161099713408","Gaia DR3 2073731161099713408",0
"Kepler-960","Kepler-960 b",,,"TIC 123357476","Gaia DR2 2119194936102585472","Gaia DR3 2119194936102585472",0
"Kepler-961","Kepler-961 b",,,"TIC 351803452","Gaia DR2 2105262886829784960","Gaia DR3 2105262886829784960",0
"Kepler-962","Kepler-962 b",,,"TIC 271546798","Gaia DR2 2080453025427246848","Gaia DR3 2080453025427246848",0
"Kepler-963","Kepler-963 b",,,"TIC 272605867","Gaia DR2 2079728790863754752","Gaia DR3 2079728790863754752",0
"Kepler-963","Kepler-963 c",,,"TIC 272605867","Gaia DR2 2079728790863754752","Gaia DR3 2079728790863754752",0
"Kepler-964","Kepler-964 b",,,"TIC 139155506","Gaia DR2 2076589960045421184","Gaia DR3 2076589960045421184",0
"Kepler-965","Kepler-965 b",,,"TIC 274118253","Gaia DR2 2075412451819530624","Gaia DR3 2075412451819530624",0
"Kepler-966","Kepler-966 b",,,"TIC 28159758","Gaia DR2 2087263361789975040","Gaia DR3 2087263361789975040",0
"Kepler-967","Kepler-967 b",,,"TIC 120962548","Gaia DR2 2099980111415659776","Gaia DR3 2099980111415659776",0
"Kepler-967","Kepler-967 c",,,"TIC 120962548","Gaia DR2 2099980111415659776","Gaia DR3 2099980111415659776",0
"Kepler-968","Kepler-968 b",,,"TIC 350814607","Gaia DR2 2132152474478407040","Gaia DR3 2132152474478407040",0
"Kepler-968","Kepler-968 c",,,"TIC 350814607","Gaia DR2 2132152474478407040","Gaia DR3 2132152474478407040",0
"Kepler-969","Kepler-969 b",,,"TIC 158785055","Gaia DR2 2130979570450326912","Gaia DR3 2130979570450326912",0
"Kepler-969","Kepler-969 c",,,"TIC 158785055","Gaia DR2 2130979570450326912","Gaia DR3 2130979570450326912",0
"Kepler-97","Kepler-97 b",,,"TIC 399951991","Gaia DR2 2131216137248338304","Gaia DR3 2131216137248338304",0
"Kepler-97","Kepler-97 c",,,"TIC 399951991","Gaia DR2 2131216137248338304","Gaia DR3 2131216137248338304",0
"Kepler-970","Kepler-970 b",,,"TIC 122069243","Gaia DR2 2101379205604338688","Gaia DR3 2101379205604338688",0
"Kepler-971","Kepler-971 b",,,"TIC 120105003","Gaia DR2 2103712163117363200","Gaia DR3 2103712163117363200",0
"Kepler-972","Kepler-972 b",,,"TIC 271967039","Gaia DR2 2078038738412342656","Gaia DR3 2078038738412342656",0
"Kepler-973","Kepler-973 b",,,"TIC 267747398","Gaia DR2 2130024026126714880","Gaia DR3 2130024026126714880",0
"Kepler-974","Kepler-974 b",,,"TIC 120418600","Gaia DR2 2103377980301947264","Gaia DR3 2103377980301947264",0
"Kepler-975","Kepler-975 b",,,"TIC 122450762","Gaia DR2 2052826318309391104","Gaia DR3 2052826318309391104",0
"Kepler-975","Kepler-975 c",,,"TIC 122450762","Gaia DR2 2052826318309391104","Gaia DR3 2052826318309391104",0
"Kepler-976","Kepler-976 b",,,"TIC 159174942","Gaia DR2 2127721958016074368","Gaia DR3 2127721958016074368",0
"Kepler-977","Kepler-977 b",,,"TIC 159768168","Gaia DR2 2101760014585798528","Gaia DR3 2101760014585798528",0
"Kepler-978","Kepler-978 b",,,"TIC 158317637","Gaia DR2 2105597825559486336","Gaia DR3 2105597825559486336",0
"Kepler-979","Kepler-979 b",,,"TIC 239285770","Gaia DR2 2085337502756644224","Gaia DR3 2085337502756644224",0
"Kepler-98","Kepler-98 b",,,"TIC 120629799","Gaia DR2 2099862910348755712","Gaia DR3 2099862910348755712",0
"Kepler-980","Kepler-980 b",,,"TIC 271162671","Gaia DR2 2079902101382181248","Gaia DR3 2079902101382181248",0
"Kepler-981","Kepler-981 b",,,"TIC 158984916","Gaia DR2 2127914132032810112","Gaia DR3 2127914132032810112",0
"Kepler-982","Kepler-982 b",,,"TIC 158730203","Gaia DR2 2130393938771375104","Gaia DR3 2130393938771375104",0
"Kepler-983","Kepler-983 b",,,"TIC 164882868","Gaia DR2 2106370541711607680","Gaia DR3 2106370541711607680",0
"Kepler-984","Kepler-984 b",,,"TIC 272837755","Gaia DR2 2080314315164334464","Gaia DR3 2080314315164334464",0
"Kepler-985","Kepler-985 b",,,"TIC 159305424","Gaia DR2 2126878048483137152","Gaia DR3 2126878048483137152",0
"Kepler-986","Kepler-986 b",,,"TIC 275494853","Gaia DR2 2077811410082955776","Gaia DR3 2077811410082955776",0
"Kepler-987","Kepler-987 b",,,"TIC 159050004","Gaia DR2 2127688938307214592","Gaia DR3 2127688938307214592",0
"Kepler-988","Kepler-988 b",,,"TIC 159446957","Gaia DR2 2101938650863923712","Gaia DR3 2101938650863923712",0
"Kepler-989","Kepler-989 b",,,"TIC 123357893","Gaia DR2 2119584163218439040","Gaia DR3 2119584163218439040",0
"Kepler-99","Kepler-99 b",,,"TIC 169462917","Gaia DR2 2076871091425583232","Gaia DR3 2076871091425583232",0
"Kepler-990","Kepler-990 b",,,"TIC 273591945","Gaia DR2 2086302805244921984","Gaia DR3 2086302805244921984",0
"Kepler-990","Kepler-990 c",,,"TIC 273591945","Gaia DR2 2086302805244921984","Gaia DR3 2086302805244921984",0
"Kepler-991","Kepler-991 b",,,"TIC 28084836","Gaia DR2 2087215262455233664","Gaia DR3 2087215262455233664",0
"Kepler-992","Kepler-992 b",,,"TIC 164723619","Gaia DR2 2131432706679279104","Gaia DR3 2131432706679279104",0
"Kepler-993","Kepler-993 b",,,"TIC 63365721","Gaia DR2 2126373303927596160","Gaia DR3 2126373303927596160",0
"Kepler-994","Kepler-994 b",,,"TIC 158983792","Gaia DR2 2127904992341848960","Gaia DR3 2127904992341848960",0
"Kepler-995","Kepler-995 b",,,"TIC 120315006","Gaia DR2 2100214788429438336","Gaia DR3 2100214788429438336",0
"Kepler-996","Kepler-996 b",,,"TIC 351072172","Gaia DR2 2101649891623535104","Gaia DR3 2101649891623535104",0
"Kepler-997","Kepler-997 b",,,"TIC 299159378","Gaia DR2 2132709613336959744","Gaia DR3 2132709613336959744",0
"Kepler-998","Kepler-998 b",,,"TIC 27914290","Gaia DR2 2086838576644246144","Gaia DR3 2086838576644246144",0
"Kepler-999","Kepler-999 b",,,"TIC 269032792","Gaia DR2 2085286890863482752","Gaia DR3 2085286890863482752",0
"L 168-9","L 168-9 b",,"HIP 115211","TIC 234994474","Gaia DR2 6491962296196145664","Gaia DR3 6491962300492857472",0
"L 363-38","L 363-38 b",,,"TIC 118585685","Gaia DR2 4999067471248893952","Gaia DR3 4999067471248893952",0
"L 98-59","L 98-59 b",,,"TIC 307210830","Gaia DR2 5271055243163629056","Gaia DR3 5271055243163629056",0
"L 98-59","L 98-59 c",,,"TIC 307210830","Gaia DR2 5271055243163629056","Gaia DR3 5271055243163629056",0
"L 98-59","L 98-59 d",,,"TIC 307210830","Gaia DR2 5271055243163629056","Gaia DR3 5271055243163629056",0
"L 98-59","L 98-59 e",,,"TIC 307210830","Gaia DR2 5271055243163629056","Gaia DR3 5271055243163629056",0
"L 98-59","L 98-59 f",,,"TIC 307210830","Gaia DR2 5271055243163629056","Gaia DR3 5271055243163629056",0
"LHS 1140","LHS 1140 b",,,"TIC 92226327","Gaia DR2 2371032916186181760","Gaia DR3 2371032916186181760",0
"LHS 1140","LHS 1140 c",,,"TIC 92226327","Gaia DR2 2371032916186181760","Gaia DR3 2371032916186181760",0
"LHS 1478","LHS 1478 b",,,"TIC 396562848","Gaia DR2 549007291282705024","Gaia DR3 549007291282705024",0
"LHS 1678","LHS 1678 b",,,"TIC 77156829","Gaia DR2 4864160624337973248","Gaia DR3 4864160624337973248",0
"LHS 1678","LHS 1678 c",,,"TIC 77156829","Gaia DR2 4864160624337973248","Gaia DR3 4864160624337973248",0
"LHS 1678","LHS 1678 d",,,"TIC 77156829","Gaia DR2 4864160624337973248","Gaia DR3 4864160624337973248",0
"LHS 1815","LHS 1815 b",,"HIP 28754","TIC 260004324","Gaia DR2 5500061456275483776","Gaia DR3 5500061456275483776",0
"LHS 1903","LHS 1903 b",,"HIP 34730","TIC 318022259","Gaia DR2 978086481343568128","Gaia DR3 978086481343568128",0
"LHS 1903","LHS 1903 c",,"HIP 34730","TIC 318022259","Gaia DR2 978086481343568128","Gaia DR3 978086481343568128",0
"LHS 1903","LHS 1903 d",,"HIP 34730","TIC 318022259","Gaia DR2 978086481343568128","Gaia DR3 978086481343568128",0
"LHS 1903","LHS 1903 e",,"HIP 34730","TIC 318022259","Gaia DR2 978086481343568128","Gaia DR3 978086481343568128",0
"LHS 3154","LHS 3154 b",,,"TIC 24108819","Gaia DR2 1380293091823646720","Gaia DR3 1380293091823646720",0
"LHS 3844","LHS 3844 b",,,"TIC 410153553","Gaia DR2 6385548541499112448","Gaia DR3 6385548541499112448",0
"LHS 475","LHS 475 b",,,"TIC 369327947","Gaia DR2 6347643496607835520","Gaia DR3 6347643496607835520",0
"LP 261-75 A","LP 261-75 b",,,"TIC 67646988","Gaia DR2 796443724462555904","Gaia DR3 796443724462555904",0
"LP 714-47","LP 714-47 b",,,"TIC 70899085","Gaia DR2 3189306030970782208","Gaia DR3 3189306030970782208",0
"LP 791-18","LP 791-18 b",,,"TIC 181804752","Gaia DR2 3562427951852172288","Gaia DR3 3562427951852172288",0
"LP 791-18","LP 791-18 c",,,"TIC 181804752","Gaia DR2 3562427951852172288","Gaia DR3 3562427951852172288",0
"LP 791-18","LP 791-18 d",,,"TIC 181804752","Gaia DR2 3562427951852172288","Gaia DR3 3562427951852172288",0
"LP 890-9","LP 890-9 b",,,"TIC 44898913","Gaia DR2 4886243456388510720","Gaia DR3 4886243456388510720",0
"LP 890-9","LP 890-9 c",,,"TIC 44898913","Gaia DR2 4886243456388510720","Gaia DR3 4886243456388510720",0
"LSPM J2116+0234","LSPM J2116+0234 b",,,"TIC 387518186","Gaia DR2 2692455319291894400","Gaia DR3 2692455319291894400",0
"LTT 1445 A","LTT 1445 A b",,"HIP 14101","TIC 98796344","Gaia DR2 5153091836072107136","Gaia DR3 5153091836072107136",0
"LTT 1445 A","LTT 1445 A c",,"HIP 14101","TIC 98796344","Gaia DR2 5153091836072107136","Gaia DR3 5153091836072107136",0
"LTT 3780","LTT 3780 b",,,"TIC 36724087","Gaia DR2 3767281845873242112","Gaia DR3 3767281845873242112",0
"LTT 3780","LTT 3780 c",,,"TIC 36724087","Gaia DR2 3767281845873242112","Gaia DR3 3767281845873242112",0
"LTT 9779","LTT 9779 b",,"HIP 117883","TIC 183985250","Gaia DR2 2307504062045842688","Gaia DR3 2307504062045842688",0
"LkCa 15","LkCa 15 b",,,"TIC 118681038","Gaia DR2 144936836795636864","Gaia DR3 144936836795636864",0
"LkCa 15","LkCa 15 c",,,"TIC 118681038","Gaia DR2 144936836795636864","Gaia DR3 144936836795636864",0
"Luhman 16 A","Luhman 16 b",,,"TIC 119862115","Gaia DR2 5353625852001928960","Gaia DR3 5353625852001928960",0
"Lupus-TR-3","Lupus-TR-3 b",,,"TIC 153091721","Gaia DR2 6002207725193479552","Gaia DR3 6002207725193479552",0
"M62H","M62H b",,,,,,0
"MASCARA-1","MASCARA-1 b","HD 201585","HIP 104513","TIC 354619337","Gaia DR2 1744911763437512064","Gaia DR3 1744911763437512064",0
"MASCARA-4","MASCARA-4 b","HD 85628",,"TIC 371443216","Gaia DR2 5245968236116294016","Gaia DR3 5245968236116294016",0
"MOA-2007-BLG-192L","MOA-2007-BLG-192L b",,,,,,0
"MOA-2007-BLG-400L","MOA-2007-BLG-400L b",,,,,,0
"MOA-2008-BLG-310L","MOA-2008-BLG-310L b",,,,,,0
"MOA-2008-BLG-379L","MOA-2008-BLG-379L b",,,,,,0
"MOA-2009-BLG-266L","MOA-2009-BLG-266L b",,,,,,0
"MOA-2009-BLG-319L","MOA-2009-BLG-319L b",,,,,,0
"MOA-2009-BLG-387L","MOA-2009-BLG-387L b",,,,,,0
"MOA-2010-BLG-073L","MOA-2010-BLG-073L b",,,,,,0
"MOA-2010-BLG-117L","MOA-2010-BLG-117L b",,,,,,0
"MOA-2010-BLG-328L","MOA-2010-BLG-328L b",,,,,,0
"MOA-2010-BLG-353L","MOA-2010-BLG-353L b",,,,,,0
"MOA-2010-BLG-477L","MOA-2010-BLG-477L b",,,,,,0
"MOA-2011-BLG-028L","MOA-2011-BLG-028L b",,,,,,0
"MOA-2011-BLG-262L","MOA-2011-BLG-262L b",,,,,,0
"MOA-2011-BLG-291L","MOA-2011-BLG-291L b",,,,,,0
"MOA-2011-BLG-293L","MOA-2011-BLG-293L b",,,,,,0
"MOA-2011-BLG-322L","MOA-2011-BLG-322L b",,,,,,0
"MOA-2012-BLG-006L","MOA-2012-BLG-006L b",,,,,,0
"MOA-2012-BLG-505L","MOA-2012-BLG-505L b",,,,,,0
"MOA-2013-BLG-220L","MOA-2013-BLG-220L b",,,,,,0
"MOA-2013-BLG-605L","MOA-2013-BLG-605L b",,,,,,0
"MOA-2015-BLG-337L","MOA-2015-BLG-337L b",,,,,,0
"MOA-2016-BLG-227L","MOA-2016-BLG-227L b",,,,,,0
"MOA-2016-BLG-319L","MOA-2016-BLG-319L b",,,,,,0
"MOA-2016-BLG-526L","MOA-2016-BLG-526L b",,,,,,0
"MOA-2019-BLG-008L","MOA-2019-BLG-008L b",,,,,,0
"MOA-2020-BLG-108L","MOA-2020-BLG-108L b",,,,,,0
"MOA-2020-BLG-135L","MOA-2020-BLG-135L b",,,,,,0
"MOA-2020-BLG-208L","MOA-2020-BLG-208L b",,,,,,0
"MOA-2022-BLG-033L","MOA-2022-BLG-033L b",,,,,,0
"MOA-2022-BLG-091L","MOA-2022-BLG-091L b",,,,,,0
"MOA-2022-BLG-249L","MOA-2022-BLG-249L b",,,,,,0
"MOA-2022-BLG-563L","MOA-2022-BLG-563L b",,,,,,0
"MOA-bin-1L","MOA-bin-1L b",,,,,,0
"MOA-bin-29","MOA-bin-29 b",,,,,,0
"MWC 758","MWC 758 c","HD 36112","HIP 25793","TIC 73816033","Gaia DR2 3417062653416093184","Gaia DR3 3417062653416093184",0
"MXB 1658-298","MXB 1658-298 b",,,,,,1
"NGC 2682 Sand 1429","NGC 2682 Sand 1429 b",,,"TIC 437039505","Gaia DR2 604903468852379904","Gaia DR3 604903468852379904",0
"NGC 2682 Sand 978","NGC 2682 Sand 978 b",,,"TIC 437039060","Gaia DR2 604911375882674560","Gaia DR3 604911375882674560",0
"NGC 2682 YBP 1194","NGC 2682 YBP 1194 b",,,"TIC 437034946","Gaia DR2 604914949295282816","Gaia DR3 604914949295282816",0
"NGC 2682 YBP 1514","NGC 2682 YBP 1514 b",,,"TIC 437034879","Gaia DR2 604922096120852864","Gaia DR3 604922096120852864",0
"NGC 2682 YBP 401","NGC 2682 YBP 401 b",,,"TIC 437038987","Gaia DR2 604909657895767680","Gaia DR3 604909657895767680",0
"NGTS-1","NGTS-1 b",,,"TIC 192826603","Gaia DR2 4821739369794767744","Gaia DR3 4821739369794767744",0
"NGTS-10","NGTS-10 b",,,"TIC 37348844","Gaia DR2 2911987212510959232","Gaia DR3 2911987212510959232",0
"NGTS-11","NGTS-11 b",,,"TIC 54002556","Gaia DR2 2453680078509741056","Gaia DR3 2453680078509741056",0
"NGTS-12","NGTS-12 b",,,"TIC 157230659","Gaia DR2 3464620139089832960","Gaia DR3 3464620139089832960",0
"NGTS-13","NGTS-13 b",,,"TIC 454069765","Gaia DR2 5385076140853434752","Gaia DR3 5385076140853434752",0
"NGTS-14 A","NGTS-14 A b",,,"TIC 197643976","Gaia DR2 6585082036193768832","Gaia DR3 6585082036193768832",0
"NGTS-15","NGTS-15 b",,,"TIC 1333933","Gaia DR2 4873830691665395584","Gaia DR3 4873830691665395584",0
"NGTS-16","NGTS-16 b",,,"TIC 166806344","Gaia DR2 4886825544715697792","Gaia DR3 4886825544715697792",0
"NGTS-17","NGTS-17 b",,,"TIC 1309019","Gaia DR2 4873225513593736960","Gaia DR3 4873225513593736960",0
"NGTS-18","NGTS-18 b",,,"TIC 142211778","Gaia DR2 3462511310147530752","Gaia DR3 3462511310147530752",0
"NGTS-2","NGTS-2 b",,,"TIC 125739286","Gaia DR2 6220602384081327104","Gaia DR3 6220602384081327104",0
"NGTS-20","NGTS-20 b",,,"TIC 257527578","Gaia DR2 5078704372599743104","Gaia DR3 5078704372599743104",0
"NGTS-21","NGTS-21 b",,,"TIC 441422655","Gaia DR2 6779308394419726848","Gaia DR3 6779308394419726848",0
"NGTS-23","NGTS-23 b",,,"TIC 77287067","Gaia DR2 4816462091938129408","Gaia DR3 4816462091938129408",0
"NGTS-24","NGTS-24 b",,,"TIC 151920165","Gaia DR2 5397086969654628864","Gaia DR3 5397086969654628864",0
"NGTS-25","NGTS-25 b",,,"TIC 290742484","Gaia DR2 6682513094425008640","Gaia DR3 6682513094425008640",0
"NGTS-26","NGTS-26 b",,,"TIC 392747437","Gaia DR2 6216644481523819776","Gaia DR3 6216644481523819776",0
"NGTS-27","NGTS-27 b",,,"TIC 305739565","Gaia DR2 6171451912217279872","Gaia DR3 6171451912217279872",0
"NGTS-3 A","NGTS-3 A b",,,"TIC 124778445","Gaia DR2 2885350546895266432","Gaia DR3 2885350546895266432",0
"NGTS-30","NGTS-30 b",,,"TIC 322807371","Gaia DR2 3533836281547278848","Gaia DR3 3533836281547278848",0
"NGTS-31","NGTS-31 b",,,"TIC 167714124","Gaia DR2 4819647205325461888","Gaia DR3 4819647205326045824",0
"NGTS-32","NGTS-32 b",,,"TIC 309694541","Gaia DR2 6305395724382388224","Gaia DR3 6305395724382388224",0
"NGTS-33","NGTS-33 b",,,"TIC 97921547","Gaia DR2 5590415817155428224","Gaia DR3 5590415817155428224",0
"NGTS-34","NGTS-34 b",,,"TIC 147277741","Gaia DR2 5387844681072434944","Gaia DR3 5387844681072434944",0
"NGTS-35","NGTS-35 b",,,"TIC 333736132","Gaia DR2 3531943236058701824","Gaia DR3 3531943236058701824",0
"NGTS-38","NGTS-38 b",,,"TIC 65910228","Gaia DR2 5606317297918628992","Gaia DR3 5606317297918628992",0
"NGTS-39","NGTS-39 b",,,"TIC 453147896","Gaia DR2 3156473342454773248","Gaia DR3 3156473342454773248",0
"NGTS-4","NGTS-4 b",,,"TIC 143143769","Gaia DR2 2891248292906892032","Gaia DR3 2891248292906892032",0
"NGTS-5","NGTS-5 b",,,"TIC 368739874","Gaia DR2 1159042833731813760","Gaia DR3 1159042833731813760",0
"NGTS-6","NGTS-6 b",,,"TIC 1528696","Gaia DR2 4875693023844840448","Gaia DR3 4875693023844840448",0
"NGTS-8","NGTS-8 b",,,"TIC 102068384","Gaia DR2 6840435777723109888","Gaia DR3 6840435777723109888",0
"NGTS-9","NGTS-9 b",,,"TIC 176685457","Gaia DR2 5678340222972504832","Gaia DR3 5678340222972504832",0
"NN Ser","NN Ser c",,,"TIC 172608008","Gaia DR2 1191504471436192512","Gaia DR3 1191504471436192512",1
"NN Ser","NN Ser d",,,"TIC 172608008","Gaia DR2 1191504471436192512","Gaia DR3 1191504471436192512",1
"NSVS 14256825","NSVS 14256825 b",,,"TIC 404635917","Gaia DR2 4245906369913936000","Gaia DR3 4245906369913936000",1
"NY Vir","NY Vir b",,,"TIC 175402069","Gaia DR2 3637481302758519040","Gaia DR3 3637481302758519040",1
"NY Vir","NY Vir c",,,"TIC 175402069","Gaia DR2 3637481302758519040","Gaia DR3 3637481302758519040",1
"OGLE-2003-BLG-235L","OGLE-2003-BLG-235L b",,,,,,0
"OGLE-2005-BLG-071L","OGLE-2005-BLG-071L b",,,,,,0
"OGLE-2005-BLG-169L","OGLE-2005-BLG-169L b",,,,,,0
"OGLE-2005-BLG-390L","OGLE-2005-BLG-390L b",,,,,,0
"OGLE-2006-BLG-109L","OGLE-2006-BLG-109L b",,,,,,0
"OGLE-2006-BLG-109L","OGLE-2006-BLG-109L c",,,,,,0
"OGLE-2006-BLG-284L A","OGLE-2006-BLG-284L A b",,,,,,0
"OGLE-2007-BLG-349L A","OGLE-2007-BLG-349L AB c",,,,,,1
"OGLE-2007-BLG-368L","OGLE-2007-BLG-368L b",,,,,,0
"OGLE-2008-BLG-092L","OGLE-2008-BLG-092L b",,,,,,0
"OGLE-2008-BLG-355L","OGLE-2008-BLG-355L b",,,,,,0
"OGLE-2011-BLG-0173L","OGLE-2011-BLG-0173L b",,,,,,0
"OGLE-2011-BLG-0251L","OGLE-2011-BLG-0251L b",,,,,,0
"OGLE-2011-BLG-0265L","OGLE-2011-BLG-0265L b",,,,,,0
"OGLE-2012-BLG-0026L","OGLE-2012-BLG-0026L b",,,,,,0
"OGLE-2012-BLG-0026L","OGLE-2012-BLG-0026L c",,,,,,0
"OGLE-2012-BLG-0358L","OGLE-2012-BLG-0358L b",,,,,,0
"OGLE-2012-BLG-0406L","OGLE-2012-BLG-0406L b",,,,,,0
"OGLE-2012-BLG-0563L","OGLE-2012-BLG-0563L b",,,,,,0
"OGLE-2012-BLG-0724L","OGLE-2012-BLG-0724L b",,,,,,0
"OGLE-2012-BLG-0838L","OGLE-2012-BLG-0838L b",,,,,,0
"OGLE-2012-BLG-0950L","OGLE-2012-BLG-0950L b",,,,,,0
"OGLE-2013-BLG-0102L","OGLE-2013-BLG-0102L b",,,,,,0
"OGLE-2013-BLG-0132L","OGLE-2013-BLG-0132L b",,,,,,0
"OGLE-2013-BLG-0341L B","OGLE-2013-BLG-0341L B b",,,,,,0
"OGLE-2013-BLG-0911L","OGLE-2013-BLG-0911L b",,,,,,0
"OGLE-2013-BLG-1721L","OGLE-2013-BLG-1721L b",,,,,,0
"OGLE-2013-BLG-1761L","OGLE-2013-BLG-1761L b",,,,,,0
"OGLE-2014-BLG-0124L","OGLE-2014-BLG-0124L b",,,,,,0
"OGLE-2014-BLG-0221L","OGLE-2014-BLG-0221L b",,,,,,0
"OGLE-2014-BLG-0319L","OGLE-2014-BLG-0319L b",,,,,,0
"OGLE-2014-BLG-0676L","OGLE-2014-BLG-0676L b",,,,,,0
"OGLE-2014-BLG-1722L","OGLE-2014-BLG-1722L b",,,,,,0
"OGLE-2014-BLG-1722L","OGLE-2014-BLG-1722L c",,,,,,0
"OGLE-2014-BLG-1760L","OGLE-2014-BLG-1760L b",,,,,,0
"OGLE-2015-BLG-0051L","OGLE-2015-BLG-0051L b",,,,,,0
"OGLE-2015-BLG-0954L","OGLE-2015-BLG-0954L b",,,,,,0
"OGLE-2015-BLG-0966L","OGLE-2015-BLG-0966L b",,,,,,0
"OGLE-2015-BLG-1609L","OGLE-2015-BLG-1609L b",,,,,,0
"OGLE-2015-BLG-1649L","OGLE-2015-BLG-1649L b",,,,,,0
"OGLE-2015-BLG-1670L","OGLE-2015-BLG-1670L b",,,,,,0
"OGLE-2015-BLG-1771L","OGLE-2015-BLG-1771L b",,,,,,0
"OGLE-2016-BLG-0007L","OGLE-2016-BLG-0007L b",,,,,,0
"OGLE-2016-BLG-0261L","OGLE-2016-BLG-0261L b",,,,,,0
"OGLE-2016-BLG-0263L","OGLE-2016-BLG-0263L b",,,,,,0
"OGLE-2016-BLG-0613L AB","OGLE-2016-BLG-0613L AB b",,,,,,1
"OGLE-2016-BLG-1067L","OGLE-2016-BLG-1067L b",,,,,,0
"OGLE-2016-BLG-1093L","OGLE-2016-BLG-1093L b",,,,,,0
"OGLE-2016-BLG-1190L","OGLE-2016-BLG-1190L b",,,,,,0
"OGLE-2016-BLG-1195L","OGLE-2016-BLG-1195L b",,,,,,0
"OGLE-2016-BLG-1227L","OGLE-2016-BLG-1227L b",,,,,,0
"OGLE-2016-BLG-1266L","OGLE-2016-BLG-1266L b",,,,,,0
"OGLE-2016-BLG-1598L","OGLE-2016-BLG-1598L b",,,,,,0
"OGLE-2016-BLG-1800L","OGLE-2016-BLG-1800L b",,,,,,0
"OGLE-2017-BLG-0173L","OGLE-2017-BLG-0173L b",,,,,,0
"OGLE-2017-BLG-0364L","OGLE-2017-BLG-0364L b",,,,,,0
"OGLE-2017-BLG-0373L","OGLE-2017-BLG-0373L b",,,,,,0
"OGLE-2017-BLG-0406L","OGLE-2017-BLG-0406L b",,,,,,0
"OGLE-2017-BLG-0448L","OGLE-2017-BLG-0448L b",,,,,,0
"OGLE-2017-BLG-0482L","OGLE-2017-BLG-0482L b",,,,,,0
"OGLE-2017-BLG-0604L","OGLE-2017-BLG-0604L b",,,,,,0
"OGLE-2017-BLG-0640L","OGLE-2017-BLG-0640L b",,,,,,0
"OGLE-2017-BLG-1049L","OGLE-2017-BLG-1049L b",,,,,,0
"OGLE-2017-BLG-1099L","OGLE-2017-BLG-1099L b",,,,,,0
"OGLE-2017-BLG-1140L","OGLE-2017-BLG-1140L b",,,,,,0
"OGLE-2017-BLG-1237L","OGLE-2017-BLG-1237L b",,,,,,0
"OGLE-2017-BLG-1275L","OGLE-2017-BLG-1275L b",,,,,,0
"OGLE-2017-BLG-1375L","OGLE-2017-BLG-1375L b",,,,,,0
"OGLE-2017-BLG-1434L","OGLE-2017-BLG-1434L b",,,,,,0
"OGLE-2017-BLG-1522L","OGLE-2017-BLG-1522L b",,,,,,0
"OGLE-2017-BLG-1691L","OGLE-2017-BLG-1691L b",,,,,,0
"OGLE-2017-BLG-1806L","OGLE-2017-BLG-1806L b",,,,,,0
"OGLE-2018-BLG-0298L","OGLE-2018-BLG-0298L b",,,,,,0
"OGLE-2018-BLG-0383L","OGLE-2018-BLG-0383L b",,,,,,0
"OGLE-2018-BLG-0506L","OGLE-2018-BLG-0506L b",,,,,,0
"OGLE-2018-BLG-0516L","OGLE-2018-BLG-0516L b",,,,,,0
"OGLE-2018-BLG-0532L","OGLE-2018-BLG-0532L b",,,,,,0
"OGLE-2018-BLG-0567L","OGLE-2018-BLG-0567L b",,,,,,0
"OGLE-2018-BLG-0596L","OGLE-2018-BLG-0596L b",,,,,,0
"OGLE-2018-BLG-0677L","OGLE-2018-BLG-0677L b",,,,,,0
"OGLE-2018-BLG-0740L","OGLE-2018-BLG-0740L b",,,,,,0
"OGLE-2018-BLG-0799L","OGLE-2018-BLG-0799L b",,,,,,0
"OGLE-2018-BLG-0932L","OGLE-2018-BLG-0932L b",,,,,,0
"OGLE-2018-BLG-0962L","OGLE-2018-BLG-0962L b",,,,,,0
"OGLE-2018-BLG-0977L","OGLE-2018-BLG-0977L b",,,,,,0
"OGLE-2018-BLG-1011L","OGLE-2018-BLG-1011L b",,,,,,0
"OGLE-2018-BLG-1011L","OGLE-2018-BLG-1011L c",,,,,,0
"OGLE-2018-BLG-1119L","OGLE-2018-BLG-1119L b",,,,,,0
"OGLE-2018-BLG-1126L","OGLE-2018-BLG-1126L b",,,,,,0
"OGLE-2018-BLG-1185L","OGLE-2018-BLG-1185L b",,,,,,0
"OGLE-2018-BLG-1212L","OGLE-2018-BLG-1212L b",,,,,,0
"OGLE-2018-BLG-1269L","OGLE-2018-BLG-1269L b",,,,,,0
"OGLE-2018-BLG-1367L","OGLE-2018-BLG-1367L b",,,,,,0
"OGLE-2018-BLG-1428L","OGLE-2018-BLG-1428L b",,,,,,0
"OGLE-2018-BLG-1647L","OGLE-2018-BLG-1647L b",,,,,,0
"OGLE-2018-BLG-1700L","OGLE-2018-BLG-1700L b",,,,,,1
"OGLE-2019-BLG-0249L","OGLE-2019-BLG-0249L b",,,,,,0
"OGLE-2019-BLG-0299L","OGLE-2019-BLG-0299L b",,,,,,0
"OGLE-2019-BLG-0304L","OGLE-2019-BLG-0304L b",,,,,,0
"OGLE-2019-BLG-0362L","OGLE-2019-BLG-0362L b",,,,,,0
"OGLE-2019-BLG-0468L","OGLE-2019-BLG-0468L b",,,,,,0
"OGLE-2019-BLG-0468L","OGLE-2019-BLG-0468L c",,,,,,0
"OGLE-2019-BLG-0679L","OGLE-2019-BLG-0679L b",,,,,,0
"OGLE-2019-BLG-0954L","OGLE-2019-BLG-0954L b",,,,,,0
"OGLE-2019-BLG-0960L","OGLE-2019-BLG-0960L b",,,,,,0
"OGLE-2019-BLG-1053L","OGLE-2019-BLG-1053L b",,,,,,0
"OGLE-2019-BLG-1180L","OGLE-2019-BLG-1180L b",,,,,,0
"OGLE-2019-BLG-1470L A","OGLE-2019-BLG-1470L AB c",,,,,,1
"OGLE-2019-BLG-1492L","OGLE-2019-BLG-1492L b",,,,,,0
"OGLE-2023-BLG-0766L","OGLE-2023-BLG-0766L b",,,,,,0
"OGLE-2023-BLG-0836L","OGLE-2023-BLG-0836L b",,,,,,1
"OGLE-TR-10","OGLE-TR-10 b",,,"TIC 130150682","Gaia DR2 4056443366649948160","Gaia DR3 4056443366649948160",0
"OGLE-TR-111","OGLE-TR-111 b",,,"TIC 465390152","Gaia DR2 5242089296564780416","Gaia DR3 5242089296564780416",0
"OGLE-TR-113","OGLE-TR-113 b",,,"TIC 915110182","Gaia DR2 5242077854771196544","Gaia DR3 5242077854771196544",0
"OGLE-TR-132","OGLE-TR-132 b",,,"TIC 465144510","Gaia DR2 5241964708164136192","Gaia DR3 5241964708164136192",0
"OGLE-TR-182","OGLE-TR-182 b",,,"TIC 466884459","Gaia DR2 5337294049909975680","Gaia DR3 5337294049909975680",0
"OGLE-TR-211","OGLE-TR-211 b",,,"TIC 390001646","Gaia DR2 5253607539857229568","Gaia DR3 5253607539857229568",0
"OGLE-TR-56","OGLE-TR-56 b",,,"TIC 1425441246","Gaia DR2 4056326681029056896","Gaia DR3 4056326681029056896",0
"OGLE2-TR-L9","OGLE2-TR-L9 b",,,"TIC 466840711","Gaia DR2 5337273743301313536","Gaia DR3 5337273743301313536",0
"Oph 11","Oph 11 b",,,"TIC 392045047","Gaia DR2 6049407594709184256","Gaia DR3 6049407594709184256",0
"PDS 70","PDS 70 b",,,"TIC 179413040","Gaia DR2 6110141563309613056","Gaia DR3 6110141563309613056",0
"PDS 70","PDS 70 c",,,"TIC 179413040","Gaia DR2 6110141563309613056","Gaia DR3 6110141563309613056",0
"PH1","PH1 b",,,"TIC 170348142","Gaia DR2 2073478823183937536","Gaia DR3 2073478823183937536",1
"PH2","PH2 b",,,"TIC 416279912","Gaia DR2 2139300262131379584","Gaia DR3 2139300262131379584",0
"POTS-1","POTS-1 b",,,"TIC 341694238","Gaia DR2 5851616143098057472","Gaia DR3 5851616143098057472",0
"PSR B0329+54","PSR B0329+54 b",,,"TIC 316847481","Gaia DR2 445135392719883904","Gaia DR3 445135392719883904",0
"PSR B1257+12","PSR B1257+12 b",,,,,,0
"PSR B1257+12","PSR B1257+12 c",,,,,,0
"PSR B1257+12","PSR B1257+12 d",,,,,,0
"PSR B1620-26","PSR B1620-26 b",,,,,,1
"PSR J1719-1438","PSR J1719-1438 b",,,,,,0
"PSR J2322-2650","PSR J2322-2650 b",,,,,,0
"PZ Tel","PZ Tel b","HD 174429","HIP 92680","TIC 406095880","Gaia DR2 6655168686921108864","Gaia DR3 6655168686921108864",0
"Pr0201","Pr0201 b",,,"TIC 175290574","Gaia DR2 661424074527577600","Gaia DR3 661424074528836480",0
"Pr0211","Pr0211 b",,,"TIC 175291727","Gaia DR2 661222279785743616","Gaia DR3 661222279785743616",0
"Pr0211","Pr0211 c",,,"TIC 175291727","Gaia DR2 661222279785743616","Gaia DR3 661222279785743616",0
"Proxima Cen","Proxima Cen b",,"HIP 70890","TIC 388857263","Gaia DR2 5853498713160606720","Gaia DR3 5853498713190525696",0
"Proxima Cen","Proxima Cen d",,"HIP 70890","TIC 388857263","Gaia DR2 5853498713160606720","Gaia DR3 5853498713190525696",0
"Qatar-1","Qatar-1 b",,,"TIC 236887394","Gaia DR2 2244830490514284928","Gaia DR3 2244830490514284928",0
"Qatar-10","Qatar-10 b",,,"TIC 229791084","Gaia DR2 2262322556576778752","Gaia DR3 2262322556576778752",0
"Qatar-2","Qatar-2 b",,,"TIC 2521105","Gaia DR2 3620030644476623616","Gaia DR3 3620030644476623616",0
"Qatar-3","Qatar-3 b",,,"TIC 291751373","Gaia DR2 2878641361300809856","Gaia DR3 2878641361300809856",0
"Qatar-4","Qatar-4 b",,,"TIC 440113053","Gaia DR2 385697172809355392","Gaia DR3 385697172809355392",0
"Qatar-5","Qatar-5 b",,,"TIC 190998418","Gaia DR2 382111248777193216","Gaia DR3 382111248777193216",0
"Qatar-6","Qatar-6 b",,,"TIC 311133118","Gaia DR2 1265513389372846848","Gaia DR3 1265513389372846848",0
"Qatar-7","Qatar-7 b",,,"TIC 291685334","Gaia DR2 2878923523472328704","Gaia DR3 2878923523472328704",0
"Qatar-8","Qatar-8 b",,,"TIC 103751498","Gaia DR2 1076515002779544960","Gaia DR3 1076515002779544960",0
"Qatar-9","Qatar-9 b",,,"TIC 149918151","Gaia DR2 1048109222955337600","Gaia DR3 1048109222955337600",0
"ROXs 12","ROXs 12 b",,,"TIC 175595883","Gaia DR2 6048935358761628288","Gaia DR3 6048935358761628288",0
"ROXs 42 B","ROXs 42 B b",,,"TIC 318449007","Gaia DR2 6047587937321868288","Gaia DR3 6047587937321868288",1
"RR Cae","RR Cae b",,,"TIC 219244444","Gaia DR2 4788741548375134336","Gaia DR3 4788741548375134336",1
"Ross 128","Ross 128 b",,"HIP 57548","TIC 325275315","Gaia DR2 3796072592206250624","Gaia DR3 3796072592206250624",0
"Ross 176","Ross 176 b",,,"TIC 193336820","Gaia DR2 2083391813854073856","Gaia DR3 2083391813854073856",0
"Ross 458","Ross 458 c",,"HIP 63510","TIC 88138162","Gaia DR2 3737308025028857600","Gaia DR3 3737308025029348608",1
"Ross 508","Ross 508 b",,,"TIC 400019820","Gaia DR2 1208695640675619584","Gaia DR3 1208695640675619584",0
"SPECULOOS-3","SPECULOOS-3 b",,,"TIC 230741378","Gaia DR2 1869054868256849920","Gaia DR3 1869054868256849920",0
"SR 12 AB","SR 12 AB c",,,"TIC 175629526","Gaia DR2 6049072007438134272","Gaia DR3 6049072007438134272",1
"SWEEPS-11","SWEEPS-11 b",,,,,,0
"SWEEPS-4","SWEEPS-4 b",,,,,,0
"TAP 26","TAP 26 b",,,"TIC 435907158","Gaia DR2 47316005432912256","Gaia DR3 47316005432912256",0
"TCP J05074264+2447555","TCP J05074264+2447555 b",,,"TIC 69530840","Gaia DR2 3419143444811862912","Gaia DR3 3419143444811862912",0
"TIC 117642575","TIC 117642575 b",,,"TIC 117642575","Gaia DR2 5003702771754243200","Gaia DR3 5003702771754243200",0
"TIC 139270665","TIC 139270665 b",,,"TIC 139270665","Gaia DR2 902448598271728256","Gaia DR3 902448598271728256",0
"TIC 139270665","TIC 139270665 c",,,"TIC 139270665","Gaia DR2 902448598271728256","Gaia DR3 902448598271728256",0
"TIC 139702105","TIC 139702105 b",,,"TIC 139702105","Gaia DR2 3170900485496608256","Gaia DR3 3170900485496608256",0
"TIC 142589416","TIC 142589416 b",,,"TIC 142589416","Gaia DR2 1078842703255290112","Gaia DR3 1078842703255290112",0
"TIC 147027702","TIC 147027702 b",,,"TIC 147027702","Gaia DR2 5390877409019489408","Gaia DR3 5390877409019489408",0
"TIC 150070085","TIC 150070085 b",,,"TIC 150070085","Gaia DR2 986757333119241216","Gaia DR3 986757333119241216",0
"TIC 153919886","TIC 153919886 b",,,"TIC 153919886","Gaia DR2 1061028965618200704","Gaia DR3 1061028965618200704",0
"TIC 154870955","TIC 154870955 b",,,"TIC 154870955","Gaia DR2 1729224893605651456","Gaia DR3 1729224893605651456",0
"TIC 160113658","TIC 160113658 b",,,"TIC 160113658","Gaia DR2 4842314187287353088","Gaia DR3 4842314187287353088",0
"TIC 161045582","TIC 161045582 b",,,"TIC 161045582","Gaia DR2 1590822939745962240","Gaia DR3 1590822939745962240",0
"TIC 172900988 Aa","TIC 172900988 b",,,"TIC 172900988","Gaia DR2 709709093301608448","Gaia DR3 709709093301608448",1
"TIC 178172313","TIC 178172313 b",,,"TIC 178172313","Gaia DR2 5052420929392289024","Gaia DR3 5052420929392289024",0
"TIC 183374187","TIC 183374187 b",,,"TIC 183374187","Gaia DR2 6533444503386077056","Gaia DR3 6533444503386077056",0
"TIC 188624430","TIC 188624430 b",,,"TIC 188624430","Gaia DR2 1419122207519557888","Gaia DR3 1419122207519557888",0
"TIC 18942729","TIC 18942729 b",,,"TIC 18942729","Gaia DR2 667224857358269696","Gaia DR3 667224857358269696",0
"TIC 198190129","TIC 198190129 b",,,"TIC 198190129","Gaia DR2 1624849045053798656","Gaia DR3 1624849045053798656",0
"TIC 206466666","TIC 206466666 b",,,"TIC 206466666","Gaia DR2 4732982251418437376","Gaia DR3 4732982251418437376",0
"TIC 231949697","TIC 231949697 b",,,"TIC 231949697","Gaia DR2 5568467262960106624","Gaia DR3 5568467262960106624",0
"TIC 237913194","TIC 237913194 b",,,"TIC 237913194","Gaia DR2 4715813347286590080","Gaia DR3 4715813347286590080",0
"TIC 241249530","TIC 241249530 b",,,"TIC 241249530","Gaia DR2 995754258812449024","Gaia DR3 995754258812449024",0
"TIC 245076932","TIC 245076932 b",,,"TIC 245076932","Gaia DR2 6080787214190400384","Gaia DR3 6080787214190400384",0
"TIC 24750448","TIC 24750448 b",,,"TIC 24750448","Gaia DR2 4697337527554547200","Gaia DR3 4697337527554547200",0
"TIC 24750448","TIC 24750448 c",,,"TIC 24750448","Gaia DR2 4697337527554547200","Gaia DR3 4697337527554547200",0
"TIC 249022743","TIC 249022743 b",,,"TIC 249022743","Gaia DR2 3213652555600674304","Gaia DR3 3213652555600674304",0
"TIC 257060897","TIC 257060897 b",,,"TIC 257060897","Gaia DR2 1697129530714536320","Gaia DR3 1697129530714536320",0
"TIC 260969020","TIC 260969020 b",,,"TIC 260969020","Gaia DR2 4622589462923718656","Gaia DR3 4622589462923718656",0
"TIC 270471727","TIC 270471727 b",,,"TIC 270471727","Gaia DR2 5211963566978081536","Gaia DR3 5211963566978081536",0
"TIC 279401253","TIC 279401253 b",,,"TIC 279401253","Gaia DR2 5110565749968529024","Gaia DR3 5110565749968529024",0
"TIC 279401253","TIC 279401253 c",,,"TIC 279401253","Gaia DR2 5110565749968529024","Gaia DR3 5110565749968529024",0
"TIC 290487717","TIC 290487717 b",,,"TIC 290487717","Gaia DR2 3845376304208004352","Gaia DR3 3845376304208004352",0
"TIC 294329732","TIC 294329732 b",,,"TIC 294329732","Gaia DR2 5485895515966184960","Gaia DR3 5485895515966184960",0
"TIC 32032563","TIC 32032563 b",,,"TIC 32032563","Gaia DR2 4667131336095717376","Gaia DR3 4667131336095717376",0
"TIC 320419023","TIC 320419023 b",,,"TIC 320419023","Gaia DR2 3150823712411197568","Gaia DR3 3150823712411197568",0
"TIC 34085383","TIC 34085383 b",,,"TIC 34085383","Gaia DR2 3195285901053822976","Gaia DR3 3195285901053822976",0
"TIC 349520724","TIC 349520724 b",,,"TIC 349520724","Gaia DR2 5288370455357073152","Gaia DR3 5288370455357073152",0
"TIC 356227008","TIC 356227008 b",,,"TIC 356227008","Gaia DR2 1367419700448212224","Gaia DR3 1367419700448212224",0
"TIC 365102760","TIC 365102760 b",,,"TIC 365102760","Gaia DR2 2185044477033336064","Gaia DR3 2185044477033336064",0
"TIC 38825265","TIC 38825265 b",,,"TIC 38825265","Gaia DR2 4674916771774914176","Gaia DR3 4674916771774914176",0
"TIC 38828280","TIC 38828280 b",,,"TIC 38828280","Gaia DR2 4677307453650094592","Gaia DR3 4677307453650094592",0
"TIC 390586021","TIC 390586021 b",,,"TIC 390586021","Gaia DR2 6181420703109363712","Gaia DR3 6181420703109363712",0
"TIC 393818343","TIC 393818343 b",,,"TIC 393818343","Gaia DR2 4233021433662981760","Gaia DR3 4233021433662981760",0
"TIC 423703298","TIC 423703298 b",,,"TIC 423703298","Gaia DR2 2450886258118853376","Gaia DR3 2450886258118853376",0
"TIC 434398831","TIC 434398831 b",,,"TIC 434398831","Gaia DR2 3369841304767966976","Gaia DR3 3369841304767966976",0
"TIC 434398831","TIC 434398831 c",,,"TIC 434398831","Gaia DR2 3369841304767966976","Gaia DR3 3369841304767966976",0
"TIC 437041147","TIC 437041147 b",,,"TIC 437041147","Gaia DR2 584627722811800192","Gaia DR3 584627722811800192",0
"TIC 445839811","TIC 445839811 b",,,"TIC 445839811","Gaia DR2 1553012276758318208","Gaia DR3 1553012276758318208",0
"TIC 46432937","TIC 46432937 b",,,"TIC 46432937","Gaia DR2 2984391358868786816","Gaia DR3 2984391358868786816",0
"TIC 4672985","TIC 4672985 b",,,"TIC 4672985","Gaia DR2 5172202413314737152","Gaia DR3 5172202413314737152",0
"TIC 52059926","TIC 52059926 b",,,"TIC 52059926","Gaia DR2 4692151513459769088","Gaia DR3 4692151513459769088",0
"TIC 62895484","TIC 62895484 b",,,"TIC 62895484","Gaia DR2 674870685122436992","Gaia DR3 674870685122436992",0
"TIC 65612701","TIC 65612701 b",,,"TIC 65612701","Gaia DR2 1870619889930018304","Gaia DR3 1870619889930018304",0
"TIC 67686059","TIC 67686059 b",,,"TIC 67686059","Gaia DR2 5014210770021620992","Gaia DR3 5014210770021620992",0
"TIC 77319217","TIC 77319217 b",,,"TIC 77319217","Gaia DR2 4816291530196694016","Gaia DR3 4816291530196694016",0
"TIC 77552382","TIC 77552382 b",,,"TIC 77552382","Gaia DR2 3779960039575006592","Gaia DR3 3779960039575006592",0
"TIC 86380416","TIC 86380416 b",,,"TIC 86380416","Gaia DR2 1065051803786451712","Gaia DR3 1065051803786451712",0
"TIC 87422071","TIC 87422071 b",,,"TIC 87422071","Gaia DR2 6721152093391972480","Gaia DR3 6721152093391972480",0
"TIC 88692598","TIC 88692598 b",,,"TIC 88692598","Gaia DR2 823159726712491136","Gaia DR3 823159726712491136",0
"TIC 88785435","TIC 88785435 b",,,"TIC 88785435","Gaia DR2 6205812887538362624","Gaia DR3 6205812887538362624",0
"TIC 9344899","TIC 9344899 b",,,"TIC 9344899","Gaia DR2 3186620924792864000","Gaia DR3 3186620924792864000",0
"TOI-1011","TOI-1011 b",,"HIP 36964","TIC 114018671","Gaia DR2 5592015297342611968","Gaia DR3 5592015297342611968",0
"TOI-1036","TOI-1036 b",,,"TIC 146172354","Gaia DR2 5368266433430785280","Gaia DR3 5368266433430785280",0
"TOI-1052","TOI-1052 b","HD 212729",,"TIC 317060587","Gaia DR2 6357524189130820992","Gaia DR3 6357524189130820992",0
"TOI-1052","TOI-1052 c","HD 212729",,"TIC 317060587","Gaia DR2 6357524189130820992","Gaia DR3 6357524189130820992",0
"TOI-1054","TOI-1054.01",,"HIP 99212","TIC 366989877","Gaia DR2 6473033932942902528","Gaia DR3 6473033932942902528",0
"TOI-1062","TOI-1062 b",,,"TIC 299799658","Gaia DR2 4632865331094140928","Gaia DR3 4632865331094140928",0
"TOI-1062","TOI-1062 c",,,"TIC 299799658","Gaia DR2 4632865331094140928","Gaia DR3 4632865331094140928",0
"TOI-1064","TOI-1064 b",,,"TIC 79748331","Gaia DR2 6683371847364921088","Gaia DR3 6683371847364921088",0
"TOI-1064","TOI-1064 c",,,"TIC 79748331","Gaia DR2 6683371847364921088","Gaia DR3 6683371847364921088",0
"TOI-1075","TOI-1075 b",,,"TIC 351601843","Gaia DR2 6426188308031756288","Gaia DR3 6426188308031756288",0
"TOI-1080","TOI-1080 b",,,"TIC 161032923","Gaia DR2 6653968157663516672","Gaia DR3 6653968157663516672",0
"TOI-1105","TOI-1105 b",,,"TIC 274151135","Gaia DR2 5188175980806170624","Gaia DR3 5188175980806170624",0
"TOI-1107","TOI-1107 b",,,"TIC 394561119","Gaia DR2 5192364501633274880","Gaia DR3 5192364501633274880",0
"TOI-1117","TOI-1117 b",,,"TIC 295541511","Gaia DR2 6436995652638923392","Gaia DR3 6436995652638923392",0
"TOI-1117","TOI-1117 c",,,"TIC 295541511","Gaia DR2 6436995652638923392","Gaia DR3 6436995652638923392",0
"TOI-1117","TOI-1117 d",,,"TIC 295541511","Gaia DR2 6436995652638923392","Gaia DR3 6436995652638923392",0
"TOI-1130","TOI-1130 b",,,"TIC 254113311","Gaia DR2 6715688452614516736","Gaia DR3 6715688452614516736",0
"TOI-1130","TOI-1130 c",,,"TIC 254113311","Gaia DR2 6715688452614516736","Gaia DR3 6715688452614516736",0
"TOI-1135","TOI-1135 b",,"HIP 62908","TIC 154872375","Gaia DR2 1726858366624544640","Gaia DR3 1726858366624544640",0
"TOI-1136","TOI-1136 b",,,"TIC 142276270","Gaia DR2 1677343097418015488","Gaia DR3 1677343097418015488",0
"TOI-1136","TOI-1136 c",,,"TIC 142276270","Gaia DR2 1677343097418015488","Gaia DR3 1677343097418015488",0
"TOI-1136","TOI-1136 d",,,"TIC 142276270","Gaia DR2 1677343097418015488","Gaia DR3 1677343097418015488",0
"TOI-1136","TOI-1136 e",,,"TIC 142276270","Gaia DR2 1677343097418015488","Gaia DR3 1677343097418015488",0
"TOI-1136","TOI-1136 f",,,"TIC 142276270","Gaia DR2 1677343097418015488","Gaia DR3 1677343097418015488",0
"TOI-1136","TOI-1136 g",,,"TIC 142276270","Gaia DR2 1677343097418015488","Gaia DR3 1677343097418015488",0
"TOI-1173","TOI-1173 b",,,"TIC 232967440","Gaia DR2 1686171213716517504","Gaia DR3 1686171213716517504",0
"TOI-1174","TOI-1174 b",,,"TIC 154089169","Gaia DR2 1674293361400214272","Gaia DR3 1674293361400214272",0
"TOI-1180","TOI-1180 b",,,"TIC 158002130","Gaia DR2 1722026764638625280","Gaia DR3 1722026764638625280",0
"TOI-1181","TOI-1181 b",,,"TIC 229510866","Gaia DR2 2241587416546520320","Gaia DR3 2241587416547315584",0
"TOI-1184","TOI-1184 b",,,"TIC 233087860","Gaia DR2 2158781336134901760","Gaia DR3 2158781336134901760",0
"TOI-1194","TOI-1194 b",,,"TIC 147950620","Gaia DR2 1074139748425931008","Gaia DR3 1074139748425931008",0
"TOI-1199","TOI-1199 b",,,"TIC 99869022","Gaia DR2 861975270310252416","Gaia DR3 861975270310252416",0
"TOI-1201","TOI-1201 b",,,"TIC 29960110","Gaia DR2 5157183324996790272","Gaia DR3 5157183324996790272",0
"TOI-1203","TOI-1203 b",,"HIP 54779","TIC 23434737","Gaia DR2 5402390257832925952","Gaia DR3 5402390257832925952",0
"TOI-1203","TOI-1203 c",,"HIP 54779","TIC 23434737","Gaia DR2 5402390257832925952","Gaia DR3 5402390257832925952",0
"TOI-1203","TOI-1203 e",,"HIP 54779","TIC 23434737","Gaia DR2 5402390257832925952","Gaia DR3 5402390257832925952",0
"TOI-1203","TOI-1203.01",,"HIP 54779","TIC 23434737","Gaia DR2 5402390257832925952","Gaia DR3 5402390257832925952",0
"TOI-122","TOI-122 b",,,"TIC 231702397","Gaia DR2 6411096106487783296","Gaia DR3 6411096106487783296",0
"TOI-1221","TOI-1221 b",,,"TIC 349095149","Gaia DR2 5282270089967734912","Gaia DR3 5282270085669557504",0
"TOI-1224","TOI-1224 b",,,"TIC 299798795","Gaia DR2 4620009665047355520","Gaia DR3 4620009665047355520",0
"TOI-1224","TOI-1224 c",,,"TIC 299798795","Gaia DR2 4620009665047355520","Gaia DR3 4620009665047355520",0
"TOI-1226","TOI-1226 b",,,"TIC 177115354","Gaia DR2 5268375458447445120","Gaia DR3 5268375458447445120",0
"TOI-1227","TOI-1227 b",,,"TIC 360156606","Gaia DR2 5842480953772012928","Gaia DR3 5842480953772012928",0
"TOI-1230","TOI-1230.01",,,"TIC 287156968","Gaia DR2 5193620487508460416","Gaia DR3 5193620487508460416",0
"TOI-1231","TOI-1231 b",,,"TIC 447061717","Gaia DR2 5357465071715078016","Gaia DR3 5357465071731312768",0
"TOI-1232","TOI-1232 b",,,"TIC 364395234","Gaia DR2 5289147737059634560","Gaia DR3 5289147737059634560",0
"TOI-1232","TOI-1232 c",,,"TIC 364395234","Gaia DR2 5289147737059634560","Gaia DR3 5289147737059634560",0
"HD 108236","TOI-1233.01","HD 108236","HIP 60689","TIC 260647166","Gaia DR2 6125644402384918784","Gaia DR3 6125644402384918784",0
"TOI-1235","TOI-1235 b",,,"TIC 103633434","Gaia DR2 1070387905514406400","Gaia DR3 1070387905514406400",0
"TOI-1238","TOI-1238 b",,,"TIC 153951307","Gaia DR2 1685195530290375168","Gaia DR3 1685195530290375168",0
"TOI-1238","TOI-1238 c",,,"TIC 153951307","Gaia DR2 1685195530290375168","Gaia DR3 1685195530290375168",0
"TOI-1243","TOI-1243 b",,,"TIC 219698776","Gaia DR2 1119059574424538496","Gaia DR3 1119059574424538496",0
"TOI-1244","TOI-1244 b",,,"TIC 219850915","Gaia DR2 1649087121757063040","Gaia DR3 1649087121757063040",0
"TOI-1246","TOI-1246 b",,,"TIC 230127302","Gaia DR2 1650110904522335744","Gaia DR3 1650110904522335744",0
"TOI-1246","TOI-1246 c",,,"TIC 230127302","Gaia DR2 1650110904522335744","Gaia DR3 1650110904522335744",0
"TOI-1246","TOI-1246 d",,,"TIC 230127302","Gaia DR2 1650110904522335744","Gaia DR3 1650110904522335744",0
"TOI-1246","TOI-1246 e",,,"TIC 230127302","Gaia DR2 1650110904522335744","Gaia DR3 1650110904522335744",0
"TOI-1248","TOI-1248 b",,,"TIC 232612416","Gaia DR2 1438888501713397760","Gaia DR3 1438888501713397760",0
"TOI-1249","TOI-1249 b",,,"TIC 232976128","Gaia DR2 1678371724905519744","Gaia DR3 1678371724905519744",0
"TOI-125","TOI-125 b",,,"TIC 52368076","Gaia DR2 4698692744355471616","Gaia DR3 4698692748651744128",0
"TOI-125","TOI-125 c",,,"TIC 52368076","Gaia DR2 4698692744355471616","Gaia DR3 4698692748651744128",0
"TOI-125","TOI-125 d",,,"TIC 52368076","Gaia DR2 4698692744355471616","Gaia DR3 4698692748651744128",0
"TOI-1259 A","TOI-1259 A b",,,"TIC 288735205","Gaia DR2 2294170838587572736","Gaia DR3 2294170838587572736",0
"TOI-1260","TOI-1260 b",,,"TIC 355867695","Gaia DR2 1053809778428567680","Gaia DR3 1053809778428567680",0
"TOI-1260","TOI-1260 c",,,"TIC 355867695","Gaia DR2 1053809778428567680","Gaia DR3 1053809778428567680",0
"TOI-1260","TOI-1260 d",,,"TIC 355867695","Gaia DR2 1053809778428567680","Gaia DR3 1053809778428567680",0
"TOI-1266","TOI-1266 b",,,"TIC 467179528","Gaia DR2 1678074272650459008","Gaia DR3 1678074272650459008",0
"TOI-1266","TOI-1266 c",,,"TIC 467179528","Gaia DR2 1678074272650459008","Gaia DR3 1678074272650459008",0
"TOI-1266","TOI-1266 d",,,"TIC 467179528","Gaia DR2 1678074272650459008","Gaia DR3 1678074272650459008",0
"TOI-1268","TOI-1268 b",,,"TIC 142394656","Gaia DR2 1675923005135391488","Gaia DR3 1675923009431370880",0
"TOI-1269","TOI-1269 b",,,"TIC 198241702","Gaia DR2 1635108588053258752","Gaia DR3 1635108588053258752",0
"TOI-1269","TOI-1269 c",,,"TIC 198241702","Gaia DR2 1635108588053258752","Gaia DR3 1635108588053258752",0
"TOI-1272","TOI-1272 b",,,"TIC 417948359","Gaia DR2 1556242405699527424","Gaia DR3 1556242405699527424",0
"TOI-1273","TOI-1273 b",,,"TIC 445859771","Gaia DR2 1611685760565507840","Gaia DR3 1611685004650291840",0
"TOI-1278","TOI-1278 b",,,"TIC 163539739","Gaia DR2 1867491607542113536","Gaia DR3 1867491607542113536",0
"TOI-1279","TOI-1279 b",,,"TIC 224297258","Gaia DR2 1574358783911530624","Gaia DR3 1574358783911530624",0
"TOI-128","TOI-128.01",,"HIP 24718","TIC 391949880","Gaia DR2 4621607053580909568","Gaia DR3 4621607053580909568",0
"TOI-1288","TOI-1288 b",,,"TIC 365733349","Gaia DR2 2245652826430109184","Gaia DR3 2245652826430109184",0
"TOI-1288","TOI-1288 c",,,"TIC 365733349","Gaia DR2 2245652826430109184","Gaia DR3 2245652826430109184",0
"TOI-1291","TOI-1291 b",,,"TIC 198186769","Gaia DR2 1628902566468951296","Gaia DR3 1628902566468951296",0
"TOI-1294","TOI-1294 b",,,"TIC 219015370","Gaia DR2 1695343683312903168","Gaia DR3 1695343683312903168",0
"TOI-1294","TOI-1294 c",,,"TIC 219015370","Gaia DR2 1695343683312903168","Gaia DR3 1695343683312903168",0
"TOI-1295","TOI-1295 b",,,"TIC 219852584","Gaia DR2 1636690613486307840","Gaia DR3 1636690613486307840",0
"TOI-1296","TOI-1296 b",,,"TIC 219854185","Gaia DR2 1650851223740149504","Gaia DR3 1650851223740149504",0
"TOI-1298","TOI-1298 b",,,"TIC 237104103","Gaia DR2 1647136729864424576","Gaia DR3 1647136729864424576",0
"TOI-1301","TOI-1301.01",,,"TIC 356867115","Gaia DR2 2266490873877571712","Gaia DR3 2266490873877571712",0
"TOI-132","TOI-132 b",,,"TIC 89020549","Gaia DR2 6520880040423258240","Gaia DR3 6520880040423258240",0
"TOI-1333","TOI-1333 b",,,"TIC 395171208","Gaia DR2 1978027916667478656","Gaia DR3 1978027916667478656",0
"TOI-1338 A","TOI-1338 b",,,"TIC 260128333","Gaia DR2 5494443978353833088","Gaia DR3 5494443978353833088",1
"TOI-1338 A","TOI-1338 c",,,"TIC 260128333","Gaia DR2 5494443978353833088","Gaia DR3 5494443978353833088",1
"TOI-1346","TOI-1346 b",,,"TIC 219852882","Gaia DR2 1636979235288735744","Gaia DR3 1636979235288735744",0
"TOI-1346","TOI-1346 c",,,"TIC 219852882","Gaia DR2 1636979235288735744","Gaia DR3 1636979235288735744",0
"TOI-1347","TOI-1347 b",,,"TIC 229747848","Gaia DR2 2265406171296388992","Gaia DR3 2265406171296997888",0
"TOI-1347","TOI-1347 c",,,"TIC 229747848","Gaia DR2 2265406171296388992","Gaia DR3 2265406171296997888",0
"TOI-1386","TOI-1386 b",,,"TIC 343019899","Gaia DR2 2005028761147595648","Gaia DR3 2005028761147595648",0
"TOI-1386","TOI-1386 c",,,"TIC 343019899","Gaia DR2 2005028761147595648","Gaia DR3 2005028761147595648",0
"TOI-139","TOI-139 b",,,"TIC 62483237","Gaia DR2 6598814657249555328","Gaia DR3 6598814657249555328",0
"TOI-1408","TOI-1408 b",,,"TIC 364186197","Gaia DR2 2275130045974715904","Gaia DR3 2275130045974715904",0
"TOI-1408","TOI-1408 c",,,"TIC 364186197","Gaia DR2 2275130045974715904","Gaia DR3 2275130045974715904",0
"TOI-1410","TOI-1410 c",,,"TIC 199444169","Gaia DR2 1958584565350234752","Gaia DR3 1958584565350234752",0
"TOI-1410","TOI-1410.01",,,"TIC 199444169","Gaia DR2 1958584565350234752","Gaia DR3 1958584565350234752",0
"TOI-1411","TOI-1411 b",,"HIP 76042","TIC 116483514","Gaia DR2 1401760747118886016","Gaia DR3 1401760747118886016",0
"TOI-1416","TOI-1416 b",,"HIP 70705","TIC 158025009","Gaia DR2 1491634483976350720","Gaia DR3 1491634483976350720",0
"TOI-1420","TOI-1420 b",,,"TIC 321857016","Gaia DR2 2221164434736927360","Gaia DR3 2221164434736927360",0
"TOI-1422","TOI-1422 b",,,"TIC 333473672","Gaia DR2 1920333449169516288","Gaia DR3 1920333449169516288",0
"TOI-1422","TOI-1422 c",,,"TIC 333473672","Gaia DR2 1920333449169516288","Gaia DR3 1920333449169516288",0
"TOI-1431","TOI-1431 b","HD 201033",,"TIC 375506058","Gaia DR2 2188906825165621120","Gaia DR3 2188906825165621120",0
"TOI-1437","TOI-1437 b",,,"TIC 198356533","Gaia DR2 1433416717674304640","Gaia DR3 1433416717674304640",0
"TOI-1438","TOI-1438 b",,,"TIC 229650439","Gaia DR2 2268101727131230464","Gaia DR3 2268101727131230464",0
"TOI-1438","TOI-1438 c",,,"TIC 229650439","Gaia DR2 2268101727131230464","Gaia DR3 2268101727131230464",0
"TOI-1439","TOI-1439 b",,,"TIC 232982558","Gaia DR2 1643587094012857984","Gaia DR3 1643587094013359360",0
"TOI-1442","TOI-1442 b",,,"TIC 235683377","Gaia DR2 2265154211335825152","Gaia DR3 2265154211335825152",0
"TOI-1443","TOI-1443 b",,,"TIC 237232044","Gaia DR2 2289567866301169664","Gaia DR3 2289567870599358080",0
"TOI-1444","TOI-1444 b",,,"TIC 258514800","Gaia DR2 2274696151198328960","Gaia DR3 2274696151198328960",0
"TOI-1448","TOI-1448 b",,,"TIC 343628284","Gaia DR2 2189711770761074816","Gaia DR3 2189711770761074816",0
"TOI-1450 A","TOI-1450 A b",,,"TIC 377293776","Gaia DR2 2155540255030594560","Gaia DR3 2155540255030594560",0
"TOI-1450 A","TOI-1450 A c",,,"TIC 377293776","Gaia DR2 2155540255030594560","Gaia DR3 2155540255030594560",0
"TOI-1451","TOI-1451 b",,,"TIC 417931607","Gaia DR2 1581799694493008384","Gaia DR3 1581799694493008384",0
"TOI-1452","TOI-1452 b",,,"TIC 420112589","Gaia DR2 2264839957167921024","Gaia DR3 2264839957167921024",0
"TOI-1453","TOI-1453 b",,,"TIC 198390247","Gaia DR2 1433062331332673792","Gaia DR3 1433062331332673792",0
"TOI-1453","TOI-1453 c",,,"TIC 198390247","Gaia DR2 1433062331332673792","Gaia DR3 1433062331332673792",0
"TOI-1466","TOI-1466 b",,,"TIC 237086564","Gaia DR2 2194906653958216704","Gaia DR3 2194906653958216704",0
"TOI-1467","TOI-1467 b",,,"TIC 240968774","Gaia DR2 403141126645929728","Gaia DR3 403141126645929728",0
"TOI-1468","TOI-1468 b",,,"TIC 243185500","Gaia DR2 2785466581298775680","Gaia DR3 2785466581298775680",0
"TOI-1468","TOI-1468 c",,,"TIC 243185500","Gaia DR2 2785466581298775680","Gaia DR3 2785466581298775680",0
"TOI-1470","TOI-1470 b",,,"TIC 284441182","Gaia DR2 427224073427887360","Gaia DR3 427224073427887360",0
"TOI-1470","TOI-1470 c",,,"TIC 284441182","Gaia DR2 427224073427887360","Gaia DR3 427224073427887360",0
"TOI-1472","TOI-1472 b",,,"TIC 306955329","Gaia DR2 402396521052843264","Gaia DR3 402396521052843264",0
"TOI-1472","TOI-1472 c",,,"TIC 306955329","Gaia DR2 402396521052843264","Gaia DR3 402396521052843264",0
"TOI-1478","TOI-1478 b",,,"TIC 409794137","Gaia DR2 5723638723350902400","Gaia DR3 5723638723350902400",0
"TOI-150","TOI-150.01",,,"TIC 271893367","Gaia DR2 5262709709389254528","Gaia DR3 5262709709389254528",0
"TOI-1516","TOI-1516 b",,,"TIC 376637093","Gaia DR2 2226107083103120640","Gaia DR3 2226107083103120640",0
"TOI-1518","TOI-1518 b",,,"TIC 427761355","Gaia DR2 2210596444367488384","Gaia DR3 2210596444367488384",0
"TOI-1533","TOI-1533 b",,,"TIC 345143460","Gaia DR2 1998672961158273024","Gaia DR3 1998672961158273024",0
"TOI-1533","TOI-1533 c",,,"TIC 345143460","Gaia DR2 1998672961158273024","Gaia DR3 1998672961158273024",0
"TOI-157","TOI-157 b",,,"TIC 140691463","Gaia DR2 4624979393181971328","Gaia DR3 4624979393181971328",0
"TOI-159","TOI-159 b",,,"TIC 394657039","Gaia DR2 4626444453769772160","Gaia DR3 4626444453769772160",0
"TOI-1601","TOI-1601 b",,,"TIC 139375960","Gaia DR2 338382713564401920","Gaia DR3 338382713564401920",0
"TOI-163","TOI-163 b","HD 271181",,"TIC 179317684","Gaia DR2 4651366259202463104","Gaia DR3 4651366263526130816",0
"TOI-1630","TOI-1630.01",,,"TIC 317597583","Gaia DR2 2233231540491361408","Gaia DR3 2233231540491361408",0
"TOI-1634","TOI-1634 b",,,"TIC 201186294","Gaia DR2 223158499179138432","Gaia DR3 223158499179138432",0
"TOI-1634","TOI-1634 c",,,"TIC 201186294","Gaia DR2 223158499179138432","Gaia DR3 223158499179138432",0
"TOI-1648","TOI-1648 b",,,"TIC 376353509","Gaia DR2 540977282990133888","Gaia DR3 540977282990133888",0
"TOI-1659","TOI-1659.01",,,"TIC 288631580","Gaia DR2 2296566567050436864","Gaia DR3 2296566567050436864",0
"TOI-1669","TOI-1669 b",,,"TIC 428679607","Gaia DR2 569673024645542528","Gaia DR3 569673024645542528",0
"TOI-1669","TOI-1669 c",,,"TIC 428679607","Gaia DR2 569673024645542528","Gaia DR3 569673024645542528",0
"TOI-1670","TOI-1670 b",,,"TIC 441739020","Gaia DR2 1651911084230149248","Gaia DR3 1651911084230149248",0
"TOI-1670","TOI-1670 c",,,"TIC 441739020","Gaia DR2 1651911084230149248","Gaia DR3 1651911084230149248",0
"TOI-1680","TOI-1680 b",,,"TIC 259168516","Gaia DR2 2242756094328104576","Gaia DR3 2242756094328104576",0
"TOI-1683","TOI-1683.01",,"HIP 20528","TIC 58542531","Gaia DR2 152451414656258560","Gaia DR3 152451414656258560",0
"TOI-1685","TOI-1685 b",,,"TIC 28900646","Gaia DR2 252366608956186240","Gaia DR3 252366608956186240",0
"TOI-169","TOI-169 b",,,"TIC 183120439","Gaia DR2 4684513614202233728","Gaia DR3 4684513614202233728",0
"TOI-1691","TOI-1691 b",,,"TIC 268334473","Gaia DR2 2303587361109316224","Gaia DR3 2303587361109316224",0
"TOI-1693","TOI-1693 b",,,"TIC 353475866","Gaia DR2 3451908921382409472","Gaia DR3 3451908921382409472",0
"TOI-1694","TOI-1694 b",,,"TIC 396740648","Gaia DR2 1104269596843209472","Gaia DR3 1104269596843209472",0
"TOI-1694","TOI-1694 c",,,"TIC 396740648","Gaia DR2 1104269596843209472","Gaia DR3 1104269596843209472",0
"TOI-1695","TOI-1695 b",,,"TIC 422756130","Gaia DR2 534988616816537728","Gaia DR3 534988616816537728",0
"TOI-1696","TOI-1696 b",,,"TIC 470381900","Gaia DR2 270260649602149760","Gaia DR3 270260649602149760",0
"TOI-1710","TOI-1710 b",,,"TIC 445805961","Gaia DR2 1116613161053977472","Gaia DR3 1116613161053977472",0
"TOI-1716","TOI-1716.01",,,"TIC 14336130","Gaia DR2 1000423609817438592","Gaia DR3 1000423609817438592",0
"TOI-1718","TOI-1718 b",,"HIP 36272","TIC 257241363","Gaia DR2 885778666260181632","Gaia DR3 885778666260181632",0
"TOI-172","TOI-172 b",,,"TIC 29857954","Gaia DR2 6801474136516893184","Gaia DR3 6801474136516893184",0
"TOI-1722","TOI-1722 b",,,"TIC 85242435","Gaia DR2 1086410951027103872","Gaia DR3 1086410951027103872",0
"TOI-1723","TOI-1723 b",,,"TIC 71431780","Gaia DR2 1096515188009314688","Gaia DR3 1096515188009314688",0
"TOI-1728","TOI-1728 b",,,"TIC 285048486","Gaia DR2 1094545653447816064","Gaia DR3 1094545653447816064",0
"TOI-1732","TOI-1732 b",,,"TIC 470987100","Gaia DR2 983858058396166016","Gaia DR3 983858058396166016",0
"TOI-1736","TOI-1736 b",,,"TIC 408618999","Gaia DR2 541725187117160960","Gaia DR3 541725187117160960",0
"TOI-1736","TOI-1736 c",,,"TIC 408618999","Gaia DR2 541725187117160960","Gaia DR3 541725187117160960",0
"TOI-1739","TOI-1739 b",,,"TIC 159418353","Gaia DR2 1723044195148593152","Gaia DR3 1723044195149081728",0
"TOI-1742","TOI-1742 b",,,"TIC 219857012","Gaia DR2 1651818622174190208","Gaia DR3 1651818622174190208",0
"TOI-1743","TOI-1743 b",,,"TIC 219860288","Gaia DR2 1651807592698185728","Gaia DR3 1651807592698185728",0
"TOI-1744","TOI-1744.01",,,"TIC 229455001","Gaia DR2 2239296103032464768","Gaia DR3 2239296103032464768",0
"TOI-1749","TOI-1749 b",,,"TIC 233602827","Gaia DR2 2253774094189458432","Gaia DR3 2253774094189458432",0
"TOI-1749","TOI-1749 c",,,"TIC 233602827","Gaia DR2 2253774094189458432","Gaia DR3 2253774094189458432",0
"TOI-1749","TOI-1749 d",,,"TIC 233602827","Gaia DR2 2253774094189458432","Gaia DR3 2253774094189458432",0
"TOI-1750","TOI-1750 b",,,"TIC 237099296","Gaia DR2 1646752244391928704","Gaia DR3 1646752244391928704",0
"TOI-1751","TOI-1751 b",,,"TIC 287080092","Gaia DR2 1629404184289170688","Gaia DR3 1629404184289170688",0
"TOI-1752","TOI-1752 b",,,"TIC 287139872","Gaia DR2 1438168463332034816","Gaia DR3 1438168463332034816",0
"TOI-1752","TOI-1752 c",,,"TIC 287139872","Gaia DR2 1438168463332034816","Gaia DR3 1438168463332034816",0
"TOI-1753","TOI-1753 b",,,"TIC 289580577","Gaia DR2 1630385631560004480","Gaia DR3 1630385635856016256",0
"TOI-1756","TOI-1756 b",,,"TIC 364074068","Gaia DR2 2290553720211705344","Gaia DR3 2290553720211705344",0
"TOI-1758","TOI-1758 b",,,"TIC 367858035","Gaia DR2 2232494455384800768","Gaia DR3 2232494455385669760",0
"TOI-1759","TOI-1759 b",,,"TIC 408636441","Gaia DR2 2216420110788943744","Gaia DR3 2216420110788943744",0
"TOI-1768","TOI-1768.01",,,"TIC 137906197","Gaia DR2 852857845015534080","Gaia DR3 852857845015534080",0
"TOI-1772","TOI-1772.01",,,"TIC 85293053","Gaia DR2 749676822006222464","Gaia DR3 749676822006222464",0
"TOI-1774","TOI-1774.01","HD 85426","HIP 48443","TIC 4897275","Gaia DR2 796063843195758208","Gaia DR3 796063843195758208",0
"TOI-1775","TOI-1775 b",,,"TIC 9348006","Gaia DR2 803285607362611840","Gaia DR3 803285607362611840",0
"TOI-1776","TOI-1776 b",,"HIP 53688","TIC 21535395","Gaia DR2 778052193462283648","Gaia DR3 778052193462283648",0
"TOI-1777","TOI-1777.01",,"HIP 49576","TIC 29191624","Gaia DR2 810069697186043264","Gaia DR3 810069697186043264",0
"TOI-178","TOI-178 b",,,"TIC 251848941","Gaia DR2 2318295979126499200","Gaia DR3 2318295979126499200",0
"TOI-178","TOI-178 c",,,"TIC 251848941","Gaia DR2 2318295979126499200","Gaia DR3 2318295979126499200",0
"TOI-178","TOI-178 d",,,"TIC 251848941","Gaia DR2 2318295979126499200","Gaia DR3 2318295979126499200",0
"TOI-178","TOI-178 e",,,"TIC 251848941","Gaia DR2 2318295979126499200","Gaia DR3 2318295979126499200",0
"TOI-178","TOI-178 f",,,"TIC 251848941","Gaia DR2 2318295979126499200","Gaia DR3 2318295979126499200",0
"TOI-178","TOI-178 g",,,"TIC 251848941","Gaia DR2 2318295979126499200","Gaia DR3 2318295979126499200",0
"TOI-1782","TOI-1782.01",,,"TIC 160045097","Gaia DR2 1711970906169443584","Gaia DR3 1711970906169443584",0
"TOI-1782","TOI-1782.02",,,"TIC 160045097","Gaia DR2 1711970906169443584","Gaia DR3 1711970906169443584",0
"TOI-1789","TOI-1789 b","HD 82139",,"TIC 172518755","Gaia DR2 646125297938578944","Gaia DR3 646125297938578944",0
"TOI-1794","TOI-1794 b",,,"TIC 286916251","Gaia DR2 1552562610862328576","Gaia DR3 1552562615159689088",0
"TOI-1798","TOI-1798.01",,,"TIC 198153540","Gaia DR2 1505890751741673856","Gaia DR3 1505890751741673856",0
"TOI-1798","TOI-1798.02",,,"TIC 198153540","Gaia DR2 1505890751741673856","Gaia DR3 1505890751741673856",0
"TOI-1799","TOI-1799 b",,"HIP 54491","TIC 8967242","Gaia DR2 761300339243646848","Gaia DR3 761300339243646848",0
"TOI-1801","TOI-1801 b",,"HIP 57099","TIC 119584412","Gaia DR2 3980045523465047168","Gaia DR3 3980045523465047168",0
"TOI-1803","TOI-1803 b",,,"TIC 144401492","Gaia DR2 4031575166693272832","Gaia DR3 4031575166693272832",0
"TOI-1803","TOI-1803 c",,,"TIC 144401492","Gaia DR2 4031575166693272832","Gaia DR3 4031575166693272832",0
"TOI-1806","TOI-1806.01",,,"TIC 166648874","Gaia DR2 733540939112687104","Gaia DR3 733540939112687104",0
"TOI-1807","TOI-1807 b",,"HIP 65469","TIC 180695581","Gaia DR2 1476485996883837184","Gaia DR3 1476485996883837184",0
"TOI-181","TOI-181 b",,,"TIC 76923707","Gaia DR2 6552346035980010624","Gaia DR3 6552346035980010624",0
"TOI-1811","TOI-1811 b",,,"TIC 376524552","Gaia DR2 3962403923821595264","Gaia DR3 3962403923821595264",0
"TOI-1814","TOI-1814 b",,,"TIC 160440924","Gaia DR2 1707134536772108416","Gaia DR3 1707134536772108416",0
"TOI-1820","TOI-1820 b",,,"TIC 393831507","Gaia DR2 4009018273332089088","Gaia DR3 4009018273332089088",0
"TOI-1823","TOI-1823 b",,,"TIC 142381532","Gaia DR2 1676299557803904000","Gaia DR3 1676299557803904000",0
"TOI-1824","TOI-1824 b",,,"TIC 142387023","Gaia DR2 1675511792082576384","Gaia DR3 1675511792082576384",0
"TOI-1836","TOI-1836 b","HD 148193",,"TIC 207468071","Gaia DR2 1428639816392087552","Gaia DR3 1428639816392087552",0
"TOI-1836","TOI-1836 c","HD 148193",,"TIC 207468071","Gaia DR2 1428639816392087552","Gaia DR3 1428639816392087552",0
"TOI-1839","TOI-1839 b",,,"TIC 381714186","Gaia DR2 3729117900352224768","Gaia DR3 3729117900352224768",0
"TOI-1839","TOI-1839 c",,,"TIC 381714186","Gaia DR2 3729117900352224768","Gaia DR3 3729117900352224768",0
"TOI-1842","TOI-1842 b",,,"TIC 404505029","Gaia DR2 3719927426253118848","Gaia DR3 3719927426253118848",0
"TOI-1846","TOI-1846 b",,,"TIC 198385543","Gaia DR2 1420011162670761600","Gaia DR3 1420011162670761600",0
"TOI-1853","TOI-1853 b",,,"TIC 73540072","Gaia DR2 1233227944114002688","Gaia DR3 1233227944114002688",0
"TOI-1855","TOI-1855 b",,,"TIC 81247740","Gaia DR2 1247603715050122752","Gaia DR3 1247603719345703808",0
"TOI-1859","TOI-1859 b",,,"TIC 229742722","Gaia DR2 2259354802894412928","Gaia DR3 2259354802894412928",0
"TOI-1860","TOI-1860 b",,,"TIC 202426247","Gaia DR2 1620024491110370688","Gaia DR3 1620024491110370688",0
"TOI-1873","TOI-1873 b",,,"TIC 328933398","Gaia DR2 1725869974390536832","Gaia DR3 1725869974390536832",0
"TOI-1883","TOI-1883 b",,,"TIC 348755728","Gaia DR2 5735744144510573696","Gaia DR3 5735744144510573696",0
"TOI-1898","TOI-1898 b",,"HIP 47288","TIC 91987762","Gaia DR2 644224345413418880","Gaia DR3 644224345413418880",0
"TOI-1899","TOI-1899 b",,,"TIC 172370679","Gaia DR2 2073530190996615424","Gaia DR3 2073530190996615424",0
"TOI-1937 A","TOI-1937 A b",,,"TIC 268301217","Gaia DR2 5489726768531119616","Gaia DR3 5489726768531119616",0
"TOI-198","TOI-198 b",,"HIP 738","TIC 12421862","Gaia DR2 2333676738049780352","Gaia DR3 2333676738050041728",0
"TOI-199","TOI-199 b",,,"TIC 309792357","Gaia DR2 4762582895440787712","Gaia DR3 4762582895440787712",0
"TOI-199","TOI-199 c",,,"TIC 309792357","Gaia DR2 4762582895440787712","Gaia DR3 4762582895440787712",0
"TOI-1994","TOI-1994 b",,,"TIC 445903569","Gaia DR2 5405557504173563648","Gaia DR3 5405557504184474496",0
"TOI-2000","TOI-2000 b",,,"TIC 371188886","Gaia DR2 5244434756689177088","Gaia DR3 5244434756689177088",0
"TOI-2000","TOI-2000 c",,,"TIC 371188886","Gaia DR2 5244434756689177088","Gaia DR3 5244434756689177088",0
"TOI-2005","TOI-2005 b",,,"TIC 147660886","Gaia DR2 5388416255319817856","Gaia DR3 5388416255319817856",0
"TOI-201","TOI-201 b","HD 39474","HIP 27515","TIC 350618622","Gaia DR2 4767547667180525696","Gaia DR3 4767547667180525696",0
"TOI-201","TOI-201 c","HD 39474","HIP 27515","TIC 350618622","Gaia DR2 4767547667180525696","Gaia DR3 4767547667180525696",0
"TOI-201","TOI-201 d","HD 39474","HIP 27515","TIC 350618622","Gaia DR2 4767547667180525696","Gaia DR3 4767547667180525696",0
"TOI-2010","TOI-2010 b",,,"TIC 26547036","Gaia DR2 2136815881249993600","Gaia DR3 2136815881249993600",0
"TOI-2015","TOI-2015 b",,,"TIC 368287008","Gaia DR2 1270814787767025408","Gaia DR3 1270814787767025408",0
"TOI-2015","TOI-2015 c",,,"TIC 368287008","Gaia DR2 1270814787767025408","Gaia DR3 1270814787767025408",0
"TOI-2018","TOI-2018 b",,"HIP 74981","TIC 357501308","Gaia DR2 1272123859439770368","Gaia DR3 1272123859439770368",0
"TOI-2019","TOI-2019 b",,,"TIC 159781361","Gaia DR2 1402405129651594624","Gaia DR3 1402405129651594624",0
"TOI-2025","TOI-2025 b",,,"TIC 394050135","Gaia DR2 2296342614570999552","Gaia DR3 2296342614570999552",0
"TOI-2031 A","TOI-2031 A b",,,"TIC 470127886","Gaia DR2 2299101254886404608","Gaia DR3 2299101254886404608",0
"TOI-2040","TOI-2040 b",,,"TIC 427730490","Gaia DR2 2227309055469504640","Gaia DR3 2227309055469504640",0
"TOI-2046","TOI-2046 b",,,"TIC 468574941","Gaia DR2 538759464958942208","Gaia DR3 538759464958942208",0
"TOI-2048","TOI-2048 b",,,"TIC 159873822","Gaia DR2 1404488390652463872","Gaia DR3 1404488390652463872",0
"TOI-2049","TOI-2049 b",,,"TIC 314835525","Gaia DR2 2009110972943346304","Gaia DR3 2009110972943346304",0
"TOI-205","TOI-205 b",,,"TIC 281575427","Gaia DR2 4918753025923909504","Gaia DR3 4918753025923909504",0
"TOI-206","TOI-206 b",,,"TIC 55650590","Gaia DR2 4665277593852295424","Gaia DR3 4665277593852295424",0
"TOI-2068","TOI-2068 b",,,"TIC 417931300","Gaia DR2 1581657479535392256","Gaia DR3 1581657479535392256",0
"TOI-2071","TOI-2071 b",,,"TIC 198360694","Gaia DR2 1433535636728892544","Gaia DR3 1433535636728892544",0
"TOI-2076","TOI-2076 b",,,"TIC 27491137","Gaia DR2 1490845584382687232","Gaia DR3 1490845584382687232",0
"TOI-2076","TOI-2076 c",,,"TIC 27491137","Gaia DR2 1490845584382687232","Gaia DR3 1490845584382687232",0
"TOI-2076","TOI-2076 d",,,"TIC 27491137","Gaia DR2 1490845584382687232","Gaia DR3 1490845584382687232",0
"TOI-2076","TOI-2076 e",,,"TIC 27491137","Gaia DR2 1490845584382687232","Gaia DR3 1490845584382687232",0
"TOI-2081","TOI-2081 b",,,"TIC 321669174","Gaia DR2 1416730563570869376","Gaia DR3 1416730563570869376",0
"TOI-2084","TOI-2084 b",,,"TIC 441738827","Gaia DR2 1652137995942479744","Gaia DR3 1652137995942479744",0
"TOI-2088","TOI-2088 b",,,"TIC 441765914","Gaia DR2 1656835487573730048","Gaia DR3 1656835487573730048",0
"TOI-209","TOI-209 b",,,"TIC 52204645","Gaia DR2 4704688557356511872","Gaia DR3 4704688557356511872",0
"TOI-2092","TOI-2092 b",,,"TIC 393965778","Gaia DR2 1505964930120207616","Gaia DR3 1505964178502982144",0
"TOI-2093","TOI-2093 b",,,"TIC 402898317","Gaia DR2 2251459209896210816","Gaia DR3 2251459209896210816",0
"TOI-2093","TOI-2093 c",,,"TIC 402898317","Gaia DR2 2251459209896210816","Gaia DR3 2251459209896210816",0
"TOI-2094","TOI-2094 b",,,"TIC 356016119","Gaia DR2 1649377156604531712","Gaia DR3 1649377156604531712",0
"TOI-2095","TOI-2095 b",,,"TIC 235678745","Gaia DR2 2268372099615724288","Gaia DR3 2268372099615724288",0
"TOI-2095","TOI-2095 c",,,"TIC 235678745","Gaia DR2 2268372099615724288","Gaia DR3 2268372099615724288",0
"TOI-2096","TOI-2096 b",,,"TIC 142748283","Gaia DR2 1126422935076082176","Gaia DR3 1126422935076082176",0
"TOI-2096","TOI-2096 c",,,"TIC 142748283","Gaia DR2 1126422935076082176","Gaia DR3 1126422935076082176",0
"TOI-2104","TOI-2104 b",,,"TIC 367630162","Gaia DR2 1146658793750549248","Gaia DR3 1146658793750549248",0
"TOI-2107","TOI-2107 b",,,"TIC 446549906","Gaia DR2 6633448311454447232","Gaia DR3 6633448311454447232",0
"TOI-2109","TOI-2109 b",,,"TIC 392476080","Gaia DR2 4558177980120149632","Gaia DR3 4558177980124887936",0
"TOI-2114","TOI-2114 b",,,"TIC 9828416","Gaia DR2 1333887756897562368","Gaia DR3 1333887756897562368",0
"TOI-2120","TOI-2120 b",,,"TIC 389900760","Gaia DR2 513299860904522752","Gaia DR3 513299860904522752",0
"TOI-2128","TOI-2128 b",,"HIP 83827","TIC 21832928","Gaia DR2 1334288219648212352","Gaia DR3 1334288219648212352",0
"TOI-2133","TOI-2133 b",,,"TIC 39200363","Gaia DR2 1333818968701222272","Gaia DR3 1333818968701222272",0
"TOI-2134","TOI-2134 b",,,"TIC 75878355","Gaia DR2 4610267648427698816","Gaia DR3 4610267648427698816",0
"TOI-2134","TOI-2134 c",,,"TIC 75878355","Gaia DR2 4610267648427698816","Gaia DR3 4610267648427698816",0
"TOI-2136","TOI-2136 b",,,"TIC 336128819","Gaia DR2 2096535783864546944","Gaia DR3 2096535783864546944",0
"TOI-2141","TOI-2141 b",,,"TIC 287256467","Gaia DR2 4548496986402688384","Gaia DR3 4548496986402688384",0
"TOI-2141","TOI-2141 c",,,"TIC 287256467","Gaia DR2 4548496986402688384","Gaia DR3 4548496986402688384",0
"TOI-2141","TOI-2141 d",,,"TIC 287256467","Gaia DR2 4548496986402688384","Gaia DR3 4548496986402688384",0
"TOI-2145","TOI-2145 b",,"HIP 86040","TIC 88992642","Gaia DR2 1344163891352965632","Gaia DR3 1344163891352965632",0
"TOI-2147","TOI-2147 b",,,"TIC 341630071","Gaia DR2 1146601241188708608","Gaia DR3 1146601241188708608",0
"TOI-2152","TOI-2152 A b",,,"TIC 395393265","Gaia DR2 562109759036198272","Gaia DR3 562109759036198272",0
"TOI-2154","TOI-2154 b",,,"TIC 428787891","Gaia DR2 570653411060484480","Gaia DR3 570653411060484480",0
"TOI-2158","TOI-2158 b",,,"TIC 342642208","Gaia DR2 4525545299652540672","Gaia DR3 4525545299652540672",0
"TOI-216","TOI-216.01",,,"TIC 55652896","Gaia DR2 4664811297844004352","Gaia DR3 4664811297844004352",0
"TOI-216","TOI-216.02",,,"TIC 55652896","Gaia DR2 4664811297844004352","Gaia DR3 4664811297844004352",0
"TOI-2169 A","TOI-2169 A b",,,"TIC 8516795","Gaia DR2 4535299582687857920","Gaia DR3 4535299582687857920",0
"TOI-2180","TOI-2180 b",,,"TIC 298663873","Gaia DR2 2151078741786155008","Gaia DR3 2151078741786155008",0
"TOI-2184","TOI-2184 b",,,"TIC 176956893","Gaia DR2 5280444557068991616","Gaia DR3 5280444557068991616",0
"TOI-2193 A","TOI-2193 A b",,,"TIC 401604346","Gaia DR2 6373308503181838592","Gaia DR3 6373308503181838592",0
"TOI-2194","TOI-2194 b",,,"TIC 271478281","Gaia DR2 6748283784056800384","Gaia DR3 6748283784056800384",0
"TOI-2196","TOI-2196 b",,,"TIC 372172128","Gaia DR2 6375983988633147392","Gaia DR3 6375983988633147392",0
"TOI-220","TOI-220 b",,,"TIC 150098860","Gaia DR2 5481210874877547904","Gaia DR3 5481210874877547904",0
"TOI-2200","TOI-2200 b",,,"TIC 142105158","Gaia DR2 5265633242088573952","Gaia DR3 5265633242088573952",0
"TOI-2202","TOI-2202 b",,,"TIC 358107516","Gaia DR2 4641274773980363520","Gaia DR3 4641274773980363520",0
"TOI-2202","TOI-2202 c",,,"TIC 358107516","Gaia DR2 4641274773980363520","Gaia DR3 4641274773980363520",0
"TOI-2207","TOI-2207 b",,,"TIC 90850770","Gaia DR2 6675883485986480256","Gaia DR3 6675883485986480256",0
"TOI-2211","TOI-2211.01",,"HIP 101503","TIC 212253390","Gaia DR2 6796762076358897408","Gaia DR3 6796762076358897408",0
"TOI-2227","TOI-2227 b",,,"TIC 405425498","Gaia DR2 6385929006882225024","Gaia DR3 6385929006882225024",0
"TOI-2236","TOI-2236 b",,,"TIC 394722182","Gaia DR2 4613145315172329984","Gaia DR3 4613145315172329984",0
"TOI-2257","TOI-2257 b",,,"TIC 198485881","Gaia DR2 1716345832872291968","Gaia DR3 1716345832872291968",0
"TOI-2260","TOI-2260 b",,,"TIC 232568235","Gaia DR2 1411414592353022848","Gaia DR3 1411414596649598208",0
"TOI-2266","TOI-2266 b",,,"TIC 8348911","Gaia DR2 1319243773843954304","Gaia DR3 1319243773843954304",0
"TOI-2267 A","TOI-2267 b",,,"TIC 459837008","Gaia DR2 571488279686816256","Gaia DR3 571488283984760960",0
"TOI-2267 A","TOI-2267 c",,,"TIC 459837008","Gaia DR2 571488279686816256","Gaia DR3 571488283984760960",0
"TOI-2267 B","TOI-2267 d",,,,,,0
"TOI-2274","TOI-2274 b",,,"TIC 289164482","Gaia DR2 2110345512468201344","Gaia DR3 2110345512468201344",0
"TOI-2285","TOI-2285 b",,,"TIC 329148988","Gaia DR2 2199658670194983040","Gaia DR3 2199658670194983040",0
"TOI-2295","TOI-2295 b",,,"TIC 48018596","Gaia DR2 2144184945615891712","Gaia DR3 2144184945615891712",0
"TOI-2295","TOI-2295 c",,,"TIC 48018596","Gaia DR2 2144184945615891712","Gaia DR3 2144184945615891712",0
"TOI-2322","TOI-2322 b",,,"TIC 300812741","Gaia DR2 5264331179802870016","Gaia DR3 5264331179802870016",0
"TOI-2322","TOI-2322 c",,,"TIC 300812741","Gaia DR2 5264331179802870016","Gaia DR3 5264331179802870016",0
"TOI-2328","TOI-2328 b",,,"TIC 394287035","Gaia DR2 4619939536821435904","Gaia DR3 4619939536821435904",0
"TOI-2337","TOI-2337 b",,,"TIC 230001847","Gaia DR2 2239684947894267392","Gaia DR3 2239684947894267392",0
"TOI-2338","TOI-2338 b",,,"TIC 24358417","Gaia DR2 4822916912388338176","Gaia DR3 4822916912388338176",0
"TOI-2345","TOI-2345 b",,,"TIC 91555165","Gaia DR2 5049575943053753088","Gaia DR3 5049575943053753088",0
"TOI-2345","TOI-2345 c",,,"TIC 91555165","Gaia DR2 5049575943053753088","Gaia DR3 5049575943053753088",0
"TOI-2346","TOI-2346 b",,,"TIC 317483660","Gaia DR2 2996776253547606656","Gaia DR3 2996776253547606656",0
"TOI-2364","TOI-2364 b",,,"TIC 39414571","Gaia DR2 3022644120017418496","Gaia DR3 3022644120017418496",0
"TOI-2368","TOI-2368 b",,,"TIC 401125028","Gaia DR2 5325498111172934784","Gaia DR3 5325498111172934784",0
"TOI-237","TOI-237 b",,,"TIC 305048087","Gaia DR2 2329387852426700800","Gaia DR3 2329387852426700800",0
"TOI-237","TOI-237 c",,,"TIC 305048087","Gaia DR2 2329387852426700800","Gaia DR3 2329387852426700800",0
"TOI-2373","TOI-2373 b",,,"TIC 332558858","Gaia DR2 5097529733950580736","Gaia DR3 5097529733950580736",0
"TOI-2374","TOI-2374 b",,,"TIC 439366538","Gaia DR2 6828814283414902912","Gaia DR3 6828814283414902912",0
"TOI-2379","TOI-2379 b",,,"TIC 201177276","Gaia DR2 6521531466699512064","Gaia DR3 6521531466699512064",0
"TOI-238","TOI-238 b",,,"TIC 9006668","Gaia DR2 2405081733281425280","Gaia DR3 2405081733281425280",0
"TOI-238","TOI-238 c",,,"TIC 9006668","Gaia DR2 2405081733281425280","Gaia DR3 2405081733281425280",0
"TOI-2382","TOI-2382 b",,,"TIC 2760219","Gaia DR2 2418732758551062272","Gaia DR3 2418732758551062272",0
"TOI-2384","TOI-2384 b",,,"TIC 382602147","Gaia DR2 4699702272124241152","Gaia DR3 4699702272124241152",0
"TOI-2406","TOI-2406 b",,,"TIC 212957629","Gaia DR2 2528453161326406016","Gaia DR3 2528453161326406016",0
"TOI-2407","TOI-2407 b",,,"TIC 153078576","Gaia DR2 4847001302277419904","Gaia DR3 4847001302277419904",0
"TOI-2411","TOI-2411 b",,,"TIC 10837041","Gaia DR2 2471334872292716288","Gaia DR3 2471334872292963456",0
"TOI-2416","TOI-2416 b",,,"TIC 237922465","Gaia DR2 4680527991927519744","Gaia DR3 4680527991927519744",0
"TOI-2420","TOI-2420 b",,,"TIC 268532343","Gaia DR2 2356241774669130880","Gaia DR3 2356241774669130880",0
"TOI-2421","TOI-2421 b",,,"TIC 70524163","Gaia DR2 4968289907406396160","Gaia DR3 4968289907406396160",0
"TOI-2427","TOI-2427 b",,,"TIC 142937186","Gaia DR2 5055663973297050624","Gaia DR3 5055663973297050624",0
"TOI-2427","TOI-2427 c",,,"TIC 142937186","Gaia DR2 5055663973297050624","Gaia DR3 5055663973297050624",0
"TOI-2431","TOI-2431 b",,"HIP 11707","TIC 258804746","Gaia DR2 22707874346819712","Gaia DR3 22707874346819712",0
"TOI-244","TOI-244 b",,,"TIC 118327550","Gaia DR2 5001098681543159040","Gaia DR3 5001098681543159040",0
"TOI-2443","TOI-2443 b",,"HIP 12493","TIC 318753380","Gaia DR2 2501948402746099456","Gaia DR3 2501948402746099456",0
"TOI-2445","TOI-2445 b",,,"TIC 439867639","Gaia DR2 2498140931418172416","Gaia DR3 2498140931418172416",0
"TOI-2447","TOI-2447 b",,,"TIC 1167538","Gaia DR2 4877544322252002048","Gaia DR3 4877544322252002048",0
"TOI-2449","TOI-2449 b",,,"TIC 170729775","Gaia DR2 4870809920906672384","Gaia DR3 4870809920906672384",0
"TOI-2453","TOI-2453 b",,,"TIC 59128183","Gaia DR2 3295485490907597696","Gaia DR3 3295485490907597696",0
"TOI-2458","TOI-2458 b","HD 34562",,"TIC 449197831","Gaia DR2 3233785128901216128","Gaia DR3 3233785128901216128",0
"TOI-2458","TOI-2458 c","HD 34562",,"TIC 449197831","Gaia DR2 3233785128901216128","Gaia DR3 3233785128901216128",0
"TOI-2459","TOI-2459 b",,,"TIC 192790476","Gaia DR2 4807503030677131392","Gaia DR3 4807503030677131392",0
"TOI-2485","TOI-2485 b",,,"TIC 328934463","Gaia DR2 1443530261848942336","Gaia DR3 1443530266145475840",0
"TOI-2497","TOI-2497 b",,,"TIC 97568467","Gaia DR2 3342228616422593664","Gaia DR3 3342228616422593664",0
"TOI-2498","TOI-2498 b",,,"TIC 263179590","Gaia DR2 3330907293088717824","Gaia DR3 3330907293088717824",0
"TOI-251","TOI-251 b",,,"TIC 224225541","Gaia DR2 6539037542941988736","Gaia DR3 6539037542941988736",0
"TOI-2518","TOI-2518 b",,,"TIC 96925186","Gaia DR2 5578799133210115328","Gaia DR3 5578799133210115328",0
"TOI-2524","TOI-2524 b",,,"TIC 169249234","Gaia DR2 3802583419029393152","Gaia DR3 3802583419029393152",0
"TOI-2525","TOI-2525 b",,,"TIC 149601126","Gaia DR2 4758931211166869632","Gaia DR3 4758931211166869632",0
"TOI-2525","TOI-2525 c",,,"TIC 149601126","Gaia DR2 4758931211166869632","Gaia DR3 4758931211166869632",0
"TOI-2529","TOI-2529 b",,,"TIC 269333648","Gaia DR2 5513558648700780416","Gaia DR3 5513558648705418368",0
"TOI-2537","TOI-2537 b",,,"TIC 399967279","Gaia DR2 12320268307415552","Gaia DR3 12320268307415552",0
"TOI-2537","TOI-2537 c",,,"TIC 399967279","Gaia DR2 12320268307415552","Gaia DR3 12320268307415552",0
"TOI-2545","TOI-2545 b",,,"TIC 149845414","Gaia DR2 5762607889340459008","Gaia DR3 5762607889340459008",0
"TOI-2567","TOI-2567 b",,,"TIC 258920431","Gaia DR2 2254929887069708160","Gaia DR3 2254929887069708160",0
"TOI-257","TOI-257 b","HD 19916",,"TIC 200723869","Gaia DR2 4747624104168195072","Gaia DR3 4747624104168195072",0
"TOI-2570","TOI-2570 b",,,"TIC 239816546","Gaia DR2 3445148131761842944","Gaia DR3 3445148131761842944",0
"TOI-2578","TOI-2578 b",,,"TIC 104986789","Gaia DR2 271313363265864960","Gaia DR3 271313363265864960",0
"TOI-2580","TOI-2580 b",,,"TIC 102713734","Gaia DR2 490410811948906752","Gaia DR3 490410811948906752",0
"TOI-2583 A","TOI-2583 A b",,,"TIC 7548817","Gaia DR2 2115776451371641984","Gaia DR3 2115776451371641984",0
"TOI-2587 A","TOI-2587 A b",,,"TIC 68007716","Gaia DR2 3085216850017388672","Gaia DR3 3085216850017388672",0
"TOI-2589","TOI-2589 b",,,"TIC 157698565","Gaia DR2 5566108398204103424","Gaia DR3 5566108398204103424",0
"TOI-260","TOI-260 b",,"HIP 1532","TIC 37749396","Gaia DR2 2428162410789155328","Gaia DR3 2428162410789155328",0
"TOI-261","TOI-261.01",,"HIP 4739","TIC 63898957","Gaia DR2 2345033662373296768","Gaia DR3 2345033662373296768",0
"TOI-261","TOI-261.02",,"HIP 4739","TIC 63898957","Gaia DR2 2345033662373296768","Gaia DR3 2345033662373296768",0
"TOI-262","TOI-262 b",,"HIP 10117","TIC 70513361","Gaia DR2 5019835424832215424","Gaia DR3 5019835424832215424",0
"TOI-2641","TOI-2641 b",,,"TIC 162802770","Gaia DR2 5382970374226953600","Gaia DR3 5382970374226953600",0
"TOI-2654","TOI-2654 b",,,"TIC 200805484","Gaia DR2 4833912509702113280","Gaia DR3 4833912509702113280",0
"TOI-2669","TOI-2669 b",,,"TIC 348835438","Gaia DR2 5735664051960550144","Gaia DR3 5735664051960550144",0
"TOI-269","TOI-269 b",,,"TIC 220479565","Gaia DR2 4770828304936109056","Gaia DR3 4770828304936109056",0
"TOI-270","TOI-270 b",,,"TIC 259377017","Gaia DR2 4781196115469953024","Gaia DR3 4781196115469953024",0
"TOI-270","TOI-270 c",,,"TIC 259377017","Gaia DR2 4781196115469953024","Gaia DR3 4781196115469953024",0
"TOI-270","TOI-270 d",,,"TIC 259377017","Gaia DR2 4781196115469953024","Gaia DR3 4781196115469953024",0
"TOI-2714","TOI-2714 b",,,"TIC 332534326","Gaia DR2 5098036746249924224","Gaia DR3 5098036746249924224",0
"TOI-2719","TOI-2719 b",,,"TIC 176314383","Gaia DR2 3229669755661140224","Gaia DR3 3229669755661140224",0
"TOI-2768","TOI-2768 b",,,"TIC 443556801","Gaia DR2 2950113598541387776","Gaia DR3 2950113598541387776",0
"TOI-277","TOI-277 b",,,"TIC 439456714","Gaia DR2 2353440974955205632","Gaia DR3 2353440974955205632",0
"TOI-2796","TOI-2796 b",,,"TIC 220076110","Gaia DR2 3222453935725951488","Gaia DR3 3222453935725951488",0
"TOI-2803 A","TOI-2803 A b",,,"TIC 124379043","Gaia DR2 2913482170369046656","Gaia DR3 2913482170369046656",0
"TOI-2818","TOI-2818 b",,,"TIC 151483286","Gaia DR2 5545555570947605376","Gaia DR3 5545555570947605376",0
"TOI-283","TOI-283 b",,,"TIC 382626661","Gaia DR2 5275527747224425344","Gaia DR3 5275527747228841344",0
"TOI-2842","TOI-2842 b",,,"TIC 178162579","Gaia DR2 3046327742219111808","Gaia DR3 3046327742219111808",0
"TOI-286","TOI-286 b",,,"TIC 150030205","Gaia DR2 5482316880495405056","Gaia DR3 5482316880495405056",0
"TOI-286","TOI-286 c",,,"TIC 150030205","Gaia DR2 5482316880495405056","Gaia DR3 5482316880495405056",0
"TOI-2876","TOI-2876 b",,,"TIC 10827386","Gaia DR2 2929750922377138816","Gaia DR3 2929750922377138816",0
"TOI-2886","TOI-2886 b",,,"TIC 318796593","Gaia DR2 3046930579529070464","Gaia DR3 3046930579529070464",0
"TOI-2969","TOI-2969 b",,,"TIC 36452991","Gaia DR2 5407977460540294784","Gaia DR3 5407977460540294784",0
"TOI-2977","TOI-2977 b",,,"TIC 361343239","Gaia DR2 5305241494923209856","Gaia DR3 5305241494923209856",0
"TOI-2981","TOI-2981 b",,,"TIC 287145649","Gaia DR2 5458258092906639232","Gaia DR3 5458258092906639232",0
"TOI-2986","TOI-2986 b",,,"TIC 148497855","Gaia DR2 3764588660860363264","Gaia DR3 3764588660860363264",0
"TOI-2989","TOI-2989 b",,,"TIC 97825640","Gaia DR2 3531594209836279168","Gaia DR3 3531594209836279168",0
"TOI-2992","TOI-2992 b",,,"TIC 49045066","Gaia DR2 5450366519997969536","Gaia DR3 5450366519997969536",0
"TOI-3023","TOI-3023 b",,,"TIC 454248975","Gaia DR2 5227928170880093568","Gaia DR3 5227928170880093568",0
"TOI-3053","TOI-3053 b",,,"TIC 269859655","Gaia DR2 5249550994759610624","Gaia DR3 5249550994759610624",0
"TOI-3071","TOI-3071 b",,,"TIC 452006073","Gaia DR2 5342880462319699200","Gaia DR3 5342880462319699200",0
"TOI-3082","TOI-3082 b",,,"TIC 428699140","Gaia DR2 3509135344808097024","Gaia DR3 3509135344808097024",0
"TOI-3135","TOI-3135 b",,,"TIC 448098793","Gaia DR2 5847114914267582848","Gaia DR3 5847114914267582848",0
"TOI-3160 A","TOI-3160 A b",,,"TIC 440872576","Gaia DR2 6225252356194921728","Gaia DR3 6225252356194921728",0
"TOI-3235","TOI-3235 b",,,"TIC 243641947","Gaia DR2 6107144260251920000","Gaia DR3 6107144260251920000",0
"TOI-3261","TOI-3261 b",,,"TIC 358070912","Gaia DR2 4640654168385886592","Gaia DR3 4640654168385886592",0
"TOI-3278","TOI-3278 b",,,"TIC 304130406","Gaia DR2 6444865991227611136","Gaia DR3 6444865991227611136",0
"TOI-3288","TOI-3288 b",,,"TIC 79920467","Gaia DR2 6685431748042347776","Gaia DR3 6685431748042347776",0
"TOI-329","TOI-329 b",,,"TIC 169765334","Gaia DR2 2407507535105410944","Gaia DR3 2407507535105410944",0
"TOI-332","TOI-332 b",,,"TIC 139285832","Gaia DR2 6529471108882243840","Gaia DR3 6529471108882243840",0
"TOI-3321","TOI-3321 b",,,"TIC 306648160","Gaia DR2 5909085279371278336","Gaia DR3 5909085279371278336",0
"TOI-333","TOI-333 b",,,"TIC 224245334","Gaia DR2 6535747220036134272","Gaia DR3 6535747220036134272",0
"TOI-3331 A","TOI-3331 A b",,,"TIC 194795551","Gaia DR2 4042548116644168832","Gaia DR3 4042548116644168832",0
"TOI-3353","TOI-3353.01",,,"TIC 391903064","Gaia DR2 5212899427468919296","Gaia DR3 5212899427468919296",0
"TOI-3362","TOI-3362 b",,,"TIC 464300749","Gaia DR2 5351820556994135296","Gaia DR3 5351820556994135296",0
"TOI-3364","TOI-3364 b",,,"TIC 280655495","Gaia DR2 5409268527708808320","Gaia DR3 5409268527708808320",0
"TOI-3457","TOI-3457 b",,,"TIC 357312511","Gaia DR2 5787442146160163200","Gaia DR3 5787442146160163200",0
"TOI-3464","TOI-3464 b",,,"TIC 290504044","Gaia DR2 5989042791436795648","Gaia DR3 5989042791436795648",0
"TOI-3474","TOI-3474 b",,,"TIC 274367763","Gaia DR2 5986650013613194624","Gaia DR3 5986650013613194624",0
"TOI-3486","TOI-3486 b",,,"TIC 221861843","Gaia DR2 5927041953543630592","Gaia DR3 5927041953543630592",0
"TOI-3493","TOI-3493 b","HD 119355",,"TIC 203377303","Gaia DR2 6192360843805622528","Gaia DR3 6192360843805622528",0
"TOI-3523 A","TOI-3523 A b",,,"TIC 417047499","Gaia DR2 2080811118319262080","Gaia DR3 2080811118319262080",0
"TOI-3540 A","TOI-3540 A b",,,"TIC 17865622","Gaia DR2 1896138833241139584","Gaia DR3 1896138833241139584",0
"TOI-3568","TOI-3568 b",,,"TIC 160390955","Gaia DR2 1950477552581609984","Gaia DR3 1950477552581609984",0
"TOI-3593","TOI-3593 b",,,"TIC 162289289","Gaia DR2 1900293230549817856","Gaia DR3 1900293230549817856",0
"TOI-3629","TOI-3629 b",,,"TIC 455784423","Gaia DR2 2881820324294985856","Gaia DR3 2881820324294985856",0
"TOI-3664","TOI-3664 b",,,"TIC 348437470","Gaia DR2 459319848632063360","Gaia DR3 459319848632063360",0
"TOI-3682","TOI-3682 b",,,"TIC 28961316","Gaia DR2 117190351631297152","Gaia DR3 117190351631297152",0
"TOI-3688 A","TOI-3688 A b",,,"TIC 245509452","Gaia DR2 454187981188647168","Gaia DR3 454187981188647168",0
"TOI-3693","TOI-3693 b",,,"TIC 240823272","Gaia DR2 404433018447476096","Gaia DR3 404433018447476096",0
"TOI-3714","TOI-3714 b",,,"TIC 155867025","Gaia DR2 178924390478792320","Gaia DR3 178924390478792320",0
"TOI-375","TOI-375 b",,,"TIC 280097543","Gaia DR2 4638853885598035968","Gaia DR3 4638853885598035968",0
"TOI-375","TOI-375 c",,,"TIC 280097543","Gaia DR2 4638853885598035968","Gaia DR3 4638853885598035968",0
"TOI-375","TOI-375 d",,,"TIC 280097543","Gaia DR2 4638853885598035968","Gaia DR3 4638853885598035968",0
"TOI-3757","TOI-3757 b",,,"TIC 445751830","Gaia DR2 996878131494639488","Gaia DR3 996878131494639488",0
"TOI-3785","TOI-3785 b",,,"TIC 458419328","Gaia DR2 1044013542142711296","Gaia DR3 1044013542142711296",0
"TOI-3807","TOI-3807 b",,,"TIC 289661991","Gaia DR2 1117620107545810944","Gaia DR3 1117620107545810944",0
"TOI-3819","TOI-3819 b",,,"TIC 95660472","Gaia DR2 876608292608416512","Gaia DR3 876608292608416512",0
"TOI-3837","TOI-3837 b",,,"TIC 308073360","Gaia DR2 726500525642401536","Gaia DR3 726500525642401536",0
"TOI-3856","TOI-3856 b",,,"TIC 125552076","Gaia DR2 647864446160474624","Gaia DR3 647864446160474624",0
"TOI-3862","TOI-3862 b",,,"TIC 141205978","Gaia DR2 1547655215589870336","Gaia DR3 1547655215589870336",0
"TOI-3877","TOI-3877 b",,,"TIC 144310492","Gaia DR2 759209995840837248","Gaia DR3 759209995840837248",0
"TOI-3884","TOI-3884 b",,,"TIC 86263325","Gaia DR2 3919169687804622336","Gaia DR3 3919169687804622336",0
"TOI-3894","TOI-3894 b",,,"TIC 165464482","Gaia DR2 1562935820172427392","Gaia DR3 1562935820172427392",0
"TOI-3896","TOI-3896 b",,,"TIC 445837596","Gaia DR2 1583849390325152512","Gaia DR3 1583849390325152512",0
"TOI-3912","TOI-3912 b",,,"TIC 156648452","Gaia DR2 1255520718461480960","Gaia DR3 1255520718461480960",0
"TOI-3919","TOI-3919 b",,,"TIC 23769326","Gaia DR2 1497132660589966976","Gaia DR3 1497132660589966976",0
"TOI-3976 A","TOI-3976 A b",,,"TIC 154293917","Gaia DR2 1585783740516554624","Gaia DR3 1585783740516554624",0
"TOI-3980","TOI-3980 b",,,"TIC 312548829","Gaia DR2 426758571995216768","Gaia DR3 426758571995216768",0
"TOI-3984 A","TOI-3984 A b",,,"TIC 20182780","Gaia DR2 1291955578869575552","Gaia DR3 1291955578869575552",0
"TOI-4010","TOI-4010 b",,,"TIC 352682207","Gaia DR2 525352325110310400","Gaia DR3 525352325110310400",0
"TOI-4010","TOI-4010 c",,,"TIC 352682207","Gaia DR2 525352325110310400","Gaia DR3 525352325110310400",0
"TOI-4010","TOI-4010 d",,,"TIC 352682207","Gaia DR2 525352325110310400","Gaia DR3 525352325110310400",0
"TOI-4010","TOI-4010 e",,,"TIC 352682207","Gaia DR2 525352325110310400","Gaia DR3 525352325110310400",0
"TOI-4029","TOI-4029 b",,,"TIC 393633044","Gaia DR2 1199459506781901440","Gaia DR3 1199459506781901440",0
"TOI-4030","TOI-4030 b",,,"TIC 390021939","Gaia DR2 2151084209280477184","Gaia DR3 2151084209280477184",0
"TOI-4034","TOI-4034 b",,,"TIC 375654303","Gaia DR2 2230550759343923456","Gaia DR3 2230550759343923456",0
"TOI-406","TOI-406 c",,,"TIC 153065527","Gaia DR2 4851053999056603904","Gaia DR3 4851053999056603904",0
"TOI-406","TOI-406.01",,,"TIC 153065527","Gaia DR2 4851053999056603904","Gaia DR3 4851053999056603904",0
"TOI-4087","TOI-4087 b",,,"TIC 310002617","Gaia DR2 1725490333641502976","Gaia DR3 1725490333641502976",0
"HD 22946","TOI-411 b","HD 22946","HIP 17047","TIC 100990000","Gaia DR2 4848767461548943104","Gaia DR3 4848767461548943104",0
"HD 22946","TOI-411 c","HD 22946","HIP 17047","TIC 100990000","Gaia DR2 4848767461548943104","Gaia DR3 4848767461548943104",0
"TOI-4127","TOI-4127 b",,,"TIC 141488193","Gaia DR2 1111639314047794944","Gaia DR3 1111639314047794944",0
"TOI-4137","TOI-4137 b",,,"TIC 417646390","Gaia DR2 497750842338402560","Gaia DR3 497750842338402560",0
"TOI-4145 A","TOI-4145 A b",,,"TIC 279947414","Gaia DR2 568619413331898240","Gaia DR3 568619413331898240",0
"TOI-4153","TOI-4153 b",,,"TIC 470171739","Gaia DR2 2299246592282070400","Gaia DR3 2299246592282070400",0
"TOI-4155","TOI-4155 b",,,"TIC 467331291","Gaia DR2 2283857930619750144","Gaia DR3 2283857930619750144",0
"TOI-4156","TOI-4156 b",,,"TIC 462553953","Gaia DR2 1701162092688377984","Gaia DR3 1701162092688377984",0
"TOI-4156","TOI-4156 c",,,"TIC 462553953","Gaia DR2 1701162092688377984","Gaia DR3 1701162092688377984",0
"TOI-4184","TOI-4184 b",,,"TIC 394357918","Gaia DR2 4620574887039870720","Gaia DR3 4620574887039870720",0
"TOI-4201","TOI-4201 b",,,"TIC 95057860","Gaia DR2 2997312063605005056","Gaia DR3 2997312063605005056",0
"TOI-421","TOI-421 b",,,"TIC 94986319","Gaia DR2 2984582227215748864","Gaia DR3 2984582227215748864",0
"TOI-421","TOI-421 c",,,"TIC 94986319","Gaia DR2 2984582227215748864","Gaia DR3 2984582227215748864",0
"TOI-4214","TOI-4214 b",,,"TIC 409594381","Gaia DR2 3032656414642552192","Gaia DR3 3032656414642552192",0
"TOI-426","TOI-426 b","HD 34390",,"TIC 189013224","Gaia DR2 2983316311375470976","Gaia DR3 2983316311375470976",0
"TOI-426","TOI-426 c","HD 34390",,"TIC 189013224","Gaia DR2 2983316311375470976","Gaia DR3 2983316311375470976",0
"TOI-4308","TOI-4308 b",,,"TIC 144193715","Gaia DR2 6565868036138018304","Gaia DR3 6565868036138018304",0
"TOI-431","TOI-431 b",,"HIP 26013","TIC 31374837","Gaia DR2 2908664557091200768","Gaia DR3 2908664557091200768",0
"TOI-431","TOI-431 c",,"HIP 26013","TIC 31374837","Gaia DR2 2908664557091200768","Gaia DR3 2908664557091200768",0
"TOI-431","TOI-431 d",,"HIP 26013","TIC 31374837","Gaia DR2 2908664557091200768","Gaia DR3 2908664557091200768",0
"TOI-4311","TOI-4311 b",,,"TIC 122617317","Gaia DR2 5064693746900436736","Gaia DR3 5064693746900436736",0
"TOI-4311","TOI-4311 c",,,"TIC 122617317","Gaia DR2 5064693746900436736","Gaia DR3 5064693746900436736",0
"TOI-4329","TOI-4329 b",,,"TIC 256722647","Gaia DR2 2224458777730383616","Gaia DR3 2224458777730383616",0
"TOI-4336 A","TOI-4336 A b",,,"TIC 166184428","Gaia DR2 6113245033656232448","Gaia DR3 6113245033656232448",0
"TOI-4336 A","TOI-4336 A c",,,"TIC 166184428","Gaia DR2 6113245033656232448","Gaia DR3 6113245033656232448",0
"TOI-4342","TOI-4342 b",,,"TIC 354944123","Gaia DR2 6355915466180482944","Gaia DR3 6355915466181029376",0
"TOI-4342","TOI-4342 c",,,"TIC 354944123","Gaia DR2 6355915466180482944","Gaia DR3 6355915466181029376",0
"TOI-4363","TOI-4363 b",,,"TIC 325682877","Gaia DR2 5147525146139589632","Gaia DR3 5147525146139589632",0
"TOI-4364","TOI-4364 b",,,"TIC 4070275","Gaia DR2 3210444215030339584","Gaia DR3 3210444215030339584",0
"TOI-4377","TOI-4377 b",,,"TIC 394918211","Gaia DR2 5197568146570178176","Gaia DR3 5197568146570178176",0
"TOI-4379","TOI-4379 b",,,"TIC 97766057","Gaia DR2 6027376203516634112","Gaia DR3 6027376203516634112",0
"TOI-4405","TOI-4405 b",,,"TIC 177254988","Gaia DR2 5261102085950186240","Gaia DR3 5261102085950186240",0
"TOI-4406","TOI-4406 b",,,"TIC 206541859","Gaia DR2 4910452812646300544","Gaia DR3 4910452812646300544",0
"TOI-4409","TOI-4409 b",,,"TIC 382200986","Gaia DR2 4769939139330057984","Gaia DR3 4769939139330057984",0
"TOI-4427","TOI-4427 b",,,"TIC 207339000","Gaia DR2 1119137502311125248","Gaia DR3 1119137502311125248",0
"TOI-4438","TOI-4438 b",,,"TIC 22233480","Gaia DR2 4606416269652179328","Gaia DR3 4606416269652179328",0
"TOI-444","TOI-444 b",,"HIP 19950","TIC 179034327","Gaia DR2 4895489043507741440","Gaia DR3 4895489043507741440",0
"TOI-4443","TOI-4443.01",,,"TIC 158241252","Gaia DR2 4529634417760144896","Gaia DR3 4529634417760144896",0
"TOI-4458","TOI-4458 b",,,"TIC 229671380","Gaia DR2 1654995798462043008","Gaia DR3 1654995798462043008",0
"TOI-4463 A","TOI-4463 A b",,,"TIC 8599009","Gaia DR2 4524517290642206336","Gaia DR3 4524517290642206336",0
"TOI-4465","TOI-4465 b",,,"TIC 157236902","Gaia DR2 4521842556801236352","Gaia DR3 4521842556801236352",0
"TOI-4479","TOI-4479 b",,,"TIC 126606859","Gaia DR2 1841177820379504768","Gaia DR3 1841177820379504768",0
"TOI-4487 A","TOI-4487 A b",,,"TIC 193754373","Gaia DR2 2083061376251298688","Gaia DR3 2083061376251298688",0
"TOI-4492","TOI-4492 b",,,"TIC 298297931","Gaia DR2 1857593249820460416","Gaia DR3 1857593254122163712",0
"TOI-4495","TOI-4495 b",,,"TIC 120826158","Gaia DR2 2099011888349441536","Gaia DR3 2099011888349441536",0
"TOI-4495","TOI-4495 c",,,"TIC 120826158","Gaia DR2 2099011888349441536","Gaia DR3 2099011888349441536",0
"TOI-4504","TOI-4504 b",,,"TIC 349972412","Gaia DR2 5289275864525400704","Gaia DR3 5289275864525400704",0
"TOI-4504","TOI-4504 c",,,"TIC 349972412","Gaia DR2 5289275864525400704","Gaia DR3 5289275864525400704",0
"TOI-4504","TOI-4504 d",,,"TIC 349972412","Gaia DR2 5289275864525400704","Gaia DR3 5289275864525400704",0
"TOI-4507","TOI-4507 b",,,"TIC 179582003","Gaia DR2 4657949756881138176","Gaia DR3 4657949756881138176",0
"TOI-451","TOI-451 b",,,"TIC 257605131","Gaia DR2 4844691297067063424","Gaia DR3 4844691297067063424",0
"TOI-451","TOI-451 c",,,"TIC 257605131","Gaia DR2 4844691297067063424","Gaia DR3 4844691297067063424",0
"TOI-451","TOI-451 d",,,"TIC 257605131","Gaia DR2 4844691297067063424","Gaia DR3 4844691297067063424",0
"TOI-4511","TOI-4511 b",,,"TIC 333674399","Gaia DR2 30392773430255360","Gaia DR3 30392773430255360",0
"TOI-4513","TOI-4513 b",,,"TIC 408261725","Gaia DR2 2590775232734704128","Gaia DR3 2590775232734704128",0
"TOI-4515","TOI-4515 b",,,"TIC 456862677","Gaia DR2 289464440515102976","Gaia DR3 289464440515102976",0
"TOI-4527","TOI-4527.01",,"HIP 6069","TIC 380887434","Gaia DR2 2564324345929277184","Gaia DR3 2564324345929277184",0
"TOI-4529","TOI-4529 b",,,"TIC 384888319","Gaia DR2 2584622022068408576","Gaia DR3 2584622022068408576",0
"TOI-4551","TOI-4551 b",,,"TIC 204650483","Gaia DR2 3476605537386300032","Gaia DR3 3476605537386300032",0
"TOI-4552","TOI-4552 b",,,"TIC 248250955","Gaia DR2 5948579462188230144","Gaia DR3 5948579462188230144",0
"TOI-4559","TOI-4559 b",,,"TIC 271169413","Gaia DR2 6173120554255287808","Gaia DR3 6173120554255287808",0
"TOI-4561","TOI-4561 b",,,"TIC 33716474","Gaia DR2 4628625300724120448","Gaia DR3 4628625300724120448",0
"TOI-4562","TOI-4562 b",,,"TIC 349576261","Gaia DR2 5288681857665822080","Gaia DR3 5288681857665822080",0
"TOI-4562","TOI-4562 c",,,"TIC 349576261","Gaia DR2 5288681857665822080","Gaia DR3 5288681857665822080",0
"TOI-4578","TOI-4578 b",,,"TIC 154474036","Gaia DR2 1692546938048559488","Gaia DR3 1692546938048559488",0
"TOI-4582","TOI-4582 b",,,"TIC 219854519","Gaia DR2 1636984973365053056","Gaia DR3 1636984973365053056",0
"TOI-4588","TOI-4588 b",,"HIP 92247","TIC 48031665","Gaia DR2 2119765376479083264","Gaia DR3 2119765376479083264",0
"TOI-4600","TOI-4600 b",,,"TIC 232608943","Gaia DR2 1631416599805196544","Gaia DR3 1631416599805196544",0
"TOI-4600","TOI-4600 c",,,"TIC 232608943","Gaia DR2 1631416599805196544","Gaia DR3 1631416599805196544",0
"TOI-4602","TOI-4602.01","HD 25295","HIP 18841","TIC 467651916","Gaia DR2 169256041140206848","Gaia DR3 169256041140206848",0
"TOI-4603","TOI-4603 b","HD 245134",,"TIC 437856897","Gaia DR2 3402980516507429888","Gaia DR3 3402980516507429888",0
"TOI-4633","TOI-4633 c",,,"TIC 307958020","Gaia DR2 1630906044157332224","Gaia DR3 1630906044157332224",0
"TOI-4638","TOI-4638.01",,,"TIC 58824746","Gaia DR2 2775311010868306048","Gaia DR3 2775311010868306048",0
"TOI-4640","TOI-4640 b",,,"TIC 337216118","Gaia DR2 23544671414999680","Gaia DR3 23544671414999680",0
"TOI-4641","TOI-4641 b",,"HIP 13224","TIC 436873727","Gaia DR2 114340658009875072","Gaia DR3 114340658009875072",0
"TOI-4662","TOI-4662 b",,,"TIC 166778944","Gaia DR2 4887550157238874496","Gaia DR3 4887550157238874496",0
"TOI-4666","TOI-4666 b",,,"TIC 165202476","Gaia DR2 4855422771071903232","Gaia DR3 4855422771071903232",0
"TOI-469","TOI-469.01","HD 42813","HIP 29442","TIC 33692729","Gaia DR2 2993561629444856960","Gaia DR3 2993561629444856960",0
"TOI-470","TOI-470 b",,,"TIC 37770169","Gaia DR2 2912264564319611136","Gaia DR3 2912264564319611136",0
"TOI-4734","TOI-4734 b",,,"TIC 97714451","Gaia DR2 3343402074506386176","Gaia DR3 3343402074506386176",0
"TOI-4747","TOI-4747 b",,,"TIC 235078021","Gaia DR2 4802161568829551616","Gaia DR3 4802161568829551616",0
"TOI-4773","TOI-4773 b",,,"TIC 415276070","Gaia DR2 5715145275211633792","Gaia DR3 5715145275211633792",0
"TOI-4791","TOI-4791 b",,,"TIC 100389539","Gaia DR2 2930141657016297216","Gaia DR3 2930141657016297216",0
"TOI-4794","TOI-4794 b",,,"TIC 95589845","Gaia DR2 3034394776886475520","Gaia DR3 3034394776886475520",0
"TOI-480","TOI-480 b",,"HIP 27849","TIC 317548889","Gaia DR2 2992025233741516928","Gaia DR3 2992025233741516928",0
"TOI-481","TOI-481 b",,,"TIC 339672028","Gaia DR2 5486322710592888064","Gaia DR3 5486322710592888064",0
"TOI-4860","TOI-4860 b",,,"TIC 335590096","Gaia DR2 3571038605366263424","Gaia DR3 3571038605366263424",0
"TOI-4898","TOI-4898 b",,,"TIC 124235800","Gaia DR2 6179866921380813696","Gaia DR3 6179866921380813696",0
"TOI-4914","TOI-4914 b",,,"TIC 49254857","Gaia DR2 6176542204376734592","Gaia DR3 6176542204376734592",0
"TOI-4930","TOI-4930 b",,,"TIC 307221757","Gaia DR2 6107672846169400320","Gaia DR3 6107672846169400320",0
"TOI-4940","TOI-4940 b",,,"TIC 237929468","Gaia DR2 4679529734152652672","Gaia DR3 4679529738448820608",0
"TOI-4961","TOI-4961 b",,,"TIC 420202798","Gaia DR2 6056675572727076736","Gaia DR3 6056675572727076736",0
"TOI-4994","TOI-4994 b",,,"TIC 277128619","Gaia DR2 6364463103935391232","Gaia DR3 6364463103935391232",0
"TOI-500","TOI-500 b",,,"TIC 134200185","Gaia DR2 5509620021956148736","Gaia DR3 5509620021956148736",0
"TOI-500","TOI-500 c",,,"TIC 134200185","Gaia DR2 5509620021956148736","Gaia DR3 5509620021956148736",0
"TOI-500","TOI-500 d",,,"TIC 134200185","Gaia DR2 5509620021956148736","Gaia DR3 5509620021956148736",0
"TOI-500","TOI-500 e",,,"TIC 134200185","Gaia DR2 5509620021956148736","Gaia DR3 5509620021956148736",0
"TOI-5005","TOI-5005 b",,,"TIC 282485660","Gaia DR2 5984530842395365248","Gaia DR3 5984530842395365248",0
"TOI-5007","TOI-5007 b",,,"TIC 424196109","Gaia DR2 5833386583912265728","Gaia DR3 5833386583912265728",0
"TOI-5027","TOI-5027 b",,,"TIC 361711730","Gaia DR2 5820908638718592256","Gaia DR3 5820908638718592256",0
"TOI-5076","TOI-5076 b",,"HIP 15683","TIC 303432813","Gaia DR2 55752218851048320","Gaia DR3 55752218851048320",0
"TOI-5082","TOI-5082.01",,"HIP 34271","TIC 437011608","Gaia DR2 3368214650329888512","Gaia DR3 3368214650329888512",0
"TOI-5108","TOI-5108 b",,"HIP 54186","TIC 350348197","Gaia DR2 3868491612036282752","Gaia DR3 3868491612036282752",0
"TOI-5110","TOI-5110 b",,,"TIC 239977528","Gaia DR2 3439633221952197120","Gaia DR3 3439633221952197120",0
"TOI-512","TOI-512 b",,,"TIC 119292328","Gaia DR2 5574111674620962688","Gaia DR3 5574111674620962688",0
"TOI-5126","TOI-5126 b",,,"TIC 27064468","Gaia DR2 623633615066248576","Gaia DR3 623633615066248576",0
"TOI-5126","TOI-5126 c",,,"TIC 27064468","Gaia DR2 623633615066248576","Gaia DR3 623633615066248576",0
"TOI-5143","TOI-5143 c",,,"TIC 281837575","Gaia DR2 3815937670648091392","Gaia DR3 3815937670648091392",0
"TOI-5153","TOI-5153 b",,,"TIC 124029677","Gaia DR2 2942084865853011712","Gaia DR3 2942084865853011712",0
"TOI-5159","TOI-5159 b",,,"TIC 286712787","Gaia DR2 634161679420716032","Gaia DR3 634161679420716032",0
"TOI-5160","TOI-5160 b",,,"TIC 4165850","Gaia DR2 880230839824089600","Gaia DR3 880230839824089600",0
"TOI-5174","TOI-5174 b",,,"TIC 49428710","Gaia DR2 3793743895297313408","Gaia DR3 3793743895297313408",0
"TOI-5181 A","TOI-5181 A b",,,"TIC 346667887","Gaia DR2 4531901709506539776","Gaia DR3 4531901709506539776",0
"TOI-519","TOI-519 b",,,"TIC 218795833","Gaia DR2 5707485527450614656","Gaia DR3 5707485527450614656",0
"TOI-5205","TOI-5205 b",,,"TIC 419411415","Gaia DR2 1842656663520849024","Gaia DR3 1842656663520849024",0
"TOI-521","TOI-521 b",,,"TIC 27649847","Gaia DR2 649852779797683968","Gaia DR3 649852779797683968",0
"TOI-5210","TOI-5210 b",,,"TIC 265979849","Gaia DR2 1838769198425933568","Gaia DR3 1838769198425933568",0
"TOI-5218","TOI-5218 b",,,"TIC 259172249","Gaia DR2 2263568371970517120","Gaia DR3 2263568371970517120",0
"TOI-5232","TOI-5232 b",,,"TIC 69356857","Gaia DR2 2048174967505679488","Gaia DR3 2048174967505679488",0
"TOI-5238","TOI-5238 b",,,"TIC 219016883","Gaia DR2 1694625251248104832","Gaia DR3 1694625251248104832",0
"TOI-5261","TOI-5261 b",,,"TIC 402828941","Gaia DR2 1816307618977868544","Gaia DR3 1816307623283205248",0
"TOI-5292 A","TOI-5292 A b",,,"TIC 33397739","Gaia DR2 2610422023759160576","Gaia DR3 2610422023759160576",0
"TOI-5293 A","TOI-5293 A b",,,"TIC 250111245","Gaia DR2 2640121486388076032","Gaia DR3 2640121486388076032",0
"TOI-530","TOI-530 b",,,"TIC 387690507","Gaia DR2 3353218995355814656","Gaia DR3 3353218995355814656",0
"TOI-5300","TOI-5300 b",,,"TIC 267215820","Gaia DR2 2642766361608754432","Gaia DR3 2642766361608754432",0
"TOI-5301","TOI-5301 b",,,"TIC 58825110","Gaia DR2 2776823148594090752","Gaia DR3 2776823148594090752",0
"TOI-5319","TOI-5319 b",,,"TIC 246965431","Gaia DR2 102461087706561024","Gaia DR3 102461087706561024",0
"TOI-532","TOI-532 b",,,"TIC 144700903","Gaia DR2 3340265717587057536","Gaia DR3 3340265717587057536",0
"TOI-5322","TOI-5322 b",,,"TIC 336691874","Gaia DR2 2780169409154216448","Gaia DR3 2780169409154216448",0
"TOI-5335","TOI-5335 b",,,"TIC 381360750","Gaia DR2 31263105603123968","Gaia DR3 31263105603123968",0
"TOI-5340","TOI-5340 b",,,"TIC 14156936","Gaia DR2 65315118156520320","Gaia DR3 65315118156520320",0
"TOI-5344","TOI-5344 b",,,"TIC 16005254","Gaia DR2 52359538285081728","Gaia DR3 52359538285081728",0
"TOI-5349","TOI-5349 b",,,"TIC 26054627","Gaia DR2 58372904816938240","Gaia DR3 58372904816938240",0
"TOI-5350","TOI-5350 b",,,"TIC 68808155","Gaia DR2 3412163401401508096","Gaia DR3 3412163401401508096",0
"TOI-5380","TOI-5380 b",,,"TIC 441587756","Gaia DR2 1111875434169488768","Gaia DR3 1111875434169488768",0
"TOI-5386 A","TOI-5386 A b",,,"TIC 202425357","Gaia DR2 1616054670018575872","Gaia DR3 1616054670018575872",0
"TOI-5388","TOI-5388.01",,,"TIC 407591297","Gaia DR2 753585104807022080","Gaia DR3 753585104807022080",0
"TOI-5398","TOI-5398 b",,,"TIC 8260536","Gaia DR2 750888548244441344","Gaia DR3 750888548244441344",0
"TOI-5398","TOI-5398 c",,,"TIC 8260536","Gaia DR2 750888548244441344","Gaia DR3 750888548244441344",0
"TOI-540","TOI-540 b",,,"TIC 200322593","Gaia DR2 4785886941312921344","Gaia DR3 4785886941312921344",0
"TOI-5422","TOI-5422 b",,,"TIC 80611440","Gaia DR2 3429244825638569216","Gaia DR3 3429244825638569216",0
"TOI-544","TOI-544 b","HD 290498",,"TIC 50618703","Gaia DR2 3220926542276901888","Gaia DR3 3220926542276901888",0
"TOI-544","TOI-544 c","HD 290498",,"TIC 50618703","Gaia DR2 3220926542276901888","Gaia DR3 3220926542276901888",0
"TOI-5486","TOI-5486 b",,,"TIC 291109653","Gaia DR2 3704041819694603904","Gaia DR3 3704041819694603904",0
"TOI-5489","TOI-5489 b",,,"TIC 468983280","Gaia DR2 602498085299079680","Gaia DR3 602498085299079680",0
"TOI-5489","TOI-5489 c",,,"TIC 468983280","Gaia DR2 602498085299079680","Gaia DR3 602498085299079680",0
"TOI-5502","TOI-5502 b",,,"TIC 126322519","Gaia DR2 693050942383533184","Gaia DR3 693050942385957888",0
"TOI-5515","TOI-5515 b",,,"TIC 55275863","Gaia DR2 631855767313862912","Gaia DR3 631855767313862912",0
"TOI-5532","TOI-5532 b",,,"TIC 318836983","Gaia DR2 5900705244680192","Gaia DR3 5900705244680192",0
"TOI-5542","TOI-5542 b",,,"TIC 466206508","Gaia DR2 6443054270942726144","Gaia DR3 6443054270942726144",0
"TOI-5573","TOI-5573 b",,,"TIC 459762279","Gaia DR2 1023967108705998208","Gaia DR3 1023967108706495360",0
"TOI-558","TOI-558 b",,,"TIC 207110080","Gaia DR2 4727755005637190016","Gaia DR3 4727755005637190016",0
"TOI-559","TOI-559 b",,,"TIC 209459275","Gaia DR2 5057924844082070016","Gaia DR3 5057924844082070016",0
"TOI-5592","TOI-5592 b",,,"TIC 88529975","Gaia DR2 1101653957463314688","Gaia DR3 1101653957463314688",0
"TOI-5595","TOI-5595 b",,,"TIC 302908969","Gaia DR2 897068039338406400","Gaia DR3 897068039338406400",0
"TOI-5599","TOI-5599 b",,,"TIC 159160230","Gaia DR2 1564617317048000000","Gaia DR3 1564617317048000000",0
"TOI-5605","TOI-5605 b",,,"TIC 252469648","Gaia DR2 827009013841732096","Gaia DR3 827009013841732096",0
"TOI-561","TOI-561 b",,,"TIC 377064495","Gaia DR2 3850421005290172416","Gaia DR3 3850421005290172416",0
"TOI-561","TOI-561 c",,,"TIC 377064495","Gaia DR2 3850421005290172416","Gaia DR3 3850421005290172416",0
"TOI-561","TOI-561 d",,,"TIC 377064495","Gaia DR2 3850421005290172416","Gaia DR3 3850421005290172416",0
"TOI-561","TOI-561 e",,,"TIC 377064495","Gaia DR2 3850421005290172416","Gaia DR3 3850421005290172416",0
"TOI-5614","TOI-5614 b",,,"TIC 148960849","Gaia DR2 1682986856243884032","Gaia DR3 1682986856243884032",0
"TOI-5616","TOI-5616 b",,,"TIC 154220877","Gaia DR2 1545570133528453888","Gaia DR3 1545570133528453888",0
"TOI-5624","TOI-5624 b",,,"TIC 53498154","Gaia DR2 1546352569189373952","Gaia DR3 1546352569189373952",0
"TOI-5624","TOI-5624 c",,,"TIC 53498154","Gaia DR2 1546352569189373952","Gaia DR3 1546352569189373952",0
"TOI-5624","TOI-5624 d",,,"TIC 53498154","Gaia DR2 1546352569189373952","Gaia DR3 1546352569189373952",0
"TOI-5624","TOI-5624 e",,,"TIC 53498154","Gaia DR2 1546352569189373952","Gaia DR3 1546352569189373952",0
"TOI-5624","TOI-5624 f",,,"TIC 53498154","Gaia DR2 1546352569189373952","Gaia DR3 1546352569189373952",0
"TOI-5628 A","TOI-5628 A b",,,"TIC 135100529","Gaia DR2 3947322408155619456","Gaia DR3 3947322408155619456",0
"TOI-5630","TOI-5630 b",,,"TIC 316416562","Gaia DR2 1377775656873050496","Gaia DR3 1377775656873050496",0
"TOI-5634 A","TOI-5634 A b",,,"TIC 119585136","Gaia DR2 3979511431397114752","Gaia DR3 3979511431397114752",0
"TOI-564","TOI-564 b",,,"TIC 1003831","Gaia DR2 5710154317045164416","Gaia DR3 5710154317045164416",0
"TOI-5678","TOI-5678 b",,,"TIC 209464063","Gaia DR2 5048310370810634624","Gaia DR3 5048310370810634624",0
"TOI-5688 A","TOI-5688 A b",,,"TIC 193634953","Gaia DR2 1363205856494897024","Gaia DR3 1363205856494897024",0
"TOI-5704","TOI-5704 b",,,"TIC 148673433","Gaia DR2 784983789642216320","Gaia DR3 784983789642216320",0
"TOI-5713","TOI-5713 b",,,"TIC 219041246","Gaia DR2 1560676770454324224","Gaia DR3 1560676770454324224",0
"TOI-5716","TOI-5716 b",,,"TIC 298074836","Gaia DR2 1688346597471844096","Gaia DR3 1688346597471844096",0
"TOI-5720","TOI-5720 b",,,"TIC 230055368","Gaia DR2 3994047048130880384","Gaia DR3 3994047048130880384",0
"TOI-5726","TOI-5726.01",,,"TIC 71582156","Gaia DR2 1097091022864217472","Gaia DR3 1097091022864217472",0
"TOI-5728","TOI-5728 b",,,"TIC 219875976","Gaia DR2 1637184500366418432","Gaia DR3 1637184500366418432",0
"TOI-5734","TOI-5734 b",,,"TIC 9989136","Gaia DR2 898844639674672640","Gaia DR3 898844639674672640",0
"TOI-5736","TOI-5736 b",,,"TIC 310380289","Gaia DR2 1508499824114581504","Gaia DR3 1508499824114581504",0
"TOI-5777","TOI-5777 b",,,"TIC 459189798","Gaia DR2 1145811070285394432","Gaia DR3 1145811070285394432",0
"TOI-5786","TOI-5786 b",,,"TIC 40292751","Gaia DR2 2032764938419327616","Gaia DR3 2032764938419327616",0
"TOI-5788","TOI-5788 b",,,"TIC 42883782","Gaia DR2 2042653052618584960","Gaia DR3 2042653052618584960",0
"TOI-5788","TOI-5788 c",,,"TIC 42883782","Gaia DR2 2042653052618584960","Gaia DR3 2042653052618584960",0
"TOI-5789","TOI-5789 b","HD 191785","HIP 99452","TIC 87216634","Gaia DR2 1809360187271699584",,0
"TOI-5789","TOI-5789 c","HD 191785","HIP 99452","TIC 87216634","Gaia DR2 1809360187271699584",,0
"TOI-5789","TOI-5789 d","HD 191785","HIP 99452","TIC 87216634","Gaia DR2 1809360187271699584",,0
"TOI-5789","TOI-5789 e","HD 191785","HIP 99452","TIC 87216634","Gaia DR2 1809360187271699584",,0
"TOI-5795","TOI-5795 b",,,"TIC 151724385","Gaia DR2 4216036349838071424","Gaia DR3 4216036349838071424",0
"TOI-5799","TOI-5799 b",,,"TIC 328081248","Gaia DR2 1807887150930343424","Gaia DR3 1807887150930343424",0
"TOI-5799","TOI-5799 c",,,"TIC 328081248","Gaia DR2 1807887150930343424","Gaia DR3 1807887150930343424",0
"TOI-5800","TOI-5800 b",,,"TIC 151759246","Gaia DR2 4216059714460162944","Gaia DR3 4216059714460162944",0
"TOI-5803","TOI-5803 b",,,"TIC 466382581","Gaia DR2 2700166125618717696","Gaia DR3 2700166125618717696",0
"TOI-5806","TOI-5806 b",,,"TIC 283621618","Gaia DR2 1780750207505594496","Gaia DR3 1780750207505594496",0
"TOI-5811 B","TOI-5811 B b","HD 197518 B","HIP 102295","TIC 331484427","Gaia DR2 1814257339029589248","Gaia DR3 1814257339029589248",0
"TOI-5817","TOI-5817 b","HD 204660","HIP 106097","TIC 418604868","Gaia DR2 1790807028049001600","Gaia DR3 1790807028049001600",0
"TOI-5882","TOI-5882 b",,,"TIC 232941965","Gaia DR2 1869489729418662528","Gaia DR3 1869489729418662528",0
"TOI-5916","TOI-5916 b",,,"TIC 305506996","Gaia DR2 1741429438313012608","Gaia DR3 1741429438313012608",0
"TOI-5926","TOI-5926 b",,,"TIC 372831381","Gaia DR2 1804811095337195008","Gaia DR3 1804811095337195008",0
"TOI-5938","TOI-5938 b",,,"TIC 452508760","Gaia DR2 1837141272694055168","Gaia DR3 1837141272694055168",0
"TOI-6000","TOI-6000 b",,,"TIC 259233660",,,0
"TOI-6002","TOI-6002 b",,,"TIC 102734241","Gaia DR2 2034047656176989952","Gaia DR3 2034047656176989952",0
"TOI-6008","TOI-6008 b",,,"TIC 286201103","Gaia DR2 2168280502430898944","Gaia DR3 2168280502430898944",0
"TOI-6016","TOI-6016 b",,,"TIC 327369524","Gaia DR2 428360006379022592","Gaia DR3 428360006379022592",0
"TOI-6019","TOI-6019 b",,,"TIC 125520907","Gaia DR2 2879320137933766912","Gaia DR3 2879320137933766912",0
"TOI-6029","TOI-6029 b",,,"TIC 419523962","Gaia DR2 430269136520563200","Gaia DR3 430269136520563200",0
"TOI-603","TOI-603 b",,,"TIC 262746281","Gaia DR2 585634394426727680","Gaia DR3 585634394426727680",0
"TOI-6034","TOI-6034 b",,,"TIC 388076422","Gaia DR2 2270404997834401664","Gaia DR3 2270404997834401664",0
"TOI-6038 A","TOI-6038 A b",,,"TIC 194736418","Gaia DR2 237640407346340736","Gaia DR3 237640407346340736",0
"TOI-6041","TOI-6041 b",,,"TIC 192415680","Gaia DR2 432549871529588608","Gaia DR3 432549871529588608",0
"TOI-6041","TOI-6041 c",,,"TIC 192415680","Gaia DR2 432549871529588608","Gaia DR3 432549871529588608",0
"TOI-6054","TOI-6054.01",,"HIP 17540","TIC 392681545","Gaia DR2 474143193821024256","Gaia DR3 474143193821024256",0
"TOI-6054","TOI-6054.02",,"HIP 17540","TIC 392681545","Gaia DR2 474143193821024256","Gaia DR3 474143193821024256",0
"TOI-6080","TOI-6080 b",,,"TIC 116048097","Gaia DR2 1342779198193952000","Gaia DR3 1342779198193952000",0
"TOI-6086","TOI-6086 b",,,"TIC 18318288","Gaia DR2 4597447518944594176","Gaia DR3 4597447518944594176",0
"TOI-6109","TOI-6109 b",,,"TIC 384984325","Gaia DR2 241035591876195328","Gaia DR3 241035596174886016",0
"TOI-6109","TOI-6109 c",,,"TIC 384984325","Gaia DR2 241035591876195328","Gaia DR3 241035596174886016",0
"TOI-6130","TOI-6130 b",,,"TIC 210083929","Gaia DR2 2736716262948031872","Gaia DR3 2736716262948031872",0
"TOI-615","TOI-615 b",,,"TIC 190496853","Gaia DR2 5524780333100885888","Gaia DR3 5524780333100885888",0
"TOI-6158","TOI-6158 b",,,"TIC 404456775",,,0
"TOI-620","TOI-620 b",,,"TIC 296739893","Gaia DR2 5738284016370287616","Gaia DR3 5738284016370287616",0
"TOI-622","TOI-622 b",,,"TIC 83092282","Gaia DR2 5516690878153930240","Gaia DR3 5516690878153930240",0
"TOI-6223","TOI-6223 b",,,"TIC 288144647","Gaia DR2 2872039996566868480","Gaia DR3 2872039996566868480",0
"TOI-6255","TOI-6255 b",,,"TIC 261135533","Gaia DR2 1956328333130770048","Gaia DR3 1956328333130770048",0
"TOI-628","TOI-628 b","HD 288842",,"TIC 281408474","Gaia DR2 3126717023051258112","Gaia DR3 3126717023056016256",0
"TOI-6281","TOI-6281 b",,,"TIC 152569268","Gaia DR2 5383645268207285760","Gaia DR3 5383645268208106752",0
"TOI-6303","TOI-6303 b",,,"TIC 186810676","Gaia DR2 239050153051494272","Gaia DR3 239050153051494272",0
"TOI-6324","TOI-6324 b",,,"TIC 372207328","Gaia DR2 2220012421430629632","Gaia DR3 2220012421430629632",0
"TOI-6330","TOI-6330 b",,,"TIC 308120029","Gaia DR2 407530931116600320","Gaia DR3 407530931116600320",0
"TOI-6383 A","TOI-6383 A b",,,"TIC 328513434","Gaia DR2 473934011733049856","Gaia DR3 473934011733049856",0
"TOI-6393","TOI-6393 b",,,"TIC 147821208","Gaia DR2 1069571380692038400","Gaia DR3 1069571380692038400",0
"TOI-640","TOI-640 b",,,"TIC 147977348","Gaia DR2 5580554052549277056","Gaia DR3 5580554052549277056",0
"TOI-6420","TOI-6420 b",,,"TIC 143526233","Gaia DR2 5707456527828738048","Gaia DR3 5707456527828738048",0
"TOI-6448","TOI-6448 b",,,"TIC 320411045","Gaia DR2 5590921485126584832","Gaia DR3 5590921485126584832",0
"TOI-6478","TOI-6478 b",,,"TIC 332657786","Gaia DR2 5673934548598976256","Gaia DR3 5673934548598976256",0
"TOI-654","TOI-654.01",,,"TIC 35009898","Gaia DR2 3788670679927991296","Gaia DR3 3788670679927991296",0
"TOI-6564","TOI-6564 b",,,"TIC 453668803","Gaia DR2 6064308867810722560","Gaia DR3 6064308867810722560",0
"TOI-6628","TOI-6628 b",,,"TIC 75650448","Gaia DR2 6200734415129509504","Gaia DR3 6200734415129509504",0
"TOI-663","TOI-663 b",,,"TIC 54962195","Gaia DR2 3762515188088861184","Gaia DR3 3762515188088861184",0
"TOI-663","TOI-663 c",,,"TIC 54962195","Gaia DR2 3762515188088861184","Gaia DR3 3762515188088861184",0
"TOI-663","TOI-663 d",,,"TIC 54962195","Gaia DR2 3762515188088861184","Gaia DR3 3762515188088861184",0
"TOI-6651","TOI-6651 b",,,"TIC 174328045","Gaia DR2 363314964355784192","Gaia DR3 363314964357100800",0
"TOI-6677","TOI-6677 b",,,"TIC 62085710","Gaia DR2 6663287446417324416","Gaia DR3 6663287446422101376",0
"TOI-669","TOI-669 b",,,"TIC 124573851","Gaia DR2 3777506754255516800","Gaia DR3 3777506754255516800",0
"TOI-6692","TOI-6692 b",,,"TIC 324609409","Gaia DR2 6349145498210403840","Gaia DR3 6349145498210403840",0
"TOI-6695","TOI-6695 b",,,"TIC 118339710","Gaia DR2 5701679002245319296","Gaia DR3 5701679002245319296",0
"TOI-6695","TOI-6695 c",,,"TIC 118339710","Gaia DR2 5701679002245319296","Gaia DR3 5701679002245319296",0
"TOI-6699","TOI-6699 b",,,"TIC 341405597","Gaia DR2 6450063790712030336","Gaia DR3 6450063790712030336",0
"TOI-6707","TOI-6707 b",,,"TIC 287328202","Gaia DR2 5485889885265372672","Gaia DR3 5485889885265372672",0
"TOI-6716","TOI-6716 b",,,"TIC 112115898","Gaia DR2 5605438925569442432","Gaia DR3 5605438925569442432",0
"TOI-672","TOI-672 b",,,"TIC 151825527","Gaia DR2 5396580575830873728","Gaia DR3 5396580575830873728",0
"TOI-674","TOI-674 b",,,"TIC 158588995","Gaia DR2 5400949450924312576","Gaia DR3 5400949450924312576",0
"TOI-677","TOI-677 b",,,"TIC 280206394","Gaia DR2 5313031504751276032","Gaia DR3 5313031504751276032",0
"TOI-682","TOI-682.01",,,"TIC 429304876","Gaia DR2 3538925100535948416","Gaia DR3 3538925100535948416",0
"TOI-6884","TOI-6884 b",,,"TIC 156514476","Gaia DR2 3961540914568972928","Gaia DR3 3961540914568972928",0
"TOI-6894","TOI-6894 b",,,"TIC 67512645","Gaia DR2 3917278287286247808","Gaia DR3 3917278287286247808",0
"TOI-6954","TOI-6954 b",,,"TIC 443607377","Gaia DR2 3790304348048597248","Gaia DR3 3790304348048597248",0
"TOI-697","TOI-697 b",,,"TIC 77253676","Gaia DR2 4866555051425383424","Gaia DR3 4866555051425383424",0
"TOI-700","TOI-700 b",,,"TIC 150428135","Gaia DR2 5284517766615492736","Gaia DR3 5284517766615850752",0
"TOI-700","TOI-700 c",,,"TIC 150428135","Gaia DR2 5284517766615492736","Gaia DR3 5284517766615850752",0
"TOI-700","TOI-700 d",,,"TIC 150428135","Gaia DR2 5284517766615492736","Gaia DR3 5284517766615850752",0
"TOI-700","TOI-700 e",,,"TIC 150428135","Gaia DR2 5284517766615492736","Gaia DR3 5284517766615850752",0
"TOI-7008","TOI-7008 b",,,"TIC 335661164","Gaia DR2 1715485533743297536","Gaia DR3 1715485533743297536",0
"TOI-7009","TOI-7009 b",,,"TIC 405837291","Gaia DR2 2233920659406441856","Gaia DR3 2233920659406441856",0
"TOI-7041","TOI-7041 b",,,"TIC 201175570","Gaia DR2 6522218077348813440","Gaia DR3 6522218077351129216",0
"TOI-707","TOI-707 b",,,"TIC 167342439","Gaia DR2 5280307324270051200","Gaia DR3 5280307324275126016",0
"TOI-712","TOI-712 b",,,"TIC 150151262","Gaia DR2 5284358990266469760","Gaia DR3 5284358990266469760",0
"TOI-712","TOI-712 c",,,"TIC 150151262","Gaia DR2 5284358990266469760","Gaia DR3 5284358990266469760",0
"TOI-712","TOI-712 d",,,"TIC 150151262","Gaia DR2 5284358990266469760","Gaia DR3 5284358990266469760",0
"TOI-7149","TOI-7149 b",,,"TIC 459323923","Gaia DR2 1200751810900182400","Gaia DR3 1200751810900182400",0
"TOI-715","TOI-715 b",,,"TIC 271971130","Gaia DR2 5262666416118954368","Gaia DR3 5262666416118954368",0
"TOI-7155","TOI-7155 b",,,"TIC 468350765","Gaia DR2 564039848619589376","Gaia DR3 564039848619589376",0
"TOI-7166","TOI-7166 b",,,"TIC 288421619","Gaia DR2 1740534092250753920","Gaia DR3 1740534092250753920",0
"TOI-7169","TOI-7169 b",,,"TIC 372048733","Gaia DR2 1913763798475865344","Gaia DR3 1913763798475865344",0
"TOI-7189","TOI-7189 b",,,"TIC 18885659","Gaia DR2 4276149124440902784","Gaia DR3 4276149124440902784",0
"TOI-7265 B","TOI-7265 B b",,,"TIC 275717567","Gaia DR2 2164125035679377664","Gaia DR3 2164125035679377664",0
"TOI-733","TOI-733 b",,,"TIC 106402532","Gaia DR2 5392409372314518656","Gaia DR3 5392409372314518656",0
"TOI-7333","TOI-7333 b",,,"TIC 160585062","Gaia DR2 1704081330420181632","Gaia DR3 1704081330420181632",0
"TOI-7384","TOI-7384 b",,,"TIC 192833836","Gaia DR2 4808732662634331520","Gaia DR3 4808732662634331520",0
"TOI-7393","TOI-7393 b",,,"TIC 165598669","Gaia DR2 1600846431341704704","Gaia DR3 1600846431341704704",0
"TOI-7394 B","TOI-7394 B b",,,"TIC 161687211","Gaia DR2 1602132340256374528","Gaia DR3 1602132340256374528",0
"TOI-7510","TOI-7510 b",,,"TIC 118798035","Gaia DR2 6652378156475401216","Gaia DR3 6652378156475401216",0
"TOI-7510","TOI-7510 c",,,"TIC 118798035","Gaia DR2 6652378156475401216","Gaia DR3 6652378156475401216",0
"TOI-7510","TOI-7510 d",,,"TIC 118798035","Gaia DR2 6652378156475401216","Gaia DR3 6652378156475401216",0
"TOI-756","TOI-756 b",,,"TIC 73649615","Gaia DR2 6129327525817451648","Gaia DR3 6129327525817451648",0
"TOI-756","TOI-756 c",,,"TIC 73649615","Gaia DR2 6129327525817451648","Gaia DR3 6129327525817451648",0
"TOI-757","TOI-757 b",,,"TIC 130924120","Gaia DR2 6157753406084087168","Gaia DR3 6157753406084087168",0
"TOI-762 A","TOI-762 A b",,,"TIC 178709444","Gaia DR2 5362352744504000256","Gaia DR3 5362352744504000256",0
"TOI-763","TOI-763 b",,,"TIC 178819686","Gaia DR2 6140553127216043648","Gaia DR3 6140553127216043648",0
"TOI-763","TOI-763 c",,,"TIC 178819686","Gaia DR2 6140553127216043648","Gaia DR3 6140553127216043648",0
"TOI-771","TOI-771 b",,,"TIC 277634430","Gaia DR2 5229384714547758720","Gaia DR3 5229384714547758720",0
"TOI-771","TOI-771 c",,,"TIC 277634430","Gaia DR2 5229384714547758720","Gaia DR3 5229384714547758720",0
"TOI-776","TOI-776 b",,,"TIC 306996324","Gaia DR2 3460438662009633408","Gaia DR3 3460438662009633408",0
"TOI-776","TOI-776 c",,,"TIC 306996324","Gaia DR2 3460438662009633408","Gaia DR3 3460438662009633408",0
"TOI-778","TOI-778 b","HD 115447",,"TIC 335630746","Gaia DR2 3607877948613218304","Gaia DR3 3607877948613218304",0
"TOI-782","TOI-782 b",,,"TIC 429358906","Gaia DR2 3518374197418907648","Gaia DR3 3518374197418907648",0
"HD 307842","TOI-784 b","HD 307842",,"TIC 460984940","Gaia DR2 5251941573573934080","Gaia DR3 5251941573573934080",0
"TOI-791","TOI-791 b",,,"TIC 306472057","Gaia DR2 5270467966514084224","Gaia DR3 5270467966514084224",0
"TOI-791","TOI-791 c",,,"TIC 306472057","Gaia DR2 5270467966514084224","Gaia DR3 5270467966514084224",0
"TOI-799","TOI-799 b",,,"TIC 255685030","Gaia DR2 5501542395359045504","Gaia DR3 5501542395359045504",0
"TOI-808","TOI-808 b",,,"TIC 30122649","Gaia DR2 5331612014295489792","Gaia DR3 5331612014295489792",0
"TOI-813","TOI-813 b",,,"TIC 55525572","Gaia DR2 4665704096987467776","Gaia DR3 4665704096987467776",0
"TOI-815","TOI-815 b",,,"TIC 102840239","Gaia DR2 5415648821879172096","Gaia DR3 5415648821879172096",0
"TOI-815","TOI-815 c",,,"TIC 102840239","Gaia DR2 5415648821879172096","Gaia DR3 5415648821879172096",0
"TOI-824","TOI-824 b",,,"TIC 193641523","Gaia DR2 5880886001621564928","Gaia DR3 5880886001621564928",0
"TOI-833","TOI-833 b",,,"TIC 362249359","Gaia DR2 5250780970316845696","Gaia DR3 5250780970316845696",0
"TOI-836","TOI-836 b",,"HIP 73427","TIC 440887364","Gaia DR2 6230733559097425152","Gaia DR3 6230733559097425152",0
"TOI-836","TOI-836.01",,"HIP 73427","TIC 440887364","Gaia DR2 6230733559097425152","Gaia DR3 6230733559097425152",0
"TOI-837","TOI-837 b",,,"TIC 460205581","Gaia DR2 5251470948229949568","Gaia DR3 5251470948229949568",0
"TOI-849","TOI-849 b",,,"TIC 33595516","Gaia DR2 5023809953208388352","Gaia DR3 5023809953208388352",0
"TOI-858 B","TOI-858 B b",,,"TIC 198008005","Gaia DR2 4683737294569921664","Gaia DR3 4683737294569921664",0
"TOI-871","TOI-871 b",,,"TIC 219344917","Gaia DR2 4783664690873269888","Gaia DR3 4783664690873269888",0
"TOI-880","TOI-880 c",,,"TIC 34077285","Gaia DR2 2993658970584498048","Gaia DR3 2993658970584498048",0
"TOI-880","TOI-880.02",,,"TIC 34077285","Gaia DR2 2993658970584498048","Gaia DR3 2993658970584498048",0
"TOI-883","TOI-883 b",,,"TIC 123846039","Gaia DR2 3101010711776425088","Gaia DR3 3101010711776425088",0
"TOI-892","TOI-892 b",,,"TIC 66561343","Gaia DR2 3010759262610139776","Gaia DR3 3010759262610139776",0
"TOI-904","TOI-904 b",,,"TIC 261257684","Gaia DR2 4620844400530949376","Gaia DR3 4620844400530949376",0
"TOI-904","TOI-904 c",,,"TIC 261257684","Gaia DR2 4620844400530949376","Gaia DR3 4620844400530949376",0
"TOI-905","TOI-905 b",,,"TIC 261867566","Gaia DR2 5795534040654879744","Gaia DR3 5795534040654879744",0
"TOI-907","TOI-907.01",,,"TIC 305424003","Gaia DR2 5910312231273215872","Gaia DR3 5910312231273215872",0
"TOI-908","TOI-908 b",,,"TIC 350153977","Gaia DR2 4619238087059206784","Gaia DR3 4619238087059206784",0
"TOI-912","TOI-912 b",,,"TIC 406941612","Gaia DR2 5772442647192375808","Gaia DR3 5772442647192375808",0
"TOI-913","TOI-913 b",,,"TIC 407126408","Gaia DR2 5772195974332632192","Gaia DR3 5772195974332632192",0
"TOI-921","TOI-921 b",,,"TIC 278775625","Gaia DR2 5496764398860822912","Gaia DR3 5496764398860822912",0
"TOI-929","TOI-929 b",,,"TIC 175532955","Gaia DR2 5044287532642519680","Gaia DR3 5044287532642519680",0
"TOI-938","TOI-938 b",,,"TIC 332660150","Gaia DR2 3189432444744896512","Gaia DR3 3189432444744896512",0
"TOI-941","TOI-941 b",,,"TIC 408137826","Gaia DR2 3240852613549269760","Gaia DR3 3240852617846876416",0
"TOI-942","TOI-942 b",,,"TIC 146520535","Gaia DR2 2974906868489280768","Gaia DR3 2974906868489280768",0
"TOI-942","TOI-942 c",,,"TIC 146520535","Gaia DR2 2974906868489280768","Gaia DR3 2974906868489280768",0
"TOI-954","TOI-954 b",,,"TIC 44792534","Gaia DR2 4890874702443960832","Gaia DR3 4890874702443960832",0
"TOI-969","TOI-969 b",,,"TIC 280437559","Gaia DR2 3087206553745290624","Gaia DR3 3087206553745290624",0
"TOI-969","TOI-969 c",,,"TIC 280437559","Gaia DR2 3087206553745290624","Gaia DR3 3087206553745290624",0
"TRAPPIST-1","TRAPPIST-1 b",,,"TIC 278892590","Gaia DR2 2635476908753563008","Gaia DR3 2635476908753563008",0
"TRAPPIST-1","TRAPPIST-1 c",,,"TIC 278892590","Gaia DR2 2635476908753563008","Gaia DR3 2635476908753563008",0
"TRAPPIST-1","TRAPPIST-1 d",,,"TIC 278892590","Gaia DR2 2635476908753563008","Gaia DR3 2635476908753563008",0
"TRAPPIST-1","TRAPPIST-1 e",,,"TIC 278892590","Gaia DR2 2635476908753563008","Gaia DR3 2635476908753563008",0
"TRAPPIST-1","TRAPPIST-1 f",,,"TIC 278892590","Gaia DR2 2635476908753563008","Gaia DR3 2635476908753563008",0
"TRAPPIST-1","TRAPPIST-1 g",,,"TIC 278892590","Gaia DR2 2635476908753563008","Gaia DR3 2635476908753563008",0
"TRAPPIST-1","TRAPPIST-1 h",,,"TIC 278892590","Gaia DR2 2635476908753563008","Gaia DR3 2635476908753563008",0
"TWA 7","TWA 7 b",,,"TIC 54147487","Gaia DR2 5444751795151480320","Gaia DR3 5444751795151480320",0
"TYC 0434-04538-1","TYC 0434-04538-1 b",,,"TIC 398118692","Gaia DR2 4468259369457276672","Gaia DR3 4468259369457276672",0
"TYC 1422-614-1","TYC 1422-614-1 b",,,"TIC 95361265","Gaia DR2 625078240201245568","Gaia DR3 625078240201245568",0
"TYC 1422-614-1","TYC 1422-614-1 c",,,"TIC 95361265","Gaia DR2 625078240201245568","Gaia DR3 625078240201245568",0
"TYC 2187-512-1","TYC 2187-512-1 b",,,"TIC 283031851","Gaia DR2 1791995119082190848","Gaia DR3 1791995119082190848",0
"TYC 3318-01333-1","TYC 3318-01333-1 b",,,"TIC 116376087","Gaia DR2 439327810962983424","Gaia DR3 439327810962983424",0
"TYC 3667-1280-1","TYC 3667-1280-1 b",,,"TIC 312545949","Gaia DR2 424427538624760576","Gaia DR3 424427538624760576",0
"TYC 4282-00605-1","TYC 4282-00605-1 b",,,"TIC 13105061","Gaia DR2 2207199228316679808","Gaia DR3 2207199228316679808",0
"TYC 8998-760-1","TYC 8998-760-1 b",,,"TIC 449888653","Gaia DR2 5864061893213196032","Gaia DR3 5864061893213196032",0
"TYC 8998-760-1","TYC 8998-760-1 c",,,"TIC 449888653","Gaia DR2 5864061893213196032","Gaia DR3 5864061893213196032",0
"Teegarden's Star","Teegarden's Star b",,,"TIC 257870150","Gaia DR2 35227046884571776","Gaia DR3 35227046884571776",0
"Teegarden's Star","Teegarden's Star c",,,"TIC 257870150","Gaia DR2 35227046884571776","Gaia DR3 35227046884571776",0
"Teegarden's Star","Teegarden's Star d",,,"TIC 257870150","Gaia DR2 35227046884571776","Gaia DR3 35227046884571776",0
"TrES-1","TrES-1 b",,,"TIC 120757718","Gaia DR2 2098964849867337856","Gaia DR3 2098964849867337856",0
"TrES-2","TrES-2 b",,,"TIC 399860444","Gaia DR2 2131314401800665344","Gaia DR3 2131314401800665344",0
"TrES-3","TrES-3 b",,,"TIC 116264089","Gaia DR2 4609131509318715136","Gaia DR3 4609131509318715136",0
"TrES-4","TrES-4 b",,,"TIC 159742538","Gaia DR2 4609062308806929152","Gaia DR3 4609062308806929152",0
"TrES-5","TrES-5 b",,,"TIC 233948455","Gaia DR2 2188601779406152448","Gaia DR3 2188601779406152448",0
"UCAC3 113-933","UCAC3 113-933 b",,,"TIC 63726082","Gaia DR2 2315343240650059520","Gaia DR3 2315343240650059520",0
"UCAC4 328-061594","UCAC4 328-061594 b",,,"TIC 168071263","Gaia DR2 5473389537569200896","Gaia DR3 5473389537569200896",0
"UKIRT-2017-BLG-001L","UKIRT-2017-BLG-001L b",,,,,,0
"USco CTIO 108","USco CTIO 108 b",,,"TIC 48666170","Gaia DR2 6249068843209158784","Gaia DR3 6249068843209158784",0
"USco1556 A","USco1556 b",,,"TIC 77534376","Gaia DR2 6235663460003427200","Gaia DR3 6235663460003427200",0
"USco1621 A","USco1621 b",,,"TIC 322928241","Gaia DR2 6048608906890968960","Gaia DR3 6048608906890968960",0
"UZ For","UZ For b",,,"TIC 144622139","Gaia DR2 5084805635638179584","Gaia DR3 5084805635638179584",1
"UZ For","UZ For c",,,"TIC 144622139","Gaia DR2 5084805635638179584","Gaia DR3 5084805635638179584",1
"V0391 Peg","V0391 Peg b",,,"TIC 397595169","Gaia DR2 1891930796082743680","Gaia DR3 1891930796082743680",0
"V1298 Tau","V1298 Tau b",,,"TIC 15756231","Gaia DR2 51886335968692480","Gaia DR3 51886335968692480",0
"V1298 Tau","V1298 Tau c",,,"TIC 15756231","Gaia DR2 51886335968692480","Gaia DR3 51886335968692480",0
"V1298 Tau","V1298 Tau d",,,"TIC 15756231","Gaia DR2 51886335968692480","Gaia DR3 51886335968692480",0
"V1298 Tau","V1298 Tau e",,,"TIC 15756231","Gaia DR2 51886335968692480","Gaia DR3 51886335968692480",0
"V2376 Ori","V2376 Ori b",,,"TIC 427394299","Gaia DR2 3017365673931541376","Gaia DR3 3017365673931541376",0
"V830 Tau","V830 Tau b",,,"TIC 268397995","Gaia DR2 147831571737487488","Gaia DR3 147831571737487488",0
"VHS J125601.92-125723.9","VHS J125601.92-125723.9 b",,,"TIC 2470992","Gaia DR2 3526198184723289472","Gaia DR3 3526198184723289472",1
"WASP-1","WASP-1 b",,,"TIC 57984377","Gaia DR2 2862548428079638912","Gaia DR3 2862548428079638912",0
"WASP-10","WASP-10 b",,,"TIC 431701493","Gaia DR2 1909762228985058944","Gaia DR3 1909762228985058944",0
"WASP-100","WASP-100 b",,,"TIC 38846515","Gaia DR2 4675352109658261376","Gaia DR3 4675352109659600000",0
"WASP-101","WASP-101 b",,,"TIC 47911178","Gaia DR2 2924661867160818304","Gaia DR3 2924661867160818304",0
"WASP-102","WASP-102 b",,,"TIC 51637609",,,0
"WASP-103","WASP-103 b",,,"TIC 276754403","Gaia DR2 4439085988769170432","Gaia DR3 4439085988769170432",0
"WASP-104","WASP-104 b",,,"TIC 393495970","Gaia DR2 3868603216762016256","Gaia DR3 3868603216762016256",0
"WASP-105","WASP-105 b",,,"TIC 158623531","Gaia DR2 4917441922731087488","Gaia DR3 4917441922731087488",0
"WASP-106","WASP-106 b",,,"TIC 53189332","Gaia DR2 3788394461991295488","Gaia DR3 3788394461991295488",0
"WASP-107","WASP-107 b",,,"TIC 429302040","Gaia DR2 3578638842054261248","Gaia DR3 3578638842054261248",0
"WASP-107","WASP-107 c",,,"TIC 429302040","Gaia DR2 3578638842054261248","Gaia DR3 3578638842054261248",0
"WASP-108","WASP-108 b",,,"TIC 404340025","Gaia DR2 6084610490990144512","Gaia DR3 6084610486697803008",0
"WASP-11","WASP-11 b",,,"TIC 85593751","Gaia DR2 123376685084303360","Gaia DR3 123376685084303360",0
"WASP-110","WASP-110 b",,,"TIC 425817867","Gaia DR2 6678937478314860160","Gaia DR3 6678937478314860160",0
"WASP-113","WASP-113 b",,,"TIC 310003988","Gaia DR2 1587399232335653760","Gaia DR3 1587399232335653760",0
"WASP-114","WASP-114 b",,,"TIC 466390120","Gaia DR2 2726339892542980864","Gaia DR3 2726339892542980864",0
"WASP-116","WASP-116 b",,,"TIC 332911893","Gaia DR2 2493785078665571200","Gaia DR3 2493785078665571200",0
"WASP-117","WASP-117 b",,,"TIC 166739520","Gaia DR2 4746157737910069888","Gaia DR3 4746157737910069888",0
"WASP-118","WASP-118 b",,,"TIC 380907135","Gaia DR2 2562569564026683520","Gaia DR3 2562569564026683520",0
"WASP-119","WASP-119 b",,,"TIC 388104525","Gaia DR2 4672607178880426624","Gaia DR3 4672607178880426624",0
"WASP-12","WASP-12 b",,,"TIC 86396382","Gaia DR2 3435282862461427072","Gaia DR3 3435282862461427072",0
"WASP-120","WASP-120 b",,,"TIC 152476657","Gaia DR2 4837286842167819776","Gaia DR3 4837286842168217088",0
"WASP-121","WASP-121 b",,,"TIC 22529346","Gaia DR2 5565050255701441664","Gaia DR3 5565050255701441664",0
"WASP-123","WASP-123 b",,,"TIC 31858843","Gaia DR2 6756148659453907200","Gaia DR3 6756148659453907200",0
"WASP-124","WASP-124 b",,,"TIC 97409519","Gaia DR2 6614751532833886464","Gaia DR3 6614751532833886464",0
"WASP-126","WASP-126 b",,,"TIC 25155310","Gaia DR2 4666498154837086208","Gaia DR3 4666498154837086208",0
"WASP-127","WASP-127 b",,,"TIC 169226822","Gaia DR2 3778075717162985600","Gaia DR3 3778075717162985600",0
"WASP-129","WASP-129 b",,,"TIC 61538902","Gaia DR2 5380888758195682944","Gaia DR3 5380888758195682944",0
"WASP-13","WASP-13 b",,,"TIC 8767448","Gaia DR2 702295464353437952","Gaia DR3 702295464353437952",0
"WASP-130","WASP-130 b",,,"TIC 243200602","Gaia DR2 6112606840179716096","Gaia DR3 6112606840179716096",0
"WASP-131","WASP-131 b",,,"TIC 271168962","Gaia DR2 6173451477191225984","Gaia DR3 6173451477191225984",0
"WASP-132","WASP-132 b",,,"TIC 127530399","Gaia DR2 6099012478412247296","Gaia DR3 6099012478412247296",0
"WASP-132","WASP-132 c",,,"TIC 127530399","Gaia DR2 6099012478412247296","Gaia DR3 6099012478412247296",0
"WASP-132","WASP-132 d",,,"TIC 127530399","Gaia DR2 6099012478412247296","Gaia DR3 6099012478412247296",0
"WASP-133","WASP-133 b",,,"TIC 92449173","Gaia DR2 6778662809294560896","Gaia DR3 6778662809294560896",0
"WASP-135","WASP-135 b",,,"TIC 308172249","Gaia DR2 4596481632339898240","Gaia DR3 4596481632339898240",0
"WASP-136","WASP-136 b",,,"TIC 176220787","Gaia DR2 2441013811932929280","Gaia DR3 2441013811932929280",0
"WASP-138","WASP-138 b",,,"TIC 35857242","Gaia DR2 2498515516990171392","Gaia DR3 2498515516990171392",0
"WASP-139","WASP-139 b",,,"TIC 159951311","Gaia DR2 4851398799032507776","Gaia DR3 4851398799032507776",0
"WASP-14","WASP-14 b",,,"TIC 347430350","Gaia DR2 1242084170974175232","Gaia DR3 1242084170974175232",0
"WASP-140","WASP-140 b",,,"TIC 178284730","Gaia DR2 5094154336330994688","Gaia DR3 5094154336332482304",0
"WASP-141","WASP-141 b",,,"TIC 117979897","Gaia DR2 2980392087185289216","Gaia DR3 2980392087185289216",0
"WASP-142","WASP-142 b",,,"TIC 423275733","Gaia DR2 5674618444832114304","Gaia DR3 5674618444832114304",0
"WASP-144","WASP-144 b",,,"TIC 207077681","Gaia DR2 6582435924022652672","Gaia DR3 6582435924022652672",0
"WASP-145 A","WASP-145 A b",,,"TIC 381856447","Gaia DR2 6458529931463278848","Gaia DR3 6458529931463278848",0
"WASP-147","WASP-147 b",,,"TIC 114749636","Gaia DR2 2340919358581488768","Gaia DR3 2340919358581488768",0
"WASP-148","WASP-148 b",,,"TIC 115524421","Gaia DR2 1358355738906114816","Gaia DR3 1358355738906114816",0
"WASP-148","WASP-148 c",,,"TIC 115524421","Gaia DR2 1358355738906114816","Gaia DR3 1358355738906114816",0
"WASP-149","WASP-149 b",,,"TIC 19342878",,,0
"WASP-15","WASP-15 b",,,"TIC 111991770","Gaia DR2 6171009049549197824","Gaia DR3 6171009049549197824",0
"WASP-150","WASP-150 b",,,"TIC 321668398","Gaia DR2 1416731285125373184","Gaia DR3 1416731285125373184",0
"WASP-151","WASP-151 b",,,"TIC 262662119","Gaia DR2 2657135741633337088","Gaia DR3 2657135741633337088",0
"WASP-153","WASP-153 b",,,"TIC 157586003","Gaia DR2 2110106372987465216","Gaia DR3 2110106372987465216",0
"WASP-154","WASP-154 b",,,"TIC 857186","Gaia DR2 2618260274650146048","Gaia DR3 2618260274650146048",0
"WASP-155","WASP-155 b",,,"TIC 100909102",,,0
"WASP-156","WASP-156 b",,,"TIC 270380593","Gaia DR2 2514360548993901312","Gaia DR3 2514360548993901312",0
"WASP-157","WASP-157 b",,,"TIC 179012583","Gaia DR2 3630269399833507200","Gaia DR3 3630269399833507200",0
"WASP-158","WASP-158 b",,,"TIC 37718056","Gaia DR2 2424621502311961344","Gaia DR3 2424621502311961344",0
"WASP-159","WASP-159 b",,,"TIC 77156657","Gaia DR2 4864759888238232320","Gaia DR3 4864759888238232320",0
"WASP-16","WASP-16 b",,,"TIC 46096489","Gaia DR2 6283723285046532864","Gaia DR3 6283723285046532864",0
"WASP-160 B","WASP-160 B b",,,"TIC 32949762","Gaia DR2 2910755484609597312","Gaia DR3 2910755484609597312",0
"WASP-161","WASP-161 b",,,"TIC 50712784","Gaia DR2 5751177095877066496","Gaia DR3 5751177095877066496",0
"WASP-162","WASP-162 b",,,"TIC 308098254","Gaia DR2 3558354604869150208","Gaia DR3 3558354604869150208",0
"WASP-163","WASP-163 b",,,"TIC 145368316","Gaia DR2 4334991786994866304","Gaia DR3 4334991786994866304",0
"WASP-164","WASP-164 b",,,"TIC 237320326","Gaia DR2 6491038642006989056","Gaia DR3 6491038642006989056",0
"WASP-165","WASP-165 b",,,"TIC 228381868","Gaia DR2 2415410962124813056","Gaia DR3 2415410962124813056",0
"WASP-166","WASP-166 b",,,"TIC 408310006","Gaia DR2 5664957444179338240","Gaia DR3 5664957444179338240",0
"WASP-167","WASP-167 b",,,"TIC 104024556","Gaia DR2 6154982877299042944","Gaia DR3 6154982877300947840",0
"WASP-168","WASP-168 b",,,"TIC 232038798","Gaia DR2 5555500000779464448","Gaia DR3 5555500000779464448",0
"WASP-169","WASP-169 b",,,"TIC 386259537","Gaia DR2 5723772524469252096","Gaia DR3 5723772524469252096",0
"WASP-17","WASP-17 b",,,"TIC 66818296","Gaia DR2 6042793005779654656","Gaia DR3 6042793005779654656",0
"WASP-170","WASP-170 b",,,"TIC 118956453","Gaia DR2 5656184406542140032","Gaia DR3 5656184406542140032",0
"WASP-171","WASP-171 b",,,"TIC 162922904","Gaia DR2 5376137837173646208","Gaia DR3 5376137837173646208",0
"WASP-172","WASP-172 b",,,"TIC 453789494","Gaia DR2 6086712585429729536","Gaia DR3 6086712585429729536",0
"WASP-173 A","WASP-173 A b",,,"TIC 77031414","Gaia DR2 2323985539482908416","Gaia DR3 2323985539482908416",0
"WASP-174","WASP-174 b",,,"TIC 102192004","Gaia DR2 6139403450370668800","Gaia DR3 6139403450370668800",0
"WASP-175","WASP-175 b",,,"TIC 448589187","Gaia DR2 5401743332678544640","Gaia DR3 5401743332678544640",0
"WASP-176","WASP-176 b",,,"TIC 375942197","Gaia DR2 1750321012752775040","Gaia DR3 1750321012752775040",0
"WASP-177","WASP-177 b",,,"TIC 439842788","Gaia DR2 2677447294810845824","Gaia DR3 2677447294810845824",0
"WASP-178","WASP-178 b","HD 134004",,"TIC 160708862","Gaia DR2 6003809889735481856","Gaia DR3 6003809889735481856",0
"WASP-18","WASP-18 b","HD 10069","HIP 7562","TIC 100100827","Gaia DR2 4955371367334610048","Gaia DR3 4955371367334610048",0
"WASP-180 A","WASP-180 A b",,,"TIC 178367144","Gaia DR2 3070964117005132416","Gaia DR3 3070964117005132416",0
"WASP-181","WASP-181 b",,,"TIC 293457754","Gaia DR2 2512413932376364288","Gaia DR3 2512413932376364288",0
"WASP-182","WASP-182 b",,,"TIC 369455629","Gaia DR2 6677909439240233472","Gaia DR3 6677909439240233472",0
"WASP-183","WASP-183 b",,,"TIC 14344979","Gaia DR2 3803004978659671040","Gaia DR3 3803004978659671040",0
"WASP-184","WASP-184 b",,,"TIC 112099249","Gaia DR2 6173435259395017344","Gaia DR3 6173435259395017344",0
"WASP-185","WASP-185 b",,,"TIC 46020827","Gaia DR2 6284007337003799552","Gaia DR3 6284007337003799552",0
"WASP-186","WASP-186 b",,,"TIC 411608801","Gaia DR2 2790691147020786816","Gaia DR3 2790691147020786816",0
"WASP-187","WASP-187 b",,,"TIC 15692883","Gaia DR2 306410392895767680","Gaia DR3 306410392895767680",0
"WASP-188","WASP-188 b",,,"TIC 289574465","Gaia DR2 2095929368839731072","Gaia DR3 2095929368839731072",0
"WASP-189","WASP-189 b","HD 133112","HIP 73608","TIC 157910432","Gaia DR2 6339097679918871168","Gaia DR3 6339097679918871168",0
"WASP-19","WASP-19 b",,,"TIC 35516889","Gaia DR2 5411736896952029568","Gaia DR3 5411736896952029568",0
"WASP-190","WASP-190 b",,,"TIC 116156517","Gaia DR2 4994237247949280000","Gaia DR3 4994237247949280000",0
"WASP-192","WASP-192 b",,,"TIC 160578764","Gaia DR2 6198312362812872320","Gaia DR3 6198312362812872320",0
"WASP-193","WASP-193 b",,,"TIC 49043968","Gaia DR2 5453063823882876032","Gaia DR3 5453063823882876032",0
"WASP-194","WASP-194 b",,,"TIC 400432230","Gaia DR2 2139082524468869248","Gaia DR3 2139082524468869248",0
"WASP-195","WASP-195 b",,,"TIC 232567319","Gaia DR2 1411707818360668416","Gaia DR3 1411707818360668416",0
"WASP-197","WASP-197 b",,,"TIC 85266608","Gaia DR2 734156218947945216","Gaia DR3 734156218947945216",0
"WASP-2","WASP-2 b",,,"TIC 374530847","Gaia DR2 1748596020745038208","Gaia DR3 1748596020745038208",0
"WASP-20","WASP-20 b",,,"TIC 211438925","Gaia DR2 2359978293136820864","Gaia DR3 2359978293137038720",0
"WASP-21","WASP-21 b",,,"TIC 436478932","Gaia DR2 2831084391023184128","Gaia DR3 2831084391023184128",0
"WASP-22","WASP-22 b",,,"TIC 257567854","Gaia DR2 5086537022856406272","Gaia DR3 5086537022856406272",0
"WASP-23","WASP-23 b",,,"TIC 170102285","Gaia DR2 5557345496687437696","Gaia DR3 5557345496687437696",0
"WASP-24","WASP-24 b",,,"TIC 460396820","Gaia DR2 1153682508388170112","Gaia DR3 1153682508388170112",0
"WASP-25","WASP-25 b",,,"TIC 229047362","Gaia DR2 6186950525042445824","Gaia DR3 6186950525042445824",0
"WASP-26","WASP-26 b",,,"TIC 32487566","Gaia DR2 2416782701664155008","Gaia DR3 2416782701664155008",0
"WASP-28","WASP-28 b",,,"TIC 398572544","Gaia DR2 2641087471777046016","Gaia DR3 2641087471777046016",0
"WASP-29","WASP-29 b",,,"TIC 183537452","Gaia DR2 6534414719318224512","Gaia DR3 6534414719318886144",0
"WASP-3","WASP-3 b",,,"TIC 27848472","Gaia DR2 2095108312831835648","Gaia DR3 2095108312831835648",0
"WASP-31","WASP-31 b",,,"TIC 437248515","Gaia DR2 3545873945303316224","Gaia DR3 3545873945303316224",0
"WASP-32","WASP-32 b",,,"TIC 427332229","Gaia DR2 2546413408888429696","Gaia DR3 2546413408888429696",0
"WASP-33","WASP-33 b","HD 15082","HIP 11397","TIC 129979528","Gaia DR2 328636019723252096","Gaia DR3 328636019723252096",0
"WASP-34","WASP-34 b",,,"TIC 437242640","Gaia DR2 3537110833333561728","Gaia DR3 3537110837630877568",0
"WASP-35","WASP-35 b",,,"TIC 43647325","Gaia DR2 3211188618762023424","Gaia DR3 3211188618762023424",0
"WASP-36","WASP-36 b",,,"TIC 13349647","Gaia DR2 5750936092375254016","Gaia DR3 5750936092375254016",0
"WASP-37","WASP-37 b",,,"TIC 368805700","Gaia DR2 3652176997218325888","Gaia DR3 3652176997218325888",0
"WASP-38","WASP-38 b","HD 146389",,"TIC 318696424","Gaia DR2 4453211899986180352","Gaia DR3 4453211899986180352",0
"WASP-39","WASP-39 b",,,"TIC 181949561","Gaia DR2 3643098875168270592","Gaia DR3 3643098875168270592",0
"WASP-4","WASP-4 b",,,"TIC 402026209","Gaia DR2 6535499658122055552","Gaia DR3 6535499658122055552",0
"WASP-41","WASP-41 b",,,"TIC 398943781","Gaia DR2 6160877943251930368","Gaia DR3 6160877943251930368",0
"WASP-41","WASP-41 c",,,"TIC 398943781","Gaia DR2 6160877943251930368","Gaia DR3 6160877943251930368",0
"WASP-42","WASP-42 b",,,"TIC 248075138","Gaia DR2 6139698733664726784","Gaia DR3 6139698733664726784",0
"WASP-43","WASP-43 b",,,"TIC 36734222","Gaia DR2 3767805209112436736","Gaia DR3 3767805209112436736",0
"WASP-44","WASP-44 b",,,"TIC 12862099","Gaia DR2 2424406513428936832","Gaia DR3 2424406513428936832",0
"WASP-45","WASP-45 b",,,"TIC 120610833","Gaia DR2 2308834780352875904","Gaia DR3 2308834780352875904",0
"WASP-46","WASP-46 b",,,"TIC 231663901","Gaia DR2 6462994429708755072","Gaia DR3 6462994429708755072",0
"WASP-47","WASP-47 b",,,"TIC 102264230","Gaia DR2 2613413008919918976","Gaia DR3 2613413008919918976",0
"WASP-47","WASP-47 c",,,"TIC 102264230","Gaia DR2 2613413008919918976","Gaia DR3 2613413008919918976",0
"WASP-47","WASP-47 d",,,"TIC 102264230","Gaia DR2 2613413008919918976","Gaia DR3 2613413008919918976",0
"WASP-47","WASP-47 e",,,"TIC 102264230","Gaia DR2 2613413008919918976","Gaia DR3 2613413008919918976",0
"WASP-48","WASP-48 b",,,"TIC 284475976","Gaia DR2 2141754578242371584","Gaia DR3 2141754578242371584",0
"WASP-49","WASP-49 b",,,"TIC 306362738","Gaia DR2 2991284369063612928","Gaia DR3 2991284369063612928",0
"WASP-5","WASP-5 b",,,"TIC 184240683","Gaia DR2 6533307957785865856","Gaia DR3 6533307957785865856",0
"WASP-50","WASP-50 b",,,"TIC 382391899","Gaia DR2 5160557726183065984","Gaia DR3 5160557726183065984",0
"WASP-52","WASP-52 b",,,"TIC 427685831","Gaia DR2 2666015878575546496","Gaia DR3 2666015878575546496",0
"WASP-53","WASP-53 b",,,"TIC 268766053","Gaia DR2 5136559128264765184","Gaia DR3 5136559128264765184",0
"WASP-53","WASP-53 c",,,"TIC 268766053","Gaia DR2 5136559128264765184","Gaia DR3 5136559128264765184",0
"WASP-54","WASP-54 b",,,"TIC 61098812","Gaia DR2 3661983850663908608","Gaia DR3 3661983850663908608",0
"WASP-55","WASP-55 b",,,"TIC 294301883","Gaia DR2 3603529272750802560","Gaia DR3 3603529272750802560",0
"WASP-56","WASP-56 b",,,"TIC 347329162","Gaia DR2 4001613814138156416","Gaia DR3 4001613814138156416",0
"WASP-57","WASP-57 b",,,"TIC 175772482","Gaia DR2 6340377202215639936","Gaia DR3 6340377202215639936",0
"WASP-58","WASP-58 b",,,"TIC 424435940","Gaia DR2 2115245554756763392","Gaia DR3 2115245554756763392",0
"WASP-59","WASP-59 b",,,"TIC 91051152","Gaia DR2 2841043011433969152","Gaia DR3 2841043011433969152",0
"WASP-6","WASP-6 b",,,"TIC 204376737","Gaia DR2 2385171398768647552","Gaia DR3 2385171398768647552",0
"WASP-60","WASP-60 b",,,"TIC 288246496","Gaia DR2 2868528637464028160","Gaia DR3 2868528637464028160",0
"WASP-61","WASP-61 b",,,"TIC 13021029","Gaia DR2 2959177048983750016","Gaia DR3 2959177048983750016",0
"WASP-62","WASP-62 b",,,"TIC 149603524","Gaia DR2 4756649415309914240","Gaia DR3 4756649415309914240",0
"WASP-63","WASP-63 b",,,"TIC 393414358","Gaia DR2 5574766468155514752","Gaia DR3 5574766468155514752",0
"WASP-64","WASP-64 b",,,"TIC 52640302","Gaia DR2 5583523425437258240","Gaia DR3 5583523425437258240",0
"WASP-65","WASP-65 b",,,"TIC 444013020","Gaia DR2 596931979481073152","Gaia DR3 596931979481073152",0
"WASP-66","WASP-66 b",,,"TIC 53735810","Gaia DR2 5444147952811517696","Gaia DR3 5444147952811517696",0
"WASP-67","WASP-67 b",,,"TIC 68952448","Gaia DR2 6868476691490044672","Gaia DR3 6868476691490044672",0
"WASP-68","WASP-68 b","HD 193334",,"TIC 71841620","Gaia DR2 6860535606196306304","Gaia DR3 6860535606196306304",0
"WASP-69","WASP-69 b",,,"TIC 248853232","Gaia DR2 6910753016653587840","Gaia DR3 6910753016653587840",0
"WASP-7","WASP-7 b","HD 197286",,"TIC 389352124","Gaia DR2 6681720724498802176","Gaia DR3 6681720724498802176",0
"WASP-70 A","WASP-70 A b","HD 358155",,"TIC 442530946","Gaia DR2 6888469489370835840","Gaia DR3 6888469489370835840",0
"WASP-71","WASP-71 b",,,"TIC 422655579","Gaia DR2 2507901914613005056","Gaia DR3 2507901914613201024",0
"WASP-72","WASP-72 b",,,"TIC 122612091","Gaia DR2 5065640460769428224","Gaia DR3 5065640460769428224",0
"WASP-73","WASP-73 b","HD 202678",,"TIC 231670397","Gaia DR2 6453566701615683456","Gaia DR3 6453566701615683456",0
"WASP-74","WASP-74 b",,,"TIC 244089109","Gaia DR2 4224062406762625152","Gaia DR3 4224062406762625152",0
"WASP-75","WASP-75 b",,,"TIC 36592530","Gaia DR2 2605161444735454464","Gaia DR3 2605161444735454464",0
"WASP-76","WASP-76 b",,,"TIC 293435336","Gaia DR2 2512326349403275520","Gaia DR3 2512326349403275520",0
"WASP-77 A","WASP-77 A b",,,"TIC 1129033","Gaia DR2 5178405479960844160","Gaia DR3 5178405479961698048",0
"WASP-78","WASP-78 b",,,"TIC 139528693","Gaia DR2 5089851638095503616","Gaia DR3 5089851638095503616",0
"WASP-79","WASP-79 b",,,"TIC 170634116","Gaia DR2 4884779765893739904","Gaia DR3 4884779765893739904",0
"WASP-8","WASP-8 b",,,"TIC 183532609","Gaia DR2 2312679845530628096","Gaia DR3 2312679845530628096",0
"WASP-8","WASP-8 c",,,"TIC 183532609","Gaia DR2 2312679845530628096","Gaia DR3 2312679845530628096",0
"WASP-80","WASP-80 b",,,"TIC 243921117","Gaia DR2 4223507222112425344","Gaia DR3 4223507222112425344",0
"WASP-81","WASP-81 b",,,"TIC 399402994","Gaia DR2 4244243354278985472","Gaia DR3 4244243354278985472",0
"WASP-82","WASP-82 b",,,"TIC 452808876","Gaia DR2 3231856379348299008","Gaia DR3 3231856379348299008",0
"WASP-83","WASP-83 b",,,"TIC 286865921","Gaia DR2 3515865416826633984","Gaia DR3 3515865416826633984",0
"WASP-84","WASP-84 b",,,"TIC 350293646","Gaia DR2 3078836109158636928","Gaia DR3 3078836109158636928",0
"WASP-84","WASP-84 c",,,"TIC 350293646","Gaia DR2 3078836109158636928","Gaia DR3 3078836109158636928",0
"WASP-85 A","WASP-85 A b",,,"TIC 380619414","Gaia DR2 3909745223886018432","Gaia DR3 3909745223886018432",0
"WASP-87","WASP-87 b",,,"TIC 15445551","Gaia DR2 6077185317188247936","Gaia DR3 6077185317188247936",0
"WASP-88","WASP-88 b",,,"TIC 100566492","Gaia DR2 6482103014085857024","Gaia DR3 6482103014085857024",0
"WASP-89","WASP-89 b",,,"TIC 77202722","Gaia DR2 6857756246957592320","Gaia DR3 6857756246957592320",0
"WASP-90","WASP-90 b",,,"TIC 459730973","Gaia DR2 1737061349198867456","Gaia DR3 1737061349198867456",0
"WASP-91","WASP-91 b",,,"TIC 238176110","Gaia DR2 6386751579018596864","Gaia DR3 6386751579018596864",0
"WASP-92","WASP-92 b",,,"TIC 162689341","Gaia DR2 1424011082893734272","Gaia DR3 1424011082893734272",0
"WASP-93","WASP-93 b",,,"TIC 240681314","Gaia DR2 415703635408772480","Gaia DR3 415703635408772480",0
"WASP-94 A","WASP-94 A b",,,"TIC 92352620","Gaia DR2 6780546169633475456","Gaia DR3 6780546169634170496",0
"WASP-94 B","WASP-94 B b",,,"TIC 92352621","Gaia DR2 6780546169633474944","Gaia DR3 6780546169633474944",0
"WASP-95","WASP-95 b",,,"TIC 144065872","Gaia DR2 6518399301667782016","Gaia DR3 6518399301667782016",0
"WASP-96","WASP-96 b",,,"TIC 160148385","Gaia DR2 4990044668377961984","Gaia DR3 4990044668377961984",0
"WASP-97","WASP-97 b",,,"TIC 230982885","Gaia DR2 4911563216311083392","Gaia DR3 4911563216311083392",0
"WASP-98","WASP-98 b",,,"TIC 166833457","Gaia DR2 4859136199796131200","Gaia DR3 4859136199796131200",0
"WASP-99","WASP-99 b",,,"TIC 166836920","Gaia DR2 4745660479479743488","Gaia DR3 4745660479479743488",0
"WD 0806-661","WD 0806-661 b",,,"TIC 306826966","Gaia DR2 5274517467840296832","Gaia DR3 5274517467840296832",0
"WD 1856+534","WD 1856+534 b",,,"TIC 267574918","Gaia DR2 2146576589564898688","Gaia DR3 2146576589564898688",0
"WISE J033605.05-014350.4","WISE J033605.05-014350.4 b",,,,,,0
"WISEP J121756.91+162640.2 A","WISEP J121756.91+162640.2 A b",,,,,,0
"WISPIT 1","WISPIT 1 b",,,"TIC 268764100","Gaia DR2 5517037434775143808","Gaia DR3 5517037434775143808",1
"WISPIT 1","WISPIT 1 c",,,"TIC 268764100","Gaia DR2 5517037434775143808","Gaia DR3 5517037434775143808",1
"WISPIT 2","WISPIT 2 b",,,"TIC 98898373","Gaia DR2 4207586980945067648","Gaia DR3 4207586980945067648",0
"WISPIT 2","WISPIT 2 c",,,"TIC 98898373","Gaia DR2 4207586980945067648","Gaia DR3 4207586980945067648",0
"WTS-1","WTS-1 b",,,"TIC 138488806","Gaia DR2 2048464796206336896","Gaia DR3 2048464796210957440",0
"WTS-2","WTS-2 b",,,"TIC 138359318","Gaia DR2 2048563889694771200","Gaia DR3 2048563889694771200",0
"Wendelstein-1","Wendelstein-1 b",,,"TIC 75262942","Gaia DR2 1820530778750452096","Gaia DR3 1820530778750452096",0
"Wendelstein-2","Wendelstein-2 b",,,"TIC 209752908","Gaia DR2 1820764455009323392","Gaia DR3 1820764455009323392",0
"Wolf 1061","Wolf 1061 b",,"HIP 80824","TIC 413948621","Gaia DR2 4330690742322011520","Gaia DR3 4330690742322011520",0
"Wolf 1061","Wolf 1061 c",,"HIP 80824","TIC 413948621","Gaia DR2 4330690742322011520","Gaia DR3 4330690742322011520",0
"Wolf 1061","Wolf 1061 d",,"HIP 80824","TIC 413948621","Gaia DR2 4330690742322011520","Gaia DR3 4330690742322011520",0
"Wolf 1069","Wolf 1069 b",,,"TIC 352617553","Gaia DR2 2188318517720321664","Gaia DR3 2188318517720321664",0
"Wolf 327","Wolf 327 b",,,"TIC 4918918","Gaia DR2 796185407950360192","Gaia DR3 796185407950360192",0
"Wolf 503","Wolf 503 b",,"HIP 67285","TIC 187278212","Gaia DR2 3620325206217720320","Gaia DR3 3620325206217720320",0
"XO-1","XO-1 b",,,"TIC 236312126","Gaia DR2 1316708918505350528","Gaia DR3 1316708918505350528",0
"XO-2 N","XO-2 N b",,,"TIC 356473034","Gaia DR2 934346809278715776","Gaia DR3 934346809278715776",0
"XO-2 S","XO-2 S b",,,"TIC 356473029","Gaia DR2 934346740559239296","Gaia DR3 934346740559239296",0
"XO-2 S","XO-2 S c",,,"TIC 356473029","Gaia DR2 934346740559239296","Gaia DR3 934346740559239296",0
"XO-2 S","XO-2 S d",,,"TIC 356473029","Gaia DR2 934346740559239296","Gaia DR3 934346740559239296",0
"XO-3","XO-3 b",,,"TIC 8400842","Gaia DR2 470650560777348352","Gaia DR3 470650560779277952",0
"XO-4","XO-4 b",,,"TIC 51234631","Gaia DR2 990291507088739072","Gaia DR3 990291507088739072",0
"XO-5","XO-5 b",,,"TIC 9155187","Gaia DR2 920308932010648448","Gaia DR3 920308932010648448",0
"XO-6","XO-6 b",,,"TIC 138168780","Gaia DR2 1114308481600798336","Gaia DR3 1114308481603347584",0
"XO-7","XO-7 b",,,"TIC 268403451","Gaia DR2 2303332931542914048","Gaia DR3 2303332931542914048",0
"YZ Cet","YZ Cet b",,"HIP 5643","TIC 439403362","Gaia DR2 2358524597030794112","Gaia DR3 2358524597030794112",0
"YZ Cet","YZ Cet c",,"HIP 5643","TIC 439403362","Gaia DR2 2358524597030794112","Gaia DR3 2358524597030794112",0
"YZ Cet","YZ Cet d",,"HIP 5643","TIC 439403362","Gaia DR2 2358524597030794112","Gaia DR3 2358524597030794112",0
"ZTF J1230-2655","ZTF J1230-2655 b",,,"TIC 951438622","Gaia DR2 3475360576690175616","Gaia DR3 3475360576690175616",0
"ZTF J1828+2308","ZTF J1828+2308 b",,,"TIC 1685332572","Gaia DR2 4529477698683435264","Gaia DR3 4529477698683435264",0
"alf Ari","alf Ari b","HD 12929","HIP 9884","TIC 306349516",,,0
"alf Tau","alf Tau b","HD 29139","HIP 21421","TIC 245873777",,,0
"b Cen A","b Cen AB b",,,"TIC 159589603","Gaia DR2 6105713692543053056","Gaia DR3 6105713692544123520",1
"bet Cnc","bet Cnc b","HD 69267","HIP 40526","TIC 458582777","Gaia DR2 3098404220677760512","Gaia DR3 3098404220680931968",0
"bet Pic","bet Pic b","HD 39060","HIP 27321","TIC 270577175","Gaia DR2 4792774797545105664","Gaia DR3 4792774797545800832",0
"bet Pic","bet Pic c","HD 39060","HIP 27321","TIC 270577175","Gaia DR2 4792774797545105664","Gaia DR3 4792774797545800832",0
"bet Pic","bet Pic d","HD 39060","HIP 27321","TIC 270577175","Gaia DR2 4792774797545105664","Gaia DR3 4792774797545800832",0
"bet UMi","bet UMi b","HD 131873","HIP 72607","TIC 229540730",,,0
"eps CrB","eps CrB b","HD 143107","HIP 78159","TIC 356000102","Gaia DR2 1220404653534258816","Gaia DR3 1220404653534258816",0
"eps Eri","eps Eri b","HD 22049","HIP 16537","TIC 118572803","Gaia DR2 5164707970261630080","Gaia DR3 5164707970261890560",0
"eps Ind A","eps Ind A b","HD 209100","HIP 108870","TIC 231698181","Gaia DR2 6412595290592307840","Gaia DR3 6412595290592307840",0
"eps Tau","eps Tau b","HD 28305","HIP 20889","TIC 17554529","Gaia DR2 48026706557926528","Gaia DR3 48026706558487040",0
"gam Cep","gam Cep b","HD 222404","HIP 116727","TIC 367912480","Gaia DR2 2281778105591104768","Gaia DR3 2281778105594488192",0
"gam Lib","gam Lib b","HD 138905","HIP 76333","TIC 386935627","Gaia DR2 6265374394490149248","Gaia DR3 6265374394490973184",0
"gam Lib","gam Lib c","HD 138905","HIP 76333","TIC 386935627","Gaia DR2 6265374394490149248","Gaia DR3 6265374394490973184",0
"gam Psc","gam Psc b",,,"TIC 262691761","Gaia DR2 2658974606110545536","Gaia DR3 2658974606111711488",0
"gam1 Leo","gam1 Leo b","HD 89484","HIP 50583 A","TIC 95431294",,,0
"iot Dra","iot Dra b","HD 137759","HIP 75458","TIC 165722603","Gaia DR2 1614731957530945280","Gaia DR3 1614731957531452544",0
"iot Dra","iot Dra c","HD 137759","HIP 75458","TIC 165722603","Gaia DR2 1614731957530945280","Gaia DR3 1614731957531452544",0
"kap And","kap And b","HD 222439","HIP 116805","TIC 176945734","Gaia DR2 1926476042677456768","Gaia DR3 1926476042681491712",0
"kap CrB","kap CrB b","HD 142091","HIP 77655","TIC 334753043","Gaia DR2 1372702716380418688","Gaia DR3 1372702716380418688",0
"mu Leo","mu Leo b","HD 85503","HIP 48455","TIC 82204610","Gaia DR2 643819484616249984","Gaia DR3 643819484617141504",0
"mu2 Sco","mu2 Sco b","HD 151985",,"TIC 338105219","Gaia DR2 5971244451257058176","Gaia DR3 5971244451311982336",0
"nu Oct A","nu Oct A b","HD 205478","HIP 107089","TIC 352542468","Gaia DR2 6356375508717699584",,0
"nu Oph","nu Oph b","HD 163917","HIP 88048","TIC 9815387","Gaia DR2 4164319171169516160","Gaia DR3 4164319171172759040",0
"nu Oph","nu Oph c","HD 163917","HIP 88048","TIC 9815387","Gaia DR2 4164319171169516160","Gaia DR3 4164319171172759040",0
"ome Ser","ome Ser b","HD 141680","HIP 77578","TIC 272677041","Gaia DR2 4423234230853333632","Gaia DR3 4423234230853333632",0
"omi CrB","omi CrB b","HD 136512","HIP 75049","TIC 357502856","Gaia DR2 1275235752223276288","Gaia DR3 1275235752223276288",0
"omi UMa","omi UMa b","HD 71369","HIP 41704","TIC 73416947","Gaia DR2 1041808368494264576","Gaia DR3 1041808368494264576",0
"HD 39091","pi Men c","HD 39091","HIP 26394","TIC 261136679","Gaia DR2 4623036865373793408","Gaia DR3 4623036865373793408",0
"HD 39091","pi Men d","HD 39091","HIP 26394","TIC 261136679","Gaia DR2 4623036865373793408","Gaia DR3 4623036865373793408",0
"psi1 Dra B","psi1 Dra B b","HD 162004","HIP 86620","TIC 441804565","Gaia DR2 1651268763281885952","Gaia DR3 1651268763282397312",0
"rho CrB","rho CrB b","HD 143761","HIP 78459","TIC 458494003","Gaia DR2 1323427759184545536","Gaia DR3 1323427759184545536",0
"rho CrB","rho CrB c","HD 143761","HIP 78459","TIC 458494003","Gaia DR2 1323427759184545536","Gaia DR3 1323427759184545536",0
"rho CrB","rho CrB e","HD 143761","HIP 78459","TIC 458494003","Gaia DR2 1323427759184545536","Gaia DR3 1323427759184545536",0
"tau Boo","tau Boo b","HD 120136","HIP 67275","TIC 72506701","Gaia DR2 1244571953471006720","Gaia DR3 1244571953471006720",0
"tau Cet","tau Cet f","HD 10700","HIP 8102","TIC 419015728","Gaia DR2 2452378776434276992","Gaia DR3 2452378776434477184",0
"tau Cet","tau Cet g","HD 10700","HIP 8102","TIC 419015728","Gaia DR2 2452378776434276992","Gaia DR3 2452378776434477184",0
"tau Cet","tau Cet h","HD 10700","HIP 8102","TIC 419015728","Gaia DR2 2452378776434276992","Gaia DR3 2452378776434477184",0
"tau Gem","tau Gem b","HD 54719","HIP 34693","TIC 68984421","Gaia DR2 886479673643096448","Gaia DR3 886479673643853952",0
"ups And","ups And b","HD 9826","HIP 7513","TIC 189576919","Gaia DR2 348020448377061376","Gaia DR3 348020482735930112",0
"ups And","ups And c","HD 9826","HIP 7513","TIC 189576919","Gaia DR2 348020448377061376","Gaia DR3 348020482735930112",0
"ups And","ups And d","HD 9826","HIP 7513","TIC 189576919","Gaia DR2 348020448377061376","Gaia DR3 348020482735930112",0
"ups Leo","ups Leo b",,,"TIC 49430557","Gaia DR2 3794167001116433152","Gaia DR3 3794167001116704000",0
"xi Aql","xi Aql b","HD 188310","HIP 97938","TIC 375464367","Gaia DR2 4298361114750843904","Gaia DR3 4298361114753012992",0
