main_id,otype,subtype
* 107 Psc,PM*,*
* 107 Psc,PM*,NIR
* 107 Psc,PM*,PM*
* 107 Psc,PM*,Ro*
* 107 Psc,PM*,UV
* 107 Psc,PM*,V*
* 107 Psc,PM*,MIR
* 107 Psc,PM*,IR
* 107 Psc,PM*,**
* 107 Psc,PM*,*
* 109 Vir,PM*,NIR
* 109 Vir,PM*,X
* 109 Vir,PM*,V*
* 109 Vir,PM*,UV
* 109 Vir,PM*,PM*
* 109 Vir,PM*,IR
* 109 Vir,PM*,*
* 109 Vir,PM*,MIR
*  10 LMi,RS*,V*
*  10 LMi,RS*,*
*  10 LMi,RS*,IR
*  10 LMi,RS*,NIR
*  10 LMi,RS*,RS*
*  10 LMi,RS*,UV
*  10 LMi,RS*,X
*  10 Tau,PM*,MIR
*  10 Tau,PM*,NIR
*  10 Tau,PM*,PM*
*  10 Tau,PM*,UV
*  10 Tau,PM*,IR
*  10 Tau,PM*,*
*  10 Tau,PM*,X
*  10 UMa,SB*,**
*  10 UMa,SB*,*
*  10 UMa,SB*,X
*  10 UMa,SB*,UV
*  10 UMa,SB*,SB*
*  10 UMa,SB*,PM*
*  10 UMa,SB*,NIR
*  10 UMa,SB*,IR
*  11 LMi,RS*,RS*
*  11 LMi,RS*,X
*  11 LMi,RS*,V*
*  11 LMi,RS*,UV
*  11 LMi,RS*,Ro*
*  11 LMi,RS*,PM*
*  11 LMi,RS*,NIR
*  11 LMi,RS*,MIR
*  11 LMi,RS*,IR
*  11 LMi,RS*,**
*  11 LMi,RS*,*
*  11 LMi,RS*,*
*  11 LMi B,PM*,**
*  11 LMi B,PM*,*
*  11 LMi B,PM*,PM*
*  12 Com,SB*,V*
*  12 Com,SB*,X
*  12 Com,SB*,**
*  12 Com,SB*,*
*  12 Com,SB*,*
*  12 Com,SB*,NIR
*  12 Com,SB*,SB*
*  12 Com,SB*,UV
*  12 Oph,BY*,NIR
*  12 Oph,BY*,Ro*
*  12 Oph,BY*,UV
*  12 Oph,BY*,V*
*  12 Oph,BY*,X
*  12 Oph,BY*,*
*  12 Oph,BY*,**
*  12 Oph,BY*,BY*
*  12 Oph,BY*,Er*
*  12 Oph,BY*,IR
*  12 Oph,BY*,MIR
*  12 Oph,BY*,PM*
*  13 Vir,*,NIR
*  13 Vir,*,UV
*  13 Vir,*,*
*  14 Com,*,V*
*  14 Com,*,NIR
*  14 Com,*,UV
*  14 Com,*,*
*  14 Com,*,IR
*  15 Lyn,**,X
*  15 Lyn,**,*
*  15 Lyn,**,**
*  15 Lyn,**,IR
*  15 Lyn,**,NIR
*  15 Lyn,**,PM*
*  15 Lyn,**,UV
*  15 Vul,a2*,PM*
*  15 Vul,a2*,NIR
*  15 Vul,a2*,a2*
*  15 Vul,a2*,IR
*  15 Vul,a2*,*
*  15 Vul,a2*,V*
*  16 Per,dS*,IR
*  16 Per,dS*,NIR
*  16 Per,dS*,V*
*  16 Per,dS*,PM*
*  16 Per,dS*,UV
*  16 Per,dS*,dS*
*  16 Per,dS*,**
*  16 Per,dS*,*
*  16 Tau,*,**
*  16 Tau,*,NIR
*  16 Tau,*,*
*  16 Tau,*,IR
*  16 Tau,*,*
*  16 Tau,*,UV
*  16 Tau,*,V*
*  17 Tau,Be*,NIR
*  17 Tau,Be*,*
*  17 Tau,Be*,*
*  17 Tau,Be*,**
*  17 Tau,Be*,Be*
*  17 Tau,Be*,Em*
*  17 Tau,Be*,IR
*  17 Tau,Be*,PM*
*  17 Tau,Be*,SB*
*  17 Tau,Be*,UV
*  17 Tau,Be*,V*
* 188 Pup,**,*
* 188 Pup,**,UV
* 188 Pup,**,PM*
* 188 Pup,**,NIR
* 188 Pup,**,IR
* 188 Pup,**,**
*   1 Gem,**,V*
*   1 Gem,**,*
*   1 Gem,**,X
*   1 Gem,**,**
*   1 Gem,**,IR
*   1 Gem,**,NIR
*   1 Gem,**,SB*
*   1 Gem,**,UV
*   1 Lac,*,*
*   1 Lac,*,V*
*   1 Lac,*,NIR
*   1 Lac,*,IR
*  20 Crt,PM*,*
*  20 Crt,PM*,IR
*  20 Crt,PM*,MIR
*  20 Crt,PM*,NIR
*  20 Crt,PM*,PM*
*  20 Crt,PM*,**
*  20 Crt B,WD*,WD*
*  20 Crt B,WD*,PM*
*  20 Crt B,WD*,**
*  20 Crt B,WD*,*
*  20 Crt B,WD*,WD?
*  20 Tau,PM*,*
*  20 Tau,PM*,*
*  20 Tau,PM*,**
*  20 Tau,PM*,IR
*  20 Tau,PM*,NIR
*  20 Tau,PM*,PM*
*  20 Tau,PM*,UV
*  20 Tau,PM*,V*
*  20 Tau,PM*,X
*  21 LMi,dS*,MIR
*  21 LMi,dS*,IR
*  21 LMi,dS*,dS*
*  21 LMi,dS*,UV
*  21 LMi,dS*,PM*
*  21 LMi,dS*,V*
*  21 LMi,dS*,NIR
*  21 LMi,dS*,*
*  21 LMi,dS*,*
*  21 Lyn,PM*,NIR
*  21 Lyn,PM*,UV
*  21 Lyn,PM*,PM*
*  21 Lyn,PM*,*
*  21 Lyn,PM*,IR
*  21 Tau,PM*,PM*
*  21 Tau,PM*,*
*  21 Tau,PM*,*
*  21 Tau,PM*,**
*  21 Tau,PM*,V*
*  21 Tau,PM*,NIR
*  21 Tau,PM*,IR
*  21 Tau,PM*,UV
*  23 Com,**,*
*  23 Com,**,IR
*  23 Com,**,NIR
*  23 Com,**,PM*
*  23 Com,**,UV
*  23 Com,**,**
*  23 Tau,Be*,IR
*  23 Tau,Be*,*
*  23 Tau,Be*,**
*  23 Tau,Be*,NIR
*  23 Tau,Be*,PM*
*  23 Tau,Be*,UV
*  23 Tau,Be*,V*
*  23 Tau,Be*,X
*  23 Tau,Be*,bC*
*  23 Tau,Be*,Be*
*  23 Tau,Be*,Em*
*  27 Tau,SB*,*
*  27 Tau,SB*,V*
*  27 Tau,SB*,UV
*  27 Tau,SB*,SB*
*  27 Tau,SB*,PM*
*  27 Tau,SB*,NIR
*  27 Tau,SB*,IR
*  27 Tau,SB*,**
*  27 Tau,SB*,*
*  28 Tau,Be*,**
*  28 Tau,Be*,*
*  28 Tau,Be*,*
*  28 Tau,Be*,Be*
*  28 Tau,Be*,Em*
*  28 Tau,Be*,Ir*
*  28 Tau,Be*,IR
*  28 Tau,Be*,NIR
*  28 Tau,Be*,Opt
*  28 Tau,Be*,Pe*
*  28 Tau,Be*,UV
*  28 Tau,Be*,V*
*  28 Tau,Be*,X
*   2 Lyn,EB*,NIR
*   2 Lyn,EB*,IR
*   2 Lyn,EB*,EB*
*   2 Lyn,EB*,*
*   2 Lyn,EB*,V*
*   2 Lyn,EB*,UV
*  31 Com,*,Opt
*  31 Com,*,NIR
*  31 Com,*,*
*  31 Com,*,IR
*  31 Com,*,*
*  31 Com,*,X
*  31 Com,*,V*
*  31 Com,*,UV
*  31 Com,*,Ro*
*  31 Lyn,LP*,*
*  31 Lyn,LP*,V*
*  31 Lyn,LP*,PM*
*  31 Lyn,LP*,NIR
*  31 Lyn,LP*,LP*
*  31 Lyn,LP*,IR
*  31 Lyn,LP*,*
*  35 Cnc,RG*,*
*  35 Cnc,RG*,*
*  35 Cnc,RG*,UV
*  35 Cnc,RG*,RG*
*  35 Cnc,RG*,NIR
*  36 Dor,PM*,NIR
*  36 Dor,PM*,UV
*  36 Dor,PM*,*
*  36 Dor,PM*,IR
*  36 Dor,PM*,PM*
*  36 Oph A,PM*,UV
*  36 Oph A,PM*,Ro*
*  36 Oph A,PM*,**
*  36 Oph A,PM*,PM*
*  36 Oph A,PM*,*
*  36 Oph B,PM*,IR
*  36 Oph B,PM*,*
*  36 Oph B,PM*,PM*
*  36 Oph B,PM*,Ro*
*  36 Oph B,PM*,**
*  36 UMa,PM*,**
*  36 UMa,PM*,*
*  36 UMa,PM*,*
*  36 UMa,PM*,IR
*  36 UMa,PM*,NIR
*  36 UMa,PM*,PM*
*  36 UMa,PM*,X
*  36 UMa,PM*,UV
*  36 UMa B,PM*,*
*  36 UMa B,PM*,PM*
*  36 UMa B,PM*,NIR
*  36 UMa B,PM*,**
*  38 Lyn,PM*,*
*  38 Lyn,PM*,IR
*  38 Lyn,PM*,**
*  38 Lyn,PM*,NIR
*  38 Lyn,PM*,PM*
*  38 Lyn,PM*,UV
*  38 Lyn,PM*,X
*  39 Cnc,*,V*
*  39 Cnc,*,*
*  39 Cnc,*,*
*  39 Cnc,*,**
*  39 Cnc,*,IR
*  39 Cnc,*,MIR
*  39 Cnc,*,NIR
*  41 Ara,PM*,PM*
*  41 Ara,PM*,**
*  41 Ara,PM*,IR
*  41 Ara,PM*,MIR
*  41 Ara,PM*,NIR
*  41 Ara,PM*,X
*  41 Ara,PM*,*
*  41 Ara B,Em*,*
*  41 Ara B,Em*,**
*  41 Ara B,Em*,Em*
*  41 Ara B,Em*,NIR
*  41 Ara B,Em*,PM*
*  41 Ari,**,*
*  41 Ari,**,**
*  41 Ari,**,IR
*  41 Ari,**,MIR
*  41 Ari,**,NIR
*  41 Ari,**,PM*
*  41 Ari,**,UV
*  41 Ari,**,V*
*  42 Peg,PM*,**
*  42 Peg,PM*,UV
*  42 Peg,PM*,PM*
*  42 Peg,PM*,NIR
*  42 Peg,PM*,MIR
*  42 Peg,PM*,*
*  42 Peg,PM*,IR
*  43 Eri,PM*,IR
*  43 Eri,PM*,PM*
*  43 Eri,PM*,NIR
*  43 Eri,PM*,*
*  46 LMi,PM*,NIR
*  46 LMi,PM*,V*
*  46 LMi,PM*,UV
*  46 LMi,PM*,IR
*  46 LMi,PM*,*
*  46 LMi,PM*,PM*
*  47 UMa,PM*,*
*  47 UMa,PM*,UV
*  47 UMa,PM*,NIR
*  47 UMa,PM*,MIR
*  47 UMa,PM*,IR
*  47 UMa,PM*,PM*
*   4 Lac,s*b,IR
*   4 Lac,s*b,UV
*   4 Lac,s*b,s*b
*   4 Lac,s*b,NIR
*   4 Lac,s*b,*
*  54 Psc,PM*,X
*  54 Psc,PM*,*
*  54 Psc,PM*,V*
*  54 Psc,PM*,Ro*
*  54 Psc,PM*,MIR
*  54 Psc,PM*,NIR
*  54 Psc,PM*,PM*
*  54 Psc,PM*,IR
*  54 Psc B,BD*,BD*
*  54 Psc B,BD*,*
*  54 Psc B,BD*,BD*
*  58 Eri,BY*,Ro*
*  58 Eri,BY*,*
*  58 Eri,BY*,BY*
*  58 Eri,BY*,IR
*  58 Eri,BY*,MIR
*  58 Eri,BY*,NIR
*  58 Eri,BY*,PM*
*  58 Eri,BY*,X
*  58 Eri,BY*,V*
*  58 Eri,BY*,UV
*   5 Lac,s*r,NIR
*   5 Lac,s*r,*
*   5 Lac,s*r,IR
*   5 Lac,s*r,LP*
*   5 Lac,s*r,**
*   5 Lac,s*r,SB*
*   5 Lac,s*r,s*r
*   5 Lac,s*r,V*
*   5 Ori,*,IR
*   5 Ori,*,*
*   5 Ori,*,V*
*   5 Ori,*,NIR
*  61 Cyg A,BY*,Ro*
*  61 Cyg A,BY*,UV
*  61 Cyg A,BY*,V*
*  61 Cyg A,BY*,X
*  61 Cyg A,BY*,*
*  61 Cyg A,BY*,**
*  61 Cyg A,BY*,Er*
*  61 Cyg A,BY*,BY*
*  61 Cyg A,BY*,IR
*  61 Cyg A,BY*,NIR
*  61 Cyg A,BY*,PM*
*  61 Cyg B,PM*,*
*  61 Cyg B,PM*,**
*  61 Cyg B,PM*,Er*
*  61 Cyg B,PM*,NIR
*  61 Cyg B,PM*,PM*
*  61 Cyg B,PM*,Ro*
*  61 Cyg B,PM*,V*
*  61 Cyg B,PM*,X
*  61 UMa,PM*,NIR
*  61 UMa,PM*,PM*
*  61 UMa,PM*,Ro*
*  61 UMa,PM*,X
*  61 UMa,PM*,V*
*  61 UMa,PM*,UV
*  61 UMa,PM*,*
*  61 UMa,PM*,**
*  61 UMa,PM*,MIR
*  61 Vir,PM*,MIR
*  61 Vir,PM*,PM*
*  61 Vir,PM*,*
*  61 Vir,PM*,Ro*
*  61 Vir,PM*,UV
*  61 Vir,PM*,**
*  61 Vir,PM*,IR
*  61 Vir,PM*,NIR
*  64 Ori,SB*,**
*  64 Ori,SB*,*
*  64 Ori,SB*,NIR
*  64 Ori,SB*,SB*
*  64 Ori,SB*,UV
*  64 Ori,SB*,V*
*   6 Lac,SB*,*
*   6 Lac,SB*,IR
*   6 Lac,SB*,UV
*   6 Lac,SB*,SB*
*   6 Lac,SB*,NIR
*  70 Oph A,SB*,PM*
*  70 Oph A,SB*,*
*  70 Oph A,SB*,SB*
*  70 Oph A,SB*,Ro*
*  70 Oph A,SB*,**
*  70 Oph B,PM*,V*
*  70 Oph B,PM*,X
*  70 Oph B,PM*,*
*  70 Oph B,PM*,**
*  70 Oph B,PM*,PM*
*  70 Oph B,PM*,Ro*
*   7 Com,*,IR
*   7 Com,*,*
*   7 Com,*,NIR
*   7 Com,*,RG*
*  85 Peg,SB*,X
*  85 Peg,SB*,NIR
*  85 Peg,SB*,PM*
*  85 Peg,SB*,Ro*
*  85 Peg,SB*,SB*
*  85 Peg,SB*,UV
*  85 Peg,SB*,V*
*  85 Peg,SB*,IR
*  85 Peg,SB*,**
*  85 Peg,SB*,*
*  85 Peg,SB*,MIR
* a Car,SB*,IR
* a Car,SB*,*
* a Car,SB*,X
* a Car,SB*,V*
* a Car,SB*,UV
* a Car,SB*,SB*
* a Car,SB*,NIR
* A Cen,Be*,*
* A Cen,Be*,NIR
* A Cen,Be*,UV
* A Cen,Be*,IR
* A Cen,Be*,PM*
* A Cen,Be*,Em*
* A Cen,Be*,Be*
* alf And,a2*,PM*
* alf And,a2*,IR
* alf And,a2*,a2*
* alf And,a2*,**
* alf And,a2*,*
* alf And,a2*,V*
* alf And,a2*,UV
* alf And,a2*,SB*
* alf And,a2*,NIR
* alf Ant,PM*,NIR
* alf Ant,PM*,PM*
* alf Ant,PM*,V*
* alf Ant,PM*,*
* alf Ant,PM*,IR
* alf Aps,*,NIR
* alf Aps,*,*
* alf Aps,*,*
* alf Aps,*,IR
* alf Aql,dS*,X
* alf Aql,dS*,IR
* alf Aql,dS*,UV
* alf Aql,dS*,PM*
* alf Aql,dS*,NIR
* alf Aql,dS*,V*
* alf Aql,dS*,*
* alf Aql,dS*,**
* alf Aql,dS*,dS*
* alf Aqr,*,NIR
* alf Aqr,*,**
* alf Aqr,*,*
* alf Aqr,*,IR
* alf Aqr,*,MIR
* alf Aqr,*,UV
* alf Ara,Be*,*
* alf Ara,Be*,X
* alf Ara,Be*,V*
* alf Ara,Be*,UV
* alf Ara,Be*,NIR
* alf Ara,Be*,IR
* alf Ara,Be*,Er*
* alf Ara,Be*,Em*
* alf Ara,Be*,Be*
* alf Ara,Be*,**
* alf Ari,PM*,V*
* alf Ari,PM*,IR
* alf Ari,PM*,*
* alf Ari,PM*,NIR
* alf Ari,PM*,PM*
* alf Ari,PM*,UV
* alf Aur,SB*,RS*
* alf Aur,SB*,UV
* alf Aur,SB*,V*
* alf Aur,SB*,X
* alf Aur,SB*,SB*
* alf Aur,SB*,*
* alf Aur,SB*,**
* alf Aur,SB*,IR
* alf Aur,SB*,NIR
* alf Aur,SB*,PM*
* alf Boo,RG*,*
* alf Boo,RG*,**
* alf Boo,RG*,IR
* alf Boo,RG*,NIR
* alf Boo,RG*,PM*
* alf Boo,RG*,RG*
* alf Boo,RG*,*
* alf Boo,RG*,V*
* alf Boo,RG*,UV
* alf Cae,PM*,PM*
* alf Cae,PM*,X
* alf Cae,PM*,UV
* alf Cae,PM*,NIR
* alf Cae,PM*,MIR
* alf Cae,PM*,IR
* alf Cae,PM*,**
* alf Cae,PM*,*
* alf Cam,s*b,*
* alf Cam,s*b,X
* alf Cam,s*b,UV
* alf Cam,s*b,SB*
* alf Cam,s*b,s*b
* alf Cam,s*b,NIR
* alf Cam,s*b,IR
* alf Cam,s*b,Em*
* alf CMa,SB*,IR
* alf CMa,SB*,V*
* alf CMa,SB*,UV
* alf CMa,SB*,SB*
* alf CMa,SB*,PM*
* alf CMa,SB*,*
* alf CMa,SB*,**
* alf CMa,SB*,NIR
* alf CMa B,WD*,X
* alf CMa B,WD*,WD*
* alf CMa B,WD*,**
* alf CMa B,WD*,UV
* alf CMa B,WD*,*
* alf CMa B,WD*,WD?
* alf CMi,SB*,SB*
* alf CMi,SB*,Rad
* alf CMi,SB*,PM*
* alf CMi,SB*,NIR
* alf CMi,SB*,IR
* alf CMi,SB*,**
* alf CMi,SB*,*
* alf CMi,SB*,*
* alf CMi,SB*,X
* alf CMi,SB*,V*
* alf CMi,SB*,UV
* alf CMi,SB*,Ro*
* alf CMi B,WD*,WD*
* alf CMi B,WD*,X
* alf CMi B,WD*,*
* alf CMi B,WD*,**
* alf CMi B,WD*,V*
* alf02 Cap,PM*,NIR
* alf02 Cap,PM*,IR
* alf02 Cap,PM*,**
* alf02 Cap,PM*,X
* alf02 Cap,PM*,UV
* alf02 Cap,PM*,PM*
* alf02 Cap,PM*,*
* alf02 CVn,a2*,a2*
* alf02 CVn,a2*,**
* alf02 CVn,a2*,V*
* alf02 CVn,a2*,PM*
* alf02 CVn,a2*,Pe*
* alf02 CVn,a2*,NIR
* alf02 CVn,a2*,IR
* alf02 CVn,a2*,blu
* alf02 CVn,a2*,X
* alf02 CVn,a2*,*
* alf02 Lib,SB*,NIR
* alf02 Lib,SB*,IR
* alf02 Lib,SB*,**
* alf02 Lib,SB*,*
* alf02 Lib,SB*,SB*
* alf02 Lib,SB*,V*
* alf Car,*,X
* alf Car,*,*
* alf Car,*,IR
* alf Car,*,NIR
* alf Car,*,UV
* alf Cas,PM*,**
* alf Cas,PM*,*
* alf Cas,PM*,IR
* alf Cas,PM*,NIR
* alf Cas,PM*,PM*
* alf Cas,PM*,UV
* alf Cas,PM*,V*
* alf Cen A,PM*,*
* alf Cen A,PM*,PM*
* alf Cen A,PM*,NIR
* alf Cen A,PM*,**
* alf Cen A,PM*,UV
* alf Cen B,PM*,PM*
* alf Cen B,PM*,**
* alf Cen B,PM*,*
* alf Cep,PM*,V*
* alf Cep,PM*,UV
* alf Cep,PM*,PM*
* alf Cep,PM*,NIR
* alf Cep,PM*,IR
* alf Cep,PM*,**
* alf Cep,PM*,*
* alf Cep,PM*,X
* alf Cet,LP?,LP?
* alf Cet,LP?,NIR
* alf Cet,LP?,V*
* alf Cet,LP?,UV
* alf Cet,LP?,*
* alf Cet,LP?,*
* alf Cet,LP?,IR
* alf Cha,PM*,IR
* alf Cha,PM*,*
* alf Cha,PM*,X
* alf Cha,PM*,UV
* alf Cha,PM*,PM*
* alf Cha,PM*,NIR
* alf Cha,PM*,MIR
* alf Cir,a2*,**
* alf Cir,a2*,V*
* alf Cir,a2*,UV
* alf Cir,a2*,PM*
* alf Cir,a2*,NIR
* alf Cir,a2*,IR
* alf Cir,a2*,a2*
* alf Cir,a2*,*
* alf Cnc,PM*,*
* alf Cnc,PM*,**
* alf Cnc,PM*,IR
* alf Cnc,PM*,NIR
* alf Cnc,PM*,PM*
* alf Cnc,PM*,UV
* alf Cnc,PM*,V*
* alf Cnc,PM*,X
* alf Col,Be*,UV
* alf Col,Be*,NIR
* alf Col,Be*,V*
* alf Col,Be*,*
* alf Col,Be*,*
* alf Col,Be*,**
* alf Col,Be*,Be*
* alf Col,Be*,Em*
* alf Col,Be*,IR
* alf Com,**,IR
* alf Com,**,**
* alf Com,**,*
* alf Com,**,X
* alf Com,**,V*
* alf Com,**,UV
* alf Com,**,PM*
* alf Com,**,NIR
* alf Com,**,MIR
* alf CrA,PM*,PM*
* alf CrA,PM*,IR
* alf CrA,PM*,NIR
* alf CrA,PM*,*
* alf CrA,PM*,UV
* alf CrB,SB*,V*
* alf CrB,SB*,IR
* alf CrB,SB*,EB*
* alf CrB,SB*,X
* alf CrB,SB*,UV
* alf CrB,SB*,PM*
* alf CrB,SB*,NIR
* alf CrB,SB*,SB*
* alf CrB,SB*,*
* alf Crt,PM*,NIR
* alf Crt,PM*,UV
* alf Crt,PM*,PM*
* alf Crt,PM*,IR
* alf Crt,PM*,*
* alf Cru,SB*,SB*
* alf Cru,SB*,*
* alf Cru,SB*,**
* alf Cru,SB*,IR
* alf Cru,SB*,X
* alf Cru,SB*,UV
* alf Cru,SB*,NIR
* alf Crv,PM*,X
* alf Crv,PM*,IR
* alf Crv,PM*,MIR
* alf Crv,PM*,NIR
* alf Crv,PM*,PM*
* alf Crv,PM*,*
* alf Crv,PM*,UV
* alf Cyg,sg*,*
* alf Cyg,sg*,Pu*
* alf Cyg,sg*,NIR
* alf Cyg,sg*,IR
* alf Cyg,sg*,Em*
* alf Cyg,sg*,sg*
* alf Cyg,sg*,UV
* alf Cyg,sg*,V*
* alf Cyg,sg*,**
* alf Del,**,NIR
* alf Del,**,IR
* alf Del,**,**
* alf Del,**,MIR
* alf Del,**,UV
* alf Del,**,*
* alf Del,**,PM*
* alf Dor,a2*,V*
* alf Dor,a2*,NIR
* alf Dor,a2*,IR
* alf Dor,a2*,a2*
* alf Dor,a2*,**
* alf Dor,a2*,*
* alf Dor,a2*,UV
* alf Dra,SB*,UV
* alf Dra,SB*,NIR
* alf Dra,SB*,IR
* alf Dra,SB*,**
* alf Dra,SB*,*
* alf Dra,SB*,X
* alf Dra,SB*,PM*
* alf Dra,SB*,SB*
* alf Equ,SB*,*
* alf Equ,SB*,**
* alf Equ,SB*,IR
* alf Equ,SB*,NIR
* alf Equ,SB*,PM*
* alf Equ,SB*,SB*
* alf Equ,SB*,UV
* alf Equ,SB*,X
* alf Eri,Be*,Ro*
* alf Eri,Be*,X
* alf Eri,Be*,Be*
* alf Eri,Be*,V*
* alf Eri,Be*,NIR
* alf Eri,Be*,IR
* alf Eri,Be*,HV*
* alf Eri,Be*,*
* alf Eri,Be*,UV
* alf Eri,Be*,Em*
* alf For,PM*,*
* alf For,PM*,UV
* alf For,PM*,PM*
* alf For,PM*,NIR
* alf For,PM*,**
* alf For,PM*,IR
* alf For,PM*,MIR
* alf For,PM*,V*
* alf For,PM*,X
* alf Gem,**,NIR
* alf Gem,**,**
* alf Gem,**,X
* alf Gem,**,V*
* alf Gem,**,*
* alf Gem,**,UV
* alf Gem,**,PM*
* alf Gem,**,IR
* alf Gru,PM*,PM*
* alf Gru,PM*,X
* alf Gru,PM*,V*
* alf Gru,PM*,UV
* alf Gru,PM*,NIR
* alf Gru,PM*,IR
* alf Gru,PM*,**
* alf Gru,PM*,*
* alf Her,**,UV
* alf Her,**,**
* alf Her,**,NIR
* alf Her,**,*
* alf Her,**,X
* alf Her,**,V*
* alf Hor,PM*,NIR
* alf Hor,PM*,IR
* alf Hor,PM*,*
* alf Hor,PM*,UV
* alf Hor,PM*,PM*
* alf Hya,*,IR
* alf Hya,*,NIR
* alf Hya,*,PM*
* alf Hya,*,UV
* alf Hya,*,V*
* alf Hya,*,*
* alf Hya,*,**
* alf Hyi,PM*,UV
* alf Hyi,PM*,*
* alf Hyi,PM*,IR
* alf Hyi,PM*,NIR
* alf Hyi,PM*,PM*
* alf Hyi,PM*,X
* alf Ind,PM*,UV
* alf Ind,PM*,PM*
* alf Ind,PM*,**
* alf Ind,PM*,*
* alf Ind,PM*,NIR
* alf Ind,PM*,IR
* alf Lac,PM*,NIR
* alf Lac,PM*,*
* alf Lac,PM*,UV
* alf Lac,PM*,PM*
* alf Lac,PM*,**
* alf Lac,PM*,IR
* alf Leo,PM*,IR
* alf Leo,PM*,**
* alf Leo,PM*,*
* alf Leo,PM*,NIR
* alf Leo,PM*,PM*
* alf Leo,PM*,UV
* alf Leo,PM*,V*
* alf Leo,PM*,X
* alf Lep,*,UV
* alf Lep,*,NIR
* alf Lep,*,IR
* alf Lep,*,**
* alf Lep,*,*
* alf Lep,*,V*
* alf Lup,bC*,bC?
* alf Lup,bC*,IR
* alf Lup,bC*,V*
* alf Lup,bC*,X
* alf Lup,bC*,UV
* alf Lup,bC*,NIR
* alf Lup,bC*,*
* alf Lup,bC*,**
* alf Lup,bC*,bC*
* alf Lyn,PM*,V*
* alf Lyn,PM*,*
* alf Lyn,PM*,**
* alf Lyn,PM*,IR
* alf Lyn,PM*,NIR
* alf Lyn,PM*,PM*
* alf Lyr,dS*,smm
* alf Lyr,dS*,*
* alf Lyr,dS*,**
* alf Lyr,dS*,dS*
* alf Lyr,dS*,IR
* alf Lyr,dS*,MIR
* alf Lyr,dS*,NIR
* alf Lyr,dS*,X
* alf Lyr,dS*,V*
* alf Lyr,dS*,UV
* alf Lyr,dS*,PM*
* alf Men,PM*,*
* alf Men,PM*,**
* alf Men,PM*,IR
* alf Men,PM*,MIR
* alf Men,PM*,NIR
* alf Men,PM*,PM*
* alf Men,PM*,X
* alf Men B,PM*,PM*
* alf Men B,PM*,**
* alf Men B,PM*,*
* alf Mic,*,X
* alf Mic,*,IR
* alf Mic,*,NIR
* alf Mic,*,UV
* alf Mic,*,*
* alf Mic,*,**
* alf Mon,PM*,PM*
* alf Mon,PM*,NIR
* alf Mon,PM*,*
* alf Mon,PM*,IR
* alf Mon,PM*,UV
* alf Mus,**,IR
* alf Mus,**,V*
* alf Mus,**,NIR
* alf Mus,**,UV
* alf Mus,**,Pu*
* alf Mus,**,*
* alf Mus,**,**
* alf Mus,**,bC*
* alf Mus,**,bC?
* alf Oph,**,X
* alf Oph,**,*
* alf Oph,**,**
* alf Oph,**,IR
* alf Oph,**,MIR
* alf Oph,**,NIR
* alf Oph,**,PM*
* alf Oph,**,UV
* alf Oph,**,V*
* alf Ori,s*r,UV
* alf Ori,s*r,V*
* alf Ori,s*r,smm
* alf Ori,s*r,*
* alf Ori,s*r,**
* alf Ori,s*r,AB*
* alf Ori,s*r,NIR
* alf Ori,s*r,s*r
* alf Ori,s*r,LP*
* alf Ori,s*r,IR
* alf Pav,SB*,SB*
* alf Pav,SB*,*
* alf Pav,SB*,**
* alf Pav,SB*,IR
* alf Pav,SB*,NIR
* alf Pav,SB*,UV
* alf Pav,SB*,Pu*
* alf Peg,PM*,*
* alf Peg,PM*,IR
* alf Peg,PM*,NIR
* alf Peg,PM*,PM*
* alf Peg,PM*,UV
* alf Peg,PM*,V*
* alf Per,V*,IR
* alf Per,V*,**
* alf Per,V*,*
* alf Per,V*,V*
* alf Per,V*,UV
* alf Per,V*,NIR
* alf Phe,SB*,*
* alf Phe,SB*,UV
* alf Phe,SB*,SB*
* alf Phe,SB*,PM*
* alf Phe,SB*,NIR
* alf Phe,SB*,IR
* alf Pic,PM*,IR
* alf Pic,PM*,Pu*
* alf Pic,PM*,UV
* alf Pic,PM*,X
* alf Pic,PM*,*
* alf Pic,PM*,MIR
* alf Pic,PM*,NIR
* alf Pic,PM*,PM*
* alf PsA,PM*,NIR
* alf PsA,PM*,V*
* alf PsA,PM*,UV
* alf PsA,PM*,smm
* alf PsA,PM*,PM*
* alf PsA,PM*,IR
* alf PsA,PM*,**
* alf PsA,PM*,*
* alf PsA C,**,Ro*
* alf PsA C,**,**
* alf PsA C,**,Er*
* alf PsA C,**,*
* alf PsA C,**,MIR
* alf PsA C,**,NIR
* alf PsA C,**,PM*
* alf Psc,a2*,*
* alf Psc,a2*,UV
* alf Psc,a2*,NIR
* alf Psc,a2*,MIR
* alf Psc,a2*,IR
* alf Psc,a2*,a2*
* alf Psc,a2*,**
* alf Psc,a2*,V*
* alf Pyx,*,V*
* alf Pyx,*,*
* alf Pyx,*,UV
* alf Pyx,*,NIR
* alf Pyx,*,IR
* alf Pyx,*,bC*
* alf Ret,PM*,NIR
* alf Ret,PM*,*
* alf Ret,PM*,**
* alf Ret,PM*,IR
* alf Ret,PM*,PM*
* alf Ret,PM*,UV
* alf Ret,PM*,X
* alf Scl,*,*
* alf Scl,*,*
* alf Scl,*,Ro*
* alf Scl,*,NIR
* alf Scl,*,IR
* alf Scl,*,blu
* alf Scl,*,V*
* alf Scl,*,UV
* alf Sco,s*r,V*
* alf Sco,s*r,UV
* alf Sco,s*r,s*r
* alf Sco,s*r,NIR
* alf Sco,s*r,MIR
* alf Sco,s*r,LP*
* alf Sco,s*r,IR
* alf Sco,s*r,HII
* alf Sco,s*r,**
* alf Sco,s*r,*
* alf Sco,s*r,ISM
* alf Sco,s*r,RNe
* alf Sct,PM*,IR
* alf Sct,PM*,*
* alf Sct,PM*,NIR
* alf Sct,PM*,PM*
* alf Sct,PM*,UV
* alf Sct,PM*,V*
* alf Ser,PM*,**
* alf Ser,PM*,V*
* alf Ser,PM*,PM*
* alf Ser,PM*,UV
* alf Ser,PM*,IR
* alf Ser,PM*,MIR
* alf Ser,PM*,NIR
* alf Ser,PM*,X
* alf Ser,PM*,*
* alf Sex,*,*
* alf Sex,*,UV
* alf Sex,*,NIR
* alf Sex,*,IR
* alf Sge,*,UV
* alf Sge,*,IR
* alf Sge,*,**
* alf Sge,*,*
* alf Sge,*,MIR
* alf Sge,*,NIR
* alf Sgr,PM*,IR
* alf Sgr,PM*,X
* alf Sgr,PM*,UV
* alf Sgr,PM*,PM*
* alf Sgr,PM*,NIR
* alf Sgr,PM*,*
* alf Tau,LP?,PM*
* alf Tau,LP?,V*
* alf Tau,LP?,UV
* alf Tau,LP?,*
* alf Tau,LP?,*
* alf Tau,LP?,**
* alf Tau,LP?,IR
* alf Tau,LP?,LP?
* alf Tau,LP?,NIR
* alf Tel,PM*,UV
* alf Tel,PM*,Pu*
* alf Tel,PM*,PM*
* alf Tel,PM*,NIR
* alf Tel,PM*,IR
* alf Tel,PM*,*
* alf TrA,*,*
* alf TrA,*,X
* alf TrA,*,UV
* alf TrA,*,NIR
* alf TrA,*,IR
* alf TrA,*,**
* alf Tri,SB*,PM*
* alf Tri,SB*,SB*
* alf Tri,SB*,UV
* alf Tri,SB*,V*
* alf Tri,SB*,X
* alf Tri,SB*,IR
* alf Tri,SB*,El*
* alf Tri,SB*,*
* alf Tri,SB*,**
* alf Tri,SB*,NIR
* alf Tuc,SB*,SB*
* alf Tuc,SB*,UV
* alf Tuc,SB*,X
* alf Tuc,SB*,*
* alf Tuc,SB*,**
* alf Tuc,SB*,IR
* alf Tuc,SB*,NIR
* alf Tuc,SB*,PM*
* alf UMa,SB*,UV
* alf UMa,SB*,V*
* alf UMa,SB*,SB*
* alf UMa,SB*,PM*
* alf UMa,SB*,NIR
* alf UMa,SB*,IR
* alf UMa,SB*,**
* alf UMa,SB*,*
* alf UMi,cC*,UV
* alf UMi,cC*,V*
* alf UMi,cC*,*
* alf UMi,cC*,**
* alf UMi,cC*,cC*
* alf UMi,cC*,IR
* alf UMi,cC*,NIR
* alf UMi,cC*,SB*
* alf UMi,cC*,SB*
* alf Vir,bC*,X
* alf Vir,bC*,V*
* alf Vir,bC*,UV
* alf Vir,bC*,bC*
* alf Vir,bC*,**
* alf Vir,bC*,*
* alf Vir,bC*,El*
* alf Vir,bC*,IR
* alf Vir,bC*,NIR
* alf Vir,bC*,SB*
* alf Vol,**,NIR
* alf Vol,**,PM*
* alf Vol,**,**
* alf Vol,**,UV
* alf Vol,**,*
* alf Vol,**,IR
* alf Vul,PM*,V*
* alf Vul,PM*,NIR
* alf Vul,PM*,IR
* alf Vul,PM*,*
* alf Vul,PM*,**
* alf Vul,PM*,PM*
* b01 Aqr,PM*,*
* b01 Aqr,PM*,PM*
* b01 Aqr,PM*,NIR
* b01 Aqr,PM*,IR
* b01 Aqr,PM*,UV
* bet And,PM*,NIR
* bet And,PM*,PM*
* bet And,PM*,UV
* bet And,PM*,*
* bet And,PM*,*
* bet And,PM*,**
* bet And,PM*,V*
* bet And,PM*,IR
* bet Aps,PM*,NIR
* bet Aps,PM*,PM*
* bet Aps,PM*,IR
* bet Aps,PM*,*
* bet Aps,PM*,**
* bet Aql,PM*,*
* bet Aql,PM*,PM*
* bet Aql,PM*,Ro*
* bet Aql,PM*,UV
* bet Aql,PM*,V*
* bet Aql,PM*,**
* bet Aql,PM*,IR
* bet Aql,PM*,NIR
* bet Aql,PM*,X
* bet Aql B,PM*,**
* bet Aql B,PM*,PM*
* bet Aql B,PM*,*
* bet Aqr,*,UV
* bet Aqr,*,**
* bet Aqr,*,IR
* bet Aqr,*,MIR
* bet Aqr,*,NIR
* bet Aqr,*,*
* bet Ara,s*r,IR
* bet Ara,s*r,s*r
* bet Ara,s*r,UV
* bet Ara,s*r,*
* bet Ara,s*r,*
* bet Ara,s*r,NIR
* bet01 Cap,SB*,*
* bet01 Cap,SB*,V*
* bet01 Cap,SB*,SB*
* bet01 Cap,SB*,PM*
* bet01 Cap,SB*,NIR
* bet01 Cap,SB*,IR
* bet01 Cap,SB*,**
* bet01 Cyg,**,V*
* bet01 Cyg,**,*
* bet01 Cyg,**,*
* bet01 Cyg,**,**
* bet01 Cyg,**,IR
* bet01 Cyg,**,MIR
* bet01 Cyg,**,NIR
* bet01 Sco,bC*,**
* bet01 Sco,bC*,bC*
* bet01 Sco,bC*,MIR
* bet01 Sco,bC*,NIR
* bet01 Sco,bC*,SB*
* bet01 Sco,bC*,UV
* bet01 Sco,bC*,V*
* bet01 Sco,bC*,X
* bet01 Sco,bC*,*
* bet01 Tuc,**,PM*
* bet01 Tuc,**,NIR
* bet01 Tuc,**,**
* bet01 Tuc,**,*
* bet01 Tuc,**,*
* bet02 Sgr,PM*,UV
* bet02 Sgr,PM*,*
* bet02 Sgr,PM*,IR
* bet02 Sgr,PM*,NIR
* bet02 Sgr,PM*,PM*
* bet Ari,SB*,**
* bet Ari,SB*,IR
* bet Ari,SB*,NIR
* bet Ari,SB*,SB*
* bet Ari,SB*,UV
* bet Ari,SB*,V*
* bet Ari,SB*,*
* bet Aur,SB*,**
* bet Aur,SB*,V*
* bet Aur,SB*,UV
* bet Aur,SB*,SB*
* bet Aur,SB*,NIR
* bet Aur,SB*,IR
* bet Aur,SB*,EB*
* bet Aur,SB*,*
* bet Boo,PM*,*
* bet Boo,PM*,X
* bet Boo,PM*,V*
* bet Boo,PM*,UV
* bet Boo,PM*,PM*
* bet Boo,PM*,NIR
* bet Boo,PM*,IR
* bet Boo,PM*,Er*
* bet Cae,PM*,X
* bet Cae,PM*,UV
* bet Cae,PM*,PM*
* bet Cae,PM*,NIR
* bet Cae,PM*,MIR
* bet Cae,PM*,IR
* bet Cae,PM*,*
* bet Car,PM*,IR
* bet Car,PM*,*
* bet Car,PM*,NIR
* bet Car,PM*,PM*
* bet Car,PM*,UV
* bet Cas,dS*,*
* bet Cas,dS*,**
* bet Cas,dS*,dS*
* bet Cas,dS*,IR
* bet Cas,dS*,NIR
* bet Cas,dS*,PM*
* bet Cas,dS*,UV
* bet Cas,dS*,V*
* bet Cas,dS*,X
* bet Cen,bC*,NIR
* bet Cen,bC*,UV
* bet Cen,bC*,V*
* bet Cen,bC*,X
* bet Cen,bC*,IR
* bet Cen,bC*,*
* bet Cen,bC*,**
* bet Cen,bC*,bC*
* bet Cen,bC*,MIR
* bet Cep,bC*,*
* bet Cep,bC*,**
* bet Cep,bC*,bC*
* bet Cep,bC*,IR
* bet Cep,bC*,NIR
* bet Cep,bC*,SB*
* bet Cep,bC*,UV
* bet Cep,bC*,X
* bet Cep,bC*,V*
* bet Cet,PM*,UV
* bet Cet,PM*,PM*
* bet Cet,PM*,X
* bet Cet,PM*,V*
* bet Cet,PM*,NIR
* bet Cet,PM*,IR
* bet Cet,PM*,*
* bet Cha,Pu*,V*
* bet Cha,Pu*,*
* bet Cha,Pu*,*
* bet Cha,Pu*,IR
* bet Cha,Pu*,NIR
* bet Cha,Pu*,Pu*
* bet Cha,Pu*,UV
* bet Cir,PM*,IR
* bet Cir,PM*,NIR
* bet Cir,PM*,PM*
* bet Cir,PM*,UV
* bet Cir,PM*,*
* bet Cir,PM*,**
* bet CMa,bC*,X
* bet CMa,bC*,V*
* bet CMa,bC*,UV
* bet CMa,bC*,NIR
* bet CMa,bC*,*
* bet CMa,bC*,bC?
* bet CMa,bC*,bC*
* bet CMa,bC*,**
* bet CMa,bC*,IR
* bet CMi,Be*,PM*
* bet CMi,Be*,Opt
* bet CMi,Be*,IR
* bet CMi,Be*,Em*
* bet CMi,Be*,Be*
* bet CMi,Be*,**
* bet CMi,Be*,*
* bet CMi,Be*,NIR
* bet CMi,Be*,UV
* bet CMi,Be*,V*
* bet Cnc,PM*,V*
* bet Cnc,PM*,**
* bet Cnc,PM*,*
* bet Cnc,PM*,UV
* bet Cnc,PM*,PM*
* bet Cnc,PM*,NIR
* bet Cnc,PM*,IR
* bet Col,PM*,NIR
* bet Col,PM*,IR
* bet Col,PM*,UV
* bet Col,PM*,PM*
* bet Col,PM*,*
* bet Com,PM*,PM*
* bet Com,PM*,Ro*
* bet Com,PM*,UV
* bet Com,PM*,X
* bet Com,PM*,NIR
* bet Com,PM*,*
* bet Com,PM*,**
* bet Com,PM*,IR
* bet Com,PM*,MIR
* bet CrA,*,*
* bet CrA,*,UV
* bet CrA,*,NIR
* bet CrA,*,IR
* bet CrB,a2*,V*
* bet CrB,a2*,*
* bet CrB,a2*,**
* bet CrB,a2*,a2*
* bet CrB,a2*,IR
* bet CrB,a2*,MIR
* bet CrB,a2*,NIR
* bet CrB,a2*,PM*
* bet CrB,a2*,SB*
* bet CrB,a2*,UV
* bet Crt,SB*,SB*
* bet Crt,SB*,UV
* bet Crt,SB*,WD*
* bet Crt,SB*,X
* bet Crt,SB*,IR
* bet Crt,SB*,*
* bet Crt,SB*,NIR
* bet Crt,SB*,PM*
* bet Cru,bC*,V*
* bet Cru,bC*,*
* bet Cru,bC*,**
* bet Cru,bC*,bC*
* bet Cru,bC*,bC?
* bet Cru,bC*,X
* bet Cru,bC*,IR
* bet Cru,bC*,NIR
* bet Cru,bC*,SB*
* bet Cru,bC*,UV
* bet Crv,PM*,*
* bet Crv,PM*,IR
* bet Crv,PM*,NIR
* bet Crv,PM*,PM*
* bet Crv,PM*,UV
* bet Crv,PM*,V*
* bet CVn,**,MIR
* bet CVn,**,*
* bet CVn,**,**
* bet CVn,**,IR
* bet CVn,**,NIR
* bet CVn,**,PM*
* bet CVn,**,SB*
* bet CVn,**,UV
* bet CVn,**,V*
* bet CVn,**,X
* bet Del,**,UV
* bet Del,**,NIR
* bet Del,**,IR
* bet Del,**,X
* bet Del,**,SB*
* bet Del,**,**
* bet Del,**,*
* bet Dor,cC*,UV
* bet Dor,cC*,IR
* bet Dor,cC*,cC*
* bet Dor,cC*,*
* bet Dor,cC*,NIR
* bet Dor,cC*,SB*
* bet Dor,cC*,V*
* bet Dra,*,*
* bet Dra,*,X
* bet Dra,*,**
* bet Dra,*,IR
* bet Dra,*,NIR
* bet Dra,*,UV
* bet Equ,PM*,UV
* bet Equ,PM*,*
* bet Equ,PM*,**
* bet Equ,PM*,IR
* bet Equ,PM*,MIR
* bet Equ,PM*,NIR
* bet Equ,PM*,PM*
* bet Eri,PM*,IR
* bet Eri,PM*,PM*
* bet Eri,PM*,UV
* bet Eri,PM*,NIR
* bet Eri,PM*,X
* bet Eri,PM*,V*
* bet Eri,PM*,*
* bet Eri,PM*,**
* bet For,RG*,PM*
* bet For,RG*,**
* bet For,RG*,*
* bet For,RG*,UV
* bet For,RG*,RG*
* bet For,RG*,NIR
* bet For,RG*,IR
* bet Gem,PM*,**
* bet Gem,PM*,IR
* bet Gem,PM*,NIR
* bet Gem,PM*,PM*
* bet Gem,PM*,X
* bet Gem,PM*,UV
* bet Gem,PM*,V*
* bet Gem,PM*,*
* bet Gru,LP?,NIR
* bet Gru,LP?,IR
* bet Gru,LP?,*
* bet Gru,LP?,V*
* bet Gru,LP?,LP?
* bet Gru,LP?,UV
* bet Her,SB*,SB*
* bet Her,SB*,*
* bet Her,SB*,**
* bet Her,SB*,IR
* bet Her,SB*,NIR
* bet Her,SB*,PM*
* bet Her,SB*,UV
* bet Her,SB*,V*
* bet Her,SB*,X
* bet Hya,a2*,IR
* bet Hya,a2*,*
* bet Hya,a2*,**
* bet Hya,a2*,a2*
* bet Hya,a2*,V*
* bet Hya,a2*,UV
* bet Hya,a2*,NIR
* bet Hya,a2*,MIR
* bet Hyi,PM*,NIR
* bet Hyi,PM*,PM*
* bet Hyi,PM*,UV
* bet Hyi,PM*,V*
* bet Hyi,PM*,X
* bet Hyi,PM*,*
* bet Hyi,PM*,IR
* bet Ind,*,UV
* bet Ind,*,IR
* bet Ind,*,**
* bet Ind,*,*
* bet Ind,*,NIR
* bet Lac,**,IR
* bet Lac,**,NIR
* bet Lac,**,PM*
* bet Lac,**,RG*
* bet Lac,**,*
* bet Lac,**,**
* bet Leo,dS*,*
* bet Leo,dS*,V*
* bet Leo,dS*,UV
* bet Leo,dS*,PM*
* bet Leo,dS*,NIR
* bet Leo,dS*,IR
* bet Leo,dS*,dS*
* bet Leo,dS*,**
* bet Lep,PM*,UV
* bet Lep,PM*,PM*
* bet Lep,PM*,NIR
* bet Lep,PM*,IR
* bet Lep,PM*,**
* bet Lep,PM*,*
* bet Lep,PM*,X
* bet Lep,PM*,V*
* bet Lib,PM*,V*
* bet Lib,PM*,UV
* bet Lib,PM*,PM*
* bet Lib,PM*,MIR
* bet Lib,PM*,NIR
* bet Lib,PM*,*
* bet Lib,PM*,IR
* bet LMi,**,MIR
* bet LMi,**,NIR
* bet LMi,**,PM*
* bet LMi,**,SB*
* bet LMi,**,UV
* bet LMi,**,*
* bet LMi,**,*
* bet LMi,**,**
* bet LMi,**,IR
* bet Lup,**,**
* bet Lup,**,*
* bet Lup,**,PM*
* bet Lup,**,NIR
* bet Lup,**,IR
* bet Lup,**,UV
* bet Lyr,SB*,*
* bet Lyr,SB*,EB*
* bet Lyr,SB*,Em*
* bet Lyr,SB*,IR
* bet Lyr,SB*,NIR
* bet Lyr,SB*,Rad
* bet Lyr,SB*,SB*
* bet Lyr,SB*,UV
* bet Lyr,SB*,V*
* bet Lyr,SB*,X
* bet Lyr,SB*,*
* bet Lyr,SB*,**
* bet Mon,**,**
* bet Mon,**,IR
* bet Mon,**,MIR
* bet Mon,**,UV
* bet Mon,**,*
* bet Mus,**,NIR
* bet Mus,**,Pu*
* bet Mus,**,UV
* bet Mus,**,SB*
* bet Mus,**,*
* bet Mus,**,**
* bet Mus,**,bC?
* bet Mus,**,IR
* bet Mus,**,MIR
* bet Oct,PM*,*
* bet Oct,PM*,IR
* bet Oct,PM*,NIR
* bet Oct,PM*,PM*
* bet Oct,PM*,UV
* bet Oph,PM*,IR
* bet Oph,PM*,PM*
* bet Oph,PM*,UV
* bet Oph,PM*,V*
* bet Oph,PM*,*
* bet Oph,PM*,NIR
* bet Ori,s*b,s*b
* bet Ori,s*b,V*
* bet Ori,s*b,X
* bet Ori,s*b,Em*
* bet Ori,s*b,**
* bet Ori,s*b,*
* bet Ori,s*b,IR
* bet Ori,s*b,ISM
* bet Ori,s*b,NIR
* bet Ori,s*b,Pu*
* bet Ori,s*b,RNe
* bet Ori,s*b,UV
* bet Pav,*,UV
* bet Pav,*,*
* bet Pav,*,IR
* bet Pav,*,NIR
* bet Peg,LP*,*
* bet Peg,LP*,V*
* bet Peg,LP*,UV
* bet Peg,LP*,PM*
* bet Peg,LP*,NIR
* bet Peg,LP*,LP*
* bet Peg,LP*,IR
* bet Peg,LP*,**
* bet Per,SB*,*
* bet Per,SB*,UV
* bet Per,SB*,V*
* bet Per,SB*,X
* bet Per,SB*,NIR
* bet Per,SB*,SB*
* bet Per,SB*,IR
* bet Per,SB*,EB*
* bet Per,SB*,**
* bet Phe,**,IR
* bet Phe,**,*
* bet Phe,**,NIR
* bet Phe,**,UV
* bet Phe,**,V*
* bet Phe,**,X
* bet Phe,**,MIR
* bet Phe,**,**
* bet Pic,PM*,MIR
* bet Pic,PM*,UV
* bet Pic,PM*,smm
* bet Pic,PM*,PM*
* bet Pic,PM*,*
* bet Pic,PM*,IR
* bet Pic,PM*,NIR
* bet PsA,PM*,*
* bet PsA,PM*,UV
* bet PsA,PM*,PM*
* bet PsA,PM*,NIR
* bet PsA,PM*,MIR
* bet PsA,PM*,IR
* bet PsA,PM*,**
* bet Pyx,*,X
* bet Pyx,*,UV
* bet Pyx,*,NIR
* bet Pyx,*,MIR
* bet Pyx,*,IR
* bet Pyx,*,**
* bet Pyx,*,*
* bet Ret,SB*,*
* bet Ret,SB*,**
* bet Ret,SB*,UV
* bet Ret,SB*,SB*
* bet Ret,SB*,RG*
* bet Ret,SB*,PM*
* bet Ret,SB*,NIR
* bet Ret,SB*,IR
* bet Scl,PM*,Er*
* bet Scl,PM*,X
* bet Scl,PM*,UV
* bet Scl,PM*,Ro*
* bet Scl,PM*,PM*
* bet Scl,PM*,NIR
* bet Scl,PM*,*
* bet Sct,SB*,SB*
* bet Sct,SB*,*
* bet Sct,SB*,Em*
* bet Sct,SB*,IR
* bet Sct,SB*,MIR
* bet Sct,SB*,NIR
* bet Sct,SB*,UV
* bet Ser,PM*,*
* bet Ser,PM*,**
* bet Ser,PM*,PM*
* bet Ser,PM*,IR
* bet Ser,PM*,UV
* bet Ser,PM*,NIR
* bet Sex,a2*,UV
* bet Sex,a2*,NIR
* bet Sex,a2*,a2*
* bet Sex,a2*,*
* bet Sex,a2*,V*
* bet Sge,*,UV
* bet Sge,*,NIR
* bet Sge,*,IR
* bet Sge,*,*
* bet Tau,PM*,IR
* bet Tau,PM*,NIR
* bet Tau,PM*,PM*
* bet Tau,PM*,UV
* bet Tau,PM*,X
* bet Tau,PM*,*
* bet Tau,PM*,**
* bet TrA,PM*,*
* bet TrA,PM*,UV
* bet TrA,PM*,PM*
* bet TrA,PM*,NIR
* bet TrA,PM*,IR
* bet TrA,PM*,**
* bet TrA,PM*,X
* bet Tri,SB*,UV
* bet Tri,SB*,PM*
* bet Tri,SB*,SB*
* bet Tri,SB*,NIR
* bet Tri,SB*,*
* bet Tri,SB*,IR
* bet UMa,PM*,*
* bet UMa,PM*,IR
* bet UMa,PM*,NIR
* bet UMa,PM*,PM*
* bet UMa,PM*,V*
* bet UMa,PM*,UV
* bet UMi,*,NIR
* bet UMi,*,V*
* bet UMi,*,*
* bet UMi,*,UV
* bet UMi,*,**
* bet UMi,*,IR
* bet Vir,PM*,PM*
* bet Vir,PM*,NIR
* bet Vir,PM*,Opt
* bet Vir,PM*,UV
* bet Vir,PM*,*
* bet Vir,PM*,**
* bet Vir,PM*,IR
* bet Vir,PM*,MIR
* bet Vir,PM*,X
* bet Vir,PM*,*
* bet Vol,PM*,V*
* bet Vol,PM*,PM*
* bet Vol,PM*,RG*
* bet Vol,PM*,*
* bet Vol,PM*,IR
* bet Vol,PM*,NIR
* c02 Aqr,PM*,*
* c02 Aqr,PM*,IR
* c02 Aqr,PM*,UV
* c02 Aqr,PM*,PM*
* c02 Aqr,PM*,NIR
* chi Cnc,PM*,IR
* chi Cnc,PM*,*
* chi Cnc,PM*,*
* chi Cnc,PM*,NIR
* chi Cnc,PM*,PM*
* chi Cnc,PM*,UV
* chi Dra,SB*,UV
* chi Dra,SB*,SB*
* chi Dra,SB*,V*
* chi Dra,SB*,X
* chi Dra,SB*,PM*
* chi Dra,SB*,NIR
* chi Dra,SB*,MIR
* chi Dra,SB*,IR
* chi Dra,SB*,**
* chi Dra,SB*,*
* chi Eri,PM*,PM*
* chi Eri,PM*,*
* chi Eri,PM*,**
* chi Eri,PM*,IR
* chi Eri,PM*,NIR
* chi Eri,PM*,UV
* chi Eri,PM*,V*
* chi Eri,PM*,X
* chi Her,PM*,IR
* chi Her,PM*,MIR
* chi Her,PM*,NIR
* chi Her,PM*,PM*
* chi Her,PM*,Ro*
* chi Her,PM*,UV
* chi Her,PM*,*
* chi Lup,SB*,*
* chi Lup,SB*,X
* chi Lup,SB*,UV
* chi Lup,SB*,SB*
* chi Lup,SB*,NIR
* chi Lup,SB*,IR
* c Oph,Be*,Be*
* c Oph,Be*,AB?
* c Oph,Be*,*
* c Oph,Be*,Y*O
* c Oph,Be*,V*
* c Oph,Be*,UV
* c Oph,Be*,Or*
* c Oph,Be*,NIR
* c Oph,Be*,MIR
* c Oph,Be*,IR
* c Oph,Be*,Em*
* c Sgr,LP*,NIR
* c Sgr,LP*,IR
* c Sgr,LP*,*
* c Sgr,LP*,V*
* c Sgr,LP*,LP*
* c Tau,BS?,NIR
* c Tau,BS?,BS?
* c Tau,BS?,**
* c Tau,BS?,*
* c Tau,BS?,*
* c Tau,BS?,X
* c Tau,BS?,UV
* c Tau,BS?,PM*
* c Tau,BS?,IR
* chi01 Ori,SB*,NIR
* chi01 Ori,SB*,X
* chi01 Ori,SB*,V*
* chi01 Ori,SB*,UV
* chi01 Ori,SB*,SB*
* chi01 Ori,SB*,RS?
* chi01 Ori,SB*,Ro*
* chi01 Ori,SB*,PM*
* chi01 Ori,SB*,*
* chi01 Ori,SB*,IR
* chi01 Ori,SB*,MIR
* chi UMa,PM*,PM*
* chi UMa,PM*,UV
* chi UMa,PM*,V*
* chi UMa,PM*,*
* chi UMa,PM*,IR
* chi UMa,PM*,NIR
* d Car,Pu*,*
* d Car,Pu*,V*
* d Car,Pu*,UV
* d Car,Pu*,Pu*
* d Car,Pu*,NIR
* d Car,Pu*,IR
* d Car,Pu*,**
* d Cen,**,NIR
* d Cen,**,UV
* d Cen,**,V*
* d Cen,**,IR
* d Cen,**,**
* d Cen,**,*
* del01 Gru,*,*
* del01 Gru,*,X
* del01 Gru,*,V*
* del01 Gru,*,UV
* del01 Gru,*,NIR
* del01 Gru,*,IR
* del01 Gru,*,**
* del01 Vel,**,UV
* del01 Vel,**,V*
* del01 Vel,**,X
* del01 Vel,**,*
* del01 Vel,**,**
* del01 Vel,**,EB*
* del01 Vel,**,Rad
* del01 Vel,**,NIR
* del01 Vel,**,IR
* del02 Lyr,LP*,V*
* del02 Lyr,LP*,NIR
* del02 Lyr,LP*,LP*
* del02 Lyr,LP*,IR
* del02 Lyr,LP*,*
* del03 Tau,a2*,**
* del03 Tau,a2*,a2*
* del03 Tau,a2*,IR
* del03 Tau,a2*,NIR
* del03 Tau,a2*,PM*
* del03 Tau,a2*,UV
* del03 Tau,a2*,X
* del03 Tau,a2*,V*
* del03 Tau,a2*,*
* del03 Tau,a2*,*
* del And,SB*,SB*
* del And,SB*,PM*
* del And,SB*,UV
* del And,SB*,V*
* del And,SB*,*
* del And,SB*,**
* del And,SB*,IR
* del And,SB*,NIR
* del Aql,**,V*
* del Aql,**,UV
* del Aql,**,PM*
* del Aql,**,NIR
* del Aql,**,MIR
* del Aql,**,IR
* del Aql,**,**
* del Aql,**,*
* del Aql,**,X
* del Aqr,PM*,PM*
* del Aqr,PM*,NIR
* del Aqr,PM*,*
* del Aqr,PM*,UV
* del Ara,PM*,PM*
* del Ara,PM*,*
* del Ara,PM*,**
* del Ara,PM*,IR
* del Ara,PM*,X
* del Ara,PM*,UV
* del Ara,PM*,NIR
* del Boo,PM*,IR
* del Boo,PM*,PM*
* del Boo,PM*,NIR
* del Boo,PM*,UV
* del Boo,PM*,**
* del Boo,PM*,*
* del Boo,PM*,V*
* del Cae,*,UV
* del Cae,*,NIR
* del Cae,*,*
* del Cap,SB*,*
* del Cap,SB*,NIR
* del Cap,SB*,**
* del Cap,SB*,EB*
* del Cap,SB*,X
* del Cap,SB*,V*
* del Cap,SB*,UV
* del Cap,SB*,IR
* del Cap,SB*,SB*
* del Cap,SB*,PM*
* del Cap,SB*,MIR
* del Cas,EB*,NIR
* del Cas,EB*,EB*
* del Cas,EB*,**
* del Cas,EB*,*
* del Cas,EB*,V*
* del Cas,EB*,UV
* del Cas,EB*,PM*
* del Cas,EB*,IR
* del Cen,Be*,V*
* del Cen,Be*,NIR
* del Cen,Be*,IR
* del Cen,Be*,Em*
* del Cen,Be*,Em*
* del Cen,Be*,Be*
* del Cen,Be*,**
* del Cen,Be*,*
* del Cen,Be*,UV
* del Cet,bC*,*
* del Cet,bC*,bC*
* del Cet,bC*,bC?
* del Cet,bC*,blu
* del Cet,bC*,IR
* del Cet,bC*,NIR
* del Cet,bC*,UV
* del Cet,bC*,V*
* del Cet,bC*,X
* del CMa,s*y,V*
* del CMa,s*y,*
* del CMa,s*y,IR
* del CMa,s*y,NIR
* del CMa,s*y,s*y
* del CMa,s*y,UV
* del Cnc,**,NIR
* del Cnc,**,**
* del Cnc,**,PM*
* del Cnc,**,*
* del Cnc,**,UV
* del Cnc,**,IR
* del Col,SB*,PM*
* del Col,SB*,*
* del Col,SB*,UV
* del Col,SB*,IR
* del Col,SB*,SB*
* del Col,SB*,NIR
* del CrA,PM*,*
* del CrA,PM*,UV
* del CrA,PM*,PM*
* del CrA,PM*,IR
* del CrA,PM*,NIR
* del CrB,RS*,UV
* del CrB,RS*,X
* del CrB,RS*,*
* del CrB,RS*,IR
* del CrB,RS*,NIR
* del CrB,RS*,PM*
* del CrB,RS*,RS*
* del CrB,RS*,V*
* del Crt,PM*,UV
* del Crt,PM*,PM*
* del Crt,PM*,NIR
* del Crt,PM*,IR
* del Crt,PM*,*
* del Cru,Pu*,NIR
* del Cru,Pu*,bC*
* del Cru,Pu*,bC?
* del Cru,Pu*,IR
* del Cru,Pu*,Pu*
* del Cru,Pu*,UV
* del Cru,Pu*,*
* del Cru,Pu*,V*
* del Crv,PM*,*
* del Crv,PM*,X
* del Crv,PM*,V*
* del Crv,PM*,UV
* del Crv,PM*,PM*
* del Crv,PM*,NIR
* del Crv,PM*,IR
* del Crv,PM*,**
* del Cyg,PM*,*
* del Cyg,PM*,V*
* del Cyg,PM*,UV
* del Cyg,PM*,X
* del Cyg,PM*,PM*
* del Cyg,PM*,NIR
* del Cyg,PM*,IR
* del Cyg,PM*,**
* del Del,dS*,dS*
* del Del,dS*,NIR
* del Del,dS*,UV
* del Del,dS*,V*
* del Del,dS*,*
* del Del,dS*,**
* del Del,dS*,IR
* del Dor,*,UV
* del Dor,*,*
* del Dor,*,IR
* del Dor,*,MIR
* del Dor,*,NIR
* del Dor,*,X
* del Dra,PM*,NIR
* del Dra,PM*,IR
* del Dra,PM*,**
* del Dra,PM*,*
* del Dra,PM*,UV
* del Dra,PM*,PM*
* del Equ,SB*,PM*
* del Equ,SB*,*
* del Equ,SB*,**
* del Equ,SB*,IR
* del Equ,SB*,MIR
* del Equ,SB*,NIR
* del Equ,SB*,SB*
* del Equ,SB*,UV
* del Eri,PM*,*
* del Eri,PM*,*
* del Eri,PM*,NIR
* del Eri,PM*,PM*
* del Eri,PM*,Ro*
* del Eri,PM*,UV
* del Eri,PM*,V*
* del Eri,PM*,IR
* del Gem,SB*,IR
* del Gem,SB*,NIR
* del Gem,SB*,SB*
* del Gem,SB*,UV
* del Gem,SB*,X
* del Gem,SB*,*
* del Gem,SB*,**
* del Gem,SB*,MIR
* del Her,SB*,*
* del Her,SB*,V*
* del Her,SB*,UV
* del Her,SB*,**
* del Her,SB*,MIR
* del Her,SB*,NIR
* del Her,SB*,PM*
* del Her,SB*,SB*
* del Her,SB*,IR
* del Hya,**,IR
* del Hya,**,X
* del Hya,**,UV
* del Hya,**,PM*
* del Hya,**,NIR
* del Hya,**,**
* del Hya,**,*
* del Hyi,PM*,UV
* del Hyi,PM*,*
* del Hyi,PM*,IR
* del Hyi,PM*,NIR
* del Hyi,PM*,PM*
* del Leo,PM*,UV
* del Leo,PM*,NIR
* del Leo,PM*,IR
* del Leo,PM*,*
* del Leo,PM*,V*
* del Leo,PM*,PM*
* del Lep,PM*,PM*
* del Lep,PM*,UV
* del Lep,PM*,IR
* del Lep,PM*,*
* del Lep,PM*,NIR
* del Lup,bC*,bC*
* del Lup,bC*,*
* del Lup,bC*,*
* del Lup,bC*,bC?
* del Lup,bC*,IR
* del Lup,bC*,NIR
* del Lup,bC*,UV
* del Lup,bC*,V*
* del Mon,*,*
* del Mon,*,UV
* del Mon,*,NIR
* del Mon,*,IR
* del Mon,*,**
* del Oct,PM*,PM*
* del Oct,PM*,*
* del Oct,PM*,V*
* del Oct,PM*,IR
* del Oct,PM*,NIR
* del Ori,**,*
* del Ori,**,V*
* del Ori,**,UV
* del Ori,**,SB*
* del Ori,**,NIR
* del Ori,**,X
* del Ori,**,**
* del Ori,**,EB*
* del Ori,**,IR
* del Pav,PM*,UV
* del Pav,PM*,X
* del Pav,PM*,V*
* del Pav,PM*,PM*
* del Pav,PM*,NIR
* del Pav,PM*,*
* del Per,Be*,**
* del Per,Be*,IR
* del Per,Be*,NIR
* del Per,Be*,Be*
* del Per,Be*,UV
* del Per,Be*,V*
* del Per,Be*,*
* del Phe,PM*,PM*
* del Phe,PM*,NIR
* del Phe,PM*,UV
* del Phe,PM*,*
* del Phe,PM*,IR
* del PsA,*,IR
* del PsA,*,*
* del PsA,*,UV
* del PsA,*,NIR
* del PsA,*,**
* del Psc,PM*,PM*
* del Psc,PM*,NIR
* del Psc,PM*,IR
* del Psc,PM*,**
* del Psc,PM*,*
* del Ret,*,*
* del Ret,*,IR
* del Ret,*,NIR
* del Ret,*,V*
* del Sco,SB*,SB*
* del Sco,SB*,X
* del Sco,SB*,UV
* del Sco,SB*,NIR
* del Sco,SB*,MIR
* del Sco,SB*,IR
* del Sco,SB*,**
* del Sco,SB*,*
* del Sco,SB*,V*
* del Ser,**,**
* del Ser,**,*
* del Ser,**,IR
* del Ser,**,MIR
* del Ser,**,NIR
* del Sge,SB*,*
* del Sge,SB*,V*
* del Sge,SB*,UV
* del Sge,SB*,SB*
* del Sge,SB*,LP?
* del Sge,SB*,**
* del Sge,SB*,IR
* del Sge,SB*,NIR
* del Sgr,*,UV
* del Sgr,*,PM*
* del Sgr,*,NIR
* del Sgr,*,MIR
* del Sgr,*,IR
* del Sgr,*,*
* del Sgr,*,**
* del Sgr,*,V*
* del Tau,SB*,*
* del Tau,SB*,*
* del Tau,SB*,SB*
* del Tau,SB*,UV
* del Tau,SB*,V*
* del Tau,SB*,X
* del Tau,SB*,PM*
* del Tau,SB*,NIR
* del Tau,SB*,IR
* del Tau,SB*,**
* del Tri,SB*,IR
* del Tri,SB*,*
* del Tri,SB*,X
* del Tri,SB*,UV
* del Tri,SB*,SB*
* del Tri,SB*,PM*
* del Tri,SB*,NIR
* del Tri,SB*,MIR
* del Tri,SB*,**
* del UMa,PM*,V*
* del UMa,PM*,UV
* del UMa,PM*,PM*
* del UMa,PM*,NIR
* del UMa,PM*,MIR
* del UMa,PM*,IR
* del UMa,PM*,**
* del UMa,PM*,*
* del UMa,PM*,*
* del UMi,PM*,PM*
* del UMi,PM*,IR
* del UMi,PM*,*
* del UMi,PM*,**
* del UMi,PM*,NIR
* del UMi,PM*,UV
* del Vir,RG*,UV
* del Vir,RG*,NIR
* del Vir,RG*,PM*
* del Vir,RG*,RG*
* del Vir,RG*,V*
* del Vir,RG*,*
* del Vir,RG*,**
* del Vir,RG*,IR
* del Vol,*,UV
* del Vol,*,NIR
* del Vol,*,*
* del Vol,*,IR
* d Psc,*,V*
* d Psc,*,*
* d Psc,*,IR
* d Psc,*,NIR
* d Sgr,*,NIR
* d Sgr,*,*
* d Sgr,*,IR
* e Eri,PM*,IR
* e Eri,PM*,NIR
* e Eri,PM*,PM*
* e Eri,PM*,UV
* e Eri,PM*,X
* e Eri,PM*,*
* e Her,PM*,UV
* e Her,PM*,PM*
* e Her,PM*,NIR
* e Her,PM*,IR
* e Her,PM*,**
* e Her,PM*,*
* e Her,PM*,X
* eps Aql,SB*,IR
* eps Aql,SB*,UV
* eps Aql,SB*,PM*
* eps Aql,SB*,NIR
* eps Aql,SB*,SB*
* eps Aql,SB*,**
* eps Aql,SB*,*
* eps Aqr,*,UV
* eps Aqr,*,NIR
* eps Aqr,*,IR
* eps Aqr,*,*
* eps Aqr,*,PM*
* eps Boo,PM*,NIR
* eps Boo,PM*,MIR
* eps Boo,PM*,IR
* eps Boo,PM*,**
* eps Boo,PM*,*
* eps Boo,PM*,PM*
* eps Car,**,UV
* eps Car,**,V*
* eps Car,**,IR
* eps Car,**,**
* eps Car,**,*
* eps Car,**,NIR
* eps Cas,Be*,Em*
* eps Cas,Be*,NIR
* eps Cas,Be*,Pu*
* eps Cas,Be*,V*
* eps Cas,Be*,UV
* eps Cas,Be*,Be*
* eps Cas,Be*,*
* eps Cas,Be*,IR
* eps Cen,bC*,*
* eps Cen,bC*,**
* eps Cen,bC*,bC*
* eps Cen,bC*,IR
* eps Cen,bC*,NIR
* eps Cen,bC*,UV
* eps Cen,bC*,V*
* eps Cen,bC*,X
* eps Cet,SB*,UV
* eps Cet,SB*,X
* eps Cet,SB*,**
* eps Cet,SB*,IR
* eps Cet,SB*,MIR
* eps Cet,SB*,NIR
* eps Cet,SB*,PM*
* eps Cet,SB*,SB*
* eps Cet,SB*,*
* eps CMa,*,NIR
* eps CMa,*,UV
* eps CMa,*,*
* eps CMa,*,**
* eps CMa,*,X
* eps CMa,*,IR
* eps Cnc,SB*,SB*
* eps Cnc,SB*,*
* eps Cnc,SB*,*
* eps Cnc,SB*,**
* eps Cnc,SB*,NIR
* eps Col,*,NIR
* eps Col,*,UV
* eps Col,*,*
* eps Col,*,IR
* eps CrA,SB*,*
* eps CrA,SB*,Y*?
* eps CrA,SB*,X
* eps CrA,SB*,V*
* eps CrA,SB*,UV
* eps CrA,SB*,SB*
* eps CrA,SB*,PM*
* eps CrA,SB*,NIR
* eps CrA,SB*,MIR
* eps CrA,SB*,IR
* eps CrA,SB*,EB*
* eps CrB,PM*,**
* eps CrB,PM*,PM*
* eps CrB,PM*,*
* eps CrB,PM*,IR
* eps CrB,PM*,NIR
* eps CrB,PM*,UV
* eps Crt,*,NIR
* eps Crt,*,IR
* eps Crt,*,*
* eps Crv,PM*,*
* eps Crv,PM*,V*
* eps Crv,PM*,UV
* eps Crv,PM*,PM*
* eps Crv,PM*,NIR
* eps Crv,PM*,IR
* eps Cyg,**,UV
* eps Cyg,**,PM*
* eps Cyg,**,**
* eps Cyg,**,NIR
* eps Cyg,**,IR
* eps Cyg,**,*
* eps Del,*,NIR
* eps Del,*,UV
* eps Del,*,V*
* eps Del,*,*
* eps Del,*,IR
* eps Dra,PM*,IR
* eps Dra,PM*,NIR
* eps Dra,PM*,PM*
* eps Dra,PM*,UV
* eps Dra,PM*,V*
* eps Dra,PM*,*
* eps Dra,PM*,**
* eps Eri,BY*,NIR
* eps Eri,BY*,IR
* eps Eri,BY*,BY*
* eps Eri,BY*,**
* eps Eri,BY*,X
* eps Eri,BY*,*
* eps Eri,BY*,*
* eps Eri,BY*,V*
* eps Eri,BY*,UV
* eps Eri,BY*,Ro*
* eps Eri,BY*,PM*
* eps Gem,*,NIR
* eps Gem,*,V*
* eps Gem,*,MIR
* eps Gem,*,*
* eps Gem,*,**
* eps Gem,*,IR
* eps Gem,*,UV
* eps Gru,SB*,NIR
* eps Gru,SB*,X
* eps Gru,SB*,UV
* eps Gru,SB*,SB*
* eps Gru,SB*,Ro*
* eps Gru,SB*,PM*
* eps Gru,SB*,IR
* eps Gru,SB*,*
* eps Her,SB*,UV
* eps Her,SB*,SB*
* eps Her,SB*,PM*
* eps Her,SB*,NIR
* eps Her,SB*,IR
* eps Her,SB*,**
* eps Her,SB*,*
* eps Hya,**,Ro*
* eps Hya,**,SB*
* eps Hya,**,UV
* eps Hya,**,V*
* eps Hya,**,X
* eps Hya,**,PM*
* eps Hya,**,NIR
* eps Hya,**,IR
* eps Hya,**,**
* eps Hya,**,*
* eps Hyi,PM*,NIR
* eps Hyi,PM*,PM*
* eps Hyi,PM*,UV
* eps Hyi,PM*,V*
* eps Hyi,PM*,IR
* eps Hyi,PM*,*
* eps Hyi,PM*,*
* eps Ind,PM*,MIR
* eps Ind,PM*,X
* eps Ind,PM*,UV
* eps Ind,PM*,PM*
* eps Ind,PM*,NIR
* eps Ind,PM*,IR
* eps Ind,PM*,**
* eps Ind,PM*,*
* eps Ind B,BD*,**
* eps Ind B,BD*,*
* eps Ind B,BD*,MIR
* eps Ind B,BD*,Rad
* eps Ind B,BD*,NIR
* eps Ind B,BD*,PM*
* eps Ind B,BD*,V*
* eps Ind B,BD*,BD*
* eps Leo,*,NIR
* eps Leo,*,IR
* eps Leo,*,*
* eps Leo,*,UV
* eps Leo,*,V*
* eps Lep,PM*,PM*
* eps Lep,PM*,NIR
* eps Lep,PM*,IR
* eps Lep,PM*,*
* eps Lep,PM*,V*
* eps Lep,PM*,UV
* eps Mic,PM*,NIR
* eps Mic,PM*,IR
* eps Mic,PM*,*
* eps Mic,PM*,UV
* eps Mic,PM*,PM*
* eps Mon A,*,*
* eps Mon A,*,NIR
* eps Mon A,*,UV
* eps Mon A,*,**
* eps Nor,SB*,**
* eps Nor,SB*,*
* eps Nor,SB*,*
* eps Nor,SB*,UV
* eps Nor,SB*,SB*
* eps Nor,SB*,NIR
* eps Oph,PM*,IR
* eps Oph,PM*,MIR
* eps Oph,PM*,NIR
* eps Oph,PM*,*
* eps Oph,PM*,PM*
* eps Oph,PM*,**
* eps Oph,PM*,UV
* eps Ori,s*b,**
* eps Ori,s*b,*
* eps Ori,s*b,Em*
* eps Ori,s*b,IR
* eps Ori,s*b,ISM
* eps Ori,s*b,NIR
* eps Ori,s*b,Pu*
* eps Ori,s*b,s*b
* eps Ori,s*b,UV
* eps Ori,s*b,V*
* eps Ori,s*b,X
* eps Pav,PM*,PM*
* eps Pav,PM*,V*
* eps Pav,PM*,UV
* eps Pav,PM*,NIR
* eps Pav,PM*,IR
* eps Pav,PM*,*
* eps Peg,LP*,UV
* eps Peg,LP*,IR
* eps Peg,LP*,LP*
* eps Peg,LP*,**
* eps Peg,LP*,*
* eps Peg,LP*,NIR
* eps Peg,LP*,Pe*
* eps Peg,LP*,V*
* eps Per,bC*,*
* eps Per,bC*,**
* eps Per,bC*,bC*
* eps Per,bC*,IR
* eps Per,bC*,NIR
* eps Per,bC*,SB*
* eps Per,bC*,UV
* eps Per,bC*,V*
* eps Phe,PM*,*
* eps Phe,PM*,UV
* eps Phe,PM*,PM*
* eps Phe,PM*,NIR
* eps PsA,Be*,IR
* eps PsA,Be*,MIR
* eps PsA,Be*,UV
* eps PsA,Be*,Be*
* eps PsA,Be*,blu
* eps PsA,Be*,Em*
* eps PsA,Be*,NIR
* eps PsA,Be*,Pu*
* eps PsA,Be*,Ro*
* eps PsA,Be*,*
* eps Psc,PM*,PM*
* eps Psc,PM*,IR
* eps Psc,PM*,NIR
* eps Psc,PM*,*
* eps Psc,PM*,UV
* eps Psc,PM*,*
* eps Ret,PM*,UV
* eps Ret,PM*,*
* eps Ret,PM*,X
* eps Ret,PM*,PM*
* eps Ret,PM*,NIR
* eps Ret,PM*,IR
* eps Ret,PM*,**
* eps Sco,PM*,PM*
* eps Sco,PM*,*
* eps Sco,PM*,X
* eps Sco,PM*,V*
* eps Sco,PM*,UV
* eps Sco,PM*,NIR
* eps Sco,PM*,IR
* eps Ser,PM*,IR
* eps Ser,PM*,UV
* eps Ser,PM*,PM*
* eps Ser,PM*,*
* eps Ser,PM*,NIR
* eps Sgr,PM*,*
* eps Sgr,PM*,X
* eps Sgr,PM*,UV
* eps Sgr,PM*,PM*
* eps Sgr,PM*,NIR
* eps Sgr,PM*,MIR
* eps Sgr,PM*,IR
* eps Sgr,PM*,**
* eps Tau,**,**
* eps Tau,**,*
* eps Tau,**,*
* eps Tau,**,X
* eps Tau,**,UV
* eps Tau,**,NIR
* eps Tau,**,IR
* eps UMa,a2*,V*
* eps UMa,a2*,UV
* eps UMa,a2*,*
* eps UMa,a2*,**
* eps UMa,a2*,a2*
* eps UMa,a2*,IR
* eps UMa,a2*,NIR
* eps UMa,a2*,PM*
* eps UMi,RS*,UV
* eps UMi,RS*,V*
* eps UMi,RS*,X
* eps UMi,RS*,*
* eps UMi,RS*,**
* eps UMi,RS*,IR
* eps UMi,RS*,NIR
* eps UMi,RS*,RS*
* eps UMi,RS*,SB*
* eps Vir,PM*,IR
* eps Vir,PM*,V*
* eps Vir,PM*,X
* eps Vir,PM*,PM*
* eps Vir,PM*,NIR
* eps Vir,PM*,UV
* eps Vir,PM*,**
* eps Vir,PM*,*
* eps Vir,PM*,*
* eps Vol,SB*,NIR
* eps Vol,SB*,UV
* eps Vol,SB*,SB*
* eps Vol,SB*,*
* eps Vol,SB*,**
* eps Vol,SB*,IR
* eps Vol,SB*,MIR
* eps Vol,SB*,Pu*
* eta Ant,PM*,**
* eta Ant,PM*,IR
* eta Ant,PM*,*
* eta Ant,PM*,PM*
* eta Ant,PM*,UV
* eta Ant,PM*,NIR
* eta Aql,cC*,MIR
* eta Aql,cC*,IR
* eta Aql,cC*,V*
* eta Aql,cC*,cC*
* eta Aql,cC*,**
* eta Aql,cC*,*
* eta Aql,cC*,UV
* eta Aql,cC*,NIR
* eta Aqr,PM*,UV
* eta Aqr,PM*,NIR
* eta Aqr,PM*,blu
* eta Aqr,PM*,*
* eta Aqr,PM*,PM*
* eta Ara,*,NIR
* eta Ara,*,*
* eta Ara,*,**
* eta Ara,*,IR
* eta Boo,SB*,SB*
* eta Boo,SB*,NIR
* eta Boo,SB*,IR
* eta Boo,SB*,*
* eta Boo,SB*,*
* eta Boo,SB*,X
* eta Boo,SB*,UV
* eta Boo,SB*,V*
* eta Boo,SB*,PM*
* eta Cas,PM*,X
* eta Cas,PM*,V*
* eta Cas,PM*,UV
* eta Cas,PM*,SB*
* eta Cas,PM*,IR
* eta Cas,PM*,**
* eta Cas,PM*,*
* eta Cas,PM*,*
* eta Cas,PM*,PM*
* eta Cas,PM*,NIR
* eta Cas B,PM*,NIR
* eta Cas B,PM*,*
* eta Cas B,PM*,PM*
* eta Cas B,PM*,*
* eta Cen,Be*,Be*
* eta Cen,Be*,IR
* eta Cen,Be*,NIR
* eta Cen,Be*,UV
* eta Cen,Be*,V*
* eta Cen,Be*,*
* eta Cen,Be*,Em*
* eta Cet,HB*,HB*
* eta Cet,HB*,*
* eta Cet,HB*,**
* eta Cet,HB*,IR
* eta Cet,HB*,NIR
* eta Cet,HB*,PM*
* eta Cet,HB*,UV
* eta CMa,s*b,UV
* eta CMa,s*b,V*
* eta CMa,s*b,Pu*
* eta CMa,s*b,NIR
* eta CMa,s*b,IR
* eta CMa,s*b,**
* eta CMa,s*b,s*b
* eta CMa,s*b,*
* eta Col,*,*
* eta Col,*,IR
* eta Col,*,NIR
* eta Col,*,UV
* eta Crt,PM*,V*
* eta Crt,PM*,PM*
* eta Crt,PM*,UV
* eta Crt,PM*,NIR
* eta Crt,PM*,IR
* eta Crt,PM*,*
* eta Crv,PM*,V*
* eta Crv,PM*,PM*
* eta Crv,PM*,NIR
* eta Crv,PM*,MIR
* eta Crv,PM*,IR
* eta Crv,PM*,**
* eta Crv,PM*,*
* eta Crv,PM*,X
* eta Crv,PM*,UV
* eta Cyg,*,**
* eta Cyg,*,V*
* eta Cyg,*,UV
* eta Cyg,*,NIR
* eta Cyg,*,IR
* eta Cyg,*,*
* eta Dra,PM*,PM*
* eta Dra,PM*,NIR
* eta Dra,PM*,IR
* eta Dra,PM*,**
* eta Dra,PM*,*
* eta Dra,PM*,X
* eta Dra,PM*,V*
* eta Dra,PM*,UV
* eta Eri,PM*,NIR
* eta Eri,PM*,*
* eta Eri,PM*,IR
* eta Eri,PM*,PM*
* eta Eri,PM*,UV
* eta Eri,PM*,V*
* eta Gem,RG*,X
* eta Gem,RG*,EB*
* eta Gem,RG*,IR
* eta Gem,RG*,NIR
* eta Gem,RG*,RG*
* eta Gem,RG*,SB*
* eta Gem,RG*,UV
* eta Gem,RG*,*
* eta Gem,RG*,V*
* eta Gem,RG*,**
* eta Her,PM*,V*
* eta Her,PM*,X
* eta Her,PM*,UV
* eta Her,PM*,PM*
* eta Her,PM*,NIR
* eta Her,PM*,IR
* eta Her,PM*,**
* eta Her,PM*,*
* eta Hya,bC*,*
* eta Hya,bC*,bC*
* eta Hya,bC*,IR
* eta Hya,bC*,NIR
* eta Hya,bC*,UV
* eta Hya,bC*,V*
* eta Leo,sg*,sg*
* eta Leo,sg*,NIR
* eta Leo,sg*,IR
* eta Leo,sg*,**
* eta Leo,sg*,*
* eta Leo,sg*,V*
* eta Leo,sg*,UV
* eta Lep,PM*,UV
* eta Lep,PM*,PM*
* eta Lep,PM*,NIR
* eta Lep,PM*,IR
* eta Lep,PM*,*
* eta Lep,PM*,X
* eta Lup,bC?,bC?
* eta Lup,bC?,**
* eta Lup,bC?,IR
* eta Lup,bC?,NIR
* eta Lup,bC?,UV
* eta Lup,bC?,*
* eta Lup,bC?,*
* eta Nor,*,IR
* eta Nor,*,X
* eta Nor,*,UV
* eta Nor,*,NIR
* eta Nor,*,*
* eta Oph,**,UV
* eta Oph,**,*
* eta Oph,**,**
* eta Oph,**,IR
* eta Oph,**,NIR
* eta Pav,PM*,PM*
* eta Pav,PM*,UV
* eta Pav,PM*,*
* eta Pav,PM*,IR
* eta Pav,PM*,NIR
* eta Peg,SB*,NIR
* eta Peg,SB*,V*
* eta Peg,SB*,*
* eta Peg,SB*,**
* eta Peg,SB*,IR
* eta Peg,SB*,SB*
* eta Peg,SB*,UV
* eta Per,*,NIR
* eta Per,*,IR
* eta Per,*,**
* eta Per,*,*
* eta Per,*,*
* eta PsA,Be*,Be*
* eta PsA,Be*,*
* eta PsA,Be*,**
* eta PsA,Be*,Em*
* eta PsA,Be*,IR
* eta PsA,Be*,MIR
* eta PsA,Be*,NIR
* eta PsA,Be*,Pu*
* eta PsA,Be*,UV
* eta PsA,Be*,V*
* eta Psc,**,*
* eta Psc,**,V*
* eta Psc,**,UV
* eta Psc,**,NIR
* eta Psc,**,IR
* eta Psc,**,**
* eta Sco,PM*,*
* eta Sco,PM*,X
* eta Sco,PM*,UV
* eta Sco,PM*,PM*
* eta Sco,PM*,NIR
* eta Sco,PM*,MIR
* eta Sco,PM*,IR
* eta Sco,PM*,**
* eta Ser,PM*,NIR
* eta Ser,PM*,**
* eta Ser,PM*,*
* eta Ser,PM*,PM*
* eta Ser,PM*,UV
* eta Ser,PM*,V*
* eta Ser,PM*,IR
* eta Sge,PM*,IR
* eta Sge,PM*,PM*
* eta Sge,PM*,RG*
* eta Sge,PM*,*
* eta Sge,PM*,*
* eta Sge,PM*,NIR
* eta Sgr,PM*,**
* eta Sgr,PM*,V*
* eta Sgr,PM*,UV
* eta Sgr,PM*,PM*
* eta Sgr,PM*,NIR
* eta Sgr,PM*,LP?
* eta Sgr,PM*,IR
* eta Sgr,PM*,*
* eta Tau,Be*,**
* eta Tau,Be*,*
* eta Tau,Be*,Be*
* eta Tau,Be*,Em*
* eta Tau,Be*,IR
* eta Tau,Be*,NIR
* eta Tau,Be*,PM*
* eta Tau,Be*,UV
* eta Tau,Be*,X
* eta UMa,PM*,MIR
* eta UMa,PM*,NIR
* eta UMa,PM*,PM*
* eta UMa,PM*,UV
* eta UMa,PM*,*
* eta UMa,PM*,V*
* eta UMa,PM*,IR
* eta UMi,PM*,*
* eta UMi,PM*,IR
* eta UMi,PM*,MIR
* eta UMi,PM*,NIR
* eta UMi,PM*,PM*
* eta UMi,PM*,UV
* eta UMi,PM*,**
* f Eri,**,IR
* f Eri,**,*
* f Eri,**,**
* gam Aps,PM*,X
* gam Aps,PM*,UV
* gam Aps,PM*,NIR
* gam Aps,PM*,IR
* gam Aps,PM*,PM*
* gam Aps,PM*,*
* gam Aql,*,V*
* gam Aql,*,NIR
* gam Aql,*,MIR
* gam Aql,*,IR
* gam Aql,*,**
* gam Aql,*,*
* gam Aql,*,UV
* gam Aqr,PM*,IR
* gam Aqr,PM*,X
* gam Aqr,PM*,UV
* gam Aqr,PM*,PM*
* gam Aqr,PM*,NIR
* gam Aqr,PM*,**
* gam Aqr,PM*,*
* gam Ara,Be*,NIR
* gam Ara,Be*,*
* gam Ara,Be*,Be*
* gam Ara,Be*,IR
* gam Ara,Be*,X
* gam Ara,Be*,UV
* gam Ari,a2*,*
* gam Ari,a2*,V*
* gam Ari,a2*,UV
* gam Ari,a2*,NIR
* gam Ari,a2*,IR
* gam Ari,a2*,a2*
* gam Ari,a2*,**
* gam Boo,dS*,dS*
* gam Boo,dS*,*
* gam Boo,dS*,V*
* gam Boo,dS*,UV
* gam Boo,dS*,PM*
* gam Boo,dS*,NIR
* gam Boo,dS*,MIR
* gam Boo,dS*,IR
* gam Boo,dS*,**
* gam Cam,*,UV
* gam Cam,*,IR
* gam Cam,*,**
* gam Cam,*,*
* gam Cam,*,NIR
* gam Cap,a2*,V*
* gam Cap,a2*,*
* gam Cap,a2*,a2*
* gam Cap,a2*,IR
* gam Cap,a2*,NIR
* gam Cap,a2*,PM*
* gam Cap,a2*,UV
* gam Cas,HXB,*
* gam Cas,HXB,X
* gam Cas,HXB,V*
* gam Cas,HXB,UV
* gam Cas,HXB,NIR
* gam Cas,HXB,MIR
* gam Cas,HXB,IR
* gam Cas,HXB,HXB
* gam Cas,HXB,gam
* gam Cas,HXB,Em*
* gam Cas,HXB,Be*
* gam Cas,HXB,**
* gam Cen,**,NIR
* gam Cen,**,UV
* gam Cen,**,PM*
* gam Cen,**,*
* gam Cen,**,**
* gam Cen,**,IR
* gam Cep,SB*,UV
* gam Cep,SB*,NIR
* gam Cep,SB*,SB*
* gam Cep,SB*,*
* gam Cep,SB*,**
* gam Cep,SB*,IR
* gam Cep,SB*,X
* gam Cep,SB*,V*
* gam Cet,**,*
* gam Cet,**,NIR
* gam Cet,**,UV
* gam Cet,**,X
* gam Cet,**,IR
* gam Cet,**,**
* gam CMa,*,*
* gam CMa,*,IR
* gam CMa,*,MIR
* gam CMa,*,NIR
* gam CMa,*,UV
* g Eri,PM*,IR
* g Eri,PM*,PM*
* g Eri,PM*,UV
* g Eri,PM*,*
* g Eri,PM*,NIR
* gam01 And,*,*
* gam01 And,*,**
* gam01 And,*,IR
* gam01 And,*,NIR
* gam02 Del,PM*,*
* gam02 Del,PM*,PM*
* gam02 Del,PM*,IR
* gam02 Del,PM*,**
* gam02 Nor,PM*,NIR
* gam02 Nor,PM*,PM*
* gam02 Nor,PM*,*
* gam02 Nor,PM*,**
* gam02 Sgr,PM*,V*
* gam02 Sgr,PM*,PM*
* gam02 Sgr,PM*,IR
* gam02 Sgr,PM*,*
* gam02 Sgr,PM*,NIR
* gam02 Sgr,PM*,UV
* gam02 Vel,WR*,X
* gam02 Vel,WR*,*
* gam02 Vel,WR*,**
* gam02 Vel,WR*,cm
* gam02 Vel,WR*,Em*
* gam02 Vel,WR*,HII
* gam02 Vel,WR*,IR
* gam02 Vel,WR*,NIR
* gam02 Vel,WR*,Rad
* gam02 Vel,WR*,SB*
* gam02 Vel,WR*,UV
* gam02 Vel,WR*,V*
* gam02 Vel,WR*,WR*
* gam02 Vol,PM*,IR
* gam02 Vol,PM*,**
* gam02 Vol,PM*,*
* gam02 Vol,PM*,V*
* gam02 Vol,PM*,PM*
* gam02 Vol,PM*,NIR
* gam Cha,*,V*
* gam Cha,*,IR
* gam Cha,*,*
* gam Cha,*,NIR
* gam Cir,**,UV
* gam Cir,**,MIR
* gam Cir,**,NIR
* gam Cir,**,**
* gam Cir,**,Be*
* gam Cir,**,*
* gam Cir,**,V*
* gam Cnc,PM*,UV
* gam Cnc,PM*,*
* gam Cnc,PM*,**
* gam Cnc,PM*,PM*
* gam Cnc,PM*,NIR
* gam Cnc,PM*,IR
* gam Col,Pu*,IR
* gam Col,Pu*,*
* gam Col,Pu*,V*
* gam Col,Pu*,UV
* gam Col,Pu*,Pu*
* gam Col,Pu*,NIR
* gam Col,Pu*,**
* gam Com,PM*,NIR
* gam Com,PM*,PM*
* gam Com,PM*,UV
* gam Com,PM*,IR
* gam Com,PM*,*
* gam CrA,**,NIR
* gam CrA,**,*
* gam CrA,**,**
* gam CrA,**,IR
* gam CrA,**,PM*
* gam CrA,**,UV
* gam CrA,**,X
* gam CrB,**,*
* gam CrB,**,V*
* gam CrB,**,UV
* gam CrB,**,**
* gam CrB,**,dS*
* gam CrB,**,IR
* gam CrB,**,MIR
* gam CrB,**,NIR
* gam Crt,PM*,**
* gam Crt,PM*,*
* gam Crt,PM*,IR
* gam Crt,PM*,MIR
* gam Crt,PM*,NIR
* gam Crt,PM*,PM*
* gam Crt,PM*,UV
* gam Crt,PM*,X
* gam Cru,PM*,PM*
* gam Cru,PM*,*
* gam Cru,PM*,**
* gam Cru,PM*,IR
* gam Cru,PM*,NIR
* gam Cru,PM*,V*
* gam Crv,PM*,NIR
* gam Crv,PM*,PM*
* gam Crv,PM*,UV
* gam Crv,PM*,V*
* gam Crv,PM*,*
* gam Crv,PM*,IR
* gam Cyg,*,*
* gam Cyg,*,V*
* gam Cyg,*,UV
* gam Cyg,*,NIR
* gam Cyg,*,IR
* gam Cyg,*,**
* gam Dor,gD*,*
* gam Dor,gD*,UV
* gam Dor,gD*,NIR
* gam Dor,gD*,MIR
* gam Dor,gD*,IR
* gam Dor,gD*,gD*
* gam Dor,gD*,PM*
* gam Dor,gD*,X
* gam Dor,gD*,V*
* gam Dra,*,**
* gam Dra,*,IR
* gam Dra,*,NIR
* gam Dra,*,UV
* gam Dra,*,*
* gam Equ,a2*,*
* gam Equ,a2*,X
* gam Equ,a2*,V*
* gam Equ,a2*,UV
* gam Equ,a2*,PM*
* gam Equ,a2*,NIR
* gam Equ,a2*,IR
* gam Equ,a2*,a2*
* gam Equ,a2*,**
* gam Gem,SB*,*
* gam Gem,SB*,**
* gam Gem,SB*,IR
* gam Gem,SB*,NIR
* gam Gem,SB*,SB*
* gam Gem,SB*,UV
* gam Gem,SB*,X
* gam Gru,PM*,Ro*
* gam Gru,PM*,UV
* gam Gru,PM*,IR
* gam Gru,PM*,*
* gam Gru,PM*,NIR
* gam Gru,PM*,PM*
* gam Her,PM*,LP*
* gam Her,PM*,*
* gam Her,PM*,**
* gam Her,PM*,V*
* gam Her,PM*,UV
* gam Her,PM*,PM*
* gam Her,PM*,NIR
* gam Her,PM*,IR
* gam Her,PM*,MIR
* gam Hya,SB*,**
* gam Hya,SB*,X
* gam Hya,SB*,V*
* gam Hya,SB*,UV
* gam Hya,SB*,SB*
* gam Hya,SB*,PM*
* gam Hya,SB*,NIR
* gam Hya,SB*,IR
* gam Hya,SB*,*
* gam Hyi,PM*,PM*
* gam Hyi,PM*,NIR
* gam Hyi,PM*,*
* gam Hyi,PM*,IR
* gam Hyi,PM*,V*
* gam Hyi,PM*,UV
* gam Leo,**,*
* gam Leo,**,**
* gam Leo,**,IR
* gam Leo,**,NIR
* gam Lep,PM*,IR
* gam Lep,PM*,MIR
* gam Lep,PM*,PM*
* gam Lep,PM*,UV
* gam Lep,PM*,NIR
* gam Lep,PM*,*
* gam Lep,PM*,**
* gam Lib,**,**
* gam Lib,**,IR
* gam Lib,**,NIR
* gam Lib,**,PM*
* gam Lib,**,UV
* gam Lib,**,*
* gam Lup,**,MIR
* gam Lup,**,IR
* gam Lup,**,El?
* gam Lup,**,V*
* gam Lup,**,*
* gam Lup,**,**
* gam Lup,**,UV
* gam Lup,**,NIR
* gam Lyr,*,NIR
* gam Lyr,*,MIR
* gam Lyr,*,IR
* gam Lyr,*,**
* gam Lyr,*,*
* gam Lyr,*,UV
* gam Men,PM*,*
* gam Men,PM*,**
* gam Men,PM*,IR
* gam Men,PM*,NIR
* gam Men,PM*,PM*
* gam Men,PM*,RG*
* gam Mic,*,IR
* gam Mic,*,UV
* gam Mic,*,X
* gam Mic,*,**
* gam Mic,*,*
* gam Mic,*,NIR
* gam Mon,*,UV
* gam Mon,*,NIR
* gam Mon,*,MIR
* gam Mon,*,IR
* gam Mon,*,**
* gam Mon,*,*
* gam Mus,SB*,Pu*
* gam Mus,SB*,*
* gam Mus,SB*,IR
* gam Mus,SB*,NIR
* gam Mus,SB*,PM*
* gam Mus,SB*,SB*
* gam Mus,SB*,UV
* gam Mus,SB*,V*
* gam Ori,*,**
* gam Ori,*,X
* gam Ori,*,V*
* gam Ori,*,UV
* gam Ori,*,NIR
* gam Ori,*,MIR
* gam Ori,*,IR
* gam Ori,*,*
* gam Pav,PM*,UV
* gam Pav,PM*,PM*
* gam Pav,PM*,NIR
* gam Pav,PM*,MIR
* gam Pav,PM*,IR
* gam Pav,PM*,*
* gam Pav,PM*,V*
* gam Peg,bC*,bC*
* gam Peg,bC*,*
* gam Peg,bC*,**
* gam Peg,bC*,**
* gam Peg,bC*,blu
* gam Peg,bC*,IR
* gam Peg,bC*,MIR
* gam Peg,bC*,NIR
* gam Peg,bC*,UV
* gam Peg,bC*,V*
* gam Per,SB*,V*
* gam Per,SB*,**
* gam Per,SB*,*
* gam Per,SB*,EB*
* gam Per,SB*,IR
* gam Per,SB*,MIR
* gam Per,SB*,NIR
* gam Per,SB*,SB*
* gam Per,SB*,UV
* gam Phe,SB*,PM*
* gam Phe,SB*,SB*
* gam Phe,SB*,V*
* gam Phe,SB*,*
* gam Phe,SB*,IR
* gam Phe,SB*,LP?
* gam Phe,SB*,NIR
* gam Pic,PM*,*
* gam Pic,PM*,NIR
* gam Pic,PM*,IR
* gam Pic,PM*,PM*
* gam Pic,PM*,RG*
* gam Pic,PM*,UV
* gam Pic,PM*,X
* gam Psc,PM*,IR
* gam Psc,PM*,PM*
* gam Psc,PM*,UV
* gam Psc,PM*,*
* gam Psc,PM*,NIR
* gam Pyx,PM*,UV
* gam Pyx,PM*,PM*
* gam Pyx,PM*,NIR
* gam Pyx,PM*,IR
* gam Pyx,PM*,*
* gam Scl,PM*,IR
* gam Scl,PM*,*
* gam Scl,PM*,NIR
* gam Scl,PM*,PM*
* gam Sct,*,UV
* gam Sct,*,NIR
* gam Sct,*,*
* gam Ser,PM*,V*
* gam Ser,PM*,X
* gam Ser,PM*,IR
* gam Ser,PM*,**
* gam Ser,PM*,MIR
* gam Ser,PM*,*
* gam Ser,PM*,NIR
* gam Ser,PM*,PM*
* gam Ser,PM*,UV
* gam Sge,PM*,*
* gam Sge,PM*,*
* gam Sge,PM*,IR
* gam Sge,PM*,MIR
* gam Sge,PM*,PM*
* gam Sge,PM*,UV
* gam Sge,PM*,V*
* gam Tau,**,**
* gam Tau,**,X
* gam Tau,**,V*
* gam Tau,**,UV
* gam Tau,**,PM*
* gam Tau,**,NIR
* gam Tau,**,*
* gam Tau,**,*
* gam Tau,**,IR
* gam TrA,PM*,IR
* gam TrA,PM*,V*
* gam TrA,PM*,UV
* gam TrA,PM*,PM*
* gam TrA,PM*,NIR
* gam TrA,PM*,*
* gam Tri,PM*,IR
* gam Tri,PM*,*
* gam Tri,PM*,MIR
* gam Tri,PM*,NIR
* gam Tri,PM*,PM*
* gam Tri,PM*,UV
* gam Tuc,PM*,IR
* gam Tuc,PM*,**
* gam Tuc,PM*,NIR
* gam Tuc,PM*,PM*
* gam Tuc,PM*,X
* gam Tuc,PM*,UV
* gam Tuc,PM*,*
* gam UMa,Em*,X
* gam UMa,Em*,Em*
* gam UMa,Em*,**
* gam UMa,Em*,*
* gam UMa,Em*,PM*
* gam UMa,Em*,NIR
* gam UMa,Em*,IR
* gam UMa,Em*,UV
* gam UMa,Em*,V*
* gam UMi,dS*,dS*
* gam UMi,dS*,V*
* gam UMi,dS*,IR
* gam UMi,dS*,NIR
* gam UMi,dS*,UV
* gam UMi,dS*,*
* gam Vir,PM*,**
* gam Vir,PM*,X
* gam Vir,PM*,V*
* gam Vir,PM*,UV
* gam Vir,PM*,PM*
* gam Vir,PM*,NIR
* gam Vir,PM*,IR
* gam Vir,PM*,*
* h01 Sgr,dS*,UV
* h01 Sgr,dS*,SB*
* h01 Sgr,dS*,NIR
* h01 Sgr,dS*,dS*
* h01 Sgr,dS*,*
* h01 Sgr,dS*,V*
* h UMa,PM*,UV
* h UMa,PM*,X
* h UMa,PM*,V*
* h UMa,PM*,PM*
* h UMa,PM*,NIR
* h UMa,PM*,MIR
* h UMa,PM*,IR
* h UMa,PM*,**
* h UMa,PM*,*
* iot01 Sco,s*y,s*y
* iot01 Sco,s*y,SB*
* iot01 Sco,s*y,NIR
* iot01 Sco,s*y,Em*
* iot01 Sco,s*y,IR
* iot01 Sco,s*y,*
* iot01 Sco,s*y,**
* iot01 Sco,s*y,UV
* iot Aqr,SB*,UV
* iot Aqr,SB*,X
* iot Aqr,SB*,SB*
* iot Aqr,SB*,PM*
* iot Aqr,SB*,NIR
* iot Aqr,SB*,IR
* iot Aqr,SB*,*
* iot Aur,*,V*
* iot Aur,*,IR
* iot Aur,*,NIR
* iot Aur,*,*
* iot Aur,*,UV
* iot Cap,BY*,V*
* iot Cap,BY*,NIR
* iot Cap,BY*,IR
* iot Cap,BY*,BY*
* iot Cap,BY*,*
* iot Cap,BY*,X
* iot Cap,BY*,UV
* iot Car,*,NIR
* iot Car,*,IR
* iot Car,*,*
* iot Car,*,V*
* iot Car,*,X
* iot Car,*,UV
* iot Cen,PM*,IR
* iot Cen,PM*,PM*
* iot Cen,PM*,NIR
* iot Cen,PM*,HS?
* iot Cen,PM*,blu
* iot Cen,PM*,*
* iot Cep,PM*,*
* iot Cep,PM*,PM*
* iot Cep,PM*,UV
* iot Cep,PM*,V*
* iot Cep,PM*,IR
* iot Cep,PM*,**
* iot Cep,PM*,NIR
* iot Cet,*,NIR
* iot Cet,*,PM*
* iot Cet,*,V*
* iot Cet,*,UV
* iot Cet,*,*
* iot Cet,*,**
* iot Cet,*,IR
* iot CMa,s*b,V*
* iot CMa,s*b,s*b
* iot CMa,s*b,UV
* iot CMa,s*b,MIR
* iot CMa,s*b,IR
* iot CMa,s*b,bC?
* iot CMa,s*b,*
* iot CMa,s*b,NIR
* iot Cnc,PM*,PM*
* iot Cnc,PM*,**
* iot Cnc,PM*,*
* iot Cnc,PM*,IR
* iot Cnc,PM*,NIR
* iot Cnc,PM*,V*
* iot CrB,SB*,V*
* iot CrB,SB*,UV
* iot CrB,SB*,SB*
* iot CrB,SB*,NIR
* iot CrB,SB*,IR
* iot CrB,SB*,*
* iot Cyg,PM*,IR
* iot Cyg,PM*,UV
* iot Cyg,PM*,PM*
* iot Cyg,PM*,NIR
* iot Cyg,PM*,*
* iot Dra,RG*,V*
* iot Dra,RG*,UV
* iot Dra,RG*,RG*
* iot Dra,RG*,RG*
* iot Dra,RG*,NIR
* iot Dra,RG*,*
* iot Dra,RG*,**
* iot Dra,RG*,IR
* iot Eri,PM*,IR
* iot Eri,PM*,*
* iot Eri,PM*,UV
* iot Eri,PM*,RG*
* iot Eri,PM*,PM*
* iot Eri,PM*,NIR
* iot Gem,PM*,*
* iot Gem,PM*,V*
* iot Gem,PM*,UV
* iot Gem,PM*,PM*
* iot Gem,PM*,NIR
* iot Gem,PM*,IR
* iot Gru,SB*,PM*
* iot Gru,SB*,SB*
* iot Gru,SB*,X
* iot Gru,SB*,UV
* iot Gru,SB*,*
* iot Gru,SB*,IR
* iot Gru,SB*,NIR
* iot Her,bC*,V*
* iot Her,bC*,X
* iot Her,bC*,IR
* iot Her,bC*,NIR
* iot Her,bC*,bC*
* iot Her,bC*,**
* iot Her,bC*,*
* iot Her,bC*,SB*
* iot Her,bC*,UV
* iot Lep,**,IR
* iot Lep,**,NIR
* iot Lep,**,X
* iot Lep,**,PM*
* iot Lep,**,UV
* iot Lep,**,*
* iot Lep,**,**
* iot Peg,SB*,IR
* iot Peg,SB*,MIR
* iot Peg,SB*,PM*
* iot Peg,SB*,NIR
* iot Peg,SB*,SB*
* iot Peg,SB*,UV
* iot Peg,SB*,V*
* iot Peg,SB*,X
* iot Peg,SB*,*
* iot Peg,SB*,**
* iot Per,PM*,*
* iot Per,PM*,*
* iot Per,PM*,X
* iot Per,PM*,UV
* iot Per,PM*,PM*
* iot Per,PM*,NIR
* iot Per,PM*,MIR
* iot Per,PM*,IR
* iot Per,PM*,**
* iot Psc,PM*,PM*
* iot Psc,PM*,UV
* iot Psc,PM*,X
* iot Psc,PM*,V*
* iot Psc,PM*,**
* iot Psc,PM*,*
* iot Psc,PM*,IR
* iot Psc,PM*,MIR
* iot Psc,PM*,NIR
* iot Sgr,PM*,PM*
* iot Sgr,PM*,NIR
* iot Sgr,PM*,UV
* iot Sgr,PM*,IR
* iot Sgr,PM*,*
* iot UMa,**,X
* iot UMa,**,PM*
* iot UMa,**,IR
* iot UMa,**,NIR
* iot UMa,**,**
* iot UMa,**,*
* iot UMa,**,UV
* iot UMa,**,V*
* iot Vir,PM*,*
* iot Vir,PM*,NIR
* iot Vir,PM*,MIR
* iot Vir,PM*,IR
* iot Vir,PM*,**
* iot Vir,PM*,PM*
* iot Vir,PM*,X
* iot Vir,PM*,V*
* iot Vir,PM*,UV
* iot Vir,PM*,Ro*
* kap Cen,bC*,MIR
* kap Cen,bC*,IR
* kap Cen,bC*,bC*
* kap Cen,bC*,**
* kap Cen,bC*,*
* kap Cen,bC*,X
* kap Cen,bC*,UV
* kap Cen,bC*,Pu*
* kap Cen,bC*,NIR
* kap01 Cet,BY*,X
* kap01 Cet,BY*,*
* kap01 Cet,BY*,**
* kap01 Cet,BY*,BY*
* kap01 Cet,BY*,IR
* kap01 Cet,BY*,MIR
* kap01 Cet,BY*,NIR
* kap01 Cet,BY*,PM*
* kap01 Cet,BY*,Ro*
* kap01 Cet,BY*,*
* kap01 Cet,BY*,UV
* kap01 Cet,BY*,V*
* kap01 Tau,PM*,PM*
* kap01 Tau,PM*,V*
* kap01 Tau,PM*,UV
* kap01 Tau,PM*,NIR
* kap01 Tau,PM*,IR
* kap01 Tau,PM*,**
* kap01 Tau,PM*,*
* kap01 Tau,PM*,*
* kap Col,PM*,UV
* kap Col,PM*,V*
* kap Col,PM*,X
* kap Col,PM*,*
* kap Col,PM*,IR
* kap Col,PM*,NIR
* kap Col,PM*,PM*
* kap Col,PM*,RG*
* kap Cyg,PM*,UV
* kap Cyg,PM*,NIR
* kap Cyg,PM*,IR
* kap Cyg,PM*,*
* kap Cyg,PM*,V*
* kap Cyg,PM*,PM*
* kap Dra,Be*,Be*
* kap Dra,Be*,Em*
* kap Dra,Be*,IR
* kap Dra,Be*,PM*
* kap Dra,Be*,NIR
* kap Dra,Be*,Pu*
* kap Dra,Be*,Ro*
* kap Dra,Be*,UV
* kap Dra,Be*,V*
* kap Dra,Be*,*
* kap Eri,*,NIR
* kap Eri,*,*
* kap Eri,*,IR
* kap Eri,*,UV
* kap Gem,PM*,PM*
* kap Gem,PM*,NIR
* kap Gem,PM*,*
* kap Gem,PM*,X
* kap Gem,PM*,**
* kap Gem,PM*,IR
* kap Gem,PM*,MIR
* kap Gem,PM*,UV
* kap Lep,Pu*,Pu*
* kap Lep,Pu*,UV
* kap Lep,Pu*,**
* kap Lep,Pu*,IR
* kap Lep,Pu*,MIR
* kap Lep,Pu*,NIR
* kap Lep,Pu*,*
* kap Nor,*,IR
* kap Nor,*,NIR
* kap Nor,*,*
* kap Nor,*,**
* kap Oph,LP?,*
* kap Oph,LP?,LP?
* kap Oph,LP?,V*
* kap Oph,LP?,UV
* kap Oph,LP?,PM*
* kap Oph,LP?,NIR
* kap Oph,LP?,IR
* kap Ori,s*b,X
* kap Ori,s*b,*
* kap Ori,s*b,IR
* kap Ori,s*b,NIR
* kap Ori,s*b,s*b
* kap Ori,s*b,UV
* kap Ori,s*b,V*
* kap Pav,WV*,*
* kap Pav,WV*,UV
* kap Pav,WV*,NIR
* kap Pav,WV*,V*
* kap Pav,WV*,WV*
* kap Pav,WV*,IR
* kap Peg,**,*
* kap Peg,**,X
* kap Peg,**,SB*
* kap Peg,**,NIR
* kap Peg,**,UV
* kap Peg,**,IR
* kap Peg,**,**
* kap Phe,PM*,PM*
* kap Phe,PM*,*
* kap Phe,PM*,IR
* kap Phe,PM*,NIR
* kap Phe,PM*,UV
* kap Psc,a2*,a2*
* kap Psc,a2*,*
* kap Psc,a2*,UV
* kap Psc,a2*,PM*
* kap Psc,a2*,V*
* kap Psc,a2*,IR
* kap Psc,a2*,blu
* kap Psc,a2*,MIR
* kap Psc,a2*,**
* kap Psc,a2*,NIR
* kap Sco,bC*,UV
* kap Sco,bC*,NIR
* kap Sco,bC*,IR
* kap Sco,bC*,V*
* kap Sco,bC*,X
* kap Sco,bC*,*
* kap Sco,bC*,bC*
* kap Ser,PM*,NIR
* kap Ser,PM*,PM*
* kap Ser,PM*,UV
* kap Ser,PM*,V*
* kap Ser,PM*,*
* kap Ser,PM*,IR
* kap UMa,**,*
* kap UMa,**,IR
* kap UMa,**,NIR
* kap UMa,**,UV
* kap UMa,**,**
* kap Vel,SB*,IR
* kap Vel,SB*,SB*
* kap Vel,SB*,UV
* kap Vel,SB*,*
* kap Vel,SB*,NIR
* kap Vir,PM*,UV
* kap Vir,PM*,PM*
* kap Vir,PM*,NIR
* kap Vir,PM*,IR
* kap Vir,PM*,*
* kap Vir,PM*,V*
* ksi01 Cet,SB*,IR
* ksi01 Cet,SB*,WD*
* ksi01 Cet,SB*,V*
* ksi01 Cet,SB*,UV
* ksi01 Cet,SB*,SB*
* ksi01 Cet,SB*,NIR
* ksi01 Cet,SB*,EB*
* ksi01 Cet,SB*,**
* ksi01 Cet,SB*,*
* ksi01 Cet,SB*,*
* ksi02 Cet,*,NIR
* ksi02 Cet,*,UV
* ksi02 Cet,*,*
* ksi02 Cet,*,IR
* ksi02 Cet,*,MIR
* ksi02 CMa,*,IR
* ksi02 CMa,*,NIR
* ksi02 CMa,*,UV
* ksi02 CMa,*,*
* ksi02 Sgr,*,IR
* ksi02 Sgr,*,*
* ksi02 Sgr,*,NIR
* ksi Boo A,PM*,*
* ksi Boo A,PM*,Ro*
* ksi Boo A,PM*,**
* ksi Boo A,PM*,PM*
* ksi Boo A,PM*,X
* ksi Boo B,PM*,PM*
* ksi Boo B,PM*,Ro*
* ksi Boo B,PM*,*
* ksi Boo B,PM*,**
* ksi Dra,PM*,PM*
* ksi Dra,PM*,IR
* ksi Dra,PM*,**
* ksi Dra,PM*,*
* ksi Dra,PM*,RG*
* ksi Dra,PM*,UV
* ksi Dra,PM*,NIR
* ksi Gem,RG*,*
* ksi Gem,RG*,IR
* ksi Gem,RG*,MIR
* ksi Gem,RG*,NIR
* ksi Gem,RG*,PM*
* ksi Gem,RG*,RG*
* ksi Gem,RG*,UV
* ksi Gem,RG*,V*
* ksi Gem,RG*,X
* ksi Her,LP*,X
* ksi Her,LP*,*
* ksi Her,LP*,IR
* ksi Her,LP*,LP*
* ksi Her,LP*,NIR
* ksi Her,LP*,PM*
* ksi Her,LP*,UV
* ksi Her,LP*,V*
* ksi Hya,**,*
* ksi Hya,**,UV
* ksi Hya,**,PM*
* ksi Hya,**,NIR
* ksi Hya,**,IR
* ksi Hya,**,**
* ksi Hya,**,*
* ksi Hya,**,X
* ksi Ori,SB*,NIR
* ksi Ori,SB*,*
* ksi Ori,SB*,**
* ksi Ori,SB*,IR
* ksi Ori,SB*,SB*
* ksi Ori,SB*,UV
* ksi Pav,SB*,NIR
* ksi Pav,SB*,V*
* ksi Pav,SB*,UV
* ksi Pav,SB*,*
* ksi Pav,SB*,SB*
* ksi Pav,SB*,**
* ksi Pav,SB*,IR
* ksi Peg,PM*,**
* ksi Peg,PM*,UV
* ksi Peg,PM*,*
* ksi Peg,PM*,NIR
* ksi Peg,PM*,MIR
* ksi Peg,PM*,PM*
* ksi Peg,PM*,IR
* ksi Per,**,X
* ksi Per,**,UV
* ksi Per,**,*
* ksi Per,**,**
* ksi Per,**,Em*
* ksi Per,**,IR
* ksi Per,**,NIR
* ksi Per,**,V*
* ksi Psc,SB*,SB*
* ksi Psc,SB*,NIR
* ksi Psc,SB*,IR
* ksi Psc,SB*,*
* ksi Psc,SB*,X
* ksi Ser,SB*,SB*
* ksi Ser,SB*,**
* ksi Ser,SB*,IR
* ksi Ser,SB*,NIR
* ksi Ser,SB*,PM*
* ksi Ser,SB*,UV
* ksi Ser,SB*,X
* ksi Ser,SB*,*
* ksi UMa,RS*,MIR
* ksi UMa,RS*,IR
* ksi UMa,RS*,*
* ksi UMa,RS*,**
* ksi UMa,RS*,RS*
* ksi UMa,RS*,PM*
* ksi UMa,RS*,UV
* ksi UMa,RS*,V*
* ksi UMa,RS*,X
* ksi UMa,RS*,NIR
* ksi UMa C,BD*,**
* ksi UMa C,BD*,BD*
* ksi UMa C,BD*,MIR
* ksi UMa C,BD*,PM*
* ksi UMa C,BD*,*
* lam Aql,PM*,IR
* lam Aql,PM*,NIR
* lam Aql,PM*,PM*
* lam Aql,PM*,UV
* lam Aql,PM*,X
* lam Aql,PM*,*
* lam Aqr,LP*,V*
* lam Aqr,LP*,UV
* lam Aqr,LP*,NIR
* lam Aqr,LP*,LP*
* lam Aqr,LP*,IR
* lam Aqr,LP*,*
* lam Aur,PM*,**
* lam Aur,PM*,UV
* lam Aur,PM*,PM*
* lam Aur,PM*,NIR
* lam Aur,PM*,MIR
* lam Aur,PM*,IR
* lam Aur,PM*,*
* lam Aur,PM*,*
* lam Cen,*,X
* lam Cen,*,UV
* lam Cen,*,NIR
* lam Cen,*,IR
* lam Cen,*,*
* lam Cen,*,**
* lam Cet,*,UV
* lam Cet,*,*
* lam Cet,*,IR
* lam Cet,*,NIR
* lam CrA,PM*,*
* lam CrA,PM*,**
* lam CrA,PM*,PM*
* lam CrA,PM*,UV
* lam CrA,PM*,NIR
* lam Dra,*,V*
* lam Dra,*,*
* lam Dra,*,IR
* lam Dra,*,NIR
* lam Eri,Be*,UV
* lam Eri,Be*,NIR
* lam Eri,Be*,IR
* lam Eri,Be*,Be*
* lam Eri,Be*,*
* lam Eri,Be*,X
* lam Eri,Be*,V*
* lam Gem,PM*,UV
* lam Gem,PM*,NIR
* lam Gem,PM*,MIR
* lam Gem,PM*,IR
* lam Gem,PM*,**
* lam Gem,PM*,*
* lam Gem,PM*,V*
* lam Gem,PM*,PM*
* lam Gru,PM*,PM*
* lam Gru,PM*,*
* lam Gru,PM*,IR
* lam Gru,PM*,NIR
* lam Her,*,NIR
* lam Her,*,IR
* lam Her,*,*
* lam Her,*,UV
* lam Her,*,V*
* lam Hya,SB*,UV
* lam Hya,SB*,SB*
* lam Hya,SB*,PM*
* lam Hya,SB*,NIR
* lam Hya,SB*,IR
* lam Hya,SB*,**
* lam Hya,SB*,*
* lam Lep,**,X
* lam Lep,**,UV
* lam Lep,**,**
* lam Lep,**,NIR
* lam Lep,**,IR
* lam Lep,**,MIR
* lam Lep,**,*
* lam Mus,PM*,IR
* lam Mus,PM*,UV
* lam Mus,PM*,PM*
* lam Mus,PM*,NIR
* lam Mus,PM*,**
* lam Mus,PM*,*
* lam Ori,**,V*
* lam Ori,**,UV
* lam Ori,**,NIR
* lam Ori,**,**
* lam Ori,**,*
* lam Pav,Be*,UV
* lam Pav,Be*,V*
* lam Pav,Be*,V*?
* lam Pav,Be*,NIR
* lam Pav,Be*,IR
* lam Pav,Be*,Em*
* lam Pav,Be*,Be*
* lam Pav,Be*,**
* lam Pav,Be*,*
* lam Peg,PM*,IR
* lam Peg,PM*,UV
* lam Peg,PM*,PM*
* lam Peg,PM*,NIR
* lam Peg,PM*,*
* lam Psc,PM*,PM*
* lam Psc,PM*,*
* lam Psc,PM*,UV
* lam Psc,PM*,IR
* lam Psc,PM*,NIR
* lam Sco,bC*,EB*
* lam Sco,bC*,IR
* lam Sco,bC*,NIR
* lam Sco,bC*,UV
* lam Sco,bC*,V*
* lam Sco,bC*,WD*
* lam Sco,bC*,X
* lam Sco,bC*,bC*
* lam Sco,bC*,**
* lam Sco,bC*,*
* lam Sco,bC*,bC?
* lam Ser,PM*,V*
* lam Ser,PM*,X
* lam Ser,PM*,Ro*
* lam Ser,PM*,PM*
* lam Ser,PM*,UV
* lam Ser,PM*,SB*
* lam Ser,PM*,IR
* lam Ser,PM*,*
* lam Ser,PM*,MIR
* lam Ser,PM*,NIR
* lam Sgr,PM*,**
* lam Sgr,PM*,MIR
* lam Sgr,PM*,NIR
* lam Sgr,PM*,PM*
* lam Sgr,PM*,UV
* lam Sgr,PM*,*
* lam Sgr,PM*,IR
* lam Tau,SB*,*
* lam Tau,SB*,**
* lam Tau,SB*,EB*
* lam Tau,SB*,IR
* lam Tau,SB*,NIR
* lam Tau,SB*,SB*
* lam Tau,SB*,UV
* lam Tau,SB*,V*
* lam UMa,PM*,*
* lam UMa,PM*,UV
* lam UMa,PM*,PM*
* lam UMa,PM*,NIR
* lam UMa,PM*,IR
* lam Vel,s*r,*
* lam Vel,s*r,UV
* lam Vel,s*r,s*r
* lam Vel,s*r,LP*
* lam Vel,s*r,NIR
* lam Vel,s*r,V*
* lam Vel,s*r,IR
* lam Vel,s*r,**
* l Eri,**,NIR
* l Eri,**,UV
* l Eri,**,*
* l Eri,**,**
* l Eri,**,IR
* mu. And,PM*,IR
* mu. And,PM*,NIR
* mu. And,PM*,**
* mu. And,PM*,*
* mu. And,PM*,PM*
* mu. And,PM*,UV
* mu. Cas,SB*,UV
* mu. Cas,SB*,NIR
* mu. Cas,SB*,PM*
* mu. Cas,SB*,SB*
* mu. Cas,SB*,V*
* mu. Cas,SB*,*
* mu. Cas,SB*,*
* mu. Cas,SB*,**
* mu. Cas,SB*,IR
* mu. Cas,SB*,MIR
* mu. Cen,Be*,IR
* mu. Cen,Be*,Em*
* mu. Cen,Be*,Be*
* mu. Cen,Be*,**
* mu. Cen,Be*,V*
* mu. Cen,Be*,UV
* mu. Cen,Be*,*
* mu. Cen,Be*,*
* mu. Cen,Be*,NIR
* mu. Cet,SB*,NIR
* mu. Cet,SB*,IR
* mu. Cet,SB*,**
* mu. Cet,SB*,*
* mu. Cet,SB*,V*
* mu. Cet,SB*,UV
* mu. Cet,SB*,SB*
* mu. Cet,SB*,PM*
* mu. Cet,SB*,MIR
* mu. Cyg,**,X
* mu. Cyg,**,NIR
* mu. Cyg,**,PM*
* mu. Cyg,**,*
* mu. Cyg,**,**
* mu. Cyg,**,MIR
* mu. Eri,SB*,NIR
* mu. Eri,SB*,IR
* mu. Eri,SB*,EB*
* mu. Eri,SB*,*
* mu. Eri,SB*,V*
* mu. Eri,SB*,UV
* mu. Eri,SB*,SB*
* mu. Gem,LP*,V*
* mu. Gem,LP*,*
* mu. Gem,LP*,IR
* mu. Gem,LP*,LP*
* mu. Gem,LP*,NIR
* mu. Gem,LP*,UV
* mu. Hor,PM*,NIR
* mu. Hor,PM*,*
* mu. Hor,PM*,IR
* mu. Hor,PM*,PM*
* mu. Hor,PM*,UV
* mu. Hya,PM*,UV
* mu. Hya,PM*,*
* mu. Hya,PM*,IR
* mu. Hya,PM*,NIR
* mu. Hya,PM*,PM*
* mu. Hya,PM*,V*
* mu. Leo,PM*,*
* mu. Leo,PM*,UV
* mu. Leo,PM*,PM*
* mu. Leo,PM*,NIR
* mu. Leo,PM*,IR
* mu. Leo,PM*,*
* mu. Lep,a2*,V*
* mu. Lep,a2*,X
* mu. Lep,a2*,UV
* mu. Lep,a2*,NIR
* mu. Lep,a2*,IR
* mu. Lep,a2*,a2*
* mu. Lep,a2*,*
* mu. Men,*,UV
* mu. Men,*,Ro*
* mu. Men,*,NIR
* mu. Men,*,MIR
* mu. Men,*,IR
* mu. Men,*,*
* mu. Ori,SB*,SB*
* mu. Ori,SB*,UV
* mu. Ori,SB*,V*
* mu. Ori,SB*,X
* mu. Ori,SB*,*
* mu. Ori,SB*,**
* mu. Ori,SB*,MIR
* mu. Ori,SB*,NIR
* mu. Peg,PM*,*
* mu. Peg,PM*,PM*
* mu. Peg,PM*,NIR
* mu. Peg,PM*,UV
* mu. Peg,PM*,IR
* mu. Psc,PM*,*
* mu. Psc,PM*,PM*
* mu. Psc,PM*,NIR
* mu. Psc,PM*,IR
* mu. Psc,PM*,**
* mu. Psc,PM*,*
* mu. Ser,**,**
* mu. Ser,**,*
* mu. Ser,**,UV
* mu. Ser,**,PM*
* mu. Ser,**,NIR
* mu. Ser,**,MIR
* mu. Ser,**,IR
* mu. Sgr,s*b,SB*
* mu. Sgr,s*b,UV
* mu. Sgr,s*b,V*
* mu. Sgr,s*b,*
* mu. Sgr,s*b,**
* mu. Sgr,s*b,Em*
* mu. Sgr,s*b,IR
* mu. Sgr,s*b,NIR
* mu. Sgr,s*b,s*b
* mu.01 Her,**,UV
* mu.01 Her,**,PM*
* mu.01 Her,**,X
* mu.01 Her,**,*
* mu.01 Her,**,**
* mu.01 Her,**,IR
* mu.01 Her,**,NIR
* mu.01 Sco,Be*,**
* mu.01 Sco,Be*,Be*
* mu.01 Sco,Be*,NIR
* mu.01 Sco,Be*,SB*
* mu.01 Sco,Be*,EB*
* mu.01 Sco,Be*,UV
* mu.01 Sco,Be*,V*
* mu.01 Sco,Be*,*
* mu.02 Her A,PM*,*
* mu.02 Her A,PM*,**
* mu.02 Her A,PM*,PM*
* mu.02 Her B,PM*,*
* mu.02 Her B,PM*,PM*
* mu.02 Her B,PM*,**
* mu. UMa,SB*,NIR
* mu. UMa,SB*,SB*
* mu. UMa,SB*,*
* mu. UMa,SB*,PM*
* mu. UMa,SB*,UV
* mu. UMa,SB*,IR
* mu. UMa,SB*,V*
* mu. Vel,PM*,X
* mu. Vel,PM*,UV
* mu. Vel,PM*,PM*
* mu. Vel,PM*,NIR
* mu. Vel,PM*,IR
* mu. Vel,PM*,**
* mu. Vel,PM*,*
* mu. Vir,PM*,IR
* mu. Vir,PM*,**
* mu. Vir,PM*,NIR
* mu. Vir,PM*,PM*
* mu. Vir,PM*,UV
* mu. Vir,PM*,X
* mu. Vir,PM*,*
* mu. Vir,PM*,MIR
* nu.02 CMa,PM*,IR
* nu.02 CMa,PM*,UV
* nu.02 CMa,PM*,PM*
* nu.02 CMa,PM*,NIR
* nu.02 CMa,PM*,MIR
* nu.02 CMa,PM*,*
* nu.02 CMa,PM*,V*
* nu.02 Dra,SB*,MIR
* nu.02 Dra,SB*,**
* nu.02 Dra,SB*,*
* nu.02 Dra,SB*,X
* nu.02 Dra,SB*,SB*
* nu.02 Dra,SB*,PM*
* nu.02 Dra,SB*,NIR
* nu. And,SB*,IR
* nu. And,SB*,UV
* nu. And,SB*,SB*
* nu. And,SB*,*
* nu. And,SB*,NIR
* nu. Cen,bC*,bC*
* nu. Cen,bC*,V*
* nu. Cen,bC*,UV
* nu. Cen,bC*,SB*
* nu. Cen,bC*,NIR
* nu. Cen,bC*,IR
* nu. Cen,bC*,El?
* nu. Cen,bC*,*
* nu. Cen,bC*,*
* nu. Cet,SB*,SB*
* nu. Cet,SB*,X
* nu. Cet,SB*,UV
* nu. Cet,SB*,*
* nu. Cet,SB*,**
* nu. Cet,SB*,IR
* nu. Cet,SB*,MIR
* nu. Cet,SB*,NIR
* nu. Eri,bC*,*
* nu. Eri,bC*,**
* nu. Eri,bC*,bC*
* nu. Eri,bC*,bC?
* nu. Eri,bC*,IR
* nu. Eri,bC*,NIR
* nu. Eri,bC*,UV
* nu. Eri,bC*,V*
* nu. Gem,Be*,V*
* nu. Gem,Be*,NIR
* nu. Gem,Be*,MIR
* nu. Gem,Be*,IR
* nu. Gem,Be*,Em*
* nu. Gem,Be*,Be*
* nu. Gem,Be*,**
* nu. Gem,Be*,*
* nu. Hya,PM*,UV
* nu. Hya,PM*,*
* nu. Hya,PM*,NIR
* nu. Hya,PM*,PM*
* nu. Hya,PM*,IR
* nu. Lep,*,*
* nu. Lep,*,NIR
* nu. Lep,*,UV
* nu. Oct,SB*,**
* nu. Oct,SB*,UV
* nu. Oct,SB*,SB*
* nu. Oct,SB*,PM*
* nu. Oct,SB*,NIR
* nu. Oct,SB*,MIR
* nu. Oct,SB*,IR
* nu. Oct,SB*,*
* nu. Ori,SB*,NIR
* nu. Ori,SB*,UV
* nu. Ori,SB*,SB*
* nu. Ori,SB*,*
* nu. Ori,SB*,IR
* nu. Psc,*,*
* nu. Psc,*,NIR
* nu. Psc,*,UV
* nu. Psc,*,IR
* nu. Pup,*,V*
* nu. Pup,*,*
* nu. Pup,*,IR
* nu. Pup,*,NIR
* nu. Pup,*,UV
* nu. Ser,*,NIR
* nu. Ser,*,*
* nu. Ser,*,**
* nu. Ser,*,UV
* nu. Vir,LP*,NIR
* nu. Vir,LP*,*
* nu. Vir,LP*,IR
* nu. Vir,LP*,LP*
* nu. Vir,LP*,V*
* nu. Vir,LP*,PM*
* ome Cap,*,V*
* ome Cap,*,*
* ome Cap,*,IR
* ome Cap,*,NIR
* ome Car,Be*,IR
* ome Car,Be*,UV
* ome Car,Be*,NIR
* ome Car,Be*,Pu*
* ome Car,Be*,*
* ome Car,Be*,Be*
* ome Car,Be*,Em*
* ome CMa,Be*,Be*
* ome CMa,Be*,IR
* ome CMa,Be*,UV
* ome CMa,Be*,V*
* ome CMa,Be*,Em*
* ome CMa,Be*,Ir*
* ome CMa,Be*,NIR
* ome CMa,Be*,*
* ome Eri,SB*,*
* ome Eri,SB*,SB*
* ome Eri,SB*,NIR
* ome Eri,SB*,IR
* ome Eri,SB*,UV
* ome Lup,PM*,PM*
* ome Lup,PM*,*
* ome Lup,PM*,NIR
* ome Lup,PM*,IR
* ome Lup,PM*,**
* ome Psc,SB*,IR
* ome Psc,SB*,*
* ome Psc,SB*,NIR
* ome Psc,SB*,PM*
* ome Psc,SB*,SB*
* ome Psc,SB*,UV
* ome Psc,SB*,X
* omi01 CMa,s*r,*
* omi01 CMa,s*r,V*
* omi01 CMa,s*r,s*r
* omi01 CMa,s*r,NIR
* omi01 CMa,s*r,LP?
* omi01 CMa,s*r,LP*
* omi01 CMa,s*r,IR
* omi02 CMa,s*b,Pu*
* omi02 CMa,s*b,s*b
* omi02 CMa,s*b,UV
* omi02 CMa,s*b,V*
* omi02 CMa,s*b,*
* omi02 CMa,s*b,IR
* omi02 CMa,s*b,NIR
* omi02 Eri,PM*,Ro*
* omi02 Eri,PM*,*
* omi02 Eri,PM*,MIR
* omi02 Eri,PM*,IR
* omi02 Eri,PM*,Er*
* omi02 Eri,PM*,**
* omi02 Eri,PM*,X
* omi02 Eri,PM*,V*
* omi02 Eri,PM*,UV
* omi02 Eri,PM*,PM*
* omi02 Eri,PM*,NIR
* omi02 Eri B,WD*,NIR
* omi02 Eri B,WD*,X
* omi02 Eri B,WD*,WD?
* omi02 Eri B,WD*,WD*
* omi02 Eri B,WD*,V*
* omi02 Eri B,WD*,PM*
* omi02 Eri B,WD*,**
* omi02 Eri B,WD*,*
* omi02 Eri C,PM*,UV
* omi02 Eri C,PM*,*
* omi02 Eri C,PM*,**
* omi02 Eri C,PM*,Er*
* omi02 Eri C,PM*,MIR
* omi02 Eri C,PM*,NIR
* omi02 Eri C,PM*,PM*
* omi02 Eri C,PM*,V*
* omi02 Eri C,PM*,X
* omi Cet,Mi*,AB*
* omi Cet,Mi*,AB?
* omi Cet,Mi*,Em*
* omi Cet,Mi*,G
* omi Cet,Mi*,IR
* omi Cet,Mi*,Mas
* omi Cet,Mi*,Mi*
* omi Cet,Mi*,NIR
* omi Cet,Mi*,smm
* omi Cet,Mi*,X
* omi Cet,Mi*,V*
* omi Cet,Mi*,PM*
* omi Cet,Mi*,*
* omi Cet,Mi*,**
* omi Cet,Mi*,AB*
* omi Cet,Mi*,UV
* omi Her,Be*,IR
* omi Her,Be*,Be*
* omi Her,Be*,UV
* omi Her,Be*,NIR
* omi Her,Be*,**
* omi Her,Be*,*
* omi Her,Be*,V*
* omi Per,SB*,NIR
* omi Per,SB*,UV
* omi Per,SB*,SB*
* omi Per,SB*,V*
* omi Per,SB*,X
* omi Per,SB*,MIR
* omi Per,SB*,IR
* omi Per,SB*,El*
* omi Per,SB*,AB?
* omi Per,SB*,**
* omi Per,SB*,*
* omi Per,SB*,*
* omi Psc,PM*,*
* omi Psc,PM*,NIR
* omi Psc,PM*,IR
* omi Psc,PM*,V*
* omi Psc,PM*,PM*
* omi Ser,dS*,IR
* omi Ser,dS*,dS*
* omi Ser,dS*,*
* omi Ser,dS*,V*
* omi Ser,dS*,UV
* omi Ser,dS*,PM*
* omi Ser,dS*,NIR
* omi Sgr,PM*,*
* omi Sgr,PM*,UV
* omi Sgr,PM*,PM*
* omi Sgr,PM*,NIR
* omi Sgr,PM*,IR
* omi Sgr,PM*,**
* omi Tau,SB*,*
* omi Tau,SB*,IR
* omi Tau,SB*,V*
* omi Tau,SB*,NIR
* omi Tau,SB*,PM*
* omi Tau,SB*,SB*
* omi Tau,SB*,UV
* omi UMa,PM*,**
* omi UMa,PM*,PM*
* omi UMa,PM*,UV
* omi UMa,PM*,V*
* omi UMa,PM*,X
* omi UMa,PM*,NIR
* omi UMa,PM*,IR
* omi UMa,PM*,*
* omi Vel,Pu*,IR
* omi Vel,Pu*,*
* omi Vel,Pu*,NIR
* omi Vel,Pu*,Pu*
* omi Vel,Pu*,UV
* omi Vel,Pu*,V*
* omi Vel,Pu*,X
* p Eri A,PM*,NIR
* p Eri A,PM*,PM*
* p Eri A,PM*,*
* p Eri A,PM*,**
* p Eri B,PM*,**
* p Eri B,PM*,PM*
* p Eri B,PM*,*
* p Eri B,PM*,NIR
* phi01 Lup,PM*,**
* phi01 Lup,PM*,V*
* phi01 Lup,PM*,IR
* phi01 Lup,PM*,*
* phi01 Lup,PM*,NIR
* phi01 Lup,PM*,PM*
* phi01 Lup,PM*,UV
* phi Eri,PM*,NIR
* phi Eri,PM*,V*
* phi Eri,PM*,UV
* phi Eri,PM*,SB?
* phi Eri,PM*,Ro*
* phi Eri,PM*,PM*
* phi Eri,PM*,IR
* phi Eri,PM*,**
* phi Eri,PM*,*
* phi Eri,PM*,*
* phi Psc,SB*,*
* phi Psc,SB*,NIR
* phi Psc,SB*,IR
* phi Psc,SB*,**
* phi Psc,SB*,V*?
* phi Psc,SB*,X
* phi Psc,SB*,SB*
* phi Psc,SB*,UV
* phi Psc,SB*,V*
* phi Sgr,PM*,PM*
* phi Sgr,PM*,NIR
* phi Sgr,PM*,UV
* phi Sgr,PM*,IR
* phi Sgr,PM*,*
* phi UMa,**,*
* phi UMa,**,UV
* phi UMa,**,NIR
* phi UMa,**,IR
* phi UMa,**,**
* phi Vel,*,NIR
* phi Vel,*,**
* phi Vel,*,*
* phi Vel,*,UV
* phi Vel,*,IR
* pi.01 Ori,PM*,PM*
* pi.01 Ori,PM*,MIR
* pi.01 Ori,PM*,NIR
* pi.01 Ori,PM*,*
* pi.01 Ori,PM*,IR
* pi.01 Ori,PM*,**
* pi.01 Ori,PM*,V*
* pi.01 Ori,PM*,UV
* pi.01 Peg,PM*,IR
* pi.01 Peg,PM*,NIR
* pi.01 Peg,PM*,PM*
* pi.01 Peg,PM*,RG*
* pi.01 Peg,PM*,*
* pi.02 Ori,*,*
* pi.02 Ori,*,UV
* pi.02 Ori,*,IR
* pi.02 Ori,*,MIR
* pi.02 Ori,*,NIR
* pi.03 Ori,PM*,IR
* pi.03 Ori,PM*,**
* pi.03 Ori,PM*,V*
* pi.03 Ori,PM*,*
* pi.03 Ori,PM*,X
* pi.03 Ori,PM*,UV
* pi.03 Ori,PM*,PM*
* pi.03 Ori,PM*,NIR
* pi.04 Ori,SB*,NIR
* pi.04 Ori,SB*,*
* pi.04 Ori,SB*,V*
* pi.04 Ori,SB*,SB*
* pi.04 Ori,SB*,UV
* pi.04 Ori,SB*,IR
* pi.06 Ori,*,V*
* pi.06 Ori,*,NIR
* pi.06 Ori,*,IR
* pi.06 Ori,*,*
* pi.06 Ori,*,UV
* pi. Cet,SB*,UV
* pi. Cet,SB*,NIR
* pi. Cet,SB*,MIR
* pi. Cet,SB*,IR
* pi. Cet,SB*,*
* pi. Cet,SB*,blu
* pi. Cet,SB*,SB*
* pi. Her,*,V*
* pi. Her,*,UV
* pi. Her,*,MIR
* pi. Her,*,NIR
* pi. Her,*,IR
* pi. Her,*,*
* pi. Pav,PM*,UV
* pi. Pav,PM*,*
* pi. Pav,PM*,IR
* pi. Pav,PM*,NIR
* pi. Pav,PM*,PM*
* pi. Pup,LP*,**
* pi. Pup,LP*,LP*
* pi. Pup,LP*,NIR
* pi. Pup,LP*,V*
* pi. Pup,LP*,*
* pi. Pup,LP*,IR
* pi. Sco,SB*,SB*
* pi. Sco,SB*,*
* pi. Sco,SB*,**
* pi. Sco,SB*,EB*
* pi. Sco,SB*,IR
* pi. Sco,SB*,MIR
* pi. Sco,SB*,NIR
* pi. Sco,SB*,UV
* pi. Sco,SB*,V*
* psi01 Aqr,PM*,**
* psi01 Aqr,PM*,*
* psi01 Aqr,PM*,UV
* psi01 Aqr,PM*,PM*
* psi01 Aqr,PM*,NIR
* psi01 Aqr,PM*,IR
* psi Cap,PM*,*
* psi Cap,PM*,X
* psi Cap,PM*,UV
* psi Cap,PM*,PM*
* psi Cap,PM*,NIR
* psi Cap,PM*,MIR
* psi Cap,PM*,IR
* psi Cap,PM*,**
* psi Hya,PM*,NIR
* psi Hya,PM*,IR
* psi Hya,PM*,*
* psi Hya,PM*,UV
* psi Hya,PM*,PM*
* psi Phe,LP*,LP*
* psi Phe,LP*,NIR
* psi Phe,LP*,Pe*
* psi Phe,LP*,PM*
* psi Phe,LP*,V*
* psi Phe,LP*,IR
* psi Phe,LP*,*
* psi UMa,PM*,NIR
* psi UMa,PM*,*
* psi UMa,PM*,IR
* psi UMa,PM*,UV
* psi UMa,PM*,PM*
* psi Vel,**,UV
* psi Vel,**,NIR
* psi Vel,**,**
* psi Vel,**,*
* psi Vel,**,X
* psi Vel,**,PM*
* p Vel,SB*,**
* p Vel,SB*,*
* p Vel,SB*,IR
* p Vel,SB*,MIR
* p Vel,SB*,NIR
* p Vel,SB*,SB*
* p Vel,SB*,UV
* p Vel,SB*,X
* q Car,LP*,LP*
* q Car,LP*,IR
* q Car,LP*,**
* q Car,LP*,V*
* q Car,LP*,*
* q Car,LP*,NIR
* q Tau,SB*,UV
* q Tau,SB*,X
* q Tau,SB*,V*
* q Tau,SB*,*
* q Tau,SB*,**
* q Tau,SB*,IR
* q Tau,SB*,NIR
* q Tau,SB*,SB*
* q Vel,PM*,PM*
* q Vel,PM*,NIR
* q Vel,PM*,UV
* q Vel,PM*,*
* q Vel,PM*,IR
* rho01 Cnc,PM*,IR
* rho01 Cnc,PM*,**
* rho01 Cnc,PM*,*
* rho01 Cnc,PM*,MIR
* rho01 Cnc,PM*,PM*
* rho01 Cnc,PM*,NIR
* rho01 Cnc B,PM*,PM*
* rho01 Cnc B,PM*,*
* rho01 Cnc B,PM*,*
* rho01 Cnc B,PM*,**
* rho01 Cnc B,PM*,MIR
* rho01 Cnc B,PM*,NIR
* rho01 Cnc B,PM*,X
* rho Boo,PM*,**
* rho Boo,PM*,IR
* rho Boo,PM*,PM*
* rho Boo,PM*,UV
* rho Boo,PM*,NIR
* rho Boo,PM*,V*
* rho Boo,PM*,*
* rho Cet,*,*
* rho Cet,*,IR
* rho Cet,*,UV
* rho Cet,*,NIR
* rho Her,**,**
* rho Her,**,NIR
* rho Her,**,MIR
* rho Her,**,IR
* rho Her,**,*
* rho Hya,*,**
* rho Hya,*,*
* rho Hya,*,IR
* rho Hya,*,NIR
* rho Hya,*,UV
* rho Lup,*,V*
* rho Lup,*,*
* rho Lup,*,*
* rho Lup,*,IR
* rho Lup,*,NIR
* rho Lup,*,UV
* rho Per,LP*,PM*
* rho Per,LP*,V*
* rho Per,LP*,*
* rho Per,LP*,*
* rho Per,LP*,IR
* rho Per,LP*,LP*
* rho Per,LP*,UV
* rho Per,LP*,NIR
* rho Pup,dS*,dS*
* rho Pup,dS*,**
* rho Pup,dS*,X
* rho Pup,dS*,V*
* rho Pup,dS*,UV
* rho Pup,dS*,PM*
* rho Pup,dS*,*
* rho Pup,dS*,NIR
* rho Pup,dS*,IR
* rho01 Sgr,dS*,V*
* rho01 Sgr,dS*,*
* rho01 Sgr,dS*,dS*
* rho01 Sgr,dS*,IR
* rho01 Sgr,dS*,NIR
* rho01 Sgr,dS*,UV
* s Car,*,*
* s Car,*,IR
* s Car,*,V*
* s Car,*,UV
* s Car,*,NIR
* s Car,*,*
* s Eri,SB*,**
* s Eri,SB*,*
* s Eri,SB*,*
* s Eri,SB*,MIR
* s Eri,SB*,NIR
* s Eri,SB*,IR
* s Eri,SB*,SB*
* s Eri,SB*,UV
* s Eri,SB*,X
* sig Aqr,*,NIR
* sig Aqr,*,UV
* sig Aqr,*,*
* sig Cen,**,bC?
* sig Cen,**,*
* sig Cen,**,X
* sig Cen,**,UV
* sig Cen,**,Pu*
* sig Cen,**,NIR
* sig Cen,**,MIR
* sig Cen,**,IR
* sig Cen,**,**
* sig Cen,**,*
* sig Cet,**,PM*
* sig Cet,**,UV
* sig Cet,**,X
* sig Cet,**,NIR
* sig Cet,**,MIR
* sig Cet,**,IR
* sig Cet,**,**
* sig Cet,**,*
* sig CMa,s*r,UV
* sig CMa,s*r,*
* sig CMa,s*r,*
* sig CMa,s*r,**
* sig CMa,s*r,IR
* sig CMa,s*r,LP*
* sig CMa,s*r,NIR
* sig CMa,s*r,s*r
* sig CMa,s*r,V*
* sig Dra,PM*,Ro*
* sig Dra,PM*,PM*
* sig Dra,PM*,NIR
* sig Dra,PM*,MIR
* sig Dra,PM*,IR
* sig Dra,PM*,**
* sig Dra,PM*,*
* sig Dra,PM*,*
* sig Dra,PM*,X
* sig Dra,PM*,V*
* sig Dra,PM*,UV
* sig Her,**,MIR
* sig Her,**,IR
* sig Her,**,**
* sig Her,**,*
* sig Her,**,PM*
* sig Her,**,UV
* sig Her,**,NIR
* sig Hya,*,NIR
* sig Hya,*,*
* sig Hya,*,UV
* sig Hya,*,IR
* sig Lib,Mi*,V*
* sig Lib,Mi*,*
* sig Lib,Mi*,IR
* sig Lib,Mi*,LP*
* sig Lib,Mi*,Mi*
* sig Lib,Mi*,MIR
* sig Lib,Mi*,NIR
* sig Lib,Mi*,PM*
* sig Lib,Mi*,UV
* sig Psc,SB*,X
* sig Psc,SB*,NIR
* sig Psc,SB*,*
* sig Psc,SB*,SB*
* sig Psc,SB*,UV
* sig Pup,SB*,NIR
* sig Pup,SB*,V*
* sig Pup,SB*,UV
* sig Pup,SB*,PM*
* sig Pup,SB*,SB*
* sig Pup,SB*,*
* sig Pup,SB*,**
* sig Pup,SB*,El*
* sig Pup,SB*,IR
* sig Sgr,**,**
* sig Sgr,**,*
* sig Sgr,**,IR
* sig Sgr,**,UV
* sig Sgr,**,PM*
* sig Sgr,**,NIR
* sig Sgr,**,MIR
* tau01 Eri,PM*,MIR
* tau01 Eri,PM*,PM*
* tau01 Eri,PM*,NIR
* tau01 Eri,PM*,SB*
* tau01 Eri,PM*,*
* tau01 Eri,PM*,IR
* tau01 Eri,PM*,X
* tau01 Eri,PM*,UV
* tau01 Hya,SB*,PM*
* tau01 Hya,SB*,NIR
* tau01 Hya,SB*,*
* tau01 Hya,SB*,IR
* tau01 Hya,SB*,**
* tau01 Hya,SB*,UV
* tau01 Hya,SB*,V*
* tau01 Hya,SB*,X
* tau01 Hya,SB*,SB*
* tau02 Hya,*,NIR
* tau02 Hya,*,UV
* tau02 Hya,*,IR
* tau02 Hya,*,*
* tau02 Lup,**,*
* tau02 Lup,**,IR
* tau02 Lup,**,MIR
* tau02 Lup,**,NIR
* tau02 Lup,**,X
* tau02 Lup,**,UV
* tau02 Lup,**,**
* tau03 Eri,PM*,UV
* tau03 Eri,PM*,*
* tau03 Eri,PM*,IR
* tau03 Eri,PM*,NIR
* tau03 Eri,PM*,PM*
* tau04 Eri,LP*,**
* tau04 Eri,LP*,IR
* tau04 Eri,LP*,LP*
* tau04 Eri,LP*,NIR
* tau04 Eri,LP*,PM*
* tau04 Eri,LP*,UV
* tau04 Eri,LP*,V*
* tau04 Eri,LP*,*
* tau05 Eri,SB*,*
* tau05 Eri,SB*,UV
* tau05 Eri,SB*,SB*
* tau05 Eri,SB*,PM*
* tau05 Eri,SB*,NIR
* tau05 Eri,SB*,MIR
* tau05 Eri,SB*,IR
* tau05 Eri,SB*,blu
* tau06 Eri,PM*,PM*
* tau06 Eri,PM*,*
* tau06 Eri,PM*,IR
* tau06 Eri,PM*,MIR
* tau06 Eri,PM*,NIR
* tau06 Eri,PM*,UV
* tau Aqr,*,*
* tau Aqr,*,V*
* tau Aqr,*,UV
* tau Aqr,*,NIR
* tau Aqr,*,IR
* tau Aqr,*,**
* tau Cet,PM*,*
* tau Cet,PM*,X
* tau Cet,PM*,UV
* tau Cet,PM*,Ro*
* tau Cet,PM*,PM*
* tau Cet,PM*,NIR
* tau Cet,PM*,IR
* tau Cet,PM*,**
* tau Cet,PM*,*
* tau Dra,PM*,UV
* tau Dra,PM*,*
* tau Dra,PM*,IR
* tau Dra,PM*,NIR
* tau Dra,PM*,PM*
* tau Dra,PM*,RG*
* tau Dra,PM*,V*
* tau Gem,PM*,IR
* tau Gem,PM*,V*
* tau Gem,PM*,UV
* tau Gem,PM*,PM*
* tau Gem,PM*,*
* tau Gem,PM*,**
* tau Gem,PM*,NIR
* tau Her,Pu*,**
* tau Her,Pu*,*
* tau Her,Pu*,*
* tau Her,Pu*,NIR
* tau Her,Pu*,MIR
* tau Her,Pu*,IR
* tau Her,Pu*,Pu*
* tau Her,Pu*,UV
* tau Her,Pu*,V*
* tau PsA,PM*,IR
* tau PsA,PM*,*
* tau PsA,PM*,NIR
* tau PsA,PM*,PM*
* tau PsA,PM*,UV
* tau Pup,SB*,*
* tau Pup,SB*,IR
* tau Pup,SB*,NIR
* tau Pup,SB*,UV
* tau Pup,SB*,SB*
* tau Pup,SB*,RG*
* tau Sco,*,X
* tau Sco,*,MIR
* tau Sco,*,NIR
* tau Sco,*,UV
* tau Sco,*,IR
* tau Sco,*,*
* tau Sgr,PM*,*
* tau Sgr,PM*,IR
* tau Sgr,PM*,NIR
* tau Sgr,PM*,PM*
* tau Sgr,PM*,SB*
* tau Sgr,PM*,UV
* tau Tau,SB*,*
* tau Tau,SB*,**
* tau Tau,SB*,NIR
* tau Tau,SB*,SB*
* tau Vir,*,**
* tau Vir,*,*
* tau Vir,*,IR
* tau Vir,*,UV
* tau Vir,*,NIR
* tet01 Ori A,Ae*,Y*?
* tet01 Ori A,Ae*,X
* tet01 Ori A,Ae*,V*
* tet01 Ori A,Ae*,NIR
* tet01 Ori A,Ae*,SB*
* tet01 Ori A,Ae*,Or*
* tet01 Ori A,Ae*,Y*O
* tet01 Ori A,Ae*,Rad
* tet01 Ori A,Ae*,*
* tet01 Ori A,Ae*,IR
* tet01 Ori A,Ae*,Ae*
* tet01 Ori A,Ae*,**
* tet01 Ori A,Ae*,*
* tet01 Ori B,EB*,**
* tet01 Ori B,EB*,*
* tet01 Ori B,EB*,*
* tet01 Ori B,EB*,EB*
* tet01 Ori B,EB*,IR
* tet01 Ori B,EB*,NIR
* tet01 Ori B,EB*,Rad
* tet01 Ori B,EB*,SB*
* tet01 Ori B,EB*,UV
* tet01 Ori B,EB*,V*
* tet01 Ori B,EB*,X
* tet01 Ori B,EB*,Y*?
* tet01 Ori C,SB*,Y*?
* tet01 Ori C,SB*,X
* tet01 Ori C,SB*,V*
* tet01 Ori C,SB*,UV
* tet01 Ori C,SB*,*
* tet01 Ori C,SB*,*
* tet01 Ori C,SB*,**
* tet01 Ori C,SB*,IR
* tet01 Ori C,SB*,NIR
* tet01 Ori C,SB*,Rad
* tet01 Ori C,SB*,SB*
* tet01 Ori D,Y*O,*
* tet01 Ori D,Y*O,IR
* tet01 Ori D,Y*O,NIR
* tet01 Ori D,Y*O,Rad
* tet01 Ori D,Y*O,Y*O
* tet01 Ori D,Y*O,X
* tet01 Ori D,Y*O,V*
* tet01 Ori D,Y*O,*
* tet01 Ori D,Y*O,**
* tet01 Ser,PM*,PM*
* tet01 Ser,PM*,MIR
* tet01 Ser,PM*,NIR
* tet01 Ser,PM*,*
* tet01 Ser,PM*,**
* tet01 Sgr,SB*,IR
* tet01 Sgr,SB*,*
* tet01 Sgr,SB*,**
* tet01 Sgr,SB*,SB*
* tet01 Sgr,SB*,NIR
* tet01 Sgr,SB*,UV
* tet01 Tau,SB*,SB*
* tet01 Tau,SB*,*
* tet01 Tau,SB*,IR
* tet01 Tau,SB*,**
* tet01 Tau,SB*,X
* tet01 Tau,SB*,UV
* tet01 Tau,SB*,NIR
* tet02 Tau,dS*,NIR
* tet02 Tau,dS*,*
* tet02 Tau,dS*,IR
* tet02 Tau,dS*,X
* tet02 Tau,dS*,dS*
* tet02 Tau,dS*,**
* tet02 Tau,dS*,*
* tet02 Tau,dS*,V*
* tet02 Tau,dS*,UV
* tet02 Tau,dS*,SB*
* tet02 Tau,dS*,PM*
* tet Aql,SB*,**
* tet Aql,SB*,IR
* tet Aql,SB*,MIR
* tet Aql,SB*,NIR
* tet Aql,SB*,SB*
* tet Aql,SB*,UV
* tet Aql,SB*,*
* tet Aqr,PM*,IR
* tet Aqr,PM*,*
* tet Aqr,PM*,PM*
* tet Aqr,PM*,UV
* tet Aqr,PM*,NIR
* tet Ara,s*b,X
* tet Ara,s*b,UV
* tet Ara,s*b,*
* tet Ara,s*b,IR
* tet Ara,s*b,NIR
* tet Ara,s*b,s*b
* tet Aur,a2*,X
* tet Aur,a2*,*
* tet Aur,a2*,**
* tet Aur,a2*,a2*
* tet Aur,a2*,IR
* tet Aur,a2*,NIR
* tet Aur,a2*,Pe*
* tet Aur,a2*,UV
* tet Aur,a2*,V*
* tet Cap,PM*,NIR
* tet Cap,PM*,PM*
* tet Cap,PM*,UV
* tet Cap,PM*,*
* tet Cap,PM*,IR
* tet Car,SB*,IR
* tet Car,SB*,*
* tet Car,SB*,NIR
* tet Car,SB*,SB*
* tet Car,SB*,UV
* tet Car,SB*,X
* tet Cen,PM*,**
* tet Cen,PM*,UV
* tet Cen,PM*,PM*
* tet Cen,PM*,NIR
* tet Cen,PM*,IR
* tet Cen,PM*,*
* tet Cet,HB*,PM*
* tet Cet,HB*,*
* tet Cet,HB*,**
* tet Cet,HB*,HB*
* tet Cet,HB*,IR
* tet Cet,HB*,NIR
* tet Cet,HB*,UV
* tet CMa,PM*,PM*
* tet CMa,PM*,UV
* tet CMa,PM*,*
* tet CMa,PM*,IR
* tet CMa,PM*,NIR
* tet CrB,Be*,**
* tet CrB,Be*,V*
* tet CrB,Be*,IR
* tet CrB,Be*,Er*
* tet CrB,Be*,Em*
* tet CrB,Be*,Be*
* tet CrB,Be*,UV
* tet CrB,Be*,*
* tet CrB,Be*,NIR
* tet Crt,PM*,PM*
* tet Crt,PM*,UV
* tet Crt,PM*,NIR
* tet Crt,PM*,IR
* tet Crt,PM*,*
* tet Dra,SB*,UV
* tet Dra,SB*,*
* tet Dra,SB*,IR
* tet Dra,SB*,MIR
* tet Dra,SB*,NIR
* tet Dra,SB*,PM*
* tet Dra,SB*,SB*
* tet Dra,SB*,X
* tet Eri,**,NIR
* tet Eri,**,*
* tet Eri,**,**
* tet Eri,**,IR
* tet Eri,**,MIR
* tet Eri,**,PM*
* tet Eri,**,V*
* tet Gem,PM*,PM*
* tet Gem,PM*,IR
* tet Gem,PM*,*
* tet Gem,PM*,V*
* tet Gem,PM*,UV
* tet Gem,PM*,NIR
* tet Gem,PM*,**
* tet Gru,**,X
* tet Gru,**,UV
* tet Gru,**,Pu*
* tet Gru,**,NIR
* tet Gru,**,IR
* tet Gru,**,**
* tet Gru,**,*
* tet Her,*,V*
* tet Her,*,IR
* tet Her,*,*
* tet Her,*,NIR
* tet Her,*,UV
* tet Hya,SB*,X
* tet Hya,SB*,*
* tet Hya,SB*,**
* tet Hya,SB*,IR
* tet Hya,SB*,NIR
* tet Hya,SB*,PM*
* tet Hya,SB*,SB*
* tet Hya,SB*,UV
* tet Hya,SB*,WD*
* tet Ind,**,Ro*
* tet Ind,**,*
* tet Ind,**,**
* tet Ind,**,IR
* tet Ind,**,MIR
* tet Ind,**,NIR
* tet Ind,**,PM*
* tet Ind,**,Pu*
* tet Ind,**,UV
* tet Ind,**,X
* tet Leo,PM*,V*
* tet Leo,PM*,UV
* tet Leo,PM*,*
* tet Leo,PM*,NIR
* tet Leo,PM*,PM*
* tet Lep,*,IR
* tet Lep,*,NIR
* tet Lep,*,UV
* tet Lep,*,*
* tet Lib,PM*,PM*
* tet Lib,PM*,*
* tet Lib,PM*,UV
* tet Lib,PM*,NIR
* tet Lib,PM*,IR
* tet Peg,PM*,NIR
* tet Peg,PM*,IR
* tet Peg,PM*,**
* tet Peg,PM*,*
* tet Peg,PM*,V*
* tet Peg,PM*,UV
* tet Peg,PM*,PM*
* tet Peg,PM*,MIR
* tet Per,PM*,**
* tet Per,PM*,*
* tet Per,PM*,X
* tet Per,PM*,V*
* tet Per,PM*,UV
* tet Per,PM*,PM*
* tet Per,PM*,NIR
* tet Per,PM*,IR
* tet Per B,PM*,**
* tet Per B,PM*,NIR
* tet Per B,PM*,PM*
* tet Per B,PM*,*
* tet PsA,**,*
* tet PsA,**,UV
* tet PsA,**,NIR
* tet PsA,**,IR
* tet PsA,**,**
* tet Psc,PM*,UV
* tet Psc,PM*,NIR
* tet Psc,PM*,*
* tet Psc,PM*,IR
* tet Psc,PM*,PM*
* tet Sco,*,*
* tet Sco,*,V*
* tet Sco,*,UV
* tet Sco,*,NIR
* tet Sco,*,MIR
* tet Sco,*,IR
* tet Sco,*,**
* tet UMa,PM*,NIR
* tet UMa,PM*,V*
* tet UMa,PM*,UV
* tet UMa,PM*,SB*
* tet UMa,PM*,PM*
* tet UMa,PM*,*
* tet UMa,PM*,**
* tet UMa,PM*,IR
* tet UMa,PM*,MIR
* u Car,PM*,*
* u Car,PM*,V*
* u Car,PM*,PM*
* u Car,PM*,NIR
* u Car,PM*,IR
* u Car,PM*,X
* u Car,PM*,**
* ups01 Cen,Pu*,Pu*
* ups01 Cen,Pu*,UV
* ups01 Cen,Pu*,V*
* ups01 Cen,Pu*,*
* ups01 Cen,Pu*,IR
* ups01 Cen,Pu*,NIR
* ups01 Hya,*,X
* ups01 Hya,*,UV
* ups01 Hya,*,NIR
* ups01 Hya,*,IR
* ups01 Hya,*,*
* ups And,PM*,IR
* ups And,PM*,X
* ups And,PM*,UV
* ups And,PM*,SB*
* ups And,PM*,PM*
* ups And,PM*,NIR
* ups And,PM*,MIR
* ups And,PM*,*
* ups And,PM*,*
* ups And,PM*,**
* ups And B,PM*,PM*
* ups And B,PM*,*
* ups And B,PM*,**
* ups And B,PM*,IR
* ups And B,PM*,MIR
* ups And B,PM*,NIR
* ups Boo,PM*,UV
* ups Boo,PM*,IR
* ups Boo,PM*,*
* ups Boo,PM*,V*
* ups Boo,PM*,NIR
* ups Boo,PM*,PM*
* ups Gem,PM*,V*
* ups Gem,PM*,UV
* ups Gem,PM*,PM*
* ups Gem,PM*,NIR
* ups Gem,PM*,IR
* ups Gem,PM*,**
* ups Gem,PM*,*
* ups Psc,*,NIR
* ups Psc,*,IR
* ups Psc,*,*
* ups Sco,*,X
* ups Sco,*,*
* ups Sco,*,NIR
* ups Sco,*,IR
* ups Sco,*,UV
* ups Tau,dS*,NIR
* ups Tau,dS*,UV
* ups Tau,dS*,V*
* ups Tau,dS*,IR
* ups Tau,dS*,dS*
* ups Tau,dS*,**
* ups Tau,dS*,*
* ups Tau,dS*,*
* ups Tau,dS*,PM*
* ups UMa,dS*,IR
* ups UMa,dS*,MIR
* ups UMa,dS*,NIR
* ups UMa,dS*,UV
* ups UMa,dS*,*
* ups UMa,dS*,V*
* ups UMa,dS*,PM*
* ups UMa,dS*,**
* ups UMa,dS*,dS*
1FGL J0212.3+5319,EB*,V*
1FGL J0212.3+5319,EB*,Psr
1FGL J0212.3+5319,EB*,*
1FGL J0212.3+5319,EB*,EB*
1FGL J0212.3+5319,EB*,gam
1FGL J0212.3+5319,EB*,MIR
1FGL J0212.3+5319,EB*,X
1FGL J0212.3+5319,EB*,NIR
1FGL J0212.3+5319,EB*,Opt
1RXS J033609.2+311853,PM*,X
1RXS J033609.2+311853,PM*,TT*
1RXS J033609.2+311853,PM*,PM*
1RXS J033609.2+311853,PM*,NIR
1RXS J033609.2+311853,PM*,MIR
1RXS J033609.2+311853,PM*,*
1RXS J053328.4-425713,LM*,NIR
1RXS J053328.4-425713,LM*,**
1RXS J053328.4-425713,LM*,Er*
1RXS J053328.4-425713,LM*,LM*
1RXS J053328.4-425713,LM*,*
1RXS J053328.4-425713,LM*,PM*
1RXS J053328.4-425713,LM*,X
1RXS J115928.5-524717,LM*,LM*
1RXS J115928.5-524717,LM*,*
1RXS J115928.5-524717,LM*,Er*
1RXS J115928.5-524717,LM*,MIR
1RXS J115928.5-524717,LM*,NIR
1RXS J115928.5-524717,LM*,PM*
1RXS J115928.5-524717,LM*,X
2FGL J0312.5-0914,gam,Psr
2FGL J0312.5-0914,gam,gam
2MASS J00345157+0523050,BD*,*
2MASS J00345157+0523050,BD*,PM*
2MASS J00345157+0523050,BD*,BD*
2MASS J00345157+0523050,BD*,MIR
2MASS J00345157+0523050,BD*,NIR
2MASS J00470038+6803543,BD*,MIR
2MASS J00470038+6803543,BD*,PM*
2MASS J00470038+6803543,BD*,NIR
2MASS J00470038+6803543,BD*,BD*
2MASS J00470038+6803543,BD*,*
2MASS J00501994-3322402,BD*,PM*
2MASS J00501994-3322402,BD*,*
2MASS J00501994-3322402,BD*,BD*
2MASS J00501994-3322402,BD*,MIR
2MASS J00501994-3322402,BD*,NIR
2MASS J01443536-0716142,BD*,IR
2MASS J01443536-0716142,BD*,NIR
2MASS J01443536-0716142,BD*,PM*
2MASS J01443536-0716142,BD*,Rad
2MASS J01443536-0716142,BD*,*
2MASS J01443536-0716142,BD*,BD*
2MASS J01443536-0716142,BD*,MIR
2MASS J02431371-2453298,BD*,PM*
2MASS J02431371-2453298,BD*,*
2MASS J02431371-2453298,BD*,BD*
2MASS J02431371-2453298,BD*,IR
2MASS J02431371-2453298,BD*,MIR
2MASS J02431371-2453298,BD*,NIR
2MASS J02511490-0352459,BD*,MIR
2MASS J02511490-0352459,BD*,*
2MASS J02511490-0352459,BD*,Rad
2MASS J02511490-0352459,BD*,BD*
2MASS J02511490-0352459,BD*,NIR
2MASS J02511490-0352459,BD*,Opt
2MASS J02511490-0352459,BD*,PM*
2MASS J02511490-0352459,BD*,IR
2MASS J02540788+0223563,BD*,Opt
2MASS J02540788+0223563,BD*,NIR
2MASS J02540788+0223563,BD*,MIR
2MASS J02540788+0223563,BD*,BD*
2MASS J02540788+0223563,BD*,*
2MASS J02540788+0223563,BD*,PM*
2MASS J02572581-3105523,BD*,BD*
2MASS J02572581-3105523,BD*,MIR
2MASS J02572581-3105523,BD*,NIR
2MASS J02572581-3105523,BD*,PM*
2MASS J02572581-3105523,BD*,*
2MASS J03140344+1603056,BD*,NIR
2MASS J03140344+1603056,BD*,MIR
2MASS J03140344+1603056,BD*,LM*
2MASS J03140344+1603056,BD*,*
2MASS J03140344+1603056,BD*,BD*
2MASS J03140344+1603056,BD*,PM*
2MASS J03400942-6724051,BD*,PM*
2MASS J03400942-6724051,BD*,MIR
2MASS J03400942-6724051,BD*,IR
2MASS J03400942-6724051,BD*,BD*
2MASS J03400942-6724051,BD*,*
2MASS J03400942-6724051,BD*,NIR
2MASS J03480772-6022270,BD*,PM*
2MASS J03480772-6022270,BD*,NIR
2MASS J03480772-6022270,BD*,MIR
2MASS J03480772-6022270,BD*,BD*
2MASS J03480772-6022270,BD*,*
2MASS J03552337+1133437,BD*,PM*
2MASS J03552337+1133437,BD*,**
2MASS J03552337+1133437,BD*,BD*
2MASS J03552337+1133437,BD*,MIR
2MASS J03552337+1133437,BD*,NIR
2MASS J03552337+1133437,BD*,Opt
2MASS J03552337+1133437,BD*,*
2MASS J04013766+2849529,BD*,*
2MASS J04013766+2849529,BD*,BD*
2MASS J04013766+2849529,BD*,MIR
2MASS J04013766+2849529,BD*,NIR
2MASS J04013766+2849529,BD*,PM*
2MASS J04390101-2353083,BD*,IR
2MASS J04390101-2353083,BD*,*
2MASS J04390101-2353083,BD*,Rad
2MASS J04390101-2353083,BD*,PM*
2MASS J04390101-2353083,BD*,NIR
2MASS J04390101-2353083,BD*,BD*
2MASS J04574602-0207179,BD*,*
2MASS J04574602-0207179,BD*,MIR
2MASS J04574602-0207179,BD*,NIR
2MASS J04574602-0207179,BD*,BD*
2MASS J05002100+0330501,BD*,NIR
2MASS J05002100+0330501,BD*,PM*
2MASS J05002100+0330501,BD*,*
2MASS J05002100+0330501,BD*,BD*
2MASS J05002100+0330501,BD*,MIR
2MASS J05212615+1025328,BD*,PM*
2MASS J05212615+1025328,BD*,*
2MASS J05212615+1025328,BD*,MIR
2MASS J05212615+1025328,BD*,NIR
2MASS J05212615+1025328,BD*,BD*
2MASS J05233822-1403022,BD*,IR
2MASS J05233822-1403022,BD*,Er*
2MASS J05233822-1403022,BD*,BD*
2MASS J05233822-1403022,BD*,*
2MASS J05233822-1403022,BD*,PM*
2MASS J05233822-1403022,BD*,NIR
2MASS J05233822-1403022,BD*,MIR
2MASS J05233822-1403022,BD*,Rad
2MASS J05591914-1404488,BD*,PM*
2MASS J05591914-1404488,BD*,NIR
2MASS J05591914-1404488,BD*,MIR
2MASS J05591914-1404488,BD*,IR
2MASS J05591914-1404488,BD*,BD*
2MASS J05591914-1404488,BD*,*
2MASS J05591914-1404488,BD*,Rad
2MASS J06020638+4043588,BD*,BD*
2MASS J06020638+4043588,BD*,NIR
2MASS J06020638+4043588,BD*,MIR
2MASS J06020638+4043588,BD*,*
2MASS J06073908+2429574,BD*,NIR
2MASS J06073908+2429574,BD*,*
2MASS J06073908+2429574,BD*,BD*
2MASS J06073908+2429574,BD*,MIR
2MASS J06073908+2429574,BD*,PM*
2MASS J06073908+2429574,BD*,Opt
2MASS J06244595-4521548,BD*,PM*
2MASS J06244595-4521548,BD*,NIR
2MASS J06244595-4521548,BD*,MIR
2MASS J06244595-4521548,BD*,BD*
2MASS J06244595-4521548,BD*,*
2MASS J06272007-1114241,BD*,NIR
2MASS J06272007-1114241,BD*,MIR
2MASS J06272007-1114241,BD*,*
2MASS J06272007-1114241,BD*,BD*
2MASS J06523073+4710348,BD*,BD*
2MASS J06523073+4710348,BD*,*
2MASS J06523073+4710348,BD*,PM*
2MASS J06523073+4710348,BD*,NIR
2MASS J06523073+4710348,BD*,MIR
2MASS J06523073+4710348,BD*,IR
2MASS J06523073+4710348,BD*,SB*
2MASS J06523073+4710348,BD*,Rad
2MASS J07003664+3157266,BD*,BD*
2MASS J07003664+3157266,BD*,**
2MASS J07003664+3157266,BD*,*
2MASS J07003664+3157266,BD*,SB*
2MASS J07003664+3157266,BD*,PM*
2MASS J07003664+3157266,BD*,NIR
2MASS J07003664+3157266,BD*,IR
2MASS J07003664+3157266,BD*,MIR
2MASS J07290002-3954043,BD*,NIR
2MASS J07290002-3954043,BD*,PM*
2MASS J07290002-3954043,BD*,BD*
2MASS J07290002-3954043,BD*,*
2MASS J07290002-3954043,BD*,MIR
** BUG    5A,BD*,LM*
** BUG    5A,BD*,PM*
** BUG    5A,BD*,Er*
** BUG    5A,BD*,BD*
** BUG    5A,BD*,**
** BUG    5A,BD*,*
* ups02 Eri,PM*,*
* ups02 Eri,PM*,IR
* ups02 Eri,PM*,UV
* ups02 Eri,PM*,PM*
* ups02 Eri,PM*,NIR
* ups04 Eri,SB*,NIR
* ups04 Eri,SB*,*
* ups04 Eri,SB*,*
* ups04 Eri,SB*,**
* ups04 Eri,SB*,IR
* ups04 Eri,SB*,MIR
* ups04 Eri,SB*,PM*
* ups04 Eri,SB*,SB*
* ups04 Eri,SB*,SB?
* ups04 Eri,SB*,UV
* ups04 Eri,SB*,X
* w Car,LP?,*
* w Car,LP?,V*
* w Car,LP?,NIR
* w Car,LP?,LP?
* w Car,LP?,*
* w Car,LP?,IR
* x Car,cC*,*
* x Car,cC*,IR
* x Car,cC*,V*
* x Car,cC*,NIR
* x Car,cC*,MIR
* x Car,cC*,cC*
* zet01 Lyr,SB*,**
* zet01 Lyr,SB*,NIR
* zet01 Lyr,SB*,SB*
* zet01 Lyr,SB*,UV
* zet01 Lyr,SB*,V*
* zet01 Lyr,SB*,X
* zet01 Lyr,SB*,*
* zet01 Lyr,SB*,IR
* zet01 Ret,PM*,PM*
* zet01 Ret,PM*,*
* zet01 Ret,PM*,**
* zet01 Ret,PM*,IR
* zet01 Ret,PM*,MIR
* zet01 Ret,PM*,NIR
* zet01 Ret,PM*,X
* zet01 Sco,s*b,V*
* zet01 Sco,s*b,s*b
* zet01 Sco,s*b,*
* zet01 Sco,s*b,Em*
* zet01 Sco,s*b,Ir*
* zet01 Sco,s*b,NIR
* zet01 Sco,s*b,Rad
* zet01 Sco,s*b,UV
* zet01 UMa,SB*,MIR
* zet01 UMa,SB*,V*
* zet01 UMa,SB*,NIR
* zet01 UMa,SB*,SB*
* zet01 UMa,SB*,UV
* zet01 UMa,SB*,*
* zet01 UMa,SB*,*
* zet01 UMa,SB*,**
* zet02 Ret,**,NIR
* zet02 Ret,**,*
* zet02 Ret,**,**
* zet02 Ret,**,IR
* zet02 Ret,**,MIR
* zet02 Ret,**,PM*
* zet Aql,PM*,UV
* zet Aql,PM*,PM*
* zet Aql,PM*,NIR
* zet Aql,PM*,IR
* zet Aql,PM*,**
* zet Aql,PM*,*
* zet Aql,PM*,X
* zet Aqr,**,MIR
* zet Aqr,**,*
* zet Aqr,**,**
* zet Aqr,**,NIR
* zet Aqr,**,PM*
* zet Aqr,**,UV
* zet Aqr,**,X
* zet Ara,*,IR
* zet Ara,*,NIR
* zet Ara,*,*
* zet Aur,SB*,*
* zet Aur,SB*,V*
* zet Aur,SB*,UV
* zet Aur,SB*,NIR
* zet Aur,SB*,IR
* zet Aur,SB*,SB*
* zet Aur,SB*,*
* zet Boo,**,UV
* zet Boo,**,NIR
* zet Boo,**,V*
* zet Boo,**,IR
* zet Boo,**,**
* zet Boo,**,*
* zet Cap,SB*,*
* zet Cap,SB*,WD*
* zet Cap,SB*,NIR
* zet Cap,SB*,Pe*
* zet Cap,SB*,IR
* zet Cap,SB*,V*
* zet Cap,SB*,SB*
* zet Cap,SB*,UV
* zet Cen,SB*,*
* zet Cen,SB*,IR
* zet Cen,SB*,NIR
* zet Cen,SB*,SB*
* zet Cen,SB*,UV
* zet Cep,s*r,EB?
* zet Cep,s*r,*
* zet Cep,s*r,V*
* zet Cep,s*r,s*r
* zet Cep,s*r,NIR
* zet Cep,s*r,MIR
* zet Cep,s*r,IR
* zet Cet,SB*,SB*
* zet Cet,SB*,UV
* zet Cet,SB*,*
* zet Cet,SB*,**
* zet Cet,SB*,V*
* zet Cet,SB*,IR
* zet Cet,SB*,NIR
* zet CMa,Ce*,Pu*
* zet CMa,Ce*,IR
* zet CMa,Ce*,Ce*
* zet CMa,Ce*,**
* zet CMa,Ce*,*
* zet CMa,Ce*,V*
* zet CMa,Ce*,UV
* zet CMa,Ce*,SB*
* zet CMa,Ce*,NIR
* zet CrA,PM*,PM*
* zet CrA,PM*,MIR
* zet CrA,PM*,IR
* zet CrA,PM*,*
* zet CrA,PM*,UV
* zet CrA,PM*,NIR
* zet Crt,**,**
* zet Crt,**,IR
* zet Crt,**,NIR
* zet Crt,**,UV
* zet Crt,**,*
* zet Cyg,SB*,SB*
* zet Cyg,SB*,IR
* zet Cyg,SB*,*
* zet Cyg,SB*,**
* zet Cyg,SB*,Pe*
* zet Cyg,SB*,NIR
* zet Cyg,SB*,WD*
* zet Cyg,SB*,UV
* zet Dor,PM*,PM*
* zet Dor,PM*,*
* zet Dor,PM*,**
* zet Dor,PM*,IR
* zet Dor,PM*,NIR
* zet Dor,PM*,UV
* zet Dor,PM*,X
* zet Dra,**,NIR
* zet Dra,**,*
* zet Dra,**,**
* zet Dra,**,IR
* zet Dra,**,UV
* zet Eri,SB*,NIR
* zet Eri,SB*,SB*
* zet Eri,SB*,UV
* zet Eri,SB*,V*
* zet Eri,SB*,*
* zet Eri,SB*,**
* zet Eri,SB*,IR
* zet Gem,cC*,NIR
* zet Gem,cC*,**
* zet Gem,cC*,*
* zet Gem,cC*,V*
* zet Gem,cC*,UV
* zet Gem,cC*,IR
* zet Gem,cC*,cC*
* zet Gru,PM*,IR
* zet Gru,PM*,NIR
* zet Gru,PM*,*
* zet Gru,PM*,UV
* zet Gru,PM*,PM*
* zet Her,SB*,SB*
* zet Her,SB*,X
* zet Her,SB*,V*
* zet Her,SB*,UV
* zet Her,SB*,*
* zet Her,SB*,**
* zet Her,SB*,IR
* zet Her,SB*,NIR
* zet Her,SB*,PM*
* zet Her,SB*,SB*
* zet Hor,SB*,SB*
* zet Hor,SB*,UV
* zet Hor,SB*,X
* zet Hor,SB*,*
* zet Hor,SB*,IR
* zet Hor,SB*,NIR
* zet Hya,PM*,IR
* zet Hya,PM*,MIR
* zet Hya,PM*,NIR
* zet Hya,PM*,PM*
* zet Hya,PM*,UV
* zet Hya,PM*,*
* zet Leo,*,NIR
* zet Leo,*,V*
* zet Leo,*,UV
* zet Leo,*,IR
* zet Leo,*,**
* zet Leo,*,*
* zet Lep,*,IR
* zet Lep,*,UV
* zet Lep,*,NIR
* zet Lep,*,MIR
* zet Lep,*,*
* zet Lup,PM*,*
* zet Lup,PM*,**
* zet Lup,PM*,NIR
* zet Lup,PM*,PM*
* zet Lup,PM*,IR
* zet Mon,*,UV
* zet Mon,*,*
* zet Mon,*,IR
* zet Mon,*,NIR
* zet Mon,*,**
* zet Oph,Be*,*
* zet Oph,Be*,X
* zet Oph,Be*,V*
* zet Oph,Be*,UV
* zet Oph,Be*,NIR
* zet Oph,Be*,MIR
* zet Oph,Be*,IR
* zet Oph,Be*,HII
* zet Oph,Be*,Be*
* zet Ori,**,V*
* zet Ori,**,X
* zet Ori,**,*
* zet Ori,**,**
* zet Ori,**,Em*
* zet Ori,**,IR
* zet Ori,**,NIR
* zet Ori,**,UV
* zet Pav,PM*,*
* zet Pav,PM*,V*
* zet Pav,PM*,UV
* zet Pav,PM*,PM*
* zet Pav,PM*,NIR
* zet Pav,PM*,**
* zet Pav,PM*,IR
* zet Per,s*b,X
* zet Per,s*b,V*
* zet Per,s*b,UV
* zet Per,s*b,s*b
* zet Per,s*b,NIR
* zet Per,s*b,MIR
* zet Per,s*b,IR
* zet Per,s*b,**
* zet Per,s*b,*
* zet Per,s*b,*
* zet Phe,SB*,V*
* zet Phe,SB*,UV
* zet Phe,SB*,SB*
* zet Phe,SB*,*
* zet Phe,SB*,**
* zet Phe,SB*,EB*
* zet Phe,SB*,NIR
* zet Pup,BY*,UV
* zet Pup,BY*,IR
* zet Pup,BY*,NIR
* zet Pup,BY*,Em*
* zet Pup,BY*,X
* zet Pup,BY*,Rad
* zet Pup,BY*,Pu*
* zet Pup,BY*,V*
* zet Pup,BY*,BY*
* zet Pup,BY*,*
* zet Sgr,**,IR
* zet Sgr,**,NIR
* zet Sgr,**,MIR
* zet Sgr,**,**
* zet Sgr,**,*
* zet Sgr,**,UV
* zet Tau,Be*,NIR
* zet Tau,Be*,UV
* zet Tau,Be*,V*
* zet Tau,Be*,SB*
* zet Tau,Be*,*
* zet Tau,Be*,Be*
* zet Tau,Be*,Em*
* zet Tau,Be*,IR
* zet Tau,Be*,X
* zet Tel,PM*,UV
* zet Tel,PM*,PM*
* zet Tel,PM*,NIR
* zet Tel,PM*,*
* zet Tel,PM*,MIR
* zet Tel,PM*,IR
* zet Tuc,PM*,MIR
* zet Tuc,PM*,*
* zet Tuc,PM*,UV
* zet Tuc,PM*,NIR
* zet Tuc,PM*,PM*
* zet Tuc,PM*,IR
* zet UMa,**,X
* zet UMa,**,**
* zet UMa,**,*
* zet UMa,**,IR
* zet UMi,V*,V*
* zet UMi,V*,IR
* zet UMi,V*,*
* zet UMi,V*,UV
* zet Vir,PM*,MIR
* zet Vir,PM*,PM*
* zet Vir,PM*,UV
* zet Vir,PM*,IR
* zet Vir,PM*,**
* zet Vir,PM*,*
* zet Vir,PM*,NIR
* zet Vol,*,NIR
* zet Vol,*,*
* zet Vol,*,UV
* zet Vol,*,**
* zet Vol,*,PM*
* zet Vol,*,RG*
* zet Vol,*,IR
2MASSI J0415195-093506,BD*,MIR
2MASSI J0415195-093506,BD*,IR
2MASSI J0415195-093506,BD*,*
2MASSI J0415195-093506,BD*,BD*
2MASSI J0415195-093506,BD*,Rad
2MASSI J0415195-093506,BD*,PM*
2MASSI J0415195-093506,BD*,NIR
2MASSI J0727182+171001,BD*,NIR
2MASSI J0727182+171001,BD*,MIR
2MASSI J0727182+171001,BD*,*
2MASSI J0727182+171001,BD*,BD*
2MASSI J0727182+171001,BD*,IR
2MASSI J0727182+171001,BD*,PM*
2MASSI J0825196+211552,BD*,MIR
2MASSI J0825196+211552,BD*,Rad
2MASSI J0825196+211552,BD*,IR
2MASSI J0825196+211552,BD*,BD*
2MASSI J0825196+211552,BD*,*
2MASSI J0825196+211552,BD*,PM*
2MASSI J0825196+211552,BD*,Opt
2MASSI J0825196+211552,BD*,NIR
2MASSI J0937347+293142,BD*,Opt
2MASSI J0937347+293142,BD*,PM*
2MASSI J0937347+293142,BD*,*
2MASSI J0937347+293142,BD*,BD*
2MASSI J0937347+293142,BD*,BD*
2MASSI J0937347+293142,BD*,MIR
2MASSI J0937347+293142,BD*,IR
2MASSI J0937347+293142,BD*,NIR
2MASSI J1300425+191235,BD*,IR
2MASSI J1300425+191235,BD*,BD*
2MASSI J1300425+191235,BD*,BD*
2MASSI J1300425+191235,BD*,*
2MASSI J1300425+191235,BD*,Rad
2MASSI J1300425+191235,BD*,V*
2MASSI J1300425+191235,BD*,PM*
2MASSI J1300425+191235,BD*,NIR
2MASSI J1300425+191235,BD*,MIR
2MASSI J1546271-332511,BD*,PM*
2MASSI J1546271-332511,BD*,*
2MASSI J1546271-332511,BD*,BD*
2MASSI J1546271-332511,BD*,IR
2MASSI J1546271-332511,BD*,NIR
2MASSI J1546271-332511,BD*,MIR
2MASSI J2254188+312349,BD*,IR
2MASSI J2254188+312349,BD*,MIR
2MASSI J2254188+312349,BD*,NIR
2MASSI J2254188+312349,BD*,*
2MASSI J2254188+312349,BD*,BD*
2MASS J07414920+2351275,BD*,PM*
2MASS J07414920+2351275,BD*,*
2MASS J07414920+2351275,BD*,BD*
2MASS J07414920+2351275,BD*,MIR
2MASS J07414920+2351275,BD*,NIR
2MASS J07414920+2351275,BD*,Opt
2MASS J07584037+3247245,BD*,NIR
2MASS J07584037+3247245,BD*,*
2MASS J07584037+3247245,BD*,BD*
2MASS J07584037+3247245,BD*,MIR
2MASS J07584037+3247245,BD*,Opt
2MASS J08173001-6155158,BD*,PM*
2MASS J08173001-6155158,BD*,MIR
2MASS J08173001-6155158,BD*,BD*
2MASS J08173001-6155158,BD*,*
2MASS J08173001-6155158,BD*,NIR
2MASS J08195820-0335266,BD*,NIR
2MASS J08195820-0335266,BD*,PM*
2MASS J08195820-0335266,BD*,*
2MASS J08195820-0335266,BD*,BD*
2MASS J08195820-0335266,BD*,MIR
2MASS J08300825+4828482,BD*,Opt
2MASS J08300825+4828482,BD*,BD*
2MASS J08300825+4828482,BD*,*
2MASS J08300825+4828482,BD*,NIR
2MASS J08354256-0819237,BD*,BD*
2MASS J08354256-0819237,BD*,*
2MASS J08354256-0819237,BD*,IR
2MASS J08354256-0819237,BD*,MIR
2MASS J08354256-0819237,BD*,NIR
2MASS J08354256-0819237,BD*,PM*
2MASS J08354256-0819237,BD*,Rad
2MASS J08354256-0819237,BD*,V*
2MASS J08575849+5708514,BD*,MIR
2MASS J08575849+5708514,BD*,PM*
2MASS J08575849+5708514,BD*,NIR
2MASS J08575849+5708514,BD*,Opt
2MASS J08575849+5708514,BD*,*
2MASS J08575849+5708514,BD*,BD*
2MASS J09083803+5032088,BD*,PM*
2MASS J09083803+5032088,BD*,Opt
2MASS J09083803+5032088,BD*,BD*
2MASS J09083803+5032088,BD*,IR
2MASS J09083803+5032088,BD*,MIR
2MASS J09083803+5032088,BD*,NIR
2MASS J09083803+5032088,BD*,*
2MASS J09205549+4539058,BD*,BD*
2MASS J09205549+4539058,BD*,MIR
2MASS J09205549+4539058,BD*,NIR
2MASS J09205549+4539058,BD*,Opt
2MASS J09205549+4539058,BD*,BD?
2MASS J09205549+4539058,BD*,*
2MASS J09393548-2448279,BD*,BD*
2MASS J09393548-2448279,BD*,SB*
2MASS J09393548-2448279,BD*,PM*
2MASS J09393548-2448279,BD*,NIR
2MASS J09393548-2448279,BD*,MIR
2MASS J09393548-2448279,BD*,BD*
2MASS J09393548-2448279,BD*,*
2MASS J11145133-2618235,BD*,*
2MASS J11145133-2618235,BD*,BD*
2MASS J11145133-2618235,BD*,MIR
2MASS J11145133-2618235,BD*,NIR
2MASS J11145133-2618235,BD*,PM*
2MASS J11220826-3512363,BD*,PM*
2MASS J11220826-3512363,BD*,*
2MASS J11220826-3512363,BD*,BD*
2MASS J11220826-3512363,BD*,MIR
2MASS J11220826-3512363,BD*,NIR
2MASS J11553952-3727350,BD*,MIR
2MASS J11553952-3727350,BD*,IR
2MASS J11553952-3727350,BD*,Er*
2MASS J11553952-3727350,BD*,PM*
2MASS J11553952-3727350,BD*,*
2MASS J11553952-3727350,BD*,BD*
2MASS J11553952-3727350,BD*,NIR
2MASS J12171110-0311131,BD*,NIR
2MASS J12171110-0311131,BD*,Opt
2MASS J12171110-0311131,BD*,BD*
2MASS J12171110-0311131,BD*,**
2MASS J12171110-0311131,BD*,*
2MASS J12171110-0311131,BD*,Rad
2MASS J12171110-0311131,BD*,IR
2MASS J12171110-0311131,BD*,MIR
2MASS J12215175-3136054,BD*,MIR
2MASS J12215175-3136054,BD*,BD*
2MASS J12215175-3136054,BD*,*
2MASS J12215175-3136054,BD*,PM*
2MASS J12215175-3136054,BD*,NIR
2MASS J12255432-2739466,BD*,PM*
2MASS J12255432-2739466,BD*,**
2MASS J12255432-2739466,BD*,*
2MASS J12255432-2739466,BD*,BD*
2MASS J12255432-2739466,BD*,IR
2MASS J12255432-2739466,BD*,MIR
2MASS J12255432-2739466,BD*,NIR
2MASS J12373919+6526148,BD*,BD*
2MASS J12373919+6526148,BD*,*
2MASS J12373919+6526148,BD*,Opt
2MASS J12373919+6526148,BD*,NIR
2MASS J12373919+6526148,BD*,MIR
2MASS J12373919+6526148,BD*,IR
2MASS J12462965-3139280,BD*,*
2MASS J12462965-3139280,BD*,PM*
2MASS J12462965-3139280,BD*,NIR
2MASS J12462965-3139280,BD*,MIR
2MASS J12462965-3139280,BD*,BD*
2MASS J12545393-0122474,BD*,*
2MASS J12545393-0122474,BD*,BD*
2MASS J12545393-0122474,BD*,PM*
2MASS J12545393-0122474,BD*,Opt
2MASS J12545393-0122474,BD*,NIR
2MASS J12545393-0122474,BD*,MIR
2MASS J13243553+6358281,BD*,Opt
2MASS J13243553+6358281,BD*,PM*
2MASS J13243553+6358281,BD*,*
2MASS J13243553+6358281,BD*,BD*
2MASS J13243553+6358281,BD*,MIR
2MASS J13243553+6358281,BD*,NIR
2MASS J14053729+8350248,BD*,MIR
2MASS J14053729+8350248,BD*,BD*
2MASS J14053729+8350248,BD*,*
2MASS J14053729+8350248,BD*,WD*
2MASS J14053729+8350248,BD*,PM*
2MASS J14053729+8350248,BD*,NIR
2MASS J14162408+1348263,BD*,Opt
2MASS J14162408+1348263,BD*,BD*
2MASS J14162408+1348263,BD*,**
2MASS J14162408+1348263,BD*,*
2MASS J14162408+1348263,BD*,MIR
2MASS J14162408+1348263,BD*,NIR
2MASS J14162408+1348263,BD*,PM*
2MASS J14252798-3650229,BD*,PM*
2MASS J14252798-3650229,BD*,NIR
2MASS J14252798-3650229,BD*,MIR
2MASS J14252798-3650229,BD*,BD*
2MASS J14252798-3650229,BD*,*
2MASS J15031961+2525196,BD*,NIR
2MASS J15031961+2525196,BD*,*
2MASS J15031961+2525196,BD*,BD*
2MASS J15031961+2525196,BD*,IR
2MASS J15031961+2525196,BD*,MIR
2MASS J15031961+2525196,BD*,Opt
2MASS J15031961+2525196,BD*,PM*
2MASS J15065257+7027247,BD*,NIR
2MASS J15065257+7027247,BD*,PM*
2MASS J15065257+7027247,BD*,*
2MASS J15065257+7027247,BD*,BD*
2MASS J15065257+7027247,BD*,MIR
2MASS J15345704-1418486,LM*,PM*
2MASS J15345704-1418486,LM*,NIR
2MASS J15345704-1418486,LM*,MIR
2MASS J15345704-1418486,LM*,LM*
2MASS J15345704-1418486,LM*,IR
2MASS J15345704-1418486,LM*,Er*
2MASS J15345704-1418486,LM*,Em*
2MASS J15345704-1418486,LM*,*
2MASS J15345704-1418486,LM*,X
2MASS J15345704-1418486,LM*,Rad
2MASS J15530228+1532369,BD*,BD*
2MASS J15530228+1532369,BD*,IR
2MASS J15530228+1532369,BD*,MIR
2MASS J15530228+1532369,BD*,NIR
2MASS J15530228+1532369,BD*,Opt
2MASS J15530228+1532369,BD*,PM*
2MASS J15530228+1532369,BD*,*
2MASS J15530228+1532369,BD*,**
2MASS J15551573-0956055,BD*,IR
2MASS J15551573-0956055,BD*,NIR
2MASS J15551573-0956055,BD*,PM*
2MASS J15551573-0956055,BD*,*
2MASS J15551573-0956055,BD*,BD*
2MASS J15551573-0956055,BD*,MIR
2MASS J16001853-4543248,PM*,PM*
2MASS J16001853-4543248,PM*,*
2MASS J16001853-4543248,PM*,MIR
2MASS J16001853-4543248,PM*,NIR
2MASS J16241436+0029158,BD*,*
2MASS J16241436+0029158,BD*,PM*
2MASS J16241436+0029158,BD*,Rad
2MASS J16241436+0029158,BD*,Opt
2MASS J16241436+0029158,BD*,NIR
2MASS J16241436+0029158,BD*,MIR
2MASS J16241436+0029158,BD*,BD*
2MASS J16283855+2308241,BD*,NIR
2MASS J16283855+2308241,BD*,MIR
2MASS J16283855+2308241,BD*,BD*
2MASS J16283855+2308241,BD*,*
2MASS J16283855+2308241,BD*,PM*
2MASS J16283855+2308241,BD*,Opt
2MASS J16291840+0335371,BD*,PM*
2MASS J16291840+0335371,BD*,Opt
2MASS J16291840+0335371,BD*,NIR
2MASS J16291840+0335371,BD*,MIR
2MASS J16291840+0335371,BD*,*
2MASS J16291840+0335371,BD*,BD*
2MASS J16452211-1319516,BD*,NIR
2MASS J16452211-1319516,BD*,IR
2MASS J16452211-1319516,BD*,BD*
2MASS J16452211-1319516,BD*,*
2MASS J16452211-1319516,BD*,PM*
2MASS J16452211-1319516,BD*,MIR
2MASS J17074571-1744523,BD*,MIR
2MASS J17074571-1744523,BD*,BD*
2MASS J17074571-1744523,BD*,NIR
2MASS J17074571-1744523,BD*,*
2MASS J17502484-0016151,BD*,BD*
2MASS J17502484-0016151,BD*,MIR
2MASS J17502484-0016151,BD*,NIR
2MASS J17502484-0016151,BD*,PM*
2MASS J17502484-0016151,BD*,*
2MASS J18000116-1559235,BD*,MIR
2MASS J18000116-1559235,BD*,NIR
2MASS J18000116-1559235,BD*,*
2MASS J18000116-1559235,BD*,BD*
2MASS J18000116-1559235,BD*,BD?
2MASS J18212815+1414010,BD*,*
2MASS J18212815+1414010,BD*,BD*
2MASS J18212815+1414010,BD*,MIR
2MASS J18212815+1414010,BD*,NIR
2MASS J18212815+1414010,BD*,PM*
2MASS J18242359-0536488,PM*,*
2MASS J18242359-0536488,PM*,PM*
2MASS J18242359-0536488,PM*,NIR
2MASS J18242359-0536488,PM*,MIR
2MASS J18242359-0536488,PM*,LM?
2MASS J18283572-4849046,BD*,*
2MASS J18283572-4849046,BD*,NIR
2MASS J18283572-4849046,BD*,MIR
2MASS J18283572-4849046,BD*,BD*
2MASS J18283572-4849046,BD*,PM*
2MASS J18521552+3537196,BD*,MIR
2MASS J18521552+3537196,BD*,*
2MASS J18521552+3537196,BD*,NIR
2MASS J18521552+3537196,BD*,BD*
2MASS J19251275+0700362,BD*,MIR
2MASS J19251275+0700362,BD*,PM*
2MASS J19251275+0700362,BD*,NIR
2MASS J19251275+0700362,BD*,*
2MASS J19251275+0700362,BD*,BD*
2MASS J19284155+2356016,BD*,MIR
2MASS J19284155+2356016,BD*,BD*
2MASS J19284155+2356016,BD*,PM*
2MASS J19284155+2356016,BD*,NIR
2MASS J19284155+2356016,BD*,*
2MASS J19590564-3338314,BD*,*
2MASS J19590564-3338314,BD*,BD*
2MASS J19590564-3338314,BD*,MIR
2MASS J19590564-3338314,BD*,NIR
2MASS J20005017+3629465,BD*,BD*
2MASS J20005017+3629465,BD*,*
2MASS J20005017+3629465,BD*,MIR
2MASS J20005017+3629465,BD*,NIR
2MASS J20005017+3629465,BD*,PM*
2MASS J20304235+0749358,BD*,BD*
2MASS J20304235+0749358,BD*,*
2MASS J20304235+0749358,BD*,PM*
2MASS J20304235+0749358,BD*,NIR
2MASS J20304235+0749358,BD*,Opt
2MASS J20304235+0749358,BD*,MIR
2MASS J21171431-2940034,BD*,Opt
2MASS J21171431-2940034,BD*,*
2MASS J21171431-2940034,BD*,BD*
2MASS J21171431-2940034,BD*,MIR
2MASS J21171431-2940034,BD*,NIR
2MASS J21210032-6239194,BD*,PM*
2MASS J21210032-6239194,BD*,NIR
2MASS J21210032-6239194,BD*,MIR
2MASS J21210032-6239194,BD*,BD*
2MASS J21210032-6239194,BD*,*
2MASS J22282889-4310262,BD*,BD*
2MASS J22282889-4310262,BD*,*
2MASS J22282889-4310262,BD*,MIR
2MASS J22282889-4310262,BD*,NIR
2MASS J22282889-4310262,BD*,PM*
2MASS J22361685+5105487,BD*,MIR
2MASS J22361685+5105487,BD*,*
2MASS J22361685+5105487,BD*,Opt
2MASS J22361685+5105487,BD*,NIR
2MASS J22361685+5105487,BD*,BD?
2MASS J22361685+5105487,BD*,BD*
2MASS J23594034-7335055,BD*,MIR
2MASS J23594034-7335055,BD*,NIR
2MASS J23594034-7335055,BD*,PM*
2MASS J23594034-7335055,BD*,BD*
2MASS J23594034-7335055,BD*,*
2MASSW J1047539+212423,BD*,*
2MASSW J1047539+212423,BD*,Rad
2MASSW J1047539+212423,BD*,PM*
2MASSW J1047539+212423,BD*,NIR
2MASSW J1047539+212423,BD*,MIR
2MASSW J1047539+212423,BD*,IR
2MASSW J1047539+212423,BD*,BD*
2MASSW J1506544+132106,BD*,IR
2MASSW J1506544+132106,BD*,MIR
2MASSW J1506544+132106,BD*,NIR
2MASSW J1506544+132106,BD*,PM*
2MASSW J1506544+132106,BD*,*
2MASSW J1506544+132106,BD*,BD*
2MASSW J1507476-162738,BD*,Rad
2MASSW J1507476-162738,BD*,PM*
2MASSW J1507476-162738,BD*,*
2MASSW J1507476-162738,BD*,BD*
2MASSW J1507476-162738,BD*,IR
2MASSW J1507476-162738,BD*,MIR
2MASSW J1507476-162738,BD*,NIR
2MASSW J1515008+484742,BD*,PM*
2MASSW J1515008+484742,BD*,*
2MASSW J1515008+484742,BD*,BD*
2MASSW J1515008+484742,BD*,IR
2MASSW J1515008+484742,BD*,MIR
2MASSW J1515008+484742,BD*,NIR
2MASSW J1515008+484742,BD*,Rad
2MASSW J1515008+484742,BD*,Opt
2MASSW J2148162+400359,BD*,NIR
2MASSW J2148162+400359,BD*,PM*
2MASSW J2148162+400359,BD*,IR
2MASSW J2148162+400359,BD*,MIR
2MASSW J2148162+400359,BD*,BD*
2MASSW J2148162+400359,BD*,*
2MASSW J2224438-015852,BD*,IR
2MASSW J2224438-015852,BD*,*
2MASSW J2224438-015852,BD*,Rad
2MASSW J2224438-015852,BD*,NIR
2MASSW J2224438-015852,BD*,BD*
APMPM J0237-5928,PM*,NIR
APMPM J0237-5928,PM*,MIR
APMPM J0237-5928,PM*,Er*
APMPM J0237-5928,PM*,*
APMPM J0237-5928,PM*,X
APMPM J0237-5928,PM*,Ro*
APMPM J0237-5928,PM*,PM*
APMPM J2330-4737,Em*,PM*
APMPM J2330-4737,Em*,NIR
APMPM J2330-4737,Em*,MIR
APMPM J2330-4737,Em*,Em*
APMPM J2330-4737,Em*,*
APMPM J2331-2750,Em*,Er*
APMPM J2331-2750,Em*,PM*
APMPM J2331-2750,Em*,Em*
APMPM J2331-2750,Em*,*
APMPM J2331-2750,Em*,NIR
APMPM J2331-2750,Em*,MIR
APMPM J2331-2750,Em*,IR
APMPM J2331-2750,Em*,Er*
BD+01  2447,PM*,MIR
BD+01  2447,PM*,NIR
BD+01  2447,PM*,*
BD+01  2447,PM*,*
BD+01  2447,PM*,PM*
BD+01  2447,PM*,UV
BD+01  2447,PM*,V*
BD+01  2447,PM*,X
BD+02   348,PM*,PM*
BD+02   348,PM*,NIR
BD+02   348,PM*,MIR
BD+02   348,PM*,*
BD+02   348,PM*,**
BD+05  1668,PM*,PM*
BD+05  1668,PM*,**
BD+05  1668,PM*,*
BD+05  1668,PM*,*
BD+05  1668,PM*,IR
BD+05  1668,PM*,NIR
BD+05  3409,PM*,V*
BD+05  3409,PM*,PM*
BD+05  3409,PM*,NIR
BD+05  3409,PM*,*
BD+05  3409,PM*,**
BD+05  3409,PM*,MIR
BD+05  3409,PM*,UV
BD+08  4887,PM*,UV
BD+08  4887,PM*,*
BD+08  4887,PM*,MIR
BD+08  4887,PM*,NIR
BD+08  4887,PM*,PM*
BD+09  2636,PM*,IR
BD+09  2636,PM*,NIR
BD+09  2636,PM*,PM*
BD+09  2636,PM*,*
BD+09  2636,PM*,MIR
BD+11  2576,PM*,PM*
BD+11  2576,PM*,Opt
BD+11  2576,PM*,X
BD+11  2576,PM*,UV
BD+11  2576,PM*,NIR
BD+11  2576,PM*,*
BD+11  2576,PM*,*
BD+11  2576,PM*,IR
BD+11  2576,PM*,MIR
BD+13  2618,RS*,NIR
BD+13  2618,RS*,PM*
BD+13  2618,RS*,MIR
BD+13  2618,RS*,Er*
BD+13  2618,RS*,RS*
BD+13  2618,RS*,V*
BD+13  2618,RS*,UV
BD+13  2618,RS*,*
BD+13  2618,RS*,**
BD+13  2618,RS*,X
BD+13  2618C,BD*,BD*
BD+13  2618C,BD*,**
BD+13  2618C,BD*,*
BD+13  2618C,BD*,MIR
BD+13  2618C,BD*,NIR
BD+13  2618C,BD*,Opt
BD+13  2618C,BD*,PM*
BD+13  2618C,BD*,BD*
BD+13  2618C,BD*,BD?
BD+16  2708,PM*,**
BD+16  2708,PM*,X
BD+16  2708,PM*,V*
BD+16  2708,PM*,PM*
BD+16  2708,PM*,NIR
BD+16  2708,PM*,MIR
BD+16  2708,PM*,Er*
BD+16  2708,PM*,*
BD+16  2708B,SB*,SB*
BD+16  2708B,SB*,*
BD+16  2708B,SB*,**
BD+16  2708B,SB*,LM*
BD+16  2708B,SB*,Rad
BD+18  2776,PM*,*
BD+18  2776,PM*,**
BD+18  2776,PM*,MIR
BD+18  2776,PM*,NIR
BD+18  2776,PM*,PM*
BD+18  3421,PM*,NIR
BD+18  3421,PM*,V*
BD+18  3421,PM*,Ro*
BD+18  3421,PM*,PM*
BD+18  3421,PM*,*
BD+18  3421,PM*,IR
BD+18  3421,PM*,MIR
BD+19  3268A,PM*,PM*
BD+19  3268A,PM*,*
BD+19  3268A,PM*,**
BD-03  2870,PM*,*
BD-03  2870,PM*,UV
BD-03  2870,PM*,RS*
BD-03  2870,PM*,Ro*
BD-03  2870,PM*,PM*
BD-03  2870,PM*,NIR
BD-03  2870,PM*,MIR
BD-03  2870,PM*,IR
BD-03  2870,PM*,*
BD-03  2870,PM*,X
BD-03  2870,PM*,V*
BD-05  1737,PM*,MIR
BD-05  1737,PM*,*
BD-05  1737,PM*,NIR
BD-05  1737,PM*,PM*
BD-05  5715,PM*,X
BD-05  5715,PM*,IR
BD-05  5715,PM*,PM*
BD-05  5715,PM*,NIR
BD-05  5715,PM*,*
BD-05  5715,PM*,MIR
BD-07  4003,BY*,Ro*
BD-07  4003,BY*,NIR
BD-07  4003,BY*,PM*
BD-07  4003,BY*,V*
BD-07  4003,BY*,*
BD-07  4003,BY*,BY*
BD-07  4003,BY*,MIR
BD-07  4156,PM*,*
BD-07  4156,PM*,NIR
BD-07  4156,PM*,PM*
BD-09  3070,PM*,NIR
BD-09  3070,PM*,UV
BD-09  3070,PM*,PM*
BD-09  3070,PM*,MIR
BD-09  3070,PM*,*
BD-11  2741,PM*,*
BD-11  2741,PM*,PM*
BD-11  2741,PM*,NIR
BD-11  2741,PM*,MIR
BD-11  3759,BY*,MIR
BD-11  3759,BY*,NIR
BD-11  3759,BY*,PM*
BD-11  3759,BY*,V*
BD-11  3759,BY*,*
BD-11  3759,BY*,BY*
BD-11   916,PM*,*
BD-11   916,PM*,NIR
BD-11   916,PM*,PM*
BD-12  4523,BY*,*
BD-12  4523,BY*,MIR
BD-12  4523,BY*,NIR
BD-12  4523,BY*,PM*
BD-12  4523,BY*,Ro*
BD-12  4523,BY*,V*
BD-12  4523,BY*,X
BD-12  4523,BY*,IR
BD-12  4523,BY*,BY*
BD-12  4523,BY*,**
BD-15  6290,**,MIR
BD-15  6290,**,PM*
BD-15  6290,**,Ro*
BD-15  6290,**,V*
BD-15  6290,**,*
BD-15  6290,**,**
BD-15  6290,**,BY*
BD-15  6290,**,NIR
BD-17   588A,PM*,Ro*
BD-17   588A,PM*,*
BD-17   588A,PM*,**
BD-17   588A,PM*,Er*
BD-17   588A,PM*,NIR
BD-17   588A,PM*,PM*
BD-17  6785,PM*,PM*
BD-17  6785,PM*,UV
BD-17  6785,PM*,*
BD-17  6785,PM*,IR
BD-17  6785,PM*,MIR
BD-17  6785,PM*,NIR
BD-17  6785,PM*,PM*
BD-18   359,SB*,X
BD-18   359,SB*,PM*
BD-18   359,SB*,NIR
BD-18   359,SB*,*
BD-18   359,SB*,MIR
BD-18   359,SB*,**
BD-18   359,SB*,SB*
BD+19  3268B,PM*,PM*
BD+19  3268B,PM*,*
BD+19  3268B,PM*,**
BD+19  5116A,PM*,MIR
BD+19  5116A,PM*,NIR
BD+19  5116A,PM*,PM*
BD+19  5116A,PM*,V*
BD+19  5116A,PM*,X
BD+19  5116A,PM*,*
BD+19  5116A,PM*,**
BD+19  5116A,PM*,Er*
BD+19  5116B,PM*,NIR
BD+19  5116B,PM*,V*
BD+19  5116B,PM*,**
BD+19  5116B,PM*,*
BD+19  5116B,PM*,Er*
BD+19  5116B,PM*,PM*
BD+25  3173,PM*,MIR
BD+25  3173,PM*,NIR
BD+25  3173,PM*,PM*
BD+25  3173,PM*,V*
BD+25  3173,PM*,*
BD+25  3173,PM*,IR
BD+27  1348,PM*,NIR
BD+27  1348,PM*,*
BD+27  1348,PM*,PM*
BD+27  4120,**,**
BD+27  4120,**,X
BD+27  4120,**,PM*
BD+27  4120,**,PM*
BD+27  4120,**,NIR
BD+27  4120,**,MIR
BD+27  4120,**,**
BD+27  4120,**,*
BD+27  4120B,PM*,PM*
BD+27  4120B,PM*,*
BD+27  4120B,PM*,**
BD+35  2436,SB*,Em*
BD+35  2436,SB*,MIR
BD+35  2436,SB*,NIR
BD+35  2436,SB*,PM*
BD+35  2436,SB*,SB*
BD+35  2436,SB*,*
BD+35  2436,SB*,**
BD+36  1970,PM*,UV
BD+36  1970,PM*,*
BD+36  1970,PM*,MIR
BD+36  1970,PM*,NIR
BD+36  1970,PM*,PM*
BD+36  2219,LM*,NIR
BD+36  2219,LM*,Opt
BD+36  2219,LM*,X
BD+36  2219,LM*,V*
BD+36  2219,LM*,UV
BD+36  2219,LM*,Ro*
BD+36  2219,LM*,PM*
BD+36  2219,LM*,*
BD+36  2219,LM*,LM*
BD+36  2219,LM*,MIR
BD+36  2393,PM*,PM*
BD+36  2393,PM*,*
BD+36  2393,PM*,MIR
BD+36  2393,PM*,NIR
BD+39  2376A,PM*,PM*
BD+39  2376A,PM*,*
BD+39  2376A,PM*,**
BD+43  2796,PM*,*
BD+43  2796,PM*,NIR
BD+43  2796,PM*,PM*
BD+43  2796,PM*,X
BD+43  2796,PM*,MIR
BD+43  2796,PM*,**
BD+44  2051,PM*,*
BD+44  2051,PM*,**
BD+44  2051,PM*,IR
BD+44  2051,PM*,MIR
BD+44  2051,PM*,NIR
BD+44  2051,PM*,PM*
BD+44  2051,PM*,*
BD+44  2051B,Em*,PM*
BD+44  2051B,Em*,V*
BD+44  2051B,Em*,X
BD+44  2051B,Em*,MIR
BD+44  2051B,Em*,Er*
BD+44  2051B,Em*,Em*
BD+44  2051B,Em*,**
BD+44  2051B,Em*,*
BD+44  2051B,Em*,*
BD+44  2051B,Em*,NIR
BD+44  3567,PM*,**
BD+44  3567,PM*,V*
BD+44  3567,PM*,PM*
BD+44  3567,PM*,NIR
BD+44  3567,PM*,MIR
BD+44  3567,PM*,*
BD+44  4548,PM*,*
BD+44  4548,PM*,**
BD+44  4548,PM*,MIR
BD+44  4548,PM*,NIR
BD+44  4548,PM*,PM*
BD+44  4548,PM*,UV
BD+45  2247,PM*,X
BD+45  2247,PM*,MIR
BD+45  2247,PM*,IR
BD+45  2247,PM*,**
BD+45  2247,PM*,*
BD+45  2247,PM*,NIR
BD+45  2247,PM*,PM*
BD+45  2247B,PM*,PM*
BD+45  2247B,PM*,*
BD+45  2247B,PM*,**
BD+47  2112A,PM*,NIR
BD+47  2112A,PM*,PM*
BD+47  2112A,PM*,*
BD+47  2112A,PM*,**
BD+47  2112B,PM*,**
BD+47  2112B,PM*,*
BD+47  2112B,PM*,NIR
BD+47  2112B,PM*,PM*
BD+47   612,PM*,MIR
BD+47   612,PM*,*
BD+47   612,PM*,X
BD+47   612,PM*,NIR
BD+47   612,PM*,Opt
BD+47   612,PM*,PM*
BD+47   612,PM*,UV
BD+52   911,PM*,PM*
BD+52   911,PM*,*
BD+52   911,PM*,**
BD+52   911,PM*,MIR
BD+52   911,PM*,NIR
BD+52   911B,PM*,PM*
BD+52   911B,PM*,NIR
BD+52   911B,PM*,**
BD+52   911B,PM*,*
BD+57  2735,PM*,UV
BD+57  2735,PM*,PM*
BD+57  2735,PM*,MIR
BD+57  2735,PM*,NIR
BD+57  2735,PM*,*
BD+61   195,PM*,**
BD+61   195,PM*,IR
BD+61   195,PM*,MIR
BD+61   195,PM*,NIR
BD+61   195,PM*,PM*
BD+61   195,PM*,*
BD+62   780,PM*,NIR
BD+62   780,PM*,PM*
BD+62   780,PM*,MIR
BD+62   780,PM*,*
BD+63   869,PM*,PM*
BD+63   869,PM*,NIR
BD+63   869,PM*,IR
BD+63   869,PM*,*
BD+63   869,PM*,X
BD+63   869,PM*,UV
BD+66    34A,**,PM*
BD+66    34A,**,Er*
BD+66    34A,**,V*
BD+66    34A,**,**
BD+66    34A,**,*
BD+66    34A,**,NIR
BD+66    34B,PM*,NIR
BD+66    34B,PM*,*
BD+66    34B,PM*,PM*
BD+68   946,PM*,PM*
BD+68   946,PM*,NIR
BD+68   946,PM*,*
BD+68   946,PM*,IR
BD+68   946,PM*,X
BD+68   946,PM*,*
CD-23 14742,PM*,PM*
CD-23 14742,PM*,*
CD-23 14742,PM*,**
CD-23 14742,PM*,Er*
CD-23 14742,PM*,IR
CD-23 14742,PM*,MIR
CD-23 14742,PM*,NIR
CD-23 14742,PM*,UV
CD-23 14742,PM*,V*
CD-23 14742,PM*,X
CD-23  9765,PM*,*
CD-23  9765,PM*,PM*
CD-23  9765,PM*,NIR
CD-23  9765,PM*,V*
CD-23  9765,PM*,MIR
CD-28   302,SB*,MIR
CD-28   302,SB*,PM*
CD-28   302,SB*,*
CD-28   302,SB*,SB*
CD-28   302,SB*,NIR
CD-30   731,PM*,PM*
CD-30   731,PM*,Ro*
CD-30   731,PM*,NIR
CD-30   731,PM*,MIR
CD-30   731,PM*,*
CD-31   908,PM*,Er*
CD-31   908,PM*,MIR
CD-31   908,PM*,NIR
CD-31   908,PM*,PM*
CD-31   908,PM*,UV
CD-31   908,PM*,*
CD-31   908,PM*,**
CD-31   909,PM*,Er*
CD-31   909,PM*,MIR
CD-31   909,PM*,NIR
CD-31   909,PM*,X
CD-31   909,PM*,PM*
CD-31   909,PM*,*
CD-31   909,PM*,**
CD-31  9113,PM*,PM*
CD-31  9113,PM*,NIR
CD-31  9113,PM*,MIR
CD-31  9113,PM*,*
CD-32  5613,WD*,PM*
CD-32  5613,WD*,*
CD-32  5613,WD*,MIR
CD-32  5613,WD*,WD*
CD-32  5613,WD*,WD?
CD-32  5613,WD*,NIR
CD-32   828,PM*,MIR
CD-32   828,PM*,PM*
CD-32   828,PM*,V*
CD-32   828,PM*,*
CD-32   828,PM*,NIR
CD-35  2213,LM*,MIR
CD-35  2213,LM*,NIR
CD-35  2213,LM*,LM*
CD-35  2213,LM*,Er*
CD-35  2213,LM*,C*
CD-35  2213,LM*,**
CD-35  2213,LM*,*
CD-35  2213,LM*,X
CD-35  2213,LM*,UV
CD-35  2213,LM*,SB*
CD-35  2213,LM*,Ro*
CD-35  2213,LM*,PM*
CD-37 10765,PM*,V*
CD-37 10765,PM*,NIR
CD-37 10765,PM*,PM*
CD-37 10765,PM*,Ro*
CD-37 10765,PM*,UV
CD-37 10765,PM*,X
CD-37 10765,PM*,*
CD-37 10765,PM*,**
CD-37 10765,PM*,MIR
CD-37 10765B,PM*,**
CD-37 10765B,PM*,*
CD-37 10765B,PM*,PM*
CD-37 10765B,PM*,NIR
CD-38 10980,WD*,V*
CD-38 10980,WD*,WD?
CD-38 10980,WD*,*
CD-38 10980,WD*,**
CD-38 10980,WD*,NIR
CD-38 10980,WD*,PM*
CD-38 10980,WD*,UV
CD-38 10980,WD*,X
CD-38 10980,WD*,WD*
CD-40  9712,PM*,MIR
CD-40  9712,PM*,PM*
CD-40  9712,PM*,NIR
CD-40  9712,PM*,V*
CD-40  9712,PM*,X
CD-40  9712,PM*,*
CD-40  9712,PM*,IR
CD-44 11909,PM*,**
CD-44 11909,PM*,NIR
CD-44 11909,PM*,PM*
CD-44 11909,PM*,MIR
CD-44 11909,PM*,IR
CD-44 11909,PM*,*
CD-44  3045A,PM*,**
CD-44  3045A,PM*,PM*
CD-44  3045A,PM*,*
CD-44  3045B,PM*,**
CD-44  3045B,PM*,PM*
CD-44  3045B,PM*,*
CD-45  1184,PM*,NIR
CD-45  1184,PM*,*
CD-45  1184,PM*,PM*
CD-45  1184,PM*,V*
CD-45  5378,PM*,MIR
CD-45  5378,PM*,*
CD-45  5378,PM*,V*
CD-45  5378,PM*,PM*
CD-45  5378,PM*,NIR
CD-46 11540,LM*,MIR
CD-46 11540,LM*,NIR
CD-46 11540,LM*,IR
CD-46 11540,LM*,X
CD-46 11540,LM*,V*
CD-46 11540,LM*,*
CD-46 11540,LM*,LM*
CD-46 11540,LM*,PM*
CD-48 11837,PM*,PM*
CD-48 11837,PM*,V*
CD-48 11837,PM*,*
CD-48 11837,PM*,**
CD-48 11837,PM*,NIR
CD-48 11837B,PM*,PM*
CD-48 11837B,PM*,**
CD-48 11837B,PM*,*
CD-51  5974,PM*,MIR
CD-51  5974,PM*,NIR
CD-51  5974,PM*,PM*
CD-51  5974,PM*,*
CD-51  6859,PM*,*
CD-51  6859,PM*,X
CD-51  6859,PM*,PM*
CD-51  6859,PM*,NIR
CD-51  6859,PM*,MIR
CD-52  7989,PM*,NIR
CD-52  7989,PM*,*
CD-52  7989,PM*,MIR
CD-52  7989,PM*,PM*
CD-53   570,PM*,PM*
CD-53   570,PM*,UV
CD-53   570,PM*,V*
CD-53   570,PM*,*
CD-53   570,PM*,MIR
CD-53   570,PM*,NIR
CD-55  1514,PM*,MIR
CD-55  1514,PM*,PM*
CD-55  1514,PM*,NIR
CD-55  1514,PM*,*
CD-56  1032A,PM*,*
CD-56  1032A,PM*,**
CD-56  1032A,PM*,Er*
CD-56  1032A,PM*,NIR
CD-56  1032A,PM*,PM*
CD-56  1032A,PM*,Ro*
CD-56  1032A,PM*,V*
CD-56  1032B,PM*,Ro*
CD-56  1032B,PM*,Er*
CD-56  1032B,PM*,*
CD-56  1032B,PM*,**
CD-56  1032B,PM*,NIR
CD-56  1032B,PM*,PM*
CD-56  1032B,PM*,X
CD-56  1032B,PM*,UV
CD-56  5362,PM*,PM*
CD-56  5362,PM*,*
CD-56  5362,PM*,MIR
CD-56  5362,PM*,NIR
CD-57  1079,PM*,NIR
CD-57  1079,PM*,**
CD-57  1079,PM*,*
CD-57  1079,PM*,IR
CD-57  1079,PM*,PM*
CD-57  1079,PM*,Er*
CD-60  7821,PM*,MIR
CD-60  7821,PM*,PM*
CD-60  7821,PM*,V*
CD-60  7821,PM*,*
CD-60  7821,PM*,NIR
CFBDS J005910-011401,BD*,BD*
CFBDS J005910-011401,BD*,NIR
CFBDS J005910-011401,BD*,MIR
CFBDS J005910-011401,BD*,*
CFBDS J213926+022023,BD*,NIR
CFBDS J213926+022023,BD*,PM*
CFBDS J213926+022023,BD*,SB*
CFBDS J213926+022023,BD*,*
CFBDS J213926+022023,BD*,BD*
CFBDS J213926+022023,BD*,MIR
CPD-69   177,WD*,MIR
CPD-69   177,WD*,blu
CPD-69   177,WD*,**
CPD-69   177,WD*,WD?
CPD-69   177,WD*,*
CPD-69   177,WD*,WD*
CPD-69   177,WD*,V*
CPD-69   177,WD*,UV
CPD-69   177,WD*,PM*
CPD-69   177,WD*,NIR
CRTS J095527.8-394752,CV*,Psr
CRTS J095527.8-394752,CV*,*
CRTS J095527.8-394752,CV*,CV*
CRTS J095527.8-394752,CV*,EB*
CRTS J095527.8-394752,CV*,gam
CRTS J095527.8-394752,CV*,X
CWISE J004143.77-401929.9,BD*,*
CWISE J004143.77-401929.9,BD*,MIR
CWISE J004143.77-401929.9,BD*,BD*
DENIS J025503.3-470049,BD*,IR
DENIS J025503.3-470049,BD*,MIR
DENIS J025503.3-470049,BD*,NIR
DENIS J025503.3-470049,BD*,*
DENIS J025503.3-470049,BD*,PM*
DENIS J025503.3-470049,BD*,BD*
DENIS J025503.3-470049,BD*,C*
DENIS J104814.6-395606,LM*,Rad
DENIS J104814.6-395606,LM*,**
DENIS J104814.6-395606,LM*,*
DENIS J104814.6-395606,LM*,IR
DENIS J104814.6-395606,LM*,LM*
DENIS J104814.6-395606,LM*,MIR
DENIS J104814.6-395606,LM*,NIR
DENIS J104814.6-395606,LM*,PM*
DENIS J104814.6-395606,LM*,V*
DENIS J145407.8-660447,BD*,PM*
DENIS J145407.8-660447,BD*,NIR
DENIS J145407.8-660447,BD*,MIR
DENIS J145407.8-660447,BD*,BD*
DENIS J145407.8-660447,BD*,*
EGGR 148,WD*,*
EGGR 148,WD*,WD*
EGGR 148,WD*,WD?
EGGR 148,WD*,PM*
EGGR 148,WD*,Opt
EGGR 148,WD*,NIR
EGGR 148,WD*,MIR
EGGR 180,WD*,PM*
EGGR 180,WD*,*
EGGR 180,WD*,UV
EGGR 180,WD*,WD*
EGGR 180,WD*,WD?
EGGR 180,WD*,**
EGGR 246,WD*,NIR
EGGR 246,WD*,MIR
EGGR 246,WD*,WD?
EGGR 246,WD*,PM*
EGGR 246,WD*,WD*
EGGR 246,WD*,UV
EGGR 246,WD*,*
EGGR 246,WD*,Opt
EGGR 248,WD*,WD*
EGGR 248,WD*,WD?
EGGR 248,WD*,*
EGGR 248,WD*,NIR
EGGR 248,WD*,Opt
EGGR 248,WD*,PM*
EGGR 248,WD*,WD*
EGGR 250,WD*,UV
EGGR 250,WD*,PM*
EGGR 250,WD*,Opt
EGGR 250,WD*,NIR
EGGR 250,WD*,MIR
EGGR 250,WD*,*
EGGR 250,WD*,WD*
EGGR 250,WD*,WD?
EGGR 250,WD*,V*
EGGR 290,WD*,WD?
EGGR 290,WD*,*
EGGR 290,WD*,MIR
EGGR 290,WD*,NIR
EGGR 290,WD*,PM*
EGGR 290,WD*,V*
EGGR 290,WD*,WD*
EGGR 372,WD*,WD?
EGGR 372,WD*,*
EGGR 372,WD*,MIR
EGGR 372,WD*,NIR
EGGR 372,WD*,PM*
EGGR 372,WD*,WD*
EGGR 372,WD*,WD*
EGGR 375,WD*,PM*
EGGR 375,WD*,Opt
EGGR 375,WD*,NIR
EGGR 375,WD*,MIR
EGGR 375,WD*,*
EGGR 375,WD*,WD?
EGGR 375,WD*,WD*
EGGR 375,WD*,V*
EGGR 381,WD*,NIR
EGGR 381,WD*,Opt
EGGR 381,WD*,PM*
EGGR 381,WD*,WD*
EGGR 381,WD*,WD?
EGGR 381,WD*,MIR
EGGR 381,WD*,*
EGGR  41,WD*,PM*
EGGR  41,WD*,Opt
EGGR  41,WD*,NIR
EGGR  41,WD*,MIR
EGGR  41,WD*,*
EGGR  41,WD*,WD?
EGGR  41,WD*,WD*
EGGR 438,WD*,PM*
EGGR 438,WD*,Opt
EGGR 438,WD*,*
EGGR 438,WD*,**
EGGR 438,WD*,MIR
EGGR 438,WD*,NIR
EGGR 438,WD*,WD*
EGGR 438,WD*,WD?
EGGR  45,WD*,WD*
EGGR  45,WD*,MIR
EGGR  45,WD*,*
EGGR  45,WD*,WD?
EGGR  45,WD*,NIR
EGGR  45,WD*,Opt
EGGR  45,WD*,PM*
EGGR 453,WD*,NIR
EGGR 453,WD*,WD?
EGGR 453,WD*,WD*
EGGR 453,WD*,PM*
EGGR 453,WD*,Opt
EGGR 453,WD*,MIR
EGGR 453,WD*,*
EGGR 473,WD*,NIR
EGGR 473,WD*,MIR
EGGR 473,WD*,*
EGGR 473,WD*,WD?
EGGR 473,WD*,WD*
EGGR 473,WD*,UV
EGGR 473,WD*,PM*
EGGR 473,WD*,Opt
EUVE J0625-60.0,PM*,**
EUVE J0625-60.0,PM*,*
EUVE J0625-60.0,PM*,PM*
EUVE J0625-60.0,PM*,*
EUVE J0625-60.0,PM*,Ro*
EUVE J0625-60.0,PM*,UV
EUVE J0625-60.0,PM*,V*
EUVE J0625-60.0,PM*,X
EUVE J0625-60.0,PM*,NIR
EUVE J0625-60.0,PM*,MIR
EUVE J0625-60.0,PM*,Er*
G 100-28,Er*,**
G 100-28,Er*,*
G 100-28,Er*,*
G 100-28,Er*,Er*
G 100-28,Er*,MIR
G 100-28,Er*,NIR
G 100-28,Er*,PM*
G 100-28,Er*,V*
G 107-48,PM*,*
G 107-48,PM*,PM*
G 107-48,PM*,NIR
G 107-48,PM*,MIR
G 107-69,PM*,PM*
G 107-69,PM*,*
G 107-69,PM*,**
G 107-69,PM*,MIR
G 107-69,PM*,NIR
G 109-35,PM*,NIR
G 109-35,PM*,MIR
G 109-35,PM*,*
G 109-35,PM*,PM*
G 111-47,PM*,*
G 111-47,PM*,PM*
G 111-47,PM*,NIR
G 111-47,PM*,*
G 112-21,PM*,*
G 112-21,PM*,PM*
G 112-21,PM*,NIR
G 112-50,PM*,**
G 112-50,PM*,NIR
G 112-50,PM*,PM*
G 112-50,PM*,V*
G 112-50,PM*,*
G 113-20,PM*,NIR
G 113-20,PM*,MIR
G 113-20,PM*,*
G 113-20,PM*,PM*
G 113-46,PM*,NIR
G 113-46,PM*,UV
G 113-46,PM*,*
G 113-46,PM*,MIR
G 113-46,PM*,PM*
G 115-42,PM*,NIR
G 115-42,PM*,*
G 115-42,PM*,Er*
G 115-42,PM*,PM*
G 115-42,PM*,UV
G 115-42,PM*,X
G 122-49,PM*,UV
G 122-49,PM*,*
G 122-49,PM*,*
G 122-49,PM*,MIR
G 122-49,PM*,NIR
G 122-49,PM*,PM*
G 122-49,PM*,Rad
G 123-45,PM*,MIR
G 123-45,PM*,PM*
G 123-45,PM*,NIR
G 123-45,PM*,*
G 124-27,PM*,UV
G 124-27,PM*,*
G 124-27,PM*,MIR
G 124-27,PM*,NIR
G 124-27,PM*,Opt
G 124-27,PM*,PM*
G 125-30,PM*,*
G 125-30,PM*,NIR
G 125-30,PM*,MIR
G 125-30,PM*,**
G 125-30,PM*,*
G 125-30,PM*,PM*
G 125-34,PM*,*
G 125-34,PM*,MIR
G 125-34,PM*,NIR
G 125-34,PM*,PM*
G 130-3,PM*,MIR
G 130-3,PM*,UV
G 130-3,PM*,Ro*
G 130-3,PM*,PM*
G 130-3,PM*,*
G 130-3,PM*,NIR
G 130-3,PM*,Er*
G 130-4,PM*,*
G 130-4,PM*,MIR
G 130-4,PM*,NIR
G 130-4,PM*,PM*
G 130-4,PM*,UV
G 130-4,PM*,X
G  13-22,PM*,X
G  13-22,PM*,*
G  13-22,PM*,Er*
G  13-22,PM*,MIR
G  13-22,PM*,NIR
G  13-22,PM*,PM*
G 137-78,PM*,NIR
G 137-78,PM*,MIR
G 137-78,PM*,*
G 137-78,PM*,UV
G 137-78,PM*,PM*
G 137-84,PM*,NIR
G 137-84,PM*,PM*
G 137-84,PM*,*
G  18-49,PM*,NIR
G  18-49,PM*,PM*
G  18-49,PM*,*
G  19-7,PM*,UV
G  19-7,PM*,X
G  19-7,PM*,*
G  19-7,PM*,Er*
G  19-7,PM*,MIR
G  19-7,PM*,NIR
G  19-7,PM*,PM*
G  19-7,PM*,Ro*
G  19-7,PM*,V*
G  22-26,PM*,NIR
G  22-26,PM*,PM*
G  22-26,PM*,**
G  22-26,PM*,*
G  23-24,PM*,MIR
G  23-24,PM*,*
G  23-24,PM*,PM*
G  23-24,PM*,NIR
G  24-16,Er*,Er*
G  24-16,Er*,**
G  24-16,Er*,MIR
G  24-16,Er*,NIR
G  24-16,Er*,PM*
G  24-16,Er*,UV
G  24-16,Er*,V*
G  24-16,Er*,X
G  24-16,Er*,LM*
G  24-16,Er*,*
G  25-8,PM*,NIR
G  25-8,PM*,PM*
G  25-8,PM*,*
G  25-8,PM*,MIR
G   3-14,PM*,NIR
G   3-14,PM*,MIR
G   3-14,PM*,*
G   3-14,PM*,PM*
G  31-53,PM*,MIR
G  31-53,PM*,PM*
G  31-53,PM*,NIR
G  31-53,PM*,*
G  32-5,PM*,NIR
G  32-5,PM*,*
G  32-5,PM*,MIR
G  32-5,PM*,PM*
G   3-33,PM*,MIR
G   3-33,PM*,*
G   3-33,PM*,*
G   3-33,PM*,X
G   3-33,PM*,NIR
G   3-33,PM*,PM*
G   3-33,PM*,UV
G   3-33,PM*,V*
G   3-33,PM*,Er*
G  36-24,PM*,MIR
G  36-24,PM*,*
G  36-24,PM*,X
G  36-24,PM*,UV
G  36-24,PM*,PM*
G  36-24,PM*,Er*
G  36-24,PM*,NIR
G  39-29A,PM*,*
G  39-29A,PM*,**
G  39-29A,PM*,PM*
G  39-29B,PM*,PM*
G  39-29B,PM*,**
G  39-29B,PM*,*
G  41-14,SB*,SB*
G  41-14,SB*,X
G  41-14,SB*,MIR
G  41-14,SB*,IR
G  41-14,SB*,PM*
G  41-14,SB*,**
G  41-14,SB*,*
G  41-14,SB*,*
G  41-14,SB*,Er*
G  41-14,SB*,NIR
G  41-14,SB*,UV
G  41-8,LM*,MIR
G  41-8,LM*,X
G  41-8,LM*,PM*
G  41-8,LM*,NIR
G  41-8,LM*,LM*
G  41-8,LM*,**
G  41-8,LM*,*
G  42-24,PM*,X
G  42-24,PM*,UV
G  42-24,PM*,MIR
G  42-24,PM*,Er*
G  42-24,PM*,NIR
G  42-24,PM*,*
G  42-24,PM*,PM*
G  44-42,PM*,MIR
G  44-42,PM*,PM*
G  44-42,PM*,NIR
G  44-42,PM*,*
G  44-42,PM*,*
G  44-43,PM*,UV
G  44-43,PM*,*
G  44-43,PM*,PM*
G  44-43,PM*,X
G  44-43,PM*,NIR
G  44-43,PM*,MIR
G  44-43,PM*,Er*
G  44-43,PM*,**
G  44-43,PM*,Ro*
G  48-20,PM*,**
G  48-20,PM*,MIR
G  48-20,PM*,*
G  48-20,PM*,NIR
G  48-20,PM*,Opt
G  48-20,PM*,PM*
G  48-20,PM*,*
G  50-12,PM*,*
G  50-12,PM*,NIR
G  50-12,PM*,PM*
G  50-12,PM*,MIR
G  50-12,PM*,Er*
G  50-12,PM*,**
G  51-15,PM*,PM*
G  51-15,PM*,V*
G  51-15,PM*,X
G  51-15,PM*,*
G  51-15,PM*,*
G  51-15,PM*,Er*
G  51-15,PM*,NIR
G  51-15,PM*,Pe*
G  65-39,SB*,*
G  65-39,SB*,NIR
G  65-39,SB*,PM*
G  65-39,SB*,SB*
G  65-39,SB*,*
G  65-39,SB*,Pe*
G  65-39,SB*,MIR
G  65-39,SB*,UV
G  65-49,PM*,*
G  65-49,PM*,MIR
G  65-49,PM*,NIR
G  65-49,PM*,PM*
G  68-8,PM*,PM*
G  68-8,PM*,*
G  68-8,PM*,MIR
G  68-8,PM*,NIR
G  69-47,SB*,SB*
G  69-47,SB*,*
G  69-47,SB*,MIR
G  69-47,SB*,NIR
G  69-47,SB*,PM*
G  69-47,SB*,Ro*
G  70-28,PM*,Ro*
G  70-28,PM*,*
G  70-28,PM*,MIR
G  70-28,PM*,NIR
G  70-28,PM*,PM*
G   7-4,PM*,PM*
G   7-4,PM*,NIR
G   7-4,PM*,MIR
G   7-4,PM*,*
G  75-35,PM*,*
G  75-35,PM*,PM*
G  75-35,PM*,X
G  75-35,PM*,**
G  75-35,PM*,MIR
G  75-35,PM*,NIR
G  75-35,PM*,Ro*
G  76-62,PM*,MIR
G  76-62,PM*,*
G  76-62,PM*,PM*
G  76-62,PM*,NIR
G   8-41,PM*,PM*
G   8-41,PM*,*
G   8-41,PM*,Er*
G   8-41,PM*,MIR
G   8-41,PM*,NIR
G   8-41,PM*,X
G  85-19,PM*,PM*
G  85-19,PM*,*
G  85-19,PM*,MIR
G  85-19,PM*,NIR
G  85-52,PM*,*
G  85-52,PM*,UV
G  85-52,PM*,PM*
G  85-52,PM*,NIR
G  85-52,PM*,MIR
G  86-28,PM*,MIR
G  86-28,PM*,PM*
G  86-28,PM*,NIR
G  86-28,PM*,**
G  86-28,PM*,*
G   9-38A,PM*,**
G   9-38A,PM*,PM*
G   9-38A,PM*,Er*
G   9-38A,PM*,*
G   9-38B,PM*,*
G   9-38B,PM*,Er*
G   9-38B,PM*,**
G   9-38B,PM*,PM*
G  96-29A,PM*,*
G  96-29A,PM*,**
G  96-29A,PM*,NIR
G  96-29A,PM*,X
G  96-29A,PM*,PM*
G  96-29B,PM*,**
G  96-29B,PM*,PM*
G  96-29B,PM*,NIR
G  96-29B,PM*,*
G  96-6,PM*,NIR
G  96-6,PM*,PM*
G  96-6,PM*,MIR
G  96-6,PM*,*
G  96-6,PM*,Ro*
G  97-15,PM*,Er*
G  97-15,PM*,UV
G  97-15,PM*,Ro*
G  97-15,PM*,PM*
G  97-15,PM*,NIR
G  97-15,PM*,MIR
G  97-15,PM*,*
G  97-15,PM*,X
G  99-49,PM*,UV
G  99-49,PM*,Ro*
G  99-49,PM*,PM*
G  99-49,PM*,**
G  99-49,PM*,NIR
G  99-49,PM*,MIR
G  99-49,PM*,IR
G  99-49,PM*,Er*
G  99-49,PM*,*
G  99-49,PM*,*
G  99-49,PM*,X
G 138-38,WD*,Opt
G 138-38,WD*,*
G 138-38,WD*,MIR
G 138-38,WD*,WD?
G 138-38,WD*,WD*
G 138-38,WD*,UV
G 138-38,WD*,PM*
G 138-38,WD*,NIR
G 139-29,PM*,PM*
G 139-29,PM*,MIR
G 139-29,PM*,*
G 139-29,PM*,NIR
G 141-36,PM*,X
G 141-36,PM*,*
G 141-36,PM*,NIR
G 141-36,PM*,PM*
G 142-11,PM*,NIR
G 142-11,PM*,**
G 142-11,PM*,*
G 142-11,PM*,PM*
G 144-25,PM*,*
G 144-25,PM*,PM*
G 144-25,PM*,NIR
G 144-25,PM*,MIR
G 146-58,PM*,*
G 146-58,PM*,PM*
G 146-58,PM*,NIR
G 146-58,PM*,MIR
G 148-47,PM*,PM*
G 148-47,PM*,*
G 148-47,PM*,**
G 148-47,PM*,MIR
G 148-47,PM*,NIR
G 148-47,PM*,X
G 148-48,LM*,MIR
G 148-48,LM*,PM*
G 148-48,LM*,NIR
G 148-48,LM*,*
G 148-48,LM*,**
G 148-48,LM*,LM*
G 148-48,LM*,Opt
G 154-43,PM*,PM*
G 154-43,PM*,NIR
G 154-43,PM*,MIR
G 154-43,PM*,*
G 154-44,PM*,X
G 154-44,PM*,Er*
G 154-44,PM*,*
G 154-44,PM*,PM*
G 154-44,PM*,NIR
G 154-44,PM*,MIR
G 157-77,PM*,UV
G 157-77,PM*,*
G 157-77,PM*,MIR
G 157-77,PM*,NIR
G 157-77,PM*,PM*
G 158-27,PM*,MIR
G 158-27,PM*,PM*
G 158-27,PM*,NIR
G 158-27,PM*,V*
G 158-27,PM*,*
G 159-3,PM*,PM*
G 159-3,PM*,X
G 159-3,PM*,UV
G 159-3,PM*,NIR
G 159-3,PM*,MIR
G 159-3,PM*,Er*
G 159-3,PM*,*
G 160-28,PM*,Er*
G 160-28,PM*,*
G 160-28,PM*,*
G 160-28,PM*,V*
G 160-28,PM*,PM*
G 160-28,PM*,NIR
G 160-28,PM*,MIR
G 161-71,LM*,PM*
G 161-71,LM*,Ro*
G 161-71,LM*,V*
G 161-71,LM*,X
G 161-71,LM*,*
G 161-71,LM*,LM*
G 161-71,LM*,MIR
G 161-71,LM*,NIR
G 164-47,PM*,MIR
G 164-47,PM*,NIR
G 164-47,PM*,PM*
G 164-47,PM*,UV
G 164-47,PM*,X
G 164-47,PM*,*
G 164-47,PM*,*
G 164-47,PM*,**
G 164-47,PM*,Er*
G 164-65,PM*,NIR
G 164-65,PM*,MIR
G 164-65,PM*,**
G 164-65,PM*,*
G 164-65,PM*,PM*
G 165-58,PM*,*
G 165-58,PM*,MIR
G 165-58,PM*,NIR
G 165-58,PM*,Opt
G 165-58,PM*,PM*
G 165-58,PM*,X
G 166-49,PM*,X
G 166-49,PM*,PM*
G 166-49,PM*,Opt
G 166-49,PM*,NIR
G 166-49,PM*,MIR
G 166-49,PM*,**
G 166-49,PM*,*
G 166-49,PM*,*
G 166-49,PM*,UV
G 169-29,PM*,Er*
G 169-29,PM*,*
G 169-29,PM*,*
G 169-29,PM*,MIR
G 169-29,PM*,NIR
G 169-29,PM*,PM*
G 169-29,PM*,X
G 172-30,PM*,*
G 172-30,PM*,MIR
G 172-30,PM*,PM*
G 172-30,PM*,NIR
G 175-34,PM*,IR
G 175-34,PM*,NIR
G 175-34,PM*,PM*
G 175-34,PM*,*
G 175-34,PM*,*
G 175-34,PM*,**
G 175-34,PM*,MIR
G 177-25,LM*,*
G 177-25,LM*,*
G 177-25,LM*,LM*
G 177-25,LM*,MIR
G 177-25,LM*,NIR
G 177-25,LM*,PM*
G 177-25,LM*,X
G 180-60,LM*,*
G 180-60,LM*,UV
G 180-60,LM*,PM*
G 180-60,LM*,Opt
G 180-60,LM*,NIR
G 180-60,LM*,MIR
G 180-60,LM*,LM*
G 180-60,LM*,Er*
G 180-60,LM*,*
G 180-60,LM*,X
G 181-39,PM*,NIR
G 181-39,PM*,PM*
G 181-39,PM*,UV
G 181-39,PM*,*
G 181-39,PM*,MIR
G 182-36,PM*,NIR
G 182-36,PM*,PM*
G 182-36,PM*,*
G 182-36,PM*,MIR
G 184-19,SB*,*
G 184-19,SB*,Er*
G 184-19,SB*,**
G 184-19,SB*,NIR
G 184-19,SB*,PM*
G 184-19,SB*,SB*
G 184-19B,LM*,LM*
G 184-19B,LM*,NIR
G 184-19B,LM*,PM*
G 184-19B,LM*,*
G 184-19B,LM*,**
G 184-19B,LM*,MIR
G 184-31,PM*,NIR
G 184-31,PM*,*
G 184-31,PM*,MIR
G 184-31,PM*,PM*
G 185-18,PM*,*
G 185-18,PM*,PM*
G 185-18,PM*,NIR
G 192-11,PM*,**
G 192-11,PM*,*
G 192-11,PM*,MIR
G 192-11,PM*,NIR
G 192-11,PM*,PM*
G 192-11,PM*,Ro*
G 192-11,PM*,V*
G 192-12,PM*,*
G 192-12,PM*,X
G 192-12,PM*,PM*
G 192-12,PM*,UV
G 192-12,PM*,Opt
G 192-12,PM*,NIR
G 192-12,PM*,MIR
G 192-12,PM*,Er*
G 192-12,PM*,Em*
G 192-12,PM*,**
G 192-13,PM*,NIR
G 192-13,PM*,*
G 192-13,PM*,*
G 192-13,PM*,PM*
G 192-13,PM*,MIR
G 192-15,PM*,*
G 192-15,PM*,PM*
G 192-15,PM*,NIR
G 192-15,PM*,MIR
G 195-57,PM*,PM*
G 195-57,PM*,NIR
G 195-57,PM*,MIR
G 195-57,PM*,*
G 195-59,PM*,NIR
G 195-59,PM*,MIR
G 195-59,PM*,PM*
G 195-59,PM*,*
G 201-27,PM*,PM*
G 201-27,PM*,*
G 201-27,PM*,NIR
G 201-27,PM*,MIR
G 201-27,PM*,Er*
G 202-45,SB*,NIR
G 202-45,SB*,*
G 202-45,SB*,**
G 202-45,SB*,MIR
G 202-45,SB*,PM*
G 202-45,SB*,SB*
G 202-45,SB*,UV
G 202-48,PM*,Ro*
G 202-48,PM*,UV
G 202-48,PM*,PM*
G 202-48,PM*,NIR
G 202-48,PM*,MIR
G 202-48,PM*,**
G 202-48,PM*,*
G 202-48,PM*,X
G 202-48,PM*,*
G 203-42,PM*,PM*
G 203-42,PM*,NIR
G 203-42,PM*,MIR
G 203-42,PM*,*
G 203-47,SB*,SB*
G 203-47,SB*,**
G 203-47,SB*,WD*
G 203-47,SB*,NIR
G 203-47,SB*,*
G 203-47,SB*,*
G 203-47,SB*,PM*
G 203-47,SB*,MIR
G 204-57,PM*,**
G 204-57,PM*,MIR
G 204-57,PM*,PM*
G 204-57,PM*,NIR
G 204-57,PM*,*
G 204-58,PM*,*
G 204-58,PM*,**
G 204-58,PM*,MIR
G 204-58,PM*,NIR
G 204-58,PM*,PM*
G 205-28,PM*,PM*
G 205-28,PM*,NIR
G 205-28,PM*,*
G 205-28,PM*,UV
G 205-35,PM*,Er*
G 205-35,PM*,NIR
G 205-35,PM*,PM*
G 205-35,PM*,X
G 205-35,PM*,*
G 205-35,PM*,MIR
G 207-19,PM*,PM*
G 207-19,PM*,*
G 207-19,PM*,NIR
G 208-42,PM*,PM*
G 208-42,PM*,X
G 208-42,PM*,*
G 208-42,PM*,*
G 208-42,PM*,Er*
G 208-42,PM*,MIR
G 208-42,PM*,NIR
G 208-42,PM*,Opt
G 208-42,PM*,Ro*
G 208-44,PM*,NIR
G 208-44,PM*,**
G 208-44,PM*,Er*
G 208-44,PM*,*
G 208-44,PM*,PM*
G 208-44,PM*,Ro*
G 208-44,PM*,V*
G 208-44,PM*,X
G 208-44,PM*,*
G 208-45,LM*,Ro*
G 208-45,LM*,Opt
G 208-45,LM*,PM*
G 208-45,LM*,Er*
G 208-45,LM*,*
G 208-45,LM*,**
G 208-45,LM*,NIR
G 208-45,LM*,LM*
G 218-20,PM*,Er*
G 218-20,PM*,PM*
G 218-20,PM*,NIR
G 218-20,PM*,*
G 218-20,PM*,MIR
G 221-5,PM*,NIR
G 221-5,PM*,PM*
G 221-5,PM*,*
G 221-5,PM*,MIR
G 222-11,PM*,MIR
G 222-11,PM*,UV
G 222-11,PM*,PM*
G 222-11,PM*,NIR
G 222-11,PM*,*
G 227-22,PM*,PM*
G 227-22,PM*,NIR
G 227-22,PM*,*
G 227-22,PM*,*
G 227-22,PM*,Er*
G 227-22,PM*,MIR
G 227-22,PM*,X
G 227-22,PM*,UV
G 227-28,WD*,WD?
G 227-28,WD*,WD*
G 227-28,WD*,PM*
G 227-28,WD*,Opt
G 227-28,WD*,NIR
G 227-28,WD*,*
G 227-29,PM*,PM*
G 227-29,PM*,NIR
G 227-29,PM*,MIR
G 227-29,PM*,*
G 234-37,PM*,NIR
G 234-37,PM*,UV
G 234-37,PM*,PM*
G 234-37,PM*,*
G 234-45,PM*,*
G 234-45,PM*,MIR
G 234-45,PM*,NIR
G 234-45,PM*,PM*
G 234-5,PM*,MIR
G 234-5,PM*,*
G 234-5,PM*,UV
G 234-5,PM*,PM*
G 234-5,PM*,NIR
G 234-53,PM*,*
G 234-53,PM*,PM*
G 234-53,PM*,NIR
G 236-1,PM*,NIR
G 236-1,PM*,*
G 236-1,PM*,**
G 236-1,PM*,PM*
G 236-2,PM*,NIR
G 236-2,PM*,**
G 236-2,PM*,*
G 236-2,PM*,X
G 236-2,PM*,PM*
G 236-2,PM*,Er*
G 236-34,SB*,*
G 236-34,SB*,NIR
G 236-34,SB*,PM*
G 236-34,SB*,SB*
G 237-64A,PM*,PM*
G 237-64A,PM*,**
G 237-64A,PM*,*
G 237-78,SB*,X
G 237-78,SB*,*
G 237-78,SB*,**
G 237-78,SB*,Er*
G 237-78,SB*,MIR
G 237-78,SB*,NIR
G 237-78,SB*,PM*
G 237-78,SB*,SB*
G 237-78,SB*,UV
G 237-78,SB*,V*
G 239-25,PM*,*
G 239-25,PM*,X
G 239-25,PM*,PM*
G 239-25,PM*,NIR
G 239-25,PM*,MIR
G 239-25,PM*,**
G 239-25B,LM*,PM*
G 239-25B,LM*,*
G 239-25B,LM*,**
G 239-25B,LM*,BD*
G 239-25B,LM*,LM*
G 244-47,PM*,NIR
G 244-47,PM*,PM*
G 244-47,PM*,UV
G 244-47,PM*,*
G 247-15,PM*,PM*
G 247-15,PM*,*
G 247-15,PM*,X
G 247-15,PM*,Er*
G 247-15,PM*,MIR
G 247-15,PM*,NIR
G 248-12,PM*,PM*
G 248-12,PM*,*
G 248-12,PM*,*
G 248-12,PM*,MIR
G 248-12,PM*,NIR
G 250-31A,PM*,**
G 250-31A,PM*,PM*
G 250-31A,PM*,*
G 250-31B,PM*,**
G 250-31B,PM*,*
G 250-31B,PM*,PM*
G 253-6,PM*,MIR
G 253-6,PM*,NIR
G 253-6,PM*,Er*
G 253-6,PM*,X
G 253-6,PM*,*
G 253-6,PM*,UV
G 253-6,PM*,PM*
G 254-29,PM*,NIR
G 254-29,PM*,*
G 254-29,PM*,PM*
G 258-33,PM*,PM*
G 258-33,PM*,Er*
G 258-33,PM*,*
G 258-33,PM*,*
G 258-33,PM*,NIR
G 258-33,PM*,X
G 259-15,PM*,NIR
G 259-15,PM*,MIR
G 259-15,PM*,*
G 259-15,PM*,Ro*
G 259-15,PM*,PM*
G 261-6,PM*,NIR
G 261-6,PM*,*
G 261-6,PM*,*
G 261-6,PM*,MIR
G 261-6,PM*,PM*
G 262-15,PM*,IR
G 262-15,PM*,MIR
G 262-15,PM*,NIR
G 262-15,PM*,X
G 262-15,PM*,PM*
G 262-15,PM*,*
G 262-15,PM*,*
G 268-110,PM*,NIR
G 268-110,PM*,PM*
G 268-110,PM*,Ro*
G 268-110,PM*,*
G 268-110,PM*,MIR
G 269-106,PM*,*
G 269-106,PM*,MIR
G 269-106,PM*,NIR
G 269-106,PM*,PM*
G 269-106,PM*,Ro*
G 272-61A,PM*,V*
G 272-61A,PM*,PM*
G 272-61A,PM*,Er*
G 272-61A,PM*,**
G 272-61A,PM*,*
G 272-61B,Em*,V*
G 272-61B,Em*,*
G 272-61B,Em*,**
G 272-61B,Em*,Em*
G 272-61B,Em*,Er*
G 272-61B,Em*,PM*
Gaia DR3 4479498508613790464,*,*
Gaia DR3 6305165514134625024,*,*
GALEX J143220.7-102157,**,**
GALEX J143220.7-102157,**,*
GALEX J143220.7-102157,**,NIR
GALEX J143220.7-102157,**,PM*
GALEX J143220.7-102157,**,UV
GALEX J172841.0-003451,SB*,NIR
GALEX J172841.0-003451,SB*,*
GALEX J172841.0-003451,SB*,MIR
GALEX J172841.0-003451,SB*,UV
GALEX J172841.0-003451,SB*,SB*
GAT 1367,PM*,PM*
GAT 1367,PM*,*
GAT 1367,PM*,MIR
GAT 1367,PM*,NIR
GJ 570 D,BD*,MIR
GJ 570 D,BD*,IR
GJ 570 D,BD*,BD*
GJ 570 D,BD*,BD*
GJ 570 D,BD*,**
GJ 570 D,BD*,*
GJ 570 D,BD*,PM*
GJ 570 D,BD*,NIR
HD 101581,PM*,MIR
HD 101581,PM*,*
HD 101581,PM*,NIR
HD 101581,PM*,PM*
HD 102365,PM*,UV
HD 102365,PM*,*
HD 102365,PM*,**
HD 102365,PM*,IR
HD 102365,PM*,MIR
HD 102365,PM*,NIR
HD 102365,PM*,PM*
HD 102365B,PM*,*
HD 102365B,PM*,**
HD 102365B,PM*,NIR
HD 102365B,PM*,PM*
HD 103095,Pe*,UV
HD 103095,Pe*,Ro*
HD 103095,Pe*,*
HD 103095,Pe*,*
HD 103095,Pe*,Er*
HD 103095,Pe*,NIR
HD 103095,Pe*,MIR
HD 103095,Pe*,Pe*
HD 103095,Pe*,PM*
HD 103095,Pe*,V*
HD 103932,PM*,NIR
HD 103932,PM*,PM*
HD 103932,PM*,X
HD 103932,PM*,*
HD 103932,PM*,IR
HD 103932,PM*,MIR
HD 104304,SB*,PM*
HD 104304,SB*,SB*
HD 104304,SB*,UV
HD 104304,SB*,MIR
HD 104304,SB*,NIR
HD 104304,SB*,IR
HD 104304,SB*,**
HD 104304,SB*,*
HD  10436,PM*,*
HD  10436,PM*,**
HD  10436,PM*,IR
HD  10436,PM*,MIR
HD  10436,PM*,NIR
HD  10436,PM*,PM*
HD  10436,PM*,X
HD  10780,BY*,*
HD  10780,BY*,X
HD  10780,BY*,V*
HD  10780,BY*,Ro*
HD  10780,BY*,PM*
HD  10780,BY*,NIR
HD  10780,BY*,MIR
HD  10780,BY*,IR
HD  10780,BY*,BY*
HD  10780,BY*,**
HD 111631,PM*,PM*
HD 111631,PM*,NIR
HD 111631,PM*,MIR
HD 111631,PM*,*
HD 111631,PM*,IR
HD  11507,PM*,X
HD  11507,PM*,Er*
HD  11507,PM*,MIR
HD  11507,PM*,NIR
HD  11507,PM*,PM*
HD  11507,PM*,V*
HD  11507,PM*,*
HD  11507,PM*,IR
HD 115404,PM*,IR
HD 115404,PM*,**
HD 115404,PM*,*
HD 115404,PM*,X
HD 115404,PM*,Ro*
HD 115404,PM*,PM*
HD 115404,PM*,NIR
HD 115404,PM*,MIR
HD 115404B,PM*,PM*
HD 115404B,PM*,*
HD 115404B,PM*,*
HD 115404B,PM*,**
HD 115404B,PM*,NIR
HD   1326,PM*,V*
HD   1326,PM*,*
HD   1326,PM*,*
HD   1326,PM*,EB*
HD   1326,PM*,Er*
HD   1326,PM*,MIR
HD   1326,PM*,NIR
HD   1326,PM*,PM*
HD   1326B,PM*,MIR
HD   1326B,PM*,Er*
HD   1326B,PM*,*
HD   1326B,PM*,*
HD   1326B,PM*,V*
HD   1326B,PM*,PM*
HD   1326B,PM*,NIR
HD  13445,PM*,X
HD  13445,PM*,*
HD  13445,PM*,**
HD  13445,PM*,IR
HD  13445,PM*,MIR
HD  13445,PM*,NIR
HD  13445,PM*,PM*
HD  13445B,WD*,*
HD  13445B,WD*,WD*
HD  13445B,WD*,**
HD  14412,PM*,UV
HD  14412,PM*,NIR
HD  14412,PM*,IR
HD  14412,PM*,MIR
HD  14412,PM*,*
HD  14412,PM*,PM*
HD  16160,PM*,Ro*
HD  16160,PM*,NIR
HD  16160,PM*,MIR
HD  16160,PM*,IR
HD  16160,PM*,**
HD  16160,PM*,*
HD  16160,PM*,*
HD  16160,PM*,X
HD  16160,PM*,PM*
HD    166,BY*,IR
HD    166,BY*,UV
HD    166,BY*,PM*
HD    166,BY*,NIR
HD    166,BY*,MIR
HD    166,BY*,V*
HD    166,BY*,BY*
HD    166,BY*,**
HD    166,BY*,*
HD    166,BY*,*
HD    166,BY*,X
HD  17925,RS*,IR
HD  17925,RS*,NIR
HD  17925,RS*,PM*
HD  17925,RS*,Ro*
HD  17925,RS*,RS*
HD  17925,RS*,UV
HD  17925,RS*,V*
HD  17925,RS*,X
HD  17925,RS*,*
HD  17925,RS*,**
HD  17925,RS*,Er*
HD  21291,s*b,IR
HD  21291,s*b,Pu*
HD  21291,s*b,s*b
HD  21291,s*b,UV
HD  21291,s*b,V*
HD  21291,s*b,Em*
HD  21291,s*b,**
HD  21291,s*b,*
HD  21291,s*b,NIR
HD  21531,SB*,NIR
HD  21531,SB*,X
HD  21531,SB*,SB*
HD  21531,SB*,PM*
HD  21531,SB*,MIR
HD  21531,SB*,IR
HD  21531,SB*,*
HD  22496,PM*,*
HD  22496,PM*,MIR
HD  22496,PM*,NIR
HD  22496,PM*,V*
HD  22496,PM*,PM*
HD  22496,PM*,IR
HD  23356,PM*,*
HD  23356,PM*,MIR
HD  23356,PM*,NIR
HD  23356,PM*,PM*
HD  23356,PM*,X
HD  23356,PM*,IR
HD  24479,Be*,*
HD  24479,Be*,UV
HD  24479,Be*,NIR
HD  24479,Be*,Em*
HD  24479,Be*,Be*
HD  27274,PM*,NIR
HD  27274,PM*,*
HD  27274,PM*,IR
HD  27274,PM*,PM*
HD  27274,PM*,MIR
HD  28343,PM*,*
HD  28343,PM*,PM*
HD  28343,PM*,NIR
HD  28343,PM*,MIR
HD  28343,PM*,V*
HD  28343,PM*,X
HD  28343,PM*,IR
HD  28343,PM*,Er*
HD  28343,PM*,UV
HD  29697,BY*,V*
HD  29697,BY*,X
HD  29697,BY*,*
HD  29697,BY*,**
HD  29697,BY*,PM*
HD  29697,BY*,UV
HD  29697,BY*,BY*
HD  29697,BY*,Er*
HD  29697,BY*,IR
HD  29697,BY*,MIR
HD  29697,BY*,NIR
HD  32147,PM*,Ro*
HD  32147,PM*,*
HD  32147,PM*,IR
HD  32147,PM*,MIR
HD  32147,PM*,NIR
HD  32147,PM*,PM*
HD  32147,PM*,V*
HD  32450A,PM*,**
HD  32450A,PM*,*
HD  32450A,PM*,PM*
HD  32450B,PM*,PM*
HD  32450B,PM*,**
HD  32450B,PM*,*
HD  33564,PM*,X
HD  33564,PM*,UV
HD  33564,PM*,PM*
HD  33564,PM*,NIR
HD  33564,PM*,IR
HD  33564,PM*,**
HD  33564,PM*,*
HD  33793,PM*,V*
HD  33793,PM*,*
HD  33793,PM*,IR
HD  33793,PM*,NIR
HD  33793,PM*,PM*
HD  33793,PM*,Ro*
HD  36003,PM*,IR
HD  36003,PM*,**
HD  36003,PM*,PM*
HD  36003,PM*,*
HD  36003,PM*,MIR
HD  36003,PM*,NIR
HD  36395,PM*,UV
HD  36395,PM*,*
HD  36395,PM*,*
HD  36395,PM*,V*
HD  36395,PM*,X
HD  36395,PM*,**
HD  36395,PM*,IR
HD  36395,PM*,MIR
HD  36395,PM*,NIR
HD  36395,PM*,PM*
HD  37394,BY*,X
HD  37394,BY*,MIR
HD  37394,BY*,NIR
HD  37394,BY*,PM*
HD  37394,BY*,Ro*
HD  37394,BY*,UV
HD  37394,BY*,V*
HD  37394,BY*,*
HD  37394,BY*,**
HD  37394,BY*,BY*
HD  37394,BY*,Er*
HD  37394,BY*,IR
HD     38A,SB*,SB*
HD     38A,SB*,PM*
HD     38A,SB*,NIR
HD     38A,SB*,*
HD     38A,SB*,**
HD     38A,SB*,MIR
HD     38B,PM*,*
HD     38B,PM*,**
HD     38B,PM*,NIR
HD     38B,PM*,PM*
HD  40307,PM*,PM*
HD  40307,PM*,*
HD  40307,PM*,IR
HD  40307,PM*,NIR
HD  42111,*,X
HD  42111,*,**
HD  42111,*,*
HD  42111,*,IR
HD  42111,*,MIR
HD  42111,*,NIR
HD  42581,PM*,IR
HD  42581,PM*,NIR
HD  42581,PM*,PM*
HD  42581,PM*,V*
HD  42581,PM*,X
HD  42581,PM*,*
HD  42581,PM*,**
HD  42581,PM*,Er*
HD  42581,PM*,MIR
HD  42581B,BD*,*
HD  42581B,BD*,**
HD  42581B,BD*,BD*
HD  42581B,BD*,Rad
HD   4628,PM*,IR
HD   4628,PM*,*
HD   4628,PM*,*
HD   4628,PM*,UV
HD   4628,PM*,PM*
HD   4628,PM*,Ro*
HD   4628,PM*,X
HD   4628,PM*,NIR
HD   4628,PM*,MIR
HD   4628,PM*,**
HD  50281,PM*,PM*
HD  50281,PM*,X
HD  50281,PM*,*
HD  50281,PM*,**
HD  50281,PM*,IR
HD  50281,PM*,MIR
HD  50281,PM*,NIR
HD  50281,PM*,UV
HD  50281B,**,PM*
HD  50281B,**,NIR
HD  50281B,**,*
HD  50281B,**,**
HD   5133,PM*,MIR
HD   5133,PM*,X
HD   5133,PM*,PM*
HD   5133,PM*,NIR
HD   5133,PM*,IR
HD   5133,PM*,*
HD  69830,PM*,PM*
HD  69830,PM*,NIR
HD  69830,PM*,MIR
HD  69830,PM*,IR
HD  69830,PM*,**
HD  69830,PM*,*
HD  69830,PM*,X
HD  69830,PM*,UV
HD  72673,PM*,MIR
HD  72673,PM*,IR
HD  72673,PM*,*
HD  72673,PM*,PM*
HD  72673,PM*,NIR
HD  73598,**,Opt
HD  73598,**,NIR
HD  73598,**,IR
HD  73598,**,**
HD  73598,**,*
HD  73598,**,*
HD  73598,**,V*
HD  73598,**,X
HD  73710,*,*
HD  73710,*,*
HD  73710,*,**
HD  73710,*,IR
HD  73710,*,NIR
HD  73710,*,Opt
HD  73710,*,X
HD  74146,SB*,*
HD  74146,SB*,*
HD  74146,SB*,**
HD  74146,SB*,IR
HD  74146,SB*,NIR
HD  74146,SB*,Pu*
HD  74146,SB*,SB*
HD  74146,SB*,UV
HD  74146,SB*,V*
HD  74146,SB*,X
HD  74196,*,NIR
HD  74196,*,*
HD  74196,*,*
HD  74196,*,V*
HD  74196,*,X
HD  74196,*,UV
HD  74560,SB*,**
HD  74560,SB*,El?
HD  74560,SB*,MIR
HD  74560,SB*,*
HD  74560,SB*,*
HD  74560,SB*,NIR
HD  74560,SB*,SB*
HD  74560,SB*,UV
HD  74560,SB*,V*
HD  74560,SB*,X
HD  74576,PM*,NIR
HD  74576,PM*,*
HD  74576,PM*,PM*
HD  74576,PM*,UV
HD  74576,PM*,X
HD  74576,PM*,IR
HD  75632A,SB*,PM*
HD  75632A,SB*,SB*
HD  75632A,SB*,*
HD  75632A,SB*,**
HD  75632B,PM*,**
HD  75632B,PM*,*
HD  75632B,PM*,PM*
HD  77912,Pe*,IR
HD  77912,Pe*,*
HD  77912,Pe*,NIR
HD  77912,Pe*,Pe*
HD  77912,Pe*,UV
HD  79210,SB*,PM*
HD  79210,SB*,NIR
HD  79210,SB*,MIR
HD  79210,SB*,Er*
HD  79210,SB*,**
HD  79210,SB*,*
HD  79210,SB*,*
HD  79210,SB*,SB*
HD  79211,PM*,NIR
HD  79211,PM*,*
HD  79211,PM*,*
HD  79211,PM*,**
HD  79211,PM*,Er*
HD  79211,PM*,PM*
HD  79211,PM*,X
HD  82106,PM*,*
HD  82106,PM*,NIR
HD  82106,PM*,X
HD  82106,PM*,PM*
HD  82106,PM*,MIR
HD  82106,PM*,IR
HD  85512,PM*,NIR
HD  85512,PM*,MIR
HD  85512,PM*,IR
HD  85512,PM*,*
HD  85512,PM*,PM*
HD  88230,PM*,PM*
HD  88230,PM*,NIR
HD  88230,PM*,MIR
HD  88230,PM*,IR
HD  88230,PM*,Er*
HD  88230,PM*,**
HD  88230,PM*,*
HD  88230,PM*,*
HD  88230,PM*,X
HD  88230,PM*,V*
HD  92938,Be*,UV
HD  92938,Be*,*
HD  92938,Be*,*
HD  92938,Be*,bC?
HD  92938,Be*,Be*
HD  92938,Be*,IR
HD  92938,Be*,MIR
HD  92938,Be*,NIR
HD  92938,Be*,Pu*
HD  92938,Be*,V*
HD  93194,*,*
HD  93194,*,NIR
HD  93194,*,UV
HD  93194,*,X
HD  93194,*,*
HD  93549,SB*,Pu*
HD  93549,SB*,X
HD  93549,SB*,MIR
HD  93549,SB*,UV
HD  93549,SB*,**
HD  93549,SB*,*
HD  93549,SB*,*
HD  93549,SB*,SB*
HD  93549,SB*,NIR
HD  93607,*,UV
HD  93607,*,*
HD  93607,*,*
HD  93607,*,MIR
HD  93607,*,NIR
HD  95735,PM*,Ro*
HD  95735,PM*,PM*
HD  95735,PM*,NIR
HD  95735,PM*,*
HD  95735,PM*,MIR
HD  95735,PM*,IR
HD  95735,PM*,Er*
HD  95735,PM*,*
HD  95735,PM*,X
HD  97101,PM*,MIR
HD  97101,PM*,PM*
HD  97101,PM*,NIR
HD  97101,PM*,*
HD  97101,PM*,**
HD  97101B,PM*,NIR
HD  97101B,PM*,MIR
HD  97101B,PM*,**
HD  97101B,PM*,*
HD  97101B,PM*,PM*
HD  98712A,PM*,MIR
HD  98712A,PM*,Er*
HD  98712A,PM*,**
HD  98712A,PM*,*
HD  98712A,PM*,NIR
HD  98712A,PM*,PM*
HD  98712B,PM*,*
HD  98712B,PM*,**
HD  98712B,PM*,Er*
HD  98712B,PM*,NIR
HD  98712B,PM*,PM*
HD  98712B,PM*,X
HD  99279A,**,NIR
HD  99279A,**,**
HD  99279A,**,*
HD  99279A,**,MIR
HD  99279A,**,X
HD  99279A,**,SB*
HD  99279A,**,PM*
HD  99279B,PM*,MIR
HD  99279B,PM*,PM*
HD  99279B,PM*,*
HD  99279B,PM*,**
HD  99279B,PM*,NIR
HD 119850,PM*,IR
HD 119850,PM*,*
HD 119850,PM*,Er*
HD 119850,PM*,PM*
HD 119850,PM*,*
HD 119850,PM*,V*
HD 119850,PM*,NIR
HD 120476A,PM*,Opt
HD 120476A,PM*,NIR
HD 120476A,PM*,Er*
HD 120476A,PM*,**
HD 120476A,PM*,*
HD 120476A,PM*,PM*
HD 120476B,PM*,*
HD 120476B,PM*,PM*
HD 120476B,PM*,NIR
HD 120476B,PM*,Er*
HD 120476B,PM*,**
HD 122064,PM*,*
HD 122064,PM*,PM*
HD 122064,PM*,NIR
HD 122064,PM*,MIR
HD 122064,PM*,IR
HD 122303,PM*,PM*
HD 122303,PM*,NIR
HD 122303,PM*,MIR
HD 122303,PM*,X
HD 122303,PM*,V*
HD 122303,PM*,UV
HD 122303,PM*,*
HD 125072,PM*,*
HD 125072,PM*,V*
HD 125072,PM*,NIR
HD 125072,PM*,MIR
HD 125072,PM*,PM*
HD 128165,PM*,V*
HD 128165,PM*,MIR
HD 128165,PM*,*
HD 128165,PM*,NIR
HD 128165,PM*,IR
HD 128165,PM*,PM*
HD 131977,BY*,IR
HD 131977,BY*,**
HD 131977,BY*,*
HD 131977,BY*,V*
HD 131977,BY*,PM*
HD 131977,BY*,NIR
HD 131977,BY*,BY*
HD 144415,PM*,UV
HD 144415,PM*,PM*
HD 144415,PM*,NIR
HD 144415,PM*,IR
HD 144415,PM*,**
HD 144415,PM*,*
HD 145417,PM*,*
HD 145417,PM*,MIR
HD 145417,PM*,NIR
HD 145417,PM*,PM*
HD 147379,PM*,*
HD 147379,PM*,IR
HD 147379,PM*,MIR
HD 147379,PM*,X
HD 147379,PM*,V*
HD 147379,PM*,PM*
HD 147379,PM*,NIR
HD 147379B,BY*,NIR
HD 147379B,BY*,*
HD 147379B,BY*,BY*
HD 147379B,BY*,MIR
HD 147379B,BY*,PM*
HD 147379B,BY*,UV
HD 147379B,BY*,V*
HD 147513,PM*,V*
HD 147513,PM*,PM*
HD 147513,PM*,NIR
HD 147513,PM*,IR
HD 147513,PM*,**
HD 147513,PM*,*
HD 147513,PM*,UV
HD 147513,PM*,X
HD 151288,PM*,V*
HD 151288,PM*,PM*
HD 151288,PM*,*
HD 151288,PM*,IR
HD 151288,PM*,NIR
HD 152751,SB*,PM*
HD 152751,SB*,Rad
HD 152751,SB*,SB*
HD 152751,SB*,UV
HD 152751,SB*,V*
HD 152751,SB*,X
HD 152751,SB*,Er*
HD 152751,SB*,**
HD 152751,SB*,*
HD 152751,SB*,IR
HD 152751,SB*,MIR
HD 152751,SB*,NIR
HD 152751,SB*,Opt
HD 152751C,PM*,Opt
HD 152751C,PM*,**
HD 152751C,PM*,*
HD 152751C,PM*,MIR
HD 152751C,PM*,NIR
HD 152751C,PM*,V*
HD 152751C,PM*,PM*
HD 154363,PM*,NIR
HD 154363,PM*,*
HD 154363,PM*,**
HD 154363,PM*,IR
HD 154363,PM*,MIR
HD 154363,PM*,PM*
HD 154363B,PM*,MIR
HD 154363B,PM*,V*
HD 154363B,PM*,PM*
HD 154363B,PM*,NIR
HD 154363B,PM*,**
HD 154363B,PM*,*
HD 154577,PM*,MIR
HD 154577,PM*,IR
HD 154577,PM*,*
HD 154577,PM*,PM*
HD 154577,PM*,NIR
HD 155876,SB*,IR
HD 155876,SB*,**
HD 155876,SB*,*
HD 155876,SB*,X
HD 155876,SB*,Rad
HD 155876,SB*,SB*
HD 155876,SB*,PM*
HD 155876,SB*,PM*
HD 155876,SB*,NIR
HD 155876,SB*,MIR
HD 156384,**,*
HD 156384,**,**
HD 156384,**,IR
HD 156384,**,MIR
HD 156384,**,NIR
HD 156384,**,PM*
HD 156384,**,V*
HD 156384,**,X
HD 156384C,PM*,NIR
HD 156384C,PM*,*
HD 156384C,PM*,**
HD 156384C,PM*,X
HD 156384C,PM*,PM*
HD 157881,PM*,X
HD 157881,PM*,PM*
HD 157881,PM*,PM*
HD 157881,PM*,UV
HD 157881,PM*,*
HD 157881,PM*,**
HD 157881,PM*,IR
HD 157881,PM*,MIR
HD 157881,PM*,NIR
HD 158633,PM*,*
HD 158633,PM*,NIR
HD 158633,PM*,PM*
HD 160346,SB*,SB*
HD 160346,SB*,X
HD 160346,SB*,*
HD 160346,SB*,**
HD 160346,SB*,IR
HD 160346,SB*,MIR
HD 160346,SB*,NIR
HD 160346,SB*,PM*
HD 160346,SB*,Ro*
HD 160346,SB*,SB*
HD 165222,PM*,IR
HD 165222,PM*,X
HD 165222,PM*,V*
HD 165222,PM*,PM*
HD 165222,PM*,MIR
HD 165222,PM*,NIR
HD 165222,PM*,*
HD 165222,PM*,*
HD 166348,PM*,*
HD 166348,PM*,IR
HD 166348,PM*,NIR
HD 166348,PM*,PM*
HD 166348,PM*,MIR
HD 166620,PM*,MIR
HD 166620,PM*,V*
HD 166620,PM*,Ro*
HD 166620,PM*,PM*
HD 166620,PM*,NIR
HD 166620,PM*,IR
HD 166620,PM*,**
HD 166620,PM*,*
HD 170642,*,UV
HD 170642,*,NIR
HD 170642,*,*
HD 170657,PM*,X
HD 170657,PM*,NIR
HD 170657,PM*,PM*
HD 170657,PM*,IR
HD 170657,PM*,V*
HD 170657,PM*,*
HD 170657,PM*,**
HD 173739,PM*,NIR
HD 173739,PM*,PM*
HD 173739,PM*,V*
HD 173739,PM*,*
HD 173739,PM*,*
HD 173739,PM*,MIR
HD 173740,PM*,*
HD 173740,PM*,*
HD 173740,PM*,NIR
HD 173740,PM*,PM*
HD 173740,PM*,MIR
HD 175156,*,NIR
HD 175156,*,IR
HD 175156,*,*
HD 175156,*,UV
HD 175219,*,NIR
HD 175219,*,*
HD 175219,*,IR
HD 175224A,PM*,PM*
HD 175224A,PM*,**
HD 175224A,PM*,*
HD 175224B,PM*,PM*
HD 175224B,PM*,**
HD 175224B,PM*,*
HD 176029,PM*,**
HD 176029,PM*,NIR
HD 176029,PM*,Ro*
HD 176029,PM*,PM*
HD 176029,PM*,*
HD 180617,PM*,V*
HD 180617,PM*,Er*
HD 180617,PM*,IR
HD 180617,PM*,*
HD 180617,PM*,*
HD 180617,PM*,**
HD 180617,PM*,PM*
HD 180617,PM*,NIR
HD 180617,PM*,X
HD 180617,PM*,SB*
HD 180617,PM*,Ro*
HD 190007,BY*,NIR
HD 190007,BY*,IR
HD 190007,BY*,Er*
HD 190007,BY*,BY*
HD 190007,BY*,*
HD 190007,BY*,X
HD 190007,BY*,UV
HD 190007,BY*,Ro*
HD 190007,BY*,PM*
HD 190007,BY*,V*
HD 191408,PM*,*
HD 191408,PM*,PM*
HD 191408,PM*,**
HD 191849,PM*,X
HD 191849,PM*,V*
HD 191849,PM*,PM*
HD 191849,PM*,*
HD 191849,PM*,IR
HD 191849,PM*,NIR
HD 192310,PM*,MIR
HD 192310,PM*,IR
HD 192310,PM*,*
HD 192310,PM*,V*
HD 192310,PM*,PM*
HD 192310,PM*,NIR
HD 196877,PM*,*
HD 196877,PM*,NIR
HD 196877,PM*,PM*
HD 197481,BY*,MIR
HD 197481,BY*,LM*
HD 197481,BY*,IR
HD 197481,BY*,Er*
HD 197481,BY*,BY*
HD 197481,BY*,**
HD 197481,BY*,*
HD 197481,BY*,V*
HD 197481,BY*,PM*
HD 197481,BY*,NIR
HD 197481,BY*,X
HD 197481,BY*,UV
HD 199305,PM*,**
HD 199305,PM*,IR
HD 199305,PM*,MIR
HD 199305,PM*,NIR
HD 199305,PM*,X
HD 199305,PM*,*
HD 199305,PM*,*
HD 199305,PM*,PM*
HD 204961,PM*,NIR
HD 204961,PM*,*
HD 204961,PM*,IR
HD 204961,PM*,MIR
HD 204961,PM*,PM*
HD 209290,PM*,MIR
HD 209290,PM*,*
HD 209290,PM*,IR
HD 209290,PM*,PM*
HD 209290,PM*,NIR
HD 211970,PM*,*
HD 211970,PM*,PM*
HD 211970,PM*,NIR
HD 211970,PM*,MIR
HD 211970,PM*,IR
HD 214749,PM*,PM*
HD 214749,PM*,*
HD 214749,PM*,IR
HD 214749,PM*,MIR
HD 214749,PM*,NIR
HD 216899,PM*,MIR
HD 216899,PM*,IR
HD 216899,PM*,*
HD 216899,PM*,X
HD 216899,PM*,PM*
HD 216899,PM*,NIR
HD 217357,PM*,NIR
HD 217357,PM*,*
HD 217357,PM*,IR
HD 217357,PM*,MIR
HD 217357,PM*,PM*
HD 217987,PM*,MIR
HD 217987,PM*,*
HD 217987,PM*,IR
HD 217987,PM*,NIR
HD 217987,PM*,PM*
HD 217987,PM*,V*
HD 217987,PM*,X
HD 219134,PM*,**
HD 219134,PM*,IR
HD 219134,PM*,Er*
HD 219134,PM*,PM*
HD 219134,PM*,V*
HD 219134,PM*,X
HD 219134,PM*,*
HD 219134,PM*,MIR
HD 219134,PM*,NIR
HD 222237,PM*,PM*
HD 222237,PM*,MIR
HD 222237,PM*,*
HD 222237,PM*,NIR
HD 223778,SB*,IR
HD 223778,SB*,*
HD 223778,SB*,X
HD 223778,SB*,UV
HD 223778,SB*,SB*
HD 223778,SB*,PM*
HD 223778,SB*,NIR
HD 223778,SB*,**
HD 223889,PM*,*
HD 223889,PM*,IR
HD 223889,PM*,MIR
HD 223889,PM*,NIR
HD 223889,PM*,PM*
HD 225213,PM*,MIR
HD 225213,PM*,IR
HD 225213,PM*,Er*
HD 225213,PM*,*
HD 225213,PM*,V*
HD 225213,PM*,PM*
HD 225213,PM*,NIR
HD 232979,PM*,X
HD 232979,PM*,Er*
HD 232979,PM*,IR
HD 232979,PM*,MIR
HD 232979,PM*,NIR
HD 232979,PM*,*
HD 232979,PM*,**
HD 232979,PM*,PM*
HD 233153,PM*,*
HD 233153,PM*,*
HD 233153,PM*,**
HD 233153,PM*,NIR
HD 233153,PM*,PM*
HD 239960A,PM*,*
HD 239960A,PM*,PM*
HD 239960A,PM*,**
HD 239960B,PM*,**
HD 239960B,PM*,X
HD 239960B,PM*,V*
HD 239960B,PM*,PM*
HD 239960B,PM*,*
HD 239960B,PM*,Er*
HD 260655,PM*,IR
HD 260655,PM*,**
HD 260655,PM*,*
HD 260655,PM*,MIR
HD 260655,PM*,PM*
HD 260655,PM*,NIR
HD 265866,PM*,NIR
HD 265866,PM*,*
HD 265866,PM*,*
HD 265866,PM*,IR
HD 265866,PM*,MIR
HD 265866,PM*,PM*
HD 285968,PM*,*
HD 285968,PM*,X
HD 285968,PM*,IR
HD 285968,PM*,MIR
HD 285968,PM*,NIR
HD 285968,PM*,PM*
HD 285968,PM*,*
HD 304043,PM*,MIR
HD 304043,PM*,*
HD 304043,PM*,NIR
HD 304043,PM*,PM*
HD 304636,PM*,MIR
HD 304636,PM*,PM*
HD 304636,PM*,NIR
HD 304636,PM*,V*
HD 304636,PM*,*
HD 331161A,PM*,**
HD 331161A,PM*,*
HD 331161A,PM*,PM*
HD 331161A,PM*,NIR
HD 331161B,PM*,PM*
HD 331161B,PM*,*
HD 331161B,PM*,**
HD 331161B,PM*,NIR
HD 349726,PM*,*
HD 349726,PM*,PM*
HD 349726,PM*,NIR
HD 349726,PM*,MIR
HD 349726,PM*,**
IC 4592,RNe,ISM
IC 4592,RNe,HII
IC 4592,RNe,RNe
IC 4601,GNe,GNe
IC 4603,GNe,ISM
IC 4603,GNe,GNe
IC 4603,GNe,HII
IC 4603,GNe,RNe
IC 4604,GNe,ISM
IC 4604,GNe,HII
IC 4604,GNe,GNe
IC 4604,GNe,RNe
IC 4605,GNe,ISM
IC 4605,GNe,RNe
IC 4605,GNe,HII
IC 4605,GNe,GNe
IC 4606,HII,HII
L   21-3,PM*,MIR
L   21-3,PM*,PM*
L   21-3,PM*,NIR
L   21-3,PM*,*
L   22-69,PM*,*
L   22-69,PM*,Ro*
L   22-69,PM*,PM*
L   22-69,PM*,NIR
L   22-69,PM*,MIR
L   23-30,PM*,*
L   23-30,PM*,PM*
L   23-30,PM*,NIR
L   23-30,PM*,MIR
L   32-8,PM*,**
L   32-8,PM*,*
L   32-8,PM*,Er*
L   32-8,PM*,MIR
L   32-8,PM*,NIR
L   32-8,PM*,PM*
L   32-9,PM*,MIR
L   32-9,PM*,Er*
L   32-9,PM*,PM*
L   32-9,PM*,X
L   32-9,PM*,**
L   32-9,PM*,*
L   32-9,PM*,NIR
L  100-115,PM*,Ro*
L  100-115,PM*,*
L  100-115,PM*,MIR
L  100-115,PM*,NIR
L  100-115,PM*,PM*
L  115-21,PM*,Ro*
L  115-21,PM*,*
L  115-21,PM*,**
L  115-21,PM*,NIR
L  115-21,PM*,PM*
L  115-21,PM*,V*
L  115-22,PM*,NIR
L  115-22,PM*,**
L  115-22,PM*,*
L  115-22,PM*,PM*
L  127-97,PM*,*
L  127-97,PM*,Er*
L  127-97,PM*,MIR
L  127-97,PM*,NIR
L  127-97,PM*,PM*
L  136-37,PM*,MIR
L  136-37,PM*,*
L  136-37,PM*,*
L  136-37,PM*,PM*
L  136-37,PM*,NIR
L  140-289,PM*,*
L  140-289,PM*,MIR
L  140-289,PM*,NIR
L  140-289,PM*,PM*
L  143-23,PM*,*
L  143-23,PM*,MIR
L  143-23,PM*,NIR
L  143-23,PM*,PM*
L  167-14,PM*,NIR
L  167-14,PM*,*
L  167-14,PM*,PM*
L  167-14,PM*,MIR
L  173-19,PM*,PM*
L  173-19,PM*,NIR
L  173-19,PM*,*
L  173-19,PM*,V*
L  173-19,PM*,Ro*
L  174-28,PM*,*
L  174-28,PM*,PM*
L  174-28,PM*,V*
L  174-28,PM*,NIR
L  186-66,PM*,MIR
L  186-66,PM*,PM*
L  186-66,PM*,*
L  186-66,PM*,**
L  186-66,PM*,NIR
L  186-67,LM*,NIR
L  186-67,LM*,X
L  186-67,LM*,PM*
L  186-67,LM*,MIR
L  186-67,LM*,LM*
L  186-67,LM*,**
L  186-67,LM*,*
L  194-11,PM*,PM*
L  194-11,PM*,Ro*
L  194-11,PM*,*
L  194-11,PM*,MIR
L  194-11,PM*,NIR
L  205-128,PM*,MIR
L  205-128,PM*,*
L  205-128,PM*,NIR
L  205-128,PM*,PM*
L  205-128,PM*,V*
L  207-41,PM*,PM*
L  207-41,PM*,*
L  207-41,PM*,MIR
L  207-41,PM*,NIR
L  211-59,PM*,PM*
L  211-59,PM*,NIR
L  211-59,PM*,MIR
L  211-59,PM*,*
L  217-28,PM*,PM*
L  217-28,PM*,NIR
L  217-28,PM*,*
L  228-92,PM*,*
L  228-92,PM*,PM*
L  228-92,PM*,PM*
L  228-92,PM*,Ro*
L  228-92,PM*,NIR
L  228-92,PM*,IR
L  230-188,PM*,*
L  230-188,PM*,PM*
L  230-188,PM*,MIR
L  230-188,PM*,NIR
L  266-69,PM*,NIR
L  266-69,PM*,MIR
L  266-69,PM*,*
L  266-69,PM*,PM*
L  273-106,PM*,PM*
L  273-106,PM*,NIR
L  273-106,PM*,MIR
L  273-106,PM*,*
L  294-112,PM*,PM*
L  294-112,PM*,Ro*
L  294-112,PM*,*
L  294-112,PM*,MIR
L  294-112,PM*,NIR
L  308-57,PM*,PM*
L  308-57,PM*,NIR
L  308-57,PM*,*
L  320-124,PM*,PM*
L  320-124,PM*,*
L  320-124,PM*,**
L  320-124,PM*,MIR
L  320-124,PM*,NIR
L  320-124,PM*,Ro*
L   34-26,LM*,V*
L   34-26,LM*,MIR
L   34-26,LM*,NIR
L   34-26,LM*,PM*
L   34-26,LM*,Ro*
L   34-26,LM*,UV
L   34-26,LM*,X
L   34-26,LM*,*
L   34-26,LM*,Er*
L   34-26,LM*,LM*
L   34-26 B,BD*,BD*
L   34-26 B,BD*,MIR
L   34-26 B,BD*,*
L  347-14,PM*,PM*
L  347-14,PM*,NIR
L  347-14,PM*,*
L   35-12,PM*,PM*
L   35-12,PM*,Ro*
L   35-12,PM*,NIR
L   35-12,PM*,MIR
L   35-12,PM*,*
L  362-29,PM*,MIR
L  362-29,PM*,NIR
L  362-29,PM*,PM*
L  362-29,PM*,*
L  362-29,PM*,**
L  363-38,PM*,PM*
L  363-38,PM*,NIR
L  363-38,PM*,*
L  363-38,PM*,MIR
L  372-58,PM*,MIR
L  372-58,PM*,Ro*
L  372-58,PM*,PM*
L  372-58,PM*,*
L  372-58,PM*,NIR
L  380-8,PM*,MIR
L  380-8,PM*,NIR
L  380-8,PM*,PM*
L  380-8,PM*,Ro*
L  380-8,PM*,*
L  380-8,PM*,IR
L  399-68,PM*,PM*
L  399-68,PM*,NIR
L  399-68,PM*,MIR
L  399-68,PM*,*
L  399-68,PM*,Ro*
L  403-34,PM*,NIR
L  403-34,PM*,*
L  403-34,PM*,MIR
L  403-34,PM*,PM*
L  425-35,PM*,MIR
L  425-35,PM*,Er*
L  425-35,PM*,PM*
L  425-35,PM*,NIR
L  425-35,PM*,*
L   43-72 A,PM*,*
L   43-72 A,PM*,PM*
L   43-72 A,PM*,**
L   43-72 B,PM*,PM*
L   43-72 B,PM*,*
L   43-72 B,PM*,**
L   46-96,PM*,PM*
L   46-96,PM*,Ro*
L   46-96,PM*,*
L   46-96,PM*,NIR
L  471-42,PM*,*
L  471-42,PM*,MIR
L  471-42,PM*,NIR
L  471-42,PM*,PM*
L  473-1,PM*,PM*
L  473-1,PM*,*
L  473-1,PM*,MIR
L  473-1,PM*,NIR
L  480-69,PM*,PM*
L  480-69,PM*,*
L  480-69,PM*,Ro*
L  480-69,PM*,MIR
L  480-69,PM*,NIR
L  489-3,PM*,*
L  489-3,PM*,NIR
L  489-3,PM*,PM*
L  489-58,PM*,PM*
L  489-58,PM*,*
L  489-58,PM*,MIR
L  489-58,PM*,NIR
L   49-19,PM*,PM*
L   49-19,PM*,*
L   49-19,PM*,UV
L   49-19,PM*,NIR
L  499-56,PM*,MIR
L  499-56,PM*,*
L  499-56,PM*,NIR
L  499-56,PM*,PM*
L  499-56,PM*,Ro*
L  504-27,PM*,*
L  504-27,PM*,MIR
L  504-27,PM*,Ro*
L  504-27,PM*,NIR
L  504-27,PM*,PM*
L  513-23,PM*,*
L  513-23,PM*,NIR
L  513-23,PM*,PM*
L  513-23,PM*,MIR
L  524-15,PM*,MIR
L  524-15,PM*,PM*
L  524-15,PM*,NIR
L  524-15,PM*,*
L  570-29,PM*,PM*
L  570-29,PM*,MIR
L  570-29,PM*,NIR
L  570-29,PM*,*
L  601-78 A,PM*,PM*
L  601-78 A,PM*,**
L  601-78 A,PM*,*
L  601-78 B,PM*,PM*
L  601-78 B,PM*,**
L  601-78 B,PM*,*
L  623-94,PM*,PM*
L  623-94,PM*,*
L  623-94,PM*,MIR
L  623-94,PM*,NIR
L  645-73,PM*,NIR
L  645-73,PM*,*
L  645-73,PM*,PM*
L  645-73,PM*,**
L  645-73,PM*,MIR
L  645-74,PM*,NIR
L  645-74,PM*,PM*
L  645-74,PM*,*
L  645-74,PM*,**
L  674-15,PM*,NIR
L  674-15,PM*,PM*
L  674-15,PM*,*
L  674-15,PM*,MIR
L  674-15,PM*,**
L  678-39,PM*,NIR
L  678-39,PM*,PM*
L  678-39,PM*,MIR
L  678-39,PM*,*
L  715-89,PM*,MIR
L  715-89,PM*,*
L  715-89,PM*,PM*
L  715-89,PM*,NIR
L  736-30,PM*,*
L  736-30,PM*,PM*
L  736-30,PM*,NIR
L  736-30,PM*,MIR
L  744-10,PM*,PM*
L  744-10,PM*,*
L  744-10,PM*,MIR
L  744-10,PM*,NIR
L  749-34,PM*,PM*
L  749-34,PM*,MIR
L  749-34,PM*,*
L  749-34,PM*,NIR
L  750-42,LM*,*
L  750-42,LM*,MIR
L  750-42,LM*,NIR
L  750-42,LM*,PM*
L  750-42,LM*,LM*
L  750-52,PM*,MIR
L  750-52,PM*,PM*
L  750-52,PM*,NIR
L  750-52,PM*,*
L  758-107,PM*,**
L  758-107,PM*,PM*
L  758-107,PM*,NIR
L  758-107,PM*,*
L  758-108,PM*,NIR
L  758-108,PM*,PM*
L  758-108,PM*,*
L  758-108,PM*,**
L  762-51,PM*,Ro*
L  762-51,PM*,PM*
L  762-51,PM*,*
L  762-51,PM*,MIR
L  762-51,PM*,NIR
L  763-63,LM*,UV
L  763-63,LM*,MIR
L  763-63,LM*,NIR
L  763-63,LM*,PM*
L  763-63,LM*,Ro*
L  763-63,LM*,LM*
L  763-63,LM*,X
L  763-63,LM*,*
L  763-63,LM*,Er*
L  768-119,SB*,*
L  768-119,SB*,SB*
L  768-119,SB*,PM*
L  768-119,SB*,NIR
L  768-119,SB*,MIR
L  768-119,SB*,V*
L  788-34,PM*,PM*
L  788-34,PM*,X
L  788-34,PM*,*
L  788-34,PM*,Er*
L  788-34,PM*,MIR
L  788-34,PM*,NIR
L  788-37,PM*,NIR
L  788-37,PM*,PM*
L  788-37,PM*,*
L  788-37,PM*,MIR
L  802-6,PM*,MIR
L  802-6,PM*,*
L  802-6,PM*,PM*
L  802-6,PM*,NIR
L   85-31,PM*,X
L   85-31,PM*,Ro*
L   85-31,PM*,PM*
L   85-31,PM*,NIR
L   85-31,PM*,MIR
L   85-31,PM*,Er*
L   85-31,PM*,*
L   87-10,PM*,Er*
L   87-10,PM*,Ro*
L   87-10,PM*,IR
L   87-10,PM*,MIR
L   87-10,PM*,NIR
L   87-10,PM*,*
L   87-10,PM*,PM*
L   88-59,WD*,WD*
L   88-59,WD*,PM*
L   88-59,WD*,NIR
L   88-59,WD*,MIR
L   88-59,WD*,*
L   88-59,WD*,WD?
L   89-27,PM*,*
L   89-27,PM*,NIR
L   89-27,PM*,MIR
L   89-27,PM*,UV
L   89-27,PM*,PM*
L   89-27,PM*,Er*
L   89-27,PM*,V*
L  923-22,PM*,NIR
L  923-22,PM*,MIR
L  923-22,PM*,**
L  923-22,PM*,*
L  923-22,PM*,V*
L  923-22,PM*,PM*
L   98-59,PM*,NIR
L   98-59,PM*,PM*
L   98-59,PM*,*
L   98-59,PM*,MIR
LAWD 10,WD*,MIR
LAWD 10,WD*,PM*
LAWD 10,WD*,WD*
LAWD 10,WD*,WD?
LAWD 10,WD*,Opt
LAWD 10,WD*,NIR
LAWD 10,WD*,blu
LAWD 10,WD*,*
LAWD 25,WD*,WD*
LAWD 25,WD*,WD?
LAWD 25,WD*,*
LAWD 25,WD*,**
LAWD 25,WD*,MIR
LAWD 25,WD*,NIR
LAWD 25,WD*,PM*
LAWD 26,WD*,NIR
LAWD 26,WD*,*
LAWD 26,WD*,WD*
LAWD 26,WD*,PM*
LAWD 26,WD*,WD?
LAWD 34,WD*,PM*
LAWD 34,WD*,*
LAWD 34,WD*,WD*
LAWD 34,WD*,WD?
LAWD 34,WD*,MIR
LAWD 34,WD*,NIR
LAWD 34,WD*,Opt
LAWD 34,WD*,UV
LAWD 37,WD*,MIR
LAWD 37,WD*,*
LAWD 37,WD*,WD?
LAWD 37,WD*,WD*
LAWD 37,WD*,PM*
LAWD 37,WD*,NIR
LAWD 73,WD*,WD*
LAWD 73,WD*,WD?
LAWD 73,WD*,*
LAWD 73,WD*,MIR
LAWD 73,WD*,NIR
LAWD 73,WD*,PM*
LAWD 73,WD*,UV
LAWD 73,WD*,V*
LAWD 74,WD*,V*
LAWD 74,WD*,WD*
LAWD 74,WD*,WD?
LAWD 74,WD*,*
LAWD 74,WD*,**
LAWD 74,WD*,NIR
LAWD 74,WD*,PM*
LAWD 74,WD*,Pu*
LAWD 79,WD*,WD*
LAWD 79,WD*,WD?
LAWD 79,WD*,*
LAWD 79,WD*,**
LAWD 79,WD*,NIR
LAWD 79,WD*,Opt
LAWD 79,WD*,PM*
LAWD 96,WD*,*
LAWD 96,WD*,WD?
LAWD 96,WD*,WD*
LAWD 96,WD*,PM*
LAWD 96,WD*,NIR
LAWD 96,WD*,MIR
LBN 006.00+24.73,HII,HII
LBN  1099,HII,HII
LEHPM 3396,LM*,IR
LEHPM 3396,LM*,*
LEHPM 3396,LM*,PM*
LEHPM 3396,LM*,NIR
LEHPM 3396,LM*,MIR
LEHPM 3396,LM*,LM*
LEHPM 5031,PM*,NIR
LEHPM 5031,PM*,PM*
LEHPM 5031,PM*,Er*
LEHPM 5031,PM*,*
LEHPM 5031,PM*,MIR
LP   12-382,PM*,*
LP   12-382,PM*,PM*
LP   12-382,PM*,NIR
LP  169-22,PM*,PM*
LP  169-22,PM*,NIR
LP  169-22,PM*,*
LP  169-22,PM*,*
LP   21-224,PM*,NIR
LP   21-224,PM*,PM*
LP   21-224,PM*,X
LP   21-224,PM*,*
LP   21-224,PM*,*
LP  229-17,LM*,*
LP  229-17,LM*,MIR
LP  229-17,LM*,NIR
LP  229-17,LM*,PM*
LP  229-17,LM*,LM*
LP  245-10,PM*,PM*
LP  245-10,PM*,UV
LP  245-10,PM*,NIR
LP  245-10,PM*,MIR
LP  245-10,PM*,Er*
LP  245-10,PM*,*
LP  255-11,PM*,NIR
LP  255-11,PM*,*
LP  255-11,PM*,**
LP  255-11,PM*,Er*
LP  255-11,PM*,PM*
LP  271-25,LM*,NIR
LP  271-25,LM*,MIR
LP  271-25,LM*,PM*
LP  271-25,LM*,*
LP  271-25,LM*,LM*
LP  271-25,LM*,IR
LP  271-25,LM*,Er*
LP  271-25,LM*,Opt
LP  276-22,PM*,PM*
LP  276-22,PM*,MIR
LP  276-22,PM*,*
LP  276-22,PM*,*
LP  276-22,PM*,NIR
LP  292-67,PM*,*
LP  292-67,PM*,PM*
LP  292-67,PM*,NIR
LP  292-67,PM*,MIR
LP  335-12,LM*,PM*
LP  335-12,LM*,NIR
LP  335-12,LM*,LM*
LP  335-12,LM*,*
LP   35-347,Em*,*
LP   35-347,Em*,PM*
LP   35-347,Em*,NIR
LP   35-347,Em*,MIR
LP   35-347,Em*,Em*
LP  357-56,LM*,LM*
LP  357-56,LM*,*
LP  357-56,LM*,PM*
LP  357-56,LM*,NIR
LP  357-56,LM*,Opt
LP  357-56,LM*,MIR
LP  357-56,LM*,LM?
LP  368-128,PM*,*
LP  368-128,PM*,MIR
LP  368-128,PM*,NIR
LP  368-128,PM*,PM*
LP  380-6,PM*,*
LP  380-6,PM*,MIR
LP  380-6,PM*,NIR
LP  380-6,PM*,PM*
LP  380-6,PM*,*
LP  380-6,PM*,**
LP  415-302,PM*,MIR
LP  415-302,PM*,*
LP  415-302,PM*,PM*
LP  415-302,PM*,NIR
LP  463-23,PM*,X
LP  463-23,PM*,*
LP  463-23,PM*,MIR
LP  463-23,PM*,NIR
LP  463-23,PM*,PM*
LP  469-206,PM*,Er*
LP  469-206,PM*,*
LP  469-206,PM*,X
LP  469-206,PM*,PM*
LP  469-206,PM*,NIR
LP  469-206,PM*,MIR
LP  469-67,LM*,PM*
LP  469-67,LM*,*
LP  469-67,LM*,LM*
LP  469-67,LM*,MIR
LP  469-67,LM*,NIR
LP  500-35,PM*,NIR
LP  500-35,PM*,PM*
LP  500-35,PM*,*
LP  500-35,PM*,Er*
LP  500-35,PM*,MIR
LP  502-56,PM*,*
LP  502-56,PM*,MIR
LP  502-56,PM*,NIR
LP  502-56,PM*,PM*
LP  502-56,PM*,*
LP  560-35,LM*,PM*
LP  560-35,LM*,*
LP  560-35,LM*,*
LP  560-35,LM*,Opt
LP  560-35,LM*,NIR
LP  560-35,LM*,MIR
LP  560-35,LM*,LM*
LP  607-32,PM*,PM*
LP  607-32,PM*,NIR
LP  607-32,PM*,*
LP  625-34,PM*,NIR
LP  625-34,PM*,X
LP  625-34,PM*,*
LP  625-34,PM*,UV
LP  625-34,PM*,PM*
LP  625-34,PM*,Er*
LP  639-1,PM*,NIR
LP  639-1,PM*,MIR
LP  639-1,PM*,*
LP  639-1,PM*,PM*
LP  647-13,LM*,MIR
LP  647-13,LM*,PM*
LP  647-13,LM*,Rad
LP  647-13,LM*,IR
LP  647-13,LM*,Er*
LP  647-13,LM*,*
LP  647-13,LM*,LM*
LP  647-13,LM*,NIR
LP  649-72,PM*,*
LP  649-72,PM*,PM*
LP  649-72,PM*,Ro*
LP  649-72,PM*,NIR
LP  649-72,PM*,MIR
LP  649-72,PM*,IR
LP  653-13,PM*,NIR
LP  653-13,PM*,MIR
LP  653-13,PM*,*
LP  653-13,PM*,Ro*
LP  653-13,PM*,PM*
LP  655-48,LM*,Em*
LP  655-48,LM*,PM*
LP  655-48,LM*,X
LP  655-48,LM*,V*
LP  655-48,LM*,Rad
LP  655-48,LM*,Opt
LP  655-48,LM*,NIR
LP  655-48,LM*,MIR
LP  655-48,LM*,LM*
LP  655-48,LM*,IR
LP  655-48,LM*,Er*
LP  655-48,LM*,Er*
LP  655-48,LM*,*
LP  656-38,PM*,*
LP  656-38,PM*,X
LP  656-38,PM*,V*
LP  656-38,PM*,Ro*
LP  656-38,PM*,PM*
LP  656-38,PM*,NIR
LP  656-38,PM*,MIR
LP  656-38,PM*,Er*
LP  658-44,PM*,Ro*
LP  658-44,PM*,*
LP  658-44,PM*,MIR
LP  658-44,PM*,NIR
LP  658-44,PM*,PM*
LP  666-9,BD*,PM*
LP  666-9,BD*,Rad
LP  666-9,BD*,IR
LP  666-9,BD*,Er*
LP  666-9,BD*,Em*
LP  666-9,BD*,BD*
LP  666-9,BD*,*
LP  666-9,BD*,LM*
LP  666-9,BD*,X
LP  666-9,BD*,MIR
LP  666-9,BD*,NIR
LP  672-42,PM*,*
LP  672-42,PM*,NIR
LP  672-42,PM*,MIR
LP  672-42,PM*,PM*
LP  698-42,PM*,*
LP  698-42,PM*,MIR
LP  698-42,PM*,PM*
LP  698-42,PM*,NIR
LP  731-58,PM*,*
LP  731-58,PM*,MIR
LP  731-58,PM*,IR
LP  731-58,PM*,Er*
LP  731-58,PM*,PM*
LP  731-58,PM*,NIR
LP  732-35,PM*,*
LP  732-35,PM*,PM*
LP  732-35,PM*,NIR
LP  732-35,PM*,MIR
LP  734-32,PM*,*
LP  734-32,PM*,MIR
LP  734-32,PM*,NIR
LP  734-32,PM*,PM*
LP  734-32,PM*,UV
LP  756-18,PM*,NIR
LP  756-18,PM*,*
LP  756-18,PM*,**
LP  756-18,PM*,MIR
LP  756-18,PM*,PM*
LP  756-19,SB*,NIR
LP  756-19,SB*,*
LP  756-19,SB*,**
LP  756-19,SB*,MIR
LP  756-19,SB*,PM*
LP  756-19,SB*,SB*
LP  760-3,LM*,Em*
LP  760-3,LM*,PM*
LP  760-3,LM*,Er*
LP  760-3,LM*,LM*
LP  760-3,LM*,MIR
LP  760-3,LM*,NIR
LP  760-3,LM*,*
LP  775-31,Em*,NIR
LP  775-31,Em*,MIR
LP  775-31,Em*,*
LP  775-31,Em*,IR
LP  775-31,Em*,PM*
LP  775-31,Em*,Rad
LP  775-31,Em*,Em*
LP  775-31,Em*,**
LP  776-46,PM*,NIR
LP  776-46,PM*,*
LP  776-46,PM*,**
LP  776-46,PM*,MIR
LP  776-46,PM*,PM*
LP  779-34,PM*,MIR
LP  779-34,PM*,*
LP  779-34,PM*,PM*
LP  779-34,PM*,NIR
LP  783-1,PM*,PM*
LP  783-1,PM*,NIR
LP  783-1,PM*,*
LP  783-2,PM*,MIR
LP  783-2,PM*,**
LP  783-2,PM*,*
LP  783-2,PM*,PM*
LP  783-2,PM*,NIR
LP  791-3,PM*,*
LP  791-3,PM*,MIR
LP  791-3,PM*,PM*
LP  791-3,PM*,NIR
LP  795-15,PM*,Ro*
LP  795-15,PM*,*
LP  795-15,PM*,MIR
LP  795-15,PM*,NIR
LP  795-15,PM*,PM*
LP  795-15,PM*,UV
LP  801-9,WD*,WD?
LP  801-9,WD*,*
LP  801-9,WD*,MIR
LP  801-9,WD*,NIR
LP  801-9,WD*,Opt
LP  801-9,WD*,PM*
LP  801-9,WD*,WD*
LP  816-60,PM*,PM*
LP  816-60,PM*,*
LP  816-60,PM*,MIR
LP  816-60,PM*,NIR
LP  838-16,PM*,MIR
LP  838-16,PM*,*
LP  838-16,PM*,NIR
LP  838-16,PM*,PM*
LP  847-48,PM*,NIR
LP  847-48,PM*,PM*
LP  847-48,PM*,*
LP  851-346,PM*,IR
LP  851-346,PM*,Er*
LP  851-346,PM*,*
LP  851-346,PM*,MIR
LP  851-346,PM*,NIR
LP  851-346,PM*,PM*
LP  851-346,PM*,PM*
LP  852-7,WD*,PM*
LP  852-7,WD*,UV
LP  852-7,WD*,V*
LP  852-7,WD*,WD*
LP  852-7,WD*,WD?
LP  852-7,WD*,NIR
LP  852-7,WD*,*
LP  853-12,PM*,*
LP  853-12,PM*,MIR
LP  853-12,PM*,NIR
LP  853-12,PM*,PM*
LP  853-12,PM*,LM?
LP  853-12,PM*,*
LP  860-41,PM*,*
LP  860-41,PM*,IR
LP  860-41,PM*,MIR
LP  860-41,PM*,NIR
LP  860-41,PM*,PM*
LP  867-15,PM*,PM*
LP  867-15,PM*,*
LP  867-15,PM*,NIR
LP  888-18,PM*,Rad
LP  888-18,PM*,*
LP  888-18,PM*,Er*
LP  888-18,PM*,Er*
LP  888-18,PM*,IR
LP  888-18,PM*,MIR
LP  888-18,PM*,NIR
LP  888-18,PM*,PM*
LP  890-27,PM*,NIR
LP  890-27,PM*,PM*
LP  890-27,PM*,Ro*
LP  890-27,PM*,MIR
LP  890-27,PM*,IR
LP  890-27,PM*,*
LP  911-56,PM*,PM*
LP  911-56,PM*,NIR
LP  911-56,PM*,*
LP  911-56,PM*,MIR
LP  911-56,PM*,IR
LP  911-56,PM*,PM*
LP  912-33,PM*,MIR
LP  912-33,PM*,NIR
LP  912-33,PM*,PM*
LP  912-33,PM*,*
LP  914-54,Em*,NIR
LP  914-54,Em*,Rad
LP  914-54,Em*,X
LP  914-54,Em*,MIR
LP  914-54,Em*,IR
LP  914-54,Em*,Er*
LP  914-54,Em*,Em*
LP  914-54,Em*,*
LP  914-54,Em*,PM*
LP  938-71,LM*,LM*
LP  938-71,LM*,PM*
LP  938-71,LM*,NIR
LP  938-71,LM*,MIR
LP  938-71,LM*,Er*
LP  938-71,LM*,Em*
LP  938-71,LM*,*
LP  944-20,LM*,Er*
LP  944-20,LM*,Rad
LP  944-20,LM*,*
LP  944-20,LM*,MIR
LP  944-20,LM*,NIR
LP  944-20,LM*,QSO
LP  944-20,LM*,PM*
LP  944-20,LM*,LM*
LP  944-20,LM*,IR
LP   98-79,PM*,NIR
LP   98-79,PM*,MIR
LP   98-79,PM*,IR
LP   98-79,PM*,Er*
LP   98-79,PM*,*
LP   98-79,PM*,PM*
LP  991-84,PM*,NIR
LP  991-84,PM*,PM*
LP  991-84,PM*,MIR
LP  991-84,PM*,IR
LP  991-84,PM*,*
LP  993-115,PM*,*
LP  993-115,PM*,**
LP  993-115,PM*,Er*
LP  993-115,PM*,MIR
LP  993-115,PM*,PM*
LP  993-115,PM*,NIR
LS  II +14   13,SB?,*
LS  II +14   13,SB?,NIR
LS  II +14   13,SB?,PM*
LS  II +14   13,SB?,SB?
LSPM J0036+1821,BD*,Rad
LSPM J0036+1821,BD*,PM*
LSPM J0036+1821,BD*,NIR
LSPM J0036+1821,BD*,MIR
LSPM J0036+1821,BD*,IR
LSPM J0036+1821,BD*,BD*
LSPM J0036+1821,BD*,**
LSPM J0036+1821,BD*,*
LSPM J0330+5413,PM*,MIR
LSPM J0330+5413,PM*,*
LSPM J0330+5413,PM*,PM*
LSPM J0330+5413,PM*,NIR
LSPM J0746+2000,BD*,MIR
LSPM J0746+2000,BD*,IR
LSPM J0746+2000,BD*,BD*
LSPM J0746+2000,BD*,NIR
LSPM J0746+2000,BD*,**
LSPM J0746+2000,BD*,*
LSPM J0746+2000,BD*,*
LSPM J0746+2000,BD*,SB*
LSPM J0746+2000,BD*,Rad
LSPM J0746+2000,BD*,Opt
LSPM J0840+3127,PM*,PM*
LSPM J0840+3127,PM*,*
LSPM J0840+3127,PM*,*
LSPM J0840+3127,PM*,NIR
LSPM J1524+2925,LM*,*
LSPM J1524+2925,LM*,*
LSPM J1524+2925,LM*,IR
LSPM J1524+2925,LM*,LM*
LSPM J1524+2925,LM*,MIR
LSPM J1524+2925,LM*,NIR
LSPM J1524+2925,LM*,PM*
LSPM J1731+2721,BD*,BD*
LSPM J1731+2721,BD*,LM*
LSPM J1731+2721,BD*,MIR
LSPM J1731+2721,BD*,NIR
LSPM J1731+2721,BD*,PM*
LSPM J1731+2721,BD*,X
LSPM J1731+2721,BD*,*
LSPM J2044+1517,LM*,NIR
LSPM J2044+1517,LM*,*
LSPM J2044+1517,LM*,BD?
LSPM J2044+1517,LM*,LM*
LSPM J2044+1517,LM*,MIR
LSPM J2044+1517,LM*,PM*
LSPM J2146+3813,PM*,*
LSPM J2146+3813,PM*,NIR
LSPM J2146+3813,PM*,PM*
LSPM J2302+4338,PM*,Opt
LSPM J2302+4338,PM*,NIR
LSPM J2302+4338,PM*,MIR
LSPM J2302+4338,PM*,*
LSPM J2302+4338,PM*,V*
LSPM J2302+4338,PM*,X
LSPM J2302+4338,PM*,Ro*
LSPM J2302+4338,PM*,PM*
LSR J0419+4233,PM*,*
LSR J0419+4233,PM*,MIR
LSR J0419+4233,PM*,NIR
LSR J0419+4233,PM*,PM*
LSR J0510+2713,Em*,Er*
LSR J0510+2713,Em*,NIR
LSR J0510+2713,Em*,MIR
LSR J0510+2713,Em*,PM*
LSR J0510+2713,Em*,*
LSR J0510+2713,Em*,Em*
LSR J0539+4038,Em*,*
LSR J0539+4038,Em*,*
LSR J0539+4038,Em*,Em*
LSR J0539+4038,Em*,MIR
LSR J0539+4038,Em*,NIR
LSR J0539+4038,Em*,PM*
LSR J0602+3910,BD*,IR
LSR J0602+3910,BD*,MIR
LSR J0602+3910,BD*,NIR
LSR J0602+3910,BD*,PM*
LSR J0602+3910,BD*,Rad
LSR J0602+3910,BD*,BD*
LSR J0602+3910,BD*,*
LSR J1826+3014,LM*,NIR
LSR J1826+3014,LM*,*
LSR J1826+3014,LM*,PM*
LSR J1826+3014,LM*,MIR
LSR J1826+3014,LM*,LM*
LSR J1826+3014,LM*,IR
LSR J1835+3259,PM*,IR
LSR J1835+3259,PM*,BD*
LSR J1835+3259,PM*,*
LSR J1835+3259,PM*,Rad
LSR J1835+3259,PM*,PM*
LSR J1835+3259,PM*,NIR
LSR J1835+3259,PM*,MIR
LSR J2000+3057,PM*,*
LSR J2000+3057,PM*,MIR
LSR J2000+3057,PM*,*
LSR J2000+3057,PM*,PM*
LSR J2000+3057,PM*,NIR
M  42,HII,C?*
M  42,HII,Cl*
M  42,HII,HII
M  42,HII,OpC
M  42,HII,Rad
M  42,HII,X
MCC 188,SB*,UV
MCC 188,SB*,SB*
MCC 188,SB*,Em*
MCC 188,SB*,Er*
MCC 188,SB*,IR
MCC 188,SB*,NIR
MCC 188,SB*,*
MCC 188,SB*,PM*
MCC 188,SB*,X
MCC 188,SB*,V*
MCC 499,PM*,UV
MCC 499,PM*,PM*
MCC 499,PM*,NIR
MCC 499,PM*,*
MCC 573,PM*,PM*
MCC 573,PM*,NIR
MCC 573,PM*,*
MCC 573,PM*,MIR
NAME Barnard's star,BY*,NIR
NAME Barnard's star,BY*,PM*
NAME Barnard's star,BY*,X
NAME Barnard's star,BY*,V*
NAME Barnard's star,BY*,*
NAME Barnard's star,BY*,**
NAME Barnard's star,BY*,BY*
NAME Barnard's star,BY*,IR
NAME Barnard's star,BY*,MIR
NAME L 362-29 BC,BD*,MIR
NAME L 362-29 BC,BD*,Rad
NAME L 362-29 BC,BD*,PM*
NAME L 362-29 BC,BD*,NIR
NAME L 362-29 BC,BD*,**
NAME L 362-29 BC,BD*,BD*
NAME L 362-29 BC,BD*,IR
NAME L 362-29 BC,BD*,*
NAME Luhman 16A,BD*,BD*
NAME Luhman 16A,BD*,**
NAME Luhman 16A,BD*,*
NAME Luhman 16B,BD*,BD*
NAME Luhman 16B,BD*,*
NAME Luhman 16B,BD*,**
NAME Proxima Centauri,PM*,Er*
NAME Proxima Centauri,PM*,**
NAME Proxima Centauri,PM*,*
NAME Proxima Centauri,PM*,*
NAME Proxima Centauri,PM*,IR
NAME Proxima Centauri,PM*,MIR
NAME Proxima Centauri,PM*,NIR
NAME Proxima Centauri,PM*,PM*
NAME Proxima Centauri,PM*,Ro*
NAME Proxima Centauri,PM*,UV
NAME Proxima Centauri,PM*,V*
NAME Proxima Centauri,PM*,X
NAME Scholz's star,LM*,SB*
NAME Scholz's star,LM*,PM*
NAME Scholz's star,LM*,NIR
NAME Scholz's star,LM*,MIR
NAME Scholz's star,LM*,LM*
NAME Scholz's star,LM*,BD?
NAME Scholz's star,LM*,BD*
NAME Scholz's star,LM*,**
NAME Scholz's star,LM*,*
NAME Teegarden's Star,LM*,Em*
NAME Teegarden's Star,LM*,*
NAME Teegarden's Star,LM*,PM*
NAME Teegarden's Star,LM*,NIR
NAME Teegarden's Star,LM*,MIR
NAME Teegarden's Star,LM*,LM*
NAME Vela Pulsar,Psr,SNR
NAME Vela Pulsar,Psr,X
NAME Vela Pulsar,Psr,V*
NAME Vela Pulsar,Psr,gam
NAME Vela Pulsar,Psr,Psr
NAME Vela Pulsar,Psr,Rad
NAME Vela Pulsar,Psr,Ro*
NGC  1555,HH,ISM
NGC  1555,HH,GNe
NGC  1555,HH,HH
NGC  1555,HH,HII
NGC  1555,HH,IR
PM J00156+4735,PM*,*
PM J00156+4735,PM*,V*
PM J00156+4735,PM*,PM*
PM J00156+4735,PM*,NIR
PM J04429+2128,PM*,Opt
PM J04429+2128,PM*,NIR
PM J04429+2128,PM*,MIR
PM J04429+2128,PM*,*
PM J04429+2128,PM*,PM*
PM J05050+4414,PM*,NIR
PM J05050+4414,PM*,PM*
PM J05050+4414,PM*,*
PM J05050+4414,PM*,MIR
PM J05366+1117,PM*,NIR
PM J05366+1117,PM*,PM*
PM J05366+1117,PM*,*
PM J05366+1117,PM*,**
PM J07199+8404,PM*,MIR
PM J07199+8404,PM*,PM*
PM J07199+8404,PM*,*
PM J07199+8404,PM*,NIR
PM J14223-7023,PM*,*
PM J14223-7023,PM*,MIR
PM J14223-7023,PM*,NIR
PM J14223-7023,PM*,PM*
PM J17189-4131,PM*,PM*
PM J17189-4131,PM*,NIR
PM J17189-4131,PM*,*
PM J17189-4131,PM*,MIR
PM J17476-5436,WD*,*
PM J17476-5436,WD*,MIR
PM J17476-5436,WD*,NIR
PM J17476-5436,WD*,PM*
PM J17476-5436,WD*,WD*
PM J17476-5436,WD*,WD?
PM J18057-1422,PM*,NIR
PM J18057-1422,PM*,*
PM J18057-1422,PM*,PM*
PM J19515-3510A,PM*,*
PM J19515-3510A,PM*,PM*
PM J19515-3510A,PM*,**
PM J19515-3510B,PM*,PM*
PM J19515-3510B,PM*,**
PM J19515-3510B,PM*,*
PM J20502-3424,PM*,Ro*
PM J20502-3424,PM*,*
PM J20502-3424,PM*,MIR
PM J20502-3424,PM*,Er*
PM J20502-3424,PM*,NIR
PM J20502-3424,PM*,PM*
PM J22114+4059,PM*,X
PM J22114+4059,PM*,PM*
PM J22114+4059,PM*,Opt
PM J22114+4059,PM*,NIR
PM J22114+4059,PM*,*
PM J22403-4931A,PM*,**
PM J22403-4931A,PM*,*
PM J22403-4931A,PM*,PM*
PM J22403-4931A,PM*,NIR
PM J22403-4931A,PM*,Er*
PM J22403-4931B,PM*,**
PM J22403-4931B,PM*,Er*
PM J22403-4931B,PM*,PM*
PM J22403-4931B,PM*,NIR
PM J22403-4931B,PM*,*
PM J23306-8455,PM*,*
PM J23306-8455,PM*,NIR
PM J23306-8455,PM*,PM*
PM J23306-8455,PM*,Ro*
PN A66   35,PN,PN
PN A66   35,PN,WD*
PN A66   35,PN,V*
PN A66   35,PN,NIR
PN A66   35,PN,HII
PN A66   35,PN,*
PN A66   35,PN,PM*
PSR B0301+19,Psr,Psr
PSR B0301+19,Psr,Rad
PSR B0450-18,Psr,Psr
PSR B0450-18,Psr,Rad
PSR B0538-75,Psr,Psr
PSR B0559-57,Psr,Psr
PSR B0609+37,Psr,Psr
PSR B0613-02.0,Psr,gam
PSR B0613-02.0,Psr,Psr
PSR B0628-28,Psr,Psr
PSR B0628-28,Psr,X
PSR B0628-28,Psr,Rad
PSR B0628-28,Psr,gam
PSR B0655+64,Psr,Psr
PSR B0656+14,Psr,Psr
PSR B0656+14,Psr,gam
PSR B0656+14,Psr,X
PSR B0656+14,Psr,*
PSR B0656+14,Psr,UV
PSR B0744-53,Psr,Psr
PSR B0809+74,Psr,Rad
PSR B0809+74,Psr,Psr
PSR B0818-41,Psr,Psr
PSR B0823+26,Psr,Rad
PSR B0823+26,Psr,ev
PSR B0823+26,Psr,Psr
PSR B0826-34,Psr,Psr
PSR B0834+06,Psr,Rad
PSR B0834+06,Psr,Psr
PSR B0839-53,Psr,Psr
PSR B0844-35,Psr,Rad
PSR B0844-35,Psr,Psr
PSR B0853-33,Psr,Psr
PSR B0855-61,Psr,Psr
PSR B0901-63,Psr,Psr
PSR B0903-42,Psr,Psr
PSR B0905-51,Psr,Psr
PSR B0906-17,Psr,Psr
PSR B0909-71,Psr,Psr
PSR B0922-52,Psr,Psr
PSR B0923-58,Psr,Psr
PSR B0932-52,Psr,Psr
PSR B0940-55,Psr,Psr
PSR B0941-56,Psr,Psr
PSR B0942-13,Psr,Psr
PSR B0943+10,Psr,Psr
PSR B0950+08,Psr,Rad
PSR B0950+08,Psr,Psr
PSR B0950+08,Psr,N*
PSR B0950-38,Psr,Psr
PSR B0953-52,Psr,Psr
PSR B0957-47,Psr,Psr
PSR B0959-54,Psr,*
PSR B0959-54,Psr,Psr
PSR B1001-47,Psr,Psr
PSR B1014-53,Psr,Psr
PSR B1036-58,Psr,Psr
PSR B1055-52,Psr,X
PSR B1055-52,Psr,Rad
PSR B1055-52,Psr,Psr
PSR B1055-52,Psr,gam
PSR B1114-41,Psr,Psr
PSR B1118-79,Psr,Psr
PSR B1133+16,Psr,ev
PSR B1133+16,Psr,Rad
PSR B1133+16,Psr,Psr
PSR B1237+25,Psr,Rad
PSR B1237+25,Psr,Psr
PSR B1237+25,Psr,ev
PSR B1257+12,Psr,Psr
PSR B1451-68,Psr,Rad
PSR B1451-68,Psr,*
PSR B1451-68,Psr,NIR
PSR B1451-68,Psr,Psr
PSR B1530-53,Psr,*
PSR B1530-53,Psr,Psr
PSR B1530-53,Psr,NIR
PSR B1648-17,Psr,Psr
PSR B1657-13,Psr,Psr
PSR B1702-19,Psr,Psr
PSR B1702-19,Psr,Rad
PSR B1702-19,Psr,gam
PSR B1706-16,Psr,Psr
PSR B1727-47,Psr,Psr
PSR B1727-47,Psr,gam
PSR B1737-30.2,Psr,Psr
PSR B1742-30,Psr,Psr
PSR B1742-30,Psr,Rad
PSR B1747-46,Psr,Psr
PSR B1749-28,Psr,Psr
PSR B1749-28,Psr,Rad
PSR B1822-09,Psr,Rad
PSR B1822-09,Psr,Psr
PSR B1845-19,Psr,Psr
PSR B1857-26,Psr,Rad
PSR B1857-26,Psr,Psr
PSR B1919+21,Psr,Rad
PSR B1919+21,Psr,Psr
PSR B1929+10,Psr,Rad
PSR B1929+10,Psr,N*
PSR B1929+10,Psr,Psr
PSR B1929+10,Psr,X
PSR B1944+17,Psr,Rad
PSR B1944+17,Psr,Psr
PSR B1952+29,Psr,Rad
PSR B1952+29,Psr,Psr
PSR B2145-07.8,Psr,Psr
PSR B2223+65,Psr,Rad
PSR B2223+65,Psr,Psr
PSR B2223+65,Psr,X
PSR B2327-20,Psr,Psr
PSR B2334+61,Psr,Psr
PSR J0006+1834,Psr,Psr
PSR J0006+1834,Psr,Rad
PSR J0030+0451,Psr,gam
PSR J0030+0451,Psr,X
PSR J0030+0451,Psr,Rad
PSR J0030+0451,Psr,*
PSR J0030+0451,Psr,Psr
PSR J0038-2501,Psr,Psr
PSR J0054+66,Psr,Psr
PSR J0054+6650,Psr,Psr
PSR J0108-1431,Psr,Psr
PSR J0108-1431,Psr,N*
PSR J0242+62,Psr,Psr
PSR J0308+7442,Psr,gam
PSR J0308+7442,Psr,Psr
PSR J0317+1328,Psr,Psr
PSR J0357+32,Psr,gam
PSR J0357+32,Psr,Psr
PSR J0410-31,Psr,Psr
PSR J0437-47,Psr,X
PSR J0437-47,Psr,WD?
PSR J0437-47,Psr,WD*
PSR J0437-47,Psr,UV
PSR J0437-47,Psr,Psr
PSR J0437-47,Psr,*
PSR J0437-47,Psr,gam
PSR J0453+16,Psr,Psr
PSR J0454+45,Psr,Psr
PSR J0459-0210,Psr,Psr
PSR J0509+08,Psr,Psr
PSR J0511-6508,Psr,Psr
PSR J0517+22,Psr,Psr
PSR J0540-7125,Psr,Psr
PSR J0605+3757,Psr,gam
PSR J0605+3757,Psr,Psr
PSR J0609+2130,Psr,Psr
PSR J0611+1436,Psr,Psr
PSR J0613+3732,Psr,Psr
PSR J0614-3329,Psr,Psr
PSR J0614-3329,Psr,gam
PSR J0621-55,Psr,Psr
PSR J0633+1746,Psr,gam
PSR J0633+1746,Psr,gam
PSR J0633+1746,Psr,Psr
PSR J0633+1746,Psr,SN*
PSR J0633+1746,Psr,SNR
PSR J0633+1746,Psr,UV
PSR J0633+1746,Psr,X
PSR J0636-3044,Psr,Psr
PSR J0636-4549,Psr,Psr
PSR J0636+5129,Psr,Psr
PSR J0646-54,Psr,Psr
PSR J0646-54,Psr,gam
PSR J0653+4706,Psr,Psr
PSR J0653+4706,Psr,BL?
PSR J0653+4706,Psr,gam
PSR J0656-5449,Psr,Psr
PSR J0658+2936,Psr,Psr
PSR J0702-4956,Psr,Psr
PSR J0709-5923,Psr,Psr
PSR J0712-68,Psr,Psr
PSR J0720-3125,Psr,X
PSR J0720-3125,Psr,Psr
PSR J0720-3125,Psr,N*
PSR J0735-62,Psr,Psr
PSR J0742+4110,Psr,Rad
PSR J0742+4110,Psr,Psr
PSR J0746-4529,Psr,Psr
PSR J0746+5514,Psr,Psr
PSR J0749-4247,Psr,Psr
PSR J0749-68,Psr,Psr
PSR J0758-3002,Psr,Psr
PSR J0803-0942,Psr,Psr
PSR J0811+3729,Psr,Psr
PSR J0811+3729,Psr,Rad
PSR J0815+4611,Psr,Rad
PSR J0815+4611,Psr,Psr
PSR J0818-3049,Psr,Psr
PSR J0818-3232,Psr,Psr
PSR J0834-60,Psr,Psr
PSR J0835-3707,Psr,Psr
PSR J0838-2827,Psr,Rad
PSR J0838-2827,Psr,Psr
PSR J0838-2827,Psr,Psr
PSR J0838-2827,Psr,gam
PSR J0839-66,Psr,Psr
PSR J0849-6322,Psr,Psr
PSR J0900-3144,Psr,Psr
PSR J0901-4046,Psr,Psr
PSR J0905-6019,Psr,Psr
PSR J0912-3851,Psr,Psr
PSR J0916-5243,Psr,Psr
PSR J0917-4413,Psr,Psr
PSR J0919-42,Psr,Psr
PSR J0919-6040,Psr,Psr
PSR J0922-4534,Psr,Psr
PSR J0922-52,Psr,Psr
PSR J0923-31,Psr,Psr
PSR J0932-3217,Psr,Psr
PSR J0932-5327,Psr,Psr
PSR J0933-4604,Psr,Psr
PSR J0934-4154,Psr,Psr
PSR J0936-4750,Psr,Psr
PSR J0940-5428,Psr,gam
PSR J0940-5428,Psr,Psr
PSR J0941-39,Psr,Psr
PSR J0941-5248,Psr,Psr
PSR J0945-4833,Psr,Psr
PSR J0948-5549,Psr,Psr
PSR J0954-5430,Psr,Psr
PSR J0957-5432,Psr,Psr
PSR J1000-5149,Psr,Psr
PSR J1001-5559,Psr,NIR
PSR J1001-5559,Psr,Psr
PSR J1001-5559,Psr,*
PSR J1001-5603,Psr,Psr
PSR J1012-4235,Psr,BL?
PSR J1012-4235,Psr,Psr
PSR J1012-4235,Psr,Rad
PSR J1012-4235,Psr,gam
PSR J1012+5307,Psr,WD*
PSR J1012+5307,Psr,Opt
PSR J1012+5307,Psr,Psr
PSR J1012+5307,Psr,Rad
PSR J1012+5307,Psr,UV
PSR J1012+5307,Psr,WD*
PSR J1012+5307,Psr,WD?
PSR J1012+5307,Psr,*
PSR J1012+5307,Psr,ev
PSR J1012+5307,Psr,HS?
PSR J1014-48,Psr,Psr
PSR J1015-5359,Psr,Psr
PSR J1022+10,Psr,Rad
PSR J1022+10,Psr,ev
PSR J1022+10,Psr,Psr
PSR J1036-4353,Psr,Psr
PSR J1045-0436,Psr,Psr
PSR J1045-45,Psr,Psr
PSR J1057-4757,Psr,Psr
PSR J1105-4357,Psr,Psr
PSR J1107-5907,Psr,Psr
PSR J1116-2444,Psr,Psr
PSR J1122-3546,Psr,Psr
PSR J1125+7819,Psr,Psr
PSR J1140-3107,Psr,Psr
PSR J1155-6529,Psr,Psr
PSR J1231-1411,Psr,Psr
PSR J1231-1411,Psr,gam
PSR J1231-4746,Psr,Psr
PSR J1321-3509,Psr,Rad
PSR J1321-3509,Psr,Psr
PSR J1327+3423,Psr,Psr
PSR J1327+3423,Psr,Rad
PSR J1332-3032,Psr,Psr
PSR J1400-1431,Psr,Psr
PSR J1400-1431,Psr,gam
PSR J1402+13,Psr,Psr
PSR J1405-4656,Psr,Psr
PSR J1439-5501,Psr,Psr
PSR J1455-3300,Psr,gam
PSR J1455-3300,Psr,Psr
PSR J1503+2111,Psr,Psr
PSR J1510-5254,Psr,Psr
PSR J1514-4946,Psr,X
PSR J1514-4946,Psr,gam
PSR J1514-4946,Psr,Psr
PSR J1514-5316,Psr,Psr
PSR J1518+4904,Psr,ev
PSR J1518+4904,Psr,Psr
PSR J1518+4904,Psr,Rad
PSR J1528-3146,Psr,Psr
PSR J1529+4050,Psr,Psr
PSR J1529+4050,Psr,Rad
PSR J1549-57,Psr,Psr
PSR J1614-2230,Psr,Psr
PSR J1614-2230,Psr,gam
PSR J1614-2230,Psr,X
PSR J1628+4406,Psr,Rad
PSR J1628+4406,Psr,Psr
PSR J1631-1612,Psr,Psr
PSR J1643-1224,Psr,Psr
PSR J1643-1224,Psr,Rad
PSR J1643-1224,Psr,X
PSR J1652-1400,Psr,Psr
PSR J1653-0158,Psr,gam
PSR J1653-0158,Psr,X
PSR J1653-0158,Psr,Psr
PSR J1653-0158,Psr,Psr
PSR J1653-0158,Psr,*
PSR J1658+36,Psr,Rad
PSR J1658+36,Psr,Psr
PSR J1658-5324,Psr,gam
PSR J1658-5324,Psr,X
PSR J1658-5324,Psr,Psr
PSR J1700-0954,Psr,Psr
PSR J1705-04,Psr,Psr
PSR J1708-4843,Psr,Psr
PSR J1709-0333,Psr,Psr
PSR J1710+4923,Psr,Psr
PSR J1714-1054,Psr,Psr
PSR J1719-14,Psr,Psr
PSR J1720-0533,Psr,Psr
PSR J1721-0855,Psr,Psr
PSR J1725-0732,Psr,Psr
PSR J1730-2304,Psr,Psr
PSR J1730-2304,Psr,gam
PSR J1732-31,Psr,gam
PSR J1732-31,Psr,Psr
PSR J1737-0811,Psr,Psr
PSR J1739-1313,Psr,Psr
PSR J1739-3951,Psr,Psr
PSR J1741-2054,Psr,X
PSR J1741-2054,Psr,Psr
PSR J1741-2054,Psr,gam
PSR J1743-0339,Psr,Psr
PSR J1744-1134,Psr,gam
PSR J1744-1134,Psr,Rad
PSR J1744-1134,Psr,Psr
PSR J1745-0952,Psr,Psr
PSR J1751-0542,Psr,Psr
PSR J1753-28,Psr,Psr
PSR J1755-0903,Psr,Psr
PSR J1756-2251,Psr,Psr
PSR J1756-5322,Psr,Psr
PSR J1759+5036,Psr,Psr
PSR J1802-2124,Psr,Psr
PSR J1802-2124,Psr,MIR
PSR J1802-2124,Psr,NIR
PSR J1804-27,Psr,Psr
PSR J1809-2332,Psr,Psr
PSR J1809-2332,Psr,gam
PSR J1809-2332,Psr,X
PSR J1809-2332,Psr,XB*
PSR J1817-0743,Psr,Psr
PSR J1819-1318,Psr,Psr
PSR J1829+2456,Psr,Psr
PSR J1836+5925,Psr,gam
PSR J1836+5925,Psr,Psr
PSR J1836+5925,Psr,X
PSR J1840-1417,Psr,Psr
PSR J1847+01,Psr,Psr
PSR J1901-1740,Psr,NIR
PSR J1901-1740,Psr,*
PSR J1901-1740,Psr,Psr
PSR J1908+0734,Psr,Psr
PSR J1915+1541,Psr,Psr
PSR J1915+1541,Psr,gam
PSR J1929+16,Psr,Psr
PSR J2015+2524,Psr,Psr
PSR J2027+7502,Psr,Psr
PSR J2030+4415,Psr,Psr
PSR J2030+4415,Psr,gam
PSR J2042+0246,Psr,gam
PSR J2042+0246,Psr,Psr
PSR J2055+25,Psr,Psr
PSR J2055+25,Psr,gam
PSR J2122+24,Psr,Psr
PSR J2124-3358,Psr,gam
PSR J2124-3358,Psr,Psr
PSR J2124-3358,Psr,Rad
PSR J2124-3358,Psr,SNR
PSR J2124-3358,Psr,X
PSR J2144-3939,Psr,UV
PSR J2144-3939,Psr,Psr
PSR J2208+4056,Psr,gam
PSR J2208+4056,Psr,Psr
PSR J2208+4056,Psr,Q?
PSR J2214+3000,Psr,Psr
PSR J2214+3000,Psr,gam
PSR J2214+3000,Psr,Rad
PSR J2222-0137,Psr,Psr
PSR J2234+0944,Psr,gam
PSR J2234+0944,Psr,Psr
PSR J2302+4442,Psr,gam
PSR J2302+4442,Psr,X
PSR J2302+4442,Psr,Psr
PSR J2307+2225,Psr,Psr
PSR J2322+2057,Psr,Rad
PSR J2322+2057,Psr,Psr
PSR J2333+20,Psr,Psr
Ross   10,PM*,*
Ross   10,PM*,MIR
Ross   10,PM*,NIR
Ross   10,PM*,PM*
Ross   10,PM*,V*
Ross  104,PM*,*
Ross  104,PM*,*
Ross  104,PM*,Ro*
Ross  104,PM*,PM*
Ross  104,PM*,UV
Ross  104,PM*,NIR
Ross  104,PM*,MIR
Ross  119,PM*,NIR
Ross  119,PM*,*
Ross  119,PM*,Er*
Ross  119,PM*,MIR
Ross  119,PM*,PM*
Ross  128,PM*,*
Ross  128,PM*,UV
Ross  128,PM*,PM*
Ross  128,PM*,NIR
Ross  128,PM*,MIR
Ross  128,PM*,IR
Ross  128,PM*,Er*
Ross  128,PM*,*
Ross  128,PM*,X
Ross  128,PM*,V*
Ross  145,PM*,PM*
Ross  145,PM*,NIR
Ross  145,PM*,*
Ross  149,PM*,PM*
Ross  149,PM*,*
Ross  149,PM*,NIR
Ross  149,PM*,MIR
Ross   15,PM*,V*
Ross   15,PM*,*
Ross   15,PM*,Em*
Ross   15,PM*,Er*
Ross   15,PM*,MIR
Ross   15,PM*,NIR
Ross   15,PM*,PM*
Ross   15,PM*,Ro*
Ross   15,PM*,X
Ross  165A,PM*,*
Ross  165A,PM*,PM*
Ross  165A,PM*,**
Ross  165B,PM*,PM*
Ross  165B,PM*,**
Ross  165B,PM*,*
Ross  248,BY*,IR
Ross  248,BY*,X
Ross  248,BY*,V*
Ross  248,BY*,V*
Ross  248,BY*,PM*
Ross  248,BY*,NIR
Ross  248,BY*,MIR
Ross  248,BY*,Er*
Ross  248,BY*,BY*
Ross  248,BY*,*
Ross  271,PM*,NIR
Ross  271,PM*,UV
Ross  271,PM*,PM*
Ross  271,PM*,MIR
Ross  271,PM*,*
Ross  318,PM*,Er*
Ross  318,PM*,IR
Ross  318,PM*,V*
Ross  318,PM*,X
Ross  318,PM*,Ro*
Ross  318,PM*,MIR
Ross  318,PM*,PM*
Ross  318,PM*,NIR
Ross  318,PM*,Em*
Ross  318,PM*,*
Ross  370A,PM*,**
Ross  370A,PM*,*
Ross  370A,PM*,MIR
Ross  370A,PM*,NIR
Ross  370A,PM*,PM*
Ross  370B,PM*,*
Ross  370B,PM*,NIR
Ross  370B,PM*,**
Ross  370B,PM*,MIR
Ross  370B,PM*,PM*
Ross   41,PM*,NIR
Ross   41,PM*,MIR
Ross   41,PM*,*
Ross   41,PM*,PM*
Ross   42,PM*,UV
Ross   42,PM*,NIR
Ross   42,PM*,MIR
Ross   42,PM*,Er*
Ross   42,PM*,*
Ross   42,PM*,X
Ross   42,PM*,V*
Ross   42,PM*,PM*
Ross   46,PM*,NIR
Ross   46,PM*,PM*
Ross   46,PM*,*
Ross   46,PM*,MIR
Ross   47,BY*,V*
Ross   47,BY*,PM*
Ross   47,BY*,NIR
Ross   47,BY*,BY*
Ross   47,BY*,MIR
Ross   47,BY*,*
Ross   47,BY*,*
Ross   47,BY*,X
Ross  486A,PM*,PM*
Ross  486A,PM*,MIR
Ross  486A,PM*,**
Ross  486A,PM*,*
Ross  486A,PM*,V*
Ross  486A,PM*,NIR
Ross  486B,PM*,NIR
Ross  486B,PM*,*
Ross  486B,PM*,**
Ross  486B,PM*,PM*
Ross  508,PM*,MIR
Ross  508,PM*,NIR
Ross  508,PM*,*
Ross  508,PM*,PM*
Ross   52A,PM*,PM*
Ross   52A,PM*,**
Ross   52A,PM*,*
Ross   52B,PM*,*
Ross   52B,PM*,**
Ross   52B,PM*,PM*
Ross  567,PM*,*
Ross  567,PM*,NIR
Ross  567,PM*,MIR
Ross  567,PM*,PM*
Ross  594,BY*,NIR
Ross  594,BY*,Er*
Ross  594,BY*,BY*
Ross  594,BY*,*
Ross  594,BY*,X
Ross  594,BY*,V*
Ross  594,BY*,PM*
Ross  594,BY*,MIR
Ross  614,**,NIR
Ross  614,**,*
Ross  614,**,X
Ross  614,**,V*
Ross  614,**,UV
Ross  614,**,PM*
Ross  614,**,**
Ross  614,**,Em*
Ross  614,**,MIR
Ross  614,**,Er*
Ross  614B,PM*,**
Ross  614B,PM*,PM*
Ross  614B,PM*,*
Ross  619,PM*,PM*
Ross  619,PM*,*
Ross  619,PM*,NIR
Ross   64,PM*,NIR
Ross   64,PM*,PM*
Ross   64,PM*,*
Ross   64,PM*,MIR
Ross  695,PM*,PM*
Ross  695,PM*,V*
Ross  695,PM*,*
Ross  695,PM*,MIR
Ross  695,PM*,NIR
Ross  730,PM*,*
Ross  730,PM*,**
Ross  730,PM*,MIR
Ross  730,PM*,NIR
Ross  730,PM*,PM*
Ross   85,PM*,X
Ross   85,PM*,*
Ross   85,PM*,MIR
Ross   85,PM*,NIR
Ross   85,PM*,PM*
Ross   85,PM*,UV
Ross   92,PM*,PM*
Ross   92,PM*,*
Ross   92,PM*,NIR
Ross   92,PM*,MIR
RX J0713.1-0511,PM*,X
RX J0713.1-0511,PM*,UV
RX J0713.1-0511,PM*,PM*
RX J0713.1-0511,PM*,NIR
RX J0713.1-0511,PM*,*
RX J1214.1-2345,PM*,Ro*
RX J1214.1-2345,PM*,*
RX J1214.1-2345,PM*,X
RX J1214.1-2345,PM*,NIR
RX J1214.1-2345,PM*,MIR
RX J1214.1-2345,PM*,PM*
RX J1856.6-3754,Psr,*
RX J1856.6-3754,Psr,X
RX J1856.6-3754,Psr,Psr
RX J1856.6-3754,Psr,N*?
RX J1856.6-3754,Psr,N*
Ross 1003,PM*,NIR
Ross 1003,PM*,Ro*
Ross 1003,PM*,*
Ross 1003,PM*,PM*
Ross 1003,PM*,MIR
Ross 1015,PM*,NIR
Ross 1015,PM*,*
Ross 1015,PM*,*
Ross 1015,PM*,PM*
Ross 1015,PM*,MIR
Ross 1020,PM*,*
Ross 1020,PM*,PM*
Ross 1020,PM*,Opt
Ross 1020,PM*,NIR
Ross 1020,PM*,MIR
Ross 1020,PM*,*
Ross 1057,SB*,*
Ross 1057,SB*,V*
Ross 1057,SB*,SB*
Ross 1057,SB*,Ro*
Ross 1057,SB*,PM*
Ross 1057,SB*,NIR
Ross  775,SB*,*
Ross  775,SB*,UV
Ross  775,SB*,SB*
Ross  775,SB*,PM*
Ross  775,SB*,NIR
Ross  775,SB*,MIR
Ross  775,SB*,**
Ross  837,PM*,PM*
Ross  837,PM*,NIR
Ross  837,PM*,MIR
Ross  837,PM*,*
Ross  837,PM*,UV
Ross  848,PM*,NIR
Ross  848,PM*,MIR
Ross  848,PM*,*
Ross  848,PM*,PM*
Ross  867,PM*,PM*
Ross  867,PM*,UV
Ross  867,PM*,V*
Ross  867,PM*,X
Ross  867,PM*,*
Ross  867,PM*,Er*
Ross  867,PM*,**
Ross  867,PM*,*
Ross  867,PM*,MIR
Ross  867,PM*,NIR
Ross  868,PM*,*
Ross  868,PM*,X
Ross  868,PM*,V*
Ross  868,PM*,UV
Ross  868,PM*,PM*
Ross  868,PM*,Opt
Ross  868,PM*,NIR
Ross  868,PM*,MIR
Ross  868,PM*,Er*
Ross  868,PM*,**
Ross  905,PM*,X
Ross  905,PM*,PM*
Ross  905,PM*,NIR
Ross  905,PM*,MIR
Ross  905,PM*,*
Ross  905,PM*,*
Ross  989,BY*,BY*
Ross  989,BY*,**
Ross  989,BY*,X
Ross  989,BY*,V*
Ross  989,BY*,UV
Ross  989,BY*,PM*
Ross  989,BY*,NIR
Ross  989,BY*,Er*
Ross  989,BY*,*
SCR J0246-7024,PM*,MIR
SCR J0246-7024,PM*,*
SCR J0246-7024,PM*,Ro*
SCR J0246-7024,PM*,PM*
SCR J0246-7024,PM*,NIR
SCR J0630-7643A,PM*,**
SCR J0630-7643A,PM*,PM*
SCR J0630-7643A,PM*,*
SCR J0630-7643B,PM*,**
SCR J0630-7643B,PM*,*
SCR J0630-7643B,PM*,PM*
SCR J0642-6707,PM*,*
SCR J0642-6707,PM*,NIR
SCR J0642-6707,PM*,PM*
SCR J0642-6707,PM*,MIR
SCR J0642-6707,PM*,*
SCR J0717-0501,PM*,*
SCR J0717-0501,PM*,Ro*
SCR J0717-0501,PM*,PM*
SCR J0717-0501,PM*,NIR
SCR J0717-0501,PM*,*
SCR J0736-3024,PM*,*
SCR J0736-3024,PM*,Ro*
SCR J0736-3024,PM*,PM*
SCR J0736-3024,PM*,NIR
SCR J0736-3024,PM*,MIR
SCR J0740-4257,PM*,Ro*
SCR J0740-4257,PM*,PM*
SCR J0740-4257,PM*,X
SCR J0740-4257,PM*,*
SCR J0740-4257,PM*,MIR
SCR J0740-4257,PM*,NIR
SCR J0754-3809,PM*,PM*
SCR J0754-3809,PM*,Ro*
SCR J0754-3809,PM*,*
SCR J0754-3809,PM*,MIR
SCR J0754-3809,PM*,NIR
SCR J0821-6703,WD*,NIR
SCR J0821-6703,WD*,PM*
SCR J0821-6703,WD*,WD*
SCR J0821-6703,WD*,WD?
SCR J0821-6703,WD*,*
SCR J0821-6703,WD*,MIR
SCR J0838-5855,Em*,MIR
SCR J0838-5855,Em*,Em*
SCR J0838-5855,Em*,*
SCR J0838-5855,Em*,PM*
SCR J0838-5855,Em*,NIR
SCR J0914-4134,PM*,*
SCR J0914-4134,PM*,MIR
SCR J0914-4134,PM*,NIR
SCR J0914-4134,PM*,PM*
SCR J0914-4134,PM*,Ro*
SCR J1138-7721,PM*,PM*
SCR J1138-7721,PM*,NIR
SCR J1138-7721,PM*,MIR
SCR J1138-7721,PM*,*
SCR J1245-5506,PM*,MIR
SCR J1245-5506,PM*,PM*
SCR J1245-5506,PM*,Ro*
SCR J1245-5506,PM*,*
SCR J1245-5506,PM*,NIR
SCR J1626-3812,PM*,Ro*
SCR J1626-3812,PM*,NIR
SCR J1626-3812,PM*,MIR
SCR J1626-3812,PM*,Er*
SCR J1626-3812,PM*,*
SCR J1626-3812,PM*,PM*
SCR J1746-3214,PM*,*
SCR J1746-3214,PM*,X
SCR J1746-3214,PM*,Rad
SCR J1746-3214,PM*,PM*
SCR J1746-3214,PM*,NIR
SCR J1746-3214,PM*,MIR
SCR J1746-3214,PM*,LM?
SCR J1841-4347,PM*,LM?
SCR J1841-4347,PM*,NIR
SCR J1841-4347,PM*,MIR
SCR J1841-4347,PM*,Ro*
SCR J1841-4347,PM*,PM*
SCR J1841-4347,PM*,*
SCR J1845-6357,LM*,**
SCR J1845-6357,LM*,*
SCR J1845-6357,LM*,Em*
SCR J1845-6357,LM*,X
SCR J1845-6357,LM*,PM*
SCR J1845-6357,LM*,NIR
SCR J1845-6357,LM*,MIR
SCR J1845-6357,LM*,LM*
SCR J1845-6357B,BD*,BD?
SCR J1845-6357B,BD*,BD*
SCR J1845-6357B,BD*,PM*
SCR J1845-6357B,BD*,**
SCR J1855-6914,PM*,NIR
SCR J1855-6914,PM*,Er*
SCR J1855-6914,PM*,*
SCR J1855-6914,PM*,Ro*
SCR J1855-6914,PM*,PM*
SCR J1855-6914,PM*,MIR
SCR J2009-0113,PM*,NIR
SCR J2009-0113,PM*,PM*
SCR J2009-0113,PM*,*
SCR J2009-0113,PM*,MIR
SH  2-216,PN,Opt
SH  2-216,PN,*
SH  2-216,PN,Em*
SH  2-216,PN,WD?
SH  2-216,PN,WD*
SH  2-216,PN,V*
SH  2-216,PN,PN?
SH  2-216,PN,PN
SH  2-216,PN,NIR
SH  2-216,PN,MIR
SH  2-216,PN,HII
SIMP J013656.5+093347.3,BD*,NIR
SIMP J013656.5+093347.3,BD*,*
SIMP J013656.5+093347.3,BD*,BD*
SIMP J013656.5+093347.3,BD*,BD?
SIMP J013656.5+093347.3,BD*,MIR
SIMP J013656.5+093347.3,BD*,PM*
SIPS J0539-0059,BD*,IR
SIPS J0539-0059,BD*,BD*
SIPS J0539-0059,BD*,Opt
SIPS J0539-0059,BD*,PM*
SIPS J0539-0059,BD*,*
SIPS J0539-0059,BD*,MIR
SIPS J0539-0059,BD*,NIR
SIPS J0921-2104,BD*,Er*
SIPS J0921-2104,BD*,MIR
SIPS J0921-2104,BD*,NIR
SIPS J0921-2104,BD*,PM*
SIPS J0921-2104,BD*,*
SIPS J0921-2104,BD*,BD*
SIPS J0921-2104,BD*,IR
SIPS J1141-3624,PM*,MIR
SIPS J1141-3624,PM*,Ro*
SIPS J1141-3624,PM*,IR
SIPS J1141-3624,PM*,PM*
SIPS J1141-3624,PM*,*
SIPS J1141-3624,PM*,NIR
SIPS J1259-4336,LM*,LM*
SIPS J1259-4336,LM*,*
SIPS J1259-4336,LM*,Er*
SIPS J1259-4336,LM*,IR
SIPS J1259-4336,LM*,MIR
SIPS J1259-4336,LM*,NIR
SIPS J1259-4336,LM*,PM*
SSSPM J0306-3648,Em*,Er*
SSSPM J0306-3648,Em*,PM*
SSSPM J0306-3648,Em*,NIR
SSSPM J0306-3648,Em*,Em*
SSSPM J0306-3648,Em*,*
SSSPM J0306-3648,Em*,MIR
SSSPM J0306-3648,Em*,IR
SSSPM J0829-1309,BD*,MIR
SSSPM J0829-1309,BD*,Er*
SSSPM J0829-1309,BD*,*
SSSPM J0829-1309,BD*,BD*
SSSPM J0829-1309,BD*,Em*
SSSPM J0829-1309,BD*,V*
SSSPM J0829-1309,BD*,PM*
SSSPM J0829-1309,BD*,NIR
SSSPM J1358-3938,PM*,NIR
SSSPM J1358-3938,PM*,*
SSSPM J1358-3938,PM*,PM*
SSSPM J1358-3938,PM*,MIR
TRAPPIST-1,LM*,LM*
TRAPPIST-1,LM*,IR
TRAPPIST-1,LM*,PM*
TRAPPIST-1,LM*,*
TRAPPIST-1,LM*,Em*
TRAPPIST-1,LM*,NIR
TRAPPIST-1,LM*,MIR
TVLM 513-46,BD*,PM*
TVLM 513-46,BD*,Em*
TVLM 513-46,BD*,MIR
TVLM 513-46,BD*,LM*
TVLM 513-46,BD*,IR
TVLM 513-46,BD*,*
TVLM 513-46,BD*,*
TVLM 513-46,BD*,BD*
TVLM 513-46,BD*,NIR
TVLM 513-46,BD*,Opt
TVLM 513-46,BD*,Rad
UCAC2  16493854,PM*,PM*
UCAC2  16493854,PM*,NIR
UCAC2  16493854,PM*,MIR
UCAC2  16493854,PM*,*
UCAC4 195-119117,PM*,MIR
UCAC4 195-119117,PM*,*
UCAC4 195-119117,PM*,Ro*
UCAC4 195-119117,PM*,NIR
UCAC4 195-119117,PM*,PM*
UCAC4 258-045223,PM*,*
UCAC4 258-045223,PM*,Er*
UCAC4 258-045223,PM*,MIR
UCAC4 258-045223,PM*,NIR
UCAC4 258-045223,PM*,PM*
UCAC4 747-070768,WD*,NIR
UCAC4 747-070768,WD*,WD?
UCAC4 747-070768,WD*,WD*
UCAC4 747-070768,WD*,PM*
UCAC4 747-070768,WD*,**
UCAC4 747-070768,WD*,*
UGPS J052127.27+364048.6,BD*,*
UGPS J052127.27+364048.6,BD*,BD*
ULAS J133553.45+113005.2,BD*,*
ULAS J133553.45+113005.2,BD*,NIR
ULAS J133553.45+113005.2,BD*,MIR
ULAS J133553.45+113005.2,BD*,BD*
ULAS J141623.94+134836.3,BD*,BD*
ULAS J141623.94+134836.3,BD*,MIR
ULAS J141623.94+134836.3,BD*,BD*
ULAS J141623.94+134836.3,BD*,*
ULAS J141623.94+134836.3,BD*,**
ULAS J232123.79+135454.9,BD*,*
ULAS J232123.79+135454.9,BD*,BD*
ULAS J232123.79+135454.9,BD*,MIR
ULAS J232123.79+135454.9,BD*,NIR
ULAS J232123.79+135454.9,BD*,Opt
ULAS J232123.79+135454.9,BD*,PM*
UPM J0812-3529,WD*,*
UPM J0812-3529,WD*,PM*
UPM J0812-3529,WD*,WD*
UPM J0812-3529,WD*,NIR
UPM J0812-3529,WD*,WD?
UPM J0815-2344,PM*,*
UPM J0815-2344,PM*,NIR
UPM J0815-2344,PM*,PM*
UPM J1055-7356,Em*,*
UPM J1055-7356,Em*,Em*
UPM J1055-7356,Em*,MIR
UPM J1055-7356,Em*,NIR
UPM J1055-7356,Em*,PM*
V* AD Leo,PM*,NIR
V* AD Leo,PM*,*
V* AD Leo,PM*,*
V* AD Leo,PM*,**
V* AD Leo,PM*,Er*
V* AD Leo,PM*,IR
V* AD Leo,PM*,X
V* AD Leo,PM*,PM*
V* AD Leo,PM*,Rad
V* AD Leo,PM*,UV
V* AD Leo,PM*,V*
V* AD Leo,PM*,MIR
V* AK Lep,BY*,V*
V* AK Lep,BY*,UV
V* AK Lep,BY*,PM*
V* AK Lep,BY*,NIR
V* AK Lep,BY*,MIR
V* AK Lep,BY*,IR
V* AK Lep,BY*,BY*
V* AK Lep,BY*,**
V* AK Lep,BY*,*
V* AP Col,PM*,Y*O
V* AP Col,PM*,X
V* AP Col,PM*,V*
V* AP Col,PM*,UV
V* AP Col,PM*,Ro*
V* AP Col,PM*,PM*
V* AP Col,PM*,NIR
V* AP Col,PM*,MIR
V* AP Col,PM*,IR
V* AP Col,PM*,Er*
V* AP Col,PM*,**
V* AP Col,PM*,*
V* AT Mic A,PM*,*
V* AT Mic A,PM*,V*
V* AT Mic A,PM*,PM*
V* AT Mic A,PM*,Er*
V* AT Mic A,PM*,**
V* AT Mic B,PM*,*
V* AT Mic B,PM*,**
V* AT Mic B,PM*,Er*
V* AT Mic B,PM*,PM*
V* AT Mic B,PM*,V*
V* AX Mic,PM*,*
V* AX Mic,PM*,NIR
V* AX Mic,PM*,PM*
V* AX Mic,PM*,V*
V* AX Mic,PM*,X
V* AX Mic,PM*,MIR
V* AX Mic,PM*,IR
V* AX Mic,PM*,Er*
V* AZ Cnc,Em*,X
V* AZ Cnc,Em*,V*
V* AZ Cnc,Em*,PM*
V* AZ Cnc,Em*,UV
V* AZ Cnc,Em*,*
V* AZ Cnc,Em*,Em*
V* AZ Cnc,Em*,Er*
V* AZ Cnc,Em*,Er*
V* AZ Cnc,Em*,IR
V* AZ Cnc,Em*,MIR
V* AZ Cnc,Em*,NIR
V* BR Psc,BY*,MIR
V* BR Psc,BY*,*
V* BR Psc,BY*,BY*
V* BR Psc,BY*,Er*
V* BR Psc,BY*,IR
V* BR Psc,BY*,NIR
V* BR Psc,BY*,PM*
V* BR Psc,BY*,UV
V* BR Psc,BY*,V*
V* BR Psc,BY*,X
V* BX Cet,BY*,**
V* BX Cet,BY*,*
V* BX Cet,BY*,*
V* BX Cet,BY*,V*
V* BX Cet,BY*,PM*
V* BX Cet,BY*,NIR
V* BX Cet,BY*,MIR
V* BX Cet,BY*,BY*
V* CC Eri,BY*,Ro*
V* CC Eri,BY*,UV
V* CC Eri,BY*,V*
V* CC Eri,BY*,X
V* CC Eri,BY*,MIR
V* CC Eri,BY*,IR
V* CC Eri,BY*,Er*
V* CC Eri,BY*,BY*
V* CC Eri,BY*,*
V* CC Eri,BY*,Rad
V* CC Eri,BY*,SB*
V* CC Eri,BY*,PM*
V* CC Eri,BY*,NIR
V* CD Cet,BY*,*
V* CD Cet,BY*,BY*
V* CD Cet,BY*,MIR
V* CD Cet,BY*,NIR
V* CD Cet,BY*,V*
V* CD Cet,BY*,PM*
V* CD Cet,BY*,Ro*
V* CW UMa,PM*,Opt
V* CW UMa,PM*,X
V* CW UMa,PM*,V*
V* CW UMa,PM*,PM*
V* CW UMa,PM*,NIR
V* CW UMa,PM*,MIR
V* CW UMa,PM*,Er*
V* CW UMa,PM*,*
V* DE Boo,RS*,NIR
V* DE Boo,RS*,SB*
V* DE Boo,RS*,SB*
V* DE Boo,RS*,RS*
V* DE Boo,RS*,PM*
V* DE Boo,RS*,V*
V* DE Boo,RS*,X
V* DE Boo,RS*,UV
V* DE Boo,RS*,*
V* DE Boo,RS*,IR
V* DE Boo,RS*,MIR
V* DN Dra,WD*,NIR
V* DN Dra,WD*,WD*
V* DN Dra,WD*,PM*
V* DN Dra,WD*,*
V* DN Dra,WD*,Pu*
V* DN Dra,WD*,V*
V* DN Dra,WD*,WD?
V* DN Dra,WD*,**
V* DN Dra,WD*,MIR
V* DS Leo,BY*,X
V* DS Leo,BY*,V*
V* DS Leo,BY*,UV
V* DS Leo,BY*,Ro*
V* DS Leo,BY*,PM*
V* DS Leo,BY*,NIR
V* DS Leo,BY*,Er*
V* DS Leo,BY*,BY*
V* DS Leo,BY*,*
V* DY Psc,BY*,IR
V* DY Psc,BY*,BY*
V* DY Psc,BY*,BD*
V* DY Psc,BY*,*
V* DY Psc,BY*,V*
V* DY Psc,BY*,Rad
V* DY Psc,BY*,QSO
V* DY Psc,BY*,PM*
V* DY Psc,BY*,NIR
V* DY Psc,BY*,MIR
V* EV Lac,PM*,X
V* EV Lac,PM*,*
V* EV Lac,PM*,**
V* EV Lac,PM*,Er*
V* EV Lac,PM*,IR
V* EV Lac,PM*,MIR
V* EV Lac,PM*,NIR
V* EV Lac,PM*,PM*
V* EV Lac,PM*,Rad
V* EV Lac,PM*,UV
V* EV Lac,PM*,V*
V* EZ Aqr,Er*,NIR
V* EZ Aqr,Er*,*
V* EZ Aqr,Er*,**
V* EZ Aqr,Er*,Er*
V* EZ Aqr,Er*,X
V* EZ Aqr,Er*,V*
V* EZ Aqr,Er*,UV
V* EZ Aqr,Er*,PM*
V* EZ Aqr,Er*,MIR
V* FK Aqr,SB*,SB*
V* FK Aqr,SB*,X
V* FK Aqr,SB*,V*
V* FK Aqr,SB*,Ro*
V* FK Aqr,SB*,PM*
V* FK Aqr,SB*,NIR
V* FK Aqr,SB*,MIR
V* FK Aqr,SB*,IR
V* FK Aqr,SB*,Er*
V* FK Aqr,SB*,**
V* FK Aqr,SB*,*
V* FL Aqr,SB*,MIR
V* FL Aqr,SB*,Er*
V* FL Aqr,SB*,**
V* FL Aqr,SB*,*
V* FL Aqr,SB*,V*
V* FL Aqr,SB*,UV
V* FL Aqr,SB*,SB*
V* FL Aqr,SB*,Ro*
V* FL Aqr,SB*,PM*
V* FL Aqr,SB*,NIR
V* GL Vir,PM*,Er*
V* GL Vir,PM*,UV
V* GL Vir,PM*,PM*
V* GL Vir,PM*,X
V* GL Vir,PM*,*
V* GL Vir,PM*,NIR
V* GL Vir,PM*,MIR
V* GL Vir,PM*,V*
V* HW Vel,bC*,UV
V* HW Vel,bC*,*
V* HW Vel,bC*,*
V* HW Vel,bC*,bC*
V* HW Vel,bC*,NIR
V* HW Vel,bC*,V*
V* KT Vel,a2*,X
V* KT Vel,a2*,a2*
V* KT Vel,a2*,**
V* KT Vel,a2*,*
V* KT Vel,a2*,*
V* KT Vel,a2*,MIR
V* KT Vel,a2*,NIR
V* KT Vel,a2*,V*
V* OT Ser,PM*,Ro*
V* OT Ser,PM*,*
V* OT Ser,PM*,Er*
V* OT Ser,PM*,NIR
V* OT Ser,PM*,PM*
V* OT Ser,PM*,UV
V* OT Ser,PM*,V*
V* OT Ser,PM*,X
V* QY Aur,SB*,*
V* QY Aur,SB*,*
V* QY Aur,SB*,Er*
V* QY Aur,SB*,MIR
V* QY Aur,SB*,NIR
V* QY Aur,SB*,PM*
V* QY Aur,SB*,SB*
V* QY Aur,SB*,UV
V* QY Aur,SB*,V*
V* QY Aur,SB*,X
V* R Sct,RV*,PM*
V* R Sct,RV*,NIR
V* R Sct,RV*,MIR
V* R Sct,RV*,IR
V* R Sct,RV*,Em*
V* R Sct,RV*,cC*
V* R Sct,RV*,AB*
V* R Sct,RV*,*
V* R Sct,RV*,*
V* R Sct,RV*,V*
V* R Sct,RV*,RV*
V* SZ UMa,PM*,X
V* SZ UMa,PM*,V*
V* SZ UMa,PM*,UV
V* SZ UMa,PM*,PM*
V* SZ UMa,PM*,NIR
V* SZ UMa,PM*,MIR
V* SZ UMa,PM*,Er*
V* SZ UMa,PM*,*
VB 10,PM*,NIR
VB 10,PM*,MIR
VB 10,PM*,Er*
VB 10,PM*,Rad
VB 10,PM*,PM*
VB 10,PM*,*
VB 10,PM*,**
VB 10,PM*,V*
VB 24 A,PM*,*
VB 24 A,PM*,*
VB 24 A,PM*,MIR
VB 24 A,PM*,**
VB 24 A,PM*,NIR
VB 24 A,PM*,PM*
VB 24 B,PM*,NIR
VB 24 B,PM*,**
VB 24 B,PM*,*
VB 24 B,PM*,PM*
VB 24 B,PM*,MIR
VB  8,LM*,LM*
VB  8,LM*,NIR
VB  8,LM*,MIR
VB  8,LM*,Er*
VB  8,LM*,Em*
VB  8,LM*,**
VB  8,LM*,*
VB  8,LM*,Opt
VB  8,LM*,PM*
VB  8,LM*,Rad
VB  8,LM*,X
VDB   7,RNe,ISM
VDB   7,RNe,*
VDB   7,RNe,RNe
V* TW PsA,BY*,V*
V* TW PsA,BY*,X
V* TW PsA,BY*,*
V* TW PsA,BY*,**
V* TW PsA,BY*,BY*
V* TW PsA,BY*,Er*
V* TW PsA,BY*,IR
V* TW PsA,BY*,NIR
V* TW PsA,BY*,PM*
V* V2215 Oph,RS*,RS*
V* V2215 Oph,RS*,V*
V* V2215 Oph,RS*,X
V* V2215 Oph,RS*,*
V* V2215 Oph,RS*,**
V* V2215 Oph,RS*,IR
V* V2215 Oph,RS*,MIR
V* V2215 Oph,RS*,NIR
V* V2215 Oph,RS*,PM*
V* V2215 Oph,RS*,Ro*
V* V2215 Oph,RS*,UV
V* V2689 Ori,RS*,V*
V* V2689 Ori,RS*,*
V* V2689 Ori,RS*,**
V* V2689 Ori,RS*,IR
V* V2689 Ori,RS*,NIR
V* V2689 Ori,RS*,PM*
V* V2689 Ori,RS*,RS*
V* V2689 Ori,RS*,UV
V* V2689 Ori,RS*,X
V* V374 Peg,PM*,*
V* V374 Peg,PM*,Er*
V* V374 Peg,PM*,MIR
V* V374 Peg,PM*,NIR
V* V374 Peg,PM*,PM*
V* V374 Peg,PM*,UV
V* V374 Peg,PM*,V*
V* V374 Peg,PM*,X
V* V686 CrA,a2*,*
V* V686 CrA,a2*,*
V* V686 CrA,a2*,a2*
V* V686 CrA,a2*,NIR
V* V686 CrA,a2*,UV
V* V686 CrA,a2*,V*
V* V816 Her,PM*,*
V* V816 Her,PM*,X
V* V816 Her,PM*,V*
V* V816 Her,PM*,UV
V* V816 Her,PM*,PM*
V* V816 Her,PM*,NIR
V* V816 Her,PM*,Er*
V* V816 Her,PM*,**
V* V857 Cen,PM*,X
V* V857 Cen,PM*,*
V* V857 Cen,PM*,Er*
V* V857 Cen,PM*,gam
V* V857 Cen,PM*,MIR
V* V857 Cen,PM*,NIR
V* V857 Cen,PM*,PM*
V* V857 Cen,PM*,Ro*
V* V857 Cen,PM*,UV
V* V857 Cen,PM*,V*
V* VV Lyn A,PM*,*
V* VV Lyn A,PM*,V*
V* VV Lyn A,PM*,**
V* VV Lyn A,PM*,PM*
V* VV Lyn B,PM*,PM*
V* VV Lyn B,PM*,**
V* VV Lyn B,PM*,*
V* VV Lyn B,PM*,V*
V* VX Ari,PM*,Er*
V* VX Ari,PM*,X
V* VX Ari,PM*,V*
V* VX Ari,PM*,UV
V* VX Ari,PM*,PM*
V* VX Ari,PM*,NIR
V* VX Ari,PM*,MIR
V* VX Ari,PM*,*
V* X Sgr,cC*,MIR
V* X Sgr,cC*,cC*
V* X Sgr,cC*,*
V* X Sgr,cC*,UV
V* X Sgr,cC*,SB*
V* X Sgr,cC*,V*
V* X Sgr,cC*,NIR
V* X Sgr,cC*,IR
V* YZ Cet,PM*,UV
V* YZ Cet,PM*,V*
V* YZ Cet,PM*,X
V* YZ Cet,PM*,*
V* YZ Cet,PM*,Er*
V* YZ Cet,PM*,IR
V* YZ Cet,PM*,MIR
V* YZ Cet,PM*,NIR
V* YZ Cet,PM*,PM*
V* YZ Cet,PM*,Ro*
V* YZ Cet,PM*,S*
V* YZ CMi,PM*,IR
V* YZ CMi,PM*,MIR
V* YZ CMi,PM*,Er*
V* YZ CMi,PM*,**
V* YZ CMi,PM*,*
V* YZ CMi,PM*,V*
V* YZ CMi,PM*,X
V* YZ CMi,PM*,*
V* YZ CMi,PM*,UV
V* YZ CMi,PM*,PM*
V* YZ CMi,PM*,Opt
V* YZ CMi,PM*,NIR
WD 1703-267,WD*,PM*
WD 1703-267,WD*,WD?
WD 1703-267,WD*,WD*
WD 1703-267,WD*,NIR
WD 1703-267,WD*,MIR
WD 1703-267,WD*,*
WISEA J032309.12-590751.0,BD*,BD*
WISEA J032309.12-590751.0,BD*,PM*
WISEA J032309.12-590751.0,BD*,MIR
WISEA J032309.12-590751.0,BD*,*
WISEA J033515.07+431044.7,BD*,MIR
WISEA J033515.07+431044.7,BD*,*
WISEA J033515.07+431044.7,BD*,BD*
WISEA J082507.37+280548.2,BD*,BD*
WISEA J082507.37+280548.2,BD*,MIR
WISEA J082507.37+280548.2,BD*,*
WISE J000517.48+373720.5,BD*,MIR
WISE J000517.48+373720.5,BD*,*
WISE J000517.48+373720.5,BD*,BD*
WISE J001505.87-461517.6,BD*,BD*
WISE J001505.87-461517.6,BD*,MIR
WISE J001505.87-461517.6,BD*,*
WISE J003829.05+275852.1,BD*,*
WISE J003829.05+275852.1,BD*,MIR
WISE J003829.05+275852.1,BD*,BD*
WISE J004945.61+215120.0,BD*,MIR
WISE J004945.61+215120.0,BD*,BD*
WISE J004945.61+215120.0,BD*,*
WISE J004945.61+215120.0,BD*,NIR
WISE J014807.25-720258.7,BD*,*
WISE J014807.25-720258.7,BD*,MIR
WISE J014807.25-720258.7,BD*,BD*
WISE J022322.36-293257.2,BD*,MIR
WISE J022322.36-293257.2,BD*,*
WISE J022322.36-293257.2,BD*,BD*
WISE J030449.03-270508.3,BD*,BD*
WISE J030449.03-270508.3,BD*,*
WISE J030449.03-270508.3,BD*,MIR
WISE J031624.35+430709.1,BD*,MIR
WISE J031624.35+430709.1,BD*,BD*
WISE J031624.35+430709.1,BD*,*
WISE J032337.53-602554.5,BD*,MIR
WISE J032337.53-602554.5,BD*,*
WISE J032337.53-602554.5,BD*,BD*
WISE J032547.72+083118.2,BD*,*
WISE J032547.72+083118.2,BD*,MIR
WISE J032547.72+083118.2,BD*,BD*
WISE J033605.05-014350.4,BD*,BD*
WISE J033605.05-014350.4,BD*,*
WISE J033605.05-014350.4,BD*,MIR
WISE J033605.05-014350.4,BD*,**
WISE J035000.32-565830.2,BD*,*
WISE J035000.32-565830.2,BD*,MIR
WISE J035000.32-565830.2,BD*,BD*
WISE J035934.06-540154.6,BD*,*
WISE J035934.06-540154.6,BD*,BD*
WISE J035934.06-540154.6,BD*,MIR
WISE J041022.71+150248.4,BD*,MIR
WISE J041022.71+150248.4,BD*,*
WISE J041022.71+150248.4,BD*,BD*
WISE J043052.92+463331.6,BD*,BD*
WISE J043052.92+463331.6,BD*,*
WISE J043052.92+463331.6,BD*,MIR
WISE J045853.89+643452.5,BD*,MIR
WISE J045853.89+643452.5,BD*,BD*
WISE J045853.89+643452.5,BD*,**
WISE J045853.89+643452.5,BD*,*
WISE J064723.23-623235.5,BD*,*
WISE J064723.23-623235.5,BD*,BD*
WISE J064723.23-623235.5,BD*,BD?
WISE J064723.23-623235.5,BD*,MIR
WISE J071301.84-585445.1,BD*,BD*
WISE J071301.84-585445.1,BD*,MIR
WISE J071301.84-585445.1,BD*,*
WISE J071322.55-291751.9,BD*,BD*
WISE J071322.55-291751.9,BD*,MIR
WISE J071322.55-291751.9,BD*,*
WISE J072227.27-054029.9,BD*,MIR
WISE J072227.27-054029.9,BD*,BD*
WISE J072227.27-054029.9,BD*,*
WISE J072227.27-054029.9,BD*,NIR
WISE J073444.02-715744.0,BD*,*
WISE J073444.02-715744.0,BD*,BD*
WISE J073444.02-715744.0,BD*,MIR
WISE J075946.98-490454.0,BD*,*
WISE J075946.98-490454.0,BD*,BD*
WISE J075946.98-490454.0,BD*,MIR
WISE J081117.81-805141.3,BD*,BD*
WISE J081117.81-805141.3,BD*,MIR
WISE J081117.81-805141.3,BD*,*
WISE J083337.82+005214.1,BD*,MIR
WISE J083337.82+005214.1,BD*,PM*
WISE J083337.82+005214.1,BD*,BD*
WISE J083337.82+005214.1,BD*,*
WISE J083337.82+005214.1,BD*,BD*
WISE J085716.24+560407.6,BD*,*
WISE J085716.24+560407.6,BD*,MIR
WISE J085716.24+560407.6,BD*,BD*
WISE J094305.98+360723.5,BD*,*
WISE J094305.98+360723.5,BD*,MIR
WISE J094305.98+360723.5,BD*,BD*
WISE J101808.04-244557.9,BD*,*
WISE J101808.04-244557.9,BD*,PM*
WISE J101808.04-244557.9,BD*,MIR
WISE J101808.04-244557.9,BD*,BD*
WISE J102557.72+030755.7,BD*,BD*
WISE J102557.72+030755.7,BD*,MIR
WISE J102557.72+030755.7,BD*,*
WISE J111239.24-385700.7,BD*,*
WISE J111239.24-385700.7,BD*,MIR
WISE J111239.24-385700.7,BD*,BD*
WISE J114156.71-332635.8,BD*,MIR
WISE J114156.71-332635.8,BD*,*
WISE J114156.71-332635.8,BD*,BD*
WISE J115013.85+630241.5,BD*,BD*
WISE J115013.85+630241.5,BD*,MIR
WISE J115013.85+630241.5,BD*,*
WISE J121756.90+162640.8,BD*,*
WISE J121756.90+162640.8,BD*,BD*
WISE J121756.90+162640.8,BD*,**
WISE J121756.90+162640.8,BD*,MIR
WISE J132233.64-234016.8,BD*,BD*
WISE J132233.64-234016.8,BD*,*
WISE J132233.64-234016.8,BD*,MIR
WISE J140518.39+553421.3,BD*,MIR
WISE J140518.39+553421.3,BD*,*
WISE J140518.39+553421.3,BD*,BD*
WISE J150115.92-400418.4,BD*,BD*
WISE J150115.92-400418.4,BD*,*
WISE J150115.92-400418.4,BD*,MIR
WISE J151906.63+700931.4,BD*,BD*
WISE J151906.63+700931.4,BD*,MIR
WISE J151906.63+700931.4,BD*,*
WISE J154151.65-225024.9,BD*,BD*
WISE J154151.65-225024.9,BD*,MIR
WISE J154151.65-225024.9,BD*,*
WISE J154214.00+223005.2,BD*,MIR
WISE J154214.00+223005.2,BD*,*
WISE J154214.00+223005.2,BD*,BD*
WISE J161215.94-342028.5,BD*,*
WISE J161215.94-342028.5,BD*,BD*
WISE J161215.94-342028.5,BD*,MIR
WISE J161441.46+173935.5,BD*,BD*
WISE J161441.46+173935.5,BD*,*
WISE J161441.46+173935.5,BD*,MIR
WISE J161441.46+173935.5,BD*,NIR
WISE J161705.74+180714.1,BD*,MIR
WISE J161705.74+180714.1,BD*,*
WISE J161705.74+180714.1,BD*,BD*
WISE J163940.83-684738.6,BD*,*
WISE J163940.83-684738.6,BD*,BD*
WISE J163940.83-684738.6,BD*,MIR
WISE J165311.05+444422.8,BD*,BD*
WISE J165311.05+444422.8,BD*,MIR
WISE J165311.05+444422.8,BD*,*
WISE J173551.72-820900.1,BD*,MIR
WISE J173551.72-820900.1,BD*,BD*
WISE J173551.72-820900.1,BD*,*
WISE J173551.72-820900.1,BD*,PM*
WISE J173835.53+273259.0,BD*,BD*
WISE J173835.53+273259.0,BD*,*
WISE J173835.53+273259.0,BD*,MIR
WISE J181210.85+272144.3,BD*,MIR
WISE J181210.85+272144.3,BD*,BD*
WISE J181210.85+272144.3,BD*,*
WISE J181329.40+283533.3,BD*,BD*
WISE J181329.40+283533.3,BD*,MIR
WISE J181329.40+283533.3,BD*,*
WISE J182831.08+265037.7,BD*,MIR
WISE J182831.08+265037.7,BD*,*
WISE J182831.08+265037.7,BD*,BD*
WISE J201824.97-742327.5,BD*,BD*
WISE J201824.97-742327.5,BD*,MIR
WISE J201824.97-742327.5,BD*,*
WISE J201920.76-114807.5,BD*,BD*
WISE J201920.76-114807.5,BD*,MIR
WISE J201920.76-114807.5,BD*,*
WISE J205628.91+145953.2,BD*,BD*
WISE J205628.91+145953.2,BD*,MIR
WISE J205628.91+145953.2,BD*,*
WISE J210200.15-442919.5,BD*,BD*
WISE J210200.15-442919.5,BD*,*
WISE J210200.15-442919.5,BD*,MIR
WISE J215949.48-480854.9,BD*,*
WISE J215949.48-480854.9,BD*,BD*
WISE J215949.48-480854.9,BD*,MIR
WISE J220905.73+271143.9,BD*,BD*
WISE J220905.73+271143.9,BD*,BD?
WISE J220905.73+271143.9,BD*,MIR
WISE J220905.73+271143.9,BD*,*
WISE J221216.33-693121.6,BD*,MIR
WISE J221216.33-693121.6,BD*,*
WISE J221216.33-693121.6,BD*,BD*
WISE J222055.31-362817.4,BD*,MIR
WISE J222055.31-362817.4,BD*,*
WISE J222055.31-362817.4,BD*,BD*
WISE J225540.75-311842.0,BD*,BD*
WISE J225540.75-311842.0,BD*,*
WISE J225540.75-311842.0,BD*,MIR
WISE J231336.38-803700.1,BD*,*
WISE J231336.38-803700.1,BD*,MIR
WISE J231336.38-803700.1,BD*,BD*
WISEA J085510.74-071442.5,BD*,PM*
WISEA J085510.74-071442.5,BD*,*
WISEA J085510.74-071442.5,BD*,BD*
WISEA J085510.74-071442.5,BD*,MIR
WISEA J120604.25+840110.5,BD*,MIR
WISEA J120604.25+840110.5,BD*,BD*
WISEA J120604.25+840110.5,BD*,*
WISEA J220304.18+461923.4,BD*,MIR
WISEA J220304.18+461923.4,BD*,*
WISEA J220304.18+461923.4,BD*,BD*
WISEA J220922.09-273439.9,BD*,BD*
WISEA J220922.09-273439.9,BD*,PM*
WISEA J220922.09-273439.9,BD*,MIR
WISEA J220922.09-273439.9,BD*,*
WISEA J235402.79+024014.1,BD*,BD*
WISEA J235402.79+024014.1,BD*,*
WISEA J235402.79+024014.1,BD*,MIR
WISEP J031325.96+780744.2,BD*,BD*
WISEP J031325.96+780744.2,BD*,*
WISEP J031325.96+780744.2,BD*,MIR
WISEP J050003.05-122343.2,BD*,MIR
WISEP J050003.05-122343.2,BD*,*
WISEP J050003.05-122343.2,BD*,BD*
WISEP J062309.94-045624.6,BD*,MIR
WISEP J062309.94-045624.6,BD*,BD*
WISEP J062309.94-045624.6,BD*,*
WISEP J174124.25+255319.5,BD*,BD*
WISEP J174124.25+255319.5,BD*,NIR
WISEP J174124.25+255319.5,BD*,*
WISEP J174124.25+255319.5,BD*,MIR
WISEP J174124.25+255319.5,BD*,PM*
WISEP J180026.60+013453.1,BD*,*
WISEP J180026.60+013453.1,BD*,PM*
WISEP J180026.60+013453.1,BD*,NIR
WISEP J180026.60+013453.1,BD*,MIR
WISEP J180026.60+013453.1,BD*,BD*
WISEP J180026.60+013453.1,BD*,BD*
WISEP J213456.73-713743.6,BD*,*
WISEP J213456.73-713743.6,BD*,BD*
WISEP J213456.73-713743.6,BD*,MIR
WISEP J231939.13-184404.3,BD*,BD*
WISEP J231939.13-184404.3,BD*,MIR
WISEP J231939.13-184404.3,BD*,*
WISEP J232519.54-410534.9,BD*,BD*
WISEP J232519.54-410534.9,BD*,MIR
WISEP J232519.54-410534.9,BD*,*
WOH G 618,PM*,*
WOH G 618,PM*,Ro*
WOH G 618,PM*,PM*
WOH G 618,PM*,NIR
WOH G 618,PM*,MIR
WOH G 618,PM*,Er*
WOH G 618,PM*,Er*
WOH G 618,PM*,*
Wolf 1056,PM*,MIR
Wolf 1056,PM*,*
Wolf 1056,PM*,NIR
Wolf 1056,PM*,PM*
Wolf 1069,PM*,NIR
Wolf 1069,PM*,*
Wolf 1069,PM*,MIR
Wolf 1069,PM*,PM*
Wolf 1473,SB*,*
Wolf 1473,SB*,X
Wolf 1473,SB*,MIR
Wolf 1473,SB*,NIR
Wolf 1473,SB*,PM*
Wolf 1473,SB*,Ro*
Wolf 1473,SB*,SB*
Wolf 1473,SB*,V*
Wolf 1478,PM*,MIR
Wolf 1478,PM*,V*
Wolf 1478,PM*,PM*
Wolf 1478,PM*,NIR
Wolf 1478,PM*,*
Wolf 1539,PM*,NIR
Wolf 1539,PM*,*
Wolf 1539,PM*,MIR
Wolf 1539,PM*,PM*
Wolf 1561 A,Em*,Em*
Wolf 1561 A,Em*,*
Wolf 1561 A,Em*,*
Wolf 1561 A,Em*,**
Wolf 1561 A,Em*,Er*
Wolf 1561 A,Em*,NIR
Wolf 1561 A,Em*,PM*
Wolf 1561 A,Em*,Ro*
Wolf 1561 A,Em*,V*
Wolf 1561 A,Em*,X
Wolf 1561 B,PM*,*
Wolf 1561 B,PM*,**
Wolf 1561 B,PM*,Er*
Wolf 1561 B,PM*,MIR
Wolf 1561 B,PM*,NIR
Wolf 1561 B,PM*,PM*
Wolf 1561 B,PM*,V*
Wolf  227,SB*,PM*
Wolf  227,SB*,NIR
Wolf  227,SB*,MIR
Wolf  227,SB*,Er*
Wolf  227,SB*,*
Wolf  227,SB*,SB*
Wolf   28,WD*,WD?
Wolf   28,WD*,Opt
Wolf   28,WD*,NIR
Wolf   28,WD*,MIR
Wolf   28,WD*,*
Wolf   28,WD*,WD*
Wolf   28,WD*,PM*
Wolf  358,BY*,PM*
Wolf  358,BY*,*
Wolf  358,BY*,*
Wolf  358,BY*,**
Wolf  358,BY*,BY*
Wolf  358,BY*,MIR
Wolf  358,BY*,NIR
Wolf  358,BY*,V*
Wolf  359,PM*,X
Wolf  359,PM*,Er*
Wolf  359,PM*,*
Wolf  359,PM*,MIR
Wolf  359,PM*,NIR
Wolf  359,PM*,PM*
Wolf  359,PM*,UV
Wolf  359,PM*,V*
Wolf  398,PM*,NIR
Wolf  398,PM*,PM*
Wolf  398,PM*,MIR
Wolf  398,PM*,*
Wolf  424,**,PM*
Wolf  424,**,MIR
Wolf  424,**,NIR
Wolf  424,**,Er*
Wolf  424,**,**
Wolf  424,**,*
Wolf  424,**,V*
Wolf  424,**,X
Wolf  424,**,IR
Wolf  437,PM*,V*
Wolf  437,PM*,PM*
Wolf  437,PM*,*
Wolf  437,PM*,MIR
Wolf  437,PM*,NIR
Wolf   44,PM*,MIR
Wolf   44,PM*,X
Wolf   44,PM*,Ro*
Wolf   44,PM*,PM*
Wolf   44,PM*,NIR
Wolf   44,PM*,*
Wolf  461,PM*,V*
Wolf  461,PM*,X
Wolf  461,PM*,*
Wolf  461,PM*,Er*
Wolf  461,PM*,MIR
Wolf  461,PM*,NIR
Wolf  461,PM*,PM*
Wolf   47,PM*,*
Wolf   47,PM*,**
Wolf   47,PM*,Em*
Wolf   47,PM*,Er*
Wolf   47,PM*,MIR
Wolf   47,PM*,NIR
Wolf   47,PM*,PM*
Wolf   47,PM*,UV
Wolf   47,PM*,V*
Wolf   47,PM*,V*
Wolf   47,PM*,X
Wolf  489,WD*,NIR
Wolf  489,WD*,WD?
Wolf  489,WD*,WD*
Wolf  489,WD*,PM*
Wolf  489,WD*,Opt
Wolf  489,WD*,*
Wolf  489,WD*,MIR
Wolf  654,PM*,PM*
Wolf  654,PM*,*
Wolf  654,PM*,NIR
Wolf  654,PM*,UV
Wolf  918,PM*,*
Wolf  918,PM*,PM*
Wolf  918,PM*,NIR
Wolf  918,PM*,MIR
Wolf  940,PM*,MIR
Wolf  940,PM*,PM*
Wolf  940,PM*,NIR
Wolf  940,PM*,**
Wolf  940,PM*,*
Wolf  940,PM*,*
Wolf  940 B,BD*,NIR
Wolf  940 B,BD*,BD*
Wolf  940 B,BD*,*
Wolf  940 B,BD*,MIR
Wolf  940 B,BD*,**
Wolf  940 B,BD*,BD*
WT 2458,LM*,PM*
WT 2458,LM*,Ro*
WT 2458,LM*,*
WT 2458,LM*,X
WT 2458,LM*,LM*
WT 2458,LM*,MIR
WT 2458,LM*,NIR
WT 392,PM*,PM*
WT 392,PM*,MIR
WT 392,PM*,*
WT 392,PM*,NIR
WT 765,WD*,NIR
WT 765,WD*,UV
WT 765,WD*,WD*
WT 765,WD*,WD?
WT 765,WD*,MIR
WT 765,WD*,**
WT 765,WD*,*
WT 765,WD*,PM*
WT 766,**,*
WT 766,**,PM*
WT 766,**,NIR
WT 766,**,MIR
WT 766,**,**
WT 887,PM*,NIR
WT 887,PM*,IR
WT 887,PM*,Er*
WT 887,PM*,Er*
WT 887,PM*,*
WT 887,PM*,PM*
WT 887,PM*,MIR
