query_id,main_id,ra,dec,otype,sp_type,ids,V
"CNS5 1","2MASS J00001354+2554180",0.056437,25.905018,"BD*","T4.5","TIC 117927630|CNS5 1|2MASS J00001354+2554180|SDSS J000013.54+255418.6|SDSS J000013.53+255418.7",
"CNS5 1002","2MASS J04013766+2849529",60.40663438077208,28.831306820209996,"BD*","L4.0","TIC 23052279|Gaia DR3 167202325215063168|CNS5 1002|2MASS J04013766+2849529|WISEA J040137.22+284951.6|Gaia DR2 167202325215063168|WISE J040137.21+284951.7",
"CNS5 1017","PM J04061-0534",61.52864642076,-5.579060083099999,"PM*","M3.5V","TIC 269634384|Gaia DR3 3197487123332369536|CNS5 1017|2MASS J04060688-0534444|WISEA J040606.88-053446.1|UCAC4 423-005428|PM J04061-0534|Gaia DR2 3197487123332369536|Karmn J04061-055",13.313
"CNS5 1018","G 248-12",61.655169453842916,79.2670633101789,"PM*","dM5.5","TIC 397098265|AP J04063732+7916012|Gaia DR3 555032443207370880|CNS5 1018|PM J04066+7916|2MASS J04063732+7916012|LSPM J0406+7916|NLTT 12380|USNO-B1.0 1692-00021504|G 248-12|LHS  1629|LP   14-241|WISEA J040638.26+791557.1|Gaia DR2 555032443207370880",
"CNS5 102","* zet Tuc",5.017744306231667,-64.87479366391888,"PM*","F9.5V","TIC 425935521|GJ 17|HIP 1599|Gaia DR3 4900108950849461248|PLX   54|* zet Tuc|CPC 21    53|CPD-65    13|Ci 20   22|FK5   10|GC   401|GCRV   185|GEN# +1.00001581|HD   1581|HIC   1599|HR    77|JP11   371|LFT   36|LHS     5|LPM  16|LTT   167|N30   57|NLTT  1045|CNS5 102|PM 00175-6510|PPM 351761|ROT    82|SAO 248163|SKY#   585|SPOCS   14|TD1   161|UBV     236|UBV M   7307|Zkh   8|uvby98 100001581|2MASS J00200446-6452282|PLX   54.00|TYC 8843-1706-1|IRAS 00176-6509|AKARI-IRC-V1 J0020061-645221|WISE J002006.98-645216.9|IRAS F00176-6509|WISEA J002007.07-645217.0|WEB   286|Gaia DR2 4900108950847893376",4.23
"CNS5 1028","HD 281621",62.15582936198959,33.63703664928389,"**","K7V","TIC 467729221|GJ 162|HIP 19337|Gaia DR3 170639948323693952|2MASS J04083742+3338134|PLX  913|LSPM J0408+3338|ASCC  560833|UCAC2  43575053|USNO-B1.0 1236-00072911|CNS5 1028|CSI+33-04054|Ci 20  281|G  39-2|G  38-26|GEN# +9.80038026|GEN# +6.10010162|HD 281621|HIC  19337|LFT  331|LHS  1634|LTT 11353|NLTT 12612|Ross  587|TYC 2362-37-1|UBV M  42929|[RHG95]   724|PLX  913.00|WISEA J040837.83+333814.6|UCAC4 619-013315|StKM 2-335|PM J04086+3338|Gaia DR1 170639944023926912|Gaia DR2 170639948323693952|** RAO  192|WDS J04086+3338AB|WISE J040837.82+333814.6",10.192
"CNS5 103","LP  292-67",5.122534422269582,33.085118848376105,"PM*","M5.5V","TIC 57984826|GJ 3028|Gaia DR3 2863419584886542080|PLX   54.0|LSPM J0020+3305|2MASS J00202922+3305081|USNO-B1.0 1230-00007000|CNS5 103|LHS   112|LP  292-67|NLTT  1065|USNO 583|[RHG95]    68|PLX   54.01|Gaia DR2 2863419584886542080|WISEA J002030.30+330457.3",
"CNS5 1035","WISE J041022.71+150248.4",62.59198383333333,15.053051111111111,"BD*","Y0","CNS5 1035|WISEP J041022.71+150248.5|WISE J041022.71+150248.4|EQ J0410+1502|WISEA J041022.75+150247.9",
"CNS5 1036","L  230-188",62.61718081343875,-53.60226070933555,"PM*","M4.5V","TIC 219223742|GJ 1068|Gaia DR3 4780100658292046592|GEN# +9.86230188|L  230-188|LFT  334|LHS    22|LTT  1891|CNS5 1036|[RHG95]   733|2MASS J04102815-5336078|WISEA J041027.14-533633.5|GCRV 26227|Gaia DR2 4780100658292046592|NLTT 12731|PM 04093-5342",13.58
"CNS5 1040","G 247-15",63.070896361997086,64.73211762319222,"PM*","M4V","TIC 84649454|GJ 3266|Gaia DR3 476809509515283712|CNS5 1040|LSPM J0412+6443|NLTT 12684|2MASS J04121693+6443560|USNO-B1.0 1547-00108465|G 247-15|LHS  1638|USNO 806|[GKL99] 107|[RHG95]   729|PLX  914.02|1RXS J041215.8+644407|WISEA J041217.81+644351.1|UCAC4 774-020630|PM J04122+6443|Gaia DR2 476809509515283712|Karmn J04122+647",
"CNS5 1051","* omi02 Eri",63.817998412477074,-7.652869660838334,"PM*","K0V","TIC 67772871|GJ 166 A|HIP 19849|Gaia DR3 3195919528989223040|2MASS J04151651-0739068|PLX  945|* omi02 Eri|*  40 Eri|8pc 198.24A|AAVSO 0410-07|AC2000 2125614|ADS  3093 A|BD-07   780|CNS5 1051|CCDM J04153-0739A|CSI-07   780  1|Ci 20  288|GC  5138|GCRV  2440|GEN# +1.00026965A|GEN# +1.00026965|HD  26965|HIC  19849|HR  1325|IRC -10064|JP11   868|LFT  338|LHS    23|LPM 181|LTT  1907|N30  880|NLTT 12863|PM 04130-0744|PPM 400061|RBS   527|SAO 131063|SKY#  6509|SPOCS  207|UBV    4139|UBV M  10040|YZ  97  1060|Zkh  58|[GKL99] 110|1E 041258-0745.9|1RXS J041521.5-073843|2EUVE J0415-07.6|EUVE J0415-07.6|WDS J04153-0739A|TYC 5312-2325-1|** STF  518A|Gaia DR2 3195919528988725120|PMSC 04107-0748A|WISEA J041513.97-073951.7|NAME Keid|uvby98 100026965|WEB  3792",4.43
"CNS5 1052","* omi02 Eri C",63.83973332536918,-7.655748493915556,"PM*","M4.5V","TIC 67772873|GJ 166 C|Gaia DR3 3195919254111314816|V* DY Eri|* omi02 Eri C|*  40 Eri C|2RE J041521-073855|2RE J0415-073|8pc 198.24C|AAVSO 0410-07D|ADS  3093 C|BD-07   781C|CNS5 1052|CCDM J04153-0739C|CSI-07   781  2|GCRV  2442|GEN# +1.00026976C|LFT  340|LHS    25|LTT  1909|NLTT 12869|RE J0415-073|RE J041520-073853|UBV    4142|Zkh  60|[RHG95]   742|2MASS J04152173-0739173|WDS J04153-0739C|** STF  518C|Gaia DR2 3195919322830293760|PMSC 04107-0748C|WISEA J041519.99-073955.6|WEB  3796|Karmn J04153-076",11.17
"CNS5 1053","* omi02 Eri B",63.84081549227875,-7.658112218552501,"WD*","DA2.9","2MASS J04152196-0739254|GJ 166 B|Gaia DR3 3195919254111315712|* omi02 Eri B|*  40 Eri B|2E   957|8pc 198.24B|AAVSO 0410-07C|ADS  3093 B|BD-07   781|CNS5 1053|CCDM J04153-0739B|CSI-07   781  1|Ci 20  289|EGGR  33|G 160-60|GC  5140|GCRV  2441|GEN# +1.00026976B|HD  26976|LFT  339|LHS    24|LP    7-781 A|LPM 182|LTT  1908|NLTT 12868|SAO 131065|UBV    4141|UBV M  10045|UCAC2  29035414|WD 0413-07|WD 0413-077|WD 0413-074|Zkh  59|2E 0412.9-0745|WDS J04153-0739B|** STF  518B|PMSC 04107-0748B|WEB  3795|Gaia DR2 3195919254110817408",9.53
"CNS5 1054","2MASSI J0415195-093506",63.831432,-9.585187000000001,"BD*","T8.0","TIC 67773411|2MASS J04151954-0935066|2MASSI J0415195-093506|2MASSW J0415195-093506|CNS5 1054|[B2006] J041519.5-093506|WISEP J041521.20-093500.6|WISE J041521.21-093500.6|WISEA J041521.26-093500.4|EQ J0415-0935",
"CNS5 1059","HD  27274",63.98708975682542,-53.30980741951833,"PM*","K4.5Vk:","TIC 219234564|GJ 167|HIP 19884|Gaia DR3 4780166972587269120|2MASS J04155689-5318353|PLX  950|CD-53   889|CPC 19  1305|CPD-53   672|Ci 20  291|GC  5176|GCRV 54940|GEN# +1.00027274|HD  27274|HIC  19884|LFT  342|LHS  1650|LPM 184|LTT  1924|NLTT 12938|CNS5 1059|PM 04147-5326|PPM 333341|SAO 233456|SKY#  6526|UBV    4165|UBV M  10069|UGP  78|uvby98 100027274|PLX  950.00|TYC 8502-1080-1|AKARI-IRC-V1 J0415577-531832|IRAS 04147-5326|WISEA J041557.82-531830.9|Gaia DR1 4780166968291567104|WEB  3800|Gaia DR2 4780166972587269120",7.634
"CNS5 1074","LSR J0419+4233",64.96721189013583,42.55844981510972,"PM*","M8/9V","TIC 347994537|Karmn J04198+425|Gaia DR3 229155579195699456|CNS5 1074|2MASS J04195212+4233304|LSPM J0419+4233|LSR J0419+4233|USNO-B1.0 1325-00110870|WISEA J041952.62+423315.4|Gaia DR2 229155579195699456",
"CNS5 11","NAME L 362-29 BC",1.14527988432375,-40.73512876228805,"BD*","L5+L5","TIC 120459871|NAME L 362-29 BC|GJ 1001 C|GJ 1001 B|Gaia DR3 4996141155411984128|CNS5 11|2MUCD 20004|2MASS J00043484-4044058|2MASSW J0004348-404405|[B2006] J000434.8-404405|WDS J00046-4044Ba,Bb|[GDF99] LHS 102B|WDS J00046-4044B|** ERO    1B|** GKI    2|WISEA J000435.49-404422.3|Gaia DR2 4996141155411984128",
"CNS5 1102","LP  890-27",66.63601376845332,-30.800515247043613,"PM*","M4.5","TIC 170636897|SIPS J0426-3048|Gaia DR3 4884761177275202176|2MASS J04263264-3048013|CNS5 1102|LHS  5094|LP  890-27|NLTT 13292|WISEA J042632.58-304806.7|UCAC4 296-004843|PM J04265-3048|Gaia DR2 4884761177275202176",14.054
"CNS5 1111","HD  28343",67.25051592924,21.922699247860002,"PM*","M0.5V","MCC 8|StKM 2-358|GJ 169|HIP 20917|Gaia DR3 145421309108301184|2MASS J04290013+2155214|PLX  990|LSPM J0429+2155|ASCC  749923|USNO-B1.0 1119-00056724|AG+21  422|AGKR  3969|BD+21   652|CNS5 1111|DO 10515|GCRV  2612|GEN# +1.00028343|GSC 01277-00601|HD  28343|HIC  20917|IRAS 04260+2148|LTT 11433|NLTT 13343|NSV  1612|PMC 90-93  2190|PPM  93545|SAO  76626|TYC 1277-601-1|VVO  11|YZ  21  1444|Zkh  61|[GKL99] 118|uvby98 100028343|PLX  990.00|1RXS J042859.8+215519|2EUVE J0429+21.9|EUVE J0429+21.9|WISEA J042900.05+215523.6|UCAC4 560-009898|TIC 17558287|Gaia DR1 145421304810445312|WEB  4018|Gaia DR2 145421309108301184|PM J04290+2155|Karmn J04290+219",8.3
"CNS5 1115","Ross  594",67.60538180741459,39.849838856853346,"BY*","M5V","TIC 238865036|GJ 170|Gaia DR3 179700710496485504|2MASS J04302527+3951000|PLX  992|LSPM J0430+3950|USNO-B1.0 1298-00099245|CSI+39-04270|Ci 20  294|CNS5 1115|G  81-21|GEN# +6.10010170|GEN# +9.80081021|GSC 02884-00349|JP11  5112|LFT  355|LHS  1674|LTT 11440|NLTT 13380|Ross  594|UBV M  42930|USNO 221|V* V546 Per|[FS2003] 0187|[GKL99] 119|[RHG95]   782|PLX  992.00|1RXS J043024.6+395124|WISEA J043025.53+395053.5|UCAC4 650-020581|PM J04304+3950|Gaia DR2 179700710496485504|LTT 10440|Karmn J04304+398",13.959
"CNS5 1116","WISE J043052.92+463331.6",67.71689104166667,46.557629694444444,"BD*","T8","WISEA J043052.96+463331.7|CNS5 1116|WISE J043052.92+463331.6|EQ J0430+4633",
"CNS5 1119","G 175-34",67.79797678916874,58.97707329124862,"PM*","M4.0V","G 175-34|HIC  21088|PM 04268+5854|NAME Stein 2051|** STI 2051A|TIC 356322721|AP J04311147+5858375|GJ 169.1 A|HIP 21088|Gaia DR3 470826482637310080|CNS5 1119|ASCC  176742|2MASS J04311147+5858375|USNO-B1.0 1489-00136092|8pc 181.36A|CCDM J04312+5858A|CSI+58-04268  1|IDS 04224+5849 A|TIC 471011437|JP11  5943|LHS    26|NLTT 13373|UBV    4295|USNO 120|USNO 807|Zkh  62|[RHG95]   780|LSPM J0431+5858W|WDS J04312+5858A|Gaia DR2 470826482635704064|IRAS 04268+5852|AKARI-IRC-V1 J0431126+585823|WISE J043113.20+585816.7|UCAC4 745-033846|WISEA J043113.21+585816.7|PM J04311+5858|NAME Stein 2051A|Karmn J04311+589",10.98
"CNS5 1121","EGGR 180",67.80238099867749,58.978136863278614,"WD*","DC5","** STI 2051B|GJ 169.1 B|Gaia DR3 470826482637310848|CNS5 1121|TYC 3744-2062-1|ASCC  176743|LSPM J0431+5858E|8pc 181.36B|AC +58  2500|CCDM J04312+5858B|CSI+58-04268  2|EGGR 180|G 175-34B|IDS 04224+5849 B|KPD 0426+5852|LHS    27|NLTT 13375|UBV    4296|USNO 121|USNO 808|WD 0426+588|Zkh  63|WDS J04312+5858B|UCAC4 745-033849|NAME Stein 2051 B|Gaia DR2 470826482635701376|PM J04312+5858|TYC 3744-412-1",
"CNS5 1133","G   8-41",68.39151264257374,20.74606725061666,"PM*","M5V","GJ 3296|Gaia DR3 144312344255035392|2MASS J04333393+2044461|LSPM J0433+2044|UCAC2  39094444|USNO-B1.0 1107-00053613|CNS5 1133|G   8-41|LHS  1681|LTT 11454|NLTT 13501|PM 04306+2039|[GKL99] 121|[RHG95]   786|1RXS J043334.8+204437|WISEA J043334.29+204442.5|UCAC4 554-009821|PM J04335+2044|TIC 61258139|Gaia DR2 144312344255035392|Karmn J04335+207",14.53
"CNS5 1140","LP  775-31",68.81728611414333,-16.115892586485558,"Em*","M8Ve","TIC 117733581|Gaia DR3 3171631420210205056|SIPS J0435-1607|2MUCD 10302|2MASS J04351612-1606574|2MASSI J0435161-160657|CNS5 1140|LP  775-31|NLTT 13580|USNO-B1.0 0738-00044692|[B2006] J043516.1-160657|WISEA J043516.26-160653.9|Gaia DR2 3171631420210205056|Karmn J04352-161|WISE J043516.24-160653.9|** CRC   47A|WDS J04353-1607A",17.82
"CNS5 1151","HD 232979",69.42054340448459,52.89361471123277,"PM*","M0.5V","TIC 274545692|MCC 449|GJ 172|HIP 21553|Gaia DR3 272855565763652480|CNS5 1151|2MASS J04374092+5253372|PLX 1010|LSPM J0437+5253|TYC 3732-542-1|ASCC  244104|USNO-B1.0 1428-00155067|AG+52  450|BD+52   857|Ci 18  594|Ci 20  298|G 175-42|G 191-4|GCRV  2695|GEN# +1.00232979|HD 232979|HIC  21553|IRAS 04337+5247|L 1742-6|LFT  362|LHS  1688|LTT 11464|NLTT 13604|PPM  29269|SAO  24722|UBV    4415|UBV M  27782|VVO 235|YZ  52  1893|YZC 26  1893|[GKL99] 123|[RHG95]   799|PLX 1010.00|1RXS J043740.6+525346|WISEA J043741.24+525332.2|UCAC4 715-033323|PM J04376+5253|Gaia DR1 272855561463141248|WEB  4137|Gaia DR2 272855565762295680|Karmn J04376+528|** CSN    6A|WDS J04377+5254A|WISE J043741.26+525332.2",8.648
"CNS5 1152","BD-11   916",69.42444074397,-11.038881141489998,"PM*","M1V","TIC 55997717|StKM 2-373|GJ 173|HIP 21556|Gaia DR3 3184351876391975808|2MASS J04374188-1102198|PLX 1026|BD-11   916|CNS5 1152|GCRV  2717|GEN# -0.01100916|HIC  21556|LP  715-52|LTT  2050|MCC 106|NLTT 13657|PPM 710831|UBV M   5319|[RHG95]   804|PLX 1026.00|TYC 5324-581-1|UCAC4 395-006371|PM J04376-1102|Gaia DR1 3184351872093838592|WEB  4138|Gaia DR2 3184351876391975808|Karmn J04376-110",10.331
"CNS5 1153","EGGR  41",69.4475302869571,-8.819616626012502,"WD*","DQ8","TIC 55997020|PSO J069.4484-08.8251|GJ 3306|Gaia DR3 3186021141200137472|CNS5 1153|CSI-08-04354|EGGR  41|L  879-14|LFT  367|LHS   194|LP  655-42|LTT  2049|NLTT 13658|PM 04354-0854|UBV    4469|USNO 593|WD 0435-088|WD 0435-08|PLX 1026.01|2MASS J04374739-0849089|Gaia DR2 3186021141200137472|WISEA J043747.57-084926.7",14.1
"CNS5 1154","G  39-29B",69.55244164947874,28.216751133498892,"PM*","M4.5","GJ 3304 B|Gaia DR3 157915472050611456|CNS5 1154|WDS J04382+2813B|G  39-29B|** BEU    6B|Gaia DR2 157915472050611456",
"CNS5 1155","G  39-29A",69.55271864669623,28.216622407871103,"PM*","M4.0","GJ 3304 A|Gaia DR3 157915536473892224|CNS5 1155|WDS J04382+2813A|G  39-29A|** BEU    6A|Gaia DR2 157915536473892224",
"CNS5 1159","2MASS J04390101-2353083",69.75418685417,-23.88569310758,"BD*","L4.5","TIC 121592290|Gaia DR3 4894945708668731264|[B2006] J043901.0-235308|2MUCD 10312|2MASS J04390101-2353083|2MASSI J0439010-235308|CNS5 1159|Gaia DR2 4894945708668731264",
"CNS5 1160","LP  415-302",69.88175829441624,16.26193199818361,"PM*","M5.5Ve","TIC 245914064|Gaia DR3 3310083401849536384|LSPM J0439+1615|UCAC2  37486060|2MASS J04393163+1615447|USNO-B1.0 1062-00049239|CNS5 1160|LHS  1690|LP  415-302|NLTT 13692|WISEA J043931.56+161534.7|Gaia DR2 3310083401849536384",15.74
"CNS5 1165","LP  655-48",70.09697765371793,-5.502257051108334,"LM*","M7.5Ve","TIC 298907057|LAMOST J044023.56-053006.4|Gaia DR3 3200303384927512960|SIPS J0440-0530|2MUCD 10316|2MASS J04402325-0530082|2MASSI J0440232-053008|CNS5 1165|LP  655-48|NLTT 13728|USNO-B1.0 0844-00044961|[FS2003] 0212|1RXS J044022.8-053020|[B2006] J044023.2-053008|DENIS J044023.1-053009|WISEA J044023.50-053006.7|Gaia DR2 3200303384927512960",17.79
"CNS5 117","V* DY Psc",6.1026322531499995,-1.9722095588899993,"BY*","M9.5V","TIC 244167275|WISE J002424.58-015818.4|Gaia DR3 2541756977144595712|CNS5 117|2MUCD 10018|2MASS J00242463-0158201|2MASSI J0024246-015819|NLTT  1261|USNO-B1.0 0880-00006910|V* DY Psc|[RHG95]  3810|PLX   65.11|[B2006] J002424.6-015820|WISEA J002424.57-015818.4|BRI B0021-0214|BRI B0021-02|Gaia DR2 2541756977144595712",19.42
"CNS5 1172","HD  29697",70.32856338126459,20.901513035391943,"BY*","K4V","TIC 118820774|StKM 2-376|GJ 174|HIP 21818|Gaia DR3 3411339626674506624|2MASS J04411888+2054058|PLX 1039|LSPM J0441+2054|TYC 1279-1854-1|ASCC  750255|1RXS J044119.0+205410|2RE J044119+205353|2RE J0441+205|AG+20  433|BD+20   802|CNS5 1172|Ci 18  605|G   8-51|G  85-4|GC  5699|GCRV 55316|GEN# +1.00029697|HD  29697|HIC  21818|IRAS 04383+2048|LTT 11486|NLTT 13741|PPM  93689|RE J044117+205347|RE J0441+205|SAO  76708|SKY#  7279|SV* SVS  2560|UBV M  10272|V* V834 Tau|YZ  20  1492|YZC 25  1492|[FS2003] 0213|[GKL99] 126|USNO-B1.0 1109-00056264|PLX 1039.00|2EUVE J0441+20.9|EUVE J0441+20.9|RX J0441.3+2053|ASAS J044119+2054.1|WISEA J044118.70+205402.8|UCAC4 555-010645|Gaia DR1 3411339622378394624|uvby98 100029697|WEB  4195|Gaia DR2 3411339626673664000|** LWR    5A|WDS J04413+2054A",7.985
"CNS5 1176","PM J04429+2128",70.73275567761,21.47304307355,"PM*","M3.5V","TIC 397356212|WISEA J044255.88+212824.1|LAMOST J044255.90+212824.7|Gaia DR3 3411398347466374144|CNS5 1176|UCAC3 223-23449|UCAC4 558-011033|2MASS J04425586+2128230|WISE J044255.87+212824.2|PM J04429+2128|Gaia DR2 3411398347466374144|Karmn J04429+214",11.93
"CNS5 1177","HD 285968",70.73239591997876,18.958165540845552,"PM*","M2.5V","TIC 397354290|GJ 176|HIP 21932|Gaia DR3 3409711211681795584|AP J04425581+1857285|2MASS J04425581+1857285|PLX 1046|LSPM J0442+1857|ASCC  838914|UCAC2  38384336|USNO-B1.0 1089-00054746|BD+18   683|CNS5 1177|Ci 20  303|G  85-9|G  83-32|G   8-55|GCRV  2763|GEN# +1.00285968|GEN# +0.01800683|HD 285968|HIC  21932|JP11  3797|LFT  372|LHS   196|LTT 11495|MCC 107|NLTT 13785|PM 04400+1853|Ross   33|TYC 1275-2034-1|UBV    4524|UBV M    869|VVO 203|Zkh  64|[HFE83]  320|[RHG95]   817|PLX 1046.00|IRAS 04399+1852|AKARI-IRC-V1 J0442561+185721|Gaia DR2 3409711211681795584|WISEA J044256.24+185718.0|UCAC4 545-010524|PM J04429+1857|Gaia DR1 3409711211297795584|WEB  4214|Karmn J04429+189|1RXS J044254.6+185718",9.951
"CNS5 1198","*  58 Eri",71.90121542891,-16.93445568682,"BY*","G2.5IV-V","TIC 117979951|GJ 177|HIP 22263|Gaia DR3 2980492387558410112|2MASS J04473628-1656041|PLX 1070|V* IX Eri|GSC 05892-01953|NSV 16168|IRAS 04453-1701|*  58 Eri|BD-17   954|CNS5 1198|GC  5843|GCRV  2813|GEN# +1.00030495|HD  30495|HIC  22263|HR  1532|JP11   927|LTT  2088|NLTT 13953|PPM 214826|RBS   587|SAO 149888|SKY#  7440|SPOCS  226|TD1  3566|UBV    4601|UBV M  10339|YZ 107  1319|uvby98 100030495|PLX 1070.00|1RXS J044736.3-165608|2EUVE J0447-16.9|EUVE J0447-16.9|TYC 5892-1953-1|WISEA J044736.40-165602.0|WEB  4286|Gaia DR2 2980492387558410112",5.5
"CNS5 12","L  362-29",1.1518230611379165,-40.73413337842029,"PM*","M4V","TIC 120459870|GJ 1001|Gaia DR3 4996141155411983744|CNS5 12|GEN# +9.85988102|L  362-29|LFT    3|LHS   102|LP  988-102|LTT    20|PM 00022-4058|[RHG95]     3|2MASS J00043643-4044020|PLX 5815.01|WDS J00046-4044A|** ERO    1A|GJ 1001 A|WISEA J000437.07-404418.8|GCRV 26224|PM J00046-4044|UCAC4 247-000085|Gaia DR2 4996141155411983744|NLTT   117|LEHPM 134",12.84
"CNS5 1208","* pi.03 Ori",72.46004668811875,6.961277950629445,"PM*","F6V","TIC 399665349|GJ 178|HIP 22449|Gaia DR3 3288921720025503360|2MASS J04495040+0657409|PLX 1077|LSPM J0449+0657|TYC   96-1462-1|ASCC 1010229|USNO-B1.0 0969-00046662|*   1 Ori|* pi.03 Ori|2RE J044951+065736|2RE J0449+065|BD+06   762|CCDM J04499+0657A|CNS5 1208|CSI+06   762  1|CSV 100411|Ci 20  306|FK5 1134|GC  5875|GCRV  2837|GEN# +1.00030652|HD  30652|HIC  22449|HR  1543|IDS 04444+0647 A|IRAS 04471+0652|IRC +10071|JP11   931|LTT 11517|N30 1028|NLTT 14011|NSV  1731|PMC 90-93   758|PPM 148020|RE J0449+065|RE J044950+065733|ROT   683|SAO 112106|SKY#  7512|SPOCS  230|SRS  31134|TD1  3592|UBV    4635|UBV M  10360|USNO 809|YZ   6  1810|Zkh  65|uvby98 100030652|SV* ZI   311|PLX 1077.00|1ES 0447+06.8|1RXS J044950.6+065736|2EUVE J0449+06.9|EUVE J0449+06.9|WDS J04498+0658A|RAVE J044950.4+065741|** STT  560A|NAME Tabit|WEB  4331|Gaia DR2 3288921720024442496",3.19
"CNS5 121","LP  881-64",6.184072878621667,-27.14035089794833,"**","M5.5/6Ve+M8.5Ve+M9/9.5V","TIC 340703996|1RXS J002446.5-270842|WISE J002444.13-270817.2|GJ 2005|Gaia DR3 2322561156529549440|CNS5 121|2MASS J00244419-2708242|2MASSI J0024442-270825|LHS  1070|LP  881-64|NLTT  1292|PM 00222-2726|[MBT64]  45|[RHG95]    83|PLX   66.01|[B2006] J002444.2-270824|** LEI    1|[GKL99] 17|PMSC 00197-2743|WISEA J002444.12-270817.1|UCAC3 126-1078|UCAC4 315-000491|DENIS J002444.1-270825|2MUCD 10019|Gaia DR2 2322561156528583040|LEHPM 558|WDS J00247-2653AB,C",15.338
"CNS5 1211","G  85-19",72.71219416103584,22.122647729536666,"PM*","M5V","TIC 18685916|GJ 1072|Gaia DR3 3412806512623627008|LSPM J0450+2207|UCAC2  39619543|2MASS J04505083+2207224|USNO-B1.0 1121-00071594|CNS5 1211|G  85-19|GEN# +9.80085019|LHS  1706|NLTT 14034|UBV M  53671|USNO 223|[RHG95]   832|PLX 1080.01|WISEA J045051.40+220717.1|UCAC4 561-012134|PM J04508+2207|Gaia DR2 3412806512623627008|Karmn J04508+221",15.23
"CNS5 1218","Wolf 1539",73.02388384018542,6.476552410052501,"PM*","M2V","TIC 450102450|StKM 2-391|GJ 179|HIP 22627|Gaia DR3 3288082758293022848|2MASS J04520573+0628356|PLX 1088.1|LSPM J0452+0628|ASCC 1010398|USNO-B1.0 0964-00048894|CNS5 1218|CSI+06-04494|G  83-37|G  84-15|G  82-52|GEN# +9.80082052|GEN# +6.10010179|HIC  22627|LTT 11525|NLTT 14088|Ross  401|UBV M  42931|Wolf 1539|[RHG95]   836|GSC 00096-00602|TYC   96-602-1|PLX 1088.10|WISEA J045205.83+062832.4|UCAC4 483-009091|PM J04520+0628|Gaia DR1 3288082753998763904|Gaia DR2 3288082758293022848|Karmn J04520+064",12.018
"CNS5 1221","G  96-6",73.14419841689374,40.70670755147639,"PM*","M5V","TIC 187391650|GJ 1073|Gaia DR3 200296663143599104|LSPM J0452+4042|UCAC2  45947978|2MASS J04523448+4042255|USNO-B1.0 1307-00106217|CNS5 1221|G  96-6|G  81-39|GEN# +9.80081039|LHS   198|NLTT 14072|PM 04491+4038|USNO 500|[RHG95]   835|PLX 1083.01|Gaia DR2 200296663138794880|WISEA J045235.67+404212.7|PM J04525+4042|Karmn J04525+407",13.4
"CNS5 1222","CD-56  1032B",73.37727251929,-55.85879562331,"PM*","M4Ve","TIC 220433364|GJ 2036 B|XMMSL2 J045330.4-555133|Gaia DR3 4776266798684508928|2E  1177|BPM 17965|CCDM J04535-5552B|CNS5 1222|RBS   600|[FS2003] 0224|[GKL99] 130|[RHG95]   842|CD-56  1032B|TYC 8513-952-2|2MASS J04533054-5551318|1ES 0452-55.9|1RXS J045330.2-555128|2E 0452.5-5556|WDS J04535-5551B|** LDS  131B|1XRS 04490-550|2RE J0453-555|2RE J045329-555121|H 0449-55|RE J0453-555|RE J045329-555136|RAVE J045330.5-555132|UCAC4 171-004893|PM J04535-5551W|Gaia DR2 4776266798684508928",13.92
"CNS5 1223","CD-56  1032A",73.38000638631,-55.86030637067001,"PM*","M3Ve","TIC 220433363|GJ 2036 A|Gaia DR3 4776266794388393472|CNS5 1223|Gaia DR1 4776266794388393472|PM J04535-5551E|UCAC4 171-004894|CD-56  1032A|BPM 17964|CCDM J04535-5552A|IDS 04515-5601 A|[GKL99] 129|[RHG95]   841|TYC 8513-952-3|WDS J04535-5551A|ASAS J045331-5551.5|** LDS  131A|2MASS J04533119-5551372|RAVE J045331.2-555137|Gaia DR2 4776266794388393472",10.804
"CNS5 1225","L  736-30",73.45824967757042,-17.773419240445,"PM*","M3V","TIC 246902275|StKM 2-394|GJ 180|HIP 22762|Gaia DR3 2979590513145784192|2MASS J04534995-1746235|PLX 1097|CNS5 1225|CSI-17-04516|HIC  22762|L  736-30|LFT  377|LHS  1712|LP  776-27|LPM 198|LTT  2116|NLTT 14144|[RHG95]   838|PLX 1097.00|TYC 5903-680-1|WISEA J045350.27-174631.3|Gaia DR2 2979590513145784192|UCAC4 362-006590|PM J04538-1746|Gaia DR1 2979590577567440384|Karmn J04538-177",10.894
"CNS5 1237","2MASS J04574602-0207179",74.44175700000001,-2.121653,"BD*","T2","WISEA J045746.09-020719.2|2MASS J04574602-0207179|CNS5 1237|WISE J045746.08-020719.2",
"CNS5 1242","WISE J045853.89+643452.5",74.7232465,64.58043933333333,"BD*","T8.5","WISEA J045853.91+643452.6|WISE J045853.90+643451.9|CNS5 1242|WISEP J045853.90+643452.6|WDS J04589+6435AB|** GNO    1|WISEP J045853.89+643452.9|WISE J045853.89+643452.5|EQ J0458+6434",
"CNS5 1247","WISEP J050003.05-122343.2",75.01426158333334,-12.396743194444442,"BD*","T8","WISEA J050003.03-122343.1|CNS5 1247|WISEP J050003.05-122343.2|EQ J0500-1223|WISE J050003.04-122343.2",
"CNS5 125","* bet Hyi",6.4377931550222804,-77.25424611998604,"PM*","G0V","TIC 267211065|1RXS J002543.0-771532|GALAH 140708005801203|GJ 19|HIP 2021|Gaia DR3 4683897617110115200|PLX   69|* bet Hyi|CD-77    15|CPC 21.3    43|CPD-77    16|CSV 100028|Ci 20   31|FAUST   12|FK5   11|GC   503|GCRV   232|GEN# +1.00002151|HD   2151|HIC   2021|HR    98|IRAS 00235-7731|JP11   381|LFT   43|LHS     6|LPM  22|LTT   226|N30   76|NLTT  1346|NSV   161|CNS5 125|PM 00232-7732|PPM 366918|SAO 255670|SKY#   715|SPOCS   20|SV* ZI    21|TD1   212|UBV     309|UBV M   7368|Zkh   9|uvby98 100002151|PLX   69.00|TYC 9350-1626-1|2MASS J00254416-7715157|WEB   376|Gaia DR2 4683897617108299136",2.79
"CNS5 1250","2MASS J05002100+0330501",75.08754851975124,3.5139115611891665,"BD*","L4pec","TIC 459972249|Gaia DR3 3238449635184620672|2MUCD 20197|2MASS J05002100+0330501|CNS5 1250|WISEA J050021.02+033046.4|Gaia DR2 3238449635184620672",
"CNS5 1252","HD  32147",75.20416393843666,-5.7536734242200005,"PM*","K3+V","TIC 213041474|RAVE J050049.0-054513|GJ 183|HIP 23311|Gaia DR3 3211461469444773376|2MASS J05004896-0545117|PLX 1129|BD-05  1123|CNS5 1252|Ci 20  312|GC  6120|GCRV  2968|GEN# +1.00032147|HD  32147|HIC  23311|HR  1614|JP11   966|LFT  382|LHS   200|LPM 200|LTT  2142|NLTT 14351|PM 04583-0549|PPM 187577|SAO 131688|SKY#  7839|SPOCS  242|TYC 4762-1490-1|UBV    4830|UBV M  10550|UGP 102|USNO 811|YZ  95  1303|YZ   0  3867|Zkh  66|[AKS95]  328|uvby98 100032147|PLX 1129.00|Ci 18  648|AKARI-IRC-V1 J0500492-054521|IRAS 04583-0549|WISEA J050049.38-054524.5|NSV 16219|WEB  4529|Gaia DR2 3211461469444773376",6.21
"CNS5 1257","LP  656-38",75.48927554894667,-6.946215633749168,"PM*","M4.0Ve","TIC 43605290|TIC 471012347|GJ 3323|Gaia DR3 3187115498866675456|2MASS J05015746-0656459|8pc 163.00|CNS5 1257|LHS  1723|LP  656-38|NLTT 14393|[RHG95]   855|1RXS J050157.6-065641|ASAS J050157-0656.6|RAVE J050157.5-065646|WISEA J050157.03-065651.8|Gaia DR2 3187115498866675456|UCAC3 167-17522|UCAC4 416-007809|PM J05019-0656|Karmn J05019-069",12.196
"CNS5 1263","HD  32450B",75.61829843722624,-21.25659105281861,"PM*",,"** DON   91B|GJ 185 B|Gaia DR3 2974726136265625088|8pc 129.40B|BD-21  1051B|CNS5 1263|CSI-21  1051  3|Zkh  68|[RHG95]   857|WDS J05025-2115B|TYC 5912-481-2|HD  32450B",10.6
"CNS5 1264","HD  32450A",75.61862685681001,-21.256681956145552,"PM*","K7","** DON   91A|GJ 185 A|Gaia DR3 2974726131970829952|BD-21  1051A|8pc 129.40A|CNS5 1264|CSI-21  1051  2|Zkh  67|[RHG95]   856|WDS J05025-2115A|TYC 5912-481-1|HD  32450A",8.66
"CNS5 1267","WISEU J050305.68-564834.0",75.77004433333333,-56.81003624999999,"BD?",,"WISEU J050305.68-564834.0|CNS5 1267",
"CNS5 1269","LP  776-46",75.83368534555333,-17.373533704697223,"PM*","M3V","TIC 169304560|RAVE J050320.1-172224|GJ 3325|HIP 23512|Gaia DR3 2976850598890749824|2MASS J05032009-1722245|CNS5 1269|HIC  23512|L  736-49|LHS  1731|LP  776-46|LTT  2153|NLTT 14433|[RHG95]   859|L  736-44|PM 05011-1726|RAVE J050320.1-172225|WISEA J050319.91-172229.3|TYC 5904-325-1|Gaia DR2 2976850598890038784|UCAC4 364-006865|PM J05033-1722|Gaia DR1 2976850697671077376|Karmn J05033-173|LFT  385|** B 2583A|WDS J05033-1722A",11.735
"CNS5 1271","BD+52   911B",75.84714345928874,53.12884239995889,"PM*",,"TIC 259737049|Gaia DR3 266846631637525120|CNS5 1271|BD+52   911B|** WDK    1B|WDS J05034+5308B|2MASS J05032353+5307420",
"CNS5 1272","BD+52   911",75.8495915528575,53.128467790961395,"PM*","M0.5V","TIC 259737046|GJ 184|HIP 23518|Gaia DR3 266846631637524864|CNS5 1272|PLX 1123|LSPM J0503+5307|ASCC  245062|2MASS J05032402+5307412|USNO-B1.0 1431-00182463|BD+52   911|G 191-19|GCRV  2978|GEN# +0.05200911|HIC  23518|JP11   194|L 1743-2|LFT  383|LHS    28|LHS   201|LTT 11570|MCC 110|NLTT 14386|PM 04593+5305|TYC 3734-270-1|UBV    4813|VVO 168|[E38] 10|[RHG95]   854|PLX 1123.00|WISEA J050325.35+530726.9|UCAC4 716-036136|PM J05033+5307|Gaia DR1 266846627338158592|WEB  4580|Gaia DR2 266846631637524864|** WDK    1A|WDS J05034+5308A|Karmn J05034+531",10.059
"CNS5 1274","G  97-15",76.06149371141,11.056628350639999,"PM*","M5V","TIC 415508270|GALEX J050414.7+110325|GJ 3326|Gaia DR3 3292000966760477312|LSPM J0504+1103|NLTT 14445|2MASS J05041476+1103238|CNS5 1274|G  97-15|LTT 17736|[GKL99] 134|[RHG95]   863|[SC93b]  45|USNO-B1.0 1010-00048846|WISEA J050414.71+110325.9|UCAC4 506-009735|PM J05042+1103|Gaia DR2 3292000966760477312|Karmn J05042+110|1RXS J050415.6+110326",
"CNS5 1276","PM J05050+4414",76.27466517037,44.234368871719994,"PM*","M5.0V","TIC 261075502|WISE J050506.00+441403.4|Gaia DR3 205533465225342208|CNS5 1276|UPM J0505+4414|PM J05050+4414|UCAC4 672-033085|2MASS J05050591+4414037|Gaia DR2 205533465225342208|Karmn J05050+442",
"CNS5 1278","1RXS J050514.2-475625",76.31011844165,-47.93764618803001,"PM*",,"TOI-540|XMMSL2 J050514.2-475618|TIC 200322593|1RXS J050514.2-475625|WISE J050514.35-475615.3|Gaia DR3 4785886941312921344|CNS5 1278|2MASS J05051443-4756154|WISEA J050514.35-475615.3|UCAC4 211-005570|UPM J0505-4756|Gaia DR2 4785886941312921344",14.365
"CNS5 1279","* zet Dor",76.37773197557,-57.47270469412,"PM*","F9VFe-0.5","TIC 381949122|GJ 189|HIP 23693|Gaia DR3 4763906879239461632|2MASS J05053067-5728217|PLX 1164|* zet Dor|2RE J0505-572|2RE J050530-572812|CPC 20  1285|CPD-57   735|FK5  189|GC  6258|GCRV  3033|GEN# +1.00033262|GSC 08514-02291|HD  33262|HIC  23693|HR  1674|IRAS 05046-5732|JP11   992|N30 1092|CNS5 1279|PPM 334043|RBS   617|RE J050530-572853|RE J0505-572|ROT   732|SACS 110|SAO 233822|SKY#  7988|TD1  4094|TYC 8514-2291-1|UBV    4947|UBV M  10662|[FS2003] 0240|uvby98 100033262|PLX 1164.00|1ES 0504-57.5A|1ES 0504-57.5|1RXS J050529.1-572816|2EUVE J0505-57.4|EUVE J0505-57.4|RX J0505.6-5728|** SHY   22A|WDS J05055-5728A|WEB  4621|Gaia DR2 4763906879239461632",4.708
"CNS5 1281","CD-57  1079",76.44738360624,-57.55383203246,"PM*","K7Vk","TIC 381949148|RAVE J050547.4-573314|GJ 1075|HIP 23708|Gaia DR3 4763897739549071744|2MASS J05054736-5733138|BPM 18005|CD-57  1079|CPD-57   737|GSC 08517-00450|HIC  23708|IRAS 05049-5737|CNS5 1281|PPM 334046|TYC 8517-450-1|UGP 106|[RHG95]   878|GEN# -0.05700737|** SHY   22B|WDS J05055-5728B|UCAC4 163-005223|PM J05057-5733|Gaia DR1 4763897735255373184|Gaia DR2 4763897739549071744",8.932
"CNS5 1292","Wolf  230",76.95541786268959,17.982683217700277,"**","M2V","TIC 27137427|StKM 2-404|GJ 3333|Gaia DR3 3407150556091924736|WISE J050749.29+175855.1|2MASS J05074924+1758584|LSPM J0507+1758|USNO-B1.0 1079-00077922|CNS5 1292|G  97-20|G  85-41|LTT 11586|NLTT 14527|Wolf  230|[RHG95]   876|1RXS J050749.1+175904|WISEA J050749.30+175855.0|UCAC4 540-012565|PM J05078+1758|Gaia DR2 3407150556091924736|Karmn J05078+179|** CRC   48|WDS J05078+1759AB",11.809
"CNS5 1293","L  737-9",77.14601876524917,-18.17205247849917,"**","M3.5V","TIC 146538232|GJ 190|HIP 23932|Gaia DR3 2976507997939000064|PLX 1168|CNS5 1293|CSI-18-05064|GEN# +6.10010190|GEN# +9.85777036|HIC  23932|L  737-9|LFT  391|LHS   203|LP  777-36|LTT  2179|NLTT 14559|NSV  1848|TYC 5905-1336-1|UBV M  42933|[RHG95]   882|2MASS J05083500-1810178|PLX 1168.00|PM 05064-1813|IRAS 05063-1813|IRAS F05063-1813|AKARI-IRC-V1 J0508352-181029|WISE J050835.39-181033.6|** WSI   72|WDS J05086-1810AB|WISEA J050835.39-181033.6|UCAC4 360-007193|PM J05085-1810|Gaia DR1 2976508062359392512|Gaia DR2 2976507997939000064|Karmn J05085-181",10.302
"CNS5 1297","LSR J0510+2713",77.58369754967417,27.233851234142502,"Em*","M7V","TIC 69850453|Gaia DR3 3421840993510952192|2MASS J05102012+2714032|LSPM J0510+2714|USNO-B1.0 1172-00096972|LSR J0510+2713|CNS5 1297|WISEA J051019.92+271355.3|Gaia DR2 3421840993510952192",
"CNS5 1301","G  86-28",77.66466869738,29.779982075329997,"PM*","M3.0V","Gaia DR3 156150240492946816|LSPM J0510+2946|NLTT 14591|ASCC  660480|2MASS J05103956+2946479|USNO-B1.0 1197-00075969|CNS5 1301|G  86-28|WISEA J051039.31+294648.5|UCAC4 599-017163|PM J05106+2946|Gaia DR2 156150240492946816|Karmn J05106+297|TIC 69912980|** CRC    6A|WDS J05107+2947A",
"CNS5 1304","HD  33793",77.91912433145708,-45.01843381524333,"PM*","M1VIp","TIC 200385493|GJ 191|HIP 24186|Gaia DR3 4810594479418041856|PLX 1181|2MASS J05114046-4501051|AC2000 3505363|CD-45  1841|CPC  0  2725|CPD-44   612|Ci 20  319|GC  6369|GCRV  3085|GEN# +1.00033793|GSC 07594-01580|GSC 08078-01749|HD  33793|HIC  24186|TIC 471011170|IRAS 05100-4502|JP11  1005|LFT  395|LHS    29|LTT  2200|NLTT 14668|CNS5 1304|PM 05097-4500|SAO 217223|TYC 8078-1749-1|UBV    4985|UBV M  10717|V* VZ Pic|Zkh  69|[RHG95]   887|PLX 1181.00|NAME Kapteyn's star|Gaia DR2 4810594479417465600|NAME Kapteyn Star|PM J05116-4501|NAME Kapteyn's|uvby98 100033793|WEB  4691",8.853
"CNS5 1308","G  85-52",78.17594405385292,19.66565475149833,"PM*","M0V","TIC 467611768|StKM 2-406|GALEX J051242.3+193958|GJ 192|HIP 24284|Gaia DR3 3407785622839603968|2MASS J05124223+1939566|PLX 1176|LSPM J0512+1939|TYC 1291-566-1|ASCC  840190|UCAC2  38747519|USNO-B1.0 1096-00066521|CNS5 1308|CSI+19-05097|G  85-52|GEN# +6.10010192|HIC  24284|JP11  5113|LTT 11604|NLTT 14671|[RHG95]   888|vMa 1-17|PLX 1176.00|WISEA J051242.41+193958.9|UCAC4 549-013316|PM J05127+1939|Gaia DR1 3407785622839603968|Gaia DR2 3407785622839603968|Karmn J05127+196",10.746
"CNS5 1310","2MASS J05131727+0608190",78.321983,6.138618,"BD*","T6.5","TIC 408138154|CNS5 1310|WISEP J051317.28+060814.7|EQ J0513+0608|WISE J051317.27+060814.7|WISEA J051317.27+060814.5|2MASS J05131727+0608190",
"CNS5 1318","* alf Aur",79.17232794433404,45.99799146983673,"SB*","G3III:","TIC 368326352|GJ 194|GJ 194 A|GJ 194 B|HIP 24608|CNS5 1318|CABS  51|PLX 1187|SBC9 306|LSPM J0516+4559|ASCC  317037|2MASS J05164138+4559525|* alf Aur|*  13 Aur|2E 0513.0+4556|2E  1239|2RE J051640+455955|2RE J0516+455|AAVSO 0509+45|ADS  3841 AP|AG+45  512|BD+45  1077|CCABS  42|CCDM J05168+4559AP|CEL    586|CSI+45  1077  1|CSV 100460|Ci 20  321|FK5  193|GC  6427|GCRV  3121|H 0513+45|HD  34029|HIC  24608|HR  1708|IDS 05093+4554 AP|IRAS 05130+4556|TIC 471011465|IRC +50139|JP11  1010|LTT 11619|N30 1121|NLTT 14766|NSV  1897|PMC 90-93   139|PPM  47925|RAFGL  713|RE J051640+455929|RE J0516+455|SAO  40186|SBC7   214|SKY#  8333|SV* ZI   360|TD1  4244|UBV    5009|VVO 236|YPAC  23|[HFE83]  366|USNO-B1.0 1359-00140245|1E 051259+4556.7|1RXS J051642.2+460001|2EUVE J0516+45.9|EUVE J0516+45.9|RX J0516.7+4559|WDS J05167+4600Aa,Ab|TYC 3358-3141-1|PMSC 05093+4553AB|** ANJ    1|** FRH    1A|WDS J05167+4600A|CSI+45-05130|[FS2003] 0255|NAME Capella|uvby98 100034029|WEB  4762|GEN# +1.00034029",0.08
"CNS5 1322","CD-35  2213",79.34544806791,-35.36518320825999,"LM*","M4Ve","TIC 77957301|Gaia DR3 4822636399484228224|CNS5 1322|2MASS J05172292-3521545|EUVE J0517-35.3|1RXS J051723.3-352152|2RE J051724-352221|2RE J0517-352|L  449-1|RBS   636|RE J0517-352|RE J051722-352254|[FS2003] 0256|CD-35  2213|UCAC3 110-14364|UCAC4 274-006404|C*  315|CGCS  908|WISEA J051722.71-352156.4|WDS J05174-3522AB|** TSN    1|Gaia DR2 4822636399484228224|NLTT 14841|1eRASS J051722.5-352159",11.69
"CNS5 1323","G  96-29A",79.34942658766083,45.8397021349925,"PM*","M2.5V","TIC 368483044|GJ 195 A|G  96-29A|Gaia DR3 211810233512673792|CNS5 1323|PLX 1193|LSPM J0517+4550|NLTT 14788|ASCC  317074|2MASS J05172386+4550229|AC +45   217|ADS  3841 H|AG+45  515|CCDM J05168+4559H|CSI+45-05137  2|CSI+45  1077  8|Ci 20  323|Furuhjelm  III-1357|GCRV  3130|LTT 11622|PPM  47938|UBV    5010|VVO 237|[RHG95]   895|WDS J05167+4600H|PMSC 05093+4553H|** ST    3H|2XMMi J051724.1+455019|PM J05173+4550|NAME Capella H|PLX 1193.00A|WEB  4770|PPMX J051723.8+455022|Gaia DR2 211810233512673792",
"CNS5 1324","G  96-29B",79.34980176405917,45.838694513913346,"PM*","M4:","TIC 368483043|GJ 195 B|Gaia DR3 211810233512673920|CNS5 1324|ADS  3841 L|CCDM J05168+4559L|IDS 05103+4544 L|NAME Capella L|VVO 238|[RHG95]   896|WDS J05167+4600L|** ST    3L|PMSC 05093+4553L|2MASS J05172394+4550198|PLX 1193.00B|Gaia DR2 211810233512673920|G  96-29B",
"CNS5 1332","* lam Aur",79.78531437463376,40.09905141137223,"PM*","G1.5IV-VFe-1","TIC 409104974|IDS 05121+4001 A|GJ 197|HIP 24813|Gaia DR3 188771135583573504|AP J05190848+4005565|2MASS J05190848+4005565|* lam Aur|PLX 1199|LSPM J0519+4005|ASCC  394559|USNO-B1.0 1301-00122816|*  15 Aur|ADS  3886 A|AG+40  608|BD+39  1248|CCDM J05192+4007A|CSI+39  1248  1|Ci 20  326|CNS5 1332|FK5 1145|GC  6494|GCRV  3155|GEN# +1.00034411|HD  34411|HIC  24813|HR  1729|JP11  1022|LFT  403|LHS  1753|LTT 11625|N30 1135|NLTT 14837|PMC 90-93   767|PPM  47977|ROT   755|SAO  40233|SKY#  8408|SPOCS  256|TD1  4327|UBV    5041|UBV M  10785|uvby98 100034411|PLX 1199.00|WDS J05191+4006A|TYC 2900-2157-1|AKARI-IRC-V1 J0519087+400551|IRAS 05156+4003|** STF 5003A|WISEA J051909.51+400547.6|WEB  4798|Gaia DR2 188771135583573504",4.71
"CNS5 1338","2MASS J05212615+1025328",80.358986,10.425799,"BD*","T7.5","TIC 443763158|CNS5 1338|WISE J052126.29+102528.4|2MASS J05212615+1025328|WISEA J052126.30+102528.3",
"CNS5 1339","UGPS J052127.27+364048.6",80.36457887499999,36.678112999999996,"BD*","T8.5","CNS5 1339|UGPS J052127.27+364048.6",
"CNS5 1344","2MASS J05233822-1403022",80.90926509703,-14.050560488399999,"BD*","L2.5","TIC 442929628|Gaia DR3 2985035874544160384|2MUCD 10390|2MASS J05233822-1403022|2MASSI J0523382-140302|CNS5 1344|USNO-B1.0 0759-00062850|[B2006] J052338.2-140302|WISEA J052338.30-140300.3|Gaia DR2 2985035874544160384",
"CNS5 1358","Ross   41",82.00063103388375,9.643932212503609,"PM*","M3.5V","TIC 365779699|HIP 25578|Gaia DR3 3338097377577012480|CNS5 1358|TIC 471011469|WISEA J052800.01+093830.2|TYC  704-495-1|G 102-3|PM J05280+0938|UCAC4 499-012461|2MASS J05280015+0938382|PLX 1238|LSPM J0528+0938|ASCC 1012910|USNO-B1.0 0996-00073677|CSI+09-05253|Ci 20  329|G  97-42|GJ 203|GEN# +6.10010203|GEN# +9.80097042|GSC 00704-00495|HIC  25578|LFT  411|LHS  1761|LTT 11651|NLTT 15107|Ross   41|UBV M  42934|USNO 419|Zkh  70|[RHG95]   919|PLX 1238.00|Gaia DR2 3338097377577012480|Karmn J05280+096",12.443
"CNS5 1361","HD  36003",82.10873140132958,-3.4995552580183333,"PM*","K5V","TIC 50587969|MCC 463|GJ 204|HIP 25623|Gaia DR3 3210731015768096000|2MASS J05282613-0329576|PLX 1242|BD-03  1110|CNS5 1361|CCDM J05284-0331A|Ci 20  330|DO  1120|G  99-12|GC  6757|GCRV  3300|GEN# +1.00036003|HD  36003|HIC  25623|IDS 05235-0333 A|IRAS 05259-0332|LFT  412|LHS  1763|LPM 214|LTT  2275|NLTT 15135|PM 05260-0332|PPM 188091|SAO 132145|SKY#  8747|UBV    5237|VVO 239|Wolf 1449|YZ  93  1574|YZC 17  1574|[SLO58] 14|uvby98 100036003|PLX 1242.00|LAL 10299|[KSP2003] J052826.31-032956.2|WDS J05284-0330A|TYC 4757-1577-1|UGP 115|WISEA J052825.91-033010.9|Gaia DR1 3210731011470628608|WEB  4971|Gaia DR2 3210731015767419520",7.642
"CNS5 137","LP  349-25",6.983357099422916,22.325732065143338,"SB*","M8Ve","TIC 411533111|Gaia DR3 2799992744809482112|GAT 1368|LSPM J0027+2219|USNO-B1.0 1123-00007537|2MUCD 10022|2MASS J00275592+2219328|2MASSI J0027559+221932|2MASSW J0027559+221932|CNS5 136|CNS5 137|LP  349-25|NLTT  1470|WDS J00279+2220AB|** FRV    1|WISEA J002756.30+221930.5|Gaia DR2 2799992744809482112",
"CNS5 1375","HD  36395",82.8641491050671,-3.6772288901391654,"PM*","M1.5Ve","TIC 50726077|AP J05312734-0340356|MCC 9|StKM 2-412|GJ 205|HIP 25878|Gaia DR3 3209938366665770752|8pc 175.72|PLX 1255|1RXS J053127.0-034013|BD-03  1123|CNS5 1375|CCDM J05314-0341A|CSI-03  1123  1|CSV   6182|Ci 20  334|DO  1150|G  99-15|GC  6836|GCRV  3349|GEN# +1.00036395|GSC 04770-00574|HD  36395|HIC  25878|IDS 05264-0341 A|IRAS 05289-0342|JP11  1127|LFT  416|LHS    30|LPM 216|LTT  2293|NLTT 15215|NSV  2075|PM 05289-0341|PPM 188143|SAO 132211|SKY#  8855|SV* WR    69|UBV    5309|UGP 117|USNO 812|VVO 242|Wolf 1453|YZ  93  1611|YZC 17  1611|Zkh  71|[RHG95]   930|[SLO58] 19|uvby98 100036395|PLX 1255.00|2EUVE J0531-03.6|EUVE J0531-03.6|[KSP2003] J053127.17-034032.6|WDS J05314-0336A|TYC 4770-574-1|2MASS J05312734-0340356|WISEA J053127.91-034059.8|UCAC4 432-009930|Gaia DR1 3209938366665770752|WEB  5024|Gaia DR2 3209938366665770752|PM J05314-0340|Karmn J05314-036",7.968
"CNS5 1376","Ross   42",83.06106878952,9.820813211489998,"PM*","M4Ve","TIC 200525363|GJ 206|HIP 25953|Gaia DR3 3338162729799839104|2MASS J05321467+0949150|PLX 1259|LSPM J0532+0949|ASCC 1013180|USNO-B1.0 0998-00072972|2E  1294|2RE J053216+094921|2RE J0532+094|CNS5 1376|CSI+09-05295|CSV   6183|G  97-47|G 102-9|GCRV  3360|GEN# +6.10010206|GEN# +9.80097047|HIC  25953|LTT 11670|NLTT 15233|RE J0532+094|RE J053216+094929|Ross   42|SV* WR    13|UBV M  42935|V* V998 Ori|[GKL99] 142|[RHG95]   933|PLX 1259.00|1ES 0529+09.7|1RXS J053214.6+094923|2E 0529.5+0947|TYC  705-228-1|WISEA J053214.52+094912.7|StKM 2-413|UCAC4 500-013202|PM J05322+0949|Gaia DR1 3338162725508646528|WEB  5050|Gaia DR2 3338162729799839104",11.529
"CNS5 1381","1RXS J053328.4-425713",83.36682280596,-42.95570770536,"LM*","M4.0Ve","TIC 302962949|Gaia DR3 4805600119646735616|CNS5 1381|RBS   661|[FS2003] 0283|2MASS J05332802-4257205|1RXS J053328.4-425713|RAVE J053328.0-425721|** SYU    7|WDS J05335-4257AB|SCR J0533-4257|Gaia DR2 4805600119646735616",
"CNS5 1388","Ross   46",83.71714736244249,13.879641786005557,"PM*","M3V","TIC 52373734|GJ 3356|Gaia DR3 3341624061123288448|2MASS J05345212+1352471|LSPM J0534+1352|ASCC  924643|UCAC2  36594641|USNO-B1.0 1038-00062665|CNS5 1388|G  97-54|G 102-16|LTT 11684|NLTT 15307|Ross   46|[RHG95]   941|PLX 1268.03|WISEA J053452.03+135242.6|UCAC4 520-013560|PM J05348+1352|Gaia DR2 3341624061123288448|Karmn J05348+138",
"CNS5 1393","V* V2689 Ori",84.12912707888,11.32786875939,"RS*","K6V","TIC 436248822|MCC 464|StKM 2-419|GES J05363097+1119395|GJ 208|HIP 26335|Gaia DR3 3339921875389105152|2MASS J05363099+1119401|2RE J053634+111836|2RE J0536+111|AG+11  546|BD+11   878|CNS5 1393|GCRV 56437|GEN# +1.00245409|GSC 00709-00063|HD 245409|HIC  26335|PPM 121171|RE J053634+111834|RE J0536+111|SAO  94695|TYC  709-63-1|VVO  38|YZ  11  1712|[RHG95]   944|PLX 1281.01|1RXS J053632.0+111935|V* V2689 Ori|ASAS J053631+1119.7|IRAS 05336+1117|AKARI-IRC-V1 J0536309+111940|ASAS J053631+1119.5|UCAC4 507-012838|PM J05365+1119|Gaia DR1 3339921875389105152|WEB  5189|Gaia DR2 3339921875389105152|Karmn J05365+113|** TOK  255A|WDS J05365+1120A",8.898
"CNS5 1394","PM J05366+1117",84.16025736045,11.29688368782,"PM*","M4.0Ve","TIC 436248798|Gaia DR3 3339914973377653760|CNS5 1394|UCAC3 203-28522|UCAC4 507-012851|2MASS J05363846+1117487|PM J05366+1117|Gaia DR2 3339914973377653760|Karmn J05366+112|** TOK  255B|WDS J05365+1120B",12.58
"CNS5 1395","CWISE J053644.83-305539.5",84.18665454166667,-30.92745880555555,"BD?",,"CWISEP J053644.82-305539.3|CWISE J053644.83-305539.5|CNS5 1395",
"CNS5 140","G  31-53",7.164436979247918,-6.663660877848334,"PM*","dM4.0","TIC 40082634|GJ 1012|Gaia DR3 2430731144829585280|PLX   79.0|CNS5 140|CSI-06-00262|G  31-53|G 158-85|GEN# +9.80031053|L  867-16|LFT   46|LHS  1084|LP  645-35|LPM  25|LTT   254|NLTT  1515|PM 00261-0656|UBV M  42310|[RHG95]    89|2MASS J00283948-0639481|PLX   77.01|WISEA J002839.22-063957.7|Gaia DR2 2430731144829585280|GCRV 26240|UCAC4 417-000584|PM J00286-0639|Karmn J00286-066",12.23
"CNS5 1405","LSR J0539+4038",84.85335211981042,40.64523209132416,"Em*","M8.0Ve","TIC 239097694|AP J05392474+4038437|Karmn J05394+406|Gaia DR3 191109281417914880|LSPM J0539+4038|USNO-B1.0 1306-00141388|2MASS J05392474+4038437|CNS5 1405|LSR J0539+4038|Gaia DR2 191109281417914880|WISEA J053925.39+403834.1",17.0
"CNS5 1406","SIPS J0539-0059",84.96668348975209,-0.9837475256533333,"BD*","L5V","TIC 11299199|WISE J053952.10-005858.1|Gaia DR3 3217523558083415040|2MASS J05395200-0059019|CNS5 1406|SIPS J0539-0059|EQ J053951.9-005901|SDSS J053951.99-005902.0|WISEA J053952.11-005858.1|Gaia DR2 3217523558083415040|EQ J0539-0059",
"CNS5 1408","G 100-28",85.10721300000002,24.8021842,"Er*","M7V","TIC 75326630|Gaia DR3 3428755925216353280|AP J05402570+2448090|GJ 1083|2MASS J05402570+2448090|LSPM J0540+2448|UCAC2  40479757|USNO-B1.0 1148-00083568|CNS5 1408|G 100-28|LTT 17846|NLTT 15441|USNO 307|V* V780 Tau|[GKL99] 146|[RHG95]   955|PLX 1295.01|WISEA J054025.79+244804.2|UCAC4 575-018322|PM J05404+2448|WDS J05404+2448AB|** WNO   45|Gaia DR2 3428755925216353152",14.94
"CNS5 1412","HD  37394",85.33473200017959,53.481058005190555,"BY*","K0V","TIC 311063391|GJ 211|HIP 26779|Gaia DR3 263916708025623680|CNS5 1412|2MASS J05412033+5328523|PLX 1289|LSPM J0541+5328|ASCC  246596|V* V538 Aur|GSC 03749-01334|NSV 16618|2RE J0541+532|2RE J054119+532931|AG+53  486|BD+53   934|CCDM J05413+5329A|CSI+53   934  1|Ci 20  341|GC  7064|GCRV  3500|GEN# +1.00037394|HD  37394|HIC  26779|HR  1925|IDS 05332+5326 A|IRAS 05373+5327|JP11  1201|LFT  423|LHS  1774|LTT 11694|NLTT 15439|PMC 90-93  4855|PPM  29972|RE J0541+532|RE J054117+532855|SAO  25319|SKY#  9285|SPOCS  276|TYC 3749-1334-1|UBV    5672|UBV M  11289|YZ  53  2262|[GKL99] 145|uvby98 100037394|USNO-B1.0 1434-00163923|1RXS J054122.0+532903|WDS J05413+5329A|** ENG   22A|** BUP   82A|WISEA J054120.37+532846.5|WEB  5281|Gaia DR2 263916708025623680",6.23
"CNS5 1413","HD 233153",85.37804449769627,53.489802945716114,"PM*","M1.0V","TIC 311064351|AP J05413073+5329239|MCC 465|StKM 2-420|GJ 212|HIP 26801|Gaia DR3 263916742385357056|CNS5 1413|2MASS J05413073+5329239|PLX 1291|LSPM J0541+5329|ASCC  246599|AG+53  487|BD+53   935|CCDM J05413+5329B|CSI+53   935  1|Ci 20  342|G 191-51|GCRV 56493|GEN# +1.00233153|HD 233153|HIC  26801|IDS 05332+5326 B|TIC 471011475|LFT  424|LHS  1775|LTT 11696|NLTT 15446|PPM  29975|SAO  25321|UBV M  27785|UBV    5649|VVO  54|YZ  53  2265|Zkh  72|[E38] 35|[RHG95]   956|vMa 2-6|USNO-B1.0 1434-00163962|PLX 1291.00|WDS J05413+5329B|TYC 3749-996-1|** ENG   22B|UCAC4 718-041369|PM J05415+5329|WEB  5285|Gaia DR2 263916742385357056|Karmn J05415+534",
"CNS5 1415","Ross   47",85.53861536337459,12.489334676545553,"BY*","M4V","TIC 247463344|AP J05420897+1229252|GJ 213|HIP 26857|Gaia DR3 3340477717172813568|PLX 1305|LSPM J0542+1229|ASCC  925208|UCAC2  36065524|2MASS J05420897+1229252|USNO-B1.0 1024-00080397|2E  1517|8pc 172.78|CNS5 1415|CSI+12-05392|Ci 20  344|G 102-22|GCRV  3530|GEN# +6.10010213|GSC 00722-00455|HIC  26857|TIC 471011171|JP11  5114|JP11  5183|JP11  5116|JP11  5115|LFT  425|LHS    31|LTT 11704|NLTT 15489|PM 05392+1229|Ross   47|TYC  722-455-1|V* V1352 Ori|Zkh  73|[RHG95]   959|PLX 1305.00|1E 0539.2+1228|1RXS J054208.6+122925|2E 0539.2+1228|GAT  893|WISEA J054210.65+122905.4|PM J05421+1229|WEB  5291|Gaia DR2 3340477717172813568|Karmn J05421+124",11.509
"CNS5 1416","LP  658-44",85.55290311838041,-5.465433700863611,"PM*","M5.5V","GJ 2045|Gaia DR3 3023121827755777280|TIC 11455890|CNS5 1416|LHS  1777|LP  658-44|NLTT 15499|TIC 471012323|USNO 814|[RHG95]   960|2MASS J05421271-0527567|PLX 1310.01|WISEA J054212.58-052745.5|Gaia DR2 3023121827755777280",15.358
"CNS5 142","LP   12-382",7.702109200000001,77.7093325,"PM*",,"TIC 428740087|CNS5 142|Gaia DR3 564184743637112832|NLTT  1619|2MASS J00304867+7742338|USNO-B1.0 1677-00004985|LSPM J0030+7742|UCAC4 839-000805|Gaia DR2 564184743637112832|LP   12-382",
"CNS5 1425","V* AK Lep",86.11056968146708,-22.421837361250283,"BY*","K2.5V(k)","TIC 93279196|GJ 216 B|Gaia DR3 2964001014514075520|2MASS J05442655-2225184|V* AK Lep|GSC 05930-02196|2RE J054425-222505|2RE J0544-222|ADS  4334 B|BD-22  1210|CNS5 1425|CCDM J05445-2226B|CD-22  2437|CPD-22   885|Ci 20  349|GC  7196|GCRV  3566|GEN# +1.00038392|HD  38392|HR  1982|IDS 05403-2229 B|LTT  2363|NLTT 15558|PPM 249306|SAO 170757|SKY#  9410|SV* VB     1|TYC 5930-2196-1|UBV    5896|UBV    5898|UBV M  11472|YZ 112  2925|Zkh  75|uvby98 100038392|WDS J05445-2227B|IRAS C05423-2227|WISEA J054426.31-222522.1|* gam Lep B|WEB  5327|Gaia DR2 2964001014514075520",6.15
"CNS5 1427","* gam Lep",86.115794237325,-22.448385487848334,"PM*","F6V","GJ 216 A|HIP 27072|Gaia DR3 2964000159821218432|PLX 1316|* gam Lep|*  13 Lep|ADS  4334 A|BD-22  1211|CNS5 1427|CCDM J05445-2226A|CD-22  2438|CPD-22   886|Ci 20  350|FK5  217|GC  7197|GCRV  3567|GEN# +1.00038393|HD  38393|HIC  27072|HR  1983|IRC -20078|JP11  1252|LTT  2364|N30 1232|NLTT 15560|PMC 90-93   155|PPM 249307|ROT   920|SAO 170759|SKY#  9411|SRS  30217|TD1  5288|UBV    5897|YZ 112  2927|Zkh  74|uvby98 100038393|WDS J05445-2227A|TYC 5930-2197-1|AKARI-IRC-V1 J0544276-222657|IRAS 05423-2228|IRAS F05423-2228|WISE J054427.84-222658.3|2MASS J05442780-2226538|WISEA J054427.57-222657.9|WEB  5328|Gaia DR2 2964000159820118400|TIC 93280676",3.6
"CNS5 1430","BD+62   780",86.45115129562792,62.2367737784111,"PM*","K7V","TIC 70658312|MCC 466|StKM 2-421|GJ 215|HIP 27188|Gaia DR3 283569928616960768|CNS5 1430|2MASS J05454821+6214132|PLX 1303.1|LSPM J0545+6214|TYC 4098-1836-1|ASCC  119891|USNO-B1.0 1522-00173768|BD+62   780|G 249-18|GCRV  3551|GEN# +0.06200780|HIC  27188|L 1812-1|LFT  428|LHS  1782|LTT 11713|NLTT 15533|VVO 307|[E38] 36|[RHG95]   961|PLX 1303.10|WISEA J054548.70+621404.5|UCAC4 762-034272|Gaia DR1 283569924319916416|WEB  5346|Gaia DR2 283569928616960768|PM J05458+6214",
"CNS5 144","2MASS J00310928+5749364",7.788697999999998,57.826797,"BD*","L9","TIC 320377477|CNS5 144|2MASS J00310928+5749364|WISE J003110.04+574936.3|PSO J007.7921+57.8267",
"CNS5 1446","EGGR 248",87.83117440384,-0.17252976471,"WD*","DQ8P","TIC 176670072|PSO J087.8315-00.1717|GJ 1086|Gaia DR3 3218697767783768320|LAMOST J055119.55-001018.6|2MASS J05511947-0010213|CNS5 1446|EGGR 248|G 106-4|G  99-37|GEN# +9.80099037|LTT 17876|NLTT 15714|UBV M  53729|USNO 504|WD 0548-00|WD 0548-001|PLX 1343.01|SDSS J055119.49-001020.6|Gaia DR2 3218697767783768320|SDSS J055119.47-001021.4",14.6
"CNS5 1455","WOH G 618",88.36022035772666,-71.56383041059361,"PM*","M6.0","Gaia DR3 4656782698309778432|CNS5 1455|WOH G 618|2MASS J05532643-7133502|WISEA J055326.47-713345.6|Gaia DR2 4656782698309778432|OGLE LMC194.6      41|WISE J055326.45-713345.7|TIC 31381302|AP J05532643-7133502",16.863
"CNS5 146","G 270-1",7.897552115281665,-5.870298726746112,"PM*","M3.5V","TIC 40104085|GJ 1013|Gaia DR3 2526862202360516224|PLX   87.0|CNS5 146|G 270-1|G 158-95|GEN# +9.80158095|LHS   113|NLTT  1691|PM 00290-0608|UBV M  53817|USNO 102|[RHG95]    91|2MASS J00313539-0552115|PLX   87.01|RAVE J003135.4-055212|Gaia DR2 2526862202360516224|WISEA J003135.65-055224.3|UCAC4 421-000676|PM J00315-0552|Karmn J00315-058",12.75
"CNS5 1460","HD  40307",88.51766875012,-60.02347027990001,"PM*","K2.5V","TIC 374859347|GJ 2046|HIP 27887|Gaia DR3 4758877919212831104|2MASS J05540421-6001245|CD-60  1303|CPC 20  1448|CPD-60   508|GC  7474|GSC 08892-01247|HD  40307|HIC  27887|IRAS 05534-6001|CNS5 1460|PPM 355061|SAO 249388|SKY#  9750|SPOCS  287|TYC 8892-1247-1|Gaia DR2 4758877919212831104|uvby98 100040307|GEN# +1.00040307",7.147
"CNS5 1464","* chi01 Ori",88.59576245541668,20.276172788333334,"SB*","G0V","TIC 114776214|GJ 222|HIP 27913|PLX 1354|SBC9 1535|LSPM J0554+2016|ASCC  755242|2MASS J05542300+2016344|USNO-B1.0 1102-00091548|* chi01 Ori|*  54 Ori|2E  1584|2RE J055423+201637|2RE J0554+201|AG+20  592|BD+20  1162|CNS5 1464|GAT 1261|GC  7419|GCRV  3663|GEN# +1.00039587|GSC 01320-02118|HD  39587|HIC  27913|HR  2047|IRAS 05514+2016|IRC +20126|JP11  1278|LTT 11743|NLTT 15782|PPM  95062|RE J0554+201|RE J055423+201609|ROT   942|SAO  77705|SKY#  9763|SPOCS  288|TD1  5547|TYC 1320-2118-1|UBV M  11584|UBV    6000|USNO 815|V* chi01 Ori|YZ  20  2042|Zkh  78|Zkh  79|PLX 1354.00|1RXS J055423.4+201630|2E 0551.4+2016|2EUVE J0554+20.2|EUVE J0554+20.2|uvby98 100039587|WEB  5465|Gaia DR2 3399063235753901952|WISE J055422.93+201634.9|Gaia DR3 3399063235755057792",4.4
"CNS5 1470","EGGR  45",88.78971036312959,-4.168629261394723,"WD*","DZ11","TIC 39296409|PSO J088.7916-04.1769|GJ 223.2|GJ 9193|Gaia DR3 3022956969731332096|EGGR  45|8pc 155.00|CNS5 1470|CSI-04-05527|G 106-12|G  99-44|GEN# +9.80099044|LHS    32|LP  658-2|NAME HL 4|NLTT 15811|PM 05526-0409|UBV    6031|UBV M  43006|USNO  20|USNO 702|WD 0552-002|WD 0552-041|Zkh  80|PLX 1363.02|Gaia DR2 3022956969731332096|2MASS J05550948-0410042|WISEA J055509.90-041031.2",14.45
"CNS5 1471","LP  837-53",88.930058747045,-26.856503747158065,"PM*","M2.5V","TIC 33105293|HIP 28035|Gaia DR3 2910909931633597312|2MASS J05554318-2651233|CNS5 1471|HIC  28035|LP  837-53|NLTT 15833|TYC 6499-2-1|RAVE J055543.2-265123|WISEA J055543.43-265123.4|UCAC4 316-008860|PM J05557-2651|Gaia DR1 2910909927336246272|Gaia DR2 2910909931633597312",10.816
"CNS5 1475","EGGR 290",89.10608328686959,5.363456437908611,"WD*","DA8P","TIC 282080245|GJ 1087|Gaia DR3 3320184202856435840|LSPM J0556+0521|NLTT 15834|USNO-B1.0 0953-00073703|2MASS J05562547+0521486|8pc 125.00|CNS5 1475|EGGR 290|G  99-47|G 102-40|G 106-15|GEN# +9.80099047|LHS   212|LTT 17891|PM 05538+0522|UBV M  53730|USNO 224|V* V1201 Ori|WD 0553+05|WD 0553+053|Zkh  81|PLX 1366.01|WISEA J055625.14+052138.7|PM J05564+0521|UCAC4 477-014206|Gaia DR2 3320184202856027776",14.13
"CNS5 1479","LSR J0556+1144",89.23846951902374,11.742544775497777,"PM*","M5.5V","TIC 102286828|Gaia DR3 3342958387205080064|PM J05569+1144|2MASS J05565722+1144333|LSPM J0556+1144|USNO-B1.0 1017-00073034|CNS5 1479|LSR J0556+1144|WISEA J055657.60+114429.6|Gaia DR2 3342958387205080064",
"CNS5 1488","2MASS J05591914-1404488",89.82994689556418,-14.080335253662499,"BD*","T4.5","TIC 317923609|Gaia DR3 2997171394834174976|2MASS J05591914-1404488|2MASSI J0559191-140448|2MASSW J0559191-140448|CNS5 1488|[B2006] J055919.1-140448|WISEP J055919.58-140452.6|WISEA J055919.59-140452.6|Gaia DR2 2997171394834174976|WISE J055919.58-140452.6",
"CNS5 1490","G 192-11",89.90729984372,58.59301184618,"PM*","M0.0V","TIC 53186913|GJ 3371|HIP 28368|Gaia DR3 269067920001221888|CNS5 1490|2MASS J05593774+5835351|LSPM J0559+5835|TYC 3762-1492-1|ASCC  180623|USNO-B1.0 1485-00159025|CCDM J05597+5835A|G 192-11|GSC 03762-01492|HIC  28368|IDS 05511+5833 A|NLTT 15854|V* EG Cam|[RHG95]   991|WDS J05599+5834A|** GIC   61A|StKM 2-429|WISEA J055937.75+583532.2|UCAC4 743-041273|PM J05596+5835|Gaia DR1 269067915704161792|Gaia DR2 269067920001221888|Karmn J05596+585",
"CNS5 1491","G 192-12",89.98201800545,58.57089135564,"PM*","M4.2V","TIC 53255031|GALEX J055955.6+583414|LAMOST J055955.68+583412.6|GJ 3372|Gaia DR3 269066953631488384|CNS5 1491|LSPM J0559+5834|ASCC  180633|2MASS J05595569+5834155|USNO-B1.0 1485-00159094|CCDM J05597+5835B|G 192-12|IDS 05511+5833 B|NLTT 15862|[GKL99] 152|[RHG95]   992|1RXS J055955.9+583413|WDS J05599+5834B|** GIC   61B|[SLS2012] PYC J05599+5834|WISEA J055955.68+583412.5|UCAC3 298-86230|UCAC4 743-041283|PM J05599+5834|Gaia DR2 269066953631488384|Karmn J05599+585",
"CNS5 1492","G  99-49",90.0146009238775,2.706553494371112,"PM*","M3.5Ve","TIC 282501711|AP J06000351+0242236|GJ 3379|Gaia DR3 3316364602541746048|LSPM J0600+0242|ASCC 1108823|UCAC2  32660403|2MASS J06000351+0242236|USNO-B1.0 0927-00097647|2RE J0600+024|2RE J060003+024237|8pc 186.20|CNS5 1492|G 106-17|G  99-49|GEN# +9.80099049|IRAS 05574+0242|LTT 17897|NLTT 15908|TYC  134-605-1|UBV M  53731|[GKL99] 154|[RHG95]   999|PLX 1383.02|2EUVE J0600+02.7|EUVE J0600+02.7|1RXS J060003.4+024227|WISEA J060003.72+024223.5|UCAC4 464-013699|PM J06000+0242|Gaia DR2 3316364602541746048|Karmn J06000+027|** CRC    7A|WDS J06001+0242A|WISE J060003.70+024223.3",11.31
"CNS5 1499","G 192-13",90.29602297717082,59.597190018169165,"PM*","M4.0V","TIC 322347050|AP J06011106+5935508|Karmn J06011+595|GJ 3378|Gaia DR3 999747822484300800|CNS5 1499|NLTT 15885|LSPM J0601+5935|2MASS J06011106+5935508|USNO-B1.0 1495-00160060|8pc 132.10|G 192-13|L 1813-21|LHS  1805|LP   86-137|LTT 11755|[RHG95]   998|PLX 1373.01|WISEA J060110.89+593540.3|PM J06011+5935|Gaia DR2 999747822484300800|LFT  443",
"CNS5 15","BD+44  4548",1.2953716620845834,45.78656707166278,"PM*","M2Ve","TIC 439946126|GJ 2|HIP 428|Gaia DR3 386655019234959872|CNS5 15|2MASS J00051079+4547116|LSPM J0005+4547|ASCC  296817|UCAC2  47247056|USNO-B1.0 1357-00002534|ADS    48 F|BD+44  4548|CCDM J00057+4548F|CSI+45  4408  6|Ci 20    4|G 171-39|GCRV 74937|GCRV    34|GEN# +0.04404548|HIC    428|LFT    6|LHS  1014|LTT 10011|MCC 216|NLTT   139|TYC 3246-1142-1|VVO 118|[RHG95]     7|WDS J00057+4549F|** STT  547F|PMSC 00002+4516F|WISEA J000511.75+454710.1|PM J00051+4547|WEB    67|Gaia DR2 386655019234959872|Karmn J00051+457",
"CNS5 1504","2MASS J06020638+4043588",90.52660399999999,40.733025,"BD*","T4.5","TIC 258139268|2MASS J06020638+4043588|CNS5 1504|WISEP J060206.60+404356.8|WISE J060206.60+404356.6",
"CNS5 1507","G 192-15",90.62164298146668,49.86559876027056,"PM*","M5.0V","TIC 467119250|GJ 3380|Gaia DR3 970354749937140736|CNS5 1507|LSPM J0602+4951|NLTT 15934|2MASS J06022918+4951561|USNO-B1.0 1398-00167162|G 192-15|GEN# +9.80192015|LHS  1809|USNO 599|[RHG95]  1004|PLX 1383.01|WISEA J060229.26+495147.2|PM J06024+4951|Gaia DR2 970354749937140736|Karmn J06024+498",
"CNS5 1508","LSR J0602+3910",90.62694462557626,39.182941238939165,"BD*","L1V","TIC 174821904|Gaia DR3 3457493517036545280|LSPM J0602+3910|USNO-B1.0 1291-00149255|2MASS J06023045+3910592|2MASSI J0602304+391059|CNS5 1508|LSR J0602+3910|[B2006] J060230.4+391059|2MUCD 50010|WISEA J060230.60+391053.3|Gaia DR2 3457493517036545280",
"CNS5 1513","V* AP Col",91.21728608352957,-34.55993734543028,"PM*","M5","TIC 160329609|Gaia DR3 2886233695250041216|SIPS J0604-3433|2RE J060450-343345|2RE J0604-343|CNS5 1513|GSC 07079-01500|L  523-55|LP  949-15|LTT  2449|RE J0604-343|RE J060447-343403|V* AP Col|[BTR99] J060452.0-343343|[FS2003] 0330|2MASS J06045215-3433360|1RXS J060452.1-343331|EUVE J0604-34.5|WISEA J060452.16-343332.2|UCAC4 278-009051|PM J06048-3433|Gaia DR2 2886233695250041216|NLTT 16040|** BWL   20A|WDS J06049-3434A",12.96
"CNS5 1517","2MASS J06073908+2429574",91.91258305247833,24.499109466049998,"BD*","L9","TIC 81192866|Gaia DR3 3426333598021539840|WISE J060738.65+242953.5|CNS5 1517|SDSS J060738.79+242954.4|2MASS J06073908+2429574|WISEP J060738.65+242953.4|WISEA J060738.65+242953.4|Gaia DR2 3426333598021539840",
"CNS5 1519","LP  838-16",91.93223497264,-25.74486194519,"PM*","M3","TIC 37354679|HIP 29052|Gaia DR3 2911981886751531648|2MASS J06074375-2544414|CNS5 1519|HIC  29052|LP  838-16|NLTT 16103|TYC 6496-1838-1|WISEA J060743.58-254443.6|UCAC4 322-009726|PM J06088-2530|Gaia DR1 2911981882453266176|Gaia DR2 2911981886751531648|PM J06077-2544",11.889
"CNS5 1525","* alf Men B",92.55735040883,-74.75333413662,"PM*","M3.5","Gaia DR3 5264749303457104384|HD  43834B|CNS5 1525|** EGN    5B|WDS J06102-7445B|* alf Men B|Gaia DR2 5264749303457104384",
"CNS5 1526","* alf Men",92.56030242653,-74.75304398106,"PM*","G7V","TIC 141810080|GJ 231|HIP 29271|Gaia DR3 5264749303462961280|2MASS J06101448-7445107|PLX 1468|FK5  239|* alf Men|CD-74   294|CPC 21.2   849|CPD-74   374|GC  7962|GCRV  3938|GEN# +1.00043834|HD  43834|HIC  29271|HR  2261|IRAS 06117-7444|JP11  1360|LTT  2490|N30 1336|NLTT 16264|CNS5 1526|PPM 369060|SAO 256274|SKY# 10355|SPOCS  295|UBV    6338|UBV M  11963|Zkh  86|uvby98 100043834|PLX 1468.00|TYC 9176-987-1|WISEA J061014.77-744513.1|WEB  5744|Gaia DR2 5264749303461634816|WISE J061015.03-744513.1|** EGN    5A|WDS J06102-7445A|2RXP J061014.3-744510|1RXS J061015.6-744524|NAME-IAU Hoerikwaggo",5.069
"CNS5 1527","G 222-11",92.58269504098334,82.1067551596511,"PM*","M2.5V","TIC 138421058|StKM 2-427|GJ 226|HIP 29277|Gaia DR3 1143321672882274560|CNS5 1527|PLX 1358|LSPM J0610+8206|TYC 4537-528-1|ASCC   20222|2MASS J06101978+8206256|USNO-B1.0 1721-00019662|AC +82  1111-0|AC +82  1111|CSI+82-05597|G 222-11|GCRV  3781|GEN# +6.10010226|GEN# +9.80222011|HIC  29277|LFT  445|LHS   215|LTT 11765|NLTT 15960|PM 05597+8208|UBV M  42937|USNO 506|Zkh  82|[RHG95]  1005|PLX 1358.00|WISEA J061020.00+820610.8|UCAC4 861-004392|PM J06103+8206|Gaia DR1 1143321702944557440|WEB  5746|Gaia DR2 1143321672882274560|Karmn J06103+821",
"CNS5 1528","HD  42581",92.64422889923625,-21.86462676470167,"PM*","M1V","TIC 124279525|MCC 471|HIP 29295|Gaia DR3 2940856402123426176|2MASS J06103462-2151521|PLX 1430|2E  1615|8pc 173.19A|BD-21  1377|CNS5 1528|CPD-21  1138|Ci 20  377|Ci 18  771|GCRV  3900|GEN# +1.00042581|GSC 05945-00765|HD  42581|HIC  29295|IRAS 06084-2150|JP11  1338|L  668-21|LFT  459|LHS  1827|LPM 230|LTT  2475|NLTT 16172|NSV  2863|PPM 249953|SAO 171334|TYC 5945-765-1|UBV M  11850|UBV    6238|VVO 206|YZ 111  2116|Zkh  85|[GKL99] 155|[RHG95]  1021|uvby98 100042581|PLX 1430.00|1RXS J061034.3-215154|2E 0608.4-2150|WDS J06106-2152A|** NAJ    1A|GJ 229|WISEA J061034.53-215200.3|StKM 2-430|Gaia DR2 2940856402123426176|UCAC4 341-011114|PM J06105-2151|Gaia DR1 2940856397828565760|WEB  5749|Karmn J06105-218",8.125
"CNS5 1529","HD  42581B",92.645,-21.866666666666667,"BD*","T6.5","GJ 229 B|8pc 173.19B|CNS5 1529|[B2006] J061035.1-215117|WDS J06106-2152B|** NAJ    1B|HD  42581B",
"CNS5 1532","L  380-8",92.72031612378957,-43.404904910597494,"PM*","M3.5V","TIC 231917352|GJ 1088|Gaia DR3 5571142580908768384|2MASS J06105288-4324178|APMPM J0611-4324|CNS5 1532|GEN# +9.86380078|IRAS 06094-4324|LFT  460|LHS  1831|LTT  2480|[RHG95]  1024|[SII2000] 191|RAVE J061052.9-432418|WISEA J061053.00-432410.0|GCRV 26241|PM J06108-4324|Gaia DR2 5571142580908768384|NLTT 16205|L  380-8|UCAC4 233-008523|WISE J061052.99-432410.2",12.23
"CNS5 1533","BD+10  1032",92.72834944312021,10.318054066352866,"**","M2.5V","TIC 229264027|MCC 236|GJ 228|HIP 29316|Gaia DR3 3329959136109041536|2MASS J06105481+1019056|PLX 1426|LSPM J0610+1019|NLTT 16165|ASCC  929101|USNO-B1.0 1003-00084521|BD+10  1032|CCDM J06109+1019AB|CSI+10  1032  1|Ci 20  375|CNS5 1533|G 102-53|G 105-16|GCRV  3895|HIC  29316|IDS 06054+1021 AB|JP11    41|LFT  458|LHS  1830|LTT 11799|Ross   79|UBV    6223|UBV M    414|VVO 188|WDS J06109+1020AB|** KAM    1|PM J06109+1019|WISEA J061054.84+101856.0|WEB  5757|Gaia DR2 3329959337967090048|GEN# +0.01001032",10.385
"CNS5 154","BD+66    34B",8.1232777146475,67.23438841151028,"PM*","M3V","TIC 420470815|GJ 22 B|Gaia DR3 527956488339113600|CNS5 154|ADS   433 B|ASCC   67257|2MASS J00322979+6714043|ADS   440 B|BD+66    34B|CCDM J00325+6714B|CSI+66    34  3|IDS 00263+6642 B|LFT   48|LHS   115|LTT 10179|NLTT  1708|Zkh  11|[RHG95]    93|LSPM J0032+6714S|WDS J00321+6715B|** VYS    2B|Gaia DR2 527956488339113600|TYC 4027-802-1|PMSC 00263+6642B",12.19
"CNS5 155","BD+66    34A",8.12294930668375,67.23587194625084,"**","M2V","TIC 420470817|TIC 608170820|GJ 22 A|GJ 22 C|Gaia DR3 527956488340229632|CNS5 155|TYC 4027-803-1|Gaia DR2 527956488339113472|WDS J00321+6715A|WDS J00321+6715Aa,Ab|** MCY    1|** VYS    2A|ADS   433 AC|ADS   440 AC|BD+66    34A|CCDM J00325+6714A|IDS 00263+6642 A|LTT 10178|2MASS J00322970+6714080|LSPM J0032+6714N|NLTT  1707|[RHG95]    92|PMSC 00263+6642Aab|PMSC 00263+6642A|LHS   114|Zkh  10|Zkh  12|PM J00324+6714|UCAC4 787-000993|V* V547 Cas|LFT   47",10.327
"CNS5 1557","LP  779-34",93.7999345536804,-16.437618018816387,"PM*","M4.0V","TIC 33937232|Gaia DR3 2944727125434832768|2MASS J06151198-1626152|CNS5 1557|LP  779-34|NLTT 16297|WISEA J061511.95-162619.7|UCAC4 368-012532|PM J06151-1626|Gaia DR2 2944727125434832768|Karmn J06151-164",
"CNS5 1567","L  524-15",94.44629441977,-34.01990661693,"PM*",,"TIC 124779394|WISEA J061747.02-340110.4|Gaia DR3 2891695137006940544|CNS5 1567|2MASS J06174711-3401118|UPM J0617-3401|Gaia DR2 2891695137006940544|NLTT 16364|L  524-15|UCAC4 280-009915|WISE J061747.02-340110.5",11.86
"CNS5 1571","L  308-57",95.2777572868,-49.09387513421001,"PM*",,"L  308-57|TIC 238950307|Gaia DR3 5550620058937466880|CNS5 1571|RAVE J062106.7-490538|2MASS J06210665-4905379|UCAC3 82-18720|UCAC4 205-008421|USNO-B1.0 0409-00055721|DENIS J062106.6-490537|DENIS J062106.6-490538|PPMX J062106.6-490537|PM J06211-4905|Gaia DR2 5550620058937466880|NLTT 16435",13.3
"CNS5 1581","WISEP J062309.94-045624.6",95.79034460000001,-4.939867700000001,"BD*","T8","WISEA J062309.92-045624.5|CNS5 1581|WISEP J062309.94-045624.6|EQ J0623-0456|WISE J062309.94-045624.6",
"CNS5 1591","Ross   64",96.17202029176333,23.43303780467056,"PM*","M4V","TIC 430044614|GJ 232|Gaia DR3 3377365057060447616|2MASS J06244132+2325585|PLX 1484|LSPM J0624+2325|USNO-B1.0 1134-00116117|CSI+23-06216|Ci 20  385|CNS5 1591|G 104-37|GEN# +6.10010232|GEN# +9.80104037|JP11  5117|LFT  467|LHS  1846|LTT 11838|NLTT 16474|Ross   64|USNO 509|Zkh  87|[RHG95]  1042|PLX 1484.00|WISEA J062441.70+232553.6|UCAC4 568-027502|PM J06246+2325|Gaia DR2 3377365057060447616|Karmn J06246+234",
"CNS5 1594","2MASS J06244595-4521548",96.1914372025271,-45.365210559687505,"BD*","L6.5","TIC 232026943|Gaia DR3 5556620540565785600|2MUCD 20244|CNS5 1594|2MASS J06244595-4521548|DENIS J062445.8-452156|WISEA J062445.90-452150.7|Gaia DR2 5556620540565785600|EQ J0624-4521",
"CNS5 1598","EUVE J0625-60.0",96.48371889466,-60.05751171560001,"PM*","M5Ve","TIC 150359500|Gaia DR3 5481843025342799104|AP J06255610-6003273|EUVE J0625-60.0|CNS5 1598|2MASS J06255610-6003273|[CCD97] EUVE J0625-600 1|1RXS J062555.6-600325|1ES 0625-60.0|2RE J062556-600309|2RE J0625-600|GSC 08894-00426|[FS2003] 0365|[TDQ2000] SRX  2|ASAS J062555-6003.4|WISEA J062556.05-600325.8|UCAC3 60-16683|UCAC4 150-007763|Gaia DR2 5481843025342799104|** CVN   41A|WDS J06259-6003A",12.319
"CNS5 1604","2MASS J06272007-1114241",96.833665,-11.240031999999998,"BD*","T6","TIC 443375952|CNS5 1604|WISEP J062720.07-111428.8|EQ J0627-1114|WISE J062720.07-111428.0|2MASS J06272007-1114241",
"CNS5 1610","Ross  614",97.34746465634959,-2.8135566419502775,"**","M4.5V","TIC 711366839|TIC 43085522|GJ 234 A|HIP 30920|2MASS J06292339-0248499|PLX 1509|2E  1663|2RE J062923-024802|2RE J0629-024|CNS5 1610|CSI-02-06268  1|Ci 20  390|G 106-49|G 108-3|GAT 1306|GCRV  4143|GEN# +6.10010234D|HIC  30920|JP11  5119|JP11  5118|LFT  473|LPM 239|LTT  2564|NLTT 16580|RE J0629-024|RE J062922-024830|Ross  614|V* V577 Mon|[FS2003] 0369|[GKL99] 158|[GKL99] 159|[KW97] 29-9|0ES 0626-02.7|1RXS J062923.1-024845|2E 0626.8-0246|2EUVE J0629-02.8|EUVE J0629-02.8|EUVE J0629-02.7|GJ 234|WISEA J062923.89-024858.0|UCAC4 436-017625|WEB  6159|PM J06293-0248|CCDM J06294-0249A|IDS 06243-0244 A|LHS  1849|8pc 242.89A|Ross  614A|WDS J06293-0248A|Zkh  88|[RHG95]  1048|TYC 4789-3303-1|** B 2601A|Gaia DR2 3117120863523946368",11.102
"CNS5 1615","SCR J0630-7643A",97.69362742350877,-76.71933455572416,"PM*",,"Gaia DR3 5260451999700465536|CNS5 1615|SCR J0630-7643A|Gaia DR2 5260451999700465536|WDS J06308-7643A|** HEN    4A",
"CNS5 1616","SCR J0630-7643B",97.69474870015958,-76.71890082710138,"PM*",,"Gaia DR3 5260451999698559872|CNS5 1616|SCR J0630-7643B|Gaia DR2 5260451999698559872|WDS J06308-7643B|** HEN    4B",
"CNS5 1624","L   32-9",98.43032266792957,-75.6299878581911,"PM*","M2V","TIC 142086812|HIP 31293|Gaia DR3 5260759175761501696|2MASS J06334337-7537482|CCDM J06337-7538A|HIC  31293|IDS 06371-7533 A|L   32-9|NLTT 16775|CNS5 1624|GSC 09379-00783|WDS J06337-7538A|WISEA J063342.47-753744.9|UCAC4 072-005867|PM J06337-7537S|TYC 9379-783-1|Gaia DR2 5260759175761501696|2E  1717|2E 0635.4-7535|EXO 0635.4-7535|Gaia DR1 5260759171464169984",10.484
"CNS5 1625","L   32-8",98.44485500705666,-75.62497325956971,"PM*","M3V","TIC 142086813|HIP 31292|Gaia DR3 5260759175761502976|2MASS J06334690-7537301|CCDM J06337-7538B|HIC  31292|IDS 06371-7533 B|L   32-8|NLTT 16774|CNS5 1625|GSC 09379-01149|WDS J06337-7538B|** LDS  169B|WISEA J063345.84-753727.1|UCAC4 072-005869|PM J06337-7537N|TYC 9379-1149-1|Gaia DR2 5260759175761502976",11.419
"CNS5 1633","1RXS J063531.2-040314",98.87437867531001,-4.05509327769,"**","M5.5V","TIC 52495232|Gaia DR3 3104733181410232576|CNS5 1633|2MASS J06352986-0403185|UCAC4 430-018355|PM J06354-0403|1RXS J063531.2-040314|Gaia DR2 3104733181410232576|Karmn J06354-040AB|** JNN  271|WDS J06354-0403AB",14.586
"CNS5 1638","HD 260655",99.29499500637378,17.564814783634166,"PM*","M0.0V","TIC 307809773|Karmn J06371+175|GJ 239|HIP 31635|Gaia DR3 3359074685047632640|PLX 1538|LSPM J0637+1733|ASCC  848699|UCAC2  38047613|2MASS J06371092+1733526|USNO-B1.0 1075-00138472|BD+17  1320|CCDM J06372+1734A|Ci 20  393|CNS5 1638|G 110-5|G 109-14|G 105-49|G 104-49|GCRV  4273|GEN# +0.01701320|GEN# +1.00260655|HD 260655|HIC  31635|IDS 06314+1738 A|IRAS 06342+1736|JP11    53|LFT  477|LHS  1858|LTT 11880|NLTT 16743|TYC 1333-1683-1|UBV    6560|UBV M  28516|Wolf  287|Zkh  90|[JHC84]  55|[RHG95]  1057|PLX 1538.00|WDS J06372+1733A|WISEA J063710.25+173356.8|UCAC4 538-030603|PM J06371+1733|Gaia DR1 3359074680751328000|WEB  6335|Gaia DR2 3359074685047632640|TOI-4599",9.593
"CNS5 1643","CD-55  1514",99.90684640564417,-55.609676451946946,"PM*","M0Vk:","TIC 278779899|TYC 8539-1107-1|WISE J063937.17-553634.6|GJ 3403|HIP 31862|Gaia DR3 5497072086021346688|2MASS J06393764-5536349|CD-55  1514|CPD-55  1035|CSI-55-06387|GEN# -0.05501035|HIC  31862|NLTT 16863|CNS5 1643|PPM 767051|UGP 145|RAVE J063937.6-553635|UCAC4 172-008478|PM J06396-5536|Gaia DR2 5497072086021346688|Gaia DR1 5497072086021346688",9.88
"CNS5 1650","BD-05  1737",100.05827196933791,-5.873160468801945,"PM*","M2","WISE J064014.05-055229.3|TIC 53411081|Gaia DR3 3100542495921276160|2MASS J06401397-0552226|AC2000 2148785|BD-05  1737|CNS5 1650|GEN# -0.00501737|GSC 04811-02313|SCR J0640-0552|UBV M   5179|USNO-B1.0 0841-00095023|DENIS J064013.9-055221|WISEA J064014.04-055229.3|Gaia DR2 3100542495921276160",10.24
"CNS5 1661","SCR J0642-6707",100.61311964815874,-67.12215836641444,"PM*","M5.0","TIC 176935123|UCAC4 115-013232|WISE J064228.39-670724.0|Gaia DR3 5280389615847484416|2MASS J06422703-6707193|CNS5 1661|SCR J0642-6707|Gaia DR2 5280389615847484416|AP J06422703-6707193",16.01
"CNS5 1666","2MASS J06433670-0223130",100.90293468468583,-2.387000744098889,"PM*",,"Gaia DR2 3106548406384807680|2MASS J06433670-0223130|WISE J064336.71-022315.4|WISEA J064336.71-022315.4|Gaia DR3 3106548406384807680|CNS5 1666",
"CNS5 1675","* alf CMa B",101.28876746876543,-16.716867983351943,"WD*","DA1.9","GJ 244 B|Gaia DR3 2947050466531873024|2RXF J064508.6-164240|* alf CMa B|2E  1730|2RE J064509-164243|2RE J0645-164|8pc 379.21B|ADS  5423 B|BD-16  1591B|CNS5 1675|CCDM J06451-1643BC|CSI-16  1591  3|EGGR  49|GEN# +1.00048915B|H 0643-16|HD  48915B|IDS 06408-1635 B|RE J0645-16|RE J0645-164|RE J064509-164243|UBV    6710|WD 0642-163|WD 0643-16|WD 0642-16|WD 0642-166|Zkh  92|[BM83] X0642-166|1E 064255-1639.3|1ES 0642-16.6|2E 0642.9-1638|2EUVE J0645-16.7|EUVE J0645-16.7|WDS J06451-1643BC|** AGC    1BC|Gaia DR2 2947050466531873024|NAME Sirius C|NAME Sirius B|1RXS J064509.3-164241|1E 064255-1639.4|RX J0645.1-1642|NAME Sirius BC|TIC 747459985",8.44
"CNS5 1676","* alf CMa",101.28715533333335,-16.71611586111111,"SB*","A0mA1Va","** AGC    1A|PLX 1577|SBC9 416|* alf CMa A|8pc 379.21A|ADS  5423 A|CCDM J06451-1643A|CEL   1368|CSI-16  1591  1|Ci 20  396|FK5  257|GAT  474|GCRV  4392|GEN# +1.00048915A|HGAM    556|IDS 06408-1635 A|JP11  1425|LFT  486|LPM 243|LTT  2638|N30 1470|NAME Sirius A|NLTT 16953|PM 06430-1639A|PMC 90-93   186|PPM 217626|ROT  1088|SBC7   288|SKY# 11855|UBV M  12413|USNO 816|Zkh  91|uvby98 100048915 A|WDS J06451-1643A|TYC 5949-2777-1|Renson 13090|BD-16  1591A|HD  48915A|TIC 322899250|GJ 244 A|HIP 32349|CNS5 1676|* alf CMa|HR  2491|LHS   219|GC  8833|SAO 151881|*   9 CMa|BD-16  1591|HD  48915|NSV 17173|TD1  8027|UBV    6709|IRC -20105|RAFGL 1007|IRAS 06429-1639|2MASS J06450887-1642566|NAME Sirius|HIC  32349|IRAS S06429-1639|IRAS S06430-1639|AKARI-FIS-V1 J0645085-164258|WEB  6525",-1.46
"CNS5 168","2MASS J00345157+0523050",8.714904,5.384748999999999,"BD*","T6.5","TIC 318708202|2MASS J00345157+0523050|CNS5 168|WISEA J003452.03+052306.9|ULAS J003451.98+052306.8|WISE J003452.02+052307.0",
"CNS5 1687","WISE J064723.23-623235.5",101.84677683333332,-62.544361277777774,"BD*","Y1","CNS5 1687|WISE J064723.23-623235.5|WISEA J064723.24-623235.4",
"CNS5 17","WISE J000517.48+373720.5",1.3192249999999999,37.62312480555555,"BD*","T9","WISEA J000517.49+373720.4|CNS5 17|WISE J000517.48+373720.5|EQ J0005+3737",
"CNS5 1702","HD  50281B",103.07517297507626,-5.1900117587425,"**","M2.5V","TIC 282210724|GJ 250 B|Gaia DR3 3101920046552857728|[RHG95]  1092|Zkh  94|PM 06499-0508|LTT  2663|LHS  1876|LFT  495|GEN# +1.00050281B|GSC 04808-00765|TYC 4808-765-1|2MASS J06521804-0511241|CSI-05  1844  2|CCDM J06523-0511B|CNS5 1702|IDS 06474-0503 B|WDS J06523-0510B|** WNO   17B|WDS J06523-0510Ba,Bb|** WSI  125|HD  50281B|UCAC4 425-023198|PM J06523-0511|Gaia DR2 3101920046552857728|NLTT 17108|Karmn J06523-051SAB",10.05
"CNS5 1703","HD  50281",103.07521060112417,-5.1737126663641675,"PM*","K3.5V","TIC 282210766|RAVE J065218.0-051025|HD  50281A|WISE J065217.69-051025.5|GJ 250 A|HIP 32984|Gaia DR3 3101923001490347392|GSC 04808-00939|2MASS J06521806-0510253|PLX 1606|1RXS J065218.0-051018|2E  1738|BD-05  1844|CCDM J06523-0511A|CNS5 1703|CSI-05  1844  1|Ci 20  399|GC  9000|GCRV  4487|GEN# +1.00050281A|HD  50281|HIC  32984|IDS 06474-0503 A|IRAS 06498-0506|LFT  494|LHS  1875|LPM 244|LTT  2662|NLTT 17107|PM 06499-0507|PPM 189627|SAO 133805|SKY# 12163|SPOCS  326|TYC 4808-939-1|UBV    6804|UBV M  12531|UGP 148|USNO 817|YZ  95  2339|Zkh  93|uvby98 100050281 A|2E 0649.8-0506|EUVE J0652-05.1|WDS J06523-0510A|** WNO   17A|WEB  6642|RAVE J065218.1-051025|Gaia DR2 3101923001490347392|Karmn J06523-051N",6.59
"CNS5 1707","2MASS J06523073+4710348",103.12799279804,47.17636849846001,"BD*","L5.0","TIC 191947016|Gaia DR3 954697944875755136|CNS5 1707|2MUCD 10601|2MASS J06523073+4710348|2MASSI J0652307+471034|[B2006] J065230.7+471034|WISEP J065230.58+471036.3|Gaia DR2 954697944875755136",
"CNS5 1711","G 250-29",103.51822089781959,60.871695600995004,"**","M3.0V","TIC 88334764|GJ 3412|HIP 33142|Gaia DR3 1003752587430126464|2MASS J06540419+6052191|CNS5 1711|LSPM J0654+6052|ASCC  122375|USNO-B1.0 1508-00159592|G 250-29|GSC 04110-02079|HIC  33142|L 1815-5|LFT  493|LHS   221|LP   87-237|LTT 11937|NLTT 17099|PM 06495+6057|TYC 4110-2079-1|[RHG95]  1089|PLX 1596.01|WDS J06541+6052AB|** HEI  334|WISEA J065404.98+605208.1|UCAC4 755-040566|PM J06540+6052|Gaia DR2 1003752587429472768",
"CNS5 1713","HD 265866",103.70399193056876,33.268177300671944,"PM*","M3V","TIC 68581262|AP J06544902+3316058|MCC 482|StKM 2-440|GJ 251|HIP 33226|Gaia DR3 939072613334579328|2MASS J06544902+3316058|IRAS 06515+3320|PLX 1609|LSPM J0654+3316|TYC 2441-572-1|ASCC  574333|UCAC2  43431171|USNO-B1.0 1232-00178536|8pc 181.32|AC +33 25644|CSI+33-06516|Ci 20  400|G  87-12|G 103-68|CNS5 1713|GCRV  4506|GEN# +9.80087012|GEN# +6.10010251|HD 265866|HIC  33226|JP11  5122|JP11  5121|JP11  5123|JP11  5120|LFT  497|LHS  1879|LTT 11941|NLTT 17147|UBV M  42939|Wolf  294|Zkh  95|[RHG95]  1094|PLX 1609.00|WISEA J065448.38+331601.2|UCAC4 617-038292|PM J06548+3316|Gaia DR1 939072609037892224|WEB  6685|Gaia DR2 939072613334579328|Karmn J06548+332",
"CNS5 1723","CD-44  3045B",104.44375008608293,-44.291093883489445,"PM*","M3","GJ 257 B|Gaia DR3 5559035514776717312|CCDM J06578-4417B|CD-44  3045B|CSI-44  3045 23|IDS 06549-4409 B|CNS5 1723|Zkh  97|[RHG95]  1111|WDS J06579-4417B|** LPM  248B|Gaia DR2 5559035514776717312|TYC 7640-1099-2|TIC 770851826",11.29
"CNS5 1724","CD-44  3045A",104.44427172710292,-44.291178357890836,"PM*","M3V","Gaia DR3 5559035514779971456|CNS5 1724|CCDM J06578-4417A|CD-44  3045A|IDS 06549-4409 A|GJ 257 A|WDS J06579-4417A|Gaia DR2 5559035514779133056|TYC 7640-1099-1|** LPM  248A|Zkh  96|[RHG95]  1110|CSI-44  3045 22|TIC 770851828",11.48
"CNS5 1725","G 250-31B",104.48719198094834,62.321691411363894,"PM*","M5V","GJ 3417 B|Gaia DR3 1099288637370627072|CNS5 1725|** HEN    2B|WDS J06579+6220B|Gaia DR2 1099288637370627072|G 250-31B|LSPM J0657+6219E",
"CNS5 1726","G 250-31A",104.48810894736376,62.322104470678894,"PM*","M6V","GJ 3417 A|Gaia DR3 1099288633074163328|CNS5 1726|** HEN    2A|WDS J06579+6220A|Gaia DR2 1099288633074163328|G 250-31A|LSPM J0657+6219W",
"CNS5 1735","G 109-35",104.87006874422794,19.348849408348055,"PM*","M5.0Ve","TIC 58998044|GJ 1093|Gaia DR3 3365063724883180288|LSPM J0659+1920|UCAC2  38598037|2MASS J06592868+1920577|USNO-B1.0 1093-00133004|8pc 128.80|G 109-35|CNS5 1735|GEN# +9.80109035|LHS   223|NLTT 17247|PM 06565+1926|USNO 422|Zkh  98|[RHG95]  1112|PLX 1635.01|Gaia DR2 3365063724883180288|WISEA J065929.48+192046.4|Karmn J06594+193",
"CNS5 1741","2MASS J07003664+3157266",105.15301387520208,31.957073018601385,"BD*","L3+L6.5","TIC 165098841|Gaia DR3 890663968222557440|2MASSI J0700366+315726|2MUCD 10617|2MASS J07003664+3157266|CNS5 1741|WDS J07006+3157AB|** RED   16|WISEA J070036.77+315719.7|Gaia DR2 890663968222557440",
"CNS5 175","LSPM J0036+1821",9.067132871325832,18.352857407212777,"BD*","L3.5","TIC 426959594|Gaia DR3 2794735086363871360|LSPM J0036+1821|USNO-B1.0 1083-00010105|2MUCD 20029|2MASS J00361617+1821104|2MASSW J0036159+182110|2MASSW J0036162+182110|CNS5 175|[B2006] J003616.1+182110|WISEA J003616.79+182111.6|Gaia DR2 2794735086363871360|** BNA    1A|WDS J00363+1821A",
"CNS5 1753","LP  255-11",105.84653748295,34.69760847432,"PM*","M4.0Ve","TIC 165204611|GJ 3423|Gaia DR3 939599584345993984|2MASS J07032317+3441509|LSPM J0703+3441|USNO-B1.0 1246-00142875|CNS5 1753|LP  255-11|NLTT 17331|[GKL99] 165|[RHG95]  1122|UCAC4 624-036823|PM J07033+3441|Gaia DR2 939599584345993984|Karmn J07033+346|** CRC   11A|WDS J07034+3442A",
"CNS5 1758","G 193-27",105.98220640367207,52.70182443892555,"**","M5.0V","TIC 252933112|GJ 3421|Gaia DR3 981548637301374336|CNS5 1758|PLX 1642.0|LSPM J0703+5242|2MASS J07035565+5242075|USNO-B1.0 1427-00213945|G 193-27|L 1750-5|LFT  506|LHS   224|LP  122-59|LTT 11965|NLTT 17327|PM 06599+5248|USNO 515|USNO 820|[RHG95]  1120|PLX 1642.01|Gaia DR2 981548637301374336|WISEA J070356.50+524156.8|PM J07039+5242|** BEU    8|WDS J07039+5242AB",13.29
"CNS5 1775","G 107-48",106.90729971006665,48.687085412495,"PM*","dM4.5","TIC 252947361|GJ 3426|Gaia DR3 978338677527779200|2MASS J07073776+4841138|CNS5 1775|LSPM J0707+4841|USNO-B1.0 1386-00182720|G 107-48|NLTT 17418|[RHG95]  1132|WISEA J070737.71+484110.3|UCAC4 694-045843|PM J07076+4841|Gaia DR2 978338677527779200|Karmn J07076+486",
"CNS5 1784","V* QY Aur",107.50763989947708,38.52946847313889,"SB*","M4.5Ve","TIC 321103619|AP J07100180+3831457|StKM 2-447|GJ 268|GJ 268 A|GJ 268 B|HIP 34603|Gaia DR3 946632924007399936|2MASS J07100180+3831457|PLX 1668|CABS  67|Cl* Melotte   25    EGG      27|SBC9 434|LSPM J0710+3831|ASCC  483307|UCAC2  45331145|USNO-B1.0 1285-00159900|2E  1782|8pc 157.24A|AC +38 23616|CCABS  55|CSI+38-07066|CSV 102544|G  87-26|G 107-51|CNS5 1784|GCRV  4708|GEN# +6.10010268|GEN# +9.80087026|HIC  34603|JP11  5125|JP11  5126|JP11  5127|JP11  5124|LFT  512|LHS   226|LTT 11987|NLTT 17470|PM 07066+3838|Ross  986|TYC 2944-1956-1|USNO 423|V* QY Aur|Zkh  99|[GKL99] 166|[RHG95]  1138|PLX 1667.01|PLX 1668.00|1RXS J071000.6+383211|2E 0706.6+3837|EUVE J0710+38.5|HAT 175-00149|8pc 157.24B|Zkh 100|WISEA J071001.45+383136.3|PM J07100+3831|UCAC4 643-041817|WEB  6924|Gaia DR2 946632924006923776",11.52
"CNS5 1790","LP  206-11",107.7979939,43.499073700000004,"**","M5.5V","TIC 22593147|LSPM J0711+4329|UCAC2  46690782|USNO-B1.0 1334-00188889|2MASS J07111138+4329590|CNS5 1790|LHS  1901|LP  206-11|NLTT 17488|WDS J07112+4330AB|WISEA J071111.78+432951.9|UCAC4 668-051390|PM J07111+4329|** MTG    1|Karmn J07111+434AB",15.9
"CNS5 1796","WISE J071301.84-585445.1",108.25726866666669,-58.91357827777777,"BD*","T9","WISE J071301.84-585445.1|CNS5 1796|WISEA J071301.86-585445.2",
"CNS5 1798","RX J0713.1-0511",108.29675652076376,-5.196838606913333,"PM*",,"TIC 23369524|Gaia DR3 3059182338820698624|1RXS J071311.0-051142|2RE J071310-051134|2RE J0713-051|CNS5 1798|GSC 04823-02265|RE J071311-051137|RE J0713-051|[FS2003] 0414|2MASS J07131123-0511482|RX J0713.1-0511|TYC 4823-2265-1|SCR J0713-0511|UCAC4 425-030529|Gaia DR2 3059182338820698624",11.18
"CNS5 1799","WISE J071322.55-291751.9",108.34283716666667,-29.296593611111113,"BD*","Y0","CNS5 1799|WISE J071322.55-291751.9|WISEA J071322.55-291752.0",
"CNS5 1805","BD+27  1348",109.08238182027002,27.142527508279997,"PM*","M3V","TIC 155753765|MCC 490|StKM 2-451|GJ 268.3|GJ 268.3 B|GJ 9227|HIP 35191|Gaia DR3 883439489632629120|2MASS J07161977+2708331|LSPM J0716+2708|TYC 1917-2452-1|ASCC  672804|UCAC2  41356515|USNO-B1.0 1171-00171960|BD+27  1348|G 109-55|CNS5 1805|GEN# +0.02701348|HIC  35191|NLTT 17613|[RHG95]  1148|PLX 1695.02|UCAC4 586-038475|PM J07163+2708W|PLX 1695.03|Gaia DR2 883439489632629120",
"CNS5 1808","SCR J0717-0501",109.32122313738877,-5.0176520732325,"PM*","M3.5V","AP J07171706-0501031|Gaia DR3 3059246454092369024|TIC 471012349|2MASS J07171706-0501031|SCR J0717-0501|CNS5 1808|TIC 51159255|SCR J0717-0500|UCAC4 425-032175|PM J07172-0501|Gaia DR2 3059246454092369024|Karmn J07172-050",13.22
"CNS5 1812","Ross  987",109.53408632117,39.27480777939,"**","M0V","TIC 17808034|WISEA J071807.98+391628.1|StKM 2-452|GALEX J071808.0+391629|GJ 3438|HIP 35353|Gaia DR3 948039989652369408|2MASS J07180819+3916295|LSPM J0718+3916|TYC 2944-1872-1|ASCC  483891|UCAC2  45497165|USNO-B1.0 1292-00178746|Furuhjelm   II-597|G 107-61|CNS5 1812|HIC  35353|LTT 12003|NLTT 17646|Ross  987|[RHG95]  1154|HAT 176-00195|UCAC4 647-042601|PM J07181+3916|Gaia DR1 948039985355827584|Gaia DR2 948039989652369408|WISE J071807.98+391628.2|** RAO  216|WDS J07181+3916AB",10.34
"CNS5 1818","PM J07199+8404",109.99186896887001,84.07726162969,"PM*","M2.5V","TIC 358015762|Gaia DR3 1149727977380998784|CNS5 1818|GSC 04618-00116|2MASS J07195798+8404382|TYC 4618-116-1|WISEA J071957.77+840437.2|UCAC4 871-003731|PM J07199+8404|Gaia DR1 1149727973084487552|Gaia DR2 1149727977380998784",11.869
"CNS5 1819","NAME Scholz's star",110.013557,-8.780528999999998,"LM*","M9.5+T5","** BUG   17|WDS J07200-0847AB|TIC 318801864|Gaia DR3 3048443305671969152|CNS5 1819|WISE J072003.20-084651.2|DENIS J072003.2-084650|2MASS J07200325-0846499|USNO-B1.0 0812-00137383|WISEA J072003.20-084651.3|Gaia DR2 3048443305671969152|NAME Scholz's star",
"CNS5 1822","L  136-37",110.21681676951124,-62.16988682428499,"PM*","M3","TIC 349374765|AP J07205204-6210118|Gaia DR3 5292028393100840320|CNS5 1822|RAVE J072052.0-621012|2MASS J07205204-6210118|UCAC3 56-21945|UCAC4 140-009958|DENIS J072051.9-621011|DENIS J072052.1-621012|WISEA J072051.59-621009.5|L  136-37|PM J07208-6210|Gaia DR2 5292028393100840320|LTT  2816|NLTT 17788",12.362
"CNS5 1828","WISE J072227.27-054029.9",110.616275,-5.675993611111111,"BD*","T9","CNS5 1828|UGPS J072227.51-054031.2|WISEP J072227.27-054029.9|WISE J072227.27-054029.9",
"CNS5 1841","2MASSI J0727182+171001",111.826025,17.167002000000004,"BD*","T7.0","TIC 14711043|2MASS J07271824+1710012|2MASSI J0727182+171001|2MASSW J0727182+171001|CNS5 1841|WISEP J072719.13+170952.0|WISEA J072719.15+170951.3|EQ J0727+1710",
"CNS5 1843","BD+05  1668",111.85207903566794,5.225789303071388,"PM*","M3.5V","AP J07272450+0513329|MCC 17|GJ 273|HIP 36208|Gaia DR3 3139847906307949696|PLX 1755|LSPM J0727+0513|ASCC 1029189|UCAC2  33555673|USNO-B1.0 0952-00140898|8pc 263.26|AC2000  282902|BD+05  1668|CNS5 1843|G 112-17|G  89-19|GAT 1092|GCRV  4954|GEN# +0.00501668|GSC 00173-01124|HIC  36208|IRAS 07247+0520|JP11    25|LFT  527|LHS    33|LTT 12021|NAME Luyten's star|NLTT 17881|PM 07247+0522|RAFGL  273|TYC  173-3208-1|UBV    7206|UBV M    272|VVO 207|Zkh 102|[HFE83]  515|[JHC84]  57|[RHG95]  1168|2MASS J07272450+0513329|PLX 1755.00|PM J07274+0513|WEB  7213|Gaia DR2 3139847906304421632|Karmn J07274+052|** WDK    2A|WDS J07274+0514A|TIC 318686860",9.872
"CNS5 1846","L  744-10",112.054427505745,-18.793062430264726,"PM*","M4.5V","TIC 139654644|GJ 3442|Gaia DR3 3026511175437908096|CNS5 1846|L  744-10|LHS  1918|LP  782-2|LTT  2844|NLTT 17911|PM 07260-1842|[RHG95]  1172|2MASS J07281309-1847359|WISEA J072813.09-184728.6|UCAC4 357-029865|Gaia DR2 3026511175426916224|LFT  529",13.67
"CNS5 1847","G 112-21",112.18933040869375,-3.2981430223841666,"PM*","M3V","Karmn J07287-032|TIC 64910894|HIP 36338|Gaia DR3 3060641356390249728|CNS5 1847|TYC 4821-2979-1|GJ 1097|PM J07287-0317|UCAC4 434-036750|2MASS J07284541-0317524|G 112-21|GEN# +9.80112021|HIC  36338|LHS  1920|NLTT 17919|UBV M  53747|USNO 130|[RHG95]  1175|PLX 1767.02|Gaia DR2 3060641356388548224",11.456
"CNS5 1850","2MASS J07290002-3954043",112.250104,-39.901222,"BD*","T8pec","TIC 173510894|2MASS J07290002-3954043|CNS5 1850|WISEP J072859.49-395346.7|WISEA J072859.49-395345.3|WISE J072859.26-395404.1",
"CNS5 1860","G 107-69",112.67824344924001,48.19960802506694,"PM*","M4V","TIC 328328639|GJ 275.2 A|Gaia DR3 975968718869126144|WISE J073042.55+481145.7|CNS5 1860|LSPM J0730+4811|NLTT 17949|2MASS J07304280+4811599|CSI+48-07270|G 111-7|G 193-50|G 107-69|GEN# +9.80107069|LHS   229|PM 07270+4819|UBV    6455|UBV M  53744|USNO 424|USNO 823|Zkh 104|[RHG95]  1178|USNO-B1.0 1381-00227156|WDS J07307+4813A|** GIC   75A|PMSC 07234+4824Aab|PMSC 07234+4824A|Gaia DR2 975968718869126144|WISEA J073042.55+481145.2|PM J07307+4811|Karmn J07307+481",
"CNS5 1863","Ross  989",112.98884634407082,36.229821558511944,"BY*","M4.0V","TIC 16034007|StKM 2-459b|GALEX J073157.1+361345|GJ 277 B|HIP 36627|Gaia DR3 898506166187633280|1RXS J073157.1+361340|LSPM J0731+3613N|ASCC  484710|UCAC2  44478036|USNO-B1.0 1262-00153879|CSI+36-07287|G 111-11|G  87-43|G  90-7|CNS5 1863|GCRV  5010|HIC  36627|TIC 471011535|JP11   154|LTT 12035|NLTT 17998|NSV  3622|Ross  989|V* BL Lyn|VVO 133|[FS2003] 0429|[GKL99] 168|[RHG95]  1184|2MASS J07315735+3613477|WDS J07319+3613B|CCDM J07320+3613B|TYC 2465-1600-1|** LDS 6206B|UCAC4 632-041091|PM J07319+3613N|WEB  7284|Gaia DR2 898506166187633280|BD+36  1638B|Karmn J07319+362N",11.738
"CNS5 1865","V* VV Lyn B",112.99034726379207,36.21904521300695,"PM*",,"GJ 277 C|Gaia DR3 898506097466756352|CNS5 1865|** BEU   11B|WDS J07319+3613Ab|Gaia DR2 898506097466756352|V* VV Lyn B",
"CNS5 1866","V* VV Lyn A",112.99046531582543,36.2194751568525,"PM*",,"GJ 277 A|Gaia DR3 898506093171335424|CNS5 1866|** BEU   11A|WDS J07319+3613Aa|Gaia DR2 898506093171335424|V* VV Lyn A",
"CNS5 187","WISE J003829.05+275852.1",9.621189208333334,27.980816027777777,"BD*","T9","WISEA J003829.06+275852.0|CNS5 187|WISE J003829.05+275852.1|EQ J0038+2758",
"CNS5 1878","G 234-5",113.61430398712794,62.94148842555473,"PM*","M0V","TIC 85208537|MCC 497|StKM 2-458|GALEX J073427.0+625629|GJ 277.1|GJ 9236|HIP 36834|Gaia DR3 1088813933689615872|G 234-5|CNS5 1878|LSPM J0734+6256|TYC 4116-987-1|ASCC  123640|USNO-B1.0 1529-00210064|AC +63 14097|CSI+63-07300|HIC  36834|LHS  6128|NLTT 18045|[RHG95]  1191|2MASS J07342749+6256295|PLX 1774.01|WISEA J073426.66+625628.1|UCAC4 765-040638|PM J07344+6256|Gaia DR1 1088813929393877888|Gaia DR2 1088813933689615872",
"CNS5 1881","WISE J073444.02-715744.0",113.68861137500001,-71.96206427777777,"BD*","Y0","CNS5 1881|WISE J073444.02-715744.0|WISEA J073444.03-715743.8",
"CNS5 1884","MCC 499",113.84116320800001,54.84971367835001,"PM*","M2.5V","TIC 355061271|MCC 499|GALEX J073521.9+545059|GJ 3452|HIP 36915|Gaia DR3 985610542491481984|CNS5 1884|AC +55 30267|HIC  36915|[RHG95]  1193|2MASS J07352188+5450590|TYC 3786-1532-1|UCAC4 725-045513|PM J07353+5450|Gaia DR1 985610538195564160|Gaia DR2 985610542491481984|Karmn J07353+548",11.325
"CNS5 1888","G  89-32",114.1046592,7.0786498,"**","M4.5V","TIC 234479593|GJ 3454|Gaia DR3 3142052633276822144|NLTT 18152|ASCC 1030277|2MASS J07362513+0704431|USNO-B1.0 0970-00169908|LSPM J0736+0704|CNS5 1888|G  89-32|LTT 17993|[GKL99] 171|[RHG95]  1201|WDS J07364+0705AB|WISEP J073625.27+070440.0|** HEN    3|8pc 162.00|G  89-32A|G  89-32B|UCAC4 486-041871|PM J07364+0704|Gaia DR2 3142052628981390464|WISE J073625.27+070440.0",13.24
"CNS5 1889","SCR J0736-3024",114.23618545840915,-30.404554224399998,"PM*",,"TIC 114308371|WISE J073656.85-302420.1|Gaia DR3 5599170330597007360|2MASS J07365666-3024160|SCR J0736-3024|CNS5 1889|UCAC4 298-027351|PM J07369-3024|Gaia DR2 5599170330597007360",13.672
"CNS5 189","Wolf 1056",9.746018081765413,30.61621877400472,"PM*","M2.5V","TIC 267688052|StKM 2-48|GJ 26|Gaia DR3 2858600494141185280|PLX  107|LSPM J0038+3036|ASCC  550175|UCAC2  42521550|2MASS J00385879+3036583|USNO-B1.0 1206-00008667|AC +31   719-0|AC +31   719|CNS5 189|CSI+30-00362|Ci 20   40|G  69-10|G 132-11|GCRV   352|GEN# +9.80069010|TIC 471011163|LFT   57|LHS   119|LTT 10219|NLTT  2086|PM 00362+3020|TYC 2275-678-1|Wolf 1056|[RHG95]   115|PLX  107.00|WISEA J003900.31+303658.7|PM J00389+3036|WEB   546|Gaia DR2 2858600494141185280|Karmn J00389+306",
"CNS5 1893","LP  783-1",114.6706683902829,-21.224578299966943,"PM*","dM3.0","TIC 415085843|HIP 37217|Gaia DR3 5715352842388433664|CNS5 1893|TYC 5992-530-1|PM J07386-2113|UCAC4 344-033355|HIC  37217|L  672-9|LHS  1935|LP  783-1|LTT  2906|NLTT 18223|PM 07365-2106|[RHG95]  1207|2MASS J07384089-2113276|GJ 3459|Gaia DR2 5715352842388433664|Karmn J07386-212|LFT  540",11.712
"CNS5 1895","* alf CMi",114.82549790798149,5.224987557059477,"SB*","F5IV-V+DQZ","TIC 280310048|AP J07391805+0513298|GALAH 141101003801339|GES J07391749+0513163|GJ 280 A|GJ 280.0|HIP 37279|TIC 471011543|PLX 1805|SBC9 467|LSPM J0739+0513|ASCC 1030621|USNO-B1.0 0952-00146563|*  10 CMi|* alf CMi|1AXG J073918+0514|1C 12.01|2E  1849|2RE J0739+051|2RE J073918+051351|AG+05 1072|BD+05  1739|CSI+05  1739  1|CSI+05  1739  5|CSV 100884|Ci 20  432|FAUST 1387|CNS5 1895|FK5  291|GC 10277|GCRV  5099|HD  61421|HIC  37279|HR  2943|IRAS 07366+0520|IRC +10170|JP11  1576|LFT  541|LHS   233|LTT 12053|N30 1726|NAME Procyon|NLTT 18229|NSV  3672|PM 07367+0521|PMC 90-93   212|PPM 153068|RAFGL 1161|RE J0739+051|RE J073917+051339|ROT  1234|SAO 115756|SBC7   317|SKY# 14100|SPOCS  352|SV* ZI   646|TD1 10647|UBV    7352|USNO 825|Zkh 106|[HFE83]  530|2MASS J07391805+0513298|1ES 0736+05.3|1RXS J073918.3+051332|2E 0736.6+0520|2EUVE J0739+05.2|EUVE J0739+05.2|RX J0739.3+0513|[TSA98] J073919.85+051356.36|TYC  187-2184-1|GJ 280|AKARI-FIS-V1 J0739178+051322|uvby98 100061421|WEB  7381|GEN# +1.00061421|8pc 285.93A|* alf CMi A|** SHB    1A|IDS 07341+0529 A|WDS J07393+0514A|CCDM J07393+0514A|NAME Procyon A",0.37
"CNS5 1897","HD  61606",114.99720255776,-3.5975076620799995,"BY*","K3V","TIC 66100263|GJ 282|GJ 282 A|HIP 37349|Gaia DR3 3057712223051571200|PLX 1809|V* V869 Mon|BD-03  2001|CCDM J07400-0336A|CNS5 1897|Ci 18  918|G 112-37|GC 10304|GCRV  5109|GEN# +1.00061606A|GEN# +1.10061606|HD  61606|HIC  37349|IDS 07350-0322 A|LTT  2912|NLTT 18257|PPM 190509|SAO 134954|SKY# 14133|SPOCS  354|UBV M  13491|UBV    7364|UGP 165|VVO 401|YZ  93  2807|YZC 17  2807|[RHG95]  1211|uvby98 100061606 A|2MASS J07395932-0335506|1RXS J074000.0-033554|TYC 4835-546-1|** BGH    3A|WDS J07400-0336A|AKARI-IRC-V1 J0739593-033552|WISE J073959.38-033553.8|Gaia DR1 3057712218750616448|WEB  7393|RAVE J073959.3-033551|Gaia DR2 3057712223051571200",7.169
"CNS5 1898","BD-03  2002",115.01208892768,-3.6036751839599996,"PM*","K7V","TIC 66189398|WISEA J074002.93-033616.0|HD  61606B|GJ 282 B|Gaia DR3 3057712188691831936|BD-03  2002|CCDM J07400-0336B|CNS5 1898|G 112-38|GEN# +1.00061606B|GEN# +1.20061606|GEN# -0.00302002|IDS 07350-0322 B|JP11   246|LTT  2913|NLTT 18260|PPM 190510|SAO 134958|TYC 4835-774-1|UBV    7365|UBV    7369|VVO 402|YZ  93  2809|YZC 17  2809|[RHG95]  1212|2MASS J07400289-0336130|WDS J07400-0336B|** BGH   25B|AKARI-IRC-V1 J0740029-033615|WISE J074002.94-033616.0|Gaia DR1 3057712184390878848|Gaia DR2 3057712188691831936|PM J07400-0336",8.93
"CNS5 1899","SCR J0740-4257",115.049196549005,-42.96119221425862,"PM*","M4.5","TIC 123480394|Gaia DR3 5535361753834861312|SCR J0740-4257|2MASS J07401183-4257406|CNS5 1899|1RXS J074012.2-425747|PM J07401-4257|WISEA J074011.33-425734.9|UCAC4 236-016971|Gaia DR2 5535361753834861312",13.835
"CNS5 19","HD 225213",1.3517851465737503,-37.35736331430695,"PM*","M2V","TIC 120461526|GJ 1|HIP 439|Gaia DR3 2306965202564744064|PLX 5817|CNS5 19|AC2000 3152964|CD-37 15492|CPC 18    15|CPD-37  9435|Ci 20    3|Ci 18 3161|G 267-25|GC    49|GCRV    31|GEN# +1.00225213|HD 225213|HIC    439|IRAS 00027-3737|JP11  3677|LFT    5|LHS     1|LPM 904|LTT    23|NLTT   134|NSV 15017|PM 00025-3736|SAO 192348|TYC 6995-1264-1|UBV   20691|UBV M  27443|YZC 29    15|Zkh   2|[RHG95]     6|PLX 5817.00|2MASS J00052423-3721257|PM J00054-3721|[GKL99] 1|WISEA J000529.35-372151.0|WEB    60|Gaia DR2 2306965202564506752",8.562
"CNS5 1900","LP  783-2",115.0807159367321,-17.41275359598222,"PM*","M6.5Ve","TIC 289113766|GJ 283 B|Gaia DR3 5717278911884264576|2MASS J07401922-1724449|CNS5 1900|CCDM J07402-1725B|CSI-17-07380|IDS 07357-1710 B|L  745-46 B|LFT  544|LHS   234|LP  783-2|LTT  2916|NLTT 18270|Zkh 110|[RHG95]  1215|WDS J07402-1724C|** LUY 5693B|UCAC3 146-71176|UCAC4 363-032819|DENIS J074019.2-172445|Gaia DR2 5717278911884264576|WISEA J074020.22-172451.5|Karmn J07403-174",16.696
"CNS5 1901","LAWD 25",115.08661944836254,-17.41365468543972,"WD*","DZQA6","TIC 289113764|GJ 283 A|Gaia DR3 5717278911884258176|PLX 1810.1|PLX 1813|CNS5 1901|CCDM J07402-1725A|CSI-17-07381  1|CSI-17-07381  2|CSI-17-07381|EGGR  54|GCRV 58994|GEN# +9.86745046|GEN# +9.85783003|IDS 07357-1710 A|L  745-46 A|L  745-46|LAWD 25|LFT  543|LHS   235|LP  783-3|LPM 269|LTT  2915|NLTT 18271|UBV    7373|UBV    7376|USNO 517|WD 0738-172|WD 0738-17|Zkh 109|PLX 1810.10|WDS J07402-1724A|PM 07381-1717|** LUY 5693A|UCAC2  25277198|UCAC3 146-71201|UCAC4 363-032829|2MASS J07402064-1724481|DENIS J074020.7-172448|WISEA J074021.62-172454.8|Gaia DR2 5717278911884258176",13.061
"CNS5 1905","2MASS J07414920+2351275",115.455039,23.857641,"BD*","T5","TIC 70586047|CNS5 1905|2MASS J07414920+2351275|SDSS J074149.14+235127.3|SDSS J074149.15+235127.5|WISEP J074148.97+235124.0|SDSS J074149.14+235127.2|ULAS J074149.01+235126.0|WISE J074148.96+235125.4",
"CNS5 1909","V* YZ CMi",116.16738460269337,3.5524653409927773,"PM*","M4.0Ve","TIC 266744225|AP J07444018+0333089|StKM 2-468|LAMOST J074440.28+033308.8|GJ 285|HIP 37766|Gaia DR3 3136952686035250688|IRAS 07420+0340|PLX 1827|LSPM J0744+0333|ASCC 1124230|UCAC2  33030334|USNO-B1.0 0935-00153510|1AXG J074442+0333|1H 0743+037|2E  1871|2E 0742.0+0340|2RE J0744+033|2RE J074440+033329|8pc 168.59|CSI+03-07421|CNS5 1909|G  50-4|G 112-46|GCRV  5161|GEN# +9.80050004|GEN# +6.10010285|GSC 00183-02190|HIC  37766|JP11  5416|JP11  5128|JP11  5185|LFT  547|LHS  1943|LTT 12064|NLTT 18373|PM 07421+0341|RE J0744+033|RE J074439+033301|Ross  882|TYC  183-2190-1|V* YZ CMi|Zkh 111|[FS2003] 0439|[GKL99] 172|[RHG95]  1219|2MASS J07444018+0333089|PLX 1827.00|1ES 0742+03.6|1RXS J074439.7+033245|2EUVE J0744+03.5|EUVE J0744+03.5|WISEA J074439.92+033304.2|UCAC4 468-034923|PM J07446+0333|WEB  7464|Gaia DR2 3136952686035250688|Karmn J07446+035|** LAF   36A|WDS J07447+0333A",11.225
"CNS5 191","*  54 Psc B",9.8288225,21.25453027777778,"BD*","T7.5","GJ 27 B|EQ J003918.91+211516.8|HD   3651B|CNS5 191|** LUH    3B|WDS J00394+2115C|*  54 Psc B",
"CNS5 1912","* bet Gem",116.32895777437875,28.02619889009357,"PM*","K0IIIb","TIC 423088367|GJ 286|HIP 37826|PLX 1826|LSPM J0745+2801|ASCC  674757|USNO-B1.0 1180-00191173|*  78 Gem|* bet Gem|2E  1872|ADS  6335 A|AG+28  833|BD+28  1463|CCDM J07454+2802A|CSI+28  1463  1|CSV 100892|CTI 074434.0+280331|Ci 20  437|FK5  295|CNS5 1912|GC 10438|GCRV  5166|HD  62509|HIC  37826|HR  2990|IDS 07392+2816 A|IRAS 07422+2808|TIC 471011546|IRC +30194|JP11  1588|LFT  548|LHS  1945|LTT 12065|N30 1758|NLTT 18379|NSV  3712|PM 07423+2809|PMC 90-93   216|PPM  97924|RAFGL 1183|ROT  1249|SAO  79666|SKY# 14351|SRS  30295|SV* ZI   656|TD1 10866|UBV    7418|UBV M  13566|2MASS J07451891+2801340|PLX 1826.00|2E 0742.2+2808|1RXS J074519.3+280123|WDS J07453+2802A|TYC 1920-2194-1|uvby98 100062509|NAME Pollux|WEB  7472|** BU  580A|GEN# +1.00062509",1.14
"CNS5 1916","LSPM J0746+2000",116.67734195833333,20.008939972222223,"BD*","L0+L1.5","TIC 62854893|AP J07464256+2000321|Gaia DR3 672055699133504768|LSPM J0746+2000|2MUCD 10668|2MASS J07464256+2000321|2MASSI J0746425+200032|2MASSW J0746425+200032|CNS5 1916|GSC2 N22110125398|USNO-B1.0 1100-00150847|[B2006] J074642.5+200032|WDS J07467+2001AB|** RED    9|SDSS J074642.42+200031.8|WISEP J074642.23+200031.5|NAME 2M 0746+20 b|WISE J074642.23+200031.5|Gaia DR2 672055699133504768",
"CNS5 1917","RX J0747.2+5020",116.80778338882001,50.344027320120006,"PM*","M4.0Ve","TIC 309661100|WISEA J074713.84+502039.2|AP J07471385+5020386|Gaia DR3 982389862479141376|RX J0747.2+5020|CNS5 1917|UCAC3 281-106425|UCAC4 702-047080|2MASS J07471385+5020386|WISE J074713.84+502039.3|1RXS J074714.1+502032|PM J07472+5020|Gaia DR2 982389862479141376|Karmn J07472+503",13.09
"CNS5 192","*  54 Psc",9.8408558033525,21.25047580547778,"PM*","K0.5V","TIC 434210589|GJ 27|HIP 3093|Gaia DR3 2802397960855105920|LSPM J0039+2115|ASCC  741016|2MASS J00392187+2115024|USNO-B1.0 1112-00008299|PLX  110|*  54 Psc|2E   109|CNS5 192|AG+20   54|BD+20    85|CCDM J00394+2115A|CSI+20    85  1|Ci 20   42|GC   778|GCRV   358|GEN# +1.00003651|HD   3651|HIC   3093|HR   166|IDS 00341+2043 A|IRAS 00367+2058|JP11   400|LFT   59|LHS  1116|LTT 10224|N30  130|NLTT  2118|NSV   245|PM 00368+2059|PPM  90012|SAO  74175|SKY#  1037|SPOCS   26|TYC 1193-2072-1|UBV     512|UBV M   7543|YZ  20   193|Zkh  13|[B10]   133|uvby98 100003651|PLX  110.00|2E 0036.8+2057|WDS J00394+2115A|** STT  550A|** LUH    3A|WISEA J003921.43+211457.4|Gaia DR2 2802397960855105920|WEB   552",5.88
"CNS5 1920","L   34-26",117.30282628863,-76.70186536341,"LM*","M3Ve","TIC 272232401|NAME COCONUTS-2A|Gaia DR3 5213167330349528064|2RE J0749-764|2RE J074922-764149|2EUVE J0749-76.6|EUVE J0749-76.6|EUVE J0749-76.7|WISE J074912.36-764208.7|L   34-26|CNS5 1920|NLTT 18592|TYC 9381-1809-1|USNO-B1.0 0132-00043434|2MASS J07491271-7642065|[FS2003] 0445|1RXS J074912.9-764202|ASAS J074912-7641.9|RAVE J074912.7-764207|[CCD97] EUVE J0749-766 1|UCAC4 067-006518|PM J07492-7642|Gaia DR1 5213167326052013184|Gaia DR2 5213167330349528064",11.276
"CNS5 1929","L   34-26 B",117.78645000000002,-76.580638,"BD*","T9","NAME COCONUTS-2b|WISEA J075108.80-763449.3|L   34-26 B|CNS5 1929|WISEP J075108.79-763449.6|EQ J0751-7634|WISE J075108.80-763449.5",
"CNS5 1933","G 112-50",117.97779706883418,-0.003405283548888889,"PM*","M4.5V","TIC 471012369|TIC 122868995|Gaia DR3 3085716990368639744|PM J07519-0000N|CNS5 1933|NSV 17633|CSI+00-07494|G 112-50|GEN# +9.80112050|L  961-1|LFT  553|LTT 12077|UBV M  42535|USNO  30|2MASS J07515465-0000117|PM J07519-0000|UCAC4 450-040639|GCRV 26248|Gaia DR2 3085716990368639744|[RHG95]  1233|Zkh 112|WDS J07519+0001A|NLTT 18545|LP  603-1|** LDS 6210A|G 112-50A|LHS  1951|GJ 1103 A",13.26
"CNS5 1938","LAWD 26",118.28393292542376,-67.79205055873194,"WD*","DA9.0","TIC 300970893|GJ 293|Gaia DR3 5273943488410008832|PLX 1882|BPM  4729|CSI-67-07528|EGGR  56|GEN# +6.00204729|GEN# +9.86097012|GSC 09180-02245|L   97-12|LAWD 26|LFT  555|LHS    34|LPM 274|LTT  2981|CNS5 1938|PM 07528-6738|UBV    7660|USNO-B1.0 0222-00190851|WD 0752-67|WD 0752-676|WG  11|Zkh 114|uvby98 986097012|2MASS J07530814-6747314|PLX 1882.00|Gaia DR2 5273943488410008832|NLTT 18638",14.09
"CNS5 1950","SCR J0754-3809",118.72851107785833,-38.1604944499125,"PM*",,"TIC 131799991|UCAC4 260-022313|WISE J075454.77-380933.9|Gaia DR3 5538156819768871552|2MASS J07545484-3809381|SCR J0754-3809|CNS5 1950|WISEA J075454.77-380933.8|Gaia DR2 5538156819768871552",15.46
"CNS5 1951","L  601-78 A",118.72805700990085,-29.34898850245499,"PM*",,"L  601-78 A|** KUI   32A|LP  898-1 A|WDS J07549-2920A|Gaia DR2 5600272625752039296|GJ 3466 A|Gaia DR3 5600272625752039296|CNS5 1951",
"CNS5 1952","L  601-78 B",118.72861682628084,-29.34892062377472,"PM*",,"L  601-78 B|** KUI   32B|LP  898-1 B|WDS J07549-2920B|Gaia DR2 5600272629670698880|GJ 3466 B|Gaia DR3 5600272629670698880|CNS5 1952",
"CNS5 1956","G 253-6",118.97470219352708,83.38470638539363,"PM*","M5.0V","TIC 289972535|Gaia DR3 1148885991992198016|CNS5 1956|LSPM J0755+8323|NLTT 18441|2MASS J07555396+8323049|[RHG95]  1226|[GKL99] 173|[FS2003] 0450|USNO 426|LP    5-88|LHS  1956|GEN# +9.80253006|G 253-6|GJ 1101|FBS 0744+835|FBS L  8-31|USNO-B1.0 1733-00017837|PLX 1802.01|1RXS J075556.7+832310|EUVE J0755+83.3|WISEA J075552.14+832258.6|PM J07558+8323|Gaia DR2 1148885991992198016|Karmn J07558+833",
"CNS5 1969","G  50-12",119.53789171621293,7.28373716971,"PM*","M5V","TIC 271204416|GJ 3467|Gaia DR3 3144499458967932672|LSPM J0758+0717|NLTT 18713|2MASS J07580909+0717015|G  50-12|CNS5 1969|LTT 12102|[GKL99] 174|[RHG95]  1250|USNO-B1.0 0972-00187663|UCAC4 487-043692|PM J07581+0717|Gaia DR2 3144499458967932672|Karmn J07581+072|** CRC   14A|WDS J07582+0717A|WISE J075808.86+071701.2",
"CNS5 1970","G 111-47",119.55292527523501,41.303698563710554,"PM*","M3.5V","TIC 371272665|AP J07581269+4118134|HIP 38956|Gaia DR3 922225002820369152|CNS5 1970|TIC 471011560|TYC 2968-1142-1|PM J07582+4118|UCAC4 657-049582|LSPM J0758+4118|ASCC  402755|UCAC2  46137824|USNO-B1.0 1313-00192853|G 111-47|GEN# +9.80111047|HIC  38956|LHS  1963|NLTT 18699|UBV M  53745|USNO 133|Zkh 115|[RHG95]  1247|2MASS J07581269+4118134|PLX 1875.01|GJ 1105|Gaia DR2 922225002820369152|Karmn J07582+413",13.912
"CNS5 1972","2MASS J07584037+3247245",119.66813239146876,32.789995776774724,"BD*","T0.0+T3.5","TIC 43103262|Gaia DR3 881250430700478080|CNS5 1972|2MASS J07584037+3247245|SDSS J075840.32+324723.3|SDSS J075840.33+324723.4|SDSS J075840.32+324723.2|WISEP J075840.16+324721.0|WISE J075840.16+324720.6",
"CNS5 1976","WISE J075946.98-490454.0",119.94740612500001,-49.082421666666676,"BD*","T8","WISEA J075946.98-490454.0|CNS5 1976|WISEP J075946.98-490454.0|EQ J0759-4904|WISE J075946.98-490454.0",
"CNS5 1999","WISE J080622.22-082046.4",121.59156779166668,-8.342737722222223,"BD?",,"WISE J080622.22-082046.4|WISEA J080622.22-082046.5|CNS5 1999",
"CNS5 201","EGGR 246",10.358445842982917,-22.350636709745554,"WD*","DQ9","TIC 27986571|PSO J010.3568-22.3518|GALEX J004125.8-222103|GJ 2012|Gaia DR3 2349916559152267008|CNS5 201|EGGR 246|G  66-57|G 266-157|G 268-27|GEN# +9.80266157|L  651-57|LFT   65|LHS  1126|LP  825-669|LTT   375|PM 00390-2237|WD 0038-226|WD 0038-22|uvby98 980266157|2MASS J00412604-2221020|BPS CS 29527-0054|PLX  120.11|WISEA J004125.67-222106.3|Gaia DR2 2349916559152267008|NLTT  2258|LEHPM 889|LEHPM 891|SDSS J004125.80-222104.9",14.6
"CNS5 2029","WISE J081117.81-805141.3",122.824242,-80.86149599999999,"BD*","T9.5:","CNS5 2029|WISE J081117.81-805141.3|EQ J0811-8051|WISEA J081117.95-805141.4",
"CNS5 203","CWISE J004143.77-401929.9",10.425123500000002,-40.32055716666666,"BD*","T8pec","CWISE J004143.77-401929.9|CNS5 203",
"CNS5 2033","Ross  619",122.98987155390793,8.773042468212774,"PM*","M4.5V","TIC 334415465|GJ 299|Gaia DR3 3098328182579892096|PLX 1942|LSPM J0811+0846|NLTT 19094|2MASS J08115757+0846220|USNO-B1.0 0987-00174078|8pc 146.30|CSI+09-08092|Ci 20  462|G  52-2|G  50-22|CNS5 2033|GCRV  5431|GEN# +9.80050022|GEN# +6.10010299|JP11  5129|JP11  5130|LFT  569|LHS    35|LTT 12146|PM 08092+0859|Ross  619|USNO 429|Zkh 116|[RHG95]  1290|PLX 1942.00|UCAC4 494-048937|PM J08119+0846|WEB  7832|Gaia DR2 3098328216938651264|Karmn J08119+087",12.834
"CNS5 2037","UPM J0812-3529",123.11277501428998,-35.49536779836,"WD*","DAH","TIC 145863747|WD 0810-353|Gaia DR3 5544743925212648320|CNS5 2037|UPM J0812-3529|Gaia DR2 5544743925212648320|UCAC4 273-028648|2MASS J08122707-3529433",14.47
"CNS5 2039","L  674-15",123.17037072007041,-21.551939599598054,"PM*","M3.5V","GJ 300|Gaia DR3 5700706729031126656|TIC 437127546|PLX 1953.1|8pc 169.90|CNS5 2039|CSI-21-08105|GEN# +6.10010300|JP11  5131|L  674-15|LFT  571|LHS  1989|LP  843-1|LPM 282|LTT  3080|NLTT 19136|TIC 471012765|Zkh 117|[RHG95]  1293|2MASS J08124088-2133056|PLX 1953.10|WISEA J081240.89-213314.1|Gaia DR2 5700706729031126656|UCAC4 343-047034|PM J08126-2133|Karmn J08126-215|** CRC   16A|** HEL    2A|WDS J08127-2133A",12.13
"CNS5 2051","UPM J0815-2344",123.79665290968998,-23.73767956477,"PM*",,"TIC 437229644|Gaia DR3 5699418131466175488|CNS5 2051|UCAC3 133-99469|UCAC4 332-044363|2MASS J08151117-2344157|UPM J0815-2344|Gaia DR2 5699418131466175488",12.3
"CNS5 2053","G 113-20",124.0332554682696,1.3025736681475,"PM*","M2.0V","TIC 455139555|StKM 2-486|GJ 2066|HIP 40501|Gaia DR3 3089711447388931584|LSPM J0816+0118|TYC  196-1309-1|ASCC 1126826|UCAC2  32192525|USNO-B1.0 0913-00160889|G 113-20|CNS5 2053|GEN# +9.80113020|HIC  40501|NLTT 19217|UBV M  53750|[RHG95]  1299|2MASS J08160798+0118091|PLX 1965.12|WISEA J081607.71+011810.1|UCAC4 457-041317|PM J08161+0118|Gaia DR1 3089711374373226752|Gaia DR2 3089711447388931584|Karmn J08161+013",10.091
"CNS5 2055","2MASS J08173001-6155158",124.37499533622919,-61.92101628481527,"BD*","T6","TIC 309290163|Gaia DR3 5278042880077383040|CNS5 2055|2MASS J08173001-6155158|WISEP J081729.74-615504.1|DENIS J081730.0-615520|WISEA J081729.76-615503.8|Gaia DR2 5278042880077383040",
"CNS5 2057","L   98-59",124.53175600266377,-68.31300149044083,"PM*","M3V","Gaia DR3 5271055243163629056|2MASS J08180763-6818468|L   98-59|CNS5 2057|NLTT 19357|TYC 9193-2365-1|RAVE J081807.6-681847|WISEA J081807.80-681850.2|UCAC4 109-016513|PM J08181-6818|Gaia DR1 5271055238865107840|Gaia DR2 5271055243163629056|TIC 307210830|TOI-175",11.685
"CNS5 2059","HD  69830",124.59977903433628,-12.632171440980558,"PM*","G8:V","TIC 307624961|GJ 302|HIP 40693|Gaia DR3 5726982995343100928|2MASS J08182389-1237541|PLX 1977|BD-12  2449|CNS5 2059|Ci 20  471|GC 11325|GCRV  5498|GEN# +1.00069830|HD  69830|HIC  40693|HR  3259|IRAS 08160-1228|LFT  579|LHS   245|LPM 286|LTT  3104|NLTT 19296|PM 08160-1228|PPM 219933|SAO 154093|SKY# 15738|SPOCS  376|TD1 12166|TYC 5435-2991-1|UBV    7967|UBV M  14185|YZC 11  3159|uvby98 100069830|PLX 1977.00|LAL 16304|1RXS J081823.6-123747|Gaia DR2 5726982995343100928|WISEA J081824.16-123806.1|WISE J081824.16-123805.9|WEB  7906|** JNN  235A|** TNN    7A|WDS J08184-1238A",5.95
"CNS5 2065","2MASS J08195820-0335266",124.992527,-3.590735,"BD*","T4","TIC 178652411|CNS5 2065|WISEP J081958.05-033529.0|EQ J0819-0335|WISE J081958.05-033528.5|2MASS J08195820-0335266|WISEA J081958.04-033528.5",
"CNS5 207","L  363-38",10.858343528347081,-41.292785428472776,"PM*","M3V","TIC 118585685|GJ 3049|Gaia DR3 4999067471248893952|CNS5 207|L  363-38|LFT   69|LHS  1134|LP  989-140|LTT   400|[RHG95]   134|2MASS J00432603-4117337|RAVE J004326.0-411734|PM 00411-4134|WISEA J004325.53-411740.2|UCAC4 244-000745|PM J00434-4117|Gaia DR2 4999067471248893952|NLTT  2382",11.51
"CNS5 2071","SCR J0821-6703",125.3612566061525,-67.05556236987361,"WD*","DA10.0","TIC 307363368|Gaia DR3 5272690766709543680|2MASS J08212670-6703201|WD 0821-669|CNS5 2071|SCR J0821-6703|WISEA J082125.99-670313.0|WD 0820-668|Gaia DR2 5272690766709543680",15.34
"CNS5 2074","L  186-67",125.6975508076154,-57.44803814312444,"LM*","M4.5","TIC 342888849|RAVE J082247.4-572653|Gaia DR3 5315595737654226304|** BRG   27A|WDS J08228-5727Aa|L  186-67|LHS  2005|CNS5 2074|2MASS J08224744-5726530|RAVE J082247.5-572653|[FS2003] 0469|1RXS J082248.5-572655|UCAC4 163-015729|USNO-B1.0 0325-00126493|DENIS J082247.4-572653|** LDS  217A|WDS J08228-5727A|PM J08227-5726S|Gaia DR2 5315595737654226304|NLTT 19453|LFT  581|WISE J082246.95-572648.2",
"CNS5 2075","L  186-66",125.6994695564975,-57.44586683290111,"PM*",,"TIC 342888854|Gaia DR3 5315595737654226560|CNS5 2075|UCAC3 66-32648|2MASS J08224787-5726451|DENIS J082247.8-572644|DENIS J082247.8-572645|L  186-66|LHS  2004|** LDS  217B|WDS J08228-5727B|Gaia DR2 5315595737654226560|NLTT 19452|LFT  582|WISE J082247.39-572640.4",
"CNS5 2079","WISEA J082507.37+280548.2",126.28085112499996,28.09746211111111,"BD*","Y0.5","CNS5 2079|WISE J082507.35+280548.5|WISEA J082507.37+280548.2",
"CNS5 2080","2MASSI J0825196+211552",126.33171903034085,21.264319266151393,"BD*","L7.5V","TIC 14604618|Gaia DR3 664214600677732864|2MUCD 10721|2MASS J08251968+2115521|2MASSI J0825196+211552|2MASSW J0825196+211552|CNS5 2080|[B2006] J082519.6+211552|WISEP J082519.24+211548.5|SDSS J082519.45+211550.2|WISEA J082519.23+211548.3|Gaia DR2 664214600677732864",
"CNS5 2081","LP   35-347",126.47006444027957,69.03363625406556,"Em*","M7V","TIC 147556632|GJ 3497|Gaia DR3 1097353325107339776|CNS5 2081|LSPM J0825+6902|2MASS J08255285+6902016|LHS   246|LP   35-347|NLTT 19441|USNO 710|[RHG95]  1315|USNO-B1.0 1590-00098584|PLX 1984.01|WISEA J082551.42+690147.3|Gaia DR2 1097353325106843264",
"CNS5 2086","L  387-102",126.79930489256667,-44.98920130114805,"**","M3.5V","TIC 139745026|GJ 3500|Gaia DR3 5522879208777731200|L  387-102|LHS  2010|LTT  3139|CNS5 2086|PM 08257-4450|[RHG95]  1325|2MASS J08271183-4459215|WISEA J082711.66-445915.7|PM J08271-4459|WDS J08272-4459AB|** JOD    5|Gaia DR2 5522879208777731200|NLTT 19589|LFT  587",11.85
"CNS5 2091","SSSPM J0829-1309",127.14238183309709,-13.155511512746111,"BD*","L2","TIC 926898|Gaia DR3 5723739672264914176|2MASS J08283419-1309198|CNS5 2091|SSSPM J0829-1309|USNO-B1.0 0768-00204971|V* V484 Hya|DENIS J082834.3-130919|WISEA J082833.75-130919.5|Gaia DR2 5723739672264914176|EQ J0829-1309",
"CNS5 2093","G  51-15",127.45563663413579,26.77600670640528,"PM*","M6.5Ve","TIC 3664898|AP J08294949+2646348|GJ 1111|Gaia DR3 703790044252850688|PLX 2016.0|LSPM J0829+2646|UCAC2  41191231|2MASS J08294949+2646348|USNO-B1.0 1167-00167383|8pc 275.80|G  51-15|CNS5 2093|GEN# +9.80051015|JP11  5934|JP11  5935|LHS   248|LTT 18058|NLTT 19635|PM 08269+2657|USNO 311|V* DX Cnc|Zkh 118|[GKL99] 181|[RHG95]  1326|PLX 2016.01|UCAC4 584-042341|PM J08298+2646|Gaia DR2 703790044252850688|Karmn J08298+267",
"CNS5 2095","2MASS J08300825+4828482",127.53395668258793,48.479871849305,"BD*","L9.5","TIC 71163401|Gaia DR3 930822015518055808|CNS5 2095|2MUCD 20301|2MASS J08300825+4828482|SDSS J083008.11+482847.4|SDSS J083008.12+482847.4|SDSS J083008.12+482847.5|SDSS J083008.11+482847.3",
"CNS5 21","HD     38B",1.420844278295,45.810377607612494,"PM*","M0.5V","TIC 439949948|GJ 4 B|Gaia DR3 386653747925624576|CNS5 21|ASCC  296852|2MASS J00054090+4548374|TYC 3246-874-2|HD     38B|ADS    48 B|AG+45    3|BD+45  4408B|CCDM J00057+4548B|CSI+45  4408  1|GC    72|GCRV    40|GEN# +1.00000038B|LFT    9|LHS  1017|LTT 10015|NLTT   173|SAO  36048|VVO 120|[RHG95]    12|LSPM J0005+4548S|USNO-B1.0 1358-00002867|WDS J00057+4549B|** STT  547B|PMSC 00002+4516B|Gaia DR2 386653747924807424|WEB    78",8.995
"CNS5 2114","HD  72673",128.2145653347,-31.500851377865832,"PM*","K1V","TIC 393844873|GJ 309|HIP 41926|Gaia DR3 5640565607657897728|2MASS J08325148-3130031|PLX 2042|CNS5 2114|CD-31  6229|CPC 17  4022|CPD-31  2448|Ci 20  476|GC 11723|GCRV  5626|GEN# +1.00072673|HD  72673|HIC  41926|HR  3384|IRAS 08308-3120|LFT  591|LHS   249|LPM 294|LTT  3168|N30 1990|NLTT 19772|PM 08309-3120|PPM 285366|SAO 199352|SKY# 16301|SPOCS  388|TYC 7135-2774-1|UBV    8143|UBV M  14461|uvby98 100072673|PLX 2042.00|WISEA J083250.57-312955.0|Gaia DR1 5640553955399933824|WEB  8069|Gaia DR2 5640565607657897728",6.38
"CNS5 2117","WISE J083337.82+005214.1",128.40542266666668,0.8752412500000001,"BD*","T9","WISEA J083337.81+005213.8|EQ J083337.83+005214.2|CWISE J083338.17+005204.3|EQ J0833+0052|EQ J083338.11+005206.2|CNS5 2117|WISE J083337.82+005214.1",
"CNS5 2119","G 113-46",128.60785599937918,-1.1443203001388889,"PM*","M3.5V","TIC 121286320|GJ 2070|Gaia DR3 3073508528645520000|CNS5 2119|G 114-2|G 113-46|GEN# +9.80113046|L  963-15|LHS  6149|LP  605-37|LTT  3171|NLTT 19803|[RHG95]  1339|2MASS J08342587-0108391|PLX 2044.01|WISEA J083426.04-010844.0|UCAC4 445-047124|PM J08344-0108W|Gaia DR2 3073508528645520000",12.711
"CNS5 2125","2MASS J08354256-0819237",128.92721434331168,-8.323158924749723,"BD*","L6.5","TIC 51366173|Gaia DR3 5753687109122994048|2MUCD 10742|2MASS J08354256-0819237|2MASSI J0835425-081923|CNS5 2125|[B2006] J083542.5-081923|V* V488 Hya|WISEA J083542.14-081920.1|Gaia DR2 5753687109122994048|EQ J0835-0819",
"CNS5 2126","G 234-37",128.9543356471104,68.06920227360361,"PM*","M3.0V","Karmn J08358+680|TIC 102885744|GJ 3506|Gaia DR3 1094235934764378112|CNS5 2126|PLX 2029.0|LSPM J0835+6804|ASCC   79025|G 234-37|GEN# +9.80234037|L 1866-6|LFT  592|LHS   250|LP   59-360|LTT 12230|NLTT 19781|PM 08312+6815|TYC 4375-2402-1|USNO 519|[RHG95]  1337|2MASS J08354915+6804096|USNO-B1.0 1580-00145683|PLX 2028.01|UCAC4 791-020714|PM J08358+6804|Gaia DR1 1094235724309932160|Gaia DR2 1094235934764378112",
"CNS5 2127","BD+67   552",129.10610820693165,67.29493962051723,"**","M0.5V","TIC 102887760|MCC 254|GJ 310|HIP 42220|Gaia DR3 1093918828739878528|CNS5 2127|PLX 2037|LSPM J0836+6717|ASCC   79042|2MASS J08362561+6717419|AG+67  400|BD+67   552|Ci 20  475|G 235-2|G 234-38|GCRV  5637|GEN# +0.06700552|GSC 04133-00241|HIC  42220|LFT  593|LHS   251|LTT 12233|NLTT 19805|PM 08319+6728|PPM  16691|TYC 4133-241-1|UBV    8123|UBV M   4824|[HFE83]  591|[RHG95]  1340|USNO-B1.0 1572-00140474|PLX 2037.00|** YR   13|CCDM J08364+6718AB|WDS J08364+6718AB|UCAC4 787-019169|PM J08364+6717|WEB  8114|Gaia DR2 1093918828739148672",
"CNS5 2133","SCR J0838-5855",129.50900802221707,-58.93290707378917,"Em*","M6e","TIC 44984200|Gaia DR3 5302788969815543936|CNS5 2133|2MASS J08380224-5855583|SCR J0838-5855|WISEA J083802.10-585601.7|DENIS J083802.2-585558|Gaia DR2 5302788969813884160",17.15
"CNS5 2134","UPM J0838-2843",129.64059952398,-28.7239832704,"**",,"TIC 196466162|WISE J083833.80-284327.8|Gaia DR3 5645479806157346688|** TSN  147|WDS J08386-2843AB|CNS5 2134|RAVE J083833.7-284326|UPM J0838-2843|WISEA J083833.80-284327.8|UCAC4 307-049067|2MASS J08383373-2843261|Gaia DR2 5645479806157346688",11.864
"CNS5 2140","LSPM J0840+3127",130.06659762966,31.45189136756,"PM*","M3.5V","TIC 341526939|Gaia DR3 709563717249089792|2MASS J08401597+3127068|USNO-B1.0 1214-00166608|CNS5 2140|LSPM J0840+3127|UCAC4 608-044702|PM J08402+3127|Gaia DR2 709563717249089792|Karmn J08402+314|AP J08401597+3127068",
"CNS5 2141","V* AZ Cnc",130.12366317756792,18.402423958510276,"Em*","M6.0V","TIC 175241416|EPIC 211877657|GJ 316.1|GJ 9272|Gaia DR3 659464504288593536|AP J08402975+1824091|Cl* NGC 2632    HCG       4|LSPM J0840+1824|USNO-B1.0 1084-00175897|2MASS J08402975+1824091|2MASSI J0840297+182409|CSI+18-08377|CNS5 2141|LHS  2034|LP  425-140|NLTT 20016|RBS   716|V* AZ Cnc|Zkh 119|[FS2003] 0482|[RHG95]  1357|PLX 2067.01|1RXS J084029.9+182417|RX J0840.4+1824|WISEA J084029.07+182404.0|Gaia DR2 659464504288593536",17.59
"CNS5 2146","G 234-45",130.33386941184335,59.4973455729211,"PM*","dM5.5","TIC 445064836|GJ 3512|Gaia DR3 1040827088726734976|CNS5 2146|LSPM J0841+5929|NLTT 20004|2MASS J08412013+5929505|USNO-B1.0 1494-00183213|G 234-45|LHS   252|LP   90-18|USNO 520|[RHG95]  1355|PLX 2057.11|WISEA J084119.76+592937.0|PM J08413+5929|Gaia DR2 1040827088726734976|Karmn J08413+594",
"CNS5 2148","CD-32  5613",130.38512118770709,-32.94247661762805,"WD*","DA5.5","TIC 185617406|GJ 318|Gaia DR3 5639391810273308416|PLX 2080.1|CNS5 2148|CD-32  5613|EGGR  62|GCRV  5748|GCRV 20399|L  532-81|LAWD 28|LFT  600|LHS   253|LPM 297|LTT  3218|UBV    8413|WD 0839-32|WD 0839-327|Zkh 121|uvby98 -003205613|GEN# -0.03205613|2MASS J08413249-3256340|PLX 2080.10|PM 08396-3247|Gaia DR2 5639391810273308416|USNO-B1.0 0570-00229753|WISEA J084131.53-325618.7|WEB  8236|NLTT 20072",11.85
"CNS5 2159","HD  74576",130.82512654871584,-38.88238079093056,"PM*","K3V","TIC 181273463|GJ 320|HIP 42808|Gaia DR3 5528866839863569024|PLX 2089|2RE J0843-385|2RE J084316-385336|CD-38  4789|CPC 18  3843|CPD-38  2615|Ci 20  488|GC 12013|GCRV  5763|GEN# +1.00074576|HD  74576|HIC  42808|IRAS 08414-3842|LTT  3225|CNS5 2159|NLTT 20139|PPM 285567|SAO 199544|SKY# 16738|UBV    8470|UBV M  14656|UGP 189|uvby98 100074576|2MASS J08431805-3852569|1RXS J084318.9-385254|PLX 2089.00|EUVE J0843-38.8|TYC 7675-3469-1|RAVE J084318.0-385257|Gaia DR1 5528866835560139520|WEB  8268|Gaia DR2 5528866839863569024",6.56
"CNS5 2182","* rho01 Cnc",133.14921293501794,28.330820831797222,"PM*","K0IV-V","TIC 332064670|TOI-1773|GJ 324 A|HIP 43587|Gaia DR3 704967037090946688|PLX 2117|WDS J08526+2820A|LSPM J0852+2819|ASCC  678466|2MASS J08523579+2819509|USNO-B1.0 1183-00181854|*  55 Cnc|* rho01 Cnc|AG+28  954|BD+28  1660|BD+28  1660A|CSI+28  1660  1|Ci 20  494|GC 12244|CNS5 2182|GCRV  5843|GEN# +1.00075732A|HD  75732|HIC  43587|HR  3522|JP11  1727|LFT  609|LHS  2062|LTT 12310|N30 2085|NLTT 20414|PM 08496+2831|PM 08496+2831A|PPM  99117|SAO  80478|SKY# 17095|SPOCS  407|TYC 1949-2012-1|UBV M  14808|UBV    8589|YPAC 155|YZ  28  4722|[B10]  2380|uvby98 100075732 A|AKARI-IRC-V1 J0852355+281949|IRAS 08496+2831|** LDS 6219A|* rho Cnc|WISEA J085235.41+281948.5|Gaia DR2 704967037090946688|NAME Copernicus|WEB  8400",
"CNS5 2183","* rho01 Cnc B",133.17026142588543,28.316339262567784,"PM*","M4.5V","TIC 332064684|AP J08524084+2818589|BD+28  1660B|HD  75732B|GJ 324 B|Gaia DR3 704966762213039488|WDS J08526+2820B|LSPM J0852+2818|USNO-B1.0 1183-00181876|*  55 Cnc B|* rho Cnc B|2E  2061|CSI+28  1660  2|G  47-9|G  51-28|CNS5 2183|GEN# +1.00075732B|LFT  610|LHS  2063|LTT 12311|NLTT 20418|PM 08497+2830|UBV    8592|USNO 712|[RHG95]  1383|2MASS J08524084+2818589|2E 0849.6+2830|PM 08496+2831B|** LDS 6219B|WISEA J085240.47+281856.2|* rho01 Cnc B|UCAC4 592-044672|PM J08526+2818|Gaia DR2 704966762213039488|Karmn J08526+283",
"CNS5 2186","LP  666-9",133.40066866588333,-3.492277084874167,"BD*","M9Ve","TIC 7975441|SIPS J0853-0329|Karmn J08536-034|GJ 3517|Gaia DR3 5761985432616501376|2MUCD 10776|2MASS J08533619-0329321|2MASSI J0853362-032932|2MASSW J0853361-032931|CNS5 2186|LHS  2065|LP  666-9|NLTT 20475|[GKL99] 190|[RHG95]  1387|PLX 2122.01|[B2006] J085336.2-032932|WISEP J085335.80-032934.2|WISEA J085335.79-032934.3|Gaia DR2 5761985432616501376",18.959
"CNS5 2194","WISEA J085510.74-071442.5",133.81890825,-7.247048000000001,"BD*","Y2","CNS5 2194|WISE J085510.83-071442.5|WISEA J085510.74-071442.5",
"CNS5 2197","HD  75632A",133.85330469873415,70.79431668061278,"SB*","M1V","GJ 325 A|Gaia DR3 1118916397395366656|CNS5 2197|Gaia DR2 1118916393099060992|TYC 4378-2162-1|CCDM J08555+7048A|G 252-24A|LHS   256|WDS J08554+7048A|LSPM J0855+7047W|LFT  612|LTT 12317|NLTT 20460|GCRV  5847|[RHG95]  1385|BD+71   482A|HD  75632A|Gaia DR1 1118916393099060992|WEB  8431|TIC 802622516",8.82
"CNS5 2198","HD  75632B",133.85383709648832,70.79393743269806,"PM*","M1V","GJ 325 B|Gaia DR3 1118916397393675648|CNS5 2198|ADS  7067 B|BD+71   482B|CCDM J08555+7048B|CSI+71   482  2|G 252-24B|GC 12269|GCRV  5848|LFT  613|LHS   257|LTT 12318|NLTT 20463|SAO   6683|TYC 4378-2162-2|[RHG95]  1386|LSPM J0855+7047E|WDS J08554+7048B|** STF 1280B|Gaia DR2 1118916393099266048|HD  75632B|Gaia DR1 1118916393099266048|TIC 802622517",8.94
"CNS5 22","HD     38A",1.4209253321670836,45.812097429635834,"SB*","K6V","TIC 439949946|GJ 4 A|Gaia DR3 386653851004022144|CNS5 22|TYC 3246-874-1|LSPM J0005+4548N|ASCC  296851|2MASS J00054091+4548435|HD     38A|ADS    48 A|AG+45    2|BD+45  4408A|CABS   2|CCDM J00057+4548A|CSI+45  4408  2|G 171-40A|GC    71|GCRV    39|GEN# +1.00000038A|LFT    8|LHS  1016|LTT 10014|NLTT   172|SAO  36046|VVO 119|[RHG95]    11|USNO-B1.0 1358-00002866|WDS J00057+4549A|** STT  547A|PMSC 00002+4516A|Gaia DR2 386653851004022144|WISEA J000541.85+454838.9",8.826
"CNS5 2203","G  41-8",134.08144129215,12.663827747409997,"LM*","M6V","TIC 437041669|Gaia DR3 605079910398496640|LSPM J0856+1239|ASCC  946805|UCAC2  36293691|USNO-B1.0 1026-00199027|G  41-8|CNS5 2203|NLTT 20558|2MASS J08561956+1239500|WISEA J085619.51+123947.1|UCAC4 514-048775|PM J08563+1239|Gaia DR2 605079910398496640|** JNN  274|WDS J08563+1239AB|WISE J085619.51+123947.3|1RXS J085619.2+123943|EPIC 211467243",14.48
"CNS5 2207","WISE J085716.24+560407.6",134.32125816666667,56.06946122222223,"BD*","T8","WISEA J085716.21+560407.5|CNS5 2207|WISEP J085716.25+560407.6|EQ J0857+5604|WISE J085716.24+560407.6",
"CNS5 2208","2MASS J08575849+5708514",134.49363393428706,57.14761500718167,"BD*","L7V","TIC 289602110|Gaia DR3 1037131492704550656|CNS5 2208|2MASS J08575849+5708514|2MUCD 20320|SDSS J085758.44+570851.4|SDSS J085758.45+570851.4|WISEP J085757.95+570847.5|SDSS J085758.45+570851.3|WISEA J085757.94+570847.3|Gaia DR2 1037131492704550656|WISE J085757.95+570847.5",
"CNS5 2209","G   9-38B",134.56311721624292,19.762732423316113,"PM*","M7V","GJ 1116 B|Gaia DR3 660597997697274752|8pc 191.20B|G   9-38B|CNS5 2209|LHS  2077|NLTT 20637|USNO 315|Zkh 124|[RHG95]  1399|WDS J08582+1945B|** LDS 3836B|[GKL99] 193|Gaia DR2 660597997697274752|LSPM J0858+1945B|TIC 800884691",13.75
"CNS5 2210","G   9-38A",134.56281221299125,19.763405033714996,"PM*","M8Ve","GJ 1116 A|Gaia DR3 660597997696173440|CNS5 2210|G   9-38A|WDS J08582+1945A|** LDS 3836A|NLTT 20638|8pc 191.20A|Zkh 123|LHS  2076|[GKL99] 192|Gaia DR2 660597997696173440|LSPM J0858+1945A|TIC 800884690",13.93
"CNS5 2217","G  41-14",134.73467,8.4739078,"SB*","M3.5V","TIC 283784587|AP J08585633+0828259|StKM 2-528|GJ 3522|LSPM J0858+0828|NLTT 20670|2MASS J08585633+0828259|USNO-B1.0 0984-00186842|2RE J0858+082|2RE J085855+082754|G  41-14|G  46-14|CNS5 2217|GEN# +9.80041014|IRAS 08562+0840|LHS  6158|LTT 12352|RBS   732|RE J0858+082|RE J085854+082822|UBV M  53553|[FS2003] 0491|[GKL99] 194|[RHG95]  1405|1RXS J085855.4+082825|EUVE J0858+08.4|RX J0858.9+0828|[ZEH2003] RX J0858.9+0828  1|PMSC 08535+0852|** DEL    2|WDS J08589+0829AB|WISEA J085856.58+082822.9|UCAC4 493-053349|PM J08589+0828",10.98
"CNS5 2224","2MASSI J0859254-194926",134.85616,-19.824135,"BD*","L8","TIC 118827078|2MUCD 10789|2MASS J08592547-1949268|2MASSI J0859254-194926|CNS5 2224|WISEA J085925.21-194927.9|WISE J085925.22-194927.9",
"CNS5 2232","LP  368-128",135.09810882668793,21.834694814169445,"PM*","M6.5Ve","TIC 203225829|Gaia DR3 685103912857072640|LSPM J0900+2150|UCAC2  39486538|CNS5 2232|LHS  2090|LP  368-128|NLTT 20726|EPIC 212090371|2MASS J09002359+2150054|USNO-B1.0 1118-00189098|WISEA J090023.15+214958.6|Gaia DR2 685103912857072640|Karmn J09003+218",16.1
"CNS5 2233","G 115-42",135.13531838205583,46.58641560387806,"PM*","M4.5Ve","TIC 29168887|GJ 1119|Gaia DR3 1010729194865571456|CNS5 2233|Cl* Melotte   25    EGG      31|LSPM J0900+4635|2MASS J09003254+4635117|USNO-B1.0 1365-00199489|G 115-42|L 1684-5|LFT  626|LHS  2092|LP  165-10|LTT 12354|NLTT 20711|PM 08572+4646|USNO 430|[GKL99] 195|[RHG95]  1408|PLX 2149.01|PM J09005+4635|UCAC4 683-052223|Gaia DR2 1010729194865571456|Karmn J09005+465|1RXS J090031.6+463450",13.314
"CNS5 2249","G 234-53",135.72029652184585,68.06293726176888,"PM*","M4.0V","TIC 219704346|Karmn J09028+680|GJ 3526|Gaia DR3 1117132130541140736|CNS5 2249|LSPM J0902+6803|G 234-53|LP   60-179|NLTT 20759|[RHG95]  1417|2MASS J09025284+6803464|USNO-B1.0 1580-00148242|PLX 2149.02|UCAC4 791-021107|PM J09028+6803|Gaia DR2 1117132130541140736",12.622
"CNS5 2266","2MASS J09083803+5032088",137.15837157151373,50.53561259478167,"BD*","L8","TIC 150171368|Gaia DR3 1016186483391641216|CNS5 2266|2MUCD 10802|2MASS J09083803+5032088|2MASSI J0908380+503208|SDSS J090837.91+503207.5|WISEP J090837.56+503203.6|WISEA J090837.55+503203.3|Gaia DR2 1016186483389930752",
"CNS5 2292","SCR J0914-4134",138.57262042390164,-41.57718136440917,"PM*",,"TIC 3127674|UCAC4 243-034422|WISE J091416.92-413432.2|Gaia DR3 5427791278545931264|2MASS J09141746-4134383|SCR J0914-4134|CNS5 2292|WISEA J091416.90-413432.1|Gaia DR2 5427791278545931264",15.01
"CNS5 2293","HD  79210",138.59489526034582,52.686608750931384,"SB*","K7V","TIC 251078595|WISE J091421.12+524105.9|AKARI-IRC-V1 J0914208+524106|AP J09142298+5241125|StKM 2-551|GJ 338 A|HIP 45343|Gaia DR3 1022456139210632064|PLX 2198|CNS5 2293|ASCC  253740|2MASS J09142298+5241125|USNO-B1.0 1426-00239069|8pc 161.59A|ADS  7251 A|AG+52  752|BD+53  1320|CCDM J09144+5241A|CSI+53  1320  1|Ci 20  516|G 195-17|GC 12727|GCRV  6031|GEN# +1.00079210A|HD  79210|HIC  45343|IDS 09078+5307 A|JP11  1780|LFT  634|LHS   260|LTT 12425|NLTT 21249|PM 09110+5254|PPM  32059|SAO  27178|SKY# 17822|TYC 3806-1814-1|UBV    8824|YZ  52  3333|YZC 26  3333|Zkh 125|[GKL99] 197|[RHG95]  1451|uvby98 100079210 A|LSPM J0914+5241W|[ZEH2003] RX J0914.4+5241  1|WDS J09144+5241A|** STF 1321A|UCAC4 714-048098|WEB  8637|Gaia DR2 1022456139210632064|PM J09143+5241|Karmn J09143+526",
"CNS5 2295","HD  79211",138.60284519441623,52.686361797752774,"PM*","M0V","TIC 251078597|AKARI-IRC-V1 J0914230+524106|AP J09142485+5241118|StKM 2-552|GJ 338 B|Gaia DR3 1022456104850892928|CNS5 2295|ASCC  253742|2MASS J09142485+5241118|LSPM J0914+5241E|USNO-B1.0 1426-00239093|8pc 159.48B|ADS  7251 B|AG+52  753|AGKR  8302|BD+53  1321|CCDM J09144+5241B|G 195-18|GC 12728|GCRV  6030|GEN# +1.00079211|HD  79211|HIC 120005|HIP 120005|IDS 09078+5307 B|JP11  1781|LAL 18115|LFT  635|LHS   261|LTT 12426|NLTT 21251|PPM  32060|RBS   755|SAO  27179|SKY# 17825|TYC 3806-1819-1|UBV    8825|YZ  52  3335|YZC 26  3335|Zkh 126|[GKL99] 198|[RHG95]  1452|uvby98 100079211|1RXS J091424.4+524118|RX J0914.4+5241|[ZEH2003] RX J0914.4+5241  2|WDS J09144+5241B|** STF 1321B|UCAC4 714-048102|Gaia DR1 1022456100555749632|WEB  8638|Gaia DR2 1022456104850892928|PM J09144+5241|Karmn J09144+526",
"CNS5 2299","G 161-7",138.901675,-10.5964525,"**","M5.0V","TIC 60764070|Gaia DR3 5742299050967060352|2MASS J09153642-1035470|CNS5 2299|FBS L 10-63|FBS 0913-103|G 161-7|GSC 05462-01332|LHS  6167|NLTT 21329|1RXS J091535.4-103538|RAVE J091536.4-103547|WISEA J091536.10-103549.2|WDS J09156-1036AB|** MTG    2|UCAC3 159-103564|UCAC4 398-046795|PM J09156-1035|Gaia DR2 5742299050967060352|Karmn J09156-105AB|WISE J091536.11-103549.0",13.804
"CNS5 230","2MASS J00470038+6803543",11.751611,68.065102,"BD*","L9pec","TIC 368451406|CNS5 230|WISEP J004701.06+680352.1|2MASS J00470038+6803543|WISE J004701.07+680352.1|WISEA J004701.09+680352.2",
"CNS5 2300","EGGR 250",138.98365595786962,53.423293781253605,"WD*","DCP7","TIC 251080865|PSO J138.9764+53.4188|GJ 339.1|Gaia DR3 1022780838739029120|CNS5 2300|LSPM J0915+5325|USNO-B1.0 1434-00202946|2MASS J09155623+5325249|CSI+53-09125|EGGR 250|G 195-19|GEN# +9.80195019|LHS   262|NLTT 21302|PG 0912+536|PM 09125+5339|SBSS 0912+536|UBV M  53831|USNO 431|WD 0912+53|WD 0912+536|uvby98 980195019|PLX 2199.02|SDSS J091555.97+532523.0|SDSS J091555.99+532522.8|Gaia DR2 1022780838737369216|WISEA J091554.79+532512.0|PM J09159+5325|SDSS J091555.98+532522.8",
"CNS5 2304","L  749-34",139.0860186118946,-18.62580579344361,"PM*","M2V","TIC 5362024|StKM 2-554|GJ 3543|Gaia DR3 5680147991886954240|CNS5 2304|L  749-34|LP  787-52|LTT  3412|NLTT 21361|TYC 6032-282-1|[RHG95]  1460|2MASS J09162066-1837329|WISEA J091620.41-183731.3|UCAC4 357-054284|PM J09163-1837|Gaia DR1 5680147987591902848|Gaia DR2 5680147991886954240|Karmn J09163-186",10.739
"CNS5 2308","L   35-12",139.272182551345,-77.82316207800694,"PM*","M4.5V","TIC 452465896|GJ 1123|Gaia DR3 5203276810942065536|GEN# +9.86035012|L   35-12|LFT  640|LHS   263|LTT  3435|CNS5 2308|USNO-B1.0 0121-00045493|Zkh 127|[RHG95]  1477|2MASS J09170532-7749233|WISEA J091707.36-774931.7|GCRV 26254|PM J09170-7749|Gaia DR2 5203276810942065536|NLTT 21495|PM 09175-7737",13.1
"CNS5 2323","2MASS J09205549+4539058",140.23118419064124,45.65140866840917,"BD*","L9.5","TIC 105377256|WISEA J092055.41+453855.9|Gaia DR3 818808375085298944|CNS5 2323|2MASS J09205549+4539058|WISE J092055.40+453856.3|PSO J140.2308+45.6487|EQ J0920+4538",
"CNS5 2325","SIPS J0921-2104",140.30877870554292,-21.079004914237778,"BD*","L1","TIC 380532990|WISE J092114.28-210453.8|Gaia DR3 5676353096222033792|2MUCD 20336|2MASS J09211410-2104446|CNS5 2325|SIPS J0921-2104|DENIS J092114.1-210445|WISEA J092114.29-210454.1|Gaia DR2 5676353096222033792",
"CNS5 2327","HD 304636",140.4066730826771,-60.28195278293972,"PM*","M0V","TIC 359271092|TOI-741|GJ 341|HIP 45908|Gaia DR3 5299440441521812992|PLX 2238|CD-59  2351|CPD-59  1362|CSV 102618|Ci 20  522|GEN# +1.00304636|HD 304636|HIC  45908|L  140-9|LFT  643|LHS  2128|LPM 310|LTT  3453|CNS5 2327|NLTT 21618|NSV  4470|UGP 204|Zkh 128|[RHG95]  1482|2MASS J09213761-6016551|GEN# -0.05902351|PLX 2238.00|TYC 8940-2067-1|WISEA J092136.40-601653.0|UCAC4 149-024267|PM J09216-6016|Gaia DR1 5299439715658828032|Gaia DR2 5299440441521812992",9.465
"CNS5 2328","LP  607-32",140.45054109442,-2.3287057945899994,"PM*","M2.5V","TIC 281234286|Gaia DR3 3838384617141390208|CNS5 2328|RAVE J092148.1-021943|2MASS J09214812-0219433|USNO-B1.0 0876-00277172|DENIS J092148.1-021943|UCAC4 439-049099|PM J09218-0219|Gaia DR2 3838384617141390208|Karmn J09218-023|NLTT 21569|LP  607-32",12.114
"CNS5 233","HD   4628",12.095733229549584,5.280613745820556,"PM*","K2.5V","1RXS J004822.3+051729|TIC 257393898|GJ 33|HIP 3765|Gaia DR3 2552925644460225152|AP J00482303+0516497|PLX  156|LSPM J0048+0516|ASCC 1001742|2MASS J00482303+0516497|USNO-B1.0 0952-00007478|8pc 134.04|CNS5 233|AG+05   87|BD+04   123|CCDM J00483+0516A|CSI+04   123  1|Ci 20   55|FK5 1019|GC   959|GCRV   445|GEN# +1.00004628|HD   4628|HIC   3765|HR   222|IDS 00431+0446 A|IRAS 00457+0500|JP11   421|LAL  1299|LFT   73|LHS   121|LTT 10285|N30  162|NLTT  2668|PM 00458+0501|PMC 90-93   663|PPM 143910|SAO 109471|SKY#  1245|SPOCS   40|TD1   447|TYC   17-1398-1|UBV     655|UBV M   7661|Wolf   25|YZ   5   204|Zkh  14|[HFE83]   28|uvby98 100004628|PLX  156.00|2EUVE J0048+05.2|EUVE J0048+05.3|EUVE J0048+05.2|WDS J00484+0517A|GAT  131|** BUP   10A|WISEA J004823.57+051638.1|EPIC 220429217|WEB   670|Gaia DR2 2552925644460225152",5.74
"CNS5 2349","HD  82106",142.47843826217374,5.6551314860244455,"PM*","K3V","TIC 383188202|GJ 349|HIP 46580|Gaia DR3 3852570413083923072|PLX 2256|LSPM J0929+0539|ASCC 1037817|USNO-B1.0 0956-00181133|2E  2148|AG+05 1416|AGKR  8552|BD+06  2182|Ci 18 1126|Ci 20  529|GCRV  6153|GEN# +1.00082106|CNS5 2349|HD  82106|HIC  46580|IRAS 09273+0552|L 1110-41|LFT  652|LHS  2147|LTT 12507|N30 2256|NLTT 21909|PM 09272+0552|PM 09273+0552|PPM 400140|SAO 117737|SKY# 18354|SPOCS  424|TYC  234-468-1|UBV    9054|UBV M  15448|YZ   5  5149|uvby98 100082106|2MASS J09295482+0539184|PLX 2256.00|1RXS J092955.6+053920|2E 0927.2+0552|RX J0929.9+0539|[ZEH2003] RX J0929.9+0539  1|RAVE J092954.8+053919|WISEA J092954.46+053919.7|Gaia DR1 3852570443148176128|WEB  8787|Gaia DR2 3852570413083923072",7.197
"CNS5 2355","G  48-20",142.68577246453918,0.32266495895972225,"PM*","M3.5V","TIC 383218397|LAMOST J093044.57+001921.4|HIP 46655|Gaia DR3 3840711729206827520|CNS5 2355|TIC 471011612|WISEA J093044.18+001915.9|TYC  235-2371-1|UCAC4 452-046863|GCRV 26257|PLX 2261.0|LSPM J0930+0019|ASCC 1131253|USNO-B1.0 0903-00180822|G  48-20|GEN# +9.80048020|HIC  46655|L 1038-28|LFT  653|LHS  2149|LP  607-58|LTT 12513|NLTT 21945|UBV M  42545|USNO 604|[RHG95]  1501|2MASS J09304457+0019214|PLX 2260.01|PM J09307+0019|GJ 1125|Gaia DR2 3840711729206827520|Karmn J09307+003|AP J09304457+0019214",11.71
"CNS5 2357","Ross  440",142.83090011432452,-13.488593193513886,"**","M3V","TIC 293521985|MCC 26|StKM 2-575|GJ 352|HIP 46706|PLX 2267|BD-12  2918|WDS J09313-1329AB|CCDM J09313-1329AB|CNS5 2357|CSI-12  2918  1|Ci 20  533|GCRV  6166|GSC 05472-00348|HIC  46706|IDS 09265-1303 AB|IRAS 09289-1316|JP11   286|JP11   287|JP11   288|JP11   289|LFT  656|LHS  2151|LPM 317|LTT  3500|NLTT 21974|NSV  4515|PPM 716066|Ross  440|UBV   13536|UBV    9081|UBV M   5362|2MASS J09311936-1329192|** KPR   41|WISEA J093119.93-132918.9|UCAC4 383-056111|PM J09313-1329|Zkh 129|[RHG95]  1507|** KUI   41|Zkh 130|[RHG95]  1508|1RXS J093118.9-132909|TYC 5472-348-1|WEB  8811|Gaia DR2 5690031948585514496|GEN# -0.01202918",10.067
"CNS5 2362","BD+36  1970",142.98472052612752,36.320228757363054,"PM*","M1V","TIC 450298091|MCC 548|StKM 2-574|GALEX J093156.2+361911|GJ 353|HIP 46769|Gaia DR3 798914636327665536|PLX 2262|LSPM J0931+3619|TYC 2500-1091-1|ASCC  489609|UCAC2  44484581|AG+36  930|BD+36  1970|Ci 20  532|G 116-36|G 117-21|GCRV  6165|CNS5 2362|HIC  46769|LFT  655|LHS  2155|LTT 12516|NLTT 21970|PPM  74582|SAO  61548|[RHG95]  1509|2MASS J09315632+3619129|USNO-B1.0 1263-00176780|PLX 2262.00|WISEA J093156.14+361907.5|UCAC4 632-045179|PM J09319+3619|Gaia DR1 798914632030688896|WEB  8824|Gaia DR2 798914636327665536|Karmn J09319+363",
"CNS5 2366","* tet UMa",143.21429555749293,51.67731480847444,"PM*","F7V","TIC 150226696|GJ 354|HIP 46853|Gaia DR3 1018776176872261248|CNS5 2366|PLX 2266|SPOCS 2739|LSPM J0932+5140|ASCC  254182|2MASS J09325151+5140384|* tet UMa|*  25 UMa|AG+51  758|BD+52  1401|CSI+52  1401  1|Ci 20  534|FK5  358|GC 13157|GCRV  6175|HD  82328|HIC  46853|HR  3775|IRC +50198|JP11  1825|LFT  658|LHS   270|LTT 12519|N30 2266|NLTT 21999|NSV  4519|PM 09295+5154|PMC 90-93   257|PPM  32203|RAFGL 4746S|ROT  1479|SAO  27289|SBC7   381|SKY# 18471|TD1 14002|UBV    9077|UBV M  15473|[HFE83]  662|USNO-B1.0 1416-00216012|PLX 2266.00|TYC 3432-1451-1|CSI+52  1401  2|[RHG95]  1511|AKARI-IRC-V1 J0932504+514034|IRAS 09294+5154|WISE J093250.11+514032.4|IRAS F09294+5154|uvby98 100082328|WEB  8835|Gaia DR2 1018776176871826048|ADS  7420 A|GEN# +1.00082328|IDS 09262+5208 A|WDS J09329+5141A|** BU 1071A|CCDM J09329+5141A",3.18
"CNS5 2372","*  11 LMi",143.91459247390253,35.810132514215276,"RS*","G8Va","TIC 8915802|AP J09353959+3548366|GJ 356 A|HIP 47080|Gaia DR3 798068905726303232|PLX 2280|SPOCS 2740|LSPM J0935+3548|ASCC  489717|2MASS J09353959+3548366|USNO-B1.0 1258-00174944|*  11 LMi|AG+36  941|BD+36  1979|CSI+36  1979  1|Ci 20  536|GC 13242|GCRV  6201|GSC 02500-01533|CNS5 2372|HD  82885|HIC  47080|HR  3815|JP11  1835|LFT  659|LHS  2156|LTT 12535|NLTT 22117|PM 09327+3602|PPM  74631|RBS   787|ROT  1489|SAO  61586|SKY# 18552|UBV M  15546|UBV    9140|USNO 832|V* SV LMi|YPAC 479|uvby98 100082885 ABV|1RXS J093540.6+354902|2EUVE J0935+35.8|EUVE J0935+35.8|RX J0935.6+3549|[ZEH2003] RX J0935.6+3549  1|AKARI-IRC-V1 J0935390+354835|IRAS 09326+3602|WISEA J093538.92+354834.4|** HU 1128A|ADS  7441 A|GEN# +1.00082885|IDS 09297+3616 A|CCDM J09357+3549A|WDS J09357+3549A|CSI+36  1979  2|Zkh 131|TYC 2500-1533-1|WEB  8866|Gaia DR2 798068905726303232",5.34
"CNS5 2373","*  11 LMi B",143.91640348477085,35.81095551260499,"PM*",,"GJ 356 B|Gaia DR3 798068940086479104|ADS  7441 B|BD+36  1979B|CCDM J09357+3549B|CSI+36  1979  3|CNS5 2373|IDS 09297+3616 B|Zkh 132|[RHG95]  1519|WDS J09357+3549B|** HU 1128B|HD  82885B|*  11 LMi B|Gaia DR2 798068935792448512",13.0
"CNS5 2374","L  678-39",144.0068217372529,-21.660799335197776,"PM*","M2.5V","TIC 413248763|TOI-562|StKM 2-577|GJ 357|HIP 47103|Gaia DR3 5664814198431308288|PLX 2281.1|CNS5 2374|CSI-21-09339|CSI-21-09337|HIC  47103|L  678-39|LFT  661|LHS  2157|LP  788-6|LPM 321|LTT  3534|NLTT 22154|PM 09337-2125|TYC 6055-1283-1|Zkh 133|[RHG95]  1522|2MASS J09360161-2139371|PLX 2281.10|WISEA J093601.73-213948.8|GCRV 26259|UCAC4 342-056630|PM J09360-2139|Gaia DR1 5664814198431308288|Gaia DR2 5664814198431308288|Karmn J09360-216",10.906
"CNS5 238","* eta Cas B",12.271632750996249,57.81782624126639,"PM*","K7Ve","TIC 445258198|AP J00490516+5749037|GJ 34 B|Gaia DR3 425040000962497792|CNS5 238|2MASS J00490516+5749037|LSPM J0049+5749|NLTT  2689|ASCC  159210|USNO-B1.0 1478-00036287|* eta Cas B|8pc 167.99B|ADS   671 B|BD+57   150B|CCDM J00491+5749B|CSI+57   150  9|GCRV   448|GEN# +1.00004614B|HD   4614B|LFT   75|LHS   122|LTT 10288|ROT  3535|TYC 3663-2669-2|Zkh  16|[RHG95]   156|WDS J00491+5749B|** STF   60B|WEB   678|Gaia DR2 425040000959067008|Karmn J00490+578",7.51
"CNS5 2383","2MASSI J0937347+293142",144.395332,29.528053,"BD*","T6","TIC 330794872|CWISE J093735.98+293120.8|EQ J093735.65+293127.2|2MASS J09373487+2931409|2MASSI J0937347+293142|CNS5 2383|WISEP J093735.61+293127.7|WISEA J093735.63+293127.2|EQ J0937+2931|WISE J093735.61+293127.7|SDSS J093735.17+293135.7",
"CNS5 2389","2MASS J09393548-2448279",144.897874,-24.807762,"BD*","T8","TIC 314997365|CWISE J093936.13-244844.3|EQ J0939-2448|EQ J093936.13-244844.0|2MASS J09393548-2448279|CNS5 2389|WISEA J093935.93-244838.9|WISE J093935.91-244838.5",
"CNS5 239","* eta Cas",12.276227476217503,57.81517728880999,"PM*","F9V","TIC 445258206|IDS 00430+5717 A|GJ 34 A|HIP 3821|Gaia DR3 425040000962559616|CNS5 239|AP J00490622+5748545|PLX  155|LSPM J0049+5748|ASCC  159214|USNO-B1.0 1478-00036288|*  24 Cas|* eta Cas|1RXS J004904.0+574917|2E   191|AG+57   81|BD+57   150|CSI+57   150  8|CSI+57   150  1|Ci 20   56|GC   962|GCRV   447|HD   4614|HIC   3821|HR   219|IRAS 00461+5732|IRC +60019|JP11   419|LFT   74|LHS   123|LTT 10287|N30  163|NLTT  2690|PM 00461+5733|PPM  25718|ROT  6014|ROT  3488|SAO  21732|SBC7    31|SKY#  1265|SPOCS   41|TD1   443|UBV     650|USNO 793|V* eta Cas|Wolf   24|Zkh  15|2E 0046.1+5733|NAME Achird|uvby98 100004614|WEB   675|Gaia DR2 425040000951479424|GEN# +1.00004614A|* eta Cas A|8pc 167.99A|ADS   671 A|BD+57   150A|CCDM J00491+5749A|WDS J00491+5749A|TYC 3663-2669-1|2MASS J00490622+5748545|** STF   60A|HD   4614A",3.44
"CNS5 2390","CD-40  5404",144.94320331857958,-41.06755678375362,"**","M3V","TIC 259999047|GJ 358|HIP 47425|Gaia DR3 5425628298649940608|PLX 2299.1|CD-40  5404|CF 20558|CPD-40  3789|GEN# -0.04005404|HIC  47425|JP11   329|L  390-5|LFT  666|LHS  2166|LPM 323|LTT  3547|CNS5 2390|NSV  4574|PM 09378-4050|[GKL99] 207|[RHG95]  1525|2MASS J09394631-4104029|PLX 2299.10|1RXS J093945.7-410405|ASAS J093945-4104.0|WISEA J093945.87-410359.4|** TDS 6725|WDS J09398-4104AB|Gaia DR2 5425628298649940608|UCAC4 245-038789|PM J09397-4104|Gaia DR1 5425628294349348864|NLTT 22318",10.694
"CNS5 2392","Ross   92",145.25855385715542,22.024539543968054,"PM*","dM5.0","TIC 92007090|GJ 359|Gaia DR3 640862653425455360|PLX 2295|LSPM J0941+2201|2MASS J09410199+2201291|USNO-B1.0 1120-00197889|CSI+22-09382|Ci 20  539|G  49-20|GEN# +6.10010359|GEN# +9.80049020|CNS5 2392|LFT  667|LHS  2171|LTT 12559|NLTT 22332|PM 09382+2216|Ross   92|UBV M  42946|USNO 138|[RHG95]  1526|PLX 2295.00|WISEA J094102.40+220123.1|Gaia DR2 640862653425455360|UCAC4 561-049327|PM J09410+2201",
"CNS5 2393","Ross   85",145.2931680658796,13.209562268185836,"PM*","M2.5V","Karmn J09411+132|TIC 307646256|1RXS J094110.6+131242|MCC 551|GES J09410971+1312324|GJ 361|HIP 47513|Gaia DR3 614543647497149056|PLX 2298|AC +13  1301|LSPM J0941+1312|ASCC  948734|UCAC2  36470874|USNO-B1.0 1032-00196900|CSI+13-09385|Ci 20  540|G  42-17|GCRV  6241|GEN# +9.80042017|CNS5 2393|HIC  47513|LFT  670|LHS  2173|LTT 12562|NLTT 22345|PM 09385+1326|Ross   85|TYC  827-1159-1|[RHG95]  1528|2MASS J09411033+1312344|PLX 2298.00|WISEA J094109.88+131232.9|UCAC4 517-050105|PM J09411+1312|Gaia DR1 614543643201618304|WEB  8913|Gaia DR2 614543647497149056",10.37
"CNS5 2398","G 236-1",145.64516970495166,70.0338789810964,"PM*","M2.5Ve","TIC 142439879|MCC 550|GJ 360|HIP 47620|Gaia DR3 1071194431653425280|AC +70  4336|CNS5 2398|PLX 2291|WDS J09427+7004A|ASCC   29889|USNO-B1.0 1600-00086516|AC +70  4336-0|CCDM J09427+7002A|CSI+70-09384|G 252-41|G 236-1|G 235-35|GSC 04386-01705|HIC  47620|IDS 09341+7030 A|IDS 09340+7031 A|LFT  669|LHS  2176|LTT 12561|NLTT 22340|TYC 4386-1705-1|[OBB97] 5-1A|[RHG95]  1527|2MASS J09423493+7002024|LSPM J0942+7002W|[OBB97] 6-1|PLX 2291.00|** OSV    3A|PM J09425+7002|UCAC4 801-019565|Gaia DR1 1071195904826162176|Gaia DR2 1071194431653425280|Karmn J09425+700",10.58
"CNS5 240","Wolf   28",12.291243072220414,5.388609396929721,"WD*","DZ7.5","TIC 257219223|HIP 3829|Gaia DR3 2552928187080872832|CNS5 240|TIC 471011239|WISEA J004910.78+052249.8|TYC   17-1272-1|NAME van Maanen's Star|NAME van Maanen Star|NAME van Maanen 2|GCRV 26270|PLX  160|LSPM J0049+0523|ASCC 1001769|2MASS J00490996+0523173|USNO-B1.0 0953-00007838|8pc 226.95|AC +05     6-75|CSI+05-00465|Ci 20   58|EGGR   5|G   1-27|G  70-16|GAT  135|GCRV   453|GEN# +9.80001027|HIC   3829|LAWD  6|LFT   76|LHS     7|LTT 10292|NAME vMA 2|NLTT  2724|PM 00465+0509|UBV     668|UCAC2  33505597|USNO 690|WD 0046+05|WD 0046+051|Wolf   28|Zkh  18|uvby98 980001027|vMa 1-2|PLX  160.00|GJ 35|WEB   681|Gaia DR2 2552928187080872832|PM J00491+0523|SDSS J004910.62+052255.5|SDSS J004910.62+052255.4",12.374
"CNS5 2402","L  100-115",145.69309564629958,-68.88500248283722,"PM*","M4.0V","TIC 370955883|GJ 1128|Gaia DR3 5243594081269535872|GEN# +9.86100115|L  100-115|LFT  680|LHS   271|LTT  3572|CNS5 2402|Zkh 134|[RHG95]  1538|2MASS J09424635-6853060|GSC 09209-00444|NLTT 22480|USNO-B1.0 0211-00198178|UCAC3 43-54282|DENIS J094246.3-685309|WISEA J094246.19-685254.2|GCRV 26262|Gaia DR2 5243594081269535872|PM J09427-6853|PM 09420-6840",12.78
"CNS5 2403","G 236-2",145.71553135769622,70.03941058308556,"PM*","M3.5Ve","TIC 142439883|GJ 362|HIP 47650|Gaia DR3 1071195187567668480|CNS5 2403|PLX 2292|WDS J09427+7004B|ASCC   29896|USNO-B1.0 1600-00086543|AC +70  4337-0|AC +70  4337|CCDM J09427+7002B|CSI+70-09387|G 236-2|G 235-36|G 252-42|GSC 04386-01592|HIC  47650|IDS 09340+7031 B|IDS 09341+7030 B|LFT  671|LHS  2178|LTT 12564|NLTT 22350|TYC 4386-1592-1|[GKL99] 208|[OBB97] 5-1B|[OBB97] 6-2|[RHG95]  1529|2MASS J09425182+7002221|LSPM J0942+7002E|PLX 2292.00|[ZEH2003] RX J0942.7+7002  2|** LDS 1698B|** OSV    3B|UCAC4 801-019570|PM J09428+7002|Gaia DR1 1071195183271656320|Gaia DR2 1071195187567668480|1AXG J094257+7002|1RXS J094247.2+700238|RX J0942.7+7002|Karmn J09428+700",
"CNS5 2404","L  140-289",145.70666525072332,-63.63218803715889,"PM*","M4.5V","TIC 362253884|Gaia DR3 5249863805819472640|L  140-289|LHS  5156|LTT  3567|CNS5 2404|2MASS J09424960-6337560|WISEA J094250.40-633755.2|Gaia DR2 5249863805819472640|PM J09428-6337|NLTT 22459|LFT  677",13.3
"CNS5 2405","WISE J094305.98+360723.5",145.77260366666667,36.12468008333333,"BD*","T9.5","CNS5 2405|WISE J094305.98+360723.5|WISEA J094306.00+360723.3",
"CNS5 2407","UCAC4 258-045223",145.87478955888,-38.5655861812,"PM*","M6V","TIC 44568897|WISEA J094329.86-383357.8|Gaia DR3 5432670704985289088|CNS5 2407|Gaia DR2 5432670704985289088|UCAC4 258-045223|2MASS J09432994-3833560|WISE J094329.86-383357.7",
"CNS5 2410","L  750-42",145.94234781883125,-17.785080768285,"LM*","sdM3","TIC 289600366|Gaia DR3 5684037136313018368|CNS5 2410|L  750-42|LFT  678|LHS   272|LP  788-27|LTT  3568|NLTT 22460|2MASS J09434633-1747066|Gaia DR2 5684037136313018368|WISEA J094345.11-174703.8|GCRV 26261|UCAC4 362-055366|PM J09437-1747",13.167
"CNS5 2413","CD-45  5378",146.12431987074373,-45.776507677690276,"PM*","M1V","TIC 34068865|TOI-731|GJ 367|HIP 47780|Gaia DR3 5412250540681250560|PLX 2313|CD-45  5378|CF  6566|CPD-45  3978|CSV 102626|Ci 20  547|GCRV  6270|GEN# -0.04505378|HIC  47780|LFT  682|LHS  2182|LPM 328|LTT  3579|CNS5 2413|NLTT 22506|NSV  4609|TYC 8168-2031-1|UBV M   6291|Zkh 135|[RHG95]  1542|2MASS J09442986-4546351|PLX 2313.00|WISEA J094429.37-454641.4|UCAC4 222-038568|PM J09444-4546|Gaia DR1 5412250570738855808|WEB  8949|Gaia DR2 5412250540681250560|NAME-IAU Ananuca",9.979
"CNS5 2414","L  750-52",146.197284198115,-18.213602526683054,"PM*","M3.5Ve","TIC 418096656|GJ 1129|Gaia DR3 5683871247496205312|CNS5 2414|GEN# +9.85788030|L  750-52|LFT  681|LHS   273|LP  788-30|LTT  3578|NLTT 22505|[RHG95]  1541|2MASS J09444731-1812489|WISEA J094446.16-181250.7|GCRV 26263|UCAC4 359-056102|PM J09447-1812|Gaia DR2 5683871247496205312|Karmn J09447-182|PM 09425-1759",12.455
"CNS5 2415","G 161-71",146.22580212684667,-12.348437831031667,"LM*","M5.0V","TIC 289706625|RAVE J094454.3-122054|Gaia DR3 5690846274384548864|CNS5 2415|G 161-71|NLTT 22503|WT 1683|[FS2003] 0526|[TDQ2000] NRX  2|2MASS J09445422-1220544|1RXS J094454.2-122047|ASAS J094454-1220.7|RAVE J094454.3-122055|WISEA J094453.94-122053.9|UCAC4 389-050675|PM J09449-1220|Gaia DR2 5690846274384548864|Karmn J09449-123",13.646
"CNS5 2417","WT 2458",146.49346572244875,-32.891666362323335,"LM*","M4.5","TIC 11974826|Gaia DR3 5439029627401396096|CE 102|CNS5 2417|WT 2458|2MASS J09455843-3253299|1RXS J094558.7-325329|WISEA J094558.17-325328.4|UCAC4 286-055510|PM J09459-3253|Gaia DR2 5439029627401396096",14.092
"CNS5 2433","HD  85512",147.77938251114998,-43.502784357244174,"PM*","K6Vk:","TIC 35055332|GJ 370|HIP 48331|Gaia DR3 5412947081295024896|PLX 2340|CD-42  5678|CPC  0  7868|CPD-42  4101|Ci 20  551|GCRV 60959|GEN# +1.00085512|HD  85512|HIC  48331|LHS  2201|LPM 331|LTT  3617|CNS5 2433|NLTT 22790|PM 09491-4316|PPM 314743|SAO 221544|SKY# 19027|UBV    9279|UBV M  15764|UGP 212|Gaia DR2 5412947081287925504|uvby98 100085512|PLX 2340.00|TYC 7706-1752-1|GSC 07706-01752|2MASS J09510700-4330097|PPMX J095107.0-433010|AKARI-IRC-V1 J0951074-433013|IRAS 09491-4316|WISEA J095107.52-433015.8|Gaia DR1 5412947076991921280|WEB  9014|LFT  687",7.651
"CNS5 2434","BD-11  2741",147.7901666237179,-12.32985531895083,"PM*","dM0.5","TIC 396810588|MCC 27|GJ 369|HIP 48336|Gaia DR3 5690980582306104448|PLX 2334|BD-11  2741|CNS5 2434|Ci 20  550|Ci 18 1167|G 161-80|GC 13557|GCRV  6310|GEN# -0.01102741|HIC  48336|JP11   279|LFT  685|LHS   274|LPM 330|LTT  3614|NLTT 22765|PM 09487-1204|PPM 222099|SAO 155530|UBV    9270|[RHG95]  1550|2MASS J09510964-1219478|PLX 2334.00|TYC 5483-418-1|WISEA J095110.44-122002.5|UCAC4 389-050984|PM J09511-1219|Gaia DR1 5690980582306104448|WEB  9015|Gaia DR2 5690980582306104448|Karmn J09511-123",10.016
"CNS5 2440","G  42-24",148.4798861736025,20.946331397804723,"PM*","M4.0Ve","TIC 88099283|GALEX J095355.0+205649|GJ 3571|Gaia DR3 628080246633611520|LSPM J0953+2056|NLTT 22870|2MASS J09535523+2056460|USNO-B1.0 1109-00185940|G  54-2|G  42-24|G  49-26|CNS5 2440|LHS  2206|PM 09512+2111|[GKL99] 209|[RHG95]  1555|WISEA J095354.91+205650.9|Gaia DR2 628080246633611520|UCAC4 555-047277|PM J09539+2056|Karmn J09539+209|1RXS J095354.6+205636",
"CNS5 2444","LP  847-48",148.84942683038165,-27.261312536962222,"PM*","M3V","TIC 22147322|Gaia DR3 5657274198660921472|CNS5 2444|TYC 6612-5-1|HIP 48659|PM J09553-2715|UCAC4 314-060539|HIC  48659|LP  847-48|NLTT 22957|2MASS J09552387-2715405|RAVE J095523.9-271541|Gaia DR2 5657274194366761088|Gaia DR1 5657274194364599552",12.081
"CNS5 2446","BD+63   869",149.03612884212376,62.78846239412861,"PM*","M0.5V","TIC 287165117|Karmn J09561+627|StKM 2-597|GALEX J095608.6+624716|GJ 373|HIP 48714|Gaia DR3 1051547052218220160|CNS5 2446|PLX 2345|1RXS J095609.5+624728|LSPM J0956+6247|ASCC  126822|USNO-B1.0 1527-00225383|AG+63  559|BD+63   869|Ci 20  553|G 235-49|G 236-7|GCRV  6339|GEN# +0.06300869|HIC  48714|IRAS 09524+6301|L 1869-6|LFT  688|LHS  2211|LTT 12638|MCC 121|NLTT 22923|PPM  17251|TYC 4140-922-1|UBV    9293|UBV M   4743|VVO 170|[HFE83]  691|[RHG95]  1558|2MASS J09560868+6247185|PLX 2345.00|RX J0956.1+6247|[ZEH2003] RX J0956.1+6247  1|PM J09561+6247|WEB  9061|Gaia DR2 1051547052218220160|UCAC4 764-041680",9.18
"CNS5 245","WISE J004945.61+215120.0",12.442033,21.855675,"BD*","T8.5","TIC 435867592|CNS5 245|WISE J004945.61+215120.0|EQ J0049+2151|2MASS J00494608+2151204",
"CNS5 248","2MASS J00501994-3322402",12.583098000000001,-33.377853,"BD*","T7","TIC 66375433|CNS5 248|2MASS J00501994-3322402|WISEP J005021.03-332229.2|WISEA J005021.05-332228.8",
"CNS5 2487","2MASS J10073369-4555147",151.89041200000003,-45.920753,"BD*","T5","TIC 311257507|2MASS J10073369-4555147|CNS5 2487|WISEP J100732.94-455512.9|WISE J100732.96-455512.9",
"CNS5 2495","G 195-57",152.37487420221916,51.288799867917774,"PM*","M4V","TIC 371493573|GJ 3586|Gaia DR3 848178083009862656|CNS5 2495|PLX 2384.1|LSPM J1009+5117|NLTT 23516|2MASS J10092996+5117197|USNO-B1.0 1412-00211296|G 195-57|LHS  2224|LP  127-132|USNO 606|[RHG95]  1586|PLX 2384.01|WISEA J100929.47+511710.9|PM J10094+5117|UCAC4 707-049068|Gaia DR2 848178083009862656|Karmn J10094+512",
"CNS5 2501","HD  88230",152.8422497884929,49.4542363908575,"PM*","K6VeFe-1","TIC 371520835|AP J10112218+4927153|StKM 2-612|GJ 380|HIP 49908|Gaia DR3 823773494718931968|PLX 2390|CNS5 2501|LSPM J1011+4927|ASCC  327385|USNO-B1.0 1394-00210100|2E  2238|8pc 205.22|AG+49  914|BD+50  1725|CCDM J10114+4927A|Ci 20  564|Ci 18 1218|DO 33188|G 196-9|GAT  950|GC 13987|GCRV  6436|GEN# +1.00088230|Gmb 1618|HD  88230|HIC  49908|IDS 10053+4958 A|IRAS 10082+4942|JP11  1905|LFT  696|LHS   280|LTT 12732|NLTT 23613|NSV  4765|PM 10083+4942|PPM  51736|SAO  43223|SKY# 19607|TYC 3437-811-1|UBV    9470|UBV M  15985|USNO 833|YZ  49  3582|YZC 26  3582|Zkh 137|[GKL99] 214|[HFE83]  712|[RHG95]  1592|uvby98 100088230|2MASS J10112218+4927153|2E 1008.2+4942|[ZEH2003] RX J1011.4+4927  1|RX J1011.4+4927|1RXS J101124.1+492718|WDS J10114+4927A|WISEA J101120.70+492709.9|UCAC4 698-052810|PM J10113+4927|2RXP J101122.8+492714|WEB  9187|Gaia DR2 823773494718931968",6.61
"CNS5 2505","MCC 568",153.0194665693007,-2.6847696480142,"**","M2.5V","TIC 77610900|MCC 568|StKM 2-616|LAMOST J101204.77-024107.4|GJ 381|GJ 381 B|HIP 49969|Gaia DR3 3828751074215823872|PLX 2395.1|CSI-02-10095|CNS5 2505|G  53-28|G 162-24|G  55-2|GEN# +9.80053028|GEN# +6.10010381|GSC 04907-00091|HIC  49969|L  968-22|LFT  698|LHS  2230|LP  609-71|LPM 336|LTT  3730|NLTT 23666|NSV  4776|TYC 4907-91-1|UBV M  42947|Zkh 138|[RHG95]  1594|2MASS J10120466-0241044|PLX 2395.10|WISEA J101205.04-024111.4|GCRV 26264|UCAC4 437-051369|PM J10120-0241|WDS J10121-0241AB|Gaia DR2 3828751074215823872|Karmn J10120-026AB|** DEL    3",10.629
"CNS5 2508","BD-03  2870",153.07361770816,-3.7456644563700006,"PM*","M2V","TIC 77612635|AP J10121768-0344441|MCC 569|StKM 2-618|GALEX J101217.6-034445|GJ 382|HIP 49986|Gaia DR3 3828238392559860992|8pc 127.99|BD-03  2870|CNS5 2508|G 162-25|G  53-29|GCRV 61131|GEN# -0.00302870|HIC  49986|IRAS 10097-0329|JP11   247|LTT  3734|NLTT 23680|PPM 193190|SAO 137411|UBV M   5136|VVO  13|YZ  93  3945|YZC 17  3945|Zkh 139|[RHG95]  1595|2MASS J10121768-0344441|PLX 2395.11|1RXS J101217.2-034442|V* AN Sex|TYC 4907-704-1|ASAS J101218-0344.8|ASAS J101217-0344.6|WISEA J101217.55-034447.1|UCAC4 432-051854|PM J10122-0344|WEB  9193|Gaia DR2 3828238392559860992|Karmn J10122-037",9.264
"CNS5 2509","G 195-59",153.14490938386498,57.063607631398334,"PM*","M3.5V","TIC 137958028|Gaia DR3 1045525233191254784|CNS5 2509|LSPM J1012+5703|NLTT 23649|2MASS J10123481+5703495|USNO-B1.0 1470-00236491|G 195-59|L 1761-5|LFT  697|LHS  2232|LP   92-48|WISEA J101234.33+570343.5|PM J10125+5703|Gaia DR2 1045525228895884672|Karmn J10125+570",
"CNS5 2513","2MASS J10132597-7842551",153.35821679482,-78.71531695592,"BD*","L3","TIC 394394502|DENIS J101325.9-784254|Gaia DR3 5202336655483914624|CNS5 2513|2MASS J10132597-7842551|WISEA J101326.02-784257.8|Gaia DR2 5202336655483914624",
"CNS5 2516","L  320-124",153.7157445230879,-47.156720216140556,"PM*","M3.5V","TIC 101955023|GJ 1132|Gaia DR3 5413438219396893568|GEN# +9.86320124|TOI-667|L  320-124|LFT  707|LHS   281|LTT  3758|CNS5 2516|[RHG95]  1608|2MASS J10145184-4709244|RAVE J101451.9-470925|PM 10129-4655|Gaia DR2 5413438219396893568|WISEA J101450.66-470919.7|GCRV 26265|UCAC4 215-047789|PM J10148-4709|NLTT 23819|** GJ 1132A|WDS J10149-4709A|WISE J101450.69-470919.8",13.49
"CNS5 2518","LSPM J1015+1729",153.97474916831,17.49085225273,"PM*","M3.5V","TIC 61101267|Gaia DR3 622339455521105280|2MASS J10155390+1729271|USNO-B1.0 1074-00219128|CNS5 2518|LSPM J1015+1729|WISEA J101554.16+172927.2|UCAC4 538-050967|PM J10158+1729|Gaia DR2 622339455521105280|Karmn J10158+174",
"CNS5 2520","MCC 573",154.1914526396004,-11.961779325915,"PM*","dM3.0","TIC 385194991|MCC 573|GJ 386|HIP 50341|Gaia DR3 3765772972322477696|PLX 2414.1|CSI-11-10144|CSI-11-10143|CNS5 2520|G 162-38|GEN# +9.80162038|HIC  50341|L  824-28|LFT  709|LHS  2244|LP  729-61|LPM 341|LTT  3770|NLTT 23889|TYC 5493-440-1|Zkh 140|[RHG95]  1611|2MASS J10164599-1157412|PLX 2414.10|WISEA J101645.64-115748.6|GCRV 26266|UCAC4 391-052869|PM J10167-1157|Gaia DR2 3765772972322477696|Karmn J10167-119",10.998
"CNS5 2525","WISE J101808.04-244557.9",154.533355625,-24.7637075,"BD*","T8","WISEA J101808.03-244558.1|CNS5 2525|WISEP J101808.05-244557.7|EQ J1018-2445|WISE J101808.04-244557.9",
"CNS5 2533","V* AD Leo",154.90117007551083,19.87000290182528,"PM*","dM3","TIC 95431305|AP J10193634+1952122|MCC 574|StKM 2-626|Karmn J10196+198|GES J10193576+1952114|GJ 388|Gaia DR3 625453654702751872|Pul -3  660015|PLX 2420|LSPM J1019+1952|ASCC  863621|UCAC2  38796273|USNO-B1.0 1098-00182796|2MASS J10193634+1952122|1AXG J101937+1951|2E  2259|2RE J101936+195209|2RE J1019+195|8pc 204.60|ADS  7724 C|AG+20 1170|BD+20  2465|CCDM J10199+1951C|Ci 18 1244|Ci 20  574|G  54-23|GC 14167|GCRV  6499|GEN# +0.02002465|GPM 154.902458+19.870105|CNS5 2533|IRAS 10169+2007|JP11    62|LHS  5167|LTT 12761|NLTT 24015|PPM 127309|RBS   855|RE J1019+195|RE J101935+195212|SAO  81292|TYC 1423-174-1|UBV    9550|V* AD Leo|Zkh 141|[CGL99] 10|[FS2003] 0555|[GKL99] 216|[JHC84] 155|[R97] NGC  3227  8|[RHG95]  1616|PLX 2420.00|1ES 1016+20.1|1RXS J101936.3+195215|2E 1016.8+2007|2EUVE J1019+19.8|EUVE J1019+19.8|EXO 1016.8+2007|RX J1019.6+1952|[ZEH2003] RX J1019.6+1952  3|** STF 1424C|WISEA J101935.88+195211.9|UCAC4 550-048962|PM J10196+1952|WEB  9274|Gaia DR2 625453654702751872|Karmn J10196+198AB",9.52
"CNS5 2552","BD-09  3070",156.29515462945542,-10.228691929344164,"PM*","M1V","TIC 36879392|MCC 579|StKM 2-636|GES J10251021-1013416|GJ 390|HIP 51007|Gaia DR3 3767878708888402816|PLX 2443|Cl* Melotte   25    EGG      37|BD-09  3070|CNS5 2552|G 162-52|GEN# -0.00903070|HIC  51007|JP11   277|L  824-1|LFT  713|LHS  2259|LPM 347|LTT  3825|NLTT 24293|PM 10227-0959|PPM 716545|TYC 5494-139-1|[RHG95]  1630|2MASS J10251088-1013434|PLX 2443.00|WISEA J102510.34-101341.8|GCRV 26267|UCAC4 399-048321|PM J10251-1013|Gaia DR1 3767878704592802176|Gaia DR2 3767878708888402816|Karmn J10251-102",10.139
"CNS5 2557","WISE J102557.72+030755.7",156.49389754166668,3.1326200555555554,"BD*","T8.5","WISEA J102557.67+030755.8|CNS5 2557|WISE J102557.72+030755.7|EQ J1025+0307",
"CNS5 2567","BD+01  2447",157.2314636792975,0.8409996957155557,"PM*","dM2","TIC 277888583|Karmn J10289+008|AP J10285555+0050275|StKM 2-642|GJ 393|HIP 51317|Gaia DR3 3855208897392952192|PLX 2456|LSPM J1028+0050|ASCC 1133482|UCAC2  32036240|USNO-B1.0 0908-00191111|8pc 138.29|AG+01 1298|BD+01  2447|Ci 20  580|G  55-24|G 162-60|GCRV  6576|GEN# +0.00102447|GSC 00246-01068|CNS5 2567|HIC  51317|JP11     7|LFT  719|LHS  2272|LTT 12805|MCC 127|NC 28|NLTT 24467|PPM 156874|Ross  446|TYC  246-1068-1|UBV    9694|UBV M    156|UBV    9672|VVO 262|Zkh 142|[ATZ98] C060|[RHG95]  1642|2MASS J10285555+0050275|PLX 2456.00|1RXS J102855.9+005023|RX J1028.9+0050|ASAS J102856+0050.5|WISEA J102855.13+005020.1|UCAC4 455-050081|PM J10289+0050|WEB  9373|Gaia DR2 3855208897392952192",9.65
"CNS5 2571","*  36 UMa B",157.60545366878,55.99912650252,"PM*","K7Ve","TIC 416519074|MCC 30|GJ 394|Gaia DR3 853820948481913472|CNS5 2571|PLX 2457|LSPM J1030+5559|ASCC  189535|*  36 UMa B|AG+56  796|AGKR  9427|BD+56  1458|CCDM J10306+5559B|CSI+56  1459  2|GCRV  6586|GEN# +1.00237903|GEN# +1.00090839B|GSC 03819-01043|HD 237903|IDS 10242+5629 B|NLTT 24505|PPM  32667|SAO  27668|TYC 3819-1043-1|UBV    9676|VVO 151|YZ  56  6374|2MASS J10302530+5559569|USNO-B1.0 1459-00208170|PLX 2457.00|WDS J10306+5559B|** LDS 2863B|UCAC4 730-049457|PM J10304+5559|Gaia DR1 853820944186096384|WEB  9391|Gaia DR2 853820948481913472|Karmn J10304+559",
"CNS5 2572","*  36 UMa",157.6565802735,55.98053880257,"PM*","F8V","TIC 416519065|AP J10303759+5558501|GJ 395|HIP 51459|Gaia DR3 853819947756949120|CNS5 2572|PLX 2459|LSPM J1030+5558|ASCC  189540|USNO-B1.0 1459-00208186|2E  2289|AG+56  797|BD+56  1459|CCDM J10306+5559A|CSI+56  1459  1|FK5  394|GC 14427|GCRV  6587|GEN# +1.00090839A|GSC 03819-01373|HD  90839|HIC  51459|HR  4112|IDS 10242+5629 A|IRAS 10273+5614|JP11  1952|N30 2495|NLTT 24513|PMC 90-93   284|PPM  32668|ROT  1574|SAO  27670|SKY# 20176|SPOCS  456|TD1 14879|TYC 3819-1373-1|UBV    9675|UBV M  16264|YZ  56  6379|uvby98 100090839 A|2MASS J10303759+5558501|PLX 2459.00|1RXS J103037.7+555856|2E 1027.2+5615|RX J1030.6+5558|[ZEH2003] RX J1030.6+5558  1|WDS J10306+5559A|** LDS 2863A|*  36 UMa|WEB  9393|Gaia DR2 853819947756949120",
"CNS5 2593","G 236-34",158.86244571475333,69.44964385873195,"SB*","M4V","TIC 103803629|GJ 3612|Gaia DR3 1073206263054159104|CNS5 2593|PLX 2470.0|LSPM J1035+6926|2MASS J10352725+6926594|USNO-B1.0 1594-00106280|G 236-34|L 1912-9|LFT  723|LHS   283|LP   37-179|LTT 12827|NLTT 24730|USNO 609|[RHG95]  1657|PLX 2470.01|PM 10320+6943|Gaia DR2 1073206263054159104|PM J10354+6926|SBC9 3810|Karmn J10354+694",
"CNS5 26","HD    166",1.6532666952450004,29.021503526080565,"BY*","G8V","TIC 238432056|UCAC4 596-000304|GJ 5|HIP 544|Gaia DR3 2860924621205256704|AP J00063674+2901175|2MASS J00063674+2901175|LSPM J0006+2901|TYC 1735-927-1|ASCC  647404|USNO-B1.0 1190-00001748|PLX    9|2E    15|V* V439 And|GSC 01735-00927|GSC 01735-02532|1E 0004.0+2844|2E 0004.0+2844|ADS    69 A|AG+28    4|CNS5 26|BD+28  4704|CCDM J00065+2900A|CSI+28  4704  1|Ci 20    9|EUVE J0006+29.0|GC    95|GCRV    51|GEN# +1.00000166|HD    166|HIC    544|HR     8|IDS 00014+2829 A|IRAS 00040+2844|LTT 10023|N30   12|NLTT   235|NSV    33|PPM  89410|RBS    15|SAO  73743|SKY#   200|SPOCS    4|UBV      29|UBV M   7136|USNO-A2.0 1125-00043457|YZ  28     3|[B10]     6|uvby98 100000166|PLX    9.00|1ES 0004+28.7|1RXS J000636.8+290112|RX J0006.6+2901|[ZEH2003] RX J0006.6+2901  1|WDS J00066+2901A|** ENG    1A|** STT  549A|WISEA J000637.12+290115.4|WISE J000637.09+290115.4|Gaia DR1 2860924685628241024|WEB    97|Gaia DR2 2860924621205256704",6.07
"CNS5 2605","LEHPM 2-2758",159.69896532816,-86.54553630824,"PM*",,"TIC 369819319|Gaia DR3 5189170557793054848|CNS5 2605|WISEA J103845.48-863245.7|2MASS J10384782-8632441|LEHPM 2-2758|Gaia DR2 5189170557793054848",
"CNS5 2606","EGGR 535",159.73154174269249,-20.68245391956278,"WD*","DQ10P","TIC 179299789|PSO J159.7305-20.6807|GJ 3614|Gaia DR3 3553682127126319360|2MASS J10385559-2040572|CNS5 2606|EGGR 535|LHS  2293|LP  790-29|LTT  3902|WD 1036-204|NLTT 24944|WISEA J103855.35-204050.9|EC 10365-2025|Gaia DR2 3553682127126319360",16.28
"CNS5 261","HD   5133",13.254728564647499,-30.356914182530836,"PM*","K2.5Vk:","TIC 66409287|RAVE J005301.1-302125|GJ 42|GJ 42.0|HIP 4148|Gaia DR3 5031808453624044800|2MASS J00530108-3021249|PLX  177|Cl* Melotte   25    EGG       4|CNS5 261|CD-31   325|CPC 17   314|CPD-31    92|Ci 20   62|Ci 18  119|EGM 450|G 269-49|GC  1058|GCRV   500|GEN# +1.00005133|HD   5133|HIC   4148|IRAS 00505-3037|LFT   82|LHS  1163|LPM  46|LTT   498|NLTT  2941|PM 00056-3038|PM 00506-3038|PPM 276466|RX J0053.0-3021|SAO 192793|SKY#  1364|SPOCS   46|TYC 6998-1282-1|UBV     772|UBV M   7737|uvby98 100005133|PLX  177.00|WISEA J005301.69-302124.2|Gaia DR1 5031808449327958912|WEB   739|Gaia DR2 5031808453624044800",7.171
"CNS5 2611","L  465-84",159.93478408051683,-37.92043735022517,"**","M2Ve","TIC 106504049|HIP 52190|CNS5 2611|HIC  52190|2MASS J10394435-3755136|GSC 07710-01367|1RXS J103944.0-375503|ASAS J103943-3755.0|WISEA J103944.54-375515.1|UCAC4 261-054050|PM J10397-3755|** HDS 1523|WDS J10397-3755AB|CCDM J10397-3755AB|L  465-84|NLTT 24997|Gaia DR2 5442691069843124992|Gaia DR3 5442691069840042112",11.058
"CNS5 2617","G 146-58",160.40781620490085,37.61087812326278,"PM*","M4.0V","TIC 17299996|GJ 1134|Gaia DR3 751975660302006784|LSPM J1041+3736|UCAC2  45002579|2MASS J10413809+3736397|USNO-B1.0 1276-00227074|CSI+37-10390|G 146-58|GEN# +9.80146058|CNS5 2617|TIC 471011173|L 1545-14|LFT  732|LHS   287|LP  263-15|LTT 12850|NLTT 25073|PM 10388+3752|UBV M  42556|USNO  36|[RHG95]  1664|PLX 2501.01|Gaia DR2 751975660302006784|WISEA J104136.57+373635.2|PM J10416+3736|Karmn J10416+376",
"CNS5 2626","WT 1827",160.76189387284919,-9.211347583406388,"**","M5.5V","TIC 902699691|WISE J104301.45-091237.0|TIC 471012416|TIC 55003990|Gaia DR3 3762231926405726720|PM J10430-0912W|2MASS J10430293-0912410|FBS L 10-72|FBS 1040-089|CNS5 2626|WT 1827|Gaia DR2 3762231926405726720|WISEA J104301.42-091237.0|WDS J10430-0913AB|UCAC4 404-051073|PM J10430-0912|** WSI  112|Karmn J10430-092AB",15.11
"CNS5 2631","L  143-23",161.08847046423625,-61.20979871122639,"PM*","M5.5V","TIC 391039604|GJ 3618|Gaia DR3 5254061535106490112|L  143-23|LHS   288|LTT  3946|CNS5 2631|[RHG95]  1673|PLX 2511.01|2MASS J10442131-6112384|Gaia DR2 5254061535097566848|WISEA J104420.75-611218.4|NLTT 25245|LFT  734",13.92
"CNS5 2632","LP  791-3",161.12165046203083,-18.635328106105828,"PM*",,"Gaia DR3 3555173782156353536|CNS5 2632|LHS  2303|LP  791-3|NLTT 25210|TIC 413373646|2MASS J10442927-1838063|WISEA J104428.70-183811.5|Gaia DR2 3555173782156353536",14.5
"CNS5 2636","BD+39  2376A",161.33952774655,38.511769024600554,"PM*",,"GJ 400 A|CNS5 2636|Gaia DR3 776067089642433664|BD+39  2376A|** HO  532A|WDS J10454+3831A",
"CNS5 2646","2MASSW J1047539+212423",161.974394,21.406519,"BD*","T6.5","TIC 95838193|2MASSW J1047539+212423|2MASSI J1047539+212423|2MASS J10475385+2124234|2MASSI J1047538+212423|CNS5 2646|WISEA J104752.35+212417.2|[B2006] J104753.9+212423",
"CNS5 2647","DENIS J104814.6-395606",162.06072337671375,-39.9352340955186,"LM*","M8.5Ve:","TIC 107012050|Gaia DR3 5393446658454453632|2MUCD 20385|2MASS J10481463-3956062|CNS5 2647|USNO-B1.0 0500-00227632|2MASSI J1048147-395606|[B2006] J104814.2-395609|DENIS J1048.0-3956|DENIS J104814.6-395606|DENIS J104814.7-395606|DENIS J104814.9-395604|WISEA J104813.47-395617.3|Gaia DR2 5393446658454453632|** NHR    2A|WDS J10482-3956A",17.532
"CNS5 2648","LP  731-58",162.05255937841667,-11.336002970408334,"PM*","M6.5V","GJ 3622|AP J10481258-1120082|TIC 55099399|Gaia DR3 3757613049856225792|CNS5 2648|LHS   292|LP  731-58|NLTT 25392|USNO 835|[GKL99] 223|[RHG95]  1679|2MASS J10481258-1120082|2MASSI J1048126-112009|PLX 2516.02|8pc 220.30|USNO-B1.0 0786-00215012|UCAC3 158-112504|UCAC2  27842586|Gaia DR2 3757613049856225792|DENIS J104812.6-112009|WISEA J104813.03-112025.9|UCAC4 394-049480|PM J10482-1120|Karmn J10482-113",15.784
"CNS5 2653","NAME Luhman 16",162.32881400000002,-53.319466000000006,"**","L7.5+T0.5","TIC 119862115|Gaia DR3 5353626573555863424|CNS5 2653|WISE J104915.57-531906.1|** LUH   16|WDS J10493-5319AB|NAME WISE J1049-5319AB|WISEA J104915.52-531906.1|2MASS J10491891-5319100|DENIS J104919.0-531910|NAME Luhman 16|UCAC4 184-061368",16.2
"CNS5 2654","G 119-36",162.44011578394748,35.547530261909166,"**","M5V","TIC 249667452|GJ 1138|Gaia DR3 750586216906847104|LSPM J1049+3532|2MASS J10494561+3532515|CSI+35-10470|G 146-67|G 119-36|GEN# +9.80119036|CNS5 2654|L 1545-74|LFT  740|LHS   293|LP  263-29|LTT 12885|NLTT 25434|PM 10470+3549|UBV M  42559|USNO  37|Zkh 144|[RHG95]  1682|USNO-B1.0 1255-00183207|PLX 2517.11|WDS J10498+3533AB|** BEU   14|WISEA J104944.99+353239.8|PM J10497+3532|UCAC4 628-046242|Gaia DR2 750586216906847104",
"CNS5 2657","Wolf  358",162.7167968251621,6.808127671502777,"BY*","M4V","TIC 393584005|AP J10505201+0648292|GJ 402|HIP 53020|Gaia DR3 3864615459886222464|PLX 2524|LSPM J1050+0648|ASCC 1040787|USNO-B1.0 0968-00215383|8pc 177.46|CSI+07-10483|Ci 20  591|G  45-8|G  44-40|GCRV  6733|GEN# +6.10010402|GSC 00261-00224|CNS5 2657|HIC  53020|TIC 471011668|JP11  5135|JP11  5136|JP11  5134|JP11  5137|LFT  742|LHS   294|LTT 12891|NLTT 25500|PM 10483+0705|V* EE Leo|Wolf  358|Zkh 145|[RHG95]  1687|2MASS J10505201+0648292|PLX 2524.00|TYC  261-224-1|Zkh 146|WISEA J105051.41+064820.8|UCAC4 485-051902|PM J10508+0648|Gaia DR1 3864615455592036992|WEB  9640|Gaia DR2 3864615459886222464|Karmn J10508+068|** RAO  256|WDS J10509+0648A|WDS J10509+0648Aa,Ab|** LAF   42A",11.675
"CNS5 2661","G  44-42",163.01768113412,13.997584664845554,"PM*","M4V","TIC 63881698|AP J10520440+1359509|GJ 403|Gaia DR3 3873066031380105216|PLX 2526|LSPM J1052+1359|NLTT 25556|2MASS J10520440+1359509|USNO-B1.0 1039-00186421|CSI+14-10495|Ci 20  593|G  58-26|G  44-42|CNS5 2661|LFT  744|LHS   295|LTT 12896|PM 10495+1416|[RHG95]  1690|p. HUBBLE 3|PLX 2526.00|Gaia DR2 3873066031380105216|WISEA J105203.42+135953.4|UCAC4 520-051830|PM J10520+1359",12.737
"CNS5 2662","G  44-43",163.05937350523251,5.919396987832502,"PM*","dM5.5","TIC 281744438|EPIC 248601792|GJ 3631|Gaia DR3 3864228496219589120|LSPM J1052+0555|NLTT 25568|2MASS J10521423+0555098|USNO-B1.0 0959-00194898|G  44-43|G  45-12|CNS5 2662|LHS  2320|PM 10497+0611|[GKL99] 227|[RHG95]  1692|[ZEH2003] RX J1052.2+0555  3|WISEA J105213.74+055509.2|UCAC4 480-049573|PM J10522+0555|Gaia DR2 3864228496219589120|Karmn J10522+059|1RXS J105214.2+055514|RX J1052.2+0555|** LWR   10A|WDS J10523+0555A|AP J10521423+0555098",14.82
"CNS5 2669","UPM J1055-7356",163.81377283026,-73.93585979149,"Em*","M7","TIC 277539431|WISE J105515.73-735611.3|Gaia DR3 5225863906515477376|CNS5 2669|WISEA J105515.71-735611.3|2MASS J10551532-7356091|Gaia DR2 5225863906515477376|UPM J1055-7356",
"CNS5 2673","WISE J105553.59-165216.3",163.97661291666665,-16.872557944444445,"BD*","T9.5","CNS5 2673|WISEA J105553.62-165216.5|WISE J105553.59-165216.3",
"CNS5 2674","Wolf  359",164.1205036259475,7.014723134801666,"PM*","dM6","TIC 365006789|StKM 2-681|GJ 406|Gaia DR3 3864972938605115520|PLX 2553|2RE J1056+070|LSPM J1056+0700|NLTT 25782|1AXG J105630+0701|2E  2358|2MASS J10562886+0700527|2RE J105629+070051|8pc 419.10|CSI+07-10541|CSV   6806|Ci 20  600|EUVE J1056+07.0|G  45-20|GCRV  6780|GEN# +6.10010406|GSC 00261-00377|CNS5 2674|JP11  5139|JP11  5138|JP11  5140|JP11  5141|LFT  750|LHS    36|LTT 12923|PM 10541+0719|RBS   922|RE J1056+070|RE J105630+070040|UBV   10028|USNO 836|USNO 612|V* CN Leo|Wolf  359|Zkh 147|[GKL99] 228|[RHG95]  1702|USNO-B1.0 0970-00229948|PLX 2553.00|1E 1053.9+0718|1ES 1053+07.2|1RXS J105630.3+070118|2E 1053.9+0718|ASAS J105629+0700.8|RX J1056.5+0701|[ZEH2003] RX J1056.5+0701  1|WISEA J105626.19+070025.0|UCAC4 486-052878|2XMMi J105627.2+070036|WEB  9714|PM J10564+0700|EPIC 201885041|FBS 1054+073|Karmn J10564+070",13.507
"CNS5 2677","LAWD 34",164.39639247953957,-7.523104661004167,"WD*","DC","TIC 148559575|TIC 148559577|PSO J164.3938-07.5228|GJ 1140|Gaia DR3 3763445409285757824|CSI-07-10551|CNS5 2677|EGGR  74|G 163-27|GEN# +9.80163027|GSC 05500-01023|L  898-25|LAWD 34|LFT  753|LHS  2333|LP  671-11|LPM 364|LTT  4020|NLTT 25836|PG 1055-073|UBV   10039|UBV M  42324|USNO 433|WD 1055-072|WD 1055-07|uvby98 980163027|2MASS J10573517-0731233|WISEA J105734.55-073120.0|PLX 2555.02|2MASS J10573453-0731171|Gaia DR2 3763445409285757824",14.338
"CNS5 2685","*  47 UMa",164.86655313083833,40.430255714645554,"PM*","G1-VFe-0.5","TIC 21535479|GJ 407|HIP 53721|Gaia DR3 777254360337133312|PLX 2556|LSPM J1059+4025|TYC 3009-2703-1|ASCC  407446|USNO-B1.0 1304-00213272|*  47 UMa|AG+40 1169|BD+41  2147|FK5 1282|GC 15087|GCRV  6790|GEN# +1.00095128|CNS5 2685|HD  95128|HIC  53721|HR  4277|IRAS 10566+4041|LTT 12934|N30 2582|NLTT 25907|PMC 90-93   883|PPM  52175|ROT  1637|SAO  43557|SKY# 21001|SPOCS  472|TD1 15274|UBV   10048|UBV M  16684|uvby98 100095128|Gaia DR2 777254360337133312|2MASS J10592802+4025485|PLX 2556.00|WISEA J105927.66+402549.4|NAME Chalawan|WEB  9731",
"CNS5 2689","Ross  104",165.01773753095082,22.832956947207222,"PM*","M4V","TIC 97472519|AP J11000432+2249592|Karmn J11000+228|StKM 2-688|GALEX J110004.0+224957|GJ 408|HIP 53767|Gaia DR3 3988987164339438208|PLX 2561|LSPM J1100+2249|ASCC  776322|UCAC2  39850706|2MASS J11000432+2249592|USNO-B1.0 1128-00230478|8pc 150.96|AC +23   468-46|CSI+23-10574|Ci 20  601|G  58-32|G 120-9|G 119-49|GCRV  6797|GEN# +9.80058032|CNS5 2689|HIC  53767|LHS  6193|LTT 12942|MCC 128|NLTT 25946|Ross  104|TYC 1978-1286-1|UBV   10057|Zkh 148|[HFE83]  768|[RHG95]  1709|PLX 2561.00|WISEA J110003.93+224955.7|UCAC4 565-047644|PM J11000+2249|WEB  9740|Gaia DR2 3988987164339438208",10.02
"CNS5 2694","V* DS Leo",165.65975842087,21.9671388926,"BY*","M1.0Ve","GALEX J110238.4+215801|GJ 410|HIP 53985|Gaia DR3 3988689609004982912|PLX 2574|LSPM J1102+2158|AG+22 1213|BD+22  2302|DO 14329|GCRV 61798|GEN# +1.00095650|GSC 01436-00304|CNS5 2694|HD  95650|HIC  53985|MCC 129|PPM 100840|RBS   934|TYC 1436-304-1|UBV   10085|UBV M  16728|V* DS Leo|VVO 100|[GKL99] 231|[RHG95]  1717|2MASS J11023832+2158017|PLX 2574.00|1RXS J110238.1+215808|RX J1102.6+2158|[ZEH2003] RX J1102.6+2158  1|UCAC4 560-050274|PM J11026+2158|Gaia DR1 3988689604715309568|WEB  9766|Gaia DR2 3988689609004982912|Karmn J11026+219|TIC 97488127",9.572
"CNS5 2696","HD  95735",165.8341450816425,35.96988227279361,"PM*","M2+V","TIC 166646191|TIC 353969903|AP J11032023+3558117|MCC 594|StKM 2-691|GJ 411|HIP 54035|Gaia DR3 762815470562110464|PLX 2576|LSPM J1103+3558|ASCC  492123|2MASS J11032027+3558203|USNO-B1.0 1259-00190202|8pc 392.40|AC2000 1340883|AG+36 1043|AGKR  9911|BD+36  2147|Ci 20  604|DO 14335|G 147-17|G 119-52|GAT   62|GAT  962|GC 15183|GCRV  6818|GEN# +1.00095735|GSC 02521-02279|CNS5 2696|HD  95735|HIC  54035|IRAS 11005+3615|TIC 471011174|JP11  2024|LAL 21185|LFT  756|LHS    37|LTT 12960|NLTT 26105|PM 11006+3617|PPM  75640|RAFGL  411|ROT  1651|SAO  62377|SKY# 21113|TYC 2521-2279-1|UBV   10094|UBV M  16736|USNO 837|Zkh 149|[GKL99] 233|[RHG95]  1719|uvby98 100095735|2MASS J11032023+3558117|PLX 2576.00|XBS J110320.1+355803|WISEA J110319.67+355722.4|UCAC4 630-046224|PM J11033+3558|WEB  9772|Karmn J11033+359",7.52
"CNS5 270","G 172-30",14.261216397975831,45.08605236846444,"PM*","M3.0V","TIC 196293610|Gaia DR3 377423450888562304|CNS5 270|2MASS J00570261+4505099|LSPM J0057+4505|ASCC  300712|G 172-30|LHS  1169|NLTT  3128|USNO-B1.0 1350-00019968|WISEA J005703.30+450509.0|UCAC4 676-004987|PM J00570+4505|Gaia DR2 377423450888562304|Karmn J00570+450",11.972
"CNS5 2702","BD+44  2051",166.3690706208596,43.52677415242249,"PM*","M1.0V","TIC 252803603|AP J11052903+4331357|BD+44  2051A|MCC 35|StKM 2-698|GJ 412 A|HIP 54211|Gaia DR3 778947814402602752|PLX 2582|ASCC  407596|UCAC2  46827681|2MASS J11052903+4331357|USNO-B1.0 1335-00220263|8pc 206.94A|AC2000 1463341|AG+43 1004|AGKR  9948|BD+44  2051|CSI+44  2051  1|Ci 20  606|Ci 18 1349|FK5 4979|Furuhjelm    I-650|G 176-11|GC 15252|GCRV  6831|GEN# +0.04402051A|GSC 03012-02528|CNS5 2702|HIC  54211|IRAS F11029+4346|IRAS 11027+4347|TIC 471011175|JP11   178|JP11   179|JP11   177|LAL 21258|LFT  757|LHS    38|LTT 12976|NLTT 26245|PPM  52239|SAO  43609|TYC 3012-2528-1|UBV   10126|UBV M   3351|Zkh 150|[RHG95]  1723|LSPM J1105+4331W|WDS J11055+4332A|PM J11054+4331|CCDM J11055+4332A|** VBS   18A|AKARI-IRC-V1 J1105259+433142|WISE J110524.38+433146.2|[ZEH2003] RX J1105.5+4331  1|WISEA J110524.36+433146.2|UCAC4 668-057562|WEB  9800|Gaia DR2 778947814402405120|Karmn J11054+435",
"CNS5 2703","BD+44  2051B",166.37868992532916,43.521634777107494,"Em*","M6.0V","TIC 252803606|GJ 412 B|AP J11053133+4331170|Gaia DR3 778947608243864320|UCAC2  46827683|2MASS J11053133+4331170|USNO-B1.0 1335-00220269|1E 1103.0+4346|2E  2394|8pc 206.94B|CSI+44  2051  2|G 176-12|GEN# +0.04402051B|CNS5 2703|TIC 471011176|JP11   180|JP11   181|LFT  758|LHS    39|LTT 12977|NLTT 26247|PM 11030+4347|USNO 719|V* WX UMa|Zkh 151|[GKL99] 234|[RHG95]  1724|LSPM J1105+4331E|1RXS J110534.5+433120|2E 1102.8+4347|RX J1105.5+4331|WDS J11055+4332B|Gaia DR2 778947608243864320|NAME PM I11055+4331|** VBS   18B|CCDM J11055+4332B|AKARI-IRC-V1 J1105281+433123|WISE J110526.74+433128.0|[ZEH2003] RX J1105.5+4331  2|BD+44  2051B|WISEA J110526.65+433128.1|PM J11055+4331|Karmn J11055+435",14.45
"CNS5 2718","CD-23  9765",167.38060378509252,-24.598644190764446,"PM*","M2V","TIC 20325431|StKM 2-705|GJ 413.1|GJ 9349|HIP 54532|Gaia DR3 3536123338748976256|PLX 2596.2|CD-23  9765|CNS5 2718|GEN# -0.02309765|HIC  54532|L  683-112|LFT  764|LHS  2358|LPM 368|LTT  4108|NLTT 26464|NSV  5110|PPM 730409|TYC 6640-765-1|UBV M   5618|Zkh 152|[RHG95]  1732|2MASS J11093138-2435548|PLX 2596.20|WISEA J110930.72-243559.6|UCAC4 328-064445|PM J11095-2435|Gaia DR1 3536123334453183104|Gaia DR2 3536123338748976256",10.446
"CNS5 2723","HD  97101B",167.7605728760367,30.44480865077305,"PM*","M2V","TIC 9001924|Karmn J11110+304W|StKM 2-706|GJ 414 B|Gaia DR3 732856080807636224|CNS5 2723|TYC 2520-2456-1|** STT  231B|ASCC  585765|UCAC2  42410864|2MASS J11110245+3026415|ADS  8083 B|AG+30 1119|BD+31  2238a|CCDM J11110+3028B|CSI+31  2238  1|G 120-22|G 119-59|G 147-27|GCRV  6867|GEN# +1.00097101B|IDS 11056+3100 B|LFT  768|LHS  2366|LTT 13010|NLTT 26531|UBV   10193|VVO 212|[RHG95]  1737|LSPM J1111+3026W|USNO-B1.0 1204-00189139|WDS J11111+3027B|HD  97101B|AKARI-IRC-V1 J1111028+302640|WISE J111103.03+302639.2|Gaia DR2 732856080807636224|UCAC4 603-049122|PM J11110+3026W|WEB  9861",9.983
"CNS5 2724","HD  97101",167.7715498153975,30.446017560313887,"PM*","K7V","TIC 9001920|MCC 600|StKM 2-707|Karmn J11110+304E|GJ 414 A|HIP 54646|Gaia DR3 732857558276385664|PLX 2600|ASCC  585767|UCAC2  42410868|2MASS J11110509+3026459|LSPM J1111+3026E|USNO-B1.0 1204-00189150|ADS  8083 A|AG+30 1120|BD+31  2240|CCDM J11110+3028A|CSI+31  2240  1|Ci 18 1361|Ci 20  613|DO 14370|G 119-60|G 120-23|G 147-28|GC 15366|GCRV  6866|GEN# +1.00097101A|CNS5 2724|HD  97101|HIC  54646|IDS 11056+3100 A|LFT  767|LHS  2367|LTT 13009|NLTT 26534|SAO  62440|TYC 2520-2524-1|UBV   10192|UBV M  16845|VVO 211|[RHG95]  1736|uvby98 100097101 A|WDS J11111+3027A|** STT  231A|AKARI-IRC-V1 J1111055+302644|WISE J111105.67+302643.8|WISEA J111105.67+302643.6|UCAC4 603-049125|Gaia DR1 732857553981449600|WEB  9858|Gaia DR2 732857558276385664",
"CNS5 2731","V* CW UMa",167.96558633891416,33.53645275540528,"PM*","M3.5V","TIC 85334035|StKM 2-708|ATO J167.9647+33.5369|WISE J111151.59+333212.6|GJ 3647|Gaia DR3 758200712885953280|ASCC  585783|LSPM J1111+3332W|USNO-B1.0 1235-00200538|2MASS J11115176+3332111|CSV   1710|G 119-62|CNS5 2731|NLTT 26581|RBS   949|SV* P   719|SV* SVS   314|V* CW UMa|[GKL99] 235|[RHG95]  1742|PLX 2604.01|1RXS J111151.8+333213|RX J1111.8+3332|[ZEH2003] RX J1111.8+3332  1|HAT 228-00237|UCAC4 618-048637|PM J11118+3332S|Gaia DR2 758200712885953280",
"CNS5 2736","WISE J111239.24-385700.7",168.16090674999998,-38.952209,"BD*","T9","WISE J111239.24-385700.7|CNS5 2736|WISEA J111239.25-385700.5",
"CNS5 2747","2MASS J11145133-2618235",168.71390499999998,-26.306545,"BD*","T7.5","TIC 20489807|2MASS J11145133-2618235|CNS5 2747|WISEP J111448.80-261828.2|WISEA J111448.74-261827.9",
"CNS5 2757","HD 304043",169.00085188535294,-57.547659747396665,"PM*","M3.5V","TIC 450545735|LLNS  4660|GJ 422|HIP 55042|Gaia DR3 5339892367684811520|PLX 2621|CSI-57-11141|Ci 20  624|GEN# +9.86192072|HD 304043|HIC  55042|TIC 471011146|L  192-72|LFT  784|LHS    40|LPM 378|LTT  4167|CNS5 2757|NLTT 26836|[RHG95]  1763|Gaia DR2 5339892367683264384|2MASS J11160018-5732513|PLX 2621.00|NAME Innes' star|TYC 8624-3387-1|WISEA J111557.03-573239.3|GCRV 26275|UCAC4 163-067466|PM J11160-5732|Gaia DR1 5339892294634736768|PM 11141-5717",11.516
"CNS5 276","CD-28   302",14.61639946466208,-27.85705381902861,"SB*","M3V","TIC 63835575|Gaia DR3 5032683355641241472|CNS5 276|WISEA J005828.96-275128.4|TYC 6424-2272-1|PM J00584-2751|UCAC4 311-000954|GCRV 26283|2MASS J00582789-2751251|PLX  194.1|APMPM J0058-2751|BPM 46820|CD-28   302|CSI-28   302 20|EGM 517|G 269-63|GEN# -0.02800302|HIC   4569|L  580-76|LEHPM 1136|LFT   88|LHS   129|LPM  50|LTT   548|NLTT  3208|PM 00560-2807|[LM84] 1-37|[MBT64]  80|[PS78]  69|[RHG95]   187|[TS74] 270|PLX  194.10|GJ 46|HIP 4569|Gaia DR2 5032683355641241472|RGO  6252",11.801
"CNS5 2763","L  611-67",169.1568038154275,-27.95534454811833,"PM*","M3.5V","GJ 3654|Gaia DR3 3531294008802299392|APMPM J1117-2757|CNS5 2763|L  611-67|LHS  2385|LP  906-9|LTT  4168|TIC 20501510|[RHG95]  1764|2MASS J11163766-2757186|WISEA J111637.24-275727.7|PM J11166-2757|Gaia DR2 3531294008802299392|NLTT 26842|LFT  785|UCAC4 311-065861|WISE J111637.25-275727.6|TIC 471012480",13.1
"CNS5 2767","* ksi UMa",169.54554950000002,31.529288899999997,"RS*","F8.5:V+G2V","TIC 144294174|HIP 55203|* ksi UMa|*  53 UMa|ADS  8119 AB|BD+32  2132|CCDM J11182+3132AB|CSI+32  2132  3|Ci 20  627|GC 15537|CNS5 2767|HIC  55203|IDS 11128+3206 AB|IRC +30229|JP11  2046|N30 2652|RBS   961|TD1 15519|UBV   10288|UBV M  16962|V* ksi UMa|YPAC 502|1RXS J111811.1+313154|RX J1118.1+3131|[ZEH2003] RX J1118.1+3131  1|WDS J11182+3132AB|** STF 1523AB|NAME Alula Australis|AKARI-IRC-V1 J1118109+313147|IRAS 11154+3148|PMSC 11128+3205|** WTE    1A|RX J1118.1+3130|2E 1115.4+3148|EUVE J1118+31.5|NSV  5165|2RE J1118+313|RE J111810+313153|1ES 1115+31.8|EUVE J1118+31.4|2RE J111810+313143|2E  2440|2EUVE J1118+31.5|RE J1118+313|2MASS J11181100+3131464|UCAC3 244-100191|UCAC4 608-048190|WISE J111810.63+313139.4|SAO  62484|SKY# 21520|USNO-B1.0 1215-00188948|ASCC  585912|WISEA J111810.57+313139.3|uvby98 100098230|PLX 2625|PLX 2625.00|GEN# +1.00098231",3.79
"CNS5 277","CFBDS J005910-011401",14.793707916666667,-1.2336980555555557,"BD*","T9.0","CFBDS J005910-011401|CNS5 277|CFBDS J005910.90-011401.3|WISEP J005911.09-011400.6|WISE J005911.08-011400.9|ULAS J005910.84-011401.4",
"CNS5 2771","* ksi UMa C",169.661254,31.4272,"BD*","T8.5","GJ 423 E|* ksi UMa C|CNS5 2771|WISE J111838.70+312537.9|** WTE    1D|WDS J11182+3132D|WISEA J111838.69+312537.7",
"CNS5 2772","LP  169-22",169.87754320641582,46.695315196649716,"PM*","M5.5","TIC 148673115|AP J11193058+4641437|Gaia DR3 788357434914248448|CNS5 2772|LSPM J1119+4641|UCAC2  47535582|USNO-B1.0 1366-00221246|LHS  2395|LP  169-22|NLTT 26984|2MASS J11193058+4641437|Gaia DR2 788357434913891712",15.86
"CNS5 2774","V* SZ UMa",170.0201102151292,65.84648594454832,"PM*","M2V","TIC 99937206|MCC 38|StKM 2-722|GJ 424|HIP 55360|Gaia DR3 1057318835428596096|1RXS J112008.9+655058|CNS5 2774|PLX 2631|LSPM J1120+6550|ASCC   81689|2MASS J11200526+6550470|USNO-B1.0 1558-00135330|AG+66  544|BD+66   717|Ci 18 1383|Ci 20  629|G 236-65|G 237-9|GC 15579|GCRV  6932|GEN# +0.06600717|HIC  55360|JP11   234|LFT  795|LHS    41|LTT 13056|NLTT 27039|PM 11174+6607|PPM  17815|SAO  15475|SV* HV  3617|TYC 4152-272-1|UBV   10304|V* SZ UMa|Zkh 157|[GKL99] 238|[HFE83]  791|[RHG95]  1770|PLX 2631.00|WISEA J111959.85+655049.3|UCAC4 780-023865|PM J11200+6550|Gaia DR1 1057318659334947968|WEB  9967|Gaia DR2 1057318835428596096",9.3
"CNS5 2778","HD  98712B",170.36078403221,-20.45261009821,"PM*","M2.5Ve","TIC 437261155|GJ 425 B|Gaia DR3 3545469496823737984|2MASS J11212655-2027095|ADS  8138 B|BD-19  3242B|CCDM J11214-2027B|CSI-19  3242  2|CNS5 2778|IDS 11164-1954 B|LTT  4205|NLTT 27131|RBS   972|Zkh 159|[RHG95]  1772|WDS J11214-2027B|** STN   22B|[GKL99] 240|HD  98712B|TYC 6090-1204-2|UCAC3 140-141081|UCAC4 348-064227|Gaia DR2 3545469496823737984|PM J11214-2027N|Karmn J11214-204N",11.0
"CNS5 2779","HD  98712A",170.3611137211,-20.453885156980004,"PM*","K7V","TIC 437261156|GJ 425 A|Gaia DR3 3545469496823737856|CNS5 2779|ADS  8138 A|BD-19  3242A|CCDM J11214-2027A|CSI-19  3242  1|IDS 11164-1954 A|WDS J11214-2027A|LTT  4204|HD  98712A|** STN   22A|NLTT 27132|[RHG95]  1771|Zkh 158|TYC 6090-1204-1|UCAC3 140-141082|UCAC4 348-064228|2MASS J11212663-2027134|[GKL99] 239|WISEA J112126.78-202713.1|Gaia DR2 3545469496823737856|PM J11214-2027S|Karmn J11214-204S",8.75
"CNS5 2784","2MASS J11220826-3512363",170.53441025567,-35.210161280099996,"BD*","T2.0","TIC 57183112|Gaia DR3 5399148382157293696|2MASS J11220826-3512363|CNS5 2784|WISEP J112208.14-351239.7|Gaia DR2 5399148382157293696",
"CNS5 28","G 158-27",1.6799888292112501,-7.538060861407779,"PM*","M5.5V","TIC 176287658|GJ 1002|Gaia DR3 2441630500517079808|PLX    9.0|CNS5 28|2MASS J00064325-0732147|8pc 213.00|G 158-27|GEN# +9.80158027|JP11  5942|LHS     2|NLTT   248|NSV 15022|PM 00042-0747|UBV M  53816|USNO 210|Zkh   3|[RHG95]    19|FBS L 10-3|FBS 0004-077|PLX    9.01|Gaia DR2 2441630500517079808|WISEA J000642.61-073237.0|UCAC4 413-000170|Karmn J00067-075",13.837
"CNS5 280","G  70-28",15.234875507487917,-4.449043999408888,"PM*","M4.0V","GJ 1025|Gaia DR3 2525276565243086080|CNS5 280|CSI-04-00583|G  70-28|G 270-113|GEN# +9.80070028|TIC 471012716|L  868-3|LFT   91|LHS   130|LP  646-77|LPM  52|LTT   569|NLTT  3330|PM 00584-0444|TIC 398570754|UBV M  42313|USNO-B1.0 0855-00009698|[RHG95]   194|2MASS J01005643-0426561|Gaia DR2 2525276565243086080|WISEA J010057.26-042651.8|GCRV 26287|Karmn J01009-044",13.33
"CNS5 2800","HD  99279B",171.16445215708708,-61.64840830049722,"PM*","K7-V(k)","TIC 315311765|WISE J112438.62-613853.6|GJ 428 B|Gaia DR3 5334356223546958464|CCDM J11247-6139B|CD-60  3532B|CPD-60  2911B|CSI-60  2911 43|IDS 11204-6106 B|CNS5 2800|[RHG95]  1788|HD  99279B|TYC 8959-1969-1|2MASS J11243947-6138542|USNO-B1.0 0283-00306322|WDS J11247-6139B|** BSO    5B|DENIS J112439.4-613854|WEB 10011|Gaia DR2 5334356223546958464|HIP 55691B",8.6
"CNS5 2803","HD  99279A",171.1682759529621,-61.647586629305,"PM*","K5-V","TIC 315311759|PLX 2645|CPC 20.1  3176|CSI-60  2911 41|Ci 20  634|GCRV 62431|HIC  55691|LFT  803|LHS  2402|LPM 385|LTT  4221|PM 11225-6122|PPM 358692|SKY# 21672|UBV   10352|1RXS J112440.4-613904|EXO 112229-6122.4|NLTT 27330|WEB 10010|GEN# +1.00099279|WISE J112439.60-613850.4|GJ 428 A|HIP 55691|Gaia DR3 5334356223546961536|CCDM J11247-6139A|CD-60  3532A|CPD-60  2911A|CSI-60  2911 42|GCRV  3986 E|IDS 11204-6106 A|CNS5 2803|HD  99279A|WDS J11247-6139A|TYC 8959-1969-2|UCAC2   4550485|UCAC3 57-166345|2MASS J11244030-6138512|DENIS J112440.3-613851|** BSO    5A|Gaia DR2 5334356223546961536|WISEA J112439.38-613851.3|HIP 55691A",7.54
"CNS5 2817","Wolf  398",172.23441144600292,10.177568854589166,"PM*","M4V","TIC 388802555|GJ 3666|Gaia DR3 3915363693944966528|LSPM J1128+1010|NLTT 27503|2MASS J11285624+1010395|USNO-B1.0 1001-00197547|Ci 20  642|G  57-3|G  56-44|GPM 172.245016+10.169858|CNS5 2817|LFT  814|LHS  2415|LTT 13128|Wolf  398|[RHG95]  1795|PLX 2654.11|WISEA J112855.71+101045.2|UCAC4 501-055693|PM J11289+1010|Gaia DR2 3915363693944242304|Karmn J11289+101",
"CNS5 2819","LP  672-42",172.6742732048375,-8.095274814362224,"PM*","M3.0V","TIC 285972083|HIP 56157|Gaia DR3 3592769731134725248|CNS5 2819|WISEA J113041.56-080540.1|TYC 5509-47-1|PM J11306-0805|UCAC4 410-053671|HIC  56157|LP  672-42|NLTT 27600|2MASS J11304179-0805425|Gaia DR2 3592769731134725248|Karmn J11306-080",12.01
"CNS5 282","Wolf   44",15.333538416917078,61.36574490239918,"PM*","M2.0V","TIC 256316623|GJ 47|Gaia DR3 426641955043723520|CNS5 282|PLX  201|LSPM J0101+6121|NLTT  3322|ASCC  105358|2MASS J01012006+6121560|CSI+61-00582|Ci 20   65|G 243-50|GCRV   576|GSC 04017-00558|LFT   90|LHS  1176|LTT 10356|MSX5C G124.1181-01.4821|Wolf   44|[I81] M 722|[RHG95]   193|p. Pulk 8-S1|USNO-B1.0 1513-00035516|PLX  201.00|1RXS J010116.7+612202|WISEA J010120.55+612148.4|PM J01013+6121|TYC 4017-558-1|WEB   907|Gaia DR2 426641955043723520|BSD   8-976|Karmn J01013+613",10.87
"CNS5 2821","LP  732-35",172.7849467541529,-14.955903345553606,"PM*","M4.5V","TIC 471012447|TIC 157757138|GJ 3668|Gaia DR3 3560746351897773952|CNS5 2821|RAVE J113108.2-145712|UCAC3 151-139562|UCAC4 376-062726|USNO-B1.0 0750-00248677|Gaia DR2 3560746351897773952|WISEA J113108.68-145735.8|LHS   306|LP  732-35|NLTT 27616|[RHG95]  1800|2MASS J11310835-1457201|PM 11286-1440|PM J11311-1457",14.24
"CNS5 2826","V* V857 Cen",172.9438052146571,-41.04643795262861,"PM*","M3.5","TIC 181015118|GJ 431|HIP 56244|Gaia DR3 5382868669400908928|PLX 2667|Cl* Melotte   25    EGG      40|2EUVE J1131-41.0|CNS5 2826|CSI-40-11294|EUVE J1131-41.0|HIC  56244|INTREF   455|LFT  821|LHS  2423|LPM 388|LTT  4255|NLTT 27672|TYC 7744-1540-1|V* V857 Cen|[GKL99] 242|[RHG95]  1804|2MASS J11314655-4102473|PLX 2667.00|1RXS J113147.3-410248|ASAS J113147-4102.7|WISEA J113145.82-410245.2|GCRV 26278|UCAC4 245-052044|PM J11317-4102|Gaia DR1 5382821729701958016|Gaia DR2 5382868669400908928|L  396-7",11.535
"CNS5 283","G 218-20",15.497895523952081,54.182694954954165,"PM*","dM5.5","TIC 252110114|GJ 3069|Gaia DR3 411311395692644224|CNS5 283|LSPM J0101+5410|NLTT  3373|2MASS J01015952+5410577|USNO-B1.0 1441-00033542|G 218-20|[RHG95]   197|[GKL99] 33|WISEA J010159.12+541056.4|UCAC4 721-009276|PM J01019+5410|Gaia DR2 411311395692644224|Karmn J01019+541",
"CNS5 2835","*  20 Crt",173.62286018472832,-32.83133966483639,"PM*","K0V","TIC 57611256|RAVE J113429.5-324953|GJ 432 A|HIP 56452|Gaia DR3 3478127463341507072|PLX 2678|CD-32  8179|CPC 17  5727|CPD-32  3122|CNS5 2835|Ci 20  648|GC 15873|GCRV  7038|GEN# +1.00100623|HD 100623|HIC  56452|HR  4458|IRAS 11320-3233|JP11  2074|LFT  823|LHS   308|LPM 389|LTT  4280|N30 2704|NLTT 27854|PM 11320-3234A|PPM 289079|Ruiz 439-246|SAO 202583|SKY# 21930|SPOCS  496|TYC 7220-866-1|UBV   10441|UBV M  17193|Zkh 161|uvby98 100100623|WDS J11345-3250A|** LDS 6245A|CCDM J11345-3250A|UCAC3 115-141011|2MASS J11342953-3249533|PM 11320-3234|WISEA J113428.91-324944.0|Gaia DR1 3478127463341507072|WEB 10144|Gaia DR2 3478127463341507072|*  20 Crt",5.98
"CNS5 2836","*  20 Crt B",173.62699066910668,-32.834001323349725,"WD*","DC","GJ 432 B|Gaia DR3 3478127467639543296|CNS5 2836|CSI-32-11321|LHS   309|NLTT 27855|VB  4|WD 1132-325|Zkh 162|WDS J11345-3250B|** LDS 6245B|CCDM J11345-3250B|HD 100623B|Gaia DR2 3478127467639543296|*  20 Crt B",15.0
"CNS5 2842","CD-31  9113",173.8622823626925,-32.53996783752194,"PM*","M2V","TIC 57654763|GJ 433|HIP 56528|Gaia DR3 3478160727866058368|PLX 2681|CD-31  9113|CPC 17  5737|CNS5 2842|Ci 20  649|GEN# -0.03109113|HIC  56528|L  907-1|LFT  825|LHS  2429|LPM 391|LTT  4290|NLTT 27914|PPM 289102|Ruiz 439-237|SAO 202602|TYC 7220-1321-1|UBV   10448|UGP 270|[RHG95]  1813|2MASS J11352695-3232232|PLX 2681.00|WISEA J113526.87-323232.7|Gaia DR2 3478160727866058368|UCAC4 288-065642|PM J11354-3232|Gaia DR1 3478160723569849216",9.813
"CNS5 2849","SCR J1138-7721",174.5698939070404,-77.36349608409805,"PM*","M5.0V","TIC 454682563|Gaia DR3 5224460173763882496|2MASS J11381671-7721484|CNS5 2849|SCR J1138-7721|WISEA J113810.11-772142.2|Gaia DR2 5224460173763882496",14.78
"CNS5 2858","HD 101581",175.26028527101585,-44.405190760473616,"PM*","K4.5Vk:","TIC 397362481|GJ 435|Gaia DR3 5378886891123024512|TOI-6276|PLX 2701|CD-43  7228|CPC  0  9743|CPD-43  5524|CNS5 2858|Ci 20  656|GC 16041|GCRV 62689|GEN# +1.00101581|HD 101581|HIC  56998|HIP 56998|LFT  835|LHS  2441|LPM 394|LTT  4333|NLTT 28235|PM 11386-4408|PPM 316653|SAO 222956|SKY# 22116|TYC 7753-1657-1|UBV   10551|UBV M  17294|UGP 273|uvby98 100101581|2MASS J11410247-4424184|PLX 2701.00|WISEA J114101.82-442416.0|Gaia DR1 5378886886821510912|WEB 10261|Gaia DR2 5378886891122066560",7.762
"CNS5 2859","*  61 UMa",175.262567794255,34.20163377929139,"PM*","G8V","TIC 101641846|GJ 434|HIP 56997|Gaia DR3 4025850731201819392|[ZEH2003] RX J1141.0+3412  1|PLX 2699|LSPM J1141+3412|TYC 2525-2445-1|ASCC  586407|USNO-B1.0 1242-00191723|*  61 UMa|2E  2509|AG+34 1156|BD+35  2270|CCDM J11411+3412A|CSI+35  2270  1|CSV 101212|FK5 1300|GC 16035|GCRV  7092|GEN# +1.00101501|CNS5 2859|HD 101501|HIC  56997|HR  4496|IDS 11357+3446 A|JP11  2081|LTT 13200|N30 2729|NLTT 28222|NSV  5291|PMC 90-93   897|PPM  76016|RBS  1017|ROT  1734|RX J1141.0+3412|SAO  62655|SKY# 22119|SPOCS  500|SRS  31300|TD1 15797|UBV   10546|UBV M  17287|USNO 839|Zkh 163|[HFE83]  818|uvby98 100101501|2MASS J11410301+3412064|PLX 2699.00|1RXS J114102.7+341221|2E 1138.4+3428|2EUVE J1141+34.2|EUVE J1141+34.2|WDS J11411+3412A|** STT  574A|WISEA J114103.01+341201.9|WEB 10258|Gaia DR2 4025850731201819392",5.34
"CNS5 2860","SIPS J1141-3624",175.339671002995,-36.409600673629726,"PM*","M5","TIC 454012528|WISE J114121.94-362431.2|Gaia DR3 3464485826872541440|2MASS J11412152-3624346|CNS5 2860|SIPS J1141-3624|PM J11413-3624|WISEA J114121.94-362431.2|UCAC4 268-062365|Gaia DR2 3464485826872541440",13.105
"CNS5 2861","Ross 1003",175.43598266794044,42.75197281030278,"PM*","M4.0V","TIC 115869504|HIP 57050|Gaia DR3 772430527947893632|CNS5 2861|TIC 471011711|WISEA J114144.08+424506.2|Gaia DR2 772430527947893632|TYC 3016-1877-1|PM J11417+4245|UCAC4 664-056772|LSPM J1141+4245|ASCC  408337|UCAC2  46566670|G 122-40|HIC  57050|LFT  836|LHS  2443|LTT 13210|NLTT 28266|Ross 1003|USNO 725|[RHG95]  1827|2MASS J11414471+4245072|USNO-B1.0 1327-00279297|PLX 2703.01|HAT 141-00143|GJ 1148|Gaia DR1 772430901610348032|Karmn J11417+427",13.795
"CNS5 2863","WISE J114156.71-332635.8",175.48947691666666,-33.44293694444445,"BD*","Y0","CNS5 2863|WISE J114156.71-332635.8|WISEA J114156.67-332635.5",
"CNS5 2865","Ross  905",175.54622222957414,26.70656966188278,"PM*","M3V","TIC 138819293|AP J11421096+2642251|StKM 2-754|TOI-1796|GES J11421213+2642109|GJ 436|Gaia DR3 4017860992519744384|CNS5 2865|TYC 1984-2613-1|PLX 2704.1|1RXS J114211.9+264328|LSPM J1142+2642|ASCC  683818|UCAC2  41198281|2MASS J11421096+2642251|USNO-B1.0 1167-00204205|AC +27 28217|BPS BS 15625-0002|CSI+26-11395|CSI+27-11395|CSI+27-11394|G 120-68|G 147-68|G 121-7|GCRV  7104|GEN# +9.80120068|HIC  57087|LFT  838|LHS   310|LP  319-75|LTT 13213|NLTT 28288|PM 11395+2700|Ross  905|VVO 171|Zkh 164|[RHG95]  1830|PLX 2704.10|HIP 57087|MCC 616|Gaia DR2 4017860992519744384|WISEA J114211.79+264215.1|UCAC4 584-046777|PM J11421+2642|Gaia DR1 4017861056947245696|WEB 10275|Karmn J11421+267|NAME-IAU Noquisi",10.613
"CNS5 2869","CD-51  5974",175.83258360365457,-51.84053627632195,"PM*","M0V","TIC 93716498|GJ 438|Gaia DR3 5369480397355535872|PLX 2709|CD-51  5974|CF  9268|CPD-51  4413|CSI-51  4413 42|GEN# -0.05105974|L  252-28|LFT  839|LHS  2447|LTT  4348|CNS5 2869|NLTT 28348|PM 11408-5133|TYC 8227-1613-1|UBV M   6489|UCAC2   9473016|Zkh 165|[RHG95]  1832|2MASS J11431977-5150255|PLX 2709.00|WISEA J114320.55-515031.4|GCRV 26280|UCAC4 191-063124|PM J11433-5150|Gaia DR1 5369480393048425472|Gaia DR2 5369480397355535872",10.36
"CNS5 2877","LAWD 37",176.42882056099126,-64.84151721050888,"WD*","DQ","TIC 323485429|LLNS  6105|GJ 440|HIP 57367|Gaia DR3 5332606522595645952|PLX 2716|AC2000 4195112|ALS  2481|BPM  7108|CSI-64-11430|CSI-64-11431|Ci 20  658|EGGR  82|GEN# +9.86145141|GSC 08981-04418|GSC 08981-04378|GSC 08981-04417|HIC  57367|L  145-141|LAWD 37|LFT  844|LHS    43|LPM 396|LS 2481|LTT  4364|CNS5 2877|NLTT 28447|PM 11429-6434|UBV M  42331|UBV   10596|WD 1141-64|WD 1142-64|WD 1142-645|WG  20|Zkh 167|[L68]  74|uvby98 986145141|2MASS J11454297-6450297|PLX 2716.00|TYC 8981-4417-1|WISEA J114547.32-645033.2|Gaia DR1 5332606518269523072|UCAC4 126-052931|Gaia DR2 5332606522595645952",11.513
"CNS5 2879","HD 102365",176.62946888804873,-40.50035718532611,"PM*","G2V","TIC 454082369|RAVE J114631.1-403001|GJ 442 A|HIP 57443|Gaia DR3 5381537023379295232|PLX 2725|CD-39  7301|CPD-39  5265|CNS5 2879|Ci 20  660|GC 16149|GCRV  7133|GEN# +1.00102365|HD 102365|HIC  57443|HR  4523|JP11  2094|LFT  848|LHS   311|LPM 399|LTT  4373|N30 2746|NLTT 28512|PM 11441-4014|PPM 316766|SAO 223020|SKY# 22259|SPOCS  505|TD1 15857|TYC 7745-1381-1|UBV   10611|UBV M  17376|uvby98 100102365|2MASS J11463107-4030013|WDS J11467-4029A|Gaia DR2 5381537023379295232|AKARI-IRC-V1 J1146301-402958|IRAS 11440-4013|** LDS 6248A|CCDM J11465-4030A|WISEA J114629.67-402956.8|WEB 10319",4.88
"CNS5 288","Ross  318",15.634314289452085,71.67981562782612,"PM*","M3.0V","TIC 379084450|GJ 48|HIP 4856|Gaia DR3 533621859441169920|CNS5 288|2MASS J01023213+7140475|PLX  202|LSPM J0102+7140|ASCC    3719|USNO-B1.0 1616-00016948|AC +71   532|BD+70    68b|CSI+71-00588|Ci 20   66|G 243-51|G 245-15|G 242-76|GCRV   577|GEN# +9.80242076|GEN# +0.07000068|HIC   4856|IRAS 00589+7124|LFT   93|LHS   131|LTT 10362|MCC 364|NLTT  3359|NSV   365|PM 00589+7125|Ross  318|TYC 4304-700-1|UBV     937|VVO 273|Zkh  19|[HFE83]   46|[KW97]  4-36|[RHG95]   195|PLX  202.00|1RXS J010232.2+714110|PM J01025+7140|[GKL99] 32|WISEA J010235.99+714043.2|UCAC4 809-003873|Gaia DR1 533621855139954816|WEB   928|Gaia DR2 533621859441169920|Karmn J01025+716",
"CNS5 2880","HD 102365B",176.63620781421082,-40.49655687533528,"PM*","M4V","TIC 454082373|GJ 442 B|Gaia DR3 5381537023379295744|CNS5 2880|CSI-40-11442|LHS   313|NLTT 28513|VB  5|[RHG95]  1840|2MASS J11463269-4029476|WDS J11467-4029B|** LDS 6248B|HD 102365B|Gaia DR2 5381537023379295744",15.43
"CNS5 289","BD+61   195",15.661950261244172,62.34504868261972,"PM*","M1.5V","TIC 256419669|GJ 49|HIP 4872|Gaia DR3 522863309964987520|CNS5 289|2MASS J01023895+6220422|PLX  204|LSPM J0102+6220|ASCC  105461|BD+61   195|BSD   8-1525|Ci 20   68|G 244-7|G 243-52|GCRV   585|HIC   4872|IRAS 00594+6204|IRCO  2654|JP11   226|LFT   94|LHS  1179|LTT 10363|MCC 2|NLTT  3392|TYC 4021-1115-1|UBV     959|UBV M   4482|VVO 303|Wolf   46|Zkh  20|[GS83]  67|[RHG95]   199|USNO-B1.0 1523-00040382|** WNO   51A|WDS J01026+6221A|PM J01026+6220|WISEA J010239.92+622043.1|GEN# +0.06100195A|UCAC4 762-010009|Gaia DR1 522863305661202688|WEB   944|Gaia DR2 522863309964987520|Karmn J01026+623",
"CNS5 2890","Ross  128",176.93498861725834,0.8045556493308333,"PM*","dM4","TIC 325275315|AP J11474440+0048164|MCC 286|GJ 447|HIP 57548|Gaia DR3 3796072592206250624|PLX 2730|LSPM J1147+0048|ASCC 1136005|UCAC2  32039206|USNO-B1.0 0908-00204201|2E  2532|8pc 299.58|CSI+01-11451|Ci 20  662|G  10-50|G  11-22|GAT 1132|GCRV  7139|GEN# +6.10010447|GSC 00272-00665|CNS5 2890|HIC  57548|TIC 471011718|IRAS 11451+0105|JP11  5144|JP11  5186|JP11  5145|LFT  852|LHS   315|LTT 13240|NLTT 28570|PM 11452+0106|Ross  128|UBV M  42951|USNO 615|USNO 840|V* FI Vir|VVO 214|Zkh 169|[GKL99] 248|[RHG95]  1849|2MASS J11474440+0048164|PLX 2730.00|1RXS J114744.7+004831|2E 1145.1+0105|RX J1147.7+0048|TYC  272-1051-1|GSC 00272-01051|[ZEH2003] RX J1147.7+0048  1|GAT 1131|Gaia DR2 3796072592206250624|WISEA J114744.81+004803.7|UCAC4 455-052049|PM J11477+0048|EPIC 201518346|Gaia DR1 3796072587910775936|WEB 10335|Karmn J11477+008",11.153
"CNS5 2891","G 254-29",176.9224454840937,78.69116006356583,"PM*","M4.0V","TIC 358615829|Karmn J11476+786|GJ 445|HIP 57544|Gaia DR3 1129149723913123456|2MASS J11474143+7841283|CNS5 2891|PLX 2722|AC +79  3883-0|LSPM J1147+7841|ASCC   34165|USNO-B1.0 1686-00047479|8pc 185.48|AC +79  3888|AC +79  3888-0|CSI+78-11446|G 254-29|GCRV  7135|GEN# +9.80254029|GEN# +6.10010445|HIC  57544|JP11  5142|LFT  849|LHS  2459|LTT 13235|NLTT 28539|TYC 4553-192-1|Zkh 168|[RHG95]  1845|PLX 2722.00|UCAC4 844-010540|PM J11476+7841|Gaia DR1 1129149719617136384|WEB 10334|Gaia DR2 1129149723913123456",
"CNS5 2899","* bet Leo",177.26490975591017,14.572058064829658,"dS*","A3Va","TIC 14725877|GJ 448|GJ 448.0|HIP 57632|PLX 2738|LSPM J1149+1434|ASCC  952815|2MASS J11490366+1434197|USNO-B1.0 1045-00205720|* bet Leo|*  94 Leo|ADS  8314 A|AG+14 1239|BD+15  2383|CCDM J11490+1433A|CSI+15  2383  1|CSV 101225|Ci 20  663|FK5  444|GC 16189|GCRV  7151|GEN# +1.00102647|CNS5 2899|HD 102647|HGAM    606|HIC  57632|HR  4534|IDS 11440+1508 A|TIC 471011722|IRAS 11464+1451|IRC +10247|JP11  2102|LFT  853|LHS  2462|LTT 13249|N30 2755|NAME Denebola|NLTT 28642|NSV  5349|PM 11465+1451|PMC 90-93   319|PPM 128576|ROT  1752|SAO  99809|SKY# 22318|SV* ZI   900|TD1 15885|UBV   10637|UBV M  17408|V* bet Leo|[HFE83]  827|PLX 2738.00|WDS J11491+1434A|TYC  870-988-1|uvby98 100102647|WEB 10349",2.13
"CNS5 290","LP  938-71",15.712713605335837,-37.628823617782224,"LM*","M8.0V","TIC 180724005|Gaia DR3 4989399774745144448|CNS5 290|2MASS J01025100-3737438|2MUCD 20049|APMPM J0103-3738|LHS   132|LP  938-71|[SII2000]  39|NLTT  3459|DENIS J010250.6-373744|WISEA J010252.38-373741.0|Gaia DR2 4989399774745144448",18.575
"CNS5 2901","WISE J115013.85+630241.5",177.55512854166668,63.046419666666665,"BD*","T8","WISEA J115013.85+630241.3|CNS5 2901|WISEP J115013.88+630240.7|WISE J115013.85+630241.5|EQ J1150+6302",
"CNS5 2903","* bet Vir",177.67382714942332,1.7647226497586115,"PM*","F9V","GES J11504232+0145496|TIC 366661076|AP J11504173+0145528|GES J11504236+0145494|GJ 449|HIP 57757|Gaia DR3 3796442680948579328|PLX 2739|* bet Vir|LSPM J1150+0145|ASCC 1136083|USNO-B1.0 0917-00221705|*   5 Vir|2E  2544|AG+02 1527|BD+02  2489|CCDM J11507+0146A|CSI+02  2489  1|Ci 20  665|FK5  445|GC 16215|GCRV  7160|CNS5 2903|HD 102870|HIC  57757|HR  4540|IDS 11454+0219 A|IRAS 11481+0202|IRC +00212|JP11  2112|LFT  854|LHS  2465|LTT 13264|N30 2758|NLTT 28736|PM 11481+0203|PMC 90-93   320|PPM 158259|RBS  1041|ROT  1754|SAO 119076|SKY# 22350|SPOCS  510|TD1 15895|TYC  273-924-1|UBV   10653|UBV M  17429|YZ   2  4361|Zkh 170|[HFE83]  830|2MASS J11504173+0145528|PLX 2739.00|1RXS J115041.4+014603|2E 1148.1+0202|RX J1150.6+0146|WDS J11507+0146A|2XMM J115041.7+014553|SDSS J115041.71+014552.7|[ZEH2003] RX J1150.6+0146  1|NAME Zavijava|WISEA J115042.25+014550.1|uvby98 100102870|WEB 10364|Gaia DR2 3796442680947600768|** STT  576A|GEN# +1.00102870",3.6
"CNS5 2905","G 122-49",177.74050219134625,48.37737810642361,"PM*","M4.5V","UCAC4 692-050566|TIC 11893637|AP J11505787+4822395|StKM 2-769|GJ 1151|Gaia DR3 786834302080370304|CNS5 2905|LSPM J1150+4822|NLTT 28752|2MASS J11505787+4822395|USNO-B1.0 1383-00239712|G 122-49|GEN# +9.80122049|LHS   316|PM 11485+4840|UBV M  53759|USNO 144|Zkh 171|[RHG95]  1854|PLX 2739.01|Gaia DR2 786834302079285632|WISEA J115056.09+482228.4|PM J11509+4822|Karmn J11509+483|ILT J115055.50+482225.2",
"CNS5 2906","BD+36  2219",177.78056896065206,35.2720133940175,"LM*","M1.5V","TIC 144400022|MCC 135|StKM 2-770|GALEX J115107.2+351621|GJ 450|HIP 57802|Gaia DR3 4031586157514097024|2E  2549|LSPM J1151+3516|TYC 2526-2357-1|ASCC  493254|UCAC2  44138604|USNO-B1.0 1252-00192674|BD+36  2219|G 148-13|GCRV 62809|GEN# +0.03602219|CNS5 2906|HIC  57802|NGP 36  11|NLTT 28756|VVO 172|Zkh 172|[RHG95]  1855|2MASS J11510737+3516188|PLX 2739.02|1E 1148.5+3533|1RXS J115107.6+351617|2E 1148.5+3533|RX J1151.1+3516|[TSA98] J115108.43+351632.73|[ZEH2003] RX J1151.1+3516  1|NSV 18958|SDSS J115106.57+351627.2|WISEA J115107.11+351621.9|UCAC4 627-046883|PM J11511+3516|Gaia DR1 4031586157514097024|WEB 10371|Gaia DR2 4031586157514097024|Karmn J11511+352",9.802
"CNS5 2914","HD 103095",178.2448639115646,37.718681698090286,"Pe*","K1V_Fe-1.5","TIC 309599261|AP J11525880+3743060|GJ 451|HIP 57939|Gaia DR3 4034171629042489088|PLX 2745|FK5 1307|LSPM J1152+3743|TYC 3014-574-1|ASCC  493288|2MASS J11525880+3743060|USNO-B1.0 1277-00248147|AC2000 1342199|AG+38 1155|BD+38  2285|CSI+38  2285  1|Ci 20  666|G 176-64|G 148-18|G 122-51|GC 16253|GCRV  7170|GEN# +1.00103095|Gmb 1830|CNS5 2914|HD 103095|HIC  57939|HR  4550|JP11  2117|LAL 22369|LFT  855|LHS    44|LTT 13276|N30 2765|NGP 38  28|NLTT 28839|NSV  5374|PM 11501+3805|PMC 90-93   904|PPM  76134|SAO  62738|SKY# 22410|SPOCS  511|TD1 15918|UBV   10675|UBV M  17454|USNO 841|Zkh 173|PLX 2745.00|CSI+38  2285  2|Zkh 174|[RHG95]  1860|V* CF UMa|[GKL99] 250|WISEA J115302.28+374206.6|uvby98 100103095|WEB 10381|Gaia DR2 4034171629042489088",6.45
"CNS5 2920","Ross  119",178.53286055132207,9.806336387689997,"PM*","M4.0Ve","TIC 291108016|GJ 452.1|GJ 9375|Gaia DR3 3912369208386557440|PLX 2750.1|LSPM J1154+0948|ASCC 1042670|UCAC2  35216982|USNO-B1.0 0998-00216918|CSI+10-11516|Ci 20  667|G  12-4|G  57-28|GEN# +9.80012004|CNS5 2920|LFT  859|LHS  2472|LTT 13283|NLTT 28894|Ross  119|TYC  864-271-1|UBV M  42580|[GKL99] 252|[RHG95]  1866|2MASS J11540788+0948227|PLX 2750.10|WISEA J115407.94+094814.2|UCAC4 500-057862|PM J11541+0948|Gaia DR2 3912369208386557440",12.852
"CNS5 2924","2MASS J11553952-3727350",178.91473410405834,-37.45986194792278,"BD*","L2e","TIC 165231308|Gaia DR3 3460806448649173504|2MUCD 20431|2MASS J11553952-3727350|2MASSW J1155395-372735|CNS5 2924|WISEA J115539.57-372743.9|Gaia DR2 3460806448649173504",
"CNS5 2925","LP  851-346",178.92854955514625,-22.41633260918,"PM*","M7.5V","TIC 5630425|Gaia DR3 3493736924979792768|SIPS J1155-2224|CNS5 2925|LP  851-346|2MASSI J1155429-222458|2MASS J11554286-2224586|DENIS J115542.9-222458|WISEA J115542.56-222500.7|Gaia DR2 3493736924979792768|NLTT 28991",
"CNS5 2932","HD 103932",179.48419311551498,-27.70704627468,"PM*","K4+V","TIC 403802333|GES J11575513-2742335|GJ 453|HIP 58345|Gaia DR3 3487062064765702272|PLX 2762|2E  2562|CD-26  8883|CPD-26  4626|CNS5 2932|Ci 20  673|FK5 5052|GC 16365|GCRV  7208|GEN# +1.00103932|HD 103932|HIC  58345|IRAS 11553-2725|LFT  865|LHS   319|LPM 407|LTT  4450|NLTT 29099|PM 11555-2725|PPM 259689|SAO 180337|SKY# 22529|SRS  10684|TYC 6674-576-1|UBV   10741|UBV M  17565|YZ 117  7792|Zkh 175|uvby98 100103932|2MASS J11575619-2742251|PLX 2762.00|Ci 18 1487|2E 1155.3-2725|WISEA J115755.33-274231.9|Gaia DR1 3487062438426209280|WEB 10432|Gaia DR2 3487062064765702272",6.964
"CNS5 2937","1RXS J115928.5-524717",179.86400522879083,-52.78858647772556,"LM*","M9Ve","TIC 332470458|Gaia DR3 5368479017141170304|2MASS J11592743-5247188|CNS5 2937|USNO-B1.0 0372-00386769|[FS2003] 0617|1RXS J115928.5-524717|DENIS J115927.4-524718|WISEA J115926.12-524720.2|Gaia DR2 5368479017141170304",
"CNS5 2945","HD 104304",180.1852506163712,-10.44612975486889,"SB*","G8IV","TIC 152738837|RAVE J120044.5-102646|RAVE J120044.4-102646|GJ 454|HIP 58576|Gaia DR3 3575733210781078016|PLX 2767|BD-09  3413|Ci 20  675|GC 16421|GCRV  7221|CNS5 2945|GEN# +1.00104304|HD 104304|HIC  58576|HR  4587|LAL 22585|LFT  868|LHS  5206|LPM 409|LTT  4476|N30 2789|NLTT 29280|PPM 225244|SAO 157041|SKY# 22597|SPOCS  515|TD1 16004|UBV   10775|UBV M  17612|YZC 11  4445|[B10]  3137|uvby98 100104304|2MASS J12004444-1026452|PLX 2767.00|TYC 5521-1366-1|IRAS 11581-1009|AKARI-IRC-V1 J1200444-102646|WISEA J120044.52-102650.6|Gaia DR2 3575733210781078016|WEB 10453|** SCP    1A|WDS J12007-1028A",5.55
"CNS5 2960","LP  852-7",181.36114129302,-23.55337195708,"WD*","DA5.7","TIC 398243520|GALEX J120526.7-233310|Gaia DR3 3489719481290397696|EC 12028-2316|CNS5 2960|LP  852-7|NLTT 29555|WD 1202-232|2MASS J12052666-2333125|1SWASP J120526.70-233312.3|USNO-B1.0 0664-00264502|Gaia DR2 3489719481290397696|LEHPM 2-1894",12.9
"CNS5 2967","WISEA J120604.25+840110.5",181.5341073333333,84.02030597222222,"BD*","Y0","CNS5 2967|WISE J120604.38+840110.6|WISEA J120604.25+840110.5",
"CNS5 298","Wolf   47",15.832645862740831,62.365510341287774,"PM*","M5V","TIC 52183206|GJ 51|Gaia DR3 522864272041351296|CNS5 298|2MASS J01031971+6221557|PLX  205|LSPM J0103+6221|NLTT  3445|USNO-B1.0 1523-00040804|1RXS J010318.0+622146|CSI+62-01001|Ci 20   70|G 243-55|G 244-10|GEN# +6.10010051|GEN# +9.80243055|JP11  5105|LFT   95|LHS  1183|LTT 10364|UBV     981|UBV M  42919|V* V388 Cas|Wolf   47|Zkh  21|[KW97]  4-38|[RHG95]   204|PLX  205.00|EUVE J0103+62.3|RX J0103.2+6221|** WNO   51B|WDS J01026+6221B|EM* GGA   11|[GKL99] 34|WISEA J010320.94+622156.8|BD+61   195B|GEN# +0.06100195B|PM J01033+6221|Gaia DR2 522864272037653504|Karmn J01033+623",13.21
"CNS5 2991","LP  734-32",182.5233384912487,-15.071378125780557,"PM*","dM3.5","TIC 347694620|RAVE J121005.6-150416|GJ 3707|Gaia DR3 3569610404187997696|CNS5 2991|LHS  2520|LP  734-32|NLTT 29804|[RHG95]  1905|2MASS J12100559-1504156|WISEA J121005.55-150424.4|Gaia DR2 3569610404187997696|UCAC4 375-063676|PM J12100-1504|Karmn J12100-150",12.083
"CNS5 2996","L  758-108",182.79899848427996,-19.96057518601,"PM*","dM3.0","Karmn J12111-199|TIC 422382572|StKM 2-799|GJ 3708|HIP 59406|Gaia DR3 3517841209157902720|WDS J12113-1958A|CNS5 2996|HIC  59406|L  758-108|LP  794-30|LTT  4562|NLTT 29876|[RHG95]  1907|2MASS J12111179-1957376|** LDS  390A|CCDM J12112-1958A|TYC 6098-1592-1|UCAC4 351-064635|PM J12111-1957|Gaia DR1 3517841204861700480|Gaia DR2 3517841209157902720",11.709
"CNS5 2997","L  758-107",182.82060463561996,-19.9726974572,"PM*","M2.5V","TIC 422407583|GJ 3709|Gaia DR3 3517841140438425600|CNS5 2997|LP  794-31|NLTT 29879|[RHG95]  1908|2MASS J12111697-1958213|WDS J12113-1958B|L  758-107|** LDS  390B|CCDM J12112-1958B|UCAC4 351-064642|PM J12112-1958|Gaia DR2 3517841140438425600|Karmn J12112-199",12.622
"CNS5 3006","RX J1214.1-2345B",183.5353726627587,-23.755267173529997,"BD?",,"Gaia DR3 3489874340630661248|RX J1214.1-2345B|SCR J1214-2345B|CNS5 3006",
"CNS5 3007","RX J1214.1-2345",183.53615761241,-23.75469767209,"PM*","M4.0Ve","TIC 429354344|RX J1214.1-2345|UCAC4 332-064384|WISE J121408.71-234516.0|Gaia DR3 3489874340631095936|1RXS J121408.0-234516|CNS5 3007|2MASS J12140866-2345172|SCR J1214-2345|RAVE J121408.7-234517|Gaia DR2 3489874340631095936",13.959
"CNS5 3008","G  13-22",183.5689540088558,0.6239895692830557,"PM*","M4.5Ve","TIC 397052407|GJ 1154|Gaia DR3 3698534434669937024|LSPM J1214+0037|NLTT 30062|2MASS J12141654+0037263|USNO-B1.0 0906-00208882|G  13-22|GEN# +9.80013022|CNS5 3008|LHS  2531|LTT 13408|UBV M  53449|USNO 236|Zkh 176|[GKL99] 253|PLX 2817.01|[RHG95]  1923|[ZEH2003] RX J1214.2+0037  3|UCAC3 182-116001|UCAC4 454-051105|WISEA J121415.86+003723.3|PM J12142+0037|Gaia DR2 3698534434669937024|Karmn J12142+006|1RXS J121417.5+003730|RX J1214.2+0037",
"CNS5 3019","2MASS J12171110-0311131",184.29626199999998,-3.1869929999999997,"BD*","T7.5","TIC 66628168|WISE J121710.30-031112.1|WISEA J121710.27-031112.1|2MASS J12171110-0311131|2MASSI J1217110-031113|2MASSW J1217111-031113|CNS5 3019|SDSS J121711.19-031113.3|[B2006] J121711.1-031113|WDS J12172-0311AB|SDSS J121711.02-031113.0|WISEP J121710.30-031113.2",
"CNS5 302","L   87-10",16.028993797182086,-65.3742178088436,"PM*","M4","TIC 234526939|Gaia DR3 4705628051386514304|AP J01040695-6522272|CNS5 302|NLTT  3573|L   87-10|2MASS J01040695-6522272|RAVE J010407.0-652227|WISEA J010406.41-652229.0|SIPS J0104-6522|UCAC4 124-000988|PM J01041-6522|Gaia DR2 4705628051386514304",13.95
"CNS5 3020","WISE J121756.90+162640.8",184.4848104583333,16.448248749999998,"BD*","T9+Y0","CNS5 3020|WISEP J121756.91+162640.2|WISE J121756.90+162640.8|** LIM    4|WDS J12179+1627AB|EQ J1217+1626|WISEA J121756.92+162640.3",
"CNS5 3023","V* GL Vir",184.74749886977372,11.126048121199167,"PM*","M4.5Ve","TIC 389356212|GJ 1156|Gaia DR3 3907283967108054528|[ZEH2003] RX J1219.0+1107  3|PLX 2835.0|Cl* Melotte   25    EGG      42|LSPM J1218+1107|NLTT 30309|2MASS J12185939+1107338|USNO-B1.0 1011-00205601|8pc 152.90|G  12-30|GEN# +9.80012030|CNS5 3023|L 1190-34|LFT  895|LHS   324|LP  494-77|LTT 13440|NSV  5547|PM 12165+1124|UBV M  42590|USNO 237|V* GL Vir|Zkh 177|[GKL99] 256|[RHG95]  1934|PLX 2835.01|WISEA J121858.47+110735.8|UCAC4 506-054032|PM J12189+1107|Gaia DR2 3907283967108054528|Karmn J12189+111|RX J1219.0+1107|1RXS J121900.7+110727",13.9
"CNS5 3031","G 148-47",185.36135913745662,30.643787288283896,"PM*","M4.5e","TIC 357187278|Gaia DR3 4015042738059517568|2MASS J12212673+3038376|LSPM J1221+3038W|G 148-47|CNS5 3031|LP  320-416|NLTT 30450|Sand  57|[ATZ98] D114|GSC 02528-00100|1RXS J122129.4+303853|RX J1221.4+3038|Gaia DR2 4015042738059517568|** GIC  106A|WDS J12215+3038A|UCAC4 604-048822|PM J12214+3038W|WISE J122126.56+303835.0",
"CNS5 3032","G 148-48",185.36272723405747,30.6432436428325,"LM*","M5","TIC 357187277|LAMOST J122127.03+303835.4|Gaia DR3 4015042738059517440|LSPM J1221+3038E|2MASS J12212705+3038357|G 148-48|CNS5 3032|NLTT 30451|Sand  58|Gaia DR2 4015042738059517440|** GIC  106B|WDS J12215+3038B|PM J12214+3038E|UCAC4 604-048823|WISE J122126.87+303833.1",
"CNS5 3036","2MASS J12215175-3136054",185.465655,-31.601515000000006,"BD*","T6.5","TIC 170585935|CNS5 3036|WISE J122152.28-313600.8|EQ J1221-3136|2MASS J12215175-3136054|WISEA J122152.28-313600.7",
"CNS5 304","G 268-110",16.224179576097917,-18.124618211686393,"PM*","dM5.0","TIC 268633473|TIC 471016687|GJ 1028|Gaia DR3 2358022227591374336|CNS5 304|EGM 589|G 268-110|LEHPM 1206|LHS   134|NLTT  3576|PM 01024-1824|USNO 492|Zkh  22|[RHG95]   210|PLX  215.03|GSC 05851-00785|2MASS J01045368-1807292|UCAC3 144-2810|USNO-B1.0 0718-00012586|GSC2.3 S0R9003498|Gaia DR2 2358022227591374336|WISEA J010454.77-180723.3|UCAC4 360-001321|PM J01048-1807|Karmn J01048-181",14.47
"CNS5 3043","G 237-64A",185.88834463880121,67.18847004895945,"PM*",,"G 237-64A|** HDS 1745A|WDS J12236+6711A|Gaia DR3 1680921595450031232|CNS5 3043",
"CNS5 305","CWISE J010528.09-783420.4",16.360939333333334,-78.57165141666667,"BD?",,"CWISEP J010527.69-783419.3|CWISE J010528.09-783420.4|CNS5 305",
"CNS5 3050","Ross  695",186.2187625272683,-18.24229364862556,"PM*","dM2.0","TIC 22395594|GJ 465|HIP 60559|Gaia DR3 3519785523672576384|PLX 2857|PM 12222-1756|CSI-17-12222|Ci 20  703|GCRV  7451|CNS5 3050|GEN# +6.00104685|GEN# +6.10010465|GEN# +6.10220695|HIC  60559|JP11  5147|LFT  904|LHS    45|LPM 424|LTT  4685|NLTT 30653|NSV  5602|Ross  695|TYC 6105-1620-1|UBV M  42954|Zkh 178|[RHG95]  1945|2MASS J12245243-1814303|PLX 2857.00|WISEA J122453.31-181456.5|UCAC4 359-062561|PM J12248-1814|WEB 10768|Gaia DR2 3519785523672576384|Karmn J12248-182",11.272
"CNS5 3052","LP  795-15",186.38344962816913,-15.994949062961112,"PM*","M5.5","TIC 334939050|Gaia DR3 3521407509481957120|CNS5 3052|LHS  2557|LP  795-15|NLTT 30693|2MASS J12253211-1559418|EUVE J1225-15.9|WISEA J122531.41-155941.3|Gaia DR2 3521407509481957120|UCAC4 371-062866|PM J12255-1559",15.264
"CNS5 3053","2MASS J12255432-2739466",186.476347,-27.662965999999997,"BD*","T5.5+T8","TIC 443626421|2MASS J12255432-2739466|2MASSI J1225543-273946|2MASSW J1225543-273947|CNS5 3053|WDS J12259-2740AB|WISEP J122554.67-273954.0|WISEA J122554.66-273954.1|** BUG    2|WISE J122554.66-273953.9",
"CNS5 306","G  69-47",16.406843777843335,28.492659002541384,"SB*","M5V","TIC 15615674|GJ 1029|Gaia DR3 308256610357824640|PLX  216.0|LSPM J0105+2829|UCAC2  41652573|2MASS J01053732+2829339|USNO-B1.0 1184-00017545|CNS5 306|CSI+28-01028|G  69-47|GEN# +9.80069047|TIC 471011164|JP11  5937|LHS   135|LTT 17177|NLTT  3592|PM 01028+2814|UBV M  53637|USNO   3|[RHG95]   212|PLX  216.01|Gaia DR2 308256610357824640|WISEA J010539.17+282931.6|PM J01056+2829|Karmn J01056+284|SBC9 3807",
"CNS5 3066","Wolf  414",187.2399702861546,8.4253187308675,"**","M4V","TIC 389432682|StKM 2-843|HIP 60910|Gaia DR3 3902745286187581312|CNS5 3066|TIC 471011775|** WSI  113|WDS J12290+0826AB|WISEA J122857.13+082528.8|TYC  874-489-1|PM J12289+0825|UCAC4 493-058997|PLX 2877|BPS BS 16990-0067|LSPM J1228+0825|ASCC 1043727|USNO-B1.0 0984-00236373|CSI+08-12265|Ci 20  711|G  12-38|G  60-7|HIC  60910|LFT  914|LHS  2565|LTT 13517|NLTT 30879|NSV  5647|Wolf  414|[RHG95]  1954|2MASS J12285759+0825316|PLX 2877.00|GJ 469|Gaia DR2 3902745286187581312",12.047
"CNS5 3072","L  194-11",187.3939256870604,-55.99362490106001,"PM*","M4V","TIC 271946648|GJ 1158|Gaia DR3 6072726969332631552|GEN# +9.86194011|L  194-11|LFT  915|LHS   332|LTT  4735|CNS5 3072|[RHG95]  1957|2MASS J12293453-5559371|WISEA J122933.39-555945.6|GCRV 26290|Gaia DR2 6072726969332631552|PM J12295-5559|NLTT 30892|PM 12269-5543",13.27
"CNS5 3081","BD+09  2636",187.8158544842325,8.810601294923334,"PM*","M0V","TIC 399057352|Karmn J12312+086|MCC 662|StKM 2-846|GJ 471|HIP 61094|Gaia DR3 3902785006045478656|PLX 2885|LSPM J1231+0848|TYC  874-452-1|ASCC 1043799|UCAC2  34847574|USNO-B1.0 0988-00222223|AG+09 1522|BD+09  2636|Ci 20  713|G  60-9|G  12-39|GCRV  7534|GCRV 63331|GEN# +0.00902636|CNS5 3081|HIC  61094|IRAS F12287+0905|LFT  919|LHS  2570|LTT 13532|NLTT 30983|PPM 158926|SAO 119451|UBV   11249|UBV M    379|VVO 337|Wolf  417|YZ   9  6152|[RHG95]  1966|2MASS J12311578+0848380|PLX 2885.00|WISEA J123115.35+084832.7|UCAC4 495-057823|PM J12312+0848|WEB 10877|Gaia DR2 3902785109124370432",9.664
"CNS5 3092","Wolf  424 A",188.32257346994038,9.021123587424446,"PM*",,"GJ 473 A|Wolf  424 A|** REU    1A|WDS J12335+0901A|Gaia DR3 3902874650602495232|CNS5 3092",
"CNS5 3093","Wolf  424 B",188.32237406094544,9.020926471346112,"PM*",,"Wolf  424 B|** REU    1B|WDS J12335+0901B|GJ 473 B|Gaia DR3 3902874650601954816|CNS5 3093",
"CNS5 3096","* bet CVn",188.43560104856124,41.35747815357195,"**","G0V","GJ 475|HIP 61317|Gaia DR3 1534011998572555776|PLX 2895|LSPM J1233+4121|ASCC  409308|USNO-B1.0 1313-00232014|*   8 CVn|* bet CVn|AG+41 1128|BD+42  2321|Ci 20  718|FK5  470|GC 17127|GCRV  7563|GEN# +1.00109358|HD 109358|CNS5 3096|HIC  61317|HR  4785|IRAS 12313+4137|IRC +40236|JP11  2236|LFT  924|LHS  2579|LTT 13552|N30 2905|NLTT 31117|NSV  5725|PMC 90-93   334|PPM  53064|RAFGL 4852S|ROT  1842|SAO  44230|SBC7   466|SKY# 23491|SPOCS  537|TD1 16363|TYC 3020-2541-1|UBV M  18362|UBV   11286|Zkh 181|uvby98 100109358|2MASS J12334454+4121270|PLX 2895.00|1E 1231.3+4137|1RXS J123341.3+412133|WDS J12337+4121Aa,Ab|** BU 1433A|** BNU    4|CCDM J12337+4121AB|WDS J12337+4121A|WISEA J123343.91+412130.1|NAME Chara|WEB 10914|TIC 458445966|Gaia DR2 1534011998570864256",4.25
"CNS5 3103","G 123-45",189.11930516427165,35.20023117009,"PM*","M4.5V","Gaia DR3 1518564478676515712|LSPM J1236+3512|ASCC  494294|UCAC2  44139638|G 123-45|CNS5 3103|NLTT 31270|2MASS J12362870+3512007|USNO-B1.0 1252-00199432|WISEA J123628.32+351159.6|UCAC4 627-047551|PM J12364+3512S|TIC 4750626|Gaia DR2 1518564478676515712|Karmn J12364+352",
"CNS5 3110","2MASS J12373919+6526148",189.41331800000003,65.437447,"BD*","T6.5","TIC 147681982|WISE J123737.38+652608.4|WISEA J123737.33+652608.0|CNS5 3110|2MASS J12373919+6526148|2MASSI J1237392+652615|2MASSW J1237392+652615|SDSS J123738.88+652613.5|WISEP J123737.39+652608.2|SDSS J123738.87+652613.4|SDSS J123739.35+652613.6",
"CNS5 3111","CD-51  6859",189.46756706386208,-52.00147845294639,"PM*","M3V(e)","TIC 160197982|GJ 479|HIP 61629|Gaia DR3 6078114541943893888|PLX 2910|CD-51  6859|CF 10155|CPD-51  5356|Ci 20  724|GEN# -0.05106859|HIC  61629|L  255-20|LFT  930|LHS   336|LPM 438|LTT  4806|CNS5 3111|NLTT 31327|PM 12351-5144|TYC 8244-3175-1|UBV   11329|Zkh 184|[RHG95]  1983|2MASS J12375231-5200055|PLX 2910.00|1RXS J123753.6-515957|WISEA J123751.06-520005.0|UCAC4 190-073336|PM J12378-5200|Gaia DR2 6078114541943893888",10.663
"CNS5 3118","L  471-42",189.70457672061582,-38.381575117324445,"PM*","M4.5V","TIC 144370079|GJ 3737|Gaia DR3 6153483658836320384|CNS5 3118|GEN# +9.86471042|L  471-42|LHS   337|LTT  4818|[RHG95]  1986|PM 12362-3805|2MASS J12384914-3822527|Gaia DR2 6153483658836320384|WISEA J123848.50-382307.4|UCAC4 259-059593|PM J12388-3822|NLTT 31382|LFT  932",12.74
"CNS5 3124","LP  853-12",189.90181903070288,-26.969711527750274,"PM*",,"TIC 390531051|AP J12393641-2658111|Gaia DR3 3496355755520065408|2MASS J12393641-2658111|CNS5 3124|LHS  2597|LP  853-12|WISEA J123935.97-265813.0|Gaia DR2 3496355755520065408|NLTT 31429",
"CNS5 3127","L  399-68",190.19287249344916,-43.566386594184436,"PM*","M3V","TIC 73232846|GJ 9415|HIP 61874|Gaia DR3 6133474952391837824|CNS5 3127|WISEA J124045.53-433351.7|TYC 7783-576-1|PM J12407-4333|GCRV 26292|PLX 2919|CSI-43-12380|Ci 20  729|HIC  61874|LFT  935|LHS   340|LPM 442|LTT  4836|NLTT 31495|[RHG95]  1992|2MASS J12404633-4333595|PLX 2919.00|PM 12381-4318|GJ 480.1|Gaia DR2 6133474952391837824|L  399-68",12.239
"CNS5 3130","HD 110315",190.27702122321665,15.376666200858057,"PM*","K4.5V","TIC 460814512|MCC 670|StKM 2-856|GJ 481|HIP 61901|Gaia DR3 3934198156329809152|PLX 2922.0|LSPM J1241+1522|ASCC  867649|USNO-B1.0 1053-00212326|AG+15 1323|AGKR 11358|BD+16  2404|Ci 20  731|G  61-8|G  59-33|GC 17256|GCRV 63476|GEN# +1.00110315|GSC 01446-01139|HD 110315|HIC  61901|CNS5 3130|IRAS 12385+1539|LTT 13603|N30 2922|NLTT 31530|PPM 129246|SAO 100205|SKY# 23655|TYC 1446-1139-1|UBV M  18494|VVO 153|YZ  15  4726|YZC 18  4726|2MASS J12410647+1522359|PLX 2922.02|WISEA J124106.55+152232.2|UCAC4 527-053710|Gaia DR1 3934198152034691584|WEB 11002|Gaia DR2 3934198156329809152|** RDR    4A|WDS J12411+1523A",7.926
"CNS5 3135","* gam Vir",190.41511762006294,-1.4494039524575002,"PM*","F1-F2V","TIC 51735845|BD-00  2601|CSI-00  2601  5|HD 110379J|UBV   11380|*  29 Vir|NAME Porrima|GSC 04949-01120|IRAS 12390-0110|IRC +00223|JP11  2269|RAFGL 1571|TD1 16433|1ES 1239-01.1|1RXS J124139.7-012706|RX J1241.6-0127|2RE J1241-012|2RE J124140-012632|2MASS J12413962-0126580|* gam Vir|uvby98 100110379|GEN# +1.00110379|GJ 482.0|GJ 482 A|HIP 61941|Gaia DR3 3683687763520080384|PLX 2924|WDS J12417-0127A|* gam Vir A|*  29 Vir A|ADS  8630 A|AG-01 1685|BD-00  2601A|CSI-00  2601  1|CSV 101317|Ci 20  732|GC 17270|GCRV  7623|CNS5 3135|HD 110379|HR  4825|LFT  937|LHS  2604|LPM 444|LTT  4843|N30 2927|NLTT 31564|NSV  5859|PM 12391-0110|PMC 90-93  6089|RBS  1143|ROT  1871|SAO 138917|SKY# 23673|UBV   11379|uvby98 100110379 A|IDS 12366-0054 A|CCDM J12417-0127A|TYC 4949-1120-1|2EUVE J1241-01.4|EUVE J1241-01.4|** STF 1670A|Gaia DR2 3683687763520080384|WEB 11013",2.74
"CNS5 3143","LP  735-29",191.0030811798879,-11.175107518223886,"PM*","M4.5V","TIC 156619134|RAVE J124401.2-111029|SIPS J1244-1110|Gaia DR3 3530383784971799680|CNS5 3143|LHS  5226|LP  735-29|NLTT 31696|2MASS J12440075-1110302|RAVE J124400.8-111030|WISEA J124400.39-111031.9|UCAC4 395-054372|PM J12440-1110|Gaia DR2 3530383784971799680|Karmn J12440-111",14.18
"CNS5 3153","SCR J1245-5506",191.4688451397525,-55.11392770732028,"PM*","M5e","TIC 419692115|WISE J124552.95-550651.5|Gaia DR3 6073573215330461952|CNS5 3153|SCR J1245-5506|2MASS J12455254-5506502|RAVE J124552.5-550650|WISEA J124552.96-550651.6|UCAC4 175-092532|PM J12458-5506|Gaia DR2 6073573215330461952",13.684
"CNS5 3155","2MASS J12462965-3139280",191.62356498338622,-31.657903960116943,"BD*","T1","TIC 131308768|Gaia DR3 6160573275451466752|CNS5 3155|2MASS J12462965-3139280|WISE J124629.65-313934.2|EQ J1246-3139|WISEA J124629.64-313934.3|Gaia DR2 6160573275451466752",
"CNS5 316","G 269-106",17.076215370504165,-28.805713679801674,"PM*","M4V","TIC 326196770|GJ 1031|Gaia DR3 5032989500911228928|2MASS J01081826-2848207|CNS5 316|BPM 46943|Bok    I  90B|EGM 626|G 269-106|GEN# +9.80269106|L  581-85|LEHPM 1264|LFT  112|LHS  1197|LP  882-305|LTT   642|PM 01059-2904|[MBT64]  85|[PS78] 124|[RHG95]   222|[TS74] 327|UCAC4 306-001089|WISEA J010818.88-284821.8|USNO-B1.0 0611-00011923|PM J01083-2848|Gaia DR2 5032989500911228928|NLTT  3786",
"CNS5 3162","Wolf  437",191.98593570549582,9.751398796318611,"PM*","M3.5V","TIC 390651552|TOI-1827|Karmn J12479+097|HIP 62452|Gaia DR3 3735000631158990976|CNS5 3162|TIC 471011791|WISEA J124755.90+094500.2|TYC  882-1111-1|GJ 486|PM J12479+0945|UCAC4 499-057760|PLX 2943|LSPM J1247+0945|ASCC 1044254|USNO-B1.0 0997-00232152|CSI+10-12455|Ci 20  737|G  60-32|GCRV  7668|GEN# +9.80060032|HIC  62452|LFT  947|LHS   341|LTT 13654|NLTT 31933|PM 12455+1002|Wolf  437|Zkh 187|[RHG95]  2009|2MASS J12475664+0945050|PLX 2943.00|WEB 11090|Gaia DR2 3735000631158990976|NAME-IAU Gar",11.395
"CNS5 3169","G 237-78",192.261484878381,66.11018450700432,"SB*","M3V","TIC 341687654|MCC 676|StKM 2-877|GJ 487|HIP 62556|Gaia DR3 1677568531661779072|CNS5 3169|[ZEH2003] RX J1249.0+6606  3|PLX 2949|LSPM J1249+6606|TYC 4168-824-1|ASCC   83066|USNO-B1.0 1561-00140118|2EUVE J1249+66.0|AC +66  3955-0|AC +66  3955|CSI+66-12471|Ci 20  742|EUVE J1249+66.0|G 237-78|GCRV  7680|GEN# +6.10010487|GEN# +9.80237078|HIC  62556|JP11  5150|LTT 13665|NLTT 32013|RBS  1162|RX J1249.0+6606|V* DP Dra|Zkh 188|[GKL99] 269|[RHG95]  2017|2MASS J12490273+6606366|PLX 2949.00|1RXS J124903.8+660643|WDS J12490+6607AB|** DEL    4|PMSC 12451+6639Aabc|WISEA J124902.00+660635.8|UCAC4 781-023612|PM J12490+6606|WEB 11104|Gaia DR2 1677568527365572224",10.838
"CNS5 317","* mu. Cas",17.06792893936375,54.920155889239716,"SB*","G5Vb","TIC 252191219|AP J01081597+5455148|GJ 53|GJ 53 A|GJ 53 B|HIP 5336|Gaia DR3 411413822074322432|CNS5 317|PLX  219|SBC9 57|ASCC  231870|SPOCS 2126|LSPM J0108+5455|2MASS J01081597+5455148|*  30 Cas|* mu. Cas|AC2000 1721511|AG+54  110|BD+54   223|CCDM J01080+5455A|CSI+54   223  1|Ci 20   76|FK5 1030|GC  1360|GCRV   646|HD   6582|HIC   5336|HR   321|IDS 01016+5427 A|IRAS 01051+5439|JP11   456|LFT  107|LHS     8|LTT 10400|N30  220|NLTT  3721|NSV   405|PM 01049+5441|PPM  26046|ROT   168|SAO  22024|SBC7    42|SKY#  1744|TD1   626|TYC 3673-1929-1|UBV    1117|UBV M   7937|USNO 794|YZ  54   514|Zkh  23|uvby98 100006582|USNO-B1.0 1449-00037332|WDS J01083+5455Aa,Ab|WDS J01083+5455A|** WCK    1|** STT  551A|** BUP   14A|8pc 132.40|CSI+54   223  2|Zkh  24|[RHG95]   218|WISEA J010820.48+545456.6|GEN# +1.00006582|WEB  1137|Gaia DR2 411413822074322432",5.17
"CNS5 3176","HD 111631",192.6815284142687,-0.7681299260380555,"PM*","M0V","TIC 53280272|MCC 675|StKM 2-878|GJ 488|HIP 62687|Gaia DR3 3689602277083844480|PLX 2951|AG-00 1774|BD+00  2989|Ci 18 1633|DO  3290|G  14-6|G  60-41|GC 17435|GCRV  7688|GEN# +1.00111631|CNS5 3176|HD 111631|HIC  62687|IRAS 12481-0029|JP11  2306|LTT  4913|NLTT 32069|PPM 178892|SAO 138992|UBV   11547|UBV M  18725|YZ  90  3469|YZC 21  3469|[RHG95]  2024|uvby98 100111631|2MASS J12504357-0046047|PLX 2951.00|TYC 4950-67-1|UGP 307|WISEA J125043.52-004609.2|UCAC4 447-054239|PM J12507-0046|Gaia DR1 3689602272788441600|WEB 11119|Gaia DR2 3689602277083844480",8.47
"CNS5 3187","2MASS J12545393-0122474",193.7246002530609,-1.3798331669838,"BD*","T2e:","TIC 53313245|Gaia DR3 3688766613886655744|2MASS J12545393-0122474|CNS5 3187|EPIC 229006253|SDSS J125453.90-012247.5|SDSS J125453.90-012247.4|WISEP J125453.57-012245.8|WISEA J125453.55-012246.1|ULAS J125453.59-012246.2|Gaia DR2 3688766613886655744|WISE J125453.57-012246.1",
"CNS5 3201","SIPS J1259-4336",194.76987486644956,-43.606787645658336,"LM*","M8:","TIC 248223026|Gaia DR3 6135947032490329472|2MASS J12590470-4336243|CNS5 3201|SIPS J1259-4336|WISEA J125905.84-433627.2|Gaia DR2 6135947032490329472",
"CNS5 3210","Wolf  461",195.1396757483258,5.6855546167733335,"PM*","M4.5Ve","TIC 411248800|GJ 493.1|Gaia DR3 3705324881045028992|Cl* Melotte   25    EGG      45|LSPM J1300+0541|NLTT 32583|USNO-B1.0 0956-00217859|2E  2939|CSI+05-12581|Ci 20  754|G  60-55|G  62-5|GCRV  7757|GEN# +9.80060055|CNS5 3210|LFT  962|LHS  2664|LTT 13750|PM 12581+0557|UBV M  42599|USNO 239|V* FN Vir|Wolf  461|Zkh 190|[GKL99] 274|[RHG95]  2043|2MASS J13003350+0541081|PLX 2981.02|1RXS J130034.2+054111|2E 1258.1+0557|RX J1300.5+0541|WISEA J130032.84+054110.4|UCAC4 479-051785|PM J13005+0541|WEB 11236|Gaia DR2 3705324881043314304|Karmn J13005+056",
"CNS5 3211","2MASSI J1300425+191235",195.1771175441725,19.209610737083054,"BD*","L1.7V","TIC 149565536|Gaia DR3 3941342198772052352|2MUCD 11115|V* MN Com|2MASS J13004255+1912354|2MASSI J1300425+191235|CNS5 3211|[B2006] J130042.5+191235|2MASSW J1300426+191235|2MASSW J1300425+191235|Gaia DR2 3941342198772052352|WISEA J130041.89+191221.1",
"CNS5 3212","BD+13  2618C",195.17533291666663,12.354111111111111,"BD*","T8.5p","GJ 494 C|CWISE J130041.37+122114.2|EQ J130041.40+122114.3|EQ J1300+1221|EQ J130041.72+122114.7|WISEA J130041.63+122114.5|HIP 63510C|BD+13  2618C|CNS5 3212|SDSS J130041.93+122114.7|Ross  458C|WISEP J130041.65+122114.6|** GDM    1C|WDS J13008+1223C|ULAS J130041.74+122114.7|SDSS J130041.93+122114.6",
"CNS5 3213","BD+13  2618",195.19398619308538,12.375743674973055,"RS*","M0V","TIC 88138162|StKM 2-896|GJ 494|HIP 63510|Gaia DR3 3737308025029348608|LSPM J1300+1222|ASCC  954910|UCAC2  36124151|2MASS J13004666+1222325|USNO-B1.0 1023-00261371|2E  2940|2RE J1300+122|2RE J130044+122308|BD+13  2618|CSV   6977|Ci 20  755|G  60-57|G  61-27|GCRV  7760|GEN# +6.10010494|GEN# +0.01302618|GSC 00886-00839|HIC  63510|GJ 494 A|GJ 494 B|CNS5 3213|JP11  5151|LFT  964|LHS  2665|LTT 13752|MCC 140|NLTT 32600|PM 12583+1239|RBS  1203|RE J130042+122245|Ross  458|SV* WR    86|TYC  886-839-1|V* DT Vir|VVO   4|Wolf  462|Zkh 191|[FS2003] 0659|[GKL99] 275|[RHG95]  2045|PLX 2982.01|1ES 1258+12.6|1RXS J130047.2+122224|2E 1258.2+1238|EUVE J1300+12.3|RX J1300.7+1222|[ZEH2003] RX J1300.7+1222  1|WDS J13008+1223AB|** BEU   16|ASAS J130047+1222.3|** GDM    1AB|WISEA J130046.11+122232.4|UCAC4 512-052485|PM J13007+1222|WEB 11241|Gaia DR2 3737308025028857600",9.75
"CNS5 3228","LP  322-628",196.70960483875,30.84832630596639,"LM*","M6V","GJ 3762|LAMOST J130650.30+305054.0|Gaia DR3 1466009540856759680|PM J13068+3050|LSPM J1306+3050|2MASS J13065025+3050549|CNS5 3228|LP  322-628|NLTT 32909|Sand 214|[RHG95]  2055|UCAC2  42586451|GSC 02532-00491|USNO-B1.0 1208-00205376|LHS  2674a|[SIP89] 130427.6+310703|WISEA J130650.46+305048.8|Gaia DR2 1466009540856759680|TIC 165993932",15.42
"CNS5 3239","G 164-47",197.3957154281446,28.985101360487786,"PM*","M4.8V","AP J13093495+2859065|GALEX J130934.8+285905|GJ 1167 A|Gaia DR3 1461125613285603840|LSPM J1309+2859|1AXG J130936+2859|2E  2977|CCDM J13096+2859A|G 164-47|GEN# +9.80164047|CNS5 3239|IDS 13049+2932 A|LP  322-836|LTT 13799|NLTT 33085|SA  57-81|SA  57-114|Sand 224|Weis 50054|[GKL99] 277|[RHG95]  2064|2MASS J13093495+2859065|GSC 01996-01027|USNO-B1.0 1189-00208615|PLX 3005.01|1RXS J130934.9+285908|2E 1307.2+2915|RX J1309.5+2859|[SIP89] 130712.5+291506|[ZEH2003] RX J1309.5+2859  1|Pul -3 1060147|WDS J13097+2900A|** LDS 1365A|WISEA J130934.69+285904.2|UCAC4 595-049864|PM J13095+2859|TIC 359185852|Gaia DR2 1461125613285603840",14.078
"CNS5 324","LP  647-13",17.46334209827458,-3.723997223219166,"LM*","M9Ve","TIC 248350761|Gaia DR3 2531195858721613056|CNS5 324|2MUCD 10068|2MASS J01095117-0343264|2MASSI J0109511-034326|LP  647-13|NLTT  3868|USNO-B1.0 0862-00010566|SIPS J0109-0343|[B2006] J010951.2-034326|WISEA J010951.46-034326.2|Gaia DR2 2531195858721613056",19.266
"CNS5 3242","G 177-25",197.55262189514167,47.755187163576956,"LM*","M5.0V","AP J13101268+4745190|Gaia DR3 1554433777791815808|CNS5 3242|LSPM J1310+4745|ASCC  330651|UCAC2  47737987|USNO-B1.0 1377-00296991|G 177-25|LHS  2686|NLTT 33126|2MASS J13101268+4745190|1RXS J131011.9+474521|RX J1310.1+4745|[ZEH2003] RX J1310.1+4745  1|WISEA J131011.95+474512.1|PM J13102+4745|UCAC4 689-053823|Gaia DR2 1554433777791815808|Karmn J13102+477|TIC 137025855",
"CNS5 3247","* bet Com",197.96830761169252,27.878183974850003,"PM*","F9.5V","GJ 502|HIP 64394|Gaia DR3 1460229442589223424|PLX 3015|LSPM J1311+2752|ASCC  686177|USNO-B1.0 1178-00276810|* bet Com|*  43 Com|2E  2990|AG+28 1306|BD+28  2193|CCDM J13118+2753A|CSI+28  2193  1|Ci 20  765|FAUST 3706|FK5  492|GC 17874|GCRV  7850|GEN# +1.00114710|HD 114710|CNS5 3247|HIC  64394|HR  4983|IDS 13072+2823 A|IRAS 13095+2808|IRC +30246|JP11  2366|LFT  978|LHS   348|LTT 13815|N30 3027|NLTT 33217|PM 13095+2808|PMC 90-93   349|PPM 102444|RBS  1229|ROT  1942|SAO  82706|SKY# 24404|SPOCS  553|SRS  30492|TD1 16693|TYC 1996-2400-1|UBV   11934|YZ  28  6390|Zkh 193|[BOA98] 53|uvby98 100114710|2MASS J13115238+2752411|PLX 3015.00|1ES 1309+28.1|1RXS J131152.9+275242|2E 1309.5+2807|2EUVE J1311+27.8|EUVE J1311+27.8|RX J1311.8+2752|WDS J13119+2753A|Weis 44447|** STT  578A|[ZEH2003] RX J1311.8+2752  1|WISEA J131151.73+275251.1|TIC 445070560|WEB 11381|Gaia DR2 1460229369573307264",4.25
"CNS5 3252","WT 392",198.28886714570706,-41.51103902087582,"PM*","M5","TIC 30380653|Gaia DR3 6137710099384586240|CNS5 3252|NAME ER 2|2MASS J13130939-4130396|WISEA J131308.36-413039.4|PM J13131-4130|Gaia DR2 6137710099384586240|WT 392",
"CNS5 326","CD-68    47",17.5953370754902,-67.4449857386019,"**","M2.5V","TIC 52121469|GJ 54|HIP 5496|Gaia DR3 4704272495284592512|2MASS J01102281-6726425|PLX  246|CD-68    47|CPD-68    41|GCRV 21446|GEN# -0.06800041|HIC   5496|IRAS 01085-6742|L   87-59|LFT  117|LHS  1208|LPM  62|LTT   660|NLTT  3945|NSV   427|CNS5 326|PM 01086-6743|PPM 775222|TYC 8855-238-1|UBV M   7077|Zkh  25|[RHG95]   229|PLX  246.00|WDS J01104-6727AB|PM J01103-6726|WISEA J011023.60-672635.5|** GKI    3|UCAC4 113-001010|Gaia DR2 4704272495284592512",9.824
"CNS5 3269","HD 115404",199.21271429067622,17.017178028140833,"PM*","K2V","TIC 373765355|HD 115404A|GJ 505 A|HIP 64797|Gaia DR3 3936909723803146368|SPOCS 2856|CNS5 3269|LSPM J1316+1701W|ADS  8841 A|CCDM J13169+1701A|CSI+17  2611  1|WDS J13169+1701A|TYC 1451-1151-1|2MASS J13165106+1701021|** BU  800A|Gaia DR2 3936909723803146368|WISEA J131651.68+170058.2|GEN# +1.00115404|IDS 13118+1733 A|PLX 3035|ASCC  868574|AG+17 1357|BD+17  2611|CSI+17  2611  4|Ci 20  767|G  63-18|G 149-71|GC 17981|GCRV  7895|HIC  64797|LFT  988|LHS  2713|LTT 13853|NLTT 33527|PM 13144+1717|PPM 129708|SAO 100491|SKY# 24538|UBV   12007|UBV M  19228|YZ  17  4874|YZC 18  4874|[RHG95]  2085|1ES 1314+17.2|[ZEH2003] RX J1316.8+1700  1|IRAS 13143+1716|AKARI-IRC-V1 J1316514+170059|HD 115404|uvby98 100115404|WEB 11452",6.66
"CNS5 3270","HD 115404B",199.21480839272834,17.0166367037125,"PM*","M0.5V","TIC 373765353|AP J13165156+1701000|GJ 505 B|Gaia DR3 3936909723803146496|ASCC  868576|USNO-B1.0 1070-00246747|ADS  8841 B|BD+17  2611B|CCDM J13169+1701B|CSI+17  2611  2|GCRV  7896|CNS5 3270|HD 115404B|LFT  989|LHS  2714|LTT 13854|NLTT 33528|[RHG95]  2086|2MASS J13165156+1701000|LSPM J1316+1701E|WDS J13169+1701B|TYC 1451-1154-1|** BU  800B|UCAC4 536-054737|WEB 11453|Gaia DR2 3936909723803146496|Karmn J13168+170",9.36
"CNS5 3273","*  61 Vir",199.60130827686294,-18.311193819050562,"PM*","G6.5V","TIC 422478973|RAVE J131824.3-181840|GJ 506|HIP 64924|Gaia DR3 3507879565090229888|2MASS J13182443-1818387|PLX 3039|*  61 Vir|BD-17  3813|BDS  6447 A|CCDM J13185-1818A|CSI-17  3813  1|Ci 20  769|FK5 1345|GC 18007|GCRV  7907|CNS5 3273|GEN# +1.00115617|HD 115617|HIC  64924|HR  5019|IDS 13132-1745 A|JP11  2377|LFT  990|LHS   349|LPM 467|LTT  5111|N30 3051|NLTT 33614|PM 13158-1802|PMC 90-93   938|PPM 227091|ROT  1952|SACS 285|SAO 157844|SKY# 24581|SPOCS  562|TD1 16760|UBV M  19250|UBV   12025|YZ 108  5039|Zkh 194|[HFE83]  940|uvby98 100115617|PLX 3039.00|WDS J13184-1819A|TYC 6116-1517-1|Gaia DR2 3507879565090229888|AKARI-IRC-V1 J1318237-181847|IRAS 13157-1802|WISEA J131823.56-181851.2|WEB 11474",4.74
"CNS5 3277","BD+35  2436",199.88996572878,35.11017596573944,"SB*","M1V","VVO 313|MCC 46|StKM 2-927|GJ 507 A|HIP 65011|Gaia DR3 1473166433840438016|PLX 3047|ASCC  495287|USNO-B1.0 1251-00207066|ADS  8861 A|AG+35 1190|CCDM J13192+3507B|CSI+35  2436  1|Ci 18 1719|Ci 20  771|G 164-64|GC 18029|GCRV  7918|GEN# +0.03502436A|CNS5 3277|HIC  65011|IDS 13149+3540 A|LFT  992|LHS  2716|LTT 13868|NLTT 33705|PPM  77097|SAO  63473|TYC 2541-851-1|UBV   12040|Zkh 195|[RHG95]  2093|2MASS J13193356+3506373|LSPM J1319+3506W|WDS J13196+3507Aa,Ab|** BAG   11|SBC9 1487|WDS J13196+3507A|PMSC 13149+3540Aab|PMSC 13149+3540A|BD+35  2436|UBV M   2602|UBV   12042|** HJ  529A|WISEA J131933.95+350627.8|PM J13195+3506W|TIC 105617786|Gaia DR1 1473166429543995136|WEB 11486|Gaia DR2 1473166433840438016",
"CNS5 3278","G 164-65",199.89457057463417,35.106991531729165,"PM*","M3V","GJ 507 B|HIP 65012|Gaia DR3 1473166433840437888|ASCC  495288|USNO-B1.0 1251-00207067|ADS  8861 B|CSI+35  2436  2|G 164-65|GEN# +0.03502436B|CNS5 3278|HIC  65012|IDS 13149+3540 B|TIC 471011822|LFT  993|LHS  2717|LTT 13869|NLTT 33706|UBV   12041|Zkh 196|[RHG95]  2094|2MASS J13193466+3506258|LSPM J1319+3506E|WDS J13196+3507B|PMSC 13149+3540B|** HJ  529B|WISEA J131935.00+350616.8|TYC 2541-414-1|Gaia DR2 1473166433840437888|PM J13195+3506E|TIC 105617785|BD+35  2436B",11.9
"CNS5 3280","HD 115953",199.93977613640124,47.778029316543055,"**","M2V","MCC 142|GJ 508|GJ 508.0|HIP 65026|CNS5 3280|PLX 3048.1|ADS  8862 AB|AG+48 1060|BD+48  2108|CCDM J13198+4747AB|CSI+48  2108  1|DO 34346|GCRV  7920|HD 115953|HIC  65026|PPM  53498|SAO  44566|2MASS J13194569+4746409|WDS J13198+4747AB|** HU  644|AKARI-IRC-V1 J1319458+474640|IRAS 13175+4802|PMSC 13154+4818|1RXS J131944.6+474631|NSV  6191|StKM 2-930|UCAC4 689-053939|WEB 11489|Gaia DR2 1552921051659352960|TIC 393894049|GEN# +1.00115953",
"CNS5 3281","L  473-1",200.0160700639779,-35.41219900947694,"PM*","M3V","TIC 124618044|GJ 3777|Gaia DR3 6166376978860425600|CNS5 3281|L  473-1|LHS  2718|LTT  5131|[RHG95]  2095|NLTT 33708|GSC 07271-00679|UCAC3 110-149009|2MASS J13200391-3524437|WISEA J132003.12-352448.8|PM J13200-3524|Gaia DR2 6166376978860425600|LFT  994",13.0
"CNS5 3292","WISE J132233.64-234016.8",200.640175,-23.671352000000002,"BD*","T8","WISEA J132233.63-234017.0|CNS5 3292|WISEP J132233.67-234017.0|WISEP J132233.66-234017.1|EQ J1322-2340|WISE J132233.64-234016.8",
"CNS5 3293","Ross 1020",200.73644825371335,24.46766634796722,"PM*","M4V","AP J13225673+2428034|Karmn J13229+244|LAMOST J132256.67+242802.2|GJ 3779|Gaia DR3 1446540213584440704|PLX 3056.0|LSPM J1322+2428|NLTT 33920|2MASS J13225673+2428034|USNO-B1.0 1144-00202228|G 149-81|GEN# +9.80149081|CNS5 3293|LFT  999|LHS   350|LTT 13887|PM 13206+2444|Ross 1020|USNO 626|[RHG95]  2102|PLX 3056.01|WISEA J132256.26+242754.4|UCAC4 573-050737|PM J13229+2428|TIC 459826435|Gaia DR2 1446540213584440704",
"CNS5 3297","L  617-35",200.90845957948247,-25.91253921891361,"LM*","dM5.0","TIC 101774867|RAVE J132338.2-255445|GJ 3780|Gaia DR3 6192641081831733760|CE 344|CNS5 3297|L  617-35|LHS  2729|LP  855-10|LTT  5161|PM 13206-2539|[GKL99] 278|[RHG95]  2103|2MASS J13233804-2554449|1RXS J132338.0-255437|NLTT 33943|GSC 06704-00726|UCAC3 129-157311|USNO-B1.0 0640-00294762|DENIS J132338.2-255444|WISEA J132337.55-255447.5|UCAC4 321-070587|PM J13236-2554|Gaia DR2 6192641081831733760|LFT 1000",12.89
"CNS5 3304","2MASS J13243553+6358281",201.148073,63.974486999999996,"BD*","L8.0+T3.5","TIC 355897403|CNS5 3304|2MASS J13243553+6358281|SDSS J132435.53+635828.2|SDSS J132435.52+635828.3|WISEA J132434.93+635827.4|WISE J132434.95+635827.5|WISEP J132434.95+635827.5",
"CNS5 3317","Ross  486A",202.08782914816499,-2.360304450476666,"PM*","dM3.0","TIC 115070878|Karmn J13283-023W|GJ 512 A|Gaia DR3 3637980103080627328|GJ 512 a|CCDM J13284-0222A|CSI-02-13258  1|Ci 20  780|G  14-55A|CNS5 3317|GSC 04959-00178|IDS 13231-0151 A|LFT 1007|LHS  5249|LTT  5199|NLTT 34200|NSV  6261|Ross  486A|TYC 4959-178-1|[RHG95]  2118|2MASS J13282106-0221365|WDS J13283-0222A|RAVE J132821.1-022138|USNO-B1.0 0876-00351466|UCAC2  31014804|UCAC3 176-126162|UCAC3 176-126163|** B 2753A|DENIS J132821.1-022137|Gaia DR2 3637980103080373888|WISEA J132821.26-022141.4|WEB 11629",11.336
"CNS5 3318","Ross  486B",202.08962258002583,-2.3588645637644445,"PM*","M4V","TIC 115070879|GJ 512 B|AP J13282151-0221313|Gaia DR3 3637980098784983936|CCDM J13284-0222B|CSI-02-13258  2|G  14-55B|CNS5 3318|IDS 13231-0151 B|LFT 1008|LHS  5250|LTT  5200|NLTT 34203|Ross  486B|[RHG95]  2119|2MASS J13282151-0221313|WDS J13283-0222B|** B 2753B|RAVE J132821.5-022131|Gaia DR2 3637980098784983936",13.69
"CNS5 3323","BD+11  2576",202.49910791431287,10.377162370159724,"PM*","M1.0V","TIC 404519959|AP J13295979+1022376|StKM 2-947|GES J13300080+1022234|GJ 514|HIP 65859|Gaia DR3 3738099879558957952|PLX 3079|LSPM J1329+1022|TYC  895-317-1|ASCC  955736|UCAC2  35403307|USNO-B1.0 1003-00216029|8pc 131.12|AG+10 1630|BD+11  2576|Ci 20  782|G  63-34|GCRV  8008|GEN# +0.01102576|HIC  65859|CNS5 3323|JP11    45|LFT 1012|LHS   352|LTT 13925|MCC 143|NLTT 34287|PM 13275+1039|PPM 129864|Ross  490|UBV   12123|UBV   12139|UBV M    489|VVO   5|Zkh 200|[RHG95]  2123|2MASS J13295979+1022376|Karmn J13299+102|PLX 3079.00|[ZEH2003] RX J1329.9+1022  2|1RXS J132958.5+102252|[FS2003] 0673|RX J1329.9+1022|AKARI-IRC-V1 J1330002+102230|IRAS 13275+1038|WISEA J133000.58+102226.4|UCAC4 502-056873|PM J13299+1022|WEB 11651|Gaia DR2 3738099879558957952|LAMOST J132959.85+102236.8",9.029
"CNS5 334","V* YZ Cet",18.127653677659172,-16.998988336544166,"PM*","M4.0Ve","TIC 439403362|HIP 5643|TIC 610210976|Gaia DR3 2358524597030794112|CNS5 334|Gaia DR2 2358524597030794112|WISEA J011231.51-165949.5|TYC 5851-171-1|GJ 54.1|UCAC4 366-001333|GCRV 26152|2MASS J01123052-1659570|8pc 269.05|CSI-17-01099|CSS   25|G 268-135|GCRV   694|GSC 05851-01939|HIC   5643|IRAS F01100-1716|L  725-32|LFT  118|LHS   138|LP  767-22|LPM  63|LTT   670|NLTT  4016|PM 01100-1716|RBS   164|RE J011231-170021|USNO 493|V* YZ Cet|Zkh  26|[FS2003] 0039|[RHG95]   234|PLX  248.01|1RXS J011229.6-165949|PM J01125-1659|[GKL99] 38|WEB  1270|Karmn J01125-169",12.074
"CNS5 3353","ULAS J133553.45+113005.2",203.9733245833333,11.501986388888888,"BD*","T8.5","CNS5 3353|ULAS J133553.45+113005.2|WISEP J133553.41+113004.7|ULAS J133553.45+113005.1",
"CNS5 3356","Wolf  489",204.1327174331333,3.679428381485,"WD*","DC9","TIC 365181746|GJ 518|Gaia DR3 3713594960831605760|PLX 3112|LSPM J1336+0340|NLTT 34618|2MASS J13363181+0340458|USNO-B1.0 0936-00229354|CSI+03-13342|Ci 20  791|EGGR 100|G  64-4|G  62-53|GEN# +9.80062053|CNS5 3356|LAWD 49|LFT 1023|LHS    46|LTT 13961|PM 13342+0357|UBV   12210|USNO  46|WD 1334+03|WD 1334+039|Wolf  489|Zkh 201|PLX 3112.00|SDSS J133631.55+034044.5|WISEA J133629.22+034034.3|PM J13365+0340|UCAC4 469-047857",
"CNS5 3360","BD+36  2393",204.36986897577876,35.71776250168667,"PM*","K7.5V","MCC 49|GJ 519|HIP 66459|Gaia DR3 1471777269618346240|Pul -3 1120001|PLX 3116.1|LSPM J1337+3543|ASCC  495726|UCAC2  44313450|USNO-B1.0 1257-00211448|AG+35 1213|BD+36  2393|G 165-19|GCRV 64244|GEN# +0.03602393|GPM 204.368907+35.717905|GPM1 634|CNS5 3360|HIC  66459|LTT 13964|NLTT 34676|PPM  77312|SAO  63647|TYC 2543-201-1|Zkh 202|[RHG95]  2150|2MASS J13372875+3543039|PLX 3116.10|WISEA J133729.04+354303.4|UCAC4 629-047446|PM J13374+3543|TIC 73494569|Gaia DR1 1471777265321806464|WEB 11733|Gaia DR2 1471777269618346240",
"CNS5 3371","BD+46  1889",204.85042615323874,46.18648975919751,"**","M1.0V","MCC 305|StKM 2-966|GALEX J133924.1+461114|GJ 521|GJ 521 B|HIP 66625|Gaia DR3 1503625448550796032|CNS5 3371|PLX 3122.1|LSPM J1339+4611|TYC 3463-63-1|ASCC  331200|UCAC2  47431239|USNO-B1.0 1361-00233688|AG+46  991|BD+46  1889|G 177-50|GCRV 64276|HIC  66625|LTT 13979|NLTT 34814|PPM  53672|SAO  44697|Zkh 203|[RHG95]  2156|2MASS J13392410+4611114|PLX 3122.10|** JOD    6|WDS J13394+4611AB|GJ 521 A|WISEA J133924.06+461115.5|UCAC4 681-054634|PM J13394+4611|TIC 458452740|Gaia DR1 1503625444254250880|WEB 11753|Gaia DR2 1503625448550796032|Karmn J13394+461AB",
"CNS5 3390","Ross 1015",205.68028782302707,33.29009012190972,"PM*","M4V","AP J13424328+3317255|StKM 2-972|HIP 66906|Gaia DR3 1470462322431834880|CNS5 3390|TIC 471011840|Karmn J13427+332|WISEA J134243.17+331716.8|TIC 173095595|TYC 2540-1033-1|PM J13427+3317|GJ 3801|UCAC4 617-049749|LSPM J1342+3317|ASCC  589514|UCAC2  43448495|2MASS J13424328+3317255|USNO-B1.0 1232-00247499|G 165-25|HIC  66906|LHS  2784|LTT 13999|NLTT 34982|Ross 1015|[RHG95]  2168|PLX 3129.01|Gaia DR2 1470462322431520384|LFT 1029",13.896
"CNS5 3399","BD+18  2776",206.27116993462997,17.78543574989361,"PM*","M1V","TIC 72464819|MCC 307|StKM 2-978|GJ 525|HIP 67090|Gaia DR3 1244644727396803584|PLX 3133|LSPM J1345+1747|ASCC  869330|UCAC2  38081314|2MASS J13450502+1747105|USNO-B1.0 1077-00280315|AG+18 1272|BD+18  2776|CCDM J13454+1746A|CSI+18  2776  1|Ci 18 1784|Ci 20  801|G 150-33|G  63-52|G  63-15|GC 18587|GCRV  8119|GEN# +0.01802776|CNS5 3399|HIC  67090|IDS 13402+1821 A|LFT 1031|LHS   359|LTT 14008|NLTT 35101|PM 13426+1803|SAO 100686|TYC 1463-985-1|UBV   12285|UBV M    906|VVO 191|Wolf  497|YZ  18  4999|YZC 18  4999|[RHG95]  2173|uvby98 001802776|PLX 3133.00|WDS J13451+1747A|WISEA J134505.40+174648.4|PM J13450+1747|WEB 11814|Gaia DR2 1244644727396803584|Karmn J13450+176",9.75
"CNS5 3403","HD 119850",206.43239816550954,14.891519918732497,"PM*","M2V","Karmn J13457+148|TIC 72465347|AP J13454354+1453317|MCC 308|StKM 2-980|GJ 526|HIP 67155|Gaia DR3 3741297293732404352|PLX 3135|LSPM J1345+1453|ASCC  956176|2MASS J13454354+1453317|USNO-B1.0 1048-00224136|8pc 184.13|AG+15 1400|BD+15  2620|Ci 20  803|DO 14803|G  63-53|G 150-35|GAT  972|GC 18602|GCRV  8123|GEN# +1.00119850|CNS5 3403|HD 119850|HIC  67155|IRAS 13432+1508|JP11  2422|LAL 25372|LFT 1034|LHS    47|LTT 14011|NLTT 35133|NSV  6431|PM 13432+1510|PPM 130055|SAO 100695|TYC  899-789-1|UBV M  19692|UBV   12290|Wolf  498|YZ  15  5003|YZC 18  5003|Zkh 204|[GKL99] 286|[RHG95]  2176|uvby98 100119850|PLX 3135.00|WEB 11822|Gaia DR2 3741297293732404352|PM J13457+1453",8.5
"CNS5 3404","L  762-51",206.46131119337915,-17.968225456731943,"PM*","dM3.5","TIC 286942673|RAVE J134550.8-175805|HIP 67164|Gaia DR3 6294928369390563968|CNS5 3404|WISEA J134550.49-175811.2|TYC 6127-534-1|EPIC 212285603|PM J13458-1758|UCAC4 361-065901|HIC  67164|L  762-51|LHS  2794|LP  798-34|LTT  5346|NLTT 35132|PM 13432-1743|[RHG95]  2175|2MASS J13455074-1758047|GJ 3804|Gaia DR2 6294928369390563968|Karmn J13458-179|LFT 1035|AP J13455074-1758047",11.872
"CNS5 3406","LP  911-56",206.69186150937375,-31.823757066399722,"PM*","M6","TIC 30101427|Gaia DR3 6171593062022433920|SIPS J1346-3149|CE 359|CNS5 3406|LP  911-56|2MASS J13464607-3149258|DENIS J134646.0-314925|WISEA J134645.76-314923.8|Gaia DR2 6171593062022433920|NLTT 35184",
"CNS5 3412","EGGR 438",207.01254302213042,23.57956765591278,"WD*","DC9","TIC 328936612|PSO J207.0073+23.5799|GJ 1179 B|Gaia DR3 1251824057289839744|EGGR 438|LSPM J1348+2334|NLTT 35281|2MASS J13480299+2334462|GEN# +9.85380005|CNS5 3412|LHS   361|LP  380-5|USNO 536|WD 1345+23|WD 1345+238|WD 1345+234|USNO-B1.0 1135-00204107|WDS J13484+2337B|WISEA J134801.86+233447.8|Gaia DR2 1251824057289839744|PM J13480+2334",
"CNS5 3415","LP  380-6",207.0558838254875,23.61352941190028,"PM*","M5V","TIC 417153632|AP J13481341+2336486|GJ 1179 A|Gaia DR3 1251824607045654016|LSPM J1348+2336|NLTT 35290|2MASS J13481341+2336486|USNO-B1.0 1136-00206713|GEN# +9.85380006|CNS5 3415|LHS   362|LP  380-6|USNO 535|[RHG95]  2183|WDS J13484+2337A|WISEA J134812.26+233650.0|Gaia DR2 1251824607045654016",
"CNS5 3421","HD 120476B",207.26680499232083,26.978945533903328,"PM*","K6V","GJ 528 B|Gaia DR3 1451450048399313792|HD 120476B|ASCC  687297|2MASS J13490401+2658447|ADS  9031 B|BD+27  2296B|CCDM J13491+2659B|CSI+27  2296  3|GCRV  8156|CNS5 3421|IDS 13445+2729 B|VVO 286|[GKL99] 289|LSPM J1349+2658S|WDS J13491+2659B|USNO-B1.0 1169-00246701|PPMX J134904.0+265844|TYC 2002-492-2|** STF 1785B|TIC 359220744|UCAC4 585-049262|WEB 11859|Gaia DR2 1451450048399313792",8.01
"CNS5 3422","HD 120476A",207.26667562734704,26.979931764306667,"PM*","K4V","GJ 528 A|Gaia DR3 1451450048399808384|HD 120476a|CNS5 3422|TIC 359220741|Gaia DR1 1451450044104159360|UCAC4 585-049261|[GKL99] 288|VVO 285|IDS 13445+2729 A|GCRV  8155|CSI+27  2296  2|CCDM J13491+2659A|BD+27  2296A|ADS  9031 A|HD 120476A|ASCC  687296|2MASS J13490399+2658469|LSPM J1349+2658N|WDS J13491+2659A|UCAC3 234-108635|TYC 2002-492-1|SDSS J134903.84+265845.5|USNO-B1.0 1169-00246720|** STF 1785A|Gaia DR2 1451450048399313664",7.24
"CNS5 3423","HD 120467",207.43669325083707,-22.111092196034722,"PM*","K6Va","TIC 437325588|StKM 2-984|GJ 529|HIP 67487|Gaia DR3 6288325222245417856|PLX 3154|BD-21  3781|CPD-21  5613|Ci 20  813|GCRV  8160|GEN# +1.00120467|CNS5 3423|HD 120467|HIC  67487|L  691-29|LFT 1041|LHS   363|LPM 494|LTT  5368|NLTT 35368|PPM 262129|SAO 181997|TYC 6135-445-1|UBV   12325|UBV M  19745|UGP 337|YZ 111  5841|uvby98 100120467|PLX 3154.00|USNO-B1.0 0678-00368335|UCAC3 136-151231|PM 13471-2151|GSC 06135-00956|UCAC3 136-151230|GSC 06135-00445|2MASS J13494500-2206392|IRAS 13469-2151|WISEA J134943.51-220644.9|UCAC4 340-068512|WEB 11871|Gaia DR2 6288325222245417856",8.166
"CNS5 3439","LP   21-224",208.41164417679997,77.61893061336,"PM*","M4.0Ve","TIC 219463771|Gaia DR3 1714831771000745344|CNS5 3439|NLTT 35712|2MASS J13533877+7737083|LP   21-224|LSPM J1353+7737|USNO-B1.0 1676-00080820|[ZEH2003] RX J1353.6+7737  1|RX J1353.6+7737|1RXS J135337.0+773708|UCAC4 839-012603|PM J13536+7737|Gaia DR2 1714831771000745344|Karmn J13536+776",
"CNS5 3442","* eta Boo",208.67116216800866,18.397720717229475,"SB*","G0IV","GES J13544102+1823474|TIC 367758676|RAVE J135441.1+182352|AP J13544106+1823514|GALAH 140709001901194|Gaia DR3 1244946371540479616|GJ 534|GJ 534 A|GJ 534 B|HIP 67927|PLX 3175|SBC9 794|LSPM J1354+1823|ASCC  869594|USNO-B1.0 1083-00239773|* eta Boo|*   8 Boo|2E  3150|AG+18 1285|BD+19  2725|CSI+19  2725  1|FK5  513|GC 18805|GCRV  8204|GEN# +1.00121370|HD 121370|CNS5 3442|HIC  67927|HR  5235|IRAS 13522+1838|IRC +20267|JP11  2455|LTT 14060|N30 3162|NLTT 35643|NSV 19993|PMC 90-93   365|PPM 130166|RAFGL 4923S|ROT  2011|SAO 100766|SBC7   503|SKY# 25509|SRS  30513|TD1 17144|UBV   12376|UBV M  19832|USNO 849|YZ  18  5045|Zkh 205|[HFE83]  987|uvby98 100121370|2MASS J13544106+1823514|PLX 3175.00|1E 1352.3+1838|2E 1352.3+1838|EXO 1352.3+1838|RX J1354.7+1824|[TSA98] J135440.09+182358.11|[ZEH2003] RX J1354.6+1824  1|RX J1354.6+1824|1RXS J135441.2+182410|TYC 1470-1157-1|1AXG J135440+1823|[TSA98] J135439.99+182321.10|NAME Muphrid|WEB 11935|Gaia DR2 1244946371540223872|TIC 1000275770",2.68
"CNS5 3450","LP  912-33",209.30443449044415,-29.37386801737972,"PM*","dM4.0","Gaia DR3 6173812151364882688|PM J13572-2922N|CE 387|CNS5 3450|LP  912-33|LTT  5437|NLTT 35749|TIC 471012269|2MASS J13571306-2922252|WISEA J135713.04-292230.7|UCAC4 304-073640|PM J13572-2922|Gaia DR2 6173812151364882688|TIC 72748505",12.527
"CNS5 3451","HD 122064",209.38357649924998,61.49286114515,"PM*","K3V","TIC 202380743|HIP 68184|Gaia DR3 1661568850770761600|CNS5 3451|LSPM J1357+6129|TYC 4171-1430-1|ASCC  130965|USNO-B1.0 1514-00202600|AG+61  829|BD+62  1325|G 239-8|GC 18893|GCRV  8230|HD 122064|HIC  68184|HR  5256|IRAS 13559+6144|LTT 14084|NLTT 35851|PPM  18804|SAO  16230|SKY# 25599|SPOCS  585|2MASS J13573203+6129343|WISEA J135732.06+612936.3|WEB 11960|Gaia DR2 1661568850770761600",
"CNS5 3453","SSSPM J1358-3938",209.52252264796834,-39.63198208108916,"PM*",,"TIC 178930081|Gaia DR3 6114232433761438208|2MASS J13580529-3937545|CNS5 3453|SSSPM J1358-3938|Gaia DR2 6114232433761438208|WISEA J135806.95-393804.2",
"CNS5 3454","Ross  837",209.55800735281,12.57886195326472,"PM*","M3.5Ve","TIC 387009593|GJ 3817|Gaia DR3 3727748630418376704|LSPM J1358+1234|NLTT 35837|USNO-B1.0 1025-00270892|Ci 20  824|G  65-19|GEN# +9.80065019|CNS5 3454|LFT 1053|LHS  2830|LTT 14082|Ross  837|UBV M  42609|[RHG95]  2211|2MASS J13581392+1234438|PLX 3184.01|WISEA J135813.68+123451.5|UCAC4 513-056462|PM J13582+1234|Gaia DR2 3727747870210462464|Karmn J13582+125",
"CNS5 3461","L  763-63",209.79337906137457,-19.834348671557223,"LM*","M4.5V","TIC 125421413|GJ 3820|Gaia DR3 6290519435137636224|CNS5 3461|L  763-63|LHS  2836|LP  799-7|LTT  5455|NLTT 35884|PM 13564-1935|[GKL99] 290|[RHG95]  2214|2MASS J13591045-1950034|WISEP J135910.02-195005.4|WISEA J135909.99-195005.6|Gaia DR2 6290519435137636224|PM J13591-1950|Karmn J13591-198|LFT 1056|1RXS J135911.4-195006",12.88
"CNS5 3468","HD 122303",210.26328429860123,-2.6548666151838884,"PM*","M0V","TIC 119147875|MCC 705|StKM 2-1001|GJ 536|HIP 68469|Gaia DR3 3657653114880309248|PLX 3195|BD-01  2892|DO  3431|G  64-35|GEN# +1.00122303|CNS5 3468|HD 122303|HIC  68469|L  979-36|LFT 1061|LHS  2842|LPM 504|LTT  5470|NLTT 35989|UBV M  19903|[RHG95]  2216|Karmn J14010-026|2MASS J14010324-0239180|PLX 3195.00|1RXS J140108.4-023906|NSV 20022|TYC 4978-501-1|Gaia DR2 3657653114880309248|WISEA J140102.63-023911.1|UCAC4 437-057272|PM J14010-0239|Gaia DR1 3657653144944789504",9.707
"CNS5 3474","BD+47  2112A",210.63809972235956,46.33989691414527,"PM*","M2V","GJ 537 A|Gaia DR3 1508886439891509248|CNS5 3474|LSPM J1402+4620N|ASCC  331641|USNO-B1.0 1363-00239225|ADS  9090 A|CCDM J14025+4620A|CSI+47  2112  1|G 200-16A|GCRV  8252|IDS 13585+4649 A|LFT 1065|LHS  2849|LTT 14107|NLTT 36091|VVO 289|[RHG95]  2222|WDS J14024+4620A|** SWI    1A|BD+47  2112A|Gaia DR2 1508886435596604672|PM J14025+4620N|TIC 198151134|TYC 3465-617-1|2MASS J14023312+4620239",
"CNS5 3475","BD+47  2112B",210.63869769063373,46.34085466665556,"PM*","M2.5V","Gaia DR3 1508886439891508736|CNS5 3475|ASCC  331640|USNO-B1.0 1363-00239223|[RHG95]  2223|VVO 290|NLTT 36092|LTT 14108|LHS  2850|LFT 1066|IDS 13585+4649 B|GCRV  8253|G 200-16B|CSI+47  2112  2|CCDM J14025+4620B|ADS  9090 B|GJ 537 B|LSPM J1402+4620S|[ZEH2003] RX J1402.5+4620  1|WDS J14024+4620B|** SWI    1B|BD+47  2112B|Gaia DR2 1508886439889601536|PM J14025+4620S|TIC 198151136|TYC 3465-617-2|WEB 12014|2MASS J14023324+4620266",
"CNS5 3479","L  403-34",210.9647746746696,-42.69805584939361,"PM*","M5e","L  403-34|L  403-31|TIC 242189360|Gaia DR3 6109610086872510592|LHS  5264|CNS5 3479|WISEA J140351.18-424156.0|2MASS J14035157-4241528|UCAC4 237-069153|PM J14038-4241|Gaia DR2 6109610086872510592|NLTT 36110",13.003
"CNS5 3482","WISE J140518.39+553421.3",211.33853904166665,55.57191069444445,"BD*","Y0(pec?)","CNS5 3482|WISEP J140518.40+553421.5|WISE J140518.39+553421.3|WISEP J140518.40+553421.4|EQ J1405+5534|WISEA J140518.32+553421.3",
"CNS5 3484","2MASS J14053729+8350248",211.40510767200877,83.84021027353221,"BD*","L8","TIC 309999964|WISE J140533.32+835030.5|Gaia DR3 1725759404752580736|CNS5 3484|2MASS J14053729+8350248|Gaia DR2 1725759404752580736|WISEA J140533.13+835030.7",
"CNS5 3503","WT 460",212.99958044919583,-41.53942125694472,"**","M5.5e","TIC 179615113|Gaia DR3 6109949904687424640|** MTG    3|UCAC4 243-069747|WISE J141159.28-413222.4|2MASS J14115998-4132211|CNS5 3503|Gaia DR2 6109949904687424640|WISEA J141159.27-413222.5|WDS J14120-4132AB|DENIS J141159.9-413221|WT 460",
"CNS5 3506","CD-56  5362",213.30363749563165,-56.74205792167249,"PM*","M2V:","TIC 407559875|GJ 2106|HIP 69454|Gaia DR3 5895265380327966464|CD-56  5362|CPD-56  6199|HIC  69454|LTT  5557|CNS5 3506|NLTT 36550|PPM 771219|2MASS J14131288-5644314|TYC 8673-4534-1|WISEA J141313.30-564429.5|UCAC4 167-114493|PM J14132-5644|Gaia DR1 5895265375990344960|Gaia DR2 5895265380327966464",10.191
"CNS5 3515","G  65-39",213.88562198649288,4.658739057227222,"SB*","M5V","TIC 446416116|AP J14153253+0439312|GJ 1182|Gaia DR3 3668176368871118208|PLX 3240.0|LSPM J1415+0439|NLTT 36732|2MASS J14153253+0439312|USNO-B1.0 0946-00224609|G  65-39|CNS5 3515|L 1052-3|LFT 1082|LHS   366|LP  559-67|LTT 14180|PM 14131+0454|UBV M  42614|USNO 243|[RHG95]  2248|PLX 3240.02|WISEA J141532.01+043923.3|GCRV 26143|UCAC4 474-051002|PM J14155+0439|Gaia DR2 3668176368871118208|Karmn J14155+046|SBC9 3811",
"CNS5 3517","* alf Boo",213.915300294925,19.1824091615312,"RG*","K1.5IIIFe-0.5","TIC 459832522|AP J14153968+1910558|GALAH 150210005801171|GJ 541|HIP 69673|PLX 3242|LSPM J1415+1910|NLTT 36756|TYC 1472-1436-1|ASCC  870215|USNO-B1.0 1091-00221874|* alf Boo|*  16 Boo|AAVSO 1411+19|AG+19 1335|BD+19  2777|CSV 101433|Ci 20  843|FK5  526|GC 19242|GCRV  8341|GEN# +1.00124897|HD 124897|CNS5 3517|HIC  69673|HR  5340|TIC 471011863|IRAS 14133+1925|IRC +20270|JP11  2486|LFT 1084|LHS    48|LTT 14184|N30 3229|NAME Arcturus|NSV  6603|PM 14134+1927|PM 14134-1927|PMC 90-93   376|PPM 130442|RAFGL 1693|ROT  2044|SAO 100944|SKY# 26028|SRS  30526|SV* ZI  1054|TD1 17351|UBV   12551|UBV M  20076|USNO 850|YPAC  52|[HFE83] 1018|uvby98 100124897|2MASS J14153968+1910558|PLX 3242.00|GAT 1341|** HDS 2003A|WDS J14157+1911A|CCDM J14157+1911A|WEB 12132",-0.05
"CNS5 3519","G 165-58",213.98490043696955,36.27704584896778,"PM*","M3.5V","Gaia DR3 1483977656798789120|LSPM J1415+3616|ASCC  496706|UCAC2  44491273|USNO-B1.0 1262-00217960|G 165-58|CNS5 3519|NLTT 36791|2MASS J14155637+3616368|Pul -3 1190005|2XMM J141556.3+361638|SDSS J141556.36+361638.4|WISEA J141556.38+361640.5|UCAC4 632-049651|PM J14159+3616|TIC 27351599|Gaia DR2 1483977656798789120",
"CNS5 3521","ULAS J141623.94+134836.3",214.099759,13.810089,"BD*","T7.5p","WISEA J141623.96+134836.0|CWISE J141623.96+134837.3|EQ J1416+1348 B|CNS5 3521|WDS J14164+1348B|ULAS J141623.94+134836.3|[BLL2010] SDSS J1416+13B|** SOZ    3B|WISE J141623.93+134836.0",
"CNS5 3522","2MASS J14162408+1348263",214.1003082079,13.80727591144,"BD*","L5","TIC 310417889|Gaia DR3 1227133699053734528|EQ J1416+1348 A|CNS5 3522|2MASS J14162408+1348263|SDSS J141624.08+134826.7|WDS J14164+1348A|[BLL2010] SDSS J1416+13A|** SOZ    3A|WISEA J141624.14+134827.6|SDSS J141624.09+134826.7|Gaia DR2 1227133699053734528|SDSS J141624.12+134827.4",
"CNS5 3537","HD 125072",214.77014288658873,-59.37903793204583,"PM*","K3IV","TIC 413356994|RAVE J141904.8-592245|GJ 542|HIP 69972|Gaia DR3 5866992641380992256|PLX 3243|AAVSO 1412-59|CD-58  5564|CPC 20  4489|CPD-58  5467|Ci 20  845|GC 19292|GCRV 64699|GEN# +1.00125072|HD 125072|HIC  69972|LFT 1088|LHS  2892|LPM 517|LTT  5625|CNS5 3537|NLTT 36884|PM 14155-5908|PPM 342746|SAO 241627|SKY# 26123|SPOCS  597|UBV   12557|UBV M  20087|Zkh 207|uvby98 100125072|2MASS J14190485-5922447|PLX 3243.00|TYC 8690-554-1|WISEA J141904.20-592252.6|Gaia DR1 5866992637073091840|WEB 12169|Gaia DR2 5866992641380992256",6.66
"CNS5 3545","Ross  848",215.03070981208623,-9.620386114426944,"PM*","M3.5V","GJ 545|Gaia DR3 6329012134635132544|PLX 3256.1|CSI-09-14175|Ci 20  851|G 124-25|GEN# +9.80124025|CNS5 3545|LFT 1094|LHS   369|LPM 521|LTT  5641|Ross  848|[RHG95]  2268|PLX 3256.10|2MASS J14200739-0937127|PM 14175-0923|WISEA J142006.93-093722.1|GCRV 26147|PM J14201-0937|Gaia DR2 6329012134635132544|NLTT 36988|UCAC4 402-056619|TIC 471012479|TIC 6112560",12.87
"CNS5 3549","G 124-27",215.3130205015083,-1.1221693857236112,"PM*","dM4.0","TIC 287849681|GJ 3843|Gaia DR3 3652796572020424448|G 124-27|CNS5 3549|L  980-5|LFT 1096|LHS  2899|LP  620-3|LTT  5651|PM 14187-0053|[RHG95]  2271|GSC 04977-00034|SDSS J142115.13-010720.6|USNO-B1.0 0888-00234144|UCAC3 178-129458|2MASS J14211512-0107199|WISEA J142115.24-010726.4|PM J14212-0107|Gaia DR2 3652796572020424448|Karmn J14212-011|NLTT 37044",12.95
"CNS5 3555","PM J14223-7023",215.58114354695874,-70.39361412343666,"PM*","M5","TIC 449046160|Gaia DR3 5846275093531511936|CNS5 3555|2MASS J14221943-7023371|PM J14223-7023|WISEA J142217.83-702341.3|Gaia DR2 5846275093531511936",15.17
"CNS5 3566","G  65-49",216.233267664325,8.887625190679167,"PM*","M3V","TIC 421809379|HIP 70475|Gaia DR3 1175938925836488448|CNS5 3566|TIC 471011867|WISEA J142456.36+085317.1|TYC  909-761-1|PM J14249+0853|UCAC4 495-060582|LSPM J1424+0853|ASCC 1047255|2MASS J14245599+0853155|USNO-B1.0 0988-00243820|G  65-49|GEN# +9.80065049|HIC  70475|GJ 3846|L 1124-13|LFT 1103|LHS  2913|LP  500-19|LTT 14237|NLTT 37252|PM 14224+0907|UBV M  42619|[RHG95]  2276|PLX 3269.02|Gaia DR2 1175938925836488448|Karmn J14249+088",12.257
"CNS5 3570","2MASS J14252798-3650229",216.3666022267737,-36.839791282650275,"BD*","L4","TIC 167670065|Gaia DR3 6118581861234228352|2MUCD 20568|CNS5 3570|2MASS J14252798-3650229|DENIS J142527.9-365023|WISEA J142527.73-365028.0|Gaia DR2 6118581861234228352",
"CNS5 3579","LP  500-35",217.01731489930663,13.93703584195722,"PM*","M7V","TIC 141286665|Gaia DR3 1227705135863076864|LSPM J1428+1356|USNO-B1.0 1039-00224376|CNS5 3579|LHS  2919|LP  500-35|NLTT 37424|2MASS J14280419+1356137|WISEA J142803.89+135608.1|Gaia DR2 1227705135863076864",17.65
"CNS5 3586","LP  271-25",217.1801146725683,33.17757203030027,"LM*","M9Ve","TIC 286963145|SDSS J142843.12+331036.8|GJ 3849|Gaia DR3 1287312100751643776|ELAISC15 J142843+331040|2MASS J14284323+3310391|LSPM J1428+3310|NLTT 37480|USNO-B1.0 1231-00259696|2MUCD 20571|FS 134|CNS5 3586|LHS  2924|LP  271-25|[GKL99] 302|[RHG95]  2292|PLX 3282.02|SDSS J142843.13+331036.8|WISEA J142842.93+331031.7|Gaia DR2 1287312100751643776",
"CNS5 3590","BD+16  2658",217.3737390761946,15.532639260612221,"PM*","M2/3V","TIC 450352108|MCC 718|StKM 2-1052|GJ 552|HIP 70865|Gaia DR3 1229089524081628416|PLX 3283|LSPM J1429+1531|ASCC  870591|UCAC2  37371180|USNO-B1.0 1055-00233412|BD+16  2658|Ci 20  863|G 135-56|GCRV  8458|GEN# +0.01602658|CNS5 3590|HIC  70865|LFT 1111|LHS   373|LTT 14269|NLTT 37506|PM 14272+1544|Ross  130|TYC 1476-1306-1|VVO 101|[HFE83] 1031|[RHG95]  2295|2MASS J14292971+1531578|PLX 3283.00|WISEA J142928.94+153211.0|PM J14294+1531|Gaia DR1 1229089313628425600|WEB 12271|Gaia DR2 1229089524081628416|Karmn J14294+155",10.676
"CNS5 3591","NAME Proxima Centauri",217.42894222160578,-62.67949018907555,"PM*","M5.5Ve","TIC 388857263|AP J14294291-6240465|GJ 551|HIP 70890|TIC 1019422535|Gaia DR3 5853498713190525696|PLX 3278|* alf Cen C|2E 1426.0-6227|2E  3278|2RE J142946-624031|2RE J1429-624|CCDM J14396-6050C|CSI-62-14263|CSV   2142|Ci 20  861|GEN# +6.10010551|GEN# +6.00105721|HIC  70890|IRAS 14260-6227|JP11  5156|JP11  5155|JP11  5187|LFT 1110|LHS    49|LPM 526|LTT  5721|CNS5 3591|NAME Proxima Cen|NAME Proxima|NAME Proxima Centauri|NLTT 37460|PM 14263-6228|RE J1429-624|RE J142950-624056|V* V645 Cen|Zkh 211|[AOP94]  6|[FS2003] 0708|[GKL99] 301|[RHG95]  2291|2MASS J14294291-6240465|PLX 3278.00|1E 1425.9-6228|1ES 1426-62.4|1RXS J142947.9-624058|2EUVE J1429-62.6|EUVE J1429-62.6|EUVE J1430-62.6|RX J1429.7-6240|WDS J14396-6050C|PMSC 14328-6025C|Gaia DR2 5853498713160606720|WISEA J142937.35-624038.3|PM J14297-6240",11.13
"CNS5 3594","LP   98-79",217.65746035752252,59.72357419594695,"PM*","M6.5V","TIC 154383758|GJ 3855|Gaia DR3 1618010323247026560|CNS5 3594|LSPM J1430+5943|USNO-B1.0 1497-00221149|2MASS J14303787+5943249|2MASSI J1430378+594325|LHS  2930|LP   98-79|NLTT 37621|[GKL99] 303|[RHG95]  2303|PLX 3293.01|WISEA J143036.64+594326.6|Gaia DR2 1618010323247026560",17.88
"CNS5 3598","Wolf 1478",217.75483606228832,-12.296097695465274,"PM*","dM3.5","TIC 297175954|HIP 70975|Gaia DR3 6324308389531786112|CNS5 3598|WISEA J143100.88-121749.9|TYC 5571-551-1|GJ 553.1|PM J14310-1217|UCAC4 389-060468|PLX 3285.1|CSI-12-14283|CSI-12-14284|Ci 20  865|GEN# +6.00105734|HIC  70975|GJ 9484|JP11  5204|LFT 1113|LHS  2932|LPM 529|LTT  5734|NLTT 37557|NSV  6695|PM 14283-1204|UBV M  43017|Wolf 1478|[RHG95]  2300|2MASS J14310120-1217451|PLX 3285.10|Gaia DR2 6324308389531786112|Karmn J14310-122",11.903
"CNS5 36","L  217-28",2.0724292666879163,-57.09803011383418,"PM*","M4V","TIC 201287746|GJ 3009|Gaia DR3 4919497979411495296|LTT    57|CNS5 36|[RHG95]    24|BPM 16015|2MASS J00081737-5705528|UCAC3 66-278|GSC 08467-00187|L  217-28|NLTT   352|USNO-B1.0 0329-00001349|PPMX J000817.3-570552|Smethells 154|DENIS J000817.3-570552|RAVE J000817.4-570553|UCAC4 165-000122|PM J00082-5705|Gaia DR2 4919497979411495296",12.07
"CNS5 3603","LP  560-35",218.03544886399416,8.192013631661387,"LM*","M6V","TIC 349568452|AP J14320849+0811313|LAMOST J143208.49+081131.3|Gaia DR3 1172618435080418176|LSPM J1432+0811|NLTT 37646|2MASS J14320849+0811313|USNO-B1.0 0981-00283735|CNS5 3603|LHS  2935|LP  560-35|WISEA J143208.16+081131.2|Gaia DR2 1172618435080418176|Karmn J14321+081",
"CNS5 3613","HD 128165",218.3702826930829,52.90879107492666,"PM*","K3","TIC 357373129|GJ 556|HIP 71181|Gaia DR3 1605198298364601088|CNS5 3613|LSPM J1433+5254|TYC 3860-1045-1|ASCC  259970|USNO-B1.0 1429-00289919|AG+53  955|AGKR 13011|BD+53  1719|G 200-49|G 201-2|G 223-70|G 224-14|GC 19646|GCRV  8489|GEN# +1.00128165|HD 128165|HIC  71181|IRAS 14318+5307|LTT 14295|N30 3299|NLTT 37762|NSV  6710|PPM  34579|SAO  29196|SKY# 26494|SPOCS  604|UBV   12733|UBV M  20249|YZ  53  4555|YZC 26  4555|uvby98 100128165|2MASS J14332887+5254315|PLX 3299.01|WISEA J143328.64+525434.3|Gaia DR1 1605198294068793088|WEB 12304|Gaia DR2 1605198298364601088",
"CNS5 3614","BD-11  3759",218.57004859310788,-12.519559582093887,"BY*","M3.5V","TIC 294401924|HIP 71253|Gaia DR3 6324325225803432320|CNS5 3614|WISEA J143416.56-123104.1|TYC 5572-804-1|PM J14342-1231|UCAC4 388-063886|PLX 3296|8pc 163.51|BD-11  3759|GJ 555|Ci 20  870|GEN# -0.01103759|GSC 05572-00804|HIC  71253|JP11   280|LFT 1120|LHS  2945|LPM 532|LTT  5759|NLTT 37751|NSV  6707|PM 14316-1219|UBV   12727|UBV M   5328|V* HN Lib|Wolf 1481|Zkh 208|[RHG95]  2310|2MASS J14341683-1231106|PLX 3296.00|Gaia DR2 6324325225803432320|Karmn J14342-125",11.317
"CNS5 3625","2MASS J14392836+1929149",219.86729142858292,19.487752441769445,"BD*","L1V","TIC 349289826|Gaia DR3 1237730036208674048|2MUCD 20581|2MASP J1439284+192915|2MASS J14392836+1929149|2MASSW J1439284+192915|2MASSW J1439283+192915|CNS5 3625|WISE J143927.23+192919.9|WISEA J143927.21+192919.9",
"CNS5 3627","* alf Cen A",219.90205833170774,-60.83399268831004,"PM*","G2V","GALAH 140708001701306|2MASS J14393592-6050069|TIC 471011145|GJ 559 A|HIP 71683|PLX 3309|* alf Cen A|CCDM J14396-6050A|CPD-60  5483A|CSI-60  5483 41|GCRV  8517|GEN# +1.00128620A|HD 128620|HIC  71683|HR  5459|IDS 14328-6025 A|LFT 1127|LHS    50|LTT  5806|CNS5 3627|NLTT 37984|PM 14362-6038A|PPM 360911|SKY# 26645|SPOCS  610|TD1 17606|Zkh 209|WDS J14396-6050A|TYC 9007-5849-1|PMSC 14328-6025A|* alf01 Cen|** RHD    1A|CD-60  5293A|WEB 12354|NAME Rigel Kentaurus|NAME Rigil Kentaurus",0.01
"CNS5 3636","G 239-25",220.58989848449536,66.05579023618084,"PM*","M3V","TIC 219004642|MCC 723|StKM 2-1077|GJ 9492|HIP 71898|Gaia DR3 1669449084967071872|AC +66  4437|CNS5 3636|LSPM J1442+6603|TYC 4179-1178-1|ASCC   84861|USNO-B1.0 1560-00150653|G 239-25|HIC  71898|LTT 14363|NLTT 38229|[FS2003] 0727|[RHG95]  2329|2MASS J14422164+6603208|1RXS J144224.8+660334|WISEA J144221.06+660320.5|UCAC4 781-024848|** GKI    4A|WDS J14424+6603A|PM J14423+6603|Gaia DR1 1669449080671046016|Gaia DR2 1669449084967071872",10.708
"CNS5 3637","G 239-25B",220.59187092869286,66.05546252606445,"LM*","M8.1","Gaia DR3 1669449084967072000|TIC 1102519456|CNS5 3637|GJ 9492 B|** GKI    4B|WDS J14424+6603B|G 239-25B|Gaia DR2 1669449084967072000",16.0
"CNS5 3657","LP  801-9",221.85558687830834,-17.704376486251665,"WD*","DC10","TIC 331819924|PSO J221.8515-17.7055|GJ 3866|Gaia DR3 6282457918962299776|CNS5 3657|LHS   378|LP  801-9|NLTT 38361|WD 1444-174|2MASS J14472548-1742151|Gaia DR2 6282457918962299776|WISEA J144724.54-174219.3",16.46
"CNS5 3672","G 166-49",222.79331772367124,31.11120012500667,"PM*","M4.0Ve","TIC 9094160|AP J14511044+3106406|LAMOST J145110.33+310639.9|Gaia DR3 1283125607149311360|LSPM J1451+3106|ASCC  591481|USNO-B1.0 1211-00222759|G 166-49|CNS5 3672|LP  326-38|LTT 14400|NLTT 38580|2MASS J14511044+3106406|[ZEH2003] RX J1451.1+3106  2|RX J1451.1+3106|1RXS J145110.3+310648|GUVV J145110.3+310639.8|SDSS J145110.28+310639.5|WISEA J145110.11+310638.4|UCAC4 606-051057|PM J14511+3106|Gaia DR2 1283125607149311360|** JNN  147A|WDS J14512+3107A|** BWL   39A|WISE J145110.13+310638.5",12.52
"CNS5 3673","* ksi Boo B",222.84601533759,19.10191326331,"PM*","K5Ve","TIC 1101124559|GJ 566 B|Gaia DR3 1237090738916392832|IDS 14468+1931 B|TYC 1481-722-2|WDS J14514+1906B|* ksi Boo B|8pc 149.26B|ADS  9413 B|BD+19  2870B|CCDM J14513+1906B|CSI+19  2870  5|GCRV  8635|GEN# +1.00131156B|HD 131156B|CNS5 3673|Zkh 213|** STF 1888B|WEB 12490|Gaia DR2 1237090738916392832",6.816
"CNS5 3674","* ksi Boo A",222.84745194146,19.10044994484,"PM*","G7Ve","TIC 1101124558|GJ 566 A|Gaia DR3 1237090738916392704|IDS 14468+1931 A|TYC 1481-722-1|CCDM J14513+1906A|* ksi Boo A|8pc 149.26A|ADS  9413 A|BD+19  2870A|CSI+19  2870  4|HD 131156A|CNS5 3674|Zkh 212|WDS J14514+1906A|** STF 1888A|GCRV  8634|Gaia DR2 1237090738916392704",4.675
"CNS5 3679","V* DE Boo",223.34902280422665,19.152797977366944,"RS*","K0.5V","TIC 267365256|GJ 567|HIP 72848|Gaia DR3 1236929488664453376|CABS 120|PLX 3367|SBC9 820|LSPM J1453+1909|ASCC  871314|2E  3344|AG+19 1397|BD+19  2881|Ci 20  894|GC 20037|GCRV  8648|GEN# +1.00131511|GSC 01481-00694|HD 131511|CNS5 3679|HIC  72848|HR  5553|IRAS 14511+1921|LAL 27137|LFT 1153|LHS  5279|LTT 14413|NLTT 38694|NSV  6847|PPM 130966|RBS  1441|SAO 101276|SKY# 27033|SPOCS  625|TYC 1481-694-1|UBV   12969|UBV M  20439|V* DE Boo|YPAC 180|YZ  19  5383|2MASS J14532374+1909104|USNO-B1.0 1091-00230934|PLX 3367.00|1RXS J145324.3+190915|2E 1451.1+1921|EUVE J1453+19.1|RX J1453.4+1909|[ZEH2003] RX J1453.4+1909  1|WISEA J145323.43+190912.4|uvby98 100131511|WEB 12513|Gaia DR2 1236929488664453376",6.0
"CNS5 3682","Ross   52A",223.46415641496955,23.555838283499163,"PM*",,"Ross   52A|** REU    2A|WDS J14540+2335A|GJ 568 A|Gaia DR3 1266092694561970432|CNS5 3682",
"CNS5 3683","Ross   52B",223.4647109379304,23.555698456665,"PM*",,"Ross   52B|** REU    2B|WDS J14540+2335B|GJ 568 B|Gaia DR3 1266092694562422912|CNS5 3683",
"CNS5 3684","DENIS J145407.8-660447",223.53319450709583,-66.07983214241638,"BD*","L3.5","TIC 259315924|Gaia DR3 5848753805085988352|2MASS J14540797-6604476|CNS5 3684|DENIS J145407.8-660447|WISEA J145408.80-660451.2|Gaia DR2 5848753805085988352",
"CNS5 3687","BD+16  2708B",223.62257738299252,16.102393415264725,"SB*","M8.5","GJ 569 B|Gaia DR3 1187851653286799488|[B2006] J145428.0+160605|CNS5 3687|WDS J14545+1606Ba,Bb|CCDM J14545+1606B|** MEL    2|** FRT    1B|WDS J14545+1606B|BD+16  2708B|Gaia DR2 1187851653286799488",
"CNS5 3688","BD+16  2708",223.62181743337788,16.101054997244447,"PM*","M3V","TIC 258105174|StKM 2-1089|GJ 569|HIP 72944|Gaia DR3 1187851653287128576|PLX 3372|LSPM J1454+1606|ASCC  871349|UCAC2  37549385|2MASS J14542923+1606039|USNO-B1.0 1061-00230223|2E  3349|BD+16  2708|DO 15122|G 136-28|GCRV 65111|GEN# +0.01602708|GSC 01478-00495|CNS5 3688|HIC  72944|MCC 157|NLTT 38745|RBS  1442|V* CE Boo|[GKL99] 308|[HFE83] 1058|[RHG95]  2358|PLX 3372.00|1RXS J145429.2+160610|2E 1452.1+1618|RX J1454.4+1606|[ZEH2003] RX J1454.4+1606  1|WISEA J145429.44+160603.0|WDS J14545+1606A|CCDM J14545+1606A|** FRT    1A|TYC 1478-495-1|GJ 569 A|UCAC4 531-055950|PM J14544+1606|WEB 12519|Gaia DR2 1187851653287128576|Karmn J14544+161ABC",10.15
"CNS5 3691","PM J14551+3006",223.79772421598997,30.11260906138,"PM*","M3.8","TIC 284701226|AP J14551146+3006454|LAMOST J145511.86+300645.4|Gaia DR3 1282073374518833152|LAMOST J145511.45+300645.3|CNS5 3691|2MASS J14551146+3006454|PM J14551+3006|UCAC4 601-052727|Gaia DR2 1282073374517759872",13.778
"CNS5 3697","LP  914-54",224.15943113148623,-28.163505320412494,"Em*","M7.0Ve","GJ 3877|Gaia DR3 6224387727748521344|2MUCD 11264|2MASS J14563831-2809473|2MASSI J1456383-280947|CNS5 3697|LHS  3003|LP  914-54|NLTT 38829|[GKL99] 310|[RHG95]  2363|PLX 3372.03|[B2006] J145638.3-280947|WISEA J145637.87-280957.3|Gaia DR2 6224387727748521344|8pc 156.30|TIC 471012770",17.141
"CNS5 3699","GJ 570 D",224.312344,-21.363264,"BD*","T8","TIC 287157669|GJ 570 D|CWISE J145716.20-212216.3|WISE J145715.84-212207.9|EQ J145716.21-212216.5|2MASS J14571496-2121477|2MASSW J1457150-212148|8pc 169.32D|CNS5 3699|WISEP J145715.85-212207.6|WISEP J145715.84-212207.5|WDS J14575-2125G|WISEA J145715.83-212208.0",
"CNS5 3700","HD 131977",224.36666996615494,-21.41547979591945,"BY*","K4V","TIC 287157634|StKM 2-1093|GJ 570 A|HIP 73184|Gaia DR3 6232511606838403968|GJ 570|PLX 3375|V* KX Lib|GSC 06180-00855|GSC 06180-01226|8pc 169.32A|ADS  9446 A|BD-20  4125|CCDM J14574-2124A|CSI-20  4125  1|Ci 20  900|CNS5 3700|FK5 1391|GC 20113|GCRV  8668|GEN# +1.00131977A|HD 131977|HIC  73184|HR  5568|IRAS 14545-2112|IRC -20275|JP11  2553|LAL 27173|LFT 1161|LHS   387|LPM 551|LTT  5949|N30 3376|NLTT 38872|PM 14545-2111|PMC 90-93   979|PPM 263609|SACS 325|SAO 183040|SKY# 27162|SPOCS  627|SRS  31391|TYC 6180-855-1|UBV   12988|VVO 266|YZ 111  6202|Zkh 214|[RHG95]  2367|uvby98 100131977 A|2MASS J14572788-2124526|WDS J14575-2125A|Gaia DR2 6232511606838403968|PMSC 14516-2058A|** HN   28A|UBV   12990|CSI-20  4123  2|MCC 726|UCAC4 343-073968|WEB 12542",5.72
"CNS5 3703","G 201-27",224.4738827456425,56.656797836667224,"PM*","M5.5V","TIC 405503787|GJ 1187|Gaia DR3 1612801833587498240|Karmn J14578+566|CNS5 3703|LSPM J1457+5639|NLTT 38963|2MASS J14575374+5639242|USNO-B1.0 1466-00257616|G 201-27|GEN# +9.80201027|LHS  3006|LP   98-348|USNO 328|[GKL99] 311|[RHG95]  2376|PLX 3385.01|WISEA J145754.09+563917.6|GCRV 21708|Gaia DR2 1612801833587498240|AP J14575374+5639242",
"CNS5 3707","Gaia DR3 6305165514134625024",224.9766109720996,-18.53771255437806,"*",,"Gaia DR3 6305165514134625024|CNS5 3707",
"CNS5 3710","BD+45  2247",225.23153186704124,45.42627307631667,"PM*","M0V","TIC 284266904|MCC 314|StKM 2-1106|GJ 572|HIP 73470|Gaia DR3 1586968533015434624|CNS5 3710|PLX 3394|LSPM J1500+4525|ASCC  332931|UCAC2  47200320|USNO-B1.0 1354-00256759|AG+45 1159|BD+45  2247|Ci 18 1996|Ci 20  904|G 179-6|G 201-30|GCRV  8702|GEN# +0.04502247|HIC  73470|IRAS 14591+4537|LTT 14455|NLTT 39083|PPM  54474|SAO  45329|UBV   13035|UBV M   3471|[RHG95]  2381|2MASS J15005557+4525343|PLX 3394.00|[ZEH2003] RX J1500.9+4525  1|RX J1500.9+4525|1RXS J150054.7+452541|WISEA J150055.79+452537.7|UCAC4 678-057522|PM J15009+4525|TYC 3481-1481-1|WEB 12573|Gaia DR2 1586968533015434624|CCDM J15009+4526A|** HDS 2118A|WDS J15009+4526A|BD+45  2247A",
"CNS5 3711","BD+45  2247B",225.23152353173498,45.425785239109175,"PM*",,"Gaia DR3 1586968533013974528|CNS5 3711|BD+45  2247B|CCDM J15009+4526B|** HDS 2118B|WDS J15009+4526B|Gaia DR2 1586968533013974528|TIC 1102069399",
"CNS5 3712","TVLM 513-46",225.28411026652,22.833927185849998,"BD*","M8.5V","TIC 311188315|AP J15010818+2250020|Gaia DR3 1262763648230973440|TVLM 513-46|2MUCD 20596|2MASS J15010818+2250020|2MASSI J1501081+225001|CNS5 3712|TVLM 513-46546|PLX 3391.01|[B2006] J150108.3+225002|SDSS J150108.17+225001.8|WISEP J150108.17+225001.4|USNO-B1.0 1128-00290573|Gaia DR2 1262763648230973440",15.09
"CNS5 3714","WISE J150115.92-400418.4",225.3151842916667,-40.07079702777778,"BD*","T6","WISEA J150115.92-400418.2|CNS5 3714|WISE J150115.92-400418.4",
"CNS5 3715","CD-43  9546",225.31875550009997,-43.65864215953,"SB*","M3Ve","TIC 334524122|Gaia DR3 5908372482296952064|2RE J1501-434|2RE J150110-434055|CNS5 3715|RE J1501-433|RE J150116-433941|TYC 7833-1147-1|CD-43  9546|2MASS J15011648-4339311|1RXS J150116.3-433941|2EUVE J1501-43.6|EUVE J1501-43.6|RX J1501.2-4338|UCAC4 232-079174|PM J15012-4339|Gaia DR1 5908372482296952064|Gaia DR2 5908372482296952064",10.791
"CNS5 3722","2MASS J15031961+2525196",225.83171209743372,25.422165466394166,"BD*","T5.5","TIC 229886390|Gaia DR3 1267906854386665088|2MASS J15031961+2525196|2MASSW J1503196+252519|CNS5 3722|SDSS J150319.64+252522.4|WISEP J150319.70+252525.4|WISEA J150319.68+252525.7|Gaia DR2 1267906854386665088",
"CNS5 3723","* i Boo",225.94706519512025,47.65406187958964,"**","G0Vn","TIC 283819432|GJ 575|HIP 73695|CNS5 3723|PLX 3410|* i Boo|*  44 Boo|2E  3373|ADS  9494 AB|BD+48  2259|CCDM J15038+4739AB|CSI+48  2259  1|Ci 20  907|EXO 1502.0+4749|GC 20281|GCRV 65212|HD 133640|HIC  73695|HR  5618|IRAS 15021+4750|N30 3404|ROT  5698|SAO  45357|SKY# 27315|TD1 17940|UBV M  20543|uvby98 100133640 ABV|1ES 1502+47.8|2E 1502.1+4751|2EUVE J1503+47.6|EUVE J1503+47.6|RX J1503.7+4739|WDS J15038+4739AB|** STF 1909|[ZEH2003] RX J1503.8+4739  1|RBS  1458|[FS2003] 0748|2RE J150345+473901|RE J150345+473900|2RE J1503+473|RX J1503.8+4739|RE J1503+473|1RXS J150348.3+473924|PMSC 15005+4803|UCAC3 276-123545|UCAC4 689-055438|2MASS J15034736+4739152|1AXG J150349+4739|WISEA J150346.76+473916.8|WEB 12597|GEN# +1.00133640|NAME-IAU Quadrans",
"CNS5 3734","2MASS J15065257+7027247",226.71850231482793,70.4569864677289,"BD*","T6","TIC 232535619|WISEA J150652.46+702727.0|Gaia DR3 1695191332232990720|CNS5 3734|WISEP J150649.97+702736.0|EQ J1506+7027|WISE J150649.97+702736.1|Gaia DR2 1695191332232990720|WISEA J150649.92+702736.1|2MASS J15065257+7027247",
"CNS5 3735","2MASSW J1506544+132106",226.72637460241916,13.351677597541945,"BD*","L3","TIC 148010819|Gaia DR3 1182574753387703680|2MUCD 11291|2MASS J15065441+1321060|2MASSI J1506544+132106|CNS5 3735|2MASSW J1506544+132106|Gaia DR2 1182574753387703680|WISEA J150653.55+132105.9",
"CNS5 3739","2MASSW J1507476-162738",226.9486492731425,-16.461142773012774,"BD*","L5V","TIC 432216119|EPIC 249914869|Gaia DR3 6306068659857135232|2MUCD 11296|2MASS J15074769-1627386|2MASSI J1507476-162738|2MASSW J1507476-162738|CNS5 3739|[B2006] J150747.6-162738|WISEA J150747.56-162749.3|Gaia DR2 6306068659857135232",22.136
"CNS5 3763","2MASSW J1515008+484742",228.75355435145457,48.79480269363888,"BD*","L6.5","TIC 309848930|Gaia DR3 1589250088362827776|CNS5 3763|2MASSW J1515008+484742|[B2006] J151500.8+484741|2MUCD 11314|2MASS J15150083+4847416|2MASSI J1515009+484739|SDSS J151500.62+484744.8|WISEA J151459.85+484756.7",
"CNS5 3777","WISE J151906.63+700931.4",229.77491295833332,70.1601485,"BD*","T8","WISEA J151906.63+700931.3|CNS5 3777|WISEP J151906.64+700931.5|EQ J1519+7009|WISE J151906.63+700931.4",
"CNS5 3780","BD-07  4003",229.86177891146036,-7.722274860407221,"BY*","M3V","TIC 36853511|Karmn J15194-077|MCC 159|StKM 2-1135|GES J15192557-0743217|HIP 74995|Gaia DR3 6322070093095493504|CNS5 3780|Gaia DR2 6322070093095493504|WISEA J151925.96-074321.2|PM J15194-0743E|TYC 5594-1093-1|PLX 3458|8pc 159.52|BD-07  4003|Ci 20  923|G 151-46|G 152-9|GCRV  8863|GEN# -0.00704003|GSC 05594-00593|HIC  74995|JP11   273|LFT 1195|LHS   394|LPM 564|LTT  6112|GJ 581|NLTT 39886|NSV  7023|UBV   13194|UBV M   5243|V* HO Lib|Wolf  562|Zkh 217|[RHG95]  2420|PLX 3458.00|2MASS J15192689-0743200|UCAC3 165-136246|DENIS J151926.8-074319|UCAC2  29110263|UCAC4 412-059591|Gaia DR1 6322069882641960448|WEB 12795",10.56
"CNS5 3791","V* OT Ser",230.47055229613,20.97775302066,"PM*","M1.0V","TIC 355793860|MCC 740|StKM 2-1144|GJ 9520|HIP 75187|Gaia DR3 1214160733157163008|LSPM J1521+2058|ASCC  783611|UCAC2  39155015|USNO-B1.0 1109-00243006|[RHG95]  2428|2MASS J15215291+2058394|1RXS J152153.0+205830|AG+21 1498|BD+21  2763|BPM 90688|GSC 01493-00378|HIC  75187|CNS5 3791|PPM 103982|RBS  1489|RE J1521+205|RE J152152+205830|TYC 1493-378-1|V* OT Ser|[GKL99] 314|PLX 3472.02|0ES 1519+21.1|1SWASP J152152.93+205839.9|2EUVE J1521+20.9|EUVE J1521+20.9|RX J1521.8+2058|[ZEH2003] RX J1521.8+2058  2|UCAC4 555-053747|PM J15218+2058|Gaia DR1 1214160728861204224|Gaia DR2 1214160733157163008|Karmn J15218+209",10.003
"CNS5 3793","L  623-94",230.55408351358543,-27.828494029560556,"PM*","dM4.5","GJ 2112|Gaia DR3 6213248060043565184|PM J15222-2749S|TIC 226023693|GEN# +9.85915027|CNS5 3793|L  623-94|LHS  3064|LP  915-27|LTT  6133|TIC 471012291|[RHG95]  2426|UCAC3 125-174902|2MASS J15221293-2749436|USNO-B1.0 0621-00415309|LFT 1201|DENIS J152212.8-274944|WISEA J152213.31-274936.3|Gaia DR2 6213248060043565184|PM J15222-2749|NLTT 40004",13.28
"CNS5 3799","Ross  508",230.96307119367125,17.465956628834725,"PM*","dM5.0","TIC 400019820|GJ 585|Gaia DR3 1208695640675619584|Karmn J15238+174|PLX 3481.0|PLX 3481|LSPM J1523+1727|USNO-B1.0 1074-00294828|CSI+17-15216|Ci 20  930|G 137-2|G 136-103|GEN# +9.80136103|GEN# +6.10010585|CNS5 3799|JP11  5158|LFT 1203|LHS   396|LTT 14584|NLTT 40124|PM 15216+1739|Ross  508|UBV M  42964|USNO  53|[RHG95]  2433|2MASS J15235112+1727569|PLX 3481.00|WISEA J152350.85+172744.4|UCAC4 538-057526|PM J15238+1727|Gaia DR2 1208695640675619584",
"CNS5 3801","LSPM J1524+2925",231.1031637301479,29.425429039141395,"LM*","M7.5V","TIC 237091400|AP J15242475+2925318|Gaia DR3 1272178319624018816|LSPM J1524+2925|USNO-B1.0 1194-00233357|2MASP J1524248+292535|2MASS J15242475+2925318|CNS5 3801|LSR J1524+2925|WISEP J152424.72+292525.2|WISEA J152424.70+292524.8|Gaia DR2 1272178319624018816",
"CNS5 382","RX J0128.6-1457",22.164631389259995,-14.967981514390003,"**","M3.0Ve","TIC 257397333|WISE J012839.51-145804.7|Gaia DR3 2452167910719793664|1RXS J012840.0-145742|RX J0128.6-1457|** TSN  121|WDS J01287-1458AB|2MASS J01283952-1458042|USNO-B1.0 0750-00014178|CNS5 382|RAVE J012839.5-145804|RAVE J012839.5-145805|DENIS J013134.7-143430|SCR J0128-1458|UCAC4 376-001648|Gaia DR2 2452167910719793664",13.645
"CNS5 3823","LP  502-56",232.62636580561997,9.43373405966,"PM*","M5.5V","TIC 393018418|Gaia DR3 1165479168642900992|NLTT 40406|2MASS J15303032+0926014|LSPM J1530+0926|USNO-B1.0 0994-00253254|CNS5 3823|LP  502-56|WISEA J153030.20+092603.3|UCAC4 498-064647|PM J15305+0926|Gaia DR2 1165479168642900992|Karmn J15305+094|AP J15303032+0926014",
"CNS5 3826","CD-40  9712",233.05388462875788,-41.27559178719,"PM*","M2.5V","TIC 149590989|GJ 588|HIP 76074|Gaia DR3 6002807341299977216|PLX 3501|CD-40  9712|CF 13312|CPD-40  7021|Ci 20  934|HIC  76074|IRAS 15288-4106|LFT 1208|LHS   397|CNS5 3826|LTT  6210|NLTT 40449|NSV  7119|TYC 7844-1976-1|UBV M   6108|Zkh 218|[RHG95]  2446|GEN# -0.04009712|2MASS J15321302-4116314|PLX 3501.00|[KWS97] Non-TTS  7|1RXS J153212.5-411640|RX J1532.2-4116|WISEA J153211.87-411642.7|PM J15322-4116|Gaia DR2 6002807341299977216|PM 15290-4105",9.311
"CNS5 3841","2MASS J15345704-1418486",233.7372180908338,-14.313681133034445,"LM*","M8.6V","TIC 386928810|Gaia DR3 6265453524968112640|[B2006] J153457.0-141848|2MUCD 11346|2MASS J15345704-1418486|2MASSI J1534570-141848|CNS5 3841|Gaia DR2 6265453524968112640|WISEA J153456.27-141852.6",
"CNS5 3851","L  480-69",234.1436969456587,-37.90637519212861,"PM*","M4.5V","TIC 172278724|GJ 590|Gaia DR3 6012446244330608768|PLX 3517.1|CSI-37-15335|CNS5 3851|L  480-69|LFT 1212|LHS  3092|LTT  6228|[RHG95]  2455|PLX 3517.10|GSC 07836-01098|2MASS J15363450-3754223|UCAC3 105-188693|NLTT 40644|USNO-B1.0 0520-00456914|NOMAD1 0520-0046248|GEN# +9.86480069|DENIS J153634.5-375422|WISEA J153634.19-375431.1|Gaia DR2 6012446244330608768|UCAC4 261-085106|PM J15365-3754",12.72
"CNS5 3852","Ross  802",234.24426707096706,-14.133819700146944,"PM*","dM4.0","GJ 592|Gaia DR3 6265472113586221696|PLX 3525|CSI-13-15342|Ci 20  938|G 152-40|CNS5 3852|LFT 1214|LHS  3093|LPM 573|LTT  6233|NLTT 40676|Ross  802|USNO 330|[RHG95]  2458|2MASS J15365868-1408006|PLX 3525.00|RAVE J153658.7-140801|WISEA J153658.30-140808.2|Gaia DR2 6265472113586221696|UCAC4 380-071382|PM J15369-1408|Karmn J15369-141|TIC 386973129|TIC 471012749",12.726
"CNS5 3857","VB 24 A",235.01508197992376,43.49420488991722,"PM*","M3V","TIC 155970640|AP J15400352+4329396|PM J15400+4329|WISE J154004.76+432935.9|GJ 1194 A|Gaia DR3 1391241478857408768|VB 24|CNS5 3857|LSPM J1540+4329N|2MASS J15400352+4329396|G 179-43|LHS   402|LTT 18423|NLTT 40867|PM 15383+4339|VB 24 A|[RHG95]  2462|WDS J15400+4330A|Gaia DR2 1391241478857408768|** VBS   25A|StKM 2-1183|WISEA J154004.80+432935.0|PM J15400+4329N|Karmn J15400+434N",
"CNS5 3858","VB 24 B",235.01593427776038,43.493071243151945,"PM*","M3.5V","TIC 155970641|WISE J154004.94+432931.5|GJ 1194 B|Gaia DR3 1391241478857408640|CNS5 3858|2MASS J15400374+4329355|LHS   403|LTT 18424|NLTT 40868|VB 24 B|[RHG95]  2463|LSPM J1540+4329S|WDS J15400+4330B|Gaia DR2 1391241478857408640|** VBS   25B|PM J15400+4329S",13.8
"CNS5 3863","UCAC4 195-119117",235.18140187997787,-51.026656989971386,"PM*","M7.0V","TIC 190138951|Gaia DR3 5985290231327158144|CNS5 3863|WISEA J154045.67-510139.3|2MASS J15404341-5101357|Gaia DR2 5985290231327158144|UCAC4 195-119117|WISE J154045.65-510139.2",
"CNS5 3865","Ross 1057",235.31903812810418,75.99277159316112,"SB*","M3.5V","TIC 160422712|GJ 597|HIP 76832|Gaia DR3 1706907487621086464|CNS5 3865|PLX 3575.0|PLX 3575|LSPM J1541+7559|ASCC   42423|AC +76  5308|AC +76  5308-0|CSI+76-15423|G 257-20|GEN# +9.80257020|GSC 04560-03069|GSC 04560-02677|HIC  76832|LFT 1225|LHS   404|LTT 14680|NLTT 41081|PM 15423+7610|Ross 1057|TYC 4560-3069-1|USNO 331|V* UU UMi|[RHG95]  2472|2MASS J15411642+7559347|USNO-B1.0 1659-00077208|PLX 3575.00|UCAC4 830-015315|PM J15412+7559|Gaia DR2 1706907487620624000|SBC9 3812|Karmn J15412+759",
"CNS5 3866","WISE J154151.65-225024.9",235.46787133333333,-22.840196111111116,"BD*","Y0","CNS5 3866|WISEP J154151.65-225025.2|WISE J154151.65-225024.9|EQ J1541-2250|WISEP J154151.66-225025.2",
"CNS5 3867","L  768-119",235.52725110635666,-19.47175337072555,"SB*","dM4.5","TIC 287291938|HIP 76901|Gaia DR3 6254033894121581952|CNS5 3867|TIC 471011179|WISEA J154205.08-192829.0|TYC 6193-1351-1|PM J15421-1928|UCAC4 353-075758|GCRV 26155|PLX 3547|SBC9 1541|CSI-19-15393|GEN# +9.86768119|GEN# +6.10010595|GEN# +9.85803060|HIC  76901|GJ 595|JP11  5188|JP11  5159|L  768-119|LFT 1218|LHS    54|LP  803-60|LPM 577|LTT  6273|NLTT 40918|NSV  7202|PM 15394-1918|UBV M  42967|USNO 858|Zkh 219|[RHG95]  2464|PLX 3547.00|2MASS J15420677-1928167|Gaia DR2 6254033894120917760",11.855
"CNS5 3868","WISE J154214.00+223005.2",235.56130704166668,22.502568555555555,"BD*","T9.5","CNS5 3868|WISE J154214.00+223005.2|EQ J1542+2230|WISEA J154214.00+223005.2",
"CNS5 3881","* lam Ser",236.61089255068003,7.353068716340001,"PM*","G0-V","TIC 296740796|WISE J154626.37+072110.2|GJ 598|HIP 77257|Gaia DR3 4430238051199001216|PLX 3570|LSPM J1546+0721|TYC  364-1224-1|ASCC 1050519|USNO-B1.0 0973-00314491|* lam Ser|*  27 Ser|1E 1544.0+0730|AG+07 1966|BD+07  3023|CSV 101527|GC 21201|GCRV  9096|GEN# +1.00141004|HD 141004|HIC  77257|HR  5868|CNS5 3881|IRAS 15440+0730|IRC +10295|JP11  2646|LTT 14677|N30 3543|NLTT 41151|NSV  7246|PPM 161899|ROT  2223|SAO 121186|SBC7   551|SKY# 28519|SPOCS  669|SV* ZI  1157|TD1 18547|UBV M  20956|UBV   13433|YPAC 183|YZ   7  7083|uvby98 100141004|2MASS J15462661+0721109|PLX 3570.00|1RXS J154625.5+072111|RX J1546.4+0721|[ZEH2003] RX J1546.4+0721  1|WEB 13090|Gaia DR2 4430238051199001216",4.42
"CNS5 3882","2MASSI J1546271-332511",236.613275,-33.419773,"BD*","T5.7","TIC 99213845|2MASS J15462718-3325111|2MASSI J1546271-332511|CNS5 3882|WISEP J154627.30-332508.0|WISEA J154627.29-332509.2|EQ J1546-3325|WISE J154627.30-332508.9",
"CNS5 3906","LP  860-41",238.18588196700085,-26.387141224016666,"PM*","M6.0V","TIC 23997017|SIPS J1552-2623|Gaia DR3 6235533167875990272|CNS5 3906|LHS  5303|LP  860-41|2MASS J15524460-2623134|DENIS J155244.6-262313|WISEA J155244.77-262318.4|Gaia DR2 6235533167875990272|NLTT 41379",
"CNS5 3908","2MASS J15530228+1532369",238.259503,15.543587,"BD*","T6.5+T7.5","TIC 172607100|2MASS J15530228+1532369|2MASSI J1553022+153236|2MASSW J1553022+153236|CNS5 3908|SDSS J155302.09+153237.8|WISEP J155301.94+153238.6|WISEA J155301.93+153238.8|** BUG   11|WDS J15531+1533AB|EQ J1553+1532|WISE J155301.95+153238.8",
"CNS5 3915","* bet TrA",238.785675265,-63.43072653638888,"PM*","F1V","TIC 341149986|GJ 601 A|HIP 77952|Gaia DR3 5826168461855385472|PLX 3589|* bet TrA|CCDM J15551-6326A|CD-63  1135|CPC 20.1  4772|CPD-63  3723|CSI-63  3723 41|Ci 20  948|FK5  589|GC 21332|GCRV  9149|GEN# +1.00141891A|HD 141891|HIC  77952|HR  5897|IDS 15463-6307 A|JP11  2659|LTT  6339|CNS5 3915|N30 3569|NLTT 41426|PPM 361732|ROT  2233|SAO 253346|SKY# 28743|TD1 18619|UBV   13469|UBV M  20995|uvby98 100141891 A|PLX 3589.00|WDS J15551-6326A|TYC 9027-5712-1|Renson 40270|AKARI-FIS-V1 J1555094-632558|IRAS 15507-6316|AKARI-IRC-V1 J1555083-632553|** LDS  542A|1RXS J155508.2-632553|2MASS J15550857-6325507|WEB 13182|Gaia DR2 5826168461827543168",2.85
"CNS5 3917","2MASS J15551573-0956055",238.81573416509246,-9.935011033286944,"BD*","L1.6V","TIC 54864880|Gaia DR3 4346523537966269824|2MASS J15551573-0956055|2MASSW J1555157-095605|CNS5 3917|WISEA J155516.42-095614.2|Gaia DR2 4346523537966269824",
"CNS5 3922","* gam Ser",239.11326107375749,15.661613772328334,"PM*","F6V","TIC 377415363|GJ 603|HIP 78072|Gaia DR3 1193030490492925824|PLX 3604|LSPM J1556+1539|ASCC  873354|USNO-B1.0 1056-00257628|*  41 Ser|* gam Ser|AG+15 1595|BD+16  2849|CCDM J15564+1540A|CEL   4406|CSI+16  2849  1|Ci 20  953|FK5  591|GC 21408|GCRV  9179|GEN# +1.00142860|HD 142860|HIC  78072|HR  5933|IRC +20289|IDS 15518+1559 A|CNS5 3922|TIC 471011939|IRAS 15541+1548|JP11  2686|LFT 1234|LHS   408|LTT 14730|N30 3579|NLTT 41572|NSV  7350|PM 15541+1549|PMC 90-93   421|PPM 131822|ROT  2251|SAO 101826|SKY# 28781|SPOCS  677|SRS  30591|TD1 18697|UBV   13531|UBV M  21051|YZ  15  5702|[HFE83] 1153|uvby98 100142860|2MASS J15562720+1539413|PLX 3604.00|1RXS J155626.4+153959|WDS J15565+1540A|TYC 1496-2119-1|WISEA J155627.41+153928.7|WEB 13203|Gaia DR2 1193030490492925824",3.84
"CNS5 3930","BD-07  4156",239.97242365671,-8.25320562598,"PM*","M1V","TIC 49511355|MCC 753|StKM 2-1208|GJ 606|HIP 78353|Gaia DR3 4347870370990204928|BD-07  4156|CNS5 3930|HIC  78353|LTT  6377|NLTT 41689|PPM 199177|UBV M   5244|[RHG95]  2504|2MASS J15595337-0815114|GEN# -0.00704156|PLX 3613.03|TYC 5611-11-1|UCAC4 409-062773|PM J15598-0815|Gaia DR1 4347870366689932544|Gaia DR2 4347870370990204928|Karmn J15598-082",10.487
"CNS5 3931","2MASS J16001853-4543248",240.07711747565372,-45.72370120606611,"PM*",,"TIC 255421115|Gaia DR3 5985229174021530624|CNS5 3931|WISEA J160018.03-454332.9|Gaia DR2 5985229174021530624|WISE J160018.05-454332.7|2MASS J16001853-4543248",
"CNS5 3944","G 137-78",240.71226939088794,20.589176742654438,"PM*","M4V","TIC 229575381|Karmn J16028+205|GJ 609|Gaia DR3 1205070452055788928|PLX 3633|LSPM J1602+2035|UCAC2  39156650|CSI+20-16007|G 168-25|G 137-78|GEN# +9.80137078|GEN# +6.10010609|CNS5 3944|L 1346-53|LFT 1243|LHS   411|LP  385-18|LP  444-16|LTT 14773|NLTT 41824|PM 16007+2044|UBV M  42968|USNO  55|Zkh 220|[RHG95]  2516|2MASS J16025098+2035218|PLX 3633.00|L 1345-70|GPM 240.717180+20.595291|WISEA J160250.24+203508.2|PM J16028+2035|Gaia DR2 1205070452055788928",12.56
"CNS5 3967","G 137-84",242.31777116942624,9.352096244119444,"PM*","M3.0Ve","TIC 277549382|Gaia DR3 4453239765733463936|LSPM J1609+0921|NLTT 42116|2MASS J16091625+0921077|USNO-B1.0 0993-00265488|G 137-84|CNS5 3967|LTT 14810|LP  504-59|UCAC4 497-064435|PM J16092+0921|Gaia DR2 4453239765733463936|Karmn J16092+093",
"CNS5 3974","WISE J161215.94-342028.5",243.06738354166663,-34.33956319444444,"BD*","T6.5","WISEA J161215.92-342028.5|CNS5 3974|WISEP J161215.94-342027.1|WISE J161215.94-342028.5|EQ J1612-3420",
"CNS5 3979","HD 145417",243.4523285223837,-57.57051221935112,"PM*","K3VFe-1.7","TIC 207556694|GJ 615|HIP 79537|Gaia DR3 5835113573101867520|2MASS J16134869-5734118|PLX 3669|CD-57  6303|CPC 20  5121|CPD-57  7690|Ci 20  971|GCRV 66030|GEN# +1.00145417|HD 145417|HIC  79537|LFT 1255|LHS   413|LPM 592|LTT  6464|CNS5 3979|NLTT 42227|PM 16098-5725|PPM 344701|SAO 243462|SKY# 29300|UBV   13754|UBV M  21228|uvby98 100145417|PLX 3669.00|TYC 8719-359-1|WISEA J161347.46-573428.1|Gaia DR1 5835113603092103424|WEB 13463|Gaia DR2 5835113573101867520",7.54
"CNS5 3987","WISE J161441.46+173935.5",243.67114612499998,17.66124466666667,"BD*","T9","CNS5 3987|WISEP J161441.46+173935.3|WISEP J161441.45+173936.7|WISE J161441.46+173935.5|EQ J1614+1739|CWISEP J161441.63+173933.7|WISEA J161441.47+173935.4",
"CNS5 3990","*  18 Sco",243.90529281485533,-8.369439479286111,"PM*","G2Va","GES J16153746-0822162|TIC 135656809|AP J16153726-0822096|GALAH 140710003901284|GJ 616|HIP 79672|Gaia DR3 4345775217221821312|PLX 3687|*  18 Sco|BD-07  4242|CCDM J16156-0822A|CSI-07  4242  1|CSV 101566|Ci 20  976|GC 21864|GCRV  9353|GEN# +1.00146233|HD 146233|HIC  79672|CNS5 3990|HR  6060|IDS 16102-0806 A|LFT 1259|LHS  3171|LPM 594|LTT  6482|N30 3644|NLTT 42344|NSV  7577|PM 16129-0814|PPM 199464|SAO 141066|SKY# 29346|SPOCS  698|SV* ZI  1223|TD1 19005|TYC 5613-1378-1|UBV   13804|UBV M  21288|YZ  98  5647|[B10]  4137|uvby98 100146233|2MASS J16153726-0822096|PLX 3687.00|WDS J16156-0822A|AKARI-IRC-V1 J1615373-082213|IRAS 16129-0814|RAVE J161537.3-082210|WISEA J161537.45-082215.2|WEB 13483|Gaia DR2 4345775217221821312",5.5
"CNS5 3993","HD 147379",244.1781097816129,67.23884212426,"PM*","M1-Ve","TIC 230073581|MCC 162|GJ 617 A|HIP 79755|Gaia DR3 1642641410934267008|CNS5 3993|PLX 3712|LSPM J1616+6714|ASCC   86597|USNO-B1.0 1572-00194512|AG+67  695|BD+67   935|CCDM J16167+6715A|CSI+67   935  1|CSV 102797|Ci 20  981|Ci 18 2184|G 257-32|G 225-57|G 240-14|GC 21949|GCRV  9393|GEN# +1.10147379|GEN# +1.00147379A|HD 147379|HIC  79755|IDS 16166+6729 A|IRAS 16165+6721|JP11  2730|LAL 29917|LFT 1263|LHS  3175|LTT 14863|NLTT 42488|NSV  7624|PPM  19804|SAO  17026|TYC 4195-721-1|UBV   13869|VVO 404|[RHG95]  2566|2MASS J16164280+6714196|[ZEH2003] RX J1616.7+6714  3|RX J1616.7+6714|1RXS J161643.2+671430|WDS J16167+6714A|** ENG   57A|WISEA J161641.85+671420.6|Gaia DR2 1642641410934267008|PM J16167+6714|UCAC4 787-024322|Gaia DR1 1642641406637999104|WEB 13498|Karmn J16167+672S",
"CNS5 3994","HD 147379B",244.18881033817917,67.25624475703556,"BY*","M3.0V","TIC 230073588|HD 147379B|GALEX J161644.8+671522|GJ 617 B|HIP 79762|Gaia DR3 1642642957122493824|CNS5 3994|LSPM J1616+6715|TYC 4195-1167-1|ASCC   86598|AC +67  5226|AC +67  5226-0|CCDM J16167+6715B|CSI+67   935  2|G 240-15|G 225-58|G 257-33|GCRV 66176|GEN# +1.00147379B|GEN# +1.20147379|GSC 04195-01167|HIC  79762|IDS 16166+6729 B|IDS 16165+6729 B|LFT 1264|LHS  3176|LTT 14864|NLTT 42489|UBV   13870|V* EW Dra|VVO 405|[RHG95]  2567|2MASS J16164537+6715224|Karmn J16167+672N|USNO-B1.0 1572-00194547|WDS J16167+6714B|** ENG   57B|WISEA J161644.44+671523.3|UCAC4 787-024324|PM J16167+6715|Gaia DR1 1642642952826225024|WEB 13499|Gaia DR2 1642642957122493824",
"CNS5 3996","WISE J161705.74+180714.1",244.27405970000007,18.120579,"BD*","T8","WISEA J161705.73+180714.1|CNS5 3996|WISEP J161705.75+180714.0|WISEP J161705.75+180714.3|WISE J161705.74+180714.1|EQ J1617+1807",
"CNS5 4000","CD-37 10765B",245.01316938027583,-37.53007599433305,"PM*","M5.5V","TIC 3657908|GJ 618 B|Gaia DR3 6021430250773733632|GJ 618 b|CCDM J16201-3732B|CD-37 10765B|CSI-37 10765 22|CNS5 4000|L  482-31|LFT 1267|LHS   416|LTT  6509|NLTT 42494|Zkh 222|[RHG95]  2569|2MASS J16200321-3731485|WDS J16202-3734B|** LDS 6312B|UCAC4 263-096732|PM J16200-3731S|Gaia DR2 6021430250769069824",
"CNS5 4001","CD-37 10765",245.01461430242622,-37.529001945943605,"PM*","M3V","TIC 3657911|PM 16168-3726|HIC  80018|CD-37 10765|GCRV 20407|LPM 597|NSV  7625|PLX 3701|PPM 747653|UBV M   6053|EUVE J2348-27.6|PM J16200-3731|1RXS J162005.4-373206|GEN# -0.03710765|GJ 618 A|HIP 80018|Gaia DR3 6021430250773348736|GJ 618 a|CCDM J16201-3732A|CSI-37 10765 21|GSC 07853-00670|CNS5 4001|L  482-30|LFT 1266|LHS   415|LTT  6508|NLTT 42493|TYC 7853-670-1|Zkh 221|[RHG95]  2568|2MASS J16200353-3731449|WDS J16202-3734A|Gaia DR2 6021430250773348736|** LDS 6312A|CD-37 10765A|WISEA J162002.83-373134.6|PM J16200-3731E|UCAC4 263-096734|PM J16200-3731N",10.586
"CNS5 4011","CD-38 10980",245.89099187453996,-39.22948917877,"WD*","DA2","TIC 4400550|GJ 620.1 B|HIP 80300|Gaia DR3 6018034958869558912|1RXS J162334.0-391359|2RE J162334-391325|2RE J1623-391|CD-38 10980|CPC 18  8104|CPD-38  6406|EGGR 274|GEN# -0.03810980|GSC 07853-00559|CNS5 4011|HIC  80300|NSV  7674|PPM 295000|RE J1623-391|RE J162335-391325|RE J1623-39|TYC 7853-559-1|UBV M   6073|WD 1620-39|WD 1620-391|WG  31|[SC95] ZET  32|[SC96] Mis   32|uvby98 -003810980|2MASS J16233382-3913461|PLX 3715.01|2EUVE J1623-39.2|EUVE J1623-39.2|RX J1623.5-3913|WDS J16240-3912B|1SWASP J162333.83-391346.1|USNO-B1.0 0507-00430369|** RAG    8B|GCRV 27469|Gaia DR2 6018034958869558912",11.029
"CNS5 4013","HD 147513",246.00537974057,-39.19298053165,"PM*","G5V","TIC 350673608|GJ 620.1 A|GJ 9559|HIP 80337|Gaia DR3 6018047019138644480|PLX 3717|CD-38 10983|CPC 18  8107|CPD-38  6407|FK5 3295|GC 22030|GCRV  9426|GEN# +1.00147513|GSC 07853-00621|HD 147513|CNS5 4013|HIC  80337|HR  6094|IRAS 16206-3904|N30 3671|NSV  7680|PPM 295007|SAO 207622|SKY# 29568|SPOCS  704|TD1 19107|TYC 7853-621-1|UBV   13878|UBV M  21376|uvby98 100147513|Gaia DR2 6018047019138644480|PLX 3717.00|1RXS J162401.2-391143|2EUVE J1623-39.1|EUVE J1623-39.1|2MASS J16240128-3911346|WDS J16240-3912A|** RAG    8A|SRS  43479|WEB 13592",5.376
"CNS5 4014","G 202-45",246.0388071440814,48.3530854370768,"SB*","M3.0V","MCC 163|GJ 623|GJ 623 A|GJ 623 B|HIP 80346|Gaia DR3 1411178510887026048|CNS5 4014|PLX 3733|SBC9 1542|LSPM J1624+4821|ASCC  335180|USNO-B1.0 1383-00279084|2MASS J16240913+4821112|AC +48  1595-89|CCDM J16240+4821A|CSI+48-16226|CSI+48-16227|CSI+48  2399  2|Ci 20  986|G 202-45|GCRV  9443|GEN# +9.80202045|GSC 03495-00601|HIC  80346|IDS 16212+4836 A|L 1707-1|LFT 1273|LHS   417|LTT 14885|NLTT 42730|PM 16226+4828|TYC 3495-601-1|VVO 139|Zkh 225|[RHG95]  2583|PLX 3733.00|WDS J16240+4822Aa,Ab|** HEN    1|** BUP  168A|WISEA J162410.51+482105.8|TIC 162673762|UCAC4 692-054679|PM J16241+4821|WEB 13595|Gaia DR2 1411178510887026048|Karmn J16241+483",
"CNS5 4015","2MASS J16241436+0029158",246.05986299999995,0.48772699999999997,"BD*","T6V","TIC 5791302|CNS5 4015|2MASS J16241436+0029158|SDSS J162414.36+002915.7|SDSS J162414.37+002915.6|SDSS J162414.37+002915.8|[B2006] J162414.4+002916|WISEP J162414.09+002916.0|WISEA J162414.07+002915.6|WISE J162414.09+002915.6",
"CNS5 402","* ups And",24.199339768294585,41.40545871334139,"PM*","F9V","TIC 189576919|AP J01364784+4124200|GJ 61|HIP 7513|Gaia DR3 348020482735930112|PLX  331|LSPM J0136+4124|ASCC  379022|2MASS J01364784+4124200|USNO-B1.0 1314-00029181|* ups And|*  50 And|AG+41  159|CNS5 402|BD+40   332|CCDM J01367+4125A|CSI+40   332  1|Ci 20  110|FK5 1045|GC  1948|GCRV   905|GEN# +1.00009826|HD   9826|HIC   7513|HR   458|IDS 01310+4054 A|IRAS 01338+4109|IRC +40024|JP11   511|LTT 10561|N30  327|NLTT  5367|PMC 90-93   684|PPM  44216|ROT   224|SAO  37362|SBC7    57|SKY#  2422|SPOCS   85|TD1   910|UBV    1655|UBV M   8293|[HFE83]   88|uvby98 100009826|PLX  331.00|EUVE J0136+41.4|1RXS J013648.6+412353|WDS J01368+4124A|TYC 2822-2210-1|** LWR    1A|** STT  554A|** BUP   23A|WISEA J013647.70+412415.5|NAME Titawin|WEB  1608|Gaia DR2 348020448377061376",4.1
"CNS5 4022","G 202-48",246.35259599522124,54.304101518233324,"PM*","M1.5V","AP J16252459+5418148|MCC 767|StKM 2-1247|GALEX J162524.8+541813|GJ 625|HIP 80459|Gaia DR3 1428427236986209024|CNS5 4022|AC +54  1646|LSPM J1625+5418|TYC 3878-1193-1|ASCC  262633|USNO-B1.0 1443-00251675|8pc 151.93|AC +54  1646-56|CSI+54-16242|G 202-48|G 226-7|G 225-62|HIC  80459|NLTT 42804|USNO 749|VVO 180|Zkh 226|[HFE83] 1175|[RHG95]  2589|2MASS J16252459+5418148|PLX 3740.03|WISEA J162525.14+541813.0|UCAC4 722-055464|PM J16254+5418|TIC 207492082|Gaia DR1 1428427232690720000|Gaia DR2 1428427236986209024|Karmn J16254+543|1RXS J162523.4+541811|WISE J162525.14+541813.0|** BWL   43A|WDS J16254+5418A",10.07
"CNS5 4028","SCR J1626-3812",246.71533829453085,-38.209049608803625,"PM*","dM6.5","TIC 351808240|Gaia DR3 6018209128388194688|PM J16268-3812|CNS5 4028|SCR J1626-3812|2MASS J16265168-3812326|WISEA J162651.42-381235.2|Gaia DR2 6018209128388194688",15.759
"CNS5 403","* ups And B",24.210019854752918,41.39225634690833,"PM*","M4.5V","TIC 189576909|* ups And B|*  50 And B|HD   9826B|Gaia DR3 348020242217448576|2MASS J01365042+4123325|2MASSI J0136504+412332|CNS5 403|WDS J01368+4124D|WISEA J013650.24+412328.0|UCAC4 657-006214|** LWR    1B|Gaia DR2 348020242217448576",
"CNS5 4037","* zet TrA",247.11725943877,-70.08439580831,"**","F9V","GJ 624|HIP 80686|Gaia DR3 5808612830236138368|PLX 3719|SBC9 898|* zet TrA|CD-69  1532|CPC 21.1  3155|CPD-69  2558|FK5  610|GC 22089|GCRV  9448|GEN# +1.00147584|HD 147584|HIC  80686|HR  6098|IRAS 16230-6958|JP11  2736|LTT  6558|CNS5 4037|N30 3678|NLTT 42751|PPM 373091|SAO 253554|SBC7   571|SKY# 29693|TD1 19115|UBV   13884|UBV M  21382|uvby98 100147584|PLX 3719.00|TYC 9278-2951-1|2MASS J16282814-7005037|WISEA J162828.62-700502.6|Gaia DR1 5808612830236138368|WEB 13646|Gaia DR2 5808612830236138368|1RXS J162828.0-700508|WISE J162828.59-700502.2|** AMM    7A|WDS J16285-7005A|TIC 362747897",4.899
"CNS5 4038","2MASS J16283855+2308241",247.16062499999998,23.140055,"BD*","T7.0","TIC 345664442|CNS5 4038|SDSS J162838.40+230822.1|2MASS J16283855+2308241|WISEA J162838.99+230817.9|SDSS J162838.77+230821.1|WISEP J162838.99+230818.1|WISE J162838.09+230822.7",
"CNS5 4041","2MASS J16291840+0335371",247.32670399999998,3.59364,"BD*","T2","TIC 281288986|CNS5 4041|PSO J247.3273+03.5932|2MASS J16291840+0335371|EQ J1629+0335|WISE J162918.56+033535.6|SIMP J1629184+033537|WISEA J162918.56+033535.5|SIMP J162918.4+033537.0",
"CNS5 4043","BD-12  4523",247.57524331140954,-12.662589227147778,"BY*","M3V","TIC 413948621|MCC 164|GJ 628|HIP 80824|Gaia DR3 4330690742322011520|PLX 3746|8pc 234.51|BD-12  4523|Ci 20  995|G 153-58|GCRV  9490|GEN# -0.01204523|GSC 05635-00564|HIC  80824|CNS5 4043|IRAS 16274-1232|JP11   290|LFT 1283|LHS   419|LPM 606|LTT  6580|NLTT 42927|NSV  7768|PM 16275-1232|UBV   13944|UBV M   5365|V* V2306 Oph|VVO 222|Wolf 1061|Zkh 227|[RHG95]  2599|Gaia DR2 4330690742322011520|2MASS J16301808-1239434|PLX 3746.00|TYC 5635-1241-1|WISEA J163018.01-123957.3|UCAC4 387-070731|PM J16303-1239|Gaia DR1 4330690909825212928|WEB 13669|1RXS J163017.6-123936|Zkh 228|** LAF   56A|WDS J16303-1240A|Karmn J16303-126",10.072
"CNS5 4048","G 180-60",247.8282877434512,40.864362647301114,"LM*","M6V","TIC 255932726|AP J16311879+4051516|GALEX J163118.7+405153|GJ 3959|LAMOST J163118.78+405151.8|Gaia DR3 1332966881549315456|LSPM J1631+4051|NLTT 43010|2MASS J16311879+4051516|USNO-B1.0 1308-00269841|G 180-60|CNS5 4048|[DDR98] 72219|[GKL99] 323|[RHG95]  2604|2E  3717|2E 1629.6+4058|GUVV J163118.7+405153.3|SDSS J163118.77+405152.1|SDSS J163118.77+405152.3|HAT 193-01110|WISEA J163118.65+405154.9|UCAC4 655-059339|PM J16313+4051|Gaia DR2 1332966881549315456|Karmn J16313+408",
"CNS5 405","SIMP J013656.5+093347.3",24.23566892492917,9.563142212769169,"BD*","T2.0","TIC 346896171|Gaia DR3 2572901021957789568|2MASS J01365662+0933473|CNS5 405|SIMP J013656.5+093347.3|WISEP J013657.45+093347.0|EQ J0136+0933|SIMP J0136566+093347|WISEA J013657.44+093347.0|Gaia DR2 2572901021957789568|ULAS J013657.50+093347.2",
"CNS5 4055","G 138-38",248.1382023824875,8.856297973127498,"WD*","DA8","TIC 291140753|PSO J248.1390+08.8554|GALEX J163233.3+085120|Gaia DR3 4440264291578812928|LSPM J1632+0851|NLTT 43022|2MASS J16323318+0851225|USNO-B1.0 0988-00278021|G 138-38|GEN# +9.80138038|CNS5 4055|WD 1630+089|SDSS J163233.27+085121.2|PM J16325+0851|WISEA J163233.36+085119.9|Gaia DR2 4440264291578812928",
"CNS5 4061","L  266-69",248.33197775823203,-52.13229283118917,"PM*","M4e","TIC 23257970|Gaia DR3 5934097210481810432|CNS5 4061|WISEA J163319.44-520759.9|2MASS J16331968-5207561|UCAC4 190-144881|PM J16333-5207|Gaia DR2 5934097210481810432|NLTT 42999|L  266-69",
"CNS5 4078","*  12 Oph",249.08937370706997,-2.3245869511758324,"BY*","K1V","TIC 58092025|GJ 631|HIP 81300|Gaia DR3 4358031335898505472|PLX 3773|*  12 Oph|AG-02 1002|BD-01  3220|BD-02  4211|CCDM J16363-0220A|CSI-01  3220  1|Ci 20 1002|FK5 1433|GC 22321|GCRV  9544|GEN# +1.00149661|HD 149661|HIC  81300|CNS5 4078|HR  6171|IDS 16310-0207 A|IRAS 16337+0213|JP11  2778|LFT 1294|LHS  3224|LPM 614|LTT  6632|N30 3716|NLTT 43164|PM 16337-0213|PMC 90-93  1012|PPM 179865|SAO 141269|SKY# 29903|SPOCS  711|TYC 5052-996-1|UBV   14042|UBV M  21548|V* V2133 Oph|YZ  92  4175|[GKL99] 327|[HFE83] 1187|PLX 3773.00|2EUVE J1636-02.3|EUVE J1636-02.3|WDS J16364-0219A|1RXS J163621.3-021925|2MASS J16362142-0219281|AKARI-IRC-V1 J1636216-021930|IRAS 16337-0213|** BUP  171A|WISEA J163621.72-021932.2|uvby98 100149661|WEB 13740|Gaia DR2 4358031335897026304",5.77
"CNS5 4091","WISE J163940.83-684738.6",249.920156,-68.794066,"BD*","Y0pec","CNS5 4091|WISE J163940.83-684738.6|WISEA J163940.84-684739.4",
"CNS5 4092","LP  625-34",250.02493400518,0.70523648774,"PM*","M5V","TIC 281935723|GALEX J164006.0+004217|GJ 3967|Gaia DR3 4383790518216171264|LSPM J1640+0042|NLTT 43307|2MASS J16400599+0042188|USNO-B1.0 0907-00271824|CNS5 4092|LP  625-34|[GKL99] 329|[RHG95]  2628|PLX 3787.01|UCAC4 454-061078|PM J16400+0042|Gaia DR2 4383790518216171264|Karmn J16401+007|1RXS J164006.3+004227",
"CNS5 4097","* zet Her",250.32150433146228,31.602718703799262,"SB*","G0IV","TIC 43255143|HIP 81693|PLX 3799|SBC9 915|LSPM J1641+3136|ASCC  595670|2MASS J16411728+3136093|USNO-B1.0 1216-00260952|*  40 Her|* zet Her|AG+31 1438|BD+31  2884|CSI+31  2884  2|CSV 101603|Ci 20 1007|GC 22464|GCRV  9600|HD 150680|HIC  81693|HR  6212|CNS5 4097|IRAS 16393+3141|IRC +30294|JP11  2785|LFT 1299|LHS  3234|LTT 14952|N30 3734|NLTT 43387|NSV  7915|PPM  79555|ROT  2374|SAO  65485|SBC7   583|SKY# 30048|TD1 19451|UBV   14151|UBV   21436|UBV M  21627|Zkh 230|RX J1641.3+3135|1RXS J164118.2+313553|WDS J16413+3136AB|[ZEH2003] RX J1641.3+3135  1|ADS 10157 AB|** STF 2084|CCDM J16413+3136AB|UCAC4 609-053234|GSC 02582-03158|uvby98 100150680|WEB 13799|GEN# +1.00150680",2.8
"CNS5 4103","HD 150689",251.0625655962,-38.94363539930001,"PM*","K3V","TIC 77929282|HIP 81935|Gaia DR3 5970956070030449792|CD-38 11173|CPC 18  8280|CPD-38  6514|GSC 07867-01845|HD 150689|CNS5 4103|HIC  81935|PPM 295424|SKY# 30146|TYC 7867-1845-1|uvby98 100150689|2MASS J16441502-3856371|1RXS J164414.8-385645|Gaia DR1 5970956065676872576|GEN# +1.00150689|Gaia DR2 5970956070030449792",7.514
"CNS5 4104","HD 151288",251.2764605877504,33.50922606000389,"PM*","K7.5Ve","TIC 224329387|StKM 2-1265|GJ 638|HIP 82003|Gaia DR3 1314438839310796800|PLX 3815|LSPM J1645+3330|TYC 2585-1313-1|ASCC  595876|USNO-B1.0 1235-00259671|AG+33 1468|BD+33  2777|Ci 18 2238|DO 15612|G 181-6|GCRV  9637|GEN# +1.00151288|HD 151288|HIC  82003|CNS5 4104|IRAS 16432+3335|LTT 14967|NLTT 43504|NSV  7951|PPM  79608|SAO  65525|UBV   14201|UBV M  21668|Zkh 232|[GS83]  63|[RHG95]  2642|uvby98 100151288|2MASS J16450635+3330330|PLX 3815.00|UCAC4 618-055301|Gaia DR1 1314438835015205248|WEB 13846|Gaia DR2 1314438839310796800",8.11
"CNS5 4106","2MASS J16452211-1319516",251.34205059804702,-13.331182743121667,"BD*","L1.5","TIC 203506666|Gaia DR3 4327580052130121728|2MASS J16452211-1319516|2MASSW J1645221-131951|CNS5 4106|WISEA J164521.83-132000.6|Gaia DR2 4327580052130121728",
"CNS5 4110","LP  276-22",251.631367119535,34.58199466840556,"PM*","M6.0V","TIC 219066411|Gaia DR3 1326893351115617024|GAT 1378|LSPM J1646+3434|USNO-B1.0 1245-00245108|CNS5 4110|LHS  3241|LP  276-22|NLTT 43550|2MASS J16463154+3434554|WISEA J164631.20+343451.1|Gaia DR2 1326893351115617024|Karmn J16465+345|AP J16463154+3434554",
"CNS5 4118","V* DN Dra",252.10679932296082,59.05629416264472,"WD*","DA4.0","GJ 1206|HIP 82257|Gaia DR3 1431783457574556672|CNS5 4118|LSPM J1648+5903|TYC 3885-860-1|ASCC  197749|USNO-B1.0 1490-00237056|BPS BS 16080-0073|EGGR 368|G 226-29|GEN# +9.80226029|HIC  82257|LP  101-148|NLTT 43637|SBSS 1647+591|USNO 339|V* DN Dra|WD 1647+59|WD 1647+591|2MASS J16482562+5903228|PLX 3832.01|WISEA J164825.80+590319.5|TIC 199666369|Gaia DR1 1431783457574556672|Gaia DR2 1431783457574556672|PM J16484+5903|UCAC4 746-052564|WISE J164825.81+590319.6|** PRB    7A|WDS J16484+5903A",12.17
"CNS5 4126","G 169-29",252.74140369106618,22.451573676228055,"PM*","M5V","TIC 287201692|GJ 3976|Gaia DR3 4566158991430299520|AP J16505794+2227058|LSPM J1650+2227|NLTT 43674|2MASS J16505794+2227058|USNO-B1.0 1124-00308674|G 169-29|GEN# +9.80169029|CNS5 4126|[GKL99] 331|[RHG95]  2654|[ZEH2003] RX J1650.9+2226  8|WISEA J165057.96+222709.8|UCAC4 563-058325|PM J16509+2227|Gaia DR2 4566158991430299520|Karmn J16509+224|1RXS J165057.5+222653|RX J1650.9+2226",14.29
"CNS5 4131","WISE J165311.05+444422.8",253.2962091666666,44.74078747222222,"BD*","T8","WISEA J165311.03+444422.7|CNS5 4131|WISEP J165311.05+444423.0|WISEP J165311.05+444423.9|EQ J1653+4444|WISE J165311.05+444422.8",
"CNS5 4135","HD 152751C",253.85509268901828,-8.322582491435277,"PM*","M3.5V","TIC 181589885|GJ 643|HIP 82809|Gaia DR3 4339465360510320128|PLX 3844|8pc 153.96E|CCDM J16555-0820C|CSI-08  4352  2|GCRV  9744|GEN# +6.00106750|GEN# +1.00152751C|GEN# +6.10010643|GSC 05642-01473|HIC  82809|CNS5 4135|IDS 16501-0809 C|JP11  5161|LFT 1311|LHS   427|LPM 622|LTT  6750|NLTT 43797|UBV   14331|VVO 248|Wolf  629|[RHG95]  2660|2MASS J16552527-0819207|WDS J16555-0820C|PLX 3844.00|GSC 05642-01583|TYC 5642-1583-1|SDSS J165524.92-081926.2|UCAC2  28934772|** LDS  573C|PMSC 16501-0809P|Zkh 237|Zkh 236|DENIS J165525.4-081918|WISEA J165524.66-081930.5|UCAC4 409-067017|PM J16554-0819|Gaia DR1 4339465356212491648|WEB 14000|Gaia DR2 4339465360508118912|Karmn J16554-083N|HD 152751C",11.759
"CNS5 4136","HD 152751",253.86982320416666,-8.336329958055554,"SB*","M3.5Ve","TIC 181589861|Gaia DR2 4339465085630200960|MCC 782|StKM 2-1281|GJ 644|GJ 644 A|GJ 644 B|HIP 82817|Gaia DR3 4339465085630200960|PLX 3845|SBC9 2684|SBC9 2683|2E  3783|2RE J165530-081936|2RE J1655-081|BD-08  4352|CCDM J16555-0820AB|CSI-08  4352  1|Ci 20 1013|GC 22805|GCRV  9743|HD 152751|HIC  82817|CNS5 4136|IDS 16501-0809 AB|IRAS 16527-0815|JP11  2802|LFT 1310|LHS   428|LPM 623|LTT  6749|NLTT 43800|PM 16528-0814|PPM 200168|RE J1655-081|RE J165530-081943|SAO 141439|TYC 5642-1503-1|UBV   14330|UBV M  21799|UGP 420|V* V1054 Oph|VVO 249|Wolf  630|YZ  98  5811|[FS2003] 0855|[GKL99] 335|[GKL99] 334|2MASS J16552880-0820103|GSC 05642-01503|UCAC2  28934778|UCAC3 164-149663|SDSS J165528.46-082015.8|1E 1652.7-0815|1ES 1652-08.2|1RXS J165529.3-082008|2E 1652.7-0815|2EUVE J1655-08.3|EUVE J1655-08.3|WARPS J1655.4-0820|WDS J16555-0820AB|** LDS  573AB|DENIS J165528.9-082007|WISEA J165528.20-082019.5|CSI-08  4352  4|Zkh 234|[RHG95]  2662|1C 66.01|CSI-08  4352  3|Zkh 233|[RHG95]  2661|** KUI   75|uvby98 100152751|UCAC4 409-067022|PM J16554-0820|WEB 13999|Karmn J16554-083S|GEN# +1.00152751",9.023
"CNS5 4137","VB  8",253.89689890597333,-8.39465363140972,"LM*","M7Ve","TIC 181609153|GJ 644 C|Gaia DR3 4339417394313320192|2MASS J16553529-0823401|8pc 153.96C|CCDM J16555-0820D|CSI-08-16529|CNS5 4137|TIC 471012515|LHS   429|PM 16529-0818|USNO 869|VB  8|Zkh 235|[GKL99] 336|[RHG95]  2663|WDS J16555-0820F|UCAC3 164-149688|SDSS J165534.95-082345.5|EXO 1652.8-0818|[B2006] J165535.3-082340|PMSC 16501-0809D|DENIS J165535.4-082337|WISEA J165534.68-082349.7|PM J16555-0823|UCAC4 409-067034|Gaia DR2 4339417394313320192|Karmn J16555-083|NLTT 43802",16.916
"CNS5 414","LAWD 10",24.497473674312918,-4.995741261488888,"WD*","DA+D1","TIC 241392886|GJ 64|Gaia DR3 2480523216087975040|WD 0135-052A|WD 0135-052B|2MASS J01375934-0459442|PLX  339.1|CNS5 414|CSI-05-01354|EGGR  11|G 271-115|GEN# +9.80271115|L  870-2|LAWD 10|LFT  142|LHS  1270|LP  648-24|LPM  76|LTT   888|NLTT  5460|PHL  7450|PM 01354-0515|UBV    1682|USNO 404|WD 0135-052|WD 0135-05|uvby98 980271115|BPS CS 22962-0006|PLX  339.10|USNO-B1.0 0850-00015487|WISEA J013759.80-045948.4|Gaia DR2 2480523216087975040|SDSS J013759.74-045947.9",12.83
"CNS5 4146","G  19-7",254.27390092847003,-4.348977231630556,"PM*","dM4","TIC 189843364|GJ 1207|AP J16570570-0420559|Gaia DR3 4365609170043180416|PLX 3852.0|2E  3787|G  19-7|GEN# +9.80019007|CNS5 4146|L  988-42|LFT 1312|LHS  3255|LP  686-27|LTT  6767|Zkh 238|[FS2003] 0861|[GKL99] 337|[JVH96] NGC  6254 11|[RHG95]  2665|2MASS J16570570-0420559|PLX 3852.01|1E 1654.4-0415|1RXS J165705.7-042047|2E 1654.4-0415|GUVV J165705.9-042058.0|USNO-B1.0 0856-00301315|ASAS J165705-0420.7|WISEA J165706.07-042100.1|UCAC4 429-065553|PM J16570-0420|Gaia DR2 4365609170043180416|NLTT 43858|Karmn J16570-043",12.25
"CNS5 4154","BD+25  3173",254.53687337795122,25.74415945912639,"PM*","M2V","TIC 236743275|MCC 785|StKM 2-1286|GJ 649|HIP 83043|Gaia DR3 4572835535272627712|PLX 3857|LSPM J1658+2544|ASCC  694128|UCAC2  40870437|USNO-B1.0 1157-00248752|BD+25  3173|Ci 20 1014|G 169-38|G 170-6|GCRV  9782|GEN# +0.02503173|HIC  83043|CNS5 4154|IRAS 16560+2549|LFT 1313|LHS  3257|LTT 15016|NLTT 43922|PM 16561+2550|Ross  860|TYC 2063-479-1|UBV   14365|UBV M   1485|VVO  44|Zkh 239|[RHG95]  2673|2MASS J16580884+2544392|PLX 3857.00|WISEA J165808.75+254433.6|NSV 20873|Gaia DR2 4572835535272064768|UCAC4 579-054393|PM J16581+2544|Gaia DR1 4572835737133711744|WEB 14039|Karmn J16581+257",9.655
"CNS5 416","Ross   10",24.59006770944625,57.23249667717223,"PM*","M2.5V","TIC 453303407|GJ 63|HIP 7635|Gaia DR3 409824168780424832|CNS5 416|PLX  334|LSPM J0138+5713|NLTT  5440|2MASS J01382162+5713571|USNO-B1.0 1472-00068683|AAVSO 0131+56|CSI+56-01351|Ci 20  112|G 219-15|HIC   7635|LFT  140|LHS  6031|LTT 10570|NSV   572|Ross   10|[RHG95]   296|PLX  334.00|WISEA J013821.37+571353.4|UCAC4 737-016602|PM J01383+5713|Gaia DR2 409824168780424832",11.29
"CNS5 4178","G 203-42",255.84951608364418,51.406352411183605,"PM*","M5.0V","GJ 3988|Gaia DR3 1412645602995521920|CNS5 4178|PLX 3882.0|LSPM J1703+5124|USNO-B1.0 1414-00271453|G 203-42|LHS  3262|NLTT 44121|USNO 640|[RHG95]  2688|2MASS J17032384+5124219|PLX 3882.01|WISEA J170324.02+512429.2|Gaia DR2 1412645602995521920|PM J17033+5124|TIC 274626553|UCAC4 708-057003|Karmn J17033+514",
"CNS5 4183","HD 154363",256.26414346221156,-5.066510817526111,"PM*","K4/5V","TIC 142456308|MCC 787|StKM 2-1291|GJ 653|HIP 83591|Gaia DR3 4364527594192166400|PLX 3878|AGKR 15220|BD-04  4225|CCDM J17051-0504A|CSI-04  4225  1|Ci 20 1017|FK5 5505|G  19-13|GC 23043|GCRV  9850|GEN# +1.00154363A|HD 154363|HIC  83591|CNS5 4183|IDS 16597-0456 A|JP11  2814|LFT 1316|LHS   431|LPM 625|LTT  6822|NLTT 44127|PM 17025-0459|PPM 200318|SAO 141508|SKY# 30801|SRS  13983|TYC 5072-408-1|UBV   14305|UBV   14406|UBV M  21889|UGP 424|VVO 143|Wolf  635|YZ  94  5817|YZC 17  5817|[B10]  4342|uvby98 100154363 A|2MASS J17050345-0503584|WDS J17050-0504A|** LDS  585A|AKARI-IRC-V1 J1705029-050407|IRAS 17023-0459|WISEA J170502.78-050410.9|UCAC4 425-069303|WEB 14132|Gaia DR2 4364527594192166400",7.709
"CNS5 4184","HD 154363B",256.3074148767304,-5.094235205347777,"PM*","M1.5V","TIC 142494324|StKM 2-1292|GJ 654|HIP 83599|Gaia DR3 4364480521350598144|PLX 3880|BD-04  4226|CCDM J17051-0504B|Ci 20 1018|G  19-14|GCRV  9854|GEN# +1.00154363B|GEN# +9.80019014|GEN# -0.00404226|GSC 05072-00347|HD 154363B|HIC  83599|CNS5 4184|IDS 16597-0456 B|JP11   250|LFT 1317|LHS   432|LPM 626|LTT  6824|NC 42|NLTT 44131|NSV  8176|PM 17026-0502|UBV   14389|UBV   14407|UBV M   5159|UBV   14410|UGP 425|Wolf  636|Zkh 240|[RHG95]  2692|2MASS J17051383-0505385|PLX 3880.00|TYC 5072-1232-1|WDS J17050-0504B|UCAC2  30040735|WISEA J170513.16-050550.7|UCAC4 425-069319|PM J17052-0505|Gaia DR1 4364855828476735232|WEB 14140|Gaia DR2 4364480521350598144|Karmn J17052-050",10.071
"CNS5 4187","WD 1703-267",256.67233547116,-26.726308882810002,"WD*","DAH","TIC 22150645|WISEA J170641.34-264336.1|Gaia DR3 4108828945319007744|WD 1703-267|CNS5 4187|Gaia DR2 4108828945319007744|UCAC4 317-104829|2MASS J17064135-2643345|WISE J170641.34-264336.1",15.35
"CNS5 4190","Ross  863",256.7812073748113,21.554020252448893,"PM*","M3V","TIC 150585564|Karmn J17071+215|GJ 655|HIP 83762|Gaia DR3 4568060562432051584|PLX 3889|LSPM J1707+2133|ASCC  788217|UCAC2  39504434|USNO-B1.0 1115-00271243|CSI+21-17050|G 170-17|GEN# +9.80170017|HIC  83762|CNS5 4190|LFT 1318|LHS  5324|LTT 15064|NLTT 44200|Ross  863|USNO 641|Zkh 241|[RHG95]  2700|2MASS J17070752+2133144|PLX 3889.00|TYC 1547-1009-1|GSC 01547-01009|WISEA J170707.15+213314.2|UCAC4 558-060327|PM J17071+2133|Gaia DR1 4568060558136035840|Gaia DR2 4568060562432051584|AP J17070752+2133144",11.677
"CNS5 4192","** BUG    5A",256.84761428249,-5.97367283362,"BD*","M9Ve","Gaia DR3 4364185165038935040|CNS5 4192|Gaia DR2 4364185165038935040|WDS J17074-0558A|** BUG    5A",
"CNS5 4193","2MASS J17074571-1744523",256.94049599999994,-17.747876999999995,"BD*","T5:","TIC 399533771|WISEA J170745.84-174452.4|CNS5 4193|2MASS J17074571-1744523|WISE J170745.85-174452.5|EQ J1707-1744",
"CNS5 4198","G 203-47",257.38143158518375,43.68132579525833,"SB*","M3.5V","TIC 219085795|AP J17093153+4340531|HIP 83945|Gaia DR3 1355264565043431040|TIC 471011983|CNS5 4198|WISEA J170931.87+434049.8|TYC 3084-558-1|WD 1708+437|PM J17095+4340|UCAC4 669-061850|LSPM J1709+4340|ASCC  416422|2MASS J17093153+4340531|USNO-B1.0 1336-00280975|G 203-47|HIC  83945|NLTT 44290|USNO 752|[RHG95]  2708|PLX 3899.01|G 203-47B|G 203-47A|GJ 3991|Gaia DR2 1355264565043431040",13.671
"CNS5 4200","HD 154577",257.54312916066203,-60.7287723196264,"PM*","K2.5Vk:","TIC 303655974|GJ 656|HIP 83990|Gaia DR3 5914096303621755520|PLX 3884|CD-60  6576|CPC 20.1  5174|CPD-60  6718|Ci 20 1020|GCRV 66778|GEN# +1.00154577|HD 154577|HIC  83990|IRAS 17056-6040|L  155-8|LFT 1319|LHS  3268|LPM 627|LTT  6833|CNS5 4200|NLTT 44221|PM 17057-0641|PPM 362534|SAO 253819|SKY# 30942|SPOCS  741|UBV   14421|UBV M  21900|uvby98 100154577|2MASS J17101032-6043434|PLX 3884.00|TYC 9052-1691-1|WISEA J171010.46-604337.6|Gaia DR1 5914096299313759232|WEB 14190|Gaia DR2 5914096303621755520",7.41
"CNS5 4208","CD-52  7989",257.74647547544,-52.51551107544,"PM*","M1V","TIC 213511261|HIP 84051|Gaia DR3 5924187617032756736|CD-52  7989|CPD-52 10487|HIC  84051|L  268-67|LTT  6840|CNS5 4208|NLTT 44262|PPM 772820|2MASS J17105916-5230559|TYC 8727-555-1|WISEA J171058.88-523054.2|UCAC4 188-174420|PM J17109-5230|Gaia DR1 5924187617032756736|Gaia DR2 5924187617032756736",10.017
"CNS5 4211","Wolf  654",257.89478276828,38.4427542592,"PM*","M4V","TIC 85463294|GALEX J171134.9+382633|GJ 3992|HIP 84099|Gaia DR3 1341113541156480768|LSPM J1711+3826|TYC 3073-1045-1|ASCC  502431|UCAC2  45182701|HIC  84099|CNS5 4211|LTT 15087|NLTT 44340|Wolf  654|[RHG95]  2714|2MASS J17113472+3826341|USNO-B1.0 1284-00287201|UCAC4 643-055988|PM J17115+3826|Gaia DR1 1341113536860361984|Gaia DR2 1341113541156480768|Karmn J17115+384",
"CNS5 4217","HD 155876",258.03296559345796,45.66589324737053,"SB*","M3V","StKM 2-1302|GJ 661|HIP 84140|CNS5 4217|PLX 3907|AG+45 1333|BD+45  2505|CCDM J17121+4540AB|CSI+45  2505  1|Ci 20 1023|G 203-51|GCRV  9927|HD 155876|HIC  84140|IDS 17092+4551 AB|IRAS 17106+4543|TIC 1270862654|JP11  2826|PPM  56005|UBV   13796|UBV   14565|UBV M  22001|VVO 157|WDS J17121+4540AB|** KUI   79AB|[ZEH2003] RX J1712.0+4540  1|VVO 345|USNO-B1.0 1356-00282048|2MASS J17120780+4539587|MCC 165|TYC 3501-1952-1|WISEA J171208.09+453941.8|ASCC  336759|1C 74.01|LFT 1326|LHS   433|LTT 15095|NLTT 44362|Zkh 242|[RHG95]  2717|LFT 1327|LHS   434|LTT 15096|NLTT 44363|Zkh 243|[RHG95]  2718|LSPM J1712+4539|8pc 158.17|UCAC4 679-058704|PM J17121+4539|WEB 14210|PM J17121+4539E|PM J17121+4539W|Gaia DR2 1364668825433454848|SBC9 3657|1RXS J171206.0+454025|RX J1712.0+4540|GEN# +1.00155876|TIC 471012596|TIC 274977714",9.523
"CNS5 4232","*  36 Oph A",258.8365985355513,-26.601699224429723,"PM*","K2V","TIC 1277142191|GJ 663 A|Gaia DR3 4109030160308320128|** SHJ  243A|PLX 3908|*  36 Oph A|8pc 167.08A|ADS 10417 A|CCDM J17155-2635A|CD-26 12026A|CPD-26  5858A|CSI-26 12026 21|Ci 20 1026|GC 23273|GCRV  9941|HD 155886|CNS5 4232|HR  6402|IDS 17092-2627 A|LFT 1330|LHS   437|LPM 632|LTT  6871|NLTT 44415|PPM 266613|SAO 185198|SKY# 31094|UBV M  22003|Zkh 244|2EUVE J1715-26.5|EUVE J1715-26.6|EUVE J1715-26.5|WDS J17153-2636A|Gaia DR2 4109030160308320128|PMSC 17092-2627A|TYC 6820-326-1|PLX 3908.00A|WEB 14249|UCAC4 317-110675",5.08
"CNS5 4233","*  36 Oph B",258.83743260923,-26.602825956905555,"PM*","K1V","TIC 1277142190|GJ 663 B|Gaia DR3 4109030160308317312|** SHJ  243B|*  36 Oph B|8pc 167.08B|ADS 10417 B|CCDM J17155-2635B|CD-26 12026B|CPD-26  5858B|CSI-26 12026 22|GC 23274|GCRV  9942|HD 155885|CNS5 4233|HR  6401|IDS 17092-2627 B|IRC -30288|LFT 1331|LHS   438|LTT  6872|NLTT 44416|PM 17123-2632|SAO 185199|Zkh 245|WDS J17153-2636B|Gaia DR2 4109030160308317312|PMSC 17092-2627B|TYC 6820-326-2|PLX 3908.00B|WEB 14248|UCAC4 317-110678",5.03
"CNS5 4234","BD+19  3268B",258.95809302986,19.00003015147,"PM*",,"Gaia DR3 4548562269906020352|CNS5 4234|BD+19  3268B|** JOD   11B|WDS J17158+1900B|Gaia DR2 4548562269906020352",
"CNS5 4235","BD+19  3268A",258.95881819293,19.00002073867,"PM*",,"GJ 3997 A|Gaia DR3 4548562265603840768|CNS5 4235|BD+19  3268A|** JOD   11A|WDS J17158+1900A|Gaia DR2 4548562265603840768",
"CNS5 4238","V* V2215 Oph",259.0556767257492,-26.54614904538722,"RS*","K5V","TIC 79841001|GJ 664|GJ 664.0|HIP 84478|Gaia DR3 4109034455276324608|PLX 3913|*  36 Oph C|8pc 167.56C|CCDM J17155-2635C|CD-26 12036C|CD-26 12036|CMC  206583|CMC  185213|CPD-26  5863|Ci 20 1027|GC 23298|GCRV  9951|GEN# +1.00156026|HD 156026|CNS5 4238|HIC  84478|IRAS 17133-2627|JP11  2833|LFT 1332|LHS   439|LPM 634|LTT  6874|NLTT 44446|PM 17131-2629|PPM 266626|SAO 185213|SKY# 31121|TYC 6820-293-1|UBV M  22025|UBV   14597|V* V2215 Oph|YZ 116 11925|Zkh 246|[B10]  4372|1RXS J171613.8-263236|2MASS J17161340-2632444|PLX 3913.00|2EUVE J1716-26.5|EUVE J1716-26.5|WDS J17153-2636C|** SHJ  243C|WISEA J171612.98-263257.3|uvby98 100156026|WEB 14259|Gaia DR2 4109034455276324608|*  30 Sco",6.34
"CNS5 424","G 272-61A",24.75573856713083,-17.950718742164163,"PM*","M5.5V","GJ 65 A|Gaia DR3 5140693571158739840|CNS5 424|8pc 373.70A|G 272-61A|IDS 01340-1828 A|L  726-8 A|LFT  144|LHS     9|LP  768-27|LTT   892|NLTT  5505|V* BL Cet|[RHG95]   301|CCDM J01390-1756A|WDS J01388-1758A|** LDS  838A|Gaia DR2 5140693571158739840|Zkh  27|[GKL99] 44|TIC 632499596",
"CNS5 4246","G 139-29",259.4336727462942,11.670141455387222,"PM*","M5V","TIC 459611421|GJ 1215|Gaia DR3 4540481374832743040|LSPM J1717+1140|NLTT 44527|2MASS J17174408+1140117|USNO-B1.0 1016-00286954|G 139-29|GEN# +9.80139029|CNS5 4246|LHS  3277|PM 17154+1144|UBV M  53794|USNO 257|USNO 754|[RHG95]  2736|PLX 3925.01|WISEA J171743.84+114007.6|UCAC4 509-064106|PM J17177+1140|Gaia DR2 4540481374832743040|Karmn J17177+116",
"CNS5 425","G 272-61B",24.756823827312502,-17.950278122424443,"Em*","M6V","Cl* Melotte   25    EGG       8|GJ 65 B|TIC 632499595|Gaia DR3 5140693571158946048|CNS5 425|8pc 373.70B|CSI-18-01364  2|CSI-18-01364  1|G 272-61B|IDS 01340-1828 B|L  726-8 B|LFT  145|LHS    10|LP  768-26|LTT   893|NLTT  5504|V* UV Cet|Zkh  28|[RHG95]   302|CCDM J01390-1756B|WDS J01388-1758B|** LDS  838B|Gaia DR2 5140693571158739712|[GKL99] 45|WEB  1642",
"CNS5 4251","PM J17189-4131",259.7272930814375,-41.52779964796084,"PM*","dM6.5","TIC 192642951|Gaia DR3 5959737748540750592|CNS5 4251|2MASS J17185456-4131395|PM J17189-4131|WISEA J171854.33-413149.6|Gaia DR2 5959737748540750592|DENIS J171854.5-413140",15.94
"CNS5 4252","HD 156384",259.7381867998679,-34.98976154533223,"**","K3V+K5V","Gaia DR3 5975663422846187008|TIC 154385728|GJ 667|HIP 84709|PLX 3924|CCDM J17190-3459AB|CD-34 11626|CPC 17  9133|CPD-34  6803|CSI-34 11626 21|Ci 20 1030|GC 23362|GCRV  9982|HD 156384|CNS5 4252|HIC  84709|HR  6426|IDS 17121-3453 AB|JP11  2840|LFT 1336|LHS   442|LPM 638|LTT  6888|N30 3854|NLTT 44531|NSV  8482|PPM 296186|SAO 208670|SKY# 31218|SRS  43662|UBV   14705|UGP 433|1RXS J171856.8-345928|2MASS J17185698-3459236|WDS J17190-3459AB|IRAS 17156-3456|MSX6C G351.8413+01.4245|** MLO    4|** HJ 4935AB|PM 17155-3456|WISEA J171858.15-345925.5|WEB 14302|GEN# +1.00156384",5.89
"CNS5 4253","HD 156384C",259.7451137490841,-34.99683685371723,"PM*","M1.5V","TIC 154385809|GJ 667 C|Gaia DR3 5975663354131618304|8pc 143.45C|CCDM J17190-3459C|CD-34 11626C|CSI-34 11626 22|GEN# +1.30156384|GEN# +1.00156384C|CNS5 4253|IDS 17121-3453 C|LFT 1337|LHS   443|LPM 639|LTT  6889|NLTT 44534|Zkh 253|[RHG95]  2739|2MASS J17185868-3459483|WDS J17190-3459C|GSC 07370-00241|UCAC2  17099054|UCAC3 111-246316|1RXH J171858.3-345947|DENIS J171858.8-345948|Gaia DR2 5975663354131618304|PMSC 17121-3452C|** HJ 4935C|HD 156384C|PM 17156-3457|GCRV 26163|UCAC4 276-109614",10.22
"CNS5 4254","*  41 Ara B",259.7623699927408,-46.636974471290834,"Em*","M0VpCa-3Cr-1","TIC 217157392|GJ 666 B|Gaia DR3 5951165616635298816|CCDM J17191-4638B|CD-46 11370B|CPD-46  8513B|CSI-46 11370 25|GEN# +1.00156274B|IDS 17115-4632 B|LFT 1335|LHS   445|LTT  6887|CNS5 4254|NLTT 44525|Zkh 248|[RHG95]  2735|2MASS J17190292-4638134|WDS J17191-4638B|HD 156274B|** BSO   13B|TYC 8341-4365-1|*  41 Ara B|WEB 14305|Gaia DR2 5951165616635298816",8.69
"CNS5 4255","*  41 Ara",259.7659897989304,-46.63623344916972,"PM*","G9V","TIC 217157387|CCDM J17191-4638A|CD-46 11370A|GEN# +1.00156274A|IDS 17115-4632 A|PM 17153-4635A|TYC 8341-4366-1|WDS J17191-4638A|Gaia DR2 5951165616611763456|LHS   444|2MASS J17190373-4638109|Zkh 247|NLTT 44524|LTT  6886|** BSO   13A|*  41 Ara A|WISEA J171904.35-463810.3|RAVE J171903.8-463810|GJ 666|GJ 666 A|HIP 84720|Gaia DR3 5951165616611763456|PLX 3919|GC 23353|*  41 Ara|CD-46 11370|CPC  0 15993|CPD-46  8513|CSI-46 11370 24|CSI-46 11370 21|Ci 20 1029|GCRV  9977|HD 156274|HIC  84720|HR  6416|LFT 1334|LPM 636|CNS5 4255|PPM 322809|SAO 227816|SKY# 31226|SPOCS  746|UBV   14670|UBV M  23372|[CS62] E7  44|IRAS 17153-4635|UBV   14672|JP11  2838|uvby98 100156274|WEB 14304|1RXS J171903.2-463722|GEN# +1.00156274",5.48
"CNS5 4259","Ross  867",259.9706892315062,26.50074104381222,"PM*","M4.5V","TIC 257798328|AP J17195298+2630026|StKM 2-1312b|GALEX J171952.8+263005|GJ 669 B|Gaia DR3 4574048021719712640|[RHG95]  2745|[GKL99] 342|[FS2003] 0887|V* V639 Her|USNO 645|Ross  867|LTT 15140|GEN# +9.80170034|GCRV 67008|G 170-34|CSV   7640|CSI+26-17179  1|2E  3884|1ES 1717+26.5|2E 1717.9+2632|USNO-B1.0 1165-00279417|CCDM J17199+2630B|IDS 17159+2635 B|CNS5 4259|NLTT 44615|2MASS J17195298+2630026|LSPM J1719+2630W|CXOMP J171952.9+263003|RX J1719.8+2629|[ZEH2003] RX J1719.8+2629  2|WDS J17199+2629B|HAT 239-00513|WISEA J171952.80+263006.3|UCAC4 583-056829|PM J17198+2630|WISE J171952.80+263006.3|** OSV    5B|Gaia DR2 4574048021719712640|Karmn J17198+265",
"CNS5 426","LP  991-84",24.840538273630003,-39.60249153981,"PM*","M4.5V","TIC 42071226|Gaia DR3 4960651016012601856|SIPS J0139-3936|CNS5 426|RAVE J013921.7-393609|2MASS J01392170-3936088|WISEA J013921.85-393611.4|LP  991-84|UCAC4 252-001598|PM J01393-3936|Gaia DR2 4960651016012601856|NLTT  5556",14.403
"CNS5 4260","G 181-39",259.9696346901733,41.71380544983778,"PM*","M2V","TIC 101719893|StKM 2-1314|GJ 671|HIP 84790|Gaia DR3 1348028919540189056|PLX 3944|LSPM J1719+4142|ASCC  416889|UCAC2  46299690|2MASS J17195266+4142510|USNO-B1.0 1317-00311092|AC +42   730|CSI+41-17183|Ci 20 1034|Furuhjelm  III-48|G 181-39|G 203-59|G 204-2|GEN# +9.80181039|HIC  84790|CNS5 4260|LFT 1341|LHS  3281|LTT 15142|NLTT 44629|TYC 3081-1785-1|USNO 342|[RHG95]  2748|PLX 3944.00|WISEA J171952.97+414241.1|UCAC4 659-061106|PM J17198+4142|Gaia DR1 1348028915244282112|Gaia DR2 1348028919539503872|Karmn J17198+417",
"CNS5 4261","Ross  868",259.9758657073033,26.500852499804722,"PM*","M3.5V","TIC 257798327|StKM 2-1312a|GALEX J171954.1+263005|GJ 669 A|HIP 84794|Gaia DR3 4574048021719710848|RBS  1637|PLX 3941|TYC 2082-2076-1|ASCC  695520|UCAC2  41211598|LSPM J1719+2630E|USNO-B1.0 1165-00279422|G 170-35|AC +26 41991-0|CCDM J17199+2630A|CSI+26-17179  2|GCRV 10012|GEN# +9.80170035|HIC  84794|CNS5 4261|LTT 15139|NLTT 44616|Ross  868|USNO 644|V* V647 Her|[GKL99] 343|[RHG95]  2744|2MASS J17195422+2630030|SV* SVS  2043|SDSS J171954.30+262957.9|1RXS J171953.4+262958|1SWASP J171954.21+263003.0|CXOMP J171954.1+263003|EUVE J1719+26.4|[ZEH2003] RX J1719.8+2629  3|WDS J17199+2629A|HAT 239-00221|ASAS J171953+2629.9|WISEA J171954.02+263006.7|UCAC4 583-056831|PM J17199+2630W|WISE J171954.04+263006.6|** OSV    5A|Gaia DR1 4574047948702278400|WEB 14314|Gaia DR2 4574048021719710848|ASAS J171954+2630.0|Karmn J17199+265",11.336
"CNS5 4278","HD 158633",261.25040725589463,67.30670798488666,"PM*","K0","TIC 219880402|TIC 1400994843|GJ 675|HIP 85235|Gaia DR3 1637110042813188608|CNS5 4278|PLX 3972|LSPM J1725+6718|ASCC   88099|USNO-B1.0 1573-00201372|AG+67  747|BD+67  1014|Ci 20 1040|GC 23651|GCRV 10096|GEN# +1.00158633|HD 158633|HIC  85235|HR  6518|LFT 1352|LHS  3287|LTT 15185|NLTT 44822|PPM  20362|SAO  17474|SKY# 31428|SPOCS  754|TYC 4210-849-1|UBV   14917|UBV M  22221|uvby98 100158633|2MASS J17250019+6718246|PLX 3972.00|LAL 32047|Gaia DR1 1637203668804279552|WEB 14392|Gaia DR2 1637110042813188608",
"CNS5 428","* p Eri B",24.948186303551665,-56.196448108297496,"PM*","K2V","TIC 231005052|GJ 66 A|Gaia DR3 4911306239828325760|CCDM J01398-5612A|CPC 20   454|CPD-56   329A|CSI-56   329 42|GCRV   937|HD  10361|HR   487|IDS 01360-5642 A|LTT   902|CNS5 428|Zkh  29|TYC 8478-1394-1|2MASS J01394755-5611471|USNO-B1.0 0338-00012417|NLTT  5588|WDS J01398-5612B|Gaia DR2 4911306239828325760|** DUN    5B|UCAC4 170-001605|AKARI-IRC-V1 J0139478-561148|* p Eri B|SPOCS   92|uvby98 100010361|GEN# +1.00010361|WEB  1665",5.797
"CNS5 4280","HD 157881",261.4384684594025,2.111423259000556,"PM*","K7V","GES J17254471+0206252|TIC 327860248|MCC 794|StKM 2-1320|GJ 673|HIP 85295|Gaia DR3 4375233191015944192|PM J17257+0206|EUVE J1725+02.1|GALEX J172545.0+020635|PLX 3955|LSPM J1725+0206|ASCC 1150521|USNO-B1.0 0921-00392557|8pc 129.54|AG+02 2080|AGKR 15538|BD+02  3312|Ci 20 1036|G  19-24|G  20-2|GC 23592|GCRV 10069|GEN# +1.00157881|GSC 00405-00956|HD 157881|HIC  85295|CNS5 4280|IRAS 17232+0209|JP11  2852|LFT 1348|LHS   447|LTT 15175|NLTT 44767|PM 17233+0210|PPM 163976|SAO 122374|SKY# 31452|SRS  14197|TYC  405-956-1|UBV   14866|UBV M  22182|VVO 250|Wolf  718|YZ   2  5766|YZC 20  5766|Zkh 254|[GS83]  64|[RHG95]  2756|uvby98 100157881|2MASS J17254521+0206406|PLX 3955.00|WISEA J172544.81+020629.2|UCAC4 461-067140|Gaia DR1 4375233191015944192|WEB 14399|Gaia DR2 4375233191015944192|1RXS J172545.6+020646|** CSN    8A|WDS J17258+0207A",7.56
"CNS5 429","* p Eri A",24.94921956595,-56.193317864549996,"PM*","K2V","TIC 231005905|GJ 66 B|Gaia DR3 4911306239828325632|CCDM J01398-5612B|CD-56   329|CPC 20   455|CSI-56   329 43|GCRV   938|GEN# +1.00010360|HD  10360|HR   486|IDS 01360-5642 B|LTT   903|CNS5 429|PPM 331230|PPM 766138|SPOCS   91|UBV M   8357|Zkh  30|uvby98 100010360|TYC 8478-1394-2|NLTT  5589|WDS J01398-5612A|USNO-B1.0 0338-00012416|** DUN    5A|Gaia DR2 4911306239828325632|* p Eri A|AKARI-IRC-V1 J0139478-561137|UCAC4 170-001607|2MASS J01394778-5611361|WEB  1664",5.685
"CNS5 4293","CD-46 11540",262.16643990898785,-46.89519113774277,"LM*","M3V","TIC 218263393|GJ 674|HIP 85523|Gaia DR3 5951824121022278144|PLX 3958|CD-46 11540|CF 16662|CPD-46  8664|Ci 20 1038|GEN# -0.04611540|HIC  85523|IRAS 17248-4651|JP11   334|LFT 1351|LHS   449|LPM 645|LTT  6942|CNS5 4293|NLTT 44819|NSV 22079|PPM 762755|TYC 8346-37-1|UBV   14873|Zkh 255|[CS62] E7  64|[RHG95]  2761|2MASS J17283991-4653424|PLX 3958.00|1RXS J172839.7-465335|Gaia DR2 5951824121022278144|2XMM J172840.4-465349|WISEA J172840.53-465351.5|WISE J172840.55-465351.6|UCAC4 216-151217|PM J17286-4653",9.407
"CNS5 4299","L   21-3",262.36383664024044,-80.14925043488806,"PM*","M3.5V","TIC 384827322|GJ 4004|Gaia DR3 5776161813992756992|L   21-3|LHS  3295|LTT  6920|CNS5 4299|PM 17207-8008|[RHG95]  2754|GSC 09452-01000|NLTT 44686|USNO-B1.0 0098-00088505|2MASS J17292729-8008573|DENIS J172927.6-800857|DENIS J172928.1-800858|RAVE J172927.3-800857|WISEA J172925.20-800852.3|Gaia DR2 5776161813992756992|UCAC4 050-018268|PM J17294-8008|LFT 1346",12.1
"CNS5 4305","BD+05  3409",262.5947012552,5.548518154949999,"PM*","M1.0V","TIC 348277669|Karmn J17303+055|MCC 321|GALEX J173022.7+053253|GJ 678.1 A|GJ 9592|Gaia DR3 4389844948935164544|CNS5 4305|NSV 22356|PLX 3975.1|LSPM J1730+0532|TYC  422-241-1|ASCC 1057243|UCAC2  33777960|USNO-B1.0 0955-00296908|AG+05 2275|BD+05  3409|CCDM J17304+0533A|CSI+05  3409  1|G 139-43|GCRV 67136|GEN# +0.00503409|HIC  85665|IDS 17255+0538 A|LTT 15197|NLTT 44915|PPM 164107|SAO 122446|UBV M    277|VVO  29|Wolf  751|YZ   5  7861|YZC 22  7861|Zkh 256|[RHG95]  2772|2MASS J17302272+0532547|WDS J17304+0533A|HIP 85665|** WOR   25A|WISEA J173022.73+053252.1|UCAC4 478-068006|PM J17303+0532|Gaia DR1 4389846628263666176|WEB 14456|Gaia DR2 4389844948935164544",9.433
"CNS5 4307","G 259-15",262.82169014414626,82.08890473070583,"PM*","M4V","TIC 288314668|GJ 1220|Gaia DR3 1710948192852697600|CNS5 4307|LSPM J1731+8205|NLTT 45195|ASCC   47001|2MASS J17311725+8205198|USNO-B1.0 1720-00048053|G 259-15|GEN# +9.80259015|LHS  3297|LP    9-195|USNO 443|[RHG95]  2799|PLX 4059.02|WISEA J173115.73+820525.1|PM J17312+8205|Gaia DR2 1710948192852697600",
"CNS5 4309","LSPM J1731+2721",262.87392699074,27.3564556687,"BD*","L1.0","TIC 321695100|Gaia DR3 4595127343251508992|2MASS J17312974+2721233|2MUCD 20744|CNS5 4309|LSPM J1731+2721|1RXS J173130.9+272134|WISEA J173129.66+272120.6|Gaia DR2 4595127343251508992",
"CNS5 4335","CD-48 11837B",263.8060049418992,-48.68003401439972,"PM*","M3V","Gaia DR3 5946986063671469824|CNS5 4335|Gaia DR2 5946986063671469824|** SKF  104B|WDS J17352-4841B|CD-48 11837B|TIC 1517877493",
"CNS5 4336","CD-48 11837",263.8067383922263,-48.68086705638,"PM*","M1.5V","TIC 325624908|GJ 680|HIP 86057|Gaia DR3 5946986063684477056|PLX 3981|CD-48 11837|CF 16879|CPD-48  9312|GSC 08346-01926|HIC  86057|LTT  6988|CNS5 4336|NLTT 45045|NSV  9166|PPM 762852|TYC 8346-1926-1|UBV M   6395|[RHG95]  2776|2MASS J17351362-4840510|GEN# -0.04811837|PLX 3981.00|UCAC4 207-150569|PM J17352-4840|Gaia DR1 5946986059359322752|Gaia DR2 5946986063684477056|** SKF  104A|WDS J17352-4841A|CD-48 11837A",10.127
"CNS5 4340","WISE J173551.72-820900.1",263.9704225,-82.14936594444445,"BD*","T6","WISE J173551.72-820900.1|CNS5 4340|WISEA J173551.56-820900.3",
"CNS5 4343","BD+68   946",264.1079137894188,68.3391415631039,"PM*","M3.0V","TIC 233193964|AP J17362594+6820220|MCC 322|GJ 687|HIP 86162|Gaia DR3 1637645127018395776|CNS5 4343|PLX 4029|LSPM J1736+6820|ASCC   88385|2MASS J17362594+6820220|USNO-B1.0 1583-00174990|2E  3930|8pc 220.85|AG+68  732|BD+68   946|Ci 18 2354|Ci 20 1053|G 240-63|G 258-11|GAT  732|GC 23926|GCRV 10198|GEN# +0.06800946|HIC  86162|IRAS 17366+6822|JP11   237|LFT 1364|LHS   450|LTT 15232|NLTT 45190|PPM  20469|SAO  17568|TYC 4428-1943-1|UBV   15039|UBV M   4844|Zkh 260|[RHG95]  2797|PLX 4029.00|1RXS J173627.2+682031|2E 1736.7+6822|RX J1736.4+6828|RX J1736.4+6820|[GHM2003] 2100|[ZEH2003] RX J1736.4+6820  1|UCAC4 792-027376|PM J17364+6820|Gaia DR1 1637645328881199360|WEB 14533|Gaia DR2 1637645127018395776|Karmn J17364+683",
"CNS5 4348","CD-44 11909",264.26527273611407,-44.31921291471444,"PM*","M3.5V","TIC 16909043|HIP 86214|Gaia DR3 5955305209191546112|CNS5 4348|Gaia DR2 5955305209191546112|WISEA J173703.02-441918.8|TYC 7896-3808-1|GJ 682|PM J17370-4419|UCAC4 229-146141|AKARI-IRC-V1 J1737032-441915|IRAS 17334-4417|PM 17335-4416|PLX 3992|CD-44 11909|Ci 20 1046|GCRV 20417|GEN# -0.04411909|HIC  86214|JP11   333|LFT 1358|LHS   451|LPM 649|LTT  7000|NLTT 45107|Zkh 258|[RHG95]  2779|2MASS J17370367-4419088|PLX 3992.00|** WDK    3A|WDS J17371-4419A",10.946
"CNS5 4356","BD+18  3421",264.472278507312,18.59171224901472,"PM*","M1.5V","Karmn J17378+185|TIC 230241767|StKM 2-1329|GJ 686|HIP 86287|Gaia DR3 4550763526539955712|PLX 4009|LSPM J1737+1835|ASCC  878749|UCAC2  38455998|USNO-B1.0 1085-00280931|AC +18  1453|AC +18  1459-48|AG+18 1586|BD+18  3421|CSI+18-17356|Ci 18 2347|Ci 20 1050|G 170-55|GCRV 10187|GEN# +0.01803421|HIC  86287|CNS5 4356|IRAS 17356+1836|L 1278-24|LFT 1363|LHS   452|LTT 15228|MCC 169|NLTT 45173|PPM 133635|TYC 1555-1029-1|UBV   15007|VVO  64|Zkh 259|[RHG95]  2792|2MASS J17375330+1835295|PLX 4009.00|NSV 23111|WISEA J173754.04+183540.0|PM J17378+1835|WEB 14554|Gaia DR2 4550763526539955712",9.577
"CNS5 4359","WISE J173835.53+273259.0",264.6469630833333,27.550652611111115,"BD*","Y0","CNS5 4359|WISEP J173835.52+273258.9|WISE J173835.53+273259.0|WISEP J173835.53+273258.9|EQ J1738+2732|WISEA J173835.52+273258.8",
"CNS5 4363","HD 160346",264.82048469250003,3.5552432549999997,"SB*","K3-V","TIC 349491678|WISEA J173916.79+033317.6|Gaia DR3 4377160604838377600|GJ 688|HIP 86400|PLX 4016|SBC9 1802|LSPM J1739+0333|TYC  419-1909-1|ASCC 1151719|2MASS J17391691+0333190|USNO-B1.0 0935-00309843|AG+03 2112|AGKR 15738|BD+03  3465|FK5 5549|GC 23929|GCRV 10199|GEN# +1.00160346|HD 160346|HIC  86400|CNS5 4363|IRAS 13367+0334|LTT 15233|N30 3929|NLTT 45197|PMC 90-93  4226|PPM 164368|SAO 122610|SKY# 31893|SRS  14344|UBV   15017|UBV M  22316|YZ   3  5866|uvby98 100160346|PLX 4016.00|Ci 18 2350|AKARI-IRC-V1 J1739168+033318|IRAS 17367+0334|RAVE J173916.9+033319|WEB 14579|Gaia DR2 4377160604838377600|1RXS J173917.5+033312|WISE J173916.79+033317.7|** CSN   10A|WDS J17393+0333A",6.525
"CNS5 4370","WISEP J174124.25+255319.5",265.35258600000003,25.892878,"BD*","T9","TIC 359416488|CNS5 4370|EQ J1741+2553|WISE J174124.25+255319.6|2MASS J17412462+2553343|WISEA J174124.22+255319.2|WISEP J174124.25+255319.5",
"CNS5 438","* 107 Psc",25.624010521366664,20.26851268269722,"PM*","K1V","TIC 113710966|GJ 68|GJ 68.0|HIP 7981|Gaia DR3 96331172942614528|AP J01422977+2016073|2MASS J01422977+2016073|PLX  356|LSPM J0142+2016|ASCC  743708|USNO-B1.0 1102-00020515|* 107 Psc|8pc 133.91|AG+20  151|CNS5 438|BD+19   279|BDS   882 A|CCDM J01425+2016A|CSI+19   279  1|Ci 20  120|GC  2080|GCRV   957|GEN# +1.00010476|HD  10476|HIC   7981|HR   493|IDS 01371+1947 A|JP11   527|LFT  153|LHS  1287|LTT 10596|NLTT  5685|NSV   600|PM 01398+2002|PPM  91014|ROT   243|SAO  74883|SKY#  2563|SPOCS   95|TD1   977|TYC 1211-1733-1|UBV    1738|UBV M   8372|YPAC  81|YZ  20   490|Zkh  31|uvby98 100010476|PLX  356.00|WDS J01425+2016A|AKARI-IRC-V1 J0142296+201602|IRAS 01397+2001|WISEA J014229.55+201559.7|WEB  1710|Gaia DR2 96331172942614528|*   2 Ari",5.24
"CNS5 4389","BD+43  2796",265.9831791011929,43.378611118170554,"PM*","M2V","TIC 193603077|StKM 2-1342|GJ 694|HIP 86776|Gaia DR3 1349047857580994560|PLX 4053|LSPM J1743+4322|ASCC  418044|2MASS J17435595+4322441|BD+43  2796|Ci 20 1062|G 204-27|GCRV 10260|GEN# +0.04302796|HIC  86776|CNS5 4389|LFT 1371|LHS  3321|LTT 15258|MCC 171|NLTT 45376|TYC 3100-1810-1|VVO  67|Zkh 263|[RHG95]  2817|USNO-B1.0 1333-00303264|PLX 4053.00|WISEA J174355.97+432236.8|UCAC4 667-064273|PM J17439+4322|WEB 14633|Gaia DR2 1349047857580994560|1RXS J174355.8+432251|** BWL   47A|WDS J17439+4323A",10.49
"CNS5 4396","HD 318327",266.55312876472,-32.10253857611,"PM*","M1.5","GJ 2130 A|GJ 2130 C|HIP 86961|Gaia DR3 4055585060376248832|8pc 161.77B|CCDM J17462-3206B|CD-32 13297|CNS5 4396|HIC  86961|IDS 17396-3202 B|LTT  7072|NLTT 45390|[RHI84] 10-557|[RHI84]  9-1040|2MASS J17461275-3206088|WDS J17461-3204A|** LDS  611B|PMSC 17396-3202B|HD 318327|TYC 7381-585-1|CXOGBS J174612.6-320612|ASAS J174613-3206.1|PM J17462-3206W|UCAC4 290-134751|PM J17462-3206Ws|PM J17462-3206Wn|Gaia DR2 4055585060376248832|TIC 471012365|TIC 111265988",10.485
"CNS5 4397","CD-32 13298",266.56009040055994,-32.10233044532999,"PM*","M2.5","TIC 111265985|GJ 2130 B|HIP 86963|Gaia DR3 4055584308787727488|8pc 161.77A|8pc 161.77C|CCDM J17462-3206A|CD-32 13298|CNS5 4397|HIC  86963|IDS 17396-3202 A|LTT  7073|NLTT 45392|[RHI84] 10-559|[RHI84]  9-1041|2MASS J17461442-3206081|WDS J17461-3204B|** LDS  611A|PMSC 17396-3202A|UCAC4 290-134758|PM J17462-3206E|TYC 7381-559-1|Gaia DR2 4055584308787727488",11.411
"CNS5 4399","* mu.02 Her B",266.60399587714414,27.71680285946722,"PM*",,"* mu.02 Her B|** STF 2220C|** AC    7B|WDS J17465+2743C|Karmn J17464+277B|GJ 695 C|Gaia DR3 4594497838483177984|CNS5 4399",
"CNS5 440","L   88-59",25.754097407389164,-67.30843140624833,"WD*","DA8.1","TIC 24705587|GJ 3112|Gaia DR3 4698424845771339520|2MASS J01430103-6718293|GEN# +9.86088059|L   88-59|LFT  158|LHS   145|LTT   934|NLTT  5777|CNS5 440|PM 01416-6732|WD 0141-675|Gaia DR2 4698424845771339520|WISEA J014300.36-671841.2|GCRV 26186|EC 01416-6733",13.9
"CNS5 4400","* mu.02 Her A",266.60493981566447,27.71728631494333,"PM*",,"* mu.02 Her A|** STF 2220B|** AC    7A|WDS J17465+2743B|Karmn J17464+277A|GJ 695 B|Gaia DR3 4594497834189213184|CNS5 4400",
"CNS5 4401","* mu.01 Her",266.61478040032705,27.720711383034715,"**","G5IV","TIC 460067868|GJ 695 A|HIP 86974|Gaia DR3 4594497769766809216|PLX 4060|ASCC  697588|LSPM J1746+2743E|USNO-B1.0 1177-00371509|* mu. Her|*  86 Her|* mu.01 Her|* mu. Her A|2E  3947|ADS 10786 A|AG+27 1677|BD+27  2888|CCDM J17465+2744A|CSI+27  2888  1|Ci 20 1065|FK5  667|GC 24138|GCRV 10285|GEN# +1.00161797A|GSC 02085-03062|HD 161797|HD 161797A|HIC  86974|HR  6623|IDS 17425+2747 A|CNS5 4401|IRAS 17444+2744|IRC +30312|JP11  2891|LFT 1374|LHS  3326|LTT 15266|N30 3954|NLTT 45435|PMC 90-93   473|PPM 106324|ROT  2489|SAO  85397|SKY# 32126|SPOCS  764|SRS  30667|TD1 20993|TYC 2085-3062-1|UBV   15136|USNO 873|YZ  27  8419|Zkh 264|uvby98 100161797 A|2MASS J17462752+2743142|1E 1744.4+2744|1RXS J174627.3+274322|2E 1744.5+2744|WDS J17465+2743Aa,Ab|WDS J17465+2743A|** TRN    2|** STF 2220A|** ABT   14A|PMSC 17425+2747A|WEB 14673|Gaia DR2 4594497769763697792",3.42
"CNS5 4402","Wolf 1473",266.62221714265286,-8.710139478930001,"SB*","dM4.5","TIC 297812150|Gaia DR3 4165561928540617856|CSI-08-17438|G 154-17|G  20-13|GEN# +9.80020013|CNS5 4402|LTT  7077|UBV M  42349|Wolf 1473|UCAC3 163-162102|2MASS J17462934-0842362|ASAS J174629-0842.6|DENIS J174629.3-084236|WISEA J174629.29-084240.8|1RXS J174629.8-084240|UCAC4 407-072417|PM J17464-0842|Gaia DR2 4165561928540617856|NLTT 45411",12.774
"CNS5 4403","L  205-128",266.64263781037704,-57.31904401366557,"PM*","M3.5V","TIC 75160399|GJ 693|HIP 86990|Gaia DR3 5918660719983560192|PLX 4040|Ci 20 1061|CSI-57-17424|CSV 102836|GEN# +6.10010693|HIC  86990|L  205-128|LFT 1372|LHS   454|LPM 655|LTT  7067|CNS5 4403|NLTT 45375|NSV  9629|UBV M  42973|Zkh 262|[RHG95]  2816|2MASS J17463427-5719081|PLX 4040.00|Smethells 3|UCAC3 66-400760|USNO-B1.0 0326-00966267|TYC 8737-2175-1|DENIS J174634.7-571903|WISEA J174632.81-571922.6|GCRV 26168|PM J17465-5719|CSI-57-17438|Gaia DR2 5918660719981686144",10.783
"CNS5 4405","SCR J1746-3214",266.66941081929997,-32.2345845521,"PM*","M5.5","TIC 111898820|MKT J174641.0-321404|Gaia DR3 4055579464064558592|CNS5 4405|SCR J1746-3214|2MASS J17464063-3214045|WISEA J174640.83-321403.3|Gaia DR2 4055579464064558592|[JTH2014] CXB13",
"CNS5 4407","PM J17476-5436",266.9033977168279,-54.60865638935722,"WD*","DC","TIC 75306618|Gaia DR3 5920900901901635968|WD 1743-545|CNS5 4407|2MASS J17473683-5436310|PM J17476-5436|WISEA J174736.29-543634.4|Gaia DR2 5920900901901635968",15.52
"CNS5 4408","EGGR 372",267.03330341493705,70.87664501391278,"WD*","DQ9P","TIC 233212451|WISE J174805.39+705247.3|GJ 1221|Gaia DR3 1638979384378696704|CNS5 4408|LSPM J1748+7052|USNO-B1.0 1608-00117171|2MASS J17480817+7052353|8pc 164.70|EGGR 372|G 240-72|GEN# +9.80240072|LHS   455|LP   44-113|NLTT 45565|USNO 346|WD 1748+708|Zkh 268|PLX 4085.11|Gaia DR2 1638979384378696704|WISEA J174805.31+705247.5|WD 1748+70|PM J17481+7052",
"CNS5 4416","2MASS J17502484-0016151",267.60337872393995,-0.2708320659722222,"BD*","L5.5","TIC 39591415|Gaia DR3 4371611781971072768|2MASS J17502484-0016151|CNS5 4416|WISEA J175024.53-001612.8|Gaia DR2 4371611781971072768",
"CNS5 443","G   3-14",25.834079416104586,4.321655498171944,"PM*","M2V","TIC 369534824|MCC 93|StKM 2-154|GJ 70|HIP 8051|Gaia DR3 2560771312759450496|2MASS J01432015+0419172|PLX  363.1|LSPM J0143+0419|ASCC 1096514|UCAC2  33162859|USNO-B1.0 0943-00016573|AC +03  2259-0|AC +04  2595-239|CNS5 443|CSI+04-01408|G   3-14|G  71-28|GCRV 51952|GEN# +9.80003014|GEN# +6.10010070|HIC   8051|LFT 1851|LHS  1290|LTT 10604|NLTT  5733|PM 01408+0405|TYC   32-1005-1|UBV M  42923|Zkh  32|[R78b]  77|[RHG95]   319|PLX  363.10|WISEA J014319.89+041910.0|UCAC4 472-002320|PM J01433+0419|Gaia DR1 2560771342823697152|WEB  1724|Gaia DR2 2560771312759450496|Karmn J01433+043",10.915
"CNS5 444","HD  10436",25.9196831912,63.82339865085917,"PM*","K5Vbe","TIC 372795449|GJ 69|HIP 8070|Gaia DR3 512129087182637696|CNS5 444|2MASS J01434072+6349242|PLX  354|LSPM J0143+6349|ASCC  108357|USNO-B1.0 1538-00058303|AG+63  156|BD+63   229|CSI+63   229  2|Ci 18  238|Ci 20  121|DO 24661|G 244-33|GCRV   966|GEN# +1.00010436|HD  10436|HIC   8070|IRAS 01401+6334|IRCO  3112|LFT  155|LHS  1291|LTT 10600|NLTT  5703|PPM  13209|SAO  11943|TYC 4040-104-1|UBV    1735|UBV M   8368|VVO  93|uvby98 100010436|PLX  354.00|1RXS J014343.7+634931|RX J0143.7+6349|MCC 381|WISEA J014340.11+634918.3|WEB  1726|Gaia DR2 512129087182637696|** CSN    4A|WDS J01437+6349A|WISE J014340.11+634918.5",8.407
"CNS5 4449","NAME Barnard's star",269.4520769586187,4.693364966576667,"BY*","M4V","TIC 325554331|MCC 799|StKM 2-1355|GJ 699|HIP 87937|Gaia DR3 4472832130942575872|PLX 4098|LSPM J1757+0441|ASCC 1153178|UCAC2  33428712|2MASS J17574849+0441405|USNO-B1.0 0946-00315199|8pc 549.01|AC2000  146626|BD+04  3561a|CCDM J17578+0441A|CSI+04-17554|CSV   7737|Ci 20 1069|G 140-24|GAT   12|GCRV 10392|GSC 00425-00184|GSC 00425-02502|HIC  87937|CNS5 4449|IRAS 17553+0438|JP11    18|LFT 1385|LHS    57|LTT 15309|NLTT 45718|NSV  9910|TYC  425-2502-1|UBV   15269|USNO 347|USNO 876|V* V2500 Oph|VVO   6|Zkh 269|[RHG95]  2849|WISEA J175747.94+044323.8|PLX 4098.00|1E 1755.3+0438|NAME Barnard's star|NAME Barnard Star|UCAC4 474-068224|PM J17578+0441N|GEN# +0.00403561|uvby98 000403561|WEB 14849|Gaia DR2 4472832130942575872|Karmn J17578+046",9.511
"CNS5 4450","G 204-39",269.4623585891587,46.58864657667917,"PM*","M2.5V","TIC 193867007|GJ 4040|HIP 87938|Gaia DR3 1350714133093019904|CNS5 4450|Cl* Melotte   25    EGG      52|LSPM J1757+4635|ASCC  338559|USNO-B1.0 1365-00282424|G 204-39|GEN# +9.80204039|HIC  87938|LHS  3343|NLTT 45749|[RHG95]  2851|2MASS J17575096+4635182|PLX 4108.01|1RXS J175750.3+463511|HAT 152-00439|WISEA J175750.95+463525.0|PM J17578+4635|TYC 3511-919-1|Gaia DR2 1350714133093019904|Gaia DR1 1350714128798235392|Karmn J17578+465|** BDK    9A|WDS J17578+4635A",11.64
"CNS5 4451","G 204-39B",269.522729,46.552752999999996,"BD*","T7","TIC 193866991|HIP 87938B|CWISE J175805.45+463318.2|EQ J175805.45+463319.8|G 204-39B|CNS5 4451|2MASS J17580545+4633099|SDSS J175805.46+463311.9|WISEP J175805.46+463317.5|WISEA J175805.45+463316.9|WISE J175805.47+463316.8|** BDK    9B|WDS J17578+4635B",
"CNS5 4457","2MASS J18000116-1559235",270.00486582704,-15.989987519730004,"BD*","L4.5","TIC 357770485|Gaia DR3 4145132555890838784|CNS5 4457|2MASS J18000116-1559235|WISEA J180001.15-155927.2|WISE J180001.17-155927.1|Gaia DR2 4145132555890838784",
"CNS5 4458","WISEP J180026.60+013453.1",270.11032772316537,1.5824708462352777,"BD*","L7.5","TIC 404613256|Gaia DR3 4468009917744160000|CNS5 4458|2MASS J18002648+0134565|WISEP J180026.60+013453.1|DENIS J180026.4+013457|Gaia DR2 4468009917744160000",
"CNS5 4461","G 227-22",270.5691827808592,64.26228933348445,"PM*","M5Ve","TIC 233068870|AP J18021660+6415445|Gaia DR3 2161121135533953536|CNS5 4461|TMTS J18021729+6415365|LSPM J1802+6415|ASCC  136317|2MASS J18021660+6415445|2E  4002|2E 1802.0+6415|2RE J180214+641548|2RE J1802+641|G 227-22|GSC 04209-01465|LP   71-82|NLTT 45873|[FS2003] 0940|USNO-B1.0 1542-00210205|1RXS J180216.3+641546|EUVE J1802+64.2|RX J1802.2+6415|WISEA J180216.92+641540.2|UCAC4 772-041105|PM J18022+6415|Gaia DR2 2161121135533953536|Karmn J18022+642",13.373
"CNS5 4463","G 182-36",270.6927651311342,37.51749227602861,"PM*","dM5.0","TIC 75627178|GJ 1223|Gaia DR3 4609689240889873280|UCAC2  45018525|LSPM J1802+3731|2MASS J18024624+3731048|USNO-B1.0 1275-00337767|G 182-36|GEN# +9.80182036|CNS5 4463|LHS   457|NLTT 45855|UBV M  53829|USNO 260|[RHG95]  2858|PLX 4130.01|Gaia DR2 4609689240889873280|WISEA J180246.41+373051.0|PM J18027+3731|Karmn J18027+375",
"CNS5 4464","G 154-43",270.9001505370217,-18.980550624138885,"PM*","M5.0V","TIC 103218117|Gaia DR3 4095396422225930624|G 154-43|CNS5 4464|WISEA J180336.18-185853.3|2MASS J18033605-1858503|UCAC4 356-122854|PM J18036-1858|Gaia DR2 4095396422225930624|Karmn J18036-189|NLTT 45843",14.141
"CNS5 4472","HD 165222",271.2815781328108,-3.0313192179638886,"PM*","M0V","TIC 41378014|1RXS J180507.9-030152|AP J18050755-0301523|Karmn J18051-030|MCC 176|GJ 701|HIP 88574|Gaia DR3 4177731838628465408|PLX 4133|8pc 128.28|BD-03  4233|DO  4566|G  21-1|G  20-22|GCRV 10525|GEN# +1.00165222|HD 165222|HIC  88574|IRAS 18024-0302|JP11  2924|CNS5 4472|L  991-14|LFT 1389|LHS  3356|LPM 667|LTT  7180|NLTT 45883|NSV 10167|PM 18025-0302|PPM 201375|SAO 142072|TYC 5100-282-1|UBV   15372|UGP 443|VVO 182|YZ  93  6055|YZC 17  6055|Zkh 270|[RHG95]  2859|2MASS J18050755-0301523|UCAC2  30729179|PLX 4133.00|WISEA J180507.97-030156.2|UCAC4 435-075468|PM J18051-0301|WEB 14999|Gaia DR2 4177731838628465408",9.36
"CNS5 4473","*  70 Oph A",271.36353505499625,2.500146281931389,"SB*","K0V","TIC 1674663309|GJ 702 A|Gaia DR3 4468557611984384512|SPOCS 2969|WDS J18055+0230A|ASCC 1153899|USNO-B1.0 0924-00457807|*  70 Oph A|8pc 196.62A|ADS 11046 A|BD+02  3482A|CCDM J18055+0230A|CSI+02  3482 10|GCRV 10531|IDS 18004+0232 A|CNS5 4473|LFT 1390|LHS   458|LTT 15337|NLTT 45899|ROT  3523|TYC  434-5213-1|UBV   15377|USNO 877|Zkh 271|HD 165341A|** STF 2272A|Gaia DR2 4468557611977678336|LSPM J1805+0229A",
"CNS5 4474","*  70 Oph B",271.3644289008066,2.498946996844167,"PM*","K4V","TIC 1674663308|GJ 702 B|Gaia DR3 4468557611977674496|TYC  434-5212-1|ASCC 1153898|*  70 Oph B|8pc 196.62B|ADS 11046 B|BD+02  3482B|CCDM J18055+0230B|CSI+02  3482 11|GCRV 10532|HD 165341B|IDS 18004+0232 B|CNS5 4474|LFT 1391|LHS   459|LTT 15338|NLTT 45900|ROT  3570|UBV   15378|Zkh 272|1E 1802.9+0229|WDS J18055+0230B|** STF 2272B|2XMM J180527.3+022955|Gaia DR2 4468557611977674496|UCAC4 463-073987|LSPM J1805+0229B",6.07
"CNS5 4478","PM J18057-1422",271.43605666270196,-14.378468153667502,"PM*","M5.5V","TIC 362144730|Gaia DR3 4147112604476417792|CNS5 4478|2MASS J18054470-1422425|UCAC4 379-100760|PM J18057-1422|Gaia DR2 4147112604476417792|Karmn J18057-143|LSPM J1805-1422",
"CNS5 448","* tau Cet",26.01701307163417,-15.93747989102139,"PM*","G8V","TIC 419015728|RAVE J014404.1-155615|GALAH 140708006401203|GES J01440247-1556034|GJ 71|GJ 71.0|HIP 8102|Gaia DR3 2452378776434477184|2MASS J01440402-1556141|PLX  365|CNS5 448|* tau Cet|*  52 Cet|8pc 274.17|BD-16   295|CCDM J01441-1557A|CSI-16   295  1|Ci 20  124|FK5   59|GC  2123|GCRV   979|GEN# +1.00010700|HD  10700|HIC   8102|HR   509|IDS 01394-1628 A|IRAS 01416-1611|IRC -20018|JP11   535|LFT  159|LHS   146|LPM  84|LTT   935|N30  359|NLTT  5787|PM 01417-1612|PMC 90-93    41|PPM 210580|RAFGL 4135S|ROT   249|SACS  31|SAO 147986|SKY#  2598|SPOCS   96|TD1   997|UBV    1769|UBV M   8397|YZ 106   431|Zkh  33|uvby98 100010700|PLX  365.00|1RXS J014404.7-155632|WDS J01441-1556A|Gaia DR2 2452378776434276992|TYC 5855-2292-1|WEB  1733",3.5
"CNS5 4485","G 154-44",271.8868237931912,-15.963074553830275,"PM*","M4.0Ve","TIC 363838130|GJ 1224|Gaia DR3 4145870293808914688|8pc 132.60|G 154-44|G 155-1|CNS5 4485|L  920-26|LHS  3359|NLTT 45963|PM 18047-1558|USNO 444|Zkh 273|[GKL99] 349|[RHG95]  2865|2MASS J18073292-1557464|PLX 4142.01|WISEA J180732.38-155750.6|Gaia DR2 4145870293808914688|UCAC4 371-118234|PM J18075-1557|EPIC 228162462|Karmn J18075-159|1RXS J180733.5-155747",13.48
"CNS5 449","2MASS J01443536-0716142",26.147526922560004,-7.270644099638889,"BD*","L6.5","TIC 10879316|Gaia DR3 2467182154313027712|CNS5 449|2MUCD 10088|2MASS J01443536-0716142|2MASSI J0144353-071614|[B2006] J014435.3-071614|WISEP J014435.67-071616.3|WISEA J014435.67-071616.5|Gaia DR2 2467182154313027712|EQ J0144-0716",
"CNS5 4496","HD 166620",272.4059008797504,38.45777722677251,"PM*","K2V","TIC 75946144|GJ 706|HIP 88972|Gaia DR3 4610177733290768896|PLX 4171|LSPM J1809+3827|ASCC  505680|AG+38 1655|BD+38  3095|Ci 20 1078|Ci 18 2403|G 205-5|GC 24778|GCRV 10624|GEN# +1.00166620|HD 166620|HIC  88972|HR  6806|JP11  2944|LAL 33439|CNS5 4496|LFT 1396|LHS  3363|LTT 15374|NLTT 46046|NSV 10316|PPM  81007|SAO  66700|SKY# 33024|SPOCS  784|TYC 3102-1975-1|UBV   15461|UBV M  22712|uvby98 100166620|2MASS J18093745+3827288|USNO-B1.0 1284-00305405|PLX 4171.00|IRAS 18079+3826|AKARI-IRC-V1 J1809372+382725|WISEA J180937.13+382723.0|WEB 15090|Gaia DR2 4610177733290768896|** LUH   13A|WDS J18096+3827A",6.4
"CNS5 4503","L   43-72 A",272.8134473915187,-78.98965860621806,"PM*",,"Gaia DR3 6364795328246346112|CNS5 4503|L   43-72 A|Gaia DR2 6364795328246346112|** KPP 3056A|WDS J18113-7859A",
"CNS5 4504","L   43-72 B",272.8141563729008,-78.98984659670278,"PM*",,"Gaia DR3 6364795328244240256|CNS5 4504|L   43-72 B|Gaia DR2 6364795328244240256|** KPP 3056B|WDS J18113-7859B",
"CNS5 4505","WISE J181210.85+272144.3",273.04509999999993,27.362315999999996,"BD*","T8.5:","WISEA J181210.83+272144.2|CNS5 4505|WISEP J181210.85+272144.3|WISE J181210.85+272144.3|EQ J1812+2721",
"CNS5 4506","HD 166348",273.0891347598971,-43.444848003989996,"PM*","M0V","TIC 87418452|GJ 707|HIP 89211|Gaia DR3 6721432232656218752|PLX 4166|CD-43 12343|CPC  0 17132|CPD-43  8486|Ci 20 1077|GC 24802|GCRV 67835|GEN# +1.00166348|HD 166348|HIC  89211|CNS5 4506|IRAS 18087-4327|LTT  7224|NLTT 46063|PPM 323841|SAO 228799|UBV   15447|UBV M  22699|UGP 446|2MASS J18122138-4326411|PLX 4166.00|TYC 7912-268-1|Smethells 11|UCAC3 94-344940|USNO-B1.0 0465-00629539|WISEA J181221.53-432645.6|WEB 15158|Gaia DR2 6721432232656218752",8.372
"CNS5 4511","WISE J181329.40+283533.3",273.37297225,28.593571444444446,"BD*","T8","WISEA J181329.40+283533.3|CNS5 4511|WISE J181329.40+283533.3|EQ J1813+2835",
"CNS5 4528","G 204-57",274.5141668741617,38.77618372253028,"PM*","M4V","TIC 76349243|GJ 4049|Gaia DR3 2109049433075667584|PLX 4205.0B|2MASS J18180345+3846359|G 204-57|GEN# +9.80204057|CNS5 4528|LHS   461|NLTT 46272|USNO 553|[RHG95]  2889|LSPM J1818+3846W|WDS J18180+3846B|Gaia DR2 2109049433075667584|WISEA J181803.10+384623.4|PM J18180+3846W|Karmn J18180+387W",13.52
"CNS5 4529","G 204-58",274.5176115972584,38.77572389528639,"PM*","M3V","TIC 76349247|GJ 4048|Gaia DR3 2109049433075668480|PLX 4205.0A|2MASS J18180427+3846342|USNO-B1.0 1287-00297442|G 204-58|GEN# +9.80204058|CNS5 4529|LHS   462|NLTT 46274|USNO 552|[RHG95]  2888|LSPM J1818+3846E|WDS J18180+3846A|Gaia DR2 2109049433075668480|** GIC  151A|WISEA J181803.91+384621.7|PM J18180+3846E|Karmn J18180+387E",11.86
"CNS5 4530","WISE J181849.69-470146.4",274.70712691666665,-47.02820591666667,"BD?",,"WISE J181849.69-470146.4|WISEA J181849.59-470146.9|CNS5 4530",
"CNS5 4531","G 258-33",274.7384690951179,66.19258453656946,"PM*","M4.5Ve","TIC 406857100|Karmn J18189+661|GJ 4053|Gaia DR3 2257597439718033536|CNS5 4531|AP J18185725+6611332|LSPM J1818+6611|NLTT 46337|2MASS J18185725+6611332|USNO-B1.0 1561-00172493|8pc 137.50|G 258-33|GEN# +9.80258033|LHS  3376|LP   71-165|USNO 554|[GKL99] 354|[RHG95]  2897|PLX 4228.11|RX J1818.9+6611|1RXS J181857.3+661135|UCAC4 781-028693|PM J18189+6611|Gaia DR2 2257597439718033536",
"CNS5 4539","* chi Dra",275.2640939542736,72.73284772361531,"SB*","F7V","TIC 341873045|Gaia DR3 2266693630693936512|GJ 713|GJ 713 A|GJ 713 B|HIP 89937|CNS5 4539|PLX 4245|SBC9 1058|LSPM J1821+7243|ASCC   49345|USNO-B1.0 1627-00135815|* chi Dra A|* chi Dra|*  44 Dra|1RXS J182103.0+724342|2E 1822.0+7242|2E  4068|AG+72  496|BD+72   839|CCDM J18211+7245A|CSI+72   839  1|Ci 20 1087|FK5  695|GAT  106|GC 25122|GCRV 10880|GEN# +1.00170153|HD 170153|HIC  89937|HR  6927|IDS 18229+7241 A|IRC +70144|JP11  2982|LFT 1413|LHS  3379|LTT 15438|N30 4088|NLTT 46426|NSV 10749|PMC 90-93   494|PPM   9830|RAFGL 2144S|ROT  2608|RX J1821.0+7243|SAO   9087|SBC7   686|SKY# 33473|TD1 22471|UBV   15693|UBV M  22972|USNO 878|2MASS J18210342+7243582|TYC 4437-1491-1|WDS J18211+7244Aa,Ab|Zkh 274|AKARI-IRC-V1 J1821042+724356|IRAS 18220+7242|WDS J18211+7244A|** LAB    5|** BUP  182A|* chi Dra B|[TSA98] J182101.59+724357.01|WISEA J182104.61+724354.5|WEB 15359|Gaia DR2 2266693630693473024",3.58
"CNS5 4541","G 227-28",275.33262929306335,61.0187175970889,"WD*","DA10","TIC 233688184|PSO J275.3335+61.0164|GJ 4054|Gaia DR3 2158285185808357504|CNS5 4541|LSPM J1821+6101|NLTT 46393|USNO-B1.0 1510-00234477|2MASS J18211982+6101079|G 227-28|LHS  3380|LP  103-294|USNO 654|WD 1820+609|PLX 4233.01|Gaia DR2 2158285185808357504|PM J18213+6101",
"CNS5 4542","2MASS J18212815+1414010",275.36732305979297,14.233572037953051,"BD*","L5","TIC 156746159|Gaia DR3 4485574134969389312|2MASS J18212815+1414010|CNS5 4542|WISEA J182128.32+141358.3|Gaia DR2 4485574134969389312",
"CNS5 4544","G 227-29",275.61289483141206,62.050485173746935,"PM*","M4.0V","TIC 233691740|UCAC4 761-048719|GJ 1227|Gaia DR3 2159844052779000064|CNS5 4544|PLX 4238.01|LSPM J1822+6203|NLTT 46427|2MASS J18222719+6203025|G 227-29|LHS   465|LP  103-305|USNO 448|Zkh 276|[RHG95]  2904|USNO-B1.0 1520-00275071|WISEA J182225.65+620248.7|PM J18224+6203|Gaia DR2 2159844052778476032|Karmn J18224+620",
"CNS5 4552","2MASS J18242359-0536488",276.09828623150406,-5.613676995831111,"PM*","M6.5","TIC 170096216|Gaia DR3 4161034758178900224|CNS5 4552|WISEA J182423.61-053653.6|2MASS J18242359-0536488|Gaia DR2 4161034758178900224",
"CNS5 4558","LSR J1826+3014",276.5458466336221,30.23857651972694,"LM*","M8.5V","TIC 24113425|Gaia DR3 4588438567346043776|LSPM J1826+3014|USNO-B1.0 1202-00290258|2MASS J18261131+3014201|2MASSI J1826113+301420|CNS5 4558|LSR J1826+3014|Gaia DR2 4588438567346043776|WISEA J182609.15+301411.7|WISE J182609.20+301412.0",19.36
"CNS5 4565","WISE J182831.08+265037.7",277.12628737499995,26.843354194444448,"BD*","Y0","CNS5 4565|WISEP J182831.08+265037.8|WISE J182831.08+265037.7|EQ J1828+2650|WISEA J182831.08+265037.6",
"CNS5 4566","2MASS J18283572-4849046",277.148844,-48.817955,"BD*","T6","TIC 324498463|2MASS J18283572-4849046|CNS5 4566|WISEP J182835.97-484903.0|WISEA J182835.96-484903.9|WISE J182835.96-484903.9",
"CNS5 4569","L  489-3",277.3510030995,-34.96256541416,"PM*",,"TIC 196851890|Gaia DR3 6734485286788609664|GSC 07402-00998|CNS5 4569|NLTT 46543|2MASS J18292423-3457451|Gaia DR2 6734485286788609664|L  489-3",11.97
"CNS5 4578","HD 170657",277.82900419762996,-18.90881383739,"PM*","K2V","TIC 186271747|RAVE J183119.0-185432|GJ 716|HIP 90790|Gaia DR3 4093301474693288960|TYC 6274-1576-1|PLX 4256|Cl* IC 4725      L   46051|GSC 06274-01576|BD-18  4986|CPD-18   414|GC 25276|GCRV 10974|GEN# +3.47250026|HD 170657|HIC  90790|CNS5 4578|IC 4725   26|IRAS 18283-1856|LTT  7358|NLTT 46596|NSV 10944|PPM 234645|SAO 161557|SKY# 33878|SPOCS  804|UBV   15733|UBV M  39069|YZ 108  7734|2MASS J18311897-1854314|Cl* IC 4725      L  IV-6-51|Cl* IC 4725      A      33|Cl* IC 4725      I     236|PLX 4256.00|Gaia DR1 4093301470306839040|WEB 15556|Gaia DR2 4093301474693288960|1RXS J183120.6-185431|** TNN   10A|WDS J18313-1855A",6.81
"CNS5 458","HD  10780",26.936810149182495,63.852503056109164,"BY*","K0V","TIC 373694425|GJ 75|HIP 8362|Gaia DR3 512167948043650816|CNS5 458|2MASS J01474488+6351090|PLX  371|LSPM J0147+6351|ASCC  108752|USNO-B1.0 1538-00060262|V* V987 Cas|GSC 04040-02023|AG+63  163|BD+63   238|CCDM J01477+6351A|Ci 20  127|GC  2161|GCRV   998|GEN# +1.00010780|HD  10780|HIC   8362|HR   511|IDS 01405+6322 A|JP11   537|IRAS 01441+6336|LFT  162|LHS  1297|LTT 10619|N30  363|NLTT  5921|PPM  13257|SAO  11983|SKY#  2665|SPOCS   99|TYC 4040-2023-1|UBV    1782|UBV M   8404|USNO 799|Zkh  34|uvby98 100010780|PLX  371.00|1RXS J014743.3+635116|WDS J01477+6351A|** ENG    7A|WISEA J014745.79+635108.1|WEB  1776|Gaia DR2 512167948043650816",5.63
"CNS5 4581","G 205-28",277.99322947563417,40.686391809015554,"PM*","M3.5V","TIC 289325518|GJ 4062|Gaia DR3 2110336583235233536|LSPM J1831+4041|UCAC2  46001718|USNO-B1.0 1306-00301360|G 205-28|CNS5 4581|NLTT 46643|[RHG95]  2916|2MASS J18315840+4041104|UCAC4 654-065062|PM J18319+4041|TYC 3109-357-1|Gaia DR2 2110336583235233536|Karmn J18319+406",12.046
"CNS5 4594","LP  229-17",278.6527174189599,40.12399558404,"LM*","M4V","TIC 289527642|StKM 2-1382|GJ 4063|Gaia DR3 2110165780975185792|LSPM J1834+4007|ASCC  421007|UCAC2  45843486|USNO-B1.0 1301-00298017|CNS5 4594|LP  229-17|NLTT 46690|TYC 3109-1699-1|[RHG95]  2921|2MASS J18343664+4007266|WISEP J183436.70+400724.3|WISEA J183436.71+400724.2|UCAC4 651-063412|[GAL2014] J18346+4007|Gaia DR2 2110165780975185792|PM J18346+4007W|Karmn J18346+401",
"CNS5 460","WISE J014807.25-720258.7",27.030231,-72.04965200000001,"BD*","T9.5","CNS5 460|WISEP J014807.25-720258.8|WISEP J014807.25-720258.7|EQ J0148-7202|WISE J014807.25-720258.7|WISEA J014807.34-720258.7",
"CNS5 4601","LSR J1835+3259",278.90783384444705,32.99814336087223,"PM*","M8.5V","TIC 27858644|Gaia DR3 2091177593123254016|LSPM J1835+3259|USNO-B1.0 1229-00376318|2MUCD 11792|2MASS J18353790+3259545|2MASSI J1835379+325954|CNS5 4601|LSR J1835+3259|[B2006] J183537.9+325955|WISEA J183537.82+325945.4|Gaia DR2 2091177593123254016|Karmn J18356+329",
"CNS5 4606","Ross  149",279.0801328935363,13.607325953401944,"PM*","M4V","TIC 149338279|GJ 4065|Gaia DR3 4508377078422114944|LSPM J1836+1336|UCAC2  36682505|USNO-B1.0 1036-00337016|G 141-21|CNS5 4606|LTT 15483|NLTT 46722|Ross  149|[RHG95]  2925|2MASS J18361922+1336261|WISEA J183619.36+133629.4|UCAC4 519-079037|PM J18363+1336S|Gaia DR2 4508377078422114944|Karmn J18363+136",12.46
"CNS5 4607","* alf Lyr",279.234734787025,38.783688956244,"dS*","A0V","TIC 157587146|GJ 721|GJ 721.0|HIP 91262|PLX 4293|LSPM J1836+3847|ASCC  507896|2MASS J18365633+3847012|USNO-B1.0 1287-00305764|* alf Lyr|*   3 Lyr|8pc 128.93|ADS 11510 A|AG+38 1711|BD+38  3238|CCDM J18369+3847A|CEL   4636|CSI+38  3238  1|CSV 101745|FK5  699|GC 25466|GCRV 11085|GEN# +1.00172167|HD 172167|HGAM    706|HIC  91262|HR  7001|IDS 18336+3841 A|TIC 471012017|IRAS 18352+3844|IRC +40322|JP11  2999|CNS5 4607|LTT 15486|N30 4138|NAME Vega|NLTT 46746|NSV 11128|PMC 90-93   496|PPM  81558|RAFGL 2208|ROT  2633|SAO  67174|SKY# 34103|TD1 22883|UBV   15842|UBV M  23118|USNO 882|V* alf Lyr|Zkh 277|[HFE83] 1223|PLX 4293.00|1E 183515+3844.3|EUVE J1836+38.7|WDS J18369+3846A|TYC 3105-2070-1|GAT 1285|JCMTSF J183656.4+384709|JCMTSE J183656.4+384709|IRAS F18352+3844|AKARI-IRC-V1 J1836564+384703|WISE J183656.49+384703.9|EQ 183456.7+384615.4|uvby98 100172167|WEB 15681",0.03
"CNS5 4611","G 155-29",279.68644167286993,-14.490561434563334,"**","dM3.5","TIC 423865905|GJ 2138|HIP 91430|Gaia DR3 4103671243754951296|PM J18387-1429|G 155-29|HIC  91430|CNS5 4611|LHS  3398|NLTT 46769|PM 18359-1432|[RHG95]  2928|2MASS J18384474-1429249|TYC 5704-575-3|WISEA J183844.82-142931.8|UCAC4 378-130091|PM J18387-1429W|** HDS 2641|WDS J18387-1429AB|CCDM J18387-1429AB|Gaia DR1 4103671239348631936|Gaia DR2 4103671239732631936|Karmn J18387-144",11.224
"CNS5 4612","HD 172051",279.7225044145699,-21.05187527402,"**","G6V","TIC 1544160|GJ 722|HIP 91438|Gaia DR3 4079684229322231040|BD-21  5081|GC 25484|GCRV 11091|GEN# +1.00172051|GSC 06279-01723|HD 172051|HIC  91438|CNS5 4612|HR  6998|IRAS 18358-2105|PMC 90-93  6575|PPM 268697|SAO 187086|SKY# 34190|SPOCS  809|TD1 22861|TYC 6279-1723-1|YZ 111  7815|uvby98 100172051|2MASS J18385342-2103065|PLX 4289.01|RAVE J183853.4-210307|1RXS J183854.0-210304|** WSI   90|WDS J18389-2103AB|WEB 15715|Gaia DR2 4079684229322231040",5.86
"CNS5 4613","Gaia DR3 4479498508613790464",279.8818284324258,9.028721178674445,"*","M2.5","Gaia DR3 4479498508613790464|CNS5 4613",
"CNS5 4614","LP  335-12",279.8878117567,29.871247786880012,"LM*","M6.5Ve","TIC 316993844|Gaia DR3 4587614930058979584|GAT 1379|LSPM J1839+2952|USNO-B1.0 1198-00300890|CNS5 4614|LP  335-12|NLTT 46822|2MASS J18393308+2952164|Gaia DR2 4587614930058979584",18.21
"CNS5 4624","SCR J1841-4347",280.2908994978488,-43.79242642200527,"PM*",,"TIC 340009136|UCAC4 232-161176|WISE J184109.06-434733.5|Gaia DR3 6709964635600548992|2MASS J18410977-4347327|SCR J1841-4347|CNS5 4624|WISEA J184109.04-434733.6|Gaia DR2 6709964635600548992",16.46
"CNS5 4625","G 184-19",280.2906597941883,24.787341476145002,"SB*","M4.5V","TIC 317177585|GJ 1230 A|GJ 1230 C|Gaia DR3 4535928365908540416|NLTT 46862|2MASS J18410977+2447143|USNO-B1.0 1147-00302902|G 184-19|CNS5 4625|LHS  3405|Zkh 278|[GKL99] 360|[RHG95]  2935|LSPM J1841+2447S|WDS J18411+2447A|** LDS 6330A|PMSC 18370+2441Aab|PMSC 18370+2441A|UCAC4 574-067623|PM J18411+2447S|Gaia DR2 4535928365908540416|Karmn J18411+247S",
"CNS5 4626","G 184-19B",280.2908323199583,24.788780796660284,"LM*","M4.5Ve","TIC 317177580|GJ 1230 B|Gaia DR3 4535928365908541440|LSPM J1841+2447N|NLTT 46861|2MASS J18410981+2447195|CNS5 4626|LHS  3404|LP  391-2|Zkh 279|[RHG95]  2936|** LDS 6330B|WISEP J184110.13+244715.5|WDS J18411+2447B|Gaia DR2 4535928365908541440|PM J18411+2447N|G 184-19B|Karmn J18411+247N",14.4
"CNS5 4628","G 205-35",280.4058286781675,39.703374765619714,"PM*","dM5.0","TIC 157853745|GJ 4069|Gaia DR3 2098413719661573248|LSPM J1841+3942|UCAC2  45686696|USNO-B1.0 1297-00320299|G 205-35|CNS5 4628|NLTT 46887|[GKL99] 362|[RHG95]  2939|2MASS J18413741+3942123|WISEA J184137.16+394210.3|UCAC4 649-062413|PM J18416+3942|Gaia DR2 2098413719661573248|1RXS J184137.0+394155",
"CNS5 4630","Ross  145",280.49598237782584,31.83048982124528,"PM*","M2V","TIC 68396286|Karmn J18419+318|HIP 91699|Gaia DR3 2090085056523454464|TIC 471012020|CNS5 4630|TYC 2637-58-1|PM J18419+3149|UCAC4 610-064226|LSPM J1841+3149|ASCC  604813|UCAC2  42953368|USNO-B1.0 1218-00336363|G 206-40|HIC  91699|LTT 15513|GJ 4070|StKM 2-1388|NLTT 46890|Ross  145|[RHG95]  2940|2MASS J18415908+3149498|PLX 4317.03|Gaia DR2 2090085056523454464|Gaia DR1 2090085052225147264",13.126
"CNS5 4631","LP  867-15",280.546228933325,-23.48295292394,"PM*","dM4.5","TIC 3882477|Gaia DR3 4078319494857310336|GSC 06859-01115|CNS5 4631|LP  867-15|NLTT 46868|2MASS J18421107-2328582|UCAC4 333-188838|PM J18421-2328|EPIC 215818496|Gaia DR2 4078319494857310336",12.1
"CNS5 4633","HD 173739",280.6946016085025,59.63039151279416,"PM*","M3V","TIC 359676790|AP J18424666+5937499|GJ 725 A|HIP 91768|Gaia DR3 2154880616774131840|CNS5 4633|PLX 4330|LSPM J1842+5937N|ASCC  201775|USNO-B1.0 1496-00255595|8pc 280.28A|ADS 11632 A|AG+59 1185|BD+59  1915A|CCDM J18428+5937A|CSI+59  1915  1|Ci 20 1105|Ci 18 2456|DO 36465|G 227-46|G 229-13|GC 25648|GCRV 11183|GEN# +1.00173739A|HD 173739|HIC  91768|TIC 471012022|JP11  3019|LFT 1431|LHS    58|LTT 15522|NLTT 46947|NSV 11288|PPM  36785|SAO  31128|UBV   15969|UBV M  23214|YZ  59  9945|Zkh 280|[RHG95]  2945|2MASS J18424666+5937499|WDS J18428+5938A|TYC 3930-1791-1|** STF 2398A|** LDS 1466A|WISE J184244.93+593807.9|WISEA J184244.96+593805.4|PM J18427+5937N|UCAC4 749-054798|Gaia DR1 2154877657540108928|WEB 15792|Gaia DR2 2154880616773521408|Karmn J18427+596N",8.93
"CNS5 4634","HD 173740",280.6953944644875,59.6268669892814,"PM*","M3.5V","TIC 392572237|AP J18424688+5937374|GJ 725 B|HIP 91772|Gaia DR3 2154880616774131712|CNS5 4634|TIC 1717842912|ASCC  201777|USNO-B1.0 1496-00255603|8pc 284.48B|ADS 11632 B|AG+59 1186|BD+59  1915B|CCDM J18428+5937B|CSI+59  1915  2|Ci 20 1106|G 227-47|G 229-14|GC 25649|GCRV 11184|HD 173740|HIC  91772|IDS 18415+5931 B|JP11  3021|LFT 1432|LHS    59|LTT 15523|NLTT 46948|PPM  36786|SAO  31129|UBV   15970|UBV M  23216|YZ  59  9947|Zkh 281|[RHG95]  2946|2MASS J18424688+5937374|LSPM J1842+5937S|WDS J18428+5938B|TYC 3930-1791-2|** LDS 1466B|** STF 2398B|WISE J184245.01+593755.9|UCAC4 749-054799|PM J18427+5937S|Gaia DR1 2154877657540105216|WEB 15793|Gaia DR2 2154880616772528384|Karmn J18427+596S|TIC 471012023",9.78
"CNS5 4635","V* V816 Her",280.6874108702066,13.904646547939445,"PM*","M5V","TIC 230345672|GJ 4071|Gaia DR3 4505805591300126080|LSPM J1842+1354|NLTT 46898|2MASS J18424498+1354168|USNO-B1.0 1039-00345551|G 141-29|CNS5 4635|LP  510-15|LTT 15516|NSV 11248|V* V816 Her|[GKL99] 363|[RHG95]  2942|1RXS J184244.9+135407|L 1209-6|PLX 4317.02|UCAC4 520-081040|PM J18427+1354|Gaia DR2 4505805591300126080|Karmn J18427+139|** JNN  280A|WDS J18427+1354A",12.86
"CNS5 4638","L  273-106",280.7790627592229,-54.61343492091556,"PM*","M5","TIC 120395704|Gaia DR3 6650117736660187136|L  273-106|LHS  5341|CNS5 4638|WISEA J184306.81-543653.4|2MASS J18430697-5436481|UCAC4 177-210565|PM J18431-5436|Gaia DR2 6650117736660187136|LTT  7416|NLTT 46865|LFT 1428",
"CNS5 4651","SCR J1845-6357",281.27188853878334,-63.96318058599389,"LM*","M8.5V","TIC 464378628|WISE J184509.29-635741.3|Gaia DR3 6439125097427143808|2MASS J18450541-6357475|CNS5 4651|SCR J1845-6357|Gaia DR2 6439125097425259776|DENIS J184504.9-635747|2XMM J184508.4-635742|WISEA J184509.34-635741.3|** BIL    1A|WDS J18451-6358A",17.4
"CNS5 4655","G 184-24",281.34561935858,18.86626089519,"PM*","M4.0V","TIC 282043028|Gaia DR3 4512525016089353472|LSPM J1845+1851|NLTT 46968|2MASS J18452294+1851585|USNO-B1.0 1088-00337209|G 184-24|CNS5 4655|WISEA J184522.84+185155.7|UCAC4 545-078546|PM J18453+1851|Gaia DR2 4512525016089353472|Karmn J18453+188",
"CNS5 4667","G 141-36",282.0730722831846,7.6892184737413904,"PM*","M5.0V","TIC 92923185|1RXS J184817.9+074115|Gaia DR3 4286249341336984576|LSPM J1848+0741|NLTT 47026|2MASS J18481752+0741210|USNO-B1.0 0976-00484421|G 141-36|CNS5 4667|UCAC4 489-091353|PM J18482+0741|Gaia DR2 4286249341336984576|Karmn J18482+076",
"CNS5 4677","L  207-41",282.46335563591293,-57.446832222576944,"PM*","M3.5V","TIC 456611976|GJ 4078|Gaia DR3 6636988399594203648|L  207-41|LHS  3413|LTT  7454|CNS5 4677|PM 18454-5729|[RHG95]  2955|NLTT 47017|UCAC3 66-417890|2MASS J18495119-5726486|GSC 08766-00147|DENIS J184951.5-572647|WISEA J184950.36-572650.4|UCAC4 163-206642|PM J18498-5726|Gaia DR2 6636988399594203648|LFT 1434",12.7
"CNS5 4678","CD-23 14742",282.45568240083537,-23.83623538204166,"PM*","M3.5Ve","TIC 224752354|StKM 2-1392|GJ 729|HIP 92403|Gaia DR3 4075141768785646848|PLX 4338|2E  4140|8pc 336.48|AAVSO 1843-23|AC -24  2833-183|AC -24  2822-183|CSI-23-18467|Ci 20 1108|GCRV 11260|GEN# +6.10010729|GEN# +6.10220154|GEN# +6.00107462|HIC  92403|CNS5 4678|IRAS 18467-2353|JP11  5166|JP11  5192|JP11  5165|LFT 1437|LHS  3414|LPM 688|LTT  7462|NLTT 47045|Ross  154|UBV M  42977|V* V1216 Sgr|Zkh 282|[FS2003] 0993|[GKL99] 365|[RHG95]  2960|2MASS J18494929-2350101|PPM 734465|CD-23 14742|PLX 4338.00|1ES 1846-23.8|1RXS J184948.7-235003|2E 1846.7-2353|2EUVE J1849-23.8|EUVE J1849-23.8|TYC 6859-1332-1|ASAS J184948-2350.0|WISEA J184949.85-235012.5|UCAC4 331-182994|PM J18498-2350|EPIC 215632069|WEB 15960|Gaia DR2 4075141768785646848|EPIC 215632123|** TNN   13A|WDS J18498-2350A|Karmn J18498-238",10.43
"CNS5 4679","G 184-31",282.47694301263,18.67462721148,"PM*","M4.5V","TIC 348922687|Gaia DR3 4518262684390915200|LSPM J1849+1840|UCAC2  38475561|USNO-B1.0 1086-00346700|G 184-31|CNS5 4679|NLTT 47069|2MASS J18495449+1840295|WISEA J184954.39+184025.8|UCAC4 544-079555|PM J18499+1840|Gaia DR2 4518262684390915200|Karmn J18499+186",
"CNS5 4690","2MASS J18521552+3537196",283.064682,35.622112,"BD*","T7","TIC 28770841|CNS5 4690|WISEP J185215.78+353716.3|EQ J1852+3537|WISE J185215.76+353716.7|2MASS J18521552+3537196",
"CNS5 4697","L  489-58",283.41630528754916,-38.61234808521111,"PM*","M3.5V","TIC 201169126|GJ 732|GJ 732 A|Gaia DR3 6729187672268648832|PLX 4355|CSI-38-18503  1|Ci 20 1112|CNS5 4697|L  489-58|LFT 1441|LHS   469|LPM 690|LTT  7491|[RHG95]  2969|2MASS J18533991-3836442|PLX 4355.00|Gaia DR2 6729187672268648832|PM 18503-3840|WISEA J185340.22-383654.1|UCAC4 257-176293|PM J18536-3836|DENIS J185339.9-383644|NLTT 47130",
"CNS5 4704","MCC 188",283.86420911354,8.40250848509,"SB*","M3Ve","TIC 102107794|MCC 188|GJ 735|HIP 92871|Gaia DR3 4310275491469537152|CABS 160|PLX 4380|2E  4160|2E 1853.0+0820|2RE J185527+082420|2RE J1855+082|AC +08   142-393|AC +08   142|CSI+08-18531|GCRV 68818|GEN# +6.20030188|GEN# +6.10010735|GSC 01039-01079|HIC  92871|IRAS 18530+0820|CNS5 4704|JP11  5167|RE J1855+082|RE J185526+082354|SV* SVS  1805|TYC 1039-1079-1|UBV   16070|UBV M  42980|USNO 657|V* V1285 Aql|VVO 105|[FS2003] 0998|[GKL99] 366|[KW97] 35-22|[RHG95]  2976|2MASS J18552740+0824090|PLX 4380.00|1RXS J185527.4+082408|EUVE J1855+08.4|UCAC4 493-099615|PM J18554+0824|Gaia DR1 4310275487166165632|WEB 16083|Gaia DR2 4310275491469537152",10.194
"CNS5 4705","SCR J1855-6914",283.9494607746896,-69.23748047770306,"PM*","M6e","TIC 381983159|Gaia DR3 6421389047155380352|CNS5 4705|SCR J1855-6914|2MASS J18554792-6914153|WISEA J185548.76-691422.2|DENIS J185548.0-691415|Gaia DR2 6421389047155380352",16.61
"CNS5 4715","HD 175224B",284.3770480442187,-55.99111862314027,"PM*","K7Ve","GJ 737 B|Gaia DR3 6637963425890391552|CCDM J18575-5600B|CD-56  7546B|CPD-56  9037B|CSI-56  9037 43|GEN# +1.00175224B|IDS 18492-5606 B|LTT  7510|NLTT 47186|CNS5 4715|TYC 8763-1480-2|[RHG95]  2979|WDS J18575-5600B|Smethells 25|** COO  228B|HD 175224B|WEB 16121|Gaia DR2 6637963425890391552|TIC 1817023751",10.13
"CNS5 4716","HD 175224A",284.37746411770166,-55.991901772853886,"PM*","K5Ve","GJ 737 A|Gaia DR3 6637963425886794752|CCDM J18575-5600A|CD-56  7546A|CPD-56  9037A|CSI-56  9037 42|GCRV  6405 E|GEN# +1.00175224A|IDS 18492-5606 A|LTT  7509|NLTT 47185|CNS5 4716|TYC 8763-1480-1|[RHG95]  2978|WDS J18575-5600A|Smethells 24|USNO-B1.0 0340-00779877|** COO  228A|HD 175224A|Gaia DR2 6637963425886794752|TIC 1817023746",9.75
"CNS5 4720","HD 176029",284.50056763071666,5.908122419933889,"PM*","M1.0V","TIC 227642705|MCC 190|GJ 740|HIP 93101|Gaia DR3 4282578724832056576|PLX 4398|LSPM J1858+0554|ASCC 1068617|UCAC2  33805912|USNO-B1.0 0959-00404377|AG+05 2624|BD+05  3993|Ci 18 2475|Ci 20 1120|G  22-10|G 141-51|GC 26042|GCRV 11412|GEN# +1.00176029|HD 176029|HIC  93101|CNS5 4720|JP11  3054|LFT 1443|LHS   470|LTT 15568|NLTT 47240|PPM 166895|SAO 124104|TYC  461-366-1|UBV   16108|UBV   16109|UBV M  23359|VVO 225|[HFE83] 1247|[RHG95]  2988|uvby98 100176029|2MASS J18580014+0554296|PLX 4398.00|PM 18556+0551|UCAC4 480-090997|PM J18580+0554|Gaia DR1 4282584596048006912|WEB 16126|Gaia DR2 4282578724832056576|** CSN   11A|WDS J18580+0554A|Karmn J18580+059",9.217
"CNS5 4723","CD-48 12818",284.78107517711794,-48.27446201595306,"PM*","M4V","TIC 6727178|GJ 739|HIP 93206|Gaia DR3 6662167868705713664|PLX 4388.1|CD-48 12818|GEN# -0.04812818|HIC  93206|LFT 1442|LHS  3423|LTT  7522|NLTT 47234|CNS5 4723|PM 18553-4819|TYC 8378-2945-1|[RHG95]  2987|2MASS J18590745-4816279|PLX 4392|CF 18398|Ci 20 1119|LPM 691|PLX 4392.00|PLX 4388.10|Smethells 26|UCAC3 84-390774|USNO-B1.0 0417-00767131|DENIS J185907.4-481627|WISEA J185907.61-481633.1|UCAC4 209-171229|PM J18591-4816|Gaia DR2 6662167868705713664|Gaia DR1 6662167864411208064",11.142
"CNS5 4728","LAWD 73",285.0427221831087,70.66428242605278,"WD*","DAP4.5","TIC 229797408|GJ 742|AP J19001024+7039512|Gaia DR3 2262849634963004416|CNS5 4728|PLX 4440|LSPM J1900+7039|NLTT 47348|USNO-B1.0 1606-00125381|2MASS J19001024+7039512|AC +70  8247-0|AC +70  8247|CSI+70-19007|EGGR 129|G 260-15|GEN# +9.80260015|LAWD 73|LFT 1446|LHS  3424|LTT 15585|UBV   16196|USNO 350|WD 1900+706|WD 1900+705|WD 1900+70|uvby98 980260015|PLX 4440.00|WISEA J190010.44+703956.7|[SPB96] 1935|Gaia DR2 2262849634963004416|PM J19001+7039",
"CNS5 474","G 159-3",27.767087137730833,-6.118054597430833,"PM*","M4.5Ve","TIC 24923308|GJ 3119|Gaia DR3 2467732906559754496|2MASS J01510405-0607047|CNS5 474|G 159-3|G 271-166|LHS  1302|NLTT  6192|PM 01485-0622|[RHG95]   336|[GKL99] 47|WISEA J015104.48-060707.8|UCAC4 420-002205|PM J01510-0607|Gaia DR2 2467732906559754496|Karmn J01510-061|1RXS J015105.0-060716",14.49
"CNS5 4746","Ross  730",286.77318590886,20.88803900488139,"PM*","M2.0V","TIC 384491142|GJ 745 A|HIP 93873|Gaia DR3 4519789321942643072|PLX 4451|LSPM J1907+2053|ASCC  800727|UCAC2  39189853|USNO-B1.0 1108-00373266|CCDM J19072+2053A|CSI+20-19050|Ci 20 1129|G 184-48|G 185-3|GAT  153|GCRV 11580|HIC  93873|IDS 19029+2044 A|CNS5 4746|LFT 1449|LHS  3432|LTT 15601|NLTT 47424|PM 19050+2049|Ross  730|TYC 1598-325-1|Zkh 284|[RHG95]  3004|2MASS J19070556+2053168|WISEP J190705.22+205313.4|WDS J19072+2053B|** LDS 1017B|UCAC4 555-082340|PM J19070+2053|Gaia DR1 4519789317615004800|Gaia DR2 4519789321933481856|Karmn J19070+208",10.774
"CNS5 4747","HD 349726",286.8050164601596,20.877016155173056,"PM*","M2V","TIC 384673951|GJ 745 B|HIP 93899|Gaia DR3 4519789081415296128|LSPM J1907+2052|ASCC  800742|UCAC2  39189915|USNO-B1.0 1108-00373509|CSI+20-19051|G 185-4|G 184-49|GAT  154|GCRV 11581|HIC  93899|IDS 19029+2044 B|CNS5 4747|LFT 1450|LHS  3433|LTT 15602|NLTT 47430|PM 19051+2048|Ross  731|TYC 1598-578-1|Zkh 285|[RHG95]  3005|2MASS J19071320+2052372|GAT 1176|WISEP J190712.86+205233.9|WDS J19072+2053A|CCDM J19072+2053B|** LDS 1017A|HD 349726|PM J19072+2052|UCAC4 555-082413|Gaia DR1 4519789077096836480|WEB 16336|WEB 16335|Gaia DR2 4519789081415296128|Karmn J19072+208",10.771
"CNS5 4752","G 207-16",286.929114,32.544917,"**","M3V","TIC 42630152|StKM 2-1401|GJ 747|GJ 747 A|GJ 747 B|Gaia DR3 2042937585610945536|PLX 4459|LSPM J1907+3232|UCAC2  43304362|2MASS J19074283+3232396|USNO-B1.0 1225-00412171|AC +32 54804-0|CSI+32  3326  2|Ci 20 1130|G 207-16|GCRV 11590|L 1499-28|CNS5 4752|LFT 1451|LHS   471|LP  336-6|LTT 15603|NLTT 47437|USNO 351|Zkh 286|[RHG95]  3009|BPM 94000|WDS J19074+3230Ca,Cb|ADS 12061 CD|** KUI   90|CCDM J19075+3231HI|** STF 2461C|WDS J19074+3230C|CSI+32  3326  5|Zkh 287|[RHG95]  3010|PM J19077+3232|WEB 16349|Gaia DR2 2042937585610945536|1RXS J190742.0+323233",11.26
"CNS5 4756","G 207-19",287.1246891732704,32.281003448206945,"PM*","M3V","TIC 42713455|GJ 4098|Gaia DR3 2042871958509344896|LSPM J1908+3216|ASCC  608496|USNO-B1.0 1222-00416086|G 207-19|CNS5 4756|LP  336-4|LTT 15607|NLTT 47458|[RHG95]  3013|2MASS J19082996+3216520|UCAC4 612-067967|PM J19084+3216|Gaia DR2 2042871958509344896|Karmn J19084+322",
"CNS5 4760","G 142-11",287.4619682681029,17.668444861029165,"PM*","M4V","TIC 395665737|GJ 1232|Gaia DR3 4514347014282093312|LSPM J1909+1740|UCAC2  38124113|2MASS J19095098+1740074|USNO-B1.0 1076-00468245|CSI+17-19076|G 142-11|G 185-9|GEN# +9.80142011|JP11  5097|CNS5 4760|L 1283-23|LFT 1454|LHS  3438|LP  452-2|LTT 15611|NLTT 47484|UBV M  42687|USNO  67|[RHG95]  3017|PLX 4466.11|Gaia DR2 4514347014274847744|UCAC4 539-090912|PM J19098+1740|Karmn J19098+176|** CRC   32A|WDS J19098+1740A",
"CNS5 4764","Wolf 1062",288.0608987072861,2.8865106083781003,"**","M3.5V","TIC 228846172|GJ 748|HIP 94349|Gaia DR3 4268226078065241600|** AST    1|PLX 4472|LSPM J1912+0253|ASCC 1159413|UCAC2  32756978|USNO-B1.0 0928-00592352|CSI+02-19096|Ci 20 1136|G  22-18|GCRV 11649|GEN# +6.10010748|GEN# +9.80022018|HIC  94349|TIC 471012036|CNS5 4764|JP11  5193|JP11  5171|LFT 1455|LHS   472|LTT 15619|NLTT 47511|UBV M  42982|USNO 558|Wolf 1062|[RHG95]  3024|2MASS J19121455+0253111|PLX 4472.00|WDS J19121+0254AB|CCDM J19122+0253AB|GCRV 26175|PM J19122+0253|TYC  467-4992-1|WEB 16435|Gaia DR2 4268226078065241600|Karmn J19122+028",11.143
"CNS5 4768","UCAC2  16493854",288.1635598581104,-36.24904558597667,"PM*",,"TIC 254231212|Gaia DR3 6743125631414820224|CNS5 4768|2MASS J19123922-3614555|WISEP J191239.91-361516.4|USNO-B1.0 0537-00751534|DENIS J191239.2-361455|UCAC2  16493854|UCAC3 108-405262|UCAC4 269-178531|Gaia DR2 6743125734489663104|WISE J191239.91-361516.5",
"CNS5 4779","HD 180617",289.23023570363335,5.1689001539355575,"PM*","M3-V","TIC 176188045|AP J19165526+0510086|MCC 65|GJ 752|GJ 752 A|HIP 94761|Gaia DR3 4293318823182081408|PLX 4494|UCAC2  33630690|LSPM J1916+0510|ASCC 1070266|2MASS J19165526+0510086|USNO-B1.0 0951-00432102|2E  4216|8pc 170.26A|AG+05 2703|BD+04  4048|CSI+04  4048  1|Ci 20 1143|DO  5540|G  22-22|G 142-24|GCRV 11733|GEN# +1.00180617A|GSC 00472-01252|HD 180617|HIC  94761|CNS5 4779|JP11  3084|LFT 1466|LHS   473|LTT 15645|NLTT 47619|PPM 167538|Ross  652|TYC  472-1252-1|UBV   16316|UBV M  23632|V* V1428 Aql|VVO  69|Wolf 1055|Zkh 288|[GKL99] 369|[HFE83] 1274|[RHG95]  3037|1E 191429+0505.5|2E 1914.4+0505|WDS J19169+0510A|IRAS 19145+0505|CCDM J19169+0510A|** LDS 6334A|PM 19145+0505|GCRV 69237|PM J19169+0510|UCAC4 476-093846|Gaia DR1 4293318818833464832|WEB 16538|Gaia DR2 4293318823182081408|Karmn J19169+051N",9.115
"CNS5 4780","VB 10",289.2400456449525,5.150444700948055,"PM*","M8V","TIC 176178205|GJ 752 B|Gaia DR3 4293315765165489536|2MASS J19165762+0509021|LSPM J1916+0509|USNO-B1.0 0951-00432259|8pc 170.26B|CSI+04  4048  2|CSV 102917|GEN# +1.00180617B|CNS5 4780|LFT 1467|LHS   474|LTT 15646|NLTT 47621|UBV   16317|USNO 885|V* V1298 Aql|VB 10|Zkh 289|[GKL99] 370|[RHG95]  3038|[B2006] J191657.6+050902|WDS J19169+0510B|CCDM J19169+0510B|** LDS 6334B|WISEA J191657.19+050847.2|Gaia DR2 4293315765165489536|Karmn J19169+051S|WISE J191657.20+050847.6",17.3
"CNS5 4788","EGGR 375",289.74429468823996,38.72263311287,"WD*","DC7","TIC 394178499|PSO J289.7444+38.7216|GJ 1234|Gaia DR3 2052891361294411520|LSPM J1918+3843|UCAC2  45369502|USNO-B1.0 1287-00331267|EGGR 375|G 125-3|G 208-17|GEN# +9.80125003|CNS5 4788|NLTT 47677|UBV M  53763|USNO 177|WD 1917+38|WD 1917+386|2MASS J19185863+3843214|PLX 4523.01|1SWASP J191858.65+384321.8|WISEA J191858.64+384318.8|SDSS J191858.65+384319.9|Gaia DR2 2052891361294411520|PM J19189+3843",
"CNS5 4798","L  923-22",290.1394114439,-7.662153470970002,"PM*","M5V","TIC 3567372|GJ 754.1 B|Gaia DR3 4201781696994082944|CSI-07-19179  2|CNS5 4798|IDS 19152-0751 B|L  923-22|LP  692-15|LTT  7659|NLTT 47691|NSV 11919|UBV   16350|USNO  68|VVO 419|Zkh 292|[RHG95]  3044|uvby98 600107659|2MASS J19203346-0739435|WDS J19206-0740B|** LDS  678B|WISEP J192033.38-073945.4|StKM 2-1405|UCAC2  29177674|UCAC3 165-258096|UCAC4 412-113452|PM J19205-0739|Gaia DR2 4201781696994082944",11.676
"CNS5 4799","LAWD 74",290.14551220396,-7.666684988219999,"WD*","DBQA5","TIC 3567346|GJ 754.1 A|GJ 9653|HIP 95071|Gaia DR3 4201781696994073472|PLX 4519.1|CCDM J19206-0740A|CSI-07-19179  1|EGGR 131|HIC  95071|CNS5 4799|IDS 19152-0751 A|L  923-21|LAWD 74|LP  692-16|LTT  7658|NLTT 47693|NSV 11920|UBV M  43022|UBV   16351|USNO  69|VVO 420|WD 1917-07|WD 1917-077|WD 1917-074|Zkh 291|2MASS J19203492-0739597|WDS J19206-0740A|TYC 5709-698-1|** LDS  678A|UBV M  43021|Gaia DR1 4201781727042370176|Gaia DR2 4201781696994073472",12.29
"CNS5 4800","L  347-14",290.1999346677496,-45.55823431625721,"PM*","M4.5V","TIC 62020444|GJ 754|Gaia DR3 6663600360560306560|PLX 4505|CSI-45-19171|GEN# +9.86347014|L  347-14|LFT 1469|LHS    60|LPM 701|LTT  7652|CNS5 4800|Zkh 290|[RHG95]  3040|PLX 4505.00|2MASS J19204795-4533283|Gaia DR2 6663600360559308672|PM 19171-4537|GCRV 26176|NLTT 47673",12.23
"CNS5 4801","L   22-69",290.2265671854883,-82.55449108155833,"PM*","M3.5V","TIC 369327947|GJ 4102|Gaia DR3 6347643496607835520|L   22-69|LHS   475|LTT  7606|TOI-910|CNS5 4801|[RHG95]  3021|2MASS J19205439-8233170|PM 19092-8238|WISEA J192056.23-823329.0|PM J19209-8233|Gaia DR2 6347643496607835520|NLTT 47504|LFT 1458",12.69
"CNS5 4805","G 185-18",290.4112508149571,20.867579084880553,"PM*","M4.0Ve","TIC 385368233|GJ 1235|Gaia DR3 4516795626657707008|LSPM J1921+2052|UCAC2  39194154|USNO-B1.0 1108-00391604|G 185-18|GEN# +9.80185018|CNS5 4805|L 1355-129|LFT 1471|LHS   476|LP  452-1|LTT 15660|NLTT 47717|UBV M  42690|Zkh 293|[RHG95]  3048|2MASS J19213867+2052028|PLX 4531.03|PM 19195+2047|PM J19216+2052|UCAC4 555-086617|L 1335-129|L 1355-12|USNO 262|Gaia DR2 4516795626642787456|Karmn J19216+208",13.42
"CNS5 4808","G  22-26",290.5086268200758,7.041754067546944,"PM*","M4V","TIC 132021980|GJ 1236|Gaia DR3 4295619138933719808|LSPM J1922+0702|NLTT 47719|2MASS J19220206+0702310|USNO-B1.0 0970-00500913|CSI+06-19196|G 142-28|G  22-26|GEN# +9.80022026|CNS5 4808|L 1139-93|LFT 1472|LHS  3457|LP  572-1|LTT 15661|UBV M  42691|USNO  70|[RHG95]  3049|PLX 4531.02|UCAC4 486-098231|PM J19220+0702|Gaia DR2 4295619138933719808|Karmn J19220+070|** CRC   34A|WDS J19220+0703A",
"CNS5 4815","G 261-6",291.067944454955,75.55329028088306,"PM*","M6V","TIC 420130591|AP J19241634+7533121|GJ 1238|Gaia DR3 2289304297045379456|CNS5 4815|Karmn J19242+755|LSPM J1924+7533|NLTT 47831|2MASS J19241634+7533121|USNO-B1.0 1655-00090679|G 261-6|LHS  3461|LP   25-636|USNO 453|[RHG95]  3060|PLX 4569.01|WISEA J192417.32+753318.0|PM J19242+7533|Gaia DR2 2289304297045379456",
"CNS5 4819","2MASS J19251275+0700362",291.30317234131996,7.010095548,"BD*","L7","TIC 133125017|Gaia DR3 4295524821431807232|CNS5 4819|Gaia DR2 4295524821431807232|2MASS J19251275+0700362|WISEA J192512.77+070038.6|WISE J192512.78+070038.8",
"CNS5 483","HD  11507",28.204885664424165,-22.434857818503612,"PM*","M0V","TIC 266680951|MCC 4|GJ 79|HIP 8768|Gaia DR3 5134635708766250752|PLX  392|Cl* Melotte   25    EGG      10|CNS5 483|1RXS J015249.0-222615|CD-23   693|CPD-23   215|Ci 18  251|Ci 20  132|G 272-114|G 274-109|GC  2280|GCRV  1049|GEN# +1.00011507|HD  11507|HIC   8768|IRAS 01504-2240|JP11   549|LFT  168|LHS  1307|LPM  89|LTT  1005|NLTT  6302|NSV 15399|PM 01504-2241|PPM 244400|SAO 167374|TYC 5858-74-1|UBV    1886|UGP  23|VVO 200|YZ 112   869|Zkh  35|[RHG95]   342|2MASS J01524908-2226055|PLX  392.00|[GKL99] 48|WISEA J015249.82-222605.4|UCAC4 338-002086|PM J01528-2226|Gaia DR1 5134635704470855936|WEB  1847|Gaia DR2 5134635708766250752",8.883
"CNS5 4832","2MASS J19284155+2356016",292.17295430678786,23.93393621721361,"BD*","T6","TIC 369794540|Gaia DR3 2019802555283940608|CNS5 4832|WISE J192841.35+235604.9|EQ J1928+2356|2MASS J19284155+2356016|WISEA J192841.39+235604.5",
"CNS5 4837","WISE J193054.64-205949.1",292.730631125,-20.99391597222222,"BD?",,"WISE J193054.64-205949.1|WISEA J193054.55-205949.4|CNS5 4837",
"CNS5 484","L  294-112",28.214939350117092,-48.094783711842226,"PM*","M4.5","TIC 229152539|Gaia DR3 4941774600386872960|APMPM J0153-4806|L  294-112|LEHPM 1966|LHS  5045|CNS5 484|[SII2000]  46|2MASS J01525159-4805413|RAVE J015251.6-480541|WISEA J015251.03-480543.5|UCAC4 210-001665|PM J01528-4805|Gaia DR2 4941774600386872960|NLTT  6343",
"CNS5 4846","* sig Dra",293.0899592077504,69.66117661255723,"PM*","K0V","TIC 259237827|AP J19322153+6939413|GJ 764|HIP 96100|Gaia DR3 2261614264931057664|CNS5 4846|PLX 4607|LSPM J1932+6939|ASCC   91811|2MASS J19322153+6939413|USNO-B1.0 1596-00153676|* sig Dra|*  61 Dra|2E  4267|8pc 173.41|AG+69  821|BD+69  1053|CCDM J19322+6941A|CSI+69  1053  1|CSV 101868|Ci 20 1161|GAT 1255|GC 27050|GCRV 11981|GEN# +1.00185144|GSC 04448-00084|HD 185144|HIC  96100|HR  7462|IDS 19325+6929 A|IRAS 19325+6933|IRC +70158|JP11  3122|LFT 1486|LHS   477|LTT 15713|NLTT 47961|NSV 12176|PPM  21580|RAFGL 5397S|ROT  2825|SAO  18396|SKY# 36421|SPOCS  846|TD1 25077|TYC 4448-2481-1|UBV M  23958|UBV   16650|USNO 888|Zkh 294|[B10]  5009|uvby98 100185144|PLX 4607.00|1ES 1932+69.5|1RXS J193220.4+693958|2E 1932.5+6933|EUVE J1932+69.6|WDS J19324+6940A|WISEA J193222.79+693922.3|NAME Alsafi|Gaia DR1 2261614294993061120|WEB 16831|Gaia DR2 2261614264930275072",4.68
"CNS5 4864","WISENF J193656.08+040801.2",294.2346692916667,4.137063388888889,"BD?",,"WISENF J193656.08+040801.2|CNS5 4864",
"CNS5 4898","Ross  165A",296.4394265170488,27.125349074666392,"PM*","M4V","GJ 766 A|Gaia DR3 2028065934962125184|CNS5 4898|Ross  165A|** KUI   95A|CCDM J19458+2707A|WDS J19458+2710A|Gaia DR2 2028065934962125184|NAME LSPM J1945+2707NW",
"CNS5 4899","Ross  165B",296.43981932446036,27.125642610818613,"PM*","M4V","GJ 766 B|Gaia DR3 2028065934962124928|CNS5 4899|Ross  165B|** KUI   95B|CCDM J19458+2707B|WDS J19458+2710B|Gaia DR2 2028065934962124928|NAME LSPM J1945+2707SE",
"CNS5 4900","G 125-30",296.4572844450112,32.387128431445845,"PM*","M1.5V","TIC 58085557|AP J19454969+3223132|GJ 4122|HIP 97241|Gaia DR3 2034628782438989440|LSPM J1945+3223|ASCC  616264|USNO-B1.0 1223-00495313|G 125-30|HIC  97241|CNS5 4900|LP  337-3|LTT 15769|NLTT 48212|[LE36] 16|[RHG95]  3102|2MASS J19454969+3223132|PLX 4648.01|TYC 2660-2598-1|CCDM J19458+3223A|WDS J19458+3223A|** HDS 2807A|WISEA J194550.06+322315.7|UCAC4 612-084982|PM J19458+3223|TYC 2660-1460-1|Gaia DR2 2034628782438989440|Gaia DR1 2034628778100458752",10.858
"CNS5 4901","HD 331161A",296.599697563895,32.01706197998333,"PM*","M0.5V","TIC 58338990|Gaia DR3 2034581091118259328|CNS5 4901|GJ 767 A|CCDM J19464+3201A|CSI+31  3767  1|GEN# +1.00331161A|IDS 19425+3147 A|WDS J19464+3201A|TYC 2660-4236-1|LFT 1492|LHS  3482|LSPM J1946+3201|LTT 15771|NLTT 48223|VVO 122|[RHG95]  3103|** KAM    3A|BD+31  3767A|** HEL    3A|Gaia DR2 2034581091118259328|2MASS J19462386+3201021|HD 331161A|Karmn J19463+320",10.22
"CNS5 4902","HD 331161B",296.60092121284083,32.01605078750583,"PM*","M2.5V","TIC 58338979|GJ 767 B|Gaia DR3 2034581091125010048|LSPM J1946+3200|ASCC  616402|BD+31  3767B|CCDM J19464+3201B|CSI+31  3767  2|GCRV 69857|IDS 19425+3147 B|LFT 1493|LHS  3483|CNS5 4902|LTT 15772|NLTT 48224|USNO 456|VVO 123|[RHG95]  3104|WDS J19464+3201B|TYC 2660-4236-2|** HEL    3B|** KAM    3B|UCAC2  43150727|UCAC3 245-194050|Gaia DR2 2034581091118257920|2MASS J19462414+3200585|HD 331161B|WEB 17096|Karmn J19464+320",11.03
"CNS5 4908","G 125-34",297.17004431359,35.92145641135999,"PM*","M3.5V","TIC 59705241|Gaia DR3 2047690533883897856|LSPM J1948+3555|USNO-B1.0 1259-00355492|G 125-34|CNS5 4908|NLTT 48283|2MASS J19484080+3555178|WISEA J194840.85+355514.2|UCAC4 630-081042|PM J19486+3555|Gaia DR2 2047690533883897856",
"CNS5 4912","* alf Aql",297.69582729638694,8.868321196436963,"dS*","A7Vn","TIC 70257116|GJ 768|HIP 97649|PLX 4665|LSPM J1950+0852|ASCC 1075038|USNO-B1.0 0988-00511792|* alf Aql|*  53 Aql|2E  4294|8pc 194.44|ADS 13009 A|AG+08 2636|BD+08  4236|CCDM J19508+0852A|CSI+08  4236  1|Ci 20 1169|FK5  745|GAT  549|GC 27470|GCRV 12193|GEN# +1.00187642|HD 187642|HIC  97649|HR  7557|IDS 19459+0836 A|TIC 471012052|IRAS 19483+0844|IRC +10441|JP11  3142|CNS5 4912|LFT 1499|LHS  3490|LTT 15795|N30 4388|NAME Altair|NLTT 48314|NSV 24910|PM 19484+0844|PMC 90-93   530|PPM 168779|RAFGL 2463|ROT  2857|SAO 125122|SKY# 37134|TD1 25537|UBV M  24205|UBV   16885|USNO 891|Zkh 297|uvby98 100187642|2MASS J19504698+0852060|PLX 4665.00|1ES 1948+08.7|2E 1948.3+0844|1RXS J195047.0+085159|WDS J19508+0852A|TYC 1058-3399-1|GSC 01058-03399|V* alf Aql|AKARI-FIS-V1 J1950472+085209|2XMMi J195047.1+085208|WEB 17173",0.76
"CNS5 4915","G 208-42",297.7888358221621,46.48339272493889,"PM*","M4.0Ve","TIC 273589987|AP J19510930+4628598|LAMOST J195109.37+462901.2|GJ 1243|Gaia DR3 2080285727861817088|CNS5 4915|LSPM J1951+4629|USNO-B1.0 1364-00333000|G 208-42|NLTT 48343|USNO 457|[GKL99] 376|[RHG95]  3113|2MASS J19510930+4628598|PLX 4685.01|1RXS J195109.4+462854|HAT 155-01856|WISEA J195109.50+462903.0|UCAC4 683-075562|PM J19511+4629|Gaia DR2 2080285727861817088|Karmn J19511+464|KIC 9726699",
"CNS5 4916","PM J19515-3510A",297.89928939502124,-35.17707716390639,"PM*",,"Gaia DR3 6746465363623545984|CNS5 4916|Gaia DR2 6746465363619405696|PM J19515-3510A|** NSN  488A|WDS J19516-3511A",
"CNS5 4917","PM J19515-3510B",297.8999293399896,-35.17722897312667,"PM*",,"Gaia DR3 6746465363619405824|CNS5 4917|Gaia DR2 6746465363619405824|PM J19515-3510B|** NSN  488B|WDS J19516-3511B",
"CNS5 4921","G 208-45",298.4797520974621,44.41504090445889,"LM*","M6V","TIC 274127413|GJ 1245 B|LAMOST J195355.01+442453.6|Gaia DR3 2079073928612821760|CNS5 4921|2MASS J19535508+4424550|8pc 220.20B|G 208-45|GEN# +9.80208045|LHS  3495|NLTT 48415|USNO 354|USNO 893|Zkh 299|[RHG95]  3121|LSPM J1953+4424E|WDS J19539+4425B|** GIC  159B|PMSC 19506+4410B|Gaia DR2 2079073928612821760|UCAC4 673-080524|PM J19539+4424E|Karmn J19539+444E|KIC 8451881",13.99
"CNS5 4923","HD 188088",298.57393725612667,-23.941072047534444,"BY*","K3VaCN1","TIC 241967968|StKM 2-1422|IDS 19483-2411 A|GJ 770|HIP 97944|Gaia DR3 6863535898551993472|CABS 171|PLX 4686|SBC9 1182|CCABS 139|CD-24 15668|CPD-24  6848|** ALP   33A|CSI-24 15668 21|Ci 20 1172|GC 27542|GCRV 12238|GEN# +1.00188088|HD 188088|HIC  97944|CNS5 4923|HR  7578|IRAS 19512-2404|LTT  7861|N30 4399|NLTT 48390|PMC 90-93  6604|PPM 270417|SAO 188692|SKY# 37280|UBV M  24240|UBV   16923|UGP 479|V* V4200 Sgr|YZ 114 13860|[GKL99] 377|uvby98 100188088|2MASS J19541775-2356275|PLX 4686.00|1RXS J195417.7-235628|EUVE J1954-23.9|WDS J19543-2356A|TYC 6891-1773-1|UCAC4 331-202951|WEB 17233|Gaia DR2 6863535898551993472",6.213
"CNS5 4925","HD 188088B",298.58600412538664,-23.944597681541392,"PM*","M5","TIC 209128811|Gaia DR3 6863536001631204608|WDS J19543-2356C|** ALP   33C|CNS5 4925|UCAC3 133-459762|2MASS J19542064-2356398|HD 188088B|DENIS J195420.6-235641|Gaia DR2 6863536001631204608",
"CNS5 4929","* bet Aql",298.8283035123829,6.406764233985,"PM*","G8IV","TIC 375621179|RAVE J195518.8+062424|* bet Aql A|GJ 771 A|HIP 98036|Gaia DR3 4296708789290712064|PLX 4705|LSPM J1955+0624|TYC  493-3355-1|ASCC 1075789|USNO-B1.0 0964-00506982|*  60 Aql|* bet Aql|ADS 13110 A|AG+06 2617|BD+06  4357|CCDM J19553+0625A|CSI+06  4357  1|CSV 101909|Ci 20 1173|EIC   799|FK5  749|GC 27587|GCRV 12266|HD 188512|HIC  98036|HR  7602|IDS 19504+0609 A|IRAS 19528+0616|IRC +10444|JP11  3155|CNS5 4929|LTT 15822|N30 4405|NAME Alshain|NLTT 48429|NSV 12557|PMC 90-93   532|PPM 168947|RAFGL 5442S|ROT  2879|SAO 125235|SKY# 37325|SPOCS  864|TD1 25691|UBV M  24287|UBV   16978|YZ   6  9667|[B10]  5093|[HFE83] 1326|2MASS J19551878+0624238|1RXS J195518.8+062440|WDS J19553+0624A|uvby98 100188512|** STT  532A|WEB 17267|Gaia DR2 4296708789289486080|GEN# +1.00188512",3.71
"CNS5 4930","* bet Aql B",298.8284442157041,6.4104129312869444,"PM*","M3","GJ 771 B|Gaia DR3 4296708789289490816|ADS 13110 B|BD+06  4357B|CCDM J19553+0625B|CSI+06  4357  2|IDS 19504+0609 B|TIC 1905567081|CNS5 4930|[RHG95]  3124|WDS J19553+0624B|** STT  532B|HD 188512B|* bet Aql B|Gaia DR2 4296708789289490816",11.4
"CNS5 4935","LAWD 79",299.12177640662907,-1.042408630630278,"WD*","DA6.4","TIC 251903434|GJ 772|Gaia DR3 4235280071072332672|PLX 4709|2MASS J19562925-0102317|CSI-01-19539|EGGR 135|G  92-40|GEN# +9.80092040|GEN# +6.10010772|CNS5 4935|JP11  5173|L  997-21|LAWD 79|LFT 1503|LHS  3501|LP  634-1|LPM 714|LTT  7879|NLTT 48454|UBV   16993|UBV M  42985|USNO 183|WD 1953-011|WD 1953-01|uvby98 980092040|PLX 4709.00|Gaia DR2 4235280071072332672|GCRV 21671|** WSI  118A|WDS J19565-0103A|UCAC4 445-120388|SDSS J195629.08-010236.0|SDSS J195629.08-010235.9",13.56
"CNS5 4944","2MASS J19590564-3338314",299.77353800000003,-33.642067,"BD*","T8","TIC 211252012|WISEA J195905.64-333833.8|CNS5 4944|WISEP J195905.66-333833.7|EQ J1959-3338|WISE J195905.65-333833.5|2MASS J19590564-3338314",
"CNS5 4948","LSR J2000+3057",300.02374404458584,30.958916345655556,"PM*","M6Ve","TIC 103245015|AP J20000565+3057300|Gaia DR3 2030861099681010304|LSPM J2000+3057|2MASS J20000565+3057300|USNO-B1.0 1209-00450341|CNS5 4948|LSR J2000+3057|Gaia DR2 2030861099681010304|WISEA J200006.00+305745.6",15.6
"CNS5 4953","2MASS J20005017+3629465",300.209069,36.496262,"BD*","T8","TIC 355912690|CNS5 4953|WISE J200050.19+362950.1|2MASS J20005017+3629465|WISEA J200050.19+362950.1",
"CNS5 4960","HD 190007",300.69602369329,3.3261849733899997,"BY*","K5V","TIC 345217789|GJ 775|HIP 98698|Gaia DR3 4247023886053586304|PLX 4746|LSPM J2002+0319|ASCC 1164906|USNO-B1.0 0933-00588224|AG+03 2590|BD+02  4076|GC 27782|GCRV 12394|GEN# +1.00190007|GSC 00498-02720|HD 190007|HIC  98698|IRAS 20002+0310|CNS5 4960|PPM 169210|SAO 125379|SKY# 37627|TYC  498-2720-1|UBV M  24426|V* V1654 Aql|YZ   3  6958|[GKL99] 381|uvby98 100190007|2MASS J20024703+0319344|PLX 4746.00|2EUVE J2002+03.3|EUVE J2002+03.3|1RXS J200247.3+031928|Gaia DR1 4247023881746866176|WEB 17476|Gaia DR2 4247023886053586304",
"CNS5 4964","G  23-24",300.9624853231992,5.995621778836389,"PM*","M2.5V","TIC 345472607|GJ 1248|Gaia DR3 4248817876711932416|LSPM J2003+0559|NLTT 48648|2MASS J20035098+0559440|USNO-B1.0 0959-00509720|G  24-1|G  92-50|G  23-24|GEN# +9.80023024|CNS5 4964|LHS  3511|LTT 15866|UBV M  53480|USNO 458|[RHG95]  3147|PLX 4754.01|TYC  506-704-1|WISEA J200350.64+055935.8|UCAC4 480-118609|PM J20038+0559|Gaia DR2 4248817876711932416",
"CNS5 4967","L  115-22",301.00811072846835,-65.59948807513445,"PM*","M3.5V","TIC 351339273|GJ 774 B|Gaia DR3 6427708902552813824|CCDM J20040-6536B|CSI-65-19593  2|IDS 19546-6558 B|L  115-22|LFT 1510|LHS  3512|LPM 718|LTT  7913|CNS5 4967|[RHG95]  3140|WDS J20040-6541B|2MASS J20040195-6535586|UCAC3 49-374675|** I 1411B|DENIS J200401.8-653556|RAVE J200401.9-653557|Gaia DR2 6427708902552813824|GCRV 26179|PM J20040-6535|UCAC4 123-178059|NLTT 48582",
"CNS5 4968","L  115-21",301.0197592737383,-65.60033128898667,"PM*","M5V","TIC 351339274|GJ 774 A|HIP 98811|Gaia DR3 6427708902553822592|PLX 4734|CCDM J20040-6536A|CSI-65-19593  1|Ci 20 1178|GEN# +9.86115021|GSC 09094-00221|HIC  98811|IDS 19546-6558 A|L  115-21|LFT 1509|LHS  3513|LPM 717|LTT  7912|CNS5 4968|V* V375 Pav|[RHG95]  3139|WDS J20040-6541A|Smethells 48|2MASS J20040474-6536016|UCAC3 49-374679|** I 1411A|DENIS J200404.6-653559|Gaia DR2 6427708902548969216|GCRV 26178|UCAC4 123-178062|PM J20040-6536|PLX 4734.00|NLTT 48581",11.33
"CNS5 4994","* del Pav",302.1817036316884,-66.18206743589695,"PM*","G8IV","TIC 409891396|GALAH 140713003901146|GJ 780|HIP 99240|Gaia DR3 6427464123776727168|PLX 4754|* del Pav|CD-66  2367|CPC 21  4651|CPD-66  3474|CSV   8399|Ci 20 1187|FK5  754|GC 27886|GCRV 12460|GEN# +1.00190248|HD 190248|HIC  99240|HR  7665|JP11  3170|LFT 1520|LHS   485|LPM 722|LTT  7946|N30 4444|NLTT 48721|NSV 12790|CNS5 4994|PM 20038-6619|PPM 364428|SAO 254733|SKY# 37891|SPOCS  876|TD1 25955|TYC 9098-1918-1|UBV   17142|UBV M  24445|Zkh 300|uvby98 100190248|2MASS J20084376-6610563|PLX 4754.00|1E 2003.9-6620|WEB 17675|Gaia DR2 6427464325637241728",3.56
"CNS5 4995","SCR J2009-0113",302.32603214117245,-1.2273091152808335,"PM*","M5.0V","TIC 243800364|WISE J200918.22-011342.0|Gaia DR3 4223813264304668288|CNS5 4995|2MASS J20091824-0113377|SCR J2009-0113|WISEA J200918.21-011342.2|UCAC4 444-118477|PM J20093-0113|Gaia DR2 4223813264304668288|Karmn J20093-012",14.45
"CNS5 5008","HD 191408",302.7997448709225,-36.10120881266862,"PM*","K2.5V","GJ 783 A|HIP 99461|Gaia DR3 6697578465310949376|TIC 1991380115|PLX 4782|CD-36 13940|CPC 18 10466|CPD-36  9037|CSI-36 13940 21|Ci 20 1194|GC 27992|GCRV 12521|GSC 07453-01391|HD 191408|HIC  99461|CNS5 5008|HR  7703|JP11  3179|LFT 1529|LHS   486|LPM 728|LTT  7988|N30 4456|NLTT 48832|PPM 299890|SAO 211885|SKY# 38003|SPOCS  878|TYC 7453-1391-1|UBV   17344|UBV M  24546|Zkh 301|CSI-36 13940 22|UCAC4 270-191664|CCDM J20112-3605A|** HJ 5173A|GEN# +1.00191408|uvby98 100191408|IDS 20046-3621 A|WDS J20112-3606A|WEB 17772|Gaia DR2 6697578465310949376",5.32
"CNS5 5012","CWISEP J201146.45-481259.7",302.94339762499993,-48.214789888888895,"BD?",,"CWISEP J201146.45-481259.7|CNS5 5012",
"CNS5 5017","HD 191849",303.4724843743875,-45.16401959745389,"PM*","M0V","TIC 129276723|GJ 784|HIP 99701|Gaia DR3 6673000841376349696|PLX 4794|CD-45 13677|CPC  0 18682|CPD-45  9899|Ci 20 1196|GC 28057|GCRV 70578|GEN# +1.00191849|HD 191849|HIC  99701|IRAS 20103-4518|JP11  3184|LFT 1532|LHS  3531|LPM 730|LTT  7999|NLTT 48880|NSV 25053|CNS5 5017|PM 20103-4519|PPM 325963|SAO 230110|SKY# 38116|TYC 8392-2673-1|UBV   17412|UBV M  24589|UGP 492|Zkh 303|[CS62] E8  61|[RHG95]  3174|uvby98 100191849|2MASS J20135335-4509506|PLX 4794.00|1RXS J201352.2-451005|Smethells 50|UCAC3 90-413875|USNO-B1.0 0448-00768195|UCAC4 225-185571|PM J20138-4509|WEB 17880|Gaia DR2 6673000841376349696",7.966
"CNS5 5023","HD 192310",303.8224640668642,-27.032975451495552,"PM*","K2+V","TIC 326096771|GJ 785|HIP 99825|Gaia DR3 6847167606385195648|PLX 4804|CD-27 14659|CPD-27  6972|CSV 101960|Ci 20 1199|GC 28104|GCRV 12602|GEN# +1.00192310|HD 192310|HIC  99825|CNS5 5023|HR  7722|JP11  3189|LFT 1535|LHS   488|LPM 731|LTT  8009|NLTT 48922|NSV 12933|PM 20122-2711|PPM 270900|SAO 189065|SKY# 38183|SPOCS  883|SRS  16011|SV* ZI  1887|TYC 6914-1943-1|UBV   17468|UBV M  24622|YZ 117 13321|Zkh 304|[B10]  5180|uvby98 100192310|2MASS J20151734-2701585|PLX 4804.00|UCAC3 126-552289|DENIS J201517.4-270159|Gaia DR2 6847167606385195648|AKARI-IRC-V1 J2015180-270200|IRAS 20122-2711|WISEA J201518.38-270200.4|WEB 17937",5.723
"CNS5 5033","WISE J201824.97-742327.5",304.6047099999999,-74.39162200000001,"BD*","T7","WISEA J201824.99-742327.9|CNS5 5033|WISEP J201824.98-742326.1|WISEP J201824.96-742325.9|EQ J2018-7423|WISE J201824.97-742327.5",
"CNS5 5035","WISE J201920.76-114807.5",304.83539974999997,-11.801913083333334,"BD*","T8:","WISEA J201920.75-114807.5|CNS5 5035|WISE J201920.76-114807.5|EQ J2019-1148",
"CNS5 5050","Wolf 1069",306.52209221231004,58.5729667824925,"PM*","dM5.0","TIC 352617553|GJ 1253|Gaia DR3 2188318517720321664|CNS5 5050|LSPM J2026+5834|NLTT 49289|2MASS J20260528+5834224|USNO-B1.0 1485-00283617|Ci 20 1209|G 230-40|LFT 1550|LHS  3549|LTT 15977|USNO 462|Wolf 1069|Zkh 305|[RHG95]  3195|PLX 4870.01|WISEA J202605.65+583428.4|PM J20260+5834|UCAC4 743-065956|Gaia DR2 2188318517720321664|Karmn J20260+585",
"CNS5 5056","L   46-96",307.0155372675908,-76.67107130139945,"PM*","M4.5V","TIC 331681541|GJ 1251|Gaia DR3 6363251682639715968|GEN# +9.86046096|L   46-96|LEHPM 3958|LFT 1545|LHS   493|LTT  8075|CNS5 5056|[RHG95]  3190|2MASS J20280382-7640164|PM 20216-7650|GCRV 26182|PM J20280-7640|Gaia DR2 6363251682639715968|NLTT 49188",13.81
"CNS5 5064","G  24-16",307.4513246532652,9.689052918565,"Er*","M4.5V","TIC 374416052|GJ 791.2|GJ 791.2 B|Gaia DR3 1752805741531173632|LSPM J2029+0941|NLTT 49339|2MASS J20294834+0941202|USNO-B1.0 0996-00559739|2E  4369|CSI+09-20274|G 144-8|G  24-16|GEN# +9.80024016|JP11  5099|CNS5 5064|LHS  3556|LTT 15983|PM 20274+0931|UBV   17774|UBV M  53482|USNO  78|V* HU Del|Zkh 306|[GKL99] 385|[RHG95]  3198|PLX 4874.01|1RXS J202947.8+094118|2E 2027.3+0931|2EUVE J2029+09.7|EUVE J2029+09.7|EUVE J2029+09.6|CCDM J20298+0941AB|WDS J20298+0941AB|** AST    2|WISEP J202948.79+094121.5|Zkh 307|GJ 791.2 A|WISEA J202948.79+094121.5|UCAC4 499-131384|PM J20298+0941|Gaia DR2 1752805741531173632|Karmn J20298+096",
"CNS5 5067","G 262-15",307.6335224872163,65.44955871051779,"PM*","M3V","TIC 467254810|AP J20303207+6526586|MCC 820|StKM 2-1452|GJ 793|Gaia DR3 2246206567973292160|CNS5 5067|PLX 4889|LSPM J2030+6526|ASCC   93396|2MASS J20303207+6526586|USNO-B1.0 1554-00210364|8pc 125.62|AC +65  6995-0|AC +65  6955|AC +65  6955-0|CSI+65-20298|Ci 20 1213|G 262-15|GCRV 12836|GPM 307.619391+65.445848|GPM1 849|HIC 101180|HIP 101180|LFT 1552|LHS  3558|LTT 15991|NLTT 49417|TYC 4241-32-1|UBV M  42987|VVO 322|Zkh 308|[RHG95]  3203|PLX 4889.00|1RXS J203031.8+652700|VVO 323|PLX 4889.01|IRAS 20299+6516|AKARI-IRC-V1 J2030325+652700|WISEA J203032.84+652701.4|UCAC4 778-038772|PM J20305+6526|Gaia DR1 2246207285229602048|WEB 18276|Gaia DR2 2246206567973292160|Karmn J20305+654",
"CNS5 5068","2MASS J20304235+0749358",307.67637635280545,7.82660532637389,"BD*","T1.5","TIC 374469464|Gaia DR3 1749030362195988096|CNS5 5068|2MASS J20304235+0749358|WISE J203042.79+074934.7|PSO J307.6784+07.8236|EQ J2030+0749|WISEA J203042.80+074934.5|PSO J307.6784+07.8263|Gaia DR2 1749030362195988096",
"CNS5 509","Ross   15",29.84797376634792,58.52114009383694,"PM*","M4Ve","TIC 445501347|GJ 82|HIP 9291|Gaia DR3 505516521175942784|CNS5 509|2MASS J01592349+5831162|PLX  408|LSPM J0159+5831|TYC 3696-108-1|ASCC  166730|USNO-B1.0 1485-00066126|CSI+58-01559|CSV 102364|G 219-30|G 220-4|G 244-45|HIC   9291|LTT 10672|NLTT  6603|NSV   684|Ross   15|V* V596 Cas|[KW97]  8-56|[RHG95]   350|PLX  408.00|1RXS J015922.2+583124|[GKL99] 49|WISEA J015923.92+583114.1|UCAC4 743-019042|PM J01593+5831|Gaia DR1 505516482508097536|Gaia DR2 505516521175942784|Karmn J01593+585",12.155
"CNS5 5097","G 144-25",310.14109688501793,15.499647239268329,"PM*","M4.5V","TIC 340807280|GJ 1256|Gaia DR3 1810616448010879488|2MASS J20403364+1529572|LSPM J2040+1529|USNO-B1.0 1054-00588142|[RHG95]  3224|Zkh 309|USNO  80|UBV M  53805|NLTT 49676|LHS   495|GEN# +9.80144025|G 144-25|CSI+15-20382|TIC 471011181|CNS5 5097|PLX 4929.11|Gaia DR2 1810616448010879488|PM 20382+1519|WISEA J204034.83+153005.8|PM J20405+1529|Karmn J20405+154",13.41
"CNS5 51","GAT 1367",2.8825836652983323,59.14441223740833,"PM*","M6.0V","TIC 452882423|Gaia DR3 423027104407576576|CNS5 51|2MASS J00113182+5908400|GAT 1367|LSPM J0011+5908|LSR J0011+5908|USNO-B1.0 1491-00005115|PM J00115+5908|WISEA J001130.57+590827.5|Gaia DR2 423027104407576576|Karmn J00115+591",15.68
"CNS5 510","G   3-33",30.053984665969573,13.051944602566945,"PM*","M4.5V","TIC 404715018|AP J02001278+1303112|GJ 83.1|GJ 9066|Gaia DR3 76868614540049408|LSPM J0200+1303|UCAC2  36403434|2MASS J02001278+1303112|USNO-B1.0 1030-00025765|2E   510|8pc 224.80|CNS5 510|CSI+12-01575|G   3-33|G  73-12|GSC 00629-01255|TIC 471011166|JP11  5196|L 1159-16|LFT  171|LHS    11|LP  469-42|LTT 10681|NLTT  6690|PM 01575+1250|UBV M  43000|USNO 109|V* TZ Ari|Zkh  36|[GS83]  70|[R78b]  95|[RHG95]   358|PLX  412.02|1RXS J020012.5+130317|2E 0157.5+1249|RX J0200.2+1303|[ZEH2003] RX J0200.2+1303  1|[GKL99] 52|WISEA J020013.74+130248.6|UCAC4 516-003340|PM J02002+1303|Gaia DR2 76868614540049408|Karmn J02002+130",12.298
"CNS5 5103","V* AT Mic A",310.4630337216767,-32.43518257840971,"PM*","M4.5Ve","GJ 799 A|Gaia DR3 6792436799475128960|CNS5 5103|WDS J20452-3120B|HD 196982A|CD-32 16135A|[GKL99] 387|[RHG95]  3229|GCRV 12960|Zkh 311|NLTT 49690|LTT  8181|TYC 7460-137-1|V* AT Mic A|** LDS  720B|UCAC3 116-482911|UCAC4 288-220956|PM J20418-3226|Gaia DR2 6792436799475128960|TIC 1992325965",11.34
"CNS5 5104","V* AT Mic B",310.4631677013837,-32.43617522686639,"PM*","M4.5Ve","GJ 799 B|Gaia DR3 6792436799477051904|CD-32 16135B|GCRV 12961|CNS5 5104|LTT  8182|NLTT 49691|TYC 7460-137-2|Zkh 312|[RHG95]  3230|WDS J20452-3120C|HD 196982B|[GKL99] 388|V* AT Mic B|UCAC4 288-220955|** LDS  720C|WEB 18479|Gaia DR2 6792436799477051904|TIC 1992325967",11.34
"CNS5 5105","HD 196877",310.57826225952454,-52.69926454422277,"PM*","K7V","TIC 100670109|GJ 798|GJ 798.0|Gaia DR3 6471497502884511232|PLX 4924|CD-53  8617|CPD-53  9928|Ci 20 1221|GCRV 71275|GEN# +1.00196877|HD 196877|HIC 102186|HIP 102186|JP11  3263|LFT 1561|LHS   496|LPM 745|LTT  8183|NLTT 49687|CNS5 5105|UBV   17925|UGP 501|[RHG95]  3228|2MASS J20421878-5241572|PLX 4924.00|Smethells 63|UCAC3 75-433839|USNO-B1.0 0373-01096071|TYC 8791-434-1|PM 20386-5252|WEB 18488|Gaia DR2 6471497502884511232",8.82
"CNS5 511","L  173-19",30.159534584779998,-55.96795135746,"PM*","M2.0Ve","TIC 231055581|Gaia DR3 4719430087707860736|2MASS J02003830-5558047|GSC 08485-00936|L  173-19|NLTT  6772|CNS5 511|RAVE J020038.3-555805|Gaia DR2 4719430083410927232",12.9
"CNS5 5124","LSPM J2044+1517",311.1561682891862,15.292994876220835,"LM*","M7.5","TIC 341162242|Gaia DR3 1762523981210977664|2MASS J20443743+1517352|USNO-B1.0 1052-00597633|CNS5 5124|LSPM J2044+1517|WISEA J204437.70+151733.1|Gaia DR2 1762523981210977664",
"CNS5 5127","BD+44  3567",311.2670801868708,44.499068094268345,"PM*","M2V","TIC 239332587|GJ 806|Gaia DR3 2070115588901082368|CNS5 5127|PLX 4951|LSPM J2045+4429|ASCC  436187|UCAC2  46961244|USNO-B1.0 1344-00401190|AC +44   871|BD+44  3567|CCDM J20451+4430A|CSI+44-20433|Ci 20 1228|G 209-41|GCRV 13011|GEN# +6.10010806|HIC 102401|HIP 102401|TOI-4481|JP11  5177|LFT 1568|LHS  3577|LTT 16068|NLTT 49843|NSV 13280|TYC 3178-633-1|USNO 897|[RHG95]  3247|p. Pulk 40|2MASS J20450403+4429562|PLX 4951.00|WISEA J204504.52+442959.4|UCAC4 673-089122|PM J20450+4429|Gaia DR1 2070115584598613632|WEB 18540|Gaia DR2 2070115588901082368|Karmn J20450+444",10.704
"CNS5 5128","HD 197481",311.28971873921626,-31.34089941384472,"BY*","M1VeBa1","MCC 824|GJ 803|Gaia DR3 6794047652729201024|TYC 7457-641-1|2MASS J20450949-3120266|PLX 4939|WDS J20452-3120A|2E  4416|1AXG J204508-3119|2E 2042.0-3131|2RE J2045-312|2RE J204510-312000|CCDM J20451-3122A|CD-31 17815|CPC 17 11323|CPD-31  6335|Ci 20 1225|GCRV 12995|GEN# +1.00197481|HD 197481|HIC 102409|CNS5 5128|HIP 102409|IDS 20390-3142 A|LTT  8214|NLTT 49807|PPM 300560|RBS  1695|RE J2045-312|RE J204509-312004|SAO 212402|UBV   17963|UGP 505|V* AU Mic|Zkh 310|[FS2003] 1089|[GKL99] 394|[L91b] 329|[RHG95]  3241|Karmn J20451-313|PLX 4939.00|1RXS J204509.4-312023|2EUVE J2045-31.3|EUVE J2045-31.3|RX J2045.2-3120|1SWASP J204509.52-312027.2|ASAS J204510-3120.4|ASAS J204509-3120.3|AKARI-IRC-V1 J2045097-312029|IRAS 20420-3131|WISE J204509.76-312030.9|IRAS F20420-3131|WISEA J204509.75-312030.9|** LDS  720A|UCAC4 294-224065|PM J20451-3120|WEB 18541|Gaia DR2 6794047652729201024|TIC 441420236|TOI-2221",8.627
"CNS5 513","G 244-47",30.397252983879998,63.769999279580006,"PM*","M2.5V","TIC 374029463|GJ 3126|Gaia DR3 514923083669786112|CNS5 513|2MASS J02013533+6346118|LSPM J0201+6346|USNO-B1.0 1537-00070900|G 244-47|NLTT  6724|TYC 4041-1365-1|[RHG95]   359|PLX  412.01|UCAC4 769-016288|PM J02015+6346|Gaia DR1 514923079364105728|Gaia DR2 514923083661893632|Karmn J02015+637",
"CNS5 5135","L   23-30",311.65444511030375,-81.72045688230529,"PM*","M2.5V","TIC 401667290|GJ 4154|Gaia DR3 6349094336559890944|L   23-30|LHS  3583|LTT  8178|CNS5 5135|[RHG95]  3223|2MASS J20463725-8143141|RAVE J204637.3-814314|WISEA J204639.66-814319.2|UCAC4 042-016425|PM J20466-8143|Gaia DR2 6349094336559890944|NLTT 49675|PM 20381-8154|LFT 1559",
"CNS5 515","G 245-40",30.47567747245,73.54213555878,"**","M4.5Ve","TIC 137161861|GJ 3125|Gaia DR3 558611490995613056|CNS5 515|2MASS J02015400+7332320|GAT 1369|LSPM J0201+7332|ASCC    7011|USNO-B1.0 1635-00025511|G 245-40|GEN# +9.80245040|LP   30-55|NLTT  6687|[RHG95]   357|[GKL99] 51|WISEA J020154.75+733230.8|UCAC4 818-005841|PM J02019+7332|** JNN  252|WDS J02019+7332AB|1RXS J020153.3+733251",14.064
"CNS5 5150","PM J20502-3424",312.5673328159029,-34.41183300193334,"PM*","M5e","TIC 89257479|Gaia DR3 6779821003058453120|CNS5 5150|2MASS J20501615-3424424|PM J20502-3424|WISEA J205016.44-342445.7|UCAC4 278-227158|Gaia DR2 6779821003058453120",13.88
"CNS5 516","LP  469-67",30.567679164682914,10.33720493150611,"LM*","M5.5V","TIC 347509900|GJ 3128|Gaia DR3 2571094283835172736|LSPM J0202+1020|NLTT  6802|2MASS J02021620+1020136|USNO-B1.0 1003-00018076|CNS5 516|LHS  1326|LP  469-67|USNO 693|[RHG95]   363|PLX  420.01|WISEP J020215.77+102011.1|WISEA J020215.75+102010.8|UCAC4 502-002930|PM J02022+1020|Gaia DR2 2571094283835172736|Karmn J02022+103",
"CNS5 5161","LP  816-60",313.13756918394324,-16.974723133873056,"PM*","M4V","TIC 262016943|Gaia DR3 6882963066420161664|CNS5 5161|WISEA J205232.80-165828.7|TYC 6348-400-1|PM J20525-1658|UCAC4 366-181531|8pc 182.15|HIC 103039|HIP 103039|LP  816-60|NLTT 50038|2MASS J20523304-1658289|Gaia DR2 6882963066420161664|Karmn J20525-169",11.458
"CNS5 5164","HD 199305",313.3324538386721,62.154393683718055,"PM*","M1.0V","TIC 365670764|AP J20531977+6209156|Karmn J20533+621|Gaia DR3 2195886971653527168|CNS5 5164|8pc 141.95|PLX 5012|LSPM J2053+6209|TYC 4251-655-1|ASCC  143946|AG+61 1227|BD+61  2068|CCDM J20532+6210A|CSI+61  2068  1|Ci 18 2707|Ci 20 1238|DO 38993|G 231-19|G 262-30|GCRV 13127|GEN# +1.00199305|HD 199305|HIC 103096|HIP 103096|IDS 20513+6148 A|IRAS 20522+6158A|JP11  3294|LFT 1580|LHS  3595|LTT 16113|MCC 199|NLTT 50124|PPM  22451|UBV   18110|UBV M  25276|VVO 109|Zkh 314|[HFE83] 1402|[RHG95]  3263|2MASS J20531977+6209156|USNO-B1.0 1521-00338444|PLX 5012.00|1RXS J205319.0+620928|WDS J20533+6209A|GJ 809|** BUP  219A|WISEA J205319.80+620907.8|UCAC4 761-057971|PM J20533+6209|Gaia DR1 2195886967353517312|WEB 18720|Gaia DR2 2195886971653527168",
"CNS5 5166","G  25-8",313.3877672345108,10.617278720278614,"PM*","M5V","TIC 375814255|GJ 4169|Gaia DR3 1750765357185849856|LSPM J2053+1037|NLTT 50083|2MASS J20533304+1037020|USNO-B1.0 1006-00587015|G  25-8|CNS5 5166|LHS  3593|PM 20512+1026|USNO 764|[RHG95]  3261|PLX 4997.01|WISEA J205332.71+103657.4|UCAC4 504-135113|PM J20535+1037|Gaia DR2 1750765357185849856|Karmn J20535+106",
"CNS5 5172","LP  756-18",313.90464701123545,-14.06524406630556,"PM*","M4.5V","Karmn J20556-140S|GJ 810 B|Gaia DR3 6887025727524300416|PM J20556-1403|CNS5 5172|RAVE J205535.9-140349|2MASS J20553706-1403545|CSI-14-20528  2|L  856-54 B|LFT 1583|LHS   500|LP  756-18|LTT  8282|[RHG95]  3266|WDS J20555-1400B|PM 20528-1415|WISEA J205538.14-140359.8|** LDS 6418B|Gaia DR2 6887025727524300416|NLTT 50147",14.63
"CNS5 5173","LP  756-19",313.90729260325327,-14.035556131335278,"SB*","M4V","TIC 206169474|GJ 810 A|Gaia DR3 6887029163498137856|GJ 810 a|PLX 4999|CSI-14-20528  1|CNS5 5173|L  856-54 A|LFT 1582|LHS   501|LP  756-19|LPM 754|LTT  8281|[RHG95]  3265|2MASS J20553771-1402078|WDS J20555-1400A|PM 20528-1413|WISEA J205538.78-140212.9|** LDS 6418A|PM J20556-1402|PLX 4999.00|Gaia DR2 6887029163498137856|Karmn J20556-140N|NLTT 50148|SBC9 3814",12.48
"CNS5 5175","WISE J205628.91+145953.2",314.117960875,14.99661138888889,"BD*","Y0","CNS5 5175|WISEP J205628.90+145953.3|WISE J205628.91+145953.2|EQ J2056+1459|WISEA J205628.88+145953.6",
"CNS5 5190","WT 765",315.27167206790125,-49.10674234468778,"WD*","DA","TIC 79020922|GALEX J210105.0-490623|Gaia DR3 6478328218869704192|CNS5 5190|UCAC4 205-183950|2MASS J21010521-4906241|Gaia DR2 6478328218869704192|WISEA J210104.88-490626.5|PM J21010-4906|WT 765|HIDDEN NAME WD 2057-493|** SKF  765B|WDS J21011-4907B",15.37
"CNS5 5192","WT 766",315.2808783955345,-49.12361252708083,"**","M4.5","TIC 79020913|Gaia DR3 6478328150150225664|APMPM J2101-4907|CNS5 5192|2MASS J21010742-4907248|RAVE J210107.4-490725|WISEA J210107.08-490727.1|UCAC4 205-183952|PM J21011-4907|Gaia DR2 6478328150150225664|WT 766|** SKF  765A|WDS J21011-4907A|WISE J210107.10-490727.0",13.33
"CNS5 5199","WISE J210200.15-442919.5",315.500658,-44.488759,"BD*","T9","CNS5 5199|WISE J210200.15-442919.5|WISEA J210200.14-442919.9",
"CNS5 5203","L  211-59",315.8081098511338,-56.963428249089446,"PM*","M4V","TIC 394481268|Gaia DR3 6456884409233519360|CNS5 5203|WISEA J210313.48-565744.5|TYC 8800-894-1|GJ 2151|PM J21032-5657|UCAC4 166-211960|PLX 5039.3|CSI-57-20595|GEN# +9.86211059|HIC 103910|HIP 103910|L  211-59|LFT 1594|LHS  5363|LPM 759|LTT  8340|NLTT 50370|2MASS J21031390-5657479|PLX 5039.30|Smethells 70|UCAC3 67-454161|USNO-B1.0 0330-00938797|[RHG95]  3285|DENIS J210313.9-565748|DENIS J210314.1-565749|RAVE J210313.9-565748|GJ 9716|Gaia DR2 6456884409233519360|Gaia DR1 6456884404936626944",12.799
"CNS5 5217","*  61 Cyg A",316.7247482895925,38.74941731943694,"BY*","K5V","TIC 165602000|GJ 820 A|Gaia DR3 1872046609345556480|CNS5 5217|PPM  86045|PLX 5077|LSPM J2106+3844N|ASCC  531487|2MASS J21065341+3844529|USNO-B1.0 1287-00443357|*  61 Cyg A|2RE J210651+384359|2RE J2106+384|8pc 287.13A|ADS 14636 A|AG+38 2138|BD+38  4343|CCDM J21069+3844A|CSI+38  4343  1|Ci 20 1259|GC 29509|GCRV 13272|GEN# +1.00201091A|HD 201091|HIC 104214|HIP 104214|HR  8085|TIC 471012097|IRC +40469|JP11  3309|LFT 1604|LHS    62|LTT 16179|NLTT 50559|NSV 13543|ROT  3077|SAO  70919|SKY# 40143|UBV   18285|USNO 900|V* V1803 Cyg|Zkh 315|[B10]  5433|[GKL99] 398|[RHG95]  3300|1E 2104.8+3831|2EUVE J2106+38.7|EUVE J2106+38.7|RX J2106.8+3844|WDS J21069+3845A|TYC 3168-2800-1|WEB 18980|Gaia DR2 1872046574983507456|Karmn J21068+387",5.21
"CNS5 5218","*  61 Cyg B",316.7302660185276,38.74204403329556,"PM*","K7V","TIC 165602023|AP J21065473+3844265|GJ 820 B|Gaia DR3 1872046574983497216|CNS5 5218|ASCC  531491|2MASS J21065473+3844265|USNO-B1.0 1287-00443364|*  61 Cyg B|8pc 285.42B|AC2000 1382649|ADS 14636 B|AG+38 2136|BD+38  4344|CCDM J21069+3844B|Ci 20 1260|GCRV 13273|GEN# +1.00201092|GSC 03168-02798|HD 201092|HIC 104217|HIP 104217|HR  8086|JP11  3313|LFT 1605|LHS    63|LTT 16180|NLTT 50560|NSV 13546|PPM  86049|ROT  3078|SKY# 40146|TYC 3168-2798-1|UBV M  25458|UBV   18286|USNO 901|Zkh 316|[B10]  5434|[GKL99] 399|[RHG95]  3301|uvby98 100201092|LSPM J2106+3844S|WDS J21069+3845B|WEB 18981|Gaia DR2 1872046574983497216|Karmn J21069+387",6.03
"CNS5 5223","Wolf  918",317.32261313117283,-13.3025036466225,"PM*","M1V","TIC 214576902|StKM 2-1498|GJ 821|Gaia DR3 6885776098199761024|PLX 5084|CNS5 5223|CSI-13-21065|Ci 20 1261|GEN# +6.10140918|GSC 05783-00134|HIC 104432|HIP 104432|JP11  5194|LFT 1607|LHS    65|LPM 767|LTT  8393|NLTT 50633|PM 21065-1329|TYC 5783-1513-1|VVO 372|Wolf  918|[RHG95]  3307|2MASS J21091740-1318080|PLX 5084.00|UCAC2  27211430|WISEA J210917.93-131830.3|GCRV 26191|UCAC4 384-153409|PM J21092-1318|Gaia DR2 6885776098199761024",10.869
"CNS5 5246","V* AX Mic",319.3136211170721,-38.86736220516139,"PM*","M1V","TIC 159746875|GJ 825|Gaia DR3 6583272171336048640|PLX 5117|2E  4461|AC2000 3462277|CD-39 14192|CPC 18 10984|CPD-39  8920|Ci 20 1273|GC 29761|GCRV 13369|GEN# +1.00202560|HD 202560|HIC 105090|HIP 105090|IRAS 21141-3904|JP11  3327|LFT 1617|LHS    66|LPM 772|LTT  8438|NAME Lacaille 8760|NLTT 50917|CNS5 5246|PPM 301208|SAO 212866|SKY# 40518|UBV   18379|UBV M  25573|UGP 518|V* AX Mic|Zkh 317|[FS2003] 1121|[GKL99] 404|[RHG95]  3326|2MASS J21171534-3852022|PLX 5117.00|1RXS J211717.8-385150|2E 2114.1-3904|TYC 7966-1201-1|WISEA J211712.39-385214.4|uvby98 100202560|WEB 19092|Gaia DR2 6583272171335359360|PM J21172-3852",6.68
"CNS5 5247","2MASS J21171431-2940034",319.309634,-29.667616,"BD*","T0:","TIC 290076252|WISEA J211714.44-294005.5|CNS5 5247|2MASS J21171431-2940034|WISE J211714.44-294005.2|PSO J319.3102-29.6682",
"CNS5 5259","2MASS J21210032-6239194",320.251369,-62.655403,"BD*","T2","TIC 410462854|CNS5 5259|WISE J212100.85-623921.3|2MASS J21210032-6239194|WISEA J212100.87-623921.6",
"CNS5 527","BD-18   359",31.270328795270835,-17.614648750412222,"SB*","M2.5V","TIC 257505374|GJ 84|HIP 9724|Gaia DR3 5138510181584617856|1RXS J020503.6-173717|PLX  431|SBC9 1540|CNS5 527|BD-18   359|G 272-148|GCRV  1147|GEN# -0.01800359|GSC 05856-02250|HIC   9724|JP11   300|L  727-32|LEHPM 2164|LFT  177|LHS   149|LPM  96|LTT  1092|NC  6|NLTT  6957|PM 02026-1751|TYC 5856-2250-1|UBV    2109|UBV M   5503|Zkh  38|[RHG95]   371|2MASS J02050492-1736528|PLX  431.00|WISEA J020505.82-173654.3|GCRV 26206|UCAC4 362-002344|PM J02050-1736|WEB  2043|Gaia DR2 5138510181584617856|** BEU    3A|WDS J02051-1737A",10.189
"CNS5 5277","* gam Pav",321.61085409436373,-65.3661980715336,"PM*","F9VFe-1.4CH-0.7","TIC 265488188|WISEA J212626.64-652156.8|TYC 9111-1423-1|GJ 827|Gaia DR3 6401464693867773568|PLX 5152|* gam Pav|CD-65  2751|CPC 21  4903|CPD-65  3918|CSV 102086|Ci 20 1280|FK5  805|GC 29979|GCRV 13468|GEN# +1.00203608|HD 203608|HIC 105858|HIP 105858|HR  8181|JP11  3344|LFT 1630|LHS  3674|LPM 780|LTT  8510|N30 4724|NLTT 51220|NSV 13689|CNS5 5277|PM 21223-6536|PPM 365174|ROT  3116|SAO 254999|SKY# 40867|TD1 28016|UBV   18453|UBV M  25659|Zkh 318|uvby98 100203608|2MASS J21262662-6521578|PLX 5152.00|AKARI-IRC-V1 J2126267-652152|IRAS 21223-6535|IRAS F21223-6535|WISE J212626.99-652149.2|WEB 19198|Gaia DR2 6401464693866921472",4.22
"CNS5 529","CD-30   731",31.4523104324875,-30.176640370416663,"PM*","M2.5+V","TIC 123366965|HIP 9786|Gaia DR3 5020179503252128768|CNS5 529|WISEA J020548.12-301034.7|TYC 7006-2302-1|GJ 3135|PM J02058-3010|UCAC4 300-002113|LTT  1101|2MASS J02054859-3010361|CD-30   731|G 274-149|HIC   9786|L  511-7|LEHPM 2179|LFT  180|LHS  1339|NLTT  7002|PM 02036-3025|[RHG95]   375|Gaia DR2 5020179503252128768|Gaia DR1 5020179498956958848",12.167
"CNS5 5297","Ross  775",322.4033832271551,17.643295969293057,"SB*","M3.0V","TIC 96698571|GJ 829|GJ 829 B|Gaia DR3 1784473016438653056|PLX 5177|Cl* Melotte   25    EGG      57|LSPM J2129+1738|ASCC  904693|UCAC2  38175716|2MASS J21293671+1738353|USNO-B1.0 1076-00695266|CNS5 5297|AC +17   534|CSI+17-21272|Ci 20 1285|G 145-40|G 126-4|GCRV 13510|GEN# +6.10220775|GEN# +6.10010829|HIC 106106|HIP 106106|JP11  5179|LFT 1634|LHS   508|LTT 16285|NLTT 51370|Ross  775|TYC 1668-637-1|Zkh 319|[RHG95]  3360|PLX 5177.00|StKM 1-1903|8pc 148.29|GJ 829 A|WISEA J212937.55+173839.8|PM J21296+1738|UCAC4 539-143440|WEB 19230|Gaia DR2 1784473016438653056",10.303
"CNS5 5300","L  425-35",322.6986362158679,-40.70818162254056,"PM*","M4V","TIC 165096120|GJ 4198|Gaia DR3 6579485487647973888|GEN# +9.86425035|L  425-35|LHS   510|LTT  8542|CNS5 5300|[GKL99] 406|[RHG95]  3362|GSC 07984-01053|GSC 07984-00257|GSC2.3 SCI9021127|NLTT 51386|USNO-B1.0 0492-00784918|UCAC3 99-415646|2MASS J21304763-4042290|DENIS J213047.3-404224|PM 21276-4055|WISEA J213048.64-404244.1|PM J21307-4042|Gaia DR2 6579485487647973888|LFT 1636",13.19
"CNS5 5302","Wolf  922",322.8273709538331,-9.7906895203813,"**","M4.5V","TIC 71600113|AP J21311859-0947263|GJ 831 B|Gaia DR3 6894054664842632448|CNS5 5302|WISEA J213119.47-094727.0|TYC 5790-1233-1|GJ 831|PM J21313-0947|UCAC4 402-127227|GCRV 26194|PM 21286-1001|PLX 5184|CSI-10-21285|Ci 20 1288|G  26-7|GCRV 72228|GEN# +6.10010831|GEN# +9.80026007|GSC 05790-00182|HIC 106255|HIP 106255|LFT 1639|LHS   511|LPM 786|LTT  8556|NLTT 51428|NSV 13753|UBV M  42990|USNO 766|V* BB Cap|Wolf  922|Zkh 320|2MASS J21311859-0947263|1RXS J213119.0-094733|UCAC2  28468547|** BLA    9|WDS J21313-0947AB|CCDM J21313-0947AB|[RHG95]  3363|[RHG95]  3364|GJ 831 A|Gaia DR2 6894054664842632448|Karmn J21313-097",12.006
"CNS5 5309","HD 204961",323.3915629966566,-49.008999840841106,"PM*","M1.5V","TIC 139754153|GJ 832|Gaia DR3 6562924609150908416|PLX 5190|CD-49 13515|CF 19546|CPD-49 11439|Ci 20 1290|GCRV 72248|GEN# +1.00204961|HD 204961|HIC 106440|HIP 106440|JP11  3360|L  354-89|LFT 1640|LHS  3685|LPM 787|LTT  8573|NLTT 51502|CNS5 5309|PM 21303-4913|PPM 327332|SRS   2566|UBV   18539|UGP 529|Zkh 321|[RHG95]  3368|2MASS J21333397-4900323|PLX 5190.00|Smethells 83|DENIS J213333.9-490029|UCAC3 82-407809|USNO-B1.0 0409-00764121|DENIS J213333.9-490031|DENIS J213334.0-490030|AKARI-IRC-V1 J2133339-490034|TYC 8431-60-1|IRAS 21302-4913|WISEA J213333.91-490041.1|Gaia DR2 6562924609150908416|UCAC4 205-185051|PM J21335-4900",8.672
"CNS5 5316","WISEP J213456.73-713743.6",323.736405,-71.62904999999999,"BD*","T9pec","CNS5 5316|WISEP J213456.73-713743.6|WISE J213456.73-713744.5|EQ J2134-7137|WISEA J213456.79-713744.7",
"CNS5 5320","WT 795",324.10543278869125,-44.01668827459306,"PM*","M4.5","TIC 389687183|Gaia DR3 6577573677445347584|CNS5 5320|2MASS J21362532-4401005|WISEA J213625.77-440107.2|UCAC4 230-189452|PM J21364-4401|Gaia DR2 6577573677445347584|WT 795",
"CNS5 5330","BD+27  4120A",324.501605841855,27.7237331382061,"**",,"Gaia DR3 1800808220175220480|CNS5 5330|TYC 2197-752-1|** SKF  245A|BD+27  4120A|WDS J21379+2743A|WDS J21379+2743Aa,Ab|** HDS 3080|Gaia DR2 1800808220175220480|CCDM J21380+2743AC",10.04
"CNS5 5331","BD+27  4120B",324.50186827335284,27.724448746228617,"PM*",,"Gaia DR3 1800808220172866048|CNS5 5331|WDS J21379+2743C|Gaia DR2 1800808220172866048|BD+27  4120B|** SKF  245B",
"CNS5 5333","L  570-29",324.681916135035,-33.665332118805274,"PM*","M3.5V","TIC 270503578|GJ 4207|Gaia DR3 6592223158057230592|CNS5 5333|L  570-29|LHS   512|LTT  8614|[RHG95]  3377|2MASS J21384369-3339555|PM 21356-3353|WISEA J213844.53-334000.6|UCAC4 282-216667|PM J21387-3339|Gaia DR2 6592223158057230592|NLTT 51711|LFT 1647",12.57
"CNS5 5337","CFBDS J213926+022023",324.861539,2.3396380000000003,"BD*","L8.5+T3.5","TIC 353144808|2MASS J21392676+0220226|CNS5 5337|2MUCD 20912|CFBDS J213926+022023|WISEP J213927.09+022023.7|WISEA J213927.09+022023.9|WISE J213927.09+022024.1",
"CNS5 5346","EGGR 148",325.6708596060033,20.99947886211556,"WD*","DQ6","TIC 354568302|GJ 836.5|Gaia DR3 1792830060723673472|LSPM J2142+2059|NLTT 51906|CNS5 5346|CSI+20-21405|CSI+20-21404|EGGR 148|G 145-63|G 126-27|GEN# +9.80126027|L 1363-3|LFT 1655|LHS  3703|LP  458-64|LTT 16348|PM 21404+2047|UBV   18642|UBV M  42736|USNO  89|USNO-B1.0 1109-00564420|WD 2140+20|WD 2140+207|uvby98 980126027|2MASS J21424099+2059582|PLX 5238.01|WISEA J214240.83+205951.2|Gaia DR2 1792830060723673472|PM J21426+2059|SDSS J214240.92+205955.0|SDSS J214240.92+205954.9",
"CNS5 5362","LSPM J2146+3813",326.59196860781,38.21804925273,"PM*","M5V","TIC 407688400|Karmn J21463+382|Gaia DR3 1952802469918554368|2MASS J21462206+3813047|USNO-B1.0 1282-00553775|CNS5 5362|LSPM J2146+3813|UCAC4 642-113039|PM J21463+3813|Gaia DR2 1952802469918554368",
"CNS5 5364","Wolf  940 B",326.6601437499999,-0.17630944444444444,"BD*","T8.5","GJ 1263 B|EQ J214638.83-001038.7|WISE J214638.99-001039.6|CWISE J214639.27-001042.7|EQ J214638.70-001042.3|CNS5 5364|Wolf  940 B|ULAS J214638.82-001038.5|** BNG    2B|WDS J21467-0010B",
"CNS5 5365","Wolf  940",326.6684286992517,-0.17326986170694447,"PM*","dM4.0","TIC 24350161|Karmn J21466-001|GJ 1263|Gaia DR3 2681122098893985408|AP J21464040-0010233|CNS5 5365|CSI-00-21440|Ci 20 1311|G  26-30|G  93-35|GEN# +9.80026030|LFT 1660|LHS  3708|LPM 797|LTT  8692|PM 21441-0024|UBV M  42378|USNO 467|Wolf  940|[RHG95]  3403|PLX 5257.02|2MASS J21464040-0010233|** BNG    2A|WDS J21467-0010A|WISEA J214640.97-001029.0|GCRV 26196|UCAC3 180-295252|UCAC4 450-133954|PM J21466-0010|Gaia DR2 2681122098893985408|NLTT 52061",12.7
"CNS5 537","L   89-27",31.846883360642924,-66.56986061060306,"PM*","M1.5V","TIC 273864083|GJ 85|Gaia DR3 4698037645878876800|PLX  441|CSI-66-02059|CSV 102373|Ci 20  149|L   89-27|LFT  182|LHS   150|LPM 101|LTT  1112|NSV   729|CNS5 537|[RHG95]   383|PLX  441.00|2MASS J02072345-6634113|PM 02060-6649|Gaia DR2 4698037645878876800|WISEA J020726.36-663407.5|GCRV 26213|PM J02073-6634|NLTT  7115",11.55
"CNS5 5370","* del Cap",326.76018433125,-16.12728708527778,"SB*","kA5hF0mF2III","TYC 6363-1044-1|TIC 155842257|GJ 837|Gaia DR3 6838311796136238976|PLX 5258|SBC9 1331|CNS5 5370|* del Cap|*  49 Cap|2RE J214703-160639|2RE J2147-160|ADS 15314 A|BD-16  5943|CCDM J21470-1607A|CMC  164644|CSI-16  5943  1|FK5  819|GC 30491|GCRV 13686|GEN# +1.00207098|HD 207098|HIC 107556|HIP 107556|HR  8322|IDS 21415-1635 A|IRC -20608|JP11  3405|LTT  8693|N30 4800|NLTT 52065|PMC 90-93   575|PPM 239339|RAFGL 7180S|RBS  1783|RE J214703-160717|RE J2147-160|ROT  3167|RX J2147.0-1607|SACS 476|SAO 164644|SBC7   876|SKY# 41523|TD1 28443|UBV   21648|UBV M  25924|V* del Cap|[TVS94]  44|2MASS J21470244-1607382|PLX 5258.00|1RXS J214702.5-160736|2EUVE J2147-16.1|EUVE J2147-16.1|WDS J21470-1608A|Renson 57630|AKARI-IRC-V1 J2147025-160740|IRAS 21442-1621|WISEA J214702.64-160741.2|NAME Deneb Algedi|uvby98 100207098|WEB 19412",2.83
"CNS5 5372","LP  698-42",326.82272681792995,-4.744637578330001,"PM*","M4.0V","TIC 24352777|GALAH 171102002701243|Gaia DR3 2669873515120908544|CNS5 5372|WISEA J214717.63-044440.6|2MASS J21471744-0444406|UCAC4 427-122653|PM J21472-0444|Gaia DR2 2669873515120908544|Karmn J21472-047|NLTT 52082|LP  698-42",14.298
"CNS5 5377","2MASSW J2148162+400359",327.06791107888955,40.0664810699475,"BD*","L7","TIC 305387751|Gaia DR3 1954170404122975232|CNS5 5377|2MASSW J2148162+400359|2MASS J21481633+4003594|2MASS J21481628+4003593|WISEA J214817.01+400404.1|Gaia DR2 1954170404122975232",
"CNS5 5397","UCAC4 747-070768",327.91711538437994,59.29301527743,"WD*","DAH","TIC 283414280|Gaia DR3 2202703050401536000|CNS5 5397|WD 2150+591|UCAC4 747-070768|2MASS J21514010+5917349|Gaia DR2 2202703050401536000|** KPP 4252B|WDS J21516+5918B",
"CNS5 5411","2MASS J21543318+5942187",328.638279,59.705215,"BD*","T6","TIC 469616487|CNS5 5411|2MASS J21543318+5942187|WISEP J215432.94+594213.7|WISEA J215432.94+594213.6|WISE J215432.95+594213.8",
"CNS5 5422","LP  639-1",329.2301960443825,-1.9025929322619448,"PM*","M5V","TIC 241159653|TIC 471012295|GJ 4239|Gaia DR3 2679694971455927296|CNS5 5422|LHS   516|LP  639-1|NLTT 52489|USNO 570|[RHG95]  3442|2MASS J21565513-0154100|PLX 5301.01|Gaia DR2 2679694971455927296|PM 21543-0209|WISEA J215656.15-015402.7|PM J21569-0154",14.64
"CNS5 543","HD  13445",32.60799237512625,-50.82374032811334,"PM*","K1.5V","TIC 220017951|GJ 86|GJ 86 A|HIP 10138|Gaia DR3 4937000898856156288|PLX  445|CD-51   532|CPC  0  1013|CPD-51   282|Ci 20  151|GC  2610|GCRV  1188|GEN# +1.00013445|GSC 08048-01022|HD  13445|HIC  10138|HR   637|LFT  186|LHS    13|LPM 103|LTT  1130|N30  446|NLTT  7238|CNS5 543|PM 02084-5104|PPM 331669|SAO 232658|SKY#  3194|SPOCS  114|TYC 8048-1022-1|UBV    2193|UBV M   8759|[TDQ2000] ERX 25|uvby98 100013445|PLX  445.00|1RXS J021024.3-505000|2MASS J02102587-5049258|Gaia DR2 4937000898855759104|IRAS 02085-5103|IRAS F02085-5103|AKARI-IRC-V1 J0210281-504921|WISEA J021028.31-504918.3|Gaia DR1 4937000860200577408|WEB  2116|** ESG    1A|WDS J02104-5049A",6.117
"CNS5 5437","CD-60  7821",329.89459559699253,-59.75281472311806,"PM*","M2V","TIC 394015919|GJ 842|Gaia DR3 6409685433069148288|PLX 5305|CD-60  7821|CPD-60  7528|Ci 20 1324|GEN# -0.06007821|HIC 108569|HIP 108569|L  165-2|LFT 1672|LHS  3741|LPM 803|LTT  8780|NLTT 52576|NSV 13984|CNS5 5437|PM 21559-6000|PPM 774832|UBV M   6922|[RHG95]  3447|2MASS J21593479-5945104|GEN# -0.06007528|PLX 5305.00|Smethells 96|UCAC3 61-484155|USNO-B1.0 0302-00796484|TYC 8820-224-1|DENIS J215934.4-594509|WISEA J215935.92-594511.3|UCAC4 152-213161|PM J21595-5945|Gaia DR2 6409685433069148288",9.715
"CNS5 5438","WISE J215949.48-480854.9",329.95494591666665,-48.14510708333332,"BD*","T9","WISE J215949.48-480854.9|CNS5 5438|WISEA J215949.54-480855.2",
"CNS5 5439","V* V374 Peg",330.3046841623079,28.306918697961663,"PM*","M3.5Ve","GJ 4247|Gaia DR3 1893189736896880640|LSPM J2201+2818|ASCC  731743|UCAC2  41808669|USNO-B1.0 1183-00608620|2RE J220111+281849|2RE J2201+281|CNS5 5439|G 188-38|GSC 02215-01629|HIC 108706|HIP 108706|NLTT 52699|USNO 904|V* V374 Peg|[GKL99] 415|[RHG95]  3453|2MASS J22011310+2818248|PLX 5316.11|1RXS J220112.9+281832|TYC 2215-1629-1|WISEA J220113.43+281825.3|UCAC4 592-131564|PM J22012+2818|Gaia DR2 1893189736896880640|Karmn J22012+283|TIC 283410775",
"CNS5 544","HD  13445B",32.60881000705791,-50.82398152812805,"WD*","DQ6","GJ 86 B|Gaia DR3 4937000898856154624|CNS5 544|WD 0208-510|WDS J02104-5049B|** ESG    1B|HD  13445B|Gaia DR2 4937000898854436608",
"CNS5 5442","L  715-89",330.50330465939084,-19.48311106080528,"PM*","dM3.5","Karmn J22020-194|GJ 843|Gaia DR3 6823750688771587840|PLX 5316.1|CNS5 5442|CSI-19-21592|LFT 1675|LHS  3744|LP  819-17|LPM 808|LTT  8805|NLTT 52711|[RHG95]  3454|L  715-89|PM 21592-1944|2MASS J22020070-1928592|PLX 5316.10|WISEA J220201.48-192858.2|UCAC4 353-193024|PM J22020-1928|Gaia DR2 6823750688771288192|TIC 2028847703|TIC 206436687|TIC 471012283",12.03
"CNS5 5444","HD 209290",330.5428129076162,1.4002311550194444,"PM*","M0.5V","TIC 292987389|MCC 335|GJ 846|Gaia DR3 2683023811628007296|PLX 5318|LSPM J2202+0124|TYC  558-1540-1|ASCC 1175435|USNO-B1.0 0914-00554481|CNS5 5444|AG+01 2676|BD+00  4810|Ci 20 1331|DO  7683|G  18-16|G  27-5|G  26-44|G  93-66|GCRV 13839|GEN# +1.00209290|HD 209290|HIC 108782|HIP 108782|IRAS 21596+0109|LFT 1678|LHS  3745|LTT 16435|NLTT 52725|PM 21596+0110|PPM 172573|UBV M  26062|UBV   18818|VVO  73|Wolf 1340|Zkh 327|[HFE83] 1478|[RHG95]  3458|2MASS J22021026+0124006|PLX 5318.00|WISEA J220209.96+012358.0|UCAC4 458-125308|PM J22021+0124|Gaia DR1 2683023807333389952|WEB 19569|Gaia DR2 2683023811628007296|Karmn J22021+014",9.146
"CNS5 5445","L  499-56",330.622434576625,-37.08091797926029,"PM*","M3.5V","TIC 197736350|GJ 4248|Gaia DR3 6575069780231675264|CNS5 5445|Cl* Melotte   25    EGG      59|APMPM J2202-3705|L  499-56|LHS  3746|LP  983-71|LTT  8811|PM 21595-3720|[RHG95]  3456|UCAC3 106-422398|2MASS J22022935-3704512|WISEA J220230.09-370453.6|UCAC4 265-194758|PM J22024-3704|USNO-B1.0 0529-00982079|Gaia DR2 6575069780230068864|NLTT 52719|LFT 1676",
"CNS5 5446","WISEA J220304.18+461923.4",330.7619076666666,46.32399325000001,"BD*","T8","CNS5 5446|WISEA J220304.18+461923.4",
"CNS5 5449","* eps Ind",330.8402234423433,-56.785978554364995,"PM*","K5V","TIC 231698181|GJ 845|GJ 845 A|Gaia DR3 6412595290592307840|PLX 5314|* eps Ind|2E  4554|AC2000 4384302|CD-57  8464|CPC 20  6944|CPD-57 10015|Ci 20 1330|FK5  825|GC 30817|GCRV 13838|GEN# +1.00209100|HD 209100|HIC 108870|HIP 108870|HR  8387|JP11  3425|LFT 1677|LHS    67|LPM 805|LTT  8813|N30 4855|NLTT 52724|CNS5 5449|PM 21596-5700|PPM 349918|RBS  1817|SACS 480|SAO 247287|SKY# 42020|TD1 28679|UBV M  26050|UBV   18808|UGP 544|Zkh 326|2MASS J22032156-5647093|PLX 5314.00|1RXS J220318.1-564650|2E 2159.7-5701|RX J2203.2-5646|IRAS 21598-5700|TYC 8817-984-1|** SOZ    1A|WDS J22034-5647A|WISEA J220326.69-564735.5|uvby98 100209100|WEB 19578|Gaia DR2 6412595290592307840",4.69
"CNS5 5452","* eps Ind B",331.04414658852124,-56.782844195116105,"BD*","T1V+T6V","TIC 231700016|GJ 845 B|GJ 845 C|Gaia DR3 6412596012146801152|V* CI Ind|* eps Ind B|2MASS J22041052-5646577|CNS5 5452|[B2006] J220410.5-564657|WDS J22034-5647Ba,Bb|WISEP J220415.66-564723.5|** VLK    1|WDS J22034-5647B|** SOZ    1B|WISE J220415.65-564723.6|Gaia DR2 6412596012146094848|WISEA J220415.75-564724.4",24.12
"CNS5 5470","* iot Peg",331.75277295908,25.345098996239997,"SB*","F5V","TIC 357336603|GJ 848|Gaia DR3 1891598193816300544|PLX 5345|SBC9 1354|SPOCS 3188|LSPM J2207+2520|TYC 2208-2471-1|ASCC  732166|2MASS J22070067+2520424|USNO-B1.0 1153-00549763|* iot Peg|* iot Peg A|*  24 Peg|CNS5 5470|AG+25 2653|BD+24  4533|CCDM J22070+2520A|CSI+24  4533  1|FK5  831|GC 30932|GCRV 13898|GEN# +1.00210027|HD 210027|HIC 109176|HIP 109176|HR  8430|IDS 22023+2452 A|IRAS 22047+2506|IRC +30485|JP11  3455|LTT 16472|N30 4873|NLTT 52972|NSV 14034|PMC 90-93   581|PPM 114048|ROT  3219|SAO  90238|SBC7   897|SKY# 42131|SRS  30831|TD1 28790|UBV   18902|UBV M  26139|[HFE83] 1484|uvby98 100210027|PLX 5345.00|1RXS J220700.9+252045|WDS J22070+2521A|* iot Peg B|** STT  596A|WISEA J220700.90+252042.6|WEB 19626|Gaia DR2 1891598193815850624",3.77
"CNS5 5474","WISE J220905.73+271143.9",332.2700207083333,27.19948402777778,"BD*","Y0V","CNS5 5474|WISE J220905.73+271143.9|WISEA J220905.75+271143.6",
"CNS5 5476","WISEA J220922.09-273439.9",332.3446095833333,-27.57644697222222,"BD*","T7","WISEP J220922.10-273439.5|CNS5 5476|EQ J2209-2734|WISE J220922.11-273439.6|WISEA J220922.09-273439.9",
"CNS5 5478","BD-05  5715",332.41810130710456,-4.640736321655555,"PM*","M3.5V","TIC 248027247|Karmn J22096-046|MCC 73|GJ 849|Gaia DR3 2627117287488522240|PLX 5358|CNS5 5478|2E  4574|BD-05  5715|Ci 20 1340|G  27-16|GCRV 13921|HIC 109388|HIP 109388|JP11   258|LFT 1689|LHS   517|LPM 814|LTT  8889|NLTT 53078|PM 22070-0453|TYC 5227-1521-1|USNO-B1.0 0853-00595068|VVO 234|Wolf 1329|Zkh 328|[RHG95]  3478|2MASS J22094029-0438267|GEN# -0.00505715|PLX 5358.00|2E 2206.9-0454|Gaia DR2 2627117287488522240|WISEA J220941.14-043826.8|RAVE J220940.3-043827|IRAS 22070-0452|AKARI-IRC-V1 J2209408-043826|UCAC4 427-123515|PM J22096-0438|Gaia DR1 2627117283194034944|WEB 19654",10.366
"CNS5 5486","PM J22114+4059",332.8506852219,40.99963944142,"PM*","M5.5V","TIC 119578910|Gaia DR3 1958030617647715328|CNS5 5486|1RXS J221124.3+410000|2MASS J22112417+4059587|SDSS J221124.10+405959.1|PPMXL 194538034452426043|CMC14 J221124.1+405958|UCAC4 655-108663|PM J22114+4059|Gaia DR2 1958030617647715328|Karmn J22114+409",15.139
"CNS5 5487","Ross  271",332.87539210489916,18.42619574156389,"PM*","M2V","TIC 258822427|MCC 74|StKM 2-1591|GALEX J221130.2+182535|GJ 851|Gaia DR3 1776317182780536064|LSPM J2211+1825|TYC 1685-1853-1|ASCC  907553|UCAC2  38361135|USNO-B1.0 1084-00602120|CNS5 5487|AC +18  1937-307|CSI+18-22091|G 126-61|G 127-6|GCRV 13947|HIC 109555|HIP 109555|LFT 1691|LHS  6399|LTT 16492|NLTT 53159|PLX 5367|Ross  271|USNO 771|VVO 146|[RHG95]  3486|2MASS J22113008+1825341|PLX 5367.00|WISEA J221130.34+182536.2|UCAC4 543-147017|PM J22115+1825|Gaia DR1 1776317178484979712|WEB 19684|Gaia DR2 1776317182780536064|Karmn J22115+184",10.232
"CNS5 5489","WISE J221216.33-693121.6",333.0617206666666,-69.52240383333334,"BD*","T9","CNS5 5489|WISE J221216.33-693121.6|WISEA J221216.27-693121.6",
"CNS5 5492","L  788-37",333.4285962529333,-17.685741835180835,"PM*","dM4.5","Karmn J22137-176|GJ 1265|TIC 471012766|Gaia DR3 6825822095663585536|AP J22134277-1741081|CNS5 5492|GEN# +9.85819052|L  788-37|LFT 1695|LHS  3776|LP  819-52|LTT  8915|NLTT 53236|USNO 572|[RHG95]  3489|2MASS J22134277-1741081|PLX 5375.01|WISEA J221343.49-174111.9|Gaia DR2 6825822095663585536|GCRV 26200|UCAC4 362-200754|PM J22137-1741|EPIC 205913009",13.672
"CNS5 5494","WT 887",333.4602678037,-63.70278062988999,"PM*","M5/6e","WISEA J221350.65-634208.2|SIPS J2213-6342|Gaia DR3 6405457982659103872|LEHPM 4459|CNS5 5494|2MASS J22135048-6342100|DENIS J221350.4-634210|Gaia DR2 6405457982659103872|WT 887|TIC 389051009|UCAC4 132-176809|WISE J221350.64-634208.1",
"CNS5 5509","Wolf 1561 B",334.3279097421108,-8.80536932045028,"PM*","M5V","TIC 38298827|GJ 852 B|Gaia DR3 2616132101175335936|AP J22171870-0848186|CNS5 5509|CCDM J22173-0847B|CSI-09-22147  2|GCRV 73023|IDS 22120-0917 B|L  932-39|LFT 1700|LHS  3788|LP  759-82|LPM 820|LTT  8939|NLTT 53398|NSV 14102|USNO  94|Wolf 1561 B|Zkh 330|[RHG95]  3503|2MASS J22171870-0848186|WDS J22173-0847B|** LDS  782B|RAVE J221718.7-084818|WISEA J221718.35-084821.4|UCAC3 163-303452|UCAC4 406-139520|PM J22173-0848S|EPIC 206262223|[GKL99] 421|Gaia DR2 2616132101175106944",
"CNS5 5510","Wolf 1561 A",334.32905356941666,-8.80342267838528,"Em*","M4V","RAVE J221719.0-084812|AP J22171899-0848122|GJ 852 A|Gaia DR3 2616132101175106816|PLX 5397|CNS5 5510|CCDM J22173-0847A|CSI-09-22147  1|GCRV 14020|IDS 22120-0917 A|LFT 1699|LHS  3787|LPM 819|LTT  8938|NLTT 53397|PM 22147-0903|USNO  93|V* FG Aqr|Wolf 1561 A|Zkh 329|[GKL99] 420|[RHG95]  3502|2MASS J22171899-0848122|EXO 2214.6-0902|WDS J22173-0847A|** LDS  782A|UCAC3 163-303455|UCAC4 406-139522|DENIS J221719.0-084811|PM J22173-0848N|WEB 19758|Gaia DR2 2616132101175106816|EPIC 206262336|TIC 471012342",
"CNS5 5514","HD 211415",334.56505581390456,-53.62707411291,"PM*","G0V","TIC 231267777|GJ 853 A|GJ 853.0|Gaia DR3 6508776375901968640|PLX 5395|CD-54  9222|CPC 19  8693|CPD-54 10055|CSI-54 10055 41|CSI-54 10055 42|Ci 20 1350|GC 31178|GCRV 14022|HD 211415|HIC 110109|HIP 110109|HR  8501|LFT 1702|LHS  3790|LPM 818|LTT  8943|NLTT 53420|CNS5 5514|PM 22150-5352|PPM 350135|SAO 247400|SKY# 42494|TD1 28956|TYC 8822-1455-1|UBV   19068|CSI-54 10055 43|[RHG95]  3507|AKARI-IRC-V1 J2218159-533741|IRAS 22150-5352|UCAC4 182-216777|2MASS J22181562-5337372|WISEA J221816.14-533743.9|uvby98 100211415|WEB 19762|Gaia DR2 6508776375901968640|1RXS J221813.8-533732|GEN# +1.00211415|CCDM J22183-5338A|WDS J22183-5338A|** HDO  298A|IDS 22117-5406 A",5.39
"CNS5 5518","WISE J222055.31-362817.4",335.2294725,-36.47125636111112,"BD*","Y0","CNS5 5518|WISE J222055.31-362817.4|WISEA J222055.34-362817.5",
"CNS5 5521","HD 211970",335.56752568512,-54.5606123239,"PM*","K7Vk:","TIC 231704229|Gaia DR3 6508401923473282432|CNS5 5521|WISEA J222215.97-543335.6|GJ 1267|BPM 27793|CD-55  9073|CPC 19  8711|CPD-55  9831|GEN# +1.00211970|HD 211970|HIC 110443|HIP 110443|IRAS 22190-5448|LTT  8985|NLTT 53616|PPM 350185|UGP 556|[RHG95]  3513|2MASS J22221621-5433383|Smethells 106|TYC 8822-210-1|Gaia DR1 6508401850458365056|Gaia DR2 6508401923473282432",8.992
"CNS5 5522","L  788-34",335.7791533548229,-17.607314733412778,"PM*","M4.5Ve","GJ 4274|Gaia DR3 2595284016771502080|CNS5 5522|2MASS J22230696-1736250|L  788-34|LEHPM 4643|LHS  3799|LP  820-12|LTT  9001|NLTT 53683|PM 22204-1751|USNO 573|[GKL99] 422|[RHG95]  3517|PLX 5413.01|8pc 134.40|RAVE J222307.0-173625|WISEA J222307.22-173633.9|Gaia DR2 2595284016771502080|UCAC4 362-201027|PM J22231-1736|LFT 1712|Karmn J22231-176|1RXS J222305.6-173624|TIC 12652442|WISE J222307.21-173633.6|TIC 471012250",13.316
"CNS5 5529","2MASSW J2224438-015852",336.1827267202329,-1.9814680487975005,"BD*","L4.5V","TIC 176006315|Gaia DR3 2629427189619178368|CNS5 5529|2MUCD 12128|2MASS J22244381-0158521|2MASSI J2224438-015852|2MASSW J2224438-015852|[B2006] J222443.8-015852|Gaia DR2 2629427189619178368",
"CNS5 554","BD+02   348",33.08744749631375,3.5756201036786104,"PM*","M1V","TIC 270415707|MCC 95|StKM 2-195|GJ 87|HIP 10279|Gaia DR3 2515037264041041536|PLX  450|LSPM J0212+0334|TYC   41-1345-1|ASCC 1097530|UCAC2  32985862|2MASS J02122090+0334310|USNO-B1.0 0935-00022454|CNS5 554|BD+02   348|Ci 20  153|DO   405|G  73-35|G 159-45|GCRV  1204|GEN# +0.00200348|HIC  10279|JP11    15|LFT  187|LHS    14|LTT 10745|NC  7|NLTT  7309|PM 02098+0322|UBV    2214|UBV M    173|Wolf  124|Zkh  39|[R78b] 119|[RHG95]   390|PLX  450.00|WISEA J021219.77+033413.9|UCAC4 468-002996|PM J02123+0334|Gaia DR1 2515037294106060928|WEB  2145|Gaia DR2 2515037264041041536|** PIN    3A|WDS J02123+0335A|Karmn J02123+035",10.042
"CNS5 5548","G  18-49",336.76169140617,6.825730983369999,"PM*","dM5.0","TIC 419813032|GJ 4279|Gaia DR3 2710189960812052736|LSPM J2227+0649|NLTT 53875|2MASS J22270280+0649324|USNO-B1.0 0968-00632582|CNS5 5548|BPM 97235|G  18-49|LTT 16577|LP  580-17|[R78b] 320|[RHG95]  3533|UCAC4 485-134602|PM J22270+0649|Gaia DR2 2710189960812052736",
"CNS5 5550","HD 239960",336.9978041181893,57.695897924620475,"**","M3","WISE J222758.55+574140.1|CNS5 5550|PLX 5438|ASCC  216265|AG+57 1569|BD+56  2783|CSI+56  2783  8|Ci 20 1366|Ci 18 2922|G 233-14|G 232-75|GEN# +0.05602783|HD 239960|HIC 110893|HIP 110893|JP11  3691|JP11   205|MCC 207|NSV 14168|PPM  40695|UBV   19218|UBV M  28059|VVO  84|YZ  57 13170|2MASS J22275958+5741453|WDS J22280+5742AB|** KR   60AB|WEB 19855|PM J22279+5741|Karmn J22279+576|IDS 22244+5712 AB|EUVE J2228+57.6|2E 2226.1+5726|1E 2226.1+5726|2EUVE J2228+57.6|1RXS J222801.1+574145|[KW97] 63-31|[TSA98] J222803.36+574148.07|TIC 471012608|TIC 414587194|TIC 471012160",
"CNS5 5553","2MASS J22282889-4310262",337.120393,-43.173965,"BD*","T6.5","TIC 139457908|2MASS J22282889-4310262|CNS5 5553|WISEP J222829.00-431029.4|WISE J222829.00-431029.4|WISEA J222829.01-431029.8",
"CNS5 5555","LP  760-3",337.22645350592416,-13.422071552882777,"LM*","M6.5V","GJ 4281|Gaia DR3 2601148128510120576|AP J22285440-1325178|CNS5 5555|2MASS J22285440-1325178|LHS   523|LP  760-3|NLTT 53958|USNO 905|[GKL99] 426|[RHG95]  3539|PLX 5431.01|Gaia DR2 2601148128510120576|WISEA J222854.11-132530.5|EPIC 206050032|TIC 12774230",17.14
"CNS5 5558","G 215-50",337.45411064690586,41.480160125555834,"PM*","M4V","TIC 120526877|GJ 1270|Gaia DR3 1909518584084205312|PLX 5441.0|LSPM J2229+4128|UCAC2  46202700|2MASS J22294885+4128479|USNO-B1.0 1314-00472262|CNS5 5558|G 215-50|GEN# +9.80215050|LHS   524|NLTT 54006|UBV M  53837|USNO 272|[RHG95]  3542|PLX 5441.01|Gaia DR2 1909518584080107904|WISEA J222950.11+412853.3|PM J22298+4128|Karmn J22298+414",
"CNS5 5565","BD+08  4887",338.2592768406845,9.377977624099167,"PM*","M0V","TIC 418978178|StKM 2-1624|GJ 863|Gaia DR3 2717105133036645760|PLX 5454|LSPM J2233+0922|ASCC 1089332|UCAC2  35131138|USNO-B1.0 0993-00605514|CNS5 5565|AG+09 3160|BD+08  4887|BPM 97364|DO  7833|G  28-4|G  18-56|GCRV 73284|GEN# +0.00804887|HIC 111313|HIP 111313|L 1149-27|LFT 1723|LHS  3828|LTT 16614|MCC 208|NLTT 54142|PM 22305+0907|PPM 173167|TYC 1151-487-1|UBV   19275|UBV M    365|USNO 680|VVO 114|[HFE83] 1510|[R78b] 323|[RHG95]  3544|2MASS J22330225+0922410|Karmn J22330+093|PLX 5454.00|WISEA J223302.61+092242.1|UCAC4 497-142295|PM J22330+0922|Gaia DR1 2717105334899452032|Gaia DR2 2717105133036645760",10.373
"CNS5 5577","2MASS J22361685+5105487",339.070235,51.096867,"BD*","T5","TIC 428099534|WISEA J223617.60+510551.8|CNS5 5577|2MASS J22361685+5105487|WISE J223617.59+510551.9|PSO J339.0734+51.0978|EQ J2236+5105",
"CNS5 5583","L  645-74",339.60277113254,-29.3539091152,"PM*","M2V","TIC 326476717|GJ 4288|Gaia DR3 6608187792013441792|CNS5 5583|CCDM J22384-2921A|GSC 06969-00274|IDS 22328-2953 A|LP  932-12|LTT  9123|NLTT 54397|[RHG95]  3559|WDS J22384-2922A|L  645-74|** LDS 2951A|UCAC3 122-620442|2MASS J22382467-2921139|DENIS J223824.6-292113|PM J22384-2921|UCAC4 304-271016|Gaia DR2 6608187792013441792",10.978
"CNS5 5584","L  645-73",339.60599492795996,-29.35683579701,"PM*","M3.5V","TIC 326476721|GJ 4289|Gaia DR3 6608187792013181312|CNS5 5584|CCDM J22384-2921B|IDS 22328-2953 B|LP  932-13|LTT  9124|[RHG95]  3560|WDS J22384-2922B|** LDS 2951B|L  645-73|UCAC3 122-620444|2MASS J22382544-2921244|DENIS J223825.4-292123|RAVE J223825.5-292124|WISEA J223825.42-292127.3|Gaia DR2 6608187792013181312|NLTT 54400",13.6
"CNS5 5585","L  119-21",339.62398564773025,-65.37851834092287,"**","M3Ve","GJ 865|PLX 5468|2RE J2238-652|2RE J223823-652243|CSI-65-22349  1|CSI-65-22349|Ci 20 1374|GEN# +9.86119021|HIC 111766|HIP 111766|L  119-21|LFT 1728|LHS  3839|LPM 836|LTT  9113|CNS5 5585|RBS  1880|RE J2238-652|RE J223820-652247|2MASS J22382974-6522423|PLX 5468.00|1RXS J223828.9-652240|RX J2238.5-6522|CCDM J22384-6523BC|WDS J22384-6523AB|Smethells 113|GJ 9791|UCAC3 50-398828|USNO-B1.0 0246-00784359|** HDS 3215|DENIS J223829.9-652242|PM 22349-6538|WISEA J223831.14-652244.0|GCRV 26201|UCAC4 124-176884|PM J22384-6522|NLTT 54366|TIC 232062375|TIC 471012589",11.446
"CNS5 5586","V* EZ Aqr",339.6399,-15.2999325,"Er*","M5V","TIC 402313808|GJ 866|GJ 866 A|GJ 866 B|GJ 866 C|Gaia DR3 2596740426913080576|CNS5 5586|PLX 5475|1RXS J223832.0-151809|2E  4631|2MASS J22383372-1517573|CSI-15-22358|G 156-31|GCRV 14217|GEN# +6.10010866|GSC 06386-00505|JP11  5181|JP11  5180|JP11  5195|L  789-6|LFT 1729|LHS    68|LP  820-64|LPM 837|LTT  9122|NLTT 54407|UBV   19358|V* EZ Aqr|Zkh 333|[GKL99] 430|[RHG95]  3561|PLX 5475.00|1E 2235.8-1534|2E 2235.8-1534|WDS J22385-1519AB|UCAC2  26361351|8pc 289.50|** BLA   10|PMSC 22329-1552|PM 22358-1535|WISEA J223835.27-151735.3|GCRV 26202|WEB 19966|Gaia DR2 2596740426912781696|UCAC4 374-178693",12.38
"CNS5 5587","V* FL Aqr",339.6886719912471,-20.614391732358335,"SB*","M3.5V","TIC 262039243|GALEX J223845.4-203652|GJ 867 B|Gaia DR3 2400808245117576704|GJ 867 b|CNS5 5587|BD-21  6267B|BDS 11854 B|CCDM J22388-2037B|CSI-21  6267  2|CSV   8780|GEN# +1.00214479B|GEN# -0.02106267|GSC 06392-00849|L  717-22|LP  876-81|LTT  9127|NLTT 54420|NSV 14256|UBV   19364|V* FL Aqr|Zkh 335|[GKL99] 431|[RHG95]  3563|2MASS J22384530-2036519|2EUVE J2238-20.6|WDS J22388-2037B|** HJ 3126B|PMSC 22333-2108B|WISEA J223845.60-203652.4|Gaia DR2 2400808245117576704|UCAC4 347-191484",11.49
"CNS5 5588","V* FK Aqr",339.6898942660854,-20.621135401965557,"SB*","M0Vep","TIC 262039241|MCC 336|GJ 867 A|Gaia DR3 2400808142038361088|GJ 867 a|CABS 195|SBC9 1389|CNS5 5588|2E 2236.0-2052|2E  4632|BD-21  6267|BDS 11854 A|CCABS 158|CCDM J22388-2037A|CPD-21  8162|CSI-21  6267  1|GCRV 73371|GEN# +1.00214479A|HD 214479|HIC 111802|HIP 111802|IRAS 22359-2053|JP11  3510|LTT  9128|NLTT 54421|PPM 274073|RBS  1881|SAO 191294|SBC7   922|UBV   19363|V* FK Aqr|YZ 110  9571|Zkh 334|[GKL99] 432|[RHG95]  3562|2MASS J22384559-2037160|1ES 2236-20.8|1RXS J223845.5-203706|RX J2238.7-2037|WDS J22388-2037A|TYC 6392-1077-1|** HJ 3126A|PMSC 22333-2108A|PMSC 22333-2108Aab|WISEA J223845.91-203716.4|UCAC2  23772454|UCAC3 139-437859|UCAC4 347-191485|Gaia DR1 2400808137742460032|WEB 19970|Gaia DR2 2400808142038361088|PM J22387-2037",9.083
"CNS5 5592","PM J22403-4931A",340.07785488418244,-49.51791185755055,"PM*","M5.5","TIC 161174286|PM J22403-4931A|Gaia DR3 6517274496976569344|CNS5 5592|2MASS J22401867-4931045|PM J22403-4931W|WDS J22403-4931A|UCAC4 203-192840|** BRG   33A|Gaia DR2 6517274496976569344|LSPM J2240-4931A",14.4
"CNS5 5593","PM J22403-4931B",340.0790166199825,-49.51700679562749,"PM*",,"2MASS J22401895-4931013|TIC 161174284|PM J22403-4931B|RAVE J224018.9-493101|Gaia DR3 6517274535632335872|CNS5 5593|PM J22403-4931E|UCAC4 203-192841|** BRG   33B|WDS J22403-4931B|Gaia DR2 6517274535632335872|LSPM J2240-4931B",
"CNS5 5594","HD 214749",340.1807669091696,-29.674478947131394,"PM*","K4.5Vk","TIC 47295522|GJ 868|GJ 868.0|Gaia DR3 6608490501308343168|PLX 5486|CNS5 5594|CD-30 19255|CPC 17 12286|CPD-30  6663|GCRV 73405|GEN# +1.00214749|HD 214749|HIC 111960|HIP 111960|IRAS 22379-2955|LTT  9143|NLTT 54520|PPM 274115|SAO 191319|SKY# 43116|UBV   19400|UBV M  26543|UGP 576|2MASS J22404335-2940278|PLX 5486.00|TYC 6969-1175-1|WISEA J224043.67-294028.1|Gaia DR2 6608490501308343168|Gaia DR1 6608490497012980224",7.841
"CNS5 5599","LEHPM 5031",340.49736467899,-75.00918318022,"PM*","M5.5","TIC 273369281|Gaia DR3 6381623044470172672|LEHPM 5031|CNS5 5599|2MASS J22415937-7500329|WISEA J224159.16-750030.8|DENIS J224159.3-750034|Gaia DR2 6381623044470172672",
"CNS5 56","EGGR 381",3.061437478325417,50.42242674326,"WD*","DA7.6","TIC 201892746|PSO J003.0591+50.4206|GJ 1004|Gaia DR3 395234439752169344|CNS5 56|LSPM J0012+5025|USNO-B1.0 1404-00005972|2MASS J00121479+5025213|EGGR 381|G 217-37|LHS  1038|NLTT   574|USNO 487|WD 0009+50|WD 0009+501|PLX   27.01|WISEA J001214.23+502514.7|Gaia DR2 395234439752169344|PM J00122+5025",
"CNS5 5620","V* EV Lac",341.70721358761165,44.33399288376722,"PM*","M4.0Ve","TIC 154101678|AP J22464980+4420030|MCC 852|GJ 873|Gaia DR3 1934263333784036736|CNS5 5620|BSD  42-60|PLX 5520|LSPM J2246+4420|ASCC  447839|UCAC2  46990456|2MASS J22464980+4420030|2RE J224651+442011|2RE J2246+442|AG+44 2119|BD+43  4305|CCDM J22468+4420A|CSI+43  4305  1|Ci 20 1382|G 216-16|GAT 1203|GCRV 14312|HIC 112460|HIP 112460|IDS 22426+4349 A|IRAS 22446+4404|JP11   175|LFT 1737|LHS  3853|LTT 16695|NLTT 54837|PPM  63398|RE J224651+442019|RE J2246+442|RE J224647+441955|TYC 3226-2288-1|UBV   19534|UBV   19530|V* EV Lac|VVO 299|Zkh 337|[CGL99] 25|[FS2003] 1177|[GKL99] 435|[RHG95]  3584|USNO-B1.0 1343-00505631|1RXS J224650.7+442008|2EUVE J2246+44.3|EUVE J2246+44.3|RX J2246.8+4420|WDS J22468+4420A|WISEA J224649.04+441957.3|** HER    5A|PM J22468+4420|GEN# +0.04304305A|8pc 198.00|UCAC4 672-113378|WEB 20058|Gaia DR2 1934263333784036736|Karmn J22468+443",10.26
"CNS5 5623","* alf PsA C",342.0187202090404,-24.368810498159718,"**","M4.0Ve","TIC 47423224|Gaia DR3 6623351805412369024|CNS5 5623|LP  876-10|NLTT 54872|WT 2282|2MASS J22480446-2422075|NAME Fomalhaut C|GSC 06964-01226|PM J22480-2422|* alf PsA C|** MAM    1C|WDS J22577-2937Ca,Cb|WDS J22577-2937C|** WSI  138|WISEA J224804.74-242209.6|UCAC4 329-202449|Gaia DR2 6623351805412369024",12.624
"CNS5 5644","BD-15  6290",343.31971909853587,-14.26369557005139,"**","M3.5V","TIC 188580272|GJ 876|GJ 876 A|Gaia DR3 2603090003484152064|CNS5 5644|Gaia DR2 2603090003484152064|WISEA J225317.42-141556.1|TYC 5819-1255-1|EPIC 206019387|EPIC 206019392|PM J22532-1415|UCAC4 379-165686|PLX 5546|8pc 212.69A|BD-15  6290|Ci 20 1387|G 156-57A|G 156-57|GCRV 14365|GEN# -0.01506290|GSC 05819-00957|HIC 113020|HIP 113020|JP11   295|LFT 1745|LHS   530|LPM 841|LTT  9244|NC 59|NLTT 55130|Ross  780|UBV   19209|UBV   19610|UBV M   5470|V* IL Aqr|Zkh 338|[RHG95]  3604|2MASS J22531672-1415489|PLX 5546.00|UCAC2  26801725|MCC 337|WEB 20121|Karmn J22532-142",10.192
"CNS5 5646","EGGR 453",343.47243822263164,-6.781802285604999,"WD*","DZ13","TIC 36694741|PSO J343.4798-06.7838|GJ 1276|Gaia DR3 2611561706216413696|CNS5 5646|EGGR 453|LHS    69|LP  701-29|NLTT 55164|USNO 473|WD 2251-07|WD 2251-070|Zkh 339|PLX 5548.01|USNO-B1.0 0832-00736944|UCAC3 167-332649|2MASS J22535314-0646536|UCAC2  29570570|WISEA J225355.16-064701.7|Gaia DR2 2611561706216413696",15.66
"CNS5 5648","2MASSI J2254188+312349",343.578834,31.397175,"BD*","T5.0","TIC 188908855|WISEA J225418.96+312352.1|2MASS J22541892+3123498|2MASSI J2254188+312349|2MASSW J2254188+312349|CNS5 5648|WISEP J225418.97+312352.2|EQ J2254+3123|WISE J225418.96+312352.2",
"CNS5 5653","WISE J225540.75-311842.0",343.91870575,-31.311214083333333,"BD*","T8","WISEA J225540.75-311842.0|CNS5 5653|WISEP J225540.74-311841.8|EQ J2255-3118|WISE J225540.75-311842.0",
"CNS5 5654","L   49-19",343.9396364984221,-75.45866767609972,"PM*","M3V","TIC 273418879|GJ 877|Gaia DR3 6378584028690858496|PLX 5547|CSI-75-22522|Ci 20 1389|HIC 113229|HIP 113229|TIC 471011133|L   49-19|LFT 1747|LHS   531|LPM 842|LTT  9267|NLTT 55234|CNS5 5654|Zkh 340|[RHG95]  3608|2MASS J22554532-7527320|PLX 5547.00|GCRV 26203|PM J22557-7527|Gaia DR2 6378584028690858496",10.377
"CNS5 5659","L  167-14",344.10281166531837,-60.063679612608325,"PM*","M4.5V","TIC 237314211|GJ 1277|Gaia DR3 6491249026683800832|2MASS J22562466-6003490|L  167-14|LEHPM 5315|LFT 1750|LHS   532|LTT  9281|CNS5 5659|Zkh 341|[RHG95]  3613|PM 22534-6018|WISEA J225623.94-600359.0|GCRV 26204|Gaia DR2 6491249026683800832|PM J22564-6003|NLTT 55304",14.01
"CNS5 5660","V* TW PsA",344.1002189853825,-31.565564051324166,"BY*","K4Ve","TIC 206686962|GJ 879|Gaia DR3 6604147121141267712|PLX 5562|CNS5 5660|2E  4651|8pc 130.94|CD-32 17321|CPC 17 12405|CPD-32  6550|GC 31978|GCRV 14398|GEN# +1.00216803|HD 216803|HIC 113283|HIP 113283|HR  8721|IRAS 22536-3150|JP11  3550|LTT  9283|NLTT 55315|PPM 303193|RBS  1916|SAO 214197|SKY# 43572|UBV   19657|UBV M  26716|UGP 584|V* TW PsA|Zkh 342|[GKL99] 437|2MASS J22562403-3133559|PLX 5562.00|Ci 18 2996|1RXS J225624.2-313357|2E 2253.6-3149|WDS J22577-2937B|** SHY  106B|TYC 7505-100-1|* alf PsA B|uvby98 100216803|WEB 20154|NAME Fomalhaut B|Gaia DR2 6604147121141267712",6.48
"CNS5 5663","HD 216899",344.14501938785963,16.553432121274447,"PM*","M1.5V","GES J22563384+1633085|TIC 217331269|AP J22563497+1633130|MCC 854|GJ 880|Gaia DR3 2828928008202069376|PLX 5563|LSPM J2256+1633|ASCC  910195|UCAC2  37821006|2MASS J22563497+1633130|USNO-B1.0 1065-00603032|2E  4655|CNS5 5663|8pc 145.27|AG+16 2553|AGKR 20537|BD+15  4733|Ci 20 1392|DO 21896|G  67-37|GCRV 14402|GEN# +1.00216899|HD 216899|HIC 113296|HIP 113296|IRAS 22541+1617|JP11  3553|LFT 1751|LHS   533|LTT 16744|NLTT 55339|PPM 142008|Ross  671|SAO 108272|TYC 1711-2453-1|UBV   19664|UBV M  26724|VVO 147|YZ  16  9376|YZC 18  9376|Zkh 343|[HFE83] 1535|[RHG95]  3616|PLX 5563.00|1RXS J225635.3+163332|2E 2254.1+1617|Zkh 344|WISEA J225634.03+163309.3|PM J22565+1633|UCAC4 533-147271|Gaia DR1 2828928003907155072|WEB 20157|Gaia DR2 2828928008202069376|Karmn J22565+165",8.638
"CNS5 5665","* alf PsA",344.4126927211701,-29.622237033389442,"PM*","A4V","TIC 47552789|GJ 881|GJ 881.0|PLX 5565|CNS5 5665|* alf PsA|*  24 PsA|8pc 130.08|CD-30 19370|CEL   5549|CPC 17 12409|CPD-30  6685|FK5  867|GC 32000|GCRV 14409|GEN# +1.00216956|HD 216956|HIC 113368|HIP 113368|HR  8728|IRAS 22549-2953|IRC -30458|JP11  3556|LTT  9292|N30 5050|NLTT 55380|NSV 14372|PMC 90-93   611|PPM 274426|RAFGL 2995|ROT  3340|SAO 191524|SKY# 43608|SRS  30867|TD1 29476|UBV   19672|UBV M  26732|Zkh 345|[PS72]  89|uvby98 100216956|JCMTSE J225739.4-293726|JCMTSF J225738.9-293714|PLX 5565.00|WDS J22577-2937A|** SHY  106A|2MASS J22573901-2937193|NAME Fomalhaut|** MAM    1A|H-ATLAS J225739.6-293730|TYC 6977-1267-1|[DML87] 545|WEB 20167|*  79 Aqr",1.16
"CNS5 567","CD-32   828",33.47343930271792,-32.041242123346386,"PM*","M2Vk","TIC 70553159|HIP 10395|Gaia DR3 4971496564348436352|CNS5 567|WISEA J021354.25-320233.9|TYC 7007-979-1|PM J02138-3202|UCAC4 290-002308|PPM 737777|PLX  459.1|CD-32   828|GEN# -0.03200828|HIC  10395|L  512-25|LFT  193|LHS  1361|LPM 107|LTT  1146|NLTT  7390|NSV   757|UBV M   5879|Zkh  40|[RHG95]   400|PLX  459.10|2MASS J02135359-3202282|GJ 91|Gaia DR2 4971496564348094336|PM 02116-3215",10.324
"CNS5 5672","HD 217357",345.067175625525,-22.52434713235611,"PM*","K7+Vk","MCC 339|StKM 2-1679|GES J23001517-2231268|GJ 884|Gaia DR3 2396530698208685312|TIC 419012256|PLX 5572|CNS5 5672|CD-23 17699|CPD-23  8259|Ci 20 1396|GC 32054|GCRV 14431|GEN# +1.00217357|HD 217357|HIC 113576|HIP 113576|IRAS 22575-2247|JP11  3562|LFT 1754|LHS  3885|LPM 846|LTT  9308|NLTT 55523|PM 22576-2248|PPM 274478|SAO 191563|SKY# 43669|TYC 6971-95-1|UBV   19713|UBV M  26759|UGP 586|YZ 112 15480|Zkh 346|[RHG95]  3621|uvby98 100217357|2MASS J23001607-2231276|PLX 5572.00|LAL 44964|WISEA J230015.45-223126.9|UCAC4 338-209367|Gaia DR1 2396530625193712640|WEB 20189|Gaia DR2 2396530698208685312",7.869
"CNS5 568","LP  649-72",33.55234304937832,-3.9621079538830557,"PM*","M5.5V","SIPS J0214-0357|Gaia DR3 2492866780297999232|TIC 471012790|2MASS J02141251-0357434|CNS5 568|2MASSI J0214125-035743|LHS  1363|LP  649-72|NLTT  7395|TIC 332819239|WISEA J021412.91-035745.1|Gaia DR2 2492866780297999232|Karmn J02142-039",
"CNS5 5682","LSPM J2302+4338",345.7187043975599,43.63766171619,"PM*","M4.0V","TIC 155113423|ATO J345.7179+43.6376|Gaia DR3 1934862945577481344|2MASS J23025250+4338157|USNO-B1.0 1336-00485110|CNS5 5682|LSPM J2302+4338|1RXS J230251.9+433814|HAT 160-02902|WISEA J230252.35+433815.5|UCAC4 669-114573|PM J23028+4338|Gaia DR2 1934862945577481344|Karmn J23028+436",
"CNS5 5688","HD 217987",346.4668157737879,-35.85307088473306,"PM*","M2V","1RXS J230547.3-355125|TYC 7512-1263-1|TIC 471015557|TIC 155315739|GJ 887|Gaia DR3 6553614253923452800|GC 32159|UGP 591|2MASS J23055131-3551130|PLX 5584|CNS5 5688|AC2000 3355101|CD-36 15693|CPC 18 11792|CPD-36  9694|CSV   8819|Ci 20 1400|GCRV 14482|GEN# +1.00217987|HD 217987|HIC 114046|HIP 114046|IRAS 23029-3607|JP11  3579|LFT 1758|LHS    70|LPM 849|LTT  9348|NAME Lacaille 9352|NLTT 55782|NSV 14420|SAO 214301|SKY# 43837|UBV   19770|UBV M  26806|Zkh 347|[RHG95]  3630|PLX 5584.00|ASAS J230552-3551.2|WISEA J230557.86-355057.2|uvby98 100217987|WEB 20248|Gaia DR2 6553614253923452800",7.39
"CNS5 5691","TRAPPIST-1",346.62236872857875,-5.041399250518334,"LM*","M7.5e","TIC 278892590|AP J23062928-0502285|Gaia DR3 2635476908753563008|CNS5 5691|2MUCD 12171|2MASS J23062928-0502285|2MASSI J2306292-050227|2MASSW J2306292-050227|Gaia DR2 2635476908753563008|WISEA J230630.02-050234.1|TRAPPIST-1|EPIC 200164267|K2-112|EPIC 246199087|Karmn J23064-050|TOI-6838",18.798
"CNS5 5718","HD 219134",348.3207290015033,57.16835661767194,"PM*","K3V","TIC 283722336|TOI-1469|GJ 892|Gaia DR3 2009481748875806976|CNS5 5718|PLX 5616|LSPM J2313+5710|ASCC  221238|USNO-B1.0 1471-00512240|8pc 153.24|AG+56 1701|BD+56  2966|CCDM J23132+5709A|CSI+56  2966  1|CSV   8833|Ci 20 1406|FK5  875|GAT  811|GC 32329|GCRV 14566|GEN# +1.00219134|HD 219134|HIC 114622|HIP 114622|HR  8832|IDS 23084+5637 A|IRAS 23110+5653|JP11  3600|LFT 1767|LHS    71|LTT 16826|N30 5103|NLTT 56173|NSV 14458|PMC 90-93   616|PPM  41599|SAO  35236|SKY# 44030|SPOCS 1008|TYC 4006-1866-1|UBV   19861|UBV M  26893|USNO 907|YZ  56 13841|Zkh 348|[B10]  5976|[GKL99] 441|uvby98 100219134|Gaia DR2 2009481748875806976|2MASS J23131692+5710059|PLX 5616.00|WDS J23133+5710A|** STT  599A|WISEA J231319.69+571009.3|1RXS J231317.3+570938|WEB 20333",5.57
"CNS5 5719","WISE J231336.38-803700.1",348.39682308333323,-80.61559499999998,"BD*","T8","WISEA J231336.47-803700.4|CNS5 5719|WISEP J231336.41-803701.4|WISEP J231336.40-803700.3|WISE J231336.38-803700.1|EQ J2313-8037",
"CNS5 572","LP  885-35",33.78351025885958,-30.667055969340833,"LM*","M8","TIC 70555405|Gaia DR3 4971892010576979840|CNS5 572|2MASS J02150802-3040011|2MUCD 20101|LEHPM 2307|LHS  1367|LP  885-35|WISEA J021508.67-304005.2|Gaia DR2 4971892010576979840|NLTT  7461",
"CNS5 5749","WISEP J231939.13-184404.3",349.91287066666666,-18.734992583333334,"BD*","T7.5","WISEA J231939.14-184404.4|CNS5 5749|WISEP J231939.13-184404.3|EQ J2319-1844|WISE J231939.14-184404.4",
"CNS5 5753","ULAS J232123.79+135454.9",350.3490229166667,13.916456416666668,"BD*","T7.5","WISEA J232123.82+135453.3|CNS5 5753|ULAS J232123.79+135454.9|WISEP J232123.83+135453.5|WISE J232123.82+135453.5|ULAS J232123.79+135454.8|SDSS J232123.76+135458.8",
"CNS5 5754","G  68-8",350.4060361415058,17.290386427708892,"PM*","M3.5V","TIC 435198528|Gaia DR3 2817999068780218368|CNS5 5754|TIC 471012209|WISEA J232137.05+171710.9|TYC 1713-313-1|PM J23216+1717|PM 23192+1702|PLX 5652.0|GJ 4333|LSPM J2321+1717|ASCC  911153|UCAC2  38002533|2MASS J23213752+1717284|USNO-B1.0 1072-00715059|G  68-8|GEN# +9.80068008|HIC 115332|HIP 115332|L 1295-31|LFT 1785|LHS   543|LP  462-27|LTT 16862|NLTT 56616|UBV M  42771|USNO 577|[RHG95]  3686|PLX 5652.01|Gaia DR2 2817999068780218368|Karmn J23216+172",11.71
"CNS5 5767","BD+57  2735",351.12714426254996,57.85431052359001,"PM*","M1.5V","TIC 427162854|GJ 895|Gaia DR3 2009439555118168832|CNS5 5767|PLX 5665|LSPM J2324+5751|TYC 4007-377-1|ASCC  222280|USNO-B1.0 1478-00528856|BD+57  2735|G 217-7|G 241-54|G 233-54|GCRV 14685|GEN# +0.05702735|HIC 115562|HIP 115562|LTT 16879|MCC 211|NLTT 56775|Ross  302|[RHG95]  3689|2MASS J23243049+5751153|Karmn J23245+578|PLX 5665.00|WISEA J232430.44+575112.4|UCAC4 740-093239|PM J23245+5751S|Gaia DR1 2009439550816514944|WEB 20456|Gaia DR2 2009439555118168832",
"CNS5 5768","WISEP J232519.54-410534.9",351.33141,-41.09307200000001,"BD*","T9pec","CNS5 5768|WISEP J232519.54-410534.9|WISE J232519.53-410535.0|EQ J2325-4105|WISEA J232519.55-410535.1",
"CNS5 579","LP  469-206",34.12438080720667,13.586884429877777,"PM*","M5.0Ve","TIC 408587159|GJ 3146|Gaia DR3 74203982469858816|LSPM J0216+1335|UCAC2  36580445|2MASS J02162977+1335136|USNO-B1.0 1035-00023573|CNS5 579|LHS  1375|LP  469-206|NLTT  7501|USNO 694|[RHG95]   408|PLX  464.01|[GKL99] 60|WISEA J021630.21+133508.1|UCAC4 518-003848|PM J02164+1335|Gaia DR2 74203982469858816|Karmn J02164+135|1RXS J021629.1+133512",
"CNS5 5791","APMPM J2330-4737",352.56736611816,-47.61252282658028,"Em*","M6e","TIC 401984769|Gaia DR3 6526541563232943872|2MASS J23301612-4736459|APMPM J2330-4737|CNS5 5791|DENIS J233016.2-473642|WISEA J233015.57-473655.4|Gaia DR2 6526541563232943872|APMPM J2330-4736",18.081
"CNS5 5794","PM J23306-8455",352.65907012735,-84.92192279384,"PM*",,"TIC 401834404|Gaia DR3 6343965492773694464|CNS5 5794|2MASS J23303802-8455189|PM J23306-8455|UCAC4 026-011435|Gaia DR2 6343965492773694464",14.443
"CNS5 5797","APMPM J2331-2750",352.84060053383746,-27.830446669649444,"Em*","M7.0V","TIC 304392811|Gaia DR3 2331849006126794880|CNS5 5797|2MASS J23312174-2749500|APMPM J2331-2750|2MASSI J2331217-274949|DENIS J233121.7-274949|DENIS J233121.7-274950|WISEA J233121.81-274941.6|Gaia DR2 2331849006126794880",19.072
"CNS5 580","CD-31   908",34.146278446242086,-30.968747462977497,"PM*","M3V","TIC 322736687|GJ 3149|Gaia DR3 4971869092631523200|2MASS J02163510-3058073|Cl* Melotte   25    EGG      13B|CNS5 580|CCDM J02166-3059B|IDS 02122-3128 B|L  512-15|LEHPM 2330|LFT  199|LHS  1376|LP  885-38|LTT  1164|NLTT  7528|PM 02143-3112|[RHG95]   412|WDS J02167-3100B|** LDS   71B|[GKL99] 62|WISEA J021635.67-305804.8|UCAC4 296-002309|DENIS J021634.9-305808|CD-31   908|PM J02165-3058|Gaia DR2 4971869092631523200",13.15
"CNS5 5800","BD+19  5116A",352.9673910466166,19.937258443956946,"PM*","M3.5Ve","TIC 247985094|AP J23315208+1956142|StKM 2-1738|GJ 896 A|Gaia DR3 2824770686019003904|GJ 896 a|CNS5 5800|CSI+19  5116  1|8pc 160.06A|LSPM J2331+1956N|BD+19  5116A|CCDM J23319+1956A|WDS J23317+1956A|** WIR    1A|** LMP   24A|TYC 1723-23-1|2MASS J23315208+1956142|PMSC 23268+1923A|PMSC 23268+1923Aab|2XMM J233152.3+195614|Gaia DR2 2824770686019003904|WISEA J233152.73+195613.9|UCAC4 550-148507|PM J23318+1956Wn|PM J23318+1956W|Karmn J23318+199E|V* EQ Peg A",10.35
"CNS5 5801","BD+19  5116B",352.9690639074758,19.93722361842083,"PM*","M4.0Ve","TIC 247985093|AP J23315244+1956138|GJ 896 B|Gaia DR3 2824770686019004032|GJ 896 b|TYC 1723-23-2|CNS5 5801|8pc 160.06B|BD+19  5116B|CCDM J23319+1956B|CSI+19  5116  2|GCRV 14753|IDS 23267+1923 B|LFT 1800|LHS  3966|LTT 16920|NLTT 57136|Zkh 350|[RHG95]  3706|LSPM J2331+1956S|2MASS J23315244+1956138|WDS J23317+1956B|** WIR    1B|PMSC 23268+1923B|PMSC 23268+1923Bab|UCAC4 550-148508|PM J23318+1956E|WEB 20531|Gaia DR2 2824770686019004032|Karmn J23318+199W|V* EQ Peg B",
"CNS5 5807","Wolf 1039",353.51389359041457,0.17941029920472223,"PM*","M2/3V","TIC 422604600|Karmn J23340+001|GJ 899|Gaia DR3 2644439955745152512|CNS5 5807|TIC 471012221|TYC  585-1293-1|WISEA J233402.63+001036.0|PM J23340+0010|UCAC4 451-132797|GCRV 26208|PM 23316-0005|PLX 5699|LSPM J2334+0010|ASCC 1179928|UCAC2  31966661|USNO-B1.0 0901-00606987|CSI-00-23316|Ci 20 1433|G 157-73|G  29-43|GEN# +9.80029043|HIC 116317|HIP 116317|LFT 1802|LHS   545|LTT  9601|NLTT 57234|Wolf 1039|[GKL99] 451|[RHG95]  3712|2MASS J23340328+0010452|PLX 5699.00|StKM 2-1745|Gaia DR1 2644439951450556928|Gaia DR2 2644439955745152512|AP J23340328+0010452",11.16
"CNS5 581","CD-31   909",34.17165637266792,-30.988395714401385,"PM*","M3Ve","TIC 322736681|GJ 3148|HIP 10617|Gaia DR3 4971681351020953088|2MASS J02164119-3059181|Cl* Melotte   25    EGG      13A|CNS5 581|CCDM J02166-3059A|CD-31   909|HIC  10617|IDS 02122-3128 A|L  512-14|LFT  200|LHS  1377|LTT  1165|NLTT  7535|PM 02143-3113|PM 02145-3113|RBS   299|[RHG95]   411|1RXS J021640.5-305911|WDS J02167-3100A|TYC 7007-2248-1|[GKL99] 63|WISEA J021641.75-305915.5|** LDS   71A|PM J02166-3059|UCAC4 296-002314|Gaia DR1 4971681346726128000|Gaia DR2 4971681351020953088",12.027
"CNS5 5811","G 157-77",353.79359344456117,-2.3890593186402778,"PM*","M5.0Ve","GJ 1286|Gaia DR3 2640434056928150400|CNS5 5811|8pc 138.30|G 157-77|GEN# +9.80157077|LHS   546|USNO 474|Zkh 351|[RHG95]  3715|2MASS J23351050-0223214|PLX 5703.11|Gaia DR2 2640434056928150400|WISEA J233511.02-022329.7|UCAC4 439-123945|PM J23351-0223|EPIC 246333864|Karmn J23351-023|NLTT 57290|TIC 471016474",14.69
"CNS5 5821","L  504-27",354.2179292149691,-36.48102411317445,"PM*","M4.5V","TIC 224269420|GJ 4350|Gaia DR3 6539166877292779264|CNS5 5821|GEN# +9.86504027|L  504-27|LEHPM 5994|LFT 1809|LHS   547|LP  986-92|LTT  9624|[RHG95]  3725|UCAC3 108-436359|2MASS J23365227-3628518|Gaia DR2 6539166877292779264|PM 23341-3645|WISEA J233653.33-362851.0|UCAC4 268-200343|PM J23368-3628|NLTT 57381",13.72
"CNS5 5823","LP  463-23",354.39993568304664,16.3675799649275,"PM*","M5.5V","TIC 426954270|Gaia DR3 2819781274051096192|LSPM J2337+1622|UCAC2  37644166|USNO-B1.0 1063-00627504|CNS5 5823|LP  463-23|NLTT 57441|2MASS J23373601+1622031|WISEA J233736.25+162202.5|Gaia DR2 2819781274051096192|Karmn J23376+163|RX J2337.5+1622",
"CNS5 5826","BD-17  6785",354.53398633613,-16.23616708099,"PM*","M2V","TIC 434106275|WISE J233807.95-161410.8|StKM 2-1757|GALEX J233808.0-161410|GJ 4352|Gaia DR3 2395413147718069504|CNS5 5826|BD-17  6785|G 273-93|IRAS 23355-1630|LTT  9634|NLTT 57466|TYC 6403-440-1|[RHG95]  3729|2MASS J23380819-1614100|RAVE J233808.2-161410|GSC 06403-00440|UCAC3 148-394422|USNO-B1.0 0737-00839902|WISEA J233807.95-161410.9|UCAC4 369-186728|PM J23381-1614|Gaia DR1 2395413143422586240|Gaia DR2 2395413147718069504|Karmn J23381-162|NLTT 57468|LP  823-83",11.288
"CNS5 583","* del Tri",34.26345974490126,34.22423205104722,"SB*","G0.5VFe-0.5","TIC 63782132|GJ 92|HIP 10644|Gaia DR3 326173044957518080|PLX  464|*   8 Tri|SBC9 117|LSPM J0217+3413|ASCC  555597|2MASS J02170303+3413278|USNO-B1.0 1242-00030317|* del Tri|ADS  1739 A|AG+33  211|CNS5 583|BD+33   395|CCDM J02170+3414A|CSI+33   395  1|Ci 20  162|GC  2733|GCRV  1259|GEN# +1.00013974|HD  13974|HIC  10644|HR   660|IDS 02108+3346|LFT  198|LHS   154|LTT 10770|N30  462|NLTT  7508|PM 02140+3400|PPM  67162|ROT   319|SAO  55420|SBC7    82|SKY#  3369|TD1  1320|TYC 2318-1874-1|UBV    2290|UBV M   8833|uvby98 100013974|PLX  464.00|1RXS J021702.1+341327|WDS J02171+3413Aa,Ab|IRAS 02140+3359|AKARI-IRC-V1 J0217039+341325|WISE J021704.26+341323.7|IRAS F02140+3359|WDS J02171+3413A|** DOR   66A|** MKT    5|WISEA J021704.20+341324.5|WEB  2239|Gaia DR2 326173044957518080|NAME-IAU Deltoton",
"CNS5 5833","* gam Cep",354.83712672241,77.63236410594,"SB*","K1III-IVCN1","TIC 367912480|GJ 903|Gaia DR3 2281778105594488192|CNS5 5833|PLX 5725|SBC9 1648|LSPM J2339+7737|ASCC   65048|2MASS J23392083+7737563|USNO-B1.0 1676-00142230|* gam Cep|*  35 Cep|AG+77  685|BD+76   928|CSV 102274|FK5  893|GC 32875|GCRV 14826|GEN# +1.00222404|GSC 04606-03584|HD 222404|HIC 116727|HIP 116727|HR  8974|IRAS 23372+7721|IRC +80057|JP11  3644|N30 5198|NSV 14656|PMC 90-93   629|PPM  11709|RAFGL 3127|ROT  3435|SAO  10818|SKY# 44723|TD1 30004|TYC 4606-3584-1|UBV   20359|UBV M  27166|[HFE83] 1559|uvby98 100222404|Gaia DR2 2281778105591104768|PLX 5725.00|WDS J23393+7738AB|** NHR    9|1RXS J233918.9+773758|NAME Errai|WEB 20599",
"CNS5 5834","HD 222237",354.90578069778405,-72.72215429088529,"PM*","K3+V","TIC 277913391|GJ 902|Gaia DR3 6380214844952702848|PLX 5721|CD-73  1672|CPC 21.2  3704|CPD-73  2299|Ci 20 1443|GC 32863|GCRV 74490|GEN# +1.00222237|HD 222237|HIC 116745|HIP 116745|LFT 1813|LHS  3994|LPM 879|LTT  9640|NLTT 57525|CNS5 5834|PM 23367-7259|PPM 375763|SAO 258167|SKY# 44729|SPOCS 1026|UBV   20337|UBV M  27147|Zkh 352|uvby98 100222237|2MASS J23393736-7243197|PLX 5721.00|WISEA J233937.61-724327.5|Gaia DR2 6380214844952702848",7.087
"CNS5 5836","* iot Psc",354.9876691817333,5.626292753319723,"PM*","F7V","TIC 419919445|GJ 904|Gaia DR3 2756363608023588864|PLX 5724|LSPM J2339+0537|ASCC 1092113|USNO-B1.0 0956-00588506|*  17 Psc|* iot Psc|2E  4749|CNS5 5836|AG+05 3403|BD+04  5035|CCDM J23399+0538A|CSI+04  5035  1|Ci 20 1444|FK5  892|GC 32879|GCRV 14828|GEN# +1.00222368|HD 222368|HIC 116771|HIP 116771|HR  8969|IDS 23348+0505 A|IRC +10539|JP11  3642|LFT 1814|LHS  3995|LTT 16971|N30 5199|NLTT 57557|NSV 14657|PM 23374+0521|PMC 90-93   628|PPM 174312|ROT  3432|SAO 128310|SKY# 44741|SPOCS 1028|SRS  30892|TD1 29997|TYC  591-1744-1|UBV   20350|UBV M  27158|YZ   0  2727|YZ   5 11722|uvby98 100222368|2MASS J23395706+0537343|PLX 5724.00|1RXS J233956.8+053736|2E 2337.4+0521|RX J2339.9+0537|WDS J23399+0538A|AKARI-IRC-V1 J2339572+053731|IRAS 23373+0521|[ZEH2003] RX J2339.9+0537  1|WISEA J233957.33+053729.9|WEB 20603|Gaia DR2 2756363608023335808",4.12
"CNS5 5844","Ross  248",355.47931791771504,44.17744969753222,"BY*","M5.0V","TIC 176974026|GJ 905|Gaia DR3 1926461164913660160|[FS2003] 1203|1RXS J234155.0+441047|PLX 5736|LSPM J2341+4410|ASCC  451737|2MASS J23415498+4410407|8pc 316.00|CNS5 5844|CSI+43-23394|CSI+43-23394  1|CSV   5777|Ci 20 1445|G 171-10|G 190-42|GCRV 14848|GEN# +6.10010905|GEN# +9.80171010|IRAS 23394+4354|JP11  5182|LFT 1816|LHS   549|LTT 16985|NLTT 57692|RAFGL  905|Ross  248|UBV M  42997|USNO 275|USNO 908|V* HH And|Zkh 353|[GKL99] 454|[RHG95]  3743|USNO-B1.0 1341-00523884|PLX 5736.00|GAT 1360|Gaia DR2 1926461164913660160|PM 23394+4355|WISEA J234155.15+441022.1|PM J23419+4410|WEB 20625|Karmn J23419+441",
"CNS5 5847","G 130-3",355.719777303467,30.82270942190861,"PM*","M5V","TIC 432484802|GALEX J234252.6+304921|GJ 1288|AP J23425274+3049219|Gaia DR3 2868199402451064064|LSPM J2342+3049|NLTT 57739|2MASS J23425274+3049219|CNS5 5847|G 130-3|LHS  6427|USNO 475|[GKL99] 455|[RHG95]  3747|USNO-B1.0 1208-00596398|PLX 5741.11|WISEA J234252.46+304918.6|UCAC4 605-137694|PM J23428+3049|Gaia DR2 2868199402451064064|Karmn J23428+308",
"CNS5 5848","G 130-4",355.77629932197993,36.53698258398916,"PM*","M4.5Ve","TIC 352593978|GJ 1289|Gaia DR3 2879455480942629248|TYC 2779-1797-1|1RXS J234305.1+363226|UCAC4 633-135336|LSPM J2343+3632|NLTT 57748|CNS5 5848|CSI+36-23406|G 190-43|G 130-4|G 171-12|GEN# +9.80130004|LHS  4003|UBV M  53771|USNO 100|USNO 686|Zkh 354|[RHG95]  3748|2MASS J23430628+3632132|USNO-B1.0 1265-00549220|PLX 5741.21|WISEA J234307.14+363211.5|PM J23431+3632|Gaia DR2 2879455480941956736|Karmn J23431+365",12.67
"CNS5 586","LP  245-10",34.291742245724585,35.44237274915389,"PM*","M7V","TIC 63781635|GALEX J021710.1+352631|GJ 3147|Gaia DR3 327944328126649856|LSPM J0217+3526|UCAC2  44082477|2MASS J02170993+3526330|USNO-B1.0 1254-00033126|CNS5 586|LHS  1378|LP  245-10|NLTT  7516|[RHG95]   410|PLX  465.01|[GKL99] 61|WISEA J021710.48+352629.7|Gaia DR2 327944328126649856|UCAC4 628-007280|PM J02171+3526|Karmn J02171+354",
"CNS5 5871","V* BR Psc",357.3021878550325,2.401223743581389,"BY*","dM1","TIC 267255253|AP J23491255+0224037|MCC 82|StKM 2-1775|GJ 908|Gaia DR3 2739689239311660672|PLX 5763|LSPM J2349+0224|ASCC 1180532|UCAC2  32640241|CNS5 5871|8pc 167.51|AG+02 2968|BD+01  4774|Ci 18 3124|Ci 20 1454|G  29-68|G  31-6|GC 33053|GCRV 14913|GEN# +0.00104774|GSC 00586-00610|HIC 117473|HIP 117473|IRAS 23466+0207|JP11    12|LAL 46650|LFT 1828|LHS   550|LTT 17014|NLTT 58069|NSV 14719|PPM 174453|SAO 128397|UBV   20450|UBV M    172|UBV   20455|UBV   20422|V* BR Psc|VVO 272|YZ   2  8164|YZC 20  8164|Zkh 355|[GKL99] 460|[RHG95]  3759|2MASS J23491255+0224037|USNO-B1.0 0924-00778184|PLX 5763.00|RX J2349.1+0224|1RXS J234911.9+022422|TYC  586-610-1|[ZEH2003] RX J2349.1+0224  2|WISEA J234913.22+022354.3|UCAC4 463-135261|PM J23492+0224|Gaia DR1 2739689235015218560|WEB 20691|Gaia DR2 2739689239311660672|Karmn J23492+024",8.993
"CNS5 5888","HD 223778",358.1058713611308,75.54454302957555,"SB*","K3V","TIC 265344685|IDS 23474+7500 A|GJ 909 A|Gaia DR3 2232348941893483520|CNS5 5888|ADS 17062 A|PLX 5772|SBC9 1459|LSPM J2352+7532|ASCC   65907|2MASS J23522534+7532403|2RE J2352+753|2RE J235223+753220|AG+75 1020|BD+74  1047|CCDM J23526+7532A|CSI+74  1047  1|G 242-42|GC 33120|GCRV 14940|GEN# +1.00223778|GSC 04602-00552|HD 223778|HIC 117712|HIP 117712|HR  9038|LTT 17038|NLTT 58239|PPM  11788|RE J2352+753|RE J235216+753204|SAO  10879|SBC7   968|SKY# 45052|TYC 4602-552-1|UBV   20491|UBV M  27301|[CJ92] SA 2  8|uvby98 100223778|USNO-B1.0 1655-00122084|EUVE J2352+75.5|2E 2349.8+7516|1RXS J235222.1+753242|2E  4782|WDS J23524+7533A|PMSC 23475+7459A|PMSC 23475+7459Aab|** BU  996A|IRAS 23500+7516|AKARI-IRC-V1 J2352262+753240|WEB 20714|Gaia DR2 2232348941892509184",6.38
"CNS5 5891","L   85-31",358.3550977400158,-70.94476343620389,"PM*","M3.5","TIC 238176832|Gaia DR3 6386280060329151616|CNS5 5891|2MASS J23532520-7056410|1RXS J235324.1-705640|RAVE J235325.3-705641|USNO-B1.0 0190-00474618|DENIS J235324.9-705641|WISEA J235325.89-705640.8|L   85-31|UCAC4 096-088219|PM J23534-7056|Gaia DR2 6386280060329151616|NLTT 58287",12.999
"CNS5 5893","HD 223889",358.45880127627754,-75.63253280676443,"PM*","M3","TIC 402104884|Gaia DR3 6377828354964753792|CD-76  1182|CPD-76  1619|HD 223889|HIC 117828|HIP 117828|IRAS 23509-7555|LTT  9759|NLTT 58294|CNS5 5893|PPM 375856|2MASS J23535017-7537575|USNO-B1.0 0143-00210138|TYC 9477-617-1|UCAC3 29-94034|L   26-27|PPMX J235350.1-753757|DENIS J235349.8-753756|WISEA J235350.77-753800.5|UCAC4 072-041858|PM J23538-7537|Gaia DR2 6377828354964753792|Gaia DR1 6377828350668342272",10.023
"CNS5 5897","WISEA J235402.79+024014.1",358.510076875,2.6718170277777777,"BD*","Y1","CNS5 5897|WISE J235402.77+024015.0|WISEA J235402.79+024014.1",
"CNS5 5926","2MASS J23594034-7335055",359.91812200000004,-73.58486199999999,"BD*","T5.5","TIC 293572002|CNS5 5926|WISEP J235941.07-733504.8|2MASS J23594034-7335055|WISE J235941.07-733504.8|EQ J2359-7335|WISEA J235941.10-733505.0",
"CNS5 593","HD  14412",34.743769923402496,-25.94568716478555,"PM*","G8V","TIC 72748794|GJ 95|HIP 10798|Gaia DR3 5117974602912370432|2MASS J02185853-2556451|PLX  479|CNS5 593|CD-26   828|CPD-26   214|Ci 20  166|GC  2794|GCRV  1300|GEN# +1.00014412|HD  14412|HIC  10798|HR   683|IRAS 02167-2610|LFT  207|LHS  1387|LPM 116|LTT  1178|NLTT  7651|PM 02167-2611|PPM 244874|SAO 167697|SKY#  3416|SPOCS  126|TD1  1364|TYC 6433-2414-1|UBV    2387|UBV M   8876|YZ 116  1064|uvby98 100014412|PLX  479.00|WISEA J021858.30-255639.5|WEB  2274|Gaia DR2 5117974602912370432",6.34
"CNS5 6","*  85 Peg",0.5431196641087498,27.081833083809446,"SB*","G5VbFe-2","TIC 117956546|GJ 914 A|GJ 914 B|HIP 171|Gaia DR3 2853900872207888768|2MASS J00021014+2704570|LSPM J0002+2704|ASCC  647200|USNO-B1.0 1170-00000649|PLX 5807|SBC9 1468|AG+26 2848|CNS5 6|BD+26  4734|BDS 12701|CSI+26  4734  1|CSI+26  4734  4|Ci 20 1473|GC 33334|GCRV 15044|GEN# +1.00224930|GSC 01732-02731|HD 224930|HIC    171|HR  9088|IRAS 23595+2648|JP11  3667|LFT 1848|LHS   101|LTT 17088|NLTT 58829|NSV 14809|PPM  89344|ROT  3472|SAO  91669|SBC7   977|SKY#    59|TD1 30239|UBV   20641|YZ  26 14413|uvby98 100224930|PLX 5807.00|WDS J00022+2705AB|** BU  733AB|Gaia DR2 2853900872207150720|CSI+26  4734  5|[RHG95]  3800|*  85 Peg|TYC 1732-2731-1|PM 23596+2649|1RXS J000211.4+270515|WISEA J000210.87+270444.6|WEB    27",5.75
"CNS5 606","BD+47   612",35.56101565102,47.8800291285,"PM*","M0V","TIC 409527090|MCC 96|StKM 2-205|LAMOST J022214.64+475248.1|GJ 96|HIP 11048|Gaia DR3 354077348697687424|CNS5 606|2MASS J02221463+4752481|PLX  481|LSPM J0222+4752|TYC 3298-1434-1|ASCC  306934|UCAC2  47696767|USNO-B1.0 1378-00062837|AG+47  261|BD+47   612|G 173-53|GCRV  1326|GEN# +0.04700612|HIC  11048|JP11   188|NLTT  7753|PPM  45026|UBV    2437|UBV M   3608|VVO 126|Zkh  41|[RHG95]   427|PLX  481.00|1RXS J022214.1+475304|WISEA J022214.85+475248.5|UCAC4 690-014940|PM J02222+4752|WEB  2324|Gaia DR2 354077348697687424|Karmn J02222+478",
"CNS5 611","WISE J022322.36-293257.2",35.844781958333336,-29.550163,"BD*","T7.5","WISEA J022322.38-293257.3|CWISE J022322.40-293257.7|CNS5 611|WISEP J022322.39-293258.1|EQ J0223-2932|WISE J022322.36-293257.2",
"CNS5 647","G  36-24",38.40489949341,24.927135386741394,"PM*","M3.5Ve","TIC 22750743|GJ 102|Gaia DR3 102162639019033600|PLX  514|LSPM J0233+2455|2MASS J02333717+2455392|USNO-B1.0 1149-00029723|CNS5 647|CSI+24-02307|G  36-24|GEN# +6.10010102|JP11  5108|L 1305-10|LFT  215|LHS  1417|LP  354-46|LTT 10844|NLTT  8312|PM 02307+2443|USNO 408|Zkh  42|[RHG95]   453|PLX  514.00|[ZEH2003] RX J0233.6+2455  3|RX J0233.6+2455|1RXS J023336.5+245549|[GKL99] 67|WISEA J023337.21+245530.5|Gaia DR2 102162639019033600|UCAC4 575-005505|PM J02336+2455|Karmn J02336+249",
"CNS5 652","V* CC Eri",38.59402578732,-43.79635253336,"BY*","K7V","TIC 142206123|GALEX J023422.6-434748|GJ 103|HIP 11964|Gaia DR3 4946938113149426944|2MASS J02342256-4347467|CABS  19|PLX  522|SBC9 130|1ES 0232-44.0|1RXS J023423.0-434739|2E   592|2RE J0234-434|2RE J023422-434718|CCABS  20|CD-44   775|CPC  0  1209|CPD-44   285|GC  3097|GCRV 53214|GEN# +1.00016157|HD  16157|HIC  11964|IRAS 02324-4400|LTT  1261|NLTT  8399|CNS5 652|PPM 306855|RBS   328|RE J0234-434|RE J023420-434709|RE J023421-434732|SAO 215947|SBC7    89|UGP  39|V* CC Eri|[FS2003] 0090|[GKL99] 68|[RHG95]   456|[SBC2004] 2|PLX  522.00|2E 0232.5-4400|2EUVE J0234-43.8|EUVE J0234-43.8|RX J0234.4-4349|TYC 7558-585-1|ASAS J023422-4347.6|WISEA J023422.64-434749.8|UCAC4 232-002361|PM J02343-4347|Gaia DR1 4946938108852568448|WEB  2471|Gaia DR2 4946938113149426944",8.865
"CNS5 655","BD+19   381",38.97211237442,20.219883987400003,"PM*","M3V","TIC 247042708|MCC 395|StKM 2-222|GALEX J023553.4+201310|GJ 104|HIP 12097|Gaia DR3 87921523897823872|2MASS J02355328+2013119|LSPM J0235+2013|ASCC  745692|UCAC2  38915115|USNO-B1.0 1102-00029475|AC +20   821-180|CNS5 655|BD+19   381|G   4-30|GPM  38.971466+20.220224|GPM1  96|HIC  12097|LP  410-93|LTT 10853|NLTT  8428|TYC 1222-408-1|VVO  48|[RHG95]   461|PLX  518.03|WISEA J023553.49+201310.1|UCAC4 552-005008|PM J02358+2013|Gaia DR1 87921519602945152|Gaia DR2 87921523897823872|Karmn J02358+202",10.628
"CNS5 658","HD  16160",39.020422237076254,6.886773237304166,"PM*","K3V","TIC 278962915|AP J02360498+0653140|GJ 105 A|HIP 12114|Gaia DR3 19316224572460416|PLX  520|LSPM J0236+0653|TYC   52-1686-1|ASCC 1005596|2MASS J02360498+0653140|USNO-B1.0 0968-00026119|2E   596|8pc 138.72A|AG+06  271|CNS5 658|BD+06   398|CCDM J02361+0653A|CSI+06   398  1|Ci 20  174|FK5 1073|G  73-70A|G  76-11|GC  3121|GCRV  1464|GEN# +1.00016160A|HD  16160|HIC  12114|HR   753|IDS 02307+0626 A|TIC 471011360|JP11   669|LFT  217|LHS    15|LTT 10858|N30  523|NLTT  8447|PM 02333+0639|PMC 90-93   708|PPM 145742|SAO 110636|SKY#  3865|SPOCS  129|UBV    2586|UBV M   9036|USNO 801|YZ   6   961|YZC 22   961|Zkh  43|[B10]   588|2E 0233.4+0639|WDS J02361+0653A|IRAS 02334+0639|AKARI-IRC-V1 J0236057+065322|WISE J023606.07+065327.1|** GKI    1A|** PLQ   32A|PMSC 02307+0626A|PMSC 02307+0626Aa|WISEA J023606.15+065327.9|WEB  2492|Gaia DR2 19316224572460416|PM 02335+0638|1RXS J023602.7+065256|[TSA98] J023603.28+065221.38",
"CNS5 659","V* BX Cet",39.06361196853625,6.871643222118333,"BY*","M3.5V","TIC 278962913|AP J02361535+0652191|MCC 396|GJ 105 B|Gaia DR3 18565464288396416|LSPM J0236+0652|2MASS J02361535+0652191|USNO-B1.0 0968-00026146|8pc 138.72B|CNS5 659|CCDM J02361+0653B|CSI+06   398  2|Ci 20  175|G  73-71|G  76-12|GEN# +1.00016160B|GEN# +1.20016160|GEN# +9.80073071|GSC 00052-00151|IDS 02307+0626 B|LFT  218|LHS    16|LTT 10859|NLTT  8455|UBV    2587|USNO 802|V* BX Cet|Zkh  44|[R78b] 153|[RHG95]   463|vMa 2-3|** PLQ   32B|WDS J02361+0653C|AKARI-IRC-V1 J0236161+065228|WISE J023616.50+065233.0|PMSC 02307+0626B|Gaia DR2 18565464288396416|WISEA J023616.52+065232.9|UCAC4 485-003632|PM J02362+0652|Karmn J02362+068",
"CNS5 660","APMPM J0237-5928",39.13524735374417,-59.46820633520611,"PM*","M4.5V","TIC 201878287|RAVE J023632.4-592806|Gaia DR3 4725889546721486976|2MASS J02363244-5928057|APMPM J0237-5928|CNS5 660|[SII2000]  77|1RXS J023630.5-592827|RAVE J023632.5-592806|PM J02365-5928|WISEA J023633.27-592800.6|UCAC4 153-002437|Gaia DR2 4725889546721486976",
"CNS5 666","L  174-28",39.46995186189,-58.75307331092001,"PM*","M3V","TIC 201881092|HIP 12261|Gaia DR3 4726357491998516480|CNS5 666|TYC 8490-1130-1|PM J02378-5845|UCAC4 157-002222|2MASS J02375278-5845110|HIC  12261|L  174-28|NLTT  8583|RAVE J023752.8-584511|Gaia DR2 4726357491998516480",12.459
"CNS5 671","L  513-23",39.96129688132958,-34.13265613961861,"PM*","M2.5V","TIC 122574885|GJ 1050|Gaia DR3 5062273240775788416|CNS5 671|L  513-23|LFT  221|LHS   157|LP  941-142|LTT  1304|NLTT  8645|[RHG95]   479|2MASS J02395066-3407557|PM 02377-3420|Gaia DR2 5062273240775788416|WISEA J023951.16-340815.1|GCRV 26217|PM J02398-3407",11.73
"CNS5 676","G  75-35",40.31307182581875,-4.538285074848333,"PM*","M4.5V","TIC 35760711|Gaia DR3 5185165891628969984|2MASS J02411510-0432177|G  75-35|CNS5 676|NLTT  8687|RAVE J024115.1-043218|WISEA J024115.38-043218.4|UCAC4 428-003363|PM J02412-0432|Gaia DR2 5185165891628969984|Karmn J02412-045|WISE J024115.37-043218.3|1RXS J024114.8-043214|** BWL   12A|WDS J02413-0432A",13.79
"CNS5 68","WISE J001505.87-461517.6",3.7729614583333326,-46.25284877777777,"BD*","T8","WISEA J001505.88-461517.8|CNS5 68|WISE J001505.87-461517.6",
"CNS5 682","2MASS J02431371-2453298",40.80715800000001,-24.891620999999997,"BD*","T6.0","TIC 65415207|CWISE J024313.38-245332.8|CNS5 682|2MASS J02431371-2453298|2MASSI J0243137-245329|WISEP J024313.48-245331.5|WISE J024313.47-245331.9|WISEA J024313.47-245332.1|EQ J0243-2453",
"CNS5 686","* tet Per B",41.04278027405792,49.23166538440306,"PM*","M1.5V","TIC 302158899|GJ 107 B|Gaia DR3 438829835272390784|CNS5 686|2MASS J02441025+4913540|LSPM J0244+4913W|* tet Per B|ADS  2081 B|BD+48   746B|CCDM J02441+4913B|CSI+48   746  3|GCRV  1538|IDS 02374+4848 B|LTT 10895|NLTT  8787|[RHG95]   489|WDS J02442+4914B|** STF  296B|PM J02441+4913W|WEB  2598|Gaia DR2 438829835272390784|Karmn J02441+492",9.87
"CNS5 687","* tet Per",41.04994423087624,49.228448519215,"PM*","F8V","TIC 302158903|GJ 107 A|HIP 12777|Gaia DR3 438829629114680704|CNS5 687|2MASS J02441197+4913423|PLX  549|ASCC  308753|USNO-B1.0 1392-00066611|* tet Per|*  13 Per|ADS  2081 A|AG+49  316|BD+48   746|CCDM J02441+4913A|CSI+48   746  1|FK5   93|GC  3277|GCRV  1537|HD  16895|HIC  12777|HR   799|IDS 02374+4848 A|IRC +50072|JP11   687|LTT 10894|N30  554|NLTT  8789|NSV   902|PMC 90-93    67|PPM  45428|ROT   367|SAO  38288|SKY#  4109|SPOCS  138|TD1  1607|UBV    2700|UBV M   9113|[HFE83]  168|LSPM J0244+4913E|WDS J02442+4914A|TYC 3304-2737-1|** STF  296A|WEB  2597|Gaia DR2 438829629113960704|1RXS J024411.7+491348|GEN# +1.00016895|CSI+48   746  4|IRAS 02407+4901",4.11
"CNS5 688","V* VX Ari",41.064623921057915,25.523365237277776,"PM*","dM3","TIC 436856183|MCC 400|GJ 109|HIP 12781|Gaia DR3 114207651462714880|PLX  555|LSPM J0244+2531|ASCC  654779|UCAC2  40803044|2MASS J02441537+2531249|USNO-B1.0 1155-00031777|1RXS J024416.0+253134|8pc 132.42|AC +25  7918|CNS5 688|CSI+25-02413|Ci 20  180|G  36-31|GCRV  1544|GEN# +6.10010109|GEN# +9.80036031|HIC  12781|JP11  5109|LFT  224|LHS  1439|LTT 10897|NLTT  8817|PM 02413+2519|Ross  556|TYC 1772-986-1|UBV M  42925|UBV    2710|V* VX Ari|VVO  51|Zkh  46|[GS83]  68|[RHG95]   492|PLX  555.00|RX J0244.2+2531|[ZEH2003] RX J0244.2+2531  1|[GKL99] 75|WISEA J024416.15+253120.5|StKM 2-231|UCAC4 578-006105|PM J02442+2531|WEB  2599|Gaia DR2 114207651462714880|Karmn J02442+255",10.563
"CNS5 69","G 158-50",3.8671287410784307,-16.13378620354036,"**","M4V","Gaia DR3 2368293487261055488|GJ 1005|HIP 1242|2MASS J00152799-1608008|CNS5 69|G 158-50|G 266-76|GEN# +9.80158050|HIC   1242|TIC 12862728|L  722-22|LFT   22|LHS  1047|LP  764-87|LTT   114|NLTT   763|PM 00129-1624|Zkh   4|PLX   40.01|WDS J00155-1608AB|** HEI  299|PM J00154-1608|TYC 5839-1083-1|[RHG95]    41|CCDM J00155-1608AB|Gaia DR2 2368293487260807040|WISEA J001528.52-160808.2|GCRV 26216|UCAC4 370-000307|Karmn J00154-161",11.483
"CNS5 690","LP  993-115",41.29468954685125,-43.742232162954714,"PM*","M4","TIC 142305549|Gaia DR3 4947513157730843136|APMPM J0245-4344A|CCDM J02452-4344A|IDS 02414-4409 A|LTT  1339|CNS5 690|[SII2000]  90|2MASS J02451070-4344319|WDS J02452-4344B|UCAC3 93-5947|UCAC4 232-002540|WISEA J024510.75-434436.0|LP  993-115|PM J02451-4344|Gaia DR2 4947513157730843136|NLTT  8911",12.34
"CNS5 694","SCR J0246-7024",41.50943558075,-70.40173873469,"PM*","M4.5V","TIC 259901346|WISE J024602.68-702407.1|Gaia DR3 4646616923022587136|CNS5 694|2MASS J02460224-7024062|SCR J0246-7024|UCAC4 098-002679|PM J02460-7024|Gaia DR2 4646616923022587136",14.874
"CNS5 699","LP  411-6",41.64464305138,16.419501011884723,"PM*","M6V","TIC 218088471|GJ 3181|Gaia DR3 33732162042339072|LSPM J0246+1625|2MASS J02463486+1625115|USNO-B1.0 1064-00027918|CNS5 699|LHS  1443|LP  411-6|NLTT  8943|[RHG95]   502|PLX  562.01|Gaia DR2 33732162042339072|WISEA J024634.10+162504.2",
"CNS5 7","LAWD 96",0.5446841568745833,-43.16538627185055,"WD*","DAP5.8","TIC 321979116|GJ 915|Gaia DR3 4994877094997259264|2MASS J00021076-4309560|PLX 5808|CNS5 7|BPM 45338|CF 20541|CSI-43-23595|Ci 20 1474|EGGR 165|GEN# +9.85988088|L  362-81|LAWD 96|LFT 1849|LHS  1005|LP  988-88|LPM 901|LTT  9857|UBV   20649|WD 2359-43|WD 2359-434|Zkh 356|uvby98 986362081|PLX 5808.00|PM 23596-4325|WISEA J000211.31-431002.6|Gaia DR2 4994877094997259264|NLTT 58832|LEHPM 64",13.05
"CNS5 70","PM J00156+4735",3.9126622843999996,47.58943805284001,"PM*",,"TIC 440065990|Gaia DR3 392350008432819328|CNS5 70|TYC 3251-1875-1|2MASS J00153905+4735220|UCAC2  47678882|UCAC4 688-001741|Gaia DR2 392350008429133184|PM J00156+4735",10.97
"CNS5 704","EGGR 473",42.15178800726416,54.38957350174194,"WD*","DAZ9","TIC 470881332|PSO J042.1491+54.3881|GALEX J024836.1+542321|GJ 3182|Gaia DR3 453562088496088320|CNS5 704|LSPM J0248+5423|NLTT  8988|2MASS J02483643+5423225|EGGR 473|G 174-14|LHS  1446|USNO 585|WD 0245+541|WD 0245+54|uvby98 980174014|USNO-B1.0 1443-00089405|PLX  561.01|WISEA J024835.91+542318.5|Gaia DR2 453562088496088320|PM J02486+5423",
"CNS5 710","CD-53   570",42.54056092487708,-53.13896972616194,"PM*","M1.5V","TIC 231279823|TYC 8491-457-1|WISE J025009.58-530815.0|GJ 114.1|GJ 9103 A|HIP 13218|Gaia DR3 4741883764414703232|2MASS J02500975-5308204|PLX  596|CD-53   570|CSI-53   570 21|Ci 20  188|HIC  13218|LFT  233|LHS  1452|LPM 131|LTT  1363|NLTT  9133|NSV   964|CNS5 710|UBV M  43002|[RHG95]   509|PM 02486-5321|WISEA J025009.59-530814.9|UCAC4 185-002678|PM J02501-5308|Gaia DR2 4741883764414703232|Gaia DR1 4741883760118440320",10.689
"CNS5 713","2MASS J02511490-0352459",42.81249545423709,-3.8800207773027773,"BD*","L3","TIC 10934710|Gaia DR3 5185493447310441728|2MUCD 10151|CNS5 713|2MASS J02511490-0352459|2MASSI J0251148-035245|[B2006] J025114.9-035245|WISEA J025115.77-035307.6|WISE J025115.76-035307.0|SDSS J025115.51-035300.9",
"CNS5 719","L  127-97",43.092373280870426,-63.67981085377611,"PM*","M2.5V","TIC 220526731|RAVE J025222.1-634048|GJ 118|HIP 13389|Gaia DR3 4721111481504887040|2MASS J02522213-6340475|CSI-63-02512|HIC  13389|L  127-97|LEHPM 2852|LHS   160|NLTT  9248|CNS5 719|[RHG95]   518|LTT  1379|LPM 135|LFT  237|CSI-63-02511|PLX  604.1|PM 02512-6355|PLX  604.10|WISEA J025223.72-634040.6|GCRV 26219|TYC 8862-1495-1|UCAC4 132-002476|PM J02523-6340|Gaia DR2 4721111481504251264",11.382
"CNS5 722","HD  17925",43.13386744000459,-12.769713348950832,"RS*","K1V","TIC 30016911|GJ 117|HIP 13402|Gaia DR3 5160075762132996992|2MASS J02523210-1246109|PLX  599|CNS5 722|2E   674|BD-13   544|Ci 20  190|GC  3449|GCRV  1611|GEN# +1.00017925|HD  17925|HIC  13402|HR   857|IRAS 02501-1258|JP11   713|LTT  1372|NLTT  9195|NSV   975|PPM 212115|RBS   367|SAO 148647|SKY#  4312|SPOCS  140|TD1  1733|UBV M   9201|UBV    2795|USNO 804|V* EP Eri|YZ V11   652|Zkh  47|uvby98 100017925|PLX  599.00|Ci 18  373|1ES 0250-12.9|1RXS J025232.3-124610|2E 0250.1-1258|2EUVE J0252-12.7|EUVE J0252-12.7|TYC 5292-897-1|[GKL99] 82|** LWR    4A|WDS J02525-1246A|WEB  2683|Gaia DR2 5160075762132996992",6.05
"CNS5 723","NAME Teegarden's Star",43.253715805170415,16.881286719482496,"LM*","dM6","TIC 257870150|Gaia DR3 35227046884571776|GAT 1370|LSPM J0253+1652|2MASS J02530084+1652532|CNS5 723|FBS L 14-17|FBS 0250+167|NAME SO J025300.5+165258|NAME APM EO0425-0315372|USNO-B1.0 1068-00028941|USNO-A2.0 1050-00774305|WISEP J025303.27+165214.2|PM J02530+1652|NAME Teegarden's Star|WISEA J025303.34+165213.2|Gaia DR2 35227046884571776|Karmn J02530+168",15.14
"CNS5 73","G  32-5",3.9551763114787506,13.556198965134167,"PM*","M4V","TIC 52005579|GJ 12|TOI-6251|Gaia DR3 2768048564768256512|2MASS J00154919+1333218|LSPM J0015+1333|USNO-B1.0 1035-00002957|PLX   42|CNS5 73|CSI+13-00132|G  32-5|G  30-55|L 1154-29|LFT   23|LHS  1050|LP  464-42|LTT 10083|NLTT   786|PM 00132+1316|[RHG95]    43|PLX   42.00|WISEA J001549.70+133325.8|UCAC4 518-000486|PM J00158+1333|Gaia DR2 2768048564768256512|Karmn J00158+135",12.6
"CNS5 730","2MASS J02540788+0223563",43.53285999999999,2.398985,"BD*","T8.0","CNS5 730|2MASS J02540788+0223563|WISEP J025409.45+022359.1|PSO J043.5395+02.3995|EQ J0254+0223|WISE J025409.51+022358.6|WISEA J025409.55+022358.5|ULAS J025409.58+022358.7|SDSS J025409.24+022358.2|TIC 368644998",
"CNS5 732","DENIS J025503.3-470049",43.76538627452958,-47.014265806654166,"BD*","L9","TIC 146692032|Gaia DR3 4752399493622045696|2MUCD 10158|2MASS J02550357-4700509|2MASSI J0255035-470050|CNS5 732|NAME DENIS 0255-4700|DENIS J0255.0-4700|DENIS J025503.3-470049|Gaia DR2 4752399493622045696|WISEA J025504.75-470057.3",22.921
"CNS5 744","2MASS J02572581-3105523",44.35764918804334,-31.0978321594075,"BD*","L8.5","TIC 91591962|Gaia DR3 5052876333365036928|CNS5 744|2MUCD 20139|2MASS J02572581-3105523|DENIS J025725.7-310552|WISEA J025726.34-310548.5|Gaia DR2 5052876333365036928|EQ J0257-3105",
"CNS5 747","L  802-6",44.54261848369418,-12.885000650998055,"PM*","sdM3.0","GJ 3189|Gaia DR3 5159273530961537280|TIC 98755656|2MASS J02581021-1253066|CNS5 747|L  802-6|LHS  1481|LP  711-32|LTT  1415|NLTT  9474|PM 02558-1306|TIC 471012273|[RHG95]   532|PLX  619.02|WISEA J025810.42-125300.3|UCAC4 386-003297|PM J02581-1253|Gaia DR2 5159273530961537280|LFT  243",12.669
"CNS5 757","BD-17   588A",45.46414028376999,-16.59334199403472,"PM*","M3V","TIC 98796344|** RST 2292A|PM J03018-1635A|TOI-455|L  730-18|GJ 3193|Gaia DR3 5153091836072107136|CNS5 757|LP  771-96|NLTT  9672|[RHG95]   539|2MASS J03015142-1635356|WDS J03019-1633A|TYC 5865-694-1|CCDM J03019-1635A|BD-17   588A|UCAC4 368-003329|Gaia DR1 5153091831776839040|Gaia DR2 5153091836072107136|LTT  1445A",10.529
"CNS5 770","WISE J030449.03-270508.3",46.20396279166667,-27.087042750000002,"BD*","Y0pec","WISEA J030449.04-270508.1|CNS5 770|WISE J030449.03-270508.3",
"CNS5 774","SSSPM J0306-3648",46.54832878515583,-36.798014960209436,"Em*","M8.7V","TIC 308243298|Gaia DR3 5047423236725995136|2MASS J03061159-3647528|LEHPM 3070|CNS5 774|SSSPM J0306-3648|USNO-B1.0 0532-00040429|2MASSI J0306115-364753|DENIS J030611.5-364753|WISEA J030611.44-364759.9|Gaia DR2 5047423236725995136",19.2
"CNS5 784","G  76-62",47.25069736490417,10.023791878124443,"PM*","M5V","GJ 1055|Gaia DR3 14912165107085184|Karmn J03090+100|LSPM J0309+1001|NLTT 10009|2MASS J03090015+1001257|USNO-B1.0 1000-00028141|CNS5 784|G  79-3|G  76-62|GEN# +9.80076062|LHS  1504|UBV M  53652|USNO 116|[RHG95]   560|PLX  652.01|WISEA J030900.36+100119.5|UCAC4 501-004759|PM J03090+1001|TIC 365369408|Gaia DR2 14912165107085184|PM 03063+0950",14.86
"CNS5 786","* iot Per",47.266747088337084,49.613278348150835,"PM*","G0V","TIC 116988032|GJ 124|HIP 14632|Gaia DR3 436648129327098496|CNS5 786|AP J03090387+4936479|PLX  647|LSPM J0309+4936|ASCC  310426|2MASS J03090387+4936479|USNO-B1.0 1396-00079856|* iot Per|2E   726|AG+49  366|BD+49   857|CCDM J03091+4936A|CSI+49   857  1|Ci 20  208|FK5  112|GC  3740|GCRV  1734|GEN# +5.20200044|HD  19373|HIC  14632|HR   937|IDS 03018+4914 A|IRC +50086|JP11  4560|Koenig  3|LFT  256|LHS   166|LTT 11020|N30  638|NLTT  9973|PM 03054+4925|PMC 90-93    81|PPM  45875|ROT   418|SAO  38597|SKY#  4707|SPOCS  153|TD1  1908|TYC 3318-1840-1|UBV    3013|UBV M  40907|UBV M   9338|uvby98 520200044|Cl Melotte   20    44|PLX  647.00|1E 0305.5+4924|2E 0305.5+4925|EUVE J0309+49.6|WDS J03091+4937A|WISEA J030905.34+493646.9|IRAS 03055+4925|AKARI-IRC-V1 J0309050+493647|WEB  2842|Gaia DR2 436648129326142336",
"CNS5 795","CPD-69   177",47.629248316740004,-68.60093910233,"WD*","DA3.0","TIC 31674330|GALEX J031031.2-683602|GJ 127.1|HIP 14754|Gaia DR3 4646535078125821568|2MASS J03103100-6836032|CPD-69   177|CSI-69   177 41|CSV 102408|GEN# -0.06900177|GSC 09145-00601|HIC  14754|LB  3303|NSV  1075|CNS5 795|TYC 9145-601-1|UBV M  42292|WD 0310-688|WD 0310-68|uvby98 620020021|uvby98 -006900177 A|WDS J03105-6836A|USNO-B1.0 0213-00022473|WISEA J031031.09-683604.4|EGGR  21|EC 03100-6847|CSI-68-03100|UBV    3139|** EGG    6A|Gaia DR2 4646535078125821568",11.394
"CNS5 798","G 221-5",47.74292528681583,73.77213566396166,"PM*","M5V","TIC 428681517|GJ 1053|Gaia DR3 547381594623756416|CNS5 798|2MASS J03105861+7346189|LSPM J0310+7346|NLTT  9965|USNO-B1.0 1637-00035825|G 221-5|GEN# +9.80221005|LHS    18|LP   30-331|LP   31-60|USNO 304|[RHG95]   554|PLX  639.01|Gaia DR2 547381594623756416|WISEA J031102.82+734608.4|PM J03109+7346",
"CNS5 804","* alf For B",48.0174961244575,-28.98694736457639,"PM*","G7V","GJ 127 B|Gaia DR3 5059349158319689344|* alf For B|ADS  2402 B|CNS5 804|CCDM J03121-2859B|CD-29  1177B|CSI-29  1177 23|IDS 03078-2923 B|TYC 6445-990-2|WDS J03121-2859B|** HJ 3555B|HD  20010B|UCAC4 306-003184|Gaia DR2 5059348952156075392|TIC 651379982",7.19
"CNS5 805","* alf For",48.018874183263755,-28.987621986758608,"PM*","F6V","Gaia DR2 5059348952156075776|TIC 88523071|GC  3831|PLX  664|* alf For|*  12 Eri|2RE J0312-285|2RE J031201-285843|CD-29  1177|CPD-29   362|CSI-29  1177 21|CSI-29  1177 22|Ci 20  211|EUVE J0312-29.0|GCRV  1772|HD  20010|HIC  14879|HR   963|IRC -30028|JP11   757|LFT  261|LHS  1515|LPM 143|LTT  1512|N30  655|NLTT 10215|PM 03099-2911|PPM 245929|RBS   394|ROT   432|SAO 168373|SKY#  4793|SRS  40575|TD1  1986|UBV    3105|YZ 119  1238|1ES 0309-29.1|1RXS J031203.9-285924|2EUVE J0312-28.9|EUVE J0312-28.9|2MASS J03120443-2859156|HIP 14879|IRAS 03099-2910|GSC 06445-00990|CSV   6016|NSV  1074|RAFGL 4031|AKARI-IRC-V1 J0312045-285914|WISE J031204.62-285908.5|IRAS F03099-2910|uvby98 100020010|WEB  2871|Gaia DR3 5059348952161258624|CNS5 805|ADS  2402 A|CCDM J03121-2859A|CD-29  1177A|IDS 03078-2923 A|GJ 127 A|WDS J03121-2859A|** HJ 3555A|TYC 6445-990-1|* alf For A|HD  20010A|UCAC4 306-003185|NAME-IAU Dalim",3.98
"CNS5 808","V* CD Cet",48.345489612647086,4.7748157078130555,"BY*","M4.5V","TIC 328465904|GJ 1057|Gaia DR3 3179036008830848|PLX  665.0|LSPM J0313+0446|NLTT 10256|2MASS J03132299+0446293|USNO-B1.0 0947-00030515|CNS5 808|CSI+04-03107|G  77-31|G  79-13|GEN# +9.80077031|GSC 00059-00616|JP11  5938|LHS   168|PM 03107+0435|UBV M  53654|USNO  10|V* CD Cet|Zkh  48|[R78b] 208|[RHG95]   574|PLX  665.01|PM J03133+0446S|Gaia DR2 3179036008830848|WISEA J031324.14+044630.2|UCAC4 474-004350|Karmn J03133+047",14.001
"CNS5 809","WISEP J031325.96+780744.2",48.357532416666665,78.1288448611111,"BD*","T8.5","CNS5 809|WISEP J031325.96+780744.2|EQ J0313+7807|WISE J031325.94+780744.3|WISEA J031326.00+780744.3",
"CNS5 811","2MASS J03140344+1603056",48.5143438423,16.05152007735,"BD*","L0","TIC 333624314|WISEA J031403.27+160304.9|Gaia DR3 31235033696866688|2MASS J03140344+1603056|2MUCD 20156|CNS5 811|WISE J031403.26+160305.0|Gaia DR2 31235033696866688",
"CNS5 820","Ross  370A",49.057629992000834,58.16737079271139,"PM*","M2.0V","TIC 385254633|WISE J031614.39+580959.0|GJ 130.1 A|Gaia DR3 461701979229013376|CNS5 820|GJ 9113 A|ADS  2427 A|CCDM J03162+5810A|CSI+57-03123  1|Ross  370A|TYC 3714-19-1|WDS J03162+5810A|USNO-B1.0 1481-00136817|** MLB  115A|UCAC3 297-64821|2MASS J03161381+5810024|PPMX J031613.8+581002|Gaia DR2 461701979229013376|ASCC  173354|LSPM J0316+5810S|NLTT 10343|LFT  265|LTT 11062|[RHG95]   582|LHS  1522|PM J03162+5810S|Karmn J03162+581S",10.76
"CNS5 822","Ross  370B",49.05796671135542,58.16874304221776,"PM*","M2.0V","TIC 385254626|WISE J031614.45+581004.1|GJ 130.1 B|GJ 9113 B|Gaia DR3 461701979233050624|CNS5 822|2MASS J03161389+5810072|LSPM J0316+5810N|ASCC  173355|USNO-B1.0 1481-00136819|ADS  2427 B|CCDM J03162+5810B|CSI+57-03123  2|LFT  266|LHS  1523|LTT 11063|NLTT 10342|Ross  370B|TYC 3714-19-2|[RHG95]   583|WDS J03162+5810B|** MLB  115B|Gaia DR2 461701979233050624|PM J03162+5810N|Karmn J03162+581N",
"CNS5 823","WISE J031624.35+430709.1",49.10023208333333,43.119671499999995,"BD*","T8","WISEA J031624.40+430708.7|CNS5 823|WISE J031624.35+430709.1|EQ J0316+4307",
"CNS5 829","* zet01 Ret",49.44234772895417,-62.575320126845554,"PM*","G2.5VHdel1","TIC 279649057|GJ 136|HIP 15330|Gaia DR3 4722111590409480064|2MASS J03174616-6234313|PLX  701|* zet01 Ret|CCDM J03180-6232B|CPC 20.1   680|CPD-63   217|Ci 20  224|GC  3966|GCRV  1837|GEN# +1.00020766|HD  20766|HIC  15330|HR  1006|IDS 03160-6253 B|JP11   772|LFT  275|LHS   171|LPM 146|LTT  1573|N30  678|NLTT 10575|CNS5 829|PM 03167-6246|PPM 353436|SAO 248770|SKY#  4949|SPOCS  158|UBV    3226|UBV M   9460|WDS J03182-6230B|PLX  701.00|1RXS J031743.8-623452|RX J031743.8-623452|IRAS 03168-6245|TYC 8863-1556-1|** ALB    1B|WISEA J031748.15-623424.1|WEB  2948|Gaia DR2 4722111590409480064",5.54
"CNS5 833","* zet02 Ret",49.55341201004875,-62.506362419731104,"**","G1V","TIC 279649049|GJ 138|HIP 15371|Gaia DR3 4722135642226902656|2MASS J03181281-6230230|PLX  705|* zet02 Ret|CCDM J03180-6232A|CPC 20.1   685|CPD-62   265|Ci 20  226|GC  3975|GCRV  1842|GEN# +1.00020807|HD  20807|HIC  15371|HR  1010|IDS 03160-6253 A|TIC 471011143|JP11   777|LFT  276|LHS   172|LPM 148|LTT  1576|N30  680|NLTT 10597|CNS5 833|PM 03171-6242|PPM 353441|SAO 248774|SKY#  4958|SPOCS  159|UBV    3233|UBV M   9467|IRAS 03172-6241|TYC 8863-1557-1|WDS J03182-6230Aa,Ab|** BNU    2|** ALB    1A|WDS J03182-6230A|WISEA J031814.85-623015.9|WEB  2954|Gaia DR2 4722135642226356736",5.228
"CNS5 837","2MASSI J0318540-342129",49.72531703555875,-34.35807890913527,"BD*","L7","TIC 176851444|Gaia DR3 5053399803976245760|2MASSI J0318540-342129|2MUCD 10176|2MASS J03185403-3421292|CNS5 837|WISEP J031854.37-342128.7|WISEA J031854.39-342128.7|Gaia DR2 5053399803976245760|WISE J031854.38-342128.7",
"CNS5 840","* kap01 Cet",49.840401739905,3.370198605523333,"BY*","G5V","TIC 343813545|HIP 15457|AP J03192169+0322126|CNS5 840|2MASS J03192169+0322126|PLX  691|LSPM J0319+0322|TYC   59-1947-1|ASCC 1099825|USNO-B1.0 0933-00055428|* kap01 Cet|* kap Cet|*  96 Cet|1AXG J031921+0322|2E   752|2RE J031916+032256|2RE J0319+032|AG+03  376|BD+02   518|CCDM J03194+0321A|CSV   6022|FK5 1093|GC  3969|GCRV  1838|GEN# +1.00020630|GSC 00059-01947|HD  20630|HIC  15457|HR   996|IDS 03141+0300 A|IRAS 03167+0311|JP11   767|LTT 11094|N30  679|NLTT 10577|NSV  1100|PMC 90-93   724|PPM 146448|RBS   411|RE J0319+032|RE J031917+032158|ROT   453|SAO 111120|SKY#  4985|SPOCS  161|TD1  2084|UBV    3208|UBV M   9446|USNO 805|V* kap01 Cet|YZ   3   957|Zkh  49|[FS2003] 0120|uvby98 100020630|PLX  691.00|1ES 0316+03.1|1RXS J031920.8+032217|2E 0316.7+0311|2EUVE J0319+03.3|EUVE J0319+03.3|RX J0319.3+0322|[ZEH2003] RX J0319.3+0322  1|GJ 137|WDS J03194+0322A|** STT  557A|V* kap Cet|WISEA J031921.89+032213.7|WEB  2972|Gaia DR2 3269362645115584640|WISE J031921.86+032213.8|UCAC4 467-004501|Gaia DR3 3269362645115584640",4.85
"CNS5 843","* e Eri",49.9818788009275,-43.069781996785,"PM*","G6V","TIC 301051051|GJ 139|HIP 15510|Gaia DR3 4847957293278177024|2MASS J03195563-4304112|PLX  703|* e Eri|*  82 Eri|AC2000 3488626|CD-43  1028|CPC  0  1580|CPD-43   354|Ci 20  227|FK5  119|GC  4000|GCRV  1851|GEN# +1.00020794|HD  20794|HIC  15510|HR  1008|JP11   773|LFT  277|LHS    19|LPM 147|LTT  1583|N30  684|NLTT 10637|CNS5 843|PM 03179-4316|PPM 307533|SAO 216263|SKY#  4999|SPOCS  162|TD1  2110|TYC 7567-1183-1|UBV    3229|UBV M   9464|Zkh  50|uvby98 100020794|PLX  703.00|Gaia DR2 4847957293277762560|IRAS 03180-4315|AKARI-IRC-V1 J0319577-430406|IRAS F03180-4315|1RXS J031954.5-430417|WEB  2978",4.27
"CNS5 851","G 245-71",50.34075281431208,79.96726478949527,"PM*","M2.0V","TIC 357936741|AP J03212176+7958022|GJ 133|HIP 15638|Gaia DR3 567659818855055488|CNS5 851|2MASS J03212176+7958022|PLX  659|LSPM J0321+7958|ASCC   10877|USNO-B1.0 1699-00016742|AC +79  1584-0|AC +79  1584|CSI+79-03139|G 245-71|HIC  15638|LHS  5072|LTT 11070|NLTT 10421|[RHG95]   587|PLX  659.00|WISEA J032123.34+795805.0|PM J03213+7958|TYC 4517-747-1|Gaia DR2 567659818855055488|Gaia DR1 567659814558261120|Karmn J03213+799",
"CNS5 858","WISEA J032309.12-590751.0",50.78487766666667,-59.13234505555556,"BD*","T7","CNS5 858|WISEA J032309.12-590751.0",
"CNS5 864","WISE J032337.53-602554.5",50.903462375,-60.43132683333332,"BD*","T8.5","WISEA J032337.57-602554.5|CNS5 864|WISEP J032337.53-602554.9|EQ J0323-6025|WISE J032337.53-602554.5",
"CNS5 874","WISE J032547.72+083118.2",51.448541125,8.521843583333332,"BD*","T7","WISEA J032547.73+083118.2|CNS5 874|WISE J032547.72+083118.2|EQ J0325+0831",
"CNS5 884","HD  21531",51.96835847044505,-19.804483578400866,"SB*","K5V","TIC 92357813|StKM 2-291|GJ 142|HIP 16134|Gaia DR3 5101578445000656128|2MASS J03275236-1948165|PLX  724|Cl* Melotte   25    EGG      21|2E   779|BD-20   643|CNS5 884|CPD-20   390|Ci 20  237|GC  4128|GCRV  1906|GEN# +1.00021531|HD  21531|HIC  16134|IRAS 03256-1958|TIC 651667585|LFT  284|LHS  1548|LPM 153|LTT  1637|MCC 101|NLTT 10996|PM 03256-1959|PPM 212935|RBS   426|SAO 148971|SRS   5095|TYC 5876-955-1|UBV    3334|UBV M   9528|UGP  56|YZ 109   963|uvby98 100021531|PLX  724.00|Ci 18  456|1RXS J032750.7-194823|2E 0325.6-1958|WISEA J032752.80-194812.9|UCAC4 351-003849|WEB  3075|Gaia DR2 5101578445000656128",8.367
"CNS5 89","HD   1326",4.5953540832,44.02295498655222,"PM*","M2V","TIC 440109725|AP J00182256+4401222|MCC 85|StKM 2-24a|GJ 15 A|HIP 1475|Gaia DR3 385334230892516480|ASCC  373571|2MASS J00182256+4401222|LSPM J0018+4401W|USNO-B1.0 1340-00005988|PLX   49|8pc 280.27A|AC2000 1406215|ADS   246 A|AG+43   37|CNS5 89|BD+43    44|CCDM J00184+4401A|CSI+43    44  4|CSI+43    44  1|Ci 20   19|DO 23070|G 171-47|GAT 1029|GC   358|GCRV   161|GEN# +1.10001326|Gmb   34|HIC   1475|JP11   170|JP11   360|LFT   31|LHS     3|LTT 10108|NLTT   919|PM 00155+4344|PPM  42798|SAO  36248|SV* SVS  2042|TYC 2794-157-1|UBV     205|UBV     207|USNO 787|V* GX And|VVO 124|Zkh   5|[GS83]  66|[RHG95]    60|WDS J00184+4401A|Gaia DR2 385334230892516480|** GRB   34A|HD   1326|[GKL99] 9|AKARI-IRC-V1 J0018248+440125|WISE J001825.71+440126.8|WISEA J001825.70+440126.9|UCAC4 671-001465|Gaia DR1 385334123516493568|WEB   265|PM J00183+4401|Karmn J00183+440",8.14
"CNS5 899","LSPM J0330+5413",52.70370972171,54.23198766494001,"PM*","M7V","TIC 316627328|Gaia DR3 445100418805396608|CNS5 899|2MASS J03304890+5413551|USNO-B1.0 1442-00105844|LSPM J0330+5413|WISEA J033048.70+541355.0|Gaia DR2 445100418805396608",15.96
"CNS5 90","HD   1326B",4.607604753587916,44.02724789773806,"PM*","M3.5V","TIC 440109718|AP J00182549+4401376|StKM 2-24b|GJ 15 B|Gaia DR3 385334196532776576|ASCC  373580|2MASS J00182549+4401376|8pc 280.27B|ADS   246 B|CNS5 90|BD+43    44B|CCDM J00184+4401B|CSI+43    44  3|G 171-48|GCRV   162|GEN# +1.00001326C|HD   1326B|TIC 471011162|JP11   171|LFT   32|LHS     4|LTT 10109|NLTT   923|PM 00156+4345|SV* SVS  1804|V* GQ And|Zkh   6|[GS83]  69|[RHG95]    61|LSPM J0018+4401E|WDS J00184+4401B|Gaia DR2 385334196532776576|** GRB   34B|PM J00184+4401|[GKL99] 10|WISEA J001828.65+440141.3|WEB   266|Karmn J00184+440",11.04
"CNS5 902","LP  888-18",52.87606752460625,-30.710784846106105,"PM*","M7.5V","TIC 142944290|Gaia DR3 5055805741577757824|2MUCD 10186|2MASS J03313025-3042383|2MASSI J0331302-304238|CNS5 902|LEHPM 3374|LP  888-18|NLTT 11163|USNO-B1.0 0592-00035569|[B2006] J033130.2-304238|WISEA J033130.29-304243.0|Gaia DR2 5055805741577757824",18.9
"CNS5 905","* eps Eri",53.23268537982792,-9.458260970518056,"BY*","K2V","GES J03325495-0927294|TIC 118572803|RAVE J033255.8-092730|Gaia DR3 5164707970261890560|GJ 144|GJ 144.0|HIP 16537|AP J03325591-0927298|8pc 310.75|PLX  742|2MASS J03325591-0927298|* eps Eri|*  18 Eri|1AXG J033256-0926|2E   788|2RE J033253-092646|2RE J0332-092|BD-09   697|CNS5 905|CCDM J03329-0927A|Ci 20  241|FK5  127|GC  4244|GCRV  1962|GEN# +1.00022049|HD  22049|HIC  16537|HR  1084|IRAS 03305-0937|IRC -10048|JP11   792|LFT  291|LHS  1557|LPM 158|LTT  1675|N30  726|NLTT 11207|PM 03306-0938|PMC 90-93    91|PPM 185905|RAFGL  497|RBS   439|RE J0332-092|RE J033255-092717|ROT   531|SACS  76|SAO 130564|SKY#  5366|SPOCS  171|TD1  2301|TYC 5296-1533-1|UBV    3410|UBV M   9580|V* eps Eri|YZ   0  4513|YZ  99   836|Zkh  51|[FS2003] 0134|uvby98 100022049|PLX  742.00|1E 0330.5-0937|1RXS J033256.4-092727|2E 0330.5-0937|2EUVE J0332-09.4|EUVE J0332-09.4|RX J0332.9-0927|WDS J03329-0927A|WDS J03329-0927Aa,Ab|** BLA    2|Gaia DR2 5164707970261630080|** MBA    1A|NAME Ran|WEB  3160",3.73
"CNS5 906","CD-45  1184",53.23273826813209,-44.70194551339306,"PM*","M2.5V","TIC 79568861|HIP 16536|Gaia DR3 4846689899968623744|CNS5 906|TYC 7574-455-1|PM J03329-4442|UCAC4 227-003357|2MASS J03325585-4442070|PLX  748|CD-45  1184|CF  1005|GEN# -0.04501184|HIC  16536|LTT  1678|NLTT 11234|NSV  1191|[RHG95]   636|PLX  748.00|GJ 145|Gaia DR2 4846689899968623744|Gaia DR1 4846689895672507136",11.478
"CNS5 910","LEHPM 3396",53.550910309240415,-49.89222999879111,"LM*","M9","TIC 200851011|Gaia DR3 4736655036868019072|2MASS J03341218-4953322|LEHPM 3396|CNS5 910|2MASSI J0334114-495334|DENIS J033411.3-495333|WISEA J033414.84-495326.8|Gaia DR2 4736655036868019072",
"CNS5 912","HD  22496",53.75391613544042,-48.419141253927776,"PM*","K5V","TIC 200851505|GJ 146|HIP 16711|Gaia DR3 4833654227548585856|2MASS J03350093-4825089|PLX  754|CD-48  1011|CPC  0  1743|CPD-48   376|Ci 20  244|GCRV  1987|GEN# +1.00022496|HD  22496|HIC  16711|IRAS 03334-4835|LFT  294|LHS  1563|LPM 160|LTT  1698|NLTT 11339|NSV  1203|CNS5 912|PM 00334-4835|PPM 307774|SAO 216392|UBV    3459|UGP  61|[RHG95]   640|PLX  754.00|TYC 8063-834-1|WISEA J033501.37-482505.7|Gaia DR1 4833654223252552192|WEB  3183|Gaia DR2 4833654227548585856",8.57
"CNS5 913","WISEA J033515.07+431044.7",53.80945708333334,43.18145005555556,"BD*","T9","CNS5 913|WISE J033515.01+431045.1|EQ J0335+4310|WISEA J033515.07+431044.7",
"CNS5 914","LP  653-13",53.91089280883958,-8.489665608982774,"PM*","M5.5V","Gaia DR3 5165286828773802880|DENIS J033538.5-082922|2MASS J03353849-0829223|CNS5 914|TIC 471012368|LHS   176|LP  653-13|NLTT 11328|TIC 118590684|Gaia DR2 5165286828773802880|WISEA J033539.67-082926.1|Karmn J03356-084",15.885
"CNS5 919","L  372-58",53.998746505525006,-44.51270300849139,"PM*","M5.5V","GJ 1061|Gaia DR3 4848140361962951552|APMPM J0336-4431|GEN# +9.85995046|L  372-58|LFT  295|LHS  1565|LP  995-46|LTT  1702|CNS5 919|Zkh  52|[RHG95]   642|[SII2000] 122|2MASS J03355969-4430453|PM 03342-4440|WISEA J033600.43-443049.7|GCRV 26222|Gaia DR2 4848140361962951552|PM J03359-4430|NLTT 11388|TIC 79611981",13.07
"CNS5 920","WISE J033605.05-014350.4",54.02183566666667,-1.727434527777778,"BD*","Y0","WISEA J033605.04-014351.0|CNS5 920|WISE J033605.05-014350.4|EQ J0336-0143",
"CNS5 921","1RXS J033609.2+311853",54.03625769978,31.310976885860008,"PM*","M4.5V","TIC 90768237|Gaia DR3 121254932585133568|[LH98]  74|1RXS J033609.2+311853|LSPM J0336+3118|2MASS J03360868+3118398|USNO-B1.0 1213-00044713|CNS5 921|[GBM90] Per 49|SSTc2d J033608.7+311839|WISEA J033608.80+311838.1|UCAC4 607-009514|PM J03361+3118|Gaia DR2 121254932585133568|Karmn J03361+313",13.995
"CNS5 923","*  10 Tau",54.21826543507,0.40166447161916674,"PM*","F9IV-V","TIC 311092847|GJ 147|HIP 16852|Gaia DR3 3263836568394170880|2MASS J03365238+0024054|PLX  753|LSPM J0336+0024|ASCC 1100490|USNO-B1.0 0904-00036638|*  10 Tau|AG+00  311|BD-00   572|CNS5 923|Ci 20  245|FK5 1101|GC  4313|GCRV  1998|GEN# +1.00022484|HD  22484|HIC  16852|HR  1101|IRC +00047|JP11   801|LFT  296|LHS  1569|LTT 11194|N30  741|NLTT 11391|PM 03343+0015|PMC 90-93   730|PPM 146728|ROT   539|SAO 111292|SKY#  5468|SPOCS  174|TD1  2353|TYC   64-1569-1|UBV    3458|UBV M   9611|YZ   0   770|[HFE83]  239|uvby98 100022484|PLX  753.00|2EUVE J0336+00.4|EUVE J0336+00.4|EXO 0334.3+0014|IRAS 03343+0014|AKARI-IRC-V1 J0336522+002402|WISEA J033652.23+002400.9|WEB  3206|Gaia DR2 3263836568393943808",4.3
"CNS5 928","L  228-92",54.73297657615,-52.56961451974001,"PM*","M4.5","L  228-92|TIC 206402318|SIPS J0338-5234|Gaia DR3 4733113441195646592|2MASS J03385590-5234107|LEHPM 3445|LTT  1732|CNS5 928|RAVE J033855.9-523411|UCAC4 188-003584|PM J03389-5234|Gaia DR2 4733113441195646592|NLTT 11531",14.429
"CNS5 931","LP  944-20",54.89688479175417,-35.428789443425835,"LM*","M9.5Ve","TIC 143029977|SMSS J033935.65-352539.5|Gaia DR3 4860376345833699840|SIPS J0339-3525|2MUCD 10201|2MASS J03393521-3525440|2MASSI J0339352-352544|2MASSW J0339352-352544|APMPM J0340-3526|CNS5 931|BRI B0337-3535|LEHPM 3451|LP  944-20|[B2006] J033935.2-352544|WISEP J033935.48-352541.0|WISE J033935.49-352540.8|WISEA J033935.51-352540.8|Gaia DR2 4860376345833699840|NLTT 11537",18.69
"CNS5 932","2MASS J03400942-6724051",55.038964083479996,-67.40123314056946,"BD*","L7::","TIC 31961338|Gaia DR3 4667836363565989120|2MASSI J0340094-672405|2MUCD 10202|2MASS J03400942-6724051|CNS5 932|WISEA J034008.73-672359.0|Gaia DR2 4667836363565989120",
"CNS5 938","* del Eri",55.81208557481292,-9.763391932194168,"PM*","K0+IV","GES J03431482-0945387|TIC 38511251|GJ 150|GJ 150.0|HIP 17378|Gaia DR3 5164120762333028736|AP J03431490-0945490|2MASS J03431490-0945490|PLX  788|* del Eri|*  23 Eri|BD-10   728|CNS5 938|Ci 20  255|FK5  135|GC  4450|GCRV  2057|GEN# +1.00023249|HD  23249|HIC  17378|HR  1136|IRAS 03408-0955|IRC -10050|JP11   813|LFT  304|LHS  1581|LPM 166|LTT  1753|N30  756|NLTT 11686|NSV  1246|PM 03409-0956|PMC 90-93    96|PPM 186110|RAFGL  513|ROT   550|SACS  81|SAO 130686|SKY#  5641|SPOCS  180|TD1  2459|TYC 5303-1320-1|UBV    3549|UBV M   9661|V* del Eri|YZ  99   857|Zkh  53|PLX  788.00|RAVE J034314.9-094548|NAME Rana|uvby98 100023249|WEB  3283|Gaia DR2 5164120762332790528",3.54
"CNS5 942","HD  23356",55.98059514241959,-19.110898139346393,"PM*","K2V","TIC 121025936|HIP 17420|Gaia DR3 5107106033552702208|2MASS J03435531-1906394|BD-19   733|CNS5 942|CPD-19   395|GC  4471|GPM  55.979798-19.111280|HD  23356|HIC  17420|IRAS 03416-1916|LTT  1759|NLTT 11720|PPM 213316|SAO 149134|SKY#  5657|SPOCS  181|TYC 5877-700-1|UGP  67|YZ 109  1053|1RXS J034354.7-190643|RAVE J034355.3-190639|WISEA J034355.58-190637.3|Gaia DR1 5107105926176194560|Gaia DR2 5107106033552702208",7.081
"CNS5 957","G   7-4",56.83703886436833,8.696414656108054,"PM*","M5V","TIC 468889408|GJ 3250|Gaia DR3 3278325004913943808|LSPM J0347+0841|NLTT 11842|2MASS J03472091+0841464|USNO-B1.0 0986-00032676|CNS5 957|G  79-70|G   7-4|LHS  1593|LTT 11262|PM 03446+0833|USNO 589|[RHG95]   685|PLX  823.01|WISEA J034721.21+084140.2|UCAC4 494-005488|PM J03473+0841|Gaia DR2 3278325004913943808|Karmn J03473+086",
"CNS5 963","2MASS J03480772-6022270",57.03217099999999,-60.374184,"BD*","T7","TIC 237922091|2MASS J03480772-6022270|CNS5 963|WISEP J034807.34-602234.9|WISE J034807.33-602234.9|WISEA J034807.33-602235.2",
"CNS5 965","WISE J035000.32-565830.2",57.50248537499999,-56.973400805555556,"BD*","Y1","CNS5 965|WISE J035000.32-565830.2|WISEA J035000.31-565830.5",
"CNS5 966","G 160-28",57.68453915962626,-6.09489682877361,"PM*","M3V","AP J03504432-0605400|WISE J035043.97-060555.4|TIC 38631589|TIC 471012343|GJ 1065|Gaia DR3 3243715604392800512|CNS5 966|G 160-28|GEN# +9.80160028|LHS   183|NLTT 11991|PM 03483-0614|USNO 306|Zkh  54|[RHG95]   692|2MASS J03504432-0605400|PLX  845.01|NSV 15814|Gaia DR2 3243715604392800512|WISEA J035043.99-060555.7|UCAC4 420-005078|PM J03507-0605|Karmn J03507-060",12.843
"CNS5 970","Wolf  227",58.17396601833333,17.017824924822495,"SB*","M5V","TIC 242941982|GJ 3253|Gaia DR3 43574131143039104|G   6-39|LSPM J0352+1701|2MASS J03524169+1701056|USNO-B1.0 1070-00040309|CNS5 970|Ci 20  267|G  79-76|G   7-9|LFT  317|LHS  1610|LTT 11284|NLTT 12056|PM 03498+1653|Wolf  227|[GKL99] 103|[RHG95]   694|PLX  851.01|WISEA J035242.06+170057.4|Gaia DR2 43574131143039104|UCAC4 536-007478|PM J03526+1701|Karmn J03526+170",
"CNS5 971","Ross  567",58.29348109077,62.56890722648,"PM*","M3.0V","TIC 393080288|Gaia DR3 474987206435652608|CNS5 971|2MASS J03531041+6234081|LSPM J0353+6234|ASCC  115833|USNO-B1.0 1525-00138344|G 246-52|GSC 04067-00242|LTT 11277|NLTT 12013|Ross  567|TYC 4067-242-1|WISEA J035310.47+623405.2|UCAC4 763-028801|PM J03531+6234|Gaia DR1 474987202135817856|Gaia DR2 474987206428439936|Karmn J03531+625",
"CNS5 981","LP  357-56",58.69256106519042,24.273506454715278,"LM*","M6V","TIC 348769612|AP J03544620+2416246|LAMOST J035445.99+241622.2|Gaia DR3 65829792677145344|2MASS J03544620+2416246|Cl* Melotte   22     MT     122|Cl* Melotte   22    LLP     142|LSPM J0354+2416|USNO-B1.0 1142-00045624|CNS5 981|LP  357-56|NLTT 12140|EPIC 211081477|WISEA J035445.98+241622.3|Gaia DR2 65829792677145344",
"CNS5 983","2MASS J03552337+1133437",58.84738996283751,11.56216584287,"BD*","L5gamma","TIC 415339665|Gaia DR3 3303349202364648320|2MASS J03552337+1133437|2MUCD 20171|CNS5 983|SDSS J035523.48+113339.4|EPIC 210327027|WISEA J035523.53+113337.2|Gaia DR2 3303349202364648320|** BNA    3|WDS J03554+1134AB",
"CNS5 989","LSPM J0357+4107",59.33324202269999,41.12850686349001,"PM*","M7V","TIC 187092382|Gaia DR3 230171768457140736|CNS5 989|2MASS J03571999+4107426|USNO-B1.0 1311-00079029|LSPM J0357+4107|Gaia DR2 230171768457140736",
"CNS5 994","WISE J035934.06-540154.6",59.892708250000005,-54.029563527777775,"BD*","Y0","CNS5 994|WISE J035934.06-540154.6|WISEA J035934.07-540154.8",
