query_id,main_id,ra,dec,otype,sp_type,plx_value,plx_err,pmra,pmdec,rvz_radvel,v,ids
"HIP 100064","* alf02 Cap",304.5135649821425,-12.544852120195275,"PM*","G9III",29.914,0.1651,61.212,2.412,0.7,3.58,"TIC 114532819|Gaia DR3 6880093650314169984|PLX 4829|*   6 Cap|* alf02 Cap|BD-12  5685|CSI-12  5685  1|FK5  761|GC 28200|GCRV 12666|GSC 05749-02530|HD 192947|HIC 100064|HIP 100064|HR  7754|IRAS 20152-1242|IRC -10535|JP11  3210|N30 4485|PMC 90-93   538|PPM 237217|ROT  2952|SACS 444|SAO 163427|SKY# 38302|NAME Algedi|CCDM J20181-1233A|GEN# +1.00192947|IDS 20125-1251 A|WDS J20181-1233A|ADS 13645 A|uvby98 100192947|TD1 26419|TYC 5749-2530-1|UBV   17558|UBV M  24690|YZC 11  7152|PLX 4829.00|1RXS J201803.2-123241|2MASS J20180324-1232418|CSI-12  5685  2|WEB 18016|Gaia DR2 6880093650312745984|* alf Cap|** STF 4051A|** HJ  608A"
"HIP 100345","* bet01 Cap",305.25277749238,-14.78140760208,"SB*","G9II:+B8p:Si:",8.3966,0.6348,44.133,0.36,-19.0,3.08,"TIC 114746467|GEN# +1.00193495|* bet Cap|NAME Dabih|** STFA   52A|Gaia DR3 6875990375999580544|PLX 4845|SBC9 1224|* bet01 Cap|HD 193496|*   9 Cap|BD-15  5629|CCDM J20210-1447A|FK5  762|GC 28295|GCRV 12703|HD 193495|HIC 100345|HIP 100345|HR  7776|IRAS 20182-1456|IRC -10537|JP11  3227|N30 4498|NSV 25105|PMC 90-93   539|PPM 237293|RAFGL 2555|ROT  2964|SAO 163481|SBC7   801|SBC7   802|SKY# 38436|UBV   17611|YZ 104  7653|2MASS J20210066-1446531|WDS J20210-1447Aa,Ab|TYC 5753-2281-1|PMSC 20154-1506Aabc|** BLA    7|WDS J20210-1447A|NAME Dabih Major|WEB 18102|WEB 18103|Gaia DR2 6875990375998568192"
"HIP 100453","* gam Cyg",305.55709098208337,40.25667915638889,"*","F8Ib",1.78,0.27,2.39,-0.91,-5.906,2.23,"TIC 13431346|** BU  665A|Gaia DR3 2067518817314952576|PLX 4857|*  37 Cyg|* gam Cyg|ADS 13765 A|AG+40 2025|ALS 11235|BD+39  4159|CCDM J20222+4015A|CSI+39  4159  1|CSV 101987|FK5  765|GC 28338|GCRV 12723|GEN# +1.00194093|GSC 03156-02223|HD 194093|HIC 100453|HIP 100453|HR  7796|IDS 20186+3956 A|IRAS 20204+4005|IRC +40411|JP11  3239|LS  II +40   23|N30 4504|NSV 13048|PMC 90-93   540|PPM  59799|RAFGL 2565|ROT  2973|SAO  49528|SKY# 38484|TD1 26627|TYC 3156-2223-1|UBV   17671|UBV M  24788|[B10]  5229|uvby98 100194093|2MASS J20221370+4015241|PLX 4857.00|WDS J20222+4015A|WEB 18138|NAME Sadr"
"HIP 10064","* bet Tri",32.38594634196055,34.98729706469149,"SB*","A5III",25.71,0.34,149.16,-39.1,12.3,3.0,"TIC 63584475|HIP 10064|Gaia DR3 329384516560293248|2MASS J02093261+3459143|PLX  439|SBC9 111|LSPM J0209+3459|TYC 2317-1647-1|ASCC  555210|USNO-B1.0 1249-00029921|*   4 Tri|* bet Tri|AG+34  207|BD+34   381|CEL    212|FK5   75|GC  2572|GCRV  1171|GEN# +1.00013161|HD  13161|HIC  10064|HR   622|IRAS 02065+3445|IRAS F02065+3445|IRC +30034|JP11   596|N30  439|PMC 90-93    53|PPM  67012|ROT   299|SAO  55306|SBC7    77|SKY#  3166|SRS  30075|TD1  1243|UBV    2162|UBV M   8719|[HFE83]  125|uvby98 100013161|PLX  439.00|WEB  2110|NAME-IAU Alaybasan"
"HIP 100751","* alf Pav",306.4119043651986,-56.73508972631689,"SB*","B2IV",18.24,0.52,6.9,-86.02,2.0,1.918,"TIC 219974785|SBC9 1234|* alf Pav|CCDM J20257-5644A|CPC 20  6489|CPD-57  9674|CSI-57  9674 41|FK5  764|GC 28374|GCRV 12742|GEN# +1.00193924A|GSC 08785-01898|HD 193924|HIC 100751|HIP 100751|HR  7790|IDS 20178-5703 A|JP11  3235|N30 4510|NAME Peacock|PPM 348537|ROT  2969|SACS 447|SAO 246574|SBC7   810|SKY# 38611|TD1 26602|TYC 8785-1898-1|UBV   17659|UBV M  24775|uvby98 100193924 A|2MASS J20253886-5644062|ALS 16177|WDS J20256-5644A|AKARI-IRC-V1 J2025388-564406|IRAS 20217-5653|WEB 18206"
"HIP 101421","* eps Del",308.30322026626874,11.303266387445278,"*","B6IV",8.9149,0.1993,10.915,-19.606,-19.4,4.03,"TIC 374799948|Gaia DR3 1755320049747788160|NSV 13137|SV* SVS    10|PLX 4888|* eps Del|*   2 Del|AG+11 2513|BD+10  4321|CEL   5102|FK5  768|GC 28593|GCRV 12848|GEN# +1.00195810|GSC 01096-01684|HD 195810|HGAM    931|HIC 101421|HIP 101421|HR  7852|IRAS 20308+1107|JP11  3251|N30 4539|PMC 90-93   542|PPM 138578|ROT  2995|SAO 106230|SKY# 38903|SRS  30768|TD1 26903|TYC 1096-1684-1|UBV   17820|UBV M  24944|YZ  11  7990|uvby98 100195810|2MASS J20331277+1118118|ALS 16377|PLX 4888.00|WEB 18323|Gaia DR2 1755320049742345472|NAME-IAU Aldulfin"
"HIP 101769","* bet Del",309.3872554152033,14.5950887473128,"**","F5IV",32.33,0.47,118.09,-48.06,-32.57,3.63,"TIC 456645647|IDS 20328+1415 AB|Gaia DR3 1810448909928688768|PLX 4906|SBC9 1248|WDS J20375+1436AB|*   6 Del|* bet Del|2E  4395|ADS 14073 AB|BD+14  4369|CCDM J20375+1436AB|CSI+14  4369  1|GC 28709|GCRV 12902|GSC 01100-01720|HD 196524|HIC 101769|HIP 101769|HR  7882|IRC +10473|JP11  3257|N30 4554|ROT  3004|SAO 106316|SBC7   821|SKY# 39052|TD1 27036|TYC 1100-1720-1|UBV M  25011|UBV   17888|YZ  14  8041|2MASS J20373291+1435421|PLX 4906.00|1RXS J203732.7+143537|2E 2035.2+1425|** BU  151|AKARI-IRC-V1 J2037329+143542|IRAS 20352+1425|CSI+14  4369  6|Renson 54790|CSI+14  4369  5|NAME Rotanev|uvby98 100196524|WEB 18382|GEN# +1.00196524|Gaia DR2 1810448909926616448"
"HIP 101772","* alf Ind",309.3918007182825,-47.29150144924972,"PM*","K0III-IV",32.8989,0.2225,50.922,66.026,-1.3,3.11,"TIC 91048865|GJ 794.1|GJ 9700|Gaia DR3 6674382927491854848|PLX 4897|* alf Ind|CCDM J20376-4717A|CD-47 13477|CPC  0 18902|CPD-47  9537|CSI-47 13477 21|FK5  769|GC 28682|GCRV 12888|GEN# +1.00196171|GSC 08411-01822|HD 196171|HIC 101772|HIP 101772|HR  7869|IDS 20305-4738 A|IRAS 20340-4728|JP11  3255|N30 4550|PPM 326349|SAO 230300|SKY# 39054|TD1 26970|TYC 8411-1822-1|UBV   17857|UBV M  24983|2MASS J20373402-4717292|PLX 4897.00|WDS J20376-4717A|WEB 18387|Gaia DR2 6674382927491854848"
"HIP 101958","* alf Del",309.90949848153707,15.912160008943609,"**","B9IV",13.7298,0.3502,71.574,-30.655,-3.4,3.8,"TIC 340798509|WISEA J203938.36+155443.6|Gaia DR3 1810711143451975296|PLX 4923|* alf Del|*   9 Del|AG+15 2267|BD+15  4222|CSI+15  4222  1|FK5  774|GC 28780|GCRV 12943|GEN# +1.00196867|GSC 01633-02442|HD 196867|HGAM    941|HIC 101958|HIP 101958|HR  7906|JP11  3262|N30 4569|PMC 90-93   545|PPM 138790|ROT  3015|SAO 106357|SKY# 39141|SRS  30774|TD1 27089|NAME Sualocin|TYC 1633-2442-1|UBV   17924|UBV M  25064|YZ  15  8312|ALS 15096|WDS J20396+1555Aa,Ab|** WCK    2|ADS 14121 AG|CCDM J20396+1555AG|IDS 20350+1534 AG|WDS J20396+1555A|** BU  298A|** HJ 1554A|AKARI-IRC-V1 J2039383+155443|IRAS 20373+1544|WISE J203938.34+155443.5|IRAS F20373+1544|2MASS J20393829+1554433|WEB 18427|Gaia DR2 1810711143450256128"
"HIP 102098","* alf Cyg",310.35797975307673,45.280338806527574,"sg*","A2Ia",2.31,0.32,2.01,1.85,-4.9,1.25,"TIC 195554360|PLX 4935|* alf Cyg|*  50 Cyg|ADS 14172 A|AG+45 1730|ALS 11488|BD+44  3541|CCDM J20415+4517A|CEL   5144|CSI+44  3541  1|EM* MWC  351|FK5  777|GC 28846|GCRV 12971|GEN# +1.00197345|GSC 03574-03347|HD 197345|HIC 102098|HIP 102098|HR  7924|IDS 20380+4455 A|IRC +50337|JP11  3264|LS III +45   15|MCW  940|N30 4579|PMC 90-93   546|PPM  60323|RAFGL 2633|ROT  3019|SAO  49941|SKY# 39204|SV* ZI  1938|TD1 27159|TYC 3574-3347-1|UBV   17953|UBV M  25099|V* alf Cyg|[HFE83] 1387|[KW97] 48-33|2MASS J20412592+4516491|PLX 4935.00|WDS J20414+4517A|NAME Deneb|uvby98 100197345|WEB 18466"
"HIP 102281","* del Del",310.8647231393717,15.074578684846113,"dS*","kA7hF1VmF1pSrEuCr:",14.7809,0.1275,-20.663,-42.983,9.3,4.417,"TIC 84850558|** CIA   11|WDS J20435+1504AB|Gaia DR3 1762513222314906752|PLX 4938|* del Del|*  11 Del|AG+14 2276|BD+14  4403|FK5  778|GC 28873|GCRV 12987|GEN# +1.00197461|GSC 01634-03055|HD 197461|HIC 102281|HIP 102281|HR  7928|IRAS 20411+1453|JP11  3268|N30 4583|PMC 90-93   547|PPM 138900|ROT  3023|SAO 106425|SKY# 39285|SRS  30778|TD1 27177|TYC 1634-3055-1|UBV   17962|UBV M  25113|V* del Del|YZ  14  8104|2MASS J20432754+1504284|PLX 4938.00|Renson 55050|uvby98 100197461|WEB 18517|Gaia DR2 1762513222314906752"
"HIP 102395","* bet Pav",311.2395566340129,-66.2032115835414,"*","A7III",23.8011,0.184,-42.784,10.173,5.37,3.408,"TIC 372124621|Gaia DR3 6425343818681031040|PLX 4930|* bet Pav|CPC 21  4773|CPD-66  3501|FK5  775|GC 28862|GCRV 12981|GEN# +1.00197051|GSC 09112-01605|HD 197051|HIC 102395|HIP 102395|HR  7913|IRAS 20404-6623|N30 4581|PPM 364757|ROT  3016|SAO 254862|SKY# 39328|TD1 27114|TYC 9112-1605-1|UBV   17938|UBV M  25076|uvby98 100197051|2MASS J20445747-6612115|PLX 4930.00|WEB 18537|Gaia DR2 6425343818680192000"
"HIP 102485","* psi Cap",311.5238874801846,-25.27089819194861,"PM*","F5V",68.337,0.1823,-52.557,-156.935,27.53,4.122,"TIC 269995013|GJ 805|PLX 4947|* psi Cap|*  16 Cap|CD-25 15018|CPD-25  7174|FK5  779|GC 28929|GCRV 13008|GEN# +1.00197692|GSC 06925-01576|HD 197692|HIC 102485|CNS5 5132|HIP 102485|HR  7936|IRAS 20431-2527|JP11  3270|N30 4589|PMC 90-93   548|PPM 271590|RBS  1699|ROT  3027|SAO 189664|SKY# 39361|SRS  30779|TD1 27212|TYC 6925-1576-1|UBV   17974|UBV M  25135|YZ 115 14404|uvby98 100197692|2MASS J20460572-2516153|PLX 4947.00|1RXS J204606.2-251611|WEB 18561|Gaia DR2 6805455124524918400|** EHR   17A|WDS J20461-2516A|Gaia DR3 6805455124526007424|UCAC4 324-212517|WISE J204605.56-251617.1"
"HIP 102488","* eps Cyg",311.55280115351087,33.97032834364584,"**","K0III",43.1769,0.9384,365.954,308.787,-12.599,2.48,"TIC 232853959|Gaia DR3 1869302503206674304|GJ 806.1|GJ 9707|PLX 4959|ASCC  627550|USNO-B1.0 1239-00446554|* eps Cyg|*  53 Cyg|ADS 14274 A|AG+33 2000|BD+33  4018|CCDM J20462+3358A|CSI+33  4018  1|Ci 20 1229|FK5  780|GC 28959|GCRV 13020|HD 197989|HIC 102488|HIP 102488|HR  7949|IDS 20422+3336 A|IRAS 20442+3347|IRC +30451|JP11  3274|CNS5 5134|LTT 16073|N30 4592|NLTT 49863|PMC 90-93   549|PPM  85489|RAFGL 2648|ROT  3035|SAO  70474|SKY# 39364|SRS  30780|TD1 27254|TYC 2695-4139-1|UBV   17995|UBV M  25157|uvby98 100197989 A|2MASS J20461266+3358128|LSPM J2046+3358E|LHS  5358b|WDS J20462+3358A|CSI+33  4018  2|LTT 16072|UBV   21446|[RHG95]  3250|LHS  5358a|GEN# +1.00197989|WDS J20462+3358Aa,Ab|** CHR  100|** STT  594A|** BU  676A|** LEP   96A|WEB 18565|Gaia DR2 1869302503184405760|NAME-IAU Aljanah"
"HIP 102532","* gam02 Del",311.66458259985995,16.124293954090003,"PM*","K1IV",28.1359,0.1445,-30.476,-197.504,-6.17,4.25,"Gaia DR3 1763000413344449792|PLX 4958|TYC 1634-3056-1|ASCC  900783|* gam02 Del|*  12 Del A|ADS 14279 A|BD+15  4255A|BD+15  4255|CCDM J20467+1607A|CSI+15  4255  2|FK5 1541|GC 28966|GCRV 13026|GEN# +1.00197964A|HD 197964|HIC 102532|HIP 102532|HR  7948|IDS 20420+1546 A|IRAS 20443+1556|IRC +20482|JP11  3273|LTT 16076|N30 4594|NLTT 49870|PMC 90-93  1091|PPM 138996|ROT  3034|SAO 106476|SKY# 39381|UBV   17990|UBV M  25155|YZ  15  8383|uvby98 100197964 A|LSPM J2046+1607E|WDS J20467+1607A|WEB 18576|Gaia DR2 1763000413341086464|UCAC4 531-135610|TIC 1937825762"
"HIP 102618","* eps Aqr",311.9189565534167,-9.495776926900833,"*","B9.5V",13.3619,0.3737,33.923,-34.936,-19.82,3.77,"TIC 51750453|Gaia DR3 6903096911032851584|PLX 4960|FK5  781|* eps Aqr|*   2 Aqr|BD-10  5506|GC 28978|GCRV 13033|GEN# +1.00198001|GSC 05760-01997|HD 198001|HIC 102618|HIP 102618|HR  7950|IRAS 20449-0940|JP11  3276|N30 4597|PMC 90-93   550|PPM 204453|ROT  3036|SACS 455|SAO 144810|SKY# 39419|TD1 27255|TYC 5760-1997-1|UBV   17998|UBV M  25159|YZ  99  7360|uvby98 100198001|2MASS J20474055-0929447|PLX 4960.00|NAME Albali|WEB 18594|Gaia DR2 6903096911031159424"
"HIP 102831","* alf Mic",312.49200435483993,-33.779703994,"*","G8III",8.2508,0.1563,15.057,-23.524,-14.5,4.89,"TIC 152225810|Gaia DR3 6780065098938242304|PLX 4969|* alf Mic|CCDM J20500-3347A|CD-34 14660|CPC 17 11370|CPD-34  8799|CSI-34 14660 21|GC 29026|GCRV 13062|GEN# +1.00198232|GSC 07465-01445|HD 198232|HIC 102831|HIP 102831|HR  7965|IDS 20437-3409 A|N30 4608|PPM 300665|RBS  1703|SAO 212472|SKY# 39532|SRS  44478|TD1 27294|TYC 7465-1445-1|UBV   18014|UBV M  25181|2MASS J20495810-3346471|PLX 4969.00|1RXS J204958.4-334652|WDS J20500-3347A|IRAS 20468-3357|AKARI-IRC-V1 J2049581-334647|WEB 18651|Gaia DR2 6780065098937236096"
"HIP 102978","* ome Cap",312.95537723912,-26.91913484546,"*","M0IIIBa0.5",5.8975,0.3064,-9.016,-2.048,9.1,4.12,"TIC 29281992|Gaia DR3 6801963487915169920|PLX 4982|* ome Cap|*  18 Cap|CD-27 15082|CPD-27  7123|FK5 1546|GC 29079|GCRV 13085|GEN# +1.00198542|GSC 06930-00987|HD 198542|HIC 102978|HIP 102978|HR  7980|IRAS 20488-2706|IRC -30437|JP11  3284|N30 4619|NSV 13351|PMC 90-93  1095|PPM 271732|RAFGL 2665|SAO 189781|SKY# 39596|SRS  31546|TYC 6930-987-1|UBV   18041|YZ 117 13737|[L91b] 330|2MASS J20514929-2655085|PLX 4982.00|WEB 18687|Gaia DR2 6801963487910582144"
"HIP 103227","* bet Ind",313.7024920504803,-58.45414476248056,"*","K1II",5.6426,0.138,20.213,-24.649,-4.9,3.65,"TIC 273209702|Gaia DR3 6456322112116572160|PLX 4989|* bet Ind|CCDM J20548-5827A|CPC 20  6621|CPD-58  7788|CSI-58  7788 41|FK5  785|GC 29133|GCRV 13108|GEN# +1.00198700|GSC 08804-01375|HD 198700|HIC 103227|HIP 103227|HR  7986|IDS 20470-5850 A|IRAS 20509-5838|JP11  3286|N30 4623|PPM 348943|SACS 459|SAO 246784|SKY# 39711|TD1 27367|TYC 8804-1375-1|UBV   18051|UBV M  25223|2MASS J20544860-5827149|PLX 4989.00|WDS J20548-5827A|WEB 18753|Gaia DR2 6456322112115927424"
"HIP 10324","* ksi01 Cet",33.25000132715,8.846702350650002,"SB*","G7IIIBa0.4Fe-1",10.4184,0.3462,-26.965,-1.154,-5.3549,4.35,"TIC 337091180|HIP 10324|Gaia DR3 2521951302394350336|AP J02125999+0850478|PLX  455|SBC9 1546|*  65 Cet|* ksi01 Cet|AG+08  249|BD+08   345|FK5 1058|GC  2656|GCRV  1215|GEN# +1.00013611|GSC 00631-01493|HD  13611|HIC  10324|HR   649|IRAS 02103+0836|IRC +10028|JP11   602|N30  453|NSV   749|PMC 90-93   696|PPM 145390|ROT   312|SAO 110408|SKY#  3257|TD1  1285|TYC  631-1493-1|UBV    2223|UBV M   8784|YZ   8   837|[AKS95]  239|[HFE83]  130|[L91b]  23|uvby98 100013611|PLX  455.00|WDS J02130+0851AB|** MCA    5|WD 0210+086|[AKS95]  230|2MASS J02125999+0850478|WD 0207+083|WEB  2156|Gaia DR2 2521951302394148992"
"HIP 103738","* gam Mic",315.32278484967463,-32.25773009806862,"*","G8III",12.8273,0.2091,-12.1,-13.131,17.36,4.654,"TIC 92566327|Gaia DR3 6781898465857257472|PLX 5036|* gam Mic|CCDM J21013-3215A|CD-32 16353|CPC 17 11477|CPD-32  6269|CSI-32 16353 21|FK5 1550|GC 29331|GCRV 13196|GEN# +1.00199951|GSC 07475-01129|HD 199951|HIC 103738|HIP 103738|HR  8039|IDS 20552-3239 A|IRC -30439|N30 4647|PMC 90-93  1099|PPM 300891|RBS  1710|SAO 212636|IRAS 20582-3227|AKARI-IRC-V1 J2101174-321528|SKY# 39944|SRS  31550|TD1 27547|TYC 7475-1129-1|UBV   18175|UBV M  25343|PLX 5036.00|1RXS J210118.3-321535|EUVE J2101-32.2|2MASS J21011746-3215281|WDS J21013-3215A|WEB 18881|Gaia DR2 6781898461559620480|*   1 PsA"
"HIP 104139","* tet Cap",316.4867853131225,-17.232862837423333,"PM*","A1V",21.9049,0.4222,82.294,-61.654,-10.9,4.07,"TIC 214558913|Gaia DR3 6882183890633433600|PLX 5068|* tet Cap|*  23 Cap|BD-17  6174|FK5 1552|GC 29460|GCRV 13257|GEN# +1.00200761|GSC 06350-01499|HD 200761|HIC 104139|HIP 104139|HR  8075|IRAS 21031-1726|JP11  3304|N30 4659|PMC 90-93  1101|PPM 238364|ROT  3070|SACS 462|SAO 164132|SKY# 40107|TD1 27642|TYC 6350-1499-1|UBV   18250|UBV M  25427|YZ 107  7944|[TVS94]  23|uvby98 100200761|2MASS J21055682-1713585|PLX 5068.00|WEB 18967|Gaia DR2 6882183890631781248"
"HIP 104521","* gam Equ",317.58541696715,10.13158110216,"a2*","A9VpSrCrEu",28.2433,0.148,45.456,-152.116,-16.489,4.68,"TIC 354619745|Gaia DR3 1744662586614707072|PLX 5091|LSPM J2110+1007|ASCC  991130|USNO-B1.0 1001-00586248|* gam Equ|*   5 Equ|AG+09 2937|BD+09  4732|CSI+09  4732  1|FK5 1555|GC 29591|GCRV 13305|GSC 01108-02583|HD 201601|HIC 104521|HIP 104521|HR  8097|IRAS 21079+0955|JP11  3320|N30 4680|PMC 90-93  1102|PPM 139704|ROT  3082|SAO 126593|SKY# 40281|SRS  31555|TD1 27750|UBV   18317|UBV M  25493|V* gam Equ|YZ   9 10603|[HFE83] 1422|2MASS J21102048+1007537|PLX 5091.00|Renson 56210|Gaia DR2 1744662586614707072|WEB 19021|1RXS J211019.9+100727|uvby98 100201601|GEN# +1.00201601|* gam Equ A|HD 201601A|BD+09  4732A|** KNT    5A|WDS J21103+1008A|CCDM J21104+1007A|TYC 1108-2583-1|ADS 14702 A|** BU   71A|** STF 4054A|IDS 21055+0944 A"
"HIP 104732","* zet Cyg",318.23410828951364,30.226898680620003,"SB*","G8+III-IIIaBa0.5",21.813,0.1375,-3.792,-45.429,16.72,3.21,"TIC 76956031|Gaia DR3 1851924859353116928|PLX 5103|* zet Cyg|*  64 Cyg|AG+30 2302|BD+29  4348|CCDM J21129+3014A|CSI+29  4348  1|FK5  797|GC 29661|GCRV 13338|GEN# +1.00202109|GSC 02702-02764|HD 202109|HIC 104732|HIP 104732|HR  8115|IDS 21086+2949 AD|IRAS 21107+3001|IRC +30472|JP11  3322|MFU 232|N30 4690|PMC 90-93   560|PPM  86219|RAFGL 2723|ROT  3090|SAO  71070|SKY# 40368|SRS  30797|TD1 27823|TYC 2702-2764-1|UBV M  25545|UBV   18350|WD 2110+300|YZ  30 12254|[L91b] 339|uvby98 100202109|2MASS J21125619+3013370|PLX 5103.00|WDS J21129+3014A|SBC9 2958|** BUP  227A|** FYM  141A|** BAS    7|WDS J21129+3014Aa,Ab|WEB 19047|Gaia DR2 1851924859347035520"
"HIP 104858","* del Equ",318.6200637820833,10.006979410555555,"SB*","F7(V)+G0(V)",54.09,0.66,42.39,-304.19,-15.85,4.49,"TIC 262143945|WISE J211428.89+100022.0|UCAC4 501-140351|Gaia DR3 1743871762876699776|GJ 822|GJ 822 B|GJ 822.0|*   7 Equ|PLX 5107|SBC9 1290|LSPM J2114+1000|TYC 1109-2583-1|ASCC  991431|2MASS J21142881+1000249|USNO-B1.0 1000-00575815|* del Equ|CNS5 5238|ADS 14773 AB|AG+09 2949|BD+09  4746|CCDM J21145+1001AB|CSI+09  4746  2|GC 29697|GCRV 13348|HD 202275|HIC 104858|HIP 104858|HR  8123|IDS 21096+0936 AB|JP11  3323|LTT 16227|NLTT 50842|PPM 139808|ROT  3095|SAO 126643|SBC7   847|SKY# 40431|TD1 27843|UBV   18362|UBV M  25560|YZ   9 10630|WDS J21145+1000AB|AKARI-IRC-V1 J2114288+100022|IRAS 21120+0948|CSI+09  4746  4|HD 202275A|CSI+09  4746  3|** STT  535|** STF 2777AB|GJ 822 A|WISEA J211428.86+100022.0|uvby98 100202275|WEB 19067|Gaia DR2 1743871762876699776|GEN# +1.00202275"
"HIP 104987","* alf Equ",318.95598819687746,5.247891952405833,"SB*","G6IV+B9.5V",17.1985,0.2428,49.747,-89.846,-16.26,3.933,"TIC 387501663|Gaia DR3 1732693474833518720|*   8 Equ|PLX 5115|SBC9 1291|* alf Equ|2E  4458|AG+05 3105|BD+04  4635|CCDM J21158+0515AB|FK5  800|GC 29735|GCRV 13363|GEN# +1.00202447|GSC 00536-02354|HD 202448|HD 202447|HIC 104987|HIP 104987|HR  8131|IDS 21108+0450 AB|IRAS 21133+0502|IRC +10489|JP11  3326|N30 4698|PMC 90-93   561|PPM 171503|ROT  3097|SAO 126662|SBC7   848|SKY# 40479|TD1 27865|TYC  536-2354-1|UBV   18375|UBV M  25570|YZ   5  7447|[HFE83] 1427|uvby98 100202447|2MASS J21154942+0514521|1RXS J211549.8+051458|2E 2113.3+0502|WDS J21158+0515AB|** WRH   35|NAME Kitalpha|WEB 19079|Gaia DR2 1732693474833048192"
"HIP 105140","* eps Mic",319.484525485715,-32.17254768084916,"PM*","A0V",19.2981,0.2671,53.925,-24.129,-1.58,4.708,"TIC 266586474|Gaia DR3 6784024126773616128|PLX 5120|* eps Mic|CD-32 16498|CPC 17 11618|CPD-32  6329|FK5  801|GC 29774|GCRV 13373|GEN# +1.00202627|GSC 07476-00923|HD 202627|HIC 105140|HIP 105140|HR  8135|IRAS 21149-3222|N30 4703|PMC 90-93   562|PPM 301225|ROT  3099|SAO 212874|SKY# 40544|SRS  30801|TD1 27888|TYC 7476-923-1|UBV   18385|UBV M  25580|uvby98 100202627|2MASS J21175629-3210213|PLX 5120.00|Renson 56450|WEB 19094|Gaia DR2 6784024126773616128|*   4 PsA"
"HIP 105199","* alf Cep",319.6448846972256,62.5855744637194,"PM*","A8Vn",66.5,0.11,150.55,49.09,-15.8,2.46,"TIC 417604820|GJ 826|Gaia DR3 2193192137376175488|CNS5 5253|*   5 Cep|PLX 5139|LSPM J2118+6235|ASCC  144910|2MASS J21183475+6235081|* alf Cep|AAVSO 2116+62|ADS 14858 A|AG+62 1226|BD+61  2111|CCDM J21186+6236A|CEL   5294|CSI+61  2111  1|FK5  803|GC 29848|GCRV 13408|HD 203280|HIC 105199|HIP 105199|HR  8162|IDS 21162+6210 A|IRC +60310|JP11  3335|N30 4712|NAME Alderamin|NSV 13660|PMC 90-93   563|PPM  22755|ROT  3108|SAO  19302|SKY# 40575|TD1 27973|UBV   18421|UBV M  25623|[HFE83] 1431|USNO-B1.0 1525-00356034|PLX 5139.00|WDS J21186+6235A|AKARI-IRC-V1 J2118349+623508|IRAS 21174+6222|uvby98 100203280|TYC 4252-1870-1|WEB 19106|1RXS J211837.1+623513|GEN# +1.00203280|** BU 1502A"
"HIP 105319","* tet Ind",319.96662273615,-53.44942607516,"**","A5IV-V",33.0546,0.0948,106.988,-66.461,-8.29,4.483,"TIC 79394646|PLX 5122|* tet Ind|CPC 19  8317|CPD-53 10037|CSI-53 10037 42|GC 29819|GCRV 13390|HD 202730|HIC 105319|HIP 105319|HR  8140|N30 4708|PPM 349299|ROT  3101|SAO 246965|SKY# 40621|TD1 27901|UBV   18391|AKARI-IRC-V1 J2119519-532658|IRAS 21163-5339|RBS  1737|1RXS J211952.4-532653|Renson 56500|uvby98 100202730|WEB 19127|GEN# +1.00202730|GJ 9733 A|Gaia DR3 6463748969563201152|CCDM J21199-5327A|IDS 21127-5352 A|WDS J21199-5327A|CPD-53 10037A|UCAC3 74-472855|UCAC4 183-222494|* tet Ind A|** HJ 5258A|TYC 8793-1478-1|UCAC3 74-472856|2MASS J21195196-5326581|** MRN    3|WDS J21199-5327Aa,Ab|Gaia DR2 6463748969563201152"
"HIP 105515","* iot Cap",320.5616499287887,-16.834543892793892,"BY*","G7IIIFe-1.5",16.2048,0.1688,29.403,4.909,12.271,4.27,"TIC 288329878|Gaia DR3 6835905927256722688|PLX 5143|* iot Cap|*  32 Cap|2E  4466|2RE J2122-164|2RE J212213-164952|BD-17  6245|FK5 1561|GC 29903|GCRV 13439|GEN# +1.00203387|GSC 06360-01220|HD 203387|HIC 105515|HIP 105515|HR  8167|IRAS 21194-1702|IRC -20599|JP11  3339|N30 4717|PMC 90-93  1106|PPM 238745|RBS  1741|RE J2122-165|RE J212215-165008|ROT  3111|SACS 469|SAO 164346|SKY# 40706|TD1 27986|TYC 6360-1220-1|UBV   18431|UBV M  25635|V* iot Cap|YZ 107  8049|2MASS J21221480-1650042|PLX 5143.00|1RXS J212214.7-165003|2E 2119.4-1702|RX J2122.2-1650|WEB 19159|Gaia DR2 6835905927255271424"
"HIP 105570","* bet Equ",320.72338934143,6.811139838180001,"PM*","A3V",10.1648,0.1131,53.843,10.742,-12.11,5.148,"WISE J212253.65+064840.2|IRAS 21204+0635|TIC 288426330|WISEA J212253.65+064840.1|Gaia DR3 1738927465244452736|PLX 5151|* bet Equ|*  10 Equ|ADS 14920 A|AG+06 2917|BD+06  4811|CCDM J21229+0649A|CSI+06  4811  1|GC 29931|GCRV 13447|GEN# +1.00203562|GSC 00541-01932|HD 203562|HIC 105570|HIP 105570|HR  8178|IDS 21179+0623 A|PPM 171663|ROT  3115|SAO 126749|SKY# 40730|TD1 28011|TYC  541-1932-1|UBV   18448|UBV M  25653|YZ   6 10699|uvby98 100203562|2MASS J21225362+0648402|PLX 5151.00|WDS J21229+0649A|WEB 19167|Gaia DR2 1738927465244452736"
"HIP 105858","* gam Pav",321.61085409436373,-65.3661980715336,"PM*","F9VFe-1.4CH-0.7",108.0102,0.1061,80.815,800.573,-30.7,4.22,"TIC 265488188|WISEA J212626.64-652156.8|TYC 9111-1423-1|GJ 827|Gaia DR3 6401464693867773568|PLX 5152|* gam Pav|CD-65  2751|CPC 21  4903|CPD-65  3918|CSV 102086|Ci 20 1280|FK5  805|GC 29979|GCRV 13468|GEN# +1.00203608|HD 203608|HIC 105858|HIP 105858|HR  8181|JP11  3344|LFT 1630|LHS  3674|LPM 780|LTT  8510|N30 4724|NLTT 51220|NSV 13689|CNS5 5277|PM 21223-6536|PPM 365174|ROT  3116|SAO 254999|SKY# 40867|TD1 28016|UBV   18453|UBV M  25659|Zkh 318|uvby98 100203608|2MASS J21262662-6521578|PLX 5152.00|AKARI-IRC-V1 J2126267-652152|IRAS 21223-6535|IRAS F21223-6535|WISE J212626.99-652149.2|WEB 19198|Gaia DR2 6401464693866921472"
"HIP 105881","* zet Cap",321.66679439709753,-22.41132034516556,"SB*","G4Ib:Ba2",7.3711,0.2702,-3.867,23.703,2.1,3.74,"TIC 99673628|* zet Cap|PLX 5160|SBC9 1306|*  34 Cap|CD-22 15388|CSI-22 15388 21|FK5  806|GC 30020|GCRV 13481|GEN# +1.00204075|GSC 06372-01278|HD 204075|HIC 105881|HIP 105881|Gaia DR3 6828125061423674752|HR  8204|IRAS 21238-2237|IRC -20602|JP11  3348|MFU 134|N30 4731|NSV 25596|PMC 90-93   565|PPM 272494|RAFGL 2764|ROT  3121|SAO 190341|SKY# 40879|SRS  30806|TD1 28082|TYC 6372-1278-1|UBV   18485|UBV M  25700|YZ 112 14768|[L91b] 344|uvby98 100204075|2MASS J21264003-2224407|PLX 5160.00|WD 2123-226|WEB 19202|Gaia DR2 6828125061422280448"
"HIP 10602","* phi Eri",34.12744204857083,-51.512165163000276,"PM*","B8IV",21.6862,0.1983,91.975,-22.503,10.4,3.57,"TIC 354671857|Gaia DR3 4936685751336237056|HIP 10602|* phi Eri|CCDM J02165-5131A|CPD-52   285|FK5   82|GC  2756|GCRV  1274|GEN# +1.00014228|GSC 08055-01270|HD  14228|HIC  10602|HR   674|JP11   618|N30  466|PPM 331742|ROT   323|SACS  46|SAO 232696|SKY#  3354|TD1  1346|TYC 8055-1270-1|UBV    2360|UBV M   8859|uvby98 100014228|ALS 16861|WDS J02165-5131A|Renson 3610|AKARI-IRC-V1 J0216307-513044|IRAS 02147-5144|** DUN    6A|IDS 02129-5158 A|ASAS J021631-5130.7|2MASS J02163059-5130437|** SHY  137A|WEB  2230|Gaia DR2 4936685751335824896"
"HIP 106032","* bet Cep",322.1649868804167,70.56071518916666,"bC*","B0.5IIIs",4.76,0.3,12.54,8.39,-8.2,3.23,"TIC 321818578|Gaia DR3 2272185759996420992|PLX 5192|SBC9 1310|*   8 Cep|* bet Cep|2E  4480|2E 2128.0+7020|AAVSO 2127+70|ADS 15032 A|AG+70  738|BD+69  1173|CCDM J21287+7034A|CSI+69  1173  1|FK5  809|GC 30118|GCRV 13520|GEN# +1.00205021A|GSC 04465-02643|HD 205021|HGAM   1007|HIC 106032|HIP 106032|HR  8238|IDS 21274+7007 A|JP11  3361|MCW  989|N30 4748|PMC 90-93   568|PPM  10863|ROT  3532|SAO  10057|SBC7   859|SKY# 40953|TD1 28199|TYC 4465-2643-1|UBV   21582|V* bet Cep|[HFE83] 1440|ALS 14839|EUVE J2128+70.5|WDS J21287+7034Aa,Ab|** LAB    6|AKARI-IRC-V1 J2128395+703338|IRAS 21280+7020|2MASS J21283958+7033389|PMSC 21274+7007AP|** STF 2806A|WDS J21287+7034A|2XMM J212839.3+703338|NAME Alfirk|WEB 19222|Gaia DR2 2272185759992826624"
"HIP 106278","* bet Aqr",322.88971698347876,-5.5711748280636115,"*","G0Ib",5.9728,0.2147,19.214,-8.163,6.451,2.89,"TIC 268952709|IDS 21263-0601 A|Gaia DR3 2671038928727970944|WISE J213133.62-053415.0|* bet Aqr|PLX 5188|*  22 Aqr|ADS 15050 A|BD-06  5770|CCDM J21316-0534A|CSI-06  5770  1|EIC   859|FK5  808|GC 30137|GCRV 13530|GEN# +1.00204867|HD 204867|HIC 106278|HIP 106278|HR  8232|IRAS 21289-0547|IRC -10565|JP11  3357|N30 4750|PMC 90-93   567|PPM 205297|RAFGL 2776|ROT  3131|SACS 472|SAO 145457|SKY# 41055|TD1 28182|UBV   18530|UBV M  25761|YZ  95  7728|uvby98 100204867|2MASS J21313352-0534161|PLX 5188.00|WDS J21316-0534A|TYC 5216-1725-1|NAME Sadalsuud|WEB 19252|Gaia DR2 2671038928727498880"
"HIP 1067","* gam Peg",3.3089681209050004,15.18359842959389,"bC*","B2IV",6.9474,0.4293,0.492,-10.73,-0.66,2.84,"TIC 51942308|Gaia DR3 2769202742740232960|GES J00131415+1511008|HIP 1067|WISE J001314.07+151101.1|2MASS J00131414+1511008|FK5    7|PLX   33|*  88 Peg|* gam Peg|AAVSO 0008+14|AG+14   11|BD+14    14|CCDM J00132+1511A|CSI+14    14  1|CSV 100009|GC   238|GCRV   105|GEN# +1.00000886|GSC 01179-01775|HD    886|HGAM      5|HIC   1067|HR    39|IDS 00080+1438 A|IRAS 00106+1454|JP11   353|N30   32|NAME Algenib|PHL   734|PMC 90-93     6|PPM 116243|ROT    69|SAO  91781|SKY#   390|SRS  30007|TD1    78|TYC 1179-1775-1|UBV     128|V* gam Peg|ALS 15090|PLX   33.00|WDS J00132+1511A|uvby98 100000886|WEB   185|Gaia DR2 2769202948897808640"
"HIP 10670","* gam Tri",34.32861363899208,33.84719681816611,"PM*","A1Vnn",27.9795,0.4608,45.253,-52.685,5.11,4.0,"TIC 63790159|WISEA J021718.91+335049.6|HIP 10670|Gaia DR3 326109689896765568|2MASS J02171888+3350500|PLX  468|* gam Tri|*   9 Tri|AG+33  212|BD+33   397|CEL    245|FK5   79|GC  2742|GCRV  1264|GEN# +1.00014055|HD  14055|HIC  10670|HR   664|IRAS 02143+3336|JP11   614|N30  463|PMC 90-93    57|PPM  67170|ROT   320|SAO  55427|SKY#  3374|SRS  30079|TD1  1325|UBV    2304|UBV M   8847|[DML87]  45|uvby98 100014055|PLX  468.00|TYC 2318-1875-1|WISE J021718.90+335049.4|WEB  2246|Gaia DR2 326109689896474752|NAME-IAU Apdu"
"HIP 106985","* gam Cap",325.0226892543413,-16.66237119824361,"a2*","kF0hF1VmF2",19.1037,0.6765,200.193,-9.578,-31.2,3.67,"TIC 242072254|Gaia DR3 6838023243053666688|GJ 4209|PLX 5222|* gam Cap|*  40 Cap|BD-17  6340|FK5  812|GC 30320|GCRV 13603|GEN# +1.00206088|GSC 06362-01078|HD 206088|HIC 106985|HIP 106985|HR  8278|IRAS 21373-1653|IRC -20605|JP11  3373|N30 4776|PMC 90-93   569|PPM 239166|ROT  3147|SAO 164560|SKY# 41306|TD1 28336|UBV   18602|UBV M  25849|YZ 106  8145|[HFE83] 1452|[TVS94]  46|uvby98 100206088|2MASS J21400544-1639443|PLX 5222.00|V* gam Cap|TYC 6362-1078-1|Renson 57390|NAME Nashira|WEB 19332|Gaia DR2 6838023243053277312"
"HIP 107089","* nu. Oct",325.3689251479717,-77.39000876162,"SB*","K1III",51.5172,0.6525,68.656,-250.044,34.4,3.728,"TIC 352542468|WISEA J214128.72-772326.7|GJ 835.1|GJ 9744|Gaia DR3 6356375508718385024|PLX 5201|SBC9 1315|* nu. Oct|CD-77  1079|CPC 21.3  2675|CPD-77  1510|FK5  810|GC 30289|GCRV 13593|GEN# +1.00205478|HD 205478|HIC 107089|HIP 107089|HR  8254|IRAS 21360-7736|LTT  8619|N30 4773|NLTT 51726|CNS5 5340|PPM 375094|SAO 257948|SBC7   862|SKY# 41346|TD1 28250|UBV   18562|UBV M  25800|Gaia DR2 6356375508717699584|2MASS J21412863-7723243|PLX 5201.00|CCDM J21415-7723AB|WDS J21415-7723AB|** BLM    6|TYC 9478-1483-1|UCAC4 064-030323|WISE J214128.71-772326.5|WEB 19344"
"HIP 107310","* mu. Cyg",326.0357402981634,28.742626869585,"**","F6V+F3V",45.2207,0.2383,257.012,-239.009,16.95,,"TIC 452700589|GEN# +1.00206826|WDS J21441+2845AB|* mu. Cyg|CNS5 5349|ADS 15270 AB|BD+28  4169|CCDM J21442+2845AB|CSI+28  4169  4|GSC 03197-00616|HIC 107310|HIP 107310|IDS 21397+2817 AB|UBV   18663|** STF 2822AB|1RXS J214408.6+284436|JP11  3393|ROT  3160|UBV M  25908|UCAC3 238-289802|UCAC4 594-128381|2MASS J21440853+2844336|WISEA J214408.75+284431.1|uvby98 100206826|Gaia DR2 1801210568415251072"
"HIP 107315","* eps Peg",326.04648391416663,9.875008653333333,"LP*","K2Ib-II",4.73,0.17,26.92,0.44,3.39,2.39,"TIC 466337046|IDS 21393+0925 A|* eps Peg|PLX 5242|*   8 Peg|AAVSO 2139+09|ADS 15268 A|AG+09 3049|BD+09  4891|CCDM J21441+0953A|CSI+09  4891  1|FK5  815|GC 30431|GCRV 13654|GEN# +1.00206778A|GSC 01125-02186|HD 206778|HIC 107315|HIP 107315|HR  8308|IRAS 21417+0938|IRC +10503|JP11  3392|MFU 235|N30 4790|NAME Enif|PMC 90-93   572|PPM 172188|RAFGL 2800|ROT  3159|SAO 127029|SKY# 41435|SV* ZI  2039|TD1 28404|TYC 1125-2186-1|UBV   18657|UBV M  25906|V* eps Peg|YZ   9 10916|[HFE83] 1460|[L91b] 347|2MASS J21441114+0952302|PLX 5242.00|WDS J21442+0953A|WEB 19379|Gaia DR2 1765433632573306496"
"HIP 107354","* kap Peg",326.16139676550046,25.645037762581552,"**","F5V",29.22,0.74,48.13,14.29,-0.8,4.135,"TIC 452706688|IDS 21401+2511 AB|Gaia DR3 1799315152104585856|PLX 5250|SBC9 1329|WDS J21446+2539AB|*  10 Peg|* kap Peg|ADS 15281 AB|AG+25 2605|BD+24  4463|CCDM J21446+2539AB|CSI+24  4463  1|GC 30450|GCRV 13667|GSC 02193-02017|HD 206901|HIC 107354|HIP 107354|HR  8315|IRC +30478|JP11  3397|N30 4792|PPM 113505|ROT  3164|SAO  89949|SBC7   875|SKY# 41455|TD1 28418|TYC 2193-2017-1|UBV M  25915|UBV   18671|YZ  25 12847|YZ   0   993|PLX 5250.00|PMSC 21401+2511AB|1RXS J214438.9+253838|CSI+24  4463  4|CSI+24  4463  3|** BU  989|** STF 2824AB|2MASS J21443871+2538422|uvby98 100206901|WEB 19389|GEN# +1.00206901"
"HIP 107556","* del Cap",326.76018433125,-16.12728708527778,"SB*","kA5hF0mF2III",84.27,0.19,261.7,-296.7,-3.4,2.83,"TYC 6363-1044-1|TIC 155842257|GJ 837|Gaia DR3 6838311796136238976|PLX 5258|SBC9 1331|CNS5 5370|* del Cap|*  49 Cap|2RE J214703-160639|2RE J2147-160|ADS 15314 A|BD-16  5943|CCDM J21470-1607A|CMC  164644|CSI-16  5943  1|FK5  819|GC 30491|GCRV 13686|GEN# +1.00207098|HD 207098|HIC 107556|HIP 107556|HR  8322|IDS 21415-1635 A|IRC -20608|JP11  3405|LTT  8693|N30 4800|NLTT 52065|PMC 90-93   575|PPM 239339|RAFGL 7180S|RBS  1783|RE J214703-160717|RE J2147-160|ROT  3167|RX J2147.0-1607|SACS 476|SAO 164644|SBC7   876|SKY# 41523|TD1 28443|UBV   21648|UBV M  25924|V* del Cap|[TVS94]  44|2MASS J21470244-1607382|PLX 5258.00|1RXS J214702.5-160736|2EUVE J2147-16.1|EUVE J2147-16.1|WDS J21470-1608A|Renson 57630|AKARI-IRC-V1 J2147025-160740|IRAS 21442-1621|WISEA J214702.64-160741.2|NAME Deneb Algedi|uvby98 100207098|WEB 19412"
"HIP 107608","* tet PsA",326.93395804458333,-30.8983062925,"**","A1V",10.16,0.4,-34.4,-0.08,12.8,5.017,"TIC 204500565|Gaia DR3 6592981614920839168|PLX 5263|* tet PsA|*  10 PsA|CCDM J21477-3054AB|CD-31 18466|CPC 17 11871|CPD-31  6596|CSI-31 18466 21|FK5 3741|GC 30509|GCRV 13692|GSC 07487-01984|HD 207155|HIC 107608|HIP 107608|HR  8326|IDS 21419-3122 AB|IRAS 21447-3107|N30 4804|PPM 301836|ROT  3169|SAO 213292|SKY# 41544|SRS  44677|TD1 28448|TYC 7487-1984-1|UBV   18690|UBV M  25930|2MASS J21474414-3053541|PLX 5263.00|WDS J21477-3054AB|** FIN  330|uvby98 100207155|WEB 19417|Gaia DR2 6592981614920839168|** HJ 5296AB|GEN# +1.00207155"
"HIP 108085","* gam Gru",328.48215125261004,-37.36487221701779,"PM*","B8IV-Vs",17.808,0.5145,110.445,-17.161,2.93,3.01,"TIC 197641601|Gaia DR3 6586825380598949632|PLX 5287|* gam Gru|CD-37 14536|CPC 18 11240|CPD-37  9119|FK5  822|GC 30640|GCRV 13749|GEN# +1.00207971|GSC 07494-01748|HD 207971|HIC 108085|HIP 108085|HR  8353|IRAS 21508-3736|JP11  3414|N30 4823|PMC 90-93   577|PPM 301949|ROT  3182|SAO 213374|SKY# 41726|SRS  30822|NAME Aldhanab|TD1 28542|TYC 7494-1748-1|UBV   18734|UBV M  25977|uvby98 100207971|2MASS J21535573-3721535|ALS 15811|PLX 5287.00|WEB 19485|Gaia DR2 6586825380598277248"
"HIP 10826","* omi Cet",34.83663375759996,-2.9776376730729166,"Mi*","M5/6IIIe",10.91,1.22,9.33,-237.36,63.5,6.53,"TIC 332890609|4XMM J021920.7-025841|HIP 10826|Gaia DR3 2493390319631956352|PLX  477|*  68 Cet|* omi Cet|AAVSO 0214-03|BD-03   353|CSI-03   353  1|DO   430|EIC    37|EM* MWC   35|GC  2796|GCRV  1301|GSC 04693-01144|HD  14386|HIC  10826|HR   681|IRAS 02168-0312|IRC +00030|JP11   625|LTT  1179|NAME Mira|NLTT  7657|PPM 184482|RAFGL  318|SAO 129825|SKY#  3428|TD1  1361|TYC 4693-1144-1|UBV   21604|V* omi Cet|YZ  93   562|[LFO93] 0216-03|[PCC93]  21|ASAS J021920-0258.6|PLX  477.00|JCMTSF J021920.8-025838|JCMTSE J021920.8-025838|UCAC3 175-6614|UCAC4 436-002922|2MASS J02192081-0258393|[WCP90] 021649.076-031222.60|PLCKERC -857 G167.74-57.97|WEB  2282|ASAS J021921-0258.8|GEN# +1.00014386|* omi Cet A|WDS J02193-0259Aa|NAME Mira A|** JOY    1Aa|Gaia DR2 2493390319631662720|3XLSS J021920.8-025840|JCMTSE J021924.8-025714|JCMTSF J021924.8-025714"
"HIP 108661","* eta PsA",330.20927239329757,-28.453739983465898,"Be*","B8III_sh+B8.5IV",3.99,0.48,15.57,-1.03,-5.0,,"TIC 270219259|WISEA J220050.26-282713.6|[JE82] 1104|* eta PsA|*  12 PsA|ADS 15536 AB|CCDM J22008-2827AB|CD-29 18119|CPD-29  6659|GC 30785|GCRV 13818|GSC 06960-01866|HD 209014|HIC 108661|HIP 108661|HR  8386|Hen 3-1928|IDS 21551-2856 AB|IRAS 21579-2841|JP11  3421|NSV 13993|PPM 273250|SAO 190822|SKY# 41939|SRS  44715|TD1 28668|UBV   18806|2MASS J22005025-2827136|ALS 19681|WDS J22008-2827AB|** BU  276AB|Renson 58100|uvby98 100209014|WEB 19552|UCAC4 308-275462|WISE J220050.25-282713.5|GEN# +1.00209014"
"HIP 109074","* alf Aqr",331.4459814409479,-0.3198509554241667,"*","G2Ib",4.9451,0.4296,18.59,-10.45,6.829,2.94,"TIC 248692177|Gaia DR3 2680356911816018048|WISE J220546.96-001911.5|PLX 5332|* alf Aqr|*  34 Aqr|AG-00 2832|BD-01  4246|CCDM J22058-0019A|CSI-01  4246  1|EIC   873|FK5  827|GC 30896|GCRV 13879|GEN# +1.00209750|GSC 05224-01806|HD 209750|HIC 109074|HIP 109074|HR  8414|IDS 22006-0048 A|IRAS 22032-0033|IRC +00513|JP11  3444|N30 4868|PMC 90-93   578|PPM 181401|RAFGL 2844|ROT  3207|SAO 145862|SKY# 42093|TD1 28759|TYC 5224-1806-1|UBV   18874|UBV M  26106|YZ  90  5571|uvby98 100209750|2MASS J22054703-0019114|PLX 5332.00|WDS J22058-0019A|** BUP  232A|NAME Sadalmelik|WEB 19611|Gaia DR2 2680356911815074432"
"HIP 109111","* lam Gru",331.52868672390497,-39.543353005568605,"PM*","K3III",13.0876,0.1253,-24.133,-125.199,39.2,4.458,"TIC 197759714|Gaia DR3 6573503732074732288|PLX 5328|* lam Gru|CD-40 14639|CPC 18 11329|CPD-40  9652|FK5 1581|GC 30892|GCRV 13877|GEN# +1.00209688|GSC 07995-01343|HD 209688|HIC 109111|HIP 109111|HR  8411|IRAS 22031-3947|JP11  3442|N30 4866|PPM 302182|SACS 481|SAO 213543|SKY# 42107|SRS  31581|TYC 7995-1343-1|UBV   18859|UBV M  26097|[DS98] 317|2MASS J22060688-3932360|PLX 5328.00|WEB 19617|Gaia DR2 6573503732076600576"
"HIP 109139","* iot Aqr",331.60928058509376,-13.869680561132501,"SB*","B8V",15.494,0.2103,42.21,-56.566,-11.95,4.27,"TIC 75270044|Gaia DR3 2612171866450404992|* iot Aqr|*  33 Aqr|BD-14  6209|FK5  828|GC 30914|GCRV 13886|GEN# +1.00209819|GSC 05808-01683|HD 209819|HIC 109139|HIP 109139|HR  8418|IRAS 22037-1406|JP11  3449|N30 4871|PMC 90-93   579|PPM 239801|ROT  3210|SACS 482|SAO 164861|1RXS J220626.2-135214|2MASS J22062623-1352106|Gaia DR2 2612171866450404992|SKY# 42118|TD1 28764|TYC 5808-1683-1|UBV   18878|UBV M  26114|YZ 104  8274|uvby98 100209819|ALS 16857|WEB 19620"
"HIP 109176","* iot Peg",331.75277295908,25.345098996239997,"SB*","F5V",84.0054,0.2023,295.476,27.442,-6.94,3.77,"TIC 357336603|GJ 848|Gaia DR3 1891598193816300544|PLX 5345|SBC9 1354|SPOCS 3188|LSPM J2207+2520|TYC 2208-2471-1|ASCC  732166|2MASS J22070067+2520424|USNO-B1.0 1153-00549763|* iot Peg|* iot Peg A|*  24 Peg|CNS5 5470|AG+25 2653|BD+24  4533|CCDM J22070+2520A|CSI+24  4533  1|FK5  831|GC 30932|GCRV 13898|GEN# +1.00210027|HD 210027|HIC 109176|HIP 109176|HR  8430|IDS 22023+2452 A|IRAS 22047+2506|IRC +30485|JP11  3455|LTT 16472|N30 4873|NLTT 52972|NSV 14034|PMC 90-93   581|PPM 114048|ROT  3219|SAO  90238|SBC7   897|SKY# 42131|SRS  30831|TD1 28790|UBV   18902|UBV M  26139|[HFE83] 1484|uvby98 100210027|PLX 5345.00|1RXS J220700.9+252045|WDS J22070+2521A|* iot Peg B|** STT  596A|WISEA J220700.90+252042.6|WEB 19626|Gaia DR2 1891598193815850624"
"HIP 109268","* alf Gru",332.05826969609114,-46.96097438191952,"PM*","B6V",32.29,0.21,126.69,-147.47,10.9,1.71,"TIC 279316667|Gaia DR2 6560604777053880704|GJ 848.2|GJ 9767|Gaia DR3 6560604777055249536|PLX 5339|* alf Gru|CCDM J22082-4658A|CD-47 14063|CEL   5438|CPC  0 19748|CPD-47  9830|CSI-47 14063 21|CSV 103076|FK5  829|GC 30942|GCRV 13901|GEN# +1.00209952|HD 209952|HIC 109268|HIP 109268|HR  8425|IDS 22019-4727 A|IRAS 22051-4712|JP11  3451|LTT  8869|N30 4875|NAME Alnair|NLTT 52990|NSV 14040|PPM 327928|ROT  3215|SACS 483|SAO 230992|SKY# 42171|TD1 28783|UBV   18893|UBV M  26132|[CS62] E9  70|uvby98 100209952|2MASS J22081397-4657393|ALS 15069|PLX 5339.00|EXO 2205.1-4712|WDS J22082-4658A|TYC 8438-1959-1|WEB 19636"
"HIP 109352","* pi.01 Peg",332.30677123194,33.17235478882,"PM*","G6III:",11.2851,0.1384,-53.215,-73.313,-6.98,5.582,"TIC 162459565|Gaia DR3 1899240933502898944|PLX 5360|*  27 Peg|* pi.01 Peg|AG+32 2183|BD+32  4349|CSI+32  4349  1|FK5  833|GC 30995|GCRV 13922|GEN# +1.00210354|GSC 02724-02355|HD 210354|HIC 109352|HIP 109352|HR  8449|N30 4882|PMC 90-93   583|PPM  87450|SAO  72064|IRAS 22069+3255|AKARI-IRC-V1 J2209135+331020|SKY# 42212|TYC 2724-2355-1|UBV   18938|UBV M  26169|[HFE83] 1485|2MASS J22091364+3310203|PLX 5360.00|WEB 19649|Gaia DR2 1899240933502898944"
"HIP 109422","* tau PsA",332.53658414455214,-32.54840841508611,"PM*","F6V",54.1773,0.094,428.832,13.475,-15.902,4.92,"TIC 97402436|GJ 849.1|GJ 9770|Gaia DR3 6612242034982766848|PLX 5357|CNS5 5480|* tau PsA|*  15 PsA|CD-33 15941|CPC 17 12046|CPD-33  6227|Ci 20 1341|GC 31003|GCRV 13929|GEN# +1.00210302|HD 210302|HIC 109422|HIP 109422|HR  8447|IRAS 22072-3247|LTT  8891|NLTT 53086|PPM 302262|SAO 213602|SKY# 42237|SPOCS  961|SRS  44751|TD1 28818|UBV   18934|UBV M  26163|uvby98 100210302|2MASS J22100875-3232544|PLX 5357.00|TYC 7492-1465-1|WEB 19659|Gaia DR2 6612242034982766848"
"HIP 109427","* tet Peg",332.5499525505046,6.1979215882049985,"PM*","A1Va",36.7678,1.131,265.699,10.407,-9.22,3.55,"TIC 468285170|** VSP   57A|WDS J22102+0612A|Gaia DR3 2720428303852574336|GJ 9771|PLX 5362|LSPM J2210+0611|ASCC 1088144|USNO-B1.0 0961-00579177|*  26 Peg|* tet Peg|AG+05 3241|BD+05  4961|CSV 102151|FK5  834|GC 31013|GCRV 13930|GEN# +1.00210418|GSC 00565-01999|HD 210418|HGAM   1052|HIC 109427|HIP 109427|HR  8450|IRAS 22076+0557|JP11  3458|LTT 16484|N30 4884|NLTT 53109|NSV 14057|PMC 90-93   584|PPM 172728|ROT  3226|SAO 127340|SKY# 42241|TD1 28827|TYC  565-1999-1|UBV   18949|UBV M  26173|YZ   5 11135|uvby98 100210418|2MASS J22101198+0611522|PLX 5362.00|NAME Biham|WISEA J221012.17+061152.5|WEB 19660|Gaia DR2 2720428303852169216"
"HIP 109492","* zet Cep",332.71365710650707,58.20126183406695,"s*r","K1.5Ib",3.2972,0.1456,13.359,5.275,-17.83,3.35,"TIC 329273647|Gaia DR3 2199493438511811712|WISE J221051.61+581207.1|PLX 5372|* zet Cep|*  21 Cep|AG+57 1533|BD+57  2475|CSV 102155|FK5  836|GC 31044|GCRV 13949|GEN# +1.00210745|GSC 03981-01590|HD 210745|HIC 109492|HIP 109492|HR  8465|IRAS 22091+5757|IRC +60344|IRCO    64|JP11  3461|N30 4890|NSV 14066|PMC 90-93   586|PPM  40311|RAFGL 2864|ROT  3231|SAO  34137|SKY# 42268|SV* ZI  2076|TYC 3981-1590-1|UBV   18983|UBV M  26209|V* zet Cep|YZ  57 12918|[HFE83] 1488|2MASS J22105129+5812041|PLX 5372.00|WEB 19675|Gaia DR2 2199493438511811712"
"HIP 109937","*   1 Lac",333.9924037482759,37.74873522918861,"*","K3-II-III",4.8108,0.1322,8.851,-0.089,-8.58,4.15,"TIC 119894141|Gaia DR3 1907131544341497600|PLX 5393|*   1 Lac|AG+37 2201|BD+37  4526|GC 31143|GCRV 14004|GEN# +1.00211388|GSC 03199-03591|HD 211388|HIC 109937|HIP 109937|HR  8498|IRAS 22138+3730|IRC +40507|JP11  3467|NSV 25864|PPM  87596|RAFGL 2875|ROT  3244|SAO  72191|SKY# 42425|TYC 3199-3591-1|UBV   19062|UBV M  26280|2MASS J22155816+3744553|PLX 5393.00|WEB 19739|Gaia DR2 1907131544336369152"
"HIP 110003","* tet Aqr",334.20848618584,-7.783288742531944,"PM*","G9II",17.0893,0.1471,118.929,-21.928,-13.77,4.16,"TIC 38298299|Gaia DR3 2616542115933350144|PLX 5394|* tet Aqr|*  43 Aqr|BD-08  5845|FK5  840|GC 31152|GCRV 14011|GEN# +1.00211391|GSC 05803-01996|HD 211391|HIC 110003|HIP 110003|HR  8499|IRAS 22142-0801|IRC -10578|JP11  3468|N30 4907|PMC 90-93   589|PPM 206179|ROT  3245|SACS 485|SAO 145991|SKY# 42454|TD1 28951|TYC 5803-1996-1|UBV   19063|UBV M  26281|YZ  98  7981|[HFE83] 1495|uvby98 100211391|2MASS J22165002-0747001|PLX 5394.00|NAME Ancha|WEB 19750|Gaia DR2 2616542115933043712"
"HIP 11001","* del Hyi",35.43725985508,-68.65941858958,"PM*","A2V",23.2796,0.12,-50.395,3.214,6.0,4.09,"TIC 234309613|GJ 97.1|GJ 9080|HIP 11001|Gaia DR3 4693818888483537664|2MASS J02214494-6839338|PLX  492|* del Hyi|CPC 21.1   339|CPD-69   113|FK5 1065|GC  2872|GCRV  1351|GEN# +1.00015008|GSC 09144-01688|HD  15008|HIC  11001|HR   705|IRAS 02208-6853|JP11   648|N30  485|PPM 352886|SAO 248545|SKY#  3489|TD1  1411|TYC 9144-1688-1|UBV    2490|UBV M   8942|uvby98 100015008|PLX  492.00|WEB  2313|Gaia DR2 4693818888483537664"
"HIP 110130","* alf Tuc",334.62546848872375,-60.259629544748336,"SB*","K3III",17.7324,0.329,-77.0,-32.823,42.2,2.82,"TIC 394046358|GEN# +1.00211416|Gaia DR3 6407842789021567872|PLX 5396|SBC9 1363|* alf Tuc|CCDM J22185-6016A|CPC 20.1  6592|CPD-60  7561|FK5  841|GC 31183|GCRV 14024|HD 211416|HIC 110130|HIP 110130|HR  8502|IRAS 22150-6030|JP11  3471|N30 4912|PPM 365714|SACS 486|SAO 255193|SBC7   902|SKY# 42500|TD1 28957|UBV   19069|UBV M  26287|2MASS J22183009-6015345|PLX 5396.00|TYC 9117-1947-1|WEB 19767|Gaia DR2 6407842789018817280|1RXS J221832.3-601523|NAME-IAU Lang-Exster"
"HIP 110395","* gam Aqr",335.41404820054,-1.38734919411,"PM*","A0V",25.8551,0.5799,134.223,11.219,-15.7,3.834,"TIC 439852017|GJ 9779|Gaia DR3 2677558895241364864|PLX 5407|* gam Aqr|*  48 Aqr|ADS 15864 A|AG-01 2732|BD-02  5741|CCDM J22217-0123A|CSI-02  5741  1|FK5  842|GC 31257|GCRV 14062|GEN# +1.00212061|GSC 05226-01606|HD 212061|HGAM   1061|HIC 110395|HIP 110395|HR  8518|IDS 22165-0153 A|JP11  3475|N30 4927|PMC 90-93   590|PPM 181446|ROT  3254|SAO 146044|SKY# 42583|TD1 29003|TYC 5226-1606-1|UBV   19127|UBV M  26339|YZ  91  7780|uvby98 100212061|2MASS J22213936-0123145|ALS 16209|PLX 5407.00|WDS J22217-0123A|1RXS J222140.1-012310|NAME Sadachbia|IRAS 22190-0138|AKARI-IRC-V1 J2221394-012314|WEB 19798|Gaia DR2 2677558895240612992"
"HIP 110538","* bet Lac",335.8900971399658,52.22904671718861,"**","G9IIIbCa1",19.3014,0.1169,-13.933,-186.664,-11.02,4.44,"TIC 197583074|Gaia DR3 2001387556602514304|PLX 5418|LSPM J2223+5213|TYC 3619-4081-1|ASCC  285897|* bet Lac|*   3 Lac|AG+51 1664|BD+51  3358|FK5  844|GC 31310|GCRV 14080|GEN# +1.00212496|GSC 03619-04081|HD 212496|HIC 110538|HIP 110538|HR  8538|IRAS 22215+5158|IRC +50428|JP11  3482|LF  4 +51  189|N30 4934|NLTT 53741|PMC 90-93   592|PPM  40598|RAFGL 5684S|ROT  3260|SAO  34395|SKY# 42629|UBV   19169|UBV M  26381|YZ  51  7658|2MASS J22233365+5213449|USNO-B1.0 1422-00503652|PLX 5418.00|WDS J22236+5214AB|CCDM J22236+5214AB|** CHR  108|WEB 19813|Gaia DR2 2001387556600372864"
"HIP 110609","*   4 Lac",336.12913122019995,49.47639182907,"s*b","B9Iab-Ib",1.2656,0.0891,-5.274,-3.303,-22.7,4.58,"TIC 467429500|Gaia DR3 1999776222304976384|PLX 5419|*   4 Lac|AG+49 1973|ALS 12393|BD+48  3715|GC 31326|GCRV 14090|GEN# +1.00212593|GSC 03615-03021|HD 212593|HIC 110609|HIP 110609|HR  8541|IRAS 22224+4913|JP11  3487|LS III +49   46|PPM  62905|ROT  3262|SAO  51970|SKY# 42654|TD1 29060|TYC 3615-3021-1|UBV   19176|UBV M  26386|[R57]   67|uvby98 100212593|2MASS J22243097+4928351|PLX 5419.00|WEB 19823|Gaia DR2 1999776222304976384"
"HIP 110960","* zet Aqr",337.20794519724916,-0.019942847221622,"**","F2V++F2.5IV-V",35.5,1.26,182.92,50.36,25.3,3.65,"TIC 176070741|* zet Aqr|ADS 15971 AB|AG-00 2868|BD-00  4365|CCDM J22288-0001AB|CSI-00  4365  3|EUVE J2228-00.0|HIC 110960|HIP 110960|IDS 22237-0032 AB|JP11  3497|PPM 181465|SAO 146107|UBV   19208|UBV M  26416|WDS J22288-0001AB|1RXS J222850.3-000120|2MASS J22284987-0001124|** STF 2909|WISEA J222850.00-000112.7|uvby98 100213052"
"HIP 110997","* del01 Gru",337.31739147484666,-43.49556159542195,"*","G6/8III",9.9981,0.1421,24.146,-3.176,4.9,3.97,"TIC 382422180|GEN# +1.00213009|Gaia DR3 6521011466420795392|PLX 5431|* del01 Gru|CCDM J22293-4330A|CD-44 14931|CPC  0 19939|CPD-44 10226|CSI-44 14931 21|FK5  846|GC 31400|GCRV 14125|GSC 08003-01372|HD 213009|HIC 110997|HIP 110997|HR  8556|IDS 22233-4400 A|IRAS 22262-4345|JP11  3494|N30 4950|NSV 14169|PPM 328298|SACS 489|SAO 231154|SKY# 42790|TD1 29105|TYC 8003-1372-1|UBV   19203|UBV M  26411|[CS62] E9  74|uvby98 100213009 ABV|2MASS J22291618-4329438|PLX 5431.00|1RXS J222917.5-432950|WDS J22293-4330A|WEB 19875|Gaia DR2 6521011466416800512"
"HIP 111022","*   5 Lac",337.3826173137183,47.706905899615,"s*r","K9Ia+B2V",1.4838,0.1383,-2.554,-5.372,-12.93,4.37,"TIC 200120841|Gaia DR3 1986628812013105152|PLX 5441|SBC9 1376|*   5 Lac|AG+47 1916|BD+46  3719|CSV 102179|FK5 3799|GC 31426|GCRV 14142|GEN# +1.00213310|GSC 03611-02304|HD 213311|HD 213310|HIC 111022|HIP 111022|HR  8572|IRAS 22274+4726|IRC +50433|JP11  3500|NSV 14177|PMC 90-93  1467|PPM  63008|RAFGL 2913|SAO  52055|SKY# 42798|SV* ZI  2092|TYC 3611-2304-1|UBV   19227|UBV M  26438|V* V412 Lac|[R57]  835|2MASS J22293182+4742247|PLX 5441.00|WDS J22295+4742AB|** MCA   71|WEB 19877|Gaia DR2 1986628812012131712"
"HIP 111104","*   6 Lac",337.62191955812244,43.12337646048139,"SB*","B2IV",2.8367,0.1336,-2.38,-5.541,-8.7,4.511,"TIC 200157908|Gaia DR3 1981881498752967552|SBC9 1378|*   6 Lac|AG+42 2178|BD+42  4420|FK5 3800|GC 31449|GCRV 14148|GEN# +1.00213420|GSC 03209-02260|HD 213420|HGAM   1069|HIC 111104|HIP 111104|HR  8579|IRAS 22283+4251|JP11  3503|N30 4959|PPM  63038|ROT  3278|SAO  52079|SBC7   915|SKY# 42832|TD1 29140|TYC 3209-2260-1|UBV   19241|UBV M  26447|uvby98 100213420|2MASS J22302925+4307241|ALS 16172|WEB 19891|Gaia DR2 1981881498752967552"
"HIP 111123","* sig Aqr",337.66175584903,-10.6779180573,"*","A0IVs",15.8247,0.4146,-4.095,-38.019,11.7,4.81,"TIC 250955857|Gaia DR3 2602755064754413312|PLX 5442|* sig Aqr|*  57 Aqr|BD-11  5850|FK5 1591|GC 31440|GCRV 14146|GEN# +1.00213320|GSC 05814-01593|HD 213320|HIC 111123|HIP 111123|HR  8573|JP11  3501|N30 4958|PPM 240380|ROT  3274|SACS 490|SAO 165134|SKY# 42835|TD1 29134|TYC 5814-1593-1|UBV   19230|UBV M  26439|YZC 11  7948|uvby98 100213320|2MASS J22303882-1040404|PLX 5442.00|Renson 59130|WEB 19892|Gaia DR2 2602755064754413312"
"HIP 111169","* alf Lac",337.8229225889383,50.28249164252277,"PM*","A1V",31.4943,0.2017,137.243,17.54,-12.66,3.77,"TIC 468816607|Gaia DR3 1988193348344678656|PLX 5449|* alf Lac|*   7 Lac|ADS 16021 A|AG+50 1825|BD+49  3875|CCDM J22313+5017A|CEL   5482|CSI+49  3875  1|FK5  848|GC 31471|GCRV 14154|GEN# +1.00213558|GSC 03628-03193|HD 213558|HGAM   1070|HIC 111169|HIP 111169|HR  8585|IDS 22272+4946 A|JP11  3504|N30 4963|PMC 90-93   595|PPM  40777|ROT  3281|SAO  34542|IRAS 22292+5001|AKARI-IRC-V1 J2231175+501657|SKY# 42852|TD1 29152|TYC 3628-3193-1|UBV   19265|UBV M  26455|[R57] 1109|uvby98 100213558|2MASS J22311751+5016571|PLX 5449.00|WDS J22313+5017A|WEB 19894|Gaia DR2 1988193348339562880|NAME-IAU Stellio"
"HIP 111188","* bet PsA",337.8763771806121,-32.34607529737001,"PM*","A1Va",22.0836,0.2117,58.64,-18.857,5.05,4.29,"TIC 253923638|WISEA J223130.37-322046.3|Gaia DR3 6601750220152445440|PLX 5444|* bet PsA|*  17 PsA|CCDM J22315-3221A|CD-32 17126|CPC 17 12213|CPD-32  6506|FK5 1592|GC 31459|GCRV 14152|GSC 07497-01511|HD 213398|HIC 111188|HIP 111188|HR  8576|IDS 22258-3252 A|JP11  3502|N30 4960|PMC 90-93  1129|PPM 302699|ROT  3276|SACS 491|SAO 213883|SKY# 42858|SRS  31592|TD1 29138|TYC 7497-1511-1|UBV   19236|UBV M  26443|2MASS J22313033-3220458|** PZ    7A|AKARI-IRC-V1 J2231303-322046|WISE J223130.35-322046.1|WEB 19896|Gaia DR2 6601750220152445440|IRAS 22286-3236|IRAS F22286-3236|** EHR   18A|WDS J22315-3221A|GEN# +1.00213398|uvby98 100213398"
"HIP 111497","* eta Aqr",338.8390890307466,-0.11749740658833335,"PM*","B8/9V",18.3709,0.3938,89.31,-55.043,-5.5,4.03,"TIC 125238849|PLX 5462|* eta Aqr|*  62 Aqr|AG-00 2882|BD-00  4384|FK5  850|GC 31534|GCRV 14186|GEN# +1.00213998|HD 213998|HIC 111497|HIP 111497|HR  8597|JP11  3505|N30 4971|PHL  1993|PMC 90-93   597|PPM 181490|ROT  3287|SAO 146181|SKY# 42958|TD1 29189|UBV   19306|UBV M  26479|YZ  90  5681|uvby98 100213998|2MASS J22352136-0007034|ALS 17350|PLX 5462.00|WEB 19931|Gaia DR2 2653884210871806592|Gaia DR3 2653884210872467200|TYC 5233-2298-1"
"HIP 111954","* eps PsA",340.16395106838996,-27.04361529214,"Be*","B7III",5.9219,0.2931,21.839,-1.588,1.1,4.177,"TIC 47296054|WISE J224039.35-270237.0|Gaia DR3 6622561673163882752|[JE82] 1124|* eps PsA|*  18 PsA|CD-27 16010|CPD-27  7442|EM* MWC  392|FK5  854|GC 31646|GCRV 14240|GEN# +1.00214748|GSC 06966-01509|HD 214748|HIC 111954|HIP 111954|HR  8628|JP11  3516|N30 4990|PHL  2035|PMC 90-93   601|PPM 274114|ROT  3304|SAO 191318|SKY# 43115|SRS  30854|TD1 29262|TYC 6966-1509-1|UBV   19399|UBV M  26542|[PS72]  59|uvby98 100214748|2MASS J22403935-2702371|IRAS 22379-2718|AKARI-IRC-V1 J2240393-270237|WEB 19990|Gaia DR2 6622561673163632768"
"HIP 112029","*  42 Peg",340.36550299,10.831363310277778,"PM*","B8.5IV",15.96,0.19,77.22,-11.38,9.23,3.41,"TIC 322187270|WISE J224127.76+104952.7|Gaia DR3 2717594072113956352|IRAS 22389+1034|PLX 5492|* zet Peg|*  42 Peg|ADS 16182 A|AG+10 3107|BD+10  4797|CCDM J22415+1050A|CSI+10  4797  1|FK5  855|GC 31664|GCRV 14247|GEN# +1.00214923|HD 214923|HIC 112029|HIP 112029|HR  8634|IDS 22365+1019 A|JP11  3523|N30 4992|PMC 90-93   602|PPM 141743|ROT  3307|SAO 108103|SKY# 43140|SRS  30855|TD1 29271|UBV   19416|UBV M  26553|YZ  10  9059|uvby98 100214923|PLX 5492.00|WDS J22415+1050A|TYC 1155-2187-1|GSC 01155-02187|UCAC3 202-315734|2MASS J22412773+1049526|AKARI-IRC-V1 J2241277+104952|NAME Homam|WEB 19999|Gaia DR2 2717594072113581696"
"HIP 112122","* bet Gru",340.66687612556166,-46.884576444824646,"LP?","M4.5III",18.43,0.42,135.16,-4.38,-0.3,2.11,"TIC 44577667|PLX 5494|* bet Gru|AAVSO 2236-47|CD-47 14308|CPC  0 20068|CPD-47  9896|CSV   8784|FK5  856|GC 31685|GCRV 14260|GEN# +1.00214952|GSC 08446-01644|HD 214952|HIC 112122|HIP 112122|HR  8636|IRAS 22396-4708|JP11  3525|N30 4995|PPM 328536|RAFGL 4292|SAO 231258|SKY# 43170|TD1 29274|TYC 8446-1644-1|UBV   21723|UBV M  26556|V* bet Gru|[CS62] E9  78|[DS98] 327|2MASS J22424003-4653044|PLX 5494.00|NAME-IAU Tiaki|WEB 20008"
"HIP 112158","* eta Peg",340.75053685395,30.221214713719995,"SB*","G8II+F0V",16.6308,0.7047,19.957,-18.971,4.17,2.95,"TIC 10662523|Gaia DR3 1887953690728237568|PLX 5503|SBC9 1396|* eta Peg|*  44 Peg|ADS 16211 A|AG+29 2819|BD+29  4741|CCDM J22430+3014A|CSI+29  4741  1|FK5  857|GC 31706|GCRV 14271|GEN# +1.00215182|GSC 02736-01823|HD 215182|HIC 112158|HIP 112158|HR  8650|IDS 22383+2942|IRAS 22406+2957|IRC +30499|JP11  3531|N30 5002|NSV 14285|PMC 90-93   603|PPM  88121|RAFGL 2938|ROT  3312|SAO  90734|SBC7   926|SKY# 43181|SRS  30857|TD1 29299|TYC 2736-1823-1|UBV   19446|UBV M  26577|2MASS J22430012+3013165|WDS J22430+3013Aa,Ab|** BLA   11|** BU 1144A|** FYM  145A|NAME Matar|WEB 20017|Gaia DR2 1887953690724601984"
"HIP 112405","* bet Oct",341.51462908375,-81.38161444027777,"PM*","A9IV/V",21.85,0.43,-54.49,1.16,19.0,4.128,"TIC 273737963|RAVE J224603.5-812254|Gaia DR3 6351373899042868480|2MASS J22460347-8122537|* bet Oct|CPC 22  2848|CPD-82   889|FK5  924|GC 31712|GCRV 14277|GEN# +1.00214846|GSC 09488-01053|HD 214846|HIC 112405|HIP 112405|HR  8630|IRAS 22410-8138|JP11  3521|N30 5003|PPM 378770|ROT  3305|SAO 258941|SKY# 43268|TD1 29267|TYC 9488-1053-1|UBV   19409|UBV M  26547|uvby98 100214846|WEB 20051|Gaia DR2 6351373899042222208"
"HIP 112440","* lam Peg",341.63282462498836,23.565656099650834,"PM*","G8IIIaCN0.5",8.5987,0.316,57.086,-9.845,-4.15,3.93,"TIC 434199907|GJ 4295|Gaia DR3 1876331990259358976|PLX 5515|* lam Peg|*  47 Peg|AG+23 2352|BD+22  4709|FK5  859|GC 31776|GCRV 14307|GEN# +1.00215665|GSC 02221-01666|HD 215665|HIC 112440|HIP 112440|HR  8667|IRAS 22441+2318|IRC +20536|JP11  3534|N30 5013|PMC 90-93   605|PPM 114805|ROT  3317|SAO  90775|SKY# 43284|SRS  30859|TD1 29339|TYC 2221-1666-1|UBV   19518|UBV M  26611|YZ  23  8745|[L91b] 371|2MASS J22463188+2333564|PLX 5515.00|WEB 20053|Gaia DR2 1876331990257681920"
"HIP 112447","* ksi Peg",341.67324939263915,12.172885794474443,"PM*","F6V",60.9161,0.1739,233.354,-493.133,-5.853,4.2,"TIC 60716322|IDS 22417+1139 A|GJ 872 A|Gaia DR3 2719475542667772416|PLX 5516|ASCC  996971|LSPM J2246+1210W|USNO-B1.0 1021-00758035|* ksi Peg|* ksi Peg A|*  46 Peg|CNS5 5618|ADS 16261 A|AG+11 2850|BD+11  4875|BD+11  4875A|CCDM J22467+1211A|CSI+11  4875  1|Ci 20 1381|GC 31778|GCRV 14308|GEN# +1.00215648|HD 215648|HIC 112447|HIP 112447|HR  8665|IRC +10522|JP11  3532|LFT 1735|LHS  3851|LTT 16693|NLTT 54819|PM 22442+1155|PPM 141833|ROT  3316|SAO 108165|SKY# 43286|SPOCS  984|TD1 29336|TYC 1155-2186-1|UBV   19514|UBV M  26609|YZ  11  9091|uvby98 100215648|2MASS J22464156+1210228|WDS J22467+1210A|** HJ  301A|IRAS 22442+1154|AKARI-IRC-V1 J2246417+121018|WISE J224641.75+121017.0|WISEA J224641.79+121017.4|WEB 20055|Gaia DR2 2719475542666622976"
"HIP 112623","* eps Gru",342.13874192297,-51.31686481202,"SB*","A2IVn",25.7902,0.2352,107.195,-62.575,-0.4,3.466,"TIC 161270578|GJ 9796|Gaia DR3 6513525544581729536|* eps Gru|CD-51 13389|CPC  0 20126|CPD-51 11870|FK5  860|GC 31813|GCRV 14321|GEN# +1.00215789|GSC 08453-01499|HD 215789|HIC 112623|HIP 112623|HR  8675|IRAS 22455-5134|JP11  3535|N30 5020|PLX 5521|PPM 350542|ROT  3319|SACS 494|SAO 247593|SKY# 43346|TD1 29354|TYC 8453-1499-1|UBV   19533|UBV M  26626|uvby98 100215789 A|2MASS J22483329-5119006|PLX 5521.00|XBS J224833.3-511900|2XMM J224833.3-511859|WEB 20075|Gaia DR2 6513525544580908288"
"HIP 112716","* tau Aqr",342.39792075111455,-13.592628543936945,"*","M0III",10.0171,0.1734,-13.386,-38.609,1.1,3.98,"TIC 146364305|Gaia DR3 2603370653827638656|PLX 5525|* tau Aqr|*  71 Aqr|* tau02 Aqr|BD-14  6354|BDS 11985 A|CCDM J22495-1335A|CSI-14  6354  1|FK5  861|GC 31836|GCRV 14333|GEN# +1.00216032A|GSC 05819-01247|HD 216032|HIC 112716|HIP 112716|HR  8679|IDS 22443-1407 A|IRAS 22469-1351|IRC -10587|JP11  3539|N30 5023|NSV 14329|PMC 90-93   606|PPM 240808|RAFGL 2962|SACS 495|SAO 165321|SKY# 43371|TD1 29379|TYC 5819-1247-1|UBV M  26644|UBV   19553|YZ 103  8475|uvby98 100216032 A|2MASS J22493550-1335331|WDS J22496-1336A|WEB 20086|Gaia DR2 2603370653826432896"
"HIP 112724","* iot Cep",342.4200728828125,66.20040505350917,"PM*","K0-III",27.2869,0.1309,-65.947,-124.967,-12.763,3.54,"TIC 377148985|WDS J22497+6612A|** SHY  359A|Gaia DR3 2211820991085587584|PLX 5532|* iot Cep|*  32 Cep|AAVSO 2246+65|AG+65 1240|BD+65  1814|FK5  863|GC 31857|GCRV 14343|GEN# +1.00216228|GSC 04277-01102|HD 216228|HIC 112724|HIP 112724|HR  8694|JP11  3541|IRAS 22478+6556|IRC +70190|N30 5026|PMC 90-93   608|PPM  23981|RAFGL 2967|ROT  3325|SAO  20268|SKY# 43375|TD1 29403|TYC 4277-1102-1|UBV   19578|UBV M  26666|USNO 906|[HFE83] 1528|2MASS J22494081+6612013|PLX 5532.00|WEB 20087|Gaia DR2 2211820991079869312"
"HIP 112748","* mu. Peg",342.50080447836956,24.601581283481668,"PM*","G8+III",28.934,0.1887,145.24,-42.396,13.791,3.48,"TIC 44155570|Gaia DR3 1876510592179455744|GJ 4298|PLX 5528|LSPM J2250+2436|ASCC  825572|USNO-B1.0 1146-00562556|*  48 Peg|* mu. Peg|AG+24 2464|BD+23  4615|FK5  862|GC 31851|GCRV 14339|GEN# +1.00216131|GSC 02225-01821|HD 216131|HIC 112748|HIP 112748|HR  8684|IRAS 22475+2420|IRC +20537|JP11  3540|N30 5024|PMC 90-93   607|PPM 114859|RAFGL 2966|ROT  3323|SAO  90816|SKY# 43386|SRS  30862|TD1 29395|TYC 2225-1821-1|UBV   19566|UBV M  26652|YZ  24  8764|2MASS J22500017+2436056|PLX 5528.00|NAME Sadalbari|WEB 20089|Gaia DR2 1876510592179102464"
"HIP 112961","* lam Aqr",343.15364185224,-7.57959692371,"LP*","M2.5IIIFe-0.5",8.936,0.2356,14.964,32.742,-10.46,3.79,"TIC 36689800|Gaia DR3 2610370969483589888|PLX 5540|* lam Aqr|*  73 Aqr|AAVSO 2247-08|BD-08  5968|FK5  864|GC 31903|GCRV 14363|GEN# +1.00216386|GSC 05813-01406|HD 216386|HIC 112961|HIP 112961|HR  8698|IRC -10588|JP11  3543|N30 5034|PMC 90-93   609|PPM 206868|RAFGL 2977|SACS 497|SAO 146362|SKY# 43459|SV* P  2372|TD1 29419|TYC 5813-1406-1|UBV   19596|UBV M  26678|V* lam Aqr|YZ  97  8146|[DS98] 331|2MASS J22523684-0734473|PLX 5540.00|WEB 20114|Gaia DR2 2610370969482732672|NAME-IAU Shatabhisha"
"HIP 113136","* del Aqr",343.66252607413,-15.820819565200004,"PM*","A3Vp",23.1451,1.1614,-34.152,-26.359,10.96,3.28,"TIC 111750833|Gaia DR3 2404579570000684544|PLX 5552|* del Aqr|*  76 Aqr|BD-16  6173|FK5  866|GC 31943|GCRV 14380|GEN# +1.00216627|GSC 06387-01382|HD 216627|HGAM   1092|HIC 113136|HIP 113136|HR  8709|JP11  3546|N30 5040|PMC 90-93   610|PPM 240921|ROT  3333|SAO 165375|SKY# 43516|TD1 29440|TYC 6387-1382-1|UBV   19625|UBV M  26696|YZ 106  8500|uvby98 100216627|2MASS J22543901-1549144|PLX 5552.00|RAVE J225439.0-154914|NAME Skat|WEB 20136|Gaia DR2 2404579569999907200"
"HIP 113246","* del PsA",343.98708414699,-32.53962393681,"*","G8III",19.1618,0.1347,11.62,32.638,-10.69,4.208,"TIC 206685089|GEN# +1.00216763|Gaia DR3 6603237069110449792|PLX 5559|* del PsA|*  23 PsA|CCDM J22559-3232A|CD-33 16303|CPC 17 12401|CPD-33  6301|CSI-33 16303 21|GC 31974|GCRV 14395|GSC 07508-01312|HD 216763|HIC 113246|HIP 113246|HR  8720|IDS 22504-3304 A|IRC -30457|JP11  3549|PPM 303181|SAO 214189|IRAS 22531-3248|AKARI-IRC-V1 J2255569-323222|SKY# 43560|SRS  44900|TD1 29453|TYC 7508-1312-1|UBV   19651|UBV M  26714|2MASS J22555689-3232228|WDS J22559-3232A|uvby98 100216763|WEB 20151|Gaia DR2 6603237069110536960"
"HIP 113368","* alf PsA",344.4126927211701,-29.622237033389442,"PM*","A4V",129.81,0.47,328.95,-164.67,6.5,1.16,"TIC 47552789|GJ 881|GJ 881.0|PLX 5565|CNS5 5665|* alf PsA|*  24 PsA|8pc 130.08|CD-30 19370|CEL   5549|CPC 17 12409|CPD-30  6685|FK5  867|GC 32000|GCRV 14409|GEN# +1.00216956|HD 216956|HIC 113368|HIP 113368|HR  8728|IRAS 22549-2953|IRC -30458|JP11  3556|LTT  9292|N30 5050|NLTT 55380|NSV 14372|PMC 90-93   611|PPM 274426|RAFGL 2995|ROT  3340|SAO 191524|SKY# 43608|SRS  30867|TD1 29476|UBV   19672|UBV M  26732|Zkh 345|[PS72]  89|uvby98 100216956|JCMTSE J225739.4-293726|JCMTSF J225738.9-293714|PLX 5565.00|WDS J22577-2937A|** SHY  106A|2MASS J22573901-2937193|NAME Fomalhaut|** MAM    1A|H-ATLAS J225739.6-293730|TYC 6977-1267-1|[DML87] 545|WEB 20167|*  79 Aqr"
"HIP 11345","* rho Cet",36.48752435596,-12.290474306709998,"*","A0V",5.8054,0.1358,-11.596,-9.786,3.47,4.866,"TIC 289731220|HIP 11345|Gaia DR3 5147600840643195520|2MASS J02255701-1217253|PLX  494|* rho Cet|*  72 Cet|BD-12   451|FK5 1066|GC  2932|GCRV  1373|GEN# +1.00015130|GSC 05284-02546|HD  15130|HGAM    147|HIC  11345|HR   708|JP11   650|N30  493|PMC 90-93   702|PPM 211509|ROT   331|SACS  50|SAO 148385|SKY#  3607|TD1  1427|TYC 5284-2546-1|UBV    2494|UBV M   8947|YZC 11   547|uvby98 100015130|PLX  494.00|IRAS 02235-1230|AKARI-IRC-V1 J0225570-121725|WEB  2367|Gaia DR2 5147600840643195520"
"HIP 113638","* zet Gru",345.22003148243,-52.75411085788,"PM*","K1IIIFe-1.2CN-0.5",19.9108,0.6058,-64.223,-17.832,-1.1,4.115,"TIC 161383683|Gaia DR3 6512396139980581376|PLX 5573|* zet Gru|CPC 19  8875|CPD-53 10382|FK5  868|GC 32061|GCRV 14432|GEN# +1.00217364|GSC 08824-01503|HD 217364|HIC 113638|HIP 113638|HR  8747|IRAS 22579-5301|JP11  3564|N30 5060|PPM 350708|SACS 498|SAO 247680|SKY# 43685|TD1 29523|TYC 8824-1503-1|UBV   19714|UBV M  26760|2MASS J23005281-5245150|PLX 5573.00|WEB 20194|Gaia DR2 6512396139978011264"
"HIP 113881","* bet Peg",345.9435727452067,28.082787124606668,"LP*","M2.5II-III",16.64,0.15,187.65,136.93,7.99,2.42,"TIC 436774002|PLX 5583|* bet Peg|LSPM J2303+2804|TYC 2243-1831-1|ASCC  736306|USNO-B1.0 1180-00701793|*  53 Peg|ADS 16483 A|AG+27 2710|BD+27  4480|CCDM J23038+2804A|CSI+27  4480  1|FK5  870|GC 32135|GCRV 14468|GEN# +1.00217906|HD 217906|HIC 113881|HIP 113881|HR  8775|IDS 22589+2732 A|IRAS 23013+2748|IRC +30504|JP11  3574|LTT 16769|N30 5071|NAME Scheat|NLTT 55708|PMC 90-93   613|PPM 115095|RAFGL 3017|SAO  90981|SKY# 43781|SRS  30870|TD1 29573|UBV   21419|UBV M  26800|V* bet Peg|YZ  27 13858|[DS98] 333|2MASS J23034644+2804580|PLX 5583.00|CTI 230310.5+280045|WDS J23038+2805A|WEB 20229"
"HIP 113963","* alf Peg",346.19022269142596,15.205267147927536,"PM*","A0IV",24.46,0.19,60.4,-41.3,-2.7,2.48,"TIC 217777441|Gaia DR3 2816504901198512768|PLX 5587|* alf Peg|*  54 Peg|AAVSO 2259+14B|AG+14 2576|BD+14  4926|FK5  871|GC 32149|GCRV 14477|GEN# +1.00218045|HD 218045|HGAM   1114|HIC 113963|HIP 113963|HR  8781|IRAS 23022+1456|IRC +10526|JP11  3581|N30 5074|NAME Markab|PMC 90-93   614|PPM 142158|ROT  3360|SAO 108378|SKY# 43805|SRS  30871|TD1 29586|UBV   19775|UBV M  26811|uvby98 100218045|2MASS J23044565+1512191|ALS 16176|PLX 5587.00|TYC 1711-2475-1|WEB 20238"
"HIP 11407","* kap Eri",36.74634213164126,-47.70384065879168,"*","B7IV",6.2052,0.1383,19.23,-5.724,25.5,4.25,"TIC 142163992|HIP 11407|Gaia DR3 4939205900704478592|2MASS J02265910-4742138|* kap Eri|CD-48   637|CPC  0  1149|CPD-48   278|FK5   86|GC  2954|GCRV  1393|GEN# +1.00015371|GSC 08052-01380|HD  15371|HIC  11407|HR   721|IRAS 02251-4755|JP11   661|N30  498|PPM 306757|ROT   336|SACS  51|SAO 215906|SKY#  3631|TD1  1448|TYC 8052-1380-1|UBV    2515|UBV M   8968|uvby98 100015371|ALS 14856|WEB  2382|Gaia DR2 4939205900704478592"
"HIP 114131","* tet Gru",346.71971026132354,-43.52035714808552,"**","kF3VhF5mF5(II-III)",24.73,0.45,-47.17,-13.49,9.6,4.332,"TIC 139232635|GEN# +1.00218227|PLX 5593|* tet Gru|CCDM J23068-4331AB|CD-44 15149|CPC  0 20288|CPD-44 10297|CSI-44 10297 41|GC 32184|GCRV 14498|GSC 08012-01248|HD 218227|HIC 114131|HIP 114131|HR  8787|IDS 23011-4404 AB|IRAS 23040-4347|JP11  3582|N30 5077|PPM 328952|ROT  3361|SAO 231444|SKY# 43865|TD1 29607|UBV   19786|2MASS J23065274-4331134|PLX 5593.00|1RXS J230652.2-433115|WDS J23069-4331AB|** JC   20AB|Renson 60120|uvby98 100218227|WEB 20266"
"HIP 114341","* c02 Aqr",347.36165018724955,-21.172415205008054,"PM*","K1.5III",12.671,0.2225,53.452,30.201,21.3,3.64,"TIC 204350437|Gaia DR3 2386316510063903616|PLX 5603|*  88 Aqr|* c02 Aqr|BD-21  6368|FK5  873|GC 32246|GCRV 14535|GEN# +1.00218594|HD 218594|HIC 114341|HIP 114341|HR  8812|IRC -20629|JP11  3592|N30 5090|PMC 90-93   615|PPM 274643|SAO 191683|SKY# 43937|SRS  30873|TD1 29648|UBV   19821|UBV M  26861|YZ 111  9724|2MASS J23092678-2110209|PLX 5603.00|TYC 6401-1355-1|WEB 20300|Gaia DR2 2386316510064388864|NAME-IAU Safina"
"HIP 114421","* iot Gru",347.5897011042054,-45.246709468953334,"SB*","K1III",15.8566,0.5265,138.597,-28.14,-4.4,3.877,"TIC 139267123|Gaia DR3 6539947667988856320|PLX 5608|SBC9 1426|* iot Gru|1RXS J231021.0-451444|CD-45 14947|CPC  0 20320|CPD-45 10393|FK5 1605|GC 32270|GCRV 14544|GEN# +1.00218670|GSC 08448-01362|HD 218670|HIC 114421|HIP 114421|HR  8820|IRAS 23075-4531|JP11  3596|N30 5095|PPM 329009|RBS  1957|SACS 501|SAO 231468|SBC7   951|SKY# 43971|TD1 29658|TYC 8448-1362-1|UBV   19830|UBV M  26870|2MASS J23102152-4514480|PLX 5608.00|WEB 20311|Gaia DR2 6539947667988438528"
"HIP 11484","* ksi02 Cet",37.0398210789746,8.4600602248073,"*","B9III",16.5681,0.4608,23.707,-4.787,13.27,4.3,"WISE J022809.56+082736.0|IRAS 02255+0814|TIC 381024911|WISEA J022809.57+082735.9|HIP 11484|Gaia DR3 22745910577134848|2MASS J02280955+0827362|PLX  501|*  73 Cet|* ksi02 Cet|AG+08  265|BD+07   388|FK5   85|GC  2960|GCRV  1396|GEN# +1.00015318|GSC 00632-01491|HD  15318|HIC  11484|HR   718|JP11   655|N30  501|PMC 90-93    61|PPM 145611|ROT   334|SAO 110543|SKY#  3657|TD1  1440|TYC  632-1491-1|UBV    2508|UBV M   8963|YZ   8   914|[HFE83]  150|uvby98 100015318|ALS 15972|PLX  501.00|WEB  2401|Gaia DR2 22745910577134848"
"HIP 114855","* psi01 Aqr",348.97289187323753,-9.087734712236944,"PM*","K1-IIIFe-0.5",22.0924,0.1302,369.477,-16.981,-26.008,4.25,"TIC 4610441|GJ 893.2 A|GJ 9815 A|Gaia DR3 2630155547353593216|*  91 Aqr|PLX 5625|WDS J23159-0905A|* psi01 Aqr|ADS 16633 A|BD-09  6156|CCDM J23159-0905A|CSI-09  6156  1|FK5 1608|GC 32374|GCRV 14585|GEN# +1.00219449|HD 219449|HERZ  3063|HIC 114855|HIP 114855|HR  8841|IRAS 23132-0921|IRC -10596|LTT  9437|N30 5111|NLTT 56282|PMC 90-93  1144|PPM 207344|RAFGL 3054|ROT  3380|SACS 503|SAO 146598|SKY# 44100|SKY# 44097|TD1 29723|UBV M  26915|UBV   19893|YZ   0  4844|YZ  99  8260|[GS83] 119|IDS 23106-0938 A|TYC 5821-1480-1|PMSC 23106-0938A|2MASS J23155346-0905158|WEB 20357|Gaia DR2 2630155547353593216"
"HIP 114971","* gam Psc",349.291404638535,3.282290469004722,"PM*","G9III:Fe-2",24.1958,0.2967,759.268,17.568,-14.48,3.7,"TIC 262691761|Gaia DR3 2658974606111711488|PLX 5632|LSPM J2317+0316|ASCC 1179262|USNO-B1.0 0932-00706633|* gam Psc|*   6 Psc|AG+03 2992|BD+02  4648|Ci 20 1414|FK5  878|GC 32415|GCRV 14600|GEN# +1.00219615|HD 219615|HIC 114971|HIP 114971|HR  8852|IRC +00528|JP11  3610|LFT 1778|LHS  3920|LTT 16842|N30 5115|NLTT 56359|PM 23146+0300|PMC 90-93   617|PPM 173938|ROT  3385|SAO 128085|SKY# 44133|SRS  30878|TD1 29740|TYC  580-1884-1|UBV   19924|UBV M  26928|YZ   3  8036|uvby98 100219615|2MASS J23170996+0316563|PLX 5632.00|IRAS 23146+0300|WEB 20367|Gaia DR2 2658974606110545536"
"HIP 114996","* gam Tuc",349.35731852264,-58.23570137616001,"PM*","F4V",44.0808,0.5332,-10.769,74.585,4.68,3.98,"TIC 262841041|Gaia DR3 6492406743706907776|PLX 5629|* gam Tuc|CPC 20  7399|CPD-58  8062|FK5  877|GC 32413|GCRV 14599|GEN# +1.00219571|GSC 08837-01297|HD 219571|HIC 114996|HIP 114996|HR  8848|IRAS 23145-5830|JP11  3608|N30 5114|CNS5 5735|PPM 350952|ROT  3383|SACS 504|SAO 247814|SKY# 44141|TD1 29736|TYC 8837-1297-1|UBV   19914|UBV M  26924|uvby98 100219571|PLX 5629.00|GJ 9818|2MASS J23172579-5814087|1RXS J231725.7-581407|UCAC3 64-483240|PPMX J231725.7-581408|DENIS J231725.7-581408|WEB 20372|Gaia DR2 6492406709348385280|** GAT   31A|WDS J23174-5814A"
"HIP 115102","* gam Scl",349.7059899949562,-32.5320219169586,"PM*","K1III",17.2909,0.233,26.423,-79.989,18.65,4.406,"TIC 218978409|Gaia DR3 6555948757627251072|GJ 9821|PLX 5638|* gam Scl|CD-33 16476|CPC 17 12548|CPD-33  6326|FK5  879|GC 32450|GCRV 14618|GEN# +1.00219784|GSC 07510-01089|HD 219784|HIC 115102|HIP 115102|HR  8863|IRAS 23161-3248|IRC -30468|JP11  3615|N30 5120|PMC 90-93   618|PPM 303593|RAFGL 3066|SACS 505|SAO 214444|SKY# 44184|SRS  30879|TYC 7510-1089-1|UBV   19961|UBV M  26946|2MASS J23184943-3231550|PLX 5638.00|WEB 20389|Gaia DR2 6555948757627251072"
"HIP 115438","* b01 Aqr",350.7426076279984,-20.100582088853056,"PM*","K1III",19.8558,0.2859,-121.078,-97.781,-6.1,3.98,"Gaia DR3 2392584791494639744|*  98 Aqr|PLX 5656|* b01 Aqr|BD-20  6587|FK5 1612|GC 32540|GCRV 14668|GEN# +1.00220321|GSC 06402-01221|HD 220321|HIC 115438|HIP 115438|HR  8892|IRC -20633|JP11  3623|N30 5136|PMC 90-93  1148|PPM 274885|RAFGL 3086|SACS 507|SAO 191858|SKY# 44293|SRS  31612|TD1 29817|TYC 6402-1221-1|UBV   20042|UBV M  27004|YZ 110  9795|2MASS J23225823-2006021|PLX 5656.00|WEB 20440|Gaia DR2 2392584791494412800"
"HIP 115738","* kap Psc",351.73314946743994,1.2556049758899996,"a2*","A2VpSrCrSi",20.3154,0.0982,87.005,-95.945,-1.79,4.94,"TIC 422505074|WISEA J232656.02+011519.3|Gaia DR3 2645537646306946688|PLX 5677|* kap Psc|*   8 Psc|AG+00 2901|BD+00  4998|BDS 12369 A|CCDM J23269+0116A|CEL   5619|CSI+00  4998  2|FK5  884|GC 32620|GCRV 14706|GEN# +1.00220825|GSC 00578-01415|HD 220825|HGAM   1137|HIC 115738|HIP 115738|HR  8911|IDS 23218+0042 A|JP11  3629|N30 5146|PHL  5833|PMC 90-93   622|PPM 174092|ROT  3408|SAO 128186|SKY# 44390|TYC  578-1415-1|UBV   20125|UBV M  27033|V* kap Psc|YZ   0  5825|WDS J23269+0115A|Renson 60520|AKARI-IRC-V1 J2326560+011519|IRAS 23243+0058|2MASS J23265595+0115201|WISE J232656.02+011519.5|uvby98 100220825|WEB 20479|Gaia DR2 2645537646306946688"
"HIP 115830","* tet Psc",351.9920611016038,6.378992306441944,"PM*","K0.5III",19.2434,0.1758,-125.581,-43.229,5.73,4.3,"TIC 354356126|Gaia DR3 2661524098698483456|PLX 5682|* tet Psc|*  10 Psc|AG+06 3192|BD+05  5173|EIC   890|FK5 1614|GC 32647|GCRV 14720|GEN# +1.00220954|GSC 00584-01515|HD 220954|HIC 115830|HIP 115830|HR  8916|IRAS 23254+0606|IRC +10535|JP11  3630|N30 5152|PMC 90-93  1150|PPM 174110|ROT  3410|SAO 128196|SKY# 44425|TD1 29864|TYC  584-1515-1|UBV   20145|UBV M  27041|YZ   6 11651|2MASS J23275810+0622442|PLX 5682.00|WEB 20494|Gaia DR2 2661524098698265984"
"HIP 116231","* bet Scl",353.2427529291475,-37.81828488197584,"PM*","B9.5IIIpHgMnSi",17.8057,0.2096,90.311,24.091,2.15,4.37,"TIC 224244458|* bet Scl|2E  4734|CD-38 15527|CPC 18 11956|CPD-38  8543|FK5  886|GC 32744|GCRV 14765|GEN# +1.00221507|GSC 08013-01357|HD 221507|HIC 116231|HIP 116231|HR  8937|JP11  3634|N30 5169|PMC 90-93   624|PPM 303896|ROT  3417|SAO 214615|SKY# 44566|SRS  30886|TD1 29913|TYC 8013-1357-1|UBV   20244|UBV M  27076|uvby98 100221507|2MASS J23325825-3749058|ALS 16178|2E 2330.3-3805|Renson 60710|WEB 20542|Gaia DR2 6538585991555664128|Gaia DR3 6538585991555664128"
"HIP 116727","* gam Cep",354.83712672241,77.63236410594,"SB*","K1III-IVCN1",72.5167,0.147,-64.86,171.159,-43.668,,"TIC 367912480|GJ 903|Gaia DR3 2281778105594488192|CNS5 5833|PLX 5725|SBC9 1648|LSPM J2339+7737|ASCC   65048|2MASS J23392083+7737563|USNO-B1.0 1676-00142230|* gam Cep|*  35 Cep|AG+77  685|BD+76   928|CSV 102274|FK5  893|GC 32875|GCRV 14826|GEN# +1.00222404|GSC 04606-03584|HD 222404|HIC 116727|HIP 116727|HR  8974|IRAS 23372+7721|IRC +80057|JP11  3644|N30 5198|NSV 14656|PMC 90-93   629|PPM  11709|RAFGL 3127|ROT  3435|SAO  10818|SKY# 44723|TD1 30004|TYC 4606-3584-1|UBV   20359|UBV M  27166|[HFE83] 1559|uvby98 100222404|Gaia DR2 2281778105591104768|PLX 5725.00|WDS J23393+7738AB|** NHR    9|1RXS J233918.9+773758|NAME Errai|WEB 20599"
"HIP 116771","* iot Psc",354.9876691817333,5.626292753319723,"PM*","F7V",73.237,0.1698,376.497,-436.76,5.615,4.12,"TIC 419919445|GJ 904|Gaia DR3 2756363608023588864|PLX 5724|LSPM J2339+0537|ASCC 1092113|USNO-B1.0 0956-00588506|*  17 Psc|* iot Psc|2E  4749|CNS5 5836|AG+05 3403|BD+04  5035|CCDM J23399+0538A|CSI+04  5035  1|Ci 20 1444|FK5  892|GC 32879|GCRV 14828|GEN# +1.00222368|HD 222368|HIC 116771|HIP 116771|HR  8969|IDS 23348+0505 A|IRC +10539|JP11  3642|LFT 1814|LHS  3995|LTT 16971|N30 5199|NLTT 57557|NSV 14657|PM 23374+0521|PMC 90-93   628|PPM 174312|ROT  3432|SAO 128310|SKY# 44741|SPOCS 1028|SRS  30892|TD1 29997|TYC  591-1744-1|UBV   20350|UBV M  27158|YZ   0  2727|YZ   5 11722|uvby98 100222368|2MASS J23395706+0537343|PLX 5724.00|1RXS J233956.8+053736|2E 2337.4+0521|RX J2339.9+0537|WDS J23399+0538A|AKARI-IRC-V1 J2339572+053731|IRAS 23373+0521|[ZEH2003] RX J2339.9+0537  1|WISEA J233957.33+053729.9|WEB 20603|Gaia DR2 2756363608023335808"
"HIP 116928","* lam Psc",355.51168899749325,1.7800421380697224,"PM*","A7V",31.197,0.1661,-130.866,-154.688,9.78,4.51,"TIC 419936581|Gaia DR3 2646511813609323008|PLX 5734|LSPM J2342+0146|TYC  586-1458-1|ASCC 1180251|USNO-B1.0 0917-00616582|* lam Psc|*  18 Psc|AG+01 2847|BD+00  5037|FK5 1620|GC 32917|GCRV 14851|GEN# +1.00222603|HD 222603|HIC 116928|HIP 116928|HR  8984|IRAS 23394+0130|JP11  3649|LTT 16986|N30 5204|NLTT 57693|PMC 90-93  1155|PPM 174348|ROT  3440|SAO 128336|SKY# 44791|SRS  31620|TD1 30028|UBV   20379|UBV M  27184|YZ   0  3314|YZ   1  8141|uvby98 100222603|2MASS J23420281+0146481|PLX 5734.00|WEB 20626|Gaia DR2 2646511813609083648"
"HIP 11767","* alf UMi",37.954560670189856,89.26410896994187,"cC*","F8Ib",7.54,0.11,44.48,-11.85,-16.42,2.02,"TIC 303256075|NAME Lodestar|PLX  299|SBC9 76|*   1 UMi|* alf UMi|AAVSO 0122+88|ADS  1477 A|AG+89    4|BD+88     8|CCDM J02319+8915A|CSI+88     8  1|FK5  907|GC  2243|GCRV  1037|GEN# +1.00008890A|GSC 04628-00237|HD   8890|HIC  11767|HIP 11767|HR   424|IDS 01226+8846 A|IRAS 01490+8901|JP11   498|N30  381|NAME Polaris|PMC 90-93   640|PPM    431|ROT  3491|SAO    308|SBC7    51|SKY#  3738|TD1   835|TYC 4628-237-1|UBV   21589|UBV M   8201|V* alf UMi|PLX  299.00|WDS J02318+8916Aa,Ab|ADS  1477 AP|** WRH   39|WDS J02318+8916A|** STF   93A|2MASS J02314822+8915503|NAME North Star|WEB  2438"
"HIP 11783","* sig Cet",38.02161582704584,-15.244903767084717,"**","F5V",43.3776,0.5588,-29.29,-61.805,-26.82,4.75,"TIC 66604391|RAVE J023205.2-151441|HIP 11783|2MASS J02320526-1514405|PLX  512|CNS5 641|* sig Cet|*  76 Cet|BD-15   449|FK5 1071|GC  3045|GCRV  1433|GEN# +1.00015798|GSC 05860-02587|HD  15798|HIC  11783|HR   740|IRAS 02297-1527|JP11   665|N30  513|PMC 90-93   706|PPM 211650|ROT   345|SACS  52|SAO 148445|SKY#  3744|TD1  1491|TYC 5860-2587-1|UBV    2563|UBV M   9007|YZ 105   663|uvby98 100015798|PLX  512.00|** TOK  382|WDS J02321-1515Aa,Ab|** GWP  335A|WDS J02321-1515A|WEB  2444|Gaia DR2 5145955421492456960|Gaia DR3 5145955421492456960|UCAC4 374-002726|WISE J023205.24-151441.2|1RXS J023204.9-151406"
"HIP 118268","* ome Psc",359.82787585186003,6.863322339196111,"SB*","F4V",30.2769,0.2185,149.178,-111.694,1.0,,"TIC 401396260|Gaia DR3 2745491430891511168|2E  4801|PLX 5795|LSPM J2359+0651|ASCC 1092839|USNO-B1.0 0968-00651081|*  28 Psc|* ome Psc|AG+06 3249|BD+06  5227|FK5  902|GC 33262|GCRV 15009|GEN# +1.00224617|GSC 00593-01697|HD 224617|HIC 118268|HIP 118268|HR  9072|IRAS 23567+0635|IRC +10545|JP11  3661|N30 5257|PMC 90-93   637|PPM 174637|ROT  3465|SAO 128513|SBC7   976|SKY# 45247|TD1 30208|TYC  593-1697-1|UBV   20602|UBV M  27382|YZ   6 11839|uvby98 100224617|2MASS J23591867+0651478|PLX 5795.00|1RXS J235919.5+065140|2E 2356.7+0635|RX J2359.3+0651|[ZEH2003] RX J2359.3+0651  1|WEB 20787|Gaia DR2 2745491430891070208"
"HIP 12093","* nu. Cet",38.968641873225,5.593240000491665,"SB*","G8III",8.0904,0.2646,-27.585,-22.205,3.86,4.871,"TIC 422947705|WISEA J023552.46+053535.5|Gaia DR3 18118925129052544|HIP 12093|*  78 Cet|PLX  521|* nu. Cet|ADS  1971 A|AG+05  271|BD+04   418|CCDM J02359+0536A|CSI+04   418  1|FK5 1072|GC  3117|GCRV  1463|GEN# +1.00016161A|GSC 00052-01681|HD  16161|HIC  12093|HR   754|IRC +10030|JP11   677|N30  522|PMC 90-93   707|PPM 145738|ROT   349|SAO 110635|SKY#  3855|TD1  1520|TYC   52-1681-1|UBV    2588|YZ   0  2319|YZ   5   962|WDS J02359+0536A|WISE J023552.47+053535.3|IRAS 02332+0522|AKARI-IRC-V1 J0235524+053535|** STF  281A|IDS 02306+0509 A|1RXS J023552.3+053518|2MASS J02355246+0535355|SBC9 3957|WEB  2490|Gaia DR2 18118925129052544"
"HIP 12387","* del Cet",39.87065353077333,0.32850866536999995,"bC*","B2IV",5.1312,0.2881,13.074,-2.702,13.0,4.07,"TIC 328161938|Gaia DR3 2498783458525988992|HIP 12387|2MASS J02392896+0019425|PLX  536|*  82 Cet|* del Cet|AG+00  229|BD-00   406|FK5   91|GC  3192|GCRV  1496|GEN# +1.00016582|GPM  39.870616+00.328517|HD  16582|HGAM    162|HIC  12387|HR   779|IRAS 02368+0006|JP11   680|N30  534|PHL  1413|PMC 90-93    65|PPM 145784|ROT   359|SAO 110665|SKY#  3962|TD1  1564|TYC   46-1633-1|UBV    2626|UBV M   9082|V* del Cet|[HFE83]  163|ALS 16190|PLX  536.00|EUVE J0239+00.3|EXO 0237.1+0004|uvby98 100016582|WEB  2537|Gaia DR2 2498783458525738240"
"HIP 12390","* eps Cet",39.89082255350083,-11.872097675596667,"SB*","F5V",42.4864,0.7591,167.071,-251.104,15.49,4.87,"TIC 4746245|Gaia DR3 5171076479048181760|WISE J023933.91-115222.3|GJ 105.4|HIP 12390|PLX  537|SBC9 135|CNS5 670|* eps Cet|*  83 Cet|BD-12   501|CCDM J02396-1152AB|CSI-12   501  1|GC  3199|GCRV  1498|HD  16620|HIC  12390|HR   781|IDS 02347-1218 AB|LTT  1298|N30  535|NLTT  8615|PPM 211811|ROT   360|SAO 148528|SBC7    93|SKY#  3964|TD1  1569|UBV    2636|YZC 11   620|WDS J02396-1152AB|TYC 5288-1093-1|IRAS 02371-1205|UCAC3 157-6561|2MASS J02393381-1152192|USNO-B1.0 0781-00037770|** FIN  312|1RXS J023933.9-115210|uvby98 100016620|GJ 9091|GEN# +1.00016620|CSI-12   501  2|CSI-12   501  3|WEB  2539|Gaia DR2 5171076479048181760"
"HIP 12394","* eps Hyi",39.897340197639586,-68.26694668466418,"PM*","B9Va",21.3234,0.2017,87.285,-0.013,17.25,4.096,"TIC 259862349|Gaia DR3 4695167130257543424|HIP 12394|2MASS J02393538-6816008|* eps Hyi|CPC 21.1   381|CPD-68   161|FK5   95|GC  3240|GCRV  1517|GEN# +1.00016978|GSC 09144-01686|HD  16978|HIC  12394|HR   806|IRAS 02388-6829|JP11   691|N30  541|PPM 353052|ROT   370|SAO 248621|SKY#  3967|TD1  1619|TYC 9144-1686-1|UBV    2709|UBV M   9121|uvby98 100016978|ALS 15799|ASAS J023932-6816.1|Gaia DR1 4695167125961452288|WEB  2540|Gaia DR2 4695167130257150592"
"HIP 12413","* s Eri",39.9498970861,-42.89181086204,"SB*","A1Vb",22.5636,0.5342,118.8,-1.521,18.0,4.75,"TIC 142268253|WISEA J023948.09-425330.2|HIP 12413|Gaia DR3 4946915263923114368|PLX  542|* s Eri|CCDM J02398-4254A|CD-43   814|CPC  0  1260|CPD-43   277|CSI-43   814 21|FK5 2185|GC  3217|GCRV  1508|GEN# +1.00016754|GSC 07558-00987|HD  16754|HIC  12413|HR   789|IDS 02360-4319 A|JP11   683|PPM 306963|RBS   341|ROT   365|SAO 215996|SKY#  3974|TD1  1586|TYC 7558-987-1|UBV    2675|UBV M   9100|uvby98 100016754|PLX  542.00|1RXS J023948.1-425327|WDS J02398-4254A|AKARI-IRC-V1 J0239480-425330|IRAS 02379-4306|* s Eri A|* s Eri B|HD  16754A|HD  16754B|UCAC3 95-5540|UCAC4 236-002414|2MASS J02394796-4253300|WISE J023948.06-425330.4|WEB  2542|Gaia DR2 4946915263923114368"
"HIP 12484","* zet Hor",40.16505561463,-54.54991191877,"SB*","F6V",20.2364,0.0647,33.395,5.812,-1.1,5.21,"TIC 201884817|HIP 12484|Gaia DR3 4741336551221258112|2MASS J02403963-5432598|PLX  550|SBC9 141|* zet Hor|1RXS J024039.0-543252|CPC 19   845|CPD-55   446|FK5 1076|GC  3246|GCRV  1519|GEN# +1.00016920|HD  16920|HIC  12484|HR   802|IRAS 02391-5445|N30  543|PPM 332051|SACS  57|SAO 232857|SBC7    97|SKY#  4002|TD1  1611|UBV    2704|UBV M   9117|[TDQ2000] ERX 35|uvby98 100016920|PLX  550.00|TYC 8491-1600-1|WEB  2556|Gaia DR2 4741336551221258112"
"HIP 12486","* iot Eri",40.166811874223335,-39.855376525024454,"PM*","K0IIIb",22.2853,0.109,135.601,-27.235,-8.13,4.116,"TIC 91641297|Gaia DR3 4951967794731342464|HIP 12486|2MASS J02404004-3951193|PLX  547|* iot Eri|CD-40   689|CPC  0  1265|CPD-40   224|FK5 1075|GC  3237|GCRV  1516|GEN# +1.00016815|GSC 07559-01160|HD  16815|HIC  12486|HR   794|IRAS 02386-4004|JP11   685|N30  539|PPM 278212|RAFGL 4216S|SACS  58|SAO 215999|SKY#  4004|TD1  1596|TYC 7559-1160-1|UBV    2690|UBV M   9107|PLX  547.00|WEB  2555|Gaia DR2 4951967794730843520"
"HIP 12706","* gam Cet",40.825162898112545,3.2358163764959436,"**","A2Vn+F4V",40.97,0.63,-146.1,-146.12,-4.9,3.47,"TIC 318805118|IDS 02381+0249 AB|HIP 12706|PLX  554|2MASS J02431801+0314089|USNO-B1.0 0932-00043112|* gam Cet|*  86 Cet|1RXS J024319.0+031408|CNS5 683|BD+02   422|GC  3276|GCRV  1535|HD  16970|HGAM    169|HIC  12706|HR   804|JP11   690|N30  552|PPM 400042|RBS   349|ROT   369|SAO 110707|SKY#  4075|TD1  1618|UBV    2707|YPAC 302|YZ   3   759|RX J0243.3+0314|[ZEH2003] RX J0243.3+0314  1|WDS J02433+0314AB|** STF  299|AKARI-IRC-V1 J0243179+031408|IRAS 02407+0301|PMSC 02381+0248|CCDM J02433+0314AB|NAME Kaffaljidhma|uvby98 100016970|WEB  2583|GEN# +1.00016970"
"HIP 12770","* pi. Cet",41.030615664194166,-13.858688724180276,"SB*","B8IV",8.4022,0.1945,-8.394,-23.592,7.5,4.236,"TIC 441152806|WISE J024407.33-135131.4|HIP 12770|2MASS J02440733-1351312|SBC9 2374|*  89 Cet|* pi. Cet|BD-14   519|FK5   97|GC  3300|GCRV  1548|GEN# +1.00017081|GSC 05292-00970|HD  17081|HIC  12770|HR   811|IRAS 02417-1404|JP11   692|N30  557|PHL  8515|PMC 90-93    69|PPM 211922|ROT   371|SACS  59|SAO 148575|SKY#  4105|TD1  1628|TYC 5292-970-1|UBV    2717|UBV M   9128|[DML87]  59|uvby98 100017081|ALS 16849|PSCz P02417-1404|WEB  2595|Gaia DR2 5158225936898617344|Gaia DR3 5158225936898617344"
"HIP 12828","* mu. Cet",41.23557227441292,10.114144927239167,"SB*","A9IIIp",37.5924,0.244,278.641,-41.222,29.53,4.26,"TIC 381132939|WISE J024456.81+100651.1|UCAC4 501-004128|Gaia DR3 21859669845327488|GJ 9099|HIP 12828|2MASS J02445655+1006510|PLX  558|SBC9 143|LSPM J0244+1006|TYC  643-937-1|ASCC  918632|USNO-B1.0 1001-00024827|*  87 Cet|* mu. Cet|AG+09  255|BD+09   359|FK5   98|GC  3309|GCRV  1553|GEN# +1.00017094|HD  17094|HIC  12828|HR   813|IRAS 02422+0954|JP11   694|LTT 10901|N30  559|NLTT  8864|NSV   909|PMC 90-93    70|PPM 118503|ROT   373|SAO 110723|SBC7    99|SKY#  4126|SRS  30098|TD1  1630|UBV    2720|UBV M   9131|YZ   9  1007|uvby98 100017094|PLX  558.00|** TOK    1|CCDM J02449+1007AB|WDS J02449+1007Aa,Ab|Renson 4320|WISEA J024456.75+100650.4|WEB  2606|Gaia DR2 21859669845327488"
"HIP 12843","* tau01 Eri",41.275828336206246,-18.572622827755275,"PM*","F7V",70.0459,0.1599,318.568,48.171,25.9,4.46,"TIC 326242565|GJ 111|GJ 111.0|HIP 12843|Gaia DR3 5129338021224785408|2MASS J02450616-1834211|PLX  560|CNS5 689|*   1 Eri|* tau01 Eri|2E   658|BD-19   518|GC  3318|GCRV  1558|GEN# +1.00017206|GSC 05866-01050|HD  17206|HIC  12843|HR   818|IRAS 02427-1847|JP11   696|LTT  1333|NLTT  8887|PPM 211940|RBS   352|ROT   375|SAO 148584|SBC7   101|SKY#  4132|TD1  1639|TYC 5866-1050-1|UBV    2729|UBV M   9139|YZ 108   735|[DML87]  60|uvby98 100017206|PLX  560.00|1RXS J024506.5-183416|2E 0242.7-1846|2EUVE J0245-18.5|EUVE J0245-18.5|WISEA J024506.41-183420.8|WEB  2610|Gaia DR2 5129338021224785408|*  90 Cet"
"HIP 13147","* bet For",42.27257876772,-32.405897779689994,"RG*","G9IIIb",18.4596,0.1024,86.023,159.404,17.82,4.46,"TIC 122686154|GEN# +1.00017652|HIP 13147|Gaia DR3 5064312731764645760|PLX  579|* bet For|CCDM J02491-3224A|CD-32  1025|CPC 17   996|CPD-32   302|CSI-32  1025 21|FK5  101|GC  3387|GCRV  1583|GSC 07012-01019|HD  17652|HIC  13147|HR   841|IDS 02449-3250 A|IRC -30026|JP11   707|N30  576|NLTT  9066|PMC 90-93    73|PPM 278384|SACS  60|SAO 193931|SKY#  4230|SRS  30101|TD1  1699|TYC 7012-1019-1|UBV    2767|UBV M   9177|PLX  579.00|WDS J02491-3224A|2MASS J02490541-3224212|AKARI-IRC-V1 J0249055-322420|IRAS 02470-3236|WEB  2647|Gaia DR2 5064312731759992960|** B 1031A|** DAM 1389A"
"HIP 13209","*  41 Ari",42.49597183583333,27.26050722722222,"**","B8Vn",19.69,0.19,66.81,-116.52,9.06,3.594,"TIC 436872005|Gaia DR3 116339982466340736|HIP 13209|2MASS J02495902+2715381|*  41 Ari|ADS  2159 A|AG+27  302|BD+26   471|CCDM J02499+2715A|CSI+26   471  1|CSV 100234|FK5  100|GC  3391|GCRV  1585|GEN# +1.00017573A|GSC 01789-01490|HD  17573|HGAM    174|HIC  13209|HR   838|IDS 02441+2651 A|JP11   704|N30  578|NSV   951|PLX  575|PMC 90-93    72|PPM  92012|ROT   382|SAO  75596|SKY#  4253|SRS  30100|SV* ZI   156|TD1  1691|TYC 1789-1490-1|UBV    2759|UBV M   9169|YPAC   7|[HFE83]  178|WDS J02500+2716Aa,Ab|** MCA   10|** STT   47A|WDS J02500+2716A|IRAS 02470+2703|AKARI-IRC-V1 J0249590+271536|WISE J024959.08+271536.8|WISEA J024959.11+271536.9|WEB  2655|Gaia DR2 116339982465090048|NAME-IAU Bharani"
"HIP 13254","*  16 Per",42.64608193841626,38.31864289050056,"dS*","F2III",25.8445,0.2243,195.451,-109.398,15.17,,"Gaia DR3 143293685388561664|HIP 13254|2MASS J02503503+3819070|PLX  576|LSPM J0250+3819|TYC 2846-1429-1|ASCC  464875|USNO-B1.0 1283-00059436|*  16 Per|AG+38  313|BD+37   646|CCDM J02506+3818A|CSI+37   646  1|FK5 2194|GC  3401|GCRV  1587|GEN# +1.00017584|HD  17584|HIC  13254|HR   840|IDS 02442+3754 A|IRAS 02474+3806|JP11   705|LTT 10924|NLTT  9086|NSV   956|PPM  67819|ROT   383|SAO  55928|SKY#  4264|TD1  1694|UBV    2760|UBV M   9171|uvby98 100017584|PLX  576.00|WDS J02506+3819A|TIC 67574184|WEB  2658|Gaia DR2 143293685388105216"
"HIP 13268","* eta Per",42.67420822277708,55.895494367171665,"*","K3-Ib-IIa",3.2657,0.1873,16.346,-13.518,-1.784,3.79,"TIC 251120869|HIP 13268|Gaia DR3 454491381981202944|2MASS J02504180+5553437|PLX  573|* eta Per|*  15 Per|ADS  2157 A|AG+55  299|BD+55   714|CCDM J02506+5553A|CSI+55   714  1|FK5   99|GC  3390|GCRV  1584|GEN# +1.00017506A|GSC 03704-01332|HD  17506|HIC  13268|HR   834|IDS 02434+5529 A|JP11   701|IRAS 02470+5541|IRC +60099|N30  577|PMC 90-93    71|PPM  28039|RAFGL  382|ROT   379|SAO  23655|SKY#  4268|TYC 3704-1332-1|UBV    2750|YZ  55  2551|[HFE83]  177|[S78b]  33A|PLX  573.00|WDS J02507+5554A|** STF  307A|NAME Miram|WEB  2661|Gaia DR2 454491381980370304"
"HIP 13701","* eta Eri",44.10687184660001,-8.8981434724,"PM*","K1+IIIb",24.2178,0.1749,78.2,-219.121,-20.32,3.87,"TIC 382393070|Gaia DR3 5173421634271199104|HIP 13701|2MASS J02562566-0853534|PLX  611|* eta Eri|*   3 Eri|BD-09   553|CSV 100247|FK5  104|GC  3539|GCRV  1638|GEN# +1.00018322|HD  18322|HIC  13701|HR   874|IRAS 02539-0905|IRC -10043|JP11   719|LTT  1404|N30  602|NLTT  9384|NSV   988|PMC 90-93    75|PPM 185202|RAFGL  403|ROT   393|SACS  62|SAO 130197|SKY#  4414|SV* ZI   164|TD1  1778|UBV    2852|UBV M   9237|YZ  99   661|[L91b]  32|PLX  611.00|TYC 5287-1076-1|NAME Azha|WEB  2718|Gaia DR2 5173421634270376320"
"HIP 13847","* tet Eri",44.56531355666667,-40.30468122722222,"**","A2V",20.23,0.55,-52.89,21.98,11.9,,"TIC 321087975|WISEA J025815.79-401816.7|HIP 13847|CCDM J02583-4018AB|CD-40   771|CPD-40   253|CSI-40   253 43|CSI-40   771 23|CSV 100250|HIC  13847|IDS 02545-4042 AB|UBV    2905|WDS J02583-4018AB|* tet Eri|** PZ    2AB|uvby98 100018622|IRAS 02563-4030|AKARI-IRC-V1 J0258157-401816|NAME Acamar|GEN# +1.00018622|2MASS J02581590-4018167|WISE J025815.63-401816.7"
"HIP 13954","* lam Cet",44.928718911895004,8.907385887939999,"*","B6III",7.3207,0.1451,8.382,-16.385,10.2,4.7,"TIC 387609912|HIP 13954|Gaia DR3 8900825800310016|2MASS J02594289+0854264|FK5 1083|* lam Cet|*  91 Cet|AG+08  318|BD+08   455|GC  3595|GCRV  1669|GEN# +1.00018604|GSC 00641-00985|HD  18604|HIC  13954|HR   896|IRAS 02570+0842|JP11   731|N30  615|PMC 90-93   715|PPM 146124|ROT   403|SAO 110889|SKY#  4501|TD1  1819|TYC  641-985-1|UBV    2903|UBV M   9272|YZ   8  1115|uvby98 100018604|ALS 16191|WEB  2752|Gaia DR2 8900825800310016"
"HIP 14135","* alf Cet",45.56988780332224,4.089738771805157,"LP?","M1.5IIIa",13.09,0.44,-10.41,-76.85,-25.47,2.53,"TIC 328228602|GALAH 140710006601104|GES J03021676+0405219|HIP 14135|2MASS J03021680+0405226|PLX  629|* alf Cet|*  92 Cet|AG+03  346|BD+03   419|EIC    47|FK5  107|GC  3643|GCRV  1688|GEN# +1.00018884|GSC 00058-01618|HD  18884|HIC  14135|HR   911|IRAS 02596+0353|IRAS 02597+0354|IRC +00038|JP11   737|N30  623|NAME Menkar|PMC 90-93    77|PPM 146172|RAFGL  419|SAO 110920|SKY#  4553|SRS  30107|TD1  1854|TYC   58-1618-1|UBV    2942|UBV M   9296|V* alf Cet|YZ   3   860|[DS98]  38|PLX  629.00|WEB  2779"
"HIP 14146","* tau03 Eri",45.59791399675917,-23.624471723482227,"PM*","A3IV-V",36.9502,0.1464,-147.851,-55.251,-9.8,4.09,"TIC 71353640|GJ 121|GJ 121.0|HIP 14146|Gaia DR3 5077970830842019584|2MASS J03022353-2337281|PLX  633|*  11 Eri|* tau03 Eri|CD-24  1387|CPD-24   358|FK5 1085|GC  3649|GCRV  1692|GEN# +1.00018978|GSC 06438-01110|HD  18978|HIC  14146|HR   919|IRAS 03001-2349|JP11   744|N30  625|PMC 90-93   717|PPM 245730|ROT   412|SAO 168249|SKY#  4556|SRS  31085|TD1  1869|TYC 6438-1110-1|UBV    2962|UBV M   9306|YZ 113  1410|uvby98 100018978|PLX  633.00|Renson 4760|WEB  2783|Gaia DR2 5077970830840299520"
"HIP 14240","* mu. Hor",45.90341158317,-59.737774591039994,"PM*","F0III/IV",23.1077,0.0731,-73.668,-63.504,17.3,5.122,"TIC 207149599|HIP 14240|Gaia DR3 4726572858838693248|2MASS J03033682-5944160|PLX  643|* mu. Hor|CPC 20   794|CPD-60   236|FK5  110|GC  3694|GCRV  1712|GEN# +1.00019319|GSC 08498-01351|HD  19319|HIC  14240|HR   934|IRAS 03024-5955|N30  634|PPM 332347|ROT   416|SACS  67|SAO 232981|SKY#  4577|TD1  1900|TYC 8498-1351-1|UBV    3006|UBV M   9333|uvby98 100019319|PLX  643.00|WEB  2791|Gaia DR2 4726572858838693248"
"HIP 14328","* gam Per",46.19925046367875,53.50646183498722,"SB*","G9III+A2-III:",14.1252,0.7684,-14.194,-8.684,3.13,2.93,"TIC 116553919|HIP 14328|WISE J030447.90+533025.7|Gaia DR3 447071293401293056|2MASS J03044779+5330234|PLX  632|SBC9 154|* gam Per|*  23 Per|AAVSO 0257+53|ADS  2324 AP|AG+53  295|BD+52   654|CCDM J03048+5331AP|CSI+52   654  1|FK5  108|GC  3664|GCRV  1699|GEN# +1.00018925|GSC 03701-01393|HD  18925|HD  18926|HIC  14328|HR   915|IDS 02576+5307 AP|JP11   743|IRAS 03011+5318|IRC +50084|N30  628|PMC 90-93    78|PPM  28201|RAFGL  425|ROT   410|SAO  23789|SBC7   111|SKY#  4600|TD1  1863|TYC 3701-1393-1|UBV    2954|UBV M   9300|V* gam Per|WDS J03048+5330Aa,Ab|** HJ 2170A|** WRH   29Aa,Ab|WEB  2801|Gaia DR2 447071293394610816"
"HIP 14354","* rho Per",46.29414106098047,38.84027619029382,"LP*","M4+IIIa",10.6,0.25,129.22,-105.7,27.0672,3.39,"AP J03051057+3850243|Gaia DR2 142853330981309440|HIP 14354|Gaia DR3 142853330981747328|2MASS J03051057+3850243|PLX  635|LSPM J0305+3850|ASCC  465769|USNO-B1.0 1288-00052877|* rho Per|*  25 Per|AG+38  344|BD+38   630|DO  9714|FK5  109|GC  3682|GCRV  1707|GEN# +1.00019058|GSC 02847-01572|HD  19058|HIC  14354|HR   921|IRAS 03019+3838|IRC +40054|JP11   746|N30  631|PMC 90-93    79|PPM  68074|RAFGL  428|SAO  56138|SKY#  4606|SRS  30109|TD1  1877|TYC 2847-1572-1|UBV   21458|V* rho Per|[DS98]  39|PLX  635.00|NAME Gorgonea Tertia|TIC 186744198|WEB  2804"
"HIP 14576","* bet Per",47.04221855625,40.95564667027778,"SB*","B8V",36.27,1.4,2.99,-1.66,4.0,2.12,"TIC 346783960|Gaia DR2 239863001382455424|GJ 9110|HIP 14576|CNS5 780|SRGA J030810.6+405725|PLX  646|SBC9 158|SBC9 157|* bet Per|*  26 Per|1RXS J030810.0+405727|1XRS 03049+407|2E   724|2RE J0308+405|2RE J030809+405736|AAVSO 0301+40|AG+40  360|BD+40   673|CEL    301|CSI+40   673  1|FK5  111|GAT 1267|GC  3733|GCRV  1731|GEN# +1.00019356|H 0307+40|HD  19356|HIC  14576|HR   936|IRAS 03048+4045|IRC +40055|JP11   752|N30  636|NAME Algol|PMC 90-93    80|PPM  45864|RAFGL  443|RE J030810+405734|RE J0308+405|ROT   417|SAO  38592|SKY#  4684|TD1  1905|UBV   21464|UBV M   9337|V* bet Per|XSS J03089+4101|[B10]   708|[BM83] X0304+407|1E 0304.8+4045|1ES 0304+40.7|2E 0304.9+4045|2EUVE J0308+40.9|EUVE J0308+40.9|RX J0308.1+4057|2MASS J03081012+4057204|TYC 2851-2168-1|* bet Per B|* bet Per C|SBC7   114|SBC7   113|* bet Per A|NAME Algol B|NAME Algol C|WDS J03082+4057A|IDS 03017+4034 A|CCDM J03082+4057A|WDS J03082+4057Aa,Ab|** LAB    2|GJ 9110 A|ADS  2362 A|PMSC 03017+4034A|2MAXI J0308+410|NAME Algol A|WEB  2833|WEB  2834"
"HIP 14879","* alf For",48.018874183263755,-28.987621986758608,"PM*","F6V",71.4337,0.132,359.565,619.186,-17.52,3.98,"Gaia DR2 5059348952156075776|TIC 88523071|GC  3831|PLX  664|* alf For|*  12 Eri|2RE J0312-285|2RE J031201-285843|CD-29  1177|CPD-29   362|CSI-29  1177 21|CSI-29  1177 22|Ci 20  211|EUVE J0312-29.0|GCRV  1772|HD  20010|HIC  14879|HR   963|IRC -30028|JP11   757|LFT  261|LHS  1515|LPM 143|LTT  1512|N30  655|NLTT 10215|PM 03099-2911|PPM 245929|RBS   394|ROT   432|SAO 168373|SKY#  4793|SRS  40575|TD1  1986|UBV    3105|YZ 119  1238|1ES 0309-29.1|1RXS J031203.9-285924|2EUVE J0312-28.9|EUVE J0312-28.9|2MASS J03120443-2859156|HIP 14879|IRAS 03099-2910|GSC 06445-00990|CSV   6016|NSV  1074|RAFGL 4031|AKARI-IRC-V1 J0312045-285914|WISE J031204.62-285908.5|IRAS F03099-2910|uvby98 100020010|WEB  2871|Gaia DR3 5059348952161258624|CNS5 805|ADS  2402 A|CCDM J03121-2859A|CD-29  1177A|IDS 03078-2923 A|GJ 127 A|WDS J03121-2859A|** HJ 3555A|TYC 6445-990-1|* alf For A|HD  20010A|UCAC4 306-003185|NAME-IAU Dalim"
"HIP 15197","* zet Eri",48.95844035892001,-8.81973238362,"SB*","kA4hA9mA9V",27.395,0.135,-2.8,46.883,-5.8,4.8,"TIC 9887662|HIP 15197|Gaia DR3 5166714578981717632|2MASS J03155001-0849109|PLX  678|SBC9 165|* zet Eri|*  13 Eri|BD-09   624|FK5 1091|GC  3899|GCRV  1802|GEN# +1.00020320|GSC 05295-01259|HD  20320|HIC  15197|HR   984|IRAS 03134-0900|JP11   761|N30  666|NSV  1088|PMC 90-93   722|PPM 185579|ROT   443|SACS  70|SAO 130387|SBC7   119|SKY#  4897|TD1  2037|TYC 5295-1259-1|UBV    3162|UBV M   9423|YZ  99   754|[HFE83]  210|uvby98 100020320|PLX  678.00|Renson 5060|** SHY  154A|WDS J03158-0849A|NAME Zibal|WEB  2924|Gaia DR2 5166714578981717632"
"HIP 15474","* tau04 Eri",49.87916936539666,-21.757865396989718,"LP*","M3III-IIIaCa-1",10.6153,0.3213,52.774,32.718,41.7,3.7,"TIC 92252969|GEN# +1.00020720|IDS 03151-2207 A|** JC    1A|Gaia DR3 5099455184968674560|HIP 15474|2MASS J03193099-2145284|PLX  699|* tau04 Eri|*  16 Eri|AAVSO 0315-22|ADS  2472 A|BD-22   584|CCDM J03195-2146A|CD-22  1154|CPD-22   352|CSI-22   584  1|CSV   6025|GC  3979|GCRV  1845|HD  20720|HIC  15474|HR  1003|IRAS 03172-2156|IRC -20041|JP11   771|N30  682|PPM 246096|RAFGL  475|SAO 168460|SKY#  4987|TD1  2099|UBV    3219|UBV M   9454|V* tau04 Eri|YZ 111  1547|[DS98]  42|WDS J03195-2145A|TYC 5878-1292-1|WEB  2975|Gaia DR2 5099455184967337600"
"HIP 15510","* e Eri",49.9818788009275,-43.069781996785,"PM*","G6V",165.5242,0.0784,3035.017,726.964,87.882,4.27,"TIC 301051051|GJ 139|HIP 15510|Gaia DR3 4847957293278177024|2MASS J03195563-4304112|PLX  703|* e Eri|*  82 Eri|AC2000 3488626|CD-43  1028|CPC  0  1580|CPD-43   354|Ci 20  227|FK5  119|GC  4000|GCRV  1851|GEN# +1.00020794|HD  20794|HIC  15510|HR  1008|JP11   773|LFT  277|LHS    19|LPM 147|LTT  1583|N30  684|NLTT 10637|CNS5 843|PM 03179-4316|PPM 307533|SAO 216263|SKY#  4999|SPOCS  162|TD1  2110|TYC 7567-1183-1|UBV    3229|UBV M   9464|Zkh  50|uvby98 100020794|PLX  703.00|Gaia DR2 4847957293277762560|IRAS 03180-4315|AKARI-IRC-V1 J0319577-430406|IRAS F03180-4315|1RXS J031954.5-430417|WEB  2978"
"HIP 1562","* iot Cet",4.856976645352915,-8.82391915982472,"*","K1+IIICN0.5",11.6996,0.1968,-14.61,-36.668,19.35,3.55,"TIC 37749213|Gaia DR3 2429978803998630400|HIP 1562|2MASS J00192567-0849264|PLX   53|*   8 Cet|* iot Cet|BD-09    48|BDS   141 A|CCDM J00194-0850A|CSI-09    48  1|FK5    9|GC   388|GCRV   177|GEN# +1.00001522A|GSC 05261-01084|HD   1522|HIC   1562|HR    74|IDS 00143-0923 A|IRAS 00168-0906|IRC -10006|JP11   369|N30   55|NSV   123|PMC 90-93     7|PPM 182115|RAFGL   48|ROT    80|SACS   4|SAO 128694|SKY#   570|TD1   156|TYC 5261-1084-1|UBV M   7301|UBV     229|USNO 788|YZ  99    53|PLX   53.00|WDS J00194-0849A|WEB   284|Gaia DR2 2429978803998328960"
"HIP 15863","* alf Per",51.08070871833333,49.86117929305556,"V*","F5Ib",6.44,0.17,23.75,-26.23,-2.158,1.79,"TIC 252830952|HIP 15863|2MASS J03241936+4951401|PLX  707|*  33 Per|* alf Per|AG+49  396|BD+49   917|CCDM J03243+4951A|CSI+49   917  1|CSV 100269|FK5  120|GC  4041|GCRV  1871|GEN# +5.20200605|GSC 03320-02808|HD  20902|HIC  15863|HR  1017|IDS 03171+4930 A|JP11  4562|IRAS 03207+4941|IRC +50095|N30  690|NAME Mirfak|NSV  1125|PMC 90-93    85|PPM  46127|RAFGL  487|ROT   464|SAO  38787|SKY#  5117|SV* ZI   183|TD1  2127|TYC 3320-2808-1|UBV    3256|UBV M  40922|[HFE83]  221|uvby98 520200605|Cl Melotte   20   605|Cl* Melotte   20    MMU     605|PLX  707.00|WDS J03243+4952A|WEB  3026"
"HIP 15900","* omi Tau",51.203326327090004,9.02886962001,"SB*","G6III",15.0788,0.3082,-66.384,-74.413,-19.79,3.6,"TIC 399923790|HIP 15900|Gaia DR3 11166438229308672|2MASS J03244879+0901437|PLX  711|SBC9 168|* omi Tau|*   1 Tau|AG+08  355|BD+08   511|CSV 100272|FK5  121|GC  4070|GCRV  1882|GEN# +1.00021120|GSC 00650-01471|HD  21120|HIC  15900|HR  1030|IRAS 03221+0851|IRC +10044|JP11   779|N30  694|NSV  1134|PMC 90-93    86|PPM 146534|ROT   479|SAO 111172|SBC7   121|SKY#  5134|SV* ZI   186|TD1  2162|TYC  650-1471-1|UBV    3286|UBV M   9491|YZ   8  1257|uvby98 100021120|PLX  711.00|WEB  3036|Gaia DR2 11166438229104768"
"HIP 1599","* zet Tuc",5.017744306231667,-64.87479366391888,"PM*","F9.5V",116.1826,0.1334,1706.747,1164.959,9.28,4.23,"TIC 425935521|GJ 17|HIP 1599|Gaia DR3 4900108950849461248|PLX   54|* zet Tuc|CPC 21    53|CPD-65    13|Ci 20   22|FK5   10|GC   401|GCRV   185|GEN# +1.00001581|HD   1581|HIC   1599|HR    77|JP11   371|LFT   36|LHS     5|LPM  16|LTT   167|N30   57|NLTT  1045|CNS5 102|PM 00175-6510|PPM 351761|ROT    82|SAO 248163|SKY#   585|SPOCS   14|TD1   161|UBV     236|UBV M   7307|Zkh   8|uvby98 100001581|2MASS J00200446-6452282|PLX   54.00|TYC 8843-1706-1|IRAS 00176-6509|AKARI-IRC-V1 J0020061-645221|WISE J002006.98-645216.9|IRAS F00176-6509|WISEA J002007.07-645217.0|WEB   286|Gaia DR2 4900108950847893376"
"HIP 16228","HD  21291",52.267220373399994,59.940333656830006,"s*b","B9Ia",1.0527,0.1311,-2.751,-1.066,0.18,4.22,"TIC 316328055|CCDM J03291+5956A|** STF  385A|WDS J03291+5956A|ADS  2544 A|GEN# +1.00021291|HD  21291A|V* CS Cam A|IDS 03210+5935 A|HIP 16228|Gaia DR3 462250738616785152|2MASS J03290414+5956251|AG+59  356|ALS  7724|BD+59   660|CSV 100276|FK5  122|GC  4113|GCRV  1899|GSC 03715-01248|HD  21291|HIC  16228|HR  1035|Hilt  389|IRAS 03249+5946|IRCO  4310|JP11   781|LS   I +59  187|MCW  242|N30  703|NSV  1152|PMC 90-93    87|PPM  28502|ROT   485|SAO  24054|SKY#  5247|SV* ZI   188|TD1  2185|TYC 3715-1248-1|UBV M   9504|UBV    3302|V* CS Cam|VDB  14|[HFE83]  228|[KW97] 15-37|uvby98 100021291|WEB  3092|Gaia DR2 462250738616785152"
"HIP 1645","* d Psc",5.149425121549999,8.19027170502,"*","K2.5III",7.0581,0.0954,-4.213,9.698,14.89,5.37,"TIC 401426046|HIP 1645|Gaia DR3 2749182560143316224|2MASS J00203586+0811253|*  41 Psc|* d Psc|AG+07   35|BD+07    36|CSV 100017|FK5 1008|GC   413|GCRV   190|GEN# +1.00001635|GSC 00596-01293|HD   1635|HIC   1645|HR    80|IRAS 00180+0754|IRC +10003|N30   61|NSV   132|PMC 90-93   655|PPM 143399|RAFGL 4023S|SAO 109152|SKY#   601|SV* ZI    11|TYC  596-1293-1|UBV     242|UBV M   7313|YZ   7    89|WEB   300|Gaia DR2 2749182560143316224"
"HIP 16537","* eps Eri",53.23268537982792,-9.458260970518056,"BY*","K2V",310.5773,0.1355,-974.758,20.876,16.376,3.73,"GES J03325495-0927294|TIC 118572803|RAVE J033255.8-092730|Gaia DR3 5164707970261890560|GJ 144|GJ 144.0|HIP 16537|AP J03325591-0927298|8pc 310.75|PLX  742|2MASS J03325591-0927298|* eps Eri|*  18 Eri|1AXG J033256-0926|2E   788|2RE J033253-092646|2RE J0332-092|BD-09   697|CNS5 905|CCDM J03329-0927A|Ci 20  241|FK5  127|GC  4244|GCRV  1962|GEN# +1.00022049|HD  22049|HIC  16537|HR  1084|IRAS 03305-0937|IRC -10048|JP11   792|LFT  291|LHS  1557|LPM 158|LTT  1675|N30  726|NLTT 11207|PM 03306-0938|PMC 90-93    91|PPM 185905|RAFGL  497|RBS   439|RE J0332-092|RE J033255-092717|ROT   531|SACS  76|SAO 130564|SKY#  5366|SPOCS  171|TD1  2301|TYC 5296-1533-1|UBV    3410|UBV M   9580|V* eps Eri|YZ   0  4513|YZ  99   836|Zkh  51|[FS2003] 0134|uvby98 100022049|PLX  742.00|1E 0330.5-0937|1RXS J033256.4-092727|2E 0330.5-0937|2EUVE J0332-09.4|EUVE J0332-09.4|RX J0332.9-0927|WDS J03329-0927A|WDS J03329-0927Aa,Ab|** BLA    2|Gaia DR2 5164707970261630080|** MBA    1A|NAME Ran|WEB  3160"
"HIP 16611","* tau05 Eri",53.44698288227083,-21.63288447691278,"SB*","B9V",10.1913,0.183,44.746,-27.676,14.0,4.25,"TIC 406478187|HIP 16611|2MASS J03334728-2137583|SBC9 178|*  19 Eri|* tau05 Eri|BD-22   628|CD-22  1238|CD-22   628|CPD-22   381|FK5 1099|GC  4258|GCRV  1970|GEN# +1.00022203|HD  22203|HIC  16611|HR  1088|IRAS 03315-2147|JP11   799|N30  729|PHL  8709|PMC 90-93   728|PPM 246387|ROT   534|SACS  77|SAO 168634|SBC7   129|SKY#  5391|SRS  31099|TD1  2319|UBV    3421|UBV M   9588|uvby98 100022203|TYC 5880-1266-1|WEB  3169|Gaia DR2 5100353485967689600|Gaia DR3 5100353485969674880|UCAC4 342-003887|WISE J033347.31-213758.4"
"HIP 17358","* del Per",55.73122001957376,47.787496738188054,"Be*","B5III",6.2435,0.4991,29.038,-23.365,4.0,3.01,"TIC 431863107|HIP 17358|Gaia DR3 248577867988535296|FK5  131|PLX  765|* del Per|*  39 Per|AAVSO 0335+47|AG+47  395|ALS  7764|BD+47   876|CEL    308|CSI+47   876  1|CSV 100296|GC  4427|GCRV  2039|GEN# +1.00022928|HD  22928|HGAM    249|HIC  17358|HR  1122|JP11   807|LS   V +47    7|N30  753|PMC 90-93    93|PPM  46457|ROT   544|SAO  39053|SKY#  5634|SV* ZI   203|TD1  2414|UBV    3499|UBV M   9635|V* del Per|[HFE83]  247|PLX  765.00|TYC 3317-3034-1|IRAS 03393+4737|AKARI-IRC-V1 J0342555+474714|2MASS J03425548+4747150|uvby98 100022928|WEB  3280|Gaia DR2 248577867983633152|WDS J03429+4747Aa|** HDS  473A"
"HIP 17378","* del Eri",55.81208557481292,-9.763391932194168,"PM*","K0+IV",110.0254,0.1944,-93.634,744.36,-6.23,3.54,"GES J03431482-0945387|TIC 38511251|GJ 150|GJ 150.0|HIP 17378|Gaia DR3 5164120762333028736|AP J03431490-0945490|2MASS J03431490-0945490|PLX  788|* del Eri|*  23 Eri|BD-10   728|CNS5 938|Ci 20  255|FK5  135|GC  4450|GCRV  2057|GEN# +1.00023249|HD  23249|HIC  17378|HR  1136|IRAS 03408-0955|IRC -10050|JP11   813|LFT  304|LHS  1581|LPM 166|LTT  1753|N30  756|NLTT 11686|NSV  1246|PM 03409-0956|PMC 90-93    96|PPM 186110|RAFGL  513|ROT   550|SACS  81|SAO 130686|SKY#  5641|SPOCS  180|TD1  2459|TYC 5303-1320-1|UBV    3549|UBV M   9661|V* del Eri|YZ  99   857|Zkh  53|PLX  788.00|RAVE J034314.9-094548|NAME Rana|uvby98 100023249|WEB  3283|Gaia DR2 5164120762332790528"
"HIP 17440","* bet Ret",56.04992267531208,-64.80691413207694,"SB*","K2-IIIb",30.4404,0.3204,311.534,83.557,47.38,3.833,"GJ 154.2|GJ 9129|HIP 17440|Gaia DR3 4672726716408826240|2MASS J03441195-6448248|PLX  831|SBC9 193|* bet Ret|CCDM J03443-6449A|CD-65   183|CPC 21   654|CPD-65   263|FK5  141|GC  4517|GCRV  2114|GEN# +1.00023817|HD  23817|HIC  17440|HR  1175|IDS 03429-6507 A|IRAS 03435-6457|JP11   825|LTT  1773|N30  773|NLTT 11790|PPM 353699|SAO 248877|SBC7   141|SKY#  5664|TD1  2540|UBV    3672|UBV M   9717|PLX  831.00|WDS J03442-6448A|TYC 8870-1385-1|WDS J03442-6448Aa,Ab|** LDS  104A|** TOK  191|UCAC4 126-003366|WEB  3302|Gaia DR2 4672726716408826240|TIC 237914586"
"HIP 17448","* omi Per",56.07972403666,32.2882464911,"SB*","B1III",3.0224,0.3827,6.091,-9.732,12.2,3.91,"HIP 17448|WISEA J034419.14+321717.8|TIC 101255849|*  38 Per|PLX  776|* omi Per|AG+32  349|BD+31   642|CSI+31   642  1|GC  4461|GCRV  2063|GSC 02359-01258|HD  23180|HGAM    252|HIC  17448|HR  1131|Hilt  396|JP11   809|MCW  248|PMC 90-93  4658|PPM  68738|SAO  56673|SKY#  5668|TD1  2447|UBV M   9652|UBV    3533|V* omi Per|XMMU J034419.0+321717|YPAC  93|[C93]  67|[KSP2003] G160.3636-17.7395|[PZH96]  36|ALS 14588|PLX  776.00|RX J034419.2+321719|[KSP2003] J034419.15+321718.6|2MASS J03441913+3217177|SSTc2d J034419.1+321718|[EDJ2009] 390|2XMM J034419.1+321717|** BU  535|NAME Atik|AKARI-IRC-V1 J0344191+321717|IRAS 03411+3207|WISE J034419.14+321717.8|WEB  3303|uvby98 100023180|GEN# +1.00023180|Gaia DR3 216718178536050176|ADS  2726 A|BD+31   642A|CCDM J03443+3217A|CSI+31   642  2|IDS 03380+3158 A|ROT  3495|WDS J03443+3217A|PMSC 03380+3158A|* omi Per A|TYC 2359-1258-1|SBC7   134|SBC9 186|Gaia DR2 216718178537659392"
"HIP 17651","* tau06 Eri",56.71203049437417,-23.249722802974723,"PM*","F5IV-V",56.2281,0.1393,-159.92,-529.646,7.19,4.2,"TIC 121078878|GJ 155|HIP 17651|Gaia DR3 5087043657197267200|2MASS J03465090-2314585|PLX  827|* tau06 Eri|*  27 Eri|CNS5 953|CD-23  1565|CPD-23   414|Ci 20  262|FK5  140|GC  4547|GCRV  2142|GEN# +1.00023754|HD  23754|HIC  17651|HR  1173|JP11   824|LFT  310|LHS  1591|LPM 169|LTT  1781|N30  778|NLTT 11847|PM 03447-2324|PMC 90-93   101|PPM 246687|ROT   563|SACS  82|SAO 168827|SKY#  5749|SRS  30140|TD1  2533|TYC 6448-1370-1|UBV    3661|UBV M   9712|YZ 113  1756|uvby98 100023754|PLX  827.00|IRAS 03446-2324|AKARI-IRC-V1 J0346508-231502|RAVE J034650.9-231459|WISEA J034650.74-231505.0|WEB  3364|Gaia DR2 5087043652900059520"
"HIP 17678","* gam Hyi",56.80975276363666,-74.2389628753575,"PM*","M1III",15.0793,0.2001,50.799,114.791,12.76,3.26,"TIC 238196512|Gaia DR3 4629125170492116224|HIP 17678|2MASS J03471425-7414203|PLX  860|* gam Hyi|CPC 21.2   528|CPD-74   276|FK5  146|GC  4633|GCRV  2201|GEN# +1.00024512|HD  24512|HIC  17678|HR  1208|IRAS 03479-7423|JP11   831|N30  791|NSV 15811|PPM 368176|SAO 256029|SKY#  5759|TD1  2638|UBV    3801|UBV M   9798|[DS98]  46|PLX  860.00|TYC 9159-1634-1|WEB  3371|Gaia DR2 4629125170492116224"
"HIP 17797","* f Eri",57.14948850603648,-37.620150403529834,"**",,19.71,0.86,74.44,-9.09,15.6,4.27,"HIP 17797|CD-38  1297|CSI-38  1297 23|HIC  17797|IDS 03449-3756 AB|JP11   826|UBV    3717|WDS J03486-3737AB|CCDM J03486-3737AB|** DUN   16|IRAS 03467-3746|uvby98 100024072|AKARI-IRC-V1 J0348356-373717|GEN# +1.00024072|* f Eri"
"HIP 17847","*  27 Tau",57.29059607421416,24.053417133280284,"SB*","B8III",8.1184,0.4791,19.079,-46.193,8.5,3.63,"TIC 346626216|GEN# +5.20222168|WDS J03492+2403Aa|** STF  453A|ADS  2786 A|CCDM J03492+2403A|HIP 17847|Gaia DR3 66526127137440128|2MASS J03490974+2403121|PLX  834|Cl* Melotte   22      K      83|Cl* Melotte   22    MSH     239|Cl* Melotte   22    MSK     190|Cl* Melotte   22    TRU     594|Cl* Melotte   22    WCZ     367|SBC9 196|*  27 Tau|AG+23  331|BD+23   557|CEL    354|CSV 100333|FK5  142|GC  4586|GCRV  2171|HD  23850|HGAM    286|HIC  17847|HR  1178|JP11  4701|N30  786|NAME Atlas|NSV  1345|PMC 90-93   102|PPM  92934|ROT  3797|SAO  76228|SBC7   143|SKY#  5825|SRS  30142|TD1  2548|TYC 1800-2203-1|UBV    3678|[B10]   877|DANCe J03490974+2403123|EPIC 200007768|[KSP2003] G167.0133-23.2345|[SCG94] O 197|Cl Melotte   22  2168|ALS 15095|SV* ZI   236|PLX  834.00|Cl* Melotte   22     VM      52|[KSP2003] J034909.65+240312.6|Cl* Melotte   22    HII    2168|IDS 03432+2345|IRAS 03461+2354|Renson 6100|BD+23   557A|AKARI-IRC-V1 J0349097+240312|uvby98 520222168|WEB  3427|Gaia DR2 66526127136550784"
"HIP 17874","* g Eri",57.36352607903708,-36.20025674197,"PM*","G7III",14.9781,0.0915,-45.547,-49.503,2.69,4.17,"TIC 140074150|Gaia DR3 4858358982514762368|HIP 17874|2MASS J03492725-3612007|PLX  845|* g Eri|CD-36  1467|CPC 18  1295|CPD-36   415|FK5  143|GC  4624|GCRV  2197|GEN# +1.00024160|GSC 07035-01374|HD  24160|HIC  17874|HR  1195|IRAS 03475-3621|JP11   827|N30  790|PMC 90-93   103|PPM 279496|SACS  84|SAO 194559|SKY#  5838|SRS  30143|TD1  2592|TYC 7035-1374-1|UBV    3733|UBV M   9750|PLX  845.00|WEB  3441|Gaia DR2 4858358982512866432"
"HIP 17959","* gam Cam",57.58962223085542,71.33226610659722,"*","A2IVn",8.4446,0.0826,18.435,-41.956,-2.84,4.604,"TIC 85743488|Gaia DR3 495235297172196864|HIP 17959|PLX  802|* gam Cam|AG+71  125|BD+70   259|BDS  1843 A|CCDM J03504+7120A|CSI+70   259  1|FK5  138|GC  4557|GCRV  2147|GEN# +1.00023401|GSC 04335-02106|HD  23401|HIC  17959|HR  1148|IDS 03398+7101 A|JP11   820|N30  779|PMC 90-93    99|PPM   5388|ROT   556|SAO   5006|SKY#  5872|TD1  2486|TYC 4335-2106-1|UBV    3580|UBV M   9674|[HFE83]  251|uvby98 100023401|PLX  802.00|WDS J03504+7120A|2MASS J03502148+7119563|AKARI-IRC-V1 J0350215+711955|IRAS 03450+7110|** HJ 2200A|WEB  3458|Gaia DR2 495235297172196864"
"HIP 18246","* zet Per",58.53301031291666,31.88363368388889,"s*b","B1Ib",3.8556,0.4169,7.274,-9.141,20.6,2.85,"TIC 94367286|Gaia DR3 168726523212358272|UCAC4 610-010865|WISE J035407.90+315301.8|HIP 18246|PLX  856|[GBA2007] 79|XEST 27-079|* zet Per|*  44 Per|2E   902|ADS  2843 A|AG+31  368|BD+31   666|CCDM J03541+3153A|CSI+31   666  1|CSV 100357|FK5  144|GC  4688|GCRV  2230|GEN# +1.00024398A|GSC 02361-02820|HD  24398|HGAM    301|HIC  18246|HR  1203|IDS 03478+3135 A|IRC +30068|JP11   828|MCW  252|N30  800|NSV  1397|PMC 90-93   104|PPM  68893|ROT   574|SAO  56799|SKY#  5968|SRS  30144|SV* ZI   260|TD1  2623|TYC 2361-2820-1|UBV    3778|YPAC  14|[C93] 149|[KSP2003] G162.2896-16.6902|uvby98 100024398 A|ALS 14763|1RXS J035407.3+315255|2E 0350.9+3144|[KSP2003] J035408.02+315300.2|2XMM J035407.8+315300|WDS J03541+3153A|2MASS J03540793+3153011|CSI+31   666  6|UBV M   9778|IRAS 03509+3144|AKARI-IRC-V1 J0354079+315300|WEB  3522|Gaia DR2 168726523211214592"
"HIP 18505","HD  24479",59.35601916447,63.0722638211,"Be*","B9IV",8.4614,0.0947,7.146,6.42,4.6,5.04,"TIC 458985507|HIP 18505|Gaia DR3 475117464201957888|2MASS J03572542+6304201|[JE82]  130|AG+62  326|BD+62   628|EM* MWC   77|FK5 2281|GC  4730|GCRV  2255|GEN# +1.00024479|GSC 04067-01937|HD  24479|HIC  18505|HR  1204|JP11   830|N30  810|PPM  14575|ROT   576|SAO  12969|SKY#  6046|TD1  2633|TYC 4067-1937-1|UBV    3791|UBV M   9791|[KW97] 16-46|uvby98 100024479|WEB  3565|Gaia DR2 475117464201957888"
"HIP 18532","* eps Per",59.463497424225004,40.01019978155972,"bC*","B0.5III",5.3316,0.4269,16.845,-23.554,-1.0,2.89,"TIC 187107884|HIP 18532|uvby98 100024760|Gaia DR3 229898024422755840|PLX  869|SBC9 2402|*  45 Per|* eps Per|AAVSO 0351+39|ADS  2888 A|AG+39  463|ALS  7825|BD+39   895|CCDM J03579+4001A|CEL    373|CSI+39   895  1|CSV 100363|EUVE J0357+40.0|FK5  147|GC  4759|GCRV  2266|GEN# +1.00024760A|GSC 02868-01623|HD  24760|HGAM    307|HIC  18532|HR  1220|IDS 03511+3943 A|JP11   837|LS   V +39    1|MCW  257|N30  815|NSV  1423|PMC 90-93   105|PPM  46661|ROT  3497|SAO  56840|SKY#  6055|SRS  30147|SV* ZI   263|TD1  2676|TYC 2868-1623-1|UBV    3847|V* eps Per|WDS J03579+4001A|IRAS 03544+3952|AKARI-IRC-V1 J0357512+400036|PMSC 03511+3943A|PMSC 03511+3943Aabc|2MASS J03575124+4000367|CSI+39   895  4|WEB  3572|Gaia DR2 229898024419041280"
"HIP 18597","* del Ret",59.68645392653709,-61.40018563363832,"*","M1.5III",6.0382,0.1309,9.318,-14.13,-1.4,4.57,"TIC 237939392|HIP 18597|Gaia DR3 4679700059672168960|2MASS J03584475-6124008|PLX  889|* del Ret|CPC 20.1   843|CPD-61   290|FK5 1110|GC  4808|GCRV  2292|GEN# +1.00025422|GSC 08868-01318|HD  25422|HIC  18597|HR  1247|IRAS 03579-6132|JP11   845|N30  824|NSV 15864|PPM 353843|SACS  87|SAO 248918|SKY#  6076|TYC 8868-1318-1|UBV    3956|UBV M   9902|[DS98]  49|PLX  889.00|WEB  3583|Gaia DR2 4679700059671720576"
"HIP 18614","* ksi Per",59.74126012587458,35.79103042103805,"**","O7.5III(n)((f))",2.4457,0.2616,0.778,2.621,65.4,4.06,"TIC 94614234|HIP 18614|Gaia DR3 219375904303684224|2MASS J03585791+3547276|NAME Menkhib|PLX  872|* ksi Per|*  46 Per|2E   916|AG+35  395|ALS  7841|BD+35   775|CEL    374|CGO  75|CSV 100364|EM* CDS  401|FK5  148|GC  4779|GCRV  2275|GEN# +1.00024912|GOS G160.37-13.11 01|GSC 02369-02273|GSC 02369-01642|HD  24912|HIC  18614|HR  1228|Hilt  416|IRAS 03557+3538|JP11   838|LS   V +35    1|MCW  262|N30  817|NSV  1427|PMC 90-93   106|PPM  68961|ROT   586|SAO  56856|SKY#  6082|SV* ZI   264|TD1  2694|TYC 2369-2273-1|UBV    3862|UBV M   9845|YPAC  15|[C93] 163|[HJ56]  55|[LH98] 121|[VGK85] NGC  1499 +35  45|XMMSL1 J035857.3+354731|PLX  872.00|1RXS J035857.8+354737|2E 0355.7+3538|[SCB2001] 108|WDS J03590+3547AB|V* ksi Per|NAME Menkib|uvby98 100024912|WEB  3587|Gaia DR2 219375900005174272"
"HIP 18724","* lam Tau",60.1700698910475,12.49034444100722,"SB*","B4IV",8.0397,0.4405,-6.562,-12.591,17.8,3.41,"TIC 242991317|HIP 18724|Gaia DR3 3305012316783533056|2MASS J04004082+1229253|PLX  883|SBC9 211|SBC9 212|* lam Tau|*  35 Tau|AAVSO 0355+12|AG+12  402|BD+12   539|FK5  150|GC  4805|GCRV  2290|GEN# +1.00025204|GSC 00662-01546|HD  25204|HGAM    314|HIC  18724|HR  1239|IRAS 03579+1221|JP11   842|N30  823|PMC 90-93   108|PPM 119535|ROT   590|SAO  93719|SBC7   154|SKY#  6108|SRS  30150|TD1  2731|TYC  662-1546-1|UBV   21328|V* lam Tau|[HFE83]  267|ALS 17279|PMSC 03551+1212Aabc|uvby98 100025204|WEB  3604|WEB  3603|Gaia DR2 3305012316783145728"
"HIP 19747","* alf Hor",63.50047592756917,-42.29436854309194,"PM*","K2III",27.721,0.1195,41.992,-203.157,21.749,3.86,"TIC 152508252|HIP 19747|Gaia DR3 4840356816072211712|2MASS J04140010-4217396|PLX  946|* alf Hor|CD-42  1425|CPC  0  2120|CPD-42   424|FK5  155|GC  5121|GCRV  2428|GEN# +1.00026967|HD  26967|HIC  19747|HR  1326|IRAS 04123-4225|JP11   870|LTT  1904|N30  874|NLTT 12841|PPM 308436|RAFGL 4329S|SACS  91|SAO 216710|SKY#  6464|TD1  2967|UBV    4140|UBV M  10044|[CS62] E2  65|uvby98 100026967|PLX  946.00|TYC 7581-1600-1|WEB  3769|Gaia DR2 4840356816071684352"
"HIP 19780","* alf Ret",63.60612501835416,-62.47380348899389,"PM*","G8IIIa:",20.3431,0.1859,45.069,42.948,35.5,3.36,"TIC 38574307|Gaia DR3 4676528209144882304|HIP 19780|2MASS J04142547-6228258|PLX  949|* alf Ret|1ES 0413-62.5|2E   958|CCDM J04144-6228A|CPC 20.1   906|CPD-62   332|CSI-62   332 41|FK5  156|GC  5164|GCRV  2450|GEN# +1.00027256|GSC 08869-02461|HD  27256|HIC  19780|HR  1336|IDS 04131-6243 A|IRAS 04137-6235|JP11   875|N30  882|PPM 353975|RBS   525|SAO 248969|SKY#  6483|TD1  3005|TYC 8869-2461-1|UBV    4164|UBV M  10068|PLX  949.00|1E 0413.7-6235|1RXS J041426.4-622752|2E 0413.7-6235|2EUVE J0414-62.4|EUVE J0414-62.4|WDS J04144-6228A|WEB  3774|Gaia DR2 4676528209144321792|NAME-IAU Rhombus"
"HIP 19893","* gam Dor",64.00661092702,-51.48664797621,"gD*","F1V",48.9494,0.1689,100.502,184.18,25.25,4.2,"GJ 167.1|GJ 9150|HIP 19893|Gaia DR3 4781833626056162688|2MASS J04160159-5129119|PLX  952|* gam Dor|CD-51  1066|CPC  0  2147|CPD-51   524|CSV   6101|FK5  157|GC  5179|GCRV  2458|GEN# +1.00027290|HD  27290|HIC  19893|HR  1338|IRAS 04147-5136|JP11   877|N30  883|CNS5 1060|PPM 333343|ROT   629|SACS  92|SAO 233457|SKY#  6529|TD1  3009|UBV    4167|UBV M  10071|V* gam Dor|[CS62] E2  69|PLX  952.00|1RXS J041601.1-512907|TYC 8075-1796-1|WISEA J041601.72-512909.8|uvby98 100027290|WEB  3801|Gaia DR2 4781833626056162688|TIC 219234987"
"HIP 19921","* eps Ret",64.12095061260834,-59.302154414251106,"PM*","K2III",54.2286,0.1019,-47.785,-167.806,29.03,4.44,"TIC 198079199|GJ 167.3|GJ 9153|HIP 19921|Gaia DR3 4678664766393829504|PLX  958|HD  27442A|* eps Ret|CCDM J04165-5918A|CPC 20  1085|CPD-59   324|CSI-59   324 41|FAUST  538|GC  5194|GCRV  2468|GEN# +1.00027442|GSC 08508-02041|HD  27442|HIC  19921|HR  1355|IDS 04148-5932 A|JP11   882|CNS5 1061|PPM 333351|SAO 233463|SKY#  6536|SPOCS  209|TD1  3044|TYC 8508-2041-1|UBV    4189|UBV M  10085|[BBW2000] FD  58|uvby98 100027442|Gaia DR2 4678664766394767616|PLX  958.00|WDS J04165-5918A|** JSP   56A|IRAS 04156-5925|AKARI-IRC-V1 J0416290-591809|2MASS J04162902-5918078|WEB  3804|1RXS J041631.2-591815"
"HIP 20042","* ups04 Eri",64.47359333520666,-33.79834789118277,"SB*","B8V+B9.5V?",18.4002,0.2323,62.194,-5.455,17.6,3.56,"TIC 168847194|HIP 20042|SBC9 235|*  41 Eri|* ups04 Eri|CD-34  1614|CPC 17  1572|CPD-34   466|CSI-34  1614 21|GC  5201|GCRV  2472|GSC 07040-01534|HD  27376|HIC  20042|HR  1347|JP11   878|N30  886|PPM 280068|ROT   634|SAO 194902|SBC7   172|SKY#  6568|SRS  40809|TD1  3026|TYC 7040-1534-1|UBV    4178|IRAS 04160-3355|Renson 7020|AKARI-IRC-V1 J0417536-334753|2MASS J04175366-3347540|uvby98 100027376|WEB  3825|Gaia DR2 4870527586936740480|1RXS J041751.4-334803|GEN# +1.00027376|WDS J04179-3348A|** I  270|WDS J04179-3348Aa,Ab|** HUB    3A|** HJ 3636A|Gaia DR3 4870527586937201408|UCAC4 282-004576|WISE J041753.72-334754.0"
"HIP 20205","* gam Tau",64.94834968291876,15.627642051424726,"**","G9.5IIIabCN0.5",21.6645,0.1831,116.247,-23.368,38.458,3.65,"TIC 435911332|EPIC 200007765|Gaia DR3 3312052249215275904|HIP 20205|2MASS J04194757+1537395|Cl* Melotte   25    MMU      28|Cl* Melotte   25     VA     175|*  54 Tau|* gam Tau|2E   975|2RE J041945+153637|2RE J0419+153|AG+15  356|BD+15   612|CSV 102439|FK5  159|GC  5226|GCRV  2486|GEN# +5.20250028|GSC 01264-01009|HD  27371|HIC  20205|HR  1346|IRAS 04169+1530|IRC +20074|JP11  4797|N30  889|NSV  1553|PMC 90-93   114|PPM 119792|RAFGL  566|RE J041944+153624|RE J0419+153|ROT  3838|SAO  93868|SKY#  6630|SRS  30159|TD1  3025|TYC 1264-1009-1|UBV    4176|UBV M  41234|YZ  15  1137|[B10]  1000|[HFE83]  290|uvby98 520250028|Cl Melotte   25    28|Cl* Melotte   25      S       1|PLX  954.02|1RXS J041947.6+153740|2E 0416.9+1530|EUVE J0419+15.6|** BLM    1|WDS J04198+1538AB|CCDM J04198+1538AB|UCAC4 529-008241|NAME Prima Hyadum|[RSP2011] 229|WEB  3852|Gaia DR2 3312052249216467328"
"HIP 2021","* bet Hyi",6.4377931550222804,-77.25424611998604,"PM*","G0V",134.07,0.11,2219.54,324.09,23.085,2.79,"TIC 267211065|1RXS J002543.0-771532|GALAH 140708005801203|GJ 19|HIP 2021|Gaia DR3 4683897617110115200|PLX   69|* bet Hyi|CD-77    15|CPC 21.3    43|CPD-77    16|CSV 100028|Ci 20   31|FAUST   12|FK5   11|GC   503|GCRV   232|GEN# +1.00002151|HD   2151|HIC   2021|HR    98|IRAS 00235-7731|JP11   381|LFT   43|LHS     6|LPM  22|LTT   226|N30   76|NLTT  1346|NSV   161|CNS5 125|PM 00232-7732|PPM 366918|SAO 255670|SKY#   715|SPOCS   20|SV* ZI    21|TD1   212|UBV     309|UBV M   7368|Zkh   9|uvby98 100002151|PLX   69.00|TYC 9350-1626-1|2MASS J00254416-7715157|WEB   376|Gaia DR2 4683897617108299136"
"HIP 20455","* del Tau",65.73372983164,17.54251383399,"SB*","G9.5IIICN0.5",20.3092,0.2276,106.212,-27.692,37.5875,3.76,"TIC 435926868|EPIC 200007766|HIP 20455|Gaia DR3 3314024566919613952|2MASS J04225609+1732331|Cl* Melotte   25    MMU      41|PLX  965|Cl* Melotte   25      S       2|Cl* Melotte   25     VA     256|SBC9 239|* del Tau|* del01 Tau|*  61 Tau|2E  1001|2E 0420.0+1726|AG+17  384|BD+17   712|CCDM J04229+1733A|CSI+17   712  1|CSV 102443|FK5  162|GC  5304|GCRV  2535|GEN# +5.20250041|GSC 01268-01267|HD  27697|HIC  20455|HR  1373|IDS 04172+1718 A|IRAS 04200+1725|IRC +20076|JP11  4819|N30  904|NSV  1582|PMC 90-93   116|PPM 119835|RAFGL 4340S|ROT  3851|SAO  93897|SBC7   176|SKY#  6743|SRS  30162|TD1  3094|TYC 1268-1267-1|UBV    4227|UBV M  41247|YZ  17  1151|uvby98 520250041|Cl Melotte   25    41|Cl Melotte   25   411|PLX  965.00|WDS J04230+1732Aa,Ab|1RXS J042255.4+173235|LP   17-712|UCAC4 538-008812|** CHR  262|NAME Secunda Hyadum|[RSP2011] 261|WEB  3912|Gaia DR2 3314024566918614528"
"HIP 20535","*  43 Eri",66.00919305988,-34.01684951183,"PM*","K3.5III",11.127,0.1189,67.572,48.489,24.1,3.96,"TIC 170590816|HIP 20535|Gaia DR3 4871775051598300160|2MASS J04240221-3401006|PLX  978|*  43 Eri|* ups03 Eri|CD-34  1664|CPC 17  1619|CPD-34   482|FK5 1121|GC  5349|GCRV  2564|GEN# +1.00028028|GSC 07041-01605|HD  28028|HIC  20535|HR  1393|IRAS 04221-3407|JP11   887|N30  913|PMC 90-93   746|PPM 280171|RAFGL  579|SACS  95|SAO 194984|SKY#  6770|SRS  31121|TYC 7041-1605-1|UBV    4269|UBV M  10130|PLX  978.00|WEB  3928|Gaia DR2 4871775051596978944|NAME-IAU Beemim"
"HIP 20648","* del03 Tau",66.37243632776791,17.927906511884448,"a2*","A2IV-Vs",21.0865,0.1381,107.316,-31.0,39.418,4.298,"TIC 17409896|GES J04252949+1755399|IDS 04197+1742 A|HIP 20648|Gaia DR3 3314063977537054208|2MASS J04252936+1755404|Cl* Melotte   25      S      31|Cl* Melotte   25     VA     355|* del03 Tau|*  68 Tau|2E  1026|AG+17  389|BD+17   719|CSI+17   719  1|GC  5354|GCRV  2567|GEN# +5.20250056|GSC 01269-01246|HD  27962|HIC  20648|HR  1389|JP11  4844|N30  917|PPM 119872|ROT  3861|SAO  93923|SKY#  6822|TD1  3149|UBV    4263|UBV M  41262|V* V776 Tau|YZ  17  1170|Cl Melotte   25    56|Cl Melotte   25   561|PLX  974.09|2E 0422.6+1748|IRAS 04226+1748|Renson 7160|AKARI-IRC-V1 J0425294+175540|UCAC4 540-009256|[RSP2011] 312|WEB  3959|PLX  974.08|1RXS J042528.4+175512|[TSA98] J042530.70+175500.39|* del03 Tau A|*  68 Tau A|HD  27962A|** KUI   17A|CCDM J04255+1755A|WDS J04255+1756A|TYC 1269-1246-1|Gaia DR2 3314063977537054208|ADS  3206 A|uvby98 520250056"
"HIP 2072","* kap Phe",6.550838931848333,-43.67983065874444,"PM*","A5IVn",41.7228,0.1358,106.394,32.491,11.3,3.94,"TIC 80256268|GJ 20|HIP 2072|Gaia DR3 4992538055808271360|2MASS J00261219-4340475|PLX   72|CNS5 126|* kap Phe|CD-44   101|CPC  0   171|CPD-44    47|GC   516|GCRV   236|GEN# +1.00002262|HD   2262|HIC   2072|HR   100|IRAS 00237-4357|JP11   386|PPM 304874|ROT    90|SAO 215092|SKY#   727|TD1   224|UBV     322|UBV M   7378|uvby98 100002262|PLX   72.00|TYC 7530-978-1|WEB   391|Gaia DR2 4992538055807707776"
"HIP 2081","* alf Phe",6.5710475153919266,-42.305987194396046,"SB*","K0.5IIIb",38.5,0.73,233.05,-356.3,74.6,2.38,"TIC 80256524|GEN# +1.00002261|UCAC4 239-000445|GJ 9013|HIP 2081|Gaia DR3 4993479684438433792|2MASS J00261699-4218216|PLX   71|SBC9 21|CNS5 127|* alf Phe|CD-42   116|CPC  0   173|CPD-42    34|Ci 20   32|FK5   12|GC   519|GCRV   237|GSC 07527-01031|HD   2261|HIC   2081|HR    99|IRAS 00238-4234|JP11   384|LTT   231|N30   77|NLTT  1388|PPM 304876|RAFGL   64|SAO 215093|SBC7    16|SKY#   732|TD1   223|TYC 7527-1031-1|UBV     321|NAME Ankaa|uvby98 100002261|WEB   393"
"HIP 20889","* eps Tau",67.15416772966458,19.18043420581389,"**","G9.5IIICN0.5",22.3654,0.1721,107.526,-36.2,38.42,3.53,"TIC 17554529|HIP 20889|Gaia DR3 48026706558487040|2MASS J04283697+1910494|PLX  987|Cl* Melotte   25      S       3|* eps Tau|*  74 Tau|AG+19  352|BD+18   640|CCDM J04286+1911A|CSI+18   640  1|FK5  164|GC  5430|GCRV  2605|GEN# +5.20250070|GSC 01273-01104|HD  28305|HIC  20889|HR  1409|IDS 04228+1858 A|IRAS 04256+1904|IRC +20080|JP11  4862|LP   18-640|N30  931|PMC 90-93   117|PPM 119934|RAFGL 4345S|ROT  3871|SAO  93954|SKY#  6922|SRS  30164|TD1  3201|TYC 1273-1104-1|UBV    4302|UBV M  10146|UBV M  41276|YZ  19  1188|[B10]  1044|uvby98 520250070|Gaia DR2 48026706557926528|Cl Melotte   25    70|Cl Melotte   25   701|Cl* Melotte   25    MMU      70|PLX  987.00|WDS J04286+1911Aa,Ab|WDS J04286+1911A|** BUP   61A|** WSI   53|NAME Ain|[RSP2011] 357|WEB  4009|EPIC 210754593|1RXS J042836.7+191037"
"HIP 20894","* tet02 Tau",67.16559004644,15.870874649550002,"dS*","A7III",21.8125,0.3735,106.148,-20.294,38.9,3.41,"TIC 245792896|** STFA   10A|HIP 20894|Gaia DR3 3312744219988782720|2MASS J04283971+1552151|PLX  989|Cl* Melotte   25      S      35|Cl* Melotte   25     VA     491|SBC9 248|*  78 Tau|* tet02 Tau|2E  1053|AG+15  370|BD+15   632|BDS  2212 A|CEL    407|GC  5436|GCRV  2609|GEN# +1.00028319|GEN# +5.20250072|GSC 01265-01172|HD  28319|HIC  20894|HR  1412|IRAS 04257+1545|JP11  4866|N30  933|PMC 90-93  5881|PPM 119937|ROT  3873|SAO  93957|SBC7   180|SKY#  6924|TD1  3206|TYC 1265-1172-1|UBV    4306|UBV M  10149|UBV M  41278|V* tet02 Tau|YPAC 349|YZ  15  1190|Cl Melotte   25    72|Cl Melotte   25   721|PLX  989.00|2E 0425.8+1546|EUVE J0428+15.8|[TSA98] J042839.13+155250.73|Renson 7240|UCAC4 530-008822|WDS J04287+1552A|uvby98 520250072|[RSP2011] 359|WEB  4012|Gaia DR2 3312744219987686144|NAME-IAU Chamukuy"
"HIP 21060","* del Cae",67.70874890824,-44.95374990107,"*","B2IV/V",4.7826,0.0889,1.683,-3.139,14.2,5.059,"TIC 153836249|HIP 21060|Gaia DR3 4790936620261576704|2MASS J04305010-4457134|* del Cae|CD-45  1567|CPC  0  2291|CPD-45   471|FK5  167|GC  5527|GCRV  2655|GEN# +1.00028873|GSC 07585-01480|HD  28873|HIC  21060|HR  1443|N30  954|PPM 308729|ROT   652|SACS  97|SAO 216850|SKY#  6995|TD1  3304|TYC 7585-1480-1|UBV    4376|UBV M  10197|uvby98 100028873|ALS 14858|WEB  4052|Gaia DR2 4790936620261576704"
"HIP 21281","* alf Dor",68.49907161292998,-55.04497896378182,"a2*","B8IIIpSi",19.34,0.31,57.75,10.93,25.6,3.28,"TIC 220393543|GEN# +1.00029305|HIP 21281|PLX 1018|* alf Dor|CCDM J04340-5503AB|CD-55   916|CPC 19  1390|CPD-55   663|CSI-55   663 41|FAUST  570|FK5  171|GC  5600|GCRV  2687|GSC 08512-02115|HD  29305|HIC  21281|HR  1465|IDS 04318-5515 AB|JP11   908|N30  961|NSV  1657|PPM 333592|ROT   658|SACS  98|SAO 233564|SKY#  7075|SV* BV   995|TD1  3373|TYC 8512-2115-1|UBV    4449|V* alf Dor|[BBW2000] FD  63|PLX 1018.00|WDS J04340-5503AB|** B 2092|Renson 7490|CSI-55   663 42|AKARI-IRC-V1 J0433598-550242|IRAS 04329-5508|CSI-55   663 43|2MASS J04335978-5502421|WEB  4091|uvby98 100029305|Gaia DR3 4775977077371116672"
"HIP 21393","* ups02 Eri",68.88765817174708,-30.562342037091394,"PM*","G8+III",15.4501,0.1081,-49.422,-12.543,-4.0,3.82,"TIC 170767866|Gaia DR3 4878631812268014464|HIP 21393|2MASS J04353305-3033444|PLX 1017|*  52 Eri|* ups02 Eri|CD-30  1901|CPC 17  1711|CPD-30   631|FK5  170|GC  5614|GCRV  2694|GEN# +1.00029291|GSC 07038-01509|HD  29291|HIC  21393|HR  1464|IRAS 04335-3039|IRC -30037|JP11   906|N30  963|PMC 90-93   121|PPM 280424|RAFGL  603|SACS 100|SAO 195148|SKY#  7117|SRS  30170|TD1  3370|TYC 7038-1509-1|UBV    4448|UBV M  10238|PLX 1017.00|NAME Theemin|WEB  4105|Gaia DR2 4878631812267512448"
"HIP 21421","* alf Tau",68.9801627900154,16.5093023507718,"LP?","K5+III",48.94,0.77,63.45,-188.94,54.398,0.86,"TIC 245873777|AP J04355524+1630331|GALAH 141102003801353|GES J04355530+1630309|GJ 171.1 A|GJ 9159 A|HIP 21421|2MASS J04355524+1630331|PLX 1014|LSPM J0435+1630|ASCC  838711|USNO-B1.0 1065-00048822|* alf Tau|*  87 Tau|ADS  3321 A|AG+16  400|BD+16   629|CCDM J04359+1631A|CEL    436|CNS5 1142|CSI+16   629  1|CSV   6116|FK5  168|GC  5605|GCRV  2689|GEN# +1.00029139|HD  29139|HIC  21421|HR  1457|IDS 04302+1619 A|IRAS 04330+1624|TIC 471011442|IRC +20087|JP11   898|LTT 11462|N30  962|NAME Aldebaran|NLTT 13584|PMC 90-93   119|PPM 120061|RAFGL  601|ROT   655|SAO  94027|SKY#  7128|SRS  30168|TD1  3349|UBV    4426|UBV M  10223|V* alf Tau|YZ  16  1233|[B10]  1077|TYC 1266-1416-1|GSC 01266-01416|WDS J04359+1631A|GAT 1331|** BU  550A|** BU 1031A|** STF 4002A|uvby98 100029139|WEB  4111"
"HIP 21444","* nu. Eri",69.07975799391498,-3.352460484701945,"bC*","B2III",4.7961,0.25,0.865,-4.665,14.9,3.928,"TIC 229087301|Gaia DR3 3204884534485995264|HIP 21444|2MASS J04361915-0321088|*  48 Eri|* nu. Eri|AAVSO 0431-03|BD-03   834|CCDM J04363-0321A|CEL    442|CSI-03   834  1|CSV    425|FK5  169|GC  5617|GCRV  2697|GEN# +1.00029248|GSC 04738-01484|HD  29248|HIC  21444|HR  1463|IDS 04313-0332 A|JP11   905|MCW  276|N30  964|PMC 90-93   120|PPM 187123|ROT   657|SAO 131346|SKY#  7139|TD1  3367|TYC 4738-1484-1|UBV   21605|UBV M  10235|V* nu. Eri|[AKS95]  289|ALS 14767|WDS J04363-0321A|IRAS 04338-0327|AKARI-IRC-V1 J0436191-032109|uvby98 100029248|WEB  4116|Gaia DR2 3204884534484999552"
"HIP 21594","* l Eri",69.54509840443708,-14.30402789671278,"**","K2-IIIb",28.8769,0.1681,-79.531,-153.335,43.33,3.87,"TIC 117763145|Gaia DR3 3174163561130003840|GEN# +1.00029503|GJ 9160|HIP 21594|2MASS J04381081-1418142|PLX 1028|* l Eri|*  53 Eri|BD-14   933|CCDM J04382-1418AB|FK5  172|GC  5657|GCRV  2721|HD  29503|HIC  21594|HR  1481|IDS 04336-1430 AB|IRAS 04358-1424|IRC -10073|JP11   909|N30  979|PMC 90-93   122|PPM 214604|RAFGL  610|ROT   665|SACS 101|SAO 149781|SKY#  7200|TD1  3421|UBV    4477|YZ 104  1271|PLX 1028.00|WDS J04382-1418AB|** KUI   18|** KUI   18AB|NAME Sceptrum|WEB  4147|Gaia DR2 3174163561127715328"
"HIP 21770","* alf Cae",70.14046880567959,-41.863751263843064,"PM*","F2V",49.062,0.0937,-139.843,-75.677,0.65,4.45,"TIC 77263680|GJ 174.1|GJ 174.1 A|GJ 9164|GJ 9164 A|HIP 21770|PLX 1048|* alf Cae|CNS5 1169|CD-42  1587|CPC  0  2380|CPD-42   513|CSI-42  1587 21|FK5 1129|GC  5708|GCRV  2753|GSC 07589-01693|HD  29875|HIC  21770|HR  1502|IRAS 04389-4157|JP11   918|N30  991|PPM 308904|RBS   571|ROT   672|SAO 216926|SKY#  7267|TD1  3476|UBV    4526|UBV M  10288|PLX 1048.00|1RXS J044033.9-415142|2EUVE J0440-41.8|EUVE J0440-41.8|2MASS J04403374-4151495|Renson 7670|uvby98 100029875|WEB  4189|* alf Cae A|CCDM J04406-4152A|CD-42  1587A|HD  29875A|WDS J04406-4152A|TYC 7589-1693-1|** HDO  190A|Gaia DR2 4815660547961306112|IDS 04373-4203 A|GEN# +1.00029875|Gaia DR3 4815660547961306112|UCAC4 241-005063|WISE J044033.59-415150.2"
"HIP 21861","* bet Cae",70.51450957648,-37.144330240340004,"PM*","F3IV",34.6088,0.0531,42.561,212.705,29.48,5.05,"TIC 77288515|GJ 176.1|GJ 9165|HIP 21861|Gaia DR3 4866371879660471808|PLX 1051|* bet Cae|CD-37  1867|CPC 18  1680|CPD-37   559|FK5 1130|GC  5740|GCRV  2766|GEN# +1.00029992|HD  29992|HIC  21861|HR  1503|IRAS 04402-3714|LTT  2063|N30  998|NLTT 13800|PMC 90-93   754|PPM 280570|ROT   673|SACS 103|SAO 195239|SKY#  7295|SRS  31130|TD1  3493|UBV    4536|UBV M  10296|uvby98 100029992|2MASS J04420348-3708395|PLX 1051.00|1RXS J044203.7-370835|TYC 7045-130-1|Renson 7700|WISEA J044203.53-370837.2|EC 04402-3714|WEB  4205|Gaia DR2 4866371879660471808"
"HIP 21881","* tau Tau",70.56124685498,22.95690281483,"SB*","B3V",8.231,0.4049,3.181,-17.028,14.6,4.258,"GEN# +1.00029763|HIP 21881|Gaia DR3 146483849657244928|2MASS J04421470+2257250|*  94 Tau|PLX 1043|SBC9 266|* tau Tau|AG+22  456|BD+22   739|CCDM J04422+2257AB|CSI+22   739  1|CSI+22   739  2|FK5  174|GC  5716|GCRV  2759|GSC 01830-02129|HD  29763|HGAM    339|HIC  21881|HR  1497|IDS 04362+2246 AB|JP11   917|N30  994|PMC 90-93   124|PPM  93709|ROT  3499|ROT  6128|SAO  76721|SBC7   189|SKY#  7303|SRS  30174|UBV    4511|[HFE83]  319|PLX 1043.00|** MCA   16|WDS J04422+2257A|WDS J04422+2257Aa,Ab|** S  455A|** HO  642|PMSC 04362+2246A|PMSC 04362+2246AB|TYC 1830-2129-1|CSI+22   739  3|GEN# +1.20029763|ROT  3546|uvby98 100029763|TIC 61264116|WEB  4206|Gaia DR2 146483849656094464"
"HIP 21949","* mu. Men",70.76651768172,-70.93102624174,"*","B8II/III(pSi)",6.9699,0.0631,9.821,34.453,12.01,5.511,"TIC 294747615|HIP 21949|Gaia DR3 4654833539071572736|* mu. Men|2MASS J04430394-7055517|2MASSI J0443039-705551|CPC 21.1   676|CPD-71   282|FAUST  589|FK5  177|GC  5809|GCRV  2795|GEN# +1.00030612|GSC 09157-01971|HD  30612|HIC  21949|HR  1541|LI-LMC   14|MSX LMC 1129|N30 1013|PPM 368507|SAO 256122|SKY#  7325|TD1  3582|TYC 9157-1971-1|UBV    4624|UBV M  10356|uvby98 100030612|ALS 16760|SSTISAGEMC J044303.95-705551.6|Renson 7940|WEB  4220|Gaia DR2 4654833539071572736"
"HIP 22109","* mu. Eri",71.37563095050251,-3.2546598112747223,"SB*","B5IV",5.8125,0.2697,15.08,-12.764,23.3,4.0,"TIC 299096773|MUTA 1|HIP 22109|Gaia DR3 3225773709225508736|2MASS J04453015-0315166|SBC9 272|*  57 Eri|* mu. Eri|BD-03   876|FK5  176|GC  5796|GCRV  2789|GEN# +1.00030211|HD  30211|HGAM    343|HIC  22109|HR  1520|IRAS 04429-0320|JP11   925|N30 1009|PMC 90-93   125|PPM 187297|ROT   678|SAO 131468|SBC7   191|SKY#  7383|TD1  3528|UBV    4561|UBV M  10315|[AKS95]  309|uvby98 100030211|ALS 16513|TYC 4740-1916-1|V* mu. Eri|WEB  4249|Gaia DR2 3225773709223070464"
"HIP 22449","* pi.03 Ori",72.46004668811875,6.961277950629445,"PM*","F6V",124.6198,0.2246,463.954,11.937,22.47,3.19,"TIC 399665349|GJ 178|HIP 22449|Gaia DR3 3288921720025503360|2MASS J04495040+0657409|PLX 1077|LSPM J0449+0657|TYC   96-1462-1|ASCC 1010229|USNO-B1.0 0969-00046662|*   1 Ori|* pi.03 Ori|2RE J044951+065736|2RE J0449+065|BD+06   762|CCDM J04499+0657A|CNS5 1208|CSI+06   762  1|CSV 100411|Ci 20  306|FK5 1134|GC  5875|GCRV  2837|GEN# +1.00030652|HD  30652|HIC  22449|HR  1543|IDS 04444+0647 A|IRAS 04471+0652|IRC +10071|JP11   931|LTT 11517|N30 1028|NLTT 14011|NSV  1731|PMC 90-93   758|PPM 148020|RE J0449+065|RE J044950+065733|ROT   683|SAO 112106|SKY#  7512|SPOCS  230|SRS  31134|TD1  3592|UBV    4635|UBV M  10360|USNO 809|YZ   6  1810|Zkh  65|uvby98 100030652|SV* ZI   311|PLX 1077.00|1ES 0447+06.8|1RXS J044950.6+065736|2EUVE J0449+06.9|EUVE J0449+06.9|WDS J04498+0658A|RAVE J044950.4+065741|** STT  560A|NAME Tabit|WEB  4331|Gaia DR2 3288921720024442496"
"HIP 22509","* pi.02 Ori",72.65301036721706,8.900181169455834,"*","A1Vn",14.9058,0.1704,1.514,-29.451,24.4,4.35,"TIC 399669624|WISEA J045036.74+085400.4|Gaia DR3 3289827339649866880|HIP 22509|2MASS J04503674+0854004|PLX 1082|*   2 Ori|* pi.02 Ori|AG+08  506|BD+08   777|CEL    472|GC  5892|GCRV  2846|GEN# +1.00030739|GSC 00683-01217|HD  30739|HGAM    346|HIC  22509|HR  1544|IRAS 04478+0848|JP11   935|PPM 148045|ROT   684|SAO 112124|SKY#  7533|TD1  3609|TYC  683-1217-1|UBV    4648|UBV M  10369|YZ   8  1821|[SC93b]   6|uvby98 100030739|PLX 1082.00|WISE J045036.73+085400.5|WEB  4343|Gaia DR2 3289827339648726272"
"HIP 22549","* pi.04 Ori",72.8015240542129,5.605103849968333,"SB*","B2III",3.8715,0.2841,-1.7,1.003,23.3,3.68,"TIC 452810783|Gaia DR3 3287731945364911232|HIP 22549|2MASS J04511236+0536183|* pi.04 Ori|PLX 1086|SBC9 283|*   3 Ori|AG+05  525|BD+05   745|CSV 100415|FK5  179|GC  5911|GCRV  2859|GEN# +1.00030836|GSC 00092-02345|HD  30836|HGAM    347|HIC  22549|HR  1552|IRAS 04485+0531|JP11   937|MCW  279|N30 1033|NSV  1742|PMC 90-93   127|PPM 148064|ROT   686|SAO 112142|SBC7   195|SKY#  7550|SRS  30179|SV* ZI   313|TD1  3625|TYC   92-2345-1|UBV    4665|UBV M  10382|[HFE83]  331|[SC93b]   7|uvby98 100030836|ALS 14769|PLX 1086.00|WEB  4358|Gaia DR2 3287731941066932864"
"HIP 22701","* ome Eri",73.22362244212168,-5.452696320709445,"SB*","A9IVn",14.9354,0.125,-18.725,25.159,5.18,4.4,"TIC 244203955|Gaia DR3 3188462022653817472|HIP 22701|2MASS J04525366-0527097|PLX 1092|SBC9 285|*  61 Eri|* ome Eri|BD-05  1068|FK5 2366|GC  5954|GCRV  2879|GEN# +1.00031109|HD  31109|HIC  22701|HR  1560|IRAS 04504-0532|JP11   941|PMC 90-93  1236|PPM 187434|ROT   688|SAO 131568|SBC7   196|SKY#  7606|TD1  3667|UBV    4699|UBV M  10416|YZ  95  1301|uvby98 100031109|PLX 1092.00|TYC 4745-1841-1|WEB  4390|Gaia DR2 3188462022653817472"
"HIP 22730","*   5 Ori",73.34489101338417,2.508224484701389,"*","M1III",5.3293,0.1467,30.929,-15.895,12.02,5.324,"TIC 459962673|HIP 22730|Gaia DR3 3232279416447924864|2MASS J04532277+0230298|PLX 1093|*   5 Ori|AG+02  500|BD+02   800|CSV 100421|DO   898|GC  5961|GCRV  2882|GEN# +1.00031139|GSC 00089-02557|HD  31139|HIC  22730|HR  1562|IRAS 04507+0225|IRC +00064|NSV  1755|PPM 148121|RAFGL  647|SAO 112179|SKY#  7615|TYC   89-2557-1|UBV    4704|UBV M  10421|YPAC 360|YZ   2  1459|SV* ZI   321|PLX 1093.00|WEB  4398|Gaia DR2 3232279416444894976"
"HIP 22783","* alf Cam",73.5125474527996,66.34267600708583,"s*b","O9Ia",0.5916,0.1333,0.222,7.198,10.0,4.29,"TIC 281696989|HIP 22783|Gaia DR3 482818271843093376|2MASS J04540297+6620336|PLX 1075|SBC9 279|* alf Cam|*   9 Cam|2E 0449.0+6615|2E  1164|AG+66  267|BD+66   358|CGO  78|EM* MWC   92|FK5  178|GC  5924|GCRV  2865|GEN# +1.00030614|GOS G144.07+14.04 01|GSC 04091-02094|HD  30614|HIC  22783|HR  1542|IRAS 04490+6615|JP11   929|MCW  278|N30 1036|PMC 90-93   126|PPM  15047|ROT   682|SAO  13298|SKY#  7639|TD1  3583|TYC 4091-2094-1|UBV    4625|UBV M  10357|VDB  30|[HFE83]  333|uvby98 100030614|ALS 14768|PLX 1075.00|1RXS J045403.7+662038|WEB  4408|Gaia DR2 482818271843093376|[KCS2016] J045403.01+662033.6"
"HIP 22845","* pi.01 Ori",73.72386707883084,10.150834290816942,"PM*","A0Va_lB",27.0067,0.1806,40.783,-128.345,18.22,4.648,"TIC 450105300|WISEA J045453.76+100901.6|Gaia DR3 3294429586086462848|HIP 22845|2MASS J04545372+1009030|GC  5987|*   7 Ori|* pi.01 Ori|AAVSO 0449+10|AG+10  514|BD+09   683|CCDM J04548+1009A|CEL    485|CSI+09   683  1|GCRV  2903|GEN# +1.00031295|GSC 00688-01867|HD  31295|HIC  22845|HR  1570|IDS 04494+0959 A|IRAS 04521+1004|JP11   948|PPM 120382|ROT   694|SAO  94201|SKY#  7664|TYC  688-1867-1|UBV    4729|UBV M  10444|YPAC 362|YZ  10  1866|[SC93b]  19|uvby98 100031295|WDS J04549+1009A|** ENG   19A|** BUP   72A|IRAS F04521+1004|AKARI-IRC-V1 J0454537+100902|WISE J045453.76+100901.8|WEB  4425|Gaia DR2 3294429586085336960"
"HIP 23015","* iot Aur",74.24841676022209,33.166093772077225,"*","K3II-III",7.2491,0.3819,3.817,-17.786,17.78,2.69,"TIC 96868656|HIP 23015|Gaia DR3 160886283751041408|2MASS J04565963+3309578|* iot Aur|PLX 1100|*   3 Aur|AAVSO 0450+33|AG+33  456|BD+32   855|CSV    463|FK5  181|GC  6029|GCRV  2923|GEN# +1.00031398|GSC 02391-01446|HD  31398|HIC  23015|HR  1577|IRAS 04537+3305|IRC +30100|JP11   949|N30 1053|NSV  1778|PMC 90-93   129|PPM  69775|RAFGL  654|ROT   696|SAO  57522|SKY#  7731|SRS  30181|SV* ZI   325|TD1  3720|TYC 2391-1446-1|UBV    4742|UBV M  10459|YPAC  20|[HFE83]  339|uvby98 100031398|PLX 1100.00|NAME Hassaleh|WEB  4467"
"HIP 23123","* pi.06 Ori",74.63709287275,1.7140135367600002,"*","K2-IIb",4.2093,0.1393,-0.589,-6.482,14.73,4.459,"TIC 452749155|HIP 23123|Gaia DR3 3231949906557374592|2MASS J04583290+0142501|PLX 1116|*  10 Ori|* pi.06 Ori|AG+01  513|BD+01   872|CSV 100426|GC  6068|GCRV  2938|GEN# +1.00031767|GSC 00085-02362|HD  31767|HIC  23123|HR  1601|IRAS 04559+0138|IRC +00065|JP11   956|N30 1061|NSV  1786|PPM 148255|RAFGL  659|ROT   702|SAO 112281|SKY#  7774|TD1  3792|TYC   85-2362-1|UBV    4789|UBV M  10512|YPAC 112|YZ   1  1513|PLX 1116.00|WEB  4484|Gaia DR2 3231949906556068864"
"HIP 23453","* zet Aur",75.61951434554709,41.07583198882223,"SB*","K5II+B7V",1.4244,0.305,12.093,-19.324,-3.4116,3.75,"TIC 121815866|HIP 23453|Gaia DR3 200929706966014976|AP J05022869+4104329|2MASS J05022869+4104329|PLX 1127|SBC9 292|* zet Aur|*   8 Aur|AAVSO 0455+40|AG+41  504|BD+40  1142|CEL    510|FK5 1137|GC  6137|GCRV  2976|GEN# +1.00032068|GSC 02899-02236|HD  32068|HD  32069|HIC  23453|HR  1612|IRAS 04589+4100|IRC +40110|JP11   965|LF  7 +40  172|N30 1070|PMC 90-93   761|PPM  47641|RAFGL  674|ROT   709|SAO  39966|SBC7   201|SKY#  7891|TD1  3847|TYC 2899-2236-1|UBV   21465|UBV M  10543|V* zet Aur|PLX 1127.00|WEB  4563|Gaia DR2 200929706962974080|NAME-IAU Saclateni"
"HIP 23685","* eps Lep",76.36526836354416,-22.371034487030837,"PM*","K4III",15.5999,0.1074,24.049,-74.951,1.011,3.18,"TIC 146517192|Gaia DR3 2962546605447869184|HIP 23685|2MASS J05052766-2222157|PLX 1151|* eps Lep|*   2 Lep|BD-22  1000|CD-22  1997|CPD-22   698|CSV 100445|FK5  186|GC  6231|GCRV  3021|GEN# +1.00032887|GSC 05913-01374|HD  32887|HIC  23685|HR  1654|IRAS 05033-2226|IRC -20067|JP11   982|N30 1085|NSV  1826|PMC 90-93   134|PPM 248426|RAFGL  688|SACS 109|SAO 170051|SKY#  7987|SV* ZI   346|TD1  4016|TYC 5913-1374-1|UBV    4906|UBV M  10624|YZ 112  2468|PLX 1151.00|WEB  4620|Gaia DR2 2962546605444778112"
"HIP 23875","* bet Eri",76.96239535462041,-5.086496983969999,"PM*","A3IV",36.2456,0.3575,-88.481,-70.497,-6.0,2.79,"TIC 248409489|Gaia DR3 3211922645854328832|GJ 9175|HIP 23875|2MASS J05075100-0505109|*  67 Eri|PLX 1158|* bet Eri|2E  1221|BD-05  1162|CCDM J05079-0506A|CEL    541|CSI-05  1162  1|CSV 100450|FK5  188|GC  6274|GCRV  3046|GEN# +1.00033111|HD  33111|HIC  23875|HR  1666|IDS 05030-0513 A|IRAS 05053-0509|IRC -10081|JP11   990|N30 1097|NSV  1841|PMC 90-93   135|PPM 187729|ROT   728|SAO 131794|SKY#  8057|SV* ZI   351|TD1  4059|UBV    4929|UBV M  10648|uvby98 100033111|PLX 1158.00|1RXS J050750.5-050455|2E 0505.4-0508|WDS J05078-0505A|TYC 4759-1671-1|** BUP   74A|NAME Cursa|WEB  4660"
"HIP 23972","* lam Eri",77.28660023210293,-8.754083776334722,"Be*","B2III(e)p",3.6256,0.232,1.726,-2.276,2.0,4.27,"TIC 425215861|Gaia DR3 3182891931108590336|HIP 23972|2MASS J05090877-0845147|PLX 1169|[JE82]  149|*  69 Eri|* lam Eri|BD-08  1040|CEL    549|CSV 100453|FK5  190|GC  6304|GCRV  3059|GEN# +1.00033328|GSC 05330-01723|HD  33328|HGAM    370|HIC  23972|HR  1679|IRAS 05067-0848|JP11   996|N30 1104|PMC 90-93   136|PPM 187755|ROT   734|SACS 111|SAO 131824|SKY#  8093|SV* ZI   352|TD1  4109|TYC 5330-1723-1|UBV    4952|UBV M  10670|V* lam Eri|[HFE83]  354|ALS 16156|PLX 1169.00|2XMM J050908.8-084513|uvby98 100033328|WEB  4673|Gaia DR2 3182891931107789440"
"HIP 24244","* iot Lep",78.07462743943667,-11.86910091103778,"**","B7.5Vn",14.174,0.3276,23.931,-38.933,23.5,4.45,"TIC 43900848|Gaia DR3 2989514155341556224|HIP 24244|* iot Lep|*   3 Lep|ADS  3778 A|BD-12  1095|CCDM J05123-1152A|CSI-12  1095  1|GC  6374|GCRV  3089|GEN# +1.00033802A|GSC 05338-01445|HD  33802|HD  33802A|HIC  24244|HR  1696|IDS 05076-1159 A|JP11  1006|PPM 215426|ROT   741|SAO 150223|SKY#  8194|TD1  4204|TYC 5338-1445-1|UBV    4986|UBV M  10718|YZC 11  1357|uvby98 100033802 A|1ES 0510-11.9|WDS J05123-1152Aa,Ab|2MASS J05121790-1152090|AKARI-IRC-V1 J0512178-115208|IRAS 05099-1155|IRAS F05099-1155|** STF  655A|** HUB    6|WDS J05123-1152A|WEB  4706|Gaia DR2 2989514155341556224"
"HIP 24305","* mu. Lep",78.23292901709,-16.205463499750003,"a2*","B9IV:HgMn",19.1775,0.3265,42.803,-16.017,26.2,3.29,"TIC 169534653|HIP 24305|Gaia DR3 2983168461421919488|PLX 1184|*   5 Lep|* mu. Lep|1AXG J051257-1613|2E  1236|AAVSO 0508-16|BD-16  1072|CSV   6156|FK5 1144|GC  6382|GCRV  3094|GEN# +1.00033904|GPM  78.232802-16.205430|GSC 05902-01721|HD  33904|HIC  24305|HR  1702|IRAS 05106-1615|JP11  1008|N30 1117|PMC 90-93   766|PPM 215444|ROT   744|SACS 112|SAO 150237|SKY#  8208|TD1  4224|TYC 5902-1721-1|UBV    4999|UBV M  10728|V* mu. Lep|[FS2003] 0248|[HFE83]  360|ALS 16195|PLX 1184.00|1ES 0510-16.2|1RXS J051255.6-161225|2E 0510.6-1615|EUVE J0512-16.2|EXO 0510.6-1615|Renson 8640|2MASS J05125589-1612196|uvby98 100033904|WEB  4714|Gaia DR2 2983168461419329024"
"HIP 24327","* kap Lep",78.30782095595,-12.94129245532,"Pu*","B7V",6.9828,0.1877,-12.414,-1.352,20.8,4.44,"HIP 24327|WISEA J051313.88-125628.3|TIC 169551936|2MASS J05131387-1256284|PLX 1185|* kap Lep|*   4 Lep|BD-13  1092|GC  6387|GCRV  3099|GSC 05338-01447|HD  33949|HIC  24327|HR  1705|IRAS F05109-1259|IRAS 05109-1259|JP11  1009|PPM 215450|ROT   745|SAO 150239|SKY#  8214|TD1  4234|UBV    5003|YZC 11  1361|[DML87] 170|ALS 16725|PLX 1185.00|uvby98 100033949|WEB  4720|GEN# +1.00033949|WISE J051313.87-125628.3|IDS 05086-1304 A|Gaia DR3 2988537651577170176|TYC 5338-1447-1|* kap Lep A|*   4 Lep A|CCDM J05132-1256A|** STF  661A|HD  33949A|ADS  3800 A|WDS J05132-1256A|Gaia DR2 2988537651577170176"
"HIP 24436","* bet Ori",78.63446706693006,-8.201638364722209,"s*b","B8Ia",3.78,0.34,1.31,0.5,17.8,0.13,"TIC 231308237|HIP 24436|2MASS J05143226-0812060|PLX 1191|* bet Ori|*  19 Ori|* bet Ori A|2E  1238|AAVSO 0509-08|ADS  3823 A|BD-08  1063|CCDM J05145-0812A|CEL    579|CSI-08  1063  1|CSV 100463|EM* MWC  487|FK5  194|GC  6410|GCRV  3110|GSC 05331-01752|HD  34085|HGAM    376|HIC  24436|HR  1713|IDS 05097-0819 A|IRAS 05121-0815|IRC -10085|JP11  1014|MCW  291|N30 1120|NSV  1882|PMC 90-93   140|PPM 187839|RAFGL  710|ROT   749|SACS 113|SAO 131907|SKY#  8263|SV* ZI   362|TD1  4253|UBV    5016|UBV M  10750|V* bet Ori|VDB  36|[SC93b] 101|ALS 14772|PLX 1191.00|1RXS J051431.5-081112|2E 0512.1-0814|EUVE J0514-08.1|WDS J05145-0812A|TYC 5331-1752-1|PMSC 05097-0819A|uvby98 100034085|GN 05.04.0|NAME Rigel|WEB  4731"
"HIP 24608","* alf Aur",79.17232794433404,45.99799146983673,"SB*","G3III:",76.2,0.46,75.25,-426.89,29.19,0.08,"TIC 368326352|GJ 194|GJ 194 A|GJ 194 B|HIP 24608|CNS5 1318|CABS  51|PLX 1187|SBC9 306|LSPM J0516+4559|ASCC  317037|2MASS J05164138+4559525|* alf Aur|*  13 Aur|2E 0513.0+4556|2E  1239|2RE J051640+455955|2RE J0516+455|AAVSO 0509+45|ADS  3841 AP|AG+45  512|BD+45  1077|CCABS  42|CCDM J05168+4559AP|CEL    586|CSI+45  1077  1|CSV 100460|Ci 20  321|FK5  193|GC  6427|GCRV  3121|H 0513+45|HD  34029|HIC  24608|HR  1708|IDS 05093+4554 AP|IRAS 05130+4556|TIC 471011465|IRC +50139|JP11  1010|LTT 11619|N30 1121|NLTT 14766|NSV  1897|PMC 90-93   139|PPM  47925|RAFGL  713|RE J051640+455929|RE J0516+455|SAO  40186|SBC7   214|SKY#  8333|SV* ZI   360|TD1  4244|UBV    5009|VVO 236|YPAC  23|[HFE83]  366|USNO-B1.0 1359-00140245|1E 051259+4556.7|1RXS J051642.2+460001|2EUVE J0516+45.9|EUVE J0516+45.9|RX J0516.7+4559|WDS J05167+4600Aa,Ab|TYC 3358-3141-1|PMSC 05093+4553AB|** ANJ    1|** FRH    1A|WDS J05167+4600A|CSI+45-05130|[FS2003] 0255|NAME Capella|uvby98 100034029|WEB  4762|GEN# +1.00034029"
"HIP 2484","* bet01 Tuc",7.886116900947914,-62.95821745653945,"**","B9.5Va",22.8384,0.0861,84.011,-54.85,14.0,4.289,"TIC 271503441|Gaia DR3 4900927434176620160|HIP 2484|PLX   90|* bet01 Tuc|CPC 20.1   104|CPD-63    50|CSI-63    50 41|GC   625|GCRV   287|GEN# +1.00002884|GSC 08844-01519|HD   2884|HR   126|JP11   391|N30   97|PPM 351869|ROT   100|SAO 248201|SKY#   850|TYC 8844-1519-1|UBV     398|UBV M   7448|2MASS J00313267-6257297|CCDM J00316-6258AB|CSI-63    50 43|PMSC 00270-6331AB|WDS J00315-6257AB|** B    7|HIC   2484|** LCL  119AB|** SHY  114AB|uvby98 100002884|WEB   454|Gaia DR2 4900927434176620160"
"HIP 24845","* lam Lep",79.89384295078916,-13.176769401368889,"**","B0.5V",3.3378,0.179,3.04,-4.801,20.2,4.29,"TIC 442871031|Gaia DR3 2988329637719192960|WISEA J051934.51-131036.3|HIP 24845|PLX 1215|* lam Lep|*   6 Lep|BD-13  1127|FK5 1146|GC  6531|GCRV  3179|GEN# +1.00034816|GSC 05343-01529|HD  34816|HGAM    387|HIC  24845|HR  1756|JP11  1033|MCW  294|N30 1141|PMC 90-93   768|PPM 215598|ROT   769|SAO 150340|SKY#  8424|TD1  4430|TYC 5343-1529-1|UBV    5080|UBV M  10849|YZC 11  1403|uvby98 100034816|ALS 14773|PLX 1215.00|1RXS J051935.1-131037|2MASS J05193452-1310364|AKARI-IRC-V1 J0519344-131036|IRAS 05172-1313|WISE J051934.51-131036.3|IRAS F05172-1313|WEB  4815|Gaia DR2 2988329637719192960"
"HIP 24873","* nu. Lep",79.9959299667,-12.31558626441,"*","B7/8V",9.2226,0.1036,-12.675,7.536,16.0,5.284,"TIC 442895117|HIP 24873|Gaia DR3 2988831083742776192|2MASS J05195902-1218561|*   7 Lep|* nu. Lep|BD-12  1132|GC  6538|GCRV  3184|GEN# +1.00034863|GSC 05339-01784|HD  34863|HIC  24873|HR  1757|PPM 215608|ROT   770|SAO 150345|SKY#  8432|TD1  4436|TYC 5339-1784-1|UBV    5084|UBV M  10855|YZC 11  1407|uvby98 100034863|ALS 17284|WEB  4820|Gaia DR2 2988831083742776192"
"HIP 25110","HD  33564",80.63971083504,79.23115073442,"PM*","F7V",48.1098,0.0727,-78.661,162.098,-10.934,,"TIC 142103211|IDS 05061+7907 A|HIP 25110|Gaia DR3 553480551264062848|2MASS J05223348+7913519|CNS5 1342|PLX 1173|LSPM J0522+7913|ASCC   17802|USNO-B1.0 1692-00026428|ADS  3864 A|AG+79  157|BD+79   169|CCDM J05227+7913A|CSI+79   169  1|FK5  191|GC  6455|GCRV  3137|GJ 196|GSC 04532-02096|HD  33564|HIC  25110|HR  1686|IRAS 05142+7910|N30 1128|PMC 90-93   137|PPM   5936|ROT   736|SAO   5496|SKY#  8527|TD1  4166|TYC 4532-2096-1|UBV    4970|UBV M  10694|[DML87] 172|[HFE83]  368|uvby98 100033564 A|Gaia DR2 553480551264062848|PLX 1173.00|WDS J05226+7914A|WEB  4869|1RXS J052237.2+791354|** STF  634A|GEN# +1.00033564"
"HIP 25336","* gam Ori",81.28276355652378,6.3497032644440665,"*","B2III",12.92,0.52,-8.11,-12.88,17.31,1.64,"TIC 365572007|HIP 25336|WISE J052507.87+062058.2|PLX 1229|* gam Ori|*  24 Ori|AG+06  574|BD+06   919|CCDM J05252+0620A|CSI+06   919  1|CSV 100483|FK5  201|GC  6668|GCRV  3252|GEN# +1.00035438|GEN# +1.00035468|HD  35468|HGAM    397|HIC  25336|HR  1790|IDS 05198+0615 A|IRC +10084|JP11  1071|MCW  308|N30 1162|NAME Bellatrix|NSV  1972|PMC 90-93   144|PPM 148916|ROT   793|SAO 112740|SKY#  8617|SV* ZI   374|TD1  4558|UBV    5149|UBV M  10933|[HFE83]  375|[SC93b] 179|uvby98 100035468|ALS 14777|PLX 1229.00|1RXS J052507.7+062103|EUVE J0525+06.3|2MASS J05250786+0620589|WDS J05251+0621A|TYC  113-1856-1|IRAS 05224+0618|AKARI-IRC-V1 J0525078+062058|WEB  4913"
"HIP 25428","* bet Tau",81.57297133176498,28.607451724998228,"PM*","B7III",24.36,0.34,22.76,-173.58,9.2,1.65,"TIC 285473140|1RXS J052619.9+283621|2MASS J05261751+2836271|PLX 1231|LSPM J0526+2836|ASCC  661203|USNO-B1.0 1186-00083031|* bet Tau|* gam Aur|* 112 Tau|AG+28  516|BD+28   795|CCDM J05263+2836A|CEL    688|CSI+28   795  1|FK5  202|GC  6681|GCRV  3257|GEN# +1.00035497|GSC 01859-01470|HD  35497|HGAM    398|HIC  25428|HIP 25428|HR  1791|IDS 05200+2831 A|TIC 471011468|IRC +30112|JP11  1072|N30 1163|NAME Elnath|PMC 90-93   145|PPM  94361|ROT   794|SAO  77168|SKY#  8655|SRS  30202|TD1  4565|TYC 1859-1470-1|UBV    3965|UBV    5151|UBV M  10935|uvby98 100035497|ALS 15829|PLX 1231.00|WDS J05263+2836A|Renson 9110|AKARI-IRC-V1 J0526175+283625|IRAS 05231+2833|WEB  4928|*  23 Aur"
"HIP 25606","* bet Lep",82.06134536679916,-20.759443885748333,"PM*","G5II-IIIa:",20.8697,0.2047,-5.748,-83.65,-14.2,2.84,"TIC 420963448|GEN# +1.00036079|CCDM J05283-2046A|** BU  320A|ADS  4066 A|IDS 05240-2050 A|WDS J05282-2046A|Gaia DR3 2968097043228517120|HIP 25606|2MASS J05281473-2045338|PLX 1246|* bet Lep|*   9 Lep|1E 0526.0-2048|2E 0526.0-2047|2E  1280|AAVSO 0524-20|BD-20  1096|CSI-20  1096  1|FK5  204|GC  6762|GCRV  3303|GSC 05928-01657|HD  36079|HIC  25606|HR  1829|IRAS 05261-2047|IRC -20071|JP11  1102|N30 1175|NSV  2008|PMC 90-93   147|PPM 248938|RAFGL  756|ROT   821|SAO 170457|SKY#  8740|SRS  30204|TD1  4701|TYC 5928-1657-1|UBV    5252|YZ 110  1774|1RXS J052814.7-204546|NAME Nihal|uvby98 100036079|WEB  4967|Gaia DR2 2968097043227107968"
"HIP 25859","* eps Col",82.80311450158,-35.47050660183,"*","K1II/III",11.73,0.1374,27.627,-32.416,-4.9,3.87,"TIC 24526119|HIP 25859|Gaia DR3 4822106194362165760|2MASS J05311274-3528139|PLX 1262|* eps Col|CD-35  2348|CPC 18  1989|CPD-35   672|FK5 2413|GC  6846|GCRV  3359|GEN# +1.00036597|GSC 07063-01179|HD  36597|HIC  25859|HR  1862|IRAS 05294-3530|JP11  1153|N30 1184|PPM 281547|RAFGL  766|SAO 195924|SKY#  8849|TD1  4829|TYC 7063-1179-1|UBV    5368|UBV M  11133|PLX 1262.00|WEB  5021|Gaia DR2 4822106194361724800"
"HIP 25918","* gam Men",82.97021910681667,-76.34090168363221,"PM*","K2III",30.5956,0.2189,135.924,266.877,56.24,5.2,"HIP 25918|Gaia DR3 4648162939452971008|2MASS J05315292-7620282|PLX 1302|* gam Men|CCDM J05319-7620A|CD-76   222|CPC 21.3   624|CPD-76   333|CSI-76   333 41|FK5  214|GC  6966|GCRV  3458|GEN# +1.00037763|GSC 09378-01692|HD  37763|HIC  25918|HR  1953|IDS 05358-7625 A|JP11  1223|LTT  2326|N30 1205|NLTT 15359|PPM 368822|SAO 256201|SKY#  8874|TYC 9378-1692-1|UBV    5789|UBV M  11372|uvby98 100037763|PLX 1302.00|WDS J05319-7620A|IRAS 05338-7622|AKARI-IRC-V1 J0531534-762025|** HJ 3795A|WEB  5038|Gaia DR2 4648162939452971008|TIC 141280255"
"HIP 25930","* del Ori",83.00166705557675,-0.29909510708333326,"**","O9.5IINwk",4.71,0.58,0.64,-0.69,18.5,2.41,"TIC 50743469|HIP 25930|2MASS J05320040-0017566|SBC9 331|1E 052926+0020.0|2E  1293|ADS  4134 A|AG-00  648|BD-00   983|CEL    764|CGO  92|CSI-00   983  3|CSI-00   983  1|FK5  206|GC  6847|GCRV  3361|GEN# +1.00036486A|GSC 04766-02445|HD  36486|HGAM    419|HIC  25930|HR  1852|IDS 05269-0022 A|IRAS 05294-0020|JP11  1136|MCW  324|N30 1185|PMC 90-93   149|PPM 175888|ROT   839|SAO 132220|SBC7   233|SKY#  8880|UBV   21591|UBV M  11108|UBV   21590|V* del Ori|WH 141|ALS 14779|1ES 0529-00.3|2E 0529.4-0019|EUVE J0532-00.2|Gaia DR3 3220756843825383936|1RXS J053200.8-001755|WDS J05320-0018Aa,Ab|WDS J05320-0018A|** HEI   42|** STF 4014A|PMSC 05269-0022A|NAME Mintaka|* del Ori|*  34 Ori|WEB  5041|* del01 Ori"
"HIP 25985","* alf Lep",83.18256716166667,-17.82228927222222,"*","F0Ib",1.47,0.14,3.56,1.18,25.1,2.57,"TIC 46312112|HIP 25985|2MASS J05324381-1749198|PLX 1265|*  11 Lep|* alf Lep|ADS  4146 A|BD-17  1166|CCDM J05327-1750A|CSI-17  1166  1|FK5  207|GC  6875|GCRV  3373|GEN# +1.00036673|GSC 05920-01685|HD  36673|HD  36673A|HIC  25985|HR  1865|IRAS 05305-1751|IRC -20073|JP11  1156|N30 1189|NSV  2128|PMC 90-93   150|PPM 215925|RAFGL  771|ROT   853|SACS 123|SAO 150547|SKY#  8903|TD1  4854|TYC 5920-1685-1|UBV    5395|UBV M  11148|uvby98 100036673|PLX 1265.00|WDS J05327-1749A|NAME Arneb|WEB  5055|Gaia DR2 2971266110610441856"
"HIP 26069","* bet Dor",83.40631655411,-62.48982679379999,"cC*","F8/G0Ib",2.9308,0.1391,-0.611,12.95,7.06,3.76,"TIC 149346418|HIP 26069|Gaia DR3 4757601523650165120|2MASS J05333753-6229232|PLX 1288|* bet Dor|AAVSO 0532-62|CD-62   214|CPC 20.1  1271|CPD-62   487|FK5  212|GC  6944|GCRV  3440|GEN# +1.00037350|GSC 08883-01641|HD  37350|HIC  26069|HR  1922|IRAS 05331-6231|JP11  1194|N30 1203|PPM 354837|ROT   892|SAO 249311|SKY#  8943|SV* HV  4010|TD1  5025|TYC 8883-1641-1|V* bet Dor|PLX 1288.00|uvby98 100037350|WEB  5075|Gaia DR2 4757601523650165120"
"HIP 26207","* lam Ori",83.78449002103218,9.934155874166667,"**","O8IIIf+B0.5V",2.97,0.55,-0.34,-2.94,30.1,3.66,"TIC 436103278|HIP 26207|PLX 1271|* lam Ori|ADS  4179 AB|AG+09  550|BD+09   879|CCDM J05351+0956AB|CSI+09   879  2|CSV 100542|GC  6915|HIC  26207|IDS 05296+0952 AB|PPM 149166|SAO 112921|UBV    5449|EUVE J0535+09.9|WDS J05351+0956AB|** STF  738AB|2MASS J05350831+0956036|AAVSO 0529+09|NSV  2240|NAME Heka|NAME Meissa|uvby98 100036861|GEN# +1.00036861"
"HIP 26311","* eps Ori",84.05338894077023,-1.2019191358333312,"s*b","B0Ia",1.65,0.45,1.44,-0.78,27.3,1.69,"TIC 427451176|1RXS J053619.2-011312|HIP 26311|2MASS J05361280-0112070|PLX 1283|* eps Ori|*  46 Ori|2E  1411|AG-01  596|BD-01   969|CCDM J05363-0112A|CEL    852|CSI-01   969  1|EM* MWC  504|FK5  210|GC  6960|GCRV  3454|GEN# +1.00037128|HD  37128|HGAM    449|HIC  26311|HR  1903|IDS 05311-0116 A|IRAS 05336-0113|IRC +00079|JP11  1181|MCW  342|N30 1204|NAME Alnilam|PMC 90-93   151|PPM 175945|RAFGL 4428S|ROT   885|SAO 132346|SKY#  9067|TD1  4963|UBV    5563|UBV M  11224|V* eps Ori|WH 328|[HFE83]  386|[SC93b] 326|ALS 14791|PLX 1283.00|1E 0533.6-0113|1RXS J053612.8-011201|2E 0533.6-0113|EUVE J0536-01.1|[KSP2003] J053612.85-011208.3|WDS J05362-0112A|TYC 4766-2450-1|Ced  55h|uvby98 100037128|WEB  5173"
"HIP 26451","* zet Tau",84.41118926291666,21.14254411222222,"Be*","B1IVe_shell",7.33,0.82,1.78,-20.07,20.0,3.03,"TIC 19704573|HIP 26451|Gaia DR3 3402918982515591168|SRGA J053739.1+210826|2MASS J05373868+2108331|PLX 1286|SBC9 344|[JE82]  175|* zet Tau|* 123 Tau|2E  1440|AAVSO 0531+21|AG+21  543|ALS  8464|BD+21   908|CEL    864|CSV    633|EM* MWC  115|FK5  211|GC  6985|GCRV  3468|HD  37202|HGAM    452|HIC  26451|HR  1910|IRAS 05346+2106|IRC +20113|JP11  1187|LS   V +21   11|N30 1208|PMC 90-93   152|PPM  94584|ROT   888|SAO  77336|SBC7   243|SKY#  9126|SRS  30211|SV* ZI   454|TD1  4980|UBV    5591|UBV M  11238|V* zet Tau|[KW97] 23-48|PLX 1286.00|2E 0534.6+2106|TYC 1310-2697-1|SWIFT J0537.5+2106|AKARI-FIS-V1 J0537385+210834|GEN# +1.00037202|uvby98 100037202|NAME-IAU Tianguan|WEB  5213"
"HIP 26634","* alf Col",84.91225429958334,-34.07410971972223,"Be*","B9Ve",11.4008,0.4452,1.685,-24.345,35.0,2.65,"TIC 140214221|Gaia DR3 2900546759663847168|HIP 26634|2MASS J05393893-3404268|PLX 1303|[JE82]  180|* alf Col|CCDM J05396-3404A|CD-34  2375|CPC 17  2278|CPD-34   703|CSI-34  2375 21|CSV 100672|EM* MWC  119|FK5  215|GC  7078|GCRV  3510|GEN# +1.00037795|HD  37795|HIC  26634|HR  1956|Hen 3-8|IDS 05360-3408 A|IRAS 05378-3405|JP11  1225|N30 1218|NSV  2549|PMC 90-93   153|PPM 281732|RAFGL 4436S|ROT   912|SAO 196059|SKY#  9213|SRS  30215|TD1  5142|UBV    5798|UBV M  11378|uvby98 100037795|ALS 15072|SV* ZI   476|PLX 1303.00|WDS J05396-3404A|TYC 7064-1357-1|NAME Phact|WEB  5251"
"HIP 26727","* zet Ori",85.18969442793068,-1.9425735859722049,"**","O9.7Ib+B0III",4.43,0.64,3.19,2.03,18.5,1.77,"TIC 11360636|HIP 26727|* zet Ori|*  50 Ori|2E  1500|AAVSO 0535-02|ADS  4263 AB|BD-02  1338|CCDM J05408-0156AB|CSI-02  1338  4|GSC 04771-01188|HIC  26727|IRC +00081|JP11  1219|NAME Alnitak|PPM 400076|UBV    5783|XSS J05421-0225|PLX 1301.00|PLX 1301|1ES 0538-01.9|1RXS J054045.4-015631|2E 0538.2-0157|EUVE J0540-01.9|[KSP2003] J054045.31-015636.8|2MASS J05404553-0156336|WDS J05407-0157AB|** STF  774AB|AKARI-IRC-V1 J0540454-015633|IRAS 05381-0158|HGAM    467|SKY#  9258|[HJ56]  71|CEL    921|EM* MWC  509|ROT   907|TD1  5127|GC  7089|MCW  349|SAO 132444|WH 460|[YKK2000] B2|uvby98 100037742|GEN# +1.00037742"
"HIP 27072","* gam Lep",86.115794237325,-22.448385487848334,"PM*","F6V",112.296,0.1452,-291.757,-368.521,-9.199,3.6,"GJ 216 A|HIP 27072|Gaia DR3 2964000159821218432|PLX 1316|* gam Lep|*  13 Lep|ADS  4334 A|BD-22  1211|CNS5 1427|CCDM J05445-2226A|CD-22  2438|CPD-22   886|Ci 20  350|FK5  217|GC  7197|GCRV  3567|GEN# +1.00038393|HD  38393|HIC  27072|HR  1983|IRC -20078|JP11  1252|LTT  2364|N30 1232|NLTT 15560|PMC 90-93   155|PPM 249307|ROT   920|SAO 170759|SKY#  9411|SRS  30217|TD1  5288|UBV    5897|YZ 112  2927|Zkh  74|uvby98 100038393|WDS J05445-2227A|TYC 5930-2197-1|AKARI-IRC-V1 J0544276-222657|IRAS 05423-2228|IRAS F05423-2228|WISE J054427.84-222658.3|2MASS J05442780-2226538|WISEA J054427.57-222657.9|WEB  5328|Gaia DR2 2964000159820118400|TIC 93280676"
"HIP 27100","* del Dor",86.19320831979958,-65.73549809975806,"*","A7V",21.872,0.1017,-29.111,4.966,-8.3,4.36,"TIC 149542947|HIP 27100|PLX 1337|* del Dor|2MASS J05444639-6544079|2MASSI J0544464-654407|CPC 21  1050|CPD-65   496|FK5 1154|GC  7246|GCRV  3590|GEN# +1.00039014|HD  39014|HIC  27100|HR  2015|IRAS 05446-6545|JP11  1267|LI-LMC 1644|MSX LMC 1422|N30 1239|PPM 354937|ROT   933|SAO 249346|SKY#  9423|TD1  5432|UBV    5948|UBV M  11534|[HP99]   157|[SHP2000] LMC 356|uvby98 100039014|PLX 1337.00|SSTISAGEMC J054446.33-654407.8|TYC 8904-1522-1|WEB  5333|Gaia DR2 4660016396371388672|Gaia DR3 4660016396371388672|eRASSt J054446.3-654408"
"HIP 27288","* zet Lep",86.73892235277415,-14.82195015846389,"*","A2IV-V(n)",44.794,0.2466,-14.203,-0.776,24.7,3.525,"TIC 317132886|GJ 217.1|GJ 9190|HIP 27288|2MASS J05465735-1449189|PLX 1326|* zet Lep|*  14 Lep|BD-14  1232|CNS5 1435|FK5  219|GC  7247|GCRV  3591|GEN# +1.00038678|GSC 05359-01778|HD  38678|HIC  27288|HR  1998|IRAS 05446-1450|JP11  1259|N30 1240|PMC 90-93   157|PPM 216268|ROT   925|SACS 125|SAO 150801|SKY#  9500|TD1  5348|TYC 5359-1778-1|UBV    5925|UBV M  11498|YZ 104  1761|uvby98 100038678|PLX 1326.00|WEB  5364|Gaia DR2 2996171698248345984|Gaia DR3 2996171698248699904|UCAC4 376-009566|WISE J054657.41-144918.8"
"HIP 27321","* bet Pic",86.82119870875,-51.066511426388885,"PM*","A6V",50.9307,0.1482,5.16,84.041,16.84,3.86,"TIC 270577175|WISEA J054717.10-510358.4|Gaia DR3 4792774797545800832|GJ 219|GJ 219.0|HIP 27321|PLX 1339|* bet Pic|CD-51  1620|CPC  0  3123|CPD-51   774|GC  7287|GCRV  3614|GEN# +1.00039060|GSC 08099-01392|HD  39060|HIC  27321|HR  2020|IRAS 05460-5104|JP11  1271|CNS5 1437|PPM 334622|ROT   934|SAO 234134|SKY#  9519|TD1  5440|TYC 8099-1392-1|UBV    5954|UBV M  11539|[DML87] 189|uvby98 100039060|Gaia DR2 4792774797545105664|JCMTSE J054716.8-510356|PLX 1339.00|PSCz P05460-5104|Renson 10480|2MASS J05471708-5103594|AKARI-IRC-V1 J0547170-510359|WISE J054717.01-510357.5|WEB  5372|JCMTSF J054716.8-510402"
"HIP 27366","* kap Ori",86.93912016833333,-9.66960491861111,"s*b","B0.5Ia",5.04,0.22,1.46,-1.28,20.5,2.06,"EUVE J0547-09.6|TIC 66651575|HIP 27366|Gaia DR3 3011968416163350272|2MASS J05474538-0940105|PLX 1330|*  53 Ori|* kap Ori|2E  1562|AAVSO 0543-09|BD-09  1235|CEL    976|CSV 100683|FK5  220|GC  7264|GCRV  3603|GEN# +1.00038771|GSC 05351-00760|HD  38771|HGAM    477|HIC  27366|HR  2004|IRAS 05453-0941|IRC -10098|JP11  1262|KMS 121|MCW  363|N30 1242|NAME Saiph|NSV  2641|PMC 90-93   158|PPM 188455|ROT   929|SAO 132542|SKY#  9544|SV* ZI   484|TD1  5371|TYC 5351-760-1|UBV    5932|UBV M  11510|WH 507|[HFE83]  401|[SC93b] 444|uvby98 100038771|ALS 14795|PLX 1330.00|1E 0545.4-0940|1RXS J054745.2-094013|2E 0545.3-0941|WEB  5378"
"HIP 27530","* gam Pic",87.45691693656126,-56.16666602259251,"PM*","K1III",17.5764,0.1536,82.364,-72.852,17.29,4.494,"TIC 350619228|Gaia DR3 4767368897757788288|HIP 27530|PLX 1352|* gam Pic|CPC 20  1432|CPD-56   946|FK5 1156|GC  7353|GCRV  3640|GEN# +1.00039523|GSC 08524-01280|HD  39523|HIC  27530|HR  2042|IRAS 05489-5610|JP11  1277|N30 1252|PPM 334652|SACS 126|SAO 234154|1RXS J054949.7-561004|2MASS J05494964-5610001|Gaia DR2 4767368897757788288|SKY#  9610|TD1  5536|TYC 8524-1280-1|UBV    5992|UBV M  11580|PLX 1352.00|WEB  5406"
"HIP 27628","* bet Col",87.73996785288541,-35.76830962121,"PM*","K1III_CN+1",36.9038,0.1345,54.452,404.6,89.4,3.12,"TIC 100725142|HIP 27628|Gaia DR3 2887731882922767744|2MASS J05505760-3546062|PLX 1350|* bet Col|CD-35  2546|CPC 18  2147|CPD-35   752|Ci 20  355|FK5  223|GC  7364|GCRV  3644|GEN# +1.00039425|HD  39425|HIC  27628|HR  2040|IRAS 05491-3546|JP11  1276|LTT  2392|N30 1254|NLTT 15724|PMC 90-93   161|PPM 281952|RAFGL  829|SACS 128|SAO 196240|SKY#  9650|SRS  30223|TD1  5520|UBV    5986|UBV M  11574|uvby98 100039425|PLX 1350.00|TYC 7069-1482-1|NAME Wazn|WEB  5427|Gaia DR2 2887731882922142848"
"HIP 27654","* del Lep",87.83040011603666,-20.87909184884028,"PM*","K0IIIbFe-1.5CH0.5",28.4234,0.169,229.027,-647.93,101.76,3.85,"TIC 33474500|HIP 27654|Gaia DR3 2965792913525710976|2MASS J05511928-2052440|PLX 1346|* del Lep|*  15 Lep|BD-20  1211|Ci 20  354|FK5  222|GC  7362|GCRV  3642|GEN# +1.00039364|HD  39364|HIC  27654|HR  2035|IRAS 05491-2053|IRC -20081|JP11  1275|LFT  436|LHS  1792|LPM 221|LTT  2391|N30 1253|NLTT 15722|PM 05492-2053|PMC 90-93   160|PPM 249494|RAFGL  828|ROT   940|SACS 129|SAO 170926|SKY#  9658|SRS  30222|TD1  5505|TYC 5930-2195-1|UBV    5980|UBV M  11564|YZ 110  1960|uvby98 100039364|PLX 1346.00|RAVE J055119.3-205245|WEB  5429|Gaia DR2 2965792913525711104"
"HIP 27890","*  36 Dor",88.52522743824083,-63.08978028735111,"PM*","K2III-IV",36.5981,0.0924,148.129,550.143,26.33,4.66,"TIC 374860864|GJ 224.1|GJ 9194|HIP 27890|Gaia DR3 4756622820871136640|2MASS J05540606-6305230|PLX 1380|CD-63   218|CPC 20.1  1365|CPD-63   498|Ci 20  360|FK5 2452|GC  7477|GCRV  3693|GEN# +1.00040409|GSC 08896-01535|HD  40409|HIC  27890|HR  2102|JP11  1297|LFT  442|LHS  1796|LPM 225|LTT  2413|NLTT 15831|PM 05537-6306|PPM 355062|SAO 249390|SKY#  9752|TD1  5725|TYC 8896-1535-1|UBV    6070|UBV M  11672|uvby98 100040409|PLX 1380.00|IRAS 05537-6305|AKARI-IRC-V1 J0554063-630519|WEB  5460|Gaia DR2 4756622820862118528|*  36 Dor"
"HIP 27913","* chi01 Ori",88.59576245541668,20.276172788333334,"SB*","G0V",115.43,0.27,-162.54,-99.51,5.7,4.4,"TIC 114776214|GJ 222|HIP 27913|PLX 1354|SBC9 1535|LSPM J0554+2016|ASCC  755242|2MASS J05542300+2016344|USNO-B1.0 1102-00091548|* chi01 Ori|*  54 Ori|2E  1584|2RE J055423+201637|2RE J0554+201|AG+20  592|BD+20  1162|CNS5 1464|GAT 1261|GC  7419|GCRV  3663|GEN# +1.00039587|GSC 01320-02118|HD  39587|HIC  27913|HR  2047|IRAS 05514+2016|IRC +20126|JP11  1278|LTT 11743|NLTT 15782|PPM  95062|RE J0554+201|RE J055423+201609|ROT   942|SAO  77705|SKY#  9763|SPOCS  288|TD1  5547|TYC 1320-2118-1|UBV M  11584|UBV    6000|USNO 815|V* chi01 Ori|YZ  20  2042|Zkh  78|Zkh  79|PLX 1354.00|1RXS J055423.4+201630|2E 0551.4+2016|2EUVE J0554+20.2|EUVE J0554+20.2|uvby98 100039587|WEB  5465|Gaia DR2 3399063235753901952|WISE J055422.93+201634.9|Gaia DR3 3399063235755057792"
"HIP 27989","* alf Ori",88.79293899077537,7.407063995272694,"s*r","M1-M2Ia-Iab",6.55,0.83,27.54,11.3,21.91,0.42,"TIC 269273552|GEN# +1.00039801|HIP 27989|2MASS J05551028+0724255|PLX 1362|*  58 Ori|* alf Ori|AAVSO 0549+07|ADS  4506 AP|AG+07  681|BD+07  1055|CCDM J05552+0724AP|CSI+07  1055  1|EIC   108|FK5  224|GC  7451|GCRV  3679|GSC 00129-01873|HD  39801|HIC  27989|HR  2061|IRAS 05524+0723|IRC +10100|JP11  1282|N30 1266|NAME Betelgeuse|PMC 90-93   162|PPM 149643|RAFGL  836|SAO 113271|SKY#  9804|TD1  5587|TYC  129-1873-1|UBV   21314|V* alf Ori|YZ   7  2503|[LFO93] 0552+07|JCMTSE J055510.1+072426|PLX 1362.00|JCMTSF J055510.1+072426|WDS J05552+0724Aa,Ab|** H  639A|WDS J05552+0724Aa,Ac|WDS J05552+0724A|** KAR    1|WEB  5485"
"HIP 28103","* eta Lep",89.10122287687543,-14.167699537670277,"PM*","F2V",66.8573,0.1759,-41.474,139.222,-2.14,3.72,"TIC 317721019|GJ 225|HIP 28103|Gaia DR3 2995725777563537792|2MASS J05562429-1410036|PLX 1370|* eta Lep|*  16 Lep|1RXS J055624.0-140957|2E  1592|2RE J0556-141|2RE J055624-141038|BD-14  1286|CNS5 1474|FK5  226|GC  7492|GCRV  3702|GEN# +1.00040136|GSC 05360-01370|HD  40136|HIC  28103|HR  2085|IRC -10102|JP11  1290|N30 1271|PMC 90-93   164|PPM 216474|ROT   950|SACS 131|SAO 150957|SKY#  9843|TD1  5660|TYC 5360-1370-1|UBV    6050|UBV M  11647|YZ 104  1837|uvby98 100040136|PLX 1370.00|2E 0554.1-1410|EUVE J0556-14.1|IRAS 05541-1410|AKARI-IRC-V1 J0556242-141002|WEB  5500|Gaia DR2 2995725777561177472"
"HIP 28199","* gam Col",89.38420856924667,-35.28328098648139,"Pu*","B2.5IV",3.0918,0.1241,-2.652,10.218,24.2,4.36,"TIC 143108992|Gaia DR3 2887631548188825600|HIP 28199|2MASS J05573221-3516596|* gam Col|CCDM J05575-3517A|CD-35  2612|CPC 18  2201|CPD-35   780|CSI-35  2612 21|FK5 1160|GC  7536|GCRV  3725|GEN# +1.00040494A|GSC 07066-02024|HD  40494|HIC  28199|HR  2106|IDS 05540-3518 A|JP11  1298|N30 1277|PMC 90-93   777|PPM 282087|ROT  6895|SAO 196352|SKY#  9883|SRS  31160|TD1  5746|TYC 7066-2024-1|UBV    6080|UBV M  11680|uvby98 100040494 A|ALS 14860|WDS J05575-3517A|IRAS 05557-3517|AKARI-IRC-V1 J0557321-351659|WEB  5518|Gaia DR2 2887631548188825600"
"HIP 28328","* eta Col",89.78668786934041,-42.815132310185554,"*","G8/K1II",7.4021,0.1207,18.897,-11.038,17.0,3.96,"TIC 180976053|HIP 28328|Gaia DR3 4803692295174064256|2MASS J05590881-4248545|PLX 1389|* eta Col|CD-42  2266|CPC  0  3250|CPD-42   792|FK5  229|GC  7591|GCRV  3749|GEN# +1.00040808|GSC 07606-00989|HD  40808|HIC  28328|HR  2120|IRAS 05576-4249|JP11  1303|N30 1286|PPM 310277|SACS 132|SAO 217650|SKY#  9935|TD1  5821|TYC 7606-989-1|UBV    6103|UBV M  11705|PLX 1389.00|WEB  5538|Gaia DR2 4803692295174064256"
"HIP 28360","* bet Aur",89.88217886833333,44.94743257194444,"SB*","A1IV-Vp",40.21,0.23,-56.44,-0.95,-15.75,1.9,"TIC 440388263|** H   88A|** KOE    1|GJ 3375|HIP 28360|2MASS J05593172+4456508|PLX 1373|SBC9 366|* bet Aur|*  34 Aur|ADS  4556 A|AG+44  608|BD+44  1328|CCDM J05596+4457A|CSI+44  1328  1|CNS5 1489|FK5  227|GC  7543|GCRV  3730|GEN# +1.00040183|GSC 02924-02742|HD  40183|HGAM    489|HIC  28360|HR  2088|IDS 05522+4456 A|IRAS 05558+4456|IRC +40148|JP11  1292|N30 1278|NAME Menkalinan|PMC 90-93   165|PPM  48617|ROT   951|SAO  40750|SBC7   256|SKY#  9950|TD1  5675|TYC 2924-2742-1|UBV   21477|UBV M  11650|V* bet Aur|WDS J05595+4457Aa,Ab|Renson 10720|uvby98 100040183|WEB  5543|Gaia DR2 196656661174768512"
"HIP 28380","* tet Aur",89.93029217610834,37.21258462923103,"a2*","A0VpSi",19.7,0.16,43.63,-73.79,29.3,2.62,"TIC 174671483|ADS  4566 A|GEN# +1.00040312|WDS J05597+3713A|uvby98 100040312|CCDM J05597+3713A|** STT  545A|HIP 28380|PLX 1377|* tet Aur|*  37 Aur|AG+37  668|BD+37  1380|CSI+37  1380  1|CSI+37  1380  4|CSV 100704|GC  7557|GCRV  3735|HD  40312|HGAM    490|HIC  28380|HR  2095|IDS 05529+3712 A|IRC +40150|JP11  1295|PPM  71083|ROT   954|SAO  58636|SKY#  9958|SV* ZI   496|TD1  5708|UBV    6064|UBV M  11661|V* tet Aur|PLX 1377.00|TYC 2418-1573-1|Renson 10750|BD+37  1380A|1RXS J055943.0+371251|2MASS J05594324+3712452|CCDM J05597+3713AB|IRAS 05563+3712|AKARI-IRC-V1 J0559432+371245|NAME Mahasim|GCRV  3736|WEB  5547|WEB  5548"
"HIP 28614","* mu. Ori",90.59581950434398,9.647272789582379,"SB*","A1Vm+F2V",21.05,0.68,10.43,-39.09,0.0,,"TIC 140601757|GEN# +5.20250169|IDS 05569+0939 AB|HIP 28614|PLX 1393|SBC9 374|SBC9 2544|* mu. Ori|*  61 Ori|2E  1596|ADS  4617 AB|AG+09  633|BD+09  1064|CCDM J06024+0939AB|CEL   1062|CSI+09  1064  1|CSV   6415|GC  7635|GCRV  3772|HD  40932|HGAM    493|HIC  28614|HR  2124|JP11  4960|N30 1295|NSV  2792|PPM 149808|ROT   963|SAO 113389|SBC7   263|SKY# 10054|TD1  5856|UBV    6112|YZ   9  2577|Cl Melotte   25   169|Cl Melotte   25  1692|PLX 1393.00|1RXS J060222.9+093854|2E 0559.6+0939|Gaia DR3 3329650894896257024|WISE J060223.03+093850.0|2MASS J06022301+0938503|WDS J06024+0939AB|** A 2715|PMSC 05569+0939|uvby98 520250169|WEB  5590|WEB  5591|Gaia DR2 3329650894894946816"
"HIP 28691","*  64 Ori",90.86401642466,19.69056282255,"SB*","B8V",3.8145,0.2468,8.132,-19.675,12.61,5.13,"TIC 238507141|HIP 28691|Gaia DR3 3374718330328109440|2MASS J06032736+1941258|SBC9 376|SBC9 375|SBC9 2169|*  64 Ori|AG+19  526|BD+19  1186|CEL   1064|CSV 100710|GC  7662|GCRV  3789|GEN# +1.00041040|GSC 01321-01516|HD  41040|HIC  28691|HR  2130|NSV  2803|PPM 121825|ROT   965|SAO  95166|SKY# 10093|SV* ZI   505|TD1  5883|TYC 1321-1516-1|UBV    6128|UBV M  11724|YPAC 126|YZ  19  1869|uvby98 100041040|ALS 16384|WDS J06035+1941AB|** MCA   24|WEB  5613|WEB  5614|Gaia DR2 3374718330328109440"
"HIP 28734","*   1 Gem",91.03006433050544,23.26334447236106,"**","G5III",21.03,0.9,-1.61,-118.33,22.39,4.15,"TIC 238551664|IDS 05581+2316 AB|HIP 28734|** KUI   23|Gaia DR3 3424609014036545920|2MASS J06040720+2315481|PLX 1398|SBC9 377|*   1 Gem|2E 0601.0+2316|2E  1599|AAVSO 0558+23|AG+23  596|BD+23  1170|CCDM J06041+2316AB|CSI+23  1170  1|FK5 1163|GC  7676|GCRV  3801|GSC 01864-02011|HD  41116|HIC  28734|HR  2134|IDS 05580+2316 AB|IRAS 06011+2316|IRC +20131|JP11  1305|N30 1300|NSV 16765|PMC 90-93   780|PPM  95324|SAO  77915|SBC7   264|SKY# 10109|SRS  31163|TD1  5900|TYC 1864-2011-1|UBV    6132|YPAC  26|YZ  23  2151|[HFE83]  422|[M67b] +23 419|PLX 1398.00|1RXS J060410.1+231503|2EUVE J0604+23.2|EUVE J0604+23.2|WDS J06041+2316AB|WEB  5621|GEN# +1.00041116|Gaia DR2 3424609014035659904"
"HIP 28910","* tet Lep",91.53884947064,-14.93525538716,"*","A0V",19.4991,0.117,-17.005,13.152,28.03,4.663,"TIC 306476702|HIP 28910|Gaia DR3 2993876570803825664|2MASS J06060931-1456069|PLX 1409|* tet Lep|*  18 Lep|BD-14  1331|FK5 2466|GC  7742|GCRV  3838|GEN# +1.00041695|GSC 05361-01758|HD  41695|HIC  28910|HR  2155|IRAS 06038-1455|JP11  1316|N30 1305|PPM 216709|ROT   978|SAO 151110|SKY# 10180|TD1  6068|TYC 5361-1758-1|UBV    6175|UBV M  11771|YZ 104  1904|uvby98 100041695|PLX 1409.00|WEB  5659|Gaia DR2 2993876570803825664"
"HIP 29038","* nu. Ori",91.8930213474954,14.768475205429999,"SB*","B3IV",5.4034,0.2065,7.916,-20.936,24.1,4.397,"TIC 151464886|HIP 29038|Gaia DR3 3345317492480532352|2MASS J06073432+1446064|PLX 1412|SBC9 381|*  67 Ori|* nu. Ori|AG+14  597|BD+14  1152|FK5  232|GC  7772|GCRV  3851|GEN# +1.00041753|GSC 00729-01980|HD  41753|HGAM    501|HIC  29038|HR  2159|JP11  1318|N30 1313|PMC 90-93   167|PPM 121940|ROT   979|SAO  95259|SBC7   267|SKY# 10250|SRS  30232|TD1  6083|TYC  729-1980-1|UBV    6179|UBV M  11775|[SC93]  41|uvby98 100041753|ALS 16726|PLX 1412.00|IRAS 06047+1446|AKARI-IRC-V1 J0607342+144606|WEB  5687|Gaia DR2 3345317492480532352"
"HIP 29151","HD  42111",92.24126552976,2.49969033346,"*","B9V",5.6327,0.0694,-1.057,-15.444,21.67,5.73,"TIC 232289244|WISEA J060857.86+022958.8|HIP 29151|Gaia DR3 3315414006017650432|2MASS J06085790+0229589|ADS  4749 A|AG+02  681|BD+02  1139|CCDM J06090+0230A|CSI+02  1139  1|GC  7817|GCRV  3871|GEN# +1.00042111A|GSC 00135-01616|HD  42111|HIC  29151|HR  2174|IDS 06038+0231 A|JP11  1328|PPM 149973|ROT   985|SAO 113507|SKY# 10302|TYC  135-1616-1|UBV    6202|UBV M  11802|YPAC 407|YZ   2  2041|uvby98 100042111 A|1RXS J060857.0+022956|WDS J06090+0230A|Gaia DR1 3315414001722132224|WEB  5717|Gaia DR2 3315414006017650432|IRAS 06063+0230|AKARI-IRC-V1 J0608578+022958|WISE J060857.90+022958.8|** STF  855A"
"HIP 29426","* ksi Ori",92.9849877025175,14.208767263474169,"SB*","B3IV",4.5235,0.1736,1.006,-19.929,19.3,4.48,"TIC 294308920|HIP 29426|Gaia DR3 3344466195602497536|2MASS J06115639+1412315|PLX 1429|SBC9 384|* ksi Ori|*  70 Ori|AG+14  606|BD+14  1187|CCDM J06119+1412A|CEL   1115|CSI+14  1187  1|GC  7889|GCRV  3911|GEN# +1.00042560|GSC 00742-02472|HD  42560|HGAM    512|HIC  29426|HR  2199|IDS 06063+1415 A|JP11  1337|LF  8 +14   98|N30 1328|PPM 122068|ROT   992|SAO  95362|SKY# 10440|TD1  6305|TYC  742-2472-1|UBV    6236|UBV M  11847|[SC93]  71|uvby98 100042560|ALS 16799|PLX 1429.00|WDS J06119+1413A|IRAS 06090+1413|AKARI-IRC-V1 J0611564+141231|WEB  5777|Gaia DR2 3344466195602497536"
"HIP 29651","* gam Mon",93.71388839009543,-6.274776778696667,"*","K1III:",5.1056,0.1774,-5.601,-18.662,-4.8,3.96,"TIC 143078253|WISEA J061451.33-061629.3|IDS 06100-0615 A|HIP 29651|Gaia DR3 3019816764523863552|2MASS J06145132-0616290|PLX 1452|* gam Mon|*   5 Mon|ADS  4853 A|BD-06  1469|CCDM J06149-0616A|CSI-06  1469  1|FK5 2475|GC  7986|GCRV  3949|GEN# +1.00043232|GSC 04795-01769|HD  43232|HIC  29651|HR  2227|IRC -10113|JP11  1345|N30 1341|PPM 188954|SACS 138|SAO 133012|SKY# 10537|TD1  6514|TYC 4795-1769-1|UBV    6288|UBV M  11907|YZ  96  1859|[L91b]  87|PLX 1452.00|WDS J06149-0617A|IRAS 06124-0615|AKARI-IRC-V1 J0614513-061628|WISE J061451.43-061628.9|WEB  5841|Gaia DR2 3019816764523218304"
"HIP 29655","* eta Gem",93.71935536055373,22.506787327170834,"RG*","M2IIIa",4.7312,1.0207,-59.53,-7.766,22.39,3.28,"TIC 46117984|4XMM J061452.5+223020|HIP 29655|Gaia DR3 3377072212924335488|2MASS J06145266+2230244|PLX 1444|* eta Gem|*   7 Gem|2E  1623|AAVSO 0608+22|AG+22  665|BD+22  1241|DO 12034|GC  7969|GCRV  3940|GSC 01877-01716|HD  42995|HIC  29655|HR  2216|IRAS 06118+2231|IRC +20139|JP11  1342|N30 1337|PMC 90-93  5710|PPM  95649|RAFGL 4478S|SAO  78135|SKY# 10538|TD1  6430|UBV   21376|UBV M  11886|V* eta Gem|YPAC 413|YZ  22  2261|PLX 1444.00|2E 0611.8+2231|PMSC 06088+2232|NAME Propus|WEB  5839|GEN# +1.00042995|ADS  4841 A|IDS 06088+2232 A|SBC7   271|SBC9 387|* eta Gem A|*   7 Gem A|** BU 1008A|BD+22  1241A|CCDM J06149+2230A|HD  42995A|WDS J06149+2230A|TYC 1877-1716-1|Gaia DR2 3377072212925223424"
"HIP 29807","* kap Col",94.13806452051917,-35.14051510013389,"PM*","G9IIIbCN0.5",17.3842,0.0832,0.614,87.903,23.2,4.37,"TIC 124751941|Gaia DR3 2885572407726698880|HIP 29807|1RXS J061633.4-350823|* kap Col|PLX 1466|CD-35  2800|CPC 18  2343|CPD-35   877|CSV   6438|FK5  238|GC  8062|GCRV  3981|GEN# +1.00043785|GSC 07080-02123|HD  43785|HIC  29807|HR  2256|IRAS 06147-3507|JP11  1359|N30 1354|NSV  2897|PMC 90-93   171|PPM 282461|SAO 196643|SKY# 10611|SRS  30238|TD1  6672|TYC 7080-2123-1|UBV    6332|UBV M  11958|PLX 1466.00|2MASS J06163313-3508257|WEB  5890|Gaia DR2 2885572407726052864"
"HIP 30060","*   2 Lyn",94.90571929954999,59.010981002848894,"EB*","A2Vs",20.4686,0.8033,-4.644,24.666,-1.55,4.434,"TIC 322679290|Gaia DR3 1004671160675810816|HIP 30060|2MASS J06193737+5900394|PLX 1458|*   2 Lyn|AG+59  529|BD+59   959|CSV 102500|FK5  237|GC  8068|GCRV  3986|GEN# +1.00043378|GSC 03776-02465|HD  43378|HIC  30060|HR  2238|IRAS 06151+5901|JP11  1349|N30 1355|NSV  2902|PMC 90-93   170|PPM  30362|ROT  1006|SAO  25665|SKY# 10745|TD1  6554|TYC 3776-2465-1|UBV    6299|UBV M  11925|V* UZ Lyn|YZ  59  4427|PLX 1458.00|uvby98 100043378|WEB  5976|Gaia DR2 1004671160675133312"
"HIP 30122","* zet CMa",95.07830016583333,-30.063366733888888,"Ce*","B2.5V",9.0,0.13,7.32,4.03,32.2,2.99,"TIC 124918771|HIP 30122|Gaia DR3 2896572746685604480|PLX 1474|SBC9 395|*   1 CMa|* zet CMa|CCDM J06203-3003A|CD-30  3038|CEL   1191|CPC 17  2668|CPD-30  1217|FK5  240|GC  8170|GCRV  4030|GEN# +1.00044402|HD  44402|HIC  30122|HR  2282|IDS 06165-3001 A|JP11  1364|N30 1365|NSV  2927|PMC 90-93   172|PPM 282532|ROT  1022|SAO 196698|SBC7   275|SKY# 10777|SRS  30240|TD1  6851|UBV    6372|UBV M  12008|YZ 120  2904|uvby98 100044402|ALS 14865|PLX 1474.00|2MASS J06201879-3003480|WDS J06203-3004A|TYC 7073-2426-1|IRAS 06183-3002|AKARI-IRC-V1 J0620188-300348|NAME Furud|WEB  5991"
"HIP 30277","* del Col",95.5284372868,-33.43639894756,"SB*","G7II",15.049,0.4455,-22.946,-52.045,-2.6,3.85,"TIC 124939805|HIP 30277|Gaia DR3 2891816671700460288|2MASS J06220682-3326110|PLX 1483|SBC9 399|* del Col|CD-33  2927|CPC 17  2691|CPD-33  1122|GC  8214|GCRV  4050|GEN# +1.00044762|GSC 07077-02060|HD  44762|HIC  30277|HR  2296|IRAS 06202-3324|JP11  1377|N30 1375|PPM 282573|RAFGL  924|SAO 196735|SBC7   278|SKY# 10854|SRS  41339|TD1  6956|TYC 7077-2060-1|UBV    6394|UBV M  12039|uvby98 100044762|PLX 1483.00|WEB  6021|Gaia DR2 2891816671699534080|*   3 Col l|*   3 CMa"
"HIP 30324","* bet CMa",95.67493896958332,-17.955918708888888,"bC*","B1II-III",6.62,0.22,-3.23,-0.78,33.7,1.97,"TIC 34590771|HIP 30324|PLX 1481|*   2 CMa|* bet CMa|1RXS J062242.0-175726|2E  1637|2RE J0622-175|2RE J062240-175711|BD-17  1467|CCDM J06227-1757A|CEL   1207|CSI-17  1467  1|FK5  243|GC  8223|GCRV  4051|GEN# +1.00044743|HD  44743|HGAM    524|HIC  30324|HR  2294|IDS 06183-1755 A|IRC -20092|JP11  1375|MCW  426|N30 1376|NAME Mirzam|PMC 90-93   175|PPM 217099|RE J0622-175|RE J062240-175703|ROT  1027|SACS 140|SAO 151428|SKY# 10875|SRS  30243|TD1  6953|UBV    6391|UBV M  12037|V* bet CMa|ALS 15801|PLX 1481.00|2E 0620.5-1755|2EUVE J0622-17.9|EUVE J0622-17.9|RX J0622.7-1757|WDS J06227-1757A|TYC 5938-2918-1|IRAS 06204-1755|AKARI-IRC-V1 J0622419-175721|2MASS J06224199-1757215|uvby98 100044743|WEB  6031"
"HIP 30343","* mu. Gem",95.74011192619564,22.513582745904277,"LP*","M3IIIab",14.08,0.71,56.39,-110.03,54.38,2.87,"TIC 331777607|HIP 30343|Gaia DR3 3377166289889430656|2MASS J06225762+2230490|PLX 1475|*  13 Gem|* mu. Gem|AG+22  693|BD+22  1304|CSI+22  1304  1|CSV    740|DO 12155|FK5  241|GC  8208|GCRV  4046|GEN# +1.00044478|GSC 01878-01429|HD  44478|HIC  30343|HR  2286|IRAS 06199+2232|IRC +20144|JP11  1371|N30 1373|PMC 90-93   173|PPM  95868|RAFGL  922|SAO  78297|SKY# 10888|SRS  30241|SV* P   372|TD1  6876|TYC 1878-1429-1|UBV    6376|UBV M  12013|V* mu. Gem|YPAC  28|YZ  22  2337|[DS98]  78|PLX 1475.00|NAME Tejat|WEB  6038"
"HIP 30419","* eps Mon A",95.94202257163,4.59288236137,"*","A8V(n)",24.0777,0.2691,-15.127,7.701,12.4,4.398,"TIC 319614743|HIP 30419|Gaia DR3 3131481481815810432|PLX 1482|* eps Mon A|*   8 Mon A|ADS  5012 A|AG+04  748|BD+04  1236|CCDM J06237+0436A|CEL   1212|CSI+04  1236  1|FK5  244|GC  8240|GCRV  4062|GEN# +1.00044769A|GSC 00141-02452|HD  44769|HIC  30419|HR  2298|JP11  1378|N30 1380|PMC 90-93   176|PPM 150415|ROT  1028|SAO 113810|SKY# 10927|TYC  141-2452-1|UBV    6396|YZ   4  2149|WDS J06238+0436A|2MASS J06234609+0435339|WEB  6051|Gaia DR2 3131481481815810432"
"HIP 30438","* alf Car",95.98795782918306,-52.69566138386201,"*","A9II",10.55,0.56,19.93,23.24,20.3,-0.74,"TIC 255559489|HIP 30438|2MASS J06235709-5241441|PLX 1497|* alf Car|1AXG J062403-5241|2E  1642|CEL   1228|CPC 19  2125|CPD-52   914|FK5  245|GC  8302|GCRV  4091|GEN# +1.00045348|HD  45348|HIC  30438|HR  2326|IRAS 06228-5240|JP11  1384|N30 1391|NAME Canopus|PPM 335149|ROT  1039|SAO 234480|SKY# 10936|SRS  30245|TD1  7115|UBV    6431|UBV M  12094|uvby98 100045348|PLX 1497.00|1E 0622.8-5239|1ES 0622-52.6|1RXS J062357.2-524139|2E 0622.8-5240|2EUVE J0624-52.6|EUVE J0624-52.6|EXSS 0622.7-5240|TYC 8534-2277-1|WEB  6060"
"HIP 30867","* bet Mon",97.20445710998001,-7.033058368333033,"**","B4Ve+B2Vn(e)+B3V:nne",4.82,1.12,-6.86,-2.76,17.2,3.74,"WISE J062849.06-070158.8|HIP 30867|PLX 1508|HIC  30867|IRAS 06263-0700|ADS  5107 ABC|CSI-06  1574  3|EUVE J0628-07.0|JP11  1390|UBV    6466|uvby98 100045725 ABC|IDS 06240-0658 ABC|* bet Mon|*  11 Mon|** STF  919|CCDM J06288-0702ABC|PMSC 06240-0658|GEN# +1.00045725"
"HIP 30883","* nu. Gem",97.24077555916666,20.212134895555558,"Be*","B6IVe",5.99,0.28,-6.82,-13.1,39.4,4.14,"TIC 46943830|Gaia DR3 3372552842178783616|WISEA J062857.79+201243.6|HIP 30883|2MASS J06285778+2012438|PLX 1505|[JE82]  222|*  18 Gem|* nu. Gem|AAVSO 0623+20B|ADS  5103 A|AG+20  689|ALS  8959|BD+20  1441|CCDM J06290+2013AB|CSI+20  1441  1|EM* MWC  141|FK5 1173|GC  8394|GCRV  4131|HD  45542|HGAM    527|HIC  30883|HR  2343|IDS 06230+2017 AT|IRAS 06259+2014|JP11  1387|LS   V +20   41|N30 1405|PMC 90-93   789|PPM  96047|ROT  1042|SAO  78423|SKY# 11167|SRS  31173|UBV M  12119|UBV    6447|YZ  20  2414|[HFE83]  445|[KW97] 29-8|PLX 1505.00|GSC 01336-01812|UCAC3 221-57323|WDS J06290+2013Aa,Ab|** BTZ    1|PMSC 06230+2016Aab|TYC 1336-1812-1|WISE J062857.79+201243.8|WEB  6154|Gaia DR2 3372552842178783616|WDS J06290+2013A|GEN# +1.00045542"
"HIP 3092","* del And",9.831679638429584,30.86098357599195,"SB*","K3III-IIIbCN0.5",31.5735,0.4546,176.856,-108.171,-9.88,3.28,"TIC 267688613|Gaia DR3 2858629802998456576|HIP 3092|2MASS J00391967+3051397|PLX  108|LSPM J0039+3051|ASCC  550189|SBC9 34|*  31 And|* del And|ADS   548 A|AG+30   64|BD+30    91|CCDM J00393+3052A|CSI+30    91  1|FK5   20|GC   774|GCRV   357|GEN# +1.00003627A|GSC 02275-01753|HD   3627|HIC   3092|HR   165|IDS 00340+3019 A|IRAS 00366+3035|IRAS F00366+3035|IRC +30014|JP11   399|N30  129|NSV 15142|PMC 90-93    14|PPM  65514|RAFGL   94|ROT   120|SAO  54058|SBC7    23|SKY#  1036|SRS  30020|TD1   355|TYC 2275-1753-1|UBV M   7538|UBV     506|USNO 790|YZ  30   378|PLX  108.00|WDS J00393+3052A|PMSC 00340+3018A|PMSC 00340+3018Aab|WEB   551|Gaia DR2 2858629802997462272"
"HIP 31416","* ksi02 CMa",98.76411480246001,-22.964795416690002,"*","A0III",8.0342,0.2216,16.316,16.885,22.11,4.5,"TIC 48096583|HIP 31416|Gaia DR3 2924982684039630080|2MASS J06350338-2257531|PLX 1537|*   5 CMa|* ksi02 CMa|BD-22  1458|CD-22  1458|CD-22  3235|CPD-22  1321|FK5  249|GC  8577|GCRV  4250|GEN# +1.00046933|GSC 06508-02872|HD  46933|HIC  31416|HR  2414|IRAS 06329-2255|JP11  1406|N30 1429|PMC 90-93   180|PPM 250643|ROT  1058|SAO 171982|SKY# 11424|SRS  30249|TD1  7549|TYC 6508-2872-1|UBV    6553|UBV M  12254|YZ 112  3773|uvby98 100046933|PLX 1537.00|WEB  6288|Gaia DR2 2924982684039630080"
"HIP 31592","* nu.02 CMa",99.17099032848041,-19.25588040351555,"PM*","K1.5III-IVFe1",48.849,0.1323,62.66,-69.816,2.57,3.91,"TIC 48237215|GJ 239.1|GJ 9214|HIP 31592|2MASS J06364103-1915210|PLX 1543|* nu.02 CMa|*   7 CMa|BD-19  1502|CNS5 1637|CPD-19  1369|CSV 100752|FK5 2510|GC  8624|GCRV  4275|GEN# +1.00047205|HD  47205|HIC  31592|HR  2429|IRAS 06345-1912|IRC -20096|JP11  1412|NSV  3047|PPM 217422|RAFGL  972|RAFGL  972S|ROT  1065|SACS 145|SAO 151702|SKY# 11505|SV* ZI   543|TD1  7611|UBV    6573|UBV M  12277|YZ 109  2354|uvby98 100047205|Gaia DR2 2939555954747554176|PLX 1543.00|TYC 5956-2621-1|WEB  6324|Gaia DR3 2939555954755196160|UCAC4 354-015020|WISE J063641.15-191523.8"
"HIP 31681","* gam Gem",99.42796042942895,16.399280426663772,"SB*","A1.5IV+",29.84,2.23,13.81,-54.96,-12.63,1.92,"TIC 308056612|HIP 31681|2MASS J06374273+1623574|PLX 1539|SBC9 410|* gam Gem|*  24 Gem|2E  1712|AG+16  651|BD+16  1223|CCDM J06377+1624A|CEL   1322|CSI+16  1223  1|FK5  251|GC  8633|GCRV  4280|GEN# +1.00047105|HD  47105|HGAM    543|HIC  31681|HR  2421|IDS 06319+1629 A|IRC +20154|JP11  1408|N30 1440|NAME Alhena|PMC 90-93   182|PPM 122774|RAFGL  975|ROT  1062|SAO  95912|SKY# 11555|SRS  30251|TD1  7585|UBV    6564|UBV M  12269|[HFE83]  452|[SC93] 321|uvby98 100047105|PLX 1539.00|1E 0634.8+1627|1RXS J063742.7+162356|2E 0634.8+1626|TYC 1329-1746-1|WDS J06377+1624Aa,Ab|IRAS 06348+1626|Renson 12640|AKARI-IRC-V1 J0637427+162356|WEB  6349"
"HIP 31685","* nu. Pup",99.44030260969878,-43.195935686955835,"*","B8III",8.8194,0.2883,-0.537,-3.859,30.9,3.17,"TIC 156934909|HIP 31685|Gaia DR3 5557271829408912896|2MASS J06374567-4311454|* nu. Pup|CD-43  2576|CEL   1337|CPC  0  3742|CPD-43   946|FK5  252|GC  8675|GCRV  4307|GEN# +1.00047670|GSC 07626-02203|HD  47670|HIC  31685|HR  2451|IRAS 06362-4309|JP11  1417|N30 1447|NSV  3062|PPM 310958|ROT  1072|SAO 218071|SKY# 11557|SRS  30252|TD1  7730|TYC 7626-2203-1|UBV    6611|UBV M  12319|[B10]  1702|[CS62] E3  86|uvby98 100047670|ALS 15802|WEB  6354|Gaia DR2 5557271829406006656|NAME-IAU Pipit"
"HIP 3179","* alf Cas",10.126846007691249,56.537329217042775,"PM*","K0-IIIa",14.091,0.4988,49.126,-31.595,-4.204,2.23,"TIC 312141546|IDS 00348+5559 A|HIP 3179|Gaia DR3 418551920284673408|2MASS J00403044+5632145|PLX  114|* alf Cas|*  18 Cas|AAVSO 0034+55|ADS   561 A|AG+56   65|BD+55   139|CCDM J00405+5632A|CSI+55   139  1|FK5   21|GC   792|GCRV   364|GEN# +1.00003712|GSC 03663-02668|HD   3712|HIC   3179|HR   168|IRAS 00376+5615|IRC +60017|JP11   402|N30  133|NAME Schedar|PMC 90-93    15|PPM  25578|RAFGL  100|ROT   121|SAO  21609|SKY#  1065|TD1   360|TYC 3663-2668-1|UBV     517|UBV M   7548|V* alf Cas|PLX  114.00|WDS J00405+5632A|WEB   569|Gaia DR2 418551920279473536"
"HIP 32246","* eps Gem",100.98302979662667,25.131127192367778,"*","G8Ib",3.7477,0.184,-4.853,-11.78,7.77,2.98,"TIC 332057570|HIP 32246|Gaia DR3 3384529341302871296|WISE J064356.09+250752.9|2MASS J06435593+2507520|* eps Gem|PLX 1567|*  27 Gem|AAVSO 0637+25|ADS  5381 A|AG+25  749|BD+25  1406|CCDM J06440+2508A|CSV 100759|FK5  254|GC  8786|GCRV  4372|GEN# +1.00048329A|GSC 01897-01639|HD  48329|HIC  32246|HR  2473|IDS 06378+2514 A|IRAS 06408+2510|IRC +30164|JP11  1421|N30 1460|NSV  3183|PMC 90-93   183|PPM  96453|RAFGL 1001|ROT  1080|SAO  78682|SKY# 11813|SRS  30254|SV* ZI   569|TD1  7891|TYC 1897-1639-1|UBV    6652|UBV M  12365|UBV M  12373|XZ   9694|YZ  25  3460|[HFE83]  462|uvby98 100048329 A|WDS J06439+2508A|NAME Mebsuta|WEB  6500|Gaia DR2 3384529341302241536"
"HIP 32349","* alf CMa",101.28715533333335,-16.71611586111111,"SB*","A0mA1Va",379.21,1.58,-546.01,-1223.07,-5.5,-1.46,"** AGC    1A|PLX 1577|SBC9 416|* alf CMa A|8pc 379.21A|ADS  5423 A|CCDM J06451-1643A|CEL   1368|CSI-16  1591  1|Ci 20  396|FK5  257|GAT  474|GCRV  4392|GEN# +1.00048915A|HGAM    556|IDS 06408-1635 A|JP11  1425|LFT  486|LPM 243|LTT  2638|N30 1470|NAME Sirius A|NLTT 16953|PM 06430-1639A|PMC 90-93   186|PPM 217626|ROT  1088|SBC7   288|SKY# 11855|UBV M  12413|USNO 816|Zkh  91|uvby98 100048915 A|WDS J06451-1643A|TYC 5949-2777-1|Renson 13090|BD-16  1591A|HD  48915A|TIC 322899250|GJ 244 A|HIP 32349|CNS5 1676|* alf CMa|HR  2491|LHS   219|GC  8833|SAO 151881|*   9 CMa|BD-16  1591|HD  48915|NSV 17173|TD1  8027|UBV    6709|IRC -20105|RAFGL 1007|IRAS 06429-1639|2MASS J06450887-1642566|NAME Sirius|HIC  32349|IRAS S06429-1639|IRAS S06430-1639|AKARI-FIS-V1 J0645085-164258|WEB  6525"
"HIP 32362","* ksi Gem",101.32235202269875,12.895594959796389,"RG*","F5IV-V",54.1894,0.2369,-114.564,-191.671,27.2,3.36,"TIC 372480991|GJ 242|HIP 32362|2MASS J06451737+1253438|PLX 1573|LSPM J0645+1253|TYC  754-2356-1|ASCC  933657|USNO-B1.0 1028-00141853|* ksi Gem|*  31 Gem|AG+12  799|BD+13  1396|CSV 100763|CNS5 1677|FK5  256|GC  8823|GCRV  4389|GEN# +1.00048737|HD  48737|HIC  32362|HR  2484|IRAS 06424+1257|IRC +10136|JP11  1423|LTT 11912|N30 1467|NLTT 16938|NSV  3193|PMC 90-93   185|PPM 122983|ROT  1085|SAO  96074|SKY# 11865|SV* ZI   572|TD1  7981|UBV    6694|UBV M  12403|uvby98 100048737|PLX 1573.00|1RXS J064517.8+125348|WEB  6527|Gaia DR2 3352485999057276672|Gaia DR3 3352485999058854912|UCAC4 515-031224|WISE J064517.26+125342.1|NAME-IAU Alzirr"
"HIP 32607","* alf Pic",102.04772968012593,-61.941389121171916,"PM*","A8VnkA6",33.78,1.78,-66.07,242.97,15.3,3.23,"Gaia DR3 5478862906452936960|UCAC4 141-008426|WISE J064811.43-615625.6|GJ 248|GJ 248.0|HIP 32607|2MASS J06481145-6156290|PLX 1605.1|* alf Pic|1RXS J064812.0-615623|CD-61  1478|CEL   1399|CPC 20.1  1635|CPD-61   720|FK5  262|GC  8941|GCRV  4447|GEN# +1.00050241|GSC 08899-02202|HD  50241|HIC  32607|HR  2550|IRAS 06476-6153|JP11  1445|LTT  2656|N30 1487|NLTT 17061|PPM 355624|ROT  1107|SACS 147|SAO 249647|SKY# 11981|TD1  8373|TYC 8899-2202-1|UBV    6801|UBV M  12527|[TDQ2000] SRX 12|uvby98 100050241|PLX 1605.10|WISEA J064811.37-615625.7|WEB  6577|TIC 167602316|Gaia DR2 5478862906450441472"
"HIP 32768","* tau Pup",102.48403810537876,-50.61453869751139,"SB*","K1III",18.7577,0.3475,32.618,-69.566,34.4,2.93,"TIC 238001475|RAVE J064956.2-503652|Gaia DR3 5502164890740285696|HIP 32768|2MASS J06495616-5036523|SBC9 423|* tau Pup|CD-50  2415|CPC  0  3937|CPD-50  1070|FK5  263|GC  8969|GCRV  4462|GEN# +1.00050310|HD  50310|HIC  32768|HR  2553|IRAS 06486-5033|JP11  1446|N30 1491|PPM 335509|SACS 148|SAO 234735|SBC7   291|SKY# 12062|TD1  8385|UBV    6807|UBV M  12534|TYC 8125-2314-1|NAME Altaleban|NAME Taleban|WEB  6598|Gaia DR2 5502164890737840000"
"HIP 33018","* tet Gem",103.1972452606746,33.96125676049195,"PM*","A2IV",16.8701,0.2598,-1.705,-47.193,33.37,3.6,"TIC 68491719|Gaia DR3 939307084189685248|HIP 33018|PLX 1601|* tet Gem|*  34 Gem|AAVSO 0646+34|ADS  5532 A|AG+34  753|BD+34  1481|CCDM J06528+3358A|CSI+34  1481  1|FK5  261|GC  8989|GCRV  4480|GEN# +1.00050019|HD  50019|HIC  33018|HR  2540|IDS 06462+3405 A|JP11  1442|N30 1495|PMC 90-93   190|PPM  72194|ROT  1104|SAO  59570|SKY# 12184|SRS  30261|TD1  8309|UBV    6786|UBV M  12506|uvby98 100050019|PLX 1601.00|WDS J06528+3358A|TYC 2444-1113-1|Renson 13590|2MASS J06524732+3357405|AKARI-IRC-V1 J0652473+335740|IRAS 06494+3401|** FOX  150A|WEB  6646|Gaia DR2 939307084189202688"
"HIP 33152","* omi01 CMa",103.53313445883,-24.18421097264,"s*r","K2Iab",1.2869,0.1209,-3.771,4.066,36.3,3.87,"TIC 53745318|HIP 33152|Gaia DR3 2921973698674974592|2MASS J06540794-2411031|PLX 1621|*  16 CMa|* omi01 CMa|CD-24  4567|CPD-24  1745|CSV 100781|GC  9059|GCRV  4521|GEN# +5.11210001|GSC 06522-03271|HD  50877|HIC  33152|HR  2580|IRAS 06520-2407|IRC -20112|JP11  4531|PPM 251217|RAFGL 1035|ROT  1115|SAO 172542|SKY# 12244|SV* BV   652|SV* ZI   591|TYC 6522-3271-1|UBV    6839|UBV M  40622|V* omi01 CMa|YZ 114  4154|[GM99b] 11|Cl Collinder  121     1|Cl* Collinder  121    MMU       1|PLX 1621.00|uvby98 511210001|WEB  6668|Gaia DR2 2921973698674341504"
"HIP 33160","* tet CMa",103.54749525536,-12.038628101049998,"PM*","K3/4III",12.0676,0.1313,-136.654,-14.322,96.2,4.08,"TIC 142671635|HIP 33160|Gaia DR3 2952868119987647744|2MASS J06541141-1202188|PLX 1617|* tet CMa|*  14 CMa|BD-11  1681|FK5  266|GC  9051|GCRV  4516|GEN# +1.00050778|GSC 05388-02234|HD  50778|HIC  33160|HR  2574|IRAS 06518-1158|IRC -10140|JP11  1456|N30 1502|PMC 90-93   191|PPM 217841|RAFGL 1034|ROT  1114|SACS 149|SAO 152071|SKY# 12249|TD1  8500|TYC 5388-2234-1|UBV M  12568|UBV    6830|USNO 818|YZC 11  2232|[GS83] 149|[HFE83]  473|uvby98 100050778|PLX 1617.00|WEB  6669|Gaia DR2 2952868119981800448"
"HIP 33347","* iot CMa",104.0342691434642,-17.05423863054111,"s*b","B3Ib",0.9453,0.1857,-3.547,3.19,10.7,4.385,"TIC 146908355|Gaia DR3 2934094096385049728|WISE J065608.23-170315.2|HIP 33347|2MASS J06560822-1703154|PLX 1630|*  20 CMa|* iot CMa|ALS   104|BD-16  1661|CEL   1443|CSV   6531|FK5 2536|GC  9107|GCRV  4553|GEN# +5.11210026|GSC 05967-02618|HD  51309|HIC  33347|HR  2596|IRAS 06539-1659|JP11  4540|LS  104|MCW  488|N30 1509|NSV  3292|PPM 217897|ROT  1120|SAO 152126|SKY# 12328|TD1  8606|TYC 5967-2618-1|UBV    6858|UBV M  40647|V* iot CMa|YZ 106  2346|[GM99b] 14|PLX 1630.00|UCAC4 365-019740|uvby98 511210026|WEB  6700|Gaia DR2 2934094096383830400"
"HIP 33449","*  15 Lyn",104.31918858666667,58.42276123194444,"**","G2III",18.29,0.25,6.08,-122.83,1.28,4.35,"TIC 14247274|Gaia DR3 1002340161664794240|HIP 33449|2MASS J06571661+5825221|PLX 1611|*  15 Lyn|ADS  5586 AB|AG+58  573|BD+58   982|CCDM J06573+5825AB|CSI+58   982  1|GC  9082|GCRV  4536|GSC 03779-01730|HD  50522|HIC  33449|HR  2560|IDS 06486+5833 AB|IRAS 06529+5829|IRC +60178|JP11  1450|PPM  30808|ROT  1108|SAO  26051|SKY# 12373|TD1  8435|TYC 3779-1730-1|UBV    6815|UBV M  12547|YZ  58  4794|PLX 1611.00|1RXS J065715.8+582530|WDS J06573+5825AB|** STT  159AB|uvby98 100050522|WEB  6726|Gaia DR2 1002340161664057216|GEN# +1.00050522"
"HIP 33579","* eps CMa",104.65645315148348,-28.972086157360806,"*","B1.5II",8.05,0.14,3.24,1.33,27.3,1.5,"TIC 63198307|GEN# +1.00052089|** CPO    7A|HIP 33579|* eps CMa|*  21 CMa|1AXG J065840-2857|2RE J065836-285810|2RE J0658-285|ADS  5654 A|CCDM J06586-2858A|CD-28  3666|CEL   1473|CPD-28  1586|CSI-28  3666 21|FK5  268|GC  9188|GCRV  4590|GSC 06535-03619|HD  52089|HIC  33579|HR  2618|IDS 06547-2850 A|IRC -30071|JP11  1473|MCW  492|N30 1515|PMC 90-93   192|PPM 251347|RE J065836-285811|RE J0658-285|ROT  1127|SACS 151|SAO 172676|SKY# 12435|SRS  30268|TD1  8751|TYC 6535-3619-1|UBV    6891|UBV M  12697|ALS 14800|1RXS J065837.3-285814|2EUVE J0658-28.9|EUVE J0658-28.9|RX J0658.6-2858|2MASS J06583754-2858197|2XMM J065837.5-285820|WDS J06586-2858A|uvby98 100052089|NAME Adhara|WEB  6753|IRAS 06566-2854|AKARI-IRC-V1 J0658375-285820"
"HIP 33856","* sig CMa",105.42978350186792,-27.934830340443888,"s*r","K5Ib",2.5085,0.159,-5.714,4.89,22.11,3.47,"TIC 63481992|HIP 33856|Gaia DR3 5610441600394646016|2MASS J07014314-2756051|Cl* Collinder  121    MMU      28|Cl Collinder  121    28|PLX 1649|*  22 CMa|* sig CMa|AAVSO 0657-27|ADS  5719 A|CCDM J07017-2756A|CD-27  3544|CPD-27  1648|CSI-27  3544 21|CSV 100796|FK5 1183|GC  9276|GCRV  4625|GEN# +5.11210028|GSC 06531-03793|HD  52877|HIC  33856|HR  2646|IDS 06577-2747 A|IRAS 06597-2751|IRC -30072|JP11  4541|N30 1529|PMC 90-93   799|PPM 251469|RAFGL 1057|SAO 172797|SKY# 12569|SRS  31183|SV* ZI   600|TD1  8914|TYC 6531-3793-1|UBV    6927|UBV M  40649|V* sig CMa|YZ 117  3533|uvby98 511210028|PLX 1649.00|WDS J07017-2756A|WEB  6799|Gaia DR2 5610441600387045760|NAME-IAU Nganurganity"
"HIP 33977","* omi02 CMa",105.75613058900544,-23.833293974200288,"s*b","B3Ia",0.8715,0.3319,-1.335,3.803,48.08,3.02,"TIC 80466973|HIP 33977|Gaia DR3 2921635736292220800|2MASS J07030147-2349598|* omi02 CMa|*  24 CMa|CD-23  4797|CEL   1535|CPD-23  1747|FK5  270|GC  9307|GCRV  4636|GEN# +5.11210029|GSC 06523-03722|HD  53138|HIC  33977|HR  2653|IRAS 07009-2345|JP11  4544|MCW  501|N30 1535|PMC 90-93   194|PPM 251514|ROT  1137|SAO 172839|SKY# 12624|SRS  30270|TD1  8967|UBV    6934|UBV M  40650|V* omi02 CMa|[GM99b] 20|uvby98 511210029|Cl Collinder  121    29|ALS 14803|TYC 6523-3722-1|WEB  6816|Gaia DR2 2921635736289352192"
"HIP 34045","* gam CMa",105.93955612216459,-15.633287003608888,"*","B8II",7.5819,0.1868,0.931,-11.435,31.1,4.12,"TIC 148109427|WISEA J070345.51-153759.9|HIP 34045|Gaia DR3 2936152657031151232|2MASS J07034549-1537593|* gam CMa|*  23 CMa|BD-15  1625|CEL   1539|FK5  271|GC  9320|GCRV  4641|GEN# +5.11210030|GSC 05963-01938|HD  53244|HIC  34045|HR  2657|JP11  4546|N30 1538|PMC 90-93   195|PPM 218074|ROT  1138|SACS 153|SAO 152303|SKY# 12655|SRS  30271|TD1  8987|TYC 5963-1938-1|UBV    6939|UBV M  12803|UBV M  40651|YZ 105  2427|[HFE83]  483|uvby98 511210030|ALS 15803|Renson 14650|IRAS 07015-1533|AKARI-IRC-V1 J0703455-153759|WISE J070345.51-153759.8|NAME Muliphein|WEB  6825|Gaia DR2 2936152657029237888"
"HIP 34088","* zet Gem",106.02721349362085,20.570298465267225,"cC*","G1Ib",3.0729,0.2177,-7.738,-0.943,9.5325,3.79,"TIC 436949033|UCAC4 553-036128|Gaia DR3 3366754155291545344|HIP 34088|2MASS J07040653+2034131|* zet Gem|PLX 1651|*  43 Gem|AAVSO 0658+20|ADS  5742 A|AG+20  786|BD+20  1687|CCDM J07041+2035A|CSI+20  1687  1|FK5  269|GC  9313|GCRV  4639|GEN# +1.00052973A|GSC 01353-01550|HD  52973|HIC  34088|HR  2650|IDS 06582+2043 A|IRAS 07011+2038|IRC +20169|N30 1536|PMC 90-93   193|PPM  96982|RAFGL 4552S|ROT  1136|SAO  79031|SKY# 12677|SRS  30269|TD1  8933|TYC 1353-1550-1|UBV   21353|V* zet Gem|YPAC  30|YZ  20  2753|WDS J07041+2034A|** OCC  293|** SHJ   77A|WDS J07041+2034Aa,Ab|NAME Mekbuda|WEB  6834|Gaia DR2 3366754155291077632"
"HIP 3419","* bet Cet",10.897378736003901,-17.98660631592891,"PM*","G9.5IIICH-1",33.86,0.16,232.55,31.99,13.257,2.01,"TIC 114434141|GJ 31|HIP 3419|2MASS J00433536-1759117|PLX  134|* bet Cet|*  16 Cet|1AXG J004337-1759|2E   163|2E 0041.0-1815|2RE J004335-175907|2RE J0043-175|BD-18   115|CSV 100058|FK5   22|GC   865|GCRV   396|GEN# +1.00004128|HD   4128|HIC   3419|HR   188|IRAS 00410-1815|IRC -20010|JP11   410|LTT   398|N30  146|NLTT  2380|NSV   272|PMC 90-93    16|PPM 209214|RAFGL  106|RBS   103|RE J0043-175|RE J004335-175912|ROT   127|SACS  11|SAO 147420|SKY#  1137|SV* ZI    38|TD1   399|UBV     582|YZ 108   175|PLX  134.00|1ES 0041-18.2|1RXS J004335.3-175911|2EUVE J0043-17.9|EUVE J0043-17.9|RX J0043.5-1759|TYC 5847-2333-1|NAME Diphda|WEB   604"
"HIP 34444","* del CMa",107.09785021416667,-26.39319957888889,"s*y","F8Ia",2.03,0.38,-3.12,3.31,33.67,1.84,"TIC 64602863|HIP 34444|2MASS J07082348-2623354|Cl* Collinder  121    MMU      31|Cl Collinder  121    31|PLX 1673|*  25 CMa|* del CMa|CD-26  3916|CPD-26  1793|FK5  273|GC  9443|GCRV  4704|GEN# +5.11210031|GSC 06532-05001|HD  54605|HIC  34444|HR  2693|IRAS 07063-2618|IRC -30076|JP11  4547|N30 1568|NSV  3424|PMC 90-93   196|PPM 251718|RAFGL 1078|ROT  1146|SACS 156|SAO 173047|SKY# 12832|SRS  30273|TD1  9243|TYC 6532-5001-1|UBV    6983|UBV M  12924|UBV M  40652|uvby98 511210031|PLX 1673.00|NAME Wezen|WEB  6902"
"HIP 34481","* gam02 Vol",107.18694039829,-70.4989304021,"PM*","K0III",24.4775,0.113,23.62,108.653,2.8,3.746,"TIC 300015239|HIP 34481|Gaia DR3 5267405895350690304|2MASS J07084477-7029560|PLX 1692|* gam02 Vol|CCDM J07087-7030A|CPC 21.1  1095|CPD-70   600|CSI-70   600 43|CSI-70   600 41|FK5 1189|GC  9514|GCRV  4738|GSC 09182-01411|HD  55865|HIC  34481|HR  2736|IDS 07096-7020 A|IRAS 07091-7025|JP11  1505|N30 1578|NSV  3448|PPM 369422|SAO 256374|SKY# 12846|TYC 9182-1411-1|UBV    7045|uvby98 100055865 A|WDS J07087-7030A|WEB  6906|Gaia DR2 5267405895348357120|** DUN   42A|GEN# +1.00055865"
"HIP 34693","* tau Gem",107.78487630737042,30.24516376985388,"PM*","K2III",8.3261,0.1591,-30.725,-48.515,21.27,4.42,"TIC 68984421|CCDM J07111+3015A|** BU 1009A|ADS  5846 A|WDS J07111+3015A|GEN# +1.00054719|IDS 07048+3025 A|HIP 34693|Gaia DR3 886479673643853952|2MASS J07110836+3014426|PLX 1676|* tau Gem|*  46 Gem|AG+30  779|BD+30  1439|CSI+30  1439  1|CSV   6556|GC  9484|GCRV  4723|GSC 02438-01059|HD  54719|HIC  34693|HR  2697|IRAS 07079+3019|IRC +30178|JP11  1499|NSV  3437|PPM  72528|RAFGL 1080|ROT  1149|SAO  59858|SKY# 12932|TD1  9269|TYC 2438-1059-1|UBV    6987|Gaia DR2 886479673643096448|PLX 1676.00|WEB  6934"
"HIP 34769","* del Mon",107.96608530415293,-0.4927671698652778,"*","A0IV",7.8768,0.2854,-1.038,5.412,15.0,4.15,"TIC 5458984|HIP 34769|Gaia DR3 3110959269077522816|2MASS J07115185-0029339|PLX 1682|IRAS 07093-0024|AKARI-IRC-V1 J0711518-002933|* del Mon|*  22 Mon|ADS  5864 A|AG-00  977|BD-00  1636|CCDM J07119-0030A|CSI-00  1636  1|FK5 1187|GC  9518|GCRV  4740|GEN# +1.00055185|HD  55185|HIC  34769|HR  2714|IDS 07068-0020 A|JP11  1504|N30 1579|PMC 90-93   802|PPM 176744|ROT  1156|SAO 134330|SKY# 12970|TD1  9376|UBV    7012|UBV M  12986|YZ  90  2057|uvby98 100055185|PLX 1682.00|WDS J07119-0030A|TYC 4815-3816-1|WEB  6951|Gaia DR2 3110959269082743424"
"HIP 35037","* ome CMa",108.70272505556083,-26.772667556726386,"Be*","B2.5Ve",3.561,0.1524,-11.617,8.109,23.2,3.82,"Gaia DR3 5610257226031514240|TIC 65903024|HIP 35037|2MASS J07144865-2646214|[JE82]  292|* ome CMa|*  28 CMa|AAVSO 0710-26A|CD-26  4073|CEL   1708|CPD-26  1914|EM* MWC  171|GC  9625|GCRV  4791|GEN# +1.00056139|GSC 06532-05003|HD  56139|HIC  35037|HR  2749|Hen 3-27|IRAS 07127-2641|JP11  1516|N30 1610|PPM 251951|ROT  1163|SAO 173282|SKY# 13094|SRS  41569|TD1  9550|TYC 6532-5003-1|UBV   21659|V* ome CMa|ALS 14882|uvby98 100056139|WEB  7007|Gaia DR2 5610257226031514240"
"HIP 35228","* del Vol",109.20759145422502,-67.95715267864945,"*","F8Ib/II",4.7522,0.2083,-4.288,8.491,23.87,3.99,"TIC 300162674|HIP 35228|Gaia DR3 5269012591076800256|2MASS J07164982-6757256|PLX 1732|* del Vol|CPC 21  1353|CPD-67   730|FK5  281|GC  9747|GCRV  4851|GEN# +1.00057623|GSC 09179-02107|HD  57623|HIC  35228|HR  2803|IRAS 07168-6751|JP11  1541|N30 1629|PPM 355940|ROT  1183|SAO 249809|SKY# 13183|TD1  9894|TYC 9179-2107-1|UBV    7133|UBV M  13213|uvby98 100057623|PLX 1732.00|WEB  7038|Gaia DR2 5269012591076006272"
"HIP 35264","* pi. Pup",109.28565865855,-37.09747346353528,"LP*","K4III",5.7621,0.8175,-11.562,6.52,15.8,2.7,"TIC 22942488|NAME Ahadi|HIP 35264|Gaia DR3 5589311357728452608|2MASS J07170854-3705510|FK5  278|PLX 1716|Cl* Collinder  135     CK       1|Cl* Collinder  135      B       7|* pi. Pup|CD-36  3489|CPC 18  2938|CPD-36  1211|Cl* Collinder  135     GA      a|GC  9706|GCRV  4825|GEN# +1.00056855|GSC 07115-03019|HD  56855|HIC  35264|HR  2773|IDS 07136-3655 A|IRAS 07153-3700|JP11  1531|N30 1620|NSV  3515|PMC 90-93   200|PPM 283747|SACS 161|SAO 197795|SKY# 13200|SRS  30278|SV* ZI   621|UBV M  13154|UBV    7093|uvby98 100056855|Cl Collinder  135     1|PLX 1716.00|V* pi. Pup|** DUN   43A|WDS J07171-3706A|WEB  7041|Gaia DR2 5589311357724458368|CCDM J07171-3706A|WDS J07171-3706Aa|TYC 7115-3019-1|* pi. Pup A|** HDS 1008A"
"HIP 35350","* lam Gem",109.52324549807,16.54038599479,"PM*","A4IV",32.6068,0.2062,-46.157,-36.007,-15.34,3.559,"TIC 440851537|WISEA J071805.53+163225.5|GJ 9231|GJ 9231 A|HIP 35350|Gaia DR3 3168265196643846400|PLX 1708|*  54 Gem|* lam Gem|AG+16  755|BD+16  1443|CSI+16  1443  3|CSI+16  1443  1|CSV 100844|FK5  277|GC  9701|GCRV  4824|GSC 01346-01396|HD  56537|HGAM    565|HIC  35350|HR  2763|IRAS 07152+1637|JP11  1526|N30 1618|NSV  3512|PMC 90-93   199|PPM 123822|ROT  1169|SAO  96746|SKY# 13243|SRS  30277|SV* ZI   615|TD1  9636|UBV    7076|[HFE83]  501|AKARI-IRC-V1 J0718055+163225|WISE J071805.57+163225.0|IRAS F07152+1637|uvby98 100056537|WEB  7054|ADS  5961 A|IDS 07124+1643 A|GEN# +1.00056537|TYC 1346-1396-1|CCDM J07181+1632A|WDS J07181+1632A|** STF 1061A|* lam Gem A|BD+16  1443A|HD  56537A|UCAC3 214-85460|UCAC4 533-040057|2MASS J07180560+1632255|Gaia DR2 3168265196643176832"
"HIP 35550","* del Gem",110.03072735754377,21.98230404962861,"SB*","F2VkF0mF0",53.7692,0.2403,-27.722,-14.702,4.1,3.53,"TIC 184842719|WISEA J072007.35+215855.8|UCAC4 560-040614|GJ 271|GJ 271 A|HIP 35550|Gaia DR3 866177431955478144|PLX 1718|SBC9 442|AG+22  862|BD+22  1645|CSI+22  1645  3|CSI+22  1645  1|FK5  279|CNS5 1821|GC  9755|GCRV  4854|HD  56986|HIC  35550|HR  2777|IRC +20177|JP11  1533|N30 1632|PMC 90-93   201|PPM  97380|ROT  1171|SAO  79294|SBC7   300|SKY# 13328|SRS  30279|TD1  9732|UBV    7099|UBV M  13165|[HFE83]  504|2EUVE J0720+21.9|EUVE J0719+21.9|EUVE J0720+21.9|Renson 15560|WISE J072007.29+215857.4|AKARI-IRC-V1 J0720073+215855|IRAS 07171+2204|1RXS J072007.4+215916|*  55 Gem|* del Gem|IRAS F07171+2204|NAME Wasat|uvby98 100056986|WEB  7084|Gaia DR2 866177431953646464|2MASS J07200736+2158561|* del Gem A|ADS  5983 A|PMSC 07142+2210A|*  55 Gem A|CCDM J07201+2159A|TYC 1359-2672-1|BD+22  1645A|PMSC 07142+2210Aab|WDS J07201+2159A|GEN# +1.00056986"
"HIP 35904","* eta CMa",111.02375950100142,-29.303105508471724,"s*b","B5Ia",1.64,0.4,-4.14,5.81,41.1,2.45,"TIC 107415639|HIP 35904|Gaia DR3 5605797194566011520|* eta CMa|*  31 CMa|CCDM J07240-2918A|CD-29  4328|CEL   1826|CPD-29  1680|FK5  283|GC  9886|GCRV  4922|GEN# +5.11210034|GSC 06550-04525|Glazar Pup   9|HD  58350|HIC  35904|HR  2827|IDS 07201-2907 A|IRC -30091|JP11  4549|MCW  530|N30 1652|PMC 90-93   204|PPM 252311|ROT  1197|SAO 173651|SKY# 13479|SRS  30283|UBV    7173|UBV M  40655|V* eta CMa|uvby98 511210034|Cl Collinder  121    34|ALS 14888|WDS J07241-2918A|TYC 6550-4525-1|AKARI-IRC-V1 J0724057-291811|IRAS 07221-2912|2MASS J07240570-2918113|NAME Aludra|WEB  7150"
"HIP 36046","* iot Gem",111.43164850380958,27.79807970844639,"PM*","G9IIIb",24.0201,0.1873,-122.06,-85.133,7.432,3.79,"TIC 462483666|Gaia DR3 873035017257455104|HIP 36046|FK5  282|PLX 1744|*  60 Gem|* iot Gem|AAVSO 0719+27|AG+27  806|BD+28  1385|GC  9897|GCRV  4927|GEN# +1.00058207|GSC 01918-02339|HD  58207|HIC  36046|HR  2821|IRAS 07226+2753|IRC +30183|JP11  1545|N30 1656|PMC 90-93   203|PPM  97492|RAFGL 1114|ROT  1194|SAO  79374|SKY# 13540|SRS  30282|TD1 10016|TYC 1918-2339-1|UBV    7163|UBV M  13244|YZ  27  3954|2MASS J07254359+2747529|WEB  7182|Gaia DR2 873035017256115072"
"HIP 36145","*  21 Lyn",111.67855088726876,49.21152707020945,"PM*","A0.5Vs",11.9021,0.1382,-10.185,-48.768,25.95,4.61,"TIC 470985552|Gaia DR3 976842521375217280|HIP 36145|PLX 1741|*  21 Lyn|AG+49  747|BD+49  1623|FK5 2572|GC  9909|GCRV  4936|GEN# +1.00058142|GSC 03401-01648|HD  58142|HIC  36145|HR  2818|IRAS 07229+4918|JP11  1544|PPM  49857|ROT  1192|SAO  41764|SKY# 13585|TD1 10004|TYC 3401-1648-1|UBV    7160|UBV M  13242|uvby98 100058142|2MASS J07264284+4912417|PLX 1741.00|Renson 15847|WEB  7196|Gaia DR2 976842521375217280"
"HIP 36188","* bet CMi",111.78767390541668,8.2893157625,"Be*","B8Ve",20.17,0.2,-51.76,-38.29,22.0,2.89,"TIC 425224332|HIP 36188|Gaia DR3 3143264535611892096|PLX 1753|[JE82]  311|* bet CMi|*   3 CMi|AAVSO 0721+08|AG+08  981|BD+08  1774|CSI+08  1774  1|CSV   6586|EM* MWC  178|FAUST 1028|FK5  285|GC  9947|GCRV  4951|GEN# +1.00058715|GSC 00764-02774|HD  58715|HGAM    571|HIC  36188|HR  2845|IRAS 07244+0823|JP11  1553|N30 1666|PMC 90-93   206|PPM 152663|ROT  1202|SAO 115456|SKY# 13603|TD1 10116|TYC  764-2774-1|UBV    7201|UBV M  13277|V* bet CMi|[B10]  1944|2MASS J07270905+0817216|PLX 1753.00|** BUP  101A|CCDM J07272+0818A|IDS 07217+0829 A|WDS J07272+0817A|NAME Gomeisa|uvby98 100058715|WEB  7206|LAMOST J072709.01+081614.3"
"HIP 36377","* sig Pup",112.30763598742709,-43.30143539413861,"SB*","K5III",17.0234,0.5614,-61.628,189.627,87.3,3.25,"TIC 60376707|Gaia DR3 5512070906394195968|HIP 36377|PLX 1778|SBC9 458|* sig Pup|CCDM J07292-4318A|CD-43  3260|CPC  0  4565|CPD-43  1499|CSI-43  3260 21|FK5 1194|GC 10040|GCRV  5001|GEN# +1.00059717A|GSC 07655-02687|HD  59717|HIC  36377|HR  2878|IDS 07261-4306 A|IRAS 07276-4311|JP11  1561|LTT  2861|N30 1682|NLTT 17967|PPM 311853|SACS 164|SAO 218755|SBC7   310|SKY# 13683|SRS  31194|TD1 10317|UBV    7258|UBV M  13346|V* sig Pup|uvby98 100059717 A|WDS J07292-4318A|TYC 7655-2687-1|PMSC 07261-4306A|PMSC 07261-4306Aab|NAME Hadir|** DUN   51A|2MASS J07291384-4318054|WEB  7241|Gaia DR2 5512070906388269568"
"HIP 36850","* alf Gem",113.64947163976585,31.88828221646326,"**","A1V+A2Vm",64.12,3.75,-191.45,-145.19,-11.23,1.58,"TIC 239187687|GJ 278.0|HIP 36850|WDS J07346+3153AB|NLTT 18087|* alf Gem|*  66 Gem|ADS  6175 AB|AG+31  789|BD+32  1581|CCDM J07346+3153AB|CSI+32  1581  1|FK5  287|CNS5 1879|GC 10120|HIC  36850|IRAS 07314+3159|IRC +30188|LTT 12038|NAME Castor|NAME Castor AB|PMC 90-93   208|PPM  72938|RAFGL 1144|SAO  60198|SRS  30287|TD1 10405|UBV    7277|[HFE83]  521|2MASS J07343598+3153184|** STF 1110AB|2XMM J073435.6+315318|PLX 1785|PLX 1785.00|GEN# +1.00060179"
"HIP 36962","* ups Gem",113.98062505905,26.8957444986,"PM*","M0III",12.8761,0.2288,-32.841,-106.002,-21.61,4.06,"TIC 94964412|HIP 36962|Gaia DR3 872128538640246144|PLX 1788|*  69 Gem|* ups Gem|AG+27  823|BD+27  1424|CCDM J07359+2654A|CSI+27  1424  1|FK5 1196|GC 10167|GCRV  5060|GEN# +1.00060522|GSC 01919-02109|HD  60522|HIC  36962|HR  2905|IDS 07298+2707 A|IRAS 07328+2700|IRC +30190|JP11  1565|N30 1703|NSV  3652|PMC 90-93   809|PPM  97726|RAFGL 1150|ROT  1221|SAO  79533|SKY# 13947|SRS  31196|TD1 10474|TYC 1919-2109-1|UBV    7295|UBV M  13403|YZ  27  4059|[GS83] 152|[HFE83]  523|2MASS J07355535+2653448|PLX 1788.00|WDS J07359+2654A|WEB  7335|Gaia DR2 872128538639865088"
"HIP 37279","* alf CMi",114.82549790798149,5.224987557059477,"SB*","F5IV-V+DQZ",284.56,1.26,-714.59,-1036.8,-4.50528,0.37,"TIC 280310048|AP J07391805+0513298|GALAH 141101003801339|GES J07391749+0513163|GJ 280 A|GJ 280.0|HIP 37279|TIC 471011543|PLX 1805|SBC9 467|LSPM J0739+0513|ASCC 1030621|USNO-B1.0 0952-00146563|*  10 CMi|* alf CMi|1AXG J073918+0514|1C 12.01|2E  1849|2RE J0739+051|2RE J073918+051351|AG+05 1072|BD+05  1739|CSI+05  1739  1|CSI+05  1739  5|CSV 100884|Ci 20  432|FAUST 1387|CNS5 1895|FK5  291|GC 10277|GCRV  5099|HD  61421|HIC  37279|HR  2943|IRAS 07366+0520|IRC +10170|JP11  1576|LFT  541|LHS   233|LTT 12053|N30 1726|NAME Procyon|NLTT 18229|NSV  3672|PM 07367+0521|PMC 90-93   212|PPM 153068|RAFGL 1161|RE J0739+051|RE J073917+051339|ROT  1234|SAO 115756|SBC7   317|SKY# 14100|SPOCS  352|SV* ZI   646|TD1 10647|UBV    7352|USNO 825|Zkh 106|[HFE83]  530|2MASS J07391805+0513298|1ES 0736+05.3|1RXS J073918.3+051332|2E 0736.6+0520|2EUVE J0739+05.2|EUVE J0739+05.2|RX J0739.3+0513|[TSA98] J073919.85+051356.36|TYC  187-2184-1|GJ 280|AKARI-FIS-V1 J0739178+051322|uvby98 100061421|WEB  7381|GEN# +1.00061421|8pc 285.93A|* alf CMi A|** SHB    1A|IDS 07341+0529 A|WDS J07393+0514A|CCDM J07393+0514A|NAME Procyon A"
"HIP 37447","* alf Mon",115.31179988937959,-9.551132713051112,"PM*","G9.5III-IIIbFe-0.5",22.3839,0.1348,-74.989,-19.838,11.161,3.93,"TIC 62151160|Gaia DR3 3041619014955371392|HIP 37447|PLX 1817|* alf Mon|*  26 Mon|BD-09  2172|FK5  293|GC 10345|GCRV  5123|GEN# +1.00061935|HD  61935|HIC  37447|HR  2970|IRAS 07388-0926|IRC -10174|JP11  1584|N30 1738|PMC 90-93   214|PPM 190531|RAFGL 4623S|ROT  1244|SACS 168|SAO 134986|SKY# 14184|TD1 10744|UBV    7390|UBV M  13509|YZ  99  2803|2MASS J07411484-0933041|PLX 1817.00|TYC 5414-2746-1|WEB  7409|Gaia DR2 3041619014954275712"
"HIP 37504","* zet Vol",115.45524596810628,-72.60609911449887,"*","G9IIIb",22.4377,0.0947,33.006,14.816,48.5,3.944,"TIC 272086938|GEN# +1.00063295|Gaia DR3 5263150888430619904|HIP 37504|2MASS J07414925-7236219|PLX 1847|* zet Vol|CCDM J07418-7236A|CPC 21.2  1072|CPD-72   627|CSI-72   627 41|FK5  297|GC 10444|GCRV  5168|GSC 09188-01864|HD  63295|HIC  37504|HR  3024|IDS 07430-7222 A|IRAS 07424-7229|JP11  1597|N30 1759|PPM 369660|SAO 256438|SKY# 14204|TD1 11031|TYC 9188-1864-1|UBV    7515|PLX 1847.00|WDS J07418-7236A|WEB  7417|Gaia DR2 5263150888430032256"
"HIP 37740","* kap Gem",116.11184921750542,24.397996469691666,"PM*","G8III-IIIb",22.0907,0.1727,-28.403,-50.675,20.15,3.57,"TIC 423082848|GEN# +1.00062345|HIP 37740|Gaia DR3 867815979158660352|WISE J074426.69+242351.5|PLX 1824|* kap Gem|*  77 Gem|AG+24  877|BD+24  1759|CSI+24  1759  1|FK5  294|GC 10403|GCRV  5149|GSC 01916-02156|HD  62345|HIC  37740|HR  2985|IRAS 07414+2431|IRC +20188|JP11  1587|N30 1749|PMC 90-93   215|PPM  97908|RAFGL 1178|ROT  1248|SAO  79653|SKY# 14317|SRS  30294|TD1 10832|TYC 1916-2156-1|UBV    7409|UBV M  13551|YZ  24  3095|[HFE83]  533|2MASS J07442684+2423526|PLX 1824.00|1RXS J074425.8+242351|uvby98 100062345|WEB  7458|Gaia DR2 867815979158182656|WDS J07444+2424A|** STT  179A"
"HIP 37826","* bet Gem",116.32895777437875,28.02619889009357,"PM*","K0IIIb",96.54,0.27,-626.55,-45.8,3.391,1.14,"TIC 423088367|GJ 286|HIP 37826|PLX 1826|LSPM J0745+2801|ASCC  674757|USNO-B1.0 1180-00191173|*  78 Gem|* bet Gem|2E  1872|ADS  6335 A|AG+28  833|BD+28  1463|CCDM J07454+2802A|CSI+28  1463  1|CSV 100892|CTI 074434.0+280331|Ci 20  437|FK5  295|CNS5 1912|GC 10438|GCRV  5166|HD  62509|HIC  37826|HR  2990|IDS 07392+2816 A|IRAS 07422+2808|TIC 471011546|IRC +30194|JP11  1588|LFT  548|LHS  1945|LTT 12065|N30 1758|NLTT 18379|NSV  3712|PM 07423+2809|PMC 90-93   216|PPM  97924|RAFGL 1183|ROT  1249|SAO  79666|SKY# 14351|SRS  30295|SV* ZI   656|TD1 10866|UBV    7418|UBV M  13566|2MASS J07451891+2801340|PLX 1826.00|2E 0742.2+2808|1RXS J074519.3+280123|WDS J07453+2802A|TYC 1920-2194-1|uvby98 100062509|NAME Pollux|WEB  7472|** BU  580A|GEN# +1.00062509"
"HIP 3786","* del Psc",12.170601310553335,7.585081917256668,"PM*","K5-III",10.8577,0.1787,81.994,-50.232,32.45,4.44,"TIC 293407726|Gaia DR3 2556759229189045632|HIP 3786|2MASS J00484094+0735058|PLX  158|* del Psc|*  63 Psc|AG+07   86|BD+06   107|CCDM J00487+0736A|CSI+06   107  1|FK5   28|GC   963|GCRV   449|GEN# +1.00004656|GSC 00604-01301|HD   4656|HIC   3786|HR   224|IDS 00434+0703 A|IRAS 00460+0718|IRC +10007|JP11   423|N30  164|PMC 90-93    20|PPM 143916|RAFGL  111|ROT   141|SAO 109474|SKY#  1249|TYC  604-1301-1|UBV     662|UBV M   7668|YZ   7   268|PLX  158.00|WDS J00487+0735A|WEB   672|Gaia DR2 2556759229189596032"
"HIP 38146","* 188 Pup",117.25697385570999,-24.912247143849996,"**","G1.5IIIFe-0.5",16.189,0.6553,-28.489,23.378,5.78,5.313,"TIC 127574614|HIP 38146|Gaia DR3 5614465022683280384|PLX 1849|CD-24  6022|CPD-24  2928|GC 10556|GCRV  5207|GEN# +1.00063660|GSC 06557-04523|HD  63660|HIC  38146|HR  3043|IRAS 07469-2447|PPM 253250|SAO 174592|SKY# 14518|TD1 11125|TYC 6557-4523-1|UBV    7547|UBV M  13681|YZ 114  5536|uvby98 100063660|2MASS J07490167-2454438|PLX 1849.00|** TOK  194|WDS J07490-2455AB|* 188 Pup|WEB  7518|Gaia DR2 5614465022683280384"
"HIP 3881","* nu. And",12.45352635157333,41.07891089498556,"SB*","B5V",5.7868,0.1857,21.711,-18.694,-23.9,4.53,"TIC 283389643|HIP 3881|Gaia DR3 375010813139050368|SBC9 47|*  35 And|* nu. And|AG+40   74|BD+40   171|CEL     92|FK5 1021|GC   989|GCRV   461|GSC 02801-02090|HD   4727|HGAM     38|HIC   3881|HR   226|JP11   424|N30  169|PMC 90-93   665|PPM  43365|ROT   142|SAO  36699|SBC7    33|SKY#  1284|TD1   457|TYC 2801-2090-1|UBV     672|UBV M   7679|uvby98 100004727|AKARI-IRC-V1 J0049488+410443|IRAS 00470+4048|2MASS J00494884+4104441|GEN# +1.00004727|WEB   690|Gaia DR2 375010813139050368"
"HIP 39429","* zet Pup",120.89603140977576,-40.003147798268934,"BY*","O4I(n)fp",3.01,0.1,-29.71,16.68,-23.9,2.25,"TIC 133422778|HIP 39429|Gaia DR3 5534788672055388032|2MASS J08033506-4000112|* zet Pup|2E  1910|ALS   949|CD-39  3939|CEL   2154|CGO 179|CMC  198752|CPC 18  3433|CPD-39  2011|EM* CDS  710|EUVE J0803-40.0|FK5  306|GC 10947|GCRV  5359|GEN# +1.00066811|GOS G255.98-04.71 01|GSC 07663-04093|HD  66811|HIC  39429|HR  3165|IRAS 08018-3951|JP11  1626|LS  949|MCW  547|N30 1854|PMC 90-93   223|PPM 312524|ROT  1295|SACS 175|SAO 198752|SKY# 15171|SRS  30306|TD1 11723|TYC 7663-4093-1|UBV    7751|UBV M  13965|[B10]  2141|[HJ56] 111|uvby98 100066811|1ES 0801-39.8|2E 0801.8-3951|NAME Naos|EQ 0801-39.8|[BVP2003] S2|1RXS J080335.8-400110|MOST 0801-398|V* zet Pup|2XMM J080335.0-400011|UCAC4 250-023940|WEB  7714"
"HIP 39757","* rho Pup",121.88603676458334,-24.304324429444446,"dS*","F5IIkF2IImF5II",51.3999,0.2445,-82.886,46.93,45.8,2.81,"TIC 154360594|HIP 39757|Gaia DR3 5698015743046182272|* rho Pup|PLX 1930|*  15 Pup|2E  1920|CNS5 2008|CCDM J08075-2418A|CD-23  6828|CPD-23  3368|CSI-23  6828 21|CSV 100920|FK5  308|GC 11034|GCRV  5394|GEN# +1.00067523|HD  67523|HIC  39757|HR  3185|IDS 08033-2401 A|IRAS 08054-2409|IRC -20157|JP11  1629|N30 1871|PMC 90-93   225|PPM 253887|ROT  1301|SACS 176|SAO 175217|SKY# 15322|SRS  30308|TD1 11823|UBV    7771|UBV M  14003|V* rho Pup|YZ 114  5971|2MASS J08073264-2418154|PLX 1930.00|2E 0805.4-2409|1RXS J080732.2-241749|WDS J08075-2418A|TYC 6555-3245-1|Renson 18660|NAME Tureis|** RST 5284A|uvby98 100067523|WEB  7758|Gaia DR2 5698015743040715264"
"HIP 39794","* eps Vol",121.98247699144,-68.61706463606,"SB*","B5III",5.0597,0.1248,-29.781,29.887,9.0,4.398,"TIC 306829961|WISEA J080755.78-683700.3|HIP 39794|Gaia DR3 5270986008289935232|* eps Vol|CPC 21.1  1270|CPD-68   736|CSI-68   736 41|GC 11098|GCRV  5415|HD  68520|HIC  39794|HR  3223|IRAS 08077-6828|JP11  1644|N30 1885|PPM 356519|ROT  1316|SAO 250128|SKY# 15339|TD1 11980|UBV    7877|[B10]  2179|ALS 14918|uvby98 100068520|WEB  7763|GEN# +1.00068520|TYC 9193-3090-1|CCDM J08079-6837A|IDS 08076-6819 A|WDS J08079-6837A|PMSC 08076-6819A|PMSC 08076-6819Aab|* eps Vol A|SBC7   336|SBC9 502|Gaia DR2 5270986008289935232|UCAC4 107-017738|2MASS J08075582-6837013|WISE J080755.79-683700.6"
"HIP 39863","* zet Mon",122.14853373998083,-2.9837876605491664,"*","G2Ib",3.245,0.1254,-17.445,-3.016,30.47,4.33,"TIC 88751083|GEN# +1.00067594|IDS 08036-0242 A|HIP 39863|Gaia DR3 3070413334696277248|PLX 1932|* zet Mon|*  29 Mon|ADS  6617 A|BD-02  2450|CCDM J08086-0259A|CSI-02  2450  1|GC 11051|GCRV  5400|GSC 04851-02878|HD  67594|HIC  39863|HR  3188|IRC +00171|JP11  1630|PPM 191023|ROT  1303|SAO 135551|SKY# 15366|TD1 11838|TYC 4851-2878-1|UBV    7775|YPAC 149|YZ  92  3071|uvby98 100067594 A|2MASS J08083565-0259015|PLX 1932.00|WDS J08086-0259A|AKARI-IRC-V1 J0808356-025902|IRAS 08060-0250|WEB  7771|Gaia DR2 3070413334695525760"
"HIP 39953","* gam02 Vel",122.38312555977059,-47.336586329303486,"WR*","WC8+O7.5III-V",2.92,0.3,-6.07,10.43,15.0,1.83,"TIC 354825513|HIP 39953|2MASS J08093195-4720115|SBC9 500|* gam Vel|* gam02 Vel|2E 0808.0-4711|2E  1936|ALS   980|CCDM J08095-4721A|CD-46  3840|CD-46  3847|CEL   2193|CPC  0  5440|CPD-46  2202|FK5  309|GC 11105|GCRV  5419|GEN# +1.00068273|GOS G262.80-07.69 01|GSC 08140-06533|GUM 12a|HD  68273|HIC  39953|HR  3207|Hen 3-127|IDS 08065-4703 A|IRAS 08079-4711|JP11  1639|LS  980|MOST 0807-471|MR  12|N30 1888|PPM 312662|SACS 178|SAO 219504|SBC7   334|SKY# 15412|TYC 8140-6533-1|UBV    7815|V* gam02 Vel|WR  11|[ALL76] A|PLX 1940.01|1ES 0807-47.1|1RXS J080933.7-472027|WDS J08095-4720Aa,Ab|WDS J08095-4720A|** DUN   65A|** TOK    2|PMSC 08065-4702AP|PMSC 08065-4702Aab|PMSC 08065-4702A|2XMM J080931.9-472011|AT20G J080931-472011|NAME Regor|UCAC4 214-020008|WEB  7786"
"HIP 40526","* bet Cnc",124.12883745353416,9.185543957090834,"PM*","K4IIIBa0.5:",10.1026,0.3141,-45.679,-49.505,22.94,3.52,"TIC 458582777|IDS 08111+0930 A|HIP 40526|Gaia DR3 3098404220680931968|*  17 Cnc|ADS  6704 A|PLX 1967|* bet Cnc|AG+09 1050|BD+09  1917|CCDM J08165+0911A|CSI+09  1917  1|FK5  312|GC 11254|GCRV  5476|GEN# +1.00069267|GSC 00794-01622|HD  69267|HIC  40526|HR  3249|IRAS 08138+0920|IRC +10186|JP11  1656|N30 1908|NSV  3973|PMC 90-93   228|PPM 154193|RAFGL 4680S|ROT  1322|SAO 116569|SKY# 15654|TD1 12086|TYC  794-1622-1|UBV    7935|UBV M  14149|YZ   9  4468|[L91b] 134|uvby98 100069267|2MASS J08163090+0911080|PLX 1967.00|WDS J08165+0911A|NAME Altarf|WEB  7886|Gaia DR2 3098404220677760512|NAME-IAU Tarf"
"HIP 40702","* alf Cha",124.63146861663003,-76.9197240614864,"PM*","F5VFe-0.8",51.3172,0.0981,110.515,107.125,-12.6,4.047,"TIC 287532010|GJ 305|HIP 40702|2MASS J08183157-7655108|PLX 2006|* alf Cha|2E  1973|CPC 21.3   958|CPD-76   507|GC 11419|GCRV  5530|GEN# +1.00071243|GSC 09398-02714|HD  71243|HIC  40702|HR  3318|IRAS 08198-7645|JP11  1675|CNS5 2060|PPM 369878|ROT  1338|SAO 256496|SKY# 15741|TD1 12420|TYC 9398-2714-1|UBV    8053|UBV M  14317|uvby98 100071243|PLX 2006.00|1RXS J081830.5-765514|2E 0819.8-7645|WEB  7907|Gaia DR2 5210240323024349440|Gaia DR3 5210240327318434304|UCAC4 066-007362|WISE J081831.89-765510.0"
"HIP 40843","* chi Cnc",125.01608650106499,27.217705047748055,"PM*","F6V",54.8749,0.0906,-17.475,-377.072,32.629,,"TIC 302188141|AP J08200385+2713038|GJ 303|HIP 40843|Gaia DR3 683184784030475520|* chi Cnc|PLX 1979|LSPM J0820+2713|TYC 1936-1174-1|ASCC  676886|USNO-B1.0 1172-00198833|*  18 Cnc|AG+27  919|BD+27  1589|FK5 1217|GC 11348|CNS5 2067|GCRV  5506|GEN# +1.00069897|HD  69897|HIC  40843|HR  3262|LTT 12174|N30 1925|NLTT 19323|PMC 90-93   827|PPM  98601|ROT  1324|SAO  80104|SKY# 15798|SPOCS  378|SRS  31217|TD1 12178|UBV M  14195|UBV    7975|YPAC  33|YZ  27  4482|[HFE83]  574|uvby98 100069897|2MASS J08200385+2713038|PLX 1979.00|IRAS 08170+2722|AKARI-IRC-V1 J0820038+271300|WEB  7923|Gaia DR2 683184784030475520"
"HIP 41037","* eps Car",125.62848024272952,-59.509484191917416,"**","K3:III+B2:V",5.39,0.42,-25.52,22.06,11.6,1.86,"TIC 342884451|HIP 41037|2MASS J08223082-5930340|* eps Car|CPC 20  2212|CPD-59  1032|FAUST 2427|FK5  315|GC 11463|GCRV  5546|GEN# +1.00071129|GSC 08579-02692|HIC  41037|HR  3307|IRAS 08214-5920|JP11  1671|N30 1949|NSV  4058|PPM 336856|SACS 185|SAO 235932|SKY# 15897|TD1 12403|UBV    8042|UBV M  14307|WDS J08225-5931AB|NAME Avior|** HDS 1190|CCDM J08225-5931AB"
"HIP 41075","*  31 Lyn",125.70878932057252,43.18813060422277,"LP*","K4+III",8.8828,0.2099,-21.3,-100.621,24.694401,4.25,"TIC 23608474|AP J08225014+4311171|HIP 41075|Gaia DR3 916230087468692864|PLX 1984|*  31 Lyn|AG+43  834|BD+43  1815|FK5  314|GC 11401|GCRV  5525|GEN# +1.00070272|GSC 02980-02184|HD  70272|HIC  41075|HR  3275|IRAS 08194+4320|IRC +40195|JP11  1663|N30 1940|NSV  4030|PMC 90-93   230|PPM  50530|RAFGL 1245|ROT  1328|SAO  42319|SKY# 15915|TYC 2980-2184-1|UBV M  14232|UBV    7998|V* BN Lyn|[AKS95]  350|[HFE83]  577|2MASS J08225014+4311171|PLX 1984.00|NAME Alsciaukat|WEB  7956|Gaia DR2 916230087467389312"
"HIP 41312","* bet Vol",126.43414610922872,-66.13688790317111,"PM*","K2III",30.2128,0.1059,-35.049,-151.988,27.4,3.759,"TIC 307569010|RAVE J082544.2-660813|Gaia DR3 5273030069128572928|GJ 3499|HIP 41312|2MASS J08254423-6608127|PLX 2020|* bet Vol|CD-65   648|CPC 21  1623|CPD-65   933|CSV 100968|FK5  319|GC 11567|GCRV  5581|GEN# +1.00071878|GSC 08937-02820|HD  71878|HIC  41312|HR  3347|IRAS 08252-6558|JP11  1680|N30 1967|NSV  4088|PPM 356715|SAO 250228|SKY# 16013|SV* ZI   707|TYC 8937-2820-1|UBV    8091|UBV M  14373|PLX 2020.00|WEB  7993|Gaia DR2 5273030069127658240"
"HIP 41704","* omi UMa",127.56612565266667,60.718168223941106,"PM*","G5III:",17.9335,0.1456,-133.644,-107.664,19.8,3.42,"TIC 73416947|HIP 41704|Gaia DR3 1041808368494264576|PLX 2010|LSPM J0830+6043|ASCC  125152|2MASS J08301592+6043056|USNO-B1.0 1507-00173995|*   1 UMa|* omi UMa|AAVSO 0822+61|ADS  6830 A|AG+60  638|BD+61  1054|CCDM J08303+6043A|CSI+61  1054  1|CSV   6636|FK5  317|GC 11593|GCRV  5590|GSC 04127-02431|HD  71369|HIC  41704|HR  3323|IRAS 08261+6053|IRC +60187|JP11  1677|N30 1971|NSV  4093|PMC 90-93   232|PPM  16654|RAFGL 4085|ROT  1340|SAO  14573|SKY# 16191|TD1 12445|TYC 4127-2431-1|UBV    8062|UBV M  14329|[ATZ98] B209|[FS2003] 0475|[HFE83]  588|Gaia DR2 1041808368494264576|PLX 2010.00|1RXS J083014.7+604306|RX J0830.2+6043|[ZEH2003] RX J0830.2+6043  1|WDS J08303+6043A|NAME Muscida|IDS 08220+6103 A|uvby98 100071369|GEN# +1.00071369|** BU 1067A|WEB  8042"
"HIP 42313","* del Hya",129.41403113663,5.70378776223,"**","A0Vnn",18.4301,0.3241,-68.867,-7.551,15.47,4.131,"TIC 432012592|HIP 42313|Gaia DR3 594595517273147648|FK5 1223|PLX 2053|* del Hya|*   4 Hya|AG+05 1263|BD+06  2001|CCDM J08376+0543A|CSI+06  2001  1|GC 11823|GCRV  5669|GEN# +1.00073262|GSC 00223-01795|HD  73262|HIC  42313|HR  3410|JP11  1690|N30 2005|PMC 90-93   833|PPM 154763|ROT  1356|SAO 116965|SKY# 16483|TD1 12785|TYC  223-1795-1|UBV    8184|UBV M  14512|YZ   5  4697|[HFE83]  595|uvby98 100073262|2MASS J08373936+0542136|PLX 2053.00|1RXS J083740.1+054217|IRAS 08350+0552|AKARI-IRC-V1 J0837393+054213|WDS J08377+0542AB|** DRS    9|** BUP  118A|WEB  8133|Gaia DR2 594595517272044288"
"HIP 42402","* sig Hya",129.68932270518832,3.3414351882730555,"*","K1III",8.6887,0.1242,-19.312,-16.031,26.83,4.43,"TIC 432119812|HIP 42402|Gaia DR3 3080111439567156992|PLX 2059|* sig Hya|*   5 Hya|AG+03 1189|BD+03  2026|EIC   218|FK5 1224|GC 11856|GCRV  5683|GEN# +1.00073471|GSC 00215-02022|HD  73471|HIC  42402|HR  3418|IRAS 08361+0331|IRC +00176|JP11  1694|N30 2012|PMC 90-93   834|PPM 154796|RAFGL 1276|ROT  1358|SAO 116988|SKY# 16535|TD1 12816|TYC  215-2022-1|UBV    8226|UBV M  14536|YZ   3  3471|2MASS J08384544+0320293|PLX 2059.00|WEB  8151|Gaia DR2 3080111439567837824|NAME-IAU Minchir"
"HIP 42515","* bet Pyx",130.02559701234668,-35.308355114771395,"*","G5II/III",8.4598,0.1079,10.791,-20.565,-13.4,3.954,"TIC 185525506|WISEA J084006.17-351830.4|HIP 42515|Gaia DR3 5626529620176041600|PLX 2075|* bet Pyx|CCDM J08401-3519A|CD-34  5128|CPC 17  4089|CPD-34  2846|CSI-34  5128 21|FK5 2681|GC 11923|GCRV  5724|GEN# +1.00074006|GSC 07144-03639|HD  74006|HIC  42515|HR  3438|IDS 08362-3457 A|JP11  1696|N30 2024|PMC 90-93  1280|PPM 285512|SACS 189|SAO 199490|SKY# 16593|TD1 12896|TYC 7144-3639-1|UBV    8370|UBV M  14596|uvby98 100074006|PLX 2075.00|WDS J08401-3518A|2MASS J08400614-3518300|1RXS J084005.9-351828|IRAS 08381-3507|AKARI-IRC-V1 J0840062-351829|WISE J084006.16-351826.7|WEB  8194|Gaia DR2 5626529620175178624"
"HIP 42536","* omi Vel",130.0733305508675,-52.921909895522504,"Pu*","B3/5(V)",7.0823,0.3409,-31.202,21.388,17.3,3.63,"TIC 93549165|Gaia DR3 5318547273548061824|HIP 42536|Cl* IC 2391      D      83|Cl* IC 2391      H       0|Cl* IC 2391      L       1|* omi Vel|CEL   2762|CPC 19  3070|CPD-52  1583|CSV   6651|FK5 1227|GC 11943|GCRV  5733|GEN# +3.23910020|GSC 08569-04018|HD  74195|HIC  42536|HR  3447|IC 2391   20|IRAS 08388-5244|JP11  4476|N30 2027|PPM 337127|ROT  1365|SACS 190|SAO 236164|SKY# 16601|TD1 12932|TYC 8569-4018-1|UBV    8405|UBV M  38705|USNO-B1.0 0370-00131488|V* omi Vel|VXR HRI  5|[B10]  2325|Cl* IC 2391    PMM    4484|2MASS J08401759-5255190|ALS 14924|Cl* IC 2391    SMY      20|uvby98 323910020|WEB  8204|Gaia DR2 5318547273545667584"
"HIP 42568","* d Car",130.15428340004624,-59.76100474516722,"Pu*","B2III",1.8023,0.1615,-6.177,5.182,12.9,4.313,"TIC 45297854|Gaia DR3 5302503371669042688|HIP 42568|HR  3457|* d Car|CCDM J08406-5946A|CD-59  2020|CEL   2780|CPC 20  2301|CPD-59  1080|CSI-59  1080 41|CSV   6654|FAUST 2501|FK5 2685|GC 11964|GCRV  5745|GEN# +1.00074375|GSC 08581-03010|HD  74375|HIC  42568|IDS 08384-5924 A|JP11  1707|N30 2033|PPM 337131|ROT  1371|SAO 236181|SKY# 16624|TD1 12965|TYC 8581-3010-1|UBV    8431|UBV M  14634|V* V343 Car|[B10]  2331|ALS 14925|WDS J08406-5946A|AKARI-IRC-V1 J0840369-594539|IRAS 08395-5934|2MASS J08403702-5945398|uvby98 100074375|WEB  8214|Gaia DR2 5302503367363879168"
"HIP 42799","* eta Hya",130.80614897336292,3.3986618893297225,"bC*","B3V",6.3852,0.2069,-19.269,-0.916,16.1,4.3,"TIC 262533375|Gaia DR3 3079329274484276480|HIP 42799|*   7 Hya|* eta Hya|AAVSO 0838+03|AG+03 1197|BD+03  2039|CSV 100996|FK5 2687|GC 11987|GCRV  5754|GEN# +1.00074280|GSC 00215-02021|HD  74280|HIC  42799|HR  3454|IRAS 08406+0334|JP11  1702|N30 2036|NSV  4212|PPM 154889|ROT  1369|SAO 117050|SKY# 16733|TD1 12946|TYC  215-2021-1|UBV M  14621|UBV    8422|V* eta Hya|YZ   3  3499|[GS83]   7|2MASS J08431347+0323552|SV* ZI   717|uvby98 100074280|WEB  8265|Gaia DR2 3079329270187691008"
"HIP 42806","* gam Cnc",130.82144642293792,21.468498799990275,"PM*","A1Va",18.6431,0.19,-105.76,-39.157,36.17,4.652,"TIC 184893591|Gaia DR3 664950414475977728|HIP 42806|PLX 2080|NAME Asellus Borealis|* gam Cnc|*  43 Cnc|AG+21  970|BD+21  1895|CCDM J08433+2128A|CSI+21  1895  1|FK5 1228|GC 11982|GCRV  5751|GEN# +1.00074198|GSC 01399-02905|HD  74198|HIC  42806|HR  3449|IDS 08375+2150 A|JP11  1699|N30 2034|PMC 90-93   836|PPM  98985|ROT  1366|SAO  80378|SKY# 16737|SRS  31228|TD1 12934|TYC 1399-2905-1|UBV    8407|UBV M  14614|XZ  13242|YZ  21  3516|uvby98 100074198|2MASS J08431716+2128067|PLX 2080.00|WDS J08433+2128A|WEB  8267|IRAS 08404+2138|AKARI-IRC-V1 J0843171+212806|Gaia DR2 664950414475977728"
"HIP 42828","* alf Pyx",130.8980726264225,-33.18638327946639,"*","B1.5III",4.1089,0.2147,-14.613,10.012,15.3,3.68,"TIC 185815213|HIP 42828|Gaia DR3 5639188675501966464|* alf Pyx|CD-32  5651|CEL   2817|CPC 17  4113|CPD-32  2399|FK5  327|GC 12018|GCRV  5765|GEN# +1.00074575|GSC 07141-02725|HD  74575|HIC  42828|HR  3468|JP11  1711|N30 2037|NSV  4220|PMC 90-93   239|PPM 285573|ROT  1377|SACS 193|SAO 199546|SKY# 16748|SRS  30327|TD1 13000|TYC 7141-2725-1|UBV    8469|UBV M  14655|[B10]  2342|uvby98 100074575|2MASS J08433553-3311108|ALS 14926|IRAS 08415-3300|AKARI-IRC-V1 J0843355-331110|WEB  8272|Gaia DR2 5639188675500905216"
"HIP 42911","* del Cnc",131.17124658768913,18.154308069054167,"**","K0+IIIb",23.8271,0.1853,-18.435,-227.813,17.14,3.94,"TIC 184899026|Gaia DR3 660136821288588416|HIP 42911|PLX 2086|NAME Asellus Australis|ASCC  860185|LSPM J0844+1809|TYC 1396-2758-1|USNO-B1.0 1081-00199805|* del Cnc|*  47 Cnc|ADS  6967 A|AG+18  894|BD+18  2027|CCDM J08447+1809A|CSI+18  2027  1|FK5  326|GC 12022|GCRV  5768|GEN# +1.00074442|HD  74442|HIC  42911|HR  3461|IDS 08390+1831 A|IRAS 08418+1820|IRC +20205|JP11  1709|LTT 12274|N30 2038|NLTT 20152|PMC 90-93   238|PPM 125682|RAFGL 1285|ROT  1374|SAO  98087|SKY# 16778|SRS  30326|TD1 12978|UBV    8443|UBV M  14644|YPAC  37|YZ  18  3502|2MASS J08444109+1809158|PLX 2086.00|WDS J08447+1809A|WDS J08447+1809Aa,Ab|** TOK    3|** HJ  457A|WEB  8290|Gaia DR2 660136821288967296"
"HIP 42913","* del01 Vel",131.1759432625,-54.70882101944444,"**","A2IV+A4V",40.49,0.39,28.8,-104.1,2.2,,"TIC 45696212|V* del Vel|PLX 2098|* del Vel|1C 32.25|1RXS J084443.0-544226|2E  2046|AAVSO 0842-54|CD-54  2351|CEL   2852|CPC 19  3104|CPD-54  1788|CSI-54  1788 41|CSI-54  1788 44|GC 12069|GCRV  5781|GSC 08573-03571|HD  74956|HIC  42913|HR  3485|IRAS 08433-5431|JP11  1716|N30 2047|PPM 337198|SAO 236232|SKY# 16780|TD1 13061|UBV    8508|UBV M  14708|2MASS J08444223-5442313|2E 0843.3-5431|WDS J08447-5443AB|PMSC 08419-5420|WEB  8293|GEN# +1.00074956|** HJ 4136A|** SHY   49A|HIP 42913|GJ 321.3 A|GJ 9278 A|CNS5 2163|TYC 8573-3571-1|CCDM J08448-5442A|IDS 08419-5420 A|WDS J08447-5443A|PMSC 08419-5420A|** I   10A|** KEL    1|* del01 Vel|* del Vel A|HD  74956A|CD-54  2351A|WDS J08447-5443Aa,Ab|NAME-IAU Alsephina"
"HIP 43103","* iot Cnc",131.67425181855,28.759893136039995,"PM*","G8IIIaBa0.2",9.4124,0.1621,-22.07,-43.699,15.74,4.018,"TIC 117355618|HIP 43103|Gaia DR3 705156050012755712|PLX 2091|ADS  6988 A|AG+28  943|BD+29  1824|CCDM J08467+2846A|FK5  328|GC 12083|GCRV  5783|GEN# +1.00074739|GSC 01949-02011|HD  74739|HIC  43103|HR  3475|IDS 08406+2908 A|IRAS 08436+2856|IRC +30201|JP11  1712|N30 2052|NSV  4238|PMC 90-93   240|PPM  99032|RAFGL 1287|ROT  1380|SAO  80416|SKY# 16873|SRS  30328|TYC 1949-2011-1|UBV M  14681|UBV    8488|YPAC  38|YZ  28  4688|[HFE83]  607|[L91b] 140|uvby98 100074739|2MASS J08464184+2845356|WDS J08467+2846A|** STF 1268A|* iot Cnc|*  48 Cnc|WEB  8319|Gaia DR2 705156050011771264"
"HIP 43109","* eps Hya",131.6938009684597,6.4188015227537685,"**","G1III+A8V",25.23,0.98,-228.11,-43.82,40.46,3.38,"TIC 444007688|HIP 43109|uvby98 100074874|Gaia DR3 583151353574583552|PLX 2096|SBC9 532|LSPM J0846+0625|NLTT 20227|ASCC 1035714|2MASS J08464653+0625075|USNO-B1.0 0964-00173309|*  11 Hya|* eps Hya|2RE J0846+062|2RE J084647+062504|BD+06  2036|GC 12102|GCRV  5788|HD  74874|HIC  43109|HR  3482|IRC +10193|JP11  1713|LTT 12282|N30 2058|NSV  4244|RAFGL 1289|RE J084647+062505|RE J0846+062|ROT  1382|SAO 117112|SBC7   354|SKY# 16879|TD1 13049|UBV M  14695|UBV    8500|V* eps Hya|YPAC 467|YZ   6  4792|PLX 2096.00|2EUVE J0846+06.4|EUVE J0846+06.4|1RXS J084646.9+062518|IRAS 08441+0636|TYC  224-1333-1|ADS  6993 AB|CCDM J08468+0625AB|WDS J08468+0625AB|** SP    1|** STF 1273AB|WEB  8321|Gaia DR2 583151353573508096|NAME-IAU Ashlesha|TIC 800131629"
"HIP 43234","* rho Hya",132.10821118485208,5.837812490561667,"*","A0Vn",10.4431,0.1778,-18.871,-29.454,30.85,4.337,"TIC 262580321|GEN# +1.00075137|Gaia DR3 582791194797052416|HIP 43234|PLX 2105|IRAS 08457+0601|AKARI-IRC-V1 J0848259+055015|* rho Hya|*  13 Hya|ADS  7006 A|AG+06 1139|BD+06  2040|CCDM J08484+0550A|CSI+06  2040  1|CSI+06  2040  3|GC 12148|GCRV  5801|GSC 00224-01334|HD  75137|HIC  43234|HR  3492|IDS 08431+0612 A|JP11  1721|PPM 155024|ROT  1386|SAO 117146|SKY# 16932|TD1 13097|TYC  224-1334-1|UBV    8529|UBV M  14734|YPAC 469|YZ   6  4810|2MASS J08482598+0550161|PLX 2105.00|WDS J08484+0550A|uvby98 100075137|WEB  8335|Gaia DR2 582791194796026752"
"HIP 43409","* gam Pyx",132.63301083315085,-27.70984159252084,"PM*","K2.5III",15.5142,0.1603,-133.185,86.297,24.5,4.01,"TIC 1738861|Gaia DR3 5642935536248627456|HIP 43409|PLX 2114|* gam Pyx|CD-27  5986|CPD-27  3442|FK5  332|GC 12216|GCRV  5824|GEN# +1.00075691|GSC 06580-02781|HD  75691|HIC  43409|HR  3518|IRAS 08484-2731|IRC -30136|JP11  1726|N30 2077|PMC 90-93   241|PPM 255235|SACS 196|SAO 176559|SKY# 17013|SRS  30332|TD1 13196|TYC 6580-2781-1|UBV    8586|UBV M  14803|YZ 117  5542|2MASS J08503193-2742356|PLX 2114.00|WEB  8364|Gaia DR2 5642935536246285440"
"HIP 43813","* zet Hya",133.84844248935084,5.945565210399724,"PM*","G8.5III",21.3133,0.2316,-101.037,14.261,22.3,3.1,"TIC 458688331|HIP 43813|WISE J085523.83+055643.3|Gaia DR3 583588100209595776|PLX 2134|* zet Hya|*  16 Hya|AG+06 1155|BD+06  2060|EIC   224|FK5  334|GC 12327|GCRV  5866|GEN# +1.00076294|GSC 00225-01116|HD  76294|HIC  43813|HR  3547|IRAS 08527+0608|IRC +10196|JP11  1732|N30 2096|PMC 90-93   242|PPM 155196|RAFGL 1299|ROT  1402|SAO 117264|SKY# 17200|TD1 13277|TYC  225-1116-1|UBV    8636|UBV M  14894|YZ   6  4871|2MASS J08552362+0556441|PLX 2134.00|WEB  8426|Gaia DR2 583588100208201984"
"HIP 44066","* alf Cnc",134.62168421127,11.8576804028,"PM*","kA7VmF0/2III/IVSr",18.3304,0.3216,42.181,-31.16,-14.79,4.249,"TIC 283785572|HIP 44066|Gaia DR3 604789257076233728|PLX 2147|*  65 Cnc|* alf Cnc|ADS  7115 A|AG+12 1094|BD+12  1948|CCDM J08585+1151A|CSI+12  1948  1|FK5  337|GC 12406|GCRV  5899|GEN# +1.00076756|GSC 00814-03029|HD  76756|HIC  44066|HR  3572|JP11  1736|N30 2112|NSV  4327|PMC 90-93   244|PPM 125972|ROT  1412|SAO  98267|SKY# 17316|SRS  30337|TD1 13348|TYC  814-3029-1|UBV    8675|UBV M  14957|YPAC  39|YZ  12  3605|[HFE83]  625|uvby98 100076756|PLX 2147.00|EXO 0855.7+1203|WDS J08585+1151A|Renson 21640|AKARI-IRC-V1 J0858292+115127|IRAS 08557+1203|2MASS J08582922+1151278|PMSC 08530+1215A|** HJ  110A|NAME Acubens|WEB  8467|Gaia DR2 604789257076233728"
"HIP 44127","* iot UMa",134.8018900723819,48.04182614451662,"**","A6",68.92,0.16,-441.29,-215.32,9.0,3.14,"TIC 456332840|HIP 44127|PLX 2143|ASCC  325676|2MASS J08591246+4802304|* iot UMa|*   9 UMa|1RXS J085913.0+480227|2E  2082|AG+48  801|BD+48  1707|CSI+48  1707  1|Ci 20  499|FK5  335|GC 12407|GEN# +1.00076644|HD  76644|HIC  44127|HR  3569|IRAS 08557+4814|IRC +50194|JP11  1734|N30 2113|NSV  4329|PMC 90-93   243|PPM  50941|ROT  1411|SAO  42630|SKY# 17342|TD1 13330|UBV    8669|UBV M  14950|[HFE83]  626|uvby98 100076644|2E 0855.8+4814|RX J0859.2+4802|[ZEH2003] RX J0859.2+4802  1|WDS J08592+4803A,BC|PMSC 08524+4826|NAME Talitha|WEB  8476"
"HIP 44248","*  10 UMa",135.1603059044704,41.783024559070554,"SB*","F3V+G5V",53.3618,0.8091,-494.613,-285.416,32.3,3.96,"TIC 21439835|GJ 332|GJ 332.0|HIP 44248|Gaia DR3 816649002967779584|*  10 UMa|FK5  339|PLX 2153|CNS5 2234|SBC9 546|LSPM J0900+4146|ASCC  404531|2MASS J09003845+4146583|USNO-B1.0 1317-00210938|AG+41  889|BD+42  1956|CCDM J09007+4147AB|CSI+42  1956  1|Ci 20  502|GC 12434|GCRV  5914|HD  76943|HIC  44248|HR  3579|IDS 08542+4211 AB|IRC +40200|JP11  1741|LFT  627|LHS  2093|LTT 12355|N30 2119|NLTT 20721|PM 08574+4200|PMC 90-93   246|PPM  50954|ROT  1415|SAO  42642|SBC7   361|SKY# 17385|SRS  30339|TD1 13372|UBV    8691|YPAC  41|[HFE83]  628|uvby98 100076943|EUVE J0900+41.7|WDS J09006+4147AB|TYC 2986-1978-1|** KUI   37AB|IRAS 08573+4158|[ZEH2003] RX J0900.6+4147  1|AKARI-IRC-V1 J0900380+414655|1RXS J090038.2+414702|RBS   736|RX J0900.6+4147|Gaia DR2 816649002967779584|GEN# +1.00076943|WEB  8490|UBV   21471|HD  76943B|UBV   21470"
"HIP 4427","* gam Cas",14.17721289375,60.71674002472222,"HXB","B0.5IVpe",5.94,0.12,25.17,-3.92,-6.8,2.39,"TIC 51962733|AT 0037+611|HIP 4427|1WGA J0056.7+6042|4XMM J005642.4+604300|SRGA J005642.5+604302|2MASS J00564251+6043002|[KRL2007b] 9|PLX  185|[JE82]   20|* gam Cas|*  27 Cas|1H 0053+604|1M 0050+592|1M 0050+60|1RXS J005642.0+604300|1XRS 00537+604|2S 0053+604|3A 0053+604|4U 0054+60|AAVSO 0050+60|AG+60  106|ALS  6407|BD+59   144|BSD   8-901|CSI+59   144  1|EM* MWC    9|FK5   32|GC  1117|GCRV   526|HD   5394|HR   264|INTREF    57|IRAS 00536+6026|IRC +60031|JP11   439|LS   I +60  133|MCW   46|N30  187|PMC 90-93    23|PPM  12597|RAFGL  133|SAO  11482|SKY#  1444|TD1   521|UBV     833|V* gam Cas|VDB   5|[BM83] X0053+604|[FS2003] 0031|[HFE83]   40|[KW97]  4-31|PLX  185.00|1ES 0053+60.4|EUVE J0056+60.7|PBC J0056.5+6043|SWIFT J0056.7+6043|SWIFT J0056.5+6042|HIC   4427|WEB   791|TYC 4017-2319-1|Gaia DR2 426558460877467776|** BU 1028A|PMSC 00507+6010A|GEN# +1.00005394|ADS   782 A|CCDM J00567+6043A|uvby98 100005394 A|WDS J00567+6043A|Gaia DR3 426558460884582016|UCAC4 754-011026|WISE J005642.67+604300.3|NAME-IAU Tiansi"
"HIP 4436","* mu. And",14.188371146487498,38.499334271586946,"PM*","A6V",26.7046,0.6467,151.021,34.8,7.27,3.87,"TIC 432698066|Gaia DR3 364785939116867072|2MASS J00564522+3829578|PLX  189|LSPM J0056+3829|ASCC  456699|USNO-B1.0 1284-00018261|*  37 And|* mu. And|ADS   788 A|AG+38   94|BD+37   175|CCDM J00568+3830A|CSI+37   175  1|FK5   33|GC  1122|GCRV   531|GEN# +1.00005448|GSC 02798-01667|HD   5448|HGAM     44|HIC   4436|HIP 4436|HR   269|IDS 00512+3757 A|JP11   442|N30  189|PMC 90-93    24|PPM  65785|ROT   151|SAO  54281|SKY#  1445|TD1   528|TYC 2798-1667-1|UBV     844|UBV M   7783|uvby98 100005448|PLX  189.00|WDS J00568+3830A|Renson 1450|AKARI-IRC-V1 J0056453+382957|IRAS 00539+3813|** HJ 1057A|WEB   793"
"HIP 44382","* alf Vol",135.61165018301915,-66.39607456495057,"**","kA3hA5mA5V",25.9718,0.1978,-1.925,-95.455,7.66,3.99,"TIC 302790649|Gaia DR3 5248192926092026496|GJ 333.3|GJ 9284|HIP 44382|PLX 2172|* alf Vol|CPC 21  1768|CPD-65  1065|FK5  343|GC 12532|GCRV  5947|GEN# +1.00078045|GSC 08939-02729|HD  78045|HIC  44382|HR  3615|IRAS 09016-6611|JP11  1759|N30 2144|PPM 357086|ROT  1431|SAO 250422|SKY# 17446|TD1 13521|TYC 8939-2729-1|UBV    8755|UBV M  15078|uvby98 100078045|2MASS J09022678-6623460|PLX 2172.00|Renson 22080|** TOK  197|WDS J09024-6624AB|WEB  8508|Gaia DR2 5248192926090003968"
"HIP 44471","* kap UMa",135.90636507404153,47.15652472719766,"**","A1Vn",9.1,0.5,-36.19,-55.4,2.3,3.55,"TIC 99234902|GEN# +1.00077327|IDS 08568+4733 AB|HIP 44471|PLX 2162|* kap UMa|*  12 UMa|ADS  7158 AB|AG+47  796|BD+47  1633|CCDM J09036+4709AB|CSI+47  1633  1|FK5  341|GC 12503|GCRV  5940|HD  77327|HGAM    588|HIC  44471|HR  3594|JP11  1749|N30 2136|PMC 90-93   248|PPM  50987|ROT  1421|SAO  42661|SKY# 17479|TD1 13436|UBV    8719|[HFE83]  632|2MASS J09033754+4709236|PLX 2162.00|WDS J09036+4709AB|TYC 3424-1626-1|** A 1585|uvby98 100077327|IRAS 09002+4721|AKARI-IRC-V1 J0903375+470923|CSI+47  1633  2|CSI+47  1633  3|WEB  8522|NAME-IAU Alkaphrah"
"HIP 44700","HD  77912",136.63236601269,38.45221393586,"Pe*","G7IIa",4.6253,0.117,-27.05,-14.729,16.04,4.539,"TIC 16148554|HIP 44700|Gaia DR3 719103698606421888|PLX 2169|AG+38  967|BD+39  2200|FK5 1237|GC 12565|GCRV  5960|GEN# +1.00077912|GSC 02983-01983|HD  77912|HIC  44700|HR  3612|IRAS 09033+3839|IRC +40202|JP11  1755|MFU 190|N30 2151|PMC 90-93   843|PPM  74244|ROT  1429|SAO  61254|SKY# 17556|SRS  31237|TD1 13506|TYC 2983-1983-1|UBV    8748|UBV M  15070|[L91b] 147|uvby98 100077912|2MASS J09063177+3827080|PLX 2169.00|WEB  8549|Gaia DR2 719103698606421888"
"HIP 44816","* lam Vel",136.99899113791412,-43.432590908860746,"s*r","K4Ib",5.99,0.11,-24.01,13.52,17.6,2.21,"TIC 31975064|HIP 44816|IRAS R09061-4313|PLX 2187|* lam Vel|CCDM J09080-4326A|CD-42  4990|CPC  0  7024|CPD-42  3366|CSI-42  4990 21|CSV   6689|FK5  345|GC 12623|GCRV  5989|GEN# +1.00078647|GSC 07689-02617|HD  78647|HIC  44816|HR  3634|IDS 09043-4302 A|JP11  1770|N30 2164|PPM 313999|SACS 200|SAO 220878|SKY# 17613|TD1 13594|TYC 7689-2617-1|UBV    8792|V* lam Vel|[CS62] E4  76|uvby98 100078647|2MASS J09075977-4325571|PLX 2187.00|WDS J09080-4326A|NAME Suhail|WEB  8567"
"HIP 45080","* a Car",137.74202206644335,-58.966900555078894,"SB*","B2IV-V",7.9481,0.237,-13.688,13.587,23.3,3.4,"TIC 385220745|Gaia DR3 5300534077635861888|HIP 45080|SBC9 561|* a Car|CEL   3206|CPC 20  2497|CPD-58  1419|CSV   6698|GC 12696|GCRV  6018|GEN# +1.00079351|GSC 08595-03311|HD  79351|HGAM   2001|HIC  45080|HR  3659|IRAS 09096-5845|JP11  1782|N30 2179|PPM 337673|ROT  1448|SAO 236693|SBC7   374|SKY# 17713|TD1 13681|TYC 8595-3311-1|UBV    8833|UBV M  15192|V* V357 Car|[B10]  2473|2MASS J09105810-5858008|ALS 14930|1RXS J091058.6-585755|uvby98 100079351|WEB  8604|Gaia DR2 5300534077633482112"
"HIP 45238","* bet Car",138.29990608310192,-69.71720759721548,"PM*","A1III-",28.82,0.11,-156.47,108.95,-5.1,1.69,"TIC 290374453|GJ 339.2|GJ 9292|HIP 45238|PLX 2213|* bet Car|CD-69   600|CEL   3237|CPC 21.1  1479|CPD-69  1023|FK5  348|GC 12764|GCRV  6042|GEN# +1.00080007|HD  80007|HIC  45238|HR  3685|IRAS 09126-6930|JP11  1790|N30 2196|NLTT 21307|PPM 357200|ROT  1459|SAO 250495|SKY# 17778|TD1 13760|UBV    8872|UBV M  15259|uvby98 100080007|2MASS J09131197-6943017|PLX 2213.00|TYC 9200-2603-1|NAME Miaplacidus|WEB  8622"
"HIP 45336","* tet Hya",138.5910836298175,2.3143199766405553,"SB*","B9.5V+DA1.6",27.0704,0.6164,134.386,-322.143,-10.7,,"TIC 430415842|HIP 45336|Gaia DR3 3845263368043470080|PLX 2200|LSPM J0914+0218|ASCC 1130574|USNO-B1.0 0923-00221992|* tet Hya|*  22 Hya|2RE J091421+021825|2RE J0914+021|ADS  7253 A|AG+02 1244|BD+02  2167|CCDM J09144+0219A|CSI+02  2167  1|FK5  347|GC 12743|GCRV  6036|GEN# +1.00079469|GSC 00227-02544|HD  79469|HIC  45336|HR  3665|IDS 09092+0244 A|JP11  1787|LTT 12431|N30 2190|NLTT 21281|PMC 90-93   250|PPM 155592|RE J0914+021|RE J091420+021830|ROT  1453|SAO 117527|SKY# 17821|TD1 13698|TYC  227-2544-1|UBV    8842|UBV M  15207|YZ   2  3711|[HFE83]  646|uvby98 100079469|2MASS J09142189+0218511|PLX 2200.00|2EUVE J0914+02.3|EUVE J0914+02.3|RX J0914.3+0219|1RXS J091422.0+021916|WDS J09144+0219A|Renson 22550|AKARI-IRC-V1 J0914219+021849|IRAS 09117+0231|[ZEH2003] RX J0914.3+0219  1|WD 0911+023|WEB  8635|Gaia DR2 3845263368043086080"
"HIP 45556","* iot Car",139.27252857166667,-59.275232029166666,"*","A7Ib",4.26,0.1,-18.86,11.98,12.0,2.26,"TIC 386296645|1RXS J091707.8-591619|HIP 45556|Gaia DR3 5300300156538723328|PLX 2222.1|* iot Car|CD-58  2529|CEL   3256|CPC 20  2542|CPD-58  1465|CSV   6705|FK5  351|GC 12831|GCRV  6067|GEN# +1.00080404|GSC 08595-03312|HD  80404|HIC  45556|HR  3699|IRAS 09157-5903|JP11  1797|N30 2212|NSV  4444|PPM 337789|ROT  1461|SAO 236808|SKY# 17914|TD1 13795|TYC 8595-3312-1|UBV    8888|UBV M  15288|uvby98 100080404|2MASS J09170540-5916308|PLX 2222.10|NAME Aspidiske|WEB  8659"
"HIP 45688","*  38 Lyn",139.7110149130071,36.80259585675999,"PM*","A1V",24.7087,0.2815,-33.072,-126.187,4.0,3.92,"TIC 39074957|Gaia DR3 810952158347760128|HIP 45688|PLX 2214|*  38 Lyn|BD+37  1965|GC 12830|GCRV  6066|HD  80081|HGAM    592|HIC  45688|HR  3690|JP11  1793|RBS   765|ROT  3508|SAO  61391|SKY# 17968|TD1 13769|UBV    8876|UBV M  15265|PLX 2214.00|1RXS J091850.2+364814|RX J0918.8+3648|[ZEH2003] RX J0918.8+3648  1|2MASS J09185060+3648091|IRAS 09157+3700|AKARI-IRC-V1 J0918505+364808|uvby98 100080081|WEB  8674|ADS  7292 A|CCDM J09188+3648A|CSI+37  1965  1|IDS 09126+3714 A|WDS J09188+3648A|TYC 2499-1655-1|** STF 1334A|PMSC 09126+3713A|*  38 Lyn A|HD  80081A|BD+37  1965A|Gaia DR2 810952158347151360"
"HIP 4577","* alf Scl",14.65149693501667,-29.3574533863875,"*","B7IIIp",4.6224,0.1906,19.973,5.072,9.6,4.27,"TIC 63835332|HIP 4577|Gaia DR3 5032256161014732416|2MASS J00583635-2921266|* alf Scl|CD-30   297|CPD-30    99|DRIL  5|FK5   35|GC  1172|GCRV   555|GEN# +1.00005737|GSC 06424-02270|HD   5737|HIC   4577|HR   280|IRAS 00561-2937|JP11   445|N30  195|NSV   359|PHL  3184|PMC 90-93    25|PPM 243446|PS 1-71|ROT   154|SACS  16|SAO 166716|SB 390|SGPA 177|SKY#  1493|SRS  30035|TD1   554|TYC 6424-2270-1|UBV M   7825|UBV     907|V* alf Scl|YZ 119   345|[PS72] 270|uvby98 100005737|ALS 15798|Renson 1490|WEB   839|Gaia DR2 5032256161014732416"
"HIP 45860","* alf Lyn",140.26375087702914,34.39255928934889,"PM*","K6III",14.7042,0.1808,-218.723,16.555,38.47,3.14,"TIC 8768124|HIP 45860|Gaia DR3 702343774145932544|PLX 2223|LSPM J0921+3423|NLTT 21514|ASCC  582371|USNO-B1.0 1243-00170285|*  40 Lyn|* alf Lyn|AG+34 1005|BD+35  1979|CSV 101039|FK5  352|GC 12880|GCRV  6082|GEN# +1.00080493|GPM 140.264408+34.392524|GPM1 297|HD  80493|HIC  45860|HR  3705|IRAS 09180+3436|IRC +30210|JP11  1799|LTT 12457|N30 2218|NSV  4456|PMC 90-93   252|PPM  74424|RAFGL 1341|SAO  61414|SKY# 18048|SRS  30352|SV* ZI   746|TYC 2496-1728-1|UBV    8897|UBV M  15299|[DS98] 117|2MASS J09210335+3423332|PLX 2223.00|Pul -3  560052|** STT  571A|WDS J09213+3426A|WEB  8697|Gaia DR2 702343774143350016"
"HIP 45941","* kap Vel",140.52840670833334,-55.01066713416667,"SB*","B2IV",5.7,0.3,-11.4,11.52,21.9,2.473,"TIC 387106852|HIP 45941|Gaia DR3 5310393535853560576|PLX 2237|SBC9 567|* kap Vel|CEL   3276|CPC 19  3421|CPD-54  2219|FK5  353|GC 12938|GCRV  6104|GEN# +1.00081188|GSC 08588-04200|HD  81188|HIC  45941|HR  3734|IRAS 09205-5447|JP11  1809|N30 2228|PPM 337874|ROT  1470|SAO 236891|SBC7   377|SKY# 18088|TD1 13872|TYC 8588-4200-1|UBV    8967|UBV M  15354|[B10]  2526|uvby98 100081188|2MASS J09220681-5500386|ALS 14934|PLX 2237.00|Renson 23050|WEB  8713|NAME Markeb"
"HIP 46390","* alf Hya",141.89684459585948,-8.658599531745583,"*","K3IIIa",18.09,0.18,-15.23,34.37,-4.561,1.97,"TIC 46799297|HIP 46390|Gaia DR2 5741512800984781824|PLX 2247|* alf Hya|*  30 Hya|BD-08  2680|CCDM J09277-0841A|CSI-08  2680  1|CSV 101049|FK5  354|GC 13044|GCRV  6136|GEN# +1.00081797|GSC 05460-01592|HD  81797|HIC  46390|HR  3748|IDS 09227-0814 A|IRAS 09251-0826|IRC -10217|JP11  1813|N30 2249|NAME Alphard|NSV  4496|PMC 90-93   253|PPM 192393|RAFGL 1353|ROT  1471|SACS 209|SAO 136871|SKY# 18272|SV* SVS    75|SV* P   621|TD1 13937|TYC 5460-1592-1|UBV    9023|UBV M  15411|YZ  98  3683|[HFE83]  657|[L91b] 151|2MASS J09273524-0839308|PLX 2247.00|WDS J09276-0840A|WEB  8768"
"HIP 46509","* tau01 Hya",142.28721402546,-2.76893945431,"SB*","F5V",54.9187,0.4523,116.374,-31.265,10.484,4.6,"TIC 77549389|GJ 348 A|HIP 46509|Gaia DR3 3837697972130323456|NSV 18209|PLX 2255|SBC9 2549|*  31 Hya|* tau01 Hya|AG-02  517|BD-02  2901|BDS  5109 A|CCDM J09291-0246A|CNS5 2345|GC 13080|GCRV  6145|GEN# +1.00081997A|HD  81997|HIC  46509|HR  3759|IDS 09240-0220 A|JP11  1818|N30 2254|PPM 177880|RBS   778|ROT  1476|SAO 136895|SKY# 18318|TD1 13964|UBV    9046|YPAC 158|YZ  92  3681|uvby98 100081997 A|1RXS J092909.4-024552|2MASS J09290891-0246083|WDS J09291-0246A|TYC 4885-1568-1|AKARI-IRC-V1 J0929089-024608|IRAS 09266-0232|** HJ 1167A|PMSC 09241-0219A|PMSC 09241-0219Aab|WEB  8777|Gaia DR2 3837697972130323456"
"HIP 46651","* psi Vel",142.67499823420744,-40.46673934507773,"**","F3VFe-0.7",53.15,0.37,-147.98,61.35,8.8,3.6,"TIC 5295337|HIP 46651|PLX 2268|* psi Vel|CCDM J09307-4028AB|CD-39  5580|CPC  0  7460|CPD-39  3651|CSI-39  5580 21|GC 13140|GCRV  6162|GSC 07696-02620|HD  82434|HIC  46651|HR  3786|IDS 09268-4002 AB|JP11  1826|LTT  3497|CNS5 2354|PPM 314390|ROT  1482|SAO 221234|SKY# 18385|TD1 14019|UBV    9092|UBV M  15489|WDS J09307-4028AB|** COP    1|1RXS J093041.9-402757|2MASS J09304200-4028004|uvby98 100082434|WEB  8804|NLTT 21964|GEN# +1.00082434"
"HIP 46733","* h UMa",142.88211696306456,63.06185995089555,"PM*","F0V",42.0904,0.1616,107.818,26.791,-1.38,3.67,"TIC 86336880|GJ 3559|HIP 46733|CNS5 2360|PLX 2253|* h UMa|*  23 UMa|ADS  7402 A|AG+63  544|BD+63   845|CCDM J09315+6303A|CSI+63   845  2|CSV 101051|FK5  355|GC 13109|GCRV  6154|GEN# +1.00081937A|GSC 04139-01304|HD  81937|HIC  46733|HR  3757|IDS 09236+6330 A|IRAS 09276+6316|IRC +60195|JP11  1816|N30 2258|NSV  4506|PMC 90-93   254|PPM  17085|RAFGL 4744S|ROT  1475|SAO  14908|SKY# 18412|SV* ZI   755|TD1 13954|TYC 4139-1304-1|UBV    9040|UBV M  15435|[HFE83]  660|uvby98 100081937 A|2MASS J09313170+6303427|PLX 2253.00|WDS J09315+6304A|WEB  8813|Gaia DR2 1064092789128664960|Gaia DR3 1064092789129355136|WISE J093131.89+630343.3|1RXS J093130.6+630341|** STF 1351A"
"HIP 46776","* tau02 Hya",142.99552477361,-1.1846713524799999,"*","A2V",5.5119,0.2766,-11.906,-2.198,1.7,4.548,"TIC 62687230|HIP 46776|Gaia DR3 3839656786454467072|*  32 Hya|* tau02 Hya|AG-00 1403|BD-00  2211|GC 13153|GCRV  6173|GEN# +1.00082446|GSC 04894-02528|HD  82446|HIC  46776|HR  3787|IRAS 09294-0057|JP11  1828|PPM 177895|ROT  1483|SAO 136932|SKY# 18436|TD1 14022|TYC 4894-2528-1|UBV    9095|UBV M  15492|YPAC 478|YZ  90  2884|uvby98 100082446|2MASS J09315892-0111046|PLX 2268.01|WEB  8823|Gaia DR2 3839656786454467072"
"HIP 46853","* tet UMa",143.21429555749293,51.67731480847444,"PM*","F7V",73.8284,0.2046,-942.567,-542.016,14.356,3.18,"TIC 150226696|GJ 354|HIP 46853|Gaia DR3 1018776176872261248|CNS5 2366|PLX 2266|SPOCS 2739|LSPM J0932+5140|ASCC  254182|2MASS J09325151+5140384|* tet UMa|*  25 UMa|AG+51  758|BD+52  1401|CSI+52  1401  1|Ci 20  534|FK5  358|GC 13157|GCRV  6175|HD  82328|HIC  46853|HR  3775|IRC +50198|JP11  1825|LFT  658|LHS   270|LTT 12519|N30 2266|NLTT 21999|NSV  4519|PM 09295+5154|PMC 90-93   257|PPM  32203|RAFGL 4746S|ROT  1479|SAO  27289|SBC7   381|SKY# 18471|TD1 14002|UBV    9077|UBV M  15473|[HFE83]  662|USNO-B1.0 1416-00216012|PLX 2266.00|TYC 3432-1451-1|CSI+52  1401  2|[RHG95]  1511|AKARI-IRC-V1 J0932504+514034|IRAS 09294+5154|WISE J093250.11+514032.4|IRAS F09294+5154|uvby98 100082328|WEB  8835|Gaia DR2 1018776176871826048|ADS  7420 A|GEN# +1.00082328|IDS 09262+5208 A|WDS J09329+5141A|** BU 1071A|CCDM J09329+5141A"
"HIP 46952","*  10 LMi",143.55575768679,36.39755806204,"RS*","G7.5IIIb",17.0738,0.1341,6.989,-22.729,-11.94,4.6,"TIC 188511154|HIP 46952|Gaia DR3 798883781282661248|*  10 LMi|AAVSO 0928+36|AG+36  939|BD+37  2004|FK5  360|GC 13203|GCRV  6192|GEN# +1.00082635|HD  82635|HIC  46952|HR  3800|IRAS 09311+3637|IRC +40208|JP11  1831|N30 2278|PMC 90-93   258|PPM  74607|RBS   785|ROT  1487|SAO  61570|SKY# 18508|TD1 14046|UBV    9120|UBV M  15516|V* SU LMi|[HFE83]  664|2MASS J09341338+3623513|1RXS J093413.8+362406|RX J0934.2+3624|[ZEH2003] RX J0934.2+3624  1|TYC 2500-1532-1|uvby98 100082635|WEB  8851|Gaia DR2 798883781282661248"
"HIP 47908","* eps Leo",146.46280673687792,23.77425377711222,"*","G1IIIa",14.3394,0.3209,-46.154,-10.799,4.322,2.98,"TIC 87974462|Gaia DR3 641662895638787584|HIP 47908|PLX 2310|*  17 Leo|* eps Leo|AG+24 1096|BD+24  2129|FK5  367|GC 13443|GCRV  6274|GEN# +1.00084441|GSC 01960-01550|HD  84441|HIC  47908|HR  3873|IRAS 09430+2400|IRC +20215|JP11  1858|N30 2334|NSV  4613|PMC 90-93   263|PPM  99836|ROT  1507|SAO  81004|SKY# 18864|SRS  30367|TD1 14240|TYC 1960-1550-1|UBV    9223|UBV M  15683|UBV M  16006|YPAC  42|[HFE83]  681|2MASS J09455108+2346273|PLX 2310.00|uvby98 100084441|WEB  8962|Gaia DR2 641662895637218304"
"HIP 48319","* ups UMa",147.74732523445957,59.03873362321777,"dS*","F0",28.3783,0.1529,-294.441,-151.663,33.46,3.81,"TIC 331900366|IDS 09439+5931 A|HIP 48319|Gaia DR3 1049765396704695936|PLX 2325|LSPM J0950+5902|ASCC  188585|USNO-B1.0 1490-00190459|* ups UMa|*  29 UMa|ADS  7534 A|AG+59  731|BD+59  1268|CCDM J09510+5902A|CSI+59  1268  1|FK5  368|GC 13540|GCRV  6302|GEN# +1.00084999|HD  84999|HIC  48319|HR  3888|IRC +60198|JP11  1870|LTT 12611|N30 2355|NLTT 22717|PMC 90-93   264|PPM  32349|ROT  1511|SAO  27401|SKY# 19020|TD1 14302|UBV    9251|UBV M  15725|V* ups UMa|[HFE83]  684|2MASS J09505935+5902192|PLX 2325.00|WDS J09510+5902A|TYC 3820-1522-1|IRAS 09474+5916|AKARI-IRC-V1 J0950589+590218|WISEA J095058.91+590217.9|** STT  521A|uvby98 100084999|WEB  9009|Gaia DR2 1049765392408423552"
"HIP 48356","* ups01 Hya",147.86947907884206,-14.846628713346947,"*","G7III",13.1263,0.3364,31.037,-26.862,-14.34,4.11,"TIC 396811649|Gaia DR3 5687035813759862272|HIP 48356|PLX 2336|*  39 Hya|* ups01 Hya|2E 0949.0-1435|2E  2191|2RE J095123-144925|2RE J0951-144|BD-14  2963|FK5 2786|GC 13570|GCRV  6316|GEN# +1.00085444|GSC 05487-01653|HD  85444|HIC  48356|HR  3903|IRAS 09490-1436|IRC -10226|JP11  1875|N30 2361|PPM 222116|ROT  1517|SACS 218|SAO 155542|SKY# 19036|TD1 14350|TYC 5487-1653-1|UBV    9273|UBV M  15755|YZ   0  5610|YZ 104  3979|[TDQ2000] NRX  7|2MASS J09512869-1450478|PLX 2336.00|1RXS J095128.5-145041|EUVE J0951-14.8|RX J0951.4-1450|NAME-IAU Zhang|WEB  9021|Gaia DR2 5687035813759479168"
"HIP 48402","* phi UMa",148.02647655093364,54.064332289441886,"**","A3IV",6.41,0.59,-6.0,19.16,-14.7,4.557,"TIC 331940649|GEN# +1.00085235|IDS 09453+5432 AB|HIP 48402|* phi UMa|PLX 2329|*  30 UMa|ADS  7545 AB|AG+54  740|BD+54  1331|CCDM J09521+5404AB|CSI+54  1331  1|GC 13559|GCRV  6312|GSC 03814-01752|HD  85235|HGAM    594|HIC  48402|HR  3894|JP11  1874|PPM  32355|ROT  1513|SAO  27408|SKY# 19054|TD1 14327|TYC 3814-1752-1|UBV    9261|UBV M  15740|YZ  54  3494|2MASS J09520639+5403517|PLX 2329.00|WDS J09521+5404AB|** STT  208|uvby98 100085235|CSI+54  1331  2|CSI+54  1331  3|IRAS 09486+5418|AKARI-IRC-V1 J0952063+540351|WEB  9026"
"HIP 48455","* mu. Leo",148.190904223595,26.00695118609,"PM*","K2IIIbCN1Ca1",26.0971,0.1974,-216.266,-55.125,13.647,3.88,"GES J09524561+2600243|TIC 82204610|AP J09524585+2600248|RAVE J095245.8+260025|GALAH 150204002101256|HIP 48455|Gaia DR3 643819484617141504|PLX 2338|LSPM J0952+2600|TYC 1964-1473-1|ASCC  680731|USNO-B1.0 1160-00169660|* mu. Leo|*  24 Leo|AG+26 1058|BD+26  2019|FK5  371|GC 13590|GCRV  6325|GEN# +1.00085503|HD  85503|HIC  48455|HR  3905|IRAS 09499+2614|IRC +30218|JP11  1879|LTT 12624|N30 2364|NLTT 22823|PMC 90-93   266|PPM  99922|RAFGL 1386|ROT  1518|SAO  81064|SKY# 19073|SRS  30371|TD1 14358|UBV    9276|UBV M  15761|YZ  26  5130|[GS83] 135|[L91b] 162|uvby98 100085503|2MASS J09524585+2600248|PLX 2338.00|NAME Rasalas|WEB  9034|Gaia DR2 643819484616249984"
"HIP 48774","* phi Vel",149.21558687068125,-54.567788190034165,"*","B5Ib",1.903,0.183,-13.378,4.11,13.9,3.45,"TIC 274684383|HIP 48774|Gaia DR3 5308225539451195520|* phi Vel|CCDM J09569-5434A|CEL   3412|CPC 19  3715|CPD-53  3075|CSI-53  3075 41|FK5  375|GC 13711|GCRV  6356|GEN# +1.00086440A|HD  86440|HIC  48774|HR  3940|IDS 09534-5406 A|JP11  1883|N30 2377|PPM 338507|ROT  1523|SAO 237522|SKY# 19194|TD1 14450|UBV    9331|UBV M  15846|[B10]  2674|uvby98 100086440 A|2MASS J09565173-5434041|ALS 14940|WDS J09569-5434A|TYC 8602-2024-1|GSC 08602-02024|[L69] 18  1|CD-53  3251|WEB  9069|Gaia DR2 5308225539443672064|IRAS 09550-5419|AKARI-IRC-V1 J0956517-543404"
"HIP 4889","* sig Psc",15.70456995008,31.804261676309995,"SB*","B9.5V",8.4535,0.0958,15.146,-30.878,10.4,5.5,"TIC 174326634|HIP 4889|Gaia DR3 314142055583243904|2MASS J01024909+3148152|SBC9 54|*  69 Psc|* sig Psc|AG+31   86|BD+31   168|EXO 0100.0+3132|GC  1253|GCRV   593|GEN# +1.00006118|HD   6118|HIC   4889|HR   291|PPM  65899|ROT   157|SAO  54374|SBC7    40|SKY#  1592|TD1   581|UBV     991|UBV M   7862|uvby98 100006118|TYC 2277-843-1|WEB   953|Gaia DR2 314142055583243904|*  40 And"
"HIP 48926","* eta Ant",149.71781426255,-35.8909728992,"PM*","F1V",30.0499,0.0776,-89.728,-15.945,24.43,5.222,"TIC 45883663|HIP 48926|Gaia DR3 5434468784453279616|PLX 2360|* eta Ant|CCDM J09589-3553A|CD-35  6050|CPC 18  4570|CPD-35  3857|CSI-35  6050 21|FK5  377|GC 13741|GCRV  6369|GEN# +1.00086629|GSC 07181-01572|HD  86629|HIC  48926|HR  3947|IDS 09546-3525 A|N30 2387|PMC 90-93   271|PPM 287133|SACS 222|SAO 200926|SKY# 19249|SRS  30377|TD1 14468|TYC 7181-1572-1|UBV    9340|UBV M  15862|uvby98 100086629|2MASS J09585228-3553275|PLX 2360.00|WDS J09589-3553A|Renson 24790|WEB  9087|IRAS 09567-3538|IRAS F09567-3538|AKARI-IRC-V1 J0958522-355327|Gaia DR2 5434468784453279616"
"HIP 4906","* eps Psc",15.735868263886667,7.8901331810086095,"PM*","G9IIIbFe-2",17.8074,0.182,-79.362,25.728,7.7008,4.28,"TIC 402024265|Gaia DR3 2577673177300873216|HIP 4906|AP J01025662+0753247|2MASS J01025662+0753247|PLX  209|* eps Psc|*  71 Psc|AG+07  116|BD+07   153|FK5   36|GC  1258|GCRV   596|GEN# +1.00006186|HD   6186|HIC   4906|HR   294|IRAS 01003+0737|IRC +10009|JP11   450|N30  206|PMC 90-93    26|PPM 144204|RAFGL 4076S|ROT   159|SAO 109627|SKY#  1601|TD1   589|UBV    1007|UBV M   7872|YZ   7   373|PLX  209.00|TYC  612-1446-1|WEB   963|Gaia DR2 2577673177300456192"
"HIP 49583","* eta Leo",151.83313496465667,16.762663324555,"sg*","A0Ib",1.7965,0.3051,-1.118,-0.655,2.82,3.41,"TIC 357308783|HIP 49583|Gaia DR3 622052899598187392|PLX 2380|*  30 Leo|* eta Leo|AG+17 1099|BD+17  2171|FK5  379|GC 13899|GCRV  6405|GSC 01412-01695|HD  87737|HIC  49583|HR  3975|IRAS 10046+1700|JP11  1892|MCW  549|N30 2412|NSV  4738|PMC 90-93   273|PPM 127121|ROT  1531|SAO  98955|SKY# 19483|SRS  30379|TD1 14568|TYC 1412-1695-1|UBV    9435|UBV M  15943|2MASS J10071994+1645455|PLX 2380.00|uvby98 100087737|WEB  9145|Gaia DR2 622052899597361920|GEN# +1.00087737|IDS 10019+1715 A|** WRH   18A|CCDM J10073+1646A|WDS J10073+1646A"
"HIP 49593","*  21 LMi",151.85734320951084,35.244695866788895,"dS*","A7V(n)",36.3218,0.1427,52.403,0.509,-13.86,4.49,"TIC 407589461|WISEA J100725.80+351441.0|AP J10072573+3514409|Gaia DR3 747570290871415680|GJ 378.3|GJ 9314|HIP 49593|FK5 2812|*  21 LMi|AG+35  991|BD+35  2110|CSV   6770|GC 13896|GCRV  6404|GEN# +1.00087696|GSC 02509-01343|HD  87696|HIC  49593|HR  3974|IRAS 10044+3529|JP11  1891|NSV  4736|PMC 90-93  1294|PPM  75005|ROT  1530|SAO  61874|SKY# 19487|TD1 14563|TYC 2509-1343-1|UBV    9434|UBV M  15942|YPAC 159|uvby98 100087696|2MASS J10072573+3514409|PLX 2378.01|WISE J100725.82+351441.5|WEB  9146|Gaia DR2 747570290871415680"
"HIP 49641","* alf Sex",151.98451569501,-0.37167036849000007,"*","A0III",7.6582,0.3736,-13.06,-9.669,6.47,4.49,"TIC 175299655|HIP 49641|Gaia DR3 3830286576563947136|PLX 2383|* alf Sex|*  15 Sex|AG-00 1467|BD+00  2615|FK5 2814|GC 13916|GCRV  6414|GEN# +1.00087887|GSC 04903-01750|HD  87887|HIC  49641|HR  3981|IRAS 10053-0007|JP11  1895|PPM 178090|ROT  1535|SAO 137366|SKY# 19501|TD1 14584|TYC 4903-1750-1|UBV    9451|UBV M  15958|YZ  90  3006|uvby98 100087887|2MASS J10075628-0022179|PLX 2383.00|WEB  9156|Gaia DR2 3830286576563311232"
"HIP 49669","* alf Leo",152.09296243828146,11.967208776100023,"PM*","B8IVn",41.13,0.35,-248.73,5.59,0.719522,1.4,"TIC 357348164|AP J10082229+1158018|GJ 9316 A|HIP 49669|PLX 2384|LSPM J1008+1158|ASCC  949713|USNO-B1.0 1019-00203254|* alf Leo|*  32 Leo|2E  2231|ADS  7654 A|AG+12 1199|BD+12  2149|CCDM J10083+1159A|CSI+12  2149  1|CSV 101099|FK5  380|GC 13926|GCRV  6417|GEN# +1.00087901A|CNS5 2491|HD  87901|HGAM    596|HIC  49669|HR  3982|IRAS 10056+1212|TIC 471011645|IRC +10226|JP11  1896|LTT 12716|N30 2414|NAME Regulus|NLTT 23490|NSV  4750|PMC 90-93   274|PPM 127140|RAFGL 4771S|ROT  1536|SAO  98967|SKY# 19511|SRS  30380|SV* ZI   793|TD1 14585|UBV    9452|UBV M  15960|YPAC  43|[HFE83]  708|uvby98 100087901 A|2MASS J10082229+1158018|WDS J10084+1158A|2E 1005.5+1213|TYC  833-1381-1|PMSC 10030+1227A|** STF 5006A|WEB  9160"
"HIP 49841","* lam Hya",152.6470357548103,-12.3541274788236,"SB*","K0IIIbCN0.5",30.0232,0.6973,-217.433,-74.373,19.4,3.61,"TIC 101134898|HIP 49841|Gaia DR3 3765867289804696960|PLX 2393|SBC9 602|* lam Hya|*  41 Hya|ADS  7671 A|BD-11  2820|CCDM J10106-1222A|CSI-11  2820  1|FK5  381|GC 13982|GCRV  6434|GEN# +1.00088284|HD  88284|HIC  49841|HR  3994|IDS 10057-1152 A|IRC -10233|JP11  1909|LTT  3721|N30 2424|NLTT 23604|PMC 90-93   275|PPM 222562|ROT  1540|SACS 225|SAO 155785|SBC7   395|SKY# 19583|TD1 14619|UBV    9474|UBV M  15991|YZC 11  3883|[HFE83]  711|2MASS J10103529-1221145|PLX 2393.00|WDS J10106-1221A|TYC 5485-1310-1|WEB  9179|Gaia DR2 3765867289804452608"
"HIP 50099","* ome Car",153.43425247860876,-70.0379064474,"Be*","B7III",8.2978,0.2439,-36.548,7.125,10.4,3.33,"TIC 453885273|Gaia DR3 5242895960110588160|HIP 50099|[JE82]  471|* ome Car|CPC 21.1  1713|CPD-69  1178|EM* CDS  757|FK5  385|GC 14074|GCRV  6465|GEN# +1.00089080|HD  89080|HIC  50099|HR  4037|IRAS 10125-6947|JP11  1922|N30 2434|PPM 370640|SAO 250885|SKY# 19674|TD1 14707|UBV    9531|UBV M  16088|[B10]  2733|uvby98 100089080|2MASS J10134421-7002164|ALS 14944|TYC 9214-2842-1|WEB  9211|Gaia DR2 5242895960104832768"
"HIP 50191","* q Vel",153.68398203349875,-42.12194134188417,"PM*","A2Va",31.6369,0.1684,-149.929,49.548,7.4,3.85,"TIC 102052882|Gaia DR3 5416916936743969152|HIP 50191|PLX 2407|* q Vel|CD-41  5713|CPC  0  8335|CPD-41  4418|FK5  382|GC 14076|GCRV  6466|GEN# +1.00088955|GSC 07716-03704|HD  88955|HIC  50191|HR  4023|JP11  1918|N30 2435|PPM 315161|ROT  1545|SACS 226|SAO 221895|SKY# 19707|TD1 14687|TYC 7716-3704-1|UBV    9520|UBV M  16069|uvby98 100088955|PLX 2407.00|AKARI-IRC-V1 J1014440-420718|IRAS 10126-4152|IRAS F10126-4152|2MASS J10144416-4207189|WEB  9221|Gaia DR2 5416916936742353280"
"HIP 50335","* zet Leo",154.17256318434792,23.417316988991107,"*","F0IIIa",14.0377,0.2883,21.161,-8.263,-12.32,3.41,"TIC 95360236|Gaia DR3 725422076533653504|HIP 50335|PLX 2412|*  36 Leo|* zet Leo|AG+23 1076|BD+24  2209|BDS  5368 A|CCDM J10166+2327A|CSI+24  2209  1|FK5  384|GC 14107|GCRV  6478|GEN# +1.00089025|GSC 01969-01261|HD  89025|HIC  50335|HR  4031|IDS 10110+2356 A|IRAS 10139+2340|IRC +20218|JP11  1921|N30 2440|NSV  4804|PMC 90-93   277|PPM 100220|RAFGL 1404|ROT  1552|SAO  81265|SKY# 19758|SRS  30384|TD1 14701|TYC 1969-1261-1|UBV    9527|UBV M  16081|YZ  23  3973|[HFE83]  716|uvby98 100089025|2MASS J10164142+2325023|PLX 2412.00|WDS J10167+2325A|NAME Adhafera|WEB  9242|Gaia DR2 725422076533653504"
"HIP 50371","* q Car",154.27073140194167,-61.33230464139612,"LP*","K2.5II",4.3046,0.1345,-25.587,5.812,8.2,3.35,"TIC 377497406|HIP 50371|Gaia DR3 5253347574087339776|PLX 2418|* q Car|AAVSO 1006-61B|CCDM J10171-6120A|CD-60  3010|CPC 20.1  2768|CPD-60  1817|CSI-60  1817 41|CSV  10115|FK5 1264|GC 14133|GCRV  6487|GEN# +1.00089388|GSC 08943-03447|HD  89388|HIC  50371|HR  4050|IDS 10137-6050 A|IRAS 10154-6104|JP11  1928|N30 2448|PPM 357895|SAO 250905|SKY# 19769|TYC 8943-3447-1|UBV    9547|UBV M  16116|V* V337 Car|uvby98 100089388|2MASS J10170497-6119564|SV* ZI   812|PLX 2418.00|WDS J10171-6120A|WEB  9246|Gaia DR2 5253347574048995584"
"HIP 50372","* lam UMa",154.27408023573,42.91441380519,"PM*","A1IV",14.4594,1.0195,-152.974,-49.462,13.82,3.45,"TIC 39734089|HIP 50372|Gaia DR3 805881416880407936|PLX 2411|ASCC  406466|LSPM J1017+4254|USNO-B1.0 1329-00267101|* lam UMa|*  33 UMa|AG+43  959|BD+43  2005|FK5  383|GC 14113|GCRV  6480|GEN# +1.00089021|GSC 03007-01286|HD  89021|HIC  50372|HR  4033|IRAS 10141+4309|JP11  1920|N30 2442|PMC 90-93   276|PPM  51795|ROT  1551|SAO  43268|SKY# 19770|TD1 14700|TYC 3007-1286-1|UBV    9526|UBV M  16079|[HFE83]  717|uvby98 100089021|2MASS J10170583+4254515|PLX 2411.00|Renson 25478|NAME Tania Borealis|WEB  9245|Gaia DR2 805881210721445504"
"HIP 50583","* gam Leo",154.99312733272745,19.84148521911754,"**","K1-III+G7IIIb",25.07,0.52,304.3,-154.28,-36.24,,"TIC 95431294|HIP 50583|* gam Leo|*  41 Leo|ADS  7724 AB|AG+20 1172|BD+20  2467|CCDM J10199+1951AB|CSI+20  2467  4|HIC  50583|IDS 10145+2021 AB|TIC 471011652|UBV    9555|Pul -3  660026|WDS J10200+1950AB|** STF 1424AB|2MASS J10195836+1950290|NAME Algieba|uvby98 100089484|GEN# +1.00089484|IRAS 10172+2005"
"HIP 50801","* mu. UMa",155.5821986521946,41.499538262575555,"SB*","M0III",17.7987,0.3933,-73.749,28.259,-21.3,3.05,"TIC 8172111|Gaia DR3 804753180515722624|HIP 50801|PLX 2430|SBC9 607|* mu. UMa|*  34 UMa|AAVSO 1016+42|AG+41  998|BD+42  2115|CSV 101121|FK5  386|GC 14232|GCRV  6517|GEN# +1.00089758|GSC 03004-01418|HD  89758|HIC  50801|HR  4069|IRAS 10193+4145|IRC +40218|JP11  1935|N30 2460|NSV  4829|PMC 90-93   278|PPM  51850|RAFGL 1411|SAO  43310|SBC7   397|SKY# 19925|SV* ZI   815|TD1 14776|TYC 3004-1418-1|UBV M  16152|UBV    9576|[DS98] 130|[HFE83]  721|2MASS J10221975+4129580|PLX 2430.00|NAME Tania Australis|WEB  9297|Gaia DR2 804753180515064576"
"HIP 51069","* mu. Hya",156.52260893978251,-16.836288604756664,"PM*","K4III",13.371,0.1945,-128.819,-80.185,40.81,3.81,"TIC 1530056|Gaia DR3 3748360796947806208|HIP 51069|PLX 2446|*  42 Hya|* mu. Hya|BD-16  3052|FK5  389|GC 14326|GCRV  6553|GEN# +9.00050021|GSC 06061-01134|HD  90432|HIC  51069|HR  4094|IRAS 10236-1634|IRC -20210|JP11  5928|JP11  5929|N30 2477|NSV 18402|PMC 90-93   281|PPM 222953|RAFGL 1416|ROT  1567|SAO 155980|SKY# 20038|TD1 14838|TYC 6061-1134-1|UBV    9637|UBV M  52000|USNO 834|YZ 106  4175|2MASS J10260542-1650105|PLX 2446.00|WEB  9336|RAVE J102605.7-165006|UCAC3 147-122477|UCAC4 366-056257|USNO-B1.0 0731-00275288|PPMX J102605.4-165010|Gaia DR2 3748360796947494912"
"HIP 51172","* alf Ant",156.7879193306,-31.06777913925,"PM*","K3III",8.9069,0.1513,-81.32,9.798,12.2,4.25,"TIC 53547349|HIP 51172|Gaia DR3 5449188358930264704|PLX 2452|* alf Ant|CD-30  8465|CPC 17  5084|CPD-30  3121|FK5  392|GC 14352|GCRV  6563|GEN# +1.00090610|GSC 07184-02065|HD  90610|HIC  51172|HR  4104|IRAS 10248-3048|IRC -30164|JP11  1951|N30 2482|NSV  4862|PMC 90-93   283|PPM 287713|SAO 201405|SKY# 20072|SRS  30392|TYC 7184-2065-1|UBV    9659|UBV M  16238|YZ 120  6900|2MASS J10270911-3104039|PLX 2452.00|WEB  9355|Gaia DR2 5449188358926934016"
"HIP 51232","* s Car",156.96970738780956,-58.73940617500779,"*","F2II",2.1111,0.1516,-14.023,2.314,9.4,3.81,"TIC 464741528|HIP 51232|Gaia DR3 5255378028454342272|PLX 2460|* s Car|AAVSO 1024-58C|CD-58  3286|CEL   3546|CPC 20  2995|CPD-58  2227|CSV   6788|FK5  393|GC 14388|GCRV  6572|GEN# +1.00090853|GSC 08613-03363|HD  90853|HIC  51232|HR  4114|IRAS 10260-5828|JP11  1953|N30 2491|NSV  4869|PPM 339063|ROT  1576|SACS 231|SAO 238085|SKY# 20094|SRS  30393|TD1 14881|TYC 8613-3363-1|UBV    9678|UBV M  16270|uvby98 100090853|2MASS J10275273-5844219|PLX 2460.00|WEB  9364|Gaia DR2 5255378028452164096"
"HIP 51233","* bet LMi",156.97083166458333,36.707210010555556,"**","G9III",21.19,0.5,-127.68,-110.31,8.94679,4.21,"TIC 8200881|AP J10275302+3642259|GEN# +1.00090537|HIP 51233|Gaia DR3 754644862217132160|PLX 2450|SBC9 612|HR  4100|LSPM J1027+3642|ASCC  491216|2MASS J10275302+3642259|USNO-B1.0 1267-00190812|*  31 LMi|* bet LMi|ADS  7780 AB|AG+36 1001|BD+37  2080|CCDM J10279+3642AB|CSI+37  2080  1|FK5  390|GC 14358|GCRV  6566|GSC 02517-01209|HD  90537|HIC  51233|IRC +40219|JP11  1948|N30 2485|PMC 90-93   282|PPM  75233|ROT  1569|SAO  62053|SBC7   401|SKY# 20095|SRS  30390|TD1 14851|TYC 2517-1209-1|UBV    9650|UBV M  16227|[HFE83]  727|PLX 2450.00|WDS J10279+3642AB|** HU  879|CSI+37  2080  2|CSI+37  2080  3|AKARI-IRC-V1 J1027529+364225|IRAS 10249+3657|WISEA J102752.92+364225.0|uvby98 100090537|WEB  9363"
"HIP 51437","* bet Sex",157.57283454121,-0.63703181611,"a2*","B6V",8.8899,0.1477,-39.29,-23.582,11.6,5.1,"TIC 8002833|HIP 51437|Gaia DR3 3782940437640705408|* bet Sex|*  30 Sex|AG-00 1510|BD+00  2663|FK5 2841|GC 14431|GCRV  6588|GEN# +1.00090994|GSC 04912-01381|HD  90994|HIC  51437|HR  4119|JP11  1954|PMC 90-93  1300|PPM 178201|ROT  1579|SAO 137608|SKY# 20167|TD1 14896|TYC 4912-1381-1|UBV    9684|UBV M  16286|V* bet Sex|YPAC 253|YZ  90  3071|2MASS J10301748-0038133|Renson 26165|uvby98 100090994|WEB  9388|Gaia DR2 3782940437640705408"
"HIP 5165","* bet Phe",16.520997989851963,-46.71841069311463,"**","G8III",0.12,14.62,-80.81,34.97,-1.1,3.3,"TIC 102034623|WISEA J010605.07-464306.3|HIP 5165|PLX  220|WDS J01061-4643AB|* bet Phe|CCDM J01061-4643AB|CD-47   324|CPC  0   500|CPD-47   129|CSI-47   129 41|CSV 100087|GC  1335|GCRV   634|GSC 08032-01228|HD   6595|HIC   5165|HR   322|IDS 01016-4715 AB|IRAS 01038-4659|JP11   458|N30  218|NSV   400|PPM 305559|SAO 215365|SKY#  1677|SV* ZI    53|TD1   630|UBV    1121|UBV M   7939|[CS62] E1  61|2MASS J01060508-4643062|PLX  220.00|1RXS J010605.9-464309|RX J010605.9-464309|** SLR    1|** HJ 3417AB|uvby98 100006595|WEB  1077|GEN# +1.00006595|UCAC4 217-001061|WISE J010605.14-464305.4"
"HIP 51839","* gam Cha",158.86710645807833,-78.60778853923416,"*","K4III",7.3514,0.1416,-37.929,11.234,-22.4,4.12,"TIC 394658768|HIP 51839|Gaia DR3 5199386085968886528|2MASS J10352809-7836283|PLX 2492|* gam Cha|FK5  401|CD-77   454|CPC 21.3  1255|CPD-77   622|GC 14604|GCRV  6630|GEN# +1.00092305|GSC 09401-01714|HD  92305|HIC  51839|HR  4174|IRAS 10348-7820|JP11  1979|N30 2519|NSV  4913|PPM 370783|SAO 256731|SKY# 20313|SV* BV   441|TYC 9401-1714-1|UBV    9782|[DS98] 137|PLX 2492.00|WEB  9443|Gaia DR2 5199386085968258176"
"HIP 51986","* p Vel",159.32562683256418,-48.225666185895,"SB*","kA5hF0VpSr",37.4339,0.7217,-164.161,-0.183,21.2,3.84,"TIC 303297349|Gaia DR3 5364580148905328256|UCAC4 209-048348|WISE J103717.90-481332.4|GEN# +1.00092139|HIP 51986|PLX 2489|SBC9 623|* p Vel|CCDM J10373-4814AB|CD-47  6042|CPC  0  8752|CPD-47  4373|GC 14614|GCRV  6633|HD  92139|HD  92140|HIC  51986|HR  4167|IDS 10331-4742 AB|IRAS 10351-4757|JP11  1976|N30 2520|PPM 315541|ROT  1593|SAO 222199|SBC7   410|SKY# 20368|TD1 15002|UBV    9764|UBV M  16402|PLX 2489.00|WDS J10373-4814AB|TYC 8201-3337-1|** SEE  119|Renson 26490|1RXS J103717.9-481333|2MASS J10371812-4813321|PMSC 10331-4742|uvby98 100092139|WEB  9482|Gaia DR2 5364580148903904512"
"HIP 52419","* tet Car",160.73917486416664,-64.39445022111111,"SB*","B0Vp",7.16,0.21,-18.36,12.03,459.7,2.76,"TIC 390442076|GES J10425736-6423398|HIP 52419|Gaia DR3 5239828735016184448|Cl* IC 2602      W      18|SBC9 631|* tet Car|2E  2309|CEL   3659|CPC 21  2210|CPD-63  1599|FK5  406|GC 14755|GCRV  6678|GEN# +3.26020037|HD  93030|HIC  52419|HR  4199|IC 2602   37|JP11  4482|N30 2542|PPM 358184|ROT  3699|SAO 251083|SKY# 20522|TD1 15097|UBV    9865|UBV M  38864|[B10]  2862|[RSP95]  60|uvby98 326020037|ALS 14951|1RXS J104257.1-642339|2E 1041.1-6407|EUVE J1042-64.3|RX J1042.9-6423|2MASS J10425739-6423400|TYC 8965-1765-1|IRAS 10411-6407|Renson 26850|AKARI-IRC-V1 J1042573-642339|WEB  9545"
"HIP 52468","* w Car",160.88453953976,-60.566620770969166,"LP?","K4III",2.2008,0.1027,-15.425,2.872,9.1,4.545,"TIC 390675012|HIP 52468|Gaia DR3 5254185333179488768|PLX 2510|* w Car|CD-59  3262|CPC 20.1  2918|CPD-59  2532|CSV 101156|GC 14762|GCRV  6683|GEN# +1.00093070|GSC 08957-04262|HD  93070|HIC  52468|HR  4200|IRAS 10416-6018|JP11  1991|NSV  4951|PPM 358201|SAO 251090|SKY# 20543|SV* ZI   845|TYC 8957-4262-1|UBV    9869|UBV M  16477|V* V520 Car|uvby98 100093070|2MASS J10433228-6033598|PLX 2510.00|WEB  9556|Gaia DR2 5254185333222868352"
"HIP 52727","* mu. Vel",161.69239624144333,-49.420259938983605,"PM*","G6III",29.0506,0.2991,68.537,-48.819,6.2,2.69,"TIC 272884654|HIP 52727|CD-48  5913A|CPD-48  3516A|CSI-48  5913 22|IDS 10425-4854 A|WDS J10468-4925A|* mu. Vel A|HD  93497A|** R  155A|CCDM J10468-4925A|TYC 8206-3033-1|Gaia DR3 5361403934691772160|* mu. Vel|2E  2326|2RE J1046-492|2RE J104645-492507|CD-48  5913|CPC  0  8910|CPD-48  3516|CSI-48  5913 21|GC 14842|GCRV  6705|GSC 08206-03033|HD  93497|HIC  52727|HR  4216|IRAS 10446-4909|JP11  1997|N30 2552|PPM 315716|RE J104646-492505|RE J1046-492|RE J104648-492459|SAO 222321|SKY# 20647|TD1 15134|UBV    9912|UBV M  16507|2MASS J10464619-4925128|1ES 1044-49.1|1RXS J104645.7-492518|2E 1044.6-4909|2EUVE J1046-49.4|EUVE J1046-49.4|** R  155|** RU  155|WEB  9599|Gaia DR2 5361403934681413248|GEN# +1.00093497"
"HIP 52943","* nu. Hya",162.4062010556029,-16.193647060365556,"PM*","K1.5IIIHdel-0.5",23.794,0.1695,92.912,199.642,-1.37,3.11,"TIC 410067602|Gaia DR3 3557567320183657472|HIP 52943|PLX 2521|* nu. Hya|BD-15  3138|FK5  410|GC 14898|GCRV  6726|GEN# +1.00093813|HD  93813|HIC  52943|HR  4232|IRAS 10471-1555|IRC -20217|JP11  1998|LTT  3973|N30 2560|NLTT 25444|PMC 90-93   294|PPM 223512|RAFGL 1438|ROT  1618|SACS 239|SAO 156256|SKY# 20731|TD1 15170|UBV    9947|UBV M  16536|YZ 105  4314|[HFE83]  752|2MASS J10493747-1611375|PLX 2521.00|TYC 6075-1831-1|WEB  9633|Gaia DR2 3557567320182443008|*   4 Crt"
"HIP 53229","*  46 LMi",163.32787152823542,34.214892133082785,"PM*","K0+III-IV",32.921,0.1775,90.625,-278.664,15.69,3.83,"TIC 85321185|Gaia DR3 738259665062428416|HIP 53229|PLX 2532|LSPM J1053+3412|ASCC  585315|USNO-B1.0 1242-00184835|*  46 LMi|AG+34 1112|BD+34  2172|FK5  412|GC 14961|GCRV  6745|GEN# +1.00094264|GSC 02521-02271|HD  94264|HIC  53229|HR  4247|IRAS 10505+3428|IRC +30226|JP11  2003|LTT 12905|N30 2564|NLTT 25614|NSV  4999|PMC 90-93   295|PPM  75534|RAFGL 1440|ROT  1624|SAO  62297|SKY# 20842|SRS  30412|TD1 15212|TYC 2521-2271-1|UBV    9986|UBV M  16582|[GS83] 118|[HFE83]  758|2MASS J10531870+3412538|PLX 2532.00|Pul -3  740423|NAME Praecipua|WEB  9661|Gaia DR2 738259665062173440"
"HIP 53253","* u Car",163.37356713128625,-58.85317036981778,"PM*","K0IV",33.5225,0.0934,78.169,38.8,8.1,3.79,"TIC 459678581|GJ 404.1|GJ 9339|HIP 53253|Gaia DR3 5338833263117260672|PLX 2541|* u Car|CCDM J10535-5851A|CD-58  3625|CPC 20  3211|CPD-58  2834|CSV   6804|GC 14980|GCRV  6756|GEN# +1.00094510|GSC 08627-03091|HD  94510|HIC  53253|HR  4257|IDS 10494-5819 A|IRAS 10514-5835|JP11  2005|N30 2567|NSV  5011|PPM 339549|SAO 238574|SKY# 20847|TYC 8627-3091-1|UBV   10003|UBV M  16618|2MASS J10532966-5851113|1RXS J105328.6-585107|WDS J10535-5851A|WEB  9669|Gaia DR2 5338833263115792512"
"HIP 5348","* zet Phe",17.09616910146708,-55.24576000440916,"SB*","B6V+B9V",11.208,0.3468,20.375,31.739,15.4,4.014,"TIC 358232450|RAVE J010823.1-551445|Gaia DR3 4913847589156808960|V* zet Phe|UBV M   7984|UBV   21730|TD1   666|SKY#  1749|SBC7    44|SAO 232306|ROT   177|PPM 330793|N30  230|JP11   476|HR   338|HIC   5348|HD   6882|GSC 08476-01302|GCRV   662|GC  1387|CSI-55   241 41|CPD-55   241|CPC 19   361|CMC  232306|CD-55   267|* zet Phe|HIP 5348|SBC9 60|PMSC 01042-5546|CSI-55   241 44|** RMK    2AB|** RST 1205|WDS J01084-5515AB|CCDM J01084-5515AB|2MASS J01082304-5514447|TYC 8476-1302-1|IDS 01042-5547 AB|CSI-55   241 43|uvby98 100006882|GEN# +1.00006882|NAME-IAU Wurren|WEB  1158|Gaia DR2 4913847589156808960"
"HIP 5364","* eta Cet",17.14746388517208,-10.18226442669,"HB*","K2-IIIb",27.0603,0.1799,215.922,-139.029,11.1,3.45,"TIC 408048857|Gaia DR3 2470140321630664064|GJ 3075|HIP 5364|2MASS J01083539-1010560|PLX  233|* eta Cet|*  31 Cet|BD-10   240|CCDM J01085-1010A|CSI-10   240  1|FK5   40|GC  1384|GCRV   660|GEN# +1.00006805|HD   6805|HIC   5364|HR   334|IDS 01035-1042 A|IRC -10018|JP11   465|LTT   645|N30  229|NLTT  3797|PPM 209790|RAFGL  161|ROT   173|SACS  19|SAO 147632|SKY#  1754|TD1   652|UBV    1165|UBV M   7970|YZC 11   229|Gaia DR2 2470140321628277504|PLX  233.00|IRAS 01060-1026|WDS J01086-1011A|** BUP   16A|TYC 5273-2657-1|WEB  1165"
"HIP 53740","* alf Crt",164.94360481576166,-18.298786220615558,"PM*","K0IIIb",20.3693,0.1704,-462.303,128.614,47.54,4.07,"TIC 437232382|HIP 53740|Gaia DR3 3553136288324444544|PLX 2562|* alf Crt|*   7 Crt|BD-17  3273|Ci 20  602|FK5 1283|GC 15106|GCRV  6795|GEN# +1.00095272|HD  95272|HIC  53740|HR  4287|IRAS 10573-1801|IRC -20221|JP11  2016|LTT  4040|N30 2586|NLTT 25942|PMC 90-93   884|PPM 223763|ROT  1641|SAO 156375|SKY# 21011|TD1 15285|UBV   10058|UBV M  16693|YZ 108  4363|[GS83] 123|uvby98 100095272|2MASS J10594651-1817560|PLX 2562.00|TYC 6079-1901-1|RAVE J105946.5-181756|NAME Alkes|WEB  9736|Gaia DR2 3553136288323783680"
"HIP 53910","* bet UMa",165.46033229797294,56.382433649496384,"PM*","A1IVps",38.6031,1.1285,79.959,32.365,-13.1,2.37,"TIC 141120277|Gaia DR3 856096765753549056|GJ 9343|HIP 53910|CNS5 2693|PLX 2567|*  48 UMa|* bet UMa|AAVSO 1055+56|AG+56  832|BD+57  1302|CEL   3775|CSV 101172|FK5  416|GC 15145|GCRV  6809|GEN# +1.00095418|GSC 03827-01079|HD  95418|HGAM    601|HIC  53910|HR  4295|IRAS 10588+5639|TIC 471011677|IRC +60206|JP11  2018|N30 2593|NAME Merak|NSV  5053|PMC 90-93   298|PPM  32912|ROT  1646|SAO  27876|SKY# 21076|SV* ZI   863|TD1 15303|TYC 3827-1079-1|UBV   10075|UBV M  16711|[HFE83]  770|uvby98 100095418|2MASS J11015046+5622566|PLX 2567.00|Renson 27493|WEB  9758|Gaia DR2 856096765752993280"
"HIP 54061","* alf UMa",165.9319646738126,61.751034687818226,"SB*","G9III+A7.5",26.54,0.48,-134.11,-34.7,-9.4,1.79,"TIC 99843265|HIP 54061|PLX 2575|SBC9 648|LSPM J1103+6145|ASCC  128139|USNO-B1.0 1517-00189768|* alf UMa|*  50 UMa|ADS  8035 AB|AG+62  691|BD+62  1161|CCDM J11037+6145AB|CSI+62  1161  1|CSV 101174|FK5  417|GC 15185|GCRV  6819|HD  95689|HIC  54061|HR  4301|IRAS 11006+6201|TIC 471011681|IRC +60208|JP11  2021|N30 2598|NAME Dubhe|NSV  5070|PMC 90-93   299|PPM  17705|RAFGL 1454|ROT  1650|SAO  15384|SBC7   421|SKY# 21122|SV* ZI   866|TD1 15325|UBV M  16729|UBV   10086|USNO 838|[HFE83]  772|2MASS J11034364+6145034|PLX 2575.00|WDS J11037+6145AB|PMSC 10576+6217|** BU 1077AB|uvby98 100095689|WEB  9776|GEN# +1.00095689"
"HIP 54463","* x Car",167.147453191,-58.975038633492225,"cC*","G5_0-Ia",0.2228,0.1004,-5.863,1.57,6.0,3.83,"TIC 306916925|HIP 54463|Gaia DR3 5337891256535666176|PLX 2595|* x Car|CPC 20  3325|CPD-58  3189|CSV   6820|FK5 1289|GC 15329|GCRV  6855|GEN# +1.00096918|GSC 08628-02484|HD  96918|HIC  54463|HR  4337|IRAS 11064-5842|IRSV 1106-5842|JP11  2033|MSX5C G290.0075+01.2915|N30 2623|NSV  5103|PPM 339804|ROT  1660|SACS 243|SAO 238813|SKY# 21262|TYC 8628-2484-1|UBV   10181|UBV M  16832|V* V382 Car|2MASS J11083542-5858300|PLX 2595.00|Cl Loden  282     1|CD-58  3855|uvby98 100096918|WEB  9832|Gaia DR2 5337891256534972416"
"HIP 5447","* bet And",17.43301617293042,35.62055765052624,"PM*","M0+IIIa",16.52,0.56,175.9,-112.2,0.608782,2.05,"TIC 174500619|AP J01094391+3537137|IDS 01041+3505 A|GJ 53.3|GJ 9044|HIP 5447|2MASS J01094391+3537137|PLX  238|LSPM J0109+3537|TYC 2286-1329-1|ASCC  457661|USNO-B1.0 1256-00017957|* bet And|*  43 And|ADS   949 A|AG+35  106|BD+34   198|CCDM J01097+3537A|CSI+34   198  1|CSV 100088|FK5   42|GC  1400|GCRV   666|GEN# +1.00006860|HD   6860|HIC   5447|HR   337|IRAS 01069+3521|IRC +40019|JP11   470|LTT 10420|N30  232|NLTT  3848|NSV   414|PMC 90-93    29|PPM  66010|RAFGL  164|SAO  54471|SKY#  1772|SRS  30042|TD1   662|UBV    1186|UBV M   7980|[DS98]  16|[HFE83]   55|PLX  238.00|Pul -3   90190|WDS J01097+3537A|WEB  1192|Karmn J01097+356|NAME Mirach"
"HIP 54539","* psi UMa",167.41586789931586,44.49848775473417,"PM*","K1III",23.2272,0.2513,-62.62,-27.778,-3.39,3.01,"TIC 157847644|Gaia DR3 779106556394253824|HIP 54539|* psi UMa|*  52 UMa|AG+44  991|BD+45  1897|FK5  420|GC 15340|GCRV  6861|GEN# +1.00096833|GSC 03012-02519|HD  96833|HIC  54539|HR  4335|IRAS 11068+4446|IRC +40224|JP11  2032|N30 2626|PMC 90-93   302|PPM  52277|RAFGL 1460|ROT  1659|SAO  43629|SKY# 21284|TD1 15408|TYC 3012-2519-1|UBV   10178|UBV M  16824|[GS83] 127|[HFE83]  779|uvby98 100096833|2MASS J11093979+4429544|WEB  9845|Gaia DR2 779106556393853312"
"HIP 54682","* bet Crt",167.91449465302,-22.82584804833,"SB*","A1V",10.3043,0.1166,7.827,-102.911,8.13,4.449,"TIC 429304663|GJ 416.1|GJ 9352|HIP 54682|Gaia DR3 3537996837843690496|2RXF J111139.3-224936|PLX 2605|* bet Crt|*  11 Crt|2RE J1111-224|2RE J111139-224901|BD-22  3095|CD-22  8743|CPD-22  4900|FK5  421|GC 15385|GCRV  6877|GEN# +1.00097277|GSC 06649-01274|HD  97277|HIC  54682|HR  4343|IRAS 11091-2233|JP11  2035|N30 2631|PMC 90-93   303|PPM 258664|RBS   948|RE J111140-224934|RE J1111-224|ROT  1664|SACS 244|SAO 179624|SKY# 21333|TD1 15445|TYC 6649-1274-1|UBV   10207|UBV M  16858|YZ 112  8674|uvby98 100097277|2MASS J11113949-2249325|PLX 2605.00|1RXS J111140.4-224933|2EUVE J1111-22.8|EUVE J1111-22.8|RX J1111.7-2250|WD 1109-225|WEB  9872|Gaia DR2 3537996837843690496"
"HIP 54872","* del Leo",168.52708926588556,20.523718139047475,"PM*","A5IV(n)",55.82,0.25,143.42,-129.88,-20.9,2.53,"TIC 159523958|GJ 419|HIP 54872|Gaia DR3 3990320597065899776|PLX 2614|LSPM J1114+2031|ASCC  776748|USNO-B1.0 1105-00197091|* del Leo|*  68 Leo|AG+20 1243|BD+21  2298|CSI+21  2298  1|CSV 101190|FK5  422|GC 15438|GCRV  6892|GEN# +1.00097603|CNS5 2742|HD  97603|HGAM    602|HIC  54872|HR  4357|IRC +20226|JP11  2038|LTT 13027|N30 2637|NLTT 26691|NSV  5143|PMC 90-93   304|PPM 100996|ROT  1671|SAO  81727|SKY# 21407|SRS  30422|SV* ZI   877|TD1 15474|UBV   10242|UBV M  16901|YPAC  46|uvby98 100097603|2MASS J11140651+2031258|PLX 2614.00|TYC 1439-2479-1|NAME Zosma|WEB  9902|Gaia DR2 3990320597065664384|TIC 903621263"
"HIP 54879","* tet Leo",168.56002362722833,15.429571086424442,"PM*","A2IV",20.316,0.3262,-60.538,-78.675,7.536,3.35,"TIC 77172923|Gaia DR3 3970052886914547712|HIP 54879|PLX 2615|*  70 Leo|* tet Leo|AG+15 1219|BD+16  2234|FK5  423|GC 15441|GCRV  6894|GEN# +1.00097633|GSC 01437-02847|HD  97633|HIC  54879|HR  4359|JP11  2040|N30 2638|NSV  5144|PMC 90-93   305|PPM 128087|ROT  1672|SAO  99512|SKY# 21410|SRS  30423|TD1 15476|TYC 1437-2847-1|UBV   10244|UBV M  16907|uvby98 100097633|2MASS J11141442+1525466|PLX 2615.00|Renson 28150|Gaia DR2 3970052886914307200|NAME Chertan|WEB  9905"
"HIP 55282","* del Crt",169.83519729807168,-14.778539835960277,"PM*","G9IIICH0.5",17.017,0.1617,-122.958,207.083,-4.94,3.56,"TIC 335378088|Gaia DR3 3561350430457837056|HIP 55282|PLX 2630|* del Crt|*  12 Crt|BD-13  3345|FK5  426|GC 15567|GCRV  6931|GEN# +1.00098430|HD  98430|HIC  55282|HR  4382|IRAS 11168-1430|IRC -10253|JP11  2050|LTT  4188|N30 2656|NLTT 26998|PMC 90-93   308|PPM 224248|RAFGL 1477|ROT  1683|SACS 248|SAO 156605|SKY# 21547|TD1 15534|UBV M  16975|UBV   10301|YZ 104  4461|YZ   0  5361|[HFE83]  790|2MASS J11192047-1446427|PLX 2630.00|TYC 5514-1423-1|WEB  9958|Gaia DR2 3561350430457462144"
"HIP 55687","* eps Crt",171.15246338381,-10.85932652882,"*","K4III",8.178,0.1653,-25.154,24.689,2.0,4.802,"TIC 286363768|HIP 55687|Gaia DR3 3589693744277156992|* eps Crt|*  14 Crt|BD-10  3260|GC 15665|GCRV  6962|GEN# +1.00099167|GSC 05512-01389|HD  99167|HIC  55687|HR  4402|IRAS 11220-1035|IRC -10254|PPM 224361|RAFGL 1483|ROT  1697|SAO 156658|SKY# 21670|TYC 5512-1389-1|UBV   10345|UBV M  17041|YZ   0  5049|YZC 11  4280|2MASS J11243658-1051334|WEB 10009|Gaia DR2 3589693744276900224"
"HIP 55705","* gam Crt",171.2205150667429,-17.684011879005833,"PM*","A7V(n)",37.7065,0.1972,-96.811,3.65,0.58,4.06,"TIC 334849779|WISEA J112452.86-174102.4|Gaia DR3 3546521385854108928|HIP 55705|PLX 2644|* gam Crt|*  15 Crt|BD-16  3244|CSI-16  3244  1|FAUST 2891|FK5  431|GC 15669|GCRV  6963|HD  99211|HIC  55705|HR  4405|JP11  2058|N30 2673|PMC 90-93   311|PPM 224369|ROT  1698|SACS 252|SAO 156661|SKY# 21677|TD1 15605|UBV   10348|UBV M  17044|YZ 107  4487|PLX 2644.00|TYC 6088-2155-1|AKARI-IRC-V1 J1124528-174102|IRAS 11223-1724|IRAS F11223-1724|UCAC3 145-133485|UCAC4 362-059873|2MASS J11245298-1741025|WISE J112452.89-174102.2|CSI-16  3244  2|uvby98 100099211|WEB 10012|Gaia DR2 3546521385853638912|1RXS J112453.3-174034|CCDM J11249-1741A|** HJ  840A|IDS 11199-1708 A|ADS  8153 A|GEN# +1.00099211|WDS J11249-1741A"
"HIP 56211","* lam Dra",172.85092364299916,69.33107573011195,"*","M0III-IIIaCa1",8.6458,0.1446,-41.24,-18.851,6.6,3.85,"TIC 153949068|Gaia DR3 1061909811871141504|HIP 56211|PLX 2661|*   1 Dra|* lam Dra|AAVSO 1125+69|AG+69  475|BD+70   665|CSV 101207|DO 33717|FK5  433|GC 15799|GCRV  7012|GEN# +1.00100029|GSC 04392-01805|HD 100029|HIC  56211|HR  4434|IRAS 11284+6936|IRC +70107|JP11  2064|N30 2699|NSV  5231|PMC 90-93   313|PPM  17889|RAFGL 1494|SAO  15532|SKY# 21859|SV* ZI   888|TYC 4392-1805-1|UBV   10401|UBV M  17130|[DS98] 152|[HFE83]  805|2MASS J11312419+6919520|PLX 2661.00|NAME Giausar|WEB 10100|Gaia DR2 1061909811869836928"
"HIP 56343","* ksi Hya",173.25047887756918,-31.857624437632783,"**","G7IIIb",24.9632,0.1661,-210.158,-41.203,-4.599,3.54,"TIC 57570218|RAVE J113300.1-315127|GALAH 131220004401099|Gaia DR3 3478394889483944320|HIP 56343|PLX 2671|* ksi Hya|CCDM J11330-3152A|CD-31  9083|CPC 17  5711|CPD-31  3293|CSI-31  9083 21|FK5  434|GC 15845|GCRV  7028|GEN# +1.00100407|HD 100407|HIC  56343|HR  4450|IDS 11281-3118 A|IRAS 11305-3134|IRC -30178|JP11  2069|LTT  4265|N30 2702|NLTT 27745|PMC 90-93   314|PPM 289049|SACS 255|SAO 202558|SKY# 21904|SRS  30434|TD1 15713|UBV   10427|UBV M  17173|[TDQ2000] TRX 22|uvby98 100100407|2MASS J11330013-3151273|1RXS J113259.7-315127|RX J1132.9-3151|WDS J11330-3151A|TYC 7216-1261-1|GES J11325994-3151279|** HJ 4449A|** WSI  102|WDS J11330-3151Aa,Ab|WEB 10131|Gaia DR2 3478394889482871936|*  19 Crt"
"HIP 56480","* A Cen",173.69023485487747,-54.26409310423222,"Be*","B9V",8.1091,0.1342,-55.538,16.162,5.7,4.607,"TIC 452163402|HIP 56480|Gaia DR3 5344985442961439872|[JE82]  590|* A Cen|CPC 19  4366|CPD-53  4637|EM* CDS  861|FK5 2926|GC 15877|GCRV  7042|GEN# +1.00100673|GSC 08630-02190|HD 100673|HIC  56480|HR  4460|IRAS 11323-5359|JP11  2075|N30 2706|PPM 340211|ROT  1721|SAO 239189|SKY# 21934|TD1 15733|TYC 8630-2190-1|UBV   10443|UBV M  17198|[B10]  3048|uvby98 100100673|2MASS J11344566-5415507|WEB 10149|Gaia DR2 5344985442958027648"
"HIP 56561","* lam Cen",173.94532537821,-63.01983499360999,"*","B9III",8.277,0.2537,-33.863,-7.236,-3.107,3.14,"TIC 290794924|HIP 56561|Gaia DR3 5333974693006467328|* lam Cen|2E  2485|2RE J113550-630125|2RE J1135-630|CCDM J11358-6301A|CEL   3921|CPC 20.1  3245|CPD-62  2127|CSI-62  2127 41|EUVE J1135-63.0|FK5  436|GC 15899|GCRV  7050|GEN# +1.00100841A|GSC 08976-05383|HD 100841|HIC  56561|HR  4467|IDS 11312-6228 A|IRAS 11334-6244|IRSV 1133-6244|JP11  2076|N30 2710|PPM 358820|SAO 251472|SKY# 21963|TD1 15745|TYC 8976-5383-1|UBV   10457|UBV M  17212|[B10]  3054|uvby98 100100841 A|2MASS J11354688-6301114|ALS 15411|2E 1133.3-6244|1RXS J113547.5-630120|WEB 10166|Gaia DR2 5333974693000397952|WDS J11358-6301A|[TSA98] J113543.07-630113.09|** RST 3746A"
"HIP 56633","* tet Crt",174.17045502168125,-9.802222701550557,"PM*","B9.5V",10.8503,0.1871,-59.995,3.959,-4.24,4.673,"TIC 185240613|Gaia DR3 3587107658569000960|HIP 56633|* tet Crt|*  21 Crt|BD-08  3202|FK5 1299|GC 15921|GCRV  7056|GEN# +1.00100889|GSC 05510-01508|HD 100889|HIC  56633|HR  4468|IRAS 11341-0931|JP11  2077|N30 2712|PMC 90-93   896|PPM 194645|ROT  5564|SACS 257|SAO 138296|SKY# 21988|TD1 15748|TYC 5510-1508-1|UBV   10459|YZ  99  4329|uvby98 100100889|2MASS J11364090-0948079|WEB 10181|Gaia DR2 3587107658569000960"
"HIP 57283","* zet Crt",176.19073323219,-18.3506763721,"**","G8.5III",9.5113,0.2042,27.298,-24.644,-3.64,4.706,"TIC 52214265|HIP 57283|Gaia DR3 3544125550016418048|PLX 2713|* zet Crt|*  27 Crt|BD-17  3460|FK5 1301|GC 16112|GCRV  7119|GEN# +1.00102070|GSC 06096-02032|HD 102070|HIC  57283|HR  4514|IRAS 11422-1804|IRC -20231|JP11  2085|N30 2737|PMC 90-93   898|PPM 224852|ROT  1740|SACS 258|SAO 156869|SKY# 22207|TD1 15837|TYC 6096-2032-1|UBV   10584|UBV M  17341|YZ   0  5959|YZ 108  4595|2MASS J11444576-1821025|PLX 2713.00|** HDS 1658|WDS J11448-1821AB|CCDM J11448-1821AB|WEB 10302|Gaia DR2 3544125550016418048"
"HIP 57363","* lam Mus",176.40172787504667,-66.7287577037325,"PM*","A7V",23.7289,0.4679,-95.242,34.663,12.28,3.65,"TIC 296688052|HIP 57363|Gaia DR3 5236306071562633344|* lam Mus|CCDM J11456-6644A|CEL   3971|CPC 21  2462|CPD-66  1640|CSI-66  1640 41|FK5  442|GC 16131|GCRV  7126|GEN# +1.00102249|GSC 08985-03045|HD 102249|HIC  57363|HR  4520|IDS 11409-6610 A|JP11  2090|N30 2739|PPM 358955|ROT  1744|SAO 251575|SKY# 22233|TD1 15845|TYC 8985-3045-1|UBV   10604|UBV M  17365|uvby98 100102249|WDS J11456-6644A|2MASS J11453643-6643433|WEB 10311|IRAS 11432-6627|AKARI-IRC-V1 J1145362-664343|Gaia DR2 5236306071555481344"
"HIP 57380","* nu. Vir",176.4648316583329,6.529374721233055,"LP*","M1III",9.8446,0.2744,-21.086,-182.903,50.28,4.04,"TIC 396936347|HIP 57380|Gaia DR3 3897724469419137664|PLX 2720|LSPM J1145+0631|ASCC 1042440|USNO-B1.0 0965-00206336|*   3 Vir|* nu. Vir|AG+06 1460|BD+07  2479|CSV 102676|DO  3143|FK5 1302|GC 16135|GCRV  7128|GEN# +1.00102212|GSC 00278-00925|HD 102212|HIC  57380|HR  4517|IRAS 11432+0649|IRAS 11432+0648|IRC +10245|JP11  2086|N30 2741|NLTT 28465|NSV  5318|PMC 90-93   899|PPM 158181|RAFGL 1509|SAO 119035|SKY# 22240|TYC  278-925-1|UBV   10599|UBV M  17357|YZ   6  5910|[DS98] 160|2MASS J11455155+0631456|PLX 2720.00|V* nu. Vir|WEB 10313|Gaia DR2 3897724469417974016|Karmn J11458+065"
"HIP 57399","* chi UMa",176.51255861980331,47.77940424229889,"PM*","K0.5IIIb:",16.4382,0.113,-138.297,28.66,-9.02,3.72,"TIC 253043689|Gaia DR3 786420645182229504|HIP 57399|*  63 UMa|* chi UMa|PLX 2721|AG+48  967|BD+48  1966|CSV 102677|FK5  441|GC 16137|GCRV  7129|GEN# +1.00102224|GSC 03452-02140|HD 102224|HIC  57399|HR  4518|IRAS 11434+4803|IRC +50213|JP11  2089|N30 2742|NGP 48  21|NSV  5319|PMC 90-93   318|PPM  52620|RAFGL 1510|ROT  1742|SAO  43886|SKY# 22244|TD1 15843|NAME Taiyangshou|TYC 3452-2140-1|UBV   10600|UBV M  17358|[HFE83]  824|2MASS J11460303+4746457|PLX 2721.00|WEB 10316|Gaia DR2 786420645180501632"
"HIP 5742","* phi Psc",18.4372752354,24.58369761573,"SB*","K0III",8.1806,0.1703,17.001,-20.531,6.36,4.66,"TIC 16879871|HIP 5742|Gaia DR3 294090536905167744|PLX  250|* phi Psc|*  85 Psc|AG+24  112|BD+23   158|CSI+23   158  1|FK5 2082|GC  1474|GCRV   706|GSC 01747-02263|HD   7318|HIC   5742|HR   360|IRC +20021|JP11   484|PMC 90-93  1195|PPM  90580|ROT   187|SAO  74571|SKY#  1866|TD1   705|TYC 1747-2263-1|UBV    1292|YZ  24   373|AKARI-IRC-V1 J0113449+243500|IRAS 01110+2419|1RXS J011344.9+243512|RX J0113.7+2435|[ZEH2003] RX J0113.7+2435  1|2MASS J01134494+2435012|CSI+23   158  2|CSV 100093|NSV   440|SV* ZI    57|WEB  1304|Gaia DR2 294090536905167744|WDS J01137+2435A|* phi Psc A|CCDM J01137+2435A|ADS   995 A|PMSC 01083+2403A|GEN# +1.00007318|IDS 01083+2403 A|SBC9 3650"
"HIP 57632","* bet Leo",177.26490975591017,14.572058064829658,"dS*","A3Va",90.91,0.52,-497.68,-114.67,-0.2,2.13,"TIC 14725877|GJ 448|GJ 448.0|HIP 57632|PLX 2738|LSPM J1149+1434|ASCC  952815|2MASS J11490366+1434197|USNO-B1.0 1045-00205720|* bet Leo|*  94 Leo|ADS  8314 A|AG+14 1239|BD+15  2383|CCDM J11490+1433A|CSI+15  2383  1|CSV 101225|Ci 20  663|FK5  444|GC 16189|GCRV  7151|GEN# +1.00102647|CNS5 2899|HD 102647|HGAM    606|HIC  57632|HR  4534|IDS 11440+1508 A|TIC 471011722|IRAS 11464+1451|IRC +10247|JP11  2102|LFT  853|LHS  2462|LTT 13249|N30 2755|NAME Denebola|NLTT 28642|NSV  5349|PM 11465+1451|PMC 90-93   319|PPM 128576|ROT  1752|SAO  99809|SKY# 22318|SV* ZI   900|TD1 15885|UBV   10637|UBV M  17408|V* bet Leo|[HFE83]  827|PLX 2738.00|WDS J11491+1434A|TYC  870-988-1|uvby98 100102647|WEB 10349"
"HIP 57936","* bet Hya",178.22717286745728,-33.90812977808355,"a2*","kB8hB8HeA0VSi",10.53,0.6,-56.56,0.19,-1.0,4.28,"TIC 141973945|WISEA J115254.49-335429.2|HIP 57936|* bet Hya|CCDM J11529-3354AB|CD-33  8018|CPC 17  5901|CPD-33  3159|CSV   6875|GC 16258|GCRV  7174|GSC 07226-01650|HD 103192|HIC  57936|HR  4552|IDS 11479-3321 AB|IRAS 11503-3337|JP11  2123|N30 2767|PPM 289465|ROT  7204|SAO 202901|SKY# 22408|SRS  42587|TD1 15924|UBV   10679|UBV M  17469|V* bet Hya|[B10]  3115|2MASS J11525454-3354293|ALS 16728|WDS J11529-3354AB|** HJ 4478|Renson 29760|GEN# +1.00103192|uvby98 100103192|WISE J115254.49-335428.8|WEB 10385|*  28 Crt"
"HIP 58001","* gam UMa",178.45769715249997,53.69475972916666,"Em*","A0V",39.21,0.4,107.68,11.01,-11.9,2.44,"TIC 11895653|Gaia DR3 792588939773693568|HIP 58001|CNS5 2918|PLX 2749|* gam UMa|*  64 UMa|AC2000 1609350|AG+53  826|BD+54  1475|CEL   4005|CSV 101229|EM* MWC  583|FK5  447|GC 16268|GCRV  7177|GEN# +1.00103287|GSC 03833-01034|HD 103287|HGAM    607|HIC  58001|HR  4554|IRAS 11512+5358|IRC +50215|JP11  2124|N30 2769|NAME Phecda|NSV  5379|PMC 90-93   321|PPM  33292|RAFGL 4831S|ROT  1756|SAO  28179|SKY# 22423|SV* ZI   904|TD1 15932|TYC 3833-1034-1|UBV   10684|UBV M  17477|[HFE83]  832|uvby98 100103287|2MASS J11534983+5341408|PLX 2749.00|[ZEH2003] RX J1153.8+5341  1|RX J1153.8+5341|1RXS J115352.3+534153|** SHY  227A|WDS J11538+5342A|WEB 10387"
"HIP 58188","* eta Crt",179.00397547303,-17.15082446912,"PM*","A0V",13.0075,0.1226,-49.952,-8.271,18.93,5.16,"TIC 335498585|GJ 9382|HIP 58188|AP J11560095-1709029|Gaia DR3 3568190457934308608|PLX 2759|* eta Crt|*  30 Crt|BD-16  3358|CSV 101231|FAUST 2962|FK5 1309|GC 16319|GCRV  7199|GEN# +1.00103632|GSC 06094-01532|HD 103632|HIC  58188|HR  4567|IRAS 11534-1652|N30 2773|NSV  5392|PMC 90-93   906|PPM 225124|ROT  1760|SACS 263|SAO 156988|SKY# 22477|SV* ZI   908|TD1 15953|TYC 6094-1532-1|UBV   10718|UBV M  17517|YZ 106  4653|[DBA2001] FA46|uvby98 100103632|2MASS J11560095-1709029|PLX 2759.00|WEB 10416|Gaia DR2 3568190457934308608"
"HIP 59196","* del Cen",182.08957348875,-50.722427392777774,"Be*","B2Vne",5.7179,0.6516,-42.613,-11.135,11.0,2.52,"TIC 333670784|Gaia DR3 6126469654585981952|HIP 59196|PLX 2794.1|[JE82]  621|* del Cen|AAVSO 1203-50|CCDM J12083-5043A|CD-50  6697|CPC  0 10112|CPD-50  4862|CSV   6892|EM* MWC  219|FK5  452|GC 16584|GCRV  7275|GEN# +1.00105435|GSC 08241-03235|HD 105435|HGAM   2006|HIC  59196|HR  4621|Hen 3-753|IDS 12032-5010 A|IRAS 12057-5026|JP11  2167|N30 2812|PPM 340720|ROT  1783|SACS 264|SAO 239689|SKY# 22784|TD1 16088|TYC 8241-3235-1|UBV   10892|UBV M  17783|V* del Cen|[B10]  3165|2MASS J12082152-5043208|ALS 14963|PLX 2794.10|WDS J12084-5043A|uvby98 100105435|WEB 10531"
"HIP 59199","* alf Crv",182.10340531836871,-24.728875596671113,"PM*","F1V",66.7696,0.1804,96.976,-40.023,2.8,4.01,"TIC 421189312|GJ 455.3|GJ 9389|HIP 59199|PLX 2796|* alf Crv|*   1 Crv|2E  2594|CD-24 10174|CMC  308764|CMC  180505|CPD-24  4786|CNS5 2978|GC 16586|GCRV  7276|GEN# +1.00105452|HD 105452|HIC  59199|HR  4623|IRAS 12058-2426|JP11  2172|PPM 259912|RBS  1069|ROT  1784|SAO 180505|SKY# 22786|TD1 16089|UBV   10894|UBV M  17786|YZ 114  9205|uvby98 100105452|2MASS J12082481-2443440|PLX 2796.00|1RXS J120824.6-244336|2E 1205.8-2427|TYC 6672-995-1|IRAS C12058-2426|NAME Alchiba|WEB 10532|Gaia DR2 3489338019474978176|Gaia DR3 3489338019475637760|UCAC4 327-063735|WISE J120824.82-244343.0"
"HIP 59316","* eps Crv",182.53116909374998,-22.6197672175,"PM*","K2+IIIa",10.5984,0.2038,-72.019,10.637,5.0,2.98,"TIC 422379916|HIP 59316|Gaia DR3 3490234568129160704|PLX 2803|* eps Crv|*   2 Crv|BD-21  3487|CPD-21  5225|CSV 101240|FK5  453|GC 16618|GCRV  7289|GEN# +1.00105707|GSC 06668-00992|HD 105707|HIC  59316|HR  4630|IRAS 12075-2220|IRC -20233|JP11  2178|N30 2817|NAME Minkar|NSV  5483|PMC 90-93   323|PPM 259949|RAFGL 1536|SACS 265|SAO 180531|SKY# 22826|SRS  30453|SV* ZI   914|TD1 16108|TYC 6668-992-1|UBV   10921|UBV M  17824|YZ 112  9220|[L91b] 202|2MASS J12100748-2237109|PLX 2803.00|WEB 10552|Gaia DR2 3490234568127151616"
"HIP 59747","* del Cru",183.78632699611498,-58.748924076838335,"Pu*","B2IV",7.1681,0.7145,-36.951,-11.296,22.2,2.752,"Gaia DR3 6071060144089351808|TIC 390320354|LLNS  7684|HIP 59747|PLX 2819.1|* del Cru|CD-58  4466|CEL   4076|CPC 20  3748|CPD-58  4189|CSV   6902|FK5  455|GC 16724|GCRV  7332|GEN# +1.00106490|GSC 08645-02263|HD 106490|HIC  59747|HR  4656|IRAS 12124-5828|JP11  2192|N30 2833|NSV  5510|PPM 340824|ROT  1792|SACS 266|SAO 239791|SKY# 22977|TD1 16155|TYC 8645-2263-1|UBV   11000|UBV M  17943|V* del Cru|[B10]  3187|2MASS J12150870-5844559|ALS 14966|PLX 2819.10|uvby98 100106490|WEB 10614|Gaia DR2 6071060144084204032|NAME Imai"
"HIP 59774","* del UMa",183.85649936126705,57.03261697773611,"PM*","A2Vn",40.3279,0.1945,103.947,8.141,-12.39,3.32,"TIC 224292240|GJ 459|HIP 59774|WISE J121525.72+570157.0|Gaia DR3 1575287046603605888|CNS5 3013|PLX 2824|* del UMa|*  69 UMa|AAVSO 1210+57|AG+57  844|BD+57  1363|CCDM J12155+5702A|CEL   4078|CSI+57  1363  1|CSV 101249|FK5  456|GC 16736|GCRV  7337|GEN# +1.00106591|GSC 03837-01070|HD 106591|HGAM    610|HIC  59774|HR  4660|IDS 12105+5735 A|JP11  2194|N30 2835|NAME Megrez|NSV  5513|PMC 90-93   325|PPM  33469|ROT  1795|SAO  28315|SKY# 22985|SV* ZI   919|TD1 16157|TYC 3837-1070-1|UBV   11008|UBV M  17960|uvby98 100106591|PLX 2824.00|WDS J12154+5702A|AKARI-IRC-V1 J1215257+570157|IRAS 12129+5718|** BLL   29A|** BUP  140A|2MASS J12152554+5701575|WEB 10621|Gaia DR2 1575287046603149056"
"HIP 59803","* gam Crv",183.9515450373768,-17.541930457603193,"PM*","B8III",21.23,0.2,-158.61,21.86,-4.2,2.58,"TIC 348987372|HIP 59803|* gam Crv|*   4 Crv|BD-16  3424|CSV 101250|FAUST 3054|FK5  457|GC 16740|GCRV  7338|GEN# +1.00106625|HD 106625|HIC  59803|HR  4662|IRC -20235|JP11  2195|N30 2837|NSV  5515|PMC 90-93   326|PPM 225593|ROT  1796|SACS 267|SAO 157176|SKY# 22994|NAME Gienah|SV* ZI   921|TD1 16159|TYC 6098-1754-1|UBV   11010|[DBA2001] FA32|[HFE83]  862|uvby98 100106625|ALS 15805|Renson 30850|AKARI-IRC-V1 J1215483-173230|IRAS 12132-1715|2MASS J12154839-1732310|WEB 10626|Gaia DR2 3520774534381588224|TIC 952261043"
"HIP 60000","* bet Cha",184.58676960730585,-79.31223407416667,"Pu*","B4V",10.7116,0.2042,-40.511,11.413,23.0,4.229,"TIC 357366411|Gaia DR3 5787534436419552896|HIP 60000|2MASS J12182085-7918441|* bet Cha|CD-78   495|CPC 21.3  1473|CPD-78   741|CSV   6903|FK5  459|GC 16775|GCRV  7361|GEN# +1.00106911|GSC 09420-01543|HD 106911|HIC  60000|HR  4674|IRAS 12153-7902|JP11  2200|N30 2844|NSV  5532|PPM 371459|ROT  1801|SAO 256924|SKY# 23051|TD1 16177|TYC 9420-1543-1|UBV   11040|UBV M  18019|[B10]  3199|ALS 16729|uvby98 100106911|WEB 10663|Gaia DR2 5787534436419552896"
"HIP 60030","*  13 Vir",184.66798952646997,-0.78718431864,"*","A5IV/V",8.6971,0.0515,33.554,-16.527,-8.81,5.897,"TIC 66664300|HIP 60030|AP J12184031-0047138|Gaia DR3 3698055837875063424|*  13 Vir|AG-00 1717|BD+00  2920|GC 16790|GCRV  7372|GEN# +1.00107070|GSC 04940-01159|HD 107070|HIC  60030|HR  4681|N30 2847|PMC 90-93  6085|PPM 178747|SAO 138710|SKY# 23066|TD1 16191|TYC 4940-1159-1|UBV   11051|UBV M  18038|YPAC 510|YZ  90  3392|uvby98 100107070|2MASS J12184031-0047138|WEB 10669|Gaia DR2 3698055837875063424"
"HIP 60718","* alf Cru",186.64956340120452,-63.099092857925115,"SB*","B0.5IV+B1V",10.13,0.5,-35.83,-14.86,11.9,,"TIC 450568754|LLNS  8229|CD-62   652|HIP 60718|SBC9 725|* alf Cru|CCDM J12266-6306AB|CEL   4105|CPD-62  2745|CSI-62  2745 43|HIC  60718|IDS 12210-6233 AB|JP11  2217|UBV   11169|AX J1226.6-6305|WDS J12266-6306AB|uvby98 100108248|IRAS 12237-6249|AKARI-IRC-V1 J1226360-630557|GEN# +1.00108248|SBC7   462|EUVE J1226-63.0|2MASS J12263615-6305571|1RXS J122634.8-630554|1ES 1223-62.8|NAME Acrux"
"HIP 60742","* gam Com",186.73446876829124,28.268421801423333,"PM*","K1IIIFe0.5",19.8641,0.1147,-83.006,-80.917,3.38,4.34,"TIC 393800697|Gaia DR3 4009317512294972160|HIP 60742|PLX 2868|* gam Com|*  15 Com|AG+28 1243|BD+29  2288|FK5 2999|GC 16964|GCRV  7478|GEN# +5.21110129|GSC 01991-01895|HD 108381|HIC  60742|HR  4737|IRAS 12244+2832|IRC +30238|JP11  5055|JP11  5054|N30 2879|NGP 29  93|PMC 90-93  1315|PPM 101903|RAFGL 1551|ROT  1824|SAO  82313|SKY# 23293|TD1 16279|TYC 1991-1895-1|UBV   11182|UBV M  41700|YZ  28  6118|uvby98 521110129|2MASS J12265625+2816065|Cl Melotte  111   129|Cl* Melotte  111     AV    1665|PLX 2868.00|WEB 10805|Gaia DR2 4009317512294635008"
"HIP 60823","* sig Cen",187.00992548273499,-50.23063797449278,"**","B2V",7.9249,0.2345,-32.173,-13.171,8.0,3.91,"Gaia DR3 6127435678627741824|TIC 21165132|WISEA J122802.34-501350.3|HIP 60823|* sig Cen|CD-49  7115|CPC  0 10407|CPD-49  5201|FK5  464|GC 16990|GCRV  7492|GEN# +1.00108483|GSC 08239-02420|HD 108483|HGAM   2008|HIC  60823|HR  4743|WISE J122802.35-501350.3|IRAS 12254-4957|JP11  2222|N30 2884|PPM 341006|ROT  1826|SAO 223454|SKY# 23322|TD1 16287|TYC 8239-2420-1|UBV   11192|UBV M  18235|[B10]  3245|uvby98 100108483|2MASS J12280237-5013503|ALS 14970|EUVE J1228-50.2|Renson 31508|1RXS J122803.0-501350|IRAS F12253-4957|** RIZ    3|WDS J12280-5014AB|WEB 10822|Gaia DR2 6127435678624250240"
"HIP 60965","* del Crv",187.46606318416664,-16.515431261666667,"PM*","A0IV(n)kB9",38.06,0.3996,-209.276,-139.184,13.9,2.94,"TIC 297075865|1RXS J122952.5-163055|HIP 60965|Gaia DR3 3520586071217872896|PLX 2880|* del Crv|*   7 Crv|ADS  8572 A|BD-15  3482|CCDM J12299-1631A|CEL   4116|CSV 101281|FK5  465|GC 17029|GCRV  7515|GEN# +1.00108767A|HD 108767|HIC  60965|HR  4757|IDS 12247-1558 A|IRAS 12272-1614|IRAS F12272-1614|IRC -20238|JP11  2224|LTT  4742|N30 2888|NLTT 30918|NSV  5656|PMC 90-93   331|PPM 225920|ROT  1830|SACS 270|SAO 157323|SKY# 23365|SV* ZI   940|TD1 16305|UBV   11226|uvby98 100108767 A|2MASS J12295187-1630552|PLX 2880.00|WDS J12299-1631A|TYC 6103-2395-1|** SHJ  145A|NAME Algorab|WEB 10850|Gaia DR2 3520586071216143488"
"HIP 61084","* gam Cru",187.79149837560794,-57.11321345705891,"PM*","M3.5III",36.83,0.18,28.23,-265.08,21.0,1.64,"TIC 272314138|GJ 470|HIP 61084|* gam Cru|CCDM J12312-5706A|CD-56  4504|CPC 20  3840|CPD-56  5272|CSV 101285|FK5  468|GC 17052|GCRV  7528|GEN# +1.00108903|HD 108903|HIC  61084|HR  4763|IDS 12256-5633 A|IRAS 12283-5650|JP11  2226|LTT  4752|N30 2892|NLTT 30973|NSV  5672|PPM 341058|RAFGL 4150|SAO 240019|SKY# 23406|SV* BV   839|SV* ZI   944|UBV   11239|UBV M  18297|[DS98] 174|[L91b] 208|2MASS J12310993-5706474|WDS J12312-5707A|NAME Gacrux|TYC 8654-3422-1|WEB 10875"
"HIP 61174","* eta Crv",188.01761000770082,-16.196005170938612,"PM*","F2V",54.8135,0.1562,-424.597,-58.241,0.69,4.294,"TIC 1628071|GJ 471.2|GJ 9411|HIP 61174|Gaia DR3 3526420114274019456|PLX 2887|* eta Crv|*   8 Crv|BD-15  3489|CEL   4119|Ci 20  714|GC 17087|GCRV  7546|CNS5 3085|GEN# +1.00109085|HD 109085|HIC  61174|HR  4775|IRAS F12294-1555|IRAS 12294-1555|JP11  2232|LTT  4755|NLTT 31021|NSV  5690|PPM 225971|RBS  1126|ROT  1838|SAO 157345|SKY# 23438|TD1 16338|UBV   11265|UBV M  18330|YZ 105  4810|uvby98 100109085|2MASS J12320424-1611455|PLX 2887.00|1RXS J123204.3-161145|TYC 6103-2394-1|WEB 10892|Gaia DR2 3526420114272476800|WISE J123203.91-161145.6|** LAF   47A|WDS J12321-1612A"
"HIP 61199","* gam Mus",188.1167205253554,-72.13298978942889,"SB*","B5V+A:",8.6015,0.2798,-51.833,-5.664,7.779,3.88,"TIC 360263464|Gaia DR3 5842864786417716608|HIP 61199|* gam Mus|CD-71   850|CPC 21.1  2264|CPD-71  1336|FK5  469|GC 17086|GCRV  7545|GEN# +1.00109026|GSC 09236-02907|HD 109026|HIC  61199|HR  4773|IRAS 12294-7151|JP11  2229|N30 2897|PPM 371540|ROT  1835|SAO 256955|SKY# 23449|TD1 16327|TYC 9236-2907-1|UBV   11257|UBV M  18319|[AMR93] 49|[B10]  3269|uvby98 100109026|2MASS J12322800-7207589|ALS 16730|V* gam Mus|Renson 31640|WEB 10893|Gaia DR2 5842864786413303552"
"HIP 61281","* kap Dra",188.37059715355997,69.78823885895,"Be*","B6IIIe",7.0093,0.2984,-58.571,10.11,-12.0,3.89,"TIC 148917425|HIP 61281|Gaia DR3 1683102889080800640|PLX 2897|[JE82]  638|* kap Dra|*   5 Dra|AAVSO 1229+70|AG+70  446|BD+70   703|CSV 101294|EM* MWC  222|FK5  472|GC 17126|GCRV  7562|GEN# +1.00109387|GSC 04394-01870|HD 109387|HGAM    619|HIC  61281|HR  4787|IRAS 12313+7003|JP11  2240|N30 2904|PMC 90-93   336|PPM  18276|ROT  1844|SAO   7593|SKY# 23476|SV* ZI   947|TD1 16366|TYC 4394-1870-1|UBV   11288|UBV M  18364|V* kap Dra|2MASS J12332894+6947177|ALS 16721|PLX 2897.00|uvby98 100109387|WEB 10906|Gaia DR2 1683102889080253312"
"HIP 61317","* bet CVn",188.43560104856124,41.35747815357195,"**","G0V",118.0266,0.153,-704.702,292.155,6.268,4.25,"GJ 475|HIP 61317|Gaia DR3 1534011998572555776|PLX 2895|LSPM J1233+4121|ASCC  409308|USNO-B1.0 1313-00232014|*   8 CVn|* bet CVn|AG+41 1128|BD+42  2321|Ci 20  718|FK5  470|GC 17127|GCRV  7563|GEN# +1.00109358|HD 109358|CNS5 3096|HIC  61317|HR  4785|IRAS 12313+4137|IRC +40236|JP11  2236|LFT  924|LHS  2579|LTT 13552|N30 2905|NLTT 31117|NSV  5725|PMC 90-93   334|PPM  53064|RAFGL 4852S|ROT  1842|SAO  44230|SBC7   466|SKY# 23491|SPOCS  537|TD1 16363|TYC 3020-2541-1|UBV M  18362|UBV   11286|Zkh 181|uvby98 100109358|2MASS J12334454+4121270|PLX 2895.00|1E 1231.3+4137|1RXS J123341.3+412133|WDS J12337+4121Aa,Ab|** BU 1433A|** BNU    4|CCDM J12337+4121AB|WDS J12337+4121A|WISEA J123343.91+412130.1|NAME Chara|WEB 10914|TIC 458445966|Gaia DR2 1534011998570864256"
"HIP 61359","* bet Crv",188.59681217680622,-23.39676021620222,"PM*","G5IIBa0.3",22.0049,0.2333,1.116,-56.704,-7.34,2.64,"TIC 83151778|Gaia DR3 3501215734352781440|HIP 61359|PLX 2896|* bet Crv|*   9 Crv|BD-22  3401|CD-22  3401|CD-22  9505|CPD-22  5388|CSV 101293|FK5  471|GC 17133|GCRV  7566|GEN# +1.00109379|HD 109379|HIC  61359|HR  4786|IRAS 12317-2307|IRC -20240|JP11  2237|N30 2906|NSV  5729|PMC 90-93   335|PPM 260512|RAFGL 1558|ROT  1843|SACS 272|SAO 180915|SKY# 23509|SRS  30471|SV* ZI   946|TD1 16365|UBV   11287|UBV M  18363|[L91b] 210|2MASS J12342324-2323483|PLX 2896.00|TYC 6683-1116-1|NAME Kraz|WEB 10920|Gaia DR2 3501215730056271104"
"HIP 61585","* alf Mus",189.29590786916668,-69.1355647886111,"**","B2IV",10.34,0.11,-40.2,-12.8,13.0,2.649,"TIC 327150358|Gaia DR2 5855593454566484608|Gaia DR3 5855593454594292736|HIP 61585|* alf Mus|CCDM J12372-6908A|CD-68  1104|CEL   4131|CPC 21.1  2288|CPD-68  1702|CSI-68  1702 41|CSV   6935|FK5  474|GC 17179|GCRV  7585|GEN# +1.00109668|GSC 09228-03049|HD 109668|HGAM   2009|HIC  61585|HR  4798|IDS 12312-6835 A|JP11  2248|N30 2910|NSV  5776|PPM 359520|ROT  1849|SAO 251974|SKY# 23570|TD1 16387|TYC 9228-3049-1|UBV   11317|UBV M  18403|V* alf Mus|[B10]  3289|ALS 14971|WDS J12372-6908A|AKARI-IRC-V1 J1237109-690808|IRAS 12341-6851|** DON  541A|2MASS J12371102-6908080|** RIZ    4|WDS J12372-6908Aa,Ab|uvby98 100109668|WEB 10956"
"HIP 6193","* ups Psc",19.86664022127417,27.264058655233615,"*","A3V",10.1502,0.1619,25.242,-11.413,6.11,4.748,"TIC 16987556|Gaia DR3 296483280365523840|HIP 6193|2MASS J01192799+2715506|PLX  273|* ups Psc|*  90 Psc|AG+27  143|BD+26   220|FK5   45|GC  1591|GCRV   761|GEN# +1.00007964|GSC 01751-02178|HD   7964|HIC   6193|HR   383|IRAS 01167+2700|JP11   490|N30  269|PMC 90-93    31|PPM  90681|ROT   196|SAO  74637|SKY#  1996|SRS  30045|TYC 1751-2178-1|UBV    1411|UBV M   8099|uvby98 100007964|PLX  273.00|WEB  1390|Gaia DR2 296483280365523840"
"HIP 61932","* gam Cen",190.37933367081536,-48.959871515023295,"**","A1IV+A0IV",25.06,0.28,-185.72,5.79,-5.5,2.17,"TIC 161739042|GEN# +1.00110304|Gaia DR3 6127791439360208640|HIP 61932|PLX 2922|WDS J12415-4858AB|* gam Cen|CCDM J12415-4858AB|CD-48  7597|CPC  0 10603|CPD-48  4965|GC 17262|GCRV  7619|GSC 08240-02724|HD 110304|HIC  61932|HR  4819|IDS 12360-4825 AB|IRAS 12387-4841|JP11  2264|LTT  4841|N30 2924|PPM 317697|ROT  1867|SAO 223603|SKY# 23670|TD1 16427|UBV   11369|UBV M  18491|2MASS J12413103-4857350|ALS 19677|** HJ 4539AB|uvby98 100110304|WEB 11010|NLTT 31539"
"HIP 61941","* gam Vir",190.41511762006294,-1.4494039524575002,"PM*","F1-F2V",83.1935,0.5074,-605.176,85.701,-19.8,2.74,"TIC 51735845|BD-00  2601|CSI-00  2601  5|HD 110379J|UBV   11380|*  29 Vir|NAME Porrima|GSC 04949-01120|IRAS 12390-0110|IRC +00223|JP11  2269|RAFGL 1571|TD1 16433|1ES 1239-01.1|1RXS J124139.7-012706|RX J1241.6-0127|2RE J1241-012|2RE J124140-012632|2MASS J12413962-0126580|* gam Vir|uvby98 100110379|GEN# +1.00110379|GJ 482.0|GJ 482 A|HIP 61941|Gaia DR3 3683687763520080384|PLX 2924|WDS J12417-0127A|* gam Vir A|*  29 Vir A|ADS  8630 A|AG-01 1685|BD-00  2601A|CSI-00  2601  1|CSV 101317|Ci 20  732|GC 17270|GCRV  7623|CNS5 3135|HD 110379|HR  4825|LFT  937|LHS  2604|LPM 444|LTT  4843|N30 2927|NLTT 31564|NSV  5859|PM 12391-0110|PMC 90-93  6089|RBS  1143|ROT  1871|SAO 138917|SKY# 23673|UBV   11379|uvby98 100110379 A|IDS 12366-0054 A|CCDM J12417-0127A|TYC 4949-1120-1|2EUVE J1241-01.4|EUVE J1241-01.4|** STF 1670A|Gaia DR2 3683687763520080384|WEB 11013"
"HIP 62322","* bet Mus",191.57001708826633,-68.1081156674129,"**","B2V+B3V",9.55,0.41,-41.97,-8.89,42.0,,"TIC 329162201|WISEA J124616.79-680628.7|IDS 12402+6733 AB|IDS 12402-6730 AB|HIP 62322|* bet Mus|CCDM J12463-6806AB|CEL   4152|CPC 21  2736|CPD-67  2064|CSI-67  2064 41|GC 17348|GCRV  7654|GSC 09228-03047|HD 110879|HIC  62322|WISE J124616.78-680628.6|IRAS 12431-6750|HR  4844|IDS 12402-6733 AB|JP11  2284|N30 2943|GEN# +1.00110879|UCAC4 110-061164|PPM 359611|ROT  1879|SAO 252019|SKY# 23784|TD1 16461|UBV   11443|[B10]  3320|ALS 15080|WDS J12463-6806AB|** R  207|2MASS J12461687-6806288|uvby98 100110879|WEB 11066"
"HIP 62434","* bet Cru",191.9302865619529,-59.68877199622606,"bC*","B1IV",11.71,0.98,-42.97,-16.18,10.3,1.25,"TIC 405567821|HIP 62434|SBC9 2446|* bet Cru|CCDM J12478-5940A|CEL   4154|CPC 20  3932|CPD-59  4451|CSI-59  4451 41|FK5  481|GC 17374|GCRV  7661|GEN# +1.00111123|GSC 08659-03107|HD 111123|HGAM   2011|HIC  62434|HR  4853|IDS 12419-5908 A|JP11  2298|N30 2947|NAME Mimosa|PPM 341305|ROT  1887|SAO 240259|SKY# 23820|TD1 16475|TYC 8659-3107-1|UBV   11480|UBV M  18628|V* bet Cru|[B10]  3328|2MASS J12474326-5941194|ALS 14974|PLX 2941.01|EUVE J1247-59.6|1RXS J124742.5-594125|WDS J12477-5941A|IRAS 12448-5925|AKARI-IRC-V1 J1247432-594119|uvby98 100111123|WEB 11084|[KCS2016] J124743.26-594119.5|CXOU J124743.8-594121"
"HIP 62956","* eps UMa",193.5072899675,55.95982295694445,"a2*","A1III-IVpkB9",39.51,0.2,111.91,-8.24,-12.7,1.77,"TIC 150387644|Gaia DR3 1576683529448755328|HIP 62956|CNS5 3183|PLX 2964|* eps UMa|*  77 UMa|AAVSO 1249+56|AG+56  909|BD+56  1627|CEL   4168|CSV 101344|FK5  483|GC 17518|GCRV  7722|GEN# +1.00112185|GSC 03845-01190|HD 112185|HGAM    620|HIC  62956|HR  4905|IRAS 12518+5613|TIC 471011800|IRC +60222|JP11  2330|N30 2976|NAME Alioth|PMC 90-93   342|PPM  33769|RAFGL 1584|ROT  1909|SAO  28553|SKY# 23986|TD1 16542|TYC 3845-1190-1|UBV   11641|UBV M  18813|V* eps UMa|[HFE83]  911|2MASS J12540170+5557349|PLX 2964.00|Renson 32580|** BLM    2|WDS J12540+5558AB|CCDM J12540+5558AB|uvby98 100112185|WEB 11163"
"HIP 63090","* del Vir",193.9008692670183,3.3974689038383334,"RG*","M3+III",17.4065,0.2513,-469.714,-53.71,-18.87,3.38,"TIC 411188061|HIP 63090|Gaia DR3 3704342295607157120|PLX 2968|LSPM J1255+0323|TYC  294-1032-1|ASCC 1137980|USNO-B1.0 0933-00243269|*  43 Vir|* del Vir|AG+03 1660|BD+04  2669|BDS  6308 A|CCDM J12557+0323A|CSI+04  2669  1|Ci 20  749|DO  3300|FK5  484|GC 17543|GCRV  7728|GEN# +1.00112300|HD 112300|HIC  63090|HR  4910|IDS 12506+0357 A|IRAS 12530+0340|IRC +00226|JP11  2332|LTT 13714|N30 2979|NLTT 32308|NSV  6026|PMC 90-93   343|PPM 159316|RAFGL 1586|SAO 119674|SKY# 24027|TD1 16548|UBV   11663|UBV M  18831|Wolf  448|YZ   3  4608|[DS98] 183|2MASS J12553619+0323507|PLX 2968.00|Pul -3 1030240|WDS J12556+0324A|** BUP  146A|NAME Minelauva|WEB 11187|Gaia DR2 3704342295605242112"
"HIP 63125","* alf02 CVn",194.00693995375286,38.31837643625333,"a2*","A0VpSiEu",32.7227,0.5844,-233.776,55.035,-4.1,2.88,"HIP 63125|Gaia DR3 1517698716348324992|PLX 2969|LSPM J1256+3819|ASCC  494743|USNO-B1.0 1283-00241520|* alf CVn A|* alf02 CVn|*  12 CVn A|2E  2902|ADS  8706 A|AG+38 1225|BD+39  2580|BD+39  2580A|CCDM J12560+3819A|CSI+39  2580  1|FK5  485|GC 17557|GCRV  7733|GEN# +1.00112413|HD 112413|HGAM    621|HIC  63125|HR  4915|IDS 12514+3851 A|IRAS 12536+3835|IRAS F12536+3835|IRC +40239|JP11  2336|LTT 13717|N30 2983|NLTT 32338|PMC 90-93   344|PPM  76815|ROT  1913|SAO  63257|SBS 74|SKY# 24037|SRS  30485|UBV   11678|UBV M  18844|V* alf02 CVn|[SS59]   I 358|[ZEH2003] RX J1256.0+3818  1|2MASS J12560168+3819059|2E 1253.6+3835|WDS J12560+3819A|TYC 3021-2645-1|Renson 32650|RX J1256.0+3818|1RXS J125600.6+381856|** STF 1692A|NAME Cor Caroli|TIC 17668155|uvby98 100112413|WEB 11192"
"HIP 63608","* eps Vir",195.5441542302233,10.959148721740554,"PM*","G8III-IIIb",30.211,0.1907,-273.793,19.804,-14.29,2.79,"GES J13021035+1057332|TIC 422290758|RAVE J130210.6+105733|GALAH 140209004701151|Gaia DR3 3736865265441207424|HIP 63608|PLX 2987|LSPM J1302+1057|TYC  886-1326-1|ASCC  954943|USNO-B1.0 1009-00211825|* eps Vir|*  47 Vir|2E  2950|AG+11 1470|BD+11  2529|CCDM J13022+1057A|CSI+11  2529  1|FK5  488|GC 17687|GCRV  7772|GEN# +1.00113226|HD 113226|HIC  63608|HR  4932|IDS 12572+1130 A|IRAS 12596+1113|IRC +10261|JP11  2348|LTT 13759|N30 2999|NAME Vindemiatrix|NLTT 32663|NSV  6064|PMC 90-93   346|PPM 129529|RAFGL 1593|ROT  1924|SAO 100384|SKY# 24184|SRS  30488|TD1 16611|UBV M  18952|UBV   11767|2MASS J13021059+1057329|PLX 2987.00|1RXS J130210.9+105724|2E 1259.6+1114|RX J1302.1+1057|[ZEH2003] RX J1302.1+1057  1|WDS J13022+1058A|WEB 11257|Gaia DR2 3736865265439463424"
"HIP 64166","* psi Hya",197.26360823084,-23.11804386646,"PM*","K0III",14.0296,0.1103,-20.533,-46.131,-15.85,4.934,"TIC 415840068|HIP 64166|Gaia DR3 3504044777770340096|PLX 3001|* psi Hya|*  45 Hya|BD-22  3515|CD-22  9774|CPD-22  5561|FAUST 3690|FK5 3048|GC 17813|GCRV  7821|GEN# +1.00114149|GSC 06699-01369|HD 114149|HIC  64166|HR  4958|IRAS 13063-2251|IRC -20247|N30 3018|PPM 261261|SAO 181410|SKY# 24335|TYC 6699-1369-1|UBV M  19064|YZ 112  9757|2MASS J13090327-2307048|PLX 3001.00|WEB 11340|Gaia DR2 3504044777770340096"
"HIP 64241","* alf Com",197.49702168569598,17.52945526166217,"**","F5V+F6V",56.1,0.89,-433.13,141.24,-18.826,4.32,"TIC 138128530|HIP 64241|Gaia DR3 3937881211045638400|*  42 Com|LSPM J1309+1731|NLTT 33105|ASCC  868407|2MASS J13095936+1731456|USNO-B1.0 1075-00257793|* alf Com|AAVSO 1305+18|ADS  8804 AB|AG+17 1350|BD+18  2697|CCDM J13100+1732AB|CSI+18  2697  1|CSV 102722|Ci 20  762|GC 17833|GCRV  7832|CNS5 3241|HIC  64241|IDS 13051+1803 AB|LTT 13802|NSV  6116|PPM 129630|SAO 100443|TD1 16671|UBV   11895|YZ  17  4848|WDS J13100+1732AB|GJ 501.0|** STF 1728AB|AKARI-IRC-V1 J1309590+173147|IRAS 13075+1747|[ZEH2003] RX J1309.9+1731  1|WISE J130958.97+173146.5|IRAS F13075+1747|WISEA J130958.98+173147.5|NAME Diadem|uvby98 100114378|PLX 3006|PLX 3006.00|GEN# +1.00114378|EUVE J1310+17.5|RE J130959+173150|RX J1309.9+1731|1RXS J130959.3+173136|2EUVE J1310+17.5|RBS  1225|RX J1310.0+1731|SKY# 24360|WEB 11357|GCRV 63887|ROT  1938"
"HIP 64394","* bet Com",197.96830761169252,27.878183974850003,"PM*","F9.5V",108.725,0.1645,-800.72,882.301,5.297,4.25,"GJ 502|HIP 64394|Gaia DR3 1460229442589223424|PLX 3015|LSPM J1311+2752|ASCC  686177|USNO-B1.0 1178-00276810|* bet Com|*  43 Com|2E  2990|AG+28 1306|BD+28  2193|CCDM J13118+2753A|CSI+28  2193  1|Ci 20  765|FAUST 3706|FK5  492|GC 17874|GCRV  7850|GEN# +1.00114710|HD 114710|CNS5 3247|HIC  64394|HR  4983|IDS 13072+2823 A|IRAS 13095+2808|IRC +30246|JP11  2366|LFT  978|LHS   348|LTT 13815|N30 3027|NLTT 33217|PM 13095+2808|PMC 90-93   349|PPM 102444|RBS  1229|ROT  1942|SAO  82706|SKY# 24404|SPOCS  553|SRS  30492|TD1 16693|TYC 1996-2400-1|UBV   11934|YZ  28  6390|Zkh 193|[BOA98] 53|uvby98 100114710|2MASS J13115238+2752411|PLX 3015.00|1ES 1309+28.1|1RXS J131152.9+275242|2E 1309.5+2807|2EUVE J1311+27.8|EUVE J1311+27.8|RX J1311.8+2752|WDS J13119+2753A|Weis 44447|** STT  578A|[ZEH2003] RX J1311.8+2752  1|WISEA J131151.73+275251.1|TIC 445070560|WEB 11381|Gaia DR2 1460229369573307264"
"HIP 64962","* gam Hya",199.73040703832623,-23.171514006915,"SB*","G8IIIa",25.5286,0.2706,67.956,-44.299,-4.861,3.0,"TIC 6013637|Gaia DR3 6194563955869054848|HIP 64962|PLX 3041|*  46 Hya|* gam Hya|2E  3016|BD-22  3554|CCDM J13190-2310A|CD-22  9855|CPD-22  5584|CSI-22  3554  1|CSV 101371|FAUST 3734|FK5  495|GC 18012|GCRV  7911|GEN# +1.00115659|HD 115659|HIC  64962|HR  5020|IDS 13135-2238 A|IRAS 13161-2254|IRC -20249|JP11  2378|N30 3053|NSV  6180|PMC 90-93   351|PPM 261484|RAFGL 1614|RBS  1247|ROT  1953|SACS 286|SAO 181543|SKY# 24594|SV* ZI   991|UBV   12027|UBV M  19253|YZ 112  9835|2MASS J13185528-2310173|PLX 3041.00|1RXS J131855.7-231011|2E 1316.2-2254|WDS J13189-2310A|TYC 6700-1436-1|WEB 11479|Gaia DR2 6194563955869798784"
"HIP 65109","* iot Cen",200.14922006503957,-36.712304581225,"PM*","kA1.5hA3mA3Va",56.0571,1.1147,-339.615,-82.181,0.1,2.73,"TIC 30753143|GJ 508.1|GJ 9441|HIP 65109|Gaia DR3 6165699748417797504|PLX 3048|* iot Cen|CD-36  8497|CPC 18  6388|CPD-36  5880|CNS5 3286|FK5  496|GC 18039|GCRV  7925|GEN# +1.00115892|HD 115892|HIC  65109|HR  5028|IRAS 13177-3626|JP11  2385|LTT  5138|N30 3057|NLTT 33743|PMC 90-93   352|PPM 291265|ROT  1956|SACS 287|SAO 204371|SKY# 24636|SRS  30496|UBV   12043|UBV M  19277|[B10]  3452|uvby98 100115892|2MASS J13203582-3642443|PLX 3048.00|TYC 7275-2074-1|WEB 11498|Gaia DR2 6165699748415726848|NAME-IAU Kulou"
"HIP 6537","* tet Cet",21.005847006805414,-8.183260897344443,"HB*","K0IIIb",29.0339,0.2198,-76.226,-201.519,17.2,3.59,"TIC 10838226|Gaia DR3 2478112158887431296|IDS 01190-0842 A|HIP 6537|PLX  286|* tet Cet|*  45 Cet|ADS  1118 A|BD-08   244|CCDM J01240-0811A|CSI-08   244  1|FK5   47|GC  1695|GCRV   795|GEN# +1.00008512|HD   8512|HIC   6537|HR   402|IRAS 01215-0826|IRC -10021|JP11   493|LTT   768|N30  286|NLTT  4662|PMC 90-93    33|PPM 183392|RAFGL  210|ROT   201|SACS  22|SAO 129274|SKY#  2115|TD1   797|UBV    1486|UBV M   8157|YZ  98   283|2MASS J01240142-0810596|PLX  286.00|WDS J01240-0811A|TYC 5274-1984-1|WEB  1440|Gaia DR2 2478112158887135488"
"HIP 65378","* zet UMa",200.98141866666666,54.92535197222222,"**",,38.01,1.71,119.01,-25.97,-6.31,,"ADS  8891 AB|CSI+55  1598  3|TIC 471011825|JP11  2391|UBV   12102|UBV M  19361|WDS J13239+5456AB|** STF 1744AB|HIP 65378|HIC  65378|PMSC 13199+5527|NAME Mizar|* zet UMa|*  79 UMa|BD+55  1598|IRC +60224|AKARI-IRC-V1 J1323557+545529|RAFGL 1621S|IRAS 13219+5511|uvby98 100116656|1RXS J132356.5+545437"
"HIP 65474","* alf Vir",201.2982473615632,-11.161319485111932,"bC*","B1V",13.06,0.7,-42.35,-30.67,-3.31,0.97,"TIC 178999156|HIP 65474|PLX 3063|SBC9 766|IRAS 13225-1054|AKARI-IRC-V1 J1325115-110940|* alf Vir|*  67 Vir|2E  3039|2RE J132508-111117|2RE J1325-111|BD-10  3672|CCDM J13252-1109A|CSI-10  3672  1|FK5  498|GC 18144|GCRV  7963|GEN# +1.00116658|GSC 05547-01518|HD 116658|HGAM    623|HIC  65474|HR  5056|IDS 13200-1038 A|IRC -10286|JP11  2392|MCW  553|N30 3066|NAME Spica|PMC 90-93   354|PPM 227262|RAFGL 1622|RBS  1263|RE J132512-110856|RE J1325-110|ROT  1963|SACS 290|SAO 157923|SBC7   487|SKY# 24751|TD1 16831|TYC 5547-1518-1|UBV   12103|UBV M  19362|V* alf Vir|2MASS J13251158-1109404|ALS 14813|1ES 1322-10.8|1RXS J132511.6-110932|2E 1322.5-1053|EUVE J1325-11.1|RX J1325.2-1109|WDS J13252-1110A|uvby98 100116658|WEB 11556"
"HIP 65936","* d Cen",202.76106914624998,-39.40730527555556,"**","G8II/III",3.6,0.49,-15.67,-10.49,-2.4,3.88,"TIC 461235343|GEN# +1.00117440|HIP 65936|PLX 3082|* d Cen|CCDM J13310-3924AB|CD-38  8592|CPC 18  6489|CPD-38  5526|CSI-38  8592 21|CSV 101388|GC 18254|GCRV  8015|GSC 07792-02393|HD 117440|HIC  65936|HR  5089|IDS 13252-3854 AB|IRAS 13281-3909|JP11  2402|N30 3083|NSV  6283|PPM 291480|SAO 204545|SKY# 24883|SV* ZI  1008|TD1 16879|TYC 7792-2393-1|UBV   12146|UBV M  19457|2MASS J13310266-3924262|PLX 3082.00|WDS J13310-3924AB|** SEE  179|uvby98 100117440|CSI-38  8592 22|WEB 11660|Gaia DR2 6161403234933132032"
"HIP 66249","* zet Vir",203.67329732802997,-0.59581641612,"PM*","A2Van",43.7467,0.333,-276.903,44.621,-13.2,3.38,"TIC 130726180|GJ 3792|HIP 66249|Gaia DR3 3662636823132300032|PLX 3100|* zet Vir|*  79 Vir|AG-00 1843|BD+00  3076|FK5  501|GC 18351|GCRV  8040|GEN# +1.00118098|CNS5 3346|HD 118098|HIC  66249|HR  5107|IRAS 13321-0020|JP11  2406|LTT  5252|N30 3094|NLTT 34515|PMC 90-93   357|PPM 179083|ROT  1974|SAO 139420|SKY# 24984|TD1 16924|UBV   12182|UBV M  19520|uvby98 100118098|2MASS J13344160-0035450|PLX 3100.00|TYC 4966-1366-1|WISEA J133441.43-003544.5|NAME Heze|WEB 11707|Gaia DR2 3662636823132020480|** HNK    7A|WDS J13347-0036A"
"HIP 66657","* eps Cen",204.97190723090242,-53.466391146088995,"bC*","B1III",7.63,0.48,-15.3,-11.72,3.0,2.3,"TIC 241398115|HIP 66657|* eps Cen|CCDM J13399-5328A|CD-52  5743|CEL   4275|CPC 19  5136|CPD-52  6655|CSI-52  6655 41|FK5  504|GC 18458|GCRV  8073|GEN# +1.00118716|GSC 08663-02929|HD 118716|HIC  66657|HR  5132|IDS 13335-5257 A|JP11  2411|N30 3113|PPM 342130|ROT  7271|SACS 296|SAO 241047|SKY# 25117|TYC 8663-2929-1|UBV   12227|UBV M  19592|V* eps Cen|[B10]  3521|ALS 14981|EUVE J1339-53.4|WDS J13399-5328A|uvby98 100118716|WEB 11756|IRAS 13366-5312|AKARI-IRC-V1 J1339532-532759|1RXS J133952.7-532745|2MASS J13395324-5327590"
"HIP 6686","* del Cas",21.453964462083334,60.23528402972222,"EB*","A5IV",32.81,0.14,296.57,-49.22,6.7,2.68,"TIC 54995745|GJ 58.1|HIP 6686|Gaia DR3 510204838759030144|* del Cas|PLX  287|ASCC  106973|LSPM J0125+6014|2MASS J01254889+6014070|USNO-B1.0 1502-00052721|*  37 Cas|AG+59  128|BD+59   248|CCDM J01259+6014A|CEL    139|CSI+59   248  1|FK5   48|GC  1715|GCRV   805|GEN# +1.00008538|HD   8538|HIC   6686|HR   403|IDS 01193+5943 A|IRAS 01225+5958|IRC +60050|IRCO  2978|JP11   494|LTT 10509|N30  290|NLTT  4718|PMC 90-93    34|PPM  12969|ROT   202|SAO  22268|SKY#  2155|TD1   800|UBV    1491|UBV M   8159|V* del Cas|[HFE83]   75|PLX  287.00|WDS J01258+6014A|** BUP   19A|NAME Ruchbah|TYC 4031-3289-1|uvby98 100008538|WEB  1460|Gaia DR2 510204838754613632"
"HIP 67301","* eta UMa",206.88515734206297,49.31326672942533,"PM*","B3V",31.38,0.24,-121.17,-14.91,-13.4,1.86,"HIP 67301|WISE J134732.18+491849.4|Gaia DR3 1510374147844219904|PLX 3147|* eta UMa|*  85 UMa|AG+49 1116|BD+50  2027|CEL   4281|CSV 101406|FK5  509|GC 18643|GCRV  8142|GEN# +1.00120315|GSC 03467-01257|HD 120315|HGAM    626|HIC  67301|HR  5191|IRAS 13455+4933|IRC +50233|JP11  2433|N30 3141|NSV  6450|PMC 90-93   362|PPM  53742|RAFGL 4916S|ROT  1999|SAO  44752|SKY# 25304|SV* ZI  1023|TD1 17067|TYC 3467-1257-1|UBV   12316|UBV M  19728|[HFE83]  974|uvby98 100120315|2MASS J13473244+4918477|PLX 3147.00|EUVE J1347+49.2|NAME Alkaid|NAME Alcaid|TIC 219033887|WEB 11841|TIC 1001113022|TIC 471011845|Gaia DR2 1510374147841192960"
"HIP 67459","* ups Boo",207.36933869583623,15.797904644250833,"PM*","K5.5III",13.4228,0.138,-93.269,40.166,-5.85,4.07,"TIC 72518243|Gaia DR3 1243381938292692096|HIP 67459|PLX 3156|*   5 Boo|* ups Boo|AG+16 1374|BD+16  2564|CSV 101409|DO 14815|GC 18674|GCRV  8159|GEN# +1.00120477|GSC 01460-01180|HD 120477|HIC  67459|HR  5200|IRAS 13470+1602|IRC +20263|JP11  2443|NSV  6458|PPM 130100|RAFGL 1651|ROT  2002|SAO 100725|SKY# 25354|SV* ZI  1027|TD1 17078|TYC 1460-1180-1|UBV   12328|UBV M  19746|YZ  16  5020|2MASS J13492867+1547523|PLX 3156.00|WEB 11865|Gaia DR2 1243381938292426624"
"HIP 67464","* nu. Cen",207.37615211559708,-41.68770852979139,"bC*","B2V",8.0476,0.347,-26.137,-21.226,9.0,3.386,"Gaia DR3 6112195451032545024|TIC 166447153|HIP 67464|SBC9 782|* nu. Cen|CD-41  8171|CPC  0 11719|CPD-41  6479|CSV 101405|GC 18665|GCRV  8151|GEN# +1.00120307|GSC 07797-02744|HD 120307|HGAM   2016|HIC  67464|HR  5190|IRAS 13465-4126|JP11  2430|N30 3143|NSV  6454|PPM 318895|ROT  1998|SAO 224469|SBC7   497|SKY# 25358|TD1 17066|TYC 7797-2744-1|UBV   12315|UBV M  19727|V* nu. Cen|[B10]  3564|2MASS J13493028-4141156|ALS 14982|SV* ZI  1024|uvby98 100120307|WEB 11863|Gaia DR2 6112195451031438464|NAME-IAU Heng"
"HIP 67472","* mu. Cen",207.40411953020498,-42.47373340873611,"Be*","B2Vnpe",7.3269,0.516,-23.04,-18.361,9.2,3.43,"Gaia DR3 6109087784495371648|TIC 243647020|GEN# +1.00120324|HIP 67472|[JE82]  698|* mu. Cen|AAVSO 1343-41|CCDM J13496-4228A|CD-41  8172|CPC  0 11721|CPD-41  6480|CSI-41  8172 21|EM* MWC  229|FK5  508|GC 18667|GCRV  8154|GEN# +1.00120324A|GSC 07797-02743|HD 120324|HGAM   2017|HIC  67472|HR  5193|Hen 3-933|IDS 13436-4159 A|JP11  2439|N30 3144|PPM 318898|ROT  2000|SACS 299|SAO 224471|SKY# 25362|TD1 17069|TYC 7797-2743-1|UBV   21703|V* mu. Cen|[B10]  3565|ALS 14983|WDS J13496-4228A|AKARI-IRC-V1 J1349369-422825|IRAS 13465-4213|WDS J13496-4228Aa,Ab|** SHT   53|** HDO  226A|2MASS J13493700-4228255|WEB 11866|Gaia DR2 6109087784487667712|EUVE J1349-42.4"
"HIP 677","* alf And",2.0969161856756404,29.090431118059698,"a2*","B8IV-VHgMn",33.62,0.35,137.46,-163.44,-10.1,2.06,"TIC 427733653|HIP 677|2MASS J00082326+2905253|LSPM J0008+2905|ASCC  647497|USNO-B1.0 1190-00002295|PLX   12|SBC9 4|* alf And|* del Peg|*  21 And|ADS    94 A|AG+28   11|BD+28     4|CCDM J00083+2905A|CSI+28     4  1|EUVE J0008+29.0|FK5    1|GC   127|GCRV    62|GEN# +1.00000358|HD    358|HGAM      2|HIC    677|HR    15|IDS 00032+2832 A|TIC 471011200|IRC +30004|JP11   345|LTT 10039|N30   16|NAME Alpheratz|NAME Sirrah|NLTT   346|PMC 90-93     1|PPM  89441|ROT    58|SAO  73765|SBC7     4|SKY#   244|SRS  30001|TD1    31|UBV M   7157|UBV      52|V* alf And|YPAC   1|[HFE83]    4|ALS 16723|WDS J00084+2905Aa,Ab|TYC 1735-3180-1|GSC 01735-03180|UCAC3 239-808|Renson 50|AKARI-IRC-V1 J0008233+290524|IRAS 00057+2848|** MKT   11|WDS J00084+2905A|** H  532A|** JNN    1A|uvby98 100000358|WEB   113"
"HIP 67927","* eta Boo",208.67116216800866,18.397720717229475,"SB*","G0IV",87.75,1.24,-60.95,-356.29,5.77111,2.68,"GES J13544102+1823474|TIC 367758676|RAVE J135441.1+182352|AP J13544106+1823514|GALAH 140709001901194|Gaia DR3 1244946371540479616|GJ 534|GJ 534 A|GJ 534 B|HIP 67927|PLX 3175|SBC9 794|LSPM J1354+1823|ASCC  869594|USNO-B1.0 1083-00239773|* eta Boo|*   8 Boo|2E  3150|AG+18 1285|BD+19  2725|CSI+19  2725  1|FK5  513|GC 18805|GCRV  8204|GEN# +1.00121370|HD 121370|CNS5 3442|HIC  67927|HR  5235|IRAS 13522+1838|IRC +20267|JP11  2455|LTT 14060|N30 3162|NLTT 35643|NSV 19993|PMC 90-93   365|PPM 130166|RAFGL 4923S|ROT  2011|SAO 100766|SBC7   503|SKY# 25509|SRS  30513|TD1 17144|UBV   12376|UBV M  19832|USNO 849|YZ  18  5045|Zkh 205|[HFE83]  987|uvby98 100121370|2MASS J13544106+1823514|PLX 3175.00|1E 1352.3+1838|2E 1352.3+1838|EXO 1352.3+1838|RX J1354.7+1824|[TSA98] J135440.09+182358.11|[ZEH2003] RX J1354.6+1824  1|RX J1354.6+1824|1RXS J135441.2+182410|TYC 1470-1157-1|1AXG J135440+1823|[TSA98] J135439.99+182321.10|NAME Muphrid|WEB 11935|Gaia DR2 1244946371540223872|TIC 1000275770"
"HIP 68002","* zet Cen",208.88494019857197,-47.28837451101241,"SB*","B2.5IV",8.54,0.13,-57.37,-44.55,6.5,2.55,"TIC 113350416|HIP 68002|SBC9 793|* zet Cen|CD-46  8949|CPC  0 11820|CPD-46  6560|FK5  512|GC 18809|GCRV  8207|GEN# +1.00121263|GSC 08267-03545|HD 121263|HIC  68002|HR  5231|IRAS 13524-4702|JP11  2454|N30 3163|PPM 318991|ROT  2009|SACS 301|SAO 224538|SBC7   502|SKY# 25534|TD1 17140|TYC 8267-3545-1|UBV   12371|UBV M  19824|[B10]  3593|uvby98 100121263|2MASS J13553239-4717183|ALS 14989|WEB 11943|NAME-IAU Leepwal"
"HIP 68282","* ups01 Cen",209.66978618791669,-44.80358582416666,"Pu*","B2IV-V",7.63,0.16,-27.51,-22.44,4.8,3.87,"TIC 359916090|HIP 68282|Gaia DR3 6107651444350934400|* ups01 Cen|CD-44  9010|CEL   4291|CPC  0 11877|CPD-44  6595|FK5 3112|GC 18883|GCRV  8224|GEN# +1.00121790|GSC 07802-02736|HD 121790|HGAM   2022|HIC  68282|HR  5249|JP11  2458|N30 3174|PPM 319048|ROT  2018|SAO 224585|SKY# 25632|TD1 17169|TYC 7802-2736-1|UBV   12400|UBV M  19867|[B10]  3603|uvby98 100121790|2MASS J13584075-4448130|ALS 14991|EUVE J1358-44.7|IRAS 13555-4433|AKARI-IRC-V1 J1358407-444813|WEB 11980|Gaia DR2 6107651444350128384"
"HIP 68520","* tau Vir",210.41163979453543,1.5445306078263885,"*","A2IV/V",14.3831,0.1605,17.317,-21.594,-2.49,4.237,"TIC 420649413|Gaia DR3 3661266384967451520|HIP 68520|PLX 3196|IRAS 13591+0147|AKARI-IRC-V1 J1401388+013239|* tau Vir|*  93 Vir|ADS  9085 A|AG+01 1599|BD+02  2761|CCDM J14016+0133A|CSI+02  2761  1|FK5  516|GC 18945|GCRV  8244|GEN# +1.00122408A|GSC 00316-01271|HD 122408|HIC  68520|HR  5264|IDS 13566+0202 A|JP11  2462|N30 3186|PMC 90-93   367|PPM 160264|ROT  2024|SAO 120238|SKY# 25696|TD1 17203|TYC  316-1271-1|UBV   12421|UBV M  19914|YZ   1  4844|[HFE83]  998|uvby98 100122408 A|2MASS J14013879+0132402|PLX 3196.00|WDS J14016+0133A|Renson 35100|WEB 12001|Gaia DR2 3661266384966554368"
"HIP 6867","* gam Phe",22.091369520270838,-43.31823473917167,"SB*","M0III",13.3612,0.3555,-17.72,-206.864,25.8,3.42,"TIC 369611597|Gaia DR3 4935615308047192576|HIP 6867|PLX  305|SBC9 78|* gam Phe|CD-43   449|CPC  0   680|CPD-43   172|FK5   49|GC  1787|GCRV   839|GEN# +1.00009053|HD   9053|HIC   6867|HR   429|IRAS 01261-4334|JP11   499|LTT   806|N30  301|NLTT  4915|PPM 305902|RAFGL  218|SACS  24|SAO 215516|SBC7    53|SKY#  2222|UBV    1560|UBV M   8218|V* gam Phe|[CS62] E1  62|2MASS J01282192-4319054|PLX  305.00|TYC 7547-1134-1|uvby98 100009053|WEB  1501|Gaia DR2 4935615308045125760"
"HIP 68702","* bet Cen",210.95585562281522,-60.373035161541594,"bC*","B1III",8.32,0.5,-33.27,-23.16,2.52,0.58,"TIC 328329822|WISEA J140349.33-602223.1|HIP 68702|PLX 3198|* bet Cen|2E  3163|CD-59  5054|CEL   4298|CPC 20.1  4149|CPD-59  5365|FK5  518|GC 18971|GCRV  8251|HD 122451|HIC  68702|HR  5267|IRAS 14002-6008|N30 3189|NAME Agena|PPM 360515|ROT  2025|SACS 302|SAO 252582|SKY# 25751|TD1 17207|NAME Hadar|UBV   12426|V* bet Cen|[B10]  3615|2MASS J14034938-6022226|ALS 14992|PLX 3198.00|1RXS J140348.7-602242|2E 1400.2-6008|EUVE J1403-60.3|WEB 12025|GEN# +1.00122451|uvby98 100122451|* bet Cen A|TYC 9005-3919-1|** VOU   31A|WDS J14038-6022A|CCDM J14038-6022A|IDS 13568-5953 A|WISE J140349.31-602222.3|** RBT    1|WDS J14038-6022Aa,Ab"
"HIP 68756","* alf Dra",211.09732332021125,64.3758696175675,"SB*","A0III",12.5156,0.2033,-56.351,12.329,-6.1,3.68,"TIC 165991532|** NOI    4|WDS J14044+6423AB|Gaia DR3 1667976701458958848|HIP 68756|PLX 3209|SBC9 800|*  11 Dra|* alf Dra|AG+64  666|BD+65   978|FK5  521|GC 19019|GCRV  8269|GEN# +1.00123299|GSC 04174-01262|HD 123299|HGAM    627|HIC  68756|HR  5291|IRAS 14030+6436|JP11  2470|N30 3202|NAME Thuban|PMC 90-93   371|PPM  18861|ROT  2029|SAO  16273|SBC7   507|SKY# 25766|TD1 17263|TYC 4174-1262-1|UBV   12463|UBV M  19972|[HFE83] 1003|uvby98 100123299|2MASS J14042335+6422331|PLX 3209.00|Renson 35350|1RXS J140424.4+642233|WEB 12028|Gaia DR2 1667976701458550400"
"HIP 68933","* tet Cen",211.670614682339,-36.369954742511496,"PM*","K0-IIIb",55.45,0.2,-520.53,-518.06,1.3,2.05,"TIC 179323446|GJ 539|HIP 68933|PLX 3206|* tet Cen|*   5 Cen|CCDM J14067-3622A|CD-35  9260|CPC 18  6806|CPD-35  6109|CSI-35  9260 21|Ci 20  831|CNS5 3486|FK5  520|GC 19033|GCRV  8272|GEN# +1.00123139|HD 123139|HIC  68933|HR  5288|IDS 14008-3553 A|IRAS 14037-3607|JP11  2468|LFT 1068|LHS  2858|LTT  5502|N30 3206|NLTT 36243|PM 14037-3607|PMC 90-93   370|PPM 292214|SACS 304|SAO 205188|SKY# 25816|SRS  30520|TD1 17252|TYC 7293-2215-1|UBV   12457|UBV M  19965|2MASS J14064097-3622113|PLX 3206.00|WDS J14067-3622A|NAME Menkent|WEB 12044"
"HIP 69427","* kap Vir",213.2239368859575,-10.273703461482222,"PM*","K2.5IIIFe-0.5",11.5878,0.1625,6.674,138.987,-4.38,4.21,"TIC 5976862|Gaia DR3 6304988355324252928|HIP 69427|PLX 3227|*  98 Vir|* kap Vir|BD-09  3878|FK5  523|GC 19168|GCRV  8314|GEN# +1.00124294|GSC 05558-01738|HD 124294|HIC  69427|HR  5315|IRAS 14102-1002|IRC -10300|JP11  2478|N30 3220|NSV 20060|PMC 90-93   373|PPM 228460|RAFGL 1688|ROT  2034|SACS 305|SAO 158427|SKY# 25952|TD1 17312|TYC 5558-1738-1|UBV   12505|UBV M  20028|YZC 11  5032|[HFE83] 1015|2MASS J14125374-1016254|PLX 3227.00|WEB 12101|Gaia DR2 6304988355323886720|NAME-IAU Kang"
"HIP 69673","* alf Boo",213.915300294925,19.1824091615312,"RG*","K1.5IIIFe-0.5",88.83,0.54,-1093.39,-2000.06,-5.229,-0.05,"TIC 459832522|AP J14153968+1910558|GALAH 150210005801171|GJ 541|HIP 69673|PLX 3242|LSPM J1415+1910|NLTT 36756|TYC 1472-1436-1|ASCC  870215|USNO-B1.0 1091-00221874|* alf Boo|*  16 Boo|AAVSO 1411+19|AG+19 1335|BD+19  2777|CSV 101433|Ci 20  843|FK5  526|GC 19242|GCRV  8341|GEN# +1.00124897|HD 124897|CNS5 3517|HIC  69673|HR  5340|TIC 471011863|IRAS 14133+1925|IRC +20270|JP11  2486|LFT 1084|LHS    48|LTT 14184|N30 3229|NAME Arcturus|NSV  6603|PM 14134+1927|PM 14134-1927|PMC 90-93   376|PPM 130442|RAFGL 1693|ROT  2044|SAO 100944|SKY# 26028|SRS  30526|SV* ZI  1054|TD1 17351|UBV   12551|UBV M  20076|USNO 850|YPAC  52|[HFE83] 1018|uvby98 100124897|2MASS J14153968+1910558|PLX 3242.00|GAT 1341|** HDS 2003A|WDS J14157+1911A|CCDM J14157+1911A|WEB 12132"
"HIP 69701","* iot Vir",214.0036178170021,-6.000547078703056,"PM*","F7III",45.4014,0.2858,-26.606,-414.866,12.079,4.08,"TIC 6029884|WDS J14190-0636C|** SHY   71C|GJ 9473|HIP 69701|WISE J141600.86-060005.8|Gaia DR3 3640828731549972480|PLX 3241|* iot Vir|*  99 Vir|2RE J1415-055|2RE J141559-055905|BD-05  3843|CSV   7112|Ci 20  842|FK5  525|GC 19244|GCRV  8342|GEN# +1.00124850|CNS5 3520|HD 124850|HIC  69701|HR  5338|IRAS 14133-0545|IRC -10302|JP11  2484|LTT  5603|N30 3230|NLTT 36758|NSV  6604|PMC 90-93   375|PPM 197358|RBS  1359|ROT  2043|SACS 306|SAO 139824|SKY# 26035|TD1 17349|UBV   12546|UBV M  20072|YZ  95  5069|uvby98 100124850|2MASS J14160086-0600016|PLX 3241.00|1RXS J141600.9-055955|2EUVE J1416-05.9|EUVE J1416-05.9|TYC 4982-1645-1|RAVE J141600.9-060002|NAME Syrma|WISEA J141600.87-060006.3|WEB 12135|Gaia DR2 3640828731549668608"
"HIP 7007","* mu. Psc",22.54631260854125,6.143821711764999,"PM*","K3III",9.3184,0.1693,291.213,-45.788,34.409,4.84,"TIC 365157325|AP J01301114+0608377|Gaia DR3 2565225915399877760|HIP 7007|PLX  309|LSPM J0130+0608|TYC   34-1287-1|ASCC 1003191|2MASS J01301114+0608377|USNO-B1.0 0961-00015372|*  98 Psc|* mu. Psc|AG+05  168|BD+05   194|CCDM J01301+0609A|CSI+05   194  1|EIC    22|FK5 2099|G   3-3|GC  1819|GCRV   853|GEN# +1.00009138|HD   9138|HIC   7007|HR   434|IDS 01249+0537 A|IRAS 01275+0553|IRC +10017|JP11   501|LTT 10529|N30  308|NLTT  4979|PPM 144670|RAFGL  224|ROT   214|SAO 109926|SKY#  2263|UBV M   8227|UBV    1571|YPAC  54|YZ   5   555|YZC 22   555|PLX  309.00|WDS J01302+0609A|WEB  1515|Gaia DR2 2565225915399877760"
"HIP 70576","* tau02 Lup",216.54505741968393,-45.379278405963014,"**","F7",10.22,0.31,14.62,-7.33,-0.6,4.35,"TIC 127026216|WISE J142610.70-452245.5|UCAC4 224-079651|Gaia DR3 6099302577683627520|HIP 70576|PLX 3269|* tau02 Lup|CCDM J14262-4523AB|CD-44  9323|CPC  0 12300|CPD-44  6771|GC 19454|GCRV  8422|GSC 08277-03281|HD 126354|HIC  70576|HR  5396|IDS 14197-4456 AB|IRAS 14229-4509|JP11  2509|PPM 319522|ROT  2071|SAO 224920|SKY# 26304|TD1 17468|TYC 8277-3281-1|UBV   12642|UBV M  20170|[CS62] E6  79|2MASS J14261082-4522453|1RXS J142611.1-452305|WDS J14262-4523AB|** I  402|uvby98 100126354|WEB 12238|GEN# +1.00126354"
"HIP 70638","* del Oct",216.73013379233663,-83.6678847301364,"PM*","K2III",10.8706,0.1131,-96.184,-13.862,4.6,4.304,"TIC 421257284|Gaia DR3 5770136009232924800|HIP 70638|2MASS J14265519-8340041|* del Oct|CD-83   189|CPC 22  1765|CPD-83   557|GC 19349|GCRV  8387|GEN# +1.00124882|GSC 09509-03854|HD 124882|HIC  70638|HR  5339|IRAS 14186-8326|N30 3254|NSV  6636|PPM 377680|SAO 258698|SKY# 26317|SV* BV   848|TYC 9509-3854-1|UBV   12550|UBV M  20074|WEB 12243|Gaia DR2 5770136009236093696"
"HIP 7083","* del Phe",22.81293372607833,-49.07270281348056,"PM*","G8.5IIIb",22.7935,0.106,138.339,154.031,-7.3,3.935,"TIC 207084783|Gaia DR3 4929469381645492864|HIP 7083|PLX  317|* del Phe|CD-49   425|CPC  0   703|CPD-49   198|FK5 1044|GC  1847|GCRV   863|GEN# +1.00009362|HD   9362|HIC   7083|HR   440|IRAS 01291-4919|JP11   507|LTT   827|N30  310|NLTT  5071|PPM 305952|SACS  26|SAO 215536|SKY#  2284|TD1   879|UBV    1602|UBV M   8247|[CS62] E1  63|uvby98 100009362|2MASS J01311510-4904214|PLX  317.00|TYC 8043-1179-1|WEB  1527|Gaia DR2 4929469381643567360"
"HIP 7097","* eta Psc",22.870867450065003,15.345831842497502,"**","G7IIIa",8.7335,0.9207,28.584,-3.217,13.78,3.62,"TIC 268150836|GEN# +1.00009270|CCDM J01315+1521A|** BU  506A|ADS  1199 A|WDS J01315+1521A|IDS 01261+1450 A|Gaia DR3 2591891443195067264|HIP 7097|* eta Psc|PLX  314|*  99 Psc|AG+15  131|BD+14   231|CSV 100120|FK5   50|GC  1839|GCRV   861|GSC 01198-01597|HD   9270|HIC   7097|HR   437|IRC +20026|JP11   504|N30  309|NSV   532|PMC 90-93    35|PPM 117418|RAFGL  228|ROT   215|SAO  92484|SKY#  2292|SRS  30050|SV* ZI    79|TD1   873|TYC 1198-1597-1|UBV    1589|UBV M   8243|YZ  15   436|2MASS J01312901+1520452|PLX  314.00|NAME Alpherg|uvby98 100009270|WEB  1532|Gaia DR2 2591891443195389696"
"HIP 71053","* rho Boo",217.9574555385208,30.371436570076384,"PM*","K3-III",19.855,0.1587,-100.531,119.87,-13.57,3.59,"TIC 287030601|HIP 71053|Gaia DR3 1284537517514584704|PLX 3291|LSPM J1431+3022|ASCC  590922|USNO-B1.0 1203-00223636|*  25 Boo|* rho Boo|AAVSO 1427+30|ADS  9296 A|AG+30 1357|BD+31  2628|CCDM J14318+3022A|CSI+31  2628  1|FK5  534|GC 19597|GCRV  8475|GEN# +1.00127665|GSC 02553-01140|HD 127665|HIC  71053|HR  5429|IDS 14275+3049 A|IRAS 14296+3035|IRC +30259|JP11  2513|N30 3289|NSV  6697|PMC 90-93   382|PPM  77975|RAFGL 1716|ROT  2083|SAO  64202|SKY# 26459|SRS  30534|TD1 17546|TYC 2553-1140-1|UBV   12710|UBV M  20223|2MASS J14314977+3022169|PLX 3291.00|WDS J14318+3022A|WEB 12288|Gaia DR2 1284537517512657920"
"HIP 71075","* gam Boo",218.0194653313254,38.3082480800211,"dS*","A7IV+(n)",37.9125,0.255,-114.344,151.788,-32.4,3.02,"WISE J143204.89+381831.4|Gaia DR3 1487434040320076800|HIP 71075|* gam Boo|*  27 Boo|PLX 3294|LSPM J1432+3818|ASCC  497125|USNO-B1.0 1283-00265219|ADS  9300 A|AG+38 1345|BD+38  2565|CCDM J14321+3818A|CSI+38  2565  1|FK5  535|GC 19607|GCRV  8477|GEN# +1.00127762|HD 127762|HIC  71075|HR  5435|IDS 14280+3845 A|IRAS F14300+3831|IRAS 14300+3831|IRC +40258|JP11  2515|N30 3291|NLTT 37667|PMC 90-93   383|PPM  77976|RAFGL 4948S|ROT  2086|SAO  64203|SKY# 26467|TD1 17553|UBV M  20232|UBV   12720|V* gam Boo|[HFE83] 1034|2MASS J14320470+3818294|WDS J14321+3818A|TYC 3036-1151-1|Renson 36300|WDS J14321+3818Aa,Ab|** BLM    3|** BU  616A|NAME Seginus|TIC 67991192|WEB 12291|Gaia DR2 1487434040318624256"
"HIP 71352","* eta Cen",218.8767673375,-42.15782521722222,"Be*","B2Ve",10.67,0.21,-34.73,-32.72,0.0,2.31,"TIC 128116539|HIP 71352|[JE82]  735|* eta Cen|AAVSO 1429-41|CD-41  8917|CPC  0 12445|CPD-41  6839|EM* MWC  232|FK5  537|GC 19656|GCRV  8493|GEN# +1.00127972|GSC 07814-03706|HD 127972|HD 127973|HIC  71352|HR  5440|JP11  2516|N30 3301|PPM 319680|ROT  2088|SAO 225044|SKY# 26543|TD1 17567|TYC 7814-3706-1|UBV   12728|UBV M  20238|V* eta Cen|[B10]  3724|[CS62] E6  83|uvby98 100127972|2MASS J14353043-4209281|ALS 15000|EUVE J1435-42.2|IRAS 14323-4156|AKARI-IRC-V1 J1435304-420928|AKARI-FIS-V1 J1435303-420930|WEB 12321|Gaia DR2 6103094140452223872"
"HIP 71536","* rho Lup",219.471775669755,-49.4258282866625,"*","B3/4V",9.3484,0.2016,-28.921,-29.213,8.0,4.05,"TIC 289425857|Gaia DR3 5899408305748518528|HIP 71536|* rho Lup|CD-48  9198|CPC  0 12483|CPD-48  6610|CSV   7145|FK5 3158|GC 19698|GCRV  8508|GEN# +1.00128345|GSC 08287-02475|HD 128345|HIC  71536|HR  5453|IRAS 14345-4912|JP11  2522|NSV  6733|PPM 319720|ROT  2093|SACS 315|SAO 225071|SKY# 26604|TD1 17591|TYC 8287-2475-1|UBV   12751|UBV M  20265|[B10]  3732|uvby98 100128345|2MASS J14375322-4925326|WEB 12339|Gaia DR2 5899408305748518528"
"HIP 71683","* alf Cen A",219.90205833170774,-60.83399268831004,"PM*","G2V",742.12,1.4,-3679.25,473.67,-15.252,0.01,"GALAH 140708001701306|2MASS J14393592-6050069|TIC 471011145|GJ 559 A|HIP 71683|PLX 3309|* alf Cen A|CCDM J14396-6050A|CPD-60  5483A|CSI-60  5483 41|GCRV  8517|GEN# +1.00128620A|HD 128620|HIC  71683|HR  5459|IDS 14328-6025 A|LFT 1127|LHS    50|LTT  5806|CNS5 3627|NLTT 37984|PM 14362-6038A|PPM 360911|SKY# 26645|SPOCS  610|TD1 17606|Zkh 209|WDS J14396-6050A|TYC 9007-5849-1|PMSC 14328-6025A|* alf01 Cen|** RHD    1A|CD-60  5293A|WEB 12354|NAME Rigel Kentaurus|NAME Rigil Kentaurus"
"HIP 71795","* zet Boo",220.28729823076685,13.728304629385853,"**","A1V",18.56,0.76,51.95,-11.08,-8.5,3.78,"TIC 416608593|GEN# +1.00129247|Gaia DR3 1185648953539868800|HIP 71795|PLX 3320|WDS J14411+1344AB|*  30 Boo|* zet Boo|ADS  9343 AB|AG+13 1410|BD+14  2770|CCDM J14411+1344AB|CSI+14  2770  1|GAT 1021|GC 19777|GCRV  8537|GSC 00917-01471|HIC  71795|IDS 14364+1409 AB|N30 3317|NSV  6766|PPM 400195|SAO 101145|TD1 17636|UBV   12802|YZ  13  5180|2MASS J14410892+1343419|** STF 1865AB|AKARI-IRC-V1 J1441089+134341|IRAS 14387+1356"
"HIP 71860","* alf Lup",220.4823157775,-47.38819874611111,"bC*","B1.5III",7.02,0.17,-20.94,-23.67,5.4,2.286,"TIC 129117325|Gaia DR3 5905821894507108864|HIP 71860|* alf Lup|CCDM J14419-4723A|CD-46  9501|CPC  0 12549|CPD-46  6927|CSI-46  9501 21|FK5  541|GC 19774|GCRV  8536|GEN# +1.00129056|GSC 08283-04134|HD 129056|HGAM   2025|HIC  71860|HR  5469|IDS 14353-4658 A|IRAS 14385-4710|JP11  2524|N30 3316|PPM 319805|ROT  2098|SACS 316|SAO 225128|SKY# 26711|TD1 17625|TYC 8283-4134-1|UBV   12788|UBV M  20295|V* alf Lup|[B10]  3745|[CS62] E6  89|2MASS J14415577-4723174|ALS 15001|EUVE J1441-47.3|1RXS J144156.3-472332|WDS J14419-4723A|uvby98 100129056|WEB 12374|NAME-IAU Uridim"
"HIP 71908","* alf Cir",220.62675271705453,-64.97513301263639,"a2*","A7VpSrCrEu",60.993,0.226,-193.169,-234.982,7.099,3.19,"TIC 402546736|GJ 560 A|HIP 71908|Gaia DR3 5849837854861497856|uvby98 100128898|PLX 3313|* alf Cir|CCDM J14425-6459A|CD-64   867A|CPC 21  3281|CPD-64  2977|CSI-64  2977 41|FK5  539|GC 19772|GCRV  8535|GEN# +1.00128898A|HD 128898|HIC  71908|HR  5463|IDS 14344-6432 A|JP11  2523|LTT  5827|CNS5 3640|N30 3315|NLTT 38064|PPM 360934|ROT  2095|SAO 252853|SKY# 26730|TD1 17617|UBV   12775|V* alf Cir|WDS J14425-6459A|TYC 9015-1445-1|Renson 36710|ASAS J144230-6458.5|2MASS J14423039-6458305|AKARI-IRC-V1 J1442301-645832|IRAS 14384-6445|** DUN  166A|* alf Cir A|WEB 12383|Gaia DR2 5849837854817580672|NAME-IAU Xami"
"HIP 71957","* mu. Vir",220.7650999448383,-5.658201376752223,"PM*","F2V",52.1815,0.3855,110.002,-316.139,1.63,3.88,"TIC 185284200|GJ 9491|HIP 71957|Gaia DR3 6337717036911729024|PLX 3325|* mu. Vir|* 107 Vir|2E  3320|BD-05  3936|FK5  545|GC 19816|GCRV  8551|GEN# +1.00129502|CNS5 3644|HD 129502|HIC  71957|HR  5487|IRAS 14404-0526|JP11  2529|LTT  5845|N30 3325|NLTT 38172|PMC 90-93   387|PPM 197840|RBS  1422|ROT  2105|SACS 317|SAO 140090|SKY# 26743|TD1 17649|UBV   12818|UBV M  20321|YZ  95  5193|uvby98 100129502|2MASS J14430363-0539291|PLX 3325.00|1RXS J144303.4-053926|2E 1440.4-0526|TYC 4997-942-1|WISEA J144303.69-053932.7|** SKF 2126A|WDS J14431-0540A|WEB 12388|Gaia DR2 6337717036910714112"
"HIP 72105","* eps Boo",221.24673982578958,27.074222319675556,"PM*","K0-II-III",13.8267,0.4896,-50.818,21.024,-16.6,2.45,"HIP 72105|GEN# +1.00129989|* eps Boo|*  36 Boo|ADS  9372 AB|AG+27 1388|BD+27  2417|CSI+27  2417  3|HIC  72105|NAME Izar|UBV   12876|Gaia DR3 1279798794197267072|2MASS J14445925+2704272|WISE J144459.24+270426.5|PLX 3336|*  36 Boo A|* eps Boo A|ADS  9372 A|BD+27  2417A|CCDM J14449+2704A|CSI+27  2417  2|GC 19856|GCRV  8567|HD 129989|HR  5506|IDS 14406+2730 A|IRAS 14427+2717|IRC +30264|JP11  2536|N30 3333|PPM 103553|RAFGL 4201|SAO  83500|YPAC 541|WDS J14450+2704A|** STF 1877A|TYC 2019-1251-1|PLX 3336.00A|WEB 12405|Gaia DR2 1279798794195721600"
"HIP 72220","* 109 Vir",221.5621810306004,1.8928838280086113,"PM*","A0IIInn",24.2814,0.2271,-115.08,-20.464,-13.05,3.73,"TIC 368788781|HIP 72220|WISE J144614.85+015334.8|Gaia DR3 3655377057091634304|PLX 3340|* 109 Vir|AG+02 1777|BD+02  2862|FK5  547|GC 19884|GCRV  8582|GEN# +1.00130109|HD 130109|HGAM    631|HIC  72220|HR  5511|IRAS 14437+0206|JP11  2537|N30 3338|NSV  6794|PMC 90-93   388|PPM 160949|ROT  2111|SAO 120648|SKY# 26829|TD1 17693|UBV   12888|UBV M  20361|uvby98 100130109|2MASS J14461493+0153344|PLX 3340.00|RX J1446.3+0153|TYC  326-1426-1|Renson 37075|1RXS J144615.9+015342|WEB 12426|Gaia DR2 3655377057091401856"
"HIP 72370","* alf Aps",221.96546289704744,-79.04475355458166,"*","K3IIICN0.5",6.5509,0.1133,-5.133,-16.299,-0.1,3.798,"TIC 446344706|HIP 72370|Gaia DR3 5773473920382493440|2MASS J14475174-7902409|PLX 3315|* alf Aps|CPC 21.3  1786|CPD-78   893|FK5  542|GC 19834|GCRV  8558|GEN# +1.00129078|GSC 09436-02393|HD 129078|HIC  72370|HR  5470|IRAS 14415-7850|N30 3328|PPM 372410|SAO 257193|SKY# 26871|TYC 9436-2393-1|UBV   12790|UBV M  20297|PLX 3315.00|WEB 12442|Gaia DR2 5773473920381370240|NAME-IAU Paradys"
"HIP 72607","* bet UMi",222.67635749796767,74.15550393675127,"*","K4-III",24.91,0.12,-32.61,11.42,16.96,2.08,"TIC 229540730|HIP 72607|PLX 3373|*   7 UMi|* bet UMi|AG+74  412|BD+74   595|CCDM J14506+7410A|CSI+74   595  1|CSV 101477|FK5  550|GC 20029|GCRV  8646|GSC 04416-01799|HD 131873|HIC  72607|HR  5563|IDS 14510+7434 A|IRAS 14508+7421|IRC +70125|JP11  2549|N30 3361|NAME Kochab|NSV  6846|PMC 90-93   390|PPM   8758|RAFGL 1740|ROT  2127|SAO   8102|SKY# 26960|SV* ZI  1097|TD1 17825|TYC 4416-1799-1|UBV   12983|UBV M  20451|USNO 853|[HFE83] 1055|[L91b] 244|2MASS J14504235+7409199|PLX 3373.00|WDS J14507+7409A|uvby98 100131873|WEB 12482|** BUP  159A|GEN# +1.00131873"
"HIP 72622","* alf02 Lib",222.7196378915803,-16.041776519834446,"SB*","kA2hA5mA4IV-V",43.03,0.19,-105.68,-68.4,-10.0,2.75,"TIC 386886963|GJ 564.1|GJ 9499|HIP 72622|Gaia DR3 6309703507861332736|PLX 3351|*   9 Lib|* alf02 Lib|BD-15  3966|BDS  7018 A|CCDM J14508-1602A|FK5  548|GC 19975|GCRV  8623|GEN# +1.00130841|CNS5 3671|GSC 06155-01210|HD 130841|HIC  72622|HR  5531|IDS 14453-1537 A|IRAS 14481-1550|IRC -20271|JP11  2543|N30 3351|NSV  6827|PMC 90-93   389|PPM 229372|ROT  2118|SACS 320|SAO 158840|SKY# 26964|TYC 6155-1210-1|UBV   12928|UBV M  20396|uvby98 100130841|2MASS J14505274-1602302|PLX 3351.00|WDS J14509-1603A|Renson 37210|* alf Lib A|NAME Zubenelgenubi|WEB 12484|* alf Lib|** AOT   53A|** DSG   17|WDS J14509-1603Aa,Ab|** SHJ  186A|** CAB    1A|** ALP   30A"
"HIP 73273","* bet Lup",224.63302234983436,-43.13396384896446,"**","B2IV",8.52,0.18,-35.78,-39.83,0.2,2.68,"TIC 333947284|Gaia DR3 5908509891197204480|HIP 73273|* bet Lup|CD-42  9853|CEL   4329|CPC  0 12813|CPD-42  6856|FK5  552|GC 20128|GCRV  8677|GEN# +1.00132058|GSC 07832-02490|HD 132058|HIC  73273|HR  5571|IRAS 14552-4256|JP11  2556|N30 3380|PPM 320091|ROT  2130|SAO 225335|SKY# 27188|TD1 17837|TYC 7832-2490-1|UBV   12994|UBV M  20464|[B10]  3815|[CS62] E6  93|uvby98 100132058|2MASS J14583192-4308020|ALS 15004|WEB 12553"
"HIP 73334","* kap Cen",224.79035390916664,-42.10419636638889,"bC*","B2IV",8.51,0.54,-17.62,-22.51,8.0,3.11,"TIC 333950446|WISEA J145909.67-420615.1|Gaia DR3 5908713025970995584|HIP 73334|* kap Cen|CD-41  9342|CEL   4330|CPC  0 12828|CPD-41  6979|FK5  553|GC 20146|GCRV  8683|HD 132200|HGAM   2029|HIC  73334|HR  5576|IRAS 14559-4154|JP11  2557|N30 3383|PPM 320103|ROT  2131|SAO 225344|SKY# 27207|TD1 17846|UBV   13000|UBV M  20470|[B10]  3818|[CS62] E6  94|2MASS J14590969-4206151|ALS 15005|EUVE J1459-42.1|TYC 7828-3520-1|GSC 07828-03520|uvby98 100132200|WEB 12558|Gaia DR2 5908713025970034560|1RXS J145910.7-420634|GEN# +1.00132200|** I 1260A|WDS J14592-4206A|UCAC4 240-075691|WISE J145909.66-420615.4|** HDS 2116|WDS J14592-4206Aa,Ab|CCDM J14592-4206AC|IDS 14527-4142 AC"
"HIP 73555","* bet Boo",225.48650960185543,40.39056857046112,"PM*","G8IIIaFe-0.5",13.878,0.131,-40.708,-30.168,-18.4,3.52,"TIC 262880505|Gaia DR3 1296713990316692096|HIP 73555|* bet Boo|*  42 Boo|PLX 3399|AAVSO 1458+40|AG+40 1433|BD+40  2840|FK5  555|GC 20226|GCRV  8706|GEN# +1.00133208|GSC 03047-01258|HD 133208|HIC  73555|HR  5602|IRAS 15000+4035|IRC +40263|JP11  2565|N30 3392|NSV  6898|PMC 90-93   393|PPM  54491|RAFGL 1748|ROT  2140|SAO  45337|SKY# 27274|TD1 17908|TYC 3047-1258-1|UBV   13041|UBV M  20520|[GKL99] 312|[HFE83] 1069|[L91b] 245|2MASS J15015676+4023259|PLX 3399.00|NAME Nekkar|1RXS J150157.4+402327|WEB 12582|Gaia DR2 1296713990315380736"
"HIP 73714","* sig Lib",226.0175617057,-25.28196957961,"Mi*","M2.5III",12.5387,0.2984,-73.484,-42.632,-3.9,3.21,"TIC 440960978|ASASSN-V J150404.09-251655.5|WISEA J150404.20-251655.5|AKARI-IRC-V1 J1504041-251655|Gaia DR3 6227443304915069056|GJ 574.1|GJ 9508|HIP 73714|PLX 3400|* sig Lib|*  20 Lib|AAVSO 1458-24|CD-24 11834|CPD-24  5432|CSV   7165|FK5  556|GC 20253|GCRV  8717|GEN# +1.00133216|GSC 06752-01455|HD 133216|HIC  73714|HR  5603|IRAS 15011-2505|IRC -30228|JP11  2566|N30 3397|PMC 90-93   394|PPM 263746|RAFGL 1750|SAO 183139|SKY# 27322|SRS  30556|TD1 17909|TYC 6752-1455-1|UBV   13042|V* sig Lib|YZ 115 10772|[DS98] 212|2MASS J15040422-2516549|PLX 3400.00|NAME Brachium|WEB 12601|Gaia DR2 6227443304909889536"
"HIP 74395","* zet Lup",228.07123134275705,-52.099248703500834,"PM*","G8III",28.7616,0.1881,-112.9,-72.278,-10.0,3.41,"TIC 125802413|GJ 9512 A|HIP 74395|Gaia DR3 5888394463447019392|PLX 3427|* zet Lup|CCDM J15122-5206A|CD-51  8830|CPC 19  5777|CPD-51  7643|FK5  558|GC 20418|GCRV  8781|GEN# +1.00134505|GSC 08306-03362|HD 134505|HIC  74395|HR  5649|IDS 15051-5143 A|IRAS 15086-5154|JP11  2578|N30 3425|PPM 343507|SACS 331|SAO 242304|SKY# 27546|TYC 8306-3362-1|UBV   13102|UBV M  20591|uvby98 100134505|2MASS J15121710-5205572|WDS J15123-5206A|WEB 12699|Gaia DR2 5888394463418285312"
"HIP 746","* bet Cas",2.2945215777878776,59.14978109800713,"dS*","F2III",59.58,0.38,523.5,-179.77,4.3,2.27,"GJ 8|HIP 746|Gaia DR3 423018377034969216|CNS5 43|2MASS J00091071+5908591|LSPM J0009+5908|ASCC  155033|USNO-B1.0 1491-00004186|PLX   16|* bet Cas|*  11 Cas|2E    20|ADS   107 A|AG+58   16|BD+58     3|CCDM J00092+5909A|CEL     30|CSI+58     3  1|Ci 20   10|FK5    2|GC   147|GCRV    69|GEN# +1.00000432|HD    432|HIC    746|HR    21|IDS 00038+5836 A|IRAS 00065+5852|IRC +60004|JP11   346|LFT   15|LHS  1027|LTT 10046|N30   17|NAME Caph|TIC 396298498|NLTT   389|PMC 90-93     2|PPM  25054|RAFGL   21|ROT    60|SAO  21133|SKY#   277|TD1    38|UBV      63|UBV M   7167|USNO-A2.0 1425-00225287|V* bet Cas|[HFE83]    5|PLX   16.00|1RXS J000910.1+590903|2E 0006.5+5851|WDS J00092+5909A|TYC 3664-1985-1|uvby98 100000432|WEB   125"
"HIP 74666","* del Boo",228.87567841690498,33.31483124216833,"PM*","G8IIIFe-1",27.0746,0.1256,84.383,-111.591,-12.29,3.49,"TIC 16270265|Gaia DR3 1278391075717325312|HIP 74666|PLX 3449|*  49 Boo|* del Boo|ADS  9559 A|AG+33 1351|BD+33  2561|CCDM J15156+3319A|CSV 101491|FK5  563|GC 20523|GCRV  8830|GEN# +1.00135722A|HD 135722|HIC  74666|HR  5681|IDS 15115+3341 A|IRAS 15134+3329|IRC +30271|JP11  2583|N30 3435|NSV  7002|PMC 90-93   398|PPM  78453|ROT  2163|SAO  64589|SKY# 27633|SRS  30563|SV* ZI  1109|TD1 18095|UBV   13165|[HFE83] 1085|uvby98 100135722 A|2MASS J15153015+3318537|WDS J15155+3319A|TYC 2566-1639-1|** STF   27|WEB 12740|Gaia DR2 1278391075716738560"
"HIP 74785","* bet Lib",229.25172424914246,-9.382914410334685,"PM*","B8Vn",17.62,0.16,-98.1,-19.65,-35.6,2.62,"TIC 79391147|WISEA J151700.34-092258.6|HIP 74785|Gaia DR3 6319542659461082752|PLX 3450|*  27 Lib|* bet Lib|BD-08  3935|FK5  564|GC 20539|GCRV  8838|GEN# +1.00135742|GSC 05585-01014|HD 135742|HIC  74785|HR  5685|IRAS 15142-0911|IRC -10315|JP11  2586|N30 3439|NSV  7009|PMC 90-93   399|PPM 198424|ROT  2165|SAO 140430|SKY# 27682|TD1 18099|TYC 5585-1014-1|UBV   13171|UBV M  20667|[HFE83] 1088|uvby98 100135742|2MASS J15170043-0922584|PLX 3450.00|NAME Zubeneschamali|IRAS F15143-0912|WISE J151700.43-092258.9|AKARI-IRC-V1 J1517003-092258|WEB 12758|IRAS F15143-0912A|Gaia DR2 6319542659459349120|TIC 1179719919"
"HIP 74824","* bet Cir",229.37853938357503,-58.80120701859055,"PM*","A3Va",33.8205,0.2515,-97.182,-136.055,9.6,4.057,"TIC 44180973|Gaia DR3 5877059048308526720|GJ 580.1|GJ 9516|HIP 74824|PLX 3443.1|* bet Cir|CPC 20  4785|CPD-58  5875|FK5  561|GC 20526|GCRV  8833|GEN# +1.00135379|GSC 08706-01061|HD 135379|HIC  74824|HR  5670|IRAS 15135-5836|N30 3436|PPM 343590|ROT  2158|SACS 333|SAO 242384|SKY# 27697|TD1 18063|TYC 8706-1061-1|UBV   13148|UBV M  20644|uvby98 100135379|2MASS J15173088-5848043|PLX 3443.10|Renson 38420|** SML    1A|WDS J15175-5848A|WEB 12764|Gaia DR2 5877059048305044480"
"HIP 74946","* gam TrA",229.7274220385625,-68.67954667374444,"PM*","A1V",17.1809,0.3327,-65.816,-31.187,-3.6,2.89,"TIC 262834160|Gaia DR3 5823248090239625088|HIP 74946|PLX 3443|* gam TrA|CD-68  1503|CPC 21.1  2882|CPD-68  2383|CSV 102765|FK5  560|GC 20538|GCRV  8837|GEN# +1.00135382|GSC 09259-04905|HD 135382|HIC  74946|HR  5671|IRAS 15142-6829|N30 3438|NSV  7008|PPM 361338|ROT  5700|SAO 253097|SKY# 27734|TD1 18065|TYC 9259-4905-1|UBV   13149|UBV M  20645|uvby98 100135382|2MASS J15185460-6840462|PLX 3443.00|Renson 38430|WEB 12786|Gaia DR2 5823248090236270976"
"HIP 75097","* gam UMi",230.18209804850082,71.83402545491221,"dS*","A2III",6.5959,0.2943,-15.908,17.146,-3.9,3.002,"TIC 230065619|HIP 75097|Gaia DR3 1696877570753454208|PLX 3484|* gam UMi|*  13 UMi|AG+72  399|BD+72   679|CSV 101502|FK5  569|GC 20692|GCRV  8907|GEN# +1.00137422|GSC 04414-02314|HD 137422|HIC  75097|HR  5735|IRAS 15207+7200|IRC +70129|JP11  2602|N30 3464|PMC 90-93   403|PPM   8887|ROT  2184|SAO   8220|SKY# 27791|TD1 18228|TYC 4414-2314-1|UBV   13257|UBV M  20766|V* gam UMi|[HFE83] 1097|2MASS J15204375+7150024|SV* ZI  1129|PLX 3484.00|NAME Pherkad|uvby98 100137422|WEB 12807|Gaia DR2 1696877570752028288"
"HIP 75141","* del Lup",230.34297427253,-40.64753036915,"bC*","B1.5IV",6.7296,0.4819,-9.163,-17.377,-2.4,3.19,"TIC 148415949|HIP 75141|Gaia DR3 6005678131793146752|* del Lup|CD-40  9538|CEL   4364|CPC  0 13238|CPD-40  6933|CSV 101496|FK5 1402|GC 20620|GCRV  8871|GEN# +1.00136298|GSC 07839-02803|HD 136298|HGAM   2032|HIC  75141|HR  5695|IRAS 15180-4028|JP11  2592|N30 3450|PPM 320495|ROT  2169|SACS 334|SAO 225691|SKY# 27808|TD1 18138|TYC 7839-2803-1|UBV   13201|UBV M  20698|V* del Lup|[B10]  3896|2MASS J15212233-4038510|ALS 15010|SV* ZI  1116|EUVE J1521-40.6|uvby98 100136298|WEB 12818|Gaia DR2 6005678131786964352"
"HIP 75177","* phi01 Lup",230.45153998804454,-36.26137329029805,"PM*","K4III",11.6616,0.2608,-91.255,-85.736,-29.4,3.546,"TIC 148491580|Gaia DR3 6007749027577770496|HIP 75177|PLX 3465|CD-35 10236|* phi01 Lup|CCDM J15218-3616A|CPC 18  7552|CPD-35  6550|CSI-35 10236 21|FK5  566|GC 20643|GCRV  8883|GEN# +1.00136422|GSC 07325-01691|HD 136422|HIC  75177|HR  5705|IDS 15155-3554 A|IRAS 15186-3604|JP11  2593|N30 3455|NSV 20301|PMC 90-93   401|PPM 293750|RAFGL 1763|SAO 206552|SKY# 27822|SRS  30566|TD1 18150|TYC 7325-1691-1|UBV   13209|UBV M  20712|2MASS J15214836-3615409|PLX 3465.00|WDS J15218-3616A|WEB 12825|Gaia DR2 6007749027571497472"
"HIP 75323","* gam Cir",230.84434557562233,-59.32078142220761,"**","B3/4V+F8V",7.27,0.81,-12.97,-34.24,-16.9,,"TIC 46705199|WISEA J152322.71-591913.6|HIP 75323|* gam Cir|CCDM J15234-5919AB|CPC 20  4823|CPD-58  5908|GC 20663|GCRV  8891|HIC  75323|HR  5704|IDS 15154-5858 AB|PPM 343673|ROT  2171|SAO 242463|SKY# 27866|TD1 18149|UBV   13208|V* gam Cir|ALS 15011|WDS J15234-5919AB|** HJ 4757|UCAC3 62-330397|UCAC4 154-150766|2MASS J15232267-5919141|AKARI-IRC-V1 J1523226-591914|WISE J152322.65-591914.1|DENIS J152322.6-591915|GEN# +1.00136415"
"HIP 75458","* iot Dra",231.23239085120377,58.966065864404726,"RG*","K2III",32.5239,0.131,-8.183,17.296,-10.912,3.29,"TIC 165722603|Gaia DR3 1614731957531452544|HIP 75458|PLX 3490|*  12 Dra|* iot Dra|AG+59  999|BD+59  1654|CCDM J15250+5859A|DO 34945|FK5  571|GC 20747|GCRV  8925|GEN# +1.00137759|GSC 03875-01620|HD 137759|HIC  75458|HR  5744|IRAS 15238+5908|IRC +60233|JP11  2606|N30 3475|NSV  7077|PMC 90-93   405|PPM  34972|ROT  2187|SAO  29520|SKY# 27902|TD1 18258|TYC 3875-1620-1|UBV   13273|UBV M  20785|YZ   0  8366|[HFE83] 1103|uvby98 100137759|Gaia DR2 1614731957530945280|PLX 3490.00|WDS J15249+5858A|** BUP  162A|2MASS J15245578+5857577|NAME Edasich|WEB 12868"
"HIP 75695","* bet CrB",231.95730858154164,29.10569295567611,"a2*","F2VpSrCrEuSi",27.9256,0.9703,-202.069,92.412,-26.9,3.68,"TIC 383521659|Gaia DR3 1273423791421021568|uvby98 100137909|GEN# +1.00137909|HIP 75695|PLX 3495|SBC9 846|LSPM J1527+2906|TYC 2032-1605-1|ASCC  690250|USNO-B1.0 1191-00233167|*   3 CrB|* bet CrB|AG+29 1493|BD+29  2670|CCDM J15278+2906AB|CSV 101506|FK5  572|GC 20795|GCRV  8940|HD 137909|HIC  75695|HR  5747|IDS 15237+2927 AB|IRAS 15257+2916|JP11  2607|N30 3483|PMC 90-93   406|PPM 104044|ROT  2189|SAO  83831|SBC7   543|SKY# 27986|SRS  30572|TD1 18274|UBV   13280|UBV M  20792|V* bet CrB|2MASS J15274972+2906202|WDS J15278+2906AB|** JEF    1|Renson 39200|BD+29  2670A|WISEA J152749.61+290622.1|NAME Nusakan|WEB 12887|Gaia DR2 1273423791418345344"
"HIP 7588","* alf Eri",24.428522833333336,-57.236752805555554,"Be*","B6Vpe",23.39,0.57,87.0,-38.24,8.47,0.46,"TIC 230981971|HIP 7588|TYC 8478-1395-1|2MASS J01374284-5714119|PLX  344|[JE82]   39|CD-57   316|GSC 08478-01395|NSV 15353|* alf Eri|CPC 20   447|CPD-57   334|EM* CDS  176|FK5   54|GC  1979|GCRV   916|GEN# +1.00010144|HD  10144|HIC   7588|HR   472|IRAS 01358-5729|JP11   517|N30  335|PPM 331199|ROT   233|SAO 232481|SKY#  2444|TD1   938|UBV    1700|UBV M   8330|uvby98 100010144|ALS 16724|PLX  344.00|2XMM J013742.5-571413|V* alf Eri|NAME Achernar|WEB  1623"
"HIP 76127","* tet CrB",233.23242559618694,31.359132267070578,"Be*","B6Vnne",8.69,0.46,-20.15,-9.39,-25.7,4.13,"TIC 16887256|HIP 76127|PLX 3512|[JE82]  773|WDS J15329+3122AB|*   4 CrB|* tet CrB|AAVSO 1544+28C|AG+31 1352|BD+31  2750|CCDM J15329+3122AB|EM* MWC  237|FK5  576|GC 20908|GCRV  8973|GSC 02564-01629|HD 138749|HGAM    635|HIC  76127|HR  5778|IDS 15289+3142 AB|JP11  2615|N30 3497|NSV  7134|PMC 90-93   408|PPM  78669|ROT  2198|SAO  64769|SKY# 28124|SRS  30576|TD1 18357|UBV   13317|UBV M  20830|V* tet CrB|PLX 3512.00|** COU  610|AKARI-IRC-V1 J1532557+312132|IRAS 15309+3131|2MASS J15325578+3121331|uvby98 100138749|WEB 12933|GEN# +1.00138749|Gaia DR2 1274286186493145728"
"HIP 76267","* alf CrB",233.67195203403162,26.714685000024716,"SB*","A1IV",42.2408,0.977,118.927,-87.711,1.7,2.24,"TIC 274945059|Gaia DR3 1222646935698492160|GJ 9524|HIP 76267|PLX 3519|SBC9 850|LSPM J1534+2642|ASCC  690485|2MASS J15344125+2642529|USNO-B1.0 1167-00260913|*   5 CrB|* alf CrB|AG+26 1496|BD+27  2512|FK5  578|GC 20947|GCRV  8990|GEN# +1.00139006|GSC 02029-01690|HD 139006|HGAM    637|HIC  76267|HR  5793|CNS5 3837|TIC 471011926|IRAS 15325+2652|IRC +30275|JP11  2622|N30 3502|NAME Alphecca|PMC 90-93   410|PPM 104146|ROT  2204|SAO  83893|SBC7   545|SKY# 28165|SRS  30578|TD1 18384|TYC 2029-1690-1|UBV   21417|UBV M  20847|V* alf CrB|[HFE83] 1115|PLX 3519.00|EUVE J1534+26.7|[ZEH2003] RX J1534.6+2642  1|RX J1534.6+2642|1RXS J153441.5+264252|* alf CrB A|* alf CrB B|uvby98 100139006|WEB 12948"
"HIP 76276","* del Ser",233.70061506285754,10.538867997173215,"**","F0",14.3,0.75,-71.48,3.64,-41.5,,"TIC 393116102|WISEA J153448.11+103218.8|uvby98 100138918|HIP 76276|* del Ser|*  13 Ser|ADS  9701 AB|AG+10 1827|BD+11  2821|CCDM J15348+1033AB|CSI+11  2821  3|HIC  76276|IDS 15300+1052 AB|UBV   13328|WDS J15348+1032AB|** STF 1954AB|IRAS 15324+1042|AKARI-IRC-V1 J1534481+103218|2MASS J15344816+1032180|WISE J153448.11+103218.7"
"HIP 76297","* gam Lup",233.78520144771352,-41.16675686900692,"**","B2IV",7.75,0.5,-15.62,-25.43,2.3,2.765,"TIC 171611328|WISEA J153508.40-411000.3|HIP 76297|* gam Lup|CCDM J15351-4110AB|CD-40  9760|CEL   4382|CPC  0 13598|CPD-40  7042|CSI-40  9760 21|GC 20926|GCRV  8982|GSC 07840-01432|HD 138690|HGAM   2035|HIC  76297|HR  5776|IDS 15285-4050 AB|JP11  2613|N30 3500|PPM 320744|ROT  2196|SAO 225938|SKY# 28173|TD1 18353|UBV   13314|UBV M  20828|V* gam Lup|[B10]  3950|ALS 15014|WDS J15351-4110AB|** H 4786|** HJ 4786|PMSC 15285-4050|** RIZ   15A|AKARI-IRC-V1 J1535083-411000|IRAS 15318-4100|WISE J153508.36-411000.5|IRAS F15318-4100|uvby98 100138690|WEB 12953|GEN# +1.00138690|UCAC4 245-084138|2MASS J15350842-4110003"
"HIP 76333","* gam Lib",233.8815753993054,-14.789535531785829,"**","G8.5III",20.2593,0.1544,64.631,7.819,-26.71,3.91,"TIC 386935627|GEN# +1.00138905|GJ 3912|HIP 76333|Gaia DR3 6265374394490973184|PLX 3516|* gam Lib|*  38 Lib|ADS  9704 AP|BD-14  4237|CCDM J15355-1447AP|CSI-14  4237  1|FK5  577|GC 20949|GCRV  8992|GSC 05608-01381|HD 138905|HIC  76333|HR  5787|IRAS 15327-1437|IRC -10323|JP11  2619|N30 3503|PMC 90-93   409|PPM 230451|RAFGL 5007S|ROT  2201|SACS 340|SAO 159370|SKY# 28190|TD1 18373|TYC 5608-1381-1|UBV   13327|UBV M  20842|YZ 104  5712|[HFE83] 1116|2MASS J15353157-1447222|WDS J15355-1447Aa,Ab|** WRH   20|** GOL    1A|WDS J15355-1447A|NAME-IAU Zubenelhakrabi|WEB 12958|Gaia DR2 6265374394490149248"
"HIP 765","* eps Phe",2.3526670558199996,-45.74742390816,"PM*","K0III",22.6081,0.1481,120.393,-179.597,-9.2,3.87,"TIC 314017939|GJ 9.1|GJ 9004|HIP 765|Gaia DR3 4990516294443333504|2MASS J00092467-4544506|PLX   19|* eps Phe|CD-46    18|CPC  0    38|CPD-46     7|FK5    3|GC   158|GCRV    75|GEN# +1.00000496|GSC 08022-01240|HD    496|HIC    765|HR    25|JP11   347|LTT    63|N30   21|NLTT   423|PPM 304618|SACS   2|SAO 214983|SKY#   283|TD1    46|TYC 8022-1240-1|UBV      68|UBV M   7175|PLX   19.00|WEB   129|Gaia DR2 4990516294442846336"
"HIP 76552","* ome Lup",234.5133623464971,-42.56733568869945,"PM*","K3III",15.2838,0.1726,-153.157,55.969,-6.8,4.33,"TIC 290560124|Gaia DR3 6001701610563428224|HIP 76552|PLX 3522|* ome Lup|CCDM J15381-4234A|CD-42 10601|CPC  0 13681|CPD-42  7111|CSI-42 10601 21|FK5 3232|GC 21001|GCRV  9016|GEN# +1.00139127A|GSC 07844-00198|HD 139127|HIC  76552|HR  5797|IDS 15313-4214 A|IRAS 15346-4224|JP11  2624|PPM 320817|SAO 226004|SKY# 28276|TYC 7844-198-1|UBV   13334|UBV M  20852|2MASS J15380320-4234021|PLX 3522.00|WDS J15381-4234A|WEB 12994|Gaia DR2 6001701610549676288|** HDO  250A"
"HIP 76952","* gam CrB",235.68568963508966,26.29563463104609,"**","A0V",22.33,0.5,-111.65,49.52,-12.1,,"TIC 255861229|WISEA J154244.51+261744.7|Gaia DR3 1223128521794138496|GEN# +1.00140436|HIP 76952|PLX 3554|*   8 CrB|* gam CrB|ADS  9757 AB|AG+26 1504|BD+26  2722|CEL   4391|CSI+26  2722  1|CSV 101523|GC 21130|GCRV  9071|HD 140436|HGAM    639|HIC  76952|HR  5849|IRAS 15406+2627|JP11  2638|N30 3532|PPM 104258|ROT  2217|SAO  83958|SKY# 28406|SV* ZI  1151|TD1 18499|UBV M  20933|UBV   13394|V* gam CrB|2MASS J15424459+2617442|WDS J15427+2618AB|** STF 1967|CCDM J15427+2618AB|UCAC4 582-051293|WISE J154244.51+261744.9|Gaia DR2 1223128521793513984|WEB 13050"
"HIP 77055","* zet UMi",236.01466070576328,77.79449312481054,"V*","A3Vn",9.0827,0.1422,19.906,-2.072,-13.1,4.274,"HIP 77055|Gaia DR3 1707399209837352064|PLX 3593|* zet UMi|*  16 UMi|AG+77  461|BD+78   527|CSV 101534|FK5  590|GC 21243|GCRV  9106|GEN# +1.00142105|GSC 04563-02708|HD 142105|HGAM    646|HIC  77055|HR  5903|IRAS 15458+7756|TIC 471011933|JP11  2665|N30 3547|NSV  7263|PMC 90-93   420|PPM   8992|ROT  2237|SAO   8328|SKY# 28444|SV* ZI  1173|TD1 18633|TYC 4563-2708-1|UBV   13479|UBV M  21005|[HFE83] 1138|PLX 3593.00|WEB 13071|Gaia DR2 1707399209836866560"
"HIP 77070","* alf Ser",236.0669754565879,6.425630220244722,"PM*","K2IIIbCN1",43.945,0.4676,133.922,45.55,2.63,2.63,"TIC 296856546|GJ 596.2|GJ 9528|HIP 77070|PLX 3557|* alf Ser|*  24 Ser|AAVSO 1539+06|ADS  9765 A|AG+06 1833|BD+06  3088|CCDM J15442+0626A|CSI+06  3088  1|EIC   443|FK5  582|GC 21158|GCRV  9079|GSC 00363-01135|HD 140573|HIC  77070|HR  5854|IDS 15393+0644 A|CNS5 3874|IRAS 15418+0634|IRC +10294|JP11  2639|N30 3536|NAME Unukalhai|NSV 20391|PMC 90-93   413|PPM 161854|RAFGL 1794|ROT  2218|SAO 121157|SKY# 28456|TD1 18514|TYC  363-1135-1|UBV   13403|UBV M  20939|USNO 859|YZ   6  7063|[GS83] 134|[HFE83] 1136|uvby98 100140573|2MASS J15441605+0625324|PLX 3557.00|1E 1541.8+0633|WDS J15443+0626A|GEN# +1.00140573|WEB 13072|Gaia DR2 4429785739601541504|Gaia DR3 4429785739602747392|UCAC4 483-060001|WISE J154416.15+062532.0"
"HIP 77233","* bet Ser",236.54689658602248,15.421819296846387,"PM*","A2IV",21.5924,0.307,65.958,-47.791,0.6,3.67,"TIC 119885027|Gaia DR3 1195823284391343104|HIP 77233|PLX 3569|* bet Ser|*  28 Ser|ADS  9778 A|AG+15 1580|BD+15  2911|CCDM J15461+1525A|CSI+15  2911  1|FK5  583|GC 21194|GCRV  9094|GEN# +1.00141003A|GSC 01495-01994|HD 141003|HGAM    641|HIC  77233|HR  5867|IDS 15416+1544 A|JP11  2645|N30 3542|PMC 90-93   414|PPM 131676|ROT  2222|SAO 101725|SKY# 28510|SRS  30583|TD1 18546|TYC 1495-1994-1|UBV   13431|YZ  15  5643|WDS J15462+1525A|2MASS J15461125+1525185|IRAS 15438+1534|AKARI-IRC-V1 J1546112+152518|** STF 1970A|NAME Chow|uvby98 100141003|WEB 13088|Gaia DR2 1195823284390905728"
"HIP 77450","* kap Ser",237.1849050094375,18.141564908046668,"PM*","M0.5IIIab",8.5231,0.1657,-52.407,-88.419,-38.48,4.09,"TIC 310489231|HIP 77450|Gaia DR3 1197588859547184640|PLX 3577|*  35 Ser|* kap Ser|AG+18 1427|BD+18  3074|DO 15331|FK5  584|GC 21255|GCRV  9114|GEN# +1.00141477|GSC 01498-01789|HD 141477|HIC  77450|HR  5879|IRAS 15464+1817|IRC +20284|JP11  2648|N30 3551|NSV  7269|PMC 90-93   415|PPM 131722|RAFGL 1799|SAO 101752|SKY# 28586|SRS  30584|TD1 18588|TYC 1498-1789-1|UBV   13450|UBV M  20977|YZ  18  5660|[DS98] 218|[HFE83] 1140|2MASS J15484436+1808296|PLX 3577.00|WEB 13115|Gaia DR2 1197588859543137024|NAME Gudja"
"HIP 77512","* del CrB",237.39852915443,26.068392863920003,"RS*","G5III-IVFe-1",19.4965,0.085,-78.907,-64.894,-20.36,4.63,"TIC 320333814|HIP 77512|Gaia DR3 1222932018450870144|PLX 3585|* del CrB|*  10 CrB|2E  3507|AG+26 1518|BD+26  2737|EUVE J1549+26.0|FK5 3252|GC 21276|GCRV  9124|GEN# +1.00141714|GSC 02037-01827|HD 141714|HIC  77512|HR  5889|IRAS 15474+2613|IRC +30279|JP11  2653|PPM 104349|RBS  1532|ROT  2230|SAO  84019|SKY# 28606|TD1 18608|TYC 2037-1827-1|UBV   13461|UBV M  20988|V* del CrB|YZ  26  7355|2MASS J15493561+2604060|PLX 3585.00|1ES 1547+26.2|1RXS J154935.4+260358|2E 1547.5+2613|RX J1549.5+2603|[ZEH2003] RX J1549.5+2603  1|uvby98 100141714|WEB 13125|Gaia DR2 1222932018447710720"
"HIP 77516","* mu. Ser",237.40502901603867,-3.4302043802099975,"**","B9.5III",19.23,0.38,-100.28,-25.99,-9.4,3.53,"TIC 188269990|WISE J154937.11-032549.2|Gaia DR2 4402474042571751424|HIP 77516|Gaia DR3 4402474042572385536|PLX 3580|*  32 Ser|* mu. Ser|BD-02  4052|FK5  585|GC 21269|GCRV  9118|GEN# +1.00141513|GSC 05022-00936|HD 141513|HGAM    642|HIC  77516|HR  5881|IRAS 15470-0316|JP11  2649|N30 3556|PMC 90-93   416|PPM 198983|ROT  2224|SAO 140787|SKY# 28607|TD1 18590|TYC 5022-936-1|UBV   13452|UBV M  20979|uvby98 100141513|2MASS J15493722-0325486|PLX 3580.00|WDS J15496-0326AB|** CHR  259|WEB 13122"
"HIP 77622","* eps Ser",237.7040219606796,4.477730970842778,"PM*","kA2hA5mA7V",45.3293,0.2499,127.257,62.017,-9.9,3.693,"TIC 272698772|GJ 3921|HIP 77622|Gaia DR3 4426032591025363200|PLX 3587|* eps Ser|*  37 Ser|AG+04 1919|BD+04  3069|FK5  588|GC 21288|GCRV  9131|GEN# +1.00141795|GSC 00360-01226|HD 141795|HGAM    643|HIC  77622|HR  5892|CNS5 3900|IRAS 15483+0437|JP11  2654|N30 3560|PMC 90-93   419|PPM 161966|ROT  2232|SAO 121218|SKY# 28634|TD1 18614|TYC  360-1226-1|UBV   13466|UBV M  20992|YZ   0  2561|YZ   4  7096|[HFE83] 1141|uvby98 100141795|2MASS J15504895+0428399|PLX 3587.00|Renson 40250|WEB 13133|Gaia DR2 4426032591024853504"
"HIP 77634","* chi Lup",237.73977226340247,-33.627146762641395,"SB*","B9III",15.9039,0.3383,-16.008,-40.245,-16.3,3.946,"TIC 442652828|Gaia DR3 6015150905501817472|HIP 77634|SBC9 864|*   5 Lup|* chi Lup|CD-33 10754|CPC 17  8210|CPD-33  3933|FK5  586|GC 21281|GCRV  9127|GEN# +1.00141556|GSC 07332-02512|HD 141556|HIC  77634|HR  5883|JP11  2650|N30 3559|PMC 90-93   417|PPM 294334|ROT  2226|SAO 207040|SBC7   554|1RXS J155057.4-333741|2MASS J15505756-3337374|IRAS 15477-3328|Gaia DR2 6015150905498734592|SKY# 28638|SRS  30586|TD1 18595|TYC 7332-2512-1|UBV   13454|UBV M  20982|[B10]  4018|uvby98 100141556|ALS 16733|Renson 40190|WEB 13135"
"HIP 77760","* chi Her",238.16892103821044,42.45151746635472,"PM*","F8VFe-2Hdel-1",62.9028,0.0807,438.839,629.541,-56.072,4.62,"TIC 157364190|GJ 602|HIP 77760|Gaia DR3 1384195086792268800|CNS5 3905|PLX 3596|LSPM J1552+4227|ASCC  413830|USNO-B1.0 1324-00326431|* chi Her|*   1 Her|AG+42 1368|BD+42  2648|Ci 20  950|FK5 1416|GC 21340|GCRV  9153|GEN# +1.00142373|HD 142373|HIC  77760|HR  5914|IRAS 15509+4235|JP11  2672|LFT 1229|LHS  3127|LTT 14709|N30 3571|NLTT 41439|PMC 90-93   998|PPM  55019|ROT  2244|SAO  45772|SKY# 28683|SPOCS  674|TD1 18659|TYC 3057-2021-1|UBV   13499|UBV M  21020|[HFE83] 1147|uvby98 100142373|2MASS J15524052+4227052|PLX 3596.00|WISEA J155240.95+422712.1|WEB 13156|Gaia DR2 1384195086792268800"
"HIP 77853","* tet Lib",238.4564080092892,-16.729297046860832,"PM*","G9IIIb",19.4787,0.1674,99.453,134.442,4.23,4.16,"TIC 281109982|Gaia DR3 6260822966106824576|HIP 77853|PLX 3594|* tet Lib|*  46 Lib|BD-16  4174|GC 21342|GCRV  9155|GEN# +1.00142198|GSC 06187-01544|HD 142198|HIC  77853|HR  5908|IRAS 15509-1634|IRC -20296|JP11  2671|PMC 90-93  6244|PPM 230911|RAFGL 1805|ROT  2241|SAO 159563|SKY# 28712|TD1 18643|TYC 6187-1544-1|UBV   13489|UBV M  21012|YZ 106  5801|uvby98 100142198|2MASS J15534955-1643452|PLX 3594.00|WEB 13167|Gaia DR2 6260822966106296704"
"HIP 77952","* bet TrA",238.785675265,-63.43072653638888,"PM*","F1V",80.4854,0.2187,-187.366,-401.191,0.4,2.85,"TIC 341149986|GJ 601 A|HIP 77952|Gaia DR3 5826168461855385472|PLX 3589|* bet TrA|CCDM J15551-6326A|CD-63  1135|CPC 20.1  4772|CPD-63  3723|CSI-63  3723 41|Ci 20  948|FK5  589|GC 21332|GCRV  9149|GEN# +1.00141891A|HD 141891|HIC  77952|HR  5897|IDS 15463-6307 A|JP11  2659|LTT  6339|CNS5 3915|N30 3569|NLTT 41426|PPM 361732|ROT  2233|SAO 253346|SKY# 28743|TD1 18619|UBV   13469|UBV M  20995|uvby98 100141891 A|PLX 3589.00|WDS J15551-6326A|TYC 9027-5712-1|Renson 40270|AKARI-FIS-V1 J1555094-632558|IRAS 15507-6316|AKARI-IRC-V1 J1555083-632553|** LDS  542A|1RXS J155508.2-632553|2MASS J15550857-6325507|WEB 13182|Gaia DR2 5826168461827543168"
"HIP 78072","* gam Ser",239.11326107375749,15.661613772328334,"PM*","F6V",89.5647,0.1835,311.183,-1282.767,6.523,3.84,"TIC 377415363|GJ 603|HIP 78072|Gaia DR3 1193030490492925824|PLX 3604|LSPM J1556+1539|ASCC  873354|USNO-B1.0 1056-00257628|*  41 Ser|* gam Ser|AG+15 1595|BD+16  2849|CCDM J15564+1540A|CEL   4406|CSI+16  2849  1|Ci 20  953|FK5  591|GC 21408|GCRV  9179|GEN# +1.00142860|HD 142860|HIC  78072|HR  5933|IRC +20289|IDS 15518+1559 A|CNS5 3922|TIC 471011939|IRAS 15541+1548|JP11  2686|LFT 1234|LHS   408|LTT 14730|N30 3579|NLTT 41572|NSV  7350|PM 15541+1549|PMC 90-93   421|PPM 131822|ROT  2251|SAO 101826|SKY# 28781|SPOCS  677|SRS  30591|TD1 18697|UBV   13531|UBV M  21051|YZ  15  5702|[HFE83] 1153|uvby98 100142860|2MASS J15562720+1539413|PLX 3604.00|1RXS J155626.4+153959|WDS J15565+1540A|TYC 1496-2119-1|WISEA J155627.41+153928.7|WEB 13203|Gaia DR2 1193030490492925824"
"HIP 78159","* eps CrB",239.39688084174207,26.877879625768056,"PM*","K2IIIab",13.4922,0.1023,-77.716,-60.971,-32.42,4.13,"TIC 356000102|HIP 78159|Gaia DR3 1220404653534258816|PLX 3612|* eps CrB|*  13 CrB|AG+27 1477|BD+27  2558|FK5  593|GC 21440|GCRV  9186|GSC 02037-01826|HD 143107|HIC  78159|HR  5947|IRAS 15555+2701|IRC +30280|JP11  2692|N30 3583|PMC 90-93   423|PPM 104451|RAFGL 1816|ROT  2258|SAO  84098|SKY# 28808|TD1 18725|TYC 2037-1826-1|UBV   13552|UBV M  21069|YZ  27  7404|[HFE83] 1154|Gaia DR2 1220404653534258816|2MASS J15573523+2652400|PLX 3612.00|uvby98 100143107|CCDM J15576+2652A|** AGC    7A|ADS  9859 A|IDS 15534+2710 A|WDS J15576+2653A|WEB 13217|GEN# +1.00143107"
"HIP 78265","* pi. Sco",239.71297182416666,-26.114107945,"SB*","B1V+B2:V:",5.57,0.64,-11.42,-26.83,-7.4,2.91,"TIC 66744681|HIP 78265|Gaia DR3 6235406071207202688|V* pi. Sco|PLX 3611|SBC9 873|* pi. Sco|*   6 Sco|ADS  9862 A|CCDM J15589-2607A|CD-25 11228|CEL   4409|CPD-25  5705|CSI-25 11228 21|CSI-25 11228 23|CSV 102782|FK5  592|GC 21447|GCRV  9190|GEN# +1.00143018A|GSC 06783-02697|HD 143018|HGAM   2045|HIC  78265|HR  5944|JP11  2691|MCW  555|N30 3584|NSV  7371|PMC 90-93   422|PPM 264940|ROT  3519|SACS 347|SAO 183987|SBC7   556|SKY# 28841|SRS  30592|TD1 18718|UBV   13549|UBV M  21062|VDB  99|[B10]  4062|[SC96] Oph  23|uvby98 100143018 A|2MASS J15585111-2606507|ALS 14814|TYC 6783-2697-1|WDS J15589-2607Aa,Ab|AKARI-IRC-V1 J1558507-260648|IRAS 15557-2558|IRAS F15557-2558|** SHT   60|** BU  622A|IDS 15528-2550 A|WEB 13235|Gaia DR2 6235406071206201600|WISEA J155851.10-260651.1|NAME-IAU Fang"
"HIP 78384","* eta Lup",240.03053298351495,-38.39670506249139,"bC?","B2.5IV",7.5942,0.4322,-17.593,-27.256,1.0,3.41,"TIC 59095516|GEN# +1.00143118|HIP 78384|Gaia DR3 5998019895874780928|* eta Lup|CCDM J16001-3824A|CD-38 10797|CPC 18  7914|CPD-38  6322|CSI-38 10797 22|GC 21478|GCRV  9197|GSC 07851-01814|HD 143118|HGAM   2046|HIC  78384|HR  5948|IDS 15535-3807 A|IRAS 15568-3815|JP11  2694|N30 3587|PPM 294523|ROT  2259|SAO 207208|SKY# 28883|TD1 18727|TYC 7851-1814-1|UBV   13554|UBV M  21070|[B10]  4064|uvby98 100143118 A|ALS 15023|WDS J16001-3824A|PMSC 15535-3807A|2MASS J16000732-3823480|WEB 13247|Gaia DR2 5998019895872140800"
"HIP 78401","* del Sco",240.08335534565887,-22.621706426005783,"SB*","B0.3IV",6.64,0.89,-10.21,-35.41,-6.0,2.32,"TIC 12725034|HIP 78401|SBC9 1837|*   7 Sco|* del Sco|2E  3547|AAVSO 1554-22|BD-22  4068|CD-22 11292|CEL   4410|CPD-22  6106|FK5  594|GC 21489|GCRV  9202|GEN# +1.00143275|GSC 06779-02194|HD 143275|HGAM   2047|HIC  78401|HR  5953|IRAS 15573-2228|IRC -20303|JP11  2695|MCW  556|N30 3589|PMC 90-93   424|PPM 264979|ROT  2261|SAO 184014|SKY# 28887|SRS  30594|TD1 18743|TYC 6779-2194-1|UBV M  21080|UBV   13563|USco 45|[B10]  4066|[SC96] Oph  24|uvby98 100143275|2MASS J16002000-2237180|ALS 14815|1RXS J160018.3-223707|2E 1557.3-2228|EUVE J1600-22.6|RX J160022.9-223724|WDS J16003-2237AB|V* del Sco|** LAB    3|PMSC 15544-2220Aabc|CCDM J16003-2237AB|NAME Dschubba|WEB 13251|[KCS2016] J160020.01-223718.1|WISEA J160019.99-223718.2"
"HIP 78493","* iot CrB",240.36068716353998,29.851060946760004,"SB*","A0IIIspHgMnEu",8.7701,0.0857,-37.817,-7.016,-23.3,4.971,"TIC 356010327|HIP 78493|Gaia DR3 1320255698202371072|PLX 3628|SBC9 878|*  14 CrB|* iot CrB|AAVSO 1557+30|AG+29 1536|BD+30  2738|FK5 3264|GC 21534|GCRV  9215|GEN# +1.00143807|GSC 02041-01805|HD 143807|HIC  78493|HR  5971|IRAS 15594+2959|JP11  2699|NSV  7396|PPM 104529|ROT  2269|SAO  84152|SKY# 28924|TD1 18795|TYC 2041-1805-1|UBV   13594|UBV M  21111|uvby98 100143807|2MASS J16012655+2951035|PLX 3628.00|Renson 40740|WEB 13271|Gaia DR2 1320255698202371072"
"HIP 78527","* tet Dra",240.4722707483108,58.56525053776528,"SB*","F9V",46.4665,0.136,-319.968,333.904,-36.1,4.0,"TIC 161825882|GJ 609.1|GJ 9538|HIP 78527|Gaia DR3 1623289903206300928|CNS5 3939|PLX 3644|SBC9 882|LSPM J1601+5833|TYC 3883-1543-1|ASCC  196481|USNO-B1.0 1485-00229349|*  13 Dra|* tet Dra|2E  3570|2RE J1601+583|2RE J160153+583332|AG+58 1008|BD+58  1608|Ci 20  961|FK5  598|GC 21572|GCRV  9227|GEN# +1.00144284|HD 144284|HIC  78527|HR  5986|IRC +60238|JP11  2706|LTT 14775|N30 3605|NLTT 41830|PMC 90-93   427|PPM  35254|RBS  1549|RE J160153+583325|RE J160158+583351|RE J1601+583|ROT  2276|SAO  29765|SBC7   562|SKY# 28935|TD1 18841|UBV   13621|UBV M  21140|[HFE83] 1161|uvby98 100144284|2MASS J16015340+5833544|PLX 3644.00|1RXS J160153.9+583352|2E 1600.9+5842|2EUVE J1601+58.5|EUVE J1601+58.5|RX J1601.8+5833|AKARI-IRC-V1 J1601528+583357|IRAS 16009+5842|[ZEH2003] RX J1601.8+5833  1|WISEA J160152.92+583358.4|WEB 13275|Gaia DR2 1623289903205934336"
"HIP 78639","* eta Nor",240.8037395438433,-49.22969591545055,"*","G8III",13.9563,0.1311,41.862,9.996,0.69,4.643,"Gaia DR3 5983435733124805504|HIP 78639|PLX 3621|* eta Nor|CD-48 10512|CPC  0 14310|CPD-48  8140|FK5 3266|GC 21539|GCRV  9217|GEN# +1.00143546|GSC 08318-01128|HD 143546|HIC  78639|HR  5962|IRAS 15595-4905|JP11  2697|PPM 321310|SAO 226466|SKY# 28980|TD1 18764|TYC 8318-1128-1|UBV   13580|UBV M  21096|2MASS J16031292-4913469|PLX 3621.00|1RXS J160312.8-491340|WEB 13290|Gaia DR2 5983435733124214400"
"HIP 78820","* bet01 Sco",241.3592999275,-19.805452782777778,"bC*","B1V",8.07,0.78,-5.2,-24.04,-1.0,2.62,"TIC 9921163|GEN# +1.00144217|Gaia DR3 6247207266946218112|HIP 78820|2E 1602.5-1940|PLX 3640|SBC9 881|2E  3578|ADS  9913 AB|BD-19  4307|CCDM J16054-1948AB|CEL   4412|CPD-19  5945|CSI-19  4307  1|CSV 101548|FK5  597|GC 21609|GCRV  9245|HD 144217|HGAM    648|HIC  78820|HR  5984|JP11  2705|MCW  557|N30 3609|NSV  7424|PMC 90-93   426|PPM 231174|ROT  2274|SACS 352|SAO 159682|SBC7   561|SKY# 29046|SV* ZI  1189|UBV   13614|UBV M  21133|UBV M  21134|[B10]  4086|[HFE83] 1165|ALS 14816|PLX 3640.00|1RXS J160525.4-194828|EUVE J1605-19.8|2MASS J16052624-1948185|WDS J16054-1948AB|TYC 6208-1623-1|* bet01 Sco|CSI-19  4307  3|PMSC 15596-1932AB|** BU  947|CSI-19  4307  4|*   8 Sco A|* bet Sco A|uvby98 100144217|WEB 13322|Gaia DR2 6247207266936828288|WISEA J160526.25-194818.3"
"HIP 7884","* nu. Psc",25.357892261787082,5.487611634559999,"*","K3III",8.9275,0.1567,-23.323,3.505,0.482,4.44,"TIC 369491985|HIP 7884|Gaia DR3 2562091860584132096|2MASS J01412588+0529156|PLX  353|* 106 Psc|* nu. Psc|AG+05  186|BD+04   293|DO   271|EIC    26|FK5   56|GC  2055|GCRV   947|GEN# +1.00010380|GSC 00035-00435|HD  10380|HIC   7884|HR   489|IRAS 01388+0514|IRC +10020|JP11   525|N30  343|PMC 90-93    39|PPM 144883|RAFGL  243|ROT   240|SAO 110065|SKY#  2535|TD1   968|TYC   35-435-1|UBV    1727|UBV M   8361|YZ   5   474|[HFE83]   94|[L91b]  14|uvby98 100010380|PLX  353.00|WEB  1682|Gaia DR2 2562091860584132096|*  51 Cet"
"HIP 78970","HD 144415",241.81758069741997,-36.75563286321,"PM*","F0/2V",15.2907,0.6728,45.144,-56.44,26.1,5.7,"TIC 374449129|HIP 78970|Gaia DR3 5998675582756950272|IRAS 16039-3637|AKARI-IRC-V1 J1607162-364520|CCDM J16073-3645A|CD-36 10648|CPC 18  7988|CPD-36  6938|CSI-36 10648 21|GC 21647|GCRV 65939|GEN# +1.00144415|GSC 07342-01314|HD 144415|HIC  78970|HR  5991|IDS 16007-3629 A|PPM 294675|SAO 207341|SKY# 29097|TD1 18855|TYC 7342-1314-1|UBV   13633|UBV M  21151|uvby98 100144415|2MASS J16071619-3645201|WDS J16073-3645A|** HJ 4831|WEB 13347|Gaia DR2 5998675582756950272"
"HIP 79509","* kap Nor",243.36970863593996,-54.630467514290004,"*","G8III",6.9638,0.0867,-4.59,-22.568,-15.31,4.94,"TIC 207458362|HIP 79509|Gaia DR3 5932543841135864960|PLX 3668|LF 15 -54  125|* kap Nor|CCDM J16135-5438A|CD-54  6604|CPC 19  6273|CPD-54  7245|CSI-54  7245 41|FK5  600|GC 21787|GCRV  9315|GEN# +1.00145397|GSC 08715-02592|HD 145397|HIC  79509|HR  6024|IDS 16056-5422 A|IRAS 16095-5430|IRSV 1609-5430|N30 3632|PPM 344692|SAO 243454|SKY# 29292|TYC 8715-2592-1|UBV M  21226|2MASS J16132872-5437497|PLX 3668.00|WDS J16135-5438A|[L69c] 38-  8|WEB 13456|Gaia DR2 5932543841125954176"
"HIP 79822","* eta UMi",244.37612604568994,75.75534307839,"PM*","F5V",33.419,0.1103,-77.647,245.726,-11.0,,"TIC 160600809|GJ 3950|HIP 79822|Gaia DR3 1704062466923822336|PLX 3731|LSPM J1617+7545|TYC 4567-1764-1|ASCC   43829|USNO-B1.0 1657-00084750|* eta UMi|*  21 UMi|AG+75  668|BD+76   596|CCDM J16176+7545A|FK5  612|GC 21999|GCRV  9413|GEN# +1.00148048|HD 148048|HIC  79822|HR  6116|IDS 16204+7559 A|IRAS 16189+7552|LTT 14869|N30 3665|NLTT 42585|PMC 90-93   436|PPM   9157|ROT  2336|SAO   8470|SKY# 29395|TD1 19162|UBV   13908|UBV M  21420|[CJ92] SA 6 26|uvby98 100148048|2MASS J16173035+7545190|WDS J16175+7545A|WISEA J161730.06+754521.8|WEB 13514|Gaia DR2 1704062466923822336"
"HIP 79882","* eps Oph",244.58037593556583,-4.692513152746668,"PM*","G9.5IIIbFe-0.5",30.5136,0.1878,83.916,40.763,-9.342,3.23,"TIC 362392898|WISEA J161819.34-044132.5|Gaia DR3 4356298849169862784|GJ 3949|HIP 79882|PLX 3696|* eps Oph|*   2 Oph|BD-04  4086|CCDM J16183-0442A|CSI-04  4086  1|FK5  605|GC 21920|GCRV  9383|GEN# +1.00146791|GSC 05042-00999|HD 146791|HIC  79882|HR  6075|IDS 16130-0427 A|IRC +00282|JP11  2725|N30 3652|PMC 90-93   431|PPM 199508|ROT  2311|SAO 141086|SKY# 29417|TD1 19047|TYC 5042-999-1|UBV   13839|UBV M  21325|YZ  94  5629|[B10]  4147|PLX 3696.00|WDS J16183-0442A|2MASS J16181928-0441327|IRAS 16156-0434|AKARI-IRC-V1 J1618193-044132|WISE J161819.40-044131.7|IRAS F16156-0434|NAME Yed Posterior|WEB 13523|Gaia DR2 4356298849169523968"
"HIP 79992","* tau Her",244.93515332506078,46.31336170425528,"Pu*","B5V",10.1626,0.1825,-13.162,38.546,-15.5,3.87,"TIC 229667767|WISEA J161944.44+461848.5|AP J16194445+4618481|HIP 79992|Gaia DR3 1385978666451514112|UBV   13871|GC 21987|HIC  79992|JP11  2733|PMC 90-93   434|SKY# 29452|* tau Her|AG+46 1168|NSV  7641|PPM  55342|*  22 Her|ALS 15092|FK5  608|GSC 03492-01909|PLX 3714|SAO  46028|V* tau Her|BD+46  2169|CSV   7329|GCRV  9407|HD 147394|HR  6092|N30 3664|PLX 3714.00|ROT  2319|TD1 19098|UBV M  21371|AKARI-IRC-V1 J1619444+461848|IRAS 16182+4625|2MASS J16194445+4618481|uvby98 100147394|WEB 13540|ADS 10010 A|CCDM J16197+4619A|CSI+46  2169  1|IDS 16167+4633 A|WDS J16197+4619A|TYC 3492-1909-1|** BU 1198A|BD+46  2169A|GEN# +1.00147394|UCAC4 682-056339|WISE J161944.44+461848.4|Gaia DR2 1385978666451134208"
"HIP 80000","* gam02 Nor",244.96009294998038,-50.15550599744805,"PM*","K0III",23.5698,0.1272,-159.666,-51.94,-29.15,4.02,"TIC 316015087|Gaia DR3 5935306123457567616|GJ 9554|HIP 80000|PLX 3694|* gam02 Nor|CCDM J16198-5009A|CD-49 10536|CPC  0 14574|CPD-49  9161|CSI-49 10536 21|FK5  604|GC 21933|GCRV  9387|GEN# +1.00146686|GSC 08320-02290|HD 146686|HIC  80000|HR  6072|IDS 16124-4955 A|JP11  2723|N30 3656|PPM 344876|ROT  7391|SAO 243643|SKY# 29456|TYC 8320-2290-1|UBV   13836|UBV M  21321|2MASS J16195043-5009195|PLX 3694.00|WDS J16198-5009A|[AOP94]  8|USNO-B1.0 0398-00532807|UCAC3 80-275815|WEB 13543|Gaia DR2 5935306123455333376"
"HIP 80170","* gam Her",245.4800609282779,19.153128540107776,"PM*","A9IIIbn",16.867,0.1414,-47.283,43.139,-30.73,3.76,"TIC 230221126|WISEA J162155.17+190911.4|HIP 80170|Gaia DR3 1201067439457715072|PLX 3718|* gam Her|*  20 Her|AAVSO 1617+19|ADS 10022 A|AG+19 1509|BD+19  3086|CCDM J16219+1909A|CSI+19  3086  1|CSV 101580|FK5  609|GC 22012|GCRV  9418|GSC 01513-01261|HD 147547|HIC  80170|HR  6095|IDS 16175+1923 A|IRC +20296|JP11  2735|N30 3668|NSV  7667|PMC 90-93   435|PPM 132244|ROT  2321|SAO 102107|SKY# 29513|SRS  30609|SV* ZI  1237|TD1 19111|UBV   13881|UBV M  21378|V* gam Her|YZ  19  5850|PLX 3718.00|WEB 13572|Gaia DR2 1201067439456872704|TYC 1513-1261-1|** DRS   58A|WDS J16219+1909A|IRAS 16197+1916|UCAC4 546-058110|2MASS J16215523+1909114|WISE J162155.18+190911.9|GEN# +1.00147547|uvby98 100147547"
"HIP 80331","* eta Dra",245.99785970199997,61.51420976085001,"PM*","G8-IIIab",35.7163,0.2829,-16.394,57.094,-14.734,2.74,"TIC 198187877|GEN# +1.00148387|GJ 624.1 A|GJ 9561 A|HIP 80331|Gaia DR3 1625209684868707328|PLX 3740|* eta Dra|*  14 Dra|ADS 10058 A|AG+61  940|BD+61  1591|CCDM J16239+6130A|CSI+61  1591  3|CSI+61  1591  1|CSV 102800|GC 22101|GCRV  9453|GSC 04190-02568|HD 148387|HIC  80331|HR  6132|IDS 16226+6144 A|IRAS 16232+6137|IRC +60242|JP11  2751|NSV  7713|PPM  19869|RAFGL 4223|ROT  2344|SAO  17074|SKY# 29564|TD1 19199|TYC 4190-2568-1|UBV   13920|2MASS J16235949+6130509|1E 1623.4+6137|1RXS J162359.6+613100|WDS J16240+6131A|Gaia DR2 1625209684868172544|WEB 13593|NAME-IAU Athebyne"
"HIP 80582","* eps Nor",246.79600671349993,-47.5547936494661,"SB*","B2V",5.239,0.1514,-12.049,-20.278,-12.5,4.521,"Gaia DR3 5942012246713512704|TIC 224564019|HIP 80582|SBC9 902|* eps Nor|CCDM J16272-4733A|CD-47 10765|CPC  0 14753|CPD-47  7696|GC 22106|GCRV  9455|GEN# +1.00147971|GSC 08316-04441|HD 147971|HIC  80582|HR  6115|IDS 16198-4720 A|JP11  2741|PPM 321736|ROT  2335|SAO 226773|SBC7   574|SKY# 29658|TYC 8316-4441-1|UBV   13905|[B10]  4180|[SC95] ZET  40|[SC96] Mis   40|uvby98 100147971|WDS J16272-4733A|PMSC 16198-4719A|PMSC 16198-4719Aab|2MASS J16271103-4733171|WEB 13632|Gaia DR2 5942012246713512704"
"HIP 80763","* alf Sco",247.3519154198264,-26.432002611950832,"s*r","M1.5Iab+B2Vn",5.89,1.0,-12.11,-23.3,-3.5,0.91,"TIC 175934060|HIP 80763|PLX 3741|* alf Sco|*  21 Sco|CD-26 11359|CMC  184415|CPD-26  5648|CSI-26 11359 21|Elia 2-74|FK5  616|GC 22157|GCRV  9479|GEN# +1.00148478|GSC 06803-02158|HIC  80763|HR  6134|IRAS 16262-2619|IRC -30265|N30 3686|NAME Antares|PMC 90-93   439|PPM 265579|RAFGL 1863|ROT  2345|SAO 184415|SKY# 29714|SRS  30616|UBV M  21449|CSI-26 11359 23|TD1 19208|UBV   21661|2MASS J16292443-2625549|Ced 132|DG 141|LBN  1108|LBN 351.88+15.11|GN 16.26.3|VDB 107|GEN# +1.00148479|TYC 6803-2158-1|ADS 10074 A|CCDM J16294-2626A|WDS J16294-2626A|* alf Sco A|V* alf Sco|AAVSO 1623-26|HD 148478|WEB 13658|IDS 16233-2613 A|** GNT    1A|WISEA J162924.49-262554.8"
"HIP 80816","* bet Her",247.5550013403688,21.489610745563056,"SB*","G7IIIaFe-0.5",22.0023,0.9867,-98.822,-14.869,-25.91,2.77,"TIC 284853659|Gaia DR3 1297565458994346240|HIP 80816|PLX 3754|SBC9 907|*  27 Her|* bet Her|2E 1628.0+2135|2E  3708|AG+21 1607|BD+21  2934|CSI+21  2934  1|CSV 101593|FK5  618|GC 22193|GCRV  9493|GEN# +1.00148856|GSC 01518-01442|HD 148856|HIC  80816|HR  6148|IRAS 16280+2135|IRC +20300|JP11  2768|N30 3696|NSV  7778|PMC 90-93   440|PPM 104935|ROT  2353|SAO  84411|SBC7   577|SKY# 29735|SRS  30618|SV* ZI  1252|TD1 19249|TYC 1518-1442-1|UBV M  21486|UBV   13963|YZ  21  5622|2MASS J16301319+2129225|1RXS J163013.4+212922|RX J1630.2+2129|[ZEH2003] RX J1630.2+2129  1|WDS J16302+2129Aa,Ab|NAME Kornephoros|WEB 13667"
"HIP 8102","* tau Cet",26.01701307163417,-15.93747989102139,"PM*","G8V",273.8097,0.1701,-1721.728,854.963,-16.597,3.5,"TIC 419015728|RAVE J014404.1-155615|GALAH 140708006401203|GES J01440247-1556034|GJ 71|GJ 71.0|HIP 8102|Gaia DR3 2452378776434477184|2MASS J01440402-1556141|PLX  365|CNS5 448|* tau Cet|*  52 Cet|8pc 274.17|BD-16   295|CCDM J01441-1557A|CSI-16   295  1|Ci 20  124|FK5   59|GC  2123|GCRV   979|GEN# +1.00010700|HD  10700|HIC   8102|HR   509|IDS 01394-1628 A|IRAS 01416-1611|IRC -20018|JP11   535|LFT  159|LHS   146|LPM  84|LTT   935|N30  359|NLTT  5787|PM 01417-1612|PMC 90-93    41|PPM 210580|RAFGL 4135S|ROT   249|SACS  31|SAO 147986|SKY#  2598|SPOCS   96|TD1   997|UBV    1769|UBV M   8397|YZ 106   431|Zkh  33|uvby98 100010700|PLX  365.00|1RXS J014404.7-155632|WDS J01441-1556A|Gaia DR2 2452378776434276992|TYC 5855-2292-1|WEB  1733"
"HIP 81065","* gam Aps",248.3628438138967,-78.89714816863112,"PM*","G8III",21.3033,0.1523,-125.575,-78.212,5.4,3.854,"TIC 384363148|Gaia DR3 5775835843156608256|GJ 626.1|GJ 9563|HIP 81065|2MASS J16332707-7853498|PLX 3720|* gam Aps|CPC 21.3  2049|CPD-78  1103|FK5  611|GC 22142|GCRV  9472|GEN# +1.00147675|GSC 09450-02282|HD 147675|HIC  81065|HR  6102|IRAS 16256-7847|N30 3684|PPM 373122|SAO 257407|SKY# 29830|TD1 19123|TYC 9450-2282-1|UBV   13889|UBV M  21391|1RXS J163329.7-785341|PLX 3720.00|WEB 13708|Gaia DR2 5775835843155553152"
"HIP 81126","* sig Her",248.52576011027003,42.43700948629999,"**","B9V",10.856,0.4019,-15.384,44.26,-10.9,4.196,"TIC 115119794|WISEA J163406.15+422613.6|HIP 81126|Gaia DR3 1357126587985743104|PLX 3772|* sig Her|*  35 Her|AG+42 1419|BD+42  2724|FK5  621|GC 22296|GCRV  9535|GEN# +1.00149630|GSC 03066-02213|HD 149630|HIC  81126|HR  6168|IRAS 16324+4232|IRAS F16324+4232|JP11  2777|N30 3710|PMC 90-93   443|PPM  55508|ROT  2362|SAO  46161|SKY# 29855|TD1 19335|TYC 3066-2213-1|UBV   14036|UBV M  21542|[DML87] 410|[HFE83] 1184|uvby98 100149630|PLX 3772.00|WDS J16341+4226AB|UCAC3 265-135949|UCAC4 663-062491|2MASS J16340618+4226130|WISE J163406.16+422613.8|** LAB    4|WEB 13718|Gaia DR2 1357126587985344896"
"HIP 81266","* tau Sco",248.97063688749995,-28.2160170875,"*","B0V",6.88,0.53,-9.89,-22.83,-650.47,2.81,"TIC 205175750|GES J16355294-2812579|HIP 81266|Gaia DR3 6044420729667868928|PLX 3767.1|* tau Sco|*  23 Sco|1AXG J163553-2813|2E  3724|CD-27 11015|CPD-27  5427|FK5  620|GC 22303|GCRV  9538|GEN# +1.00149438|GSC 06807-01012|HD 149438|HGAM    657|HIC  81266|HR  6165|IRAS 16327-2806|JP11  2775|MCW  561|N30 3713|PMC 90-93   442|PPM 265701|ROT  2361|SAO 184481|SKY# 29892|SRS  30620|TD1 19318|TYC 6807-1012-1|UBV   14025|UBV M  21531|[B10]  4218|[SC96] Oph  72|uvby98 100149438|2MASS J16355295-2812576|ALS 14819|PLX 3767.10|1RXS J163553.7-281252|2E 1632.7-2806|EUVE J1635-28.2|WEB 13733|Gaia DR2 6044420729653939840|NAME Paikauhale|WISEA J163552.94-281258.0"
"HIP 81377","* zet Oph",249.2897502448742,-10.56708603964,"Be*","O9.2IVnn",7.4088,0.6596,10.465,24.742,-9.0,2.56,"TIC 152859121|Gaia DR3 4337352305320149760|HIP 81377|WISE J163709.59-103400.7|PLX 3775|* zet Oph|*  13 Oph|1AXG J163709-1033|2E  3732|AAVSO 1631-10|BD-10  4350|CGO 384|FK5  622|GC 22332|GCRV  9547|GEN# +1.00149757|GOS G006.28+23.59 01|GSC 05632-01042|GUM 73|HD 149757|HIC  81377|HR  6175|IRC -10343|JP11  2780|MCW  562|N30 3717|PMC 90-93   444|PPM 231915|RAFGL 5060S|ROT  2364|SACS 361|SAO 160006|SKY# 29938|TD1 19349|TYC 5632-1042-1|UBV M  21552|UBV   14047|V* zet Oph|[B10]  4225|[HFE83] 1188|[HJ56] 112|2MASS J16370954-1034014|ALS 14820|PLX 3775.00|1E 1634.4-1028|1ES 1634-10.4|1RXS J163709.4-103406|2E 1634.4-1028|EUVE J1637-10.5|AKARI-IRC-V1 J1637095-103401|IRAS 16343-1028|uvby98 100149757|WEB 13754|Gaia DR2 4337352305315545088|[KCS2016] J163709.54-103401.5"
"HIP 81693","* zet Her",250.32150433146228,31.602718703799262,"SB*","G0IV",93.32,0.47,-461.52,342.28,-67.8,2.8,"TIC 43255143|HIP 81693|PLX 3799|SBC9 915|LSPM J1641+3136|ASCC  595670|2MASS J16411728+3136093|USNO-B1.0 1216-00260952|*  40 Her|* zet Her|AG+31 1438|BD+31  2884|CSI+31  2884  2|CSV 101603|Ci 20 1007|GC 22464|GCRV  9600|HD 150680|HIC  81693|HR  6212|CNS5 4097|IRAS 16393+3141|IRC +30294|JP11  2785|LFT 1299|LHS  3234|LTT 14952|N30 3734|NLTT 43387|NSV  7915|PPM  79555|ROT  2374|SAO  65485|SBC7   583|SKY# 30048|TD1 19451|UBV   14151|UBV   21436|UBV M  21627|Zkh 230|RX J1641.3+3135|1RXS J164118.2+313553|WDS J16413+3136AB|[ZEH2003] RX J1641.3+3135  1|ADS 10157 AB|** STF 2084|CCDM J16413+3136AB|UCAC4 609-053234|GSC 02582-03158|uvby98 100150680|WEB 13799|GEN# +1.00150680"
"HIP 81833","* eta Her",250.7240206060716,38.922254919646385,"PM*","G7IIIFe-1",29.2595,0.1434,35.482,-85.395,8.325,3.5,"TIC 57192070|Gaia DR3 1352588216303348608|GJ 636|HIP 81833|PLX 3803|*  44 Her|* eta Her|AG+39 1615|BD+39  3029|BDS  7738 A|CCDM J16428+3855A|CSI+39  3029  1|FK5  626|GC 22502|GCRV  9613|GEN# +1.00150997|GSC 03070-01595|HD 150997|HIC  81833|HR  6220|IDS 16395+3907 A|IRAS 16411+3900|IRC +40287|JP11  2787|N30 3736|NSV  7934|PMC 90-93   447|PPM  79578|RAFGL 1885|ROT  2377|SAO  65504|SKY# 30100|TD1 19485|TYC 3070-1595-1|UBV   14177|UBV M  21640|[HFE83] 1194|2MASS J16425376+3855202|PLX 3803.00|[ZEH2003] RX J1642.9+3855  1|RX J1642.9+3855|1RXS J164254.0+385506|WDS J16429+3855A|WEB 13825|Gaia DR2 1352588216301488000"
"HIP 81852","* bet Aps",250.76941073843165,-77.51743314838694,"PM*","K0III",20.9535,0.1597,-281.986,-354.837,-30.02,4.24,"TIC 310104035|IRAS 16358-7725|HIP 81852|Gaia DR3 5777500503761872128|PLX 3765|* bet Aps|CCDM J16431-7731A|CD-77   828|CPC 21.3  2068|CPD-77  1221|CSI-77  1221 41|Ci 20 1001|FK5 3319|GC 22370|GCRV  9567|GEN# +1.00149324|HD 149324|HIC  81852|HR  6163|IDS 16288-7718 A|LTT  6652|N30 3724|NLTT 43255|PPM 373182|SAO 257424|SKY# 30110|UBV   14014|UBV M  21520|2MASS J16430467-7731028|PLX 3765.00|WDS J16431-7731A|TYC 9447-3154-1|WEB 13828|Gaia DR2 5777500503760458752"
"HIP 8198","* omi Psc",26.348438396549998,9.15775073342,"PM*","G8III",12.5296,0.1277,71.227,53.727,12.16,4.26,"TIC 257920927|HIP 8198|Gaia DR3 2572221764290136192|2MASS J01452364+0909279|* 110 Psc|PLX  368|* omi Psc|AG+08  199|BD+08   273|FK5   60|GC  2139|GCRV   984|GEN# +1.00010761|GSC 00622-00574|HD  10761|HIC   8198|HR   510|IRAS 01427+0854|IRC +10021|JP11   536|N30  360|NSV   615|PMC 90-93    42|PPM 144950|ROT   250|SAO 110110|SKY#  2627|TYC  622-574-1|UBV    1781|UBV M   8401|YZ   8   662|PLX  368.00|NAME Torcular|WEB  1745|Gaia DR2 2572221764289953024"
"HIP 82080","* eps UMi",251.49268168439,82.03725828429,"RS*","G5III",9.8637,0.1431,18.925,2.423,-10.57,4.212,"TIC 270526513|IDS 16562+8212 A|HIP 82080|Gaia DR3 1710727122296357376|2MASS J16455813+8202141|CABS 137|PLX 3864|SBC9 940|* eps UMi|*  22 UMi|ADS 10242 A|AG+82  491|BD+82   498|CCABS 110|CCDM J16460+8203A|CSI+82   498  1|FK5  912|GC 22749|GCRV  9717|GEN# +1.00153751|GSC 04580-01154|HD 153751|HIC  82080|HR  6322|IRAS 16510+8207|JP11  2806|N30 3770|PMC 90-93   645|PPM   2925|RBS  1605|ROT  2401|SAO   2770|SBC7   605|SKY# 30193|TD1 19820|TYC 4580-1154-1|UBV   21588|V* eps UMi|[B10]  4327|[HFE83] 1207|PLX 3864.00|1RXS J164558.1+820214|RX J1645.8+8202|RX J1645.9+8202|[ZEH2003] RX J1645.9+8202  1|WDS J16460+8202A|uvby98 100153751|WEB 13862|Gaia DR2 1710727122295911040"
"HIP 82273","* alf TrA",252.1662295073803,-69.02771184691984,"*","K2III_Ba1",8.35,0.15,17.99,-31.58,-3.0,1.88,"TIC 364216056|HIP 82273|PLX 3802|* alf TrA|CPC 21.1  3219|CPD-68  2822|FK5  625|GC 22558|GCRV  9640|GEN# +1.00150798|HD 150798|HIC  82273|HR  6217|IRAS 16433-6856|N30 3745|PPM 362330|SAO 253700|SKY# 30264|TD1 19468|UBV   14160|UBV M  21635|[L91b] 270|PLX 3802.00|TYC 9275-3641-1|1RXS J164840.4-690138|2MASS J16483989-6901398|2XMM J164840.1-690139|** WFC  179A|WDS J16487-6902A|NAME Atria|WEB 13888"
"HIP 82363","* eta Ara",252.44648454732084,-59.041379347122216,"*","K5III",10.6993,0.1289,38.99,-26.095,9.0,3.744,"TIC 420967314|Gaia DR3 5926920079553285760|HIP 82363|PLX 3814|* eta Ara|CCDM J16498-5902A|CPC 20  5353|CPD-58  6906|CSI-58  6906 41|FK5 1435|GC 22606|GCRV  9660|GEN# +1.00151249|GSC 08725-03067|HD 151249|HIC  82363|HR  6229|IDS 16411-5852 A|IRAS 16454-5857|N30 3751|PPM 345419|SAO 244168|SKY# 30298|TYC 8725-3067-1|UBV   14200|UBV M  21667|2MASS J16494712-5902286|PLX 3814.00|WDS J16498-5902A|WEB 13905|Gaia DR2 5926920079548281472"
"HIP 82396","* eps Sco",252.54087838625,-34.29323159305555,"PM*","K1III",51.19,0.22,-614.85,-255.98,-2.5,2.29,"TIC 191437754|GJ 639.1|GJ 9579|HIP 82396|Gaia DR3 6026152137856166912|PLX 3823|* eps Sco|*  26 Sco|CD-34 11285|CPC 17  8806|CPD-34  6635|CSV 101607|Ci 20 1011|FK5  628|GC 22640|GCRV  9669|GEN# +1.00151680|HD 151680|CNS5 4123|HIC  82396|HR  6241|IRAS 16469-3412|JP11  2790|LFT 1303|LHS  3244|LPM 620|LTT  6711|N30 3757|NLTT 43615|NSV  7983|PM 16469-3412|PMC 90-93   449|PPM 295532|SACS 366|SAO 208078|SKY# 30312|SRS  30628|TD1 19558|TYC 7367-804-1|UBV   14234|UBV M  21690|2MASS J16500982-3417355|PLX 3823.00|1E 1646.9-3412|WEB 13910|NAME-IAU Larawag"
"HIP 82514","* mu.01 Sco",252.96761814529,-38.04739946400001,"Be*","B1V+B",1.8732,0.7355,-10.451,-18.315,-7.6,2.98,"TIC 338104678|HIP 82514|Gaia DR3 5971289565647972608|SBC9 922|* mu.01 Sco|CD-37 11033|CPC 18  8337|CPD-37  6761|FK5 1439|GC 22677|GCRV  9682|GEN# +1.00151890|GSC 07868-01821|HD 151890|HGAM   2060|HIC  82514|HR  6247|JP11  2793|MCW  564|N30 3763|PMC 90-93  1016|PPM 295564|ROT  2385|SAO 208102|SBC7   590|SKY# 30353|SRS  31439|SV* P  1125|TD1 19587|TYC 7868-1821-1|UBV   21681|UBV M  21706|V* mu.01 Sco|[B10]  4277|2MASS J16515223-3802504|ALS 14821|WDS J16519-3803A|NAME-IAU Xamidimura|uvby98 100151890|WEB 13932|Gaia DR2 5971289565609165056"
"HIP 82671","* zet01 Sco",253.49886304786997,-42.36202981513001,"s*b","B1.5Ia+",0.5855,0.1176,-0.094,-3.368,-26.0,4.79,"TIC 246962305|SCORPIO1 012|HIP 82671|Gaia DR3 5964986649547042944|* zet01 Sco|AAVSO 1647-42|Braes  139|CD-42 11633|CEL   4441|CPC  0 15476|CPD-42  7545|EM* MWC  243|GC 22730|GCRV  9704|GEN# +1.00152236|GSC 07876-02743|HD 152236|HIC  82671|HR  6262|Hen 3-1273|JP11  2798|NGC  6231   318|PPM 322342|ROT  7433|SAO 227375|SKY# 30424|TD1 19640|TYC 7876-2743-1|UBV   14284|V* zet01 Sco|[B10]  4287|[MP69] 21|[SC95] ZET 181|[SC96] Mis  181|2MASS J16535972-4221433|ALS 15039|UCAC3 96-237872|uvby98 100152236|WEB 13962|Gaia DR2 5964986649547042944"
"HIP 83000","* kap Oph",254.4170729283867,9.375029020125002,"LP?","K2III",37.1125,0.2041,-292.638,-9.948,-55.821,3.2,"TIC 337650124|Gaia DR3 4444057469252265984|HIP 83000|PLX 3855|LSPM J1657+0922|TYC  979-2198-1|ASCC 1054630|USNO-B1.0 0993-00282885|* kap Oph|*  27 Oph|AG+09 1973|BD+09  3298|FK5  633|GC 22862|GCRV  9775|GEN# +1.00153210|HD 153210|HIC  83000|HR  6299|IRAS 16552+0927|IRC +10315|JP11  2804|LTT 15009|N30 3790|NLTT 43889|PMC 90-93   451|PPM 163313|RAFGL 1914|ROT  2396|SAO 121962|SKY# 30565|TD1 19760|UBV M  21828|UBV   14354|V* kap Oph|YZ   9  7561|[B10]  4315|2MASS J16574007+0922299|PLX 3855.00|WEB 14033|Gaia DR2 4444057469249575168"
"HIP 83081","* zet Ara",254.65505223357658,-55.9901388628425,"*","K3III",5.7725,0.1727,-17.518,-36.12,-6.0,3.076,"TIC 171207618|GJ 9581|HIP 83081|Gaia DR3 5917537534527580160|PLX 3847|* zet Ara|CPC 19  6644|CPD-55  7766|FK5  631|GC 22845|GCRV  9763|GEN# +1.00152786|GSC 08730-01439|HD 152786|HIC  83081|HR  6285|IRAS 16544-5554|IRAS Z16544-5554|N30 3785|PPM 345563|SACS 369|SAO 244315|SKY# 30589|TYC 8730-1439-1|UBV   14332|UBV M  21803|2MASS J16583719-5559244|PLX 3847.00|WEB 14045|Gaia DR2 5917537534501979520"
"HIP 83207","* eps Her",255.0723889947846,30.926404226060278,"SB*","A0V",19.7639,0.1547,-47.603,26.755,-25.1,3.92,"TIC 159433559|Gaia DR3 1310284059748155136|HIP 83207|PLX 3865|SBC9 941|*  58 Her|* eps Her|AG+30 1561|BD+31  2947|FK5  634|GC 22935|GCRV  9800|GEN# +1.00153808|GSC 02590-01412|HD 153808|HGAM    659|HIC  83207|HR  6324|IRAS 16583+3059|JP11  2808|N30 3800|PMC 90-93   452|PPM  79844|ROT  2402|SAO  65716|SBC7   606|SKY# 30640|SRS  30634|TD1 19830|TYC 2590-1412-1|UBV   14379|UBV M  21857|uvby98 100153808|2MASS J17001737+3055349|PLX 3865.00|** ISO    3|WDS J17003+3056AB|CCDM J17003+3056AB|WEB 14064|Gaia DR2 1310284059747409920"
"HIP 83895","* zet Dra",257.1966155398917,65.71464532697362,"**","B8III",7.8274,0.5476,-16.55,32.757,-19.2,3.17,"TIC 307986093|Gaia DR3 1632499034644723968|HIP 83895|PLX 3905|* zet Dra|*  22 Dra|AG+65  806|BD+65  1170|FK5  639|GC 23182|GCRV  9910|GEN# +1.00155763|GSC 04210-01048|HD 155763|HGAM    662|HIC  83895|HR  6396|IRAS 17086+6546|JP11  2824|N30 3833|PMC 90-93   455|PPM  20234|ROT  2421|SAO  17365|SKY# 30908|TD1 20105|TYC 4210-1048-1|UBV   14549|UBV M  21988|ALS 16385|PLX 3905.00|WDS J17088+6543AB|** STA    1AB|2MASS J17084719+6542528|NAME Aldhibah|WEB 14179|Gaia DR2 1632499034644070528"
"HIP 84012","* eta Oph",257.5945287106208,-15.724906641710527,"**","A2IV-V",36.91,0.8,40.13,99.17,-2.4,2.42,"TIC 400036304|GEN# +1.00155125|HIP 84012|PLX 3895|* eta Oph|*  35 Oph|ADS 10374 AB|BD-15  4467|CSI-15  4467  1|GC 23158|GCRV  9900|HD 155125|HGAM    661|HIC  84012|HR  6378|IRC -20348|JP11  2819|N30 3829|PPM 232699|ROT  2416|SAO 160332|SKY# 30949|TD1 20015|UBV   14447|UBV M  21934|2MASS J17102267-1543298|WDS J17104-1544AB|** BU 1118|** BU 1118AB|IRAS 17075-1539|AKARI-IRC-V1 J1710226-154329|NAME Sabik|uvby98 100155125|WEB 14194"
"HIP 84143","* eta Sco",258.0383087285559,-43.239189530951116,"PM*","F5IV",44.5711,0.2362,21.616,-287.978,-27.0,3.33,"TIC 382600457|GJ 657|HIP 84143|PLX 3896|* eta Sco|CD-43 11485|CEL   4487|CPC  0 15868|CPD-43  7912|FK5  638|GC 23180|GCRV  9907|GEN# +1.00155203|HD 155203|CNS5 4218|HIC  84143|HR  6380|IRSV 1708-4310|JP11  2821|LTT  6848|N30 3832|NLTT 44302|PPM 322687|ROT  2417|SAO 227707|SKY# 30998|TD1 20021|UBV   14452|UBV M  21937|[CS62] E7  61|[SC95] ZET 316|[SC96] Mis  322|uvby98 100155203|2MASS J17120920-4314212|PLX 3896.00|1RXS J171208.3-431431|TYC 7882-569-1|IRAS 17085-4310|Renson 43840|AKARI-IRC-V1 J1712092-431423|WEB 14208|Gaia DR2 5965222838404324736|** GAT   21A|WDS J17122-4314A|Gaia DR3 5965222838410499328|UCAC4 234-119619|WISE J171209.36-431424.0"
"HIP 84345","* alf Her",258.66190909203993,14.39034061013818,"**","M5Ib-II+G5III+F2V:",9.07,1.32,-7.32,36.07,-32.09,,"TIC 154699609|GEN# +1.00156014|HIP 84345|* alf Her|AAVSO 1710+14|ADS 10418 AB|BD+14  3207|CCDM J17146+1424AB|CSI+14  3207  5|HIC  84345|IDS 17101+1430 AB|NAME Rasalgethi|TD1 20143|UBV   14596|WDS J17146+1423AB|** STF 2140AB|1RXS J171439.3+142320|2MASS J17143885+1423253"
"HIP 84379","* del Her",258.7579607430354,24.839206966655976,"SB*","A1IVn",43.41,0.15,-21.18,-156.48,-40.0,3.13,"TIC 257582738|WISEA J171501.84+245019.6|GJ 3995|HIP 84379|PLX 3916|LSPM J1715+2450|ASCC  788714|USNO-B1.0 1148-00254291|* del Her|*  65 Her|AG+24 1725|BD+25  3221|CSI+25  3221  1|FK5  641|GC 23294|GCRV  9948|GEN# +1.00156164|GSC 02065-01930|HD 156164|HGAM    664|HIC  84379|HR  6410|CNS5 4230|IRC +20316|JP11  2835|N30 3845|NSV  8419|PMC 90-93   456|PPM 105702|ROT  2425|SAO  84951|SKY# 31083|SRS  30641|SV* SVS     9|TD1 20162|UBV   14633|UBV M  22045|2MASS J17150190+2450212|PLX 3916.00|AKARI-IRC-V1 J1715018+245020|IRAS 17129+2453|WISE J171501.88+245019.2|IRAS F17129+2453|NAME Sarin|WEB 14243|IDS 17109+2457 A|ADS 10424 A|TYC 2065-1930-1|CCDM J17151+2451A|** STF 3127A|WDS J17150+2450A|HD 156164A|BD+25  3221A|** BNU    5|WDS J17150+2450Aa,Ab|Gaia DR2 4573412435276520320|Gaia DR3 4573412435280434560|UCAC4 575-056725"
"HIP 84380","* pi. Her",258.76180935986537,36.80916154895945,"*","K3II",8.8991,0.1323,-27.402,2.925,-25.57,3.18,"TIC 85521725|HIP 84380|Gaia DR3 1339952869195300608|WISE J171502.79+364832.7|PLX 3921|*  67 Her|* pi. Her|AG+36 1494|BD+36  2844|DO 15875|FK5  643|GC 23302|GCRV  9955|GEN# +1.00156283|GSC 02604-01774|HD 156283|HIC  84380|HR  6418|IRAS 17133+3651|IRC +40295|JP11  2839|N30 3846|NSV  8431|PMC 90-93   457|PPM  80052|RAFGL 1950|ROT  2428|SAO  65890|SKY# 31084|TD1 20187|TYC 2604-1774-1|UBV   14675|UBV M  22064|2MASS J17150285+3648329|PLX 3921.00|WEB 14244|Gaia DR2 1339952869194709120"
"HIP 84606","* e Her",259.41772165855,37.291506287580006,"PM*","A2V",18.6546,0.0849,-38.796,58.493,-9.9,4.65,"TIC 101672599|HIP 84606|1RXS J171740.1+371714|** HDS 2446A|WDS J17177+3717A|Gaia DR3 1340068730232295552|PLX 3932|* e Her|*  69 Her|AG+37 1552|BD+37  2864|GC 23374|GCRV  9988|GEN# +1.00156729|GSC 02604-01775|HD 156729|HIC  84606|HR  6436|IRAS 17159+3720|JP11  2842|N30 3855|PMC 90-93  4937|PPM  80095|ROT  2432|SAO  65921|SKY# 31172|TD1 20255|TYC 2604-1775-1|UBV   14759|UBV M  22101|[GS83]  18|uvby98 100156729|2MASS J17174025+3717292|PLX 3932.00|WEB 14286|Gaia DR2 1340068730232295552"
"HIP 84880","* nu. Ser",260.20692403414034,-12.846876066316668,"*","A0/1V",15.9795,0.1588,44.862,1.506,6.43,4.324,"TIC 429674236|Gaia DR3 4141650196336522752|HIP 84880|PLX 3936|*  53 Ser|* nu. Ser|ADS 10481 A|BD-12  4722|CCDM J17208-1251A|FK5 3376|GC 23424|GCRV 10011|GEN# +1.00156928A|GSC 05653-01431|HD 156928|HGAM    668|HIC  84880|HR  6446|IDS 17152-1244 A|JP11  2844|PMC 90-93  1396|PPM 232954|ROT  2434|SAO 160479|SKY# 31290|TD1 20279|TYC 5653-1431-1|UBV   14775|YZC 11  5922|uvby98 100156928 A|2MASS J17204964-1250489|PLX 3936.00|WDS J17208-1251A|WEB 14330|Gaia DR2 4141650196336522752"
"HIP 85112","* rho Her",260.92060052375,37.14594279138889,"**","A0III+B9.5IVn",8.29,0.33,-39.38,7.71,-21.0,4.17,"TIC 101831828|WISEA J172340.85+370846.1|HIP 85112|* rho Her|BD+37  2878|PMSC 17202+3714|WDS J17237+3709AB|ADS 10526 AB|CSI+37  2878  4|JP11  2850|UBV   14853|** STF 2161AB|AKARI-IRC-V1 J1723409+370846|IRAS 17219+3711|HIC  85112|2MASS J17234093+3708455|WISE J172340.88+370845.5|GEN# +1.00157779"
"HIP 85258","* bet Ara",261.3249491888263,-55.529881687777774,"s*r","K0/1Ib",4.5601,0.2077,-8.039,-25.927,0.08,2.85,"GES J17251797-5531479|TIC 325635393|GALAH 150210005201171|HIP 85258|Gaia DR3 5922444483103229952|PLX 3947|* bet Ara|CPC 19  6834|CPD-55  8100|FK5  645|GC 23515|GCRV 10044|GEN# +1.00157244|GSC 08732-02866|HD 157244|HIC  85258|HR  6461|IRAS 17211-5529|JP11  2849|N30 3875|PPM 345989|SACS 377|SAO 244725|SKY# 31436|TD1 20321|TYC 8732-2866-1|UBV   14805|UBV M  22142|2MASS J17251796-5531477|PLX 3947.00|WEB 14394|Gaia DR2 5922444483086619520"
"HIP 85267","* gam Ara",261.3485804629167,-56.37772632638889,"Be*","B1Ib",2.93,0.16,-0.44,-15.77,-3.0,3.34,"TIC 325709821|HIP 85267|[JE82]  895|* gam Ara|2E  3895|CCDM J17254-5623A|CPC 20  5567|CPD-56  8225|CSI-56  8225 41|GC 23517|GCRV 10045|GEN# +1.00157246A|GSC 08736-03857|HD 157246|HIC  85267|HR  6462|IDS 17170-5617 A|PPM 345992|ROT  2441|SAO 244726|SKY# 31439|TD1 20322|TYC 8736-3857-1|UBV   14806|UBV M  22143|[B10]  4405|uvby98 100157246 A|ALS 15048|2E 1721.2-5619|EUVE J1725-56.3|2XMM J172523.7-562240|WDS J17254-5623A|AKARI-IRC-V1 J1725236-562239|IRAS 17211-5619|** HJ 4942A|** ANT    5A|2MASS J17252367-5622404|WEB 14396|Gaia DR2 5922299343254265088"
"HIP 85670","* bet Dra",262.60817373291667,52.30138870861111,"*","G2Ib-IIa",8.58,0.1,-15.89,12.28,-20.825,2.81,"GEN# +1.00159181|HIP 85670|PLX 3982|* bet Dra|*  23 Dra|1AXG J173029+5217|2E  3918|ADS 10611 A|AG+52 1139|BD+52  2065|CCDM J17305+5218A|CSI+52  2065  1|FK5  653|GC 23741|GCRV 10127|HD 159181|HIC  85670|HR  6536|IDS 17282+5223 A|IRAS 17292+5220|IRC +50266|JP11  2863|N30 3903|PMC 90-93   463|PPM  36022|RAFGL 5118S|RBS  1651|ROT  2461|SAO  30429|SKY# 31592|TD1 20610|UBV   14948|UBV M  22252|PLX 3982.00|1RXS J173025.4+521757|2E 1729.3+5220|RX J1730.4+5217|[ZEH2003] RX J1730.4+5217  1|2MASS J17302597+5218051|WDS J17304+5218A|TYC 3521-1800-1|2XMM J173026.0+521805|NAME Rastaban|uvby98 100159181|TIC 188819628|WEB 14455|Gaia DR2 1415230383033121024"
"HIP 85693","* lam Her",262.68462425402,26.110645612289996,"*","K3.5III",8.2943,0.0921,18.782,16.184,-26.51,4.41,"TIC 298441573|HIP 85693|Gaia DR3 4570796456599587200|PLX 3978|* lam Her|*  76 Her|AG+26 1712|BD+26  3034|FK5 1460|GC 23726|GCRV 10121|GEN# +1.00158899|GSC 02079-02057|HD 158899|HIC  85693|HR  6526|IRAS 17287+2608|IRC +30307|JP11  2861|N30 3902|NSV  9070|PMC 90-93  1034|PPM 106001|RAFGL 1976|ROT  2458|SAO  85163|SKY# 31603|SRS  31460|TD1 20573|TYC 2079-2057-1|UBV   14936|UBV M  22238|YZ  26  8247|[L91b] 277|2MASS J17304431+2606383|PLX 3978.00|NAME Maasym|WEB 14459|Gaia DR2 4570796456598740992"
"HIP 85727","* del Ara",262.77463997460376,-60.68384495524666,"PM*","B8Vn",14.4688,0.5017,-56.279,-98.714,10.0,3.62,"TIC 305589829|Gaia DR3 5912398348432135552|HIP 85727|** HJ 4951A|GEN# +1.00158094|uvby98 100158094|* del Ara|CCDM J17311-6041A|CPC 20.1  5284|CPD-60  6842|CSI-60  6842 41|FK5  648|GC 23681|GCRV 10108|HD 158094|HIC  85727|HR  6500|IDS 17221-6036 A|N30 3896|PPM 362756|SACS 381|IRAS 17264-6038|AKARI-IRC-V1 J1731058-604102|1RXS J173105.9-604054|SAO 253945|SKY# 31613|TD1 20450|UBV   14882|UBV M  22196|[B10]  4426|2MASS J17310591-6041020|WDS J17311-6041A|TYC 9053-4118-1|WEB 14467|Gaia DR2 5912398348427886976"
"HIP 85755","* c Oph",262.8539744625691,-23.962643000745558,"Be*","A0V",7.9538,0.1047,0.86,-25.627,-11.4,4.81,"TIC 191913102|WISE J173124.97-235746.2|HIP 85755|PLX 3973|[JE82]  900|* c Oph|*  51 Oph|CD-23 13412|CPD-23  6604|EM* CDS  914|GC 23717|GCRV 10120|GEN# +1.00158643|HD 158643|HIC  85755|HR  6519|IRAS 17283-2355|JP11  2860|N30 3900|NSV  9037|PPM 266959|SAO 185470|SKY# 31624|TD1 20533|UBV   14919|UBV M  22222|YZ 113 12056|[SC95] M  20|[SC96] GC  92|[SC96] Mis  504|uvby98 100158643|2MASS J17312497-2357453|PLX 3973.00|TYC 6826-368-1|GSC 06826-00368|UCAC3 133-237708|AKARI-IRC-V1 J1731250-235745|WEB 14471|Gaia DR2 4110602530665608064|Gaia DR3 4110602530665608064"
"HIP 85792","* alf Ara",262.9603813675,-49.87614501138889,"Be*","B2Vne",12.2,0.85,-33.27,-67.22,0.0,2.95,"TIC 412724758|Gaia DR3 5949437149987478016|HIP 85792|PLX 3969.1|[JE82]  899|* alf Ara|AAVSO 1724-49|CCDM J17318-4953A|CD-49 11511|CPC  0 16300|CPD-49 10052|CSI-49 11511 21|EM* MWC  261|FK5  651|GC 23708|GCRV 10116|GEN# +1.00158427A|GSC 08350-02600|HD 158427|HIC  85792|HR  6510|Hen 3-1417|IDS 17241-4948 A|IRAS 17279-4950|JP11  2859|N30 3898|NSV  8999|PPM 323069|ROT  2456|SAO 228069|SKY# 31640|TD1 20501|TYC 8350-2600-1|UBV M  22215|UBV   14909|V* alf Ara|[B10]  4431|uvby98 100158427 A|2MASS J17315049-4952341|ALS 15050|XMMSL1 J173149.8-495233|PLX 3969.10|WDS J17318-4953A|** HJ 4955A|AKARI-FIS-V1 J1731503-495235|WEB 14476|XMMSL2 J173150.8-495233"
"HIP 85822","* del UMi",263.0541592214034,86.58645960557529,"PM*","A1Van",17.8802,0.0922,10.025,54.053,-8.92,4.336,"TIC 383553764|Gaia DR3 1724851173788449536|HIP 85822|2MASS J17321290+8635113|PLX 4158|* del UMi|*  23 UMi|AG+86  240|BD+86   269|FK5  913|GC 24236|GCRV 10323|GEN# +1.00166205|GSC 04655-01053|HD 166205|HIC  85822|HR  6789|IRAS 17483+8636|JP11  2943|N30 3970|PMC 90-93   646|PPM   3067|ROT  2558|SAO   2937|SKY# 31652|TD1 21762|TYC 4655-1053-1|UBV   15437|UBV M  22682|[HFE83] 1215|uvby98 100166205|PLX 4158.00|NAME Yildun|WEB 14484|Gaia DR2 1724851173788449536|** DRS   59A|WDS J17322+8635A"
"HIP 85829","* nu.02 Dra",263.06684384646996,55.17291812915,"SB*","kA4hF2VmF3",33.4187,0.1302,144.339,59.585,-16.0,,"WISEA J173216.21+551023.1|HIP 85829|Gaia DR3 1420972548150735744|PLX 3999|SBC9 976|LSPM J1732+5510|ASCC  199005|2MASS J17321602+5510224|USNO-B1.0 1451-00260073|*  25 Dra|* nu.02 Dra|ADS 10628 A|AG+55 1100|BD+55  1945|CCDM J17322+5511A|FK5  657|GC 23801|GCRV 10143|GEN# +1.00159560|GSC 03892-01621|HD 159560|HIC  85829|HR  6555|IDS 17302+5515 A|JP11  2869|N30 3909|PMC 90-93   466|PPM  36043|ROT  2467|SAO  30450|SBC7   628|SKY# 31655|TYC 3892-1621-1|UBV   14977|UBV M  22279|YZ  55  9330|uvby98 100159560|WDS J17322+5511A|Renson 44910|PMSC 17303+5514A|PMSC 17303+5514Aab|1RXS J173216.1+551023|** STF 4035A|AKARI-IRC-V1 J1732161+551023|WISE J173216.21+551023.2|TIC 229686919|WEB 14485|Gaia DR2 1420972548150735744"
"HIP 85927","* lam Sco",263.40216718438023,-37.10382355111976,"bC*","B2IV+DA7.9",5.71,0.75,-8.53,-30.8,-3.0,1.63,"TIC 465088681|HIP 85927|*  35 Sco|* lam Sco|CCDM J17336-3706A|CD-37 11673|CPC 18  8791|CPD-37  7265|CSI-37 11673 21|FK5  652|GC 23769|GCRV 10136|GEN# +1.00158926|GSC 07388-01093|HD 158926|HIC  85927|HR  6527|IDS 17268-3702 A|IRAS 17302-3704|JP11  2862|N30 3905|NAME Shaula|PMC 90-93   462|PPM 296488|ROT  2459|SACS 383|SAO 208954|SKY# 31695|SRS  30652|TD1 20577|TYC 7388-1093-1|UBV M  22240|UBV   14937|V* lam Sco|[B10]  4439|[SC95] ZET 456|[SC96] Mis  521|[SC96] GC  99|2MASS J17333652-3706135|ALS 15082|1E 1730.2-3704|1RXS J173336.7-370604|EUVE J1733-37.1|WDS J17336-3706A|WDS J17336-3706Aa,Ab|** TNG    1|** SEE  334A|** DUN  218A|WD 1730-370|uvby98 100158926|WEB 14501"
"HIP 86032","* alf Oph",263.73362272030505,12.560037391671425,"**","A5IVnn",67.13,1.06,108.07,-221.57,11.7,2.07,"TIC 289643770|WISE J173456.17+123330.2|GJ 681|HIP 86032|Gaia DR3 4493746564376875520|PLX 4000|LSPM J1734+1233|ASCC  965558|USNO-B1.0 1025-00347133|* alf Oph|*  55 Oph|2E  3921|AG+12 1827|BD+12  3252|CSV 101982|CSV 101662|FK5  656|GAT 1321|GC 23837|GCRV 10159|GEN# +1.00159561|HD 159561|HIC  86032|HR  6556|CNS5 4331|TIC 471011992|IRAS 17326+1235|IRC +10331|JP11  2871|LTT 15218|N30 3915|NAME Rasalhague|NLTT 45084|NSV  9189|PMC 90-93   465|PPM 133563|ROT  2468|SAO 102932|SKY# 31749|SRS  30656|TD1 20664|UBV   14978|UBV M  22280|[GS83]  83|uvby98 100159561|2MASS J17345606+1233361|PLX 4000.00|1E 1732.6+1200|1RXS J173456.3+123344|2E 1732.6+1235|TYC 1000-2508-1|* alf Oph A|WEB 14516|* alf Oph B|** MCY    4|WDS J17349+1234AB"
"HIP 86228","* tet Sco",264.3297077207907,-42.99782799333082,"*","F1III",10.86,1.49,5.54,-3.12,5.18,1.85,"TIC 17158018|WISEA J173719.12-425952.1|HIP 86228|PLX 3998|* tet Sco|CD-42 12312|CEL   4542|CPC  0 16458|CPD-42  7856|FK5  654|GC 23857|GCRV 10165|GEN# +1.00159532|GSC 07892-07679|HD 159532|HIC  86228|HR  6553|IRAS 17337-4258|JP11  2866|N30 3918|NSV  9233|PPM 323186|ROT  2465|SAO 228201|SKY# 31826|TD1 20659|UBV   14975|UBV M  22276|[CS62] E7  88|[SC95] ZET 482|[SC96] Mis  563|uvby98 100159532|2MASS J17371913-4259522|PLX 3998.00|NAME Sargas|WEB 14543|WISE J173719.06-425951.7|* tet Sco A|HD 159532A|CD-42 12312A|** SEE  510A|CCDM J17373-4300A|WDS J17373-4300A|UCAC4 236-132816|TYC 7892-7679-1"
"HIP 86263","* ksi Ser",264.39666582704876,-15.398555763609995,"SB*","A9IIIpSr:",32.8828,0.2641,-42.378,-59.146,-45.85,3.519,"TIC 416166676|Gaia DR3 4125171197089493760|HIP 86263|PLX 4003|SBC9 978|*  55 Ser|* ksi Ser|2E  3926|BD-15  4621|CCDM J17376-1524A|CSI-15  4621  1|FK5  658|GC 23881|GCRV 10175|GEN# +1.00159876|GSC 06248-01369|HD 159876|HIC  86263|HR  6561|IDS 17319-1520 A|IRAS 17347-1522|IRC -20373|JP11  2872|N30 3921|PMC 90-93   467|PPM 233350|ROT  2469|SACS 385|SAO 160700|SBC7   630|SKY# 31838|TD1 20705|TYC 6248-1369-1|UBV M  22292|UBV   14993|YZ 105  6334|[GS83]  86|uvby98 100159876|2MASS J17373520-1523545|PLX 4003.00|1RXS J173735.1-152357|2E 1734.7-1522|WDS J17376-1524Aa,Ab|Renson 45000|** ISO    6|** RST 5090A|WDS J17376-1524A|WEB 14549|Gaia DR2 4125171197089493888"
"HIP 86414","* iot Her",264.86619540844913,46.006331382789725,"bC*","B3IV",6.5157,0.2022,-6.929,3.682,-38.4,3.8,"TIC 164319891|HIP 86414|Gaia DR3 1362451076122760320|PLX 4028|SBC9 979|*  85 Her|* iot Her|AAVSO 1736+46|AG+46 1288|BD+46  2349|CCDM J17395+4601A|CSI+46  2349  1|FK5  663|GC 23965|GCRV 10210|GEN# +1.00160762|GSC 03510-01876|HD 160762|HGAM    670|HIC  86414|HR  6588|IDS 17367+4603 A|JP11  2878|N30 3932|NSV  9501|PMC 90-93   470|PPM  56383|ROT  2477|SAO  46872|SKY# 31898|TD1 20820|TYC 3510-1876-1|UBV   15035|UBV M  22339|V* iot Her|[GS83]   8|ALS 16719|2MASS J17392788+4600227|WDS J17395+4600A|1RXS J173926.3+455954|AKARI-IRC-V1 J1739278+460022|IRAS 17380+4601|** BLA    5|WDS J17395+4600Aa,Ab|WEB 14581|Gaia DR2 1362451076122157696"
"HIP 8645","* zet Cet",27.86513061761,-10.335031066289998,"SB*","K0.5III",12.877,0.21,39.752,-40.956,7.8,3.72,"TIC 24924016|HIP 8645|Gaia DR3 2461150714560126080|2MASS J01512762-1020061|PLX  386|SBC9 93|* zet Cet|*  55 Cet|BD-11   359|CCDM J01515-1019A|CSV 100139|FK5   62|GC  2249|GCRV  1038|GEN# +1.00011353|GSC 05278-02437|HD  11353|HIC   8645|HR   539|IDS 01465-1049 A|IRAS 01489-1034|IRC -10027|JP11   544|N30  384|NSV   638|PMC 90-93    44|PPM 210734|RAFGL  255|ROT   261|SACS  35|SAO 148059|SBC7    64|SKY#  2739|SV* ZI    96|TD1  1066|TYC 5278-2437-1|UBV M   8457|UBV    1863|YZC 11   415|[L91b]  18|WDS J01515-1020Aa,Ab|** BNU    1|** BUP   26A|WDS J01515-1020A|NAME Baten Kaitos|WEB  1828|Gaia DR2 2461150714559889920"
"HIP 86565","* omi Ser",265.35363634760085,-12.875305267979446,"dS*","A2Va",20.4665,0.1535,-72.448,-55.32,-32.31,4.228,"TIC 417526469|Gaia DR3 4161585441691080448|HIP 86565|PLX 4023|* omi Ser|*  56 Ser|BD-12  4808|FK5 3405|GC 23978|GCRV 10213|GEN# +1.00160613|GSC 05668-01486|HD 160613|HIC  86565|HR  6581|IRAS 17385-1251|JP11  2876|N30 3933|PMC 90-93  1400|PPM 233454|ROT  2476|SACS 386|SAO 160747|SKY# 31956|TD1 20799|TYC 5668-1486-1|UBV   15028|UBV M  22327|V* omi Ser|YZC 11  6047|2MASS J17412488-1252311|PLX 4023.00|uvby98 100160613|WEB 14598|Gaia DR2 4161585441691080448"
"HIP 86670","* kap Sco",265.62198000035505,-39.02998307638737,"bC*","B1.5III",6.75,0.17,-6.05,-25.54,-14.0,2.386,"IRAS 17389-3900|1RXS J174229.2-390205|TIC 147868882|HIP 86670|Gaia DR3 5961206940987571200|* kap Sco|CD-38 12137|CEL   4553|CPC 18  8904|CPD-38  6992|EUVE J1742-39.0|FK5  660|GC 23988|GCRV 10217|GEN# +1.00160578|GSC 07885-02065|HD 160578|HIC  86670|HR  6580|JP11  2875|N30 3935|PMC 90-93   469|PPM 296701|ROT  2475|SACS 387|SAO 209163|SKY# 32005|SRS  30660|TD1 20794|TYC 7885-2065-1|UBV M  22326|UBV   15027|V* kap Sco|[B10]  4474|[SC95] ZET 507|[SC96] Mis  616|[SC96] GC 141|2MASS J17422928-3901479|ALS 15051|uvby98 100160578|WEB 14612"
"HIP 86742","* bet Oph",265.86813295741786,4.567303668469166,"PM*","K2IIICN0.5",39.2284,0.2027,-41.793,159.43,-12.12,2.75,"TIC 361269297|Gaia DR3 4473334474604992384|HIP 86742|PLX 4042|LSPM J1743+0434|ASCC 1152081|USNO-B1.0 0945-00301598|* bet Oph|*  60 Oph|AG+04 2178|BD+04  3489|EIC   585|FK5  665|GC 24048|GCRV 10239|GEN# +1.00161096|GSC 00423-01724|HD 161096|HIC  86742|HR  6603|CNS5 4386|IRAS 17409+0435|IRC +00317|JP11  2883|N30 3943|NAME Cebalrai|NSV 23613|PMC 90-93   472|PPM 164476|RAFGL 2000|ROT  2482|SAO 122671|SKY# 32036|TD1 20888|TYC  423-1724-1|UBV   15049|UBV M  22360|USNO 871|YZ   4  5892|uvby98 100161096|2MASS J17432835+0434022|PLX 4042.00|WEB 14628|Gaia DR2 4473334474601314560"
"HIP 86929","* eta Pav",266.43328165493534,-64.72387146468638,"PM*","K2II",8.8653,0.133,-10.483,-56.54,-7.6,3.581,"TIC 306806661|Gaia DR3 5909069886210174080|HIP 86929|PLX 4025|* eta Pav|CPC 21  4119|CPD-64  3662|FK5  661|GC 24044|GCRV 10237|GEN# +1.00160635|GSC 09062-03615|HD 160635|HIC  86929|HR  6582|IRAS 17408-6442|N30 3941|PPM 362896|SAO 254020|SKY# 32108|TD1 20801|TYC 9062-3615-1|UBV   15029|UBV M  22329|2MASS J17454400-6443260|PLX 4025.00|WEB 14663|Gaia DR2 5909069886203558656"
"HIP 86974","* mu.01 Her",266.61478040032705,27.720711383034715,"**","G5IV",119.9248,0.1543,-312.087,-773.179,-17.78,3.42,"TIC 460067868|GJ 695 A|HIP 86974|Gaia DR3 4594497769766809216|PLX 4060|ASCC  697588|LSPM J1746+2743E|USNO-B1.0 1177-00371509|* mu. Her|*  86 Her|* mu.01 Her|* mu. Her A|2E  3947|ADS 10786 A|AG+27 1677|BD+27  2888|CCDM J17465+2744A|CSI+27  2888  1|Ci 20 1065|FK5  667|GC 24138|GCRV 10285|GEN# +1.00161797A|GSC 02085-03062|HD 161797|HD 161797A|HIC  86974|HR  6623|IDS 17425+2747 A|CNS5 4401|IRAS 17444+2744|IRC +30312|JP11  2891|LFT 1374|LHS  3326|LTT 15266|N30 3954|NLTT 45435|PMC 90-93   473|PPM 106324|ROT  2489|SAO  85397|SKY# 32126|SPOCS  764|SRS  30667|TD1 20993|TYC 2085-3062-1|UBV   15136|USNO 873|YZ  27  8419|Zkh 264|uvby98 100161797 A|2MASS J17462752+2743142|1E 1744.4+2744|1RXS J174627.3+274322|2E 1744.5+2744|WDS J17465+2743Aa,Ab|WDS J17465+2743A|** TRN    2|** STF 2220A|** ABT   14A|PMSC 17425+2747A|WEB 14673|Gaia DR2 4594497769763697792"
"HIP 87072","V* X Sgr",266.89009978762,-27.830787716359996,"cC*","F7II",2.8057,0.14,-4.948,-10.553,-10.1,4.54,"TIC 126247328|WISEA J174733.61-274951.1|HIP 87072|Gaia DR3 4057701830728920064|PLX 4055|*   3 Sgr|AAVSO 1741-27|CD-27 11930|CPD-27  5764|FK5 1464|GC 24135|GCRV 10284|GEN# +1.00161592|GSC 06836-00118|HD 161592|HIC  87072|HR  6616|IRAS 17444-2748|IRC -30324|N30 3952|PMC 90-93  1038|PPM 267303|ROT  2487|SAO 185755|SKY# 32165|SRS  31464|TD1 20956|TYC 6836-118-1|UBV   21663|V* X Sgr|YZ 117 11292|2MASS J17473363-2749507|PLX 4055.00|UCAC4 311-127539|WISE J174733.63-274953.1|AKARI-IRC-V1 J1747335-274951|SBC9 3099|uvby98 100161592|WEB 14691|Gaia DR2 4057701830728920064"
"HIP 87073","* iot01 Sco",266.89616445956506,-40.12699736232806,"s*y","F2Ia",1.4177,0.2941,0.005,-5.396,-27.6,2.992,"TIC 470029190|HIP 87073|Gaia DR3 5958043164999014400|PLX 4051|SBC9 986|* iot01 Sco|* iot Sco A|CCDM J17476-4008A|CD-40 11838|CPC  0 16706|CPD-40  8088|CSI-40 11838 21|FK5  666|GC 24125|GCRV 10278|GEN# +1.00161471|GSC 07889-02669|HD 161471|HIC  87073|HR  6615|Hen 3-1479|IDS 17406-4005 A|N30 3950|PPM 323398|ROT  2486|SACS 390|SAO 228420|SKY# 32166|TD1 20941|TYC 7889-2669-1|UBV   15082|UBV M  22384|[SC96] Mis  678|[SC96] GC 171|uvby98 100161471|2MASS J17473508-4007370|PLX 4051.00|WDS J17476-4008A|IRAS 17441-4006|WEB 14690|Gaia DR2 5958043164981792640"
"HIP 87585","* ksi Dra",268.38220642831584,56.87264192915222,"PM*","K2III",29.0603,0.1155,93.698,78.914,-26.09,3.75,"** LDS 1457A|Gaia DR3 1421593566062037120|HIP 87585|PLX 4093|* ksi Dra|*  32 Dra|AG+56 1133|BD+56  2033|CCDM J17535+5653A|FK5  671|GC 24364|GCRV 10361|GEN# +1.00163588|GSC 03910-01710|HD 163588|HIC  87585|HR  6688|IDS 17519+5654 A|IRAS 17526+5652|IRC +60253|JP11  2902|N30 3981|PMC 90-93   477|PPM  36240|RAFGL 2026|ROT  2507|SAO  30631|SKY# 32410|TD1 21275|TYC 3910-1710-1|UBV M  22485|UBV   15249|USNO 874|YZ  56  9517|2MASS J17533173+5652216|PLX 4093.00|WDS J17535+5652A|NAME Grumium|TIC 232621005|WEB 14775|Gaia DR2 1421593566061407872"
"HIP 87808","* tet Her",269.06325406138296,37.250536666711376,"*","K1IIaCN2",4.1002,0.1184,2.956,6.692,-28.32,3.88,"TIC 159847014|HIP 87808|Gaia DR3 4609802834185436928|PLX 4096|* tet Her|*  91 Her|AG+37 1602|BD+37  2982|FK5  672|GC 24415|GCRV 10385|GEN# +1.00163770|GSC 02620-02298|HD 163770|HIC  87808|HR  6695|IRAS 17545+3715|IRC +40306|JP11  2903|N30 3991|NSV  9890|PMC 90-93   478|PPM  80751|RAFGL 2038|ROT  2508|SAO  66485|SKY# 32504|TD1 21297|TYC 2620-2298-1|UBV   15257|UBV M  22493|uvby98 100163770|2MASS J17561517+3715019|PLX 4096.00|WEB 14820|Gaia DR2 4609802834182565760"
"HIP 87833","* gam Dra",269.1515411786243,51.48889561763423,"*","K5III",21.14,0.1,-8.48,-22.79,-27.91,2.23,"TIC 329269366|HIP 87833|PLX 4107|* gam Dra|*  33 Dra|ADS 10923 A|AG+51 1174|BD+51  2282|CCDM J17566+5129A|CSI+51  2282  1|FK5  676|GC 24432|GCRV 10394|GEN# +1.00164058|HD 164058|HIC  87833|HR  6705|IRAS 17554+5129|IRC +50274|JP11  2911|N30 3992|PMC 90-93   482|PPM  36267|RAFGL 2039|ROT  2516|SAO  30653|SKY# 32519|NAME Eltanin|TD1 21351|UBV   15288|UBV M  22521|USNO 875|uvby98 100164058|2MASS J17563637+5129197|PLX 4107.00|WDS J17566+5129A|TYC 3523-1684-1|WEB 14827"
"HIP 87933","* ksi Her",269.44119030886577,29.24787944585528,"LP*","G8.5III",23.8544,0.1068,81.919,-18.962,-1.756,3.7,"TIC 158752691|Gaia DR3 4584613194593381888|HIP 87933|PLX 4106|* ksi Her|*  92 Her|2RE J1757+291|2RE J175747+291553|AAVSO 1753+29B|AG+29 1765|BD+29  3156|CSV 101696|FK5  674|GC 24448|GCRV 10402|GEN# +1.00163993|GSC 02102-02772|HD 163993|HIC  87933|HR  6703|IRAS 17558+2915|IRC +30324|JP11  2910|N30 3995|NSV  9927|PMC 90-93   480|PPM 106582|RAFGL 5162S|ROT  2515|SAO  85590|SKY# 32564|SRS  30674|SV* P  1374|SV* SVS     8|TD1 21338|TYC 2102-2772-1|UBV   15280|UBV M  22515|V* ksi Her|YZ  29  8567|PLX 4106.00|2EUVE J1757+29.2|EUVE J1757+29.2|1RXS J175745.7+291453|2MASS J17574588+2914523|WEB 14848|Gaia DR2 4584613194592594944"
"HIP 8796","* alf Tri",28.2704392446475,29.578818669729724,"SB*","F5III",51.331,0.5563,12.341,-233.04,-12.6,3.42,"TIC 28244955|Gaia DR3 299464296907113984|GJ 78.1|GJ 9062|2MASS J01530489+2934442|[ZEH2003] RX J0153.0+2934  1|PLX  390|SBC9 94|LSPM J0153+2934|TYC 1763-3028-1|ASCC  652427|USNO-B1.0 1195-00024212|*   2 Tri|* alf Tri|1RXS J015305.0+293440|2E   495|AG+29  233|CNS5 486|BD+28   312|CCDM J01531+2935A|CSI+28   312  1|FK5   64|GC  2272|GCRV  1046|GEN# +1.00011443|GSC 01763-03028|HD  11443|HIC   8796|HIP 8796|HR   544|IDS 01474+2906 A|IRAS 01502+2919|IRC +30031|JP11   547|LTT 10647|N30  387|NLTT  6290|PMC 90-93    46|PPM  91161|RBS   250|ROT   264|RX J0153.0+2934|SAO  74996|SBC7    65|SKY#  2767|SRS  30064|TD1  1077|UBV    1876|UBV M   8470|V* alf Tri|[HFE83]  106|uvby98 100011443|PLX  390.00|1E 0150.2+2919|1ES 0150+29.3|2E 0150.2+2919|2EUVE J0153+29.5|EUVE J0153+29.5|WDS J01531+2935A|NAME Mothallah|WEB  1850|Gaia DR2 299464296906886016|** DAL   51A"
"HIP 8832","* gam Ari",28.382561614839574,19.293855274747905,"a2*","kA0hA3(IV)SiSr+B9.5IV",19.88,0.96,79.2,-97.63,-0.6,,"IDS 01483+1849 AB|HIP 8832|* gam Ari|*   5 Ari|ADS  1507 AB|BD+18   243|CSI+18   243  4|HIC   8832|IDS 01480+1848 AB|JP11   548|UBV    1885|WDS J01535+1918AB|** STF  180AB|V* gam Ari|AKARI-IRC-V1 J0153318+191741|IRAS 01507+1902|CEL    179|NAME Mesarthim|GEN# +1.00011503|PLX  391|PLX  391.00|2MASS J01533181+1917420|TIC 91329515"
"HIP 8833","* ksi Psc",28.388904126109995,3.18753250608,"SB*","G8.5IIIb",16.6641,0.2416,32.687,25.146,26.13,4.604,"TIC 293562039|HIP 8833|Gaia DR3 2512513678696855936|2MASS J01533336+0311151|* ksi Psc|PLX  393|SBC9 1544|* 111 Psc|AG+02  192|BD+02   290|FK5   65|GC  2293|GCRV  1055|GEN# +1.00011559|GSC 00033-01213|HD  11559|HIC   8833|HR   549|IRAS 01509+0256|IRC +00027|JP11   550|N30  391|PMC 90-93    47|PPM 145091|ROT   268|SAO 110206|SKY#  2778|TYC   33-1213-1|UBV    1896|UBV M   8487|YZ   2   534|PLX  393.00|[ZEH2003] RX J0153.5+0311  1|RX J0153.5+0311|1RXS J015334.2+031126|WEB  1862|Gaia DR2 2512513678696855936"
"HIP 8837","* psi Phe",28.411413800361665,-46.3026692717061,"LP*","M4III",9.7499,0.171,-91.676,-86.746,4.8,4.41,"TIC 160263922|GALAH 141202003001147|GES J01533862-4618107|Gaia DR3 4942522955488925696|HIP 8837|2MASS J01533874-4618096|PLX  395|* psi Phe|CD-46   552|CPC  0   890|CPD-46   195|CSV   5951|FK5   67|GC  2303|GCRV  1057|GEN# +1.00011695|GSC 08041-01199|HD  11695|HIC   8837|HR   555|IRAS 01516-4632|JP11   552|N30  393|PPM 306298|RAFGL  261|SACS  37|SAO 215696|SKY#  2781|TYC 8041-1199-1|UBV    1915|UBV M   8506|V* psi Phe|[DS98]  25|PLX  395.00|WEB  1863|Gaia DR2 4942522955486981248"
"HIP 88635","* gam02 Sgr",271.45203374499994,-30.424089849444446,"PM*","K0+III",32.2697,0.7754,-48.839,-204.86,22.0,2.99,"TIC 194920626|Gaia DR3 4049975081571729920|HIP 88635|PLX 4131|* gam02 Sgr|*  10 Sgr|* gam Sgr|CD-30 15215|CPC 17  9681|CPD-30  5241|FK5  679|GC 24632|GCRV 10526|GEN# +1.00165135|GSC 07391-02710|HD 165135|HIC  88635|HR  6746|IRAS 18025-3025|IRC -30353|JP11  2922|LTT  7181|N30 4013|NLTT 45887|NSV 10173|PMC 90-93   483|PPM 297231|RAFGL 6934S|SACS 395|SAO 209696|SKY# 32860|SRS  30679|TD1 21552|TYC 7391-2710-1|UBV   15364|UBV M  22594|2MASS J18054848-3025265|PLX 4131.00|NAME Alnasl|WEB 15012|Gaia DR2 4049975081502371328"
"HIP 88714","* tet Ara",271.65778414428,-50.09147988308306,"s*b","B0.5Iab",2.947,0.296,-8.709,-9.672,3.4,3.66,"TIC 364875523|HIP 88714|Gaia DR3 6705977119250947712|* tet Ara|2E 1803.0-5003|2E  4005|CD-50 11720|CPC  0 17018|CPD-50 10538|FK5 1471|GC 24635|GCRV 10529|GEN# +1.00165024|GSC 08365-01698|HD 165024|HIC  88714|HR  6743|IRAS 18027-5005|N30 4014|PPM 346577|ROT  2534|SAO 245242|SKY# 32898|TD1 21533|TYC 8365-1698-1|UBV   15355|UBV M  22588|[B10]  4565|uvby98 100165024|2MASS J18063786-5005292|ALS 15053|2XMM J180637.8-500528|SWIFT J1806.9-5003|WEB 15030|Gaia DR2 6705977119240144768"
"HIP 88794","* omi Her",271.8856296342288,28.762491065638883,"Be*","B9.5III",9.3487,0.1454,-0.018,8.153,-29.5,3.827,"TIC 320930107|Gaia DR3 4589549005370416256|HIP 88794|PLX 4154|* omi Her|* 103 Her|AAVSO 1803+28|AG+28 1742|BD+28  2925|FK5  681|GC 24711|GCRV 10575|GEN# +1.00166014|GSC 02103-03078|HD 166014|HIC  88794|HR  6779|IRAS 18055+2845|JP11  2936|N30 4027|PMC 90-93   485|PPM 106802|ROT  2553|SAO  85750|SKY# 32940|SRS  30681|TD1 21718|TYC 2103-3078-1|UBV   15420|UBV M  22663|V* omi Her|2MASS J18073254+2845448|ALS 17419|PLX 4154.00|** STA    2|WDS J18075+2846AB|CCDM J18075+2846AB|uvby98 100166014|WEB 15043|Gaia DR2 4589548627408862848"
"HIP 8886","* eps Cas",28.5988920257,63.670100066329994,"Be*","B3Vp_sh",7.0037,0.2487,29.587,-18.387,-8.3,3.37,"TIC 10510382|HIP 8886|Gaia DR3 511974502720839040|2MASS J01542373+6340123|PLX  388|[JE82]   50|* eps Cas|*  45 Cas|AAVSO 0147+63|AG+63  167|BD+62   320|CEL    178|CSV 100141|FK5   63|GC  2289|GCRV  1052|GEN# +1.00011415|GSC 04036-02834|HD  11415|HGAM     93|HIC   8886|HR   542|JP11   546|N30  389|NSV   652|PMC 90-93    45|PPM  13322|ROT   263|SAO  12031|SKY#  2793|SV* ZI    95|TD1  1074|TYC 4036-2834-1|UBV    1872|UBV M   8466|[HFE83]  107|[KW97]  8-22|uvby98 100011415|ALS 16380|PLX  388.00|IRAS 01508+6325|IRCO  3207|Renson 2870|AKARI-IRC-V1 J0154237+634011|NAME Segin|WEB  1868|Gaia DR2 511974502719733376"
"HIP 88866","* pi. Pav",272.1450665774567,-63.668561979886384,"PM*","kA4hF0mF2III",24.3617,0.1346,19.021,-191.101,-11.31,4.328,"TIC 303696290|Gaia DR3 6630558558672843392|HIP 88866|PLX 4130|* pi. Pav|CPC 20.1  5474|CPD-63  4292|FK5 3437|GC 24665|GCRV 10548|GEN# +1.00165040|GSC 09059-03655|HD 165040|HIC  88866|HR  6745|IRAS 18037-6340|N30 4017|PPM 363162|ROT  2535|SAO 254147|SKY# 32976|TD1 21537|TYC 9059-3655-1|UBV   15358|UBV M  22590|uvby98 100165040|2MASS J18083481-6340069|PLX 4130.00|Renson 46610|WEB 15068|Gaia DR2 6630558558672843392"
"HIP 8903","* bet Ari",28.66004578884514,20.808031471916408,"SB*","kA4hA5mA5Va",55.6,0.58,98.74,-110.41,-3.1,2.65,"TIC 91356756|GJ 80|HIP 8903|2MASS J01543840+2048291|PLX  394|SBC9 98|* bet Ari|*   6 Ari|AG+20  171|CNS5 495|BD+20   306|CEL    180|CSV 100146|FK5   66|GC  2309|GCRV  1058|GEN# +1.00011636|HD  11636|HIC   8903|HR   553|IRAS 01518+2033|IRC +20031|JP11   551|N30  395|NSV   658|PMC 90-93    48|PPM  91184|ROT   269|SAO  75012|SBC7    67|SKY#  2798|SRS  30066|SV* ZI   101|TD1  1090|UBV    1907|UBV M   8501|YZ  20   543|uvby98 100011636|PLX  394.00|TYC 1212-1935-1|Renson 2970|NAME Sheratan|** MKT    3|WDS J01546+2049AB|CCDM J01546+2048AB|WEB  1872|Gaia DR2 97054342356001024|TIC 620249312"
"HIP 89341","* mu. Sgr",273.4408701670833,-21.058831686944444,"s*b","B8Iab(e)",0.09,0.28,0.3,-0.48,-6.0,3.85,"TIC 117866844|HIP 89341|Gaia DR3 4093933487636355968|PLX 4178|SBC9 1033|* mu. Sgr|*  13 Sgr|ADS 11169 A|ALS  4791|BD-21  4908|CCDM J18138-2104A|CSI-21  4908  1|EM* MWC  598|FK5  682|GC 24856|GCRV 10672|GEN# +1.00166937A|GEN# +1.00314059A|GSC 06276-03093|HD 166937|HIC  89341|HR  6812|IDS 18078-2105 A|IRAS 18107-2104|JP11  2948|LS 4791|MCW  629|N30 4047|PMC 90-93   486|PPM 268080|ROT  2572|SACS 397|SAO 186497|SBC7   667|SKY# 33184|SRS  30682|TD1 21905|TYC 6276-3093-1|UBV M  22737|UBV   21651|V* mu. Sgr|YZ 111  7550|[B10]  4604|[SC96] GC 491|[SC96] Mis 1153|2MASS J18134581-2103319|PLX 4178.00|WDS J18138-2104A|NAME Polis|UCAC4 345-134083|WEB 15190|Gaia DR2 4093933487667449984"
"HIP 89642","* eta Sgr",274.40682166227543,-36.76169016455027,"PM*","M2III",23.8859,0.4865,-131.804,-166.309,0.2,3.11,"TIC 57334718|Gaia DR3 4038055447778237312|HIP 89642|PLX 4191|* eta Sgr|CD-36 12423|CPC 18  9366|CPD-36  8128|CSI-36 12423 21|FK5  683|GC 24944|GCRV 10737|HD 167618|HIC  89642|HR  6832|IRAS 18142-3646|JP11  2953|LTT  7260|N30 4055|NLTT 46213|PMC 90-93   487|PPM 297508|SACS 399|SAO 209957|SKY# 33338|SRS  30683|SV* BV   784|TD1 22032|UBV   15527|V* eta Sgr|[DS98] 258|2MASS J18173763-3645418|TYC 7404-7057-1|WEB 15268|Gaia DR2 4038055447710650240|CCDM J18176-3646A|** BU  760A|IDS 18109-3647 A|BDS  8449 A|GEN# +1.00167618|WDS J18176-3646A"
"HIP 89931","* del Sgr",275.24851205687213,-29.828102262591386,"*","K2.5IIIaCN0.5",7.8468,0.4791,33.212,-27.361,-20.4,2.668,"TIC 49231061|WISEA J182059.70-294941.9|Gaia DR3 4049506483413484672|GJ 710.1|GJ 9626|HIP 89931|PLX 4205|* del Sgr|*  19 Sgr|ADS 11264 A|CCDM J18210-2950A|CD-29 14834|CPD-29  5513|CSI-29 14834 21|FK5  687|GC 25024|GCRV 10810|GEN# +1.00168454|GSC 06856-02170|HD 168454|HIC  89931|HR  6859|IDS 18146-2952 A|IRAS 18177-2951|IRC -30376|JP11  2958|N30 4070|NSV 24403|PMC 90-93   490|PPM 268275|RAFGL 2126|SACS 400|SAO 186681|SKY# 33467|SRS  30687|TD1 22169|TYC 6856-2170-1|UBV   15597|UBV M  22841|YZ 119 11865|[L91b] 289|2MASS J18205962-2949412|PLX 4205.00|WDS J18210-2950A|** SEE  350A|UCAC4 301-222408|WISE J182059.56-294940.8|NAME Kaus Media|[M64] -29  48|WEB 15356|Gaia DR2 4049506483413484672"
"HIP 89937","* chi Dra",275.2640939542736,72.73284772361531,"SB*","F7V",124.11,0.87,531.21,-349.71,31.9,3.58,"TIC 341873045|Gaia DR3 2266693630693936512|GJ 713|GJ 713 A|GJ 713 B|HIP 89937|CNS5 4539|PLX 4245|SBC9 1058|LSPM J1821+7243|ASCC   49345|USNO-B1.0 1627-00135815|* chi Dra A|* chi Dra|*  44 Dra|1RXS J182103.0+724342|2E 1822.0+7242|2E  4068|AG+72  496|BD+72   839|CCDM J18211+7245A|CSI+72   839  1|Ci 20 1087|FK5  695|GAT  106|GC 25122|GCRV 10880|GEN# +1.00170153|HD 170153|HIC  89937|HR  6927|IDS 18229+7241 A|IRC +70144|JP11  2982|LFT 1413|LHS  3379|LTT 15438|N30 4088|NLTT 46426|NSV 10749|PMC 90-93   494|PPM   9830|RAFGL 2144S|ROT  2608|RX J1821.0+7243|SAO   9087|SBC7   686|SKY# 33473|TD1 22471|UBV   15693|UBV M  22972|USNO 878|2MASS J18210342+7243582|TYC 4437-1491-1|WDS J18211+7244Aa,Ab|Zkh 274|AKARI-IRC-V1 J1821042+724356|IRAS 18220+7242|WDS J18211+7244A|** LAB    5|** BUP  182A|* chi Dra B|[TSA98] J182101.59+724357.01|WISEA J182104.61+724354.5|WEB 15359|Gaia DR2 2266693630693473024"
"HIP 89962","* eta Ser",275.3275020516146,-2.8988279698980564,"PM*","K0III-IV",52.4413,0.2036,-548.903,-700.854,9.38,3.25,"TIC 168775356|GJ 711|HIP 89962|Gaia DR3 4269932382607207040|PLX 4215|FK5  688|*  58 Ser|* eta Ser|BD-02  4599|BDS  8498 A|CCDM J18214-0253A|CSI-02  4599  1|Ci 20 1084|GC 25046|GCRV 10825|GEN# +1.00168723|HD 168723|HIC  89962|HR  6869|IDS 18161-0255 A|IRAS 18186-0255|IRC +00347|JP11  2962|CNS5 4540|LFT 1409|LHS  3381|LPM 673|LTT  7300|N30 4076|NLTT 46332|NSV 10675|PPM 201654|RAFGL 2134|ROT  2590|SAO 142241|SKY# 33484|SPOCS  793|TD1 22219|TYC 5102-416-1|UBV   15609|UBV M  22864|USNO 879|YZ  92  6140|[B10]  4638|2MASS J18211862-0253554|PLX 4215.00|WDS J18213-0254A|WEB 15365|Gaia DR2 4269932382606282112"
"HIP 9007","* chi Eri",28.989415693558758,-51.60887759053111,"PM*","G8IIIbCNIV",56.8508,0.1628,680.11,294.318,-6.3,3.71,"TIC 229158436|GJ 81|HIP 9007|Gaia DR3 4937200425857908992|** HJ 3473A|PLX  405|* chi Eri|2RE J0155-513|2RE J015555-513639|CCDM J01560-5137A|CD-52   394|CPC 19   605|CPD-52   241|CSI-52   241 41|Ci 20  134|FK5   68|GC  2339|GCRV  1076|GSC 08047-01321|HD  11937|HIC   9007|HR   566|IDS 01521-5206 A|JP11   556|LFT  169|LHS  1314|LTT  1031|N30  399|NLTT  6502|NSV   671|CNS5 500|PM 01540-5151|PPM 331456|RBS   257|SACS  39|SAO 232573|SKY#  2835|TD1  1117|TYC 8047-1321-1|UBV    1961|[TDQ2000] ERX 15|1ES 0154-51.8|1RXS J015557.3-513634|2EUVE J0155-51.6|EUVE J0155-51.6|2MASS J01555745-5136319|WDS J01560-5137A|AKARI-IRC-V1 J0155581-513630|IRAS 01540-5151|uvby98 100011937|WEB  1891|CSI-52   241 42|GEN# +1.00011937|Gaia DR2 4937200425855463936"
"HIP 90098","* ksi Pav",275.80682218129,-61.49391192172,"SB*","K4III",4.4041,0.8898,-1.775,8.96,12.2,4.367,"TIC 365897786|HIP 90098|Gaia DR3 6634378296431076864|PLX 4202.2|SBC9 1042|* ksi Pav|AAVSO 1814-61|CPC 20.1  5548|CPD-61  6140|FK5  686|GC 25045|GCRV 10823|GSC 09068-02823|HD 168339|HIC  90098|HR  6855|IRAS 18186-6131|N30 4075|NSV 10673|PPM 363303|SACS 402|SAO 254226|SBC7   673|SKY# 33551|TD1 22148|TYC 9068-2823-1|UBV   15588|[DS98] 259|2MASS J18231360-6129378|** GLE    2A|CCDM J18232-6130A|GEN# +1.00168339|IDS 18140-6132 A|WDS J18232-6130A|WEB 15401|Gaia DR2 6634378296429537920"
"HIP 90185","* eps Sgr",276.0429933505963,-34.38461648586744,"PM*","B9IVp_lB?",22.76,0.24,-39.42,-124.2,-15.0,1.81,"TIC 66389641|** GOL    2A|WDS J18242-3423A|WISE J182410.41-342310.0|UCAC4 279-185534|HIP 90185|PLX 4222|* eps Sgr|*  20 Sgr|2E  4062|CCDM J18242-3423A|CD-34 12784|CPC 17  9906|CSI-34 12784 21|FK5  689|GC 25100|GCRV 10865|GEN# +1.00169022|GSC 07401-03471|HD 169022|HIC  90185|HR  6879|IDS 18175-3427 A|JP11  2965|N30 4084|NAME Kaus Australis|PMC 90-93   491|PPM 297655|SAO 210091|SKY# 33590|SRS  30689|TYC 7401-3471-1|UBV M  22887|UBV   15626|[SC95] M 591|[SC96] GC 585|[SC96] Mis 1335|uvby98 100169022|ALS 15808|PLX 4222.00|2E 1820.8-3424|EUVE J1824-34.3|IRAS 18208-3424|** SEE  351A|1RXS J182410.8-342259|2MASS J18241032-3423046|WEB 15421"
"HIP 90422","* alf Tel",276.74340176679584,-45.968457754716674,"PM*","B3IV",11.6696,0.4046,-17.31,-53.512,-0.2,3.463,"TIC 90482097|Gaia DR3 6709267613942522496|HIP 90422|* alf Tel|CD-46 12379|CPC  0 17387|CPD-46  9308|FK5  691|GC 25154|GCRV 10902|GEN# +1.00169467|GSC 08359-03650|HD 169467|HIC  90422|HR  6897|JP11  2973|N30 4091|PPM 324099|ROT  2601|SACS 404|SAO 229023|SKY# 33698|TD1 22349|TYC 8359-3650-1|UBV   15652|UBV M  22923|[B10]  4657|uvby98 100169467|2MASS J18265842-4558064|ALS 15057|IRAS 18232-4559|Renson 47480|AKARI-IRC-V1 J1826584-455806|WEB 15484|Gaia DR2 6709267613951019904"
"HIP 90496","* lam Sgr",276.99266966041665,-25.421698496944444,"PM*","K1IIIb",42.9198,0.2128,-46.152,-185.067,-43.2,2.81,"TIC 53376588|GJ 713.1|GJ 9627|HIP 90496|PLX 4239|* lam Sgr|*  22 Sgr|CD-25 13149|CPD-25  6523|FK5  692|GC 25180|GCRV 10927|GEN# +1.00169916|GSC 06861-03180|HD 169916|HIC  90496|CNS5 4564|HR  6913|IRAS 18248-2527|IRC -30386|JP11  2976|N30 4095|PMC 90-93   493|PPM 268438|RAFGL 2163|SAO 186841|SKY# 33733|SRS  30692|TD1 22433|TYC 6861-3180-1|UBV M  22949|UBV   15677|YZ 115 12791|[SC95] M 633|[SC96] Mis 1384|2MASS J18275824-2525175|PLX 4239.00|** WFC  208A|WDS J18280-2525A|NAME Kaus Borealis|WEB 15500|Gaia DR2 4076915349748285952|Gaia DR3 4076915349846977664|UCAC4 323-177237|WISE J182758.15-252520.1"
"HIP 90568","* zet Tel",277.20774737590614,-49.07058832071611,"PM*","K1III-IV",26.6984,0.1406,139.344,-229.884,-29.75,4.11,"TIC 324497887|Gaia DR3 6704767209778958976|WISE J182850.05-490418.1|HIP 90568|PLX 4235|* zet Tel|CD-49 12153|CPC  0 17411|CPD-49 10594|GC 25183|GCRV 10928|GEN# +1.00169767|HD 169767|HIC  90568|HR  6905|IRAS 18249-4906|LTT  7332|NLTT 46509|PPM 324133|SAO 229047|SKY# 33774|TD1 22403|UBV   15666|UBV M  22941|2MASS J18284989-4904141|PLX 4235.00|TYC 8367-2755-1|WEB 15509|Gaia DR2 6704767209777054592"
"HIP 90595","* gam Sct",277.29937738049796,-14.565802914842225,"*","A1IV/V",10.3621,0.1378,7.788,-9.363,-33.78,4.675,"TIC 432437939|Gaia DR3 4104122833743954304|HIP 90595|PLX 4246|FK5  696|* gam Sct|BD-14  5071|GC 25220|GCRV 10944|GEN# +1.00170296|GSC 05702-02882|HD 170296|HIC  90595|HR  6930|JP11  2984|N30 4102|PMC 90-93   495|PPM 234600|ROT  2609|SACS 405|SAO 161520|SKY# 33786|TD1 22498|TYC 5702-2882-1|UBV   15703|UBV M  22985|YZ 104  6778|uvby98 100170296|2MASS J18291185-1433567|PLX 4246.00|WEB 15512|Gaia DR2 4104122833743954304"
"HIP 90887","HD 170642",278.0888794852267,-39.70400076634167,"*","A3V",14.5721,0.14,32.168,-37.605,-6.0,5.155,"TIC 313477209|HIP 90887|Gaia DR3 6723805631578978816|PLX 4255|CD-39 12696|CPC 18  9540|CPD-39  8114|GC 25285|GCRV 10988|GEN# +1.00170642|HD 170642|HIC  90887|HR  6942|PPM 297850|ROT  2614|SAO 210277|SKY# 33926|TD1 22574|TYC 7906-1557-1|UBV   15732|uvby98 100170642|2MASS J18322132-3942144|PLX 4255.00|WEB 15586|Gaia DR2 6723805631578978816"
"HIP 91117","* alf Sct",278.8017798215825,-8.24407051095861,"PM*","K3III",17.6952,0.1911,-18.006,-313.989,36.5,3.83,"TIC 218949457|HIP 91117|Gaia DR3 4156500578347841408|PLX 4275|* alf Sct|BD-08  4638|EIC   681|FK5 1482|GC 25385|GCRV 11039|GEN# +1.00171443|HD 171443|HERZ  2192|HIC  91117|HR  6973|IRAS 18324-0817|IRC -10438|JP11  2990|LTT  7377|N30 4129|NLTT 46679|NSV 11056|PMC 90-93  1050|PPM 201884|RAFGL 2197|ROT  2623|SAO 142408|SKY# 34033|TD1 22733|UBV   15798|UBV M  23071|USNO 881|YZ  98  6228|2MASS J18351242-0814383|PLX 4275.00|TYC 5691-1338-1|WEB 15639|Gaia DR2 4156500578346184320|*   1 Aql"
"HIP 91262","* alf Lyr",279.234734787025,38.783688956244,"dS*","A0V",130.23,0.36,200.94,286.23,-13.5,0.03,"TIC 157587146|GJ 721|GJ 721.0|HIP 91262|PLX 4293|LSPM J1836+3847|ASCC  507896|2MASS J18365633+3847012|USNO-B1.0 1287-00305764|* alf Lyr|*   3 Lyr|8pc 128.93|ADS 11510 A|AG+38 1711|BD+38  3238|CCDM J18369+3847A|CEL   4636|CSI+38  3238  1|CSV 101745|FK5  699|GC 25466|GCRV 11085|GEN# +1.00172167|HD 172167|HGAM    706|HIC  91262|HR  7001|IDS 18336+3841 A|TIC 471012017|IRAS 18352+3844|IRC +40322|JP11  2999|CNS5 4607|LTT 15486|N30 4138|NAME Vega|NLTT 46746|NSV 11128|PMC 90-93   496|PPM  81558|RAFGL 2208|ROT  2633|SAO  67174|SKY# 34103|TD1 22883|UBV   15842|UBV M  23118|USNO 882|V* alf Lyr|Zkh 277|[HFE83] 1223|PLX 4293.00|1E 183515+3844.3|EUVE J1836+38.7|WDS J18369+3846A|TYC 3105-2070-1|GAT 1285|JCMTSF J183656.4+384709|JCMTSE J183656.4+384709|IRAS F18352+3844|AKARI-IRC-V1 J1836564+384703|WISE J183656.49+384703.9|EQ 183456.7+384615.4|uvby98 100172167|WEB 15681"
"HIP 91792","* zet Pav",280.75890139645867,-71.42811561050279,"PM*","K0III",15.1495,0.1135,1.186,-158.496,-16.3,4.003,"TIC 292333585|Gaia DR3 6419476755916988032|HIP 91792|PLX 4280|* zet Pav|AAVSO 1831-71|CCDM J18430-7125A|CPC 21.1  3624|CPD-71  2353|CSI-71  2353 41|FK5  698|GC 25522|GCRV 11112|GEN# +1.00171759|GSC 09299-02361|HD 171759|HIC  91792|HR  6982|IDS 18314-7131 A|IRAS 18372-7128|N30 4143|PPM 373937|ROT  7541|SAO 257620|SKY# 34359|TD1 22790|TYC 9299-2361-1|UBV   15819|UBV M  23087|2MASS J18430213-7125413|PLX 4280.00|WDS J18430-7126A|WEB 15794|Gaia DR2 6419476755915457792"
"HIP 91875","* lam CrA",280.9455916034,-38.32344189614,"PM*","A0/1V",15.9521,0.1585,0.637,-53.975,-36.26,5.111,"TIC 253584426|HIP 91875|Gaia DR3 6730089817255923072|PLX 4313|* lam CrA|CCDM J18438-3819A|CD-38 13036|CPC 18  9668|CPD-38  7574|CSI-38 13036 22|GC 25599|GCRV 11152|GEN# +1.00172777A|GSC 07915-01673|HD 172777|HIC  91875|HR  7021|IDS 18369-3825 A|N30 4149|PPM 298084|ROT  2641|SAO 210501|SKY# 34391|TD1 22991|TYC 7915-1673-1|UBV   15892|uvby98 100172777 A|2MASS J18434694-3819245|PLX 4313.00|WDS J18438-3819A|WEB 15816|Gaia DR2 6730089817255923072"
"HIP 91971","* zet01 Lyr",281.19315450619,37.60512165338167,"SB*","kA5hF0VmF3",20.6632,0.1296,25.347,19.824,-24.9,4.36,"TIC 336130142|Gaia DR3 2096875399817444736|HIP 91971|PLX 4327|SBC9 1079|*   6 Lyr|* zet01 Lyr|AG+37 1687|BD+37  3222|CCDM J18448+3736A|CEL   4648|CSI+37  3222  1|CSV 101763|GC 25676|GCRV 11203|GEN# +1.00173648|GSC 03118-02080|HD 173648|HIC  91971|HR  7056|IDS 18413+3730 A|IRAS 18430+3733|JP11  3014|PPM  81740|ROT  2658|SAO  67321|SBC7   701|2E 1843.0+3733|2E  4127|1RXS J184446.1+373620|2MASS J18444635+3736182|Gaia DR2 2096875399811529472|SKY# 34429|TD1 23146|TYC 3118-2080-1|UBV   15954|UBV M  23202|uvby98 100173648|WDS J18448+3736A|ADS 11639 A|Renson 48650|PMSC 18413+3730A|PMSC 18413+3730Aab|WEB 15841"
"HIP 92041","* phi Sgr",281.41412309412124,-26.99078264511139,"PM*","B8III",12.1552,0.5888,49.919,-0.09,21.5,3.14,"TIC 465950458|Gaia DR3 4072953671943400832|HIP 92041|* phi Sgr|*  27 Sgr|CD-27 13170|CPD-27  6511|FK5 1487|GC 25661|GCRV 11190|GEN# +1.00173300|GSC 06867-02428|HD 173300|HIC  92041|HR  7039|IRAS 18425-2702|JP11  3012|N30 4158|PMC 90-93  1055|PPM 268859|ROT  2647|SACS 411|SAO 187239|SKY# 34468|SRS  31487|TD1 23085|TYC 6867-2428-1|UBV   15933|UBV M  23182|YZ 117 12211|[B10]  4739|[SC95] M 736|[SC96] Mis 1495|uvby98 100173300|2MASS J18453939-2659268|ALS 15810|WEB 15861|Gaia DR2 4072953671935145728"
"HIP 92175","* bet Sct",281.79364256535,-4.74787304458,"SB*","G4IIa",4.8549,0.3403,-7.972,-16.398,-21.3,4.22,"TIC 226141978|HIP 92175|Gaia DR3 4255143126653060352|PLX 4332|SBC9 1081|* bet Sct|BD-04  4582|FK5 1489|GC 25730|GCRV 11226|GEN# +1.00173764|GSC 05122-01426|HD 173764|HIC  92175|HR  7063|IRAS 18445-0448|IRC +00376|JP11  3022|MSX6C G028.2206-01.2170|N30 4167|PPM 202135|RAFGL 2248|ROT  2662|SACS 412|SAO 142618|SBC7   702|SKY# 34532|TD1 23172|THA 14-12|TYC 5122-1426-1|UBV   15973|UBV M  23218|YZ  94  6310|uvby98 100173764|2MASS J18471047-0444524|PLX 4332.00|WEB 15894|Gaia DR2 4255143126619174528|*   6 Aql"
"HIP 92202","V* R Sct",281.87062457251,-5.7051507255,"RV*","K4/5pec",2.5351,0.0871,-44.4,-32.212,34.38,5.2,"TIC 226172722|GES J18472891-0542189|HIP 92202|Gaia DR3 4253353396643672448|PLX 4334|AAVSO 1842-05|BD-05  4760|GC 25735|GCRV 11230|GEN# +1.00173819|GSC 05126-00503|HD 173819|HIC  92202|HR  7066|IRAS 18448-0545|IRC -10461|JP11  3024|MSX6C G027.4030-01.7220|PPM 202138|RAFGL 5296S|SAO 142620|SKY# 34542|THA 14-13|TYC 5126-503-1|UBV   21620|V* R Sct|YZ  95  6338|YZ   0  4046|[LFO93] 1844-05|2MASS J18472894-0542185|PLX 4334.00|UCAC3 169-207503|RAVE J184729.0-054219|uvby98 100173819|WEB 15903|Gaia DR2 4253353396624118656"
"HIP 9236","* alf Hyi",29.69224409758834,-61.56982215319751,"PM*","F0IV",51.5547,0.8303,289.561,18.43,18.02,2.84,"TIC 355789476|Gaia DR3 4713424658275847168|GJ 83|HIP 9236|2MASS J01584623-6134113|PLX  415.1|2E   508|* alf Hyi|CD-62    71|CPC 20.1   382|CPD-62   162|FK5   72|GC  2405|GCRV  1099|GEN# +1.00012311|HD  12311|HIC   9236|HR   591|IRAS 01572-6148|JP11   572|LTT  1059|N30  409|NLTT  6670|CNS5 504|PPM 352685|ROT   283|SACS  40|SAO 248474|SKY#  2904|TD1  1161|UBV M   8601|UBV    2035|uvby98 100012311|PLX  415.10|1E 0157.2-6148|1RXS J015846.3-613410|2E 0157.2-6148|RX J015846.3-613410|TYC 8851-2027-1|WEB  1941|Gaia DR2 4713424658274227456"
"HIP 92420","* bet Lyr",282.51997976764824,33.36266676977778,"SB*","B8.5Ib-II",3.5982,0.1836,2.045,-3.685,2.2,3.42,"TIC 28569279|Gaia DR3 2090687795056051328|HIP 92420|PLX 4353|SBC9 1092|* bet Lyr|*  10 Lyr|2E  4146|AAVSO 1846+33|ADS 11745 A|AG+33 1690|BD+33  3223|CCDM J18501+3322A|CEL   4657|CSI+33  3223  1|EM* MWC  306|FK5  705|GC 25847|GCRV 11294|GEN# +1.00174638A|GSC 02642-02929|HD 174638|HIC  92420|HR  7106|IDS 18464+3315 A|IRC +30343|JP11  3029|N30 4183|PMC 90-93   500|PPM  81887|RAFGL 5305S|SAO  67452|SAO  67451|SBC7   710|SKY# 34642|SRS  30705|TYC 2642-2929-1|UBV   21442|UBV M  23269|V* bet Lyr|[HFE83] 1239|2MASS J18500479+3321455|ALS 19761|1RXS J185006.6+332123|2E 1848.2+3318|WDS J18501+3322Aa,Ab|Renson 48890|PMSC 18464+3314Aab|IRAS 18482+3318|NAME Sheliak|** STF 4039A|** BU  293A|** RBR   11|WDS J18501+3322A|RORF 1848+333|WEB 15967"
"HIP 92609","* lam Pav",283.0543076300271,-62.18759092175556,"Be*","B2Ve",2.9726,0.1811,-1.8,-13.359,9.0,4.207,"Gaia DR3 6631708338599353856|TIC 375232307|HIP 92609|[JE82]  993|[JE82]  992|SV* BV   787|* lam Pav|AAVSO 1843-62|CCDM J18522-6212A|CD-62  1254|CPC 20.1  5708|CPD-62  5983|CSI-62  5983 41|EM* MWC  963|FAUST 4333|FK5  704|GC 25823|GCRV 11280|GEN# +1.00173948|GSC 09074-02203|HD 173948|HIC  92609|HR  7074|Hen 3-1727|IDS 18430-6218 A|JP11  3027|N30 4177|PPM 363636|ROT  2667|SACS 416|SAO 254393|SKY# 34721|TD1 23206|TYC 9074-2203-1|UBV   15981|UBV M  23231|V* lam Pav|[B10]  4762|[DBA2001] FN178|2MASS J18521301-6211152|ALS 15062|WDS J18522-6211A|AKARI-IRC-V1 J1852130-621115|IRAS 18476-6214|uvby98 100173948|WEB 16019|Gaia DR2 6631708338599353856"
"HIP 92791","* del02 Lyr",283.6261778687371,36.89861990961611,"LP*","M4II",4.2352,0.2951,-6.598,1.953,-25.55,4.3,"TIC 237195876|* del Lyr|HIP 92791|Gaia DR3 2093931938472201600|PLX 4385|* del02 Lyr|*  12 Lyr|AAVSO 1851+36|AG+36 1715|BD+36  3319|CSI+36  3319  1|DO 17176|GC 25959|GCRV 11369|GEN# +1.00175588|HD 175588|HIC  92791|HR  7139|IRAS 18527+3650|IRC +40331|JP11  3041|PPM  82016|RAFGL 2278|SAO  67559|SKY# 34818|UBV   16075|UBV M  23319|V* del02 Lyr|[B10]  4800|2MASS J18543027+3653551|PLX 4385.00|TYC 2651-2548-1|WEB 16059"
"HIP 92814","HD 175156",283.6796401973133,-15.603036856645835,"*","B3II",1.7668,0.1256,-2.136,-6.672,-2.8,5.086,"TIC 351985764|RAVE J185443.1-153611|HIP 92814|Gaia DR3 4100872505552406784|BD-15  5143|GC 25931|GCRV 11350|GEN# +1.00175156|GSC 06281-02005|HD 175156|HIC  92814|HR  7119|IRAS 18518-1540|PPM 235210|ROT  2678|SAO 161964|SKY# 34829|TD1 23442|TYC 6281-2005-1|YZ 105  6980|[B10]  4783|uvby98 100175156|2MASS J18544312-1536109|ALS 16735|Renson 49010|WEB 16060|Gaia DR2 4100872505552406784"
"HIP 92855","* sig Sgr",283.81636040649323,-26.29672411476388,"**","B2.5V",14.32,0.29,15.14,-53.43,-11.2,2.067,"TIC 91093307|UCAC4 319-206211|WISE J185515.72-261750.5|HIP 92855|* sig Sgr|*  34 Sgr|CCDM J18552-2618A|CD-26 13595|CPD-26  6590|FK5  706|GC 25941|GCRV 11359|GEN# +1.00175191|GSC 06868-01829|HD 175191|HIC  92855|HR  7121|IDS 18491-2625 A|IRAS 18521-2621|IRC -30396|JP11  3036|N30 4193|NAME Nunki|PMC 90-93   501|PPM 269078|ROT  2679|SAO 187448|SKY# 34848|SRS  30706|TD1 23447|TYC 6868-1829-1|UBV   16048|UBV M  23293|[B10]  4784|uvby98 100175191 A|2MASS J18551592-2617481|ALS 15063|PLX 4365.01|WDS J18553-2618Aa,Ab|WEB 16074|** BED    1|** SMY    4A|WDS J18553-2618A"
"HIP 92946","* tet01 Ser",284.05494665111996,4.20360613639,"PM*","A5V",24.2696,0.1753,46.474,31.313,-43.36,4.57,"TIC 227271980|WISEA J185613.26+041212.9|HIP 92946|Gaia DR3 4281199284413726208|PLX 4387|* tet01 Ser|*  63 Ser A|ADS 11853 A|AG+04 2420|BD+04  3916|CCDM J18563+0413A|CSI+04  3916  1|FK5  709|GC 25991|GCRV 11384|GEN# +1.00175638A|HD 175638|HIC  92946|HR  7141|IDS 18512+0404 A|N30 4197|PMC 90-93   503|PPM 166832|ROT  2686|SAO 124068|SKY# 34895|UBV   16083|YZ   4  6429|[GS83]  24|uvby98 100175638 A|2MASS J18561318+0412130|SSTGLMC G037.2178+00.8541|WDS J18562+0412A|TYC  457-687-1|AKARI-IRC-V1 J1856131+041213|WISE J185613.23+041213.1|WEB 16096|Gaia DR2 4281199284413726208"
"HIP 92953","HD 175219",284.07063020867,-42.71067309243,"*","K0III",10.3847,0.109,-27.046,-29.284,-20.39,5.346,"TIC 246801501|HIP 92953|Gaia DR3 6715334100633424256|PLX 4368|CD-42 13761|CPC  0 17803|CPD-42  8539|GC 25956|GCRV 11367|GEN# +1.00175219|GSC 07924-01192|HD 175219|HIC  92953|HR  7122|IRAS 18527-4246|PPM 324590|SAO 229383|SKY# 34898|TYC 7924-1192-1|UBV   16049|UBV M  23294|2MASS J18561695-4242384|PLX 4368.00|WEB 16098|Gaia DR2 6715334100633424256"
"HIP 92989","V* V686 CrA",284.16869138651,-37.34325035042,"a2*","B3V",6.8427,0.1921,8.747,-25.654,1.3,5.38,"TIC 113272022|HIP 92989|Gaia DR3 6730764715540788352|CD-37 12982|CPC 18  9795|CPD-37  8417|GC 25973|GCRV 11380|GEN# +1.00175362|GSC 07421-02297|HD 175362|HGAM   2065|HIC  92989|HR  7129|PPM 298348|ROT  2681|SAO 210734|SKY# 34919|TD1 23480|TYC 7421-2297-1|UBV M  23305|V* V686 CrA|[B10]  4792|2MASS J18564050-3720354|ALS 16372|Renson 49030|uvby98 100175362|WEB 16105|Gaia DR2 6730764715540788352"
"HIP 93015","* kap Pav",284.23762080635,-67.23349478091,"WV*","G5Iab/b",5.2451,0.1221,-8.186,16.042,39.28,4.4,"TIC 381987118|HIP 93015|Gaia DR3 6434564460631076864|PLX 4354|* kap Pav|AAVSO 1846-67|CD-67  2287|CPC 21  4411|CPD-67  3603|FK5 3505|GC 25930|GCRV 11348|GEN# +1.00174694|GSC 09082-01890|HD 174694|HIC  93015|HR  7107|IRAS 18517-6717|N30 4191|PPM 363676|SAO 254413|SKY# 34936|TD1 23350|TYC 9082-1890-1|V* kap Pav|2MASS J18565700-6714005|PLX 4354.00|uvby98 100174694|WEB 16107|Gaia DR2 6434564460626657536"
"HIP 93085","* ksi02 Sgr",284.4325007886946,-21.1066575942875,"*","G8/K0II/III",8.4092,0.1972,33.52,-13.552,-20.1,3.51,"TIC 442255852|HIP 93085|Gaia DR3 4084834822776246272|PLX 4393|*  37 Sgr|* ksi02 Sgr|BD-21  5201|FK5  710|GC 26019|GCRV 11399|GEN# +1.00175775|GSC 06294-02507|HD 175775|HIC  93085|HR  7150|IRC -20530|JP11  3046|N30 4202|PMC 90-93   504|PPM 269132|SAO 187504|SKY# 34970|SRS  30710|TYC 6294-2507-1|UBV   16093|UBV M  23341|YZ 111  8004|PLX 4393.00|2MASS J18574379-2106238|WEB 16125|Gaia DR2 4084834822776246272"
"HIP 93174","* eps CrA",284.68076131022,-37.10732798126,"SB*","F4VFe-0.8+",31.8084,0.1122,-131.234,-98.23,57.9,4.85,"TIC 254003502|HIP 93174|ISO-CrA   4|WISE J185843.27-370627.5|Gaia DR3 6730853810342681472|PLX 4394|SBC9 1106|* eps CrA|1AXG J185842-3705|CD-37 13001|CPC 18  9821|CPD-37  8433|FK5 3512|GC 26038|GCRV 11411|GEN# +1.00175813|GSC 07421-02296|HD 175813|HIC  93174|HR  7152|IRAS 18553-3710|N30 4207|PPM 298401|ROT  2690|SACS 420|SAO 210781|SBC7   721|SKY# 35013|TD1 23543|TYC 7421-2296-1|V* eps CrA|[P98c] R04|[WGL92] iras  3|PLX 4394.00|1E 1855.5-3710|1RXS J185843.5-370618|RX J1858.7-3706|2MASS J18584339-3706263|[PCB2011] CrA-62|uvby98 100175813|WEB 16142|Gaia DR2 6730853810342681472"
"HIP 93194","* gam Lyr",284.73592734438125,32.68955574065722,"*","B9.5II-III",4.9656,0.2366,-2.98,1.689,-31.2,3.25,"TIC 20780347|HIP 93194|Gaia DR3 2043823929421342848|WISE J185856.55+324122.3|PLX 4407|* gam Lyr|*  14 Lyr|ADS 11908 A|AG+32 1705|BD+32  3286|CCDM J18590+3242A|CEL   4678|CSI+32  3286  1|FK5  713|GC 26086|GCRV 11437|GEN# +1.00176437|HD 176437|HIC  93194|HR  7178|IDS 18552+3233 A|JP11  3059|N30 4214|NAME Sulafat|PMC 90-93   507|PPM  82139|ROT  2700|SAO  67663|SKY# 35023|TD1 23665|UBV   16130|UBV M  23384|uvby98 100176437|2MASS J18585663+3241222|ALS 15831|PLX 4407.00|WDS J18589+3241A|TYC 2643-3346-1|Renson 49230|IRAS 18570+3237|AKARI-IRC-V1 J1858566+324122|WEB 16153|Gaia DR2 2043823929419235328"
"HIP 93244","* eps Aql",284.90565157804997,15.06828104146,"SB*","K1-IIICN0.5",18.1821,0.3319,-51.062,-69.439,-45.9,4.02,"TIC 330496058|HIP 93244|Gaia DR3 4506929502678142336|PLX 4406|SBC9 1109|* eps Aql|*  13 Aql|AG+14 1954|BD+14  3736|CCDM J18596+1503A|CSI+14  3736  1|FK5  712|GC 26091|GCRV 11441|GEN# +1.00176411|GSC 01585-02531|HD 176411|HIC  93244|HR  7176|IDS 18551+1456 A|IRC +10392|JP11  3058|N30 4216|PMC 90-93   506|PPM 135586|ROT  2699|SAO 104318|SKY# 35047|SRS  30712|TD1 23660|TYC 1585-2531-1|UBV   16127|UBV M  23382|YZ   0  1750|YZ  14  6948|[B10]  4823|[L91b] 301|WDS J18596+1504A|2MASS J18593736+1504059|IRAS 18573+1459|** ENG   65A|WEB 16166|Gaia DR2 4506929502664775680"
"HIP 93506","* zet Sgr",285.6530426563352,-29.88006330096877,"**","A2.5Va",36.98,0.87,10.79,21.11,24.7,2.59,"TIC 30504485|GEN# +1.00176687|WISE J190236.60-295247.5|UCAC4 301-255103|HIP 93506|Gaia DR3 6760703042771435136|PLX 4415|*  38 Sgr|* zet Sgr|ADS 11950 AB|CCDM J19026-2953AB|CD-30 16575|CPC 17 10347|CPD-30  5798|GC 26161|GCRV 11482|GSC 06885-02837|HD 176687|HIC  93506|HR  7194|IDS 18562-3001 AB|IRAS 18594-2957|IRC -30399|JP11  3063|N30 4220|PPM 269230|ROT  2706|SAO 187600|SKY# 35179|SRS  44082|TD1 23703|TYC 6885-2837-1|UBV   16147|UBV M  23406|2MASS J19023670-2952484|WDS J19026-2953AB|** HDO  150|NAME Ascella|uvby98 100176687|WEB 16231"
"HIP 93542","* zet CrA",285.7786534732604,-42.09510566608805,"PM*","B9.5Vann",18.2019,0.1261,56.27,-45.68,-13.0,4.725,"TIC 143797704|WISEA J190306.94-420542.9|Gaia DR3 6715596505954270080|HIP 93542|PLX 4412|* zet CrA|CD-42 13855|CPC  0 17897|CPD-42  8575|FK5 3519|GC 26165|GCRV 11485|GEN# +1.00176638|GSC 07925-02795|HD 176638|HIC  93542|HR  7188|PPM 324720|SACS 421|SAO 229461|SKY# 35199|TD1 23694|TYC 7925-2795-1|UBV   16140|UBV M  23397|uvby98 100176638|2MASS J19030688-4205423|PLX 4412.00|AKARI-IRC-V1 J1903069-420542|IRAS 18596-4210|IRAS F18596-4210|WISE J190306.92-420542.7|WEB 16243|Gaia DR2 6715596505954270080"
"HIP 93683","* omi Sgr",286.17075850011827,-21.741495958675554,"PM*","G9IIIb",23.8121,0.1518,77.445,-58.46,26.1,3.77,"TIC 273116208|IDS 18587-2153 A|GJ 9641|HIP 93683|Gaia DR3 4081642115877635840|PLX 4426|* omi Sgr|*  39 Sgr|ADS 11996 A|BD-21  5237|CCDM J19047-2144A|CSI-21  5237  1|GC 26224|GCRV 11523|GEN# +1.00177241|GSC 06295-02492|HD 177241|HIC  93683|HR  7217|IRC -20536|JP11  3067|PMC 90-93  6586|PPM 269274|SAO 187643|SKY# 35270|TD1 23790|TYC 6295-2492-1|UBV   16166|UBV M  23448|YZ 111  8070|2MASS J19044099-2144294|PLX 4426.00|WDS J19047-2144A|IRAS 19016-2149|WEB 16278|Gaia DR2 4081642115872415232"
"HIP 93747","* zet Aql",286.35253339791666,13.86347728111111,"PM*","A0IV-Vnn",38.2329,0.3492,-6.575,-95.909,-25.0,2.99,"TIC 366347973|1RXS J190526.0+135136|* zet Aql A|GJ 4095|HIP 93747|Gaia DR3 4314399312979641728|PLX 4436|* zet Aql|*  17 Aql|AG+13 1887|BD+13  3899|FK5  716|GC 26270|GCRV 11547|GSC 01052-03027|HD 177724|HGAM    730|HIC  93747|HR  7235|IRC +10404|JP11  3072|N30 4228|PMC 90-93   509|PPM 135773|ROT  2719|SAO 104461|SKY# 35303|SRS  30716|TD1 23865|UBV   16191|UBV M  23478|PLX 4436.00|EUVE J1905+13.8|IRAS 19031+1347|AKARI-IRC-V1 J1905246+135148|2MASS J19052461+1351486|CSI+13  3899  1|** BU  287A|CCDM J19055+1352A|ADS 12026 A|IDS 19008+1343 A|WDS J19054+1352A|TYC 1052-3027-1|GEN# +1.00177724|uvby98 100177724|** POP 1225A|WEB 16294|Gaia DR2 4314399312929014656|NAME-IAU Okab"
"HIP 93805","* lam Aql",286.56224439258,-4.88256274593,"PM*","B8.5V",25.6409,0.4211,-19.12,-89.427,-8.8,3.43,"TIC 403817046|HIP 93805|Gaia DR3 4254395871029677952|PLX 4438|* lam Aql|*  16 Aql|BD-05  4876|CEL   4697|FK5  717|GC 26285|GCRV 11555|GEN# +1.00177756|GSC 05136-02357|HD 177756|HGAM    731|HIC  93805|HR  7236|IRAS 19035-0457|JP11  3073|N30 4230|PMC 90-93   510|PPM 202530|ROT  2720|SAO 143021|SKY# 35328|TD1 23873|1RXS J190615.8-045306|TYC 5136-2357-1|UBV   16194|UBV M  23483|[HFE83] 1257|uvby98 100177756|2MASS J19061494-0452571|PLX 4438.00|Renson 49540|WEB 16307|Gaia DR2 4254395870997284864"
"HIP 93825","* gam CrA",286.6046255931351,-37.06344170144111,"**","F8V+F8V",57.79,0.75,96.74,-281.71,-51.6,4.21,"TIC 254125171|HIP 93825|* gam CrA|CCDM J19064-3704AB|CD-37 13048|CPC 18  9905|CPD-37  8464|CSI-37 13048 21|GC 26263|HIC  93825|CNS5 4741|IDS 18597-3712 AB|LTT  7565|PPM 298559|SAO 210928|TD1 23826|UBV   16179|UBV   21682|1RXS J190624.9-370332|RX J1906.4-3703|WDS J19064-3704AB|2MASS J19062517-3703485|** HJ 5084|AKARI-IRC-V1 J1906252-370351|IRAS 19030-3708|uvby98 100177474|NLTT 47387"
"HIP 93864","* tau Sgr",286.73501297132,-27.67041563722,"PM*","K1.5IIIb",28.3195,0.3134,-53.001,-253.304,40.59,3.31,"TIC 465992580|GJ 9643|HIP 93864|Gaia DR3 6762701233364896000|PLX 4435|* tau Sgr|*  40 Sgr|CCABS 130|CD-27 13564|CPD-27  6617|FK5 1496|GC 26291|GCRV 11558|GEN# +1.00177716|HD 177716|HIC  93864|HR  7234|IRC -30401|JP11  3070|LTT  7571|N30 4232|NLTT 47402|PMC 90-93  1061|PPM 269319|SACS 422|SAO 187683|SKY# 35366|SRS  31496|TD1 23864|UBV   16190|UBV M  23477|YZ 117 12478|2MASS J19065640-2740133|PLX 4435.00|TYC 6881-1777-1|IRAS 19038-2744|RAFGL 2323|WEB 16322|Gaia DR2 6762701233353832064"
"HIP 94005","* del CrA",287.08737371518,-40.49669798013,"PM*","K1III",17.6582,0.246,47.391,-27.246,21.24,4.571,"TIC 254164435|HIP 94005|Gaia DR3 6717240825593666304|PLX 4442|* del CrA|CD-40 13061|CPC  0 17965|CPD-40  8782|GC 26322|GCRV 11578|GEN# +1.00177873|GSC 07921-02856|HD 177873|HIC  94005|HR  7242|IRAS 19048-4034|PPM 324808|SAO 229513|SKY# 35437|TD1 23889|TYC 7921-2856-1|UBV   16203|UBV M  23492|2MASS J19082096-4029479|PLX 4442.00|WEB 16360|Gaia DR2 6717240825593666304"
"HIP 94114","* alf CrA",287.3680896456666,-37.90447440014084,"PM*","A2Va",27.0884,0.3566,84.65,-96.511,-36.23,4.087,"TIC 254181386|Gaia DR3 6718857073327910144|HIP 94114|PLX 4450|* alf CrA|CD-38 13350|CPC 18  9935|CPD-38  7723|FK5  718|GC 26360|GCRV 11599|GEN# +1.00178253|GSC 07917-02653|HD 178253|HIC  94114|HR  7254|IRAS 19060-3759|JP11  3076|N30 4239|PPM 298624|ROT  2729|SACS 423|SAO 210990|SKY# 35488|SRS  30718|TD1 23949|TYC 7917-2653-1|UBV   16222|UBV M  23515|uvby98 100178253|2MASS J19092834-3754157|PLX 4450.00|WEB 16389|Gaia DR2 6718857073326780672|NAME-IAU Meridiana"
"HIP 94160","* bet CrA",287.5073196896108,-39.3407926854625,"*","K0II/IIICNIb",5.8645,0.4135,4.257,-38.243,2.7,4.095,"TIC 254197656|HIP 94160|Gaia DR3 6717964750922730624|PLX 4455|* bet CrA|CD-39 13146|CPC 18  9942|CPD-39  8327|GC 26380|GCRV 11608|GEN# +1.00178345|GSC 07918-01524|HD 178345|HIC  94160|HR  7259|IRAS 19065-3925|JP11  3077|PPM 298639|SAO 211005|SKY# 35508|TD1 23965|TYC 7918-1524-1|UBV   16228|UBV M  23520|2MASS J19100176-3920270|PLX 4455.00|WEB 16403|Gaia DR2 6717964750921304960"
"HIP 94376","* del Dra",288.1387557204383,67.66153865705445,"PM*","G9III",33.3499,0.1567,94.599,92.374,24.818,3.07,"TIC 258873063|Gaia DR3 2255173119658513408|HIP 94376|PLX 4495|* del Dra|*  57 Dra|AG+67  836|BD+67  1129|CCDM J19126+6740A|CSI+67  1129  1|FK5  723|GC 26520|GCRV 11694|GEN# +1.00180711|GSC 04444-02239|HD 180711|HIC  94376|HR  7310|IDS 19125+6729 A|IRAS 19125+6734|IRC +70150|JP11  3086|N30 4261|PMC 90-93   513|PPM  21358|RAFGL 2348|ROT  2757|SAO  18222|SKY# 35612|TD1 24318|TYC 4444-2239-1|UBV   16319|UBV M  23638|[HFE83] 1269|2MASS J19123328+6739415|PLX 4495.00|WDS J19126+6740A|NAME Altais|WEB 16446|Gaia DR2 2255173119656110336"
"HIP 94648","* tau Dra",288.88743875065,73.35552175418,"PM*","K2+IIIbCN1",21.6734,0.3044,-129.43,93.738,-26.75,4.45,"TIC 394130313|HIP 94648|Gaia DR3 2265035532800158848|PLX 4533|LSPM J1915+7321|ASCC   52090|USNO-B1.0 1633-00110084|* tau Dra|*  60 Dra|AG+73  520|BD+73   857|FK5  729|GC 26638|GCRV 11774|GEN# +1.00181984|GSC 04456-02107|HD 181984|HIC  94648|HR  7352|IRAS 19165+7315|IRC +70153|JP11  3096|N30 4276|NLTT 47654|NSV 11898|PMC 90-93   518|PPM  10127|RAFGL 2364S|ROT  2782|SAO   9366|SKY# 35740|TD1 24530|TYC 4456-2107-1|UBV   16398|UBV M  23713|[B10]  4940|[HFE83] 1279|2MASS J19153299+7321195|PLX 4533.00|WEB 16501|Gaia DR2 2265035532799409152"
"HIP 94779","* kap Cyg",289.27570134506874,53.36845827781306,"PM*","G9III",26.4853,0.1081,59.476,123.003,-29.36,3.76,"TIC 299214508|Gaia DR3 2139664063041544576|HIP 94779|PLX 4513|* kap Cyg|*   1 Cyg|AG+53 1212|BD+53  2216|FK5  726|GC 26621|GCRV 11756|GEN# +1.00181276|HD 181276|HIC  94779|HR  7328|IRAS 19159+5316|IRC +50291|JP11  3092|N30 4274|NSV 11886|PMC 90-93   516|PPM  37265|RAFGL 5360S|ROT  2768|SAO  31537|SKY# 35797|TD1 24407|UBV   16343|UBV M  23669|YZ  53  5950|uvby98 100181276|2MASS J19170616+5322066|PLX 4513.00|TYC 3920-1971-1|WEB 16539|Gaia DR2 2139664063038300288"
"HIP 94820","* d Sgr",289.4086630645,-18.9529062457,"*","G8II-III",6.7773,0.1191,-10.417,-10.913,15.2,4.878,"TIC 11450686|HIP 94820|Gaia DR3 4084276442652198400|PLX 4490|* d Sgr|*  43 Sgr|BD-19  5379|FK5  722|GC 26589|GCRV 11742|GEN# +1.00180540|GSC 06304-00334|HD 180540|HIC  94820|HR  7304|IRAS 19147-1902|IRC -20550|N30 4269|PMC 90-93   512|PPM 235771|ROT  2752|SAO 162413|SKY# 35816|TYC 6304-334-1|YZ 109  8206|uvby98 100180540|2MASS J19173809-1857104|PLX 4490.00|WEB 16547|Gaia DR2 4084276442652198400"
"HIP 9487","* alf Psc",30.511748813375274,2.763761377219602,"a2*","kA0hA7Sr+kA2hF2mF2(IV)",21.66,1.06,32.45,0.04,7.5,,"TIC 422692360|WISEA J020202.80+024549.7|IDS 02020+0246 AB|HIP 9487|WDS J02020+0246AB|* alf Psc|AAVSO 0156+02|ADS  1615 AB|BD+02   317|CCDM J02020+0246AB|CSI+02   317  3|HIC   9487|IDS 01569+0217 AB|JP11   577|NSV   705|TD1  1179|UBV    2056|UBV M   8620|V* alf Psc|** STF  202|PMSC 01569+0217|AKARI-IRC-V1 J0202028+024549|IRAS 01594+0231|WISE J020202.81+024549.5|IRAS F01594+0231|2MASS J02020277+0245495|NAME Alrescha|uvby98 100012447|GEN# +1.00012447"
"HIP 95168","* rho01 Sgr",290.4181660991359,-17.847198585185275,"dS*","A9IV",25.0011,0.2449,-26.658,21.579,1.2,3.93,"TIC 334177803|Gaia DR3 4084474835781915392|GJ 4107|HIP 95168|PLX 4525|* rho01 Sgr|*  44 Sgr|BD-18  5322|GC 26694|GCRV 11807|GEN# +1.00181577|GSC 06301-02457|HD 181577|HIC  95168|HR  7340|IRAS 19187-1756|JP11  3093|PPM 235882|ROT  2776|SAO 162512|SKY# 35995|TD1 24467|TYC 6301-2457-1|UBV   16368|UBV M  23690|V* rho01 Sgr|YZ   0  6379|YZ 107  7230|2MASS J19214037-1750499|PLX 4525.00|uvby98 100181577|WEB 16624|Gaia DR2 4084474835780332288"
"HIP 95294","* bet02 Sgr",290.80473985061576,-44.79977880009028,"PM*","F2/3V",23.3612,0.2744,93.218,-53.775,13.66,4.27,"TIC 62184739|HIP 95294|Gaia DR3 6664407333374099968|PLX 4528|* bet02 Sgr|CD-45 13171|CPC  0 18135|CPD-45  9701|GC 26718|GCRV 11819|GEN# +1.00181623|GSC 07943-02106|HD 181623|HIC  95294|HR  7343|NAME Arkab Posterior|PPM 325051|ROT  2778|SAO 229654|SKY# 36053|TD1 24474|TYC 7943-2106-1|UBV   16371|UBV M  23695|uvby98 100181623|2MASS J19231312-4447591|PLX 4528.00|AKARI-IRC-V1 J1923132-444759|IRAS 19195-4453|WEB 16651|Gaia DR2 6664407333373349376"
"HIP 95347","* alf Sgr",290.97156416063837,-40.615937202693054,"PM*","B8V",18.1088,0.289,31.79,-120.087,-0.7,3.943,"TIC 98423184|Gaia DR3 6713727061309245952|HIP 95347|* alf Sgr|CD-40 13245|CPC  0 18143|CPD-40  8955|FK5  728|GC 26737|GCRV 11828|GEN# +1.00181869|GSC 07935-02139|HD 181869|HIC  95347|HR  7348|N30 4293|NAME Rukbat|PPM 325060|ROT  2780|SAO 229659|SKY# 36082|TD1 24515|TYC 7935-2139-1|UBV   16392|UBV M  23709|[B10]  4936|uvby98 100181869|ALS 16856|RX J1923.8-4036|IRAS 19204-4042|IRAS F19204-4042|AKARI-IRC-V1 J1923531-403658|1RXS J192354.0-403653|2MASS J19235315-4036571|WEB 16665|Gaia DR2 6713727061308648704"
"HIP 95501","* del Aql",291.3745891389376,3.114779474957126,"**","F1IV-V(n)",64.41,1.0,254.54,82.51,-36.59,3.36,"TIC 228896480|UCAC4 466-102721|WISE J192530.07+030654.8|Gaia DR2 4289041379334773888|GJ 760|HIP 95501|Gaia DR3 4289041379340453376|PLX 4542|LSPM J1925+0306|TYC  469-6227-1|ASCC 1160894|USNO-B1.0 0931-00563946|* del Aql|*  30 Aql|AG+03 2453|BD+02  3879|CSI+02  3879  1|CSV 101835|FK5  730|GC 26816|GCRV 11863|GEN# +1.00182640|HD 182640|HIC  95501|HR  7377|IRC +00429|CNS5 4820|JP11  3101|LTT 15672|N30 4301|NLTT 47775|NSV 12004|PMC 90-93   519|PPM 167816|ROT  2793|SAO 124603|SKY# 36154|SV* SVS    46|TD1 24638|UBV   16450|UBV M  23752|[HFE83] 1289|2MASS J19252990+0306532|2EUVE J1925+03.1|EUVE J1925+03.1|1RXS J192530.0+030640|Renson 50510|AKARI-IRC-V1 J1925300+030653|IRAS 19229+0300|WDS J19255+0307Aa,Ab|** BNU    6|WEB 16698"
"HIP 95771","* alf Vul",292.176374672262,24.664905852074995,"PM*","M0.5IIIb",11.2238,0.1129,-126.197,-106.865,-85.391,4.45,"TIC 112022245|Gaia DR3 2022881668925464320|HIP 95771|PLX 4557|LSPM J1928+2439|ASCC  802829|USNO-B1.0 1146-00381390|* alf Vul|*   6 Vul|AG+24 2033|BD+24  3759|BDS  9350 A|CCDM J19288+2442A|FK5 1508|GC 26904|GCRV 11909|GEN# +1.00183439|GSC 02129-02772|HD 183439|HIC  95771|HR  7405|IDS 19245+2427 A|IRAS 19266+2433|IRC +20407|JP11  3106|N30 4321|NSV 12069|PMC 90-93  1069|PPM 109083|RAFGL 2395|SAO  87261|SKY# 36269|SRS  31508|TYC 2129-2772-1|UBV M  23823|UBV   16539|YZ  24  7046|[DS98] 275|[HFE83] 1295|2MASS J19284233+2439536|PLX 4557.00|WDS J19287+2440A|** STF 4042A|NAME Anser|WEB 16759|Gaia DR2 2022881668933780096"
"HIP 95853","* iot Cyg",292.4264926137312,51.729777922052214,"PM*","A5V",26.6363,0.1689,20.804,127.895,-19.5,3.755,"TIC 424870548|Gaia DR3 2136270970154631168|HIP 95853|PLX 4570|* iot Cyg|*  10 Cyg|* iot02 Cyg|AG+51 1322|BD+51  2605|CEL   4776|FK5  733|GC 26947|GCRV 11936|GEN# +1.00184006|GSC 03555-02112|HD 184006|HIC  95853|HR  7420|IRAS 19284+5137|JP11  3110|N30 4326|PMC 90-93   522|PPM  37459|ROT  2809|SAO  31702|SKY# 36306|TD1 24876|TYC 3555-2112-1|UBV   16566|UBV M  23857|YZ  51  6043|uvby98 100184006|2MASS J19294236+5143472|PLX 4570.00|WEB 16783|Gaia DR2 2136270970157966464|KIC 12650049"
"HIP 95947","* bet01 Cyg",292.68031501400833,27.959673631221666,"**","K3II+B9.5V",8.9816,0.4474,4.915,-11.127,-24.7752,3.08,"TIC 112981566|WDS J19307+2758Aa,Ab|WDS J19307+2758Aa,Ad|** BNU   10|HIP 95947|Gaia DR3 2026116260337482112|WISE J193043.45+275736.9|AP J19304330+2757347|PLX 4567|* bet01 Cyg|*   6 Cyg A|* bet Cyg A|ADS 12540 A|AG+27 1969|BD+27  3410|FK5  732|GC 26953|GCRV 11939|GEN# +1.00183912|GSC 02133-02964|HIC  95947|HR  7417|IRAS 19286+2751|IRC +30370|JP11  3109|N30 4327|NAME Albereo|NAME Albireo|NSV 12105|PMC 90-93   521|PPM 109139|RAFGL 2406|ROT  2806|SAO  87301|SKY# 36344|SRS  30732|UBV   16562|YZ  27 10049|2MASS J19304330+2757347|WDS J19307+2758Aa,Ac|CCDM J19307+2758AC|** MCA   55|PMSC 19267+2744Aab|WDS J19307+2758A|** STF 4043A|Gaia DR2 2026116260302988160|WEB 16802"
"HIP 9640","* gam01 And",30.97480120653972,42.32972842352701,"*","K2+IIb",8.3,1.04,42.32,-49.3,-11.5,2.1,"TIC 292057658|HIC   9640|HIP 9640|AG+42  213|* gam And|BD+41   395|IRC +40034|JP11   581|RAFGL  294|IRAS 02008+4205|2MASS J02035397+4219471|NAME Almach|GEN# +1.00012533|PLX  424|* gam And A|*  57 And A|* gam01 And|ADS  1630 A|CCDM J02039+4220A|CSI+41   395  2|FK5   73|GC  2477|GCRV  1133|GEN# +1.00012533A|HD  12533|HR   603|IDS 01578+4151 A|N30  426|PMC 90-93    51|ROT   289|SAO  37734|SKY#  3037|UBV M   8633|WDS J02039+4220A|TYC 2837-2311-1|PMSC 01578+4151A|CSI+41   395  1|WEB  2024|** STF  205A"
"HIP 96406","* h01 Sgr",294.00688955334,-24.71908064485,"dS*","A1mA2-F0",12.3195,0.0516,6.459,-26.154,-30.5,5.64,"TIC 325862858|HIP 96406|Gaia DR3 6767920580693895808|PLX 4586|SBC9 1163|* h01 Sgr|V* V5548 Sgr|NSV 12183|*  51 Sgr|CD-24 15442|CPD-24  6764|CSV 101860|GC 27067|GCRV 11987|GEN# +1.00184552|GSC 06893-02131|HD 184552|HIC  96406|HR  7431|JP11  3116|PPM 270015|ROT  2814|SAO 188326|SBC7   757|SKY# 36566|SRS  15595|TD1 24965|TYC 6893-2131-1|UBV   16600|UBV M  23890|YZ 114 13644|uvby98 100184552|2MASS J19360166-2443087|SV* ZI  1738|PLX 4586.00|Renson 50920|WEB 16908|Gaia DR2 6767920580693895808"
"HIP 96757","* alf Sge",295.02413054827,18.01389072819,"*","G1II",7.6353,0.1109,15.076,-20.287,1.667,4.38,"TIC 377221903|WISEA J194005.82+180049.7|HIP 96757|Gaia DR3 1824277055360974720|PLX 4619|* alf Sge|*   5 Sge|ADS 12766 A|AG+17 2028|BD+17  4042|CCDM J19401+1801A|CSI+17  4042  1|GC 27215|GCRV 12054|GEN# +1.00185758|GSC 01606-02341|HD 185758|HIC  96757|HR  7479|IDS 19356+1747 A|IRC +20426|JP11  3125|PPM 136737|ROT  2828|SAO 105120|SKY# 36739|TD1 25199|TYC 1606-2341-1|UBV   16710|UBV M  24018|YZ  17  7607|[HFE83] 1310|uvby98 100185758|PLX 4619.00|WDS J19401+1801A|2MASS J19400578+1800500|** J  121A|NAME Sham|AKARI-IRC-V1 J1940057+180049|WISE J194005.81+180049.6|WEB 16974|Gaia DR2 1824277055360974720"
"HIP 96837","* bet Sge",295.26224564633,17.476042411220003,"*","G8IIIaCN0.5",7.3764,0.109,8.18,-33.113,-21.76,4.38,"TIC 74022950|HIP 96837|Gaia DR3 1823991938314881152|PLX 4624|* bet Sge|*   6 Sge|AG+17 2033|BD+17  4048|FK5 1513|GC 27236|GCRV 12067|GEN# +1.00185958|GSC 01606-02342|HD 185958|HIC  96837|HR  7488|IRC +20427|IRAS 19388+1721|JP11  3126|N30 4353|PMC 90-93  1074|PPM 136766|RAFGL 2434|ROT  2832|SAO 105133|SKY# 36778|SRS  31513|TD1 25241|TYC 1606-2342-1|UBV   16731|UBV M  24040|YZ  17  7616|[B10]  5027|uvby98 100185958|2MASS J19410294+1728338|PLX 4624.00|WEB 16997|Gaia DR2 1823991938300446336"
"HIP 97165","* del Cyg",296.24365384430797,45.13081463141527,"PM*","B9.5IV",21.1474,0.5223,41.87,47.298,-23.6,2.87,"TIC 272274040|HIP 97165|Gaia DR3 2079784488001577600|PLX 4647|* del Cyg|*  18 Cyg|1RXS J194459.0+450751|2E  4288|AG+45 1581|BD+44  3234|CEL   4834|CSI+44  3234  1|GC 27347|GCRV 12126|GSC 03557-02486|HD 186882|HGAM    788|HIC  97165|HR  7528|JP11  3132|IRC +50308|PPM  58782|ROT  2846|SAO  48796|IRAS 19434+4500|AKARI-IRC-V1 J1944585+450751|ADS 12880 A|CSI+44  3234  3|NSV 12381|WDS J19450+4508A|** STF 2579A|GEN# +1.00186882|CCDM J19450+4508A|SKY# 36919|TD1 25408|TYC 3557-2486-1|UBV   16830|ALS 16390|1E 1943.4+4501|2E 1943.4+4500|2MASS J19445845+4507507|uvby98 100186882|WEB 17060|Gaia DR2 2079784487999414656|KIC 8898414|NAME-IAU Fawaris"
"HIP 97278","* gam Aql",296.5649123092774,10.6132587226325,"*","K3II",5.5899,0.3884,16.233,-1.354,-2.693,2.72,"TIC 69413478|HIP 97278|Gaia DR3 4302054339959905920|WISE J194615.52+103648.5|PLX 4645|* gam Aql|*  50 Aql|AG+10 2518|BD+10  4043|CCDM J19462+1037A|CSI+10  4043  1|FK5  741|GC 27354|GCRV 12137|GEN# +1.00186791|GSC 01061-02577|HD 186791|HIC  97278|HR  7525|IDS 19415+1022 A|IRAS 19438+1029|IRC +10439|JP11  3130|N30 4372|NSV 24880|PMC 90-93   527|PPM 136931|RAFGL 2453|ROT  2845|SAO 105223|SKY# 36958|SRS  30741|TD1 25398|TYC 1061-2577-1|UBV M  24125|UBV   16822|YZ  10  7453|uvby98 100186791|2MASS J19461557+1036475|WDS J19463+1037D|NAME Tarazed|WEB 17087|Gaia DR2 4302054339950301696"
"HIP 97365","* del Sge",296.84693998883,18.534313571179997,"SB*","M2II+B0V",5.9674,0.2597,7.277,0.318,2.5,3.81,"TIC 386634500|HIP 97365|Gaia DR3 1824534959611831680|PLX 4658|SBC9 1174|* del Sge|*   7 Sge|AAVSO 1942+18|AG+18 1919|BD+18  4240|CCDM J19474+1832AB|CSV 101889|FK5  743|GC 27391|GCRV 12160|HIC  97365|HR  7536|IDS 19429+1817 AB|IRAS 19451+1824|IRC +20433|JP11  3135|N30 4375|PMC 90-93   528|PPM 136976|RAFGL 2456|SAO 105259|SBC7   766|SKY# 36991|SRS  30743|SV* P  5104|TD1 25442|UBV   16847|V* del Sge|VDB 127|YZ  18  7686|[B10]  5052|[HFE83] 1319|WDS J19474+1832AB|TYC 1619-3542-1|2MASS J19472326+1832034|CSI+18  4240  2|GEN# +1.00187076|HD 187076|UBV M  24159|CSI+18  4240  3|GEN# +1.00187077|HD 187077|UBV M  24160|** BLA    6|WEB 17111|Gaia DR2 1824534959598087168"
"HIP 97433","* eps Dra",297.04312691249,70.26793029824,"PM*","G7IIIbFe-1",21.3219,0.1256,79.486,40.041,3.12,3.91,"TIC 279979429|HIP 97433|Gaia DR3 2251191616254289152|* eps Dra A|CCDM J19482+7016A|*  63 Dra A|** STF 2603A|BD+69  1070A|HD 188119A|WDS J19482+7016A|TYC 4449-2652-1|UCAC4 802-027680|Gaia DR2 2251191616253487360|GC 27471|PLX 4689|*  63 Dra|* eps Dra|AG+70  689|BD+69  1070|GCRV 12194|HD 188119|HIC  97433|HR  7582|IRAS 19483+7008|IRC +70160|JP11  3149|NSV 12465|PPM  10315|RAFGL 2464|ROT  2867|SAO   9540|SKY# 37019|TD1 25620|UBV   16930|UBV M  24245|[B10]  5079|2MASS J19481035+7016045|NAME Tyl|WEB 17123|ADS 13007 A|GEN# +1.00188119|IDS 19485+7001 A"
"HIP 97649","* alf Aql",297.69582729638694,8.868321196436963,"dS*","A7Vn",194.95,0.57,536.23,385.29,-26.6,0.76,"TIC 70257116|GJ 768|HIP 97649|PLX 4665|LSPM J1950+0852|ASCC 1075038|USNO-B1.0 0988-00511792|* alf Aql|*  53 Aql|2E  4294|8pc 194.44|ADS 13009 A|AG+08 2636|BD+08  4236|CCDM J19508+0852A|CSI+08  4236  1|Ci 20 1169|FK5  745|GAT  549|GC 27470|GCRV 12193|GEN# +1.00187642|HD 187642|HIC  97649|HR  7557|IDS 19459+0836 A|TIC 471012052|IRAS 19483+0844|IRC +10441|JP11  3142|CNS5 4912|LFT 1499|LHS  3490|LTT 15795|N30 4388|NAME Altair|NLTT 48314|NSV 24910|PM 19484+0844|PMC 90-93   530|PPM 168779|RAFGL 2463|ROT  2857|SAO 125122|SKY# 37134|TD1 25537|UBV M  24205|UBV   16885|USNO 891|Zkh 297|uvby98 100187642|2MASS J19504698+0852060|PLX 4665.00|1ES 1948+08.7|2E 1948.3+0844|1RXS J195047.0+085159|WDS J19508+0852A|TYC 1058-3399-1|GSC 01058-03399|V* alf Aql|AKARI-FIS-V1 J1950472+085209|2XMMi J195047.1+085208|WEB 17173"
"HIP 97804","* eta Aql",298.1182038432421,1.0056588834763889,"cC*","F6Iab+B9.8V",3.6715,0.1942,8.89,-8.322,10.82,3.8,"** EVS    2A|WDS J19525+0100A|TIC 111010123|Gaia DR2 4240272953376907648|UCAC4 456-103989|WISE J195228.43+010020.5|WISEA J195228.37+010020.5|Gaia DR3 4240272953377646592|HIP 97804|PLX 4679|*  55 Aql|* eta Aql|AAVSO 1947+00|AG+00 2415|BD+00  4337|FK5  746|GC 27517|GCRV 12220|GEN# +1.00187929|GSC 00480-03027|HD 187929|HIC  97804|HR  7570|IRAS 19499+0052|IRC +00457|N30 4395|PMC 90-93   531|PPM 168843|RAFGL 5437S|ROT  2863|SAO 125159|SKY# 37213|TD1 25584|TYC  480-3027-1|UBV   21297|V* eta Aql|YZ   0  5001|2MASS J19522835+0100203|PLX 4679.00|uvby98 100187929|WEB 17207|** KRV   27A"
"HIP 98032","* iot Sgr",298.81539480844083,-41.868304455765,"PM*","K0II/III",16.2072,0.2201,13.007,61.062,35.8,4.13,"TIC 300405245|HIP 98032|Gaia DR3 6687035763708945792|PLX 4687|* iot Sgr|CD-42 14549|CPC  0 18469|CPD-42  8944|FK5 1520|GC 27557|GCRV 12247|GEN# +1.00188114|GSC 07942-03241|HD 188114|HIC  98032|HR  7581|IRAS 19518-4200|N30 4400|PPM 325624|SACS 439|SAO 229927|SKY# 37324|TD1 25619|TYC 7942-3241-1|UBV   16928|UBV M  24244|[CS62] E8  69|uvby98 100188114|2MASS J19551570-4152056|PLX 4687.00|WEB 17266|Gaia DR2 6687035763708302848"
"HIP 98036","* bet Aql",298.8283035123829,6.406764233985,"PM*","G8IV",73.5249,0.1415,45.944,-480.965,-40.066,3.71,"TIC 375621179|RAVE J195518.8+062424|* bet Aql A|GJ 771 A|HIP 98036|Gaia DR3 4296708789290712064|PLX 4705|LSPM J1955+0624|TYC  493-3355-1|ASCC 1075789|USNO-B1.0 0964-00506982|*  60 Aql|* bet Aql|ADS 13110 A|AG+06 2617|BD+06  4357|CCDM J19553+0625A|CSI+06  4357  1|CSV 101909|Ci 20 1173|EIC   799|FK5  749|GC 27587|GCRV 12266|HD 188512|HIC  98036|HR  7602|IDS 19504+0609 A|IRAS 19528+0616|IRC +10444|JP11  3155|CNS5 4929|LTT 15822|N30 4405|NAME Alshain|NLTT 48429|NSV 12557|PMC 90-93   532|PPM 168947|RAFGL 5442S|ROT  2879|SAO 125235|SKY# 37325|SPOCS  864|TD1 25691|UBV M  24287|UBV   16978|YZ   6  9667|[B10]  5093|[HFE83] 1326|2MASS J19551878+0624238|1RXS J195518.8+062440|WDS J19553+0624A|uvby98 100188512|** STT  532A|WEB 17267|Gaia DR2 4296708789289486080|GEN# +1.00188512"
"HIP 98110","* eta Cyg",299.07654932216917,35.08342288549805,"*","K0III",23.5482,0.1078,-34.165,-28.393,-25.87,3.88,"TIC 87674484|GEN# +1.00188947|Gaia DR3 2059372363884259072|HIP 98110|PLX 4716|* eta Cyg|*  21 Cyg|ADS 13149 A|AG+34 1947|BD+34  3798|CCDM J19563+3505A|CSI+34  3798  1|FK5 1521|GC 27622|GCRV 12289|GSC 02677-01816|HD 188947|HIC  98110|HR  7615|IDS 19526+3449 A|IRC +30401|JP11  3160|N30 4409|NSV 12586|PMC 90-93  1079|PPM  83853|RAFGL 2475|ROT  2886|SAO  69116|SKY# 37353|TD1 25744|TYC 2677-1816-1|UBV   17012|UBV M  24316|[HFE83] 1328|[S78b] 310A|PLX 4716.00|WDS J19563+3505A|2MASS J19561839+3505002|IRAS 19544+3456|AKARI-IRC-V1 J1956183+350500|** BU  980A|WEB 17290|Gaia DR2 2059372363881617536"
"HIP 98337","* gam Sge",299.68928429315497,19.492146130476666,"PM*","M0-III",11.3375,0.1652,65.005,22.721,-33.591,3.47,"GES J19584548+1929320|GALAH 140709004401117|WISE J195845.47+192935.2|Gaia DR3 1823067317695766784|HIP 98337|PLX 4731|* gam Sge|*  12 Sge|AG+19 1953|BD+19  4229|FK5  752|GC 27672|GCRV 12320|GEN# +1.00189319|GSC 01624-03414|HD 189319|HIC  98337|HR  7635|IRAS 19565+1921|IRC +20445|JP11  3164|N30 4417|NSV 12638|PMC 90-93   533|PPM 137344|RAFGL 2485|ROT  2894|SAO 105500|SKY# 37451|SRS  30752|TD1 25810|TYC 1624-3414-1|UBV   17043|YZ  19  7832|[B10]  5118|[HFE83] 1330|TIC 471012056|PLX 4731.00|RAVE J195845.4+192932|WEB 17348|Gaia DR2 1823067317695767552"
"HIP 98412","* tet01 Sgr",299.93407914614124,-35.27630831684028,"SB*","B3IV",4.8622,0.3488,5.982,-25.028,0.9,4.37,"Gaia DR3 6698248823807700992|TIC 211277570|HIP 98412|SBC9 1190|* tet01 Sgr|CD-35 13831|CPC 18 10346|CPD-35  8699|FK5  751|GC 27670|GCRV 12318|GEN# +1.00189103|GSC 07448-01357|HD 189103|HIC  98412|HR  7623|IRAS 19565-3524|N30 4416|PPM 299634|ROT  2888|SACS 440|SAO 211716|SBC7   775|SKY# 37484|SRS  30751|TD1 25771|TYC 7448-1357-1|UBV   17027|UBV M  24332|[B10]  5108|uvby98 100189103|2MASS J19594419-3516347|ALS 15065|** ISO   11|WDS J19597-3517AB|CCDM J19597-3517AB|WEB 17369|Gaia DR2 6698248823804924544"
"HIP 98495","* eps Pav",300.14813137628624,-72.9105035987675,"PM*","A0Va",31.2593,0.1916,81.002,-131.99,-8.13,3.94,"TIC 469811127|Gaia DR3 6368016725517046144|HIP 98495|PLX 4694|* eps Pav|AAVSO 1949-73|CPC 21.2  3174|CPD-73  2086|FK5  748|GC 27631|GCRV 12295|GEN# +1.00188228|GSC 09315-01893|HD 188228|HIC  98495|HR  7590|IRAS 19548-7302|N30 4410|PPM 374450|ROT  2872|SAO 257757|SKY# 37523|TD1 25634|TYC 9315-1893-1|UBV   16943|UBV M  24253|[ML88] F3 12|uvby98 100188228|2MASS J20003558-7254380|PLX 4694.00|WEB 17392|Gaia DR2 6368016725516227840"
"HIP 98543","*  15 Vul",300.2752024264857,27.7535730205825,"a2*","A4III",13.4427,0.105,57.817,3.994,-23.51,4.651,"TIC 117013343|Gaia DR3 2027458764012840576|HIP 98543|PLX 4744|*  15 Vul|AG+27 2105|BD+27  3587|FK5 1523|GC 27753|GCRV 12373|GEN# +1.00189849|GSC 02149-01880|HD 189849|HIC  98543|HR  7653|IRAS 19590+2736|JP11  3167|N30 4428|PPM 110223|ROT  2898|SAO  88071|SKY# 37551|SRS  31523|TYC 2149-1880-1|UBV   17093|UBV M  24410|V* NT Vul|YZ  27 10726|2MASS J20010603+2745128|PLX 4744.00|Renson 52650|uvby98 100189849|WEB 17413|Gaia DR2 2027458764010464128"
"HIP 98688","* c Sgr",300.6645021138671,-27.709844346463058,"LP*","M4.5III",7.2677,0.261,32.777,14.3,9.9,4.58,"TIC 301140347|HIP 98688|Gaia DR3 6750856228950043264|PLX 4741|*  62 Sgr|* c Sgr|AAVSO 1956-27|CD-28 16355|CPD-28  7105|CSV 101927|FK5  753|GC 27763|GCRV 12379|GEN# +1.00189763|GSC 06900-02236|HD 189763|HIC  98688|HR  7650|IRAS 19595-2751|IRC -30423|JP11  3166|N30 4429|PMC 90-93   534|PPM 270603|RAFGL 5572|SACS 441|SAO 188844|SKY# 37620|SRS  30753|SV* ZI  1856|TYC 6900-2236-1|UBV   17082|UBV M  24400|V* V3872 Sgr|YZ 117 13170|[B10]  5129|[DS98] 284|2MASS J20023947-2742355|WEB 17472|Gaia DR2 6750856228946406144"
"HIP 9884","* alf Ari",31.79335709957655,23.46241755020095,"PM*","K2-IIIbCa-1",49.56,0.25,188.55,-148.08,-14.412,2.01,"TIC 306349516|GJ 84.3|GJ 9072|HIP 9884|2MASS J02071038+2327447|PLX  436|LSPM J0207+2327|ASCC  744576|USNO-B1.0 1134-00030670|*  13 Ari|* alf Ari|AG+23  175|CNS5 534|BD+22   306|CSV 100163|FK5   74|GC  2538|GCRV  1160|GEN# +1.00012929|HD  12929|HIC   9884|HR   617|IRAS 02043+2313|IRC +20038|JP11   587|LTT 10711|N30  431|NAME Hamal|NLTT  7032|NSV   725|PMC 90-93    52|PPM  91373|RAFGL 5063|ROT   295|SAO  75151|SKY#  3115|SRS  30074|SV* ZI   111|TD1  1227|UBV    2137|UBV M   8692|USNO 800|[B10]   447|uvby98 100012929|PLX  436.00|TYC 1758-2416-1|GSC 01758-02416|WEB  2075"
"HIP 98920","* eta Sge",301.28955392776,19.99107302429,"PM*","K2III",20.8671,0.0966,30.128,80.0,-40.5014,5.093,"TIC 288322540|AP J20050949+1959278|HIP 98920|Gaia DR3 1823437097192796544|PLX 4766|* eta Sge|*  16 Sge|AG+19 1973|BD+19  4277|FK5 3609|GC 27868|GCRV 12451|GEN# +1.00190608|GSC 01625-01053|HD 190608|HIC  98920|HR  7679|IRAS 20029+1950|IRC +20453|N30 4438|PPM 137588|ROT  2907|SAO 105659|SKY# 37734|TYC 1625-1053-1|UBV   17213|UBV M  24481|YZ  19  7914|2MASS J20050949+1959278|PLX 4766.00|WEB 17563|Gaia DR2 1823437097192796544"
"HIP 99240","* del Pav",302.1817036316884,-66.18206743589695,"PM*","G8IV",163.9544,0.1222,1211.761,-1130.237,-21.543,3.56,"TIC 409891396|GALAH 140713003901146|GJ 780|HIP 99240|Gaia DR3 6427464123776727168|PLX 4754|* del Pav|CD-66  2367|CPC 21  4651|CPD-66  3474|CSV   8399|Ci 20 1187|FK5  754|GC 27886|GCRV 12460|GEN# +1.00190248|HD 190248|HIC  99240|HR  7665|JP11  3170|LFT 1520|LHS   485|LPM 722|LTT  7946|N30 4444|NLTT 48721|NSV 12790|CNS5 4994|PM 20038-6619|PPM 364428|SAO 254733|SKY# 37891|SPOCS  876|TD1 25955|TYC 9098-1918-1|UBV   17142|UBV M  24445|Zkh 300|uvby98 100190248|2MASS J20084376-6610563|PLX 4754.00|1E 2003.9-6620|WEB 17675|Gaia DR2 6427464325637241728"
"HIP 99473","* tet Aql",302.82619454879625,-0.8214635937475,"SB*","B9.5III",14.2687,0.4623,35.582,4.596,-28.02,3.22,"TIC 243877738|WISE J201118.29-004917.4|UCAC4 446-126452|Gaia DR3 4224225924761329792|HIP 99473|PLX 4790|SBC9 1211|*  65 Aql|* tet Aql|AG-00 2584|BD-01  3911|BDS  9960 A|CCDM J20113-0049A|CSI-01  3911  1|FK5  756|GC 28010|GCRV 12537|GEN# +1.00191692|GSC 05161-02682|HD 191692|HGAM    861|HIC  99473|HR  7710|IDS 20061-0107 A|JP11  3180|N30 4459|PMC 90-93   535|PPM 180896|ROT  2926|SAO 144150|SBC7   790|SKY# 38006|TD1 26180|TYC 5161-2682-1|UBV   17389|UBV M  24576|VDB 129|[HFE83] 1348|uvby98 100191692|ALS 16460|2MASS J20111828-0049171|PLX 4790.00|AKARI-IRC-V1 J2011183-004917|IRAS 20087-0058|WDS J20113-0049A|WEB 17777|Gaia DR2 4224225924756404480|NAME-IAU Antinous"
