main_id,teff,log_g,fe_h,bibcode,mespos
* 107 Psc,5129,4.52,-0.04,2025A&A...698A..93J,1
* 107 Psc,5722,,0.009,2022AJ....163..152S,2
* 107 Psc,5181,4.46,-0.11,2024A&A...692A.189R,3
* 107 Psc,5129,4.52,-0.04,2024A&A...682A.145S,4
* 107 Psc,5188,4.531,-0.025,2022ApJS..259...35A,5
* 107 Psc,5204,4.49,-0.04,2022A&A...663A...4S,6
* 107 Psc,5215,4.516,0.004,2021ApJS..255....8R,7
* 107 Psc,5242,4.3,0.0,2020MNRAS.494.1724J,8
* 107 Psc,5200,4.5,0.02,2021AJ....161..134H,9
* 107 Psc,5183,4.45,-0.03,2015A&A...573A..67P,10
* 107 Psc,5242,4.3,-0.05,2015MNRAS.454.1585M,11
* 107 Psc,5259,4.58,0.02,2017AJ....153...21L,12
* 107 Psc,5180,4.38,-0.05,2019MNRAS.487.3162C,13
* 107 Psc,5227,4.55,-0.02,2018A&A...614A..55A,14
* 107 Psc,5155,4.48,,2003AJ....125.1598L,15
* 107 Psc,5262,,,2009A&A...497..497G,16
* 107 Psc,5250,4.4,-0.02,2006AJ....131.3069L,17
* 107 Psc,5250,4.4,-0.02,2005AJ....129.1063L,18
* 107 Psc,5248,,,2011A&A...530A.138C,19
* 107 Psc,5242,,,2004A&A...427..933K,20
* 107 Psc,5242,,,2003A&A...411..559K,21
* 107 Psc,5242,4.3,-0.05,2004A&A...418..551M,22
* 107 Psc,5242,,,2013ApJ...771...40B,23
* 107 Psc,5223,,,1998A&AS..129..505B,24
* 107 Psc,5200,4.35,0.03,2003AJ....126.2015H,25
* 107 Psc,5196,4.5,-0.01,2005PASJ...57...27T,26
* 107 Psc,5196,4.5,-0.2,1983A&A...128..347P,27
* 107 Psc,5181,4.53,-0.04,2005ApJS..159..141V,28
* 107 Psc,5173,4.59,-0.08,2007A&A...465..271R,29
* 107 Psc,5172,,,1996A&AS..117..227A,30
* 107 Psc,5157,,,1998A&A...339..858D,31
* 107 Psc,5150,,,2005ApJ...626..446R,32
* 107 Psc,5141,4.29,-0.05,2015A&A...580A..24D,33
* 107 Psc,5138,4.6,-0.04,2004A&A...420..183A,34
* 107 Psc,5096,4.27,-0.08,2011A&A...526A..71D,35
* 107 Psc,5088,4.59,-0.06,2006ApJ...652.1604B,36
* 107 Psc,5190,4.51,-0.03,2016ApJS..225...32B,37
* 107 Psc,5129,4.46,-0.06,2016A&A...587A...2B,38
* 107 Psc,5122,4.47,-0.02,2016A&A...587A...2B,39
* 107 Psc,5119,4.45,0.04,2016A&A...587A...2B,40
* 107 Psc,5264,4.68,,2015A&A...579A..20M,41
* 107 Psc,5242,4.3,-0.05,2013A&A...552A.128M,42
* 107 Psc,5251,4.56,0.01,2013ApJ...764...78R,43
* 107 Psc,5251,4.56,0.01,2012ApJ...756...46R,44
* 107 Psc,5249,4.55,,2003AJ....126.2048G,45
* 107 Psc,5138,4.6,7.45,2004A&A...420..183A,46
* 107 Psc,5206,4.34,-0.03,2011AJ....141...90L,47
* 107 Psc,5206,4.45,0.01,2011AJ....141...90L,48
* 107 Psc,5206,4.45,0.08,2011AJ....141...90L,49
* 107 Psc,5242,4.3,-0.05,2011ARep...55..689M,50
* 107 Psc,5242,4.48,-0.03,2010ApJ...720.1290G,51
* 107 Psc,5262,4.65,-0.03,2012A&A...541A..40M,52
* 107 Psc,5196,4.5,-0.01,2007PASJ...59..335T,53
* 107 Psc,5150,4.44,-0.17,2009A&A...508.1313F,54
* 107 Psc,5196,4.5,-0.2,1983A&A...128..347P,55
* 107 Psc,5201,4.45,-0.03,2008A&A...480...91S,56
* 107 Psc,5196,4.5,-0.2,1983A&A...128..347P,57
* 109 Vir,9091,3.764,-0.9958,2024A&A...681A.107R,1
* 109 Vir,11000,4.2,-0.2,2016A&A...589A..83G,2
* 109 Vir,9683,,,2012A&A...537A.120Z,3
* 109 Vir,10110,,,1995A&AS..110..553S,4
*  10 LMi,5061,2.89,-0.08,2025A&A...703A.128B,1
*  10 LMi,5077,3.03,-0.05,2022A&A...663A...4S,2
*  10 LMi,5023,2.8,-0.15,2008AJ....135..209M,3
*  10 LMi,5050,,-0.4,2020A&A...633A..34C,4
*  10 LMi,5195,3.26,-0.02,2015A&A...580A..24D,5
*  10 LMi,5150,3.5,0.02,2007A&A...475.1003H,6
*  10 LMi,4960,3.0,-0.15,1990ApJS...74.1075M,7
*  10 LMi,5151,3.18,0.02,2007AJ....133.2464L,8
*  10 LMi,4960,3.0,-0.15,1990ApJS...74.1075M,9
*  10 LMi,,,-0.15,2008A&A...480...91S,10
*  10 LMi,4960,3.0,-0.15,1990ApJS...74.1075M,11
*  10 Tau,6000,3.5,,2023MNRAS.519.5472M,1
*  10 Tau,5886,4.06,-0.1,2024A&A...690A..97C,2
*  10 Tau,6000,4.06,-0.08,2025A&A...698A..93J,3
*  10 Tau,6000,4.06,-0.08,2024A&A...682A.145S,4
*  10 Tau,5953,3.63,0.01,2021MNRAS.505.4496G,5
*  10 Tau,5872,3.97,-0.23,2023ApJS..266...41P,6
*  10 Tau,5866,3.604,-0.454,2023ApJS..266...11B,7
*  10 Tau,5996,4.1,-0.08,2022A&A...663A...4S,8
*  10 Tau,6031,3.89,-0.08,2022A&A...667A..63Z,9
*  10 Tau,5960,4.1,-0.01,2021AJ....161..134H,10
*  10 Tau,6800,5.0,0.2,2016A&A...589A..83G,11
*  10 Tau,6037,4.1,-0.03,2015MNRAS.454.1585M,12
*  10 Tau,6044,4.162,-0.009,2019A&A...629A..80H,13
*  10 Tau,6013,4.05,-0.06,2017AJ....153...21L,14
*  10 Tau,6050,4.2,0.04,2019MNRAS.487.3162C,15
*  10 Tau,6001,4.07,-0.09,2018A&A...614A..55A,16
*  10 Tau,6146,4.1,0.0,1981A&A...100...97G,17
*  10 Tau,6075,,,2011A&A...530A.138C,18
*  10 Tau,6050,4.3,-0.1,2003AJ....126.2015H,19
*  10 Tau,6050,4.2,-0.14,2006AJ....131.3069L,20
*  10 Tau,6050,4.2,-0.14,2005AJ....129.1063L,21
*  10 Tau,6044,4.22,-0.07,2011A&A...526A..71D,22
*  10 Tau,6039,4.2,-0.04,2015A&A...580A..24D,23
*  10 Tau,6038,4.21,-0.02,2005ApJS..159..141V,24
*  10 Tau,6037,,,2004A&A...427..933K,25
*  10 Tau,6037,,,2003A&A...411..559K,26
*  10 Tau,6037,4.1,-0.03,2004A&A...418..551M,27
*  10 Tau,6022,4.06,-0.04,2005PASJ...57...27T,28
*  10 Tau,6000,3.96,-0.12,1972MmRAS..77...55H,29
*  10 Tau,6000,4.07,0.01,2015ApJ...808..148S,30
*  10 Tau,5998,,,2013ApJ...771...40B,31
*  10 Tau,5998,,,1996A&AS..117..227A,32
*  10 Tau,5997,,,2012ApJ...746..101B,33
*  10 Tau,5996,3.97,-0.045,2010MNRAS.403.1368G,34
*  10 Tau,5983,,,2005ApJ...626..446R,35
*  10 Tau,5981,3.97,-0.12,2008MNRAS.384..173F,36
*  10 Tau,5981,4.15,-0.11,1993A&A...275..101E,37
*  10 Tau,5965,3.96,-0.06,2004A&A...425..187T,38
*  10 Tau,5950,4.0,-0.11,1996A&A...314..191G,39
*  10 Tau,5944,,,1998A&AS..129..505B,40
*  10 Tau,5940,,,1998A&A...339..858D,41
*  10 Tau,5929,3.87,-0.16,1974A&A....34..263H,42
*  10 Tau,5929,,0.37,1965ApJ...141..588H,43
*  10 Tau,5915,4.03,-0.13,2000A&AS..141..491C,44
*  10 Tau,5914,4.12,-0.17,2004A&A...420..183A,45
*  10 Tau,5910,,,2009A&A...497..497G,46
*  10 Tau,5908,4.08,-0.15,2007A&A...465..271R,47
*  10 Tau,5824,4.03,-0.21,2006ApJ...652.1604B,48
*  10 Tau,5950,3.98,-0.16,2016A&A...587A...2B,49
*  10 Tau,5974,4.01,-0.13,2016A&A...587A...2B,50
*  10 Tau,5927,3.92,-0.11,2016A&A...587A...2B,51
*  10 Tau,6000,4.07,0.01,2015ApJ...808..148S,52
*  10 Tau,5912,3.9,,2015A&A...579A..20M,53
*  10 Tau,5859,3.9,,2014MNRAS.442..220F,54
*  10 Tau,6037,4.1,-0.03,2013A&A...552A.128M,55
*  10 Tau,6036,4.1,-0.03,2015A&A...577A...9B,56
*  10 Tau,6036,4.08,-0.03,2014A&A...562A..71B,57
*  10 Tau,5971,4.06,-0.09,2013ApJ...764...78R,58
*  10 Tau,5971,4.06,-0.09,2012ApJ...756...46R,59
*  10 Tau,5914,4.12,7.44,2004A&A...420..183A,60
*  10 Tau,5989,4.1,-0.07,2011AJ....141...90L,61
*  10 Tau,5989,3.95,0.08,2011AJ....141...90L,62
*  10 Tau,5989,3.97,-0.01,2011AJ....141...90L,63
*  10 Tau,6037,4.1,-0.03,2011ARep...55..689M,64
*  10 Tau,6097,4.23,-0.01,2010ApJ...720.1290G,65
*  10 Tau,5987,4.07,-0.05,2011A&A...531A.165P,66
*  10 Tau,5979,4.68,-0.07,2012A&A...541A..40M,67
*  10 Tau,6022,4.06,-0.04,2007PASJ...59..335T,68
*  10 Tau,5872,3.97,-0.23,2012A&A...538A.143K,69
*  10 Tau,5915,4.03,-0.13,2000A&AS..141..491C,70
*  10 Tau,5950,4.0,-0.11,1996A&A...314..191G,71
*  10 Tau,5981,4.15,-0.11,1993A&A...275..101E,72
*  10 Tau,6146,4.1,0.0,1981A&A...100...97G,73
*  10 Tau,5993,4.03,-0.1,2007MNRAS.374..664C,74
*  10 Tau,5981,4.15,-0.11,1993A&A...275..101E,75
*  10 Tau,6146,4.1,0.0,1981A&A...100...97G,76
*  10 Tau,5929,3.87,-0.16,1974A&A....34..263H,77
*  10 Tau,6000,3.96,-0.12,1972MmRAS..77...55H,78
*  10 Tau,5929,,0.37,1965ApJ...141..588H,79
*  10 UMa,6500,4.5,,2023MNRAS.519.5472M,1
*  10 UMa,6638,,,2011A&A...530A.138C,2
*  10 UMa,6590,4.0,0.25,1994AJ....108..271G,3
*  10 UMa,6545,4.1,-0.3,1986ApJ...303..724B,4
*  10 UMa,6538,3.98,,2003AJ....126.2048G,5
*  10 UMa,6590,4.0,0.25,1994AJ....108..271G,6
*  10 UMa,6545,4.1,-0.3,1986ApJ...303..724B,7
*  10 UMa,6590,4.0,0.25,1994AJ....108..271G,8
*  10 UMa,6545,4.1,-0.3,1986ApJ...303..724B,9
*  11 LMi,5450,4.35,0.13,2025A&A...696A..23B,1
*  11 LMi,5452,4.44,0.34,2024A&A...682A.145S,2
*  11 LMi,5497,4.432,0.305,2022ApJS..259...35A,3
*  11 LMi,5614,4.61,0.42,2021MNRAS.505.4496G,4
*  11 LMi,5518,4.44,0.34,2022A&A...663A...4S,5
*  11 LMi,5575,4.55,0.326,2019ApJ...879...69T,6
*  11 LMi,5590,4.4,0.38,2021AJ....161..134H,7
*  11 LMi,5487,4.43,,2015AJ....150..203G,8
*  11 LMi,5442,4.55,,2020A&A...636A..85S,9
*  11 LMi,5421,4.4686,0.255,2020AJ....160..120J,10
*  11 LMi,5498,4.43,0.33,2017AJ....153...21L,11
*  11 LMi,5498,4.43,0.28,2017AJ....153...21L,12
*  11 LMi,5531,4.43,0.31,2018A&A...614A..55A,13
*  11 LMi,5700,4.55,0.38,2003AJ....126.2015H,14
*  11 LMi,5660,4.5,0.36,2006AJ....131.3069L,15
*  11 LMi,5660,4.5,0.36,2005AJ....129.1063L,16
*  11 LMi,5545,,,2004A&A...427..933K,17
*  11 LMi,5539,4.48,0.33,2005PASJ...57...27T,18
*  11 LMi,5518,4.4,0.4,2008A&A...489..923M,19
*  11 LMi,5518,4.4,0.4,2012A&A...547A.106M,20
*  11 LMi,5498,4.45,0.33,2004AN....325....3F,21
*  11 LMi,5493,4.51,0.39,2007A&A...465..271R,22
*  11 LMi,5478,4.61,0.0,1974A&A....34..263H,23
*  11 LMi,5434,,,2012ApJ...746..101B,24
*  11 LMi,5376,,,2013ApJ...771...40B,25
*  11 LMi,5301,4.51,0.27,2004A&A...420..183A,26
*  11 LMi,5499,4.44,0.3,2016ApJS..225...32B,27
*  11 LMi,5438,4.34,0.33,2016A&A...587A...2B,28
*  11 LMi,5413,4.46,0.38,2016A&A...587A...2B,29
*  11 LMi,5515,4.47,0.31,2013AJ....146...73P,30
*  11 LMi,5511,4.46,0.28,2013ApJ...764...78R,31
*  11 LMi,5511,4.46,0.28,2012ApJ...756...46R,32
*  11 LMi,5518,4.4,0.4,2012A&A...547A.106M,33
*  11 LMi,5370,4.4,,2003AJ....126.2048G,34
*  11 LMi,5301,4.51,,2004A&A...420..183A,35
*  11 LMi,5520,4.41,0.4,2011A&A...531A.165P,36
*  11 LMi,5539,4.48,0.33,2007PASJ...59..335T,37
*  11 LMi,5563,4.5,0.34,2008A&A...480...91S,38
*  11 LMi,5478,4.61,0.0,1974A&A....34..263H,39
*  12 Com,6441,2.8457,-0.6194,2024A&A...681A.107R,1
*  12 Com,,3.1,,2008AJ....135..209M,2
*  12 Com,6429,,,2011A&A...530A.138C,3
*  12 Com,5130,3.04,-0.45,2014ApJ...791...58A,4
*  12 Com,5452,3.57,-0.48,2016A&A...587A...2B,5
*  12 Com,5439,3.55,-0.48,2016A&A...587A...2B,6
*  12 Com,5442,3.6,-0.49,2016A&A...587A...2B,7
*  12 Com,5483,3.56,-0.47,2016A&A...587A...2B,8
*  12 Com,5452,3.57,-0.49,2016A&A...587A...2B,9
*  12 Com,5130,3.04,-0.45,2014ApJ...791...58A,10
*  12 Com,5151,2.94,0.38,2014ApJ...791...58A,11
*  12 Com,5110,3.13,0.17,2014ApJ...791...58A,12
*  12 Oph,5275,4.63,0.03,2024A&A...690A..97C,1
*  12 Oph,5281,4.63,0.03,2024A&A...690A..97C,2
*  12 Oph,5157,4.34,-0.05,2024A&A...690A..97C,3
*  12 Oph,5248,4.45,0.01,2024A&A...690A.107S,4
*  12 Oph,5226,4.407,-0.02,2024A&A...683A.125P,5
*  12 Oph,5408,4.62,0.03,2024A&A...682A.145S,6
*  12 Oph,5125,4.47,-0.15,2021MNRAS.505.4496G,7
*  12 Oph,5537,4.966,-0.032,2023ApJS..266...11B,8
*  12 Oph,5262,4.52,0.03,2022A&A...663A...4S,9
*  12 Oph,5237,4.54,0.074,2021ApJS..255....8R,10
*  12 Oph,5280,4.6,0.11,2021AJ....161..134H,11
*  12 Oph,5255,4.57,,2015AJ....150..203G,12
*  12 Oph,5183,4.44,-0.02,2015A&A...573A..67P,13
*  12 Oph,5294,4.5,-0.04,2015MNRAS.454.1585M,14
*  12 Oph,5252,4.51,0.048,2020ApJ...898..119R,15
*  12 Oph,5274,4.51,,2019A&A...629A..80H,16
*  12 Oph,5262,4.57,0.03,2017AJ....153...21L,17
*  12 Oph,5280,4.5,-0.01,2019MNRAS.487.3162C,18
*  12 Oph,5264,4.57,0.05,2018AJ....155..111L,19
*  12 Oph,5223,4.53,0.01,2018A&A...614A..55A,20
*  12 Oph,5224,4.48,,2003AJ....125.1598L,21
*  12 Oph,5362,4.56,0.01,1976A&A....51...85H,22
*  12 Oph,5337,,,2012ApJ...757..112B,23
*  12 Oph,5300,4.4,0.11,2003AJ....126.2015H,24
*  12 Oph,5294,4.5,-0.04,2012A&A...547A.106M,25
*  12 Oph,5294,,,2004A&A...427..933K,26
*  12 Oph,5294,,,2003A&A...411..559K,27
*  12 Oph,5294,4.5,-0.04,2004A&A...418..551M,28
*  12 Oph,5290,4.39,0.04,2005A&A...437.1127S,29
*  12 Oph,5289,4.61,0.05,2005PASJ...57...27T,30
*  12 Oph,5277,4.57,0.07,2005ApJS..159..141V,31
*  12 Oph,5263,,,2011A&A...530A.138C,32
*  12 Oph,5250,4.5,-0.01,2006PASP..118..706P,33
*  12 Oph,5242,4.59,0.04,2008MNRAS.384..173F,34
*  12 Oph,5215,4.35,0.05,2006AJ....131.3069L,35
*  12 Oph,5215,4.35,0.05,2005AJ....129.1063L,36
*  12 Oph,5214,4.59,0.02,2007A&A...465..271R,37
*  12 Oph,5184,4.41,0.051,2010MNRAS.403.1368G,38
*  12 Oph,5165,4.59,0.03,2004A&A...420..183A,39
*  12 Oph,5156,4.47,0.05,2016A&A...587A...2B,40
*  12 Oph,5134,4.43,0.12,2016A&A...587A...2B,41
*  12 Oph,5306,4.69,,2015A&A...579A..20M,42
*  12 Oph,5269,4.44,-0.01,2013AJ....146...73P,43
*  12 Oph,5277,4.63,,2014MNRAS.442..220F,44
*  12 Oph,5294,4.5,-0.04,2013A&A...552A.128M,45
*  12 Oph,5216,4.6,-0.01,2015A&A...577A...9B,46
*  12 Oph,5216,4.59,-0.01,2014A&A...562A..71B,47
*  12 Oph,5248,4.55,0.01,2013ApJ...764...78R,48
*  12 Oph,5248,4.55,0.01,2012ApJ...756...46R,49
*  12 Oph,5294,4.5,-0.04,2012A&A...547A.106M,50
*  12 Oph,5312,4.49,,2003AJ....126.2048G,51
*  12 Oph,5165,4.59,7.56,2004A&A...420..183A,52
*  12 Oph,5300,4.46,0.03,2011AJ....141...90L,53
*  12 Oph,5300,4.44,0.04,2011AJ....141...90L,54
*  12 Oph,5294,4.5,-0.04,2011ARep...55..689M,55
*  12 Oph,5280,4.35,0.01,2010ApJ...720.1290G,56
*  12 Oph,5281,4.59,0.13,2011A&A...531A.165P,57
*  12 Oph,5192,4.65,0.05,2012A&A...541A..40M,58
*  12 Oph,5289,4.61,0.05,2007PASJ...59..335T,59
*  12 Oph,5264,4.49,0.04,2008A&A...480...91S,60
*  12 Oph,5362,4.56,0.01,1976A&A....51...85H,61
*  13 Vir,5915,3.888,,2022AJ....163..152S,1
*  13 Vir,7798,,,2012A&A...537A.120Z,2
*  13 Vir,7666,,,2006A&A...450..735M,3
*  14 Com,7170,,,2014ApJ...791...58A,1
*  14 Com,7170,,,2014ApJ...791...58A,2
*  14 Com,7170,3.37,,2014ApJ...791...58A,3
*  15 Lyn,5250,3.0,,2023MNRAS.519.5472M,1
*  15 Lyn,4980,2.91,0.04,2022A&A...663A...4S,2
*  15 Lyn,5164,3.0,0.05,2008AJ....135..209M,3
*  15 Lyn,4867,2.9,0.07,2018A&A...615A..31D,4
*  15 Lyn,5108,,,2005ApJ...626..446R,5
*  15 Lyn,5092,,,1999A&AS..139..335A,6
*  15 Lyn,5077,,,1998A&AS..129..505B,7
*  15 Lyn,5070,3.12,0.05,1990ApJS...74.1075M,8
*  15 Lyn,4775,2.8,-0.04,2007A&A...475.1003H,9
*  15 Lyn,5020,3.16,-0.1,2016A&A...587A...2B,10
*  15 Lyn,4850,2.71,0.04,2014ApJ...785...94L,11
*  15 Lyn,4867,2.9,0.07,2016A&A...585A..73N,12
*  15 Lyn,5070,3.12,0.05,1990ApJS...74.1075M,13
*  15 Lyn,,,0.05,2008A&A...480...91S,14
*  15 Lyn,5088,3.12,0.05,2008A&A...480...91S,15
*  15 Lyn,5070,3.12,0.05,1990ApJS...74.1075M,16
*  15 Vul,7963,3.51,-0.2,2021MNRAS.505.4496G,1
*  15 Vul,8040,3.7,0.0,1991A&A...249..205B,2
*  15 Vul,8000,3.5,-0.02,1971A&A....12..258F,3
*  15 Vul,8000,3.5,0.0,1980A&A....92..132B,4
*  15 Vul,7887,,,2005ApJ...626..446R,5
*  15 Vul,7875,3.65,0.05,1984PASJ...36..149T,6
*  15 Vul,7804,,,1999A&AS..139..335A,7
*  15 Vul,6811,,0.02,1956ApJ...124..134M,8
*  15 Vul,7804,3.89,-0.01,2011A&A...531A.165P,9
*  15 Vul,8040,3.7,0.0,1991A&A...249..205B,10
*  15 Vul,7875,3.65,0.05,1984PASJ...36..149T,11
*  15 Vul,8000,3.5,0.0,1980A&A....92..132B,12
*  15 Vul,8000,3.5,-0.02,1971A&A....12..258F,13
*  15 Vul,6811,,0.02,1956ApJ...124..134M,14
*  16 Per,6942,,,2011A&A...530A.138C,1
*  16 Tau,11577,3.8951,0.7671,2024A&A...681A.107R,1
*  16 Tau,14020,,,2009A&A...501..297Z,2
*  16 Tau,12246,,,2012A&A...537A.120Z,3
*  17 Tau,8000,4.0,,2020AJ....160...83S,1
*  17 Tau,14655,3.03,,2001A&A...378..861C,2
*  17 Tau,8000,4.0,,2013AJ....146..134K,3
* 188 Pup,5819,3.1164,0.0769,2024A&A...681A.107R,1
*  18 Sco,5820,4.443,0.059,2025A&A...699A..46M,1
*  18 Sco,5782,4.45,0.07,2024A&A...690A..97C,2
*  18 Sco,5818,4.43,0.039,2025ApJ...991..185S,3
*  18 Sco,5808,4.484,0.031,2024A&A...692A.228C,4
*  18 Sco,5824,4.42,0.03,2025A&A...698A..93J,5
*  18 Sco,5814,4.45,0.04,2025A&A...698A..93J,6
*  18 Sco,5717,,-0.287,2022AJ....163..152S,7
*  18 Sco,5808,4.44,0.04,2024A&A...690A.107S,8
*  18 Sco,5820,4.392,0.0,2024A&A...683A.125P,9
*  18 Sco,5824,4.42,0.03,2024A&A...682A.145S,10
*  18 Sco,5808,4.44,0.041,2024ApJ...965..176R,11
*  18 Sco,5817,4.364,0.0961,2022ApJS..259...35A,12
*  18 Sco,5797,4.43,0.05,2016A&A...587A.131M,13
*  18 Sco,5810,4.3776,0.05,2023A&A...671A..61N,14
*  18 Sco,5814,4.356,0.054,2023A&A...671A..61N,15
*  18 Sco,5814,4.373,0.061,2023A&A...671A..61N,16
*  18 Sco,5755,4.3977,0.033,2023A&A...671A..61N,17
*  18 Sco,5810,4.3698,0.054,2023A&A...671A..61N,18
*  18 Sco,5696,4.2,-0.06,2023ApJS..266...41P,19
*  18 Sco,5788,4.37,0.04,2023AJ....165..145L,20
*  18 Sco,5785,4.43,0.03,2022A&A...663A...4S,21
*  18 Sco,5780,4.35,0.06,2023A&A...676A.129H,22
*  18 Sco,6427,4.536,0.439,2019ApJ...879...69T,23
*  18 Sco,5768,4.4,0.04,2023RAA....23b5008T,24
*  18 Sco,5709,4.467,0.035,2021ApJS..255....8R,25
*  18 Sco,5770,4.3,0.07,2021AJ....161..134H,26
*  18 Sco,5762,4.495,0.037,2021MNRAS.506..150B,27
*  18 Sco,5752,4.35,0.04,2015A&A...573A..67P,28
*  18 Sco,5818,-1.7142,0.04,2014A&A...566A..66G,29
*  18 Sco,5799,4.4,0.01,2015MNRAS.454.1585M,30
*  18 Sco,6516,4.85,,2020A&A...636A..85S,31
*  18 Sco,5718,4.4927,0.047,2020AJ....160..120J,32
*  18 Sco,5818,4.4,0.04,2021A&A...655A..99D,33
*  18 Sco,5810,4.44,,2021A&A...647A.162P,34
*  18 Sco,,,0.041,2019MNRAS.485L..68L,35
*  18 Sco,5811,4.418,0.043,2020MNRAS.495.3961L,36
*  18 Sco,,,-0.025,2020AJ....160...83S,37
*  18 Sco,5490,3.61,,2020AJ....160...83S,38
*  18 Sco,5809,4.438,0.045,2020A&A...640A..81N,39
*  18 Sco,5809,4.433,0.051,2020A&A...639A.127C,40
*  18 Sco,5818,4.4,0.04,2020A&A...634A.136C,41
*  18 Sco,5796,4.4348,0.108,2019A&A...624A..19B,42
*  18 Sco,5791,4.42,0.01,2017AJ....153...21L,43
*  18 Sco,5789,4.42,0.03,2018AJ....155..111L,44
*  18 Sco,5782,4.39,0.05,2016A&A...589A.115S,45
*  18 Sco,5785,4.43,0.02,2018A&A...614A..55A,46
*  18 Sco,6167,4.75,0.33,2018A&A...615A..76S,47
*  18 Sco,6115,4.75,0.26,2018A&A...615A..76S,48
*  18 Sco,6121,4.75,0.16,2018A&A...615A..76S,49
*  18 Sco,5810,4.46,0.05,2018A&A...614A..84S,50
*  18 Sco,5818,4.45,0.04,2017A&A...606A..94D,51
*  18 Sco,5860,4.18,0.02,1972MmRAS..77...55H,52
*  18 Sco,5849,4.492,-0.05,2014MNRAS.443..698S,53
*  18 Sco,5848,4.46,0.06,2009A&A...508L..17R,54
*  18 Sco,5835,4.48,0.03,2006AJ....131.3069L,55
*  18 Sco,5835,4.48,0.03,2005AJ....129.1063L,56
*  18 Sco,5826,,,2011A&A...530A.138C,57
*  18 Sco,5823,4.45,0.054,2014ApJ...791...14M,58
*  18 Sco,5820,4.47,0.05,2014A&A...568A..25N,59
*  18 Sco,5818,4.45,0.04,2008A&A...487..373S,60
*  18 Sco,5817,4.45,0.05,2012A&A...542A..84D,61
*  18 Sco,5814,4.45,0.056,2014A&A...572A..48R,62
*  18 Sco,5811,,,2013ApJ...771...40B,63
*  18 Sco,5810,4.44,,2015A&A...582A..49H,64
*  18 Sco,5799,,,2004A&A...427..933K,65
*  18 Sco,5799,,,2003A&A...411..559K,66
*  18 Sco,5799,4.4,0.01,2004A&A...418..551M,67
*  18 Sco,5791,4.41,0.03,2005ApJS..159..141V,68
*  18 Sco,5789,4.49,0.05,1997ApJ...482L..89P,69
*  18 Sco,5786,4.36,0.01,2000Priv.C........F,70
*  18 Sco,5786,4.31,0.08,2005A&A...437.1127S,71
*  18 Sco,5768,4.4,0.04,2007A&A...468..663T,72
*  18 Sco,5766,4.37,0.05,2015A&A...580A..24D,73
*  18 Sco,5753,4.22,0.051,2010MNRAS.403.1368G,74
*  18 Sco,5747,4.35,0.03,2011A&A...526A..71D,75
*  18 Sco,5747,4.43,0.03,2014A&A...564A.133J,76
*  18 Sco,5719,4.47,0.03,2007A&A...465..271R,77
*  18 Sco,5710,4.37,-0.01,2004ARep...48..492G,78
*  18 Sco,5693,4.48,-0.06,2004A&A...420..183A,79
*  18 Sco,5433,,,2012ApJ...746..101B,80
*  18 Sco,5409,,,2013ApJ...771...40B,81
*  18 Sco,5808,4.44,0.041,2018MNRAS.474.2580S,82
*  18 Sco,5785,4.41,0.04,2016ApJS..225...32B,83
*  18 Sco,5744,4.39,0.01,2016A&A...587A...2B,84
*  18 Sco,5732,4.29,0.1,2016A&A...587A...2B,85
*  18 Sco,5756,4.37,0.09,2016A&A...587A...2B,86
*  18 Sco,5814,4.45,56.0,2016A&A...592A.156D,87
*  18 Sco,5814,4.45,56.0,2016A&A...592A.156D,88
*  18 Sco,5830,4.53,,2015A&A...579A..20M,89
*  18 Sco,5818,4.45,,2014MNRAS.442..220F,90
*  18 Sco,5819,4.47,0.08,2015A&A...574A.124D,91
*  18 Sco,5818,4.45,0.04,2014A&A...562A..92D,92
*  18 Sco,5799,4.4,0.01,2013A&A...552A.128M,93
*  18 Sco,5810,4.46,0.05,2013A&A...555A.150T,94
*  18 Sco,5789,4.43,0.02,2013ApJ...764...78R,95
*  18 Sco,5789,4.43,0.02,2012ApJ...756...46R,96
*  18 Sco,5522,3.66,,2013AJ....146..134K,97
*  18 Sco,5744,4.44,,2003AJ....126.2048G,98
*  18 Sco,5693,4.48,7.53,2004A&A...420..183A,99
*  18 Sco,5818,4.45,0.04,2012A&A...545A..32A,100
*  18 Sco,5796,4.4,0.02,2011AJ....141...90L,101
*  18 Sco,5796,4.4,0.05,2011AJ....141...90L,102
*  18 Sco,5799,4.4,0.01,2011ARep...55..689M,103
*  18 Sco,5804,4.43,0.04,2012A&A...541A..40M,104
*  18 Sco,5696,4.2,-0.06,2012A&A...538A.143K,105
*  18 Sco,,,0.3,2008A&A...485..571J,106
*  18 Sco,5786,4.36,0.01,2000Priv.C........F,107
*  18 Sco,5789,4.49,0.05,1997ApJ...482L..89P,108
*  18 Sco,5818,4.45,0.04,2008A&A...487..373S,109
*  18 Sco,5791,4.43,0.02,2008A&A...480...91S,110
*  18 Sco,5860,4.18,0.02,1972MmRAS..77...55H,111
*   1 Gem,5148,3.13,0.03,2022A&A...663A...4S,1
*   1 Gem,,3.1,-0.01,2008AJ....135..209M,2
*   1 Gem,5350,,-0.3,2020A&A...633A..34C,3
*   1 Gem,5220,3.03,0.04,2001ApJ...551L..85Z,4
*   1 Gem,5125,3.18,0.05,1998A&A...338..623M,5
*   1 Gem,5100,3.18,-0.01,1990ApJS...74.1075M,6
*   1 Gem,5125,3.18,0.05,1998A&A...338..623M,7
*   1 Gem,5100,3.18,-0.01,1990ApJS...74.1075M,8
*   1 Gem,,,0.03,2008A&A...480...91S,9
*   1 Gem,5100,3.18,-0.01,1990ApJS...74.1075M,10
*   1 Lac,4258,1.39,-0.05,2024A&A...682A.145S,1
*   1 Lac,4250,1.95,-0.05,2022A&A...663A...4S,2
*   1 Lac,4350,1.75,-0.12,1990ApJS...74.1075M,3
*   1 Lac,4260,2.15,0.01,2007A&A...475.1003H,4
*   1 Lac,4140,,,1998A&AS..129..505B,5
*   1 Lac,4350,1.75,-0.12,1990ApJS...74.1075M,6
*   1 Lac,4350,1.75,-0.12,1990ApJS...74.1075M,7
*  20 Crt,5145,4.428,-0.46,2024A&A...683A.125P,1
*  20 Crt,5320,4.9,-0.6,2023ApJS..266...11B,2
*  20 Crt,5196,4.6,-0.4,2022A&A...663A...4S,3
*  20 Crt,5200,4.576,-0.321,2021ApJS..255....8R,4
*  20 Crt,5220,4.54,-0.47,2022AJ....164..174H,5
*  20 Crt,5070,4.62,,2020AJ....160...83S,6
*  20 Crt,4246,4.355,,2020AJ....160...83S,7
*  20 Crt,5152,4.47,-0.42,2019A&A...629A..80H,8
*  20 Crt,5241,4.62,-0.37,2018A&A...614A..55A,9
*  20 Crt,5141,4.58,,2003AJ....125.1598L,10
*  20 Crt,5350,,,2006A&A...450..735M,11
*  20 Crt,5246,4.54,-0.38,2005A&A...437.1127S,12
*  20 Crt,5226,,,2011A&A...530A.138C,13
*  20 Crt,5189,4.68,-0.37,2005ApJS..159..141V,14
*  20 Crt,5121,4.63,-0.46,2007A&A...465..271R,15
*  20 Crt,5118,4.64,-0.49,2004A&A...420..183A,16
*  20 Crt,5140,4.56,-0.37,2016ApJS..225...32B,17
*  20 Crt,5055,4.33,-0.35,2016A&A...587A...2B,18
*  20 Crt,5173,4.68,,2015A&A...579A..20M,19
*  20 Crt,5182,4.54,-0.38,2013AJ....146...73P,20
*  20 Crt,5153,4.57,,2014MNRAS.442..220F,21
*  20 Crt,5131,4.5,-0.4,2015A&A...577A...9B,22
*  20 Crt,5131,4.5,-0.4,2014A&A...562A..71B,23
*  20 Crt,5241,4.59,-0.37,2013ApJ...764...78R,24
*  20 Crt,5241,4.59,-0.37,2012ApJ...756...46R,25
*  20 Crt,5118,4.64,7.14,2004A&A...420..183A,26
*  20 Crt,5139,4.55,-0.38,2012A&A...541A..40M,27
*  20 Crt B,5420,,,2022ApJ...935L..12B,1
*  20 Crt B,5677,8.254,,2024A&A...682A...5V,2
*  20 Tau,12250,,,2021ApJ...921..117T,1
*  20 Tau,8000,4.0,,2020AJ....160...83S,2
*  20 Tau,14310,,,2009A&A...501..297Z,3
*  20 Tau,13263,3.5,1.1,1979ApJS...41..675H,4
*  20 Tau,13622,3.5,0.5,1976IAUCo..32..563V,5
*  20 Tau,13263,3.5,1.1,1979ApJS...41..675H,6
*  21 LMi,7870,,,2012A&A...537A.120Z,1
*  21 LMi,7839,4.07,,2003AJ....126.2048G,2
*  21 Lyn,10000,3.8,0.0,2016A&A...589A..83G,1
*  21 Lyn,9520,3.79,-0.004,2014A&A...562A..84R,2
*  21 Lyn,9462,,,2012A&A...537A.120Z,3
*  21 Tau,,,0.0,2018AJ....155..149B,1
*  21 Tau,11041,,,2012A&A...537A.120Z,2
*  23 Com,9465,3.4783,-0.7596,2024A&A...681A.107R,1
*  23 Com,9528,,,2012A&A...537A.120Z,2
*  23 Tau,8000,4.0,,2020AJ....160...83S,1
*  23 Tau,14521,2.92,,2001A&A...378..861C,2
*  23 Tau,12246,,,2012A&A...537A.120Z,3
*  27 Tau,11494,3.4094,0.5428,2024A&A...681A.107R,1
*  27 Tau,11000,2.9,-1.2,2016A&A...589A..83G,2
*  27 Tau,13020,,,2009A&A...501..297Z,3
*  28 Tau,7750,4.5,,2020AJ....160...83S,1
*  28 Tau,7626,3.346,,2020AJ....160...83S,2
*  28 Tau,13366,3.82,,2001A&A...378..861C,3
*  28 Tau,11668,,,1999A&A...349..151M,4
*   2 Lyn,9703,4.03,0.06,2021MNRAS.505.4496G,1
*   2 Lyn,9500,4.0,0.1,2016A&A...589A..83G,2
*   2 Lyn,8400,3.5,-0.6,2016A&A...589A..83G,3
*   2 Lyn,9141,,,2012A&A...537A.120Z,4
*   2 Lyn,9120,4.17,-0.32,1995A&A...294..536H,5
*   2 Lyn,9284,4.05,-0.27,2011A&A...531A.165P,6
*   2 Lyn,9120,4.17,-0.32,2007MNRAS.374..664C,7
*   2 Lyn,9120,4.17,-0.32,1995A&A...294..536H,8
*  31 Com,5689,3.05,0.0,2022A&A...663A...4S,1
*  31 Com,5623,2.9,0.01,2008AJ....135..209M,2
*  31 Com,5995,,,2011A&A...530A.138C,3
*  31 Com,5747,,,1998A&AS..129..505B,4
*  31 Com,5731,,,1998A&A...339..858D,5
*  31 Com,5656,3.25,-0.01,2014ApJ...791...58A,6
*  31 Com,5600,,,2005ApJ...626..446R,7
*  31 Com,5589,,,1999A&AS..139..335A,8
*  31 Com,5532,,,2009A&A...497..497G,9
*  31 Com,5843,3.42,-0.03,2016A&A...587A...2B,10
*  31 Com,5656,3.25,-0.01,2014ApJ...791...58A,11
*  31 Com,5530,2.93,,2014ApJ...791...58A,12
*  31 Com,5781,3.25,0.37,2014ApJ...791...58A,13
*  31 Lyn,5215,,-0.421,2022AJ....163..152S,1
*  31 Lyn,3910,0.98,,2024MNRAS.531.4823P,2
*  31 Lyn,3874,0.82,-0.57,2021MNRAS.505.4496G,3
*  31 Lyn,4120,1.82,-0.14,2022A&A...663A...4S,4
*  31 Lyn,3991,1.357,-0.177,2019ApJ...879...69T,5
*  31 Lyn,4175,2.05,-0.24,2007A&A...475.1003H,6
*  31 Lyn,3900,1.59,-0.03,1990ApJS...74.1075M,7
*  31 Lyn,3946,1.5,0.03,2011A&A...531A.165P,8
*  31 Lyn,3900,1.59,-0.03,1990ApJS...74.1075M,9
*  31 Lyn,3900,1.59,-0.03,1990ApJS...74.1075M,10
*  35 Cnc,5919,2.9047,-0.1764,2024A&A...681A.107R,1
*  35 Cnc,,,0.29,2018AJ....155..149B,2
*  35 Cnc,5697,4.43,,2018A&A...615A..31D,3
*  35 Cnc,5596,2.23,-0.07,2014ApJ...791...58A,4
*  35 Cnc,5596,2.23,-0.07,2014ApJ...791...58A,5
*  35 Cnc,5613,2.86,,2014ApJ...791...58A,6
*  35 Cnc,5579,2.23,0.62,2014ApJ...791...58A,7
*  36 Dor,4768,3.2,0.1,2022A&A...663A...4S,1
*  36 Dor,4807,3.02,0.141,2022A&A...657A..87O,2
*  36 Dor,4755,3.3,0.13,2015MNRAS.448.2749A,3
*  36 Dor,4806,3.14,0.08,2015MNRAS.448.2749A,4
*  36 Dor,4838,3.14,0.08,2015MNRAS.448.2749A,5
*  36 Dor,4789,3.31,0.1,2015MNRAS.448.2749A,6
*  36 Dor,4858,3.27,0.07,2016AJ....152...19W,7
*  36 Dor,4661,2.92,,2003AJ....125.1598L,8
*  36 Dor,4806,3.14,0.08,2015MNRAS.448.2749A,9
*  36 Dor,4755,3.3,0.13,2004A&A...425..187T,10
*  36 Dor,4755,3.0,0.1,1978A&A....68...27K,11
*  36 Dor,4746,3.2,0.1,2008A&A...484L..21M,12
*  36 Dor,4755,3.0,0.1,1978A&A....68...27K,13
*  36 Oph A,5055,4.61,-0.3,2024A&A...690A..97C,1
*  36 Oph A,5087,4.58,-0.25,2025A&A...699A.151S,2
*  36 Oph A,5132,4.53,-0.22,2022A&A...663A...4S,3
*  36 Oph A,5103,4.64,-0.23,2017AJ....153...21L,4
*  36 Oph A,5200,4.6,-0.19,2005AJ....129.1063L,5
*  36 Oph A,5143,4.6,-0.39,1989A&A...225..369C,6
*  36 Oph A,5143,4.6,-0.24,1999ApJ...521..753T,7
*  36 Oph A,5100,4.3,-0.3,2003AJ....126.2015H,8
*  36 Oph A,5091,4.6,0.09,1975A&A....44....9P,9
*  36 Oph A,5143,4.6,-0.39,1989A&A...225..369C,10
*  36 Oph A,5143,4.6,-0.39,1989A&A...225..369C,11
*  36 Oph A,5091,4.6,0.09,1975A&A....44....9P,12
*  36 Oph B,5093,4.77,-0.33,2024A&A...690A..97C,1
*  36 Oph B,5144,4.59,-0.22,2022A&A...663A...4S,2
*  36 Oph B,5199,4.62,-0.22,2017AJ....153...21L,3
*  36 Oph B,5171,4.61,-0.22,2018AJ....155..111L,4
*  36 Oph B,5200,4.5,-0.19,2005AJ....129.1063L,5
*  36 Oph B,5091,4.6,-0.3,1989A&A...225..369C,6
*  36 Oph B,5091,4.6,-0.01,1975A&A....44....9P,7
*  36 Oph B,5031,4.63,-0.28,2007A&A...465..271R,8
*  36 Oph B,5091,4.6,-0.3,1989A&A...225..369C,9
*  36 Oph B,5091,4.6,-0.3,1989A&A...225..369C,10
*  36 Oph B,5091,4.6,-0.01,1975A&A....44....9P,11
*  36 UMa,6000,4.0,,2023MNRAS.519.5472M,1
*  36 UMa,6259,4.4,-0.12,2024A&A...682A.145S,2
*  36 UMa,5744,3.901,-0.156,2022ApJS..259...35A,3
*  36 UMa,6164,4.43,-0.12,2022A&A...663A...4S,4
*  36 UMa,5940,4.2,-0.22,2015A&A...573A..67P,5
*  36 UMa,5870,3.9607,-0.126,2020AJ....160..120J,6
*  36 UMa,6173,4.4,-0.09,2017AJ....153...21L,7
*  36 UMa,6156,4.39,-0.11,2018A&A...614A..55A,8
*  36 UMa,6194,4.5,-0.05,2018MNRAS.479.1332M,9
*  36 UMa,6300,4.65,-0.1,2003AJ....126.2015H,10
*  36 UMa,6300,4.6,-0.1,2006AJ....131.3069L,11
*  36 UMa,6300,4.6,-0.1,2005AJ....129.1063L,12
*  36 UMa,6233,,,2012ApJ...746..101B,13
*  36 UMa,6203,,,2013ApJ...771...40B,14
*  36 UMa,6195,4.38,-0.18,2015ApJ...808..148S,15
*  36 UMa,6192,,,2011A&A...530A.138C,16
*  36 UMa,6147,4.32,-0.14,2004AN....325....3F,17
*  36 UMa,6146,4.37,-0.061,2010MNRAS.403.1368G,18
*  36 UMa,6126,4.34,-0.07,2005ApJS..159..141V,19
*  36 UMa,6096,4.42,-0.14,2007A&A...465..271R,20
*  36 UMa,6072,4.41,-0.23,1974A&A....36..191H,21
*  36 UMa,6057,4.42,-0.17,2004A&A...420..183A,22
*  36 UMa,6051,4.36,-0.18,2000A&AS..141..491C,23
*  36 UMa,5968,4.35,-0.23,2006ApJ...652.1604B,24
*  36 UMa,6100,4.29,-0.1,2016A&A...587A...2B,25
*  36 UMa,6195,4.38,-0.18,2015ApJ...808..148S,26
*  36 UMa,6101,4.27,,2015A&A...579A..20M,27
*  36 UMa,6186,4.43,-0.08,2013ApJ...764...78R,28
*  36 UMa,6186,4.43,-0.08,2012ApJ...756...46R,29
*  36 UMa,6165,4.37,,2003AJ....126.2048G,30
*  36 UMa,6057,4.42,7.42,2004A&A...420..183A,31
*  36 UMa,6050,4.29,-0.15,2012A&A...541A..40M,32
*  36 UMa,6051,4.36,-0.18,2000A&AS..141..491C,33
*  36 UMa,6072,4.41,-0.23,1974A&A....36..191H,34
*  36 UMa B,3941,3.94,-0.54,2021MNRAS.505.4496G,1
*  36 UMa B,4398,3.45,-0.7,2022A&A...663A...4S,2
*  36 UMa B,4398,3.45,-0.7,2018A&A...615A..31D,3
*  36 UMa B,4132,,-0.08,2014ApJ...791...54G,4
*  36 UMa B,4398,3.45,-0.7,2016A&A...585A..73N,5
*  36 UMa B,4050,4.5,,2013AJ....145..102L,6
*  36 UMa B,,,-0.34,2014AJ....147...20N,7
*  36 UMa B,4076,4.7,-0.26,2011A&A...531A.165P,8
*  36 UMa B,4070,4.7,-0.18,2007MNRAS.374..664C,9
*  38 Lyn,11000,4.5,,2023MNRAS.519.5472M,1
*  38 Lyn,9183,,,2012A&A...537A.120Z,2
*  39 Cnc,4968,2.65,0.17,2022MNRAS.511..814G,1
*  39 Cnc,5039,2.82,0.2713,2024A&A...687A.239C,2
*  39 Cnc,5064,2.871,0.24,2024A&A...683A.125P,3
*  39 Cnc,4961,2.69,0.19,2021MNRAS.505.4496G,4
*  39 Cnc,4961,2.54,0.19,2022A&A...663A...4S,5
*  39 Cnc,4968,,0.17,2021MNRAS.501.4596G,6
*  39 Cnc,5016,2.72,,2020A&A...635A...8C,7
*  39 Cnc,4968,2.65,0.17,2019A&A...627A.138A,8
*  39 Cnc,5027,,,1998A&A...339..858D,9
*  39 Cnc,5022,,,1998A&AS..129..505B,10
*  39 Cnc,4922,,,2009A&A...497..497G,11
*  39 Cnc,4908,,,2005ApJ...626..446R,12
*  39 Cnc,4900,2.6,0.18,2011A&A...535A..30C,13
*  39 Cnc,5024,2.7,0.21,2011A&A...531A.165P,14
*  39 Cnc,4990,,-0.04,1964ApJ...140..858W,15
*  41 Ara,4759,4.57,0.25,2024A&A...690A..97C,1
*  41 Ara,5242,4.434,-0.39,2024A&A...683A.125P,2
*  41 Ara,5334,4.528,-0.42,2023ApJS..266...11B,3
*  41 Ara,5235,4.56,-0.35,2022A&A...663A...4S,4
*  41 Ara,,,-1.078,2020AJ....160...83S,5
*  41 Ara,3999,4.49,,2020AJ....160...83S,6
*  41 Ara,5220,4.5,-0.35,2018AJ....155..111L,7
*  41 Ara,5247,4.5,-0.34,2018A&A...614A..55A,8
*  41 Ara,5305,4.5,-0.35,1988A&A...191..237P,9
*  41 Ara,5300,4.41,-0.33,2005A&A...437.1127S,10
*  41 Ara,5256,4.61,-0.34,2005ApJS..159..141V,11
*  41 Ara,5226,,,2011A&A...530A.138C,12
*  41 Ara,5151,4.61,-0.42,2007A&A...465..271R,13
*  41 Ara,5131,4.61,-0.38,2004A&A...420..183A,14
*  41 Ara,5171,4.32,-0.3,2016A&A...587A...2B,15
*  41 Ara,5193,4.52,,2014MNRAS.442..220F,16
*  41 Ara,5273,4.53,-0.32,2013ApJ...764...78R,17
*  41 Ara,5273,4.53,-0.32,2012ApJ...756...46R,18
*  41 Ara,5131,4.61,7.15,2004A&A...420..183A,19
*  41 Ara,5242,4.4,-0.37,2010ApJ...720.1290G,20
*  41 Ara,5305,4.5,-0.35,1988A&A...191..237P,21
*  41 Ara,5305,4.5,-0.35,1988A&A...191..237P,22
*  41 Ari,12980,,,2009A&A...501..297Z,1
*  41 Ari,11885,,,2012A&A...537A.120Z,2
*  42 Peg,11000,3.5,-0.3,2016A&A...589A..83G,1
*  42 Peg,11430,,,2009A&A...501..297Z,2
*  42 Peg,10940,,,2012A&A...537A.120Z,3
*  43 Eri,3800,,0.0,2020A&A...633A..34C,1
*  43 Eri,3990,1.71,-0.23,1990ApJS...74.1075M,2
*  43 Eri,3990,1.71,-0.23,1990ApJS...74.1075M,3
*  43 Eri,3990,1.71,-0.23,1990ApJS...74.1075M,4
*  46 LMi,4698,2.89,-0.13,2022A&A...663A...4S,1
*  46 LMi,4677,2.8,-0.2,2008AJ....135..209M,2
*  46 LMi,4860,,-0.2,2020A&A...633A..34C,3
*  46 LMi,4756,2.86,-0.05,2007A&A...465..271R,4
*  46 LMi,4725,3.0,-0.11,2007A&A...475.1003H,5
*  46 LMi,4710,2.5,-0.16,1966AnAp...29..413C,6
*  46 LMi,4670,,,2005ApJ...626..446R,7
*  46 LMi,4670,2.96,-0.2,1990ApJS...74.1075M,8
*  46 LMi,4643,,,1999A&AS..139..335A,9
*  46 LMi,4733,2.73,-0.11,2013ApJ...764...78R,10
*  46 LMi,4690,2.61,-0.1,2010AJ....140..293B,11
*  46 LMi,4670,2.96,-0.2,1990ApJS...74.1075M,12
*  46 LMi,,,-0.2,2008A&A...480...91S,13
*  46 LMi,4670,2.96,-0.2,1990ApJS...74.1075M,14
*  46 LMi,4755,3.0,-0.28,1972AcA....22..141G,15
*  46 LMi,4710,2.5,-0.16,1966AnAp...29..413C,16
*  47 UMa,6000,4.0,,2023MNRAS.519.5472M,1
*  47 UMa,5924,4.32,0.06,2024A&A...691A..53S,2
*  47 UMa,5862,4.3,-0.02,2024A&A...691A.160S,3
*  47 UMa,5788,3.99,0.03,2025A&A...698A..93J,4
*  47 UMa,5826,4.01,0.04,2021MNRAS.505.4496G,5
*  47 UMa,5861,4.26,0.01,2016A&A...587A.131M,6
*  47 UMa,5880,4.3,0.02,2022A&A...663A...4S,7
*  47 UMa,5819,4.19,-0.02,2023RAA....23b5008T,8
*  47 UMa,5829,4.328,0.026,2021ApJS..255....8R,9
*  47 UMa,5887,4.3,0.06,2020MNRAS.494.1724J,10
*  47 UMa,5850,4.2,0.05,2021AJ....161..134H,11
*  47 UMa,5960,4.34,0.07,2017AJ....153...21L,12
*  47 UMa,5954,4.44,0.06,2019MNRAS.487.3162C,13
*  47 UMa,5862,4.26,-0.01,2018A&A...614A..55A,14
*  47 UMa,5731,4.16,-0.12,2016RAA....16g..10L,15
*  47 UMa,6011,,,2005ApJ...626..446R,16
*  47 UMa,6000,4.4,0.0,2003AJ....126.2015H,17
*  47 UMa,5954,4.44,0.06,2004A&A...415.1153S,18
*  47 UMa,5940,4.45,0.01,2006AJ....131.3069L,19
*  47 UMa,5940,4.45,0.01,2005AJ....129.1063L,20
*  47 UMa,5925,4.45,0.05,2003A&A...398..363S,21
*  47 UMa,5912,4.31,0.07,2015A&A...580A..24D,22
*  47 UMa,5910,4.36,0.05,2011A&A...526A..71D,23
*  47 UMa,5908,,,2011A&A...530A.138C,24
*  47 UMa,5892,4.27,0.0,2000A&A...362.1077Z,25
*  47 UMa,5892,4.27,0.0,1998A&A...338..161F,26
*  47 UMa,5892,4.27,0.0,1998A&A...336..942F,27
*  47 UMa,5892,4.27,0.0,1997A&A...326.1081F,28
*  47 UMa,5888,4.3,0.01,2005PASJ...57...27T,29
*  47 UMa,5887,,,2004A&A...427..933K,30
*  47 UMa,5887,,,2003A&A...411..559K,31
*  47 UMa,5887,4.3,0.01,2004A&A...418..551M,32
*  47 UMa,5885,4.1,0.07,2003ARep...47..422M,33
*  47 UMa,5882,4.38,0.04,2005ApJS..159..141V,34
*  47 UMa,5882,4.34,0.01,1993A&A...275..101E,35
*  47 UMa,5867,4.26,0.025,2010MNRAS.403.1368G,36
*  47 UMa,5861,4.29,0.05,2003AJ....125.2664L,37
*  47 UMa,5860,4.31,-0.02,1974A&A....36..191H,38
*  47 UMa,5842,4.13,0.025,2010MNRAS.403.1368G,39
*  47 UMa,5819,4.19,-0.02,2007A&A...468..663T,40
*  47 UMa,5811,4.09,0.0,1996A&A...314..191G,41
*  47 UMa,5803,4.3,-0.02,2007A&A...465..271R,42
*  47 UMa,5800,4.25,0.01,1998A&A...334..221G,43
*  47 UMa,5788,4.31,0.03,2002AJ....124.2224Z,44
*  47 UMa,5751,4.35,-0.1,2004A&A...420..183A,45
*  47 UMa,5740,4.26,-0.07,2006ApJ...652.1604B,46
*  47 UMa,5731,4.16,-0.12,2000A&AS..141..491C,47
*  47 UMa,5872,4.3,0.04,2016ApJS..225...32B,48
*  47 UMa,5846,4.18,-0.03,2016A&A...587A...2B,49
*  47 UMa,5782,4.13,-0.06,2016A&A...587A...2B,50
*  47 UMa,5791,4.12,-0.05,2016A&A...587A...2B,51
*  47 UMa,5822,4.17,0.03,2016A&A...587A...2B,52
*  47 UMa,5850,4.28,,2015A&A...579A..20M,53
*  47 UMa,5954,4.44,0.06,2015A&A...576A..69D,54
*  47 UMa,5887,4.3,0.01,2013A&A...552A.128M,55
*  47 UMa,5954,4.44,0.06,2013A&A...556A.150S,56
*  47 UMa,5894,4.3,0.02,2013ApJ...764...78R,57
*  47 UMa,5894,4.3,0.02,2012ApJ...756...46R,58
*  47 UMa,5751,4.35,7.48,2004A&A...420..183A,59
*  47 UMa,5865,4.28,0.0,2011AJ....141...90L,60
*  47 UMa,5865,4.23,-0.02,2011AJ....141...90L,61
*  47 UMa,5865,4.23,-0.01,2011AJ....141...90L,62
*  47 UMa,5865,4.23,0.02,2011AJ....141...90L,63
*  47 UMa,5887,4.3,0.01,2011ARep...55..689M,64
*  47 UMa,5852,4.24,0.02,2011A&A...531A.165P,65
*  47 UMa,5900,4.36,0.03,2011ApJ...736...87K,66
*  47 UMa,5749,4.26,-0.03,2012A&A...541A..40M,67
*  47 UMa,5888,4.3,0.01,2007PASJ...59..335T,68
*  47 UMa,5892,4.27,0.0,2000A&A...362.1077Z,69
*  47 UMa,5731,4.16,-0.12,2000A&AS..141..491C,70
*  47 UMa,5800,4.25,0.01,1998A&A...334..221G,71
*  47 UMa,5892,4.27,0.0,1998A&A...336..942F,72
*  47 UMa,5892,4.27,0.0,1998A&A...338..161F,73
*  47 UMa,5892,4.27,0.0,1997A&A...326.1081F,74
*  47 UMa,5811,4.09,0.0,1996A&A...314..191G,75
*  47 UMa,5882,4.34,0.01,1993A&A...275..101E,76
*  47 UMa,5882,4.34,0.01,1993A&A...275..101E,77
*  47 UMa,5860,4.31,-0.02,1974A&A....36..191H,78
*   4 Lac,20000,3.5,,2023MNRAS.519.5472M,1
*   4 Lac,13642,2.42,0.3,2023ApJS..266...41P,2
*   4 Lac,8092,,,1996A&AS..117..227A,3
*   4 Lac,7945,,,2005ApJ...626..446R,4
*   4 Lac,11200,2.1,,2012A&A...543A..80F,5
*   4 Lac,11150,,,2009A&A...501..297Z,6
*   4 Lac,13642,2.42,0.3,2012A&A...538A.143K,7
*  54 Psc,5214,4.32,0.12,2024A&A...691A..53S,1
*  54 Psc,5074,4.17,0.18,2025A&A...698A..93J,2
*  54 Psc,5297,4.52,0.14,2024A&A...682A.145S,3
*  54 Psc,5517,4.93,0.39,2021MNRAS.505.4496G,4
*  54 Psc,5203,4.47,0.14,2022A&A...663A...4S,5
*  54 Psc,5205,4.505,0.168,2021ApJS..255....8R,6
*  54 Psc,5240,4.4,0.19,2021AJ....161..134H,7
*  54 Psc,5204,4.36,0.02,2015A&A...573A..67P,8
*  54 Psc,5277,4.5,0.15,2015MNRAS.454.1585M,9
*  54 Psc,5214,4.46,0.143,2020ApJ...898..119R,10
*  54 Psc,5289,4.52,0.24,2017AJ....153...21L,11
*  54 Psc,5240,4.32,0.12,2019MNRAS.487.3162C,12
*  54 Psc,5271,4.51,,2016A&A...585A...5B,13
*  54 Psc,5222,4.49,0.16,2018A&A...614A..55A,14
*  54 Psc,5305,4.63,-0.06,1974A&A....34..263H,15
*  54 Psc,5277,4.5,0.15,2012A&A...547A.106M,16
*  54 Psc,5277,4.5,0.15,2008A&A...489..923M,17
*  54 Psc,5238,4.29,0.16,2006AJ....131.3069L,18
*  54 Psc,5226,,,2011A&A...530A.138C,19
*  54 Psc,5221,4.45,0.16,2005ApJS..159..141V,20
*  54 Psc,5218,4.52,0.2,2008MNRAS.384..173F,21
*  54 Psc,5216,4.56,0.12,2007A&A...465..271R,22
*  54 Psc,5211,,,2005ApJ...626..446R,23
*  54 Psc,5173,4.37,0.12,2004A&A...415.1153S,24
*  54 Psc,5144,4.56,0.15,2006ApJ...652.1604B,25
*  54 Psc,5143,4.4,-0.17,1974ApJS...27..405O,26
*  54 Psc,5129,4.19,0.12,2015A&A...580A..24D,27
*  54 Psc,5117,4.58,0.13,2004A&A...420..183A,28
*  54 Psc,5046,,,2013ApJ...771...40B,29
*  54 Psc,5026,4.0,0.13,2011A&A...526A..71D,30
*  54 Psc,4582,,-0.32,1971JRASC..65..222B,31
*  54 Psc,5132,4.37,0.13,2016A&A...587A...2B,32
*  54 Psc,5129,4.35,0.22,2016A&A...587A...2B,33
*  54 Psc,5249,4.57,,2015A&A...579A..20M,34
*  54 Psc,5201,4.54,0.15,2013AJ....146...73P,35
*  54 Psc,5277,4.5,0.15,2013A&A...552A.128M,36
*  54 Psc,5182,4.3,0.12,2013A&A...556A.150S,37
*  54 Psc,5303,4.56,0.18,2013ApJ...764...78R,38
*  54 Psc,5303,4.56,0.18,2012ApJ...756...46R,39
*  54 Psc,5277,4.5,0.15,2012A&A...547A.106M,40
*  54 Psc,5280,4.43,,2003AJ....126.2048G,41
*  54 Psc,5117,4.58,7.65,2004A&A...420..183A,42
*  54 Psc,5010,4.52,-0.18,2011AJ....141...90L,43
*  54 Psc,5010,4.58,0.0,2011AJ....141...90L,44
*  54 Psc,5252,4.32,0.19,2010ApJ...720.1290G,45
*  54 Psc,5211,4.48,0.21,2011A&A...531A.165P,46
*  54 Psc,5196,4.49,0.2,2012A&A...541A..40M,47
*  54 Psc,5396,4.61,-0.15,2007MNRAS.374..664C,48
*  54 Psc,5192,4.42,0.14,2008A&A...480...91S,49
*  54 Psc,5143,4.4,-0.17,1974ApJS...27..405O,50
*  54 Psc,5305,4.63,-0.06,1974A&A....34..263H,51
*  54 Psc,4582,,-0.32,1971JRASC..65..222B,52
*  54 Psc B,814,5.04,,2025ApJ...988...31L,1
*  54 Psc B,790,4.91,,2025ApJ...988...31L,2
*  54 Psc B,910,4.88,,2025ApJ...988...31L,3
*  54 Psc B,769,4.52,,2025ApJ...988...31L,4
*  54 Psc B,808,4.5,,2025ApJ...988...31L,5
*  54 Psc B,900,4.58,,2025ApJ...988...31L,6
*  54 Psc B,856,4.56,,2025ApJ...982...79B,7
*  54 Psc B,800,4.1,,2024ApJ...961..210P,8
*  54 Psc B,740,4.3,,2024ApJ...961..210P,9
*  54 Psc B,810,5.3,0.12,2013MNRAS.433..457B,10
*  58 Eri,5904,4.518,0.044,2025A&A...699A..46M,1
*  58 Eri,5901,4.79,0.06,2024A&A...690A..97C,2
*  58 Eri,5652,4.13,0.03,2025A&A...698A..93J,3
*  58 Eri,5870,4.54,0.04,2024A&A...690A.107S,4
*  58 Eri,5858,4.505,-0.01,2024A&A...683A.125P,5
*  58 Eri,5833,4.49,0.0,2022A&A...663A...4S,6
*  58 Eri,5820,4.4,-0.05,2015MNRAS.454.1585M,7
*  58 Eri,5836,4.54,,2020A&A...639A..35H,8
*  58 Eri,5862,4.515,0.034,2020A&A...639A.127C,9
*  58 Eri,5844,4.468,0.029,2019A&A...629A..80H,10
*  58 Eri,5839,4.47,0.01,2017AJ....153...21L,11
*  58 Eri,5795,4.41,0.03,2019MNRAS.487.3162C,12
*  58 Eri,5822,4.47,-0.01,2018AJ....155..111L,13
*  58 Eri,5811,4.48,-0.01,2018A&A...614A..55A,14
*  58 Eri,5888,4.52,0.04,2018A&A...615A..76S,15
*  58 Eri,5758,4.46,,2003AJ....125.1598L,16
*  58 Eri,6000,4.5,0.1,1981A&A...100...97G,17
*  58 Eri,5925,4.63,0.01,2006AJ....131.3069L,18
*  58 Eri,5925,4.63,0.01,2005AJ....129.1063L,19
*  58 Eri,5880,4.67,0.03,2001A&A...373.1019S,20
*  58 Eri,5868,4.55,0.02,2004A&A...415.1153S,21
*  58 Eri,5857,,,2011A&A...530A.138C,22
*  58 Eri,5853,,,2006A&A...450..735M,23
*  58 Eri,5850,4.5,0.05,2003A&A...410..527B,24
*  58 Eri,5840,4.5,0.03,2014A&A...572A..48R,25
*  58 Eri,5829,4.3,-0.13,1994A&A...287..191P,26
*  58 Eri,5823,4.42,0.042,2010MNRAS.403.1368G,27
*  58 Eri,5820,,,2004A&A...427..933K,28
*  58 Eri,5820,,,2003A&A...411..559K,29
*  58 Eri,5820,4.4,-0.05,2012A&A...547A.106M,30
*  58 Eri,5820,4.4,-0.05,2004A&A...418..551M,31
*  58 Eri,5791,4.42,-0.02,2002NewA....7..211G,32
*  58 Eri,5759,4.39,0.01,2005ApJS..159..141V,33
*  58 Eri,5712,4.49,-0.06,2007A&A...465..271R,34
*  58 Eri,5695,4.5,-0.13,2004A&A...420..183A,35
*  58 Eri,5870,4.535,0.037,2018MNRAS.474.2580S,36
*  58 Eri,5834,4.53,0.04,2016ApJS..225...32B,37
*  58 Eri,5738,4.37,-0.02,2016A&A...587A...2B,38
*  58 Eri,5778,4.47,0.08,2016A&A...587A...2B,39
*  58 Eri,5790,4.5,0.02,2016A&A...586A..49B,40
*  58 Eri,5840,4.5,30.0,2016A&A...592A.156D,41
*  58 Eri,5831,4.53,,2015A&A...579A..20M,42
*  58 Eri,5902,4.51,,2014MNRAS.442..220F,43
*  58 Eri,5769,4.45,-0.04,2015A&A...574A.124D,44
*  58 Eri,5820,4.4,-0.05,2013A&A...552A.128M,45
*  58 Eri,5790,4.5,0.02,2015A&A...577A...9B,46
*  58 Eri,5790,4.54,0.02,2014A&A...562A..71B,47
*  58 Eri,5813,4.48,0.0,2013ApJ...764...78R,48
*  58 Eri,5813,4.48,0.0,2012ApJ...756...46R,49
*  58 Eri,5820,4.4,-0.05,2012A&A...547A.106M,50
*  58 Eri,5695,4.5,7.45,2004A&A...420..183A,51
*  58 Eri,5835,4.38,-0.06,2011AJ....141...90L,52
*  58 Eri,5835,4.37,-0.01,2011AJ....141...90L,53
*  58 Eri,5820,4.4,-0.05,2011ARep...55..689M,54
*  58 Eri,5852,4.64,0.04,2012A&A...541A..40M,55
*  58 Eri,5829,4.3,-0.13,1994A&A...287..191P,56
*  58 Eri,6000,4.5,0.1,1981A&A...100...97G,57
*  58 Eri,5829,4.3,-0.13,1994A&A...287..191P,58
*  58 Eri,6000,4.5,0.1,1981A&A...100...97G,59
*  61 Cyg A,4398,4.63,-0.13,2025A&A...698A..93J,1
*  61 Cyg A,4398,4.63,-0.13,2024A&A...682A.145S,2
*  61 Cyg A,4167,4.63,-0.58,2021MNRAS.505.4496G,3
*  61 Cyg A,4167,4.54,-0.35,2023ApJS..266...41P,4
*  61 Cyg A,4441,4.51,-0.13,2022A&A...663A...4S,5
*  61 Cyg A,4311,4.688,-0.323,2021ApJS..255....8R,6
*  61 Cyg A,4510,4.6,-0.24,2021AJ....161..134H,7
*  61 Cyg A,4523,4.57,-0.28,2020AJ....159..174T,8
*  61 Cyg A,4336,4.65,-0.493,2019AJ....158..101M,9
*  61 Cyg A,4481,4.67,-0.14,2017AJ....153...21L,10
*  61 Cyg A,4593,4.69,-0.21,2018A&A...614A..55A,11
*  61 Cyg A,4823,,,2009A&A...497..497G,12
*  61 Cyg A,4800,4.35,-0.19,2003AJ....126.2015H,13
*  61 Cyg A,4640,4.4,-0.2,2006AJ....131.3069L,14
*  61 Cyg A,4640,4.4,-0.2,2005AJ....129.1063L,15
*  61 Cyg A,4548,,,2012ApJ...757..112B,16
*  61 Cyg A,4525,4.65,-0.37,2005A&A...433..647A,17
*  61 Cyg A,4450,4.8,-0.3,1998MNRAS.299..753Z,18
*  61 Cyg A,4450,4.56,-0.43,1999ApJ...523..234T,19
*  61 Cyg A,4414,,,2011A&A...530A.138C,20
*  61 Cyg A,4383,4.7,0.0,1970A&A.....6..385S,21
*  61 Cyg A,4383,4.5,-0.1,1977ApJ...215..188H,22
*  61 Cyg A,4383,4.5,-0.05,1977ApJ...215..188H,23
*  61 Cyg A,4374,4.63,,2015A&A...582A..49H,24
*  61 Cyg A,4361,,,2012ApJ...757..112B,25
*  61 Cyg A,4355,,,2012ApJ...757..112B,26
*  61 Cyg A,4339,4.43,-0.33,2014A&A...564A.133J,27
*  61 Cyg A,4323,,,1996A&AS..117..227A,28
*  61 Cyg A,4308,4.5,-0.06,1977A&A....61...17O,29
*  61 Cyg A,4264,,,2003A&A...411..559K,30
*  61 Cyg A,4264,,,2005ApJ...626..446R,31
*  61 Cyg A,4236,4.5,-0.03,2008A&A...489..923M,32
*  61 Cyg A,4310,4.14,-0.36,2016A&A...587A...2B,33
*  61 Cyg A,4335,4.17,-0.25,2016A&A...587A...2B,34
*  61 Cyg A,4242,4.7,-0.38,2011A&A...531A.165P,35
*  61 Cyg A,4167,4.54,-0.35,2012A&A...538A.143K,36
*  61 Cyg A,4500,4.56,-0.43,2009A&A...508.1313F,37
*  61 Cyg A,4450,4.56,-0.43,1999ApJ...523..234T,38
*  61 Cyg A,4342,4.56,-0.05,2007MNRAS.374..664C,39
*  61 Cyg A,4491,4.51,-0.27,2008A&A...480...91S,40
*  61 Cyg A,4308,4.5,-0.06,1977A&A....61...17O,41
*  61 Cyg A,4383,4.5,-0.1,1977ApJ...215..188H,42
*  61 Cyg A,4383,4.5,-0.05,1977ApJ...215..188H,43
*  61 Cyg A,4383,4.7,0.0,1970A&A.....6..385S,44
*  61 Cyg B,4174,4.68,-0.21,2025A&A...698A..93J,1
*  61 Cyg B,4174,4.68,-0.21,2024A&A...682A.145S,2
*  61 Cyg B,3894,4.54,-0.56,2023ApJS..266...41P,3
*  61 Cyg B,4107,4.47,-0.21,2022A&A...663A...4S,4
*  61 Cyg B,4089,4.651,-0.143,2019ApJ...879...69T,5
*  61 Cyg B,4177,4.7498,-0.268,2020AJ....160..120J,6
*  61 Cyg B,4030,4.69,-0.413,2019AJ....158..101M,7
*  61 Cyg B,3911,4.49,-0.41,2018ApJS..238...29P,8
*  61 Cyg B,4171,4.7,-0.08,2017AJ....153...21L,9
*  61 Cyg B,4353,4.74,-0.28,2018A&A...614A..55A,10
*  61 Cyg B,4400,4.2,-0.27,2006AJ....131.3069L,11
*  61 Cyg B,4400,4.2,-0.27,2005AJ....129.1063L,12
*  61 Cyg B,4120,4.4,-0.63,1999ApJ...523..234T,13
*  61 Cyg B,4045,4.53,-0.38,2014A&A...564A.133J,14
*  61 Cyg B,4044,4.67,,2015A&A...582A..49H,15
*  61 Cyg B,4020,,,1998A&A...339..858D,16
*  61 Cyg B,4000,4.5,-0.15,1977ApJ...215..188H,17
*  61 Cyg B,3954,,,2012ApJ...757..112B,18
*  61 Cyg B,3938,4.8,0.0,1978ApJ...226..923M,19
*  61 Cyg B,3932,,,2012ApJ...757..112B,20
*  61 Cyg B,3914,,,2005ApJ...626..446R,21
*  61 Cyg B,3907,4.5,-0.05,1977ApJ...215..188H,22
*  61 Cyg B,3865,,,1996A&AS..117..227A,23
*  61 Cyg B,3852,,,2012ApJ...757..112B,24
*  61 Cyg B,3847,4.5,-0.1,1977A&A....61...17O,25
*  61 Cyg B,3808,,,2003A&A...411..559K,26
*  61 Cyg B,3786,,,1996A&AS..117..227A,27
*  61 Cyg B,3652,4.6,-0.65,1974ApJS...27..405O,28
*  61 Cyg B,3942,4.04,-0.65,2016A&A...587A...2B,29
*  61 Cyg B,3941,4.01,-0.65,2016A&A...587A...2B,30
*  61 Cyg B,3954,4.04,-0.59,2016A&A...587A...2B,31
*  61 Cyg B,3941,4.06,-0.54,2016A&A...587A...2B,32
*  61 Cyg B,4021,,-0.22,2015ApJ...804...64M,33
*  61 Cyg B,3894,4.54,-0.56,2012A&A...538A.143K,34
*  61 Cyg B,4200,4.4,-0.63,2009A&A...508.1313F,35
*  61 Cyg B,4120,4.4,-0.63,1999ApJ...523..234T,36
*  61 Cyg B,4016,4.27,-0.39,2008A&A...480...91S,37
*  61 Cyg B,3938,4.8,0.0,1978ApJ...226..923M,38
*  61 Cyg B,3847,4.5,-0.1,1977A&A....61...17O,39
*  61 Cyg B,3907,4.5,-0.05,1977ApJ...215..188H,40
*  61 Cyg B,4000,4.5,-0.15,1977ApJ...215..188H,41
*  61 Cyg B,3652,4.6,-0.65,1974ApJS...27..405O,42
*  61 UMa,5750,4.5,,2023MNRAS.519.5472M,1
*  61 UMa,5310,4.42,-0.05,2025A&A...698A..93J,2
*  61 UMa,5310,4.42,-0.05,2024A&A...682A.145S,3
*  61 UMa,5389,4.39,-0.2,2021MNRAS.505.4496G,4
*  61 UMa,5491,4.54,-0.05,2022A&A...663A...4S,5
*  61 UMa,5503,4.52,-0.009,2021ApJS..255....8R,6
*  61 UMa,5558,4.5,0.02,2020MNRAS.494.1724J,7
*  61 UMa,5530,4.6,0.02,2021AJ....161..134H,8
*  61 UMa,5535,4.55,,2015AJ....150..203G,9
*  61 UMa,5500,4.48,-0.04,2015A&A...573A..67P,10
*  61 UMa,5507,4.54,-0.06,2017AJ....153...21L,11
*  61 UMa,5528,4.53,-0.05,2019MNRAS.487.3162C,12
*  61 UMa,5532,4.56,-0.05,2018A&A...614A..55A,13
*  61 UMa,5630,4.55,-0.01,2006AJ....131.3069L,14
*  61 UMa,5630,4.55,-0.01,2005AJ....129.1063L,15
*  61 UMa,5600,4.55,0.0,2003AJ....126.2015H,16
*  61 UMa,5575,4.55,-0.03,2009A&A...508L..17R,17
*  61 UMa,5558,,,2004A&A...427..933K,18
*  61 UMa,5538,4.69,0.03,1984Ap&SS.105...55C,19
*  61 UMa,5534,4.53,-0.03,2005PASJ...57...27T,20
*  61 UMa,5532,,,2011A&A...530A.138C,21
*  61 UMa,5530,4.46,-0.002,2010MNRAS.403.1368G,22
*  61 UMa,5522,4.54,-0.05,2008MNRAS.384..173F,23
*  61 UMa,5488,4.43,-0.03,2005ApJS..159..141V,24
*  61 UMa,5478,4.6,-0.14,1974A&A....34..263H,25
*  61 UMa,5452,,,2009A&A...497..497G,26
*  61 UMa,5430,4.55,-0.08,2007A&A...465..271R,27
*  61 UMa,5409,4.56,-0.1,2006ApJ...652.1604B,28
*  61 UMa,5402,4.57,-0.16,2004A&A...420..183A,29
*  61 UMa,5353,,,2005ApJ...626..446R,30
*  61 UMa,5342,,,1996A&AS..117..227A,31
*  61 UMa,5309,,,2013ApJ...771...40B,32
*  61 UMa,5270,,,2012ApJ...746..101B,33
*  61 UMa,4846,,-0.4,1971JRASC..65..222B,34
*  61 UMa,5502,4.52,-0.04,2016ApJS..225...32B,35
*  61 UMa,5335,4.34,-0.07,2016A&A...587A...2B,36
*  61 UMa,5415,4.5,0.02,2016A&A...587A...2B,37
*  61 UMa,5560,4.67,,2015A&A...579A..20M,38
*  61 UMa,5507,4.66,-0.02,2013AJ....146...73P,39
*  61 UMa,5527,4.612,-0.04,2014AJ....148...70M,40
*  61 UMa,5528,4.53,-0.05,2013ApJ...764...78R,41
*  61 UMa,5528,4.53,-0.05,2012ApJ...756...46R,42
*  61 UMa,5463,4.51,,2003AJ....126.2048G,43
*  61 UMa,5402,4.57,7.42,2004A&A...420..183A,44
*  61 UMa,5429,4.58,-0.06,2011AJ....141...90L,45
*  61 UMa,5429,4.63,-0.07,2011AJ....141...90L,46
*  61 UMa,5535,4.52,0.03,2011A&A...531A.165P,47
*  61 UMa,5591,4.6,0.01,2012A&A...541A..40M,48
*  61 UMa,5534,4.53,-0.03,2007PASJ...59..335T,49
*  61 UMa,5538,4.69,0.03,1984Ap&SS.105...55C,50
*  61 UMa,5401,4.6,-0.13,2007MNRAS.374..664C,51
*  61 UMa,5500,4.54,-0.04,2008A&A...480...91S,52
*  61 UMa,5538,4.69,0.03,1984Ap&SS.105...55C,53
*  61 UMa,5478,4.6,-0.14,1974A&A....34..263H,54
*  61 UMa,4846,,-0.4,1971JRASC..65..222B,55
*  61 Vir,5522,4.52,-0.08,2024A&A...690A..97C,1
*  61 Vir,5556,4.31,-0.01,2024A&A...691A..53S,2
*  61 Vir,5568,4.39,0.01,2024A&A...690A.107S,3
*  61 Vir,5572,4.346,-0.02,2024A&A...683A.125P,4
*  61 Vir,5438,4.32,-0.2,2021MNRAS.505.4496G,5
*  61 Vir,5506,4.3,-0.03,2023ApJS..266...41P,6
*  61 Vir,5755,4.7,-0.07,2023ApJS..266...11B,7
*  61 Vir,5552,4.41,-0.01,2022A&A...663A...4S,8
*  61 Vir,5585,4.369,0.028,2021ApJS..255....8R,9
*  61 Vir,5558,-1.7113,-0.02,2014A&A...566A..66G,10
*  61 Vir,5617,4.45,,2016MNRAS.456.1221R,11
*  61 Vir,5559,4.42,,2016MNRAS.456.1221R,12
*  61 Vir,5588,4.46,,2016MNRAS.456.1221R,13
*  61 Vir,5490,4.4,,2016MNRAS.456.1221R,14
*  61 Vir,5595,4.45,,2016MNRAS.456.1221R,15
*  61 Vir,5558,4.36,,2016MNRAS.456.1221R,16
*  61 Vir,5538,4.42,,2016MNRAS.456.1221R,17
*  61 Vir,5567,4.42,,2016MNRAS.456.1221R,18
*  61 Vir,5558,4.37,-0.02,2021A&A...655A..99D,19
*  61 Vir,,,-0.02,2020A&A...643A.106B,20
*  61 Vir,5471,5.0,,2020AJ....160...83S,21
*  61 Vir,5558,4.37,-0.02,2020A&A...634A.136C,22
*  61 Vir,5585,4.438,-0.006,2019A&A...629A..80H,23
*  61 Vir,5539,4.35,0.02,2018ApJS..238...29P,24
*  61 Vir,5578,4.44,-0.01,2017AJ....153...21L,25
*  61 Vir,5618,4.52,0.02,2019MNRAS.487.3162C,26
*  61 Vir,5556,4.35,-0.02,2018A&A...620A..58S,27
*  61 Vir,5580,4.39,0.02,2018A&A...620A..58S,28
*  61 Vir,5559,4.36,-0.01,2018A&A...620A..58S,29
*  61 Vir,5569,4.39,0.03,2018A&A...620A..58S,30
*  61 Vir,5651,4.46,,2016A&A...585A...5B,31
*  61 Vir,5548,4.42,0.0,2018AJ....155..111L,32
*  61 Vir,5566,4.41,-0.01,2018A&A...614A..55A,33
*  61 Vir,5557,4.364,0.02,2018A&A...615A..76S,34
*  61 Vir,5473,4.471,-0.75,2018A&A...615A..76S,35
*  61 Vir,5537,4.38,-0.03,2018A&A...614A..84S,36
*  61 Vir,5503,4.44,,2003AJ....125.1598L,37
*  61 Vir,5558,4.36,-0.02,2017A&A...606A..94D,38
*  61 Vir,5720,4.67,0.11,2005PASJ...57...27T,39
*  61 Vir,5628,,,2011A&A...530A.138C,40
*  61 Vir,5600,4.35,0.03,2003AJ....126.2015H,41
*  61 Vir,5600,4.5,-0.02,1988A&A...191..237P,42
*  61 Vir,5600,4.0,-0.03,1984Msngr..38...33E,43
*  61 Vir,5590,4.23,-0.03,1993A&A...275..101E,44
*  61 Vir,5587,4.41,0.0,2012A&A...542A..84D,45
*  61 Vir,5585,4.35,0.02,2006AJ....131.3069L,46
*  61 Vir,5585,4.35,0.02,2005AJ....129.1063L,47
*  61 Vir,5577,4.34,0.01,2005A&A...437.1127S,48
*  61 Vir,5571,4.47,0.05,2005ApJS..159..141V,49
*  61 Vir,5558,4.36,-0.02,2008A&A...487..373S,50
*  61 Vir,5552,4.33,-0.03,1996A&A...314..191G,51
*  61 Vir,5544,4.32,0.0,2015A&A...580A..24D,52
*  61 Vir,5538,,,2014MNRAS.438.2413V,53
*  61 Vir,5534,4.41,-0.01,2014A&A...568A..25N,54
*  61 Vir,5533,4.29,0.01,2010MNRAS.403.1368G,55
*  61 Vir,5528,,,2012A&A...542A.116A,56
*  61 Vir,5515,4.53,-0.03,2006MNRAS.367.1329R,57
*  61 Vir,5490,4.4,-0.1,2015ApJ...808..148S,58
*  61 Vir,5489,,,1998A&A...339..858D,59
*  61 Vir,5487,4.49,0.01,2007A&A...465..271R,60
*  61 Vir,5483,4.52,-0.12,2004A&A...420..183A,61
*  61 Vir,5430,,,1998A&AS..129..505B,62
*  61 Vir,5562,4.44,-0.04,2016ApJS..225...32B,63
*  61 Vir,5461,4.27,0.04,2016A&A...587A...2B,64
*  61 Vir,5490,4.4,-0.1,2015ApJ...808..148S,65
*  61 Vir,5579,4.51,,2015A&A...579A..20M,66
*  61 Vir,5469,4.4,-0.03,2015A&A...577A...9B,67
*  61 Vir,5469,4.36,-0.03,2014A&A...562A..71B,68
*  61 Vir,5577,4.34,0.01,2013A&A...556A.150S,69
*  61 Vir,5537,4.38,-0.03,2013A&A...555A.150T,70
*  61 Vir,5571,4.42,-0.02,2013ApJ...764...78R,71
*  61 Vir,5571,4.42,-0.02,2012ApJ...756...46R,72
*  61 Vir,5483,4.52,7.45,2004A&A...420..183A,73
*  61 Vir,5558,4.36,-0.02,2012A&A...545A..32A,74
*  61 Vir,5618,4.52,0.06,2010ApJ...720.1290G,75
*  61 Vir,5539,4.35,0.02,2011A&A...531A.165P,76
*  61 Vir,5400,4.57,0.0,2012A&A...541A..40M,77
*  61 Vir,5720,4.67,0.11,2007PASJ...59..335T,78
*  61 Vir,5506,4.3,-0.03,2012A&A...538A.143K,79
*  61 Vir,5552,4.33,-0.03,1996A&A...314..191G,80
*  61 Vir,5590,4.23,-0.03,1993A&A...275..101E,81
*  61 Vir,5600,4.5,-0.02,1988A&A...191..237P,82
*  61 Vir,5600,4.0,-0.03,1984Msngr..38...33E,83
*  61 Vir,5558,4.36,-0.02,2008A&A...487..373S,84
*  61 Vir,5531,4.32,-0.01,2007MNRAS.374..664C,85
*  61 Vir,5590,4.23,-0.03,1993A&A...275..101E,86
*  61 Vir,5600,4.5,-0.02,1988A&A...191..237P,87
*  61 Vir,5600,4.0,-0.03,1984Msngr..38...33E,88
*  64 Ori,12415,3.3448,-0.9391,2024A&A...681A.107R,1
*  64 Ori,12905,3.73,,2010ApJ...722..605H,2
*  64 Ori,12618,,,2012A&A...537A.120Z,3
*  64 Ori,12905,3.73,,2010ApJ...722..605H,4
*   6 Lac,20890,3.56,-0.04,1992ApJ...387..673G,1
*   6 Lac,19750,,,2009A&A...501..297Z,2
*   6 Lac,20890,3.56,-0.04,1992ApJ...387..673G,3
*  70 Oph A,5298,4.52,0.06,2022A&A...663A...4S,1
*  70 Oph A,5244,4.47,0.02,2017AJ....153...21L,2
*  70 Oph A,5241,4.52,0.07,2018AJ....155..111L,3
*  70 Oph A,5407,,,2012ApJ...757..112B,4
*  70 Oph A,5300,4.57,0.12,2010MNRAS.405.1907B,5
*  70 Oph A,5307,4.52,0.07,2016ApJS..225...32B,6
*  70 Oph A,5306,4.58,,2014MNRAS.442..220F,7
*  70 Oph B,5180,4.41,-0.07,2024A&A...690A..97C,1
*  70 Oph B,4359,4.65,-0.144,2019AJ....158..101M,2
*  70 Oph B,4393,,,2012ApJ...757..112B,3
*   7 Com,4872,2.46,-0.2,2016A&A...588A..98M,1
*   7 Com,4928,2.61,-0.15,2022A&A...663A...4S,2
*   7 Com,4887,2.6,-0.24,2008AJ....135..209M,3
*   7 Com,4960,,-0.2,2020A&A...633A..34C,4
*   7 Com,5030,2.88,-0.11,2015A&A...580A..24D,5
*   7 Com,5017,2.88,-0.11,2011A&A...526A..71D,6
*   7 Com,4935,,,2006MNRAS.371..879K,7
*   7 Com,4935,2.5,-0.09,2006A&A...456.1109M,8
*   7 Com,4925,2.51,-0.03,2009ARep...53..685P,9
*   7 Com,4920,2.72,-0.24,1990ApJS...74.1075M,10
*   7 Com,4850,2.8,-0.2,2007A&A...475.1003H,11
*   7 Com,4933,2.57,-0.18,2014ApJ...785...94L,12
*   7 Com,5023,2.95,-0.09,2015A&A...574A..50J,13
*   7 Com,4871,2.46,-0.2,2013A&A...554A..84M,14
*   7 Com,,,-0.34,1997JApA...18..161Y,15
*   7 Com,4920,2.72,-0.24,1990ApJS...74.1075M,16
*   7 Com,,,-0.09,2008A&A...480...91S,17
*   7 Com,4932,2.57,-0.14,2008A&A...480...91S,18
*   7 Com,4920,2.72,-0.24,1990ApJS...74.1075M,19
*  85 Peg,5666,4.52,-0.57,2024A&A...690A..97C,1
*  85 Peg,5445,4.39,-0.79,2025A&A...698A..93J,2
*  85 Peg,5445,4.39,-0.79,2024A&A...682A.145S,3
*  85 Peg,5501,4.92,-0.98,2021MNRAS.505.4496G,4
*  85 Peg,5474,4.34,-0.82,2023AJ....165..145L,5
*  85 Peg,5411,4.45,-0.79,2022A&A...663A...4S,6
*  85 Peg,5390,4.6,-0.67,2021AJ....161..134H,7
*  85 Peg,5300,4.1,-0.91,2015MNRAS.454.1585M,8
*  85 Peg,5454,4.54,-0.73,2017AJ....153...21L,9
*  85 Peg,5680,4.86,-0.52,2005PASJ...57...27T,10
*  85 Peg,5551,4.45,-0.73,1999MNRAS.305..693C,11
*  85 Peg,5528,,,2011A&A...530A.138C,12
*  85 Peg,5524,4.61,-0.86,1994A&A...291..895A,13
*  85 Peg,5480,4.45,-0.66,2004A&A...413.1045G,14
*  85 Peg,5478,,-0.52,1967MNRAS.137...41A,15
*  85 Peg,5470,4.2,-0.71,2012A&A...541A.157S,16
*  85 Peg,5405,4.6,-0.86,2007A&A...465..271R,17
*  85 Peg,5400,4.3,-0.9,2003AJ....126.2015H,18
*  85 Peg,5400,4.4,-0.9,2006AJ....131.3069L,19
*  85 Peg,5400,4.4,-0.9,2005AJ....129.1063L,20
*  85 Peg,5362,,-0.6,1963ApJ...138...97H,21
*  85 Peg,5361,4.61,-0.88,2004A&A...420..183A,22
*  85 Peg,5357,4.32,-0.9,2003A&A...404..187G,23
*  85 Peg,5305,,-0.59,1959ApJ...129..720W,24
*  85 Peg,5305,,-0.55,1961ApJS....6..407W,25
*  85 Peg,5300,4.1,-0.85,2003ARep...47..422M,26
*  85 Peg,5300,4.1,-0.91,2004A&A...418..551M,27
*  85 Peg,5300,4.1,-0.85,2001A&A...370..951M,28
*  85 Peg,5275,4.1,-1.0,2000AJ....120.1841F,29
*  85 Peg,5196,4.58,-0.66,1999ApJ...521..753T,30
*  85 Peg,5196,4.5,-0.7,1977MNRAS.181....1C,31
*  85 Peg,5196,4.35,-1.08,1974A&A....34..263H,32
*  85 Peg,4667,,-0.7,1960ApJ...132..553H,33
*  85 Peg,5407,4.3,-0.79,2016A&A...587A...2B,34
*  85 Peg,5330,4.08,-0.82,2016A&A...587A...2B,35
*  85 Peg,5354,4.32,,2015A&A...579A..20M,36
*  85 Peg,5300,4.1,-0.91,2013A&A...552A.128M,37
*  85 Peg,5510,4.46,-0.76,2013ApJ...764...78R,38
*  85 Peg,5510,4.46,-0.76,2012ApJ...756...46R,39
*  85 Peg,5502,4.27,,2003AJ....126.2048G,40
*  85 Peg,5361,4.61,6.78,2004A&A...420..183A,41
*  85 Peg,5348,4.27,-0.84,2011AJ....141...90L,42
*  85 Peg,5348,4.35,-0.83,2011AJ....141...90L,43
*  85 Peg,5300,4.1,-0.91,2011ARep...55..689M,44
*  85 Peg,5411,4.19,-0.78,2011A&A...531A.165P,45
*  85 Peg,5491,4.75,-0.72,2012A&A...541A..40M,46
*  85 Peg,5680,4.86,-0.52,2007PASJ...59..335T,47
*  85 Peg,5275,4.1,-1.0,2000AJ....120.1841F,48
*  85 Peg,5551,4.45,-0.73,1999MNRAS.305..693C,49
*  85 Peg,5524,4.61,-0.86,1994A&A...291..895A,50
*  85 Peg,5305,4.49,-0.75,2007MNRAS.374..664C,51
*  85 Peg,5413,4.43,-0.81,2008A&A...480...91S,52
*  85 Peg,5524,4.61,-0.86,1994A&A...291..895A,53
*  85 Peg,5196,4.5,-0.7,1977MNRAS.181....1C,54
*  85 Peg,5196,4.35,-1.08,1974A&A....34..263H,55
*  85 Peg,5478,,-0.52,1967MNRAS.137...41A,56
*  85 Peg,5362,,-0.6,1963ApJ...138...97H,57
*  85 Peg,5305,,-0.55,1961ApJS....6..407W,58
*  85 Peg,4667,,-0.7,1960ApJ...132..553H,59
*  85 Peg,5305,,-0.59,1959ApJ...129..720W,60
* a Car,20880,,,1995A&AS..110..553S,1
* A Cen,10617,,,2012A&A...537A.120Z,1
* alf02 Cap,4992,2.65,-0.06,2022A&A...663A...4S,1
* alf02 Cap,4909,3.0,-0.18,2008AJ....135..209M,2
* alf02 Cap,5028,2.8,,2003AJ....125.1598L,3
* alf02 Cap,5035,1.75,-0.15,2007A&A...475.1003H,4
* alf02 Cap,5000,3.05,-0.18,1990ApJS...74.1075M,5
* alf02 Cap,4990,3.3,0.14,1974PhDT.........8F,6
* alf02 Cap,4990,2.8,0.14,1978A&A....67..311F,7
* alf02 Cap,4990,2.8,0.08,1981A&A....93..315F,8
* alf02 Cap,4979,,,2009A&A...497..497G,9
* alf02 Cap,4978,,,1999A&AS..139..335A,10
* alf02 Cap,4977,,,2005ApJ...626..446R,11
* alf02 Cap,4967,,,1998A&A...339..858D,12
* alf02 Cap,4933,,,1998A&AS..129..505B,13
* alf02 Cap,5046,2.9,0.03,2014ApJ...785...94L,14
* alf02 Cap,5000,3.05,-0.18,1990ApJS...74.1075M,15
* alf02 Cap,4990,2.8,0.08,1981A&A....93..315F,16
* alf02 Cap,,,-0.11,2008A&A...480...91S,17
* alf02 Cap,5000,3.05,-0.18,1990ApJS...74.1075M,18
* alf02 Cap,4990,2.8,0.08,1981A&A....93..315F,19
* alf02 Cap,4990,2.8,0.14,1978A&A....67..311F,20
* alf02 Cap,4990,3.3,0.14,1974PhDT.........8F,21
* alf02 CVn,10626,3.3,0.0,2021MNRAS.505.4496G,1
* alf02 CVn,11658,3.78,0.68,2023ApJS..266...41P,2
* alf02 CVn,11300,3.8,,2019AstBu..74...62M,3
* alf02 CVn,9164,4.5,0.46,1960MmSAI..31..279H,4
* alf02 CVn,12000,4.0,1.8,1970ApJ...159..473C,5
* alf02 CVn,11630,,,2009A&A...501..297Z,6
* alf02 CVn,10723,3.2,0.17,1967ApJS...15...21W,7
* alf02 CVn,12303,4.09,0.9,2011A&A...531A.165P,8
* alf02 CVn,11658,3.78,0.68,2012A&A...538A.143K,9
* alf02 CVn,12000,4.0,1.8,1970ApJ...159..473C,10
* alf02 CVn,10723,3.2,0.17,1967ApJS...15...21W,11
* alf02 CVn,9164,4.5,0.46,1960MmSAI..31..279H,12
* alf02 CVn,8000,,2.9,1955ApJS....1..431B,13
* alf02 Lib,8128,3.91,,2003AJ....125.1598L,1
* alf02 Lib,8241,,,2012A&A...537A.120Z,2
* alf02 Lib,8128,3.83,0.1,2003A&A...398.1121E,3
* alf And,14000,4.5,,2023MNRAS.519.5472M,1
* alf And,12938,4.19,0.42,2023ApJS..266...41P,2
* alf And,13076,3.46,0.43,2019A&A...627A.138A,3
* alf And,14400,3.8,0.4,1976IAUCo..32..521K,4
* alf And,14000,3.5,-1.5,1969IzKry..40...65K,5
* alf And,13622,4.0,-0.3,1979ApJS...41..675H,6
* alf And,12750,,,2009A&A...501..297Z,7
* alf And,13098,3.91,,2003AJ....126.2048G,8
* alf And,12938,4.19,0.42,2012A&A...538A.143K,9
* alf And,13622,4.0,-0.3,1979ApJS...41..675H,10
* alf And,14400,3.8,0.4,1976IAUCo..32..521K,11
* alf And,14000,3.5,-1.5,1969IzKry..40...65K,12
* alf Ant,4020,,-0.7,2020A&A...633A..34C,1
* alf Ant,4049,1.61,-0.33,2019A&A...627A.138A,2
* alf Ant,3990,1.77,-0.39,1990ApJS...74.1075M,3
* alf Ant,3990,1.77,-0.39,1990ApJS...74.1075M,4
* alf Ant,3990,1.77,-0.39,1990ApJS...74.1075M,5
* alf Aps,4090,,-0.3,2020A&A...633A..34C,1
* alf Aql,6246,4.349,0.19,2024A&A...683A.125P,1
* alf Aql,7485,3.7177,-0.0803,2023ApJS..266...11B,2
* alf Aql,7377,3.95,0.48,2017AJ....153...21L,3
* alf Aql,8040,,,1995A&AS..110..553S,4
* alf Aql,7727,,,2012A&A...537A.120Z,5
* alf Aql,7568,,,1998A&A...339..858D,6
* alf Aql,7550,4.13,-0.24,2003A&A...398.1121E,7
* alf Aql,7800,3.76,,2003AJ....126.2048G,8
* alf Aql,7646,4.23,,2004A&A...420..183A,9
* alf Aqr,5416,1.73,0.04,2024A&A...692A.189R,1
* alf Aqr,7100,1.8037,-0.0507,2024A&A...681A.107R,2
* alf Aqr,5246,1.58,0.15,2022A&A...663A...4S,3
* alf Aqr,5210,1.76,6.5,2019MNRAS.489.1533L,4
* alf Aqr,5305,1.4,0.31,1977ApJ...218..752L,5
* alf Aqr,5305,1.4,0.3,1981ApJ...245.1018L,6
* alf Aqr,5305,1.4,0.14,1981A&A...103..135F,7
* alf Aqr,5250,1.15,0.1,1982ApJ...256..177L,8
* alf Aqr,5210,,,2007MNRAS.378..617K,9
* alf Aqr,5210,1.76,0.03,2010MNRAS.402.1369L,10
* alf Aqr,5206,,,1998A&AS..129..505B,11
* alf Aqr,5091,1.45,0.03,1973A&A....23..369V,12
* alf Aqr,5232,1.1,0.03,2016A&A...587A...2B,13
* alf Aqr,5325,1.66,0.15,2014AJ....147..137L,14
* alf Aqr,5250,1.15,0.1,1982ApJ...256..177L,15
* alf Aqr,5305,1.4,0.3,1981ApJ...245.1018L,16
* alf Aqr,5305,1.4,0.14,1981A&A...103..135F,17
* alf Aqr,5240,1.34,0.17,2008A&A...480...91S,18
* alf Aqr,5250,1.15,0.1,1982ApJ...256..177L,19
* alf Aqr,5305,1.4,0.3,1981ApJ...245.1018L,20
* alf Aqr,5305,1.4,0.14,1981A&A...103..135F,21
* alf Aqr,5305,1.4,0.31,1977ApJ...218..752L,22
* alf Aqr,5091,1.45,0.03,1973A&A....23..369V,23
* alf Ara,18110,3.8,,2018MNRAS.474.5287A,1
* alf Ara,22150,3.55,,2006MNRAS.371..252L,2
* alf Ara,21478,4.0,,2001A&A...378..861C,3
* alf Ari,4513,2.49,-0.16,2024A&A...691A..53S,1
* alf Ari,4498,2.4,-0.25,2025A&A...698A..93J,2
* alf Ari,4537,2.35,-0.19,2022A&A...663A...4S,3
* alf Ari,,2.3,-0.13,2022A&A...661A..63W,4
* alf Ari,4464,2.27,-0.21,2022A&A...666A.125F,5
* alf Ari,4498,2.4,-0.25,2008AJ....135..209M,6
* alf Ari,4530,,-0.2,2020A&A...633A..34C,7
* alf Ari,4464,2.27,-0.21,2019A&A...625A.141L,8
* alf Ari,4464,2.27,-0.24,2017A&A...598A.100J,9
* alf Ari,4790,,,1998AJ....116..981V,10
* alf Ari,4710,2.51,-0.25,1981ApJ...248..228L,11
* alf Ari,4682,2.85,-0.3,2011A&A...526A..71D,12
* alf Ari,4643,2.78,-0.26,2015A&A...580A..24D,13
* alf Ari,4600,2.7,-0.13,2007A&A...475.1003H,14
* alf Ari,4582,1.38,-0.29,1982MNRAS.201..807G,15
* alf Ari,4546,2.4,-0.24,2007A&A...465..271R,16
* alf Ari,4501,,,2005ApJ...626..446R,17
* alf Ari,4500,2.4,-0.21,1974ApJS...27..405O,18
* alf Ari,4490,,,1999A&AS..139..335A,19
* alf Ari,4480,2.57,-0.25,1990ApJS...74.1075M,20
* alf Ari,4425,1.65,-0.21,1995AJ....110.2968L,21
* alf Ari,4421,2.5,-0.08,1978ApJ...225..902B,22
* alf Ari,4363,,,2009A&A...497..497G,23
* alf Ari,4636,2.74,-0.24,2015A&A...574A..50J,24
* alf Ari,4513,2.49,-0.16,2013A&A...556A.150S,25
* alf Ari,4553,2.2,-0.27,2013ApJ...764...78R,26
* alf Ari,4504,2.2,,2003AJ....126.2048G,27
* alf Ari,4593,2.45,-0.13,2007AJ....133.2464L,28
* alf Ari,4425,1.65,-0.21,1995AJ....110.2968L,29
* alf Ari,4480,2.57,-0.25,1990ApJS...74.1075M,30
* alf Ari,4582,1.38,-0.29,1982MNRAS.201..807G,31
* alf Ari,4710,2.51,-0.25,1981ApJ...248..228L,32
* alf Ari,,,-0.23,2008A&A...480...91S,33
* alf Ari,4425,1.65,-0.21,1995AJ....110.2968L,34
* alf Ari,4480,2.57,-0.25,1990ApJS...74.1075M,35
* alf Ari,4582,1.38,-0.29,1982MNRAS.201..807G,36
* alf Ari,4710,2.51,-0.25,1981ApJ...248..228L,37
* alf Ari,4421,2.5,-0.08,1978ApJ...225..902B,38
* alf Ari,4500,2.4,-0.21,1974ApJS...27..405O,39
* alf Aur,5205,2.5,-0.37,2022A&A...663A...4S,1
* alf Aur,,3.0,-0.37,2008AJ....135..209M,2
* alf Aur,5270,3.05,-0.37,1990ApJS...74.1075M,3
* alf Aur,5272,3.15,0.18,2016A&A...587A...2B,4
* alf Aur,5137,2.51,,2004A&A...420..183A,5
* alf Aur,5270,3.05,-0.37,1990ApJS...74.1075M,6
* alf Aur,5270,3.05,-0.37,1990ApJS...74.1075M,7
* alf Boo,4236,1.63,-0.63,2024A&A...690A..97C,1
* alf Boo,4308,1.7,-0.55,2025A&A...698A..93J,2
* alf Boo,4355,1.62,-0.55,2024A&A...692A.189R,3
* alf Boo,4300,1.66,-0.5,2024A&A...684A..85V,4
* alf Boo,4277,1.58,-0.55,2024A&A...682A.145S,5
* alf Boo,4313,1.741,-0.5726,2022ApJS..259...35A,6
* alf Boo,4307,2.14,-1.14,2021MNRAS.505.4496G,7
* alf Boo,4765,2.47,-0.426,2023ApJS..266...11B,8
* alf Boo,4306,1.61,-0.63,2023AJ....165..145L,9
* alf Boo,4295,1.67,-0.55,2022A&A...663A...4S,10
* alf Boo,4308,1.7,-0.55,2022A&A...668A..88N,11
* alf Boo,4196,1.611,-0.556,2019ApJ...879...69T,12
* alf Boo,4308,1.7,-0.56,2022A&A...665A.135M,13
* alf Boo,4251,1.72,-0.57,2022A&A...666A.125F,14
* alf Boo,4325,2.1,-0.6,2008AJ....135..209M,15
* alf Boo,4289,1.6503,-0.546,2021MNRAS.506..150B,16
* alf Boo,4291,1.7474,-0.549,2020AJ....160..120J,17
* alf Boo,,1.754,-0.484,2019ApJ...872..137S,18
* alf Boo,,,-0.548,2019MNRAS.490.1821C,19
* alf Boo,,,-0.516,2019MNRAS.490.1821C,20
* alf Boo,,,-0.556,2019MNRAS.490.1821C,21
* alf Boo,4251,1.72,-0.57,2019A&A...625A.141L,22
* alf Boo,4298,1.77,-0.44,2018AJ....156..126J,23
* alf Boo,4251,1.72,-0.6,2017A&A...598A.100J,24
* alf Boo,4628,,,1998AJ....116..981V,25
* alf Boo,4500,2.01,-0.56,1981ApJ...248..228L,26
* alf Boo,4421,0.98,-0.48,1982MNRAS.201..807G,27
* alf Boo,4383,1.97,-0.42,1988A&A...190..148E,28
* alf Boo,4383,1.7,-0.55,1986A&AS...65...11K,29
* alf Boo,4383,1.48,-0.53,1977MNRAS.180...19P,30
* alf Boo,4350,1.6,-0.58,2003ARep...47..422M,31
* alf Boo,4350,1.6,-0.58,2001A&A...370..951M,32
* alf Boo,4345,2.05,-0.37,1999ApJ...521..753T,33
* alf Boo,4345,1.6,-0.81,1985MNRAS.212..497B,34
* alf Boo,4345,1.5,-0.38,1986A&A...169..201G,35
* alf Boo,4340,1.93,-0.55,2006AJ....131.3069L,36
* alf Boo,4340,1.93,-0.55,2005AJ....129.1063L,37
* alf Boo,4337,2.0,-0.56,2007A&A...465..271R,38
* alf Boo,4330,1.3,-0.56,2012A&A...543A.160T,39
* alf Boo,4330,2.1,-0.58,1992AJ....104.1818B,40
* alf Boo,4300,1.43,-0.52,2011A&A...528A.121B,41
* alf Boo,4300,2.0,-0.69,1990AJ.....99.1961F,42
* alf Boo,4300,1.5,-0.51,1997A&A...324..435H,43
* alf Boo,4300,1.5,-0.49,2000ApJ...530..307C,44
* alf Boo,4300,1.5,-0.47,1994AJ....107.1773S,45
* alf Boo,4300,1.5,-0.46,2012A&A...542A.104B,46
* alf Boo,4300,1.5,-0.63,1999ApJ...523..234T,47
* alf Boo,4286,1.6,,2015A&A...582A..49H,48
* alf Boo,4286,1.66,-0.52,2011ApJ...743..135R,49
* alf Boo,4280,2.19,-0.6,1990ApJS...74.1075M,50
* alf Boo,4280,1.69,-0.52,2008A&A...484L..21M,51
* alf Boo,4280,1.3,-0.54,1994ApJS...91..749M,52
* alf Boo,4271,1.73,-0.43,1970A&A.....7..408C,53
* alf Boo,4271,0.9,-0.7,1975A&A....38..239M,54
* alf Boo,4250,1.3,-0.68,1998AJ....116..765G,55
* alf Boo,4247,1.59,-0.52,2014A&A...564A.133J,56
* alf Boo,4235,1.7,-0.6,1987AJ.....93..338L,57
* alf Boo,4235,1.7,-0.49,1978ApJ...225..902B,58
* alf Boo,4233,,,1999A&AS..139..335A,59
* alf Boo,4231,,,2005ApJ...626..446R,60
* alf Boo,4230,1.65,-0.63,2007A&A...475.1003H,61
* alf Boo,4200,2.0,-0.32,1977A&A....61...17O,62
* alf Boo,3818,,-0.4,1967MNRAS.137..253G,63
* alf Boo,,,-0.3,1957ApJ...125..123S,64
* alf Boo,,,-0.3,1953MSRSL..14..419G,65
* alf Boo,4286,1.66,-0.52,2016AJ....151....1R,66
* alf Boo,4198,1.53,-0.65,2016A&A...587A...2B,67
* alf Boo,4514,2.28,-0.12,2016A&A...587A...2B,68
* alf Boo,4197,1.41,-0.63,2016A&A...587A...2B,69
* alf Boo,4215,1.53,-0.6,2013ApJ...764...78R,70
* alf Boo,4336,1.94,,2003AJ....126.2048G,71
* alf Boo,4250,1.4,-0.63,2012ApJ...761..161S,72
* alf Boo,4250,1.4,-0.57,2012ApJ...761..161S,73
* alf Boo,4158,1.89,,2004A&A...420..183A,74
* alf Boo,4280,1.7,-0.53,2011A&A...531A.165P,75
* alf Boo,4436,1.84,-0.54,2007AJ....133.2464L,76
* alf Boo,4300,1.5,-0.63,2009A&A...508.1313F,77
* alf Boo,4300,1.5,-0.49,2000ApJ...530..307C,78
* alf Boo,4300,1.5,-0.63,1999ApJ...523..234T,79
* alf Boo,4250,1.3,-0.68,1998AJ....116..765G,80
* alf Boo,4300,1.5,-0.51,1997A&A...324..435H,81
* alf Boo,4300,1.5,-0.47,1994AJ....107.1773S,82
* alf Boo,4280,1.3,-0.54,1994ApJS...91..749M,83
* alf Boo,4330,2.1,-0.58,1992AJ....104.1818B,84
* alf Boo,4280,2.19,-0.6,1990ApJS...74.1075M,85
* alf Boo,4300,2.0,-0.69,1990AJ.....99.1961F,86
* alf Boo,4383,1.97,-0.42,1988A&A...190..148E,87
* alf Boo,4235,1.7,-0.6,1987AJ.....93..338L,88
* alf Boo,4383,1.7,-0.55,1986A&AS...65...11K,89
* alf Boo,4345,1.5,-0.38,1986A&A...169..201G,90
* alf Boo,4345,1.6,-0.81,1985MNRAS.212..497B,91
* alf Boo,4421,0.98,-0.48,1982MNRAS.201..807G,92
* alf Boo,4500,2.01,-0.56,1981ApJ...248..228L,93
* alf Boo,,,-0.56,2008A&A...480...91S,94
* alf Boo,4361,1.93,-0.53,2007MNRAS.374..664C,95
* alf Boo,4316,1.71,-0.55,2008A&A...480...91S,96
* alf Boo,4300,1.5,-0.47,1994AJ....107.1773S,97
* alf Boo,4280,1.3,-0.54,1994ApJS...91..749M,98
* alf Boo,4330,2.1,-0.58,1992AJ....104.1818B,99
* alf Boo,4280,2.19,-0.6,1990ApJS...74.1075M,100
* alf Boo,4300,2.0,-0.69,1990AJ.....99.1961F,101
* alf Boo,4383,1.97,-0.42,1988A&A...190..148E,102
* alf Boo,4235,1.7,-0.6,1987AJ.....93..338L,103
* alf Boo,4383,1.7,-0.55,1986A&AS...65...11K,104
* alf Boo,4345,1.5,-0.38,1986A&A...169..201G,105
* alf Boo,4345,1.6,-0.81,1985MNRAS.212..497B,106
* alf Boo,4421,0.98,-0.48,1982MNRAS.201..807G,107
* alf Boo,4500,2.01,-0.56,1981ApJ...248..228L,108
* alf Boo,4235,1.7,-0.49,1978ApJ...225..902B,109
* alf Boo,4200,2.0,-0.32,1977A&A....61...17O,110
* alf Boo,4308,1.74,-0.52,1977A&A....61..591M,111
* alf Boo,4383,1.48,-0.53,1977MNRAS.180...19P,112
* alf Boo,4271,0.9,-0.7,1975A&A....38..239M,113
* alf Boo,4271,1.73,-0.43,1970A&A.....7..408C,114
* alf Boo,3818,,-0.4,1967MNRAS.137..253G,115
* alf Boo,,,-0.3,1957ApJ...125..123S,116
* alf Boo,,,-0.3,1953MSRSL..14..419G,117
* alf Cae,6991,4.01,,2003AJ....125.1598L,1
* alf Cae,6972,,,2011A&A...530A.138C,2
* alf Cam,29000,2.91,,2024A&A...687A.228D,1
* alf Cam,9998,1.8901,-0.9277,2024A&A...681A.107R,2
* alf Cam,32902,3.31,0.28,2023ApJS..266...41P,3
* alf Cam,29400,3.0,,2022A&A...665A.150H,4
* alf Cam,29400,2.94,,2018A&A...613A..65H,5
* alf Cam,29647,3.05,0.3,1977PASJ...29..439T,6
* alf Cam,29000,2.99,,2004A&A...415..349R,7
* alf Cam,29000,2.75,,2006A&A...446..279C,8
* alf Cam,25340,,,2009A&A...501..297Z,9
* alf Cam,32902,3.31,0.28,2012A&A...538A.143K,10
* alf Cam,29647,3.05,0.3,1977PASJ...29..439T,11
* alf Car,7000,1.12,-0.272,2023ApJS..266...11B,1
* alf Car,7557,,,2007MNRAS.378..617K,2
* alf Car,7522,1.9,0.35,1979ApJ...232..797L,3
* alf Car,7522,1.2,-0.03,1989A&A...210...25S,4
* alf Car,7500,1.5,-0.06,1995A&A...293..347H,5
* alf Car,7500,1.2,0.0,1991A&A...249..192A,6
* alf Car,7412,1.9,-0.12,1989ApJS...70..865R,7
* alf Car,7412,1.9,-0.11,1988ApJ...332..410B,8
* alf Car,7304,1.8,-0.14,1982MNRAS.201..707D,9
* alf Car,7304,1.8,-0.14,1981MNRAS.201..707D,10
* alf Car,7304,1.5,-0.07,1985ApJ...298..782L,11
* alf Car,6904,,-0.15,1974AcA....24..275P,12
* alf Car,7500,1.5,-0.06,1995A&A...293..347H,13
* alf Car,7500,1.2,0.0,1991A&A...249..192A,14
* alf Car,7522,1.2,-0.03,1989A&A...210...25S,15
* alf Car,7412,1.9,-0.12,1989ApJS...70..865R,16
* alf Car,7412,1.9,-0.11,1988ApJ...332..410B,17
* alf Car,7304,1.5,-0.07,1985ApJ...298..782L,18
* alf Car,7304,1.8,-0.14,1982MNRAS.201..707D,19
* alf Car,7522,1.9,0.35,1979ApJ...232..797L,20
* alf Car,6904,,-0.15,1974AcA....24..275P,21
* alf Cas,4778,2.06,0.15,2023ApJS..266...41P,1
* alf Cas,4597,2.08,-0.13,2022A&A...663A...4S,2
* alf Cas,4539,2.7,-0.09,2008AJ....135..209M,3
* alf Cas,4510,,-0.4,2020A&A...633A..34C,4
* alf Cas,4755,2.01,-0.18,1981ApJ...248..228L,5
* alf Cas,4710,1.12,-0.03,1982MNRAS.201..807G,6
* alf Cas,4625,2.3,-0.2,2007A&A...475.1003H,7
* alf Cas,4610,2.71,-0.09,1990ApJS...74.1075M,8
* alf Cas,4600,,,2009A&A...497..497G,9
* alf Cas,4582,,,1998A&A...339..858D,10
* alf Cas,4582,,,1999A&AS..139..335A,11
* alf Cas,4553,,,2005ApJ...626..446R,12
* alf Cas,4666,1.96,-0.1,2016A&A...587A...2B,13
* alf Cas,4663,1.93,-0.1,2016A&A...587A...2B,14
* alf Cas,4778,2.06,0.15,2012A&A...538A.143K,15
* alf Cas,4610,2.71,-0.09,1990ApJS...74.1075M,16
* alf Cas,4710,1.12,-0.03,1982MNRAS.201..807G,17
* alf Cas,4755,2.01,-0.18,1981ApJ...248..228L,18
* alf Cas,,,-0.1,2008A&A...480...91S,19
* alf Cas,4594,2.14,-0.1,2008A&A...480...91S,20
* alf Cas,4610,2.71,-0.09,1990ApJS...74.1075M,21
* alf Cas,4710,1.12,-0.03,1982MNRAS.201..807G,22
* alf Cas,4755,2.01,-0.18,1981ApJ...248..228L,23
* alf Cen A,5838,4.42,0.2,2024A&A...690A..97C,1
* alf Cen A,5804,4.29,0.2,2024A&A...682A.145S,2
* alf Cen A,5776,4.3,0.2,2022A&A...663A...4S,3
* alf Cen A,5271,4.0261,0.252,2021MNRAS.506..150B,4
* alf Cen A,5792,4.31,,2021A&A...647A.162P,5
* alf Cen A,5788,4.316,0.219,2020A&A...639A.127C,6
* alf Cen A,5753,4.26,0.2,2018AJ....155..111L,7
* alf Cen A,5939,4.38,0.275,2014MNRAS.443..698S,8
* alf Cen A,5857,4.44,0.23,2012A&A...542A..84D,9
* alf Cen A,5850,,0.22,1997A&A...323..809F,10
* alf Cen A,5844,4.3,0.28,2005A&A...437.1127S,11
* alf Cen A,5840,4.31,0.26,2014A&A...564A.133J,12
* alf Cen A,5830,4.34,0.24,2001A&A...367..253F,13
* alf Cen A,5830,4.34,0.25,1997A&A...328..261N,14
* alf Cen A,5824,4.34,0.24,2008A&A...488..653P,15
* alf Cen A,5801,4.33,0.21,2005ApJS..159..141V,16
* alf Cen A,5801,4.38,0.25,2007A&A...465..271R,17
* alf Cen A,5800,4.31,0.22,1992A&A...263..219C,18
* alf Cen A,5793,,,2013ApJ...771...40B,19
* alf Cen A,5793,4.5,0.2,1988A&A...206..100A,20
* alf Cen A,5793,4.4,0.2,1986A&A...165..126S,21
* alf Cen A,5793,4.4,0.17,1986A&A...166..195R,22
* alf Cen A,5793,,0.22,1971RGOB..173...63F,23
* alf Cen A,5792,4.31,,2015A&A...582A..49H,24
* alf Cen A,5777,,,2005ApJ...626..446R,25
* alf Cen A,5745,4.31,0.22,2010MNRAS.405.1907B,26
* alf Cen A,5727,4.42,0.2,1988A&A...190..148E,27
* alf Cen A,5727,4.38,0.29,1980MNRAS.191...23E,28
* alf Cen A,5727,4.27,0.1,1990ApJ...350..827F,29
* alf Cen A,5720,4.27,0.15,1993A&A...275..101E,30
* alf Cen A,5665,,,2011A&A...530A.138C,31
* alf Cen A,5569,3.89,0.03,2006MNRAS.370..163B,32
* alf Cen A,5551,3.89,0.15,1996A&A...314..191G,33
* alf Cen A,5519,4.26,0.12,2004A&A...420..183A,34
* alf Cen A,5781,4.27,0.27,2016A&A...587A...2B,35
* alf Cen A,5751,4.19,0.22,2016A&A...587A...2B,36
* alf Cen A,5813,4.36,,2015A&A...579A..20M,37
* alf Cen A,5809,4.32,0.23,2013ApJ...764...78R,38
* alf Cen A,5809,4.32,0.23,2012ApJ...756...46R,39
* alf Cen A,5519,4.26,7.67,2004A&A...420..183A,40
* alf Cen A,5830,4.34,0.25,1997A&A...328..261N,41
* alf Cen A,5850,,0.22,1997A&A...323..809F,42
* alf Cen A,5551,3.89,0.15,1996A&A...314..191G,43
* alf Cen A,5720,4.27,0.15,1993A&A...275..101E,44
* alf Cen A,5800,4.31,0.22,1992A&A...263..219C,45
* alf Cen A,5727,4.27,0.1,1990ApJ...350..827F,46
* alf Cen A,5727,4.42,0.2,1988A&A...190..148E,47
* alf Cen A,5793,4.5,0.2,1988A&A...206..100A,48
* alf Cen A,5793,4.4,0.2,1986A&A...165..126S,49
* alf Cen A,5793,4.4,0.17,1986A&A...166..195R,50
* alf Cen A,5727,4.38,0.29,1980MNRAS.191...23E,51
* alf Cen A,5720,4.27,0.15,1993A&A...275..101E,52
* alf Cen A,5800,4.31,0.22,1992A&A...263..219C,53
* alf Cen A,5727,4.27,0.1,1990ApJ...350..827F,54
* alf Cen A,5727,4.42,0.2,1988A&A...190..148E,55
* alf Cen A,5793,4.5,0.2,1988A&A...206..100A,56
* alf Cen A,5793,4.4,0.2,1986A&A...165..126S,57
* alf Cen A,5793,4.4,0.17,1986A&A...166..195R,58
* alf Cen A,5727,4.38,0.29,1980MNRAS.191...23E,59
* alf Cen A,5793,,0.22,1971RGOB..173...63F,60
* alf Cep,7300,3.2,-0.4,2016A&A...589A..83G,1
* alf Cep,7217,3.69,0.36,2017AJ....153...21L,2
* alf Cep,7638,,,2012A&A...537A.120Z,3
* alf Cep,7460,,,1995A&AS..110..553S,4
* alf Cep,7773,3.45,,2003AJ....126.2048G,5
* alf Cet,3875,1.959,-0.221,2024A&A...692A.228C,1
* alf Cet,3738,0.66,-0.24,2025A&A...698A..93J,2
* alf Cet,3738,0.66,-0.24,2024A&A...682A.145S,3
* alf Cet,3998,1.6359,-0.134,2023A&A...671A..61N,4
* alf Cet,3997,1.6322,-0.132,2023A&A...671A..61N,5
* alf Cet,4421,1.8741,-0.259,2023A&A...671A..61N,6
* alf Cet,4003,1.6357,-0.131,2023A&A...671A..61N,7
* alf Cet,3999,1.6342,-0.133,2023A&A...671A..61N,8
* alf Cet,4180,1.85,0.524,2023ApJS..266...11B,9
* alf Cet,3805,1.0,-0.67,2023A&A...676A.129H,10
* alf Cet,3828,1.0,,2008AJ....135..209M,11
* alf Cet,3756,0.5233,-0.572,2021MNRAS.506..150B,12
* alf Cet,4310,1.5,-0.6,2012A&A...547A.108L,13
* alf Cet,3869,,,1998AJ....116..981V,14
* alf Cet,3867,1.15,-0.22,2012A&A...547A.108L,15
* alf Cet,3820,,-0.5,2012A&A...547A.108L,16
* alf Cet,3796,0.91,-0.45,2014A&A...564A.133J,17
* alf Cet,3796,0.68,,2015A&A...582A..49H,18
* alf Cet,3750,1.75,-0.25,2012A&A...547A.108L,19
* alf Cet,3731,0.73,0.02,2008A&A...484L..21M,20
* alf Cet,3718,1.31,-0.02,2012A&A...547A.108L,21
* alf Cet,3718,,,2005ApJ...626..446R,22
* alf Cet,3704,,,1999A&AS..139..335A,23
* alf Cet,3700,1.0,0.0,2012A&A...547A.108L,24
* alf Cet,3675,0.5,-0.5,2012A&A...547A.108L,25
* alf Cet,3748,0.95,-0.33,2016A&A...587A...2B,26
* alf Cha,6625,3.96,,2003AJ....125.1598L,1
* alf Cha,6736,,,2011A&A...530A.138C,2
* alf Cir,7631,4.11,,2003AJ....125.1598L,1
* alf Cir,7426,,,2012A&A...542A.116A,2
* alf Cir,8000,4.42,0.13,1994A&A...281..775N,3
* alf CMa,9850,4.3,0.4,2025A&A...698A..93J,1
* alf CMa,8829,4.083,0.045,2023ApJS..266...11B,2
* alf CMa,9850,4.3,0.4,2018MNRAS.477.3343S,3
* alf CMa,9800,4.2,0.2,2016A&A...589A..83G,4
* alf CMa,9882,4.3,0.26,1989A&A...225..125L,5
* alf CMa,9882,,0.4,1978ApJ...219..515B,6
* alf CMa,9880,4.4,0.5,2001ApJ...548..953Q,7
* alf CMa,9870,4.4,0.25,1991A&A...249..205B,8
* alf CMa,9870,4.32,0.12,1993A&A...276..142H,9
* alf CMa,9870,4.4,0.49,1997A&A...323..901H,10
* alf CMa,9824,,,2013ApJ...771...40B,11
* alf CMa,9797,,,2013ApJ...771...40B,12
* alf CMa,9744,,,2013ApJ...771...40B,13
* alf CMa,9711,,,2013ApJ...771...40B,14
* alf CMa,9707,,,2013ApJ...771...40B,15
* alf CMa,9705,,,2013ApJ...771...40B,16
* alf CMa,9692,4.3,0.87,1969A&A.....3..169G,17
* alf CMa,9692,4.3,0.81,1964ZA.....60..115K,18
* alf CMa,9333,,0.7,1962ApJ...135..459W,19
* alf CMa,9000,4.0,0.71,1966ApJ...146..880S,20
* alf CMa,9000,,0.0,1978ApJ...219..515B,21
* alf CMa,10500,3.5,0.4,1967cmrs..R....339A,22
* alf CMa,10286,4.3,0.82,1970SAOSR.321....1L,23
* alf CMa,10080,4.44,-0.36,1966MNRAS.133..389W,24
* alf CMa,10080,4.3,0.6,1981ApJ...248.1031B,25
* alf CMa,10080,4.2,0.8,1968Obs....88..160S,26
* alf CMa,,,0.28,1995A&A...294..536H,27
* alf CMa,9580,4.2,,2003AJ....126.2048G,28
* alf CMa,,,0.28,1995A&A...294..536H,29
* alf CMa,9870,4.32,0.12,1993A&A...276..142H,30
* alf CMa,9870,4.4,0.25,1991A&A...249..205B,31
* alf CMa,9882,4.3,0.26,1989A&A...225..125L,32
* alf CMa,10080,4.3,0.6,1981ApJ...248.1031B,33
* alf CMa,9000,,0.0,1978ApJ...219..515B,34
* alf CMa,9882,,0.4,1978ApJ...219..515B,35
* alf CMa,10286,4.3,0.82,1970SAOSR.321....1L,36
* alf CMa,9692,4.3,0.87,1969A&A.....3..169G,37
* alf CMa,10080,4.2,0.8,1968Obs....88..160S,38
* alf CMa,10500,3.5,0.4,1967cmrs..R....339A,39
* alf CMa,10080,4.44,-0.36,1966MNRAS.133..389W,40
* alf CMa,9000,4.0,0.71,1966ApJ...146..880S,41
* alf CMa,9692,4.3,0.81,1964ZA.....60..115K,42
* alf CMa,9333,,0.7,1962ApJ...135..459W,43
* alf CMa B,10896,,,2022ApJ...935L..12B,1
* alf CMa B,26083,8.61,,2017ApJ...848...11B,2
* alf CMa B,25970,8.57,,2011ApJ...743..138G,3
* alf CMa B,25193,8.56,,2009AJ....138.1681S,4
* alf CMi,6456,4.198,0.011,2024A&A...692A.228C,1
* alf CMi,6582,3.98,-0.02,2025A&A...698A..93J,2
* alf CMi,6769,4.056,0.0,2024A&A...683A.125P,3
* alf CMi,6582,3.98,-0.02,2024A&A...682A.145S,4
* alf CMi,7590,7.96,,2024MNRAS.532..394J,5
* alf CMi,6700,4.3,,2024MNRAS.532..394J,6
* alf CMi,6438,3.996,-0.0117,2022ApJS..259...35A,7
* alf CMi,6478,4.1123,0.006,2023A&A...671A..61N,8
* alf CMi,6494,4.1188,0.011,2023A&A...671A..61N,9
* alf CMi,6485,4.1039,0.007,2023A&A...671A..61N,10
* alf CMi,6483,4.1145,0.007,2023A&A...671A..61N,11
* alf CMi,6485,4.1115,0.007,2023A&A...671A..61N,12
* alf CMi,6391,3.128,-0.41,2023ApJS..266...11B,13
* alf CMi,6589,3.9,0.06,2023A&A...676A.129H,14
* alf CMi,6468,3.972,0.011,2021MNRAS.506..150B,15
* alf CMi,6800,4.5,0.0,2016A&A...589A..83G,16
* alf CMi,6587,4.06,-0.01,2015A&A...573A..67P,17
* alf CMi,6562,4.0,,2016MNRAS.456.1221R,18
* alf CMi,6602,3.98,,2016MNRAS.456.1221R,19
* alf CMi,6660,4.05,,2016MNRAS.456.1221R,20
* alf CMi,6563,4.0,,2016MNRAS.456.1221R,21
* alf CMi,6690,3.85,,2016MNRAS.456.1221R,22
* alf CMi,6593,3.9,,2016MNRAS.456.1221R,23
* alf CMi,6573,4.0,,2016MNRAS.456.1221R,24
* alf CMi,6579,3.84,,2016MNRAS.456.1221R,25
* alf CMi,6485,3.89,,2016MNRAS.456.1221R,26
* alf CMi,6597,4.0,,2016MNRAS.456.1221R,27
* alf CMi,6615,3.89,,2016MNRAS.456.1221R,28
* alf CMi,6612,4.0,-0.02,2022MNRAS.514.2450T,29
* alf CMi,6593,4.0428,0.037,2020AJ....160..120J,30
* alf CMi,6554,4.0,,2021A&A...647A.162P,31
* alf CMi,6474,3.9642,0.01,2019A&A...624A..19B,32
* alf CMi,6654,3.95,-0.04,2017AJ....153...21L,33
* alf CMi,6850,4.55,-0.04,2003AJ....126.2015H,34
* alf CMi,6850,4.45,-0.04,2006AJ....131.3069L,35
* alf CMi,6850,4.45,-0.04,2005AJ....129.1063L,36
* alf CMi,6811,4.1,0.04,1984Msngr..38...33E,37
* alf CMi,6720,,0.74,1975SenAR.164..126H,38
* alf CMi,6720,,-0.4,1951PDAO....8....1W,39
* alf CMi,6704,4.03,-0.02,1993A&A...275..101E,40
* alf CMi,6703,,,2011A&A...530A.138C,41
* alf CMi,6696,4.13,-0.02,1999A&A...351..247V,42
* alf CMi,6677,4.08,0.03,2004A&A...420..183A,43
* alf CMi,6660,4.05,-0.04,2013MNRAS.428.3164D,44
* alf CMi,6650,4.1,0.04,1995PASP..107..219A,45
* alf CMi,6650,4.05,0.03,2010A&A...523A..71G,46
* alf CMi,6650,,-0.18,1994A&A...281..775N,47
* alf CMi,6632,4.02,0.01,2004A&A...425..187T,48
* alf CMi,6632,4.0,-0.15,1978ApJ...223..937T,49
* alf CMi,6632,4.0,0.05,1999ApJ...521..753T,50
* alf CMi,6632,4.0,0.02,1982A&A...113..135K,51
* alf CMi,6632,,0.07,1970MNRAS.148..477P,52
* alf CMi,6612,4.0,-0.02,2005PASJ...57...27T,53
* alf CMi,6610,4.0,-0.11,1997A&A...323..901H,54
* alf CMi,6605,4.13,-0.06,1996A&A...314..191G,55
* alf CMi,6597,,,2013ApJ...771...40B,56
* alf CMi,6593,3.9,0.022,2010MNRAS.403.1368G,57
* alf CMi,6591,,,2005ApJ...626..446R,58
* alf CMi,6582,,,2013ApJ...771...40B,59
* alf CMi,6579,,,1996A&AS..117..227A,60
* alf CMi,6573,,,2013ApJ...771...40B,61
* alf CMi,6563,,,2013ApJ...771...40B,62
* alf CMi,6562,,,2013ApJ...771...40B,63
* alf CMi,6561,4.0,-0.1,2007A&A...465..271R,64
* alf CMi,6560,4.0,-0.02,2000ApJ...530..939C,65
* alf CMi,6554,4.0,,2015A&A...582A..49H,66
* alf CMi,6545,3.99,0.01,2014A&A...564A.133J,67
* alf CMi,6545,4.04,0.01,1985A&AS...59..403S,68
* alf CMi,6545,,0.0,1971MNRAS.155..139G,69
* alf CMi,6543,3.99,-0.0,2005ApJS..159..141V,70
* alf CMi,6515,3.993,-0.161,2014MNRAS.443..698S,71
* alf CMi,6510,3.96,-0.03,2003A&A...407..691K,72
* alf CMi,6510,3.96,-0.03,2008A&A...492..823B,73
* alf CMi,6506,,,2009A&A...497..497G,74
* alf CMi,6500,4.04,0.0,2000A&A...364..249M,75
* alf CMi,6500,4.04,0.0,1999A&A...343..519M,76
* alf CMi,6500,4.0,0.0,1996PASJ...48..601K,77
* alf CMi,6485,3.89,0.01,2010MNRAS.405.1907B,78
* alf CMi,6482,4.0,-0.13,2006ApJ...652.1604B,79
* alf CMi,6470,4.02,-0.03,2000A&A...362.1077Z,80
* alf CMi,6470,4.01,-0.01,1998A&A...338..161F,81
* alf CMi,6470,4.0,0.01,1997A&A...323..909F,82
* alf CMi,6340,,,1995A&AS..110..553S,83
* alf CMi,6300,,0.03,1966ApJ...143..336M,84
* alf CMi,5860,,0.22,1948ApJ...107..151G,85
* alf CMi,,,-0.29,1965ApJ...142..278E,86
* alf CMi,6623,3.94,-0.1,2016A&A...587A...2B,87
* alf CMi,6614,3.95,-0.1,2016A&A...587A...2B,88
* alf CMi,6616,3.97,-0.09,2016A&A...587A...2B,89
* alf CMi,6628,3.97,-0.09,2016A&A...587A...2B,90
* alf CMi,6591,3.92,-0.1,2016A&A...587A...2B,91
* alf CMi,6580,3.86,-0.11,2016A&A...587A...2B,92
* alf CMi,6613,3.9,-0.1,2016A&A...587A...2B,93
* alf CMi,6595,3.9,-0.05,2016A&A...587A...2B,94
* alf CMi,6614,3.99,-0.04,2016A&A...587A...2B,95
* alf CMi,6648,4.01,-0.02,2013ApJ...764...78R,96
* alf CMi,6648,4.01,-0.02,2012ApJ...756...46R,97
* alf CMi,6629,4.05,,2003AJ....126.2048G,98
* alf CMi,6677,4.08,7.63,2004A&A...420..183A,99
* alf CMi,6562,4.08,-0.02,2011AJ....141...90L,100
* alf CMi,6562,3.99,0.03,2011AJ....141...90L,101
* alf CMi,6562,3.98,0.03,2011AJ....141...90L,102
* alf CMi,6562,4.0,-0.0,2011AJ....141...90L,103
* alf CMi,6562,3.99,0.02,2011AJ....141...90L,104
* alf CMi,6562,4.02,0.02,2011AJ....141...90L,105
* alf CMi,6562,4.03,0.04,2011AJ....141...90L,106
* alf CMi,6562,4.01,0.03,2011AJ....141...90L,107
* alf CMi,6612,4.0,-0.02,2007PASJ...59..335T,108
* alf CMi,6500,4.04,,2009A&A...508.1313F,109
* alf CMi,6470,4.02,-0.03,2000A&A...362.1077Z,110
* alf CMi,6500,4.04,0.0,2000A&A...364..249M,111
* alf CMi,6560,4.0,-0.02,2000ApJ...530..939C,112
* alf CMi,6696,4.13,-0.02,1999A&A...351..247V,113
* alf CMi,6500,4.04,0.0,1999A&A...343..519M,114
* alf CMi,6470,4.01,-0.01,1998A&A...338..161F,115
* alf CMi,6470,4.0,0.01,1997A&A...323..909F,116
* alf CMi,6500,4.0,0.0,1996PASJ...48..601K,117
* alf CMi,6605,4.13,-0.06,1996A&A...314..191G,118
* alf CMi,6650,4.1,0.04,1995PASP..107..219A,119
* alf CMi,6650,,-0.18,1994A&A...281..775N,120
* alf CMi,6704,4.03,-0.02,1993A&A...275..101E,121
* alf CMi,6545,4.04,0.01,1985A&AS...59..403S,122
* alf CMi,6811,4.1,0.04,1984Msngr..38...33E,123
* alf CMi,6632,4.0,0.02,1982A&A...113..135K,124
* alf CMi,6650,4.1,0.04,1995PASP..107..219A,125
* alf CMi,6650,,-0.18,1994A&A...281..775N,126
* alf CMi,6704,4.03,-0.02,1993A&A...275..101E,127
* alf CMi,6545,4.04,0.01,1985A&AS...59..403S,128
* alf CMi,6811,4.1,0.04,1984Msngr..38...33E,129
* alf CMi,6632,4.0,0.02,1982A&A...113..135K,130
* alf CMi,6632,4.0,-0.15,1978ApJ...223..937T,131
* alf CMi,6720,,0.74,1975SenAR.164..126H,132
* alf CMi,6545,,0.0,1971MNRAS.155..139G,133
* alf CMi,6632,,0.07,1970MNRAS.148..477P,134
* alf CMi,6300,,0.03,1966ApJ...143..336M,135
* alf CMi,,,-0.29,1965ApJ...142..278E,136
* alf CMi,6720,,-0.4,1951PDAO....8....1W,137
* alf CMi,5860,,0.22,1948ApJ...107..151G,138
* alf Col,12200,3.5,,2018MNRAS.474.5287A,1
* alf Col,14200,3.5,,2006MNRAS.371..252L,2
* alf Col,13870,,,1995A&AS..110..553S,3
* alf Col,13490,3.2,,2001A&A...378..861C,4
* alf Col,11830,,,2012A&A...537A.120Z,5
* alf Com,6386,4.14,-0.16,2022A&A...663A...4S,1
* alf Com,6372,4.03,-0.24,2018A&A...614A..55A,2
* alf Com,6416,,,2011A&A...530A.138C,3
* alf Com,6365,4.19,-0.23,2006AJ....131.3069L,4
* alf Com,6347,4.38,-0.15,2004A&A...420..183A,5
* alf Com,6402,4.26,-0.19,2016A&A...587A...2B,6
* alf Com,6406,4.03,-0.23,2013ApJ...764...78R,7
* alf Com,6406,4.03,-0.23,2012ApJ...756...46R,8
* alf Com,6399,4.13,,2003AJ....126.2048G,9
* alf Com,6347,4.38,7.41,2004A&A...420..183A,10
* alf CrA,8950,3.79,,2003AJ....125.1598L,1
* alf CrA,9083,,,1998A&A...339..858D,2
* alf CrA,8892,,,2012A&A...537A.120Z,3
* alf CrA,8869,,,1998A&AS..129..505B,4
* alf CrA,8830,4.02,0.26,2003A&A...398.1121E,5
* alf CrB,10900,4.3,0.2,2016A&A...589A..83G,1
* alf CrB,9900,,,2009A&A...501..297Z,2
* alf CrB,9860,,,1995A&AS..110..553S,3
* alf CrB,9683,,,2012A&A...537A.120Z,4
* alf CrB,9584,3.71,,2003AJ....126.2048G,5
* alf Crt,4671,2.59,-0.08,2022A&A...663A...4S,1
* alf Crt,4621,2.44,-0.08,2022A&A...666A.125F,2
* alf Crt,4624,2.6,-0.22,2008AJ....135..209M,3
* alf Crt,,,-0.207,2020AJ....160...83S,4
* alf Crt,4901,2.61,,2020AJ....160...83S,5
* alf Crt,4621,2.44,-0.08,2019A&A...625A.141L,6
* alf Crt,4621,2.44,-0.11,2017A&A...598A.100J,7
* alf Crt,4800,3.01,0.1,1988A&A...190..148E,8
* alf Crt,4785,2.95,0.01,2007A&A...475.1003H,9
* alf Crt,4650,2.8,-0.22,1990ApJS...74.1075M,10
* alf Crt,4900,2.61,,2013AJ....146..134K,11
* alf Crt,4650,2.8,-0.22,1990ApJS...74.1075M,12
* alf Crt,4800,3.01,0.1,1988A&A...190..148E,13
* alf Crt,,,-0.06,2008A&A...480...91S,14
* alf Crt,4650,2.8,-0.22,1990ApJS...74.1075M,15
* alf Crt,4800,3.01,0.1,1988A&A...190..148E,16
* alf Crt,4032,2.48,-0.12,1968ApJS...16....1H,17
* alf Crv,6900,4.1915,-0.5055,2024A&A...681A.107R,1
* alf Crv,7180,4.24,-0.46,2021MNRAS.505.4496G,2
* alf Crv,7049,4.11,-0.21,2023ApJS..266...41P,3
* alf Crv,7019,4.27,-0.04,2017AJ....153...21L,4
* alf Crv,7081,4.23,,2003AJ....125.1598L,5
* alf Crv,7324,,,2009A&A...497..497G,6
* alf Crv,7290,4.53,-0.08,2006AJ....131.3069L,7
* alf Crv,7290,4.53,-0.08,2005AJ....129.1063L,8
* alf Crv,7063,,,2012A&A...542A.116A,9
* alf Crv,7024,,,2005ApJ...626..446R,10
* alf Crv,7003,,,1996A&AS..117..227A,11
* alf Crv,6990,,,2011A&A...530A.138C,12
* alf Crv,6985,,,1998A&A...339..858D,13
* alf Crv,6944,,,1998A&A...339..858D,14
* alf Crv,6904,4.2,-0.6,1975A&A....41..287D,15
* alf Crv,6875,,,1998A&AS..129..505B,16
* alf Crv,7041,4.13,-0.19,2011A&A...531A.165P,17
* alf Crv,7049,4.11,-0.21,2012A&A...538A.143K,18
* alf Crv,7003,4.1,-0.6,2007MNRAS.374..664C,19
* alf Crv,6904,4.2,-0.6,1975A&A....41..287D,20
* alf Cyg,9164,1.13,1.0,1961ZA.....51..206G,1
* alf Cyg,9000,1.45,0.15,2000A&A...364..237A,2
* alf Cyg,8720,,,2009A&A...501..297Z,3
* alf Cyg,8700,1.2,,2012A&A...543A..80F,4
* alf Cyg,8000,,-0.04,1972MNRAS.159..155P,5
* alf Cyg,8700,1.2,0.23,2014AJ....147..137L,6
* alf Cyg,8000,,-0.04,1972MNRAS.159..155P,7
* alf Cyg,9164,1.13,1.0,1961ZA.....51..206G,8
* alf Del,11220,,,2009A&A...501..297Z,1
* alf Del,11110,,,1995A&AS..110..553S,2
* alf Del,10715,,,2012A&A...537A.120Z,3
* alf Dor,12120,,,2009A&A...501..297Z,1
* alf Dra,10500,4.0,,2023MNRAS.519.5472M,1
* alf Dra,10186,3.78,0.0,2021MNRAS.505.4496G,2
* alf Dra,9164,2.5,0.8,1970BAICz..21...56Z,3
* alf Dra,10430,,,2009A&A...501..297Z,4
* alf Dra,10080,3.3,-0.56,1987PASP...99..130A,5
* alf Dra,10371,3.95,-0.19,2011A&A...531A.165P,6
* alf Dra,10100,3.3,-0.56,2007MNRAS.374..664C,7
* alf Dra,10080,3.3,-0.56,1987PASP...99..130A,8
* alf Dra,9164,2.5,0.8,1970BAICz..21...56Z,9
* alf Equ,6470,3.34,0.67,2021MNRAS.505.4496G,1
* alf Equ,5980,3.24,0.09,2022A&A...663A...4S,2
* alf Equ,,3.0,0.09,2008AJ....135..209M,3
* alf Equ,5980,3.24,0.09,1990ApJS...74.1075M,4
* alf Equ,6277,4.01,0.26,2011A&A...531A.165P,5
* alf Equ,5980,3.24,0.09,1990ApJS...74.1075M,6
* alf Equ,5980,3.24,0.09,1990ApJS...74.1075M,7
* alf Eri,14680,3.0822,0.18,2023ApJS..266...11B,1
* alf Eri,20230,3.5,,2001A&A...378..861C,2
* alf Eri,15000,3.6,,2006MNRAS.371..252L,3
* alf For,6305,4.102,-0.17,2024A&A...683A.125P,1
* alf For,6111,3.448,-0.454,2023ApJS..266...11B,2
* alf For,6197,4.06,-0.26,2022A&A...663A...4S,3
* alf For,6195,3.95,-0.22,2022A&A...663A...4S,4
* alf For,6186,3.94,-0.24,2018AJ....155..111L,5
* alf For,6181,3.95,-0.26,2018A&A...614A..55A,6
* alf For,6258,3.81,,2003AJ....125.1598L,7
* alf For,6280,4.26,-0.24,2006AJ....131.3069L,8
* alf For,6280,4.26,-0.24,2005AJ....129.1063L,9
* alf For,6275,4.4,-0.19,2004A&A...415.1153S,10
* alf For,6240,4.27,-0.2,2001A&A...373.1019S,11
* alf For,6222,,,2011A&A...530A.138C,12
* alf For,6170,3.93,-0.206,2010MNRAS.403.1368G,13
* alf For,6152,4.15,-0.27,1990ApJ...354..310B,14
* alf For,6110,,,1995A&AS..110..553S,15
* alf For,6078,3.98,-0.3,2004A&A...420..183A,16
* alf For,6019,3.93,-0.37,2007A&A...465..271R,17
* alf For,6015,3.8,-0.28,2010MNRAS.405.1907B,18
* alf For,6000,,-0.35,1997A&A...323..809F,19
* alf For,6129,3.82,-0.26,2016A&A...587A...2B,20
* alf For,6199,3.9,-0.18,2015A&A...577A...9B,21
* alf For,6199,3.92,-0.18,2014A&A...562A..71B,22
* alf For,6073,3.91,-0.3,2013ApJ...764...78R,23
* alf For,6073,3.91,-0.3,2012ApJ...756...46R,24
* alf For,6000,,-0.35,1997A&A...323..809F,25
* alf For,6152,4.15,-0.27,1990ApJ...354..310B,26
* alf For,6152,4.15,-0.27,1990ApJ...354..310B,27
* alf For,6195,3.95,-0.22,2017AJ....153...21L,28
* alf Gem,9031,3.9385,0.1921,2023ApJS..266...11B,1
* alf Gem,9900,4.0,0.1,2016A&A...589A..83G,2
* alf Gru,13201,3.84,,2003AJ....125.1598L,1
* alf Gru,14860,,,1995A&AS..110..553S,2
* alf Gru,13920,,,2009A&A...501..297Z,3
* alf Gru,12882,,,2012A&A...537A.120Z,4
* alf Hor,4692,2.682,-0.01,2024A&A...683A.125P,1
* alf Hor,4619,2.48,-0.01,2022A&A...663A...4S,2
* alf Hor,4790,,-0.1,2020A&A...633A..34C,3
* alf Hor,4501,2.53,,2003AJ....125.1598L,4
* alf Hor,4650,2.51,0.0,2007A&A...468..679S,5
* alf Hor,4644,,,1998A&AS..129..505B,6
* alf Hor,4614,2.62,-0.02,2007MNRAS.382..553L,7
* alf Hor,4571,,,1998A&A...339..858D,8
* alf Hya,4299,1.49,0.01,2024A&A...690A..97C,1
* alf Hya,4131,1.59,-0.04,2022MNRAS.511..814G,2
* alf Hya,4117,1.48,-0.08,2024A&A...692A.189R,3
* alf Hya,4029,2.37,-1.56,2021MNRAS.505.4496G,4
* alf Hya,4186,1.73,0.07,2023ApJS..266...41P,5
* alf Hya,4170,1.54,-0.05,2022A&A...663A...4S,6
* alf Hya,4131,,-0.04,2021MNRAS.501.4596G,7
* alf Hya,4095,1.56,-0.07,2022A&A...666A.125F,8
* alf Hya,4027,1.8,-0.12,2008AJ....135..209M,9
* alf Hya,4081,,-0.17,2020A&A...633A..34C,10
* alf Hya,4131,1.59,-0.04,2019A&A...627A.138A,11
* alf Hya,4095,1.56,-0.07,2019A&A...625A.141L,12
* alf Hya,4095,1.56,-0.1,2017A&A...598A.100J,13
* alf Hya,4383,1.86,-0.19,1981ApJ...248..228L,14
* alf Hya,4200,2.15,-0.05,2007A&A...475.1003H,15
* alf Hya,4186,1.7,0.07,2006A&A...458..609D,16
* alf Hya,4120,1.77,-0.12,1990ApJS...74.1075M,17
* alf Hya,4395,2.09,-0.11,2015A&A...574A..50J,18
* alf Hya,4208,4.59,,2014MNRAS.442..220F,19
* alf Hya,4124,1.13,0.09,2014AJ....147..137L,20
* alf Hya,4171,1.56,0.08,2011A&A...531A.165P,21
* alf Hya,4186,1.73,0.07,2012A&A...538A.143K,22
* alf Hya,4120,1.77,-0.12,1990ApJS...74.1075M,23
* alf Hya,4383,1.86,-0.19,1981ApJ...248..228L,24
* alf Hya,4120,1.54,-0.06,2007MNRAS.374..664C,25
* alf Hya,4120,1.77,-0.12,1990ApJS...74.1075M,26
* alf Hya,4383,1.86,-0.19,1981ApJ...248..228L,27
* alf Hyi,7126,3.465,0.1084,2023ApJS..266...11B,1
* alf Hyi,7201,3.37,,2003AJ....125.1598L,2
* alf Hyi,7362,,,2012A&A...537A.120Z,3
* alf Hyi,7184,,,1998A&A...339..858D,4
* alf Hyi,7165,,,1998A&AS..129..505B,5
* alf Hyi,7079,3.67,0.07,2003A&A...398.1121E,6
* alf Hyi,7020,,,1995A&AS..110..553S,7
* alf Ind,4923,2.793,-0.03,2024A&A...683A.125P,1
* alf Ind,4799,2.72,-0.04,2022A&A...663A...4S,2
* alf Ind,4904,2.73,-0.038,2022A&A...657A..87O,3
* alf Ind,4788,2.69,-0.13,2015MNRAS.448.2749A,4
* alf Ind,4900,2.83,-0.07,2015MNRAS.448.2749A,5
* alf Ind,4941,2.83,-0.05,2015MNRAS.448.2749A,6
* alf Ind,4859,2.79,-0.06,2015MNRAS.448.2749A,7
* alf Ind,4900,2.83,-0.07,2015MNRAS.448.2749A,8
* alf Ind,4893,3.0,0.03,1986A&A...169..201G,9
* alf Ind,4855,,,1998A&AS..129..505B,10
* alf Ind,4788,2.69,-0.13,2007MNRAS.382..553L,11
* alf Ind,4786,,,1998A&A...339..858D,12
* alf Ind,4697,3.0,-0.07,2004A&A...425..187T,13
* alf Ind,4500,,0.25,1965MNRAS.129..263W,14
* alf Ind,4829,2.47,-0.12,2013AJ....146...73P,15
* alf Ind,4893,3.0,0.03,1986A&A...169..201G,16
* alf Ind,4893,3.0,0.03,1986A&A...169..201G,17
* alf Ind,4500,,0.25,1965MNRAS.129..263W,18
* alf Lac,9840,,,2009A&A...501..297Z,1
* alf Lac,9673,,,1998A&A...339..858D,2
* alf Lac,9376,,,2012A&A...537A.120Z,3
* alf Lac,9197,,,2005ApJ...626..446R,4
* alf Lac,9131,,,2012ApJ...746..101B,5
* alf Lac,9050,,,2013ApJ...771...40B,6
* alf Lac,8906,,,1996A&AS..117..227A,7
* alf Leo,11737,3.549,0.1668,2023ApJS..266...11B,1
* alf Leo,12540,,,1995A&AS..110..553S,2
* alf Leo,11535,,,2012A&A...537A.120Z,3
* alf Leo,11962,3.56,,2003AJ....126.2048G,4
* alf Lep,6850,1.34,13.9,2019MNRAS.489.1533L,1
* alf Lep,7500,,,2007MNRAS.378..617K,2
* alf Lep,7400,1.1,0.04,1995ApJS...99..659V,3
* alf Lep,7304,1.75,-0.03,1984Ap.....20...57B,4
* alf Lep,7304,1.75,-0.03,1984Afz....20...85B,5
* alf Lep,7000,1.3,-0.12,1985ApJ...298..782L,6
* alf Lep,6850,1.34,0.03,2010MNRAS.402.1369L,7
* alf Lep,7290,1.58,0.06,2014AJ....147..137L,8
* alf Lep,7253,1.52,0.01,2014AJ....147..137L,9
* alf Lep,7400,1.1,0.04,1995ApJS...99..659V,10
* alf Lep,7000,1.3,-0.12,1985ApJ...298..782L,11
* alf Lep,7304,1.75,-0.03,1984Afz....20...85B,12
* alf Lup,23200,3.5,,2024A&A...687A.228D,1
* alf Lup,23100,,,2009A&A...501..297Z,2
* alf Lup,21820,,,1995A&AS..110..553S,3
* alf Lyn,3881,1.06,-0.26,2024A&A...682A.145S,1
* alf Lyn,3882,1.5,-0.26,2008AJ....135..209M,2
* alf Lyn,3969,,,1998AJ....116..981V,3
* alf Lyn,3880,1.51,-0.26,1990ApJS...74.1075M,4
* alf Lyn,3861,,,1999A&AS..139..335A,5
* alf Lyn,3851,,,2005ApJ...626..446R,6
* alf Lyn,3880,1.51,-0.26,1990ApJS...74.1075M,7
* alf Lyn,3880,1.51,-0.26,1990ApJS...74.1075M,8
* alf Lyr,9375,3.98,,2026ApJ..1006..228K,1
* alf Lyr,9550,3.95,-0.5,2018MNRAS.477.3343S,2
* alf Lyr,9500,4.0,-0.5,2016A&A...589A..83G,3
* alf Lyr,9505,3.95,,2021A&A...647A..49S,4
* alf Lyr,9830,,,1995A&AS..110..553S,5
* alf Lyr,9692,4.1,-1.36,1979A&A....79..174C,6
* alf Lyr,9692,4.0,0.02,1974ApJ...189..101S,7
* alf Lyr,9692,3.94,-0.73,1986PASJ...38..215S,8
* alf Lyr,9692,3.94,-0.58,1981PASJ...33..189S,9
* alf Lyr,9692,3.9,0.0,1980ApJ...241..736D,10
* alf Lyr,9560,4.05,-0.7,1993A&A...276..142H,11
* alf Lyr,9550,4.05,-0.41,2014A&A...562A..84R,12
* alf Lyr,9549,3.98,-0.43,2003A&A...398.1121E,13
* alf Lyr,9509,4.03,-0.72,1990ApJ...348..712A,14
* alf Lyr,9509,4.0,-0.1,1968ApJ...152..483C,15
* alf Lyr,9509,3.9,-0.55,1986A&A...165..170G,16
* alf Lyr,9509,3.7,-0.1,1968Obs....88..160S,17
* alf Lyr,9470,,,2009A&A...501..297Z,18
* alf Lyr,9450,4.0,-0.55,1993A&A...274..335S,19
* alf Lyr,9430,3.95,-0.57,2001ApJ...548..953Q,20
* alf Lyr,9400,3.95,-0.76,1990ApJ...363..234V,21
* alf Lyr,9397,,,2012A&A...537A.120Z,22
* alf Lyr,9164,4.0,-0.25,1969A&A.....3..169G,23
* alf Lyr,9000,3.8,0.06,1966ApJ...146..880S,24
* alf Lyr,8542,,-0.9,1978ApJ...219..515B,25
* alf Lyr,8129,,-0.1,1968MNRAS.139..313P,26
* alf Lyr,7875,,-0.5,1978ApJ...219..515B,27
* alf Lyr,10080,3.5,0.2,1967cmrs..R....339A,28
* alf Lyr,,,-0.54,1995A&A...294..536H,29
* alf Lyr,,,-0.3,1960ZA.....49..129H,30
* alf Lyr,,,0.05,1966AJ.....71..181S,31
* alf Lyr,9519,3.88,,2003AJ....126.2048G,32
* alf Lyr,,,-0.54,1995A&A...294..536H,33
* alf Lyr,9450,4.0,-0.55,1993A&A...274..335S,34
* alf Lyr,9560,4.05,-0.7,1993A&A...276..142H,35
* alf Lyr,9400,3.95,-0.76,1990ApJ...363..234V,36
* alf Lyr,9509,4.03,-0.72,1990ApJ...348..712A,37
* alf Lyr,9692,3.94,-0.73,1986PASJ...38..215S,38
* alf Lyr,9509,3.9,-0.55,1986A&A...165..170G,39
* alf Lyr,9692,3.94,-0.58,1981PASJ...33..189S,40
* alf Lyr,9692,3.9,0.0,1980ApJ...241..736D,41
* alf Lyr,9692,4.1,-1.36,1979A&A....79..174C,42
* alf Lyr,8542,,-0.9,1978ApJ...219..515B,43
* alf Lyr,7875,,-0.5,1978ApJ...219..515B,44
* alf Lyr,9692,4.0,0.02,1974ApJ...189..101S,45
* alf Lyr,9164,4.0,-0.25,1969A&A.....3..169G,46
* alf Lyr,9509,3.7,-0.1,1968Obs....88..160S,47
* alf Lyr,8129,,-0.1,1968MNRAS.139..313P,48
* alf Lyr,9509,4.0,-0.1,1968ApJ...152..483C,49
* alf Lyr,10080,3.5,0.2,1967cmrs..R....339A,50
* alf Lyr,,,0.05,1966AJ.....71..181S,51
* alf Lyr,9000,3.8,0.06,1966ApJ...146..880S,52
* alf Lyr,,,-0.3,1960ZA.....49..129H,53
* alf Men,5593,4.38,0.12,2024A&A...690A.107S,1
* alf Men,5950,4.352,-0.03,2024A&A...683A.125P,2
* alf Men,5594,4.46,0.1,2022A&A...663A...4S,3
* alf Men,5618,4.413,0.119,2019A&A...629A..80H,4
* alf Men,5580,4.6,0.13,2019MNRAS.487.3162C,5
* alf Men,5589,4.44,0.15,2018AJ....155..111L,6
* alf Men,5569,4.42,0.11,2018A&A...614A..55A,7
* alf Men,5500,4.42,,2003AJ....125.1598L,8
* alf Men,5793,,0.01,1976MNSSA..35..104P,9
* alf Men,5640,4.27,0.0,1994A&A...287..191P,10
* alf Men,5630,4.47,0.11,2012A&A...542A..84D,11
* alf Men,5620,4.56,0.12,2001A&A...373.1019S,12
* alf Men,5605,,,2011A&A...530A.138C,13
* alf Men,5594,4.41,0.1,2004A&A...415.1153S,14
* alf Men,5587,4.5,0.09,2005ApJS..159..141V,15
* alf Men,5570,4.43,0.15,2010MNRAS.405.1907B,16
* alf Men,5557,4.43,0.06,2006MNRAS.370..163B,17
* alf Men,5550,4.38,0.1,2003A&A...410..527B,18
* alf Men,5536,4.5,0.12,2007A&A...465..271R,19
* alf Men,5473,4.51,0.04,2004A&A...420..183A,20
* alf Men,5492,4.32,0.15,2016A&A...587A...2B,21
* alf Men,5517,4.5,0.07,2016A&A...586A..49B,22
* alf Men,5607,4.51,,2015A&A...579A..20M,23
* alf Men,5558,4.45,,2014MNRAS.442..220F,24
* alf Men,5517,4.5,0.07,2015A&A...577A...9B,25
* alf Men,5517,4.48,0.07,2014A&A...562A..71B,26
* alf Men,5569,4.43,0.11,2013ApJ...764...78R,27
* alf Men,5569,4.43,0.11,2012ApJ...756...46R,28
* alf Men,5473,4.51,7.58,2004A&A...420..183A,29
* alf Men,5649,4.6,0.12,2012A&A...541A..40M,30
* alf Men,5640,4.27,0.0,1994A&A...287..191P,31
* alf Men,5640,4.27,0.0,1994A&A...287..191P,32
* alf Men,5793,,0.01,1976MNSSA..35..104P,33
* alf Mic,4993,2.687,0.08,2024A&A...683A.125P,1
* alf Mic,4872,2.53,-0.02,2022A&A...663A...4S,2
* alf Mic,4881,2.27,-0.063,2022A&A...657A..87O,3
* alf Mic,4923,2.8,0.1,2015MNRAS.448.2749A,4
* alf Mic,4898,2.37,-0.05,2015MNRAS.448.2749A,5
* alf Mic,4948,2.65,-0.02,2015MNRAS.448.2749A,6
* alf Mic,4877,2.39,-0.01,2015MNRAS.448.2749A,7
* alf Mic,4923,2.8,0.1,2006A&A...458..609D,8
* alf Mic,4898,2.37,-0.05,2015MNRAS.448.2749A,9
* alf Mic,4790,2.82,-0.14,1990ApJS...74.1075M,10
* alf Mic,5022,2.85,0.03,2015A&A...574A..50J,11
* alf Mic,4790,2.82,-0.14,1990ApJS...74.1075M,12
* alf Mic,4790,2.82,-0.14,1990ApJS...74.1075M,13
* alf Mon,4868,2.709,-0.01,2024A&A...683A.125P,1
* alf Mon,4818,2.56,0.07,2021MNRAS.505.4496G,2
* alf Mon,4808,2.64,-0.03,2022A&A...663A...4S,3
* alf Mon,4758,2.73,-0.04,2022A&A...666A.125F,4
* alf Mon,4780,2.85,0.0,2020MNRAS.494.1724J,5
* alf Mon,4710,2.7,-0.11,2008AJ....135..209M,6
* alf Mon,4758,2.73,-0.04,2019A&A...625A.141L,7
* alf Mon,4758,2.73,-0.07,2017A&A...598A.100J,8
* alf Mon,4906,2.85,0.0,2015A&A...580A..24D,9
* alf Mon,4879,3.0,0.06,2006A&A...458..609D,10
* alf Mon,4851,2.74,-0.02,2011A&A...526A..71D,11
* alf Mon,4850,2.77,0.08,2011A&A...528A.121B,12
* alf Mon,4850,2.6,0.05,2012A&A...543A.160T,13
* alf Mon,4825,2.8,0.01,2007A&A...475.1003H,14
* alf Mon,4814,,,1998A&AS..129..505B,15
* alf Mon,4790,2.85,-0.11,1990ApJS...74.1075M,16
* alf Mon,4780,,,2006MNRAS.371..879K,17
* alf Mon,4780,2.4,-0.09,2006A&A...456.1109M,18
* alf Mon,4762,,,1998A&A...339..858D,19
* alf Mon,4725,2.1,-0.09,1995AJ....110.2968L,20
* alf Mon,4841,2.75,-0.13,2016A&A...587A...2B,21
* alf Mon,4950,3.0,-0.04,2015A&A...574A..50J,22
* alf Mon,4838,2.61,-0.03,2011A&A...531A.165P,23
* alf Mon,4895,2.83,0.0,2007AJ....133.2464L,24
* alf Mon,4725,2.1,-0.09,1995AJ....110.2968L,25
* alf Mon,4790,2.85,-0.11,1990ApJS...74.1075M,26
* alf Mon,,,-0.09,2008A&A...480...91S,27
* alf Mon,4779,2.5,-0.06,2007MNRAS.374..664C,28
* alf Mon,4794,2.62,-0.04,2008A&A...480...91S,29
* alf Mon,4725,2.1,-0.09,1995AJ....110.2968L,30
* alf Mon,4790,2.85,-0.11,1990ApJS...74.1075M,31
* alf Mus,21900,,,1995A&AS..110..553S,1
* alf Oph,8040,,,1995A&AS..110..553S,1
* alf Oph,7997,,,1998A&A...339..858D,2
* alf Oph,7923,,,1996A&AS..117..227A,3
* alf Oph,7906,,,2005ApJ...626..446R,4
* alf Oph,7883,,,1998A&AS..129..505B,5
* alf Oph,7798,3.89,-0.16,2003A&A...398.1121E,6
* alf Ori,4250,1.5,,2023MNRAS.519.5472M,1
* alf Ori,3633,-0.06,-0.064,2025A&A...693A.163T,2
* alf Ori,3633,-0.06,-0.111,2025A&A...693A.163T,3
* alf Ori,4039,4.24,0.75,2021MNRAS.505.4496G,4
* alf Ori,3779,-0.462,-0.126,2023ApJS..266...11B,5
* alf Ori,3654,0.43,-0.21,2019A&A...627A.138A,6
* alf Ori,3605,,,1998AJ....116..981V,7
* alf Ori,3540,0.0,0.05,2000ApJ...537..205R,8
* alf Ori,3540,0.0,0.0,2000ApJ...530..307C,9
* alf Ori,3633,0.4,0.01,2011A&A...531A.165P,10
* alf Ori,3540,0.0,0.05,2000ApJ...537..205R,11
* alf Ori,3540,0.0,0.0,2000ApJ...530..307C,12
* alf Pav,17560,,,1995A&AS..110..553S,1
* alf Peg,10000,4.0,,2023MNRAS.519.5472M,1
* alf Peg,11000,4.0,0.0,2016A&A...589A..83G,2
* alf Peg,11100,3.9,,2019AstBu..74...62M,3
* alf Peg,9850,,,2009A&A...501..297Z,4
* alf Peg,10220,,,1995A&AS..110..553S,5
* alf Per,6439,1.28,-0.159,2025ApJ...985..176B,1
* alf Per,6313,2.0,-0.79,2021MNRAS.505.4496G,2
* alf Per,6465,1.64,0.04,2022A&A...663A...4S,3
* alf Per,6350,1.9,7.3,2019MNRAS.489.1533L,4
* alf Per,6541,,,2007MNRAS.378..617K,5
* alf Per,6350,1.9,-0.07,2010MNRAS.402.1369L,6
* alf Per,6300,0.9,0.15,1985ApJ...298..782L,7
* alf Per,6300,,-0.3,1951PDAO....8....1W,8
* alf Per,6200,1.2,-0.25,1996AJ....111..424G,9
* alf Per,6146,1.7,0.05,1948ApJ...107..151G,10
* alf Per,6582,1.85,0.22,2014AJ....147..137L,11
* alf Per,6579,1.76,0.15,2014AJ....147..137L,12
* alf Per,6690,1.31,-0.05,2011A&A...531A.165P,13
* alf Per,6200,1.2,-0.25,1996AJ....111..424G,14
* alf Per,6300,0.9,0.15,1985ApJ...298..782L,15
* alf Per,6300,0.9,0.15,1985ApJ...298..782L,16
* alf Per,6300,,-0.3,1951PDAO....8....1W,17
* alf Per,6146,1.7,0.05,1948ApJ...107..151G,18
* alf Phe,4770,,-0.4,2020A&A...633A..34C,1
* alf Phe,4436,2.53,,2003AJ....125.1598L,2
* alf Pic,7451,3.614,-0.0597,2023ApJS..266...11B,1
* alf Pic,7536,3.42,,2003AJ....125.1598L,2
* alf Pic,7551,,,2012A&A...537A.120Z,3
* alf Pic,7440,,,1995A&AS..110..553S,4
* alf Pic,7372,,,1998A&AS..129..505B,5
* alf Pic,7349,,,1998A&A...339..858D,6
* alf PsA,8745,4.17,,2021A&A...647A..49S,1
* alf PsA,7671,4.03,0.31,2017AJ....153...21L,2
* alf PsA,8399,4.14,,2003AJ....125.1598L,3
* alf PsA,8900,,,1995A&AS..110..553S,4
* alf PsA,8689,4.22,0.61,2003A&A...398.1121E,5
* alf PsA,8689,4.22,0.43,2003A&A...398.1121E,6
* alf PsA,8622,,,1998A&AS..129..505B,7
* alf PsA,8610,,,2012A&A...537A.120Z,8
* alf PsA,8500,4.1,-0.03,1997MNRAS.286..604D,9
* alf PsA,8459,,,2013ApJ...771...40B,10
* alf PsA C,3143,,0.03,2014MNRAS.443.2561G,1
* alf Pyx,23400,3.51,,2024A&A...687A.228D,1
* alf Pyx,22000,3.25,,2022ApJ...937..110L,2
* alf Pyx,24300,3.63,-0.18,1994A&A...282..867K,3
* alf Pyx,22990,,,1995A&AS..110..553S,4
* alf Pyx,22900,3.6,-0.08,2008ApJ...688L.103P,5
* alf Pyx,22900,3.6,0.01,2012A&A...539A.143N,6
* alf Pyx,24300,3.63,-0.18,1994A&A...282..867K,7
* alf Ret,5048,2.56,0.0,2024A&A...690A..97C,1
* alf Ret,5191,2.39,-0.253,2023ApJS..266...11B,2
* alf Ret,5051,2.65,0.13,2022A&A...663A...4S,3
* alf Ret,5288,2.977,0.191,2022A&A...657A..87O,4
* alf Ret,5050,,0.0,2020A&A...633A..34C,5
* alf Ret,5196,3.0,0.14,2006A&A...458..609D,6
* alf Ret,4777,,,2012A&A...539A..58C,7
* alf Ret,5211,3.03,0.03,2015A&A...574A..50J,8
* alf Ret,5092,2.39,0.22,2014AJ....147..137L,9
* alf Scl,17379,3.6,0.9,1973A&AS....9..427S,1
* alf Scl,15750,3.4,0.7,1973AASFA.394....1V,2
* alf Scl,13600,3.2,0.41,2014A&A...562A.128S,3
* alf Scl,13600,3.2,0.09,1997A&A...320..257L,4
* alf Scl,15750,3.4,0.7,1973AASFA.394....1V,5
* alf Scl,17379,3.6,0.9,1973A&AS....9..427S,6
* alf Sct,4137,1.51,-0.36,2021MNRAS.505.4496G,1
* alf Sct,4250,1.87,-0.07,2022A&A...663A...4S,2
* alf Sct,4217,2.0,-0.18,2008AJ....135..209M,3
* alf Sct,4189,1.84,-0.08,2013MNRAS.435..952S,4
* alf Sct,4352,,,2009A&A...497..497G,5
* alf Sct,4280,2.15,0.02,2007A&A...475.1003H,6
* alf Sct,4259,,,2005ApJ...626..446R,7
* alf Sct,4248,,,1999A&AS..139..335A,8
* alf Sct,4220,2.11,-0.18,1990ApJS...74.1075M,9
* alf Sct,,,0.0,1957ApJ...125..123S,10
* alf Sct,4263,2.21,0.01,2011A&A...531A.165P,11
* alf Sct,4220,2.11,-0.18,1990ApJS...74.1075M,12
* alf Sct,4189,1.84,-0.08,2007MNRAS.374..664C,13
* alf Sct,4220,2.11,-0.18,1990ApJS...74.1075M,14
* alf Sct,,,0.0,1957ApJ...125..123S,15
* alf Ser,4438,2.49,-0.06,2024A&A...690A..97C,1
* alf Ser,4485,2.43,-0.02,2021MNRAS.505.4496G,2
* alf Ser,4913,3.08,0.141,2023ApJS..266...11B,3
* alf Ser,4542,2.43,0.11,2022A&A...663A...4S,4
* alf Ser,4540,2.61,0.19,2022A&A...666A.125F,5
* alf Ser,4498,2.5,0.03,2008AJ....135..209M,6
* alf Ser,4540,2.61,0.19,2019A&A...625A.141L,7
* alf Ser,4540,2.61,0.16,2017A&A...598A.100J,8
* alf Ser,4624,2.39,-0.07,1981ApJ...248..228L,9
* alf Ser,4624,,0.2,1969MNRAS.143..223G,10
* alf Ser,4582,2.9,0.37,1986A&A...169..201G,11
* alf Ser,4582,2.0,0.17,1987Afz....25..429B,12
* alf Ser,4582,2.0,0.17,1986Afz....25..429B,13
* alf Ser,4580,,,1998A&A...339..858D,14
* alf Ser,4558,,,1998A&AS..129..505B,15
* alf Ser,4541,2.5,0.23,1974ApJS...27..405O,16
* alf Ser,4530,2.76,0.03,1990ApJS...74.1075M,17
* alf Ser,4496,2.52,0.17,2007MNRAS.382..553L,18
* alf Ser,4475,1.75,-0.05,1995AJ....110.2968L,19
* alf Ser,4421,,0.08,1953MSRSL..14..419G,20
* alf Ser,4737,2.72,0.22,2013AJ....146...73P,21
* alf Ser,4548,2.37,,2003AJ....126.2048G,22
* alf Ser,4475,1.75,-0.05,1995AJ....110.2968L,23
* alf Ser,4530,2.76,0.03,1990ApJS...74.1075M,24
* alf Ser,4582,2.0,0.17,1986Afz....25..429B,25
* alf Ser,4582,2.9,0.37,1986A&A...169..201G,26
* alf Ser,4624,2.39,-0.07,1981ApJ...248..228L,27
* alf Ser,,,0.1,2008A&A...480...91S,28
* alf Ser,4475,1.75,-0.05,1995AJ....110.2968L,29
* alf Ser,4530,2.76,0.03,1990ApJS...74.1075M,30
* alf Ser,4582,2.0,0.17,1986Afz....25..429B,31
* alf Ser,4582,2.9,0.37,1986A&A...169..201G,32
* alf Ser,4624,2.39,-0.07,1981ApJ...248..228L,33
* alf Ser,4541,2.5,0.23,1974ApJS...27..405O,34
* alf Ser,4000,,0.25,1974CRB...278.1103B,35
* alf Ser,4624,,0.2,1969MNRAS.143..223G,36
* alf Ser,4421,,0.08,1953MSRSL..14..419G,37
* alf Sex,9865,,,1998A&A...339..858D,1
* alf Sge,5630,2.36,0.03,2025A&A...703A.128B,1
* alf Sge,5610,2.48,0.03,2025A&A...703A.128B,2
* alf Sge,5824,2.4546,0.1711,2024A&A...681A.107R,3
* alf Sge,5453,2.59,-0.03,2022A&A...663A...4S,4
* alf Sge,5440,3.11,-0.15,1990ApJS...74.1075M,5
* alf Sge,5415,,,1998A&AS..129..505B,6
* alf Sge,5390,,,2007MNRAS.378..617K,7
* alf Sge,5503,2.33,-0.1,2016A&A...587A...2B,8
* alf Sge,5502,2.35,-0.09,2016A&A...587A...2B,9
* alf Sge,5535,2.39,0.01,2014ApJ...785...94L,10
* alf Sge,5440,2.27,0.04,2014AJ....147..137L,11
* alf Sge,5440,3.11,-0.15,1990ApJS...74.1075M,12
* alf Sge,5421,3.11,-0.15,2008A&A...480...91S,13
* alf Sge,5440,3.11,-0.15,1990ApJS...74.1075M,14
* alf Sgr,12370,,,1995A&AS..110..553S,1
* alf Sgr,11429,,,2012A&A...537A.120Z,2
* alf Tau,3671,1.45,-0.93,2024A&A...690A..97C,1
* alf Tau,4055,1.2,-0.27,2024A&A...691A..53S,2
* alf Tau,3955,2.107,-0.18,2024A&A...692A.228C,3
* alf Tau,3921,1.17,-0.2,2025A&A...698A..93J,4
* alf Tau,3853,1.33,-0.2,2024A&A...692A.189R,5
* alf Tau,3921,1.17,-0.2,2024A&A...682A.145S,6
* alf Tau,3982,1.405,-0.1427,2022ApJS..259...35A,7
* alf Tau,3945,1.3,-0.51,2021MNRAS.505.4496G,8
* alf Tau,4081,1.757,-0.114,2023A&A...671A..61N,9
* alf Tau,3860,-0.161,-1.163,2023ApJS..266...11B,10
* alf Tau,3927,1.18,-0.41,2023A&A...676A.129H,11
* alf Tau,3823,1.226,-0.145,2019ApJ...879...69T,12
* alf Tau,3936,1.0,-0.34,2008AJ....135..209M,13
* alf Tau,3914,1.1328,-0.353,2021MNRAS.506..150B,14
* alf Tau,3982,1.3256,-0.132,2020AJ....160..120J,15
* alf Tau,3700,,0.0,2020A&A...633A..34C,16
* alf Tau,3999,1.67,-0.24,2018A&A...620A..58S,17
* alf Tau,4788,1.5,-0.4,2012A&A...547A.108L,18
* alf Tau,4140,1.01,-0.33,1981ApJ...248..228L,19
* alf Tau,4100,1.7,-0.36,2007A&A...475.1003H,20
* alf Tau,4000,1.0,0.0,2012A&A...547A.108L,21
* alf Tau,4000,1.0,-0.29,2012A&A...547A.108L,22
* alf Tau,4000,1.5,0.0,2012A&A...547A.108L,23
* alf Tau,3994,1.54,-0.15,2012A&A...547A.108L,24
* alf Tau,3950,1.5,-0.67,2012A&A...547A.108L,25
* alf Tau,3927,1.22,-0.37,2014A&A...564A.133J,26
* alf Tau,3927,1.11,,2015A&A...582A..49H,27
* alf Tau,3910,1.75,0.0,2012A&A...547A.108L,28
* alf Tau,3910,1.59,-0.34,1990ApJS...74.1075M,29
* alf Tau,3900,1.0,-0.25,2012A&A...547A.108L,30
* alf Tau,3900,1.0,0.0,2012A&A...547A.108L,31
* alf Tau,3891,1.2,-0.15,2008A&A...484L..21M,32
* alf Tau,3883,,,2005ApJ...626..446R,33
* alf Tau,3875,0.55,-0.16,1995AJ....110.2968L,34
* alf Tau,3866,,,1999A&AS..139..335A,35
* alf Tau,3850,1.25,0.0,2012A&A...547A.108L,36
* alf Tau,3850,0.55,-0.1,1998A&A...338..623M,37
* alf Tau,3847,1.5,0.0,1985ApJ...294..326S,38
* alf Tau,3839,0.94,-0.35,2012A&A...547A.108L,39
* alf Tau,3830,1.2,-0.14,1983A&A...120...21K,40
* alf Tau,3800,1.75,-0.5,2012A&A...547A.108L,41
* alf Tau,3800,1.8,-0.17,1990AJ.....99.1961F,42
* alf Tau,3800,0.75,-0.3,2012A&A...547A.108L,43
* alf Tau,3733,1.2,-0.1,1978A&A....67..311F,44
* alf Tau,3733,1.2,-0.1,1974PhDT.........8F,45
* alf Tau,,,0.0,1957ApJ...125..123S,46
* alf Tau,3885,1.3,-0.28,2016A&A...587A...2B,47
* alf Tau,3893,1.24,-0.24,2016A&A...587A...2B,48
* alf Tau,3900,1.3,0.17,2012ApJ...761..161S,49
* alf Tau,3900,1.3,0.05,2012ApJ...761..161S,50
* alf Tau,3870,1.66,-0.04,2011A&A...531A.165P,51
* alf Tau,3850,0.55,-0.1,2009A&A...508.1313F,52
* alf Tau,3850,0.55,-0.1,1998A&A...338..623M,53
* alf Tau,3875,0.55,-0.16,1995AJ....110.2968L,54
* alf Tau,3910,1.59,-0.34,1990ApJS...74.1075M,55
* alf Tau,3800,1.8,-0.17,1990AJ.....99.1961F,56
* alf Tau,3847,1.5,0.0,1985ApJ...294..326S,57
* alf Tau,4131,1.2,-0.14,1983A&A...120...21K,58
* alf Tau,4131,1.01,-0.33,1981ApJ...248..228L,59
* alf Tau,3922,1.41,-0.18,2007MNRAS.374..664C,60
* alf Tau,3887,1.06,-0.17,2008A&A...480...91S,61
* alf Tau,3875,0.55,-0.16,1995AJ....110.2968L,62
* alf Tau,3910,1.59,-0.34,1990ApJS...74.1075M,63
* alf Tau,3800,1.8,-0.17,1990AJ.....99.1961F,64
* alf Tau,3847,1.5,0.0,1985ApJ...294..326S,65
* alf Tau,4131,1.2,-0.14,1983A&A...120...21K,66
* alf Tau,4131,1.01,-0.33,1981ApJ...248..228L,67
* alf Tau,3733,1.2,-0.1,1978A&A....67..311F,68
* alf Tau,3969,1.3,0.42,1974A&A....35..225V,69
* alf Tau,3733,1.2,-0.1,1974PhDT.........8F,70
* alf Tau,,,0.0,1957ApJ...125..123S,71
* alf TrA,4184,0.82,0.0,2022A&A...663A...4S,1
* alf TrA,4070,,-0.4,2020A&A...633A..34C,2
* alf TrA,3818,1.5,-0.06,1983A&A...120...21K,3
* alf TrA,4255,0.92,0.02,2014AJ....147..137L,4
* alf TrA,3818,1.5,-0.06,1983A&A...120...21K,5
* alf TrA,3818,1.5,-0.06,1983A&A...120...21K,6
* alf Tri,6320,3.91,0.0,2022A&A...663A...4S,1
* alf Tri,6400,,,2011A&A...530A.138C,2
* alf Tri,6321,,,1998A&AS..129..505B,3
* alf Tri,6288,3.91,0.0,1990ApJ...354..310B,4
* alf Tri,6273,3.57,,2003AJ....126.2048G,5
* alf Tri,6288,3.91,0.0,1990ApJ...354..310B,6
* alf Tri,6288,3.91,0.0,1990ApJ...354..310B,7
* alf Tuc,4150,,-0.4,2020A&A...633A..34C,1
* alf UMa,4660,2.46,-0.2,2025A&A...698A..93J,1
* alf UMa,4627,2.2,-0.18,2022A&A...663A...4S,2
* alf UMa,4401,,-0.25,2020A&A...633A..34C,3
* alf UMa,4667,2.23,-0.19,1981ApJ...248..228L,4
* alf UMa,4660,2.46,-0.2,1990ApJS...74.1075M,5
* alf UMa,4421,,-0.19,1953MSRSL..14..419G,6
* alf UMa,4742,2.31,,2003AJ....126.2048G,7
* alf UMa,4660,2.46,-0.2,1990ApJS...74.1075M,8
* alf UMa,4667,2.23,-0.19,1981ApJ...248..228L,9
* alf UMa,,,-0.2,2008A&A...480...91S,10
* alf UMa,4660,2.46,-0.2,1990ApJS...74.1075M,11
* alf UMa,4667,2.23,-0.19,1981ApJ...248..228L,12
* alf UMa,3969,2.03,-0.23,1968ApJS...16....1H,13
* alf UMa,4421,,-0.19,1953MSRSL..14..419G,14
* alf UMi,5933,1.95,0.03,2022A&A...663A...4S,1
* alf UMi,6072,1.95,0.05,1981IzKry..64....3B,2
* alf UMi,5793,,0.0,1967PTarO..36..227K,3
* alf UMi,6206,1.64,0.19,2012A&A...538A.143K,4
* alf UMi,6072,1.95,0.05,1981IzKry..64....3B,5
* alf UMi,6072,1.95,0.05,1981IzKry..64....3B,6
* alf UMi,5793,,0.0,1967PTarO..36..227K,7
* alf Vir,24683,3.8063,-0.02,2023ApJS..266...11B,1
* alf Vir,,3.5,,2008AJ....135..209M,2
* alf Vol,8198,4.09,,2003AJ....125.1598L,1
* alf Vul,4915,1.9383,-0.18,2024A&A...681A.107R,1
* alf Vul,3990,1.5,,2008AJ....135..209M,2
* alf Vul,3847,1.4,-0.38,1986ApJ...311..843S,3
* alf Vul,3847,1.4,-0.38,1986ApJ...311..843S,4
* alf Vul,3847,1.4,-0.18,1986ApJ...311..843S,5
* b01 Aqr,4563,2.49,-0.34,2022A&A...663A...4S,1
* b01 Aqr,4780,,-0.4,2020A&A...633A..34C,2
* b01 Aqr,4655,2.65,-0.26,2007A&A...475.1003H,3
* b01 Aqr,4602,,,1998A&AS..129..505B,4
* b01 Aqr,4525,,,1998A&A...339..858D,5
* b01 Aqr,4490,2.73,-0.4,1990ApJS...74.1075M,6
* b01 Aqr,4490,2.73,-0.4,1990ApJS...74.1075M,7
* b01 Aqr,4490,2.73,-0.4,1990ApJS...74.1075M,8
* bet And,3802,,-0.03,2024A&A...691A..53S,1
* bet And,3931,1.091,-0.3045,2022ApJS..259...35A,2
* bet And,3834,1.381,-0.304,2019ApJ...879...69T,3
* bet And,3873,1.0,,2008AJ....135..209M,4
* bet And,3918,1.0474,-0.345,2020AJ....160..120J,5
* bet And,3700,,0.0,2020A&A...633A..34C,6
* bet And,4002,,,1998AJ....116..981V,7
* bet And,3824,,,2005ApJ...626..446R,8
* bet And,3800,1.5,-0.04,2000ApJ...530..307C,9
* bet And,3789,1.6,-0.1,1985ApJ...294..326S,10
* bet And,3783,,,1999A&AS..139..335A,11
* bet And,3252,,0.1,1975PTarO..43...51H,12
* bet And,3762,1.07,-0.49,2016A&A...587A...2B,13
* bet And,3800,1.5,-0.04,2000ApJ...530..307C,14
* bet And,3789,1.6,-0.1,1985ApJ...294..326S,15
* bet And,3842,1.52,-0.05,2008A&A...480...91S,16
* bet And,3789,1.6,-0.1,1985ApJ...294..326S,17
* bet And,3252,,0.1,1975PTarO..43...51H,18
* bet Aps,4855,2.82,-0.03,2022A&A...663A...4S,1
* bet Aps,4900,3.0,-0.02,1992MNRAS.256..535J,2
* bet Aps,4677,2.63,-0.05,2007MNRAS.382..553L,3
* bet Aps,4900,3.0,-0.02,1992MNRAS.256..535J,4
* bet Aps,4900,3.0,-0.02,1992MNRAS.256..535J,5
* bet Aql,,3.549,,2025A&A...700A..39K,1
* bet Aql,5198,3.693,-0.16,2024A&A...683A.125P,2
* bet Aql,5155,3.68,-0.15,2024A&A...682A.145S,3
* bet Aql,5191,3.68,-0.04,2021MNRAS.505.4496G,4
* bet Aql,5117,3.64,-0.19,2016A&A...588A..98M,5
* bet Aql,5074,3.5,-0.22,2023AJ....165..145L,6
* bet Aql,5113,3.59,-0.15,2022A&A...663A...4S,7
* bet Aql,5163,3.64,-0.16,2022A&A...663A...4S,8
* bet Aql,5088,3.569,-0.097,2021ApJS..255....8R,9
* bet Aql,,,-0.23,2020AJ....160...83S,10
* bet Aql,5109,3.41,,2020AJ....160...83S,11
* bet Aql,5144,3.58,-0.19,2017AJ....153...21L,12
* bet Aql,5163,3.71,-0.1,2018A&A...615A..31D,13
* bet Aql,5163,3.64,-0.16,2018MNRAS.479.1332M,14
* bet Aql,5057,3.35,,2003AJ....125.1598L,15
* bet Aql,5478,1.3,0.2,1981ApJ...245.1018L,16
* bet Aql,5250,3.79,-0.15,1988A&A...190..148E,17
* bet Aql,5163,3.79,-0.1,2005ApJS..159..141V,18
* bet Aql,5160,3.68,-0.12,2006AJ....131.3069L,19
* bet Aql,5160,3.68,-0.12,2005AJ....129.1063L,20
* bet Aql,5159,3.6,-0.1,2015A&A...580A..24D,21
* bet Aql,5143,,-0.23,1969CoSka...4...63B,22
* bet Aql,5111,3.52,-0.23,2013A&A...559A.115M,23
* bet Aql,5110,3.53,-0.22,2014A&A...564A.119M,24
* bet Aql,5110,3.6,-0.17,2004AN....325....3F,25
* bet Aql,5106,3.54,-0.15,2004A&A...420..183A,26
* bet Aql,5100,3.56,-0.21,2014A&A...564A.119M,27
* bet Aql,5100,3.6,-0.3,1990ApJS...74.1075M,28
* bet Aql,5097,3.5,-0.27,1999A&A...348..487R,29
* bet Aql,5091,3.15,0.29,1982MNRAS.201..807G,30
* bet Aql,5047,3.51,-0.21,2007A&A...465..271R,31
* bet Aql,5030,3.55,-0.21,2010MNRAS.405.1907B,32
* bet Aql,4990,,,1998A&AS..129..505B,33
* bet Aql,4920,,,2013ApJ...771...40B,34
* bet Aql,4383,,0.08,1966AnAp...29..593H,35
* bet Aql,5081,3.55,-0.1,2016ApJS..225...32B,36
* bet Aql,5067,3.54,-0.26,2016A&A...587A...2B,37
* bet Aql,5056,3.4,-0.24,2016A&A...587A...2B,38
* bet Aql,5163,3.71,-0.1,2016A&A...585A..73N,39
* bet Aql,5223,3.86,-0.17,2015A&A...574A..50J,40
* bet Aql,5062,3.54,-0.19,2013ApJ...764...78R,41
* bet Aql,5100,3.78,,2003AJ....126.2048G,42
* bet Aql,5106,3.54,7.36,2004A&A...420..183A,43
* bet Aql,5077,3.39,-0.15,2011AJ....141...90L,44
* bet Aql,5077,3.46,-0.17,2011AJ....141...90L,45
* bet Aql,5082,3.48,-0.22,2011A&A...531A.165P,46
* bet Aql,5134,3.76,-0.1,2011ApJ...736...87K,47
* bet Aql,5100,3.5,-0.27,2009A&A...508.1313F,48
* bet Aql,5097,3.5,-0.27,1999A&A...348..487R,49
* bet Aql,5100,3.6,-0.3,1990ApJS...74.1075M,50
* bet Aql,5250,3.79,-0.15,1988A&A...190..148E,51
* bet Aql,5091,3.15,0.29,1982MNRAS.201..807G,52
* bet Aql,5478,1.3,0.2,1981ApJ...245.1018L,53
* bet Aql,5041,3.04,-0.04,2007MNRAS.374..664C,54
* bet Aql,5119,3.53,-0.13,2008A&A...480...91S,55
* bet Aql,5100,3.6,-0.3,1990ApJS...74.1075M,56
* bet Aql,5250,3.79,-0.15,1988A&A...190..148E,57
* bet Aql,5091,3.15,0.29,1982MNRAS.201..807G,58
* bet Aql,5478,1.3,0.2,1981ApJ...245.1018L,59
* bet Aql,5143,3.6,-0.18,1972AcA....22..141G,60
* bet Aql,5143,,-0.23,1969CoSka...4...63B,61
* bet Aql,4383,,0.08,1966AnAp...29..593H,62
* bet Aqr,5191,2.96,-0.1,2024A&A...690A..97C,1
* bet Aqr,5644,1.83,0.05,2024A&A...692A.189R,2
* bet Aqr,5715,1.22,0.1,2023ApJS..266...41P,3
* bet Aqr,5473,1.59,0.04,2022A&A...663A...4S,4
* bet Aqr,5466,1.54,0.03,2020MNRAS.494.1724J,5
* bet Aqr,5490,1.86,6.4,2019MNRAS.489.1533L,6
* bet Aqr,5490,1.86,0.1,2010MNRAS.402.1369L,7
* bet Aqr,5478,1.6,-0.02,1981A&A...103..135F,8
* bet Aqr,5478,1.3,0.19,1977ApJ...218..752L,9
* bet Aqr,5474,,,1998A&AS..129..505B,10
* bet Aqr,5466,,,2007MNRAS.378..617K,11
* bet Aqr,5419,1.4,0.0,1975PASP...87..385B,12
* bet Aqr,5362,1.15,-0.05,1982ApJ...256..177L,13
* bet Aqr,5465,1.08,-0.02,2016A&A...587A...2B,14
* bet Aqr,5511,1.54,0.03,2014AJ....147..137L,15
* bet Aqr,5715,1.22,0.1,2012A&A...538A.143K,16
* bet Aqr,5362,1.15,-0.05,1982ApJ...256..177L,17
* bet Aqr,5478,1.6,-0.02,1981A&A...103..135F,18
* bet Aqr,5462,1.45,-0.03,2008A&A...480...91S,19
* bet Aqr,5362,1.15,-0.05,1982ApJ...256..177L,20
* bet Aqr,5478,1.6,-0.02,1981A&A...103..135F,21
* bet Aqr,5478,1.3,0.19,1977ApJ...218..752L,22
* bet Aqr,5419,1.4,0.0,1975PASP...87..385B,23
* bet Ara,4231,1.235,-0.055,2024A&A...692A.228C,1
* bet Ara,4232,0.97,0.5,2024A&A...682A.145S,2
* bet Ara,4133,1.4167,0.225,2023A&A...671A..61N,3
* bet Ara,4135,1.4212,0.227,2023A&A...671A..61N,4
* bet Ara,4136,1.4261,0.229,2023A&A...671A..61N,5
* bet Ara,4131,1.4052,0.231,2023A&A...671A..61N,6
* bet Ara,4118,1.4056,0.246,2023A&A...671A..61N,7
* bet Ara,4122,1.4147,0.245,2023A&A...671A..61N,8
* bet Ara,4118,1.4148,0.242,2023A&A...671A..61N,9
* bet Ara,4110,1.394,0.24,2023A&A...671A..61N,10
* bet Ara,4131,1.4178,0.231,2023A&A...671A..61N,11
* bet Ara,4479,1.37,0.23,2023ApJS..266...41P,12
* bet Ara,4582,1.3,0.5,2022A&A...663A...4S,13
* bet Ara,4245,0.8,0.01,2023A&A...676A.129H,14
* bet Ara,4784,0.5,,2021MNRAS.506..150B,15
* bet Ara,4372,1.04,-0.04,2016A&A...589A.115S,16
* bet Ara,4582,1.3,0.5,1979ApJ...232..797L,17
* bet Ara,4073,1.01,-0.05,2014A&A...564A.133J,18
* bet Ara,4409,1.18,0.14,2016A&A...587A...2B,19
* bet Ara,4479,1.37,0.23,2012A&A...538A.143K,20
* bet Ara,4582,1.3,0.5,1979ApJ...232..797L,21
* bet Ari,8000,3.6,0.0,2016A&A...589A..83G,1
* bet Ari,7800,3.5,-0.2,2016A&A...589A..83G,2
* bet Ari,8400,3.8,0.05,1967ApJS...15...21W,3
* bet Ari,8318,,,2012A&A...537A.120Z,4
* bet Ari,8250,,,1995A&AS..110..553S,5
* bet Ari,8300,4.1,,2003AJ....126.2048G,6
* bet Ari,9000,4.0,0.16,1977A&AS...27...35M,7
* bet Ari,8400,3.8,0.05,1967ApJS...15...21W,8
* bet Aur,9200,3.98,0.37,2019MNRAS.485.1067T,1
* bet Aur,9350,3.93,0.32,2019MNRAS.485.1067T,2
* bet Aur,8954,,,2012A&A...537A.120Z,3
* bet Aur,8910,,,2009A&A...501..297Z,4
* bet Aur,8340,,,1995A&AS..110..553S,5
* bet Aur,9024,3.71,,2003AJ....126.2048G,6
* bet Aur,8842,3.7,0.0,1969ApJ...158.1099T,7
* bet Boo,5100,2.8,-0.1,2025A&A...698A..93J,1
* bet Boo,5174,2.54,0.23,2024MNRAS.534.3104Y,2
* bet Boo,5022,2.65,0.04,2022A&A...663A...4S,3
* bet Boo,4932,2.8,-0.13,2008AJ....135..209M,4
* bet Boo,5171,2.79,-0.01,2015A&A...580A..24D,5
* bet Boo,5121,2.76,-0.03,2011A&A...526A..71D,6
* bet Boo,5100,2.8,0.0,2007A&A...475.1003H,7
* bet Boo,4997,,,1998A&AS..129..505B,8
* bet Boo,4940,3.06,-0.13,1990ApJS...74.1075M,9
* bet Boo,4900,2.8,0.55,1990AJ.....99.1961F,10
* bet Boo,5071,2.59,-0.08,2016A&A...587A...2B,11
* bet Boo,5001,2.35,-0.07,2014ApJ...785...94L,12
* bet Boo,5086,2.79,-0.05,2015A&A...574A..50J,13
* bet Boo,4940,3.06,-0.13,1990ApJS...74.1075M,14
* bet Boo,4900,2.8,0.55,1990AJ.....99.1961F,15
* bet Boo,,,0.06,2008A&A...480...91S,16
* bet Boo,4966,2.93,0.21,2008A&A...480...91S,17
* bet Boo,4940,3.06,-0.13,1990ApJS...74.1075M,18
* bet Boo,4900,2.8,0.55,1990AJ.....99.1961F,19
* bet Cae,6666,3.63,,2003AJ....125.1598L,1
* bet Cae,6856,,,2006A&A...450..735M,2
* bet Cae,6791,,,2011A&A...530A.138C,3
* bet Car,8866,3.16,,2003AJ....125.1598L,1
* bet Car,8998,,,1998A&A...339..858D,2
* bet Car,8910,,,1995A&AS..110..553S,3
* bet Cas,6959,,,2011A&A...530A.138C,1
* bet Cas,6810,,,1995A&AS..110..553S,2
* bet Cas,6792,3.59,-0.15,2003A&A...398.1121E,3
* bet Cas,6915,3.49,,2003AJ....126.2048G,4
* bet Cen,33250,3.877,-0.258,2023ApJS..266...11B,1
* bet Cen,,3.55,,2019MNRAS.485.1508S,2
* bet Cen,,3.55,,2019MNRAS.485.1508S,3
* bet Cen,26720,,,1995A&AS..110..553S,4
* bet Cep,27800,4.26,0.0,2021MNRAS.505.4496G,1
* bet Cep,27000,3.95,0.05,2012A&A...539A.143N,2
* bet Cep,26920,,,2009A&A...501..297Z,3
* bet Cep,26740,4.16,-0.23,1992ApJ...387..673G,4
* bet Cep,25500,3.7,-0.1,2011A&A...531A.165P,5
* bet Cep,26740,4.16,-0.23,2007MNRAS.374..664C,6
* bet Cep,26740,4.16,-0.23,1992ApJ...387..673G,7
* bet Cet,5169,3.12,0.12,2024A&A...690A..97C,1
* bet Cet,5152,3.11,0.15,2024A&A...690A..97C,2
* bet Cet,5003,2.847,0.22,2024A&A...683A.125P,3
* bet Cet,4848,2.25,0.05,2023ApJS..266...41P,4
* bet Cet,4851,2.64,0.01,2022A&A...663A...4S,5
* bet Cet,4797,2.7,-0.09,2008AJ....135..209M,6
* bet Cet,5000,2.75,0.17,1992MNRAS.256..535J,7
* bet Cet,4925,3.05,-0.09,2007A&A...475.1003H,8
* bet Cet,4853,,,1998A&AS..129..505B,9
* bet Cet,4846,2.8,0.04,1986A&A...169..201G,10
* bet Cet,4820,2.87,-0.09,1990ApJS...74.1075M,11
* bet Cet,4800,2.5,-0.11,1983A&A...120...21K,12
* bet Cet,4800,2.34,-0.05,1981ApJ...248..228L,13
* bet Cet,4797,,,1998A&A...339..858D,14
* bet Cet,4750,2.45,0.13,1995AJ....110.2968L,15
* bet Cet,4848,2.25,0.05,2012A&A...538A.143K,16
* bet Cet,4750,2.45,0.13,1995AJ....110.2968L,17
* bet Cet,5000,2.75,0.17,1992MNRAS.256..535J,18
* bet Cet,4820,2.87,-0.09,1990ApJS...74.1075M,19
* bet Cet,4846,2.8,0.04,1986A&A...169..201G,20
* bet Cet,4800,2.5,-0.11,1983A&A...120...21K,21
* bet Cet,4800,2.34,-0.05,1981ApJ...248..228L,22
* bet Cet,,,0.05,2008A&A...480...91S,23
* bet Cet,4750,2.45,0.13,1995AJ....110.2968L,24
* bet Cet,5000,2.75,0.17,1992MNRAS.256..535J,25
* bet Cet,4820,2.87,-0.09,1990ApJS...74.1075M,26
* bet Cet,4846,2.8,0.04,1986A&A...169..201G,27
* bet Cet,4800,2.5,-0.11,1983A&A...120...21K,28
* bet Cet,4800,2.34,-0.05,1981ApJ...248..228L,29
* bet Cha,15330,,,2009A&A...501..297Z,1
* bet Cir,8552,3.94,,2021A&A...647A..49S,1
* bet Cir,8641,4.02,,2003AJ....125.1598L,2
* bet Cir,8857,,,1998A&A...339..858D,3
* bet Cir,8689,4.21,0.2,2003A&A...398.1121E,4
* bet Cir,8670,4.2,0.12,2002A&A...396..641A,5
* bet Cir,8565,,,1998A&AS..129..505B,6
* bet CMa,25000,3.54,,2024A&A...687A.228D,1
* bet CMa,26630,3.89,-0.41,1992ApJ...387..673G,2
* bet CMa,25320,,,2009A&A...501..297Z,3
* bet CMa,24000,3.43,,2006MNRAS.371..252L,4
* bet CMa,26630,3.89,-0.41,1992ApJ...387..673G,5
* bet CMi,11820,3.2,,2018MNRAS.474.5287A,1
* bet CMi,13100,3.61,,2006MNRAS.371..252L,2
* bet CMi,11710,,,1995A&AS..110..553S,3
* bet CMi,10864,,,2012A&A...537A.120Z,4
* bet Cnc,4234,1.48,-0.29,2024A&A...691A..53S,1
* bet Cnc,4080,1.28,-0.2,2024A&A...682A.145S,2
* bet Cnc,3967,0.98,-0.53,2021MNRAS.505.4496G,3
* bet Cnc,4097,1.69,-0.2,2022A&A...663A...4S,4
* bet Cnc,,1.2,-0.19,2022A&A...661A..63W,5
* bet Cnc,3990,1.5,-0.24,2008AJ....135..209M,6
* bet Cnc,3981,,-0.3,2020A&A...633A..34C,7
* bet Cnc,4077,1.34,-0.3,2018A&A...620A..58S,8
* bet Cnc,4308,1.87,-0.21,1981ApJ...248..228L,9
* bet Cnc,4200,2.05,-0.19,2007A&A...475.1003H,10
* bet Cnc,4010,1.71,-0.24,1990ApJS...74.1075M,11
* bet Cnc,3900,1.6,-0.05,1990AJ.....99.1961F,12
* bet Cnc,4087,1.45,-0.07,2011A&A...531A.165P,13
* bet Cnc,4010,1.71,-0.24,1990ApJS...74.1075M,14
* bet Cnc,3900,1.6,-0.05,1990AJ.....99.1961F,15
* bet Cnc,4308,1.87,-0.21,1981ApJ...248..228L,16
* bet Cnc,4039,1.51,-0.12,2007MNRAS.374..664C,17
* bet Cnc,4010,1.71,-0.24,1990ApJS...74.1075M,18
* bet Cnc,3900,1.6,-0.05,1990AJ.....99.1961F,19
* bet Cnc,4308,1.87,-0.21,1981ApJ...248..228L,20
* bet Col,4665,2.587,0.19,2024A&A...683A.125P,1
* bet Col,4516,2.48,0.24,2022A&A...663A...4S,2
* bet Col,4570,,0.0,2020A&A...633A..34C,3
* bet Col,4545,2.62,,2003AJ....125.1598L,4
* bet Col,4582,2.8,0.13,1986A&A...169..201G,5
* bet Col,4450,2.8,0.28,1998A&A...338..623M,6
* bet Col,4450,2.8,0.28,1998A&A...338..623M,7
* bet Col,4582,2.8,0.13,1986A&A...169..201G,8
* bet Col,4582,2.8,0.13,1986A&A...169..201G,9
* bet Com,6000,4.0,,2023MNRAS.519.5472M,1
* bet Com,5843,4.35,-0.1,2024A&A...690A..97C,2
* bet Com,5992,4.35,0.0,2024A&A...692A.189R,3
* bet Com,5930,4.37,0.06,2024A&A...682A.145S,4
* bet Com,6074,4.35,0.05,2021MNRAS.505.4496G,5
* bet Com,5973,4.23,-0.04,2023ApJS..266...41P,6
* bet Com,5996,4.42,0.06,2022A&A...663A...4S,7
* bet Com,5954,4.3,0.12,2020MNRAS.494.1724J,8
* bet Com,6020,4.4,0.08,2021AJ....161..134H,9
* bet Com,5987,4.31,0.05,2015A&A...573A..67P,10
* bet Com,5954,4.3,0.07,2015MNRAS.454.1585M,11
* bet Com,6022,4.4,0.06,2017AJ....153...21L,12
* bet Com,6009,4.4,0.04,2018A&A...614A..55A,13
* bet Com,6146,4.52,0.06,1984Ap&SS.105...55C,14
* bet Com,6113,4.49,0.11,2005PASJ...57...27T,15
* bet Com,6090,4.47,0.06,2015ApJ...808..148S,16
* bet Com,6089,,,2009A&A...497..497G,17
* bet Com,6078,4.48,0.11,2015A&A...580A..24D,18
* bet Com,6075,4.55,0.02,2006AJ....131.3069L,19
* bet Com,6075,4.55,0.02,2005AJ....129.1063L,20
* bet Com,6075,4.57,0.07,2005ApJS..159..141V,21
* bet Com,6072,,0.19,1961ApJS....6..407W,22
* bet Com,6072,,0.18,1967MNRAS.137...41A,23
* bet Com,6050,4.55,0.02,2003AJ....126.2015H,24
* bet Com,6030,,,2011A&A...530A.138C,25
* bet Com,6029,4.38,0.03,1993A&A...275..101E,26
* bet Com,6025,4.38,0.07,1998A&A...338..623M,27
* bet Com,6021,4.37,0.083,2010MNRAS.403.1368G,28
* bet Com,6020,4.35,0.083,2010MNRAS.403.1368G,29
* bet Com,6006,4.3,-0.03,2000Priv.C........F,30
* bet Com,6000,,0.16,1970ApJ...160.1141S,31
* bet Com,6000,,0.05,1963ApJ...138...97H,32
* bet Com,5985,,,1998A&A...339..858D,33
* bet Com,5964,,,1996A&AS..117..227A,34
* bet Com,5959,,,1998A&AS..129..505B,35
* bet Com,5957,,,2013ApJ...771...40B,36
* bet Com,5956,4.43,-0.0,2006ApJ...652.1604B,37
* bet Com,5954,,,2004A&A...427..933K,38
* bet Com,5954,,,2003A&A...411..559K,39
* bet Com,5954,4.3,0.07,2004A&A...418..551M,40
* bet Com,5952,4.31,0.0,1996A&A...314..191G,41
* bet Com,5942,4.43,-0.01,2007A&A...465..271R,42
* bet Com,5936,,,2012ApJ...746..101B,43
* bet Com,5929,4.47,0.27,1974A&A....36..191H,44
* bet Com,5929,4.4,0.02,1986ApJ...309..762B,45
* bet Com,5928,,,2005ApJ...626..446R,46
* bet Com,5910,4.44,-0.05,2004A&A...420..183A,47
* bet Com,5877,4.24,-0.05,2000A&AS..141..491C,48
* bet Com,5793,,0.08,1965ApJ...141..588H,49
* bet Com,5091,,0.36,1966AnAp...29..593H,50
* bet Com,5976,4.35,0.02,2016A&A...587A...2B,51
* bet Com,6000,4.38,0.08,2016A&A...587A...2B,52
* bet Com,6090,4.47,0.06,2015ApJ...808..148S,53
* bet Com,6010,4.35,,2015A&A...579A..20M,54
* bet Com,5954,4.3,0.07,2013A&A...552A.128M,55
* bet Com,6034,4.44,0.06,2013ApJ...764...78R,56
* bet Com,6034,4.44,0.06,2012ApJ...756...46R,57
* bet Com,5910,4.44,7.54,2004A&A...420..183A,58
* bet Com,5962,4.36,0.04,2011AJ....141...90L,59
* bet Com,5962,4.42,0.1,2011AJ....141...90L,60
* bet Com,5954,4.3,0.07,2011ARep...55..689M,61
* bet Com,5994,4.35,0.05,2011A&A...531A.165P,62
* bet Com,6023,4.24,0.11,2012A&A...541A..40M,63
* bet Com,6113,4.49,0.1,2007PASJ...59..335T,64
* bet Com,5973,4.23,-0.04,2012A&A...538A.143K,65
* bet Com,6010,4.3,-0.03,2009A&A...508.1313F,66
* bet Com,6006,4.3,-0.03,2000Priv.C........F,67
* bet Com,5877,4.24,-0.05,2000A&AS..141..491C,68
* bet Com,6025,4.38,0.07,1998A&A...338..623M,69
* bet Com,5952,4.31,0.0,1996A&A...314..191G,70
* bet Com,6029,4.38,0.03,1993A&A...275..101E,71
* bet Com,5929,4.4,0.02,1986ApJ...309..762B,72
* bet Com,6146,4.52,0.06,1984Ap&SS.105...55C,73
* bet Com,6029,4.38,0.03,1993A&A...275..101E,74
* bet Com,5929,4.4,0.02,1986ApJ...309..762B,75
* bet Com,6146,4.52,0.06,1984Ap&SS.105...55C,76
* bet Com,5929,4.47,0.27,1974A&A....36..191H,77
* bet Com,6000,,0.16,1970ApJ...160.1141S,78
* bet Com,6072,,0.18,1967MNRAS.137...41A,79
* bet Com,5091,,0.36,1966AnAp...29..593H,80
* bet Com,5793,,0.08,1965ApJ...141..588H,81
* bet Com,6000,,0.05,1963ApJ...138...97H,82
* bet Com,6072,,0.19,1961ApJS....6..407W,83
* bet CrA,4575,,,1998A&AS..129..505B,1
* bet CrA,4564,,,1998A&A...339..858D,2
* bet CrB,7455,4.11,0.26,2024A&A...683A.125P,1
* bet CrB,7757,3.7526,-0.8792,2024A&A...681A.107R,2
* bet CrB,8254,3.97,0.96,2021MNRAS.505.4496G,3
* bet CrB,8620,3.96,1.0,2023ApJS..266...41P,4
* bet CrB,8000,3.8,,2019AstBu..74...62M,5
* bet CrB,9692,4.0,1.3,1973ApJ...183...95A,6
* bet CrB,8842,,0.29,1967ApJS...15...21W,7
* bet CrB,7754,4.5,0.7,1958MmSAI..29..263H,8
* bet CrB,7624,3.99,,2003AJ....126.2048G,9
* bet CrB,8466,4.06,0.96,2011A&A...531A.165P,10
* bet CrB,8620,3.96,1.0,2012A&A...538A.143K,11
* bet CrB,9692,4.0,1.3,1973ApJ...183...95A,12
* bet CrB,7875,,1.01,1972AISAO...4...69K,13
* bet CrB,8842,,0.29,1967ApJS...15...21W,14
* bet CrB,7754,4.5,0.7,1958MmSAI..29..263H,15
* bet Crt,8954,,,2012A&A...537A.120Z,1
* bet Crt,36885,7.4,,2014MNRAS.440.1607B,2
* bet Cru,26800,3.63,,2024A&A...687A.228D,1
* bet Cru,28200,4.01,-0.08,1994A&A...282..867K,2
* bet Cru,27030,,,2009A&A...501..297Z,3
* bet Cru,26650,,,1995A&AS..110..553S,4
* bet Cru,28200,4.01,-0.08,1994A&A...282..867K,5
* bet Crv,5124,2.43,0.01,2024A&A...690A..97C,1
* bet Crv,5226,2.52,0.05,2024A&A...692A.189R,2
* bet Crv,5398,2.847,0.15,2024A&A...683A.125P,3
* bet Crv,5117,1.888,-0.458,2023ApJS..266...11B,4
* bet Crv,5153,2.38,0.08,2022A&A...663A...4S,5
* bet Crv,5100,2.52,3.7,2019MNRAS.489.1533L,6
* bet Crv,5170,2.1,-0.11,1990ApJS...74.1075M,7
* bet Crv,5125,2.2,0.27,1995AJ....110.2425L,8
* bet Crv,5117,,,2007MNRAS.378..617K,9
* bet Crv,5100,2.52,0.1,2010MNRAS.402.1369L,10
* bet Crv,5145,2.56,-0.01,2014ApJ...785...94L,11
* bet Crv,5236,2.65,0.07,2015A&A...574A..50J,12
* bet Crv,5172,2.56,0.12,2014AJ....147..137L,13
* bet Crv,5125,2.2,0.27,1995AJ....110.2425L,14
* bet Crv,5170,2.1,-0.11,1990ApJS...74.1075M,15
* bet Crv,5125,2.2,0.27,1995AJ....110.2425L,16
* bet Crv,5170,2.1,-0.11,1990ApJS...74.1075M,17
* bet CVn,5750,3.5,,2023MNRAS.519.5472M,1
* bet CVn,6013,4.41,-0.2,2025A&A...698A..93J,2
* bet CVn,6013,4.41,-0.2,2024A&A...682A.145S,3
* bet CVn,5878,4.42,-0.2,2022A&A...663A...4S,4
* bet CVn,5846,4.3,-0.199,2021ApJS..255....8R,5
* bet CVn,5820,4.3,-0.19,2021AJ....161..134H,6
* bet CVn,5897,4.2,-0.18,2015MNRAS.454.1585M,7
* bet CVn,5865,4.4,-0.17,2017AJ....153...21L,8
* bet CVn,5865,4.4,-0.22,2017AJ....153...21L,9
* bet CVn,5891,4.37,-0.22,2018A&A...614A..55A,10
* bet CVn,6045,4.6,-0.21,2006AJ....131.3069L,11
* bet CVn,6045,4.6,-0.21,2005AJ....129.1063L,12
* bet CVn,6000,4.55,-0.22,2003AJ....126.2015H,13
* bet CVn,6000,4.5,0.07,1981A&A...100...97G,14
* bet CVn,6000,4.5,0.05,1979A&A....75...73G,15
* bet CVn,6000,4.5,0.0,1978A&AS...31..297G,16
* bet CVn,6000,4.42,-0.03,1984Ap&SS.105...55C,17
* bet CVn,5983,,,2009A&A...497..497G,18
* bet CVn,5930,4.44,-0.16,2005ApJS..159..141V,19
* bet CVn,5929,,-0.23,1970MNRAS.148..477P,20
* bet CVn,5898,,,2005ApJ...626..446R,21
* bet CVn,5897,,,2004A&A...427..933K,22
* bet CVn,5897,,,2003A&A...411..559K,23
* bet CVn,5897,4.2,-0.18,2004A&A...418..551M,24
* bet CVn,5897,,,2013ApJ...771...40B,25
* bet CVn,5895,4.43,-0.22,2011A&A...526A..71D,26
* bet CVn,5887,4.34,-0.198,2010MNRAS.403.1368G,27
* bet CVn,5879,4.52,-0.19,1993A&A...275..101E,28
* bet CVn,5878,4.39,-0.22,2005PASJ...57...27T,29
* bet CVn,5875,4.42,-0.22,2015A&A...580A..24D,30
* bet CVn,5874,,,2011A&A...530A.138C,31
* bet CVn,5867,,,1996A&AS..117..227A,32
* bet CVn,5863,4.36,-0.21,1998A&A...338..161F,33
* bet CVn,5860,4.4,-0.19,1986ApJ...309..762B,34
* bet CVn,5860,4.35,0.08,1974A&A....36..191H,35
* bet CVn,5814,4.29,-0.19,1996A&A...314..191G,36
* bet CVn,5806,4.16,-0.22,2010MNRAS.403.1368G,37
* bet CVn,5779,4.44,-0.3,2007A&A...465..271R,38
* bet CVn,5748,4.37,-0.3,2006ApJ...652.1604B,39
* bet CVn,5743,4.47,-0.35,2004A&A...420..183A,40
* bet CVn,5727,,0.02,1965ApJ...141..588H,41
* bet CVn,5700,,,2013ApJ...771...40B,42
* bet CVn,5654,,,2013ApJ...771...40B,43
* bet CVn,5653,,,2012ApJ...746..101B,44
* bet CVn,5884,4.42,-0.19,2016ApJS..225...32B,45
* bet CVn,5808,4.18,-0.29,2016A&A...587A...2B,46
* bet CVn,5762,4.13,-0.31,2016A&A...587A...2B,47
* bet CVn,5820,4.17,-0.21,2016A&A...587A...2B,48
* bet CVn,5897,4.2,-0.18,2013A&A...552A.128M,49
* bet CVn,5899,4.38,-0.22,2013ApJ...764...78R,50
* bet CVn,5899,4.38,-0.22,2012ApJ...756...46R,51
* bet CVn,5818,4.27,,2003AJ....126.2048G,52
* bet CVn,5743,4.47,7.26,2004A&A...420..183A,53
* bet CVn,5894,4.39,-0.16,2011AJ....141...90L,54
* bet CVn,5894,4.45,-0.22,2011AJ....141...90L,55
* bet CVn,5894,4.44,-0.24,2011AJ....141...90L,56
* bet CVn,5897,4.2,-0.18,2011ARep...55..689M,57
* bet CVn,5912,4.48,-0.21,2011ApJ...736...87K,58
* bet CVn,5878,4.39,-0.21,2007PASJ...59..335T,59
* bet CVn,5885,4.42,-0.09,2009A&A...508.1313F,60
* bet CVn,5863,4.36,-0.21,1998A&A...338..161F,61
* bet CVn,5814,4.29,-0.19,1996A&A...314..191G,62
* bet CVn,5879,4.52,-0.19,1993A&A...275..101E,63
* bet CVn,5860,4.4,-0.19,1986ApJ...309..762B,64
* bet CVn,6000,4.42,-0.03,1984Ap&SS.105...55C,65
* bet CVn,6000,4.5,0.07,1981A&A...100...97G,66
* bet CVn,5879,4.52,-0.19,1993A&A...275..101E,67
* bet CVn,5860,4.4,-0.19,1986ApJ...309..762B,68
* bet CVn,6000,4.42,-0.03,1984Ap&SS.105...55C,69
* bet CVn,6000,4.5,0.07,1981A&A...100...97G,70
* bet CVn,6000,4.5,0.05,1979A&A....75...73G,71
* bet CVn,6000,4.5,0.0,1978A&AS...31..297G,72
* bet CVn,5860,4.35,0.08,1974A&A....36..191H,73
* bet CVn,5929,,-0.23,1970MNRAS.148..477P,74
* bet CVn,5727,,0.02,1965ApJ...141..588H,75
* bet Del,6438,3.5,0.02,2022A&A...663A...4S,1
* bet Del,6441,3.5,0.05,2003A&A...398.1121E,2
* bet Del,6441,3.5,-0.01,2003A&A...398.1121E,3
* bet Del,6240,,,1995A&AS..110..553S,4
* bet Dor,5250,1.2,-0.08,2023A&A...678A.195D,1
* bet Dor,5486,1.2,-0.08,2023A&A...678A.195D,2
* bet Dor,5520,1.3,-0.08,2023A&A...678A.195D,3
* bet Dor,5212,0.8,-0.08,2023A&A...678A.195D,4
* bet Dor,5224,0.8,-0.08,2023A&A...678A.195D,5
* bet Dor,5220,1.0,-0.08,2023A&A...678A.195D,6
* bet Dor,5226,1.0,-0.08,2023A&A...678A.195D,7
* bet Dor,5331,1.1,-0.08,2023A&A...678A.195D,8
* bet Dor,5343,1.1,-0.08,2023A&A...678A.195D,9
* bet Dor,5525,1.1,-0.08,2023A&A...678A.195D,10
* bet Dor,5531,1.2,-0.08,2023A&A...678A.195D,11
* bet Dor,5526,1.1,-0.08,2023A&A...678A.195D,12
* bet Dor,5732,1.3,-0.08,2023A&A...678A.195D,13
* bet Dor,5714,1.2,-0.08,2023A&A...678A.195D,14
* bet Dor,5731,1.3,-0.08,2023A&A...678A.195D,15
* bet Dor,5990,1.4,-0.08,2023A&A...678A.195D,16
* bet Dor,5972,1.6,-0.08,2023A&A...678A.195D,17
* bet Dor,5793,1.3,-0.08,2023A&A...678A.195D,18
* bet Dor,5810,1.4,-0.08,2023A&A...678A.195D,19
* bet Dor,5814,1.3,-0.08,2023A&A...678A.195D,20
* bet Dor,5689,1.4,-0.08,2023A&A...678A.195D,21
* bet Dor,5686,1.4,-0.08,2023A&A...678A.195D,22
* bet Dor,5713,1.4,-0.08,2023A&A...678A.195D,23
* bet Dor,5203,0.9,-0.08,2023A&A...678A.195D,24
* bet Dor,5207,0.8,-0.08,2023A&A...678A.195D,25
* bet Dor,5227,1.0,-0.08,2023A&A...678A.195D,26
* bet Dor,5228,1.0,-0.08,2023A&A...678A.195D,27
* bet Dor,5229,1.0,-0.08,2023A&A...678A.195D,28
* bet Dor,5560,1.2,-0.08,2023A&A...678A.195D,29
* bet Dor,5559,1.1,-0.08,2023A&A...678A.195D,30
* bet Dor,5557,1.1,-0.08,2023A&A...678A.195D,31
* bet Dor,5563,1.1,-0.08,2023A&A...678A.195D,32
* bet Dor,6001,1.5,-0.08,2023A&A...678A.195D,33
* bet Dor,6009,1.3,-0.08,2023A&A...678A.195D,34
* bet Dor,5993,1.3,-0.08,2023A&A...678A.195D,35
* bet Dor,5992,1.4,-0.08,2023A&A...678A.195D,36
* bet Dor,5386,1.0,-0.08,2023A&A...678A.195D,37
* bet Dor,5392,1.1,-0.08,2023A&A...678A.195D,38
* bet Dor,5397,1.2,-0.08,2023A&A...678A.195D,39
* bet Dor,5203,0.8,-0.08,2023A&A...678A.195D,40
* bet Dor,5186,0.8,-0.08,2023A&A...678A.195D,41
* bet Dor,5194,0.8,-0.08,2023A&A...678A.195D,42
* bet Dor,5249,1.1,-0.08,2023A&A...678A.195D,43
* bet Dor,5236,1.0,-0.08,2023A&A...678A.195D,44
* bet Dor,5247,1.0,-0.08,2023A&A...678A.195D,45
* bet Dor,5751,,,2012A&A...542A.116A,46
* bet Dor,5335,1.75,0.07,2014AJ....147..137L,47
* bet Dor,5618,1.6,-0.01,2013MNRAS.428.3252A,48
* bet Dra,5398,2.05,0.0,2024A&A...692A.189R,1
* bet Dra,5325,1.51,-0.02,2023ApJS..266...41P,2
* bet Dra,5184,1.66,0.06,2022A&A...663A...4S,3
* bet Dra,5220,1.5,-0.15,2020MNRAS.494.1724J,4
* bet Dra,5250,,-0.06,2020A&A...633A..34C,5
* bet Dra,5160,1.93,6.0,2019MNRAS.489.1533L,6
* bet Dra,5362,1.6,0.1,1981A&A...103..135F,7
* bet Dra,5362,1.35,0.3,1981ApJ...245.1018L,8
* bet Dra,5362,1.35,0.29,1977ApJ...218..752L,9
* bet Dra,5250,1.6,0.14,1982ApJ...256..177L,10
* bet Dra,5220,,,2007MNRAS.378..617K,11
* bet Dra,5160,1.86,0.02,2010MNRAS.402.1369L,12
* bet Dra,4925,1.6,0.06,1998A&A...338..623M,13
* bet Dra,5234,1.48,-0.04,2016A&A...587A...2B,14
* bet Dra,5153,1.5,-0.15,2014ApJ...785...94L,15
* bet Dra,5291,1.87,0.15,2014AJ....147..137L,16
* bet Dra,5325,1.51,-0.02,2012A&A...538A.143K,17
* bet Dra,4925,1.6,0.06,1998A&A...338..623M,18
* bet Dra,5250,1.6,0.14,1982ApJ...256..177L,19
* bet Dra,5362,1.35,0.3,1981ApJ...245.1018L,20
* bet Dra,5362,1.6,0.1,1981A&A...103..135F,21
* bet Dra,5130,1.57,0.11,2008A&A...480...91S,22
* bet Dra,5250,1.6,0.14,1982ApJ...256..177L,23
* bet Dra,5362,1.35,0.3,1981ApJ...245.1018L,24
* bet Dra,5362,1.6,0.1,1981A&A...103..135F,25
* bet Dra,5362,1.35,0.29,1977ApJ...218..752L,26
* bet Equ,8913,,,2012A&A...537A.120Z,1
* bet Eri,7500,3.0,-0.6,2016A&A...589A..83G,1
* bet Eri,8710,,,1995A&AS..110..553S,2
* bet Eri,8377,3.29,,2003AJ....126.2048G,3
* bet For,4909,2.557,-0.34,2023A&A...670A..73A,1
* bet For,4808,2.65,-0.39,2022A&A...663A...4S,2
* bet For,4880,2.52,-0.29,2022A&A...657A..87O,3
* bet For,4820,2.45,-0.37,2015MNRAS.448.2749A,4
* bet For,4872,2.59,-0.32,2015MNRAS.448.2749A,5
* bet For,4868,2.62,-0.32,2015MNRAS.448.2749A,6
* bet For,4820,2.66,-0.3,2015MNRAS.448.2749A,7
* bet For,4908,2.557,-0.34,2021A&A...647A.157S,8
* bet For,4872,2.59,-0.32,2015MNRAS.448.2749A,9
* bet For,4844,,,1998A&AS..129..505B,10
* bet For,4790,2.67,-0.34,2007MNRAS.382..553L,11
* bet For,4771,,,1998A&A...339..858D,12
* bet For,4740,2.9,-0.47,1990ApJS...74.1075M,13
* bet For,4820,2.45,-0.37,2011A&A...536A..71J,14
* bet For,4740,2.9,-0.47,1990ApJS...74.1075M,15
* bet For,4740,2.9,-0.47,1990ApJS...74.1075M,16
* bet Gem,4868,2.82,0.04,2025A&A...703A.128B,1
* bet Gem,4935,2.91,0.09,2024A&A...691A..53S,2
* bet Gem,4862,3.04,0.04,2024A&A...691A.160S,3
* bet Gem,4810,2.55,0.02,2025A&A...698A..93J,4
* bet Gem,4969,3.061,0.16,2024A&A...683A.125P,5
* bet Gem,4810,2.55,0.02,2024A&A...682A.145S,6
* bet Gem,4887,3.0,0.09,2016A&A...588A..98M,7
* bet Gem,4860,2.89,0.02,2022A&A...663A...4S,8
* bet Gem,,2.9,0.07,2022A&A...661A..63W,9
* bet Gem,4809,2.8,-0.02,2022A&A...668A..88N,10
* bet Gem,4809,2.8,0.0,2022A&A...665A.135M,11
* bet Gem,4835,2.93,0.07,2022A&A...666A.125F,12
* bet Gem,4842,2.9,-0.07,2008AJ....135..209M,13
* bet Gem,4938,3.04,0.099,2019A&A...629A..80H,14
* bet Gem,4835,2.93,0.07,2019A&A...625A.141L,15
* bet Gem,4835,2.93,0.04,2017A&A...598A.100J,16
* bet Gem,5084,,,2009A&A...497..497G,17
* bet Gem,5040,3.12,0.02,1981ApJ...248..228L,18
* bet Gem,4956,3.09,0.11,2015A&A...580A..24D,19
* bet Gem,4955,3.07,0.16,2011A&A...526A..71D,20
* bet Gem,4941,2.48,0.16,1982MNRAS.201..807G,21
* bet Gem,4930,3.06,0.12,2005AJ....129.1063L,22
* bet Gem,4925,3.15,0.07,2007A&A...475.1003H,23
* bet Gem,4865,2.75,-0.04,1991MNRAS.250...89D,24
* bet Gem,4858,2.9,,2015A&A...582A..49H,25
* bet Gem,4858,2.88,0.13,2014A&A...564A.133J,26
* bet Gem,4854,,,1999A&AS..139..335A,27
* bet Gem,4850,2.96,-0.07,1990ApJS...74.1075M,28
* bet Gem,4846,2.66,-0.376,2014MNRAS.443..698S,29
* bet Gem,4846,2.24,-0.1,1980A&A....92...70R,30
* bet Gem,4837,,,1998A&AS..129..505B,31
* bet Gem,4833,,,2005ApJ...626..446R,32
* bet Gem,4824,2.8,0.04,2007A&A...465..271R,33
* bet Gem,4800,2.6,-0.11,1983ApJ...273..722T,34
* bet Gem,4795,,,1998A&A...339..858D,35
* bet Gem,4750,2.75,-0.01,1998A&A...338..623M,36
* bet Gem,4666,2.69,0.19,2004A&A...420..183A,37
* bet Gem,4032,,-0.51,1971JRASC..65..222B,38
* bet Gem,4876,2.99,-0.02,2016A&A...587A...2B,39
* bet Gem,4902,3.04,0.02,2016A&A...587A...2B,40
* bet Gem,4839,2.88,0.02,2016A&A...587A...2B,41
* bet Gem,4874,2.93,0.01,2016A&A...587A...2B,42
* bet Gem,4904,2.84,0.06,2014ApJ...785...94L,43
* bet Gem,4946,3.07,0.07,2015A&A...574A..50J,44
* bet Gem,4935,2.91,0.09,2013A&A...556A.150S,45
* bet Gem,4886,3.0,0.09,2013A&A...554A..84M,46
* bet Gem,4832,2.89,0.05,2013ApJ...764...78R,47
* bet Gem,4850,2.52,,2003AJ....126.2048G,48
* bet Gem,4666,2.69,,2004A&A...420..183A,49
* bet Gem,4807,2.73,-0.05,2011AJ....141...90L,50
* bet Gem,4807,2.84,0.11,2011AJ....141...90L,51
* bet Gem,4807,2.84,0.23,2011AJ....141...90L,52
* bet Gem,4998,3.13,0.17,2007AJ....133.2464L,53
* bet Gem,4750,2.75,-0.01,1998A&A...338..623M,54
* bet Gem,4865,2.75,-0.04,1991MNRAS.250...89D,55
* bet Gem,4850,2.96,-0.07,1990ApJS...74.1075M,56
* bet Gem,4800,2.6,-0.11,1983ApJ...273..722T,57
* bet Gem,4941,2.48,0.16,1982MNRAS.201..807G,58
* bet Gem,5040,3.12,0.02,1981ApJ...248..228L,59
* bet Gem,4846,2.24,-0.1,1980A&A....92...70R,60
* bet Gem,,,0.05,2008A&A...480...91S,61
* bet Gem,4826,2.79,0.05,2008A&A...480...91S,62
* bet Gem,4865,2.75,-0.04,1991MNRAS.250...89D,63
* bet Gem,4850,2.96,-0.07,1990ApJS...74.1075M,64
* bet Gem,4800,2.6,-0.11,1983ApJ...273..722T,65
* bet Gem,4941,2.48,0.16,1982MNRAS.201..807G,66
* bet Gem,5040,3.12,0.02,1981ApJ...248..228L,67
* bet Gem,4846,2.24,-0.1,1980A&A....92...70R,68
* bet Gem,4893,2.5,0.65,1976MNRAS.175..225G,69
* bet Gem,4032,,-0.51,1971JRASC..65..222B,70
* bet Gru,3124,3.47,0.208,2023ApJS..266...11B,1
* bet Her,5000,2.4,-0.1,2016A&A...588A..98M,1
* bet Her,5002,2.38,-0.12,2022A&A...663A...4S,2
* bet Her,4887,2.5,-0.27,2008AJ....135..209M,3
* bet Her,5185,2.97,0.0,2015A&A...580A..24D,4
* bet Her,5116,2.91,-0.04,2011A&A...526A..71D,5
* bet Her,4983,,,1998A&AS..129..505B,6
* bet Her,4920,2.62,-0.27,1990ApJS...74.1075M,7
* bet Her,5080,2.71,-0.13,2016A&A...587A...2B,8
* bet Her,5080,2.73,-0.13,2016A&A...587A...2B,9
* bet Her,5084,2.72,-0.13,2016A&A...587A...2B,10
* bet Her,5038,2.54,-0.08,2013A&A...554A..84M,11
* bet Her,5103,2.85,-0.03,2007AJ....133.2464L,12
* bet Her,4920,2.62,-0.27,1990ApJS...74.1075M,13
* bet Her,,,-0.27,2008A&A...480...91S,14
* bet Her,4967,2.62,-0.27,2008A&A...480...91S,15
* bet Her,4920,2.62,-0.27,1990ApJS...74.1075M,16
* bet Her,4421,,0.64,1969MNRAS.143..381G,17
* bet Her,4200,,0.18,1969MNRAS.143..381G,18
* bet Hya,10980,2.52,,2018MNRAS.474.5287A,1
* bet Hyi,5775,3.91,-0.19,2024A&A...690A..97C,1
* bet Hyi,5948,4.122,-0.04,2024A&A...683A.125P,2
* bet Hyi,5917,3.97,-0.12,2024A&A...682A.145S,3
* bet Hyi,5775,3.672,-0.362,2023ApJS..266...11B,4
* bet Hyi,5806,4.0,-0.12,2022A&A...663A...4S,5
* bet Hyi,5797,3.9616,-0.069,2021MNRAS.506..150B,6
* bet Hyi,5873,3.98,,2021A&A...647A.162P,7
* bet Hyi,5816,3.94,-0.12,2018A&A...614A..55A,8
* bet Hyi,5784,4.04,,2003AJ....125.1598L,9
* bet Hyi,5964,4.3,0.04,2006A&A...458..609D,10
* bet Hyi,5924,,,2011A&A...530A.138C,11
* bet Hyi,5873,3.98,,2015A&A...582A..49H,12
* bet Hyi,5873,3.98,-0.04,2014A&A...564A.133J,13
* bet Hyi,5873,4.08,-0.07,2005ApJS..159..141V,14
* bet Hyi,5860,4.05,-0.11,1999MNRAS.305..693C,15
* bet Hyi,5860,4.3,-0.17,1984A&A...136...65A,16
* bet Hyi,5860,4.2,-0.2,1981A&A...100...97G,17
* bet Hyi,5860,4.15,-0.1,1986A&A...166..195R,18
* bet Hyi,5860,4.0,0.0,1984Thesis.        ,19
* bet Hyi,5848,3.997,-0.189,2014MNRAS.443..698S,20
* bet Hyi,5790,3.84,-0.1,2010MNRAS.405.1907B,21
* bet Hyi,5775,,-0.12,1997A&A...323..809F,22
* bet Hyi,5774,,,1998A&A...339..858D,23
* bet Hyi,5772,4.0,-0.16,2004A&A...420..183A,24
* bet Hyi,5749,3.95,-0.18,2007A&A...465..271R,25
* bet Hyi,5727,4.4,-0.23,1988A&A...206..100A,26
* bet Hyi,5727,3.93,-0.17,2004A&A...425..187T,27
* bet Hyi,5727,3.8,-0.31,1972MmRAS..77...55H,28
* bet Hyi,5727,3.8,-0.28,1986A&A...160..264F,29
* bet Hyi,5727,3.75,-0.1,1986A&A...169..201G,30
* bet Hyi,5710,,,1998A&AS..129..505B,31
* bet Hyi,5362,,-0.3,1963Obs....83...79R,32
* bet Hyi,5771,3.78,-0.14,2016A&A...587A...2B,33
* bet Hyi,5771,3.82,-0.17,2016A&A...587A...2B,34
* bet Hyi,5880,4.14,-0.08,2015A&A...574A..50J,35
* bet Hyi,5852,3.9,-0.07,2015A&A...577A...9B,36
* bet Hyi,5852,3.91,-0.07,2014A&A...562A..71B,37
* bet Hyi,5819,3.95,-0.13,2013ApJ...764...78R,38
* bet Hyi,5819,3.95,-0.13,2012ApJ...756...46R,39
* bet Hyi,5772,4.0,7.43,2004A&A...420..183A,40
* bet Hyi,5860,4.05,-0.11,1999MNRAS.305..693C,41
* bet Hyi,5775,,-0.12,1997A&A...323..809F,42
* bet Hyi,5727,4.4,-0.23,1988A&A...206..100A,43
* bet Hyi,5860,4.15,-0.1,1986A&A...166..195R,44
* bet Hyi,5727,3.75,-0.1,1986A&A...169..201G,45
* bet Hyi,5727,3.8,-0.28,1986A&A...160..264F,46
* bet Hyi,5860,4.3,-0.17,1984A&A...136...65A,47
* bet Hyi,5860,4.2,-0.2,1981A&A...100...97G,48
* bet Hyi,5860,4.0,0.0,1984PhDT........85P,49
* bet Hyi,5727,4.4,-0.23,1988A&A...206..100A,50
* bet Hyi,5860,4.15,-0.1,1986A&A...166..195R,51
* bet Hyi,5727,3.75,-0.1,1986A&A...169..201G,52
* bet Hyi,5727,3.8,-0.28,1986A&A...160..264F,53
* bet Hyi,5860,4.3,-0.17,1984A&A...136...65A,54
* bet Hyi,5860,4.2,-0.2,1981A&A...100...97G,55
* bet Hyi,5727,3.8,-0.31,1972MmRAS..77...55H,56
* bet Hyi,5362,,-0.3,1963Obs....83...79R,57
* bet Ind,4383,0.8,-0.06,2022A&A...663A...4S,1
* bet Ind,4383,0.8,-0.06,1986A&A...169..201G,2
* bet Ind,4383,0.8,-0.06,1986A&A...169..201G,3
* bet Ind,4383,0.8,-0.06,1986A&A...169..201G,4
* bet Lac,4726,2.6,-0.21,2021MNRAS.505.4496G,1
* bet Lac,4727,2.64,-0.3,2016A&A...588A..98M,2
* bet Lac,4720,2.61,-0.33,2022A&A...663A...4S,3
* bet Lac,4775,2.8,-0.39,2008AJ....135..209M,4
* bet Lac,4782,2.72,-0.25,2015A&A...580A..24D,5
* bet Lac,4760,2.72,-0.27,2011A&A...526A..71D,6
* bet Lac,4710,2.97,-0.39,1990ApJS...74.1075M,7
* bet Lac,4646,2.3,-0.48,2006A&A...456.1109M,8
* bet Lac,4646,,,2006MNRAS.371..879K,9
* bet Lac,4710,2.43,-0.33,2014ApJ...785...94L,10
* bet Lac,4771,2.71,-0.33,2015A&A...574A..50J,11
* bet Lac,4752,2.74,-0.3,2013A&A...554A..84M,12
* bet Lac,4710,2.97,-0.39,1990ApJS...74.1075M,13
* bet Lac,,,-0.48,2008A&A...480...91S,14
* bet Lac,4659,2.52,-0.45,2008A&A...480...91S,15
* bet Lac,4710,2.97,-0.39,1990ApJS...74.1075M,16
* bet Leo,8720,,,1995A&AS..110..553S,1
* bet Leo,8604,,,2013ApJ...771...40B,2
* bet Leo,8570,4.26,0.07,2003A&A...398.1121E,3
* bet Leo,8531,,,2012A&A...537A.120Z,4
* bet Leo,8421,,,2013ApJ...771...40B,5
* bet Leo,8378,4.22,,2003AJ....126.2048G,6
* bet Lep,5306,2.18,-0.31,2024A&A...690A..97C,1
* bet Lep,5431,2.809,-0.1,2024A&A...683A.125P,2
* bet Lep,5277,2.38,-0.15,2022A&A...663A...4S,3
* bet Lep,5450,2.6,3.5,2019MNRAS.489.1533L,4
* bet Lep,5450,2.6,-0.09,2010MNRAS.402.1369L,5
* bet Lep,5434,2.96,-0.12,2015A&A...580A..24D,6
* bet Lep,5225,2.1,0.05,1995AJ....110.2425L,7
* bet Lep,5170,2.27,-0.44,1990ApJS...74.1075M,8
* bet Lep,5209,2.45,-0.25,2014ApJ...785...94L,9
* bet Lep,5237,2.46,-0.1,2014AJ....147..137L,10
* bet Lep,5225,2.1,0.05,1995AJ....110.2425L,11
* bet Lep,5170,2.27,-0.44,1990ApJS...74.1075M,12
* bet Lep,5225,2.1,0.05,1995AJ....110.2425L,13
* bet Lep,5170,2.27,-0.44,1990ApJS...74.1075M,14
* bet Lib,13250,,,1995A&AS..110..553S,1
* bet Lib,12300,,,2009A&A...501..297Z,2
* bet Lib,11117,,,2012A&A...537A.120Z,3
* bet LMi,5250,3.0,,2023MNRAS.519.5472M,1
* bet LMi,5663,3.03,,2022AJ....163..152S,2
* bet LMi,4927,3.002,0.1542,2022ApJS..259...35A,3
* bet LMi,4975,2.88,0.07,2022A&A...663A...4S,4
* bet LMi,4811,2.964,0.128,2019ApJ...879...69T,5
* bet LMi,5012,2.7,,2008AJ....135..209M,6
* bet LMi,4984,2.9843,0.167,2020AJ....160..120J,7
* bet LMi,4926,2.85,0.09,2018A&A...615A..31D,8
* bet LMi,5060,2.95,0.0,1990ApJS...74.1075M,9
* bet LMi,5045,3.15,0.31,2016ApJ...817...40F,10
* bet LMi,4926,2.85,0.09,2016A&A...585A..73N,11
* bet LMi,5060,2.95,0.0,1990ApJS...74.1075M,12
* bet LMi,,,0.0,2008A&A...480...91S,13
* bet LMi,5060,2.95,0.0,1990ApJS...74.1075M,14
* bet LMi,5091,3.0,0.21,1972AcA....22..141G,15
* bet Lup,24090,,,2009A&A...501..297Z,1
* bet01 Cap,5458,2.55,0.13,2023ApJS..266...41P,1
* bet01 Cap,6146,4.0,0.62,1986A&A...166..195R,2
* bet01 Cap,5350,4.0,0.52,1998A&A...338..623M,3
* bet01 Cap,4977,,,1998A&A...339..858D,4
* bet01 Cap,4932,,,2005ApJ...626..446R,5
* bet01 Cap,4878,,,1999A&AS..139..335A,6
* bet01 Cap,5458,2.55,0.13,2012A&A...538A.143K,7
* bet01 Cap,5350,4.0,0.52,1998A&A...338..623M,8
* bet01 Cap,6146,4.0,0.62,1986A&A...166..195R,9
* bet01 Cap,6146,4.0,0.62,1986A&A...166..195R,10
* bet01 Cyg,4339,1.679,-0.0512,2022ApJS..259...35A,1
* bet01 Cyg,4383,0.93,0.02,2021MNRAS.502..328D,2
* bet01 Cyg,4270,1.79,-0.17,1990ApJS...74.1075M,3
* bet01 Cyg,4270,1.79,-0.17,1990ApJS...74.1075M,4
* bet01 Sco,30540,,,2009A&A...501..297Z,1
* bet01 Tuc,10800,4.2,,2017AJ....154...31G,1
* bet01 Tuc,10825,,,2005A&A...444..941P,2
* bet01 Tuc,10715,,,2012A&A...537A.120Z,3
* bet02 Sgr,6846,,,2011A&A...530A.138C,1
* bet02 Sgr,6792,,,1998A&A...339..858D,2
* bet02 Sgr,6778,,,1998A&AS..129..505B,3
* bet02 Sgr,6729,3.55,-0.39,2003A&A...398.1121E,4
* bet Lyr,17700,3.2226,-1.0401,2024A&A...681A.107R,1
* bet Lyr,13263,2.5,0.49,1986MNRAS.219..479B,2
* bet Lyr,13263,2.5,0.49,1986MNRAS.219..479B,3
* bet Lyr,9882,,0.1,1964IAUS...26..227H,4
* bet Mus,21640,,,1995A&AS..110..553S,1
* bet Oct,7521,3.92,,2020AJ....160...83S,1
* bet Oct,7745,,,2012A&A...537A.120Z,2
* bet Oph,4577,2.33,0.06,2024A&A...682A.145S,1
* bet Oph,4452,2.44,0.02,2021MNRAS.505.4496G,2
* bet Oph,4560,2.37,0.06,2022A&A...663A...4S,3
* bet Oph,4487,2.4,0.02,2008AJ....135..209M,4
* bet Oph,4550,,0.2,2020A&A...633A..34C,5
* bet Oph,4814,,,2009A&A...497..497G,6
* bet Oph,4680,2.95,0.13,2007A&A...475.1003H,7
* bet Oph,4624,2.44,0.14,1982MNRAS.201..807G,8
* bet Oph,4601,,,1998A&AS..129..505B,9
* bet Oph,4550,2.63,0.02,1990ApJS...74.1075M,10
* bet Oph,4533,,,1998A&A...339..858D,11
* bet Oph,4533,,,1999A&AS..139..335A,12
* bet Oph,4530,,,2005ApJ...626..446R,13
* bet Oph,4475,1.7,0.0,1995AJ....110.2968L,14
* bet Oph,4588,2.59,0.1,2016A&A...587A...2B,15
* bet Oph,4571,1.99,,2003AJ....126.2048G,16
* bet Oph,4594,2.72,0.27,2011A&A...531A.165P,17
* bet Oph,4661,2.56,0.24,2007AJ....133.2464L,18
* bet Oph,4475,1.7,0.0,1995AJ....110.2968L,19
* bet Oph,4550,2.63,0.02,1990ApJS...74.1075M,20
* bet Oph,4624,2.44,0.14,1982MNRAS.201..807G,21
* bet Oph,,,0.02,2008A&A...480...91S,22
* bet Oph,4548,2.22,0.04,2008A&A...480...91S,23
* bet Oph,4475,1.7,0.0,1995AJ....110.2968L,24
* bet Oph,4550,2.63,0.02,1990ApJS...74.1075M,25
* bet Oph,4624,2.44,0.14,1982MNRAS.201..807G,26
* bet Ori,12622,1.907,-0.159,2023ApJS..266...11B,1
* bet Ori,12130,,,2009A&A...501..297Z,2
* bet Ori,12100,1.75,,2012A&A...543A..80F,3
* bet Pav,8300,,,1995A&AS..110..553S,1
* bet Pav,7998,,,2012A&A...537A.120Z,2
* bet Pav,7638,3.53,-0.36,2003A&A...398.1121E,3
* bet Peg,3864,1.0,-0.11,2008AJ....135..209M,1
* bet Peg,3890,,,1998AJ....116..981V,2
* bet Peg,3648,,,2005ApJ...626..446R,3
* bet Peg,3600,1.2,-0.11,1985ApJ...294..326S,4
* bet Peg,3598,,,1999A&AS..139..335A,5
* bet Peg,3055,,0.2,1975PTarO..43...51H,6
* bet Peg,2965,,-0.85,1965PASJ...17...55Y,7
* bet Peg,3600,1.2,-0.11,1985ApJ...294..326S,8
* bet Peg,3689,1.2,-0.11,2008A&A...480...91S,9
* bet Peg,3600,1.2,-0.11,1985ApJ...294..326S,10
* bet Peg,3055,,0.2,1975PTarO..43...51H,11
* bet Peg,2965,,-0.85,1965PASJ...17...55Y,12
* bet Per,12800,,,2009A&A...501..297Z,1
* bet Per,12445,,,2012A&A...537A.120Z,2
* bet Phe,5116,,,1998A&AS..129..505B,1
* bet Phe,5090,,,2012A&A...542A.116A,2
* bet Pic,8054,4.18,,2026AJ....171...21B,1
* bet Pic,8052,,,2024A&A...691A..53S,2
* bet Pic,8102,4.097,-0.0174,2023ApJS..266...11B,3
* bet Pic,8084,4.22,,2021A&A...647A..49S,4
* bet Pic,8052,4.15,,2003AJ....125.1598L,5
* bet Pic,8230,,,1995A&AS..110..553S,6
* bet Pic,8045,,,1998A&AS..129..505B,7
* bet Pic,8035,,,2012A&A...537A.120Z,8
* bet PsA,9389,4.21,,2026ApJ..1006..228K,1
* bet PsA,9509,4.2,0.01,1989A&A...225..125L,2
* bet PsA,9462,,,2012A&A...537A.120Z,3
* bet PsA,9509,4.2,0.01,1989A&A...225..125L,4
* bet Pyx,5283,2.68,-0.006,2022A&A...657A..87O,1
* bet Pyx,5590,3.73,-0.06,2015MNRAS.448.2749A,2
* bet Pyx,5766,3.92,-0.02,2015MNRAS.448.2749A,3
* bet Pyx,5020,,0.1,2020A&A...633A..34C,4
* bet Pyx,5590,3.73,-0.06,2015MNRAS.448.2749A,5
* bet Pyx,5159,2.35,0.25,2014AJ....147..137L,6
* bet Ret,4570,,0.0,2020A&A...633A..34C,1
* bet Scl,11327,3.9087,0.1827,2023ApJS..266...11B,1
* bet Scl,11000,4.4,,2018MNRAS.474.5287A,2
* bet Scl,12400,3.9,0.15,1993A&A...274..335S,3
* bet Scl,12106,,,2012A&A...537A.120Z,4
* bet Scl,12400,3.9,0.15,1993A&A...274..335S,5
* bet Sct,4700,0.94,-0.15,2022A&A...663A...4S,1
* bet Sct,4700,0.94,-0.15,1991ApJS...75..579L,2
* bet Sct,4700,0.94,-0.15,1991ApJS...75..579L,3
* bet Sct,4700,0.94,-0.15,1991ApJS...75..579L,4
* bet Ser,8930,3.4522,-0.027,2023ApJS..266...11B,1
* bet Ser,8851,,,2012A&A...537A.120Z,2
* bet Ser,8810,,,2009A&A...501..297Z,3
* bet Ser,8542,,,1998A&AS..129..505B,4
* bet Sex,13868,,,2012A&A...537A.120Z,1
* bet Sge,4990,2.2,0.0,2024A&A...682A.145S,1
* bet Sge,4850,2.42,0.0,2022A&A...663A...4S,2
* bet Sge,4850,2.79,-0.03,1990ApJS...74.1075M,3
* bet Sge,4825,2.25,0.02,1995AJ....110.2968L,4
* bet Sge,4876,2.22,0.02,2014ApJ...785...94L,5
* bet Sge,4825,2.25,0.02,1995AJ....110.2968L,6
* bet Sge,4850,2.79,-0.03,1990ApJS...74.1075M,7
* bet Sge,4825,2.25,0.02,1995AJ....110.2968L,8
* bet Sge,4850,2.79,-0.03,1990ApJS...74.1075M,9
* bet Tau,15000,3.5,,2023MNRAS.519.5472M,1
* bet Tau,13960,,,2009A&A...501..297Z,2
* bet Tau,13622,3.8,-0.1,1979ApJS...41..675H,3
* bet Tau,13410,,,1995A&AS..110..553S,4
* bet Tau,13622,3.8,-0.1,1979ApJS...41..675H,5
* bet TrA,7109,3.9,,2003AJ....125.1598L,1
* bet TrA,7384,4.22,,2004A&A...420..183A,2
* bet TrA,7217,,,1998A&A...339..858D,3
* bet TrA,7112,,,1998A&AS..129..505B,4
* bet TrA,7050,,,1995A&AS..110..553S,5
* bet TrA,7014,4.04,-0.29,2003A&A...398.1121E,6
* bet TrA,7384,4.22,8.01,2004A&A...420..183A,7
* bet Tri,7600,3.3,-0.4,2016A&A...589A..83G,1
* bet Tri,8186,3.7,,2003AJ....126.2048G,2
* bet UMa,8734,3.68,-0.76,2023ApJS..266...41P,1
* bet UMa,9300,3.7,0.2,2016A&A...589A..83G,2
* bet UMa,8300,3.1,-0.7,2016A&A...589A..83G,3
* bet UMa,9620,3.9,0.16,1995A&A...294..536H,4
* bet UMa,9620,3.89,0.249,2014A&A...562A..84R,5
* bet UMa,9484,,,2012A&A...537A.120Z,6
* bet UMa,9470,,,2009A&A...501..297Z,7
* bet UMa,9377,,,2012ApJ...746..101B,8
* bet UMa,9200,,,1995A&AS..110..553S,9
* bet UMa,9193,,,2013ApJ...771...40B,10
* bet UMa,10286,4.3,0.78,1970SAOSR.321....1L,11
* bet UMa,9342,3.7,,2003AJ....126.2048G,12
* bet UMa,8734,3.68,-0.76,2012A&A...538A.143K,13
* bet UMa,9620,3.9,0.16,1995A&A...294..536H,14
* bet UMa,10286,4.3,0.78,1970SAOSR.321....1L,15
* bet UMi,4126,1.5,-0.27,2024A&A...691A..53S,1
* bet UMi,4030,1.83,-0.29,2025A&A...698A..93J,2
* bet UMi,4150,1.4,-0.08,2024MNRAS.534.3104Y,3
* bet UMi,4077,1.7,-0.1,2023ApJS..266...41P,4
* bet UMi,4043,1.3,-0.24,2022A&A...663A...4S,5
* bet UMi,3992,1.32,-0.2,2022A&A...666A.125F,6
* bet UMi,4149,1.71,-0.57,2022ApJS..259...45T,7
* bet UMi,3938,,-0.24,2020A&A...633A..34C,8
* bet UMi,3992,1.32,-0.2,2019A&A...625A.141L,9
* bet UMi,3992,1.32,-0.23,2017A&A...598A.100J,10
* bet UMi,4345,1.86,-0.23,1981ApJ...248..228L,11
* bet UMi,4086,,,1998AJ....116..981V,12
* bet UMi,4030,1.83,-0.29,1990ApJS...74.1075M,13
* bet UMi,4077,1.7,-0.1,2012A&A...538A.143K,14
* bet UMi,4030,1.83,-0.29,1990ApJS...74.1075M,15
* bet UMi,4345,1.86,-0.23,1981ApJ...248..228L,16
* bet UMi,4030,1.83,-0.29,1990ApJS...74.1075M,17
* bet UMi,4345,1.86,-0.23,1981ApJ...248..228L,18
* bet Vir,6000,3.5,,2023MNRAS.519.5472M,1
* bet Vir,6270,4.29,0.183,2025ApJ...991..185S,2
* bet Vir,6160,4.228,0.191,2024A&A...692A.228C,3
* bet Vir,6093,4.08,0.13,2025A&A...698A..93J,4
* bet Vir,6272,4.253,0.21,2024A&A...683A.125P,5
* bet Vir,6093,4.08,0.13,2024A&A...682A.145S,6
* bet Vir,6000,4.075,0.1345,2022ApJS..259...35A,7
* bet Vir,6138,4.05,0.09,2021MNRAS.505.4496G,8
* bet Vir,6107,4.2286,0.148,2023A&A...671A..61N,9
* bet Vir,6124,4.2295,0.164,2023A&A...671A..61N,10
* bet Vir,6118,4.1909,0.186,2023A&A...671A..61N,11
* bet Vir,6151,4.2092,0.173,2023A&A...671A..61N,12
* bet Vir,6120,4.2081,0.161,2023A&A...671A..61N,13
* bet Vir,6123,4.13,0.13,2022A&A...663A...4S,14
* bet Vir,6184,4.13,0.23,2023A&A...676A.129H,15
* bet Vir,6194,4.265,0.137,2019ApJ...879...69T,16
* bet Vir,6055,4.0,0.18,2020MNRAS.494.1724J,17
* bet Vir,6109,4.2,0.17,2013MNRAS.435..952S,18
* bet Vir,5956,4.01,0.1,2015A&A...573A..67P,19
* bet Vir,6055,4.0,0.13,2015MNRAS.454.1585M,20
* bet Vir,6218,4.1,,2016MNRAS.456.1221R,21
* bet Vir,6242,4.14,,2016MNRAS.456.1221R,22
* bet Vir,6170,4.14,,2016MNRAS.456.1221R,23
* bet Vir,6122,4.02,,2016MNRAS.456.1221R,24
* bet Vir,6180,4.15,,2016MNRAS.456.1221R,25
* bet Vir,6214,4.13,,2016MNRAS.456.1221R,26
* bet Vir,6111,4.0,,2016MNRAS.456.1221R,27
* bet Vir,6232,4.18,,2016MNRAS.456.1221R,28
* bet Vir,6050,3.98,,2016MNRAS.456.1221R,29
* bet Vir,6054,4.11,,2016MNRAS.456.1221R,30
* bet Vir,6122,4.07,,2016MNRAS.456.1221R,31
* bet Vir,6008,4.1263,0.144,2020AJ....160..120J,32
* bet Vir,6083,4.1,,2021A&A...647A.162P,33
* bet Vir,6159,4.08,0.14,2017AJ....153...21L,34
* bet Vir,6146,4.06,0.15,2018AJ....155..111L,35
* bet Vir,6120,4.06,0.14,2016A&A...589A.115S,36
* bet Vir,6162,4.11,0.15,2018A&A...614A..55A,37
* bet Vir,6252,4.18,0.19,2006ApJ...652.1604B,38
* bet Vir,6225,4.163,-0.037,2014MNRAS.443..698S,39
* bet Vir,6209,,,2011A&A...530A.138C,40
* bet Vir,6200,4.32,0.08,2006AJ....131.3069L,41
* bet Vir,6200,4.32,0.08,2005AJ....129.1063L,42
* bet Vir,6190,4.2,0.1,1990ApJ...354..310B,43
* bet Vir,6180,4.15,0.213,2010MNRAS.403.1368G,44
* bet Vir,6176,4.14,0.13,1993A&A...275..101E,45
* bet Vir,6170,4.14,0.11,2015ApJ...808..148S,46
* bet Vir,6161,4.22,0.18,2005ApJS..159..141V,47
* bet Vir,6150,,,1995A&AS..110..553S,48
* bet Vir,6146,4.4,0.14,1984Msngr..38...33E,49
* bet Vir,6146,4.3,0.2,1981A&A...100...97G,50
* bet Vir,6146,4.3,0.2,1978A&A....65..427G,51
* bet Vir,6146,4.29,0.26,1967ZA.....65..418B,52
* bet Vir,6146,4.2,0.1,1986A&A...166..216T,53
* bet Vir,6132,,,2012ApJ...746..101B,54
* bet Vir,6128,4.09,0.13,2005PASJ...57...27T,55
* bet Vir,6127,,,1998A&A...339..858D,56
* bet Vir,6124,,,1998A&AS..129..505B,57
* bet Vir,6111,4.0,0.16,2010MNRAS.403.1368G,58
* bet Vir,6100,4.14,0.12,1998A&A...338..623M,59
* bet Vir,6095,,,1996A&AS..117..227A,60
* bet Vir,6092,,,2009A&A...497..497G,61
* bet Vir,6085,4.04,0.14,1998A&A...338..161F,62
* bet Vir,6083,4.1,,2015A&A...582A..49H,63
* bet Vir,6083,4.08,0.24,2014A&A...564A.133J,64
* bet Vir,6082,4.11,0.07,2007A&A...465..271R,65
* bet Vir,6076,4.14,0.08,2004A&A...420..183A,66
* bet Vir,6075,,,2005ApJ...626..446R,67
* bet Vir,6072,4.12,0.28,1974A&A....34..263H,68
* bet Vir,6072,4.1,0.18,1986ApJ...309..762B,69
* bet Vir,6072,,0.19,1967MNRAS.137...41A,70
* bet Vir,6072,,0.15,1970MNRAS.148..477P,71
* bet Vir,6065,4.06,0.1,1996A&A...314..191G,72
* bet Vir,6055,,,2004A&A...427..933K,73
* bet Vir,6055,,,2003A&A...411..559K,74
* bet Vir,6055,4.0,0.13,2004A&A...418..551M,75
* bet Vir,6054,,,2013ApJ...771...40B,76
* bet Vir,6050,3.98,0.12,2010MNRAS.405.1907B,77
* bet Vir,6000,4.3,0.29,1977AcA....27..145K,78
* bet Vir,6000,,0.33,1961ApJS....6..407W,79
* bet Vir,6081,4.05,0.08,2016A&A...587A...2B,80
* bet Vir,6129,4.09,0.16,2016A&A...587A...2B,81
* bet Vir,6130,4.1,0.15,2016A&A...587A...2B,82
* bet Vir,6170,4.14,0.11,2015ApJ...808..148S,83
* bet Vir,6125,4.19,,2014MNRAS.442..220F,84
* bet Vir,6055,4.0,0.13,2013A&A...552A.128M,85
* bet Vir,6103,4.08,0.11,2013ApJ...764...78R,86
* bet Vir,6103,4.08,0.11,2012ApJ...756...46R,87
* bet Vir,6076,4.14,7.68,2004A&A...420..183A,88
* bet Vir,6102,4.13,0.15,2011AJ....141...90L,89
* bet Vir,6102,4.16,0.36,2011AJ....141...90L,90
* bet Vir,6055,4.0,0.13,2011ARep...55..689M,91
* bet Vir,6222,4.23,0.19,2010ApJ...720.1290G,92
* bet Vir,6081,4.07,0.14,2011A&A...531A.165P,93
* bet Vir,6044,4.02,0.09,2012A&A...541A..40M,94
* bet Vir,6128,4.09,0.13,2007PASJ...59..335T,95
* bet Vir,6100,4.14,0.12,1998A&A...338..623M,96
* bet Vir,6085,4.04,0.14,1998A&A...338..161F,97
* bet Vir,6065,4.06,0.1,1996A&A...314..191G,98
* bet Vir,6176,4.14,0.13,1993A&A...275..101E,99
* bet Vir,6190,4.2,0.1,1990ApJ...354..310B,100
* bet Vir,6146,4.2,0.1,1986A&A...166..216T,101
* bet Vir,6072,4.1,0.18,1986ApJ...309..762B,102
* bet Vir,6146,4.4,0.14,1984Msngr..38...33E,103
* bet Vir,6146,4.3,0.2,1981A&A...100...97G,104
* bet Vir,6176,4.14,0.13,1993A&A...275..101E,105
* bet Vir,6190,4.2,0.1,1990ApJ...354..310B,106
* bet Vir,6146,4.2,0.1,1986A&A...166..216T,107
* bet Vir,6072,4.1,0.18,1986ApJ...309..762B,108
* bet Vir,6146,4.4,0.14,1984Msngr..38...33E,109
* bet Vir,6146,4.3,0.2,1981A&A...100...97G,110
* bet Vir,6146,4.3,0.2,1978A&A....65..427G,111
* bet Vir,6000,4.3,0.29,1977AcA....27..145K,112
* bet Vir,6072,4.12,0.28,1974A&A....34..263H,113
* bet Vir,6072,,0.15,1970MNRAS.148..477P,114
* bet Vir,6146,4.29,0.26,1967ZA.....65..418B,115
* bet Vir,6072,,0.19,1967MNRAS.137...41A,116
* bet Vir,6000,,0.33,1961ApJS....6..407W,117
* bet Vol,4900,3.0,-0.01,2022A&A...663A...4S,1
* bet Vol,5000,0.5,,2020AJ....160...83S,2
* bet Vol,4590,,0.0,2020A&A...633A..34C,3
* bet Vol,4900,3.0,-0.01,1992MNRAS.256..535J,4
* bet Vol,4900,3.0,-0.01,1992MNRAS.256..535J,5
* bet Vol,4900,3.0,-0.01,1992MNRAS.256..535J,6
* c02 Aqr,4426,2.02,-0.21,2022A&A...663A...4S,1
* c02 Aqr,4435,2.15,-0.2,2007A&A...475.1003H,2
* c02 Aqr,4430,2.34,-0.24,1990ApJS...74.1075M,3
* c02 Aqr,4430,2.34,-0.24,1990ApJS...74.1075M,4
* c02 Aqr,4430,2.34,-0.24,1990ApJS...74.1075M,5
* chi01 Ori,6000,4.5,,2023MNRAS.519.5472M,1
* chi01 Ori,5260,4.45,-0.56,2024A&A...690A..97C,2
* chi01 Ori,5883,4.47,-0.03,2025A&A...698A..93J,3
* chi01 Ori,5883,4.47,-0.03,2024A&A...682A.145S,4
* chi01 Ori,5913,4.34,-0.1,2023ApJS..266...41P,5
* chi01 Ori,5943,4.46,-0.03,2022A&A...663A...4S,6
* chi01 Ori,6040,4.6,0.1,2019MNRAS.485.4375D,7
* chi01 Ori,5955,4.3,0.02,2020MNRAS.494.1724J,8
* chi01 Ori,5980,4.6,0.03,2021AJ....161..134H,9
* chi01 Ori,5872,4.51,-0.09,2015A&A...573A..67P,10
* chi01 Ori,5955,4.3,-0.03,2015MNRAS.454.1585M,11
* chi01 Ori,6027,4.58,-0.01,2019AJ....158..101M,12
* chi01 Ori,5906,4.39,-0.06,2019A&A...627A.138A,13
* chi01 Ori,5983,4.44,0.02,2017AJ....153...21L,14
* chi01 Ori,5951,4.46,,2003AJ....125.1598L,15
* chi01 Ori,6090,4.68,0.01,2006AJ....131.3069L,16
* chi01 Ori,6090,4.68,0.01,2005AJ....129.1063L,17
* chi01 Ori,6043,4.55,-0.04,2011A&A...526A..71D,18
* chi01 Ori,6025,4.55,0.01,2015A&A...580A..24D,19
* chi01 Ori,6000,4.44,-0.12,1972MmRAS..77...55H,20
* chi01 Ori,6000,4.52,0.0,2012A&A...542A..84D,21
* chi01 Ori,5974,4.43,0.018,2010MNRAS.403.1368G,22
* chi01 Ori,5962,,,2011A&A...530A.138C,23
* chi01 Ori,5961,,,2012ApJ...746..101B,24
* chi01 Ori,5955,,,2004A&A...427..933K,25
* chi01 Ori,5955,,,2003A&A...411..559K,26
* chi01 Ori,5955,4.3,-0.03,2004A&A...418..551M,27
* chi01 Ori,5953,4.46,-0.03,1993A&A...275..101E,28
* chi01 Ori,5950,4.46,0.11,1998A&A...338..623M,29
* chi01 Ori,5947,4.5,-0.02,2005PASJ...57...27T,30
* chi01 Ori,5929,4.49,-0.02,1999MNRAS.305..693C,31
* chi01 Ori,5929,4.5,-0.05,1990ApJ...351..467B,32
* chi01 Ori,5929,,-0.05,1989ApJ...336..798B,33
* chi01 Ori,5929,,-0.05,1988ApJ...325..749B,34
* chi01 Ori,5920,4.39,-0.07,2004AN....325....3F,35
* chi01 Ori,5900,4.21,-0.05,1992ApJ...387..170F,36
* chi01 Ori,5898,,,2013ApJ...771...40B,37
* chi01 Ori,5895,4.21,-0.04,1996A&A...314..191G,38
* chi01 Ori,5882,4.34,-0.01,2005ApJS..159..141V,39
* chi01 Ori,5836,4.48,-0.11,2007A&A...465..271R,40
* chi01 Ori,5820,4.49,-0.17,2004A&A...420..183A,41
* chi01 Ori,5818,4.47,-0.15,2006ApJ...652.1604B,42
* chi01 Ori,5805,4.29,-0.18,2000A&AS..141..491C,43
* chi01 Ori,5793,,0.25,1965ApJ...141..588H,44
* chi01 Ori,5988,4.52,0.08,2016ApJS..225...32B,45
* chi01 Ori,5935,4.52,0.0,2016A&A...587A...2B,46
* chi01 Ori,5907,4.48,0.02,2016A&A...587A...2B,47
* chi01 Ori,6110,4.76,,2015A&A...579A..20M,48
* chi01 Ori,5996,4.53,0.0,2013AJ....146...73P,49
* chi01 Ori,5955,4.3,-0.03,2013A&A...552A.128M,50
* chi01 Ori,5949,4.48,-0.04,2013ApJ...764...78R,51
* chi01 Ori,5949,4.48,-0.04,2012ApJ...756...46R,52
* chi01 Ori,5964,4.68,,2003AJ....126.2048G,53
* chi01 Ori,5820,4.49,7.44,2004A&A...420..183A,54
* chi01 Ori,5918,4.36,-0.03,2011AJ....141...90L,55
* chi01 Ori,5918,4.47,-0.12,2011AJ....141...90L,56
* chi01 Ori,5955,4.3,-0.03,2011ARep...55..689M,57
* chi01 Ori,6029,4.62,-0.01,2010ApJ...720.1290G,58
* chi01 Ori,5996,4.53,0.0,2011ApJ...736...87K,59
* chi01 Ori,5813,4.45,-0.09,2012A&A...541A..40M,60
* chi01 Ori,5947,4.5,-0.02,2007PASJ...59..335T,61
* chi01 Ori,5913,4.34,-0.1,2012A&A...538A.143K,62
* chi01 Ori,5805,4.29,-0.18,2000A&AS..141..491C,63
* chi01 Ori,5929,4.49,-0.02,1999MNRAS.305..693C,64
* chi01 Ori,5950,4.46,0.11,1998A&A...338..623M,65
* chi01 Ori,5895,4.21,-0.04,1996A&A...314..191G,66
* chi01 Ori,5953,4.46,-0.03,1993A&A...275..101E,67
* chi01 Ori,5900,4.21,-0.05,1992ApJ...387..170F,68
* chi01 Ori,5929,4.5,-0.05,1990ApJ...351..467B,69
* chi01 Ori,5929,,-0.05,1989ApJ...336..798B,70
* chi01 Ori,5929,,-0.05,1988ApJ...325..749B,71
* chi01 Ori,5953,4.46,-0.03,1993A&A...275..101E,72
* chi01 Ori,5900,4.21,-0.05,1992ApJ...387..170F,73
* chi01 Ori,5929,4.5,-0.05,1990ApJ...351..467B,74
* chi01 Ori,5929,,-0.05,1989ApJ...336..798B,75
* chi01 Ori,5929,,-0.05,1988ApJ...325..749B,76
* chi01 Ori,6000,4.44,-0.12,1972MmRAS..77...55H,77
* chi01 Ori,5793,,0.25,1965ApJ...141..588H,78
* chi Cnc,6250,4.0,,2023MNRAS.519.5472M,1
* chi Cnc,6000,4.0,,2023MNRAS.519.5472M,2
* chi Cnc,6203,4.17,-0.28,2024A&A...682A.145S,3
* chi Cnc,6328,4.412,-0.115,2022ApJS..259...35A,4
* chi Cnc,6308,4.19,-0.38,2021MNRAS.505.4496G,5
* chi Cnc,6269,4.26,-0.28,2022A&A...663A...4S,6
* chi Cnc,6351,4.4146,-0.141,2020AJ....160..120J,7
* chi Cnc,6274,4.25,-0.28,2017AJ....153...21L,8
* chi Cnc,6317,4.24,-0.28,2018A&A...614A..55A,9
* chi Cnc,6480,4.62,-0.3,2006AJ....131.3069L,10
* chi Cnc,6450,4.6,-0.31,2003AJ....126.2015H,11
* chi Cnc,6380,4.44,-0.12,1999ApJ...521..753T,12
* chi Cnc,6365,4.35,-0.26,1993A&A...275..101E,13
* chi Cnc,6362,,,2011A&A...530A.138C,14
* chi Cnc,6330,4.0,-0.24,2014A&A...563A..53Z,15
* chi Cnc,6301,4.11,-0.26,1996A&A...314..191G,16
* chi Cnc,6294,4.25,-0.23,2005ApJS..159..141V,17
* chi Cnc,6246,4.33,-0.34,2007A&A...465..271R,18
* chi Cnc,6243,,,1998A&A...339..858D,19
* chi Cnc,6243,4.28,-0.28,2000A&AS..141..491C,20
* chi Cnc,6242,,,1996A&AS..117..227A,21
* chi Cnc,6240,4.24,-0.25,2015ApJ...808..148S,22
* chi Cnc,6232,4.12,-0.255,2010MNRAS.403.1368G,23
* chi Cnc,6217,,,1998A&AS..129..505B,24
* chi Cnc,6211,,,2005ApJ...626..446R,25
* chi Cnc,6195,,,2009A&A...497..497G,26
* chi Cnc,6187,4.07,-0.31,2005PASJ...57...27T,27
* chi Cnc,6146,4.32,-0.52,1974A&A....34..263H,28
* chi Cnc,6130,,,2013ApJ...771...40B,29
* chi Cnc,6265,4.21,-0.17,2016ApJS..225...32B,30
* chi Cnc,6240,4.24,-0.25,2015ApJ...808..148S,31
* chi Cnc,6200,4.07,,2015A&A...579A..20M,32
* chi Cnc,6347,4.3,-0.26,2013ApJ...764...78R,33
* chi Cnc,6297,4.06,,2003AJ....126.2048G,34
* chi Cnc,6328,4.18,-0.23,2011A&A...531A.165P,35
* chi Cnc,6041,3.79,-0.39,2012A&A...541A..40M,36
* chi Cnc,6187,4.07,-0.31,2007PASJ...59..335T,37
* chi Cnc,6247,4.29,-0.25,2003MNRAS.340..304R,38
* chi Cnc,6243,4.28,-0.28,2000A&AS..141..491C,39
* chi Cnc,6301,4.11,-0.26,1996A&A...314..191G,40
* chi Cnc,6365,4.35,-0.26,1993A&A...275..101E,41
* chi Cnc,6306,4.27,-0.25,2007MNRAS.374..664C,42
* chi Cnc,6365,4.35,-0.26,1993A&A...275..101E,43
* chi Cnc,6140,4.2,-0.51,1988A&A...195..226F,44
* chi Cnc,6146,4.32,-0.52,1974A&A....34..263H,45
* chi Dra,6101,4.29,-0.64,2022A&A...663A...4S,1
* chi Dra,6083,4.2,-0.64,2017AJ....153...21L,2
* chi Dra,6181,,,2011A&A...530A.138C,3
* chi Dra,6155,4.44,-0.73,2006AJ....131.3069L,4
* chi Dra,6155,4.44,-0.73,2005AJ....129.1063L,5
* chi Dra,6146,4.3,-0.33,1967AnAp...30..211S,6
* chi Dra,6100,4.0,-0.3,1998ApJ...507..805I,7
* chi Dra,6048,4.34,-0.58,2004A&A...420..183A,8
* chi Dra,6034,4.28,-0.65,2000A&AS..141..491C,9
* chi Dra,5969,4.19,-0.73,2007A&A...465..271R,10
* chi Dra,5861,4.05,-0.62,2016A&A...587A...2B,11
* chi Dra,6173,4.22,-0.58,2013ApJ...764...78R,12
* chi Dra,6173,4.22,-0.58,2012ApJ...756...46R,13
* chi Dra,4941,4.5,-0.33,1967AnAp...30..211S,14
* chi Dra,6048,4.34,7.04,2004A&A...420..183A,15
* chi Dra,6034,4.28,-0.65,2000A&AS..141..491C,16
* chi Dra,6146,4.3,-0.33,1967AnAp...30..211S,17
* chi Eri,5050,2.9,-0.22,2022A&A...663A...4S,1
* chi Eri,5050,2.9,-0.22,1995AJ....110.2968L,2
* chi Eri,5050,2.9,-0.22,1995AJ....110.2968L,3
* chi Eri,5050,2.9,-0.22,1995AJ....110.2968L,4
* chi Her,5865,3.78,-0.45,2021MNRAS.505.4496G,1
* chi Her,5820,4.06,-0.47,2022A&A...663A...4S,2
* chi Her,5936,4.15,-0.366,2020ApJ...898..119R,3
* chi Her,5890,3.96,-0.5,2017AJ....153...21L,4
* chi Her,6003,4.04,-0.37,2018A&A...614A..55A,5
* chi Her,5929,4.3,-0.45,1978A&AS...31..297G,6
* chi Her,5929,4.3,-0.43,1979A&A....75...73G,7
* chi Her,5929,4.3,-0.4,1981A&A...100...97G,8
* chi Her,5929,,-0.35,1970MNRAS.148..477P,9
* chi Her,5929,,-0.2,1985ApJ...290..284H,10
* chi Her,5920,4.27,-0.39,2000A&AS..141..491C,11
* chi Her,5914,,,2011A&A...530A.138C,12
* chi Her,5902,4.05,-0.47,2003A&A...398.1121E,13
* chi Her,5870,4.11,-0.48,2011A&A...526A..71D,14
* chi Her,5861,4.14,-0.44,2005ApJS..159..141V,15
* chi Her,5860,4.24,-0.27,1999ApJ...521..753T,16
* chi Her,5860,4.0,-0.45,1986ApJ...309..762B,17
* chi Her,5859,4.12,-0.44,2015A&A...580A..24D,18
* chi Her,5843,4.34,-0.52,1993A&A...275..101E,19
* chi Her,5841,3.84,-0.57,2000Priv.C........F,20
* chi Her,5831,3.96,-0.46,1996A&A...314..191G,21
* chi Her,5830,3.96,-0.54,2015ApJ...808..148S,22
* chi Her,5793,3.93,-0.29,1974A&A....34..263H,23
* chi Her,5784,,,1998A&A...339..858D,24
* chi Her,5776,3.83,-0.51,2005PASJ...57...27T,25
* chi Her,5774,,,1996A&AS..117..227A,26
* chi Her,5761,,,2005ApJ...626..446R,27
* chi Her,5745,,,1998A&AS..129..505B,28
* chi Her,5538,,-0.4,1965ApJ...141..588H,29
* chi Her,5073,,,2009A&A...497..497G,30
* chi Her,4755,,-0.34,1966AnAp...29..593H,31
* chi Her,5780,3.81,-0.56,2016A&A...587A...2B,32
* chi Her,5830,3.96,-0.54,2015ApJ...808..148S,33
* chi Her,5649,3.55,,2015A&A...579A..20M,34
* chi Her,5837,3.83,,2003AJ....126.2048G,35
* chi Her,5806,4.08,-0.43,2011AJ....141...90L,36
* chi Her,5806,4.03,-0.49,2011AJ....141...90L,37
* chi Her,5783,3.93,-0.54,2011A&A...531A.165P,38
* chi Her,5802,4.14,-0.5,2012A&A...541A..40M,39
* chi Her,5776,3.83,-0.51,2007PASJ...59..335T,40
* chi Her,5841,3.84,-0.57,2000Priv.C........F,41
* chi Her,5920,4.27,-0.39,2000A&AS..141..491C,42
* chi Her,5831,3.96,-0.46,1996A&A...314..191G,43
* chi Her,5843,4.34,-0.52,1993A&A...275..101E,44
* chi Her,5860,4.0,-0.45,1986ApJ...309..762B,45
* chi Her,5929,,-0.2,1985ApJ...290..284H,46
* chi Her,5929,4.3,-0.4,1981A&A...100...97G,47
* chi Her,5821,4.13,-0.41,2007MNRAS.374..664C,48
* chi Her,5843,4.34,-0.52,1993A&A...275..101E,49
* chi Her,5860,4.0,-0.45,1986ApJ...309..762B,50
* chi Her,5929,,-0.2,1985ApJ...290..284H,51
* chi Her,5929,4.3,-0.4,1981A&A...100...97G,52
* chi Her,5929,4.3,-0.43,1979A&A....75...73G,53
* chi Her,5929,4.3,-0.45,1978A&AS...31..297G,54
* chi Her,5793,3.93,-0.29,1974A&A....34..263H,55
* chi Her,5929,,-0.35,1970MNRAS.148..477P,56
* chi Her,4755,,-0.34,1966AnAp...29..593H,57
* chi Her,5538,,-0.4,1965ApJ...141..588H,58
* chi Lup,11200,3.8,0.2,1984MNRAS.206...85G,1
* chi Lup,11200,3.1,0.62,1967cmrs..R....339A,2
* chi Lup,10750,4.0,0.05,1993A&A...274..335S,3
* chi Lup,10328,,,2012A&A...537A.120Z,4
* chi Lup,10750,4.0,0.05,1993A&A...274..335S,5
* chi Lup,11200,3.8,0.2,1984MNRAS.206...85G,6
* chi Lup,11200,3.1,0.62,1967cmrs..R....339A,7
* chi UMa,4438,1.86,-0.27,2021MNRAS.505.4496G,1
* chi UMa,4366,1.7,-0.45,2022A&A...663A...4S,2
* chi UMa,4416,2.2,-0.44,2008AJ....135..209M,3
* chi UMa,4480,,-0.4,2020A&A...633A..34C,4
* chi UMa,4495,2.1,-0.44,2007A&A...475.1003H,5
* chi UMa,4460,,,2009A&A...497..497G,6
* chi UMa,4380,2.35,-0.44,1990ApJS...74.1075M,7
* chi UMa,4378,,,2005ApJ...626..446R,8
* chi UMa,4375,,,1998A&A...339..858D,9
* chi UMa,4350,1.35,-0.46,1995AJ....110.2968L,10
* chi UMa,4350,1.15,-0.43,1995AJ....110.2968L,11
* chi UMa,4348,,,1999A&AS..139..335A,12
* chi UMa,4311,,,2006MNRAS.371..879K,13
* chi UMa,4000,,-0.65,1964PDAO...12..455Y,14
* chi UMa,4362,1.72,-0.58,2016A&A...587A...2B,15
* chi UMa,4366,1.5,-0.52,2013AJ....146...73P,16
* chi UMa,4477,2.06,-0.33,2011A&A...531A.165P,17
* chi UMa,4350,1.15,-0.43,2009A&A...508.1313F,18
* chi UMa,4350,1.15,-0.43,1995AJ....110.2968L,19
* chi UMa,4350,1.35,-0.46,1995AJ....110.2968L,20
* chi UMa,4380,2.35,-0.44,1990ApJS...74.1075M,21
* chi UMa,4383,2.02,-0.46,2007MNRAS.374..664C,22
* chi UMa,4356,1.62,-0.44,2008A&A...480...91S,23
* chi UMa,4350,1.15,-0.43,1995AJ....110.2968L,24
* chi UMa,4350,1.35,-0.46,1995AJ....110.2968L,25
* chi UMa,4380,2.35,-0.44,1990ApJS...74.1075M,26
* chi UMa,4000,,-0.65,1964PDAO...12..455Y,27
* c Oph,10500,3.9,,2023MNRAS.519.3958I,1
* c Oph,9840,,,2012A&A...537A.120Z,2
* c Sgr,3672,0.278,-0.14,2023ApJS..266...11B,1
* c Tau,8246,3.8797,0.0,2024A&A...683A.125P,1
* c Tau,8000,3.4,-0.1,2016A&A...589A..83G,2
* c Tau,8423,,,1998A&A...339..858D,3
* c Tau,8310,3.87,0.0,2010A&A...523A..71G,4
* c Tau,8282,,,1998A&AS..129..505B,5
* c Tau,8222,,,2012A&A...537A.120Z,6
* c Tau,7990,,,1995A&AS..110..553S,7
* d Car,27600,,,1995A&AS..110..553S,1
* d Cen,4683,,,2007MNRAS.378..617K,1
* d Cen,3907,1.86,-0.36,1968ApJS...16....1H,2
* del01 Gru,4883,2.18,-0.22,2022A&A...663A...4S,1
* del01 Gru,4939,2.284,-0.036,2022A&A...657A..87O,2
* del01 Gru,4800,2.0,-0.2,2015MNRAS.448.2749A,3
* del01 Gru,5013,2.54,-0.23,2015MNRAS.448.2749A,4
* del01 Gru,5045,2.93,-0.12,2015MNRAS.448.2749A,5
* del01 Gru,4816,2.47,-0.22,2015MNRAS.448.2749A,6
* del01 Gru,5013,2.54,-0.23,2015MNRAS.448.2749A,7
* del01 Gru,4884,,,1998A&AS..129..505B,8
* del01 Gru,4861,,,1998A&A...339..858D,9
* del01 Gru,4800,2.0,-0.2,1981A&A....93..315F,10
* del01 Gru,4800,2.0,-0.2,1981A&A....93..315F,11
* del01 Gru,4800,2.0,-0.2,1981A&A....93..315F,12
* del01 Vel,9021,3.79,,2003AJ....125.1598L,1
* del01 Vel,9320,,,1995A&AS..110..553S,2
* del01 Vel,9290,,,2012A&A...537A.120Z,3
* del02 Lyr,3484,0.6,-0.04,2024A&A...690A.226N,1
* del02 Lyr,3826,2.82,0.79,2021MNRAS.505.4496G,2
* del02 Lyr,3637,,,1998AJ....116..981V,3
* del02 Lyr,3382,0.55,-0.06,2011A&A...531A.165P,4
* del03 Tau,9688,4.05,0.64,2021MNRAS.505.4496G,1
* del03 Tau,7390,4.0172,-0.089,2023A&A...671A..61N,2
* del03 Tau,7353,4.0076,-0.121,2023A&A...671A..61N,3
* del03 Tau,7369,4.0152,-0.107,2023A&A...671A..61N,4
* del03 Tau,7349,3.9983,-0.114,2023A&A...671A..61N,5
* del03 Tau,7380,4.0116,-0.096,2023A&A...671A..61N,6
* del03 Tau,8750,3.63,0.16,2023A&A...676A.129H,7
* del03 Tau,8900,3.7,0.3,2016A&A...589A..83G,8
* del03 Tau,8300,3.4,-0.1,2016A&A...589A..83G,9
* del03 Tau,9030,4.1,0.28,1998A&A...332..224H,10
* del03 Tau,9025,3.95,0.32,2010A&A...523A..71G,11
* del03 Tau,9000,4.0,0.4,1989A&A...220..197B,12
* del03 Tau,8851,,,2012A&A...537A.120Z,13
* del03 Tau,8680,,,2009A&A...501..297Z,14
* del03 Tau,7754,,-0.21,1983IzKry..66..139S,15
* del03 Tau,,,0.7,1966AJ.....71..181S,16
* del03 Tau,8809,3.8,0.13,2011A&A...531A.165P,17
* del03 Tau,9000,4.0,0.4,1989A&A...220..197B,18
* del03 Tau,7754,,-0.21,1983IzKry..66..139S,19
* del03 Tau,8129,,0.69,1972AISAO...4...69K,20
* del03 Tau,9333,4.0,0.0,1965ApJ...142..999C,21
* del03 Tau,9164,4.0,0.55,1971A&A....11..325S,22
* del03 Tau,,,0.7,1966AJ.....71..181S,23
* del And,4347,2.04,0.21,2022A&A...663A...4S,1
* del And,4315,2.4,0.04,2008AJ....135..209M,2
* del And,4544,2.56,0.28,2001ApJ...551L..85Z,3
* del And,4500,1.71,-0.08,1982MNRAS.201..807G,4
* del And,4360,2.37,0.04,1990ApJS...74.1075M,5
* del And,4345,1.8,0.15,1986A&AS...65...11K,6
* del And,4343,,,2005ApJ...626..446R,7
* del And,4335,,,1998A&AS..129..505B,8
* del And,4329,,,1999A&AS..139..335A,9
* del And,4300,,,1998A&A...339..858D,10
* del And,4282,,,2009A&A...497..497G,11
* del And,4200,2.0,0.46,1990AJ.....99.1961F,12
* del And,,,0.0,1957ApJ...125..123S,13
* del And,4392,1.87,,2003AJ....126.2048G,14
* del And,4360,2.37,0.04,1990ApJS...74.1075M,15
* del And,4200,2.0,0.46,1990AJ.....99.1961F,16
* del And,4345,1.8,0.15,1986A&AS...65...11K,17
* del And,4500,1.71,-0.08,1982MNRAS.201..807G,18
* del And,4360,2.37,0.04,1990ApJS...74.1075M,19
* del And,4200,2.0,0.46,1990AJ.....99.1961F,20
* del And,4345,1.8,0.15,1986A&AS...65...11K,21
* del And,4500,1.71,-0.08,1982MNRAS.201..807G,22
* del And,,,0.0,1957ApJ...125..123S,23
* del Aql,7096,,,2012A&A...537A.120Z,1
* del Aql,6950,4.03,-0.04,2003A&A...398.1121E,2
* del Aql,6880,,,1995A&AS..110..553S,3
* del Aql,7396,4.3,-0.05,2016A&A...587A...2B,4
* del Aql,7397,4.27,-0.06,2016A&A...587A...2B,5
* del Aqr,8265,3.6294,-1.4817,2024A&A...681A.107R,1
* del Aqr,7998,3.99,,2020AJ....160...83S,2
* del Aqr,9000,3.66,-0.15,1995A&A...294..536H,3
* del Aqr,8650,,,2012A&A...537A.120Z,4
* del Aqr,8571,,,1998A&AS..129..505B,5
* del Aqr,8450,,,1995A&AS..110..553S,6
* del Aqr,7998,3.99,,2013AJ....146..134K,7
* del Aqr,9000,3.66,-0.15,1995A&A...294..536H,8
* del Ara,12790,,,1995A&AS..110..553S,1
* del Ara,12360,,,2009A&A...501..297Z,2
* del Ara,10864,,,2012A&A...537A.120Z,3
* del Boo,4810,2.38,-0.35,2024A&A...682A.145S,1
* del Boo,4849,2.37,-0.28,2021MNRAS.505.4496G,2
* del Boo,4843,2.54,-0.35,2022A&A...663A...4S,3
* del Boo,4861,2.63,-0.34,2022A&A...666A.125F,4
* del Boo,4898,2.7,-0.44,2008AJ....135..209M,5
* del Boo,4861,2.63,-0.34,2019A&A...625A.141L,6
* del Boo,4861,2.63,-0.37,2017A&A...598A.100J,7
* del Boo,4982,2.89,-0.23,2015A&A...580A..24D,8
* del Boo,4900,2.75,-0.38,2007A&A...475.1003H,9
* del Boo,4834,,,2005ApJ...626..446R,10
* del Boo,4830,2.93,-0.44,1990ApJS...74.1075M,11
* del Boo,4810,,,1998A&AS..129..505B,12
* del Boo,4800,2.7,-0.5,1986A&A...161..314C,13
* del Boo,4800,2.0,-0.26,1991ApJS...75..579L,14
* del Boo,4798,,,1999A&AS..139..335A,15
* del Boo,4768,,,1999A&AS..139..335A,16
* del Boo,4617,,,2009A&A...497..497G,17
* del Boo,4884,2.65,-0.45,2016A&A...587A...2B,18
* del Boo,4820,2.72,,2003AJ....126.2048G,19
* del Boo,4850,2.39,-0.39,2011A&A...531A.165P,20
* del Boo,4963,2.73,-0.3,2007AJ....133.2464L,21
* del Boo,4847,2.56,-0.44,2009A&A...508.1313F,22
* del Boo,4800,2.0,-0.26,1991ApJS...75..579L,23
* del Boo,4830,2.93,-0.44,1990ApJS...74.1075M,24
* del Boo,4800,2.7,-0.5,1986A&A...161..314C,25
* del Boo,,,-0.4,2008A&A...480...91S,26
* del Boo,4847,2.56,-0.44,2007MNRAS.374..664C,27
* del Boo,4802,2.51,-0.38,2008A&A...480...91S,28
* del Boo,4800,2.0,-0.26,1991ApJS...75..579L,29
* del Boo,4830,2.93,-0.44,1990ApJS...74.1075M,30
* del Boo,4800,2.7,-0.5,1986A&A...161..314C,31
* del Boo,4990,2.4,-0.4,1971A&A....12..177S,32
* del Boo,4098,2.55,-0.57,1968ApJS...16....1H,33
* del Cap,7021,4.0,0.73,2017AJ....153...21L,1
* del Cap,7301,3.66,,2003AJ....125.1598L,2
* del Cap,7317,4.92,,2004A&A...420..183A,3
* del Cas,7600,3.1,-0.4,2016A&A...589A..83G,1
* del Cas,8090,,,1995A&AS..110..553S,2
* del Cas,7980,,,2012A&A...537A.120Z,3
* del Cen,22150,3.43,,2018MNRAS.474.5287A,1
* del Cen,23823,4.0,,2001A&A...378..861C,2
* del Cen,22230,4.0,,2006MNRAS.371..252L,3
* del Cet,18232,3.5721,0.7892,2024A&A...681A.107R,1
* del Cet,23750,4.08,-0.24,1992ApJ...387..673G,2
* del Cet,23160,,,2009A&A...501..297Z,3
* del Cet,21500,4.1,,2006MNRAS.371..252L,4
* del Cet,21250,3.8,0.06,2012A&A...539A.143N,5
* del Cet,23750,4.08,-0.24,1992ApJ...387..673G,6
* del CMa,6460,1.0,-0.03,2021MNRAS.505.4496G,1
* del CMa,5439,0.453,-0.55,2023ApJS..266...11B,2
* del CMa,6443,,,2007MNRAS.378..617K,3
* del CMa,6380,,0.01,1965MNRAS.129..127B,4
* del CMa,6222,1.0,0.52,1979ApJ...232..797L,5
* del CMa,6222,0.6,0.19,1981ApJ...245.1018L,6
* del CMa,5850,1.0,0.01,2010MNRAS.402.1369L,7
* del CMa,5653,,,2012A&A...542A.116A,8
* del CMa,6476,0.89,0.28,2014AJ....147..137L,9
* del CMa,7035,0.69,0.24,2011A&A...531A.165P,10
* del CMa,6222,0.6,0.19,1981ApJ...245.1018L,11
* del CMa,6222,0.6,0.19,1981ApJ...245.1018L,12
* del CMa,6222,1.0,0.52,1979ApJ...232..797L,13
* del CMa,6380,,0.01,1965MNRAS.129..127B,14
* del Cnc,4774,2.68,0.13,2021MNRAS.505.4496G,1
* del Cnc,4676,2.53,-0.02,2022A&A...663A...4S,2
* del Cnc,4634,2.7,-0.13,2008AJ....135..209M,3
* del Cnc,4730,,-0.1,2020A&A...633A..34C,4
* del Cnc,4730,2.65,0.07,2007A&A...475.1003H,5
* del Cnc,4670,2.84,-0.13,1990ApJS...74.1075M,6
* del Cnc,4668,2.41,0.02,2009ARep...53..685P,7
* del Cnc,4722,2.57,0.0,2011A&A...531A.165P,8
* del Cnc,4763,2.67,0.01,2007AJ....133.2464L,9
* del Cnc,4670,2.84,-0.13,1990ApJS...74.1075M,10
* del Cnc,,,-0.13,2008A&A...480...91S,11
* del Cnc,4657,2.51,-0.06,2007MNRAS.374..664C,12
* del Cnc,4670,2.84,-0.13,1990ApJS...74.1075M,13
* del Col,5293,2.74,-0.11,2024A&A...683A.125P,1
* del Col,5149,2.41,-0.17,2022A&A...663A...4S,2
* del Col,5270,2.9,-0.12,2019MNRAS.485.4375D,3
* del Col,5140,2.34,-0.31,1990ApJS...74.1075M,4
* del Col,5136,,,2012A&A...542A.116A,5
* del Col,5172,2.49,-0.04,2014AJ....147..137L,6
* del Col,5140,2.34,-0.31,1990ApJS...74.1075M,7
* del Col,5140,2.34,-0.31,1990ApJS...74.1075M,8
* del CrA,4743,2.643,0.08,2024A&A...683A.125P,1
* del CrA,4627,2.59,0.01,2022A&A...663A...4S,2
* del CrA,4690,,-0.1,2020A&A...633A..34C,3
* del CrA,4627,2.59,0.01,2007MNRAS.382..553L,4
* del CrB,5362,3.29,-0.12,2025A&A...698A..93J,1
* del CrB,5185,2.9134,-0.5275,2024A&A...681A.107R,2
* del CrB,5298,3.25,-0.23,2021MNRAS.505.4496G,3
* del CrB,5280,3.27,-0.2,2022A&A...663A...4S,4
* del CrB,5248,3.2,-0.32,2008AJ....135..209M,5
* del CrB,5429,3.422,-0.089,2019A&A...629A..80H,6
* del CrB,5362,3.29,-0.12,2018A&A...615A..31D,7
* del CrB,5300,3.35,-0.26,2007A&A...475.1003H,8
* del CrB,5270,,,2009A&A...497..497G,9
* del CrB,5247,,,1998A&AS..129..505B,10
* del CrB,5230,3.15,-0.32,1990ApJS...74.1075M,11
* del CrB,5203,,,2005ApJ...626..446R,12
* del CrB,5180,,,1999A&AS..139..335A,13
* del CrB,5362,3.29,-0.12,2016A&A...585A..73N,14
* del CrB,5332,3.22,-0.2,2011A&A...531A.165P,15
* del CrB,5230,3.15,-0.32,1990ApJS...74.1075M,16
* del CrB,,,-0.32,2008A&A...480...91S,17
* del CrB,5275,3.02,-0.29,2007MNRAS.374..664C,18
* del CrB,5230,3.15,-0.32,1990ApJS...74.1075M,19
* del CrB,5250,3.1,-0.04,1972AcA....22..141G,20
* del Crt,4555,1.988,-0.46,2024A&A...683A.125P,1
* del Crt,4526,2.24,-0.45,2022A&A...663A...4S,2
* del Crt,4603,2.4,-0.48,2008AJ....135..209M,3
* del Crt,4846,2.48,-0.33,1981ApJ...248..228L,4
* del Crt,4580,2.35,-0.43,2007A&A...475.1003H,5
* del Crt,4545,,,2009A&A...497..497G,6
* del Crt,4500,2.59,-0.48,1990ApJS...74.1075M,7
* del Crt,4491,,,2005ApJ...626..446R,8
* del Crt,4468,,,1999A&AS..139..335A,9
* del Crt,4500,2.59,-0.48,1990ApJS...74.1075M,10
* del Crt,4846,2.48,-0.33,1981ApJ...248..228L,11
* del Crt,,,-0.44,2008A&A...480...91S,12
* del Crt,4500,2.59,-0.48,1990ApJS...74.1075M,13
* del Crt,4846,2.48,-0.33,1981ApJ...248..228L,14
* del Cru,22570,,,1995A&AS..110..553S,1
* del Crv,5500,4.36,0.0,2024A&A...683A.125P,1
* del Crv,10207,3.97,,2003AJ....125.1598L,2
* del Crv,10580,,,2009A&A...501..297Z,3
* del Crv,10350,,,1995A&AS..110..553S,4
* del Crv,10209,,,2012A&A...537A.120Z,5
* del Crv,10162,4.12,0.13,2003A&A...398.1121E,6
* del Cyg,9820,,,1995A&AS..110..553S,1
* del Cyg,10150,,,2009A&A...501..297Z,2
* del Del,7262,3.51,-0.44,2021MNRAS.505.4496G,1
* del Del,7340,,,2009A&A...497..497G,2
* del Del,7100,3.4,-0.2,1991A&A...249..205B,3
* del Del,7099,3.8,-0.19,1969A&A.....3...94R,4
* del Del,6912,,,2005ApJ...626..446R,5
* del Del,6877,,,1999A&AS..139..335A,6
* del Del,7334,4.02,-0.07,2011A&A...531A.165P,7
* del Del,7176,3.41,-0.3,2007MNRAS.374..664C,8
* del Del,7100,3.4,-0.2,1991A&A...249..205B,9
* del Del,7304,3.25,0.0,1976ApJS...32..651K,10
* del Del,7099,3.8,-0.19,1969A&A.....3...94R,11
* del Dor,7551,,,2012A&A...537A.120Z,1
* del Dra,4891,2.71,-0.07,2021MNRAS.505.4496G,1
* del Dra,4841,2.64,-0.15,2022A&A...663A...4S,2
* del Dra,4807,2.71,-0.14,2022A&A...666A.125F,3
* del Dra,4875,2.69,-0.07,2020ApJS..248...19T,4
* del Dra,4807,2.71,-0.14,2019A&A...625A.141L,5
* del Dra,4807,2.71,-0.17,2017A&A...598A.100J,6
* del Dra,4941,3.0,0.09,1973A&A....23..369V,7
* del Dra,4937,2.9,-0.11,2015A&A...580A..24D,8
* del Dra,4893,2.1,0.0,1982MNRAS.201..807G,9
* del Dra,4865,2.73,-0.13,2011A&A...526A..71D,10
* del Dra,4824,,,2006MNRAS.371..879K,11
* del Dra,4824,2.4,-0.2,2006A&A...456.1109M,12
* del Dra,4820,2.98,-0.27,1990ApJS...74.1075M,13
* del Dra,4793,,,1998A&AS..129..505B,14
* del Dra,4870,2.76,-0.23,2016A&A...587A...2B,15
* del Dra,4862,2.74,-0.24,2016A&A...587A...2B,16
* del Dra,4885,2.62,-0.13,2014ApJ...785...94L,17
* del Dra,4873,2.77,-0.13,2015A&A...574A..50J,18
* del Dra,4837,2.49,-0.18,2011A&A...531A.165P,19
* del Dra,4952,2.9,-0.08,2007AJ....133.2464L,20
* del Dra,4820,2.98,-0.27,2009A&A...508.1313F,21
* del Dra,4820,2.98,-0.27,1990ApJS...74.1075M,22
* del Dra,4893,2.1,0.0,1982MNRAS.201..807G,23
* del Dra,,,-0.2,2008A&A...480...91S,24
* del Dra,4800,2.67,-0.12,2007MNRAS.374..664C,25
* del Dra,4817,2.52,-0.19,2008A&A...480...91S,26
* del Dra,4820,2.98,-0.27,1990ApJS...74.1075M,27
* del Dra,4893,2.1,0.0,1982MNRAS.201..807G,28
* del Dra,4941,3.0,0.09,1973A&A....23..369V,29
* del Equ,6299,,,2011A&A...530A.138C,1
* del Equ,6238,4.05,,2003AJ....126.2048G,2
* del Eri,4982,3.813,0.016,2024A&A...692A.228C,1
* del Eri,5036,3.71,0.03,2024A&A...692A.189R,2
* del Eri,3882,4.6522,0.0,2024A&A...683A.125P,3
* del Eri,5146,3.76,0.14,2024A&A...683A.125P,4
* del Eri,5026,3.83,0.09,2024A&A...682A.145S,5
* del Eri,4998,3.706,0.055,2022ApJS..259...35A,6
* del Eri,4916,3.48,0.2,2021MNRAS.505.4496G,7
* del Eri,5057,3.8,0.08,2016A&A...588A..98M,8
* del Eri,5031,3.6274,0.036,2023A&A...671A..61N,9
* del Eri,5022,3.6055,0.03,2023A&A...671A..61N,10
* del Eri,5032,3.6575,0.033,2023A&A...671A..61N,11
* del Eri,5029,3.6265,0.035,2023A&A...671A..61N,12
* del Eri,5022,3.6362,0.03,2023A&A...671A..61N,13
* del Eri,5027,3.6267,0.033,2023A&A...671A..61N,14
* del Eri,5026,3.6406,0.035,2023A&A...671A..61N,15
* del Eri,5026,3.6279,0.033,2023A&A...671A..61N,16
* del Eri,5124,3.892,-0.029,2023ApJS..266...11B,17
* del Eri,5045,3.78,0.09,2022A&A...663A...4S,18
* del Eri,5023,3.78,0.15,2023A&A...676A.129H,19
* del Eri,5067,3.784,0.168,2021ApJS..255....8R,20
* del Eri,5108,4.18,0.25,2015A&A...573A..67P,21
* del Eri,5085,3.78,,2016MNRAS.456.1221R,22
* del Eri,5052,3.76,,2016MNRAS.456.1221R,23
* del Eri,5053,3.87,,2016MNRAS.456.1221R,24
* del Eri,5015,3.77,,2016MNRAS.456.1221R,25
* del Eri,5037,3.73,,2016MNRAS.456.1221R,26
* del Eri,5150,3.89,,2016MNRAS.456.1221R,27
* del Eri,4955,3.77,,2016MNRAS.456.1221R,28
* del Eri,5040,3.73,,2016MNRAS.456.1221R,29
* del Eri,4954,3.76,,2021A&A...647A.162P,30
* del Eri,5120,4.3,0.09,2020A&A...639A..35H,31
* del Eri,,,0.07,2020AJ....160...83S,32
* del Eri,4885,3.5,,2020AJ....160...83S,33
* del Eri,5027,3.81,0.07,2020A&A...634A.136C,34
* del Eri,5040,3.737,0.086,2019A&A...629A..80H,35
* del Eri,5076,3.77,0.08,2017AJ....153...21L,36
* del Eri,5063,3.78,0.04,2016A&A...589A.115S,37
* del Eri,5101,3.758,0.13,2018A&A...615A..76S,38
* del Eri,5278,3.801,0.12,2018A&A...615A..76S,39
* del Eri,5241,3.814,-0.89,2018A&A...615A..76S,40
* del Eri,4866,3.54,,2003AJ....125.1598L,41
* del Eri,5027,3.66,0.07,2017A&A...606A..94D,42
* del Eri,5793,,-0.05,1963Obs....83..133P,43
* del Eri,5305,3.95,0.05,1981ApJ...248..228L,44
* del Eri,5150,3.89,0.13,2008A&A...487..373S,45
* del Eri,5140,4.1,0.05,2005A&A...433..647A,46
* del Eri,5139,3.791,0.047,2014MNRAS.443..698S,47
* del Eri,5135,4.0,0.17,2001A&A...373.1019S,48
* del Eri,5100,3.8,0.18,2006AJ....131.3069L,49
* del Eri,5100,3.8,0.18,2005AJ....129.1063L,50
* del Eri,5095,3.98,0.16,2005ApJS..159..141V,51
* del Eri,5074,3.77,0.13,2004A&A...415.1153S,52
* del Eri,5045,3.77,0.06,2014A&A...564A.133J,53
* del Eri,5044,3.84,0.12,2008MNRAS.384..173F,54
* del Eri,5023,4.14,0.18,2004A&A...420..183A,55
* del Eri,5020,3.73,0.24,2003A&A...410..527B,56
* del Eri,5015,3.77,0.15,2010MNRAS.405.1907B,57
* del Eri,5008,3.78,0.11,2007A&A...465..271R,58
* del Eri,4966,3.59,0.15,2015A&A...580A..24D,59
* del Eri,4955,,,2013ApJ...771...40B,60
* del Eri,4954,3.76,,2015A&A...582A..49H,61
* del Eri,4941,3.83,-0.07,1976A&A....51...71H,62
* del Eri,4941,3.8,-0.2,1980A&A....86..157F,63
* del Eri,4893,3.82,-0.1,2004A&A...425..187T,64
* del Eri,4893,3.36,-0.27,1972MmRAS..77...55H,65
* del Eri,4846,,-0.09,1964RGOB...87..227P,66
* del Eri,4541,,0.33,1966AnAp...29..593H,67
* del Eri,4460,,0.12,1966AnAp...29..593H,68
* del Eri,5037,3.75,0.16,2016ApJS..225...32B,69
* del Eri,4949,3.62,0.09,2016A&A...587A...2B,70
* del Eri,4977,3.65,0.1,2016A&A...587A...2B,71
* del Eri,5113,3.8,0.2,2016A&A...586A..49B,72
* del Eri,5069,3.85,,2015A&A...579A..20M,73
* del Eri,5144,3.95,0.0,2015A&A...574A..50J,74
* del Eri,5080,3.81,0.16,2013AJ....146...73P,75
* del Eri,5113,3.8,0.2,2015A&A...577A...9B,76
* del Eri,5113,3.84,0.2,2014A&A...562A..71B,77
* del Eri,5027,3.66,0.07,2013A&A...555A.150T,78
* del Eri,5012,3.74,0.09,2013ApJ...764...78R,79
* del Eri,4858,3.57,,2013AJ....146..134K,80
* del Eri,4984,3.61,,2003AJ....126.2048G,81
* del Eri,5023,4.14,7.62,2004A&A...420..183A,82
* del Eri,5150,3.89,0.13,2012A&A...545A..32A,83
* del Eri,5020,3.73,0.08,2011A&A...531A.165P,84
* del Eri,,,0.03,2012A&A...541A..40M,85
* del Eri,5305,3.95,0.05,1981ApJ...248..228L,86
* del Eri,4941,3.8,-0.2,1980A&A....86..157F,87
* del Eri,5150,3.89,0.13,2008A&A...487..373S,88
* del Eri,4884,3.4,-0.11,2007MNRAS.374..664C,89
* del Eri,5082,3.9,0.14,2008A&A...480...91S,90
* del Eri,5305,3.95,0.05,1981ApJ...248..228L,91
* del Eri,4941,3.8,-0.2,1980A&A....86..157F,92
* del Eri,4941,3.83,-0.07,1976A&A....51...71H,93
* del Eri,4893,3.36,-0.27,1972MmRAS..77...55H,94
* del Eri,4460,,0.12,1966AnAp...29..593H,95
* del Eri,4541,,0.33,1966AnAp...29..593H,96
* del Eri,4846,,-0.09,1964RGOB...87..227P,97
* del Eri,5793,,-0.05,1963Obs....83..133P,98
* del Eri,4065,,0.79,1963Obs....83..128H,99
* del Gem,6966,,,2012A&A...537A.120Z,1
* del Gem,6865,,,2011A&A...530A.138C,2
* del Gem,6906,3.68,,2003AJ....126.2048G,3
* del Her,8650,,,2012A&A...537A.120Z,1
* del Her,8364,,,1998A&AS..129..505B,2
* del Her,8879,3.47,,2003AJ....126.2048G,3
* del Hya,11000,4.3,0.3,2016A&A...589A..83G,1
* del Hya,9441,,,2012A&A...537A.120Z,2
* del Hyi,9155,,,1998A&A...339..858D,1
* del Hyi,8936,,,1998A&AS..129..505B,2
* del Hyi,8912,4.01,0.12,2003A&A...398.1121E,3
* del Hyi,8849,,,2006A&A...458..293P,4
* del Leo,8297,,,2013ApJ...771...40B,1
* del Leo,8222,,,2012A&A...537A.120Z,2
* del Leo,8085,,,2012ApJ...746..101B,3
* del Leo,8080,,,1995A&AS..110..553S,4
* del Leo,7889,,,2013ApJ...771...40B,5
* del Leo,7881,,,2013ApJ...771...40B,6
* del Leo,8037,3.72,,2003AJ....126.2048G,7
* del Lep,4692,2.36,-0.41,2021MNRAS.505.4496G,1
* del Lep,4594,2.52,-0.81,2022A&A...663A...4S,2
* del Lep,,,-0.811,2020AJ....160...83S,3
* del Lep,4660,1.33,,2020AJ....160...83S,4
* del Lep,5270,,-0.5,2020A&A...633A..34C,5
* del Lep,4717,2.71,,2003AJ....125.1598L,6
* del Lep,4822,,,2009A&A...497..497G,7
* del Lep,4647,,,2005ApJ...626..446R,8
* del Lep,4599,,,1999A&AS..139..335A,9
* del Lep,4582,2.5,-0.5,1986A&A...161..314C,10
* del Lep,4580,2.95,-0.75,1990ApJS...74.1075M,11
* del Lep,4550,2.1,-0.94,2000AJ....120.1841F,12
* del Lep,4593,2.3,-0.72,2014ApJ...785...94L,13
* del Lep,4661,1.33,,2013AJ....146..134K,14
* del Lep,4706,2.44,-0.65,2011A&A...531A.165P,15
* del Lep,4550,2.1,-0.94,2000AJ....120.1841F,16
* del Lep,4580,2.95,-0.75,1990ApJS...74.1075M,17
* del Lep,4582,2.5,-0.5,1986A&A...161..314C,18
* del Lep,4569,2.46,-0.9,2007MNRAS.374..664C,19
* del Lep,4580,2.95,-0.75,1990ApJS...74.1075M,20
* del Lep,4582,2.5,-0.5,1986A&A...161..314C,21
* del Lep,4383,,-0.36,1958ApJ...127..172G,22
* del Lup,20990,,,1995A&AS..110..553S,1
* del Mon,9462,,,2012A&A...537A.120Z,1
* del Oct,4305,1.93,-0.29,2022A&A...663A...4S,1
* del Oct,4293,2.1,-0.17,2006A&A...458..609D,2
* del Oct,4311,1.89,-0.42,2015A&A...574A..50J,3
* del Ori,30300,3.22,,2024A&A...687A.228D,1
* del Ori,30000,3.5,,2024ApJ...971..166M,2
* del Ori,30100,3.33,,2022A&A...665A.150H,3
* del Ori,30100,3.31,,2018A&A...613A..65H,4
* del Pav,5602,4.43,0.26,2024A&A...690A..97C,1
* del Pav,5443,3.99,-0.02,2024A&A...690A..97C,2
* del Pav,5655,4.291,0.36,2024A&A...683A.125P,3
* del Pav,5537,4.132,0.054,2023ApJS..266...11B,4
* del Pav,5576,4.29,0.35,2022A&A...663A...4S,5
* del Pav,5591,4.3268,0.349,2021MNRAS.506..150B,6
* del Pav,5604,-1.7168,0.33,2014A&A...566A..66G,7
* del Pav,5604,4.26,0.33,2021A&A...655A..99D,8
* del Pav,5653,4.6,0.33,2020A&A...639A..35H,9
* del Pav,5604,4.26,0.33,2020A&A...634A.136C,10
* del Pav,5648,4.34,0.99,2019A&A...629A..80H,11
* del Pav,5600,4.25,0.37,2019MNRAS.487.3162C,12
* del Pav,5541,4.25,0.36,2018AJ....155..111L,13
* del Pav,5579,4.29,0.36,2018A&A...614A..55A,14
* del Pav,5691,4.39,0.41,2018A&A...615A..76S,15
* del Pav,5633,4.244,0.35,2018A&A...615A..76S,16
* del Pav,5566,4.24,0.32,2018A&A...614A..84S,17
* del Pav,5512,4.23,,2003AJ....125.1598L,18
* del Pav,5604,4.26,0.33,2017A&A...606A..94D,19
* del Pav,5727,,0.29,1970MNRAS.150..409H,20
* del Pav,5638,4.33,0.39,2006A&A...458..873S,21
* del Pav,5626,4.31,0.38,2006A&A...458..873S,22
* del Pav,5614,4.29,0.36,2006A&A...458..873S,23
* del Pav,5614,4.29,0.36,2005A&A...437.1127S,24
* del Pav,5604,4.26,0.33,2008A&A...487..373S,25
* del Pav,5600,4.31,0.43,1975A&A....38..271H,26
* del Pav,5600,4.3,0.32,1986A&A...160..264F,27
* del Pav,5598,,,2011A&A...530A.138C,28
* del Pav,5590,4.31,0.33,2005ApJS..159..141V,29
* del Pav,5589,4.4,0.41,2007A&A...465..271R,30
* del Pav,5585,4.26,0.03,2003A&A...410..527B,31
* del Pav,5572,4.31,0.44,2014A&A...568A..25N,32
* del Pav,5550,4.32,0.38,2010MNRAS.405.1907B,33
* del Pav,5544,,,1998A&A...339..858D,34
* del Pav,5538,3.8,0.28,1988A&A...206..100A,35
* del Pav,5454,4.03,0.2,2006MNRAS.370..163B,36
* del Pav,5413,,,2012A&A...542A.116A,37
* del Pav,5347,4.25,0.26,2004A&A...420..183A,38
* del Pav,5040,,-0.02,1969MNRAS.145..151R,39
* del Pav,5538,4.22,0.38,2016A&A...587A...2B,40
* del Pav,5635,4.4,0.37,2016A&A...586A..49B,41
* del Pav,5652,4.54,,2015A&A...579A..20M,42
* del Pav,5604,4.26,0.33,2014A&A...562A..92D,43
* del Pav,5635,4.4,0.37,2015A&A...577A...9B,44
* del Pav,5635,4.36,0.37,2014A&A...562A..71B,45
* del Pav,5566,4.24,0.32,2013A&A...555A.150T,46
* del Pav,5517,4.28,0.33,2013ApJ...764...78R,47
* del Pav,5517,4.28,0.33,2012ApJ...756...46R,48
* del Pav,5347,4.25,,2004A&A...420..183A,49
* del Pav,5604,4.26,0.33,2012A&A...545A..32A,50
* del Pav,5691,4.26,0.39,2010ApJ...720.1290G,51
* del Pav,5603,4.37,0.36,2012A&A...541A..40M,52
* del Pav,5538,3.8,0.28,1988A&A...206..100A,53
* del Pav,5600,4.3,0.32,1986A&A...160..264F,54
* del Pav,5604,4.26,0.33,2008A&A...487..373S,55
* del Pav,5538,3.8,0.28,1988A&A...206..100A,56
* del Pav,5600,4.3,0.32,1986A&A...160..264F,57
* del Pav,5600,4.31,0.43,1975A&A....38..271H,58
* del Pav,5727,,0.29,1970MNRAS.150..409H,59
* del Pav,5040,,-0.02,1969MNRAS.145..151R,60
* del Per,14890,,,2009A&A...501..297Z,1
* del Per,13290,,,1995A&AS..110..553S,2
* del Phe,4946,2.648,-0.23,2024A&A...683A.125P,1
* del Phe,4750,2.4,-0.31,2024A&A...682A.145S,2
* del Phe,4808,2.42,-0.31,2022A&A...663A...4S,3
* del Phe,4903,2.68,-0.234,2022A&A...657A..87O,4
* del Phe,4754,2.61,-0.28,2015MNRAS.448.2749A,5
* del Phe,4885,2.6,-0.29,2015MNRAS.448.2749A,6
* del Phe,4895,2.64,-0.28,2015MNRAS.448.2749A,7
* del Phe,4824,2.59,-0.3,2015MNRAS.448.2749A,8
* del Phe,4885,2.6,-0.29,2015MNRAS.448.2749A,9
* del Phe,4840,,,1998A&AS..129..505B,10
* del Phe,4786,,,1998A&A...339..858D,11
* del Phe,4780,2.43,-0.34,2007A&A...468..679S,12
* del Phe,4754,2.61,-0.28,2007MNRAS.382..553L,13
* del PsA,4820,2.62,-0.22,2022A&A...663A...4S,1
* del PsA,4967,2.74,-0.131,2022A&A...657A..87O,2
* del PsA,4841,2.72,-0.21,2015MNRAS.448.2749A,3
* del PsA,4980,2.87,-0.14,2015MNRAS.448.2749A,4
* del PsA,4984,2.86,-0.14,2015MNRAS.448.2749A,5
* del PsA,4902,2.8,-0.18,2015MNRAS.448.2749A,6
* del PsA,4980,2.87,-0.14,2015MNRAS.448.2749A,7
* del PsA,4893,2.5,-0.2,1981A&A....93..315F,8
* del PsA,4841,2.72,-0.21,2007MNRAS.382..553L,9
* del PsA,4630,2.76,-0.31,1990ApJS...74.1075M,10
* del PsA,4630,2.76,-0.31,1990ApJS...74.1075M,11
* del PsA,4893,2.5,-0.2,1981A&A....93..315F,12
* del PsA,4630,2.76,-0.31,1990ApJS...74.1075M,13
* del PsA,4893,2.5,-0.2,1981A&A....93..315F,14
* del Psc,3927,1.36,-0.11,2024A&A...689A.120B,1
* del Psc,3852,1.07,-0.66,2021MNRAS.505.4496G,2
* del Psc,3963,1.0,-0.2,2008AJ....135..209M,3
* del Psc,3920,1.65,-0.2,1990ApJS...74.1075M,4
* del Psc,3956,1.85,-0.09,2011A&A...531A.165P,5
* del Psc,4297,1.72,-0.12,2007AJ....133.2464L,6
* del Psc,3920,1.65,-0.2,1990ApJS...74.1075M,7
* del Psc,3912,1.45,-0.14,2007MNRAS.374..664C,8
* del Psc,3920,1.65,-0.2,1990ApJS...74.1075M,9
* del Sco,30900,3.5,,2018MNRAS.474.5287A,1
* del Sco,31478,3.5,,2017MNRAS.471.3398A,2
* del Sco,29640,,,1995A&AS..110..553S,3
* del Ser,7194,3.2,,2008AJ....135..209M,1
* del Sge,3779,,,1998AJ....116..981V,1
* del Sgr,4171,0.98,-0.22,2022A&A...663A...4S,1
* del Sgr,4220,,-0.4,2020A&A...633A..34C,2
* del Sgr,4180,2.23,-0.01,1990ApJS...74.1075M,3
* del Sgr,4150,0.6,-0.34,1995AJ....110.2968L,4
* del Sgr,4150,0.3,-0.32,1995AJ....110.2968L,5
* del Sgr,4150,0.3,-0.32,1995AJ....110.2968L,6
* del Sgr,4150,0.6,-0.34,1995AJ....110.2968L,7
* del Sgr,4180,2.23,-0.01,1990ApJS...74.1075M,8
* del Sgr,4150,0.6,-0.34,1995AJ....110.2968L,9
* del Sgr,4150,0.3,-0.32,1995AJ....110.2968L,10
* del Sgr,4180,2.23,-0.01,1990ApJS...74.1075M,11
* del Tau,4986,2.66,0.11,2024A&A...692A.189R,1
* del Tau,5071,3.032,0.22,2024A&A...683A.125P,2
* del Tau,4943,2.71,0.09,2022A&A...663A...4S,3
* del Tau,4975,2.64,0.12,2020MNRAS.494.1724J,4
* del Tau,4875,2.7,0.0,2008AJ....135..209M,5
* del Tau,4981,2.82,,2020A&A...635A...8C,6
* del Tau,6062,3.78,,2016A&A...585A...7K,7
* del Tau,5143,2.98,0.08,1981ApJ...248..228L,8
* del Tau,5091,3.0,0.07,1978A&A....67..311F,9
* del Tau,5091,3.0,0.07,1974PhDT.........8F,10
* del Tau,5059,2.97,0.1,2015A&A...580A..24D,11
* del Tau,5040,2.7,-0.01,1970A&A.....7..408C,12
* del Tau,5040,2.44,0.41,1982MNRAS.201....8G,13
* del Tau,5040,2.44,0.41,1982MNRAS.201..807G,14
* del Tau,5000,3.0,0.09,2007A&A...475.1003H,15
* del Tau,4990,2.5,-0.13,1971ApJ...166..593C,16
* del Tau,4990,2.5,-0.1,1971A&A....12..177S,17
* del Tau,4975,,,2006MNRAS.371..879K,18
* del Tau,4975,2.65,0.11,2006A&A...456.1109M,19
* del Tau,4951,2.8,0.13,2006A&A...458..609D,20
* del Tau,4941,,,1998A&A...339..858D,21
* del Tau,4941,2.7,0.15,1978ApJ...225..902B,22
* del Tau,4940,2.85,0.0,1990ApJS...74.1075M,23
* del Tau,4938,2.69,0.14,2006AJ....131.1057S,24
* del Tau,4928,,,1998A&AS..129..505B,25
* del Tau,4893,,0.1,1964ApJS....9...81H,26
* del Tau,4875,2.4,0.06,1995AJ....110.2968L,27
* del Tau,4871,2.71,0.1,2011A&A...535A..30C,28
* del Tau,4796,2.29,-0.12,2011A&A...526A..71D,29
* del Tau,4235,3.0,0.3,1985SvA....29..434K,30
* del Tau,,,0.0,1957ApJ...125..123S,31
* del Tau,4984,2.64,0.12,2014ApJ...785...94L,32
* del Tau,4983,2.81,0.02,2015A&A...574A..50J,33
* del Tau,5058,3.02,0.19,2007AJ....133.2464L,34
* del Tau,4875,2.4,0.06,1995AJ....110.2968L,35
* del Tau,4940,2.85,0.0,1990ApJS...74.1075M,36
* del Tau,4235,3.0,0.3,1985SvA....29..434K,37
* del Tau,5040,2.44,0.41,1982MNRAS.201..807G,38
* del Tau,5143,2.98,0.08,1981ApJ...248..228L,39
* del Tau,,,0.11,2008A&A...480...91S,40
* del Tau,4931,2.71,0.12,2008A&A...480...91S,41
* del Tau,4875,2.4,0.06,1995AJ....110.2968L,42
* del Tau,4940,2.85,0.0,1990ApJS...74.1075M,43
* del Tau,4235,3.0,0.3,1985SvA....29..434K,44
* del Tau,5040,2.44,0.41,1982MNRAS.201..807G,45
* del Tau,5143,2.98,0.08,1981ApJ...248..228L,46
* del Tau,4941,2.7,0.15,1978ApJ...225..902B,47
* del Tau,5091,3.0,0.07,1978A&A....67..311F,48
* del Tau,5040,2.7,-0.01,1970A&A.....7..408C,49
* del Tau,5091,3.0,0.07,1974PhDT.........8F,50
* del Tau,4990,2.5,-0.1,1971A&A....12..177S,51
* del Tau,4990,2.5,-0.13,1971ApJ...166..593C,52
* del Tau,,,0.0,1957ApJ...125..123S,53
* del Tau,4893,,0.1,1964ApJS....9...81H,54
* del Tri,5860,4.41,-0.47,2025A&A...698A..93J,1
* del Tri,5668,4.33,-0.44,2022A&A...663A...4S,2
* del Tri,5590,3.8,-0.49,2015MNRAS.454.1585M,3
* del Tri,5796,4.37,-0.47,2017AJ....153...21L,4
* del Tri,5845,,,2011A&A...530A.138C,5
* del Tri,5799,4.29,-0.439,2010MNRAS.403.1368G,6
* del Tri,5793,,-0.24,1967MNRAS.137...41A,7
* del Tri,5727,,-0.43,1961ApJS....6..407W,8
* del Tri,5664,4.46,-0.58,2004A&A...420..183A,9
* del Tri,5633,4.33,-0.63,2007A&A...465..271R,10
* del Tri,5600,4.5,-0.3,1977MNRAS.181....1C,11
* del Tri,5600,,-0.18,1965ApJ...141..588H,12
* del Tri,5594,,,1998A&AS..129..505B,13
* del Tri,5591,,,1996A&AS..117..227A,14
* del Tri,5590,3.8,-0.49,2004A&A...418..551M,15
* del Tri,5584,,,1998A&A...339..858D,16
* del Tri,5560,,,2005ApJ...626..446R,17
* del Tri,5528,,,2009A&A...497..497G,18
* del Tri,5419,,-0.51,1964RGOB...87..227P,19
* del Tri,5640,4.32,-0.46,2016A&A...587A...2B,20
* del Tri,5676,4.4,-0.46,2016A&A...587A...2B,21
* del Tri,5606,4.36,-0.48,2016A&A...587A...2B,22
* del Tri,5668,4.3,-0.39,2016A&A...587A...2B,23
* del Tri,5944,4.43,-0.43,2013AJ....146...73P,24
* del Tri,5590,3.8,-0.49,2013A&A...552A.128M,25
* del Tri,5786,4.29,-0.53,2013ApJ...764...78R,26
* del Tri,5786,4.29,-0.53,2012ApJ...756...46R,27
* del Tri,5664,4.46,7.06,2004A&A...420..183A,28
* del Tri,5597,3.92,-0.41,2011AJ....141...90L,29
* del Tri,5597,4.14,-0.42,2011AJ....141...90L,30
* del Tri,5597,4.13,-0.38,2011AJ....141...90L,31
* del Tri,5597,4.11,-0.46,2011AJ....141...90L,32
* del Tri,5944,4.43,-0.43,2011ApJ...736...87K,33
* del Tri,5600,4.5,-0.3,1977MNRAS.181....1C,34
* del Tri,5793,,-0.24,1967MNRAS.137...41A,35
* del Tri,5600,,-0.18,1965ApJ...141..588H,36
* del Tri,5419,,-0.51,1964RGOB...87..227P,37
* del Tri,5727,,-0.43,1961ApJS....6..407W,38
* del UMa,8298,3.9433,-0.4433,2024A&A...681A.107R,1
* del UMa,8100,3.6,-0.6,2016A&A...589A..83G,2
* del UMa,8670,,,2012A&A...537A.120Z,3
* del UMa,8613,3.7,,2003AJ....126.2048G,4
* del UMi,9070,,,1995A&AS..110..553S,1
* del Vir,3657,,-0.06,2024A&A...691A..53S,1
* del Vir,3999,1.0,-0.16,2008AJ....135..209M,2
* del Vir,3500,,-0.2,2020A&A...633A..34C,3
* del Vir,3783,,,1998AJ....116..981V,4
* del Vir,3700,1.3,-0.16,1998A&A...338..623M,5
* del Vir,3652,1.3,-0.09,1985ApJ...294..326S,6
* del Vir,3700,0.8,0.17,2012ApJ...761..161S,7
* del Vir,3650,0.8,0.18,2012ApJ...761..161S,8
* del Vir,3700,1.3,-0.16,1998A&A...338..623M,9
* del Vir,3652,1.3,-0.09,1985ApJ...294..326S,10
* del Vir,3652,1.3,-0.09,1985ApJ...294..326S,11
* del Vol,5550,1.77,0.11,2022A&A...663A...4S,1
* del Vol,5626,,,1998A&A...339..858D,2
* del Vol,5386,,,2012A&A...542A.116A,3
* del Vol,5637,1.77,0.11,2014AJ....147..137L,4
* d Psc,4190,2.1,-0.16,2022A&A...663A...4S,1
* d Psc,4539,,,2009A&A...497..497G,2
* d Psc,4214,,,1998A&A...339..858D,3
* d Psc,4197,,,2005ApJ...626..446R,4
* d Psc,4184,,,1999A&AS..139..335A,5
* d Psc,4160,2.1,-0.16,1990ApJS...74.1075M,6
* d Psc,4160,2.1,-0.16,1990ApJS...74.1075M,7
* d Psc,4160,2.1,-0.16,1990ApJS...74.1075M,8
* d Sgr,4916,2.21,-0.04,2022A&A...663A...4S,1
* d Sgr,4850,2.2,-0.18,2007A&A...475.1003H,2
* d Sgr,4951,2.34,-0.08,2014ApJ...785...94L,3
* d Sgr,4947,2.09,0.14,2014AJ....147..137L,4
* e Eri,5422,4.53,-0.42,2024A&A...691A..53S,1
* e Eri,5368,4.39,-0.42,2025A&A...693A.297N,2
* e Eri,5404,4.389,-0.44,2024A&A...683A.125P,3
* e Eri,5432,4.46,-0.39,2022A&A...663A...4S,4
* e Eri,5401,-1.7034,-0.4,2014A&A...566A..66G,5
* e Eri,5401,4.45,-0.4,2021A&A...655A..99D,6
* e Eri,,,-0.4,2020A&A...643A.106B,7
* e Eri,5401,4.45,-0.4,2020A&A...634A.136C,8
* e Eri,5388,4.379,-0.385,2019A&A...629A..80H,9
* e Eri,5401,4.4,-0.41,2019MNRAS.487.3162C,10
* e Eri,5602,4.47,,2016A&A...585A...5B,11
* e Eri,5473,4.49,-0.37,2018AJ....155..111L,12
* e Eri,5439,4.45,-0.4,2018A&A...614A..55A,13
* e Eri,5883,4.75,-0.14,2018A&A...615A..76S,14
* e Eri,5887,4.294,-0.24,2018A&A...615A..76S,15
* e Eri,5398,4.41,-0.41,2018A&A...614A..84S,16
* e Eri,5478,4.48,,2003AJ....125.1598L,17
* e Eri,5401,4.4,-0.4,2017A&A...606A..94D,18
* e Eri,5663,4.5,0.0,1981A&A...100...97G,19
* e Eri,5566,4.81,-0.32,2006MNRAS.370..163B,20
* e Eri,5513,,,2011A&A...530A.138C,21
* e Eri,5498,4.25,-0.48,1994A&A...287..191P,22
* e Eri,5490,4.46,-0.38,2012MNRAS.425.1308B,23
* e Eri,5480,4.43,-0.41,2005A&A...433..185B,24
* e Eri,5465,4.62,-0.36,2001A&A...373.1019S,25
* e Eri,5444,4.47,-0.38,2004A&A...415.1153S,26
* e Eri,5420,,,1998A&AS..129..505B,27
* e Eri,5409,,,1998A&A...339..858D,28
* e Eri,5401,4.62,-0.41,2005ApJS..159..141V,29
* e Eri,5401,4.4,-0.4,2008A&A...487..373S,30
* e Eri,5390,4.58,-0.38,2004A&A...420..183A,31
* e Eri,5362,4.55,-0.4,2007A&A...465..271R,32
* e Eri,5362,4.4,-0.51,1986A&A...160..264F,33
* e Eri,5362,4.4,-0.34,1973A&A....29..165H,34
* e Eri,5362,4.17,-0.54,1989A&A...208..171G,35
* e Eri,5305,4.2,-0.44,1983A&A...126..325S,36
* e Eri,5334,4.16,-0.38,2016A&A...587A...2B,37
* e Eri,5387,4.49,,2015A&A...579A..20M,38
* e Eri,5372,4.5,-0.46,2015A&A...577A...9B,39
* e Eri,5372,4.47,-0.46,2014A&A...562A..71B,40
* e Eri,5401,4.4,-0.4,2013A&A...556A.150S,41
* e Eri,5398,4.41,-0.41,2013A&A...555A.150T,42
* e Eri,5446,4.43,-0.38,2013ApJ...764...78R,43
* e Eri,5446,4.43,-0.38,2012ApJ...756...46R,44
* e Eri,5390,4.58,7.16,2004A&A...420..183A,45
* e Eri,5401,4.4,-0.4,2012A&A...545A..32A,46
* e Eri,5452,4.39,-0.42,2010ApJ...720.1290G,47
* e Eri,5386,4.53,-0.34,2012A&A...541A..40M,48
* e Eri,5498,4.25,-0.48,1994A&A...287..191P,49
* e Eri,5362,4.17,-0.54,1989A&A...208..171G,50
* e Eri,5362,4.4,-0.51,1986A&A...160..264F,51
* e Eri,5305,4.2,-0.44,1983A&A...126..325S,52
* e Eri,5663,4.5,0.0,1981A&A...100...97G,53
* e Eri,5401,4.4,-0.4,2008A&A...487..373S,54
* e Eri,5498,4.25,-0.48,1994A&A...287..191P,55
* e Eri,5362,4.17,-0.54,1989A&A...208..171G,56
* e Eri,5362,4.4,-0.51,1986A&A...160..264F,57
* e Eri,5305,4.2,-0.44,1983A&A...126..325S,58
* e Eri,5663,4.5,0.0,1981A&A...100...97G,59
* e Eri,5362,4.4,-0.34,1973A&A....29..165H,60
* e Her,9141,4.02,0.29,2003A&A...398.1121E,1
* e Her,8995,,,2012A&A...537A.120Z,2
* e Her,8860,,,1995A&AS..110..553S,3
* eps Aql,4688,2.7,0.0,2023ApJS..266...41P,1
* eps Aql,4727,2.54,0.04,2022A&A...663A...4S,2
* eps Aql,4688,2.7,0.0,2008AJ....135..209M,3
* eps Aql,4750,,0.0,2020A&A...633A..34C,4
* eps Aql,4760,2.91,0.0,1990ApJS...74.1075M,5
* eps Aql,4733,2.4,0.05,1995A&AS..113..333M,6
* eps Aql,4722,,,1998A&AS..129..505B,7
* eps Aql,4787,2.8,0.14,2007AJ....133.2464L,8
* eps Aql,4733,2.4,0.05,1995A&AS..113..333M,9
* eps Aql,4760,2.91,0.0,1990ApJS...74.1075M,10
* eps Aql,,,0.03,2008A&A...480...91S,11
* eps Aql,4733,2.4,0.05,1995A&AS..113..333M,12
* eps Aql,4760,2.91,0.0,1990ApJS...74.1075M,13
* eps Aqr,9742,3.73,0.25,2021MNRAS.505.4496G,1
* eps Aqr,9530,,,2012A&A...542A.116A,2
* eps Aqr,9470,3.64,0.07,1995A&A...294..536H,3
* eps Aqr,9466,,,1998A&A...339..858D,4
* eps Aqr,9389,,,1998A&A...339..858D,5
* eps Aqr,9370,,,2009A&A...501..297Z,6
* eps Aqr,9320,,,1995A&AS..110..553S,7
* eps Aqr,9311,,,2012A&A...537A.120Z,8
* eps Aqr,9227,,,1998A&AS..129..505B,9
* eps Aqr,9204,3.58,0.27,2003A&A...398.1121E,10
* eps Aqr,11200,4.01,,2006MNRAS.371..252L,11
* eps Aqr,9266,4.0,-0.32,2011A&A...531A.165P,12
* eps Aqr,9470,3.64,0.07,1995A&A...294..536H,13
* eps Boo,4550,2.2,-0.13,2008AJ....135..209M,1
* eps Boo,4800,2.2,0.36,1995AJ....110.2425L,2
* eps Boo,4730,2.24,-0.13,1990ApJS...74.1075M,3
* eps Boo,4800,2.2,0.36,1995AJ....110.2425L,4
* eps Boo,4730,2.24,-0.13,1990ApJS...74.1075M,5
* eps Boo,4800,2.2,0.36,1995AJ....110.2425L,6
* eps Boo,4730,2.24,-0.13,1990ApJS...74.1075M,7
* eps Cas,14806,3.5525,-0.2792,2024A&A...681A.107R,1
* eps Cas,15600,3.5,,2017MNRAS.471.3398A,2
* eps Cas,14250,3.384,,2010ApJ...722..605H,3
* eps Cas,14250,3.38,,2010ApJ...722..605H,4
* eps Cen,26450,,,1995A&AS..110..553S,1
* eps Cet,6458,4.22,-0.28,2022A&A...663A...4S,1
* eps Cet,6516,4.02,,2003AJ....125.1598L,2
* eps Cet,6547,,,2011A&A...530A.138C,3
* eps Cet,6423,4.22,-0.28,1990ApJ...354..310B,4
* eps Cet,6423,4.22,-0.28,1990ApJ...354..310B,5
* eps Cet,6423,4.22,-0.28,1990ApJ...354..310B,6
* eps CMa,23800,3.29,,2024A&A...687A.228D,1
* eps CMa,21000,3.5,,2025ApJ...979...21S,2
* eps CMa,22205,3.35,0.01,2023ApJS..266...41P,3
* eps CMa,24750,3.65,-0.75,1992ApJ...387..673G,4
* eps CMa,22010,,,2009A&A...501..297Z,5
* eps CMa,22205,3.35,0.01,2012A&A...538A.143K,6
* eps CMa,24750,3.65,-0.75,1992ApJ...387..673G,7
* eps Cnc,7600,3.2,-0.1,2016A&A...589A..83G,1
* eps Cnc,,,-0.02,2018AJ....155..149B,2
* eps Col,4666,2.24,-0.07,2024A&A...683A.125P,1
* eps Col,4573,1.76,-0.07,2022A&A...663A...4S,2
* eps CrA,6647,3.5,,2003AJ....125.1598L,1
* eps CrA,6776,,,2011A&A...530A.138C,2
* eps CrB,4217,1.88,-0.4,2024A&A...690A..97C,1
* eps CrB,4484,2.06,-0.1,2024A&A...691A..53S,2
* eps CrB,4357,2.08,-0.32,2024A&A...691A.160S,3
* eps CrB,4460,2.2,-0.11,2023ApJS..266...41P,4
* eps CrB,4391,1.98,-0.25,2022A&A...663A...4S,5
* eps CrB,4365,2.3,-0.32,2008AJ....135..209M,6
* eps CrB,4410,,-0.3,2020A&A...633A..34C,7
* eps CrB,4344,,,1998A&A...339..858D,8
* eps CrB,4320,2.34,-0.32,1990ApJS...74.1075M,9
* eps CrB,4436,1.94,-0.22,2013A&A...556A.150S,10
* eps CrB,4460,2.2,-0.11,2012A&A...538A.143K,11
* eps CrB,4320,2.34,-0.32,1990ApJS...74.1075M,12
* eps CrB,4320,2.34,-0.32,1990ApJS...74.1075M,13
* eps Crt,4010,1.3,-0.29,2006A&A...458..609D,1
* eps Crt,3930,1.61,-0.38,1990ApJS...74.1075M,2
* eps Crt,3930,1.61,-0.38,1990ApJS...74.1075M,3
* eps Crt,3930,1.61,-0.38,1990ApJS...74.1075M,4
* eps Crv,4360,1.88,-0.15,2022A&A...663A...4S,1
* eps Crv,4260,,-0.2,2020A&A...633A..34C,2
* eps Crv,4475,2.3,-0.18,2007A&A...475.1003H,3
* eps Crv,4320,2.16,-0.13,1990ApJS...74.1075M,4
* eps Crv,4320,2.16,-0.13,1990ApJS...74.1075M,5
* eps Crv,4320,2.16,-0.13,1990ApJS...74.1075M,6
* eps Cyg,4728,2.48,-0.13,2021MNRAS.505.4496G,1
* eps Cyg,4755,2.57,-0.13,2022A&A...663A...4S,2
* eps Cyg,4742,2.5,-0.21,2022A&A...668A..88N,3
* eps Cyg,4742,2.5,-0.16,2022A&A...665A.135M,4
* eps Cyg,4711,2.59,-0.15,2022A&A...666A.125F,5
* eps Cyg,4710,2.8,-0.27,2008AJ....135..209M,6
* eps Cyg,4820,,-0.1,2020A&A...633A..34C,7
* eps Cyg,4711,2.59,-0.15,2019A&A...625A.141L,8
* eps Cyg,4711,2.59,-0.18,2017A&A...598A.100J,9
* eps Cyg,4864,2.74,-0.11,2018MNRAS.479.1332M,10
* eps Cyg,5040,2.9,-0.06,1981ApJ...248..228L,11
* eps Cyg,4911,2.98,-0.05,2005A&A...442..635B,12
* eps Cyg,4893,2.85,0.08,1973A&A....23..369V,13
* eps Cyg,4860,2.6,-0.07,2012A&A...543A.160T,14
* eps Cyg,4853,2.79,-0.09,2015A&A...580A..24D,15
* eps Cyg,4846,1.93,-0.1,1982MNRAS.201..807G,16
* eps Cyg,4843,2.78,-0.11,2011A&A...526A..71D,17
* eps Cyg,4785,2.75,-0.11,2007A&A...475.1003H,18
* eps Cyg,4755,2.8,0.0,1986A&AS...65...11K,19
* eps Cyg,4755,2.7,0.0,1978NInfo..45...90V,20
* eps Cyg,4732,,,1998A&AS..129..505B,21
* eps Cyg,4730,2.89,-0.27,1990ApJS...74.1075M,22
* eps Cyg,4725,,,1999A&AS..139..335A,23
* eps Cyg,4710,,,2006MNRAS.371..879K,24
* eps Cyg,4710,,,2005ApJ...626..446R,25
* eps Cyg,4677,,,2009A&A...497..497G,26
* eps Cyg,4675,2.1,-0.18,1995AJ....110.2968L,27
* eps Cyg,4654,,,1998A&A...339..858D,28
* eps Cyg,4345,,-0.25,1953MSRSL..14..419G,29
* eps Cyg,,,-0.05,2005A&A...442..635B,30
* eps Cyg,4775,2.65,-0.26,2016A&A...587A...2B,31
* eps Cyg,,,-0.23,2014AJ....147...20N,32
* eps Cyg,4799,2.39,,2003AJ....126.2048G,33
* eps Cyg,4748,2.52,-0.17,2011A&A...531A.165P,34
* eps Cyg,4675,2.1,-0.18,1995AJ....110.2968L,35
* eps Cyg,4730,2.89,-0.27,1990ApJS...74.1075M,36
* eps Cyg,4755,2.8,0.0,1986A&AS...65...11K,37
* eps Cyg,4846,1.93,-0.1,1982MNRAS.201..807G,38
* eps Cyg,5040,2.9,-0.06,1981ApJ...248..228L,39
* eps Cyg,,,-0.14,2008A&A...480...91S,40
* eps Cyg,4798,2.56,-0.1,2007MNRAS.374..664C,41
* eps Cyg,4721,2.52,-0.15,2008A&A...480...91S,42
* eps Cyg,4675,2.1,-0.18,1995AJ....110.2968L,43
* eps Cyg,4730,2.89,-0.27,1990ApJS...74.1075M,44
* eps Cyg,4755,2.8,0.0,1986A&AS...65...11K,45
* eps Cyg,4846,1.93,-0.1,1982MNRAS.201..807G,46
* eps Cyg,5040,2.9,-0.06,1981ApJ...248..228L,47
* eps Cyg,4755,2.7,0.0,1978NInfo..45...90V,48
* eps Cyg,4893,2.85,-0.1,1977A&A....54..465P,49
* eps Cyg,4893,2.85,0.08,1973A&A....23..369V,50
* eps Cyg,4345,,-0.25,1953MSRSL..14..419G,51
* eps Del,12785,3.6109,-0.5768,2024A&A...681A.107R,1
* eps Del,15190,,,1995A&AS..110..553S,2
* eps Del,14540,,,2009A&A...501..297Z,3
* eps Del,13700,3.7,,2013A&A...551A..30B,4
* eps Dra,4985,2.62,-0.3,2021MNRAS.505.4496G,1
* eps Dra,5007,2.52,,2023A&A...671A...7S,2
* eps Dra,5027,2.62,,2023A&A...671A...7S,3
* eps Dra,5002,2.52,,2023A&A...671A...7S,4
* eps Dra,4977,2.58,-0.32,2022A&A...663A...4S,5
* eps Dra,4978,2.62,-0.32,2020ApJS..248...19T,6
* eps Dra,5000,2.33,-0.18,1991ApJS...75..579L,7
* eps Dra,4995,,,2006MNRAS.371..879K,8
* eps Dra,4993,2.75,-0.31,2006A&A...456.1109M,9
* eps Dra,4990,2.8,-0.25,1976A&A....53....1V,10
* eps Dra,4950,2.84,-0.47,1990ApJS...74.1075M,11
* eps Dra,4995,2.64,-0.48,2016A&A...587A...2B,12
* eps Dra,4904,2.34,-0.49,2011A&A...531A.165P,13
* eps Dra,5000,2.33,-0.18,1991ApJS...75..579L,14
* eps Dra,4950,2.84,-0.47,1990ApJS...74.1075M,15
* eps Dra,,,-0.31,2008A&A...480...91S,16
* eps Dra,4915,2.61,-0.32,2007MNRAS.374..664C,17
* eps Dra,4988,2.67,-0.32,2008A&A...480...91S,18
* eps Dra,5000,2.33,-0.18,1991ApJS...75..579L,19
* eps Dra,4950,2.84,-0.47,1990ApJS...74.1075M,20
* eps Dra,4990,2.8,-0.25,1976A&A....53....1V,21
* eps Eri,4911,4.32,-0.22,2024A&A...690A..97C,1
* eps Eri,5053,4.45,-0.14,2024A&A...691A..53S,2
* eps Eri,5073,4.714,-0.198,2024A&A...692A.228C,3
* eps Eri,5130,4.63,-0.08,2025A&A...698A..93J,4
* eps Eri,5076,4.424,-0.13,2024A&A...683A.125P,5
* eps Eri,5130,4.63,-0.08,2024A&A...682A.145S,6
* eps Eri,5128,4.569,-0.0359,2022ApJS..259...35A,7
* eps Eri,4992,4.48,-0.14,2021MNRAS.505.4496G,8
* eps Eri,4949,4.2086,,2023A&A...671A.171W,9
* eps Eri,5056,4.4685,-0.058,2023A&A...671A..61N,10
* eps Eri,5051,4.4724,-0.062,2023A&A...671A..61N,11
* eps Eri,5057,4.4863,-0.05,2023A&A...671A..61N,12
* eps Eri,5055,4.4441,-0.043,2023A&A...671A..61N,13
* eps Eri,5054,4.4786,-0.05,2023A&A...671A..61N,14
* eps Eri,5050,4.4589,-0.061,2023A&A...671A..61N,15
* eps Eri,5062,4.5449,-0.038,2023A&A...671A..61N,16
* eps Eri,5056,4.4814,-0.039,2023A&A...671A..61N,17
* eps Eri,5055,4.4749,-0.056,2023A&A...671A..61N,18
* eps Eri,5342,5.044,-0.141,2023ApJS..266...11B,19
* eps Eri,5098,4.55,-0.08,2022A&A...663A...4S,20
* eps Eri,5097,4.58,-0.05,2022AJ....164...87K,21
* eps Eri,4996,4.5,-0.08,2023A&A...676A.129H,22
* eps Eri,5020,4.59,-0.044,2021ApJS..255....8R,23
* eps Eri,5120,4.7,0.01,2021AJ....161..134H,24
* eps Eri,5034,4.51,-0.12,2015A&A...573A..67P,25
* eps Eri,,,-0.022,2020AJ....160...83S,26
* eps Eri,4857,4.61,,2020AJ....160...83S,27
* eps Eri,5049,4.59,-0.15,2020A&A...634A.136C,28
* eps Eri,5015,4.405,-0.134,2019A&A...629A..80H,29
* eps Eri,5183,4.6353,0.053,2019A&A...624A..19B,30
* eps Eri,5123,4.57,-0.04,2017AJ....153...21L,31
* eps Eri,5100,4.44,-0.15,2019MNRAS.487.3162C,32
* eps Eri,5126,4.58,-0.05,2018AJ....155..111L,33
* eps Eri,5102,4.44,-0.11,2016A&A...589A.115S,34
* eps Eri,5059,4.58,-0.09,2018A&A...614A..55A,35
* eps Eri,5263,4.75,-0.09,2018A&A...615A..76S,36
* eps Eri,5224,4.668,-0.04,2018A&A...615A..76S,37
* eps Eri,5213,4.564,-0.82,2018A&A...615A..76S,38
* eps Eri,4999,4.53,,2003AJ....125.1598L,39
* eps Eri,5049,4.45,-0.15,2017A&A...606A..94D,40
* eps Eri,5207,,,2011A&A...530A.138C,41
* eps Eri,5201,,,2009A&A...497..497G,42
* eps Eri,5200,4.5,-0.01,2003AJ....126.2015H,43
* eps Eri,5200,4.5,-0.04,2006AJ....131.3069L,44
* eps Eri,5200,4.5,-0.04,2005AJ....129.1063L,45
* eps Eri,5184,4.562,-0.202,2014MNRAS.443..698S,46
* eps Eri,5180,4.75,-0.09,1993ApJ...412..797D,47
* eps Eri,5177,4.72,0.06,2005PASJ...57...27T,48
* eps Eri,5153,4.53,-0.11,2008A&A...487..373S,49
* eps Eri,5146,4.57,-0.03,2005ApJS..159..141V,50
* eps Eri,5135,4.7,-0.07,2001A&A...373.1019S,51
* eps Eri,5110,4.38,-0.14,1999ApJ...523..234T,52
* eps Eri,5104,4.57,-0.12,2002AJ....124.2224Z,53
* eps Eri,5102,4.46,-0.1,2015A&A...580A..24D,54
* eps Eri,5091,4.61,-0.31,1974A&A....34..263H,55
* eps Eri,5086,4.41,-0.09,2003AJ....125.2664L,56
* eps Eri,5084,,,2004A&A...427..933K,57
* eps Eri,5084,,,2003A&A...411..559K,58
* eps Eri,5084,4.4,-0.15,2004A&A...418..551M,59
* eps Eri,5077,,,2012ApJ...757..112B,60
* eps Eri,5076,,,1996A&AS..117..227A,61
* eps Eri,5076,4.61,,2015A&A...582A..49H,62
* eps Eri,5073,4.43,-0.13,2004A&A...415.1153S,63
* eps Eri,5054,4.54,-0.09,2004AN....325....3F,64
* eps Eri,5052,4.62,-0.06,2004A&A...420..183A,65
* eps Eri,5050,4.6,-0.09,2014A&A...564A.133J,66
* eps Eri,5040,4.19,-0.23,1983A&A...126..325S,67
* eps Eri,5032,4.3,-0.012,2010MNRAS.403.1368G,68
* eps Eri,5016,4.61,-0.1,2007A&A...465..271R,69
* eps Eri,5015,,,2005ApJ...626..446R,70
* eps Eri,5000,4.75,0.06,1998A&A...338..623M,71
* eps Eri,5000,4.3,-0.088,2010MNRAS.403.1368G,72
* eps Eri,4990,4.8,-0.2,1988A&A...206..100A,73
* eps Eri,4990,4.4,-0.19,1974ApJS...27..405O,74
* eps Eri,4988,4.62,-0.05,2006ApJ...652.1604B,75
* eps Eri,5065,4.55,-0.01,2016ApJS..225...32B,76
* eps Eri,4988,4.45,-0.04,2016A&A...587A...2B,77
* eps Eri,5020,4.62,0.02,2016A&A...587A...2B,78
* eps Eri,4976,4.42,0.0,2016A&A...587A...2B,79
* eps Eri,5136,4.71,,2015A&A...579A..20M,80
* eps Eri,5058,4.43,-0.07,2013AJ....146...73P,81
* eps Eri,5171,4.72,,2014MNRAS.442..220F,82
* eps Eri,5084,4.4,-0.15,2013A&A...552A.128M,83
* eps Eri,5049,4.45,-0.15,2013A&A...556A.150S,84
* eps Eri,5049,4.45,-0.15,2013A&A...555A.150T,85
* eps Eri,5079,4.59,-0.06,2013ApJ...764...78R,86
* eps Eri,5079,4.59,-0.06,2012ApJ...756...46R,87
* eps Eri,5120,4.53,,2003AJ....126.2048G,88
* eps Eri,5052,4.62,7.47,2004A&A...420..183A,89
* eps Eri,5153,4.53,-0.11,2012A&A...545A..32A,90
* eps Eri,5089,4.55,-0.1,2011AJ....141...90L,91
* eps Eri,5089,4.59,-0.03,2011AJ....141...90L,92
* eps Eri,5084,4.4,-0.15,2011ARep...55..689M,93
* eps Eri,5096,4.29,-0.18,2010ApJ...720.1290G,94
* eps Eri,5115,4.72,0.05,2011A&A...531A.165P,95
* eps Eri,5061,4.65,-0.08,2012A&A...541A..40M,96
* eps Eri,5177,4.72,0.06,2007PASJ...59..335T,97
* eps Eri,5146,4.68,0.05,2012A&A...538A.143K,98
* eps Eri,5110,4.38,-0.14,1999ApJ...523..234T,99
* eps Eri,5000,4.75,0.06,1998A&A...338..623M,100
* eps Eri,5180,4.75,-0.09,1993ApJ...412..797D,101
* eps Eri,4990,4.8,-0.2,1988A&A...206..100A,102
* eps Eri,5040,4.19,-0.23,1983A&A...126..325S,103
* eps Eri,5153,4.53,-0.11,2008A&A...487..373S,104
* eps Eri,5052,4.57,-0.15,2007MNRAS.374..664C,105
* eps Eri,5108,4.55,-0.06,2008A&A...480...91S,106
* eps Eri,5180,4.75,-0.09,1993ApJ...412..797D,107
* eps Eri,4990,4.8,-0.2,1988A&A...206..100A,108
* eps Eri,5040,4.19,-0.23,1983A&A...126..325S,109
* eps Eri,4990,4.4,-0.19,1974ApJS...27..405O,110
* eps Eri,5091,4.61,-0.31,1974A&A....34..263H,111
* eps Gem,4553,1.15,-0.33,2024A&A...692A.189R,1
* eps Gem,4464,0.46,-0.22,2021MNRAS.505.4496G,2
* eps Gem,4411,0.78,0.1,2022A&A...663A...4S,3
* eps Gem,4510,0.92,0.12,2020MNRAS.494.1724J,4
* eps Gem,4624,0.6,-0.09,1982ApJ...256..177L,5
* eps Gem,4582,1.0,-0.04,1973A&A....23..369V,6
* eps Gem,4582,0.8,-0.05,1987MNRAS.226..563S,7
* eps Gem,4510,,,2007MNRAS.378..617K,8
* eps Gem,4271,,-0.09,1971JRASC..65..222B,9
* eps Gem,4150,0.8,0.2,1998A&A...338..623M,10
* eps Gem,4525,0.75,0.16,2014AJ....147..137L,11
* eps Gem,4625,0.92,0.12,2011A&A...531A.165P,12
* eps Gem,4150,0.8,0.2,1998A&A...338..623M,13
* eps Gem,4582,0.8,-0.05,1987MNRAS.226..563S,14
* eps Gem,4624,0.6,-0.09,1982ApJ...256..177L,15
* eps Gem,4302,0.87,-0.02,2007MNRAS.374..664C,16
* eps Gem,4301,0.77,0.11,2008A&A...480...91S,17
* eps Gem,4582,0.8,-0.05,1987MNRAS.226..563S,18
* eps Gem,4624,0.6,-0.09,1982ApJ...256..177L,19
* eps Gem,4582,0.85,-0.01,1977ApJ...212..743L,20
* eps Gem,4582,1.0,-0.04,1973A&A....23..369V,21
* eps Gem,4271,,-0.09,1971JRASC..65..222B,22
* eps Gru,8137,3.7,,2003AJ....125.1598L,1
* eps Gru,8625,,,2012A&A...542A.116A,2
* eps Gru,7900,,,1995A&AS..110..553S,3
* eps Her,9402,3.8546,-0.096,2024A&A...681A.107R,1
* eps Her,7700,2.9,-0.8,2016A&A...589A..83G,2
* eps Her,10209,,,2012A&A...537A.120Z,3
* eps Hya,5118,2.983,-0.16,2024A&A...683A.125P,1
* eps Hya,5282,3.1,-0.14,2022A&A...663A...4S,2
* eps Hya,,3.0,-0.14,2008AJ....135..209M,3
* eps Hya,5084,3.0,-0.17,2018A&A...615A..31D,4
* eps Hya,5700,3.02,-0.11,1998A&A...338..623M,5
* eps Hya,5300,3.02,-0.14,1990ApJS...74.1075M,6
* eps Hya,5141,3.1,-0.25,2014ApJ...791...58A,7
* eps Hya,5084,3.0,-0.17,2016A&A...585A..73N,8
* eps Hya,5141,3.1,-0.25,2014ApJ...791...58A,9
* eps Hya,5130,2.93,0.17,2014ApJ...791...58A,10
* eps Hya,5152,3.28,0.17,2014ApJ...791...58A,11
* eps Hya,5700,3.02,-0.11,1998A&A...338..623M,12
* eps Hya,5300,3.02,-0.14,1990ApJS...74.1075M,13
* eps Hya,5300,3.02,-0.14,1990ApJS...74.1075M,14
* eps Hyi,10575,,,2005A&A...444..941P,1
* eps Hyi,10471,,,2012A&A...537A.120Z,2
* eps Ind,4694,4.4,-0.17,2024A&A...691A..53S,1
* eps Ind,4693,4.299,-0.19,2024A&A...683A.125P,2
* eps Ind,4754,4.62,-0.13,2024A&A...682A.145S,3
* eps Ind,4700,4.5,-0.17,2024ApJ...964..110L,4
* eps Ind,5013,4.933,-0.036,2023ApJS..266...11B,5
* eps Ind,4641,4.29,-0.13,2022A&A...663A...4S,6
* eps Ind,4682,4.6,-0.12,2022AJ....164...87K,7
* eps Ind,4754,-1.7155,-0.2,2014A&A...566A..66G,8
* eps Ind,4617,4.58,-0.09,2022AJ....164..174H,9
* eps Ind,4776,4.59,-0.105,2020A&A...639A..35H,10
* eps Ind,4616,4.248,-0.162,2019A&A...629A..80H,11
* eps Ind,4682,4.62,-0.16,2018AJ....155..111L,12
* eps Ind,4707,4.65,-0.23,2018A&A...614A..55A,13
* eps Ind,4938,4.576,-0.2,2018A&A...615A..76S,14
* eps Ind,4882,2.869,-0.61,2018A&A...615A..76S,15
* eps Ind,4649,4.44,-0.13,2017A&A...606A..94D,16
* eps Ind,4758,,,2009A&A...497..497G,17
* eps Ind,4754,4.45,-0.2,2008A&A...487..373S,18
* eps Ind,4731,,,2011A&A...530A.138C,19
* eps Ind,4700,4.68,0.01,2001A&A...373.1019S,20
* eps Ind,4642,,,2005ApJ...626..446R,21
* eps Ind,4629,4.36,-0.06,2004A&A...415.1153S,22
* eps Ind,4582,4.5,-0.23,1988A&A...206..100A,23
* eps Ind,4577,,,1998A&AS..129..505B,24
* eps Ind,4574,,,1998A&A...339..858D,25
* eps Ind,4555,,,2012ApJ...757..112B,26
* eps Ind,4500,4.7,0.04,1980A&A....86..308K,27
* eps Ind,4754,4.45,-0.2,2015A&A...576A..69D,28
* eps Ind,4649,4.44,-0.13,2013A&A...555A.150T,29
* eps Ind,4649,4.63,-0.19,2013ApJ...764...78R,30
* eps Ind,4754,4.45,-0.2,2012A&A...545A..32A,31
* eps Ind,4582,4.5,-0.23,1988A&A...206..100A,32
* eps Ind,4500,4.7,0.04,1980A&A....86..308K,33
* eps Ind,4754,4.45,-0.2,2008A&A...487..373S,34
* eps Ind,4582,4.5,-0.23,1988A&A...206..100A,35
* eps Ind,4500,4.7,0.04,1980A&A....86..308K,36
* eps Leo,5440,2.31,-0.05,2025A&A...696A..23B,1
* eps Leo,5314,2.36,-0.03,2024A&A...682A.145S,2
* eps Leo,5337,1.85,-0.16,2021MNRAS.505.4496G,3
* eps Leo,5367,2.0,-0.03,2022A&A...663A...4S,4
* eps Leo,5248,2.2,-0.28,2008AJ....135..209M,5
* eps Leo,5350,,-0.23,2020A&A...633A..34C,6
* eps Leo,5483,,,2006MNRAS.371..879K,7
* eps Leo,5419,2.4,-0.13,1973MNRAS.162..235W,8
* eps Leo,5310,2.04,-0.28,1990ApJS...74.1075M,9
* eps Leo,5300,1.7,0.17,1995AJ....110.2425L,10
* eps Leo,5296,,,2007MNRAS.378..617K,11
* eps Leo,5385,2.18,-0.09,2014ApJ...785...94L,12
* eps Leo,5383,2.17,0.04,2014AJ....147..137L,13
* eps Leo,5398,2.02,-0.06,2011A&A...531A.165P,14
* eps Leo,5300,1.7,0.17,1995AJ....110.2425L,15
* eps Leo,5310,2.04,-0.28,1990ApJS...74.1075M,16
* eps Leo,,,0.02,2008A&A...480...91S,17
* eps Leo,5310,1.81,-0.13,2007MNRAS.374..664C,18
* eps Leo,5394,1.87,-0.05,2008A&A...480...91S,19
* eps Leo,5300,1.7,0.17,1995AJ....110.2425L,20
* eps Leo,5310,2.04,-0.28,1990ApJS...74.1075M,21
* eps Leo,5419,2.4,-0.13,1973MNRAS.162..235W,22
* eps Lep,4222,1.75,0.01,2024A&A...690A..97C,1
* eps Lep,4103,1.45,-0.16,2022A&A...663A...4S,2
* eps Lep,3944,,-0.07,2020A&A...633A..34C,3
* eps Lep,4150,1.8,-0.19,2007A&A...475.1003H,4
* eps Lep,4131,1.8,-0.02,2006A&A...458..609D,5
* eps Lep,4000,1.73,-0.17,1990ApJS...74.1075M,6
* eps Lep,4243,1.88,-0.24,2015A&A...574A..50J,7
* eps Lep,4000,1.73,-0.17,1990ApJS...74.1075M,8
* eps Lep,4000,1.73,-0.17,1990ApJS...74.1075M,9
* eps Mon A,7500,3.3,-0.3,2016A&A...589A..83G,1
* eps Mon A,7762,,,2012A&A...537A.120Z,2
* eps Mon A,7732,3.69,,2003AJ....126.2048G,3
* eps Oph,4901,2.77,-0.14,2021MNRAS.505.4496G,1
* eps Oph,4894,2.7,-0.09,2022A&A...663A...4S,2
* eps Oph,4853,2.8,-0.25,2008AJ....135..209M,3
* eps Oph,4970,2.9,-0.07,2007A&A...475.1003H,4
* eps Oph,4940,2.64,-0.04,2014A&A...564A.119M,5
* eps Oph,4935,2.66,-0.03,2014A&A...564A.119M,6
* eps Oph,4882,,,1998A&AS..129..505B,7
* eps Oph,4861,2.77,-0.08,2007MNRAS.382..553L,8
* eps Oph,4850,3.03,-0.25,1990ApJS...74.1075M,9
* eps Oph,4850,2.44,-0.01,1991ApJS...75..579L,10
* eps Oph,4931,2.69,-0.07,2014ApJ...785...94L,11
* eps Oph,5021,3.02,-0.01,2007AJ....133.2464L,12
* eps Oph,4850,2.44,-0.01,1991ApJS...75..579L,13
* eps Oph,4850,3.03,-0.25,1990ApJS...74.1075M,14
* eps Oph,,,-0.13,2008A&A...480...91S,15
* eps Oph,4850,2.44,-0.01,1991ApJS...75..579L,16
* eps Oph,4850,3.03,-0.25,1990ApJS...74.1075M,17
* eps Ori,27100,2.89,,2024A&A...687A.228D,1
* eps Ori,28000,3.0,,2024ApJ...971..166M,2
* eps Ori,27000,2.85,,2006A&A...446..279C,3
* eps Ori,24670,,,2009A&A...501..297Z,4
* eps Pav,10262,4.29,,2021A&A...647A..49S,1
* eps Pav,9896,4.15,,2003AJ....125.1598L,2
* eps Pav,11230,,,1995A&AS..110..553S,3
* eps Pav,10093,,,2012A&A...537A.120Z,4
* eps Peg,4513,2.44,0.21,2021MNRAS.505.4496G,1
* eps Peg,4240,0.93,0.08,2023ApJS..266...41P,2
* eps Peg,4483,-0.05,-0.319,2023ApJS..266...11B,3
* eps Peg,4253,1.08,-0.01,2022A&A...663A...4S,4
* eps Peg,4108,0.84,0.11,2020MNRAS.494.1724J,5
* eps Peg,4459,,,1998AJ....116..981V,6
* eps Peg,4400,1.2,0.04,1990AJ.....99.1961F,7
* eps Peg,4383,0.75,-0.02,1982ApJ...256..177L,8
* eps Peg,4345,1.0,-0.03,1987MNRAS.226..563S,9
* eps Peg,4235,1.25,-0.03,1972A&A....20..169V,10
* eps Peg,4235,1.1,-0.05,1973A&A....23..369V,11
* eps Peg,4150,1.25,-0.18,2007A&A...475.1003H,12
* eps Peg,4108,,,2007MNRAS.378..617K,13
* eps Peg,4032,0.9,-0.25,1983A&A...120...21K,14
* eps Peg,3818,,-0.06,1971JRASC..65..222B,15
* eps Peg,4276,1.17,0.21,2016A&A...587A...2B,16
* eps Peg,4221,0.58,-0.23,2013AJ....146...73P,17
* eps Peg,4165,0.5,-0.01,2014AJ....147..137L,18
* eps Peg,4330,1.46,0.18,2014AJ....147..137L,19
* eps Peg,4238,0.84,0.11,2011A&A...531A.165P,20
* eps Peg,4240,0.93,0.08,2012A&A...538A.143K,21
* eps Peg,4400,1.2,0.04,1990AJ.....99.1961F,22
* eps Peg,4345,1.0,-0.03,1987MNRAS.226..563S,23
* eps Peg,4383,0.75,-0.02,1982ApJ...256..177L,24
* eps Peg,4032,0.9,-0.25,1983A&A...120...21K,25
* eps Peg,4377,1.01,-0.04,2008A&A...480...91S,26
* eps Peg,4400,1.2,0.04,1990AJ.....99.1961F,27
* eps Peg,4345,1.0,-0.03,1987MNRAS.226..563S,28
* eps Peg,4383,0.75,-0.02,1982ApJ...256..177L,29
* eps Peg,4032,0.9,-0.25,1983A&A...120...21K,30
* eps Peg,4383,1.0,0.11,1977ApJ...212..743L,31
* eps Peg,4131,,0.4,1974ApJ...187..277H,32
* eps Peg,4235,1.1,-0.05,1973A&A....23..369V,33
* eps Peg,4235,1.25,-0.03,1972A&A....20..169V,34
* eps Peg,4165,1.0,0.37,1972A&A....17..450W,35
* eps Peg,3818,,-0.06,1971JRASC..65..222B,36
* eps Per,27160,,,2009A&A...501..297Z,1
* eps Phe,4862,2.8,0.0,2022A&A...663A...4S,1
* eps Phe,4858,2.56,-0.009,2022A&A...657A..87O,2
* eps Phe,4893,3.0,0.13,2015MNRAS.448.2749A,3
* eps Phe,4854,2.75,-0.03,2015MNRAS.448.2749A,4
* eps Phe,4900,2.79,-0.03,2015MNRAS.448.2749A,5
* eps Phe,4881,2.78,0.05,2015MNRAS.448.2749A,6
* eps Phe,4893,3.0,0.13,1986A&A...169..201G,7
* eps Phe,4854,2.75,-0.03,2015MNRAS.448.2749A,8
* eps Phe,4893,3.0,0.13,1986A&A...169..201G,9
* eps Phe,4893,3.0,0.13,1986A&A...169..201G,10
* eps PsA,11500,3.9,,2018MNRAS.474.5287A,1
* eps PsA,13490,3.93,,2001A&A...378..861C,2
* eps PsA,12840,,,1995A&AS..110..553S,3
* eps PsA,11066,,,2012A&A...537A.120Z,4
* eps Psc,5656,,,2022AJ....163..152S,1
* eps Psc,4897,2.518,-0.2947,2022ApJS..259...35A,2
* eps Psc,4869,2.24,-0.17,2021MNRAS.505.4496G,3
* eps Psc,4841,2.57,-0.31,2022A&A...663A...4S,4
* eps Psc,4887,2.8,-0.39,2008AJ....135..209M,5
* eps Psc,4900,2.7,-0.24,2007A&A...475.1003H,6
* eps Psc,4820,2.99,-0.39,1990ApJS...74.1075M,7
* eps Psc,4829,2.3,-0.31,2014ApJ...785...94L,8
* eps Psc,4865,2.36,-0.35,2011A&A...531A.165P,9
* eps Psc,4955,2.68,-0.24,2007AJ....133.2464L,10
* eps Psc,4820,2.99,-0.39,1990ApJS...74.1075M,11
* eps Psc,,,-0.39,2008A&A...480...91S,12
* eps Psc,4860,2.67,-0.34,2007MNRAS.374..664C,13
* eps Psc,4820,2.99,-0.39,1990ApJS...74.1075M,14
* eps Ret,4801,3.39,0.31,2024A&A...691A..53S,1
* eps Ret,4810,3.252,0.37,2024A&A...683A.125P,2
* eps Ret,4792,3.5,0.35,2022A&A...663A...4S,3
* eps Ret,4630,2.93,,2003AJ....125.1598L,4
* eps Ret,4890,3.89,0.42,2003A&A...398..363S,5
* eps Ret,4846,3.78,0.42,2005ApJS..159..141V,6
* eps Ret,4825,3.55,0.39,2004A&A...415.1153S,7
* eps Ret,4797,3.27,0.41,2003AJ....125.2664L,8
* eps Ret,4749,3.3,0.22,1999A&A...348..487R,9
* eps Ret,4607,,,2005ApJ...626..446R,10
* eps Ret,4513,,,2009A&A...497..497G,11
* eps Ret,4961,3.76,0.26,2015A&A...574A..50J,12
* eps Ret,4698,3.5,,2014MNRAS.442..220F,13
* eps Ret,4781,3.46,0.33,2013A&A...556A.150S,14
* eps Ret,4749,3.3,0.22,1999A&A...348..487R,15
* eps Sco,4517,2.22,-0.14,2022A&A...663A...4S,1
* eps Sco,4570,,0.0,2020A&A...633A..34C,2
* eps Sco,4560,2.49,-0.17,1990ApJS...74.1075M,3
* eps Sco,4495,,,1998A&A...339..858D,4
* eps Sco,4489,,,1998A&AS..129..505B,5
* eps Sco,4560,2.49,-0.17,1990ApJS...74.1075M,6
* eps Sco,4560,2.49,-0.17,1990ApJS...74.1075M,7
* eps Sco,4500,2.5,-0.3,1972AcA....22..141G,8
* eps Ser,8196,4.0156,-1.449,2024A&A...681A.107R,1
* eps Ser,8516,4.48,-0.17,2023ApJS..266...41P,2
* eps Ser,8317,4.24,0.38,2003A&A...398.1121E,3
* eps Ser,8317,4.24,0.27,2003A&A...398.1121E,4
* eps Ser,8129,,0.49,1983IzKry..66..139S,5
* eps Ser,8084,,,2012ApJ...746..101B,6
* eps Ser,7928,,,2013ApJ...771...40B,7
* eps Ser,8516,4.48,-0.17,2012A&A...538A.143K,8
* eps Ser,8129,,0.49,1983IzKry..66..139S,9
* eps Sgr,9520,,,2009A&A...501..297Z,1
* eps Sgr,8930,,,1995A&AS..110..553S,2
* eps Tau,4779,2.48,0.1,2024A&A...690A..97C,1
* eps Tau,4921,2.75,0.19,2024A&A...691A..53S,2
* eps Tau,4878,2.62,0.23,2024A&A...691A.160S,3
* eps Tau,4939,2.78,0.2,2024A&A...692A.189R,4
* eps Tau,4985,2.96,0.22,2024A&A...683A.125P,5
* eps Tau,4725,2.11,-0.8923,2024A&A...681A.107R,6
* eps Tau,4871,2.5,0.2,2021MNRAS.505.4496G,7
* eps Tau,4911,2.73,0.15,2016A&A...588A..98M,8
* eps Tau,4916,2.69,0.14,2022A&A...663A...4S,9
* eps Tau,,2.7,0.05,2022A&A...661A..63W,10
* eps Tau,4925,2.72,0.2,2020MNRAS.494.1724J,11
* eps Tau,4797,2.6,0.04,2008AJ....135..209M,12
* eps Tau,4949,2.78,,2020A&A...635A...8C,13
* eps Tau,5091,2.6,0.46,1982MNRAS.201....8G,14
* eps Tau,5091,2.6,0.46,1982MNRAS.201..807G,15
* eps Tau,5040,2.79,0.15,1981ApJ...248..228L,16
* eps Tau,5037,3.12,0.15,2015A&A...580A..24D,17
* eps Tau,4990,2.5,0.1,1971A&A....12..177S,18
* eps Tau,4990,2.5,0.09,1971ApJ...166..593C,19
* eps Tau,4956,2.78,0.04,2011A&A...526A..71D,20
* eps Tau,4941,,0.1,1964ApJS....9...81H,21
* eps Tau,4925,,,2006MNRAS.371..879K,22
* eps Tau,4925,2.55,0.11,2006A&A...456.1109M,23
* eps Tau,4911,2.57,0.2,2006AJ....131.1057S,24
* eps Tau,4911,2.45,0.16,1999A&A...350..859S,25
* eps Tau,4911,,,1998A&AS..129..505B,26
* eps Tau,4910,2.75,0.05,2007A&A...475.1003H,27
* eps Tau,4893,2.7,0.2,1977A&A....61...17O,28
* eps Tau,4893,2.7,0.07,1974ApJS...27..405O,29
* eps Tau,4858,2.62,0.11,2011A&A...535A..30C,30
* eps Tau,4846,3.0,0.19,1978A&A....67..311F,31
* eps Tau,4846,3.0,0.19,1974PhDT.........8F,32
* eps Tau,4846,2.7,0.12,1970A&A.....7..408C,33
* eps Tau,4820,2.77,0.04,1990ApJS...74.1075M,34
* eps Tau,4800,2.2,-0.04,1990AJ.....99.1961F,35
* eps Tau,4383,3.0,0.36,1985SvA....29..434K,36
* eps Tau,4883,2.57,0.13,2014ApJ...785...94L,37
* eps Tau,5016,2.97,0.1,2015A&A...574A..50J,38
* eps Tau,4949,2.85,0.21,2013AJ....146...73P,39
* eps Tau,4946,2.62,0.17,2013A&A...556A.150S,40
* eps Tau,4915,2.75,0.15,2013A&A...554A..84M,41
* eps Tau,5006,2.94,0.21,2012A&A...547A..13T,42
* eps Tau,4964,2.72,0.2,2011A&A...531A.165P,43
* eps Tau,4949,2.85,0.21,2011ApJ...736...87K,44
* eps Tau,4911,2.45,0.16,1999A&A...350..859S,45
* eps Tau,4820,2.77,0.04,1990ApJS...74.1075M,46
* eps Tau,4800,2.2,-0.04,1990AJ.....99.1961F,47
* eps Tau,4383,3.0,0.36,1985SvA....29..434K,48
* eps Tau,5091,2.6,0.46,1982MNRAS.201..807G,49
* eps Tau,5040,2.79,0.15,1981ApJ...248..228L,50
* eps Tau,,,0.11,2008A&A...480...91S,51
* eps Tau,4891,2.56,0.14,2008A&A...480...91S,52
* eps Tau,4820,2.77,0.04,1990ApJS...74.1075M,53
* eps Tau,4800,2.2,-0.04,1990AJ.....99.1961F,54
* eps Tau,4383,3.0,0.36,1985SvA....29..434K,55
* eps Tau,5091,2.6,0.46,1982MNRAS.201..807G,56
* eps Tau,5040,2.79,0.15,1981ApJ...248..228L,57
* eps Tau,4846,3.0,0.19,1978A&A....67..311F,58
* eps Tau,4893,2.7,0.2,1977A&A....61...17O,59
* eps Tau,4846,2.7,0.12,1970A&A.....7..408C,60
* eps Tau,4846,3.0,0.19,1974PhDT.........8F,61
* eps Tau,4893,2.7,0.07,1974ApJS...27..405O,62
* eps Tau,4990,2.5,0.1,1971A&A....12..177S,63
* eps Tau,4990,2.5,0.09,1971ApJ...166..593C,64
* eps Tau,4941,,0.1,1964ApJS....9...81H,65
* eps UMa,9333,3.2,-0.1,1976IAUCo..32..623E,1
* eps UMa,9240,,,2009A&A...501..297Z,2
* eps UMa,10080,3.5,0.0,1981Ap&SS..77...41T,3
* eps UMa,10080,3.5,0.0,1981Ap&SS..77...41G,4
* eps UMa,9020,3.23,,2003AJ....126.2048G,5
* eps UMa,,3.1,0.14,1967ApJS...15...21W,6
* eps UMa,10080,3.5,0.0,1981Ap&SS..77...41T,7
* eps UMa,9333,3.2,-0.1,1976IAUCo..32..623E,8
* eps UMi,5279,2.48,0.1,2025A&A...703A.128B,1
* eps UMi,4987,2.1674,-0.6811,2024A&A...681A.107R,2
* eps UMi,5044,2.23,-0.3,2022ApJS..259...45T,3
* eps UMi,5296,,0.0,2020A&A...633A..34C,4
* eps Vir,5197,2.98,0.12,2024A&A...690A..97C,1
* eps Vir,4886,2.717,0.112,2024A&A...692A.228C,2
* eps Vir,5060,2.97,0.15,2025A&A...698A..93J,3
* eps Vir,5221,3.145,0.23,2024A&A...683A.125P,4
* eps Vir,4950,2.72,0.06,2024A&A...682A.145S,5
* eps Vir,4915,2.8537,0.059,2023A&A...671A..61N,6
* eps Vir,4924,2.8693,0.065,2023A&A...671A..61N,7
* eps Vir,4922,2.8679,0.066,2023A&A...671A..61N,8
* eps Vir,4925,2.8702,0.057,2023A&A...671A..61N,9
* eps Vir,4908,2.8511,0.063,2023A&A...671A..61N,10
* eps Vir,4916,2.8593,0.063,2023A&A...671A..61N,11
* eps Vir,4914,2.8578,0.06,2023A&A...671A..61N,12
* eps Vir,4915,2.8672,0.05,2023A&A...671A..61N,13
* eps Vir,4918,2.8621,0.06,2023A&A...671A..61N,14
* eps Vir,5030,2.8,0.06,2022A&A...663A...4S,15
* eps Vir,5112,3.0,0.11,2022A&A...668A..88N,16
* eps Vir,4995,2.81,0.21,2023A&A...676A.129H,17
* eps Vir,5112,3.0,0.15,2022A&A...665A.135M,18
* eps Vir,5079,2.63,0.07,2020MNRAS.494.1724J,19
* eps Vir,4966,2.8,0.15,2008AJ....135..209M,20
* eps Vir,5146,2.8075,0.224,2021MNRAS.506..150B,21
* eps Vir,4983,2.77,,2021A&A...647A.162P,22
* eps Vir,,,0.12,2020AJ....160...83S,23
* eps Vir,4968,2.44,,2020AJ....160...83S,24
* eps Vir,4963,2.77,0.05,2018ApJS..238...29P,25
* eps Vir,5116,2.91,0.16,2016A&A...589A.115S,26
* eps Vir,5043,2.82,0.13,2018A&A...615A..31D,27
* eps Vir,5305,3.22,0.21,1981ApJ...248..228L,28
* eps Vir,5115,3.1,0.09,2007A&A...475.1003H,29
* eps Vir,5086,2.9,0.16,2006A&A...458..609D,30
* eps Vir,5082,2.85,0.12,2007A&A...468..679S,31
* eps Vir,5079,,,2006MNRAS.371..879K,32
* eps Vir,5060,2.97,0.15,1990ApJS...74.1075M,33
* eps Vir,5049,,,2005ApJ...626..446R,34
* eps Vir,5043,,,1999A&AS..139..335A,35
* eps Vir,5040,2.7,-0.05,1979MNRAS.186...85H,36
* eps Vir,5024,2.62,-0.457,2014MNRAS.443..698S,37
* eps Vir,4990,3.0,0.17,1978ApJ...225..902B,38
* eps Vir,4990,3.0,-0.1,1971A&A....12..177S,39
* eps Vir,4990,2.85,0.04,1973A&A....23..369V,40
* eps Vir,4990,2.75,-0.02,1978ApJ...222..585S,41
* eps Vir,4990,2.74,0.13,1999ApJ...521..753T,42
* eps Vir,4990,2.7,0.1,1991epu...R.....27C,43
* eps Vir,4990,2.7,-0.08,1986ApJ...311..819T,44
* eps Vir,4990,2.6,0.0,1977A&A....54..797C,45
* eps Vir,4983,2.77,,2015A&A...582A..49H,46
* eps Vir,4983,2.77,0.15,2014A&A...564A.133J,47
* eps Vir,4950,2.7,0.15,1998A&A...338..623M,48
* eps Vir,4945,,,2009A&A...497..497G,49
* eps Vir,4941,2.7,-0.06,1970A&A.....7..408C,50
* eps Vir,4941,2.7,-0.03,1966AnAp...29..413C,51
* eps Vir,4941,2.7,0.02,1973ApJ...180..871B,52
* eps Vir,4941,2.7,0.01,1963ApJ...137..431C,53
* eps Vir,4421,,0.04,1958ApJ...127..172G,54
* eps Vir,5123,3.03,0.08,2016A&A...587A...2B,55
* eps Vir,5114,2.96,0.16,2016A&A...587A...2B,56
* eps Vir,5044,2.63,0.07,2014ApJ...785...94L,57
* eps Vir,5043,2.82,0.13,2016A&A...585A..73N,58
* eps Vir,5193,3.09,0.1,2015A&A...574A..50J,59
* eps Vir,5120,3.01,,2003AJ....126.2048G,60
* eps Vir,5145,3.12,0.13,2007AJ....133.2464L,61
* eps Vir,4950,2.7,0.15,1998A&A...338..623M,62
* eps Vir,4990,2.7,0.1,1991epu...R.....27C,63
* eps Vir,5060,2.97,0.15,1990ApJS...74.1075M,64
* eps Vir,4990,2.7,-0.08,1986ApJ...311..819T,65
* eps Vir,5305,3.22,0.21,1981ApJ...248..228L,66
* eps Vir,,,0.12,2008A&A...480...91S,67
* eps Vir,5040,2.81,0.13,2008A&A...480...91S,68
* eps Vir,4990,2.7,0.1,1991epu...R.....27C,69
* eps Vir,5060,2.97,0.15,1990ApJS...74.1075M,70
* eps Vir,4990,2.7,-0.08,1986ApJ...311..819T,71
* eps Vir,5305,3.22,0.21,1981ApJ...248..228L,72
* eps Vir,5040,2.7,-0.05,1979MNRAS.186...85H,73
* eps Vir,4990,2.75,-0.02,1978ApJ...222..585S,74
* eps Vir,4990,3.0,0.17,1978ApJ...225..902B,75
* eps Vir,4990,2.6,0.0,1977A&A....54..797C,76
* eps Vir,4990,2.85,0.04,1973A&A....23..369V,77
* eps Vir,4941,2.7,0.02,1973ApJ...180..871B,78
* eps Vir,4990,3.0,-0.1,1971A&A....12..177S,79
* eps Vir,4941,2.7,-0.06,1970A&A.....7..408C,80
* eps Vir,4235,2.45,-0.15,1968ApJS...16....1H,81
* eps Vir,4941,2.7,-0.03,1966AnAp...29..413C,82
* eps Vir,5040,,-0.15,1964ApJS....9...81H,83
* eps Vir,4941,2.7,0.01,1963ApJ...137..431C,84
* eps Vir,4421,,0.04,1958ApJ...127..172G,85
* eps Vol,14090,,,2009A&A...501..297Z,1
* eps Vol,13335,,,2012A&A...537A.120Z,2
* eta Ant,7132,3.94,,2003AJ....125.1598L,1
* eta Aql,4842,,0.09,2023A&A...678A.195D,1
* eta Aql,6181,,0.09,2023A&A...678A.195D,2
* eta Aql,6160,,0.09,2023A&A...678A.195D,3
* eta Aql,5144,,0.09,2023A&A...678A.195D,4
* eta Aql,5714,,0.09,2023A&A...678A.195D,5
* eta Aql,4888,,0.09,2023A&A...678A.195D,6
* eta Aql,5756,1.2,0.09,2023A&A...678A.195D,7
* eta Aql,5977,0.9,0.09,2023A&A...678A.195D,8
* eta Aql,5296,1.2,0.09,2023A&A...678A.195D,9
* eta Aql,5268,1.3,0.09,2023A&A...678A.195D,10
* eta Aql,5715,1.8,0.09,2023A&A...678A.195D,11
* eta Aql,5368,0.9,0.09,2023A&A...678A.195D,12
* eta Aql,5610,1.2,0.09,2023A&A...678A.195D,13
* eta Aql,5765,1.2,0.09,2023A&A...678A.195D,14
* eta Aql,6148,0.8,0.09,2023A&A...678A.195D,15
* eta Aql,5346,1.2,0.09,2023A&A...678A.195D,16
* eta Aql,5487,1.2,0.09,2023A&A...678A.195D,17
* eta Aql,5442,1.1,0.09,2023A&A...678A.195D,18
* eta Aql,6000,1.5,0.1,1981ApJ...245.1018L,19
* eta Aql,5478,1.5,0.01,1981ApJ...245.1018L,20
* eta Aql,,,0.09,2013MNRAS.432..769T,21
* eta Aql,5508,1.8,0.08,2013MNRAS.428.3252A,22
* eta Aql,5612,1.75,0.1,2013MNRAS.428.3252A,23
* eta Aql,5800,1.9,0.09,2013MNRAS.428.3252A,24
* eta Aql,6000,1.5,0.1,1981ApJ...245.1018L,25
* eta Aql,6000,1.5,0.1,1981ApJ...245.1018L,26
* eta Aql,5478,1.5,0.01,1981ApJ...245.1018L,27
* eta Aqr,11740,,,2009A&A...501..297Z,1
* eta Aqr,11082,3.787,,2010ApJ...722..605H,2
* eta Aqr,11041,,,2012A&A...537A.120Z,3
* eta Aqr,11082,3.79,,2010ApJ...722..605H,4
* eta Ara,4095,1.05,-0.38,2022A&A...663A...4S,1
* eta Ara,3886,1.0,-0.3,2006A&A...458..609D,2
* eta Ara,4147,1.06,-0.47,2015A&A...574A..50J,3
* eta Boo,6158,3.96,0.25,2025A&A...703A.128B,1
* eta Boo,6220,3.95,0.34,2025A&A...703A.128B,2
* eta Boo,6095,4.009,0.32,2024A&A...692A.228C,3
* eta Boo,6099,3.94,0.26,2025A&A...698A..93J,4
* eta Boo,6161,3.82,0.25,2024A&A...682A.145S,5
* eta Boo,5938,3.809,0.2391,2022ApJS..259...35A,6
* eta Boo,6117,3.83,0.43,2021MNRAS.505.4496G,7
* eta Boo,6132,4.1701,0.3,2023A&A...671A..61N,8
* eta Boo,6095,4.1794,0.29,2023A&A...671A..61N,9
* eta Boo,6037,4.1532,0.266,2023A&A...671A..61N,10
* eta Boo,6087,4.1983,0.305,2023A&A...671A..61N,11
* eta Boo,6091,4.1722,0.29,2023A&A...671A..61N,12
* eta Boo,6155,3.78,0.35,2023ApJS..266...41P,13
* eta Boo,6120,3.91,0.3,2023AJ....165..145L,14
* eta Boo,6054,3.81,0.25,2022A&A...663A...4S,15
* eta Boo,6101,3.94,0.26,2023A&A...676A.129H,16
* eta Boo,6082,3.988,0.232,2019ApJ...879...69T,17
* eta Boo,5747,3.7112,-0.132,2021MNRAS.506..150B,18
* eta Boo,5974,4.05,,2020A&A...636A..85S,19
* eta Boo,5950,3.7923,0.221,2020AJ....160..120J,20
* eta Boo,,,0.364,2020AJ....160...83S,21
* eta Boo,6202,3.96,,2020AJ....160...83S,22
* eta Boo,6155,3.7889,0.359,2019A&A...624A..19B,23
* eta Boo,6050,3.75,0.28,2017AJ....153...21L,24
* eta Boo,6069,3.78,0.32,2016A&A...589A.115S,25
* eta Boo,6301,,,2009A&A...497..497G,26
* eta Boo,6300,4.18,0.29,2005PASJ...57...27T,27
* eta Boo,6222,3.8,0.16,1977AcA....27..145K,28
* eta Boo,6219,4.01,0.3,1990ApJ...354..310B,29
* eta Boo,6194,4.08,0.17,2011A&A...526A..71D,30
* eta Boo,6182,4.05,0.22,2015A&A...580A..24D,31
* eta Boo,6141,,,2011A&A...530A.138C,32
* eta Boo,6105,3.8,0.32,2014A&A...564A.133J,33
* eta Boo,6099,3.79,,2015A&A...582A..49H,34
* eta Boo,6085,3.7,0.283,2010MNRAS.403.1368G,35
* eta Boo,6080,3.78,0.33,2014A&A...570A..80T,36
* eta Boo,6074,,,2013ApJ...771...40B,37
* eta Boo,6068,3.83,0.19,1993A&A...275..101E,38
* eta Boo,6038,,,2005ApJ...626..446R,39
* eta Boo,6035,3.94,0.28,2006AJ....131.3069L,40
* eta Boo,6035,3.94,0.28,2005AJ....129.1063L,41
* eta Boo,6030,3.9,0.24,2010MNRAS.405.1907B,42
* eta Boo,6023,3.76,0.28,2000Priv.C........F,43
* eta Boo,6012,,,2013ApJ...771...40B,44
* eta Boo,6000,3.83,0.16,1990ApJS...74.1075M,45
* eta Boo,6000,3.66,0.25,2001A&A...367..253F,46
* eta Boo,5981,,,2013ApJ...771...40B,47
* eta Boo,5967,,,2013ApJ...771...40B,48
* eta Boo,5943,3.38,0.2,1996A&A...314..191G,49
* eta Boo,5942,3.75,0.18,2004A&A...420..183A,50
* eta Boo,5091,,0.44,1966AnAp...29..593H,51
* eta Boo,6121,3.88,0.31,2016A&A...587A...2B,52
* eta Boo,6117,3.92,0.3,2016A&A...587A...2B,53
* eta Boo,6056,3.86,0.23,2015A&A...574A..50J,54
* eta Boo,6047,3.78,0.26,2013ApJ...764...78R,55
* eta Boo,6047,3.78,0.26,2012ApJ...756...46R,56
* eta Boo,5942,3.75,7.84,2004A&A...420..183A,57
* eta Boo,5967,3.78,0.28,2011A&A...531A.165P,58
* eta Boo,6300,4.18,0.29,2007PASJ...59..335T,59
* eta Boo,6019,4.0,0.28,2007AJ....133.2464L,60
* eta Boo,6023,3.76,0.28,2000Priv.C........F,61
* eta Boo,5943,3.38,0.2,1996A&A...314..191G,62
* eta Boo,6068,3.83,0.19,1993A&A...275..101E,63
* eta Boo,6000,3.83,0.16,1990ApJS...74.1075M,64
* eta Boo,6219,4.01,0.3,1990ApJ...354..310B,65
* eta Boo,6068,3.83,0.19,1993A&A...275..101E,66
* eta Boo,6000,3.83,0.16,1990ApJS...74.1075M,67
* eta Boo,6219,4.01,0.3,1990ApJ...354..310B,68
* eta Boo,6222,3.8,0.16,1977AcA....27..145K,69
* eta Boo,5929,3.8,0.53,1972AcA....22..141G,70
* eta Boo,5091,,0.44,1966AnAp...29..593H,71
* eta Cas,5914,4.396,-0.2146,2022ApJS..259...35A,1
* eta Cas,5907,4.41,-0.28,2022A&A...663A...4S,2
* eta Cas,5913,4.32,-0.241,2021ApJS..255....8R,3
* eta Cas,5880,4.4,-0.23,2021AJ....161..134H,4
* eta Cas,5825,4.18,-0.33,2015A&A...573A..67P,5
* eta Cas,5965,4.4,-0.24,2015MNRAS.454.1585M,6
* eta Cas,5937,4.37,-0.25,2017AJ....153...21L,7
* eta Cas,5906,4.35,-0.3,2018A&A...614A..55A,8
* eta Cas,5907,4.41,-0.25,2018MNRAS.479.1332M,9
* eta Cas,6003,,,2012ApJ...746..101B,10
* eta Cas,5973,,,2013ApJ...771...40B,11
* eta Cas,5965,,,2004A&A...427..933K,12
* eta Cas,5965,,,2003A&A...411..559K,13
* eta Cas,5965,4.4,-0.24,2004A&A...418..551M,14
* eta Cas,5953,,,2011A&A...530A.138C,15
* eta Cas,5946,4.47,-0.31,1993A&A...275..101E,16
* eta Cas,5941,4.44,-0.25,2005ApJS..159..141V,17
* eta Cas,5939,4.33,-0.3,2000Priv.C........F,18
* eta Cas,5936,4.49,-0.26,2011A&A...526A..71D,19
* eta Cas,5925,4.43,-0.22,2015A&A...580A..24D,20
* eta Cas,5915,4.46,-0.21,2005PASJ...57...27T,21
* eta Cas,5904,4.32,-0.246,2010MNRAS.403.1368G,22
* eta Cas,5900,4.5,-0.35,2003AJ....126.2015H,23
* eta Cas,5900,4.5,-0.35,2006AJ....131.3069L,24
* eta Cas,5900,4.5,-0.35,2005AJ....129.1063L,25
* eta Cas,5900,4.4,-0.25,1995ApJ...452..634C,26
* eta Cas,5897,4.35,-0.31,1996A&A...314..191G,27
* eta Cas,5895,4.43,-0.31,2005A&A...442..635B,28
* eta Cas,5840,4.2,-0.22,2003MNRAS.341..199R,29
* eta Cas,5821,4.4,-0.34,2007A&A...465..271R,30
* eta Cas,5817,,,1996A&AS..117..227A,31
* eta Cas,5801,4.47,-0.4,2004A&A...420..183A,32
* eta Cas,5790,,,1999A&AS..139..335A,33
* eta Cas,5771,,,2005ApJ...626..446R,34
* eta Cas,5727,4.4,-0.2,1977MNRAS.181....1C,35
* eta Cas,5710,4.3,-0.41,2006ApJ...652.1604B,36
* eta Cas,5663,4.37,-0.17,1974A&A....34..263H,37
* eta Cas,5919,4.37,-0.22,2016ApJS..225...32B,38
* eta Cas,5899,4.26,-0.31,2016A&A...587A...2B,39
* eta Cas,5907,4.28,-0.31,2016A&A...587A...2B,40
* eta Cas,5844,4.14,-0.26,2016A&A...587A...2B,41
* eta Cas,5855,4.3,,2015A&A...579A..20M,42
* eta Cas,5965,4.4,-0.24,2013A&A...552A.128M,43
* eta Cas,5952,4.35,-0.27,2013ApJ...764...78R,44
* eta Cas,5952,4.35,-0.27,2012ApJ...756...46R,45
* eta Cas,5801,4.47,7.24,2004A&A...420..183A,46
* eta Cas,5890,4.4,-0.28,2011AJ....141...90L,47
* eta Cas,5890,4.38,-0.25,2011AJ....141...90L,48
* eta Cas,5890,4.37,-0.19,2011AJ....141...90L,49
* eta Cas,5965,4.4,-0.24,2011ARep...55..689M,50
* eta Cas,5915,4.46,-0.21,2007PASJ...59..335T,51
* eta Cas,5939,4.33,-0.3,2000Priv.C........F,52
* eta Cas,5897,4.35,-0.31,1996A&A...314..191G,53
* eta Cas,5900,4.4,-0.25,1995ApJ...452..634C,54
* eta Cas,5946,4.47,-0.31,1993A&A...275..101E,55
* eta Cas,5946,4.47,-0.31,1993A&A...275..101E,56
* eta Cas,5727,4.4,-0.2,1977MNRAS.181....1C,57
* eta Cas,5663,4.37,-0.17,1974A&A....34..263H,58
* eta Cas,5900,4.4,-0.25,1995ApJ...452..634C,59
* eta Cas B,5755,4.41,-0.598,2022AJ....163..152S,1
* eta Cas B,5849,4.3,-0.2085,2022ApJS..259...35A,2
* eta Cas B,5921,4.437,-0.1798,2022ApJS..259...35A,3
* eta Cas B,5865,4.409,-0.277,2019ApJ...879...69T,4
* eta Cas B,4169,4.693,-0.213,2021ApJS..255....8R,5
* eta Cas B,3968,,-0.33,2020ApJ...892...31B,6
* eta Cas B,6034,4.5597,-0.138,2020AJ....160..120J,7
* eta Cas B,,,-0.08,2005A&A...442..635B,8
* eta Cen,21000,3.95,,2018MNRAS.474.5287A,1
* eta Cen,22336,4.09,,2001A&A...378..861C,2
* eta Cen,20500,3.8,,2006MNRAS.371..252L,3
* eta Cet,4691,2.56,0.15,2024A&A...691A..53S,1
* eta Cet,4643,2.541,0.16,2024A&A...683A.125P,2
* eta Cet,4468,2.31,-0.04,2021MNRAS.505.4496G,3
* eta Cet,4627,2.402,-0.05,2023A&A...670A..73A,4
* eta Cet,4589,2.58,0.09,2022A&A...663A...4S,5
* eta Cet,,2.3,0.07,2022A&A...661A..63W,6
* eta Cet,4519,2.5,-0.03,2008AJ....135..209M,7
* eta Cet,4626,2.402,-0.05,2021A&A...647A.157S,8
* eta Cet,4687,2.63,0.15,2018A&A...620A..58S,9
* eta Cet,4640,2.63,0.2,2001ApJ...551L..85Z,10
* eta Cet,4600,2.9,0.07,2007A&A...475.1003H,11
* eta Cet,4520,2.8,-0.03,1990ApJS...74.1075M,12
* eta Cet,4425,2.05,0.04,1995AJ....110.2968L,13
* eta Cet,4770,2.96,0.24,2011A&A...536A..71J,14
* eta Cet,4563,2.61,0.12,2011A&A...531A.165P,15
* eta Cet,4425,2.05,0.04,1995AJ....110.2968L,16
* eta Cet,4520,2.8,-0.03,1990ApJS...74.1075M,17
* eta Cet,,,0.02,2008A&A...480...91S,18
* eta Cet,4425,2.05,0.04,1995AJ....110.2968L,19
* eta Cet,4520,2.8,-0.03,1990ApJS...74.1075M,20
* eta CMa,14700,1.97,,2024A&A...687A.228D,1
* eta CMa,16000,2.5,,2024ApJ...971..166M,2
* eta CMa,12670,,,2009A&A...501..297Z,3
* eta Col,4798,2.256,0.07,2024A&A...683A.125P,1
* eta Col,4620,1.64,-0.02,2022A&A...663A...4S,2
* eta Col,4610,,-0.1,2020A&A...633A..34C,3
* eta Crt,9931,,,2012A&A...537A.120Z,1
* eta Crv,6784,4.06,,2003AJ....125.1598L,1
* eta Crv,6871,,,2012A&A...537A.120Z,2
* eta Crv,6805,,,2011A&A...530A.138C,3
* eta Cyg,4723,2.2212,-0.5531,2024A&A...681A.107R,1
* eta Cyg,4767,2.65,-0.04,2021MNRAS.505.4496G,2
* eta Cyg,4815,2.64,0.02,2022A&A...663A...4S,3
* eta Cyg,4788,2.76,0.04,2022A&A...666A.125F,4
* eta Cyg,4775,2.7,-0.09,2008AJ....135..209M,5
* eta Cyg,4788,2.76,0.04,2019A&A...625A.141L,6
* eta Cyg,4788,2.76,0.01,2017A&A...598A.100J,7
* eta Cyg,4893,2.2,0.15,1982MNRAS.201..807G,8
* eta Cyg,4860,,,1998A&A...339..858D,9
* eta Cyg,4817,,,2005ApJ...626..446R,10
* eta Cyg,4800,2.76,-0.09,1990ApJS...74.1075M,11
* eta Cyg,4796,,,1999A&AS..139..335A,12
* eta Cyg,4571,,,2009A&A...497..497G,13
* eta Cyg,,,0.0,1957ApJ...125..123S,14
* eta Cyg,4846,2.9,-0.03,2016A&A...587A...2B,15
* eta Cyg,4866,2.69,0.07,2014ApJ...785...94L,16
* eta Cyg,4828,2.62,0.06,2011A&A...531A.165P,17
* eta Cyg,4800,2.76,-0.09,1990ApJS...74.1075M,18
* eta Cyg,4893,2.2,0.15,1982MNRAS.201..807G,19
* eta Cyg,,,-0.02,2008A&A...480...91S,20
* eta Cyg,4826,2.57,-0.01,2008A&A...480...91S,21
* eta Cyg,4800,2.76,-0.09,1990ApJS...74.1075M,22
* eta Cyg,4893,2.2,0.15,1982MNRAS.201..807G,23
* eta Cyg,,,0.0,1957ApJ...125..123S,24
* eta Dra,5083,2.8,-0.06,2024A&A...692A.189R,1
* eta Dra,5016,2.86,-0.08,2022A&A...663A...4S,2
* eta Dra,5031,2.83,0.0,2020ApJS..248...19T,3
* eta Dra,5110,3.15,-0.01,2007A&A...475.1003H,4
* eta Dra,5040,2.3,-0.07,1982MNRAS.201..807G,5
* eta Dra,5017,,,1998A&A...339..858D,6
* eta Dra,5007,,,1998A&AS..129..505B,7
* eta Dra,4940,3.1,-0.21,1990ApJS...74.1075M,8
* eta Dra,5055,2.82,-0.04,2014ApJ...785...94L,9
* eta Dra,4998,2.59,-0.01,2013AJ....146...73P,10
* eta Dra,4941,3.33,,2003AJ....126.2048G,11
* eta Dra,4940,3.1,-0.21,1990ApJS...74.1075M,12
* eta Dra,5040,2.3,-0.07,1982MNRAS.201..807G,13
* eta Dra,,,-0.17,2008A&A...480...91S,14
* eta Dra,4940,3.1,-0.21,1990ApJS...74.1075M,15
* eta Dra,5040,2.3,-0.07,1982MNRAS.201..807G,16
* eta Eri,4704,2.627,0.0,2024A&A...683A.125P,1
* eta Eri,4643,2.68,-0.04,2022A&A...663A...4S,2
* eta Eri,4613,2.7,-0.23,2008AJ....135..209M,3
* eta Eri,4650,,-0.1,2020A&A...633A..34C,4
* eta Eri,4728,,,2009A&A...497..497G,5
* eta Eri,4710,2.8,0.21,1986A&AS...65...11K,6
* eta Eri,4710,2.8,0.2,1978NInfo..45...90V,7
* eta Eri,4700,3.0,-0.03,2007A&A...475.1003H,8
* eta Eri,4637,2.7,0.0,2006A&A...458..609D,9
* eta Eri,4608,,,1999A&AS..139..335A,10
* eta Eri,4607,,,2005ApJ...626..446R,11
* eta Eri,4600,2.84,-0.23,1990ApJS...74.1075M,12
* eta Eri,4597,2.54,-0.03,2001ApJ...551L..85Z,13
* eta Eri,4742,2.79,-0.04,2015A&A...574A..50J,14
* eta Eri,4675,2.71,-0.03,2010AJ....140..293B,15
* eta Eri,4600,2.84,-0.23,1990ApJS...74.1075M,16
* eta Eri,4710,2.8,0.21,1986A&AS...65...11K,17
* eta Eri,,,-0.01,2008A&A...480...91S,18
* eta Eri,4600,2.84,-0.23,1990ApJS...74.1075M,19
* eta Eri,4710,2.8,0.21,1986A&AS...65...11K,20
* eta Eri,4710,2.8,0.2,1978NInfo..45...90V,21
* eta Gem,3600,1.5,0.04,1998A&A...338..623M,1
* eta Gem,3600,1.5,0.04,1998A&A...338..623M,2
* eta Her,4980,2.75,-0.18,2022A&A...663A...4S,1
* eta Her,4943,2.8,-0.37,2008AJ....135..209M,2
* eta Her,5096,2.98,-0.13,2015A&A...580A..24D,3
* eta Her,5069,2.99,-0.14,2011A&A...526A..71D,4
* eta Her,5020,3.0,-0.2,2007A&A...475.1003H,5
* eta Her,4950,3.0,-0.37,1990ApJS...74.1075M,6
* eta Her,4948,,,1998A&A...339..858D,7
* eta Her,4948,,,2005ApJ...626..446R,8
* eta Her,4942,,,1999A&AS..139..335A,9
* eta Her,4925,2.21,-0.18,1991ApJS...75..579L,10
* eta Her,4918,,,1998A&AS..129..505B,11
* eta Her,4870,,,2009A&A...497..497G,12
* eta Her,4541,,0.0,1958ApJ...127..172G,13
* eta Her,5075,3.01,-0.23,2016A&A...587A...2B,14
* eta Her,5034,2.96,-0.28,2016A&A...587A...2B,15
* eta Her,5055,2.99,-0.25,2016A&A...587A...2B,16
* eta Her,5027,2.96,-0.29,2016A&A...587A...2B,17
* eta Her,5045,2.79,-0.15,2014ApJ...785...94L,18
* eta Her,5078,2.95,-0.09,2015A&A...574A..50J,19
* eta Her,4925,2.21,-0.18,1991ApJS...75..579L,20
* eta Her,4950,3.0,-0.37,1990ApJS...74.1075M,21
* eta Her,,,-0.28,2008A&A...480...91S,22
* eta Her,4938,2.61,-0.28,2008A&A...480...91S,23
* eta Her,4925,2.21,-0.18,1991ApJS...75..579L,24
* eta Her,4950,3.0,-0.37,1990ApJS...74.1075M,25
* eta Her,4990,3.1,-0.21,1972AcA....22..141G,26
* eta Her,4541,,0.0,1958ApJ...127..172G,27
* eta Hya,20000,4.0,,2023MNRAS.519.5472M,1
* eta Hya,19410,,,2009A&A...501..297Z,2
* eta Hya,18000,4.0,,2006MNRAS.371..252L,3
* eta Hya,16154,,,2012A&A...542A.116A,4
* eta Leo,9856,2.0,-0.52,2021MNRAS.505.4496G,1
* eta Leo,11522,2.11,0.19,2023ApJS..266...41P,2
* eta Leo,9820,,,2009A&A...501..297Z,3
* eta Leo,9700,2.0,-0.05,1995ApJS...99..659V,4
* eta Leo,9650,1.95,-0.07,1993ApJ...414..316V,5
* eta Leo,9600,2.05,,2012A&A...543A..80F,6
* eta Leo,9600,2.0,0.0,2013NewA...25...50T,7
* eta Leo,8000,,-0.3,1969MNRAS.146...71P,8
* eta Leo,10286,2.05,0.1,1971A&A....10..383W,9
* eta Leo,10200,1.9,0.1,1992A&A...256..159L,10
* eta Leo,10958,2.11,0.11,2011A&A...531A.165P,11
* eta Leo,11522,2.11,0.19,2012A&A...538A.143K,12
* eta Leo,9730,1.97,-0.04,2007MNRAS.374..664C,13
* eta Leo,9700,2.0,-0.05,1995ApJS...99..659V,14
* eta Leo,9650,1.95,-0.07,1993ApJ...414..316V,15
* eta Leo,10200,1.9,0.1,1992A&A...256..159L,16
* eta Leo,10286,2.05,0.1,1971A&A....10..383W,17
* eta Leo,8000,,-0.3,1969MNRAS.146...71P,18
* eta Lep,6991,4.2324,-0.1,2024A&A...683A.125P,1
* eta Lep,6887,4.1654,0.0758,2024A&A...681A.107R,2
* eta Lep,6964,3.893,-0.215,2023ApJS..266...11B,3
* eta Lep,6992,3.9,0.02,2022A&A...667A..63Z,4
* eta Lep,6989,4.18,-0.1,2018A&A...614A..55A,5
* eta Lep,7069,4.01,,2003AJ....125.1598L,6
* eta Lep,7412,4.0,-0.2,1971A&A....11..325S,7
* eta Lep,7210,,,1995A&AS..110..553S,8
* eta Lep,7139,,,2009A&A...497..497G,9
* eta Lep,7030,4.2,-0.05,1991A&A...249..205B,10
* eta Lep,7015,,,2012A&A...537A.120Z,11
* eta Lep,7013,,,1996A&AS..117..227A,12
* eta Lep,7006,,,1998A&AS..129..505B,13
* eta Lep,6995,,,1998A&A...339..858D,14
* eta Lep,6971,,,2005ApJ...626..446R,15
* eta Lep,6939,4.23,-0.13,1990ApJ...354..310B,16
* eta Lep,6899,,,2011A&A...530A.138C,17
* eta Lep,6989,4.18,-0.1,2013ApJ...764...78R,18
* eta Lep,6989,4.18,-0.1,2012ApJ...756...46R,19
* eta Lep,6939,4.23,-0.13,1990ApJ...354..310B,20
* eta Lep,7030,4.2,-0.05,1991A&A...249..205B,21
* eta Lep,6939,4.23,-0.13,1990ApJ...354..310B,22
* eta Lep,7412,4.0,-0.2,1971A&A....11..325S,23
* eta Lup,21490,,,1995A&AS..110..553S,1
* eta Nor,5184,2.98,0.11,2024A&A...683A.125P,1
* eta Nor,5093,2.93,0.04,2022A&A...663A...4S,2
* eta Nor,5177,2.907,0.078,2022A&A...657A..87O,3
* eta Nor,4977,2.84,-0.05,2015MNRAS.448.2749A,4
* eta Nor,5212,3.07,0.06,2015MNRAS.448.2749A,5
* eta Nor,5223,3.11,0.05,2015MNRAS.448.2749A,6
* eta Nor,5152,3.05,0.15,2015MNRAS.448.2749A,7
* eta Nor,5212,3.07,0.06,2015MNRAS.448.2749A,8
* eta Nor,5079,,,1998A&AS..129..505B,9
* eta Nor,5018,,,1998A&A...339..858D,10
* eta Nor,4977,2.84,-0.05,2007MNRAS.382..553L,11
* eta Oph,8788,3.74,,2003AJ....125.1598L,1
* eta Oph,8740,,,1995A&AS..110..553S,2
* eta Oph,8730,,,2012A&A...537A.120Z,3
* eta Oph,8690,,,1998A&AS..129..505B,4
* eta Oph,8620,,,2009A&A...501..297Z,5
* eta Pav,4825,2.24,-0.03,2024A&A...690A..97C,1
* eta Pav,4682,2.097,0.07,2024A&A...683A.125P,2
* eta Pav,4680,1.97,0.15,2022A&A...663A...4S,3
* eta Pav,4560,,-0.2,2020A&A...633A..34C,4
* eta Pav,4680,1.97,0.15,2014AJ....147..137L,5
* eta Peg,4986,2.16,-0.21,2016A&A...588A..98M,1
* eta Peg,5055,2.27,-0.05,2022A&A...663A...4S,2
* eta Peg,,2.4,,2008AJ....135..209M,3
* eta Peg,5115,,-0.17,2020A&A...633A..34C,4
* eta Peg,5150,2.4,0.39,1995AJ....110.2425L,5
* eta Peg,5104,,,1998A&AS..129..505B,6
* eta Peg,5080,2.48,-0.22,1990ApJS...74.1075M,7
* eta Peg,5028,2.14,-0.02,2014AJ....147..137L,8
* eta Peg,4981,2.15,-0.21,2013A&A...554A..84M,9
* eta Peg,5150,2.4,0.39,1995AJ....110.2425L,10
* eta Peg,5080,2.48,-0.22,1990ApJS...74.1075M,11
* eta Peg,,,0.19,2008A&A...480...91S,12
* eta Peg,5150,2.4,0.39,1995AJ....110.2425L,13
* eta Peg,5080,2.48,-0.22,1990ApJS...74.1075M,14
* eta Per,4500,1.5,,2023MNRAS.519.5472M,1
* eta Per,4345,0.9,-0.09,1982ApJ...256..177L,2
* eta Per,4308,1.0,-0.15,1987MNRAS.226..563S,3
* eta Per,4050,,,2007MNRAS.378..617K,4
* eta Per,3500,1.0,0.09,1998A&A...338..623M,5
* eta Per,3429,,-0.02,1971JRASC..65..222B,6
* eta Per,3500,1.0,0.09,1998A&A...338..623M,7
* eta Per,4308,1.0,-0.15,1987MNRAS.226..563S,8
* eta Per,4345,0.9,-0.09,1982ApJ...256..177L,9
* eta Per,4308,1.0,-0.15,1987MNRAS.226..563S,10
* eta Per,4345,0.9,-0.09,1982ApJ...256..177L,11
* eta Per,4271,1.0,0.05,1977ApJ...212..743L,12
* eta Per,3429,,-0.02,1971JRASC..65..222B,13
* eta PsA,12200,3.3,,2018MNRAS.474.5287A,1
* eta PsA,13836,3.7,,2001A&A...378..861C,2
* eta PsA,11272,,,2012A&A...537A.120Z,3
* eta Psc,5338,1.9778,-0.2694,2024A&A...681A.107R,1
* eta Psc,4936,2.18,-0.09,2016A&A...588A..98M,2
* eta Psc,4915,2.32,-0.12,2022A&A...663A...4S,3
* eta Psc,4898,2.5,-0.14,2008AJ....135..209M,4
* eta Psc,5016,,-0.04,2020A&A...633A..34C,5
* eta Psc,4910,2.8,-0.14,1990ApJS...74.1075M,6
* eta Psc,4937,2.2,-0.13,2013A&A...554A..84M,7
* eta Psc,4910,2.8,-0.14,1990ApJS...74.1075M,8
* eta Psc,,,-0.14,2008A&A...480...91S,9
* eta Psc,4910,2.8,-0.14,1990ApJS...74.1075M,10
* eta Sco,6519,3.1,,2003AJ....125.1598L,1
* eta Sco,6724,,,2011A&A...530A.138C,2
* eta Sco,6516,3.65,-0.29,2003A&A...398.1121E,3
* eta Ser,4995,3.148,-0.16,2024A&A...683A.125P,1
* eta Ser,4801,2.92,-0.2,2024A&A...682A.145S,2
* eta Ser,4846,2.92,-0.19,2021MNRAS.505.4496G,3
* eta Ser,4948,3.18,-0.19,2016A&A...588A..98M,4
* eta Ser,4917,3.05,-0.2,2022A&A...663A...4S,5
* eta Ser,4849,2.96,-0.26,2022A&A...666A.125F,6
* eta Ser,4864,3.1,-0.42,2008AJ....135..209M,7
* eta Ser,4962,3.126,-0.161,2019A&A...629A..80H,8
* eta Ser,4849,2.96,-0.26,2019A&A...625A.141L,9
* eta Ser,4985,3.15,-0.17,2017AJ....153...21L,10
* eta Ser,4905,2.95,-0.21,2018A&A...615A..31D,11
* eta Ser,4849,2.96,-0.29,2017A&A...598A.100J,12
* eta Ser,5021,3.27,-0.12,2015A&A...580A..24D,13
* eta Ser,4975,3.29,-0.05,2005ApJS..159..141V,14
* eta Ser,4955,3.2,-0.15,2007A&A...475.1003H,15
* eta Ser,4941,3.23,-0.12,1988A&A...190..148E,16
* eta Ser,4941,2.95,-0.14,2004A&A...425..187T,17
* eta Ser,4941,2.91,0.08,1982MNRAS.201..807G,18
* eta Ser,4936,3.04,-0.22,2013A&A...559A.115M,19
* eta Ser,4935,3.0,-0.24,2014A&A...564A.119M,20
* eta Ser,4926,3.09,-0.19,2011A&A...526A..71D,21
* eta Ser,4921,2.99,-0.21,2004AN....325....3F,22
* eta Ser,4915,3.07,-0.21,2014A&A...564A.119M,23
* eta Ser,4890,3.21,-0.42,1990ApJS...74.1075M,24
* eta Ser,4850,2.96,-0.11,2010MNRAS.405.1907B,25
* eta Ser,4841,,,2005ApJ...626..446R,26
* eta Ser,4835,,,1999A&AS..139..335A,27
* eta Ser,4812,,,2009A&A...497..497G,28
* eta Ser,4809,,,2006MNRAS.371..879K,29
* eta Ser,4904,3.06,-0.33,2016A&A...587A...2B,30
* eta Ser,4916,3.13,-0.29,2016A&A...587A...2B,31
* eta Ser,4972,3.12,-0.18,2014ApJ...785...94L,32
* eta Ser,4905,2.95,-0.21,2016A&A...585A..73N,33
* eta Ser,4966,3.28,-0.2,2015A&A...574A..50J,34
* eta Ser,4949,3.15,-0.22,2013A&A...554A..84M,35
* eta Ser,4888,2.39,,2003AJ....126.2048G,36
* eta Ser,4923,3.0,-0.22,2011A&A...531A.165P,37
* eta Ser,4890,3.21,-0.42,2009A&A...508.1313F,38
* eta Ser,4890,3.21,-0.42,1990ApJS...74.1075M,39
* eta Ser,4941,3.23,-0.12,1988A&A...190..148E,40
* eta Ser,4941,2.91,0.08,1982MNRAS.201..807G,41
* eta Ser,4859,3.13,-0.19,2007MNRAS.374..664C,42
* eta Ser,4871,3.21,-0.14,2008A&A...480...91S,43
* eta Ser,4890,3.21,-0.42,1990ApJS...74.1075M,44
* eta Ser,4941,3.23,-0.12,1988A&A...190..148E,45
* eta Ser,4941,2.91,0.08,1982MNRAS.201..807G,46
* eta Ser,4893,3.1,-0.31,1972AcA....22..141G,47
* eta Sge,5630,2.45,0.142,2022AJ....163..152S,1
* eta Sge,4799,2.899,0.1,2024A&A...683A.125P,2
* eta Sge,4742,2.869,0.0349,2022ApJS..259...35A,3
* eta Sge,4775,3.0,0.09,2016A&A...588A..98M,4
* eta Sge,4783,2.95,0.07,2022A&A...663A...4S,5
* eta Sge,4649,2.782,0.012,2019ApJ...879...69T,6
* eta Sge,4677,2.7,-0.03,2008AJ....135..209M,7
* eta Sge,4777,2.899,0.035,2020AJ....160..120J,8
* eta Sge,4781,2.933,0.052,2019A&A...629A..80H,9
* eta Sge,4810,2.77,-0.03,1990ApJS...74.1075M,10
* eta Sge,4741,3.1,0.12,2006A&A...458..609D,11
* eta Sge,4797,2.87,0.13,2016ApJ...817...40F,12
* eta Sge,4784,3.03,0.1,2013A&A...554A..84M,13
* eta Sge,4810,2.77,-0.03,1990ApJS...74.1075M,14
* eta Sge,4810,2.77,-0.03,1990ApJS...74.1075M,15
* eta Sgr,3600,,0.0,2020A&A...633A..34C,1
* eta Tau,13490,4.0,,2001A&A...378..861C,1
* eta UMa,17870,,,2009A&A...501..297Z,1
* eta UMa,17200,,,1995A&AS..110..553S,2
* eta UMa,16494,4.17,,2003AJ....126.2048G,3
* eta UMi,6788,4.0,0.05,2017AJ....153...21L,1
* eta UMi,6820,,,2011A&A...530A.138C,2
* gam Aps,5151,3.074,0.09,2024A&A...683A.125P,1
* gam Aps,4974,2.72,-0.04,2022A&A...663A...4S,2
* gam Aps,5040,3.5,-0.05,1988A&A...206..100A,3
* gam Aps,5040,3.5,-0.05,1988A&A...206..100A,4
* gam Aps,5040,3.5,-0.05,1988A&A...206..100A,5
* gam Aql,4210,1.63,-0.29,2025A&A...698A..93J,1
* gam Aql,4098,1.15,-0.12,2024A&A...692A.189R,2
* gam Aql,4157,1.44,-0.12,2022A&A...663A...4S,3
* gam Aql,4210,1.63,-0.29,1990ApJS...74.1075M,4
* gam Aql,4106,,,1998AJ....116..981V,5
* gam Aql,4067,,,1998A&A...339..858D,6
* gam Aql,,,0.0,1957ApJ...125..123S,7
* gam Aql,4197,1.26,0.01,2014AJ....147..137L,8
* gam Aql,4210,1.63,-0.29,1990ApJS...74.1075M,9
* gam Aql,4210,1.63,-0.29,1990ApJS...74.1075M,10
* gam Aql,,,0.0,1957ApJ...125..123S,11
* gam Aqr,10650,,,1995A&AS..110..553S,1
* gam Aqr,10490,,,2009A&A...501..297Z,2
* gam Aqr,10209,,,2012A&A...537A.120Z,3
* gam Aqr,10500,4.0,0.3,1969ApJ...155..537B,4
* gam Ara,23700,2.91,,2024A&A...687A.228D,1
* gam Ara,21240,3.5,,2018MNRAS.474.5287A,2
* gam Boo,7585,3.74,-0.2,2003A&A...398.1121E,1
* gam Cam,8892,,,2012A&A...537A.120Z,1
* gam Cap,7140,2.9988,-0.6144,2024A&A...681A.107R,1
* gam Cap,7636,,0.51,1967ApJS...15...21W,2
* gam Cap,7522,2.56,1.23,1968ZA.....68..278G,3
* gam Cap,7520,3.95,0.5,1991A&A...249..205B,4
* gam Cap,7095,3.45,0.29,2003A&A...398.1121E,5
* gam Cap,7520,3.95,0.5,1991A&A...249..205B,6
* gam Cap,6720,4.0,0.6,1972A&A....20..325S,7
* gam Cap,7522,2.56,1.23,1968ZA.....68..278G,8
* gam Cap,7636,,0.51,1967ApJS...15...21W,9
* gam Cas,33037,,,1999A&A...349..151M,1
* gam Cas,27990,3.32,,2001A&A...378..861C,2
* gam Cen,9082,3.52,,2003AJ....125.1598L,1
* gam Cen,9330,,,1995A&AS..110..553S,2
* gam Cep,4834,3.08,0.12,2024A&A...691A..53S,1
* gam Cep,4761,3.29,0.06,2024A&A...691A.160S,2
* gam Cep,4822,3.64,0.25,2021MNRAS.505.4496G,3
* gam Cep,4734,3.1,0.13,2023ApJS..266...41P,4
* gam Cep,4832,3.17,0.09,2022A&A...663A...4S,5
* gam Cep,4850,3.21,0.15,2017AJ....153...21L,6
* gam Cep,5091,3.57,-0.05,1981ApJ...248..228L,7
* gam Cep,5015,3.49,0.26,2006AJ....131.3069L,8
* gam Cep,5015,3.49,0.26,2005AJ....129.1063L,9
* gam Cep,4970,,,2005ApJ...626..446R,10
* gam Cep,4935,3.63,0.14,2005A&A...433..647A,11
* gam Cep,4916,3.36,0.16,2004A&A...415.1153S,12
* gam Cep,4888,3.33,0.18,2004AN....325....3F,13
* gam Cep,4875,3.23,0.05,2011A&A...526A..71D,14
* gam Cep,4846,2.77,-0.04,1982MNRAS.201..807G,15
* gam Cep,4842,3.39,0.2,2015A&A...580A..24D,16
* gam Cep,4810,3.0,0.04,1995A&AS..113..333M,17
* gam Cep,4770,3.27,0.0,1990ApJS...74.1075M,18
* gam Cep,4727,3.0,0.0,2007A&A...465..271R,19
* gam Cep,4650,2.35,-0.02,1995AJ....110.2968L,20
* gam Cep,4625,3.47,0.2,2004A&A...420..183A,21
* gam Cep,4421,,-0.04,1971JRASC..65..222B,22
* gam Cep,4383,,0.27,1966AnAp...29..593H,23
* gam Cep,4758,3.14,0.0,2016A&A...587A...2B,24
* gam Cep,4748,3.15,0.04,2016A&A...587A...2B,25
* gam Cep,4730,3.14,0.06,2016A&A...587A...2B,26
* gam Cep,4794,3.18,-0.05,2015A&A...574A..50J,27
* gam Cep,4883,3.36,0.17,2013AJ....146...73P,28
* gam Cep,4764,3.1,0.13,2013A&A...556A.150S,29
* gam Cep,4803,3.08,0.05,2013ApJ...764...78R,30
* gam Cep,4761,3.21,,2003AJ....126.2048G,31
* gam Cep,4625,3.47,,2004A&A...420..183A,32
* gam Cep,4737,2.93,0.01,2011AJ....141...90L,33
* gam Cep,4737,3.05,0.08,2011AJ....141...90L,34
* gam Cep,4737,3.05,0.16,2011AJ....141...90L,35
* gam Cep,4782,3.25,0.11,2011A&A...531A.165P,36
* gam Cep,4734,3.1,0.13,2012A&A...538A.143K,37
* gam Cep,4800,3.0,0.04,2009A&A...508.1313F,38
* gam Cep,4810,3.0,0.04,1995A&AS..113..333M,39
* gam Cep,4650,2.35,-0.02,1995AJ....110.2968L,40
* gam Cep,4770,3.27,0.0,1990ApJS...74.1075M,41
* gam Cep,4846,2.77,-0.04,1982MNRAS.201..807G,42
* gam Cep,5091,3.57,-0.05,1981ApJ...248..228L,43
* gam Cep,4769,2.98,-0.01,2007MNRAS.374..664C,44
* gam Cep,4884,3.33,0.14,2008A&A...480...91S,45
* gam Cep,4810,3.0,0.04,1995A&AS..113..333M,46
* gam Cep,4650,2.35,-0.02,1995AJ....110.2968L,47
* gam Cep,4770,3.27,0.0,1990ApJS...74.1075M,48
* gam Cep,4846,2.77,-0.04,1982MNRAS.201..807G,49
* gam Cep,5091,3.57,-0.05,1981ApJ...248..228L,50
* gam Cep,4846,3.3,-0.21,1972AcA....22..141G,51
* gam Cep,4421,,-0.04,1971JRASC..65..222B,52
* gam Cep,4383,,0.27,1966AnAp...29..593H,53
* gam Cet,9057,,,2012A&A...537A.120Z,1
* gam Cet,8455,,,2006A&A...458..293P,2
* gam Cet,8360,,,1995A&AS..110..553S,3
* gam Cet,8673,3.96,,2003AJ....126.2048G,4
* gam CMa,11732,3.5101,0.7876,2024A&A...681A.107R,1
* gam CMa,13690,,,2009A&A...501..297Z,2
* gam CMa,,,-0.24,1966ApJ...145..141S,3
* g Eri,5161,2.92,0.08,2024A&A...683A.125P,1
* g Eri,5049,2.57,0.09,2022A&A...663A...4S,2
* g Eri,5102,2.75,0.06,2022A&A...657A..87O,3
* g Eri,5010,,,2015MNRAS.448.2749A,4
* g Eri,5136,2.85,0.08,2015MNRAS.448.2749A,5
* g Eri,5153,2.94,0.08,2015MNRAS.448.2749A,6
* g Eri,5047,2.78,0.08,2015MNRAS.448.2749A,7
* g Eri,5020,,-0.1,2020A&A...633A..34C,8
* g Eri,5136,2.85,0.08,2015MNRAS.448.2749A,9
* g Eri,5089,,,1998A&AS..129..505B,10
* g Eri,5010,,,1998A&A...339..858D,11
* g Eri,5064,2.54,0.15,2014AJ....147..137L,12
* gam01 And,4402,1.84,0.12,2023ApJS..266...41P,1
* gam01 And,4279,1.18,0.01,2022A&A...663A...4S,2
* gam01 And,4470,,,1998AJ....116..981V,3
* gam01 And,4383,0.92,-0.23,1982MNRAS.201..807G,4
* gam01 And,4300,1.4,0.09,1990AJ.....99.1961F,5
* gam01 And,4277,,,1999A&AS..139..335A,6
* gam01 And,4259,,,2005ApJ...626..446R,7
* gam01 And,4232,,,2009A&A...497..497G,8
* gam01 And,4248,1.03,0.0,2014AJ....147..137L,9
* gam01 And,4402,1.84,0.12,2012A&A...538A.143K,10
* gam01 And,4300,1.4,0.09,1990AJ.....99.1961F,11
* gam01 And,4383,0.92,-0.23,1982MNRAS.201..807G,12
* gam01 And,4300,1.4,0.09,1990AJ.....99.1961F,13
* gam01 And,4383,0.92,-0.23,1982MNRAS.201..807G,14
* gam02 Del,5146,3.86,0.07,2021MNRAS.505.4496G,1
* gam02 Del,4801,3.05,0.13,2016A&A...588A..98M,2
* gam02 Del,4783,3.05,0.09,2023ApJS..266...41P,3
* gam02 Del,4885,3.22,0.18,2022A&A...663A...4S,4
* gam02 Del,4764,3.1,0.13,2008AJ....135..209M,5
* gam02 Del,4760,,0.0,2020A&A...633A..34C,6
* gam02 Del,4783,3.05,0.09,2016AJ....152...19W,7
* gam02 Del,5050,3.35,0.31,2003AJ....126.2015H,8
* gam02 Del,4999,3.33,0.33,2006AJ....131.3069L,9
* gam02 Del,4990,3.49,0.13,1990ApJS...74.1075M,10
* gam02 Del,4800,3.25,0.3,2004A&A...425..187T,11
* gam02 Del,4800,2.8,0.2,1978NInfo..45...90V,12
* gam02 Del,4800,2.8,0.17,1986A&AS...65...11K,13
* gam02 Del,4766,3.01,0.02,2016A&A...587A...2B,14
* gam02 Del,4798,3.04,0.12,2013A&A...554A..84M,15
* gam02 Del,4762,2.93,0.15,2011A&A...531A.165P,16
* gam02 Del,4990,3.49,0.13,1990ApJS...74.1075M,17
* gam02 Del,4800,2.8,0.17,1986A&AS...65...11K,18
* gam02 Del,4998,3.32,0.27,2008A&A...480...91S,19
* gam02 Del,4990,3.49,0.13,1990ApJS...74.1075M,20
* gam02 Del,4800,2.8,0.17,1986A&AS...65...11K,21
* gam02 Del,4800,2.8,0.2,1978NInfo..45...90V,22
* gam02 Nor,4745,2.78,0.25,2022A&A...663A...4S,1
* gam02 Nor,4763,2.75,0.25,2022A&A...657A..87O,2
* gam02 Nor,4699,2.8,0.23,2015MNRAS.448.2749A,3
* gam02 Nor,4813,2.73,0.25,2015MNRAS.448.2749A,4
* gam02 Nor,4914,2.95,0.27,2015MNRAS.448.2749A,5
* gam02 Nor,4755,2.88,0.37,2015MNRAS.448.2749A,6
* gam02 Nor,4710,,0.1,2020A&A...633A..34C,7
* gam02 Nor,4813,2.73,0.25,2015MNRAS.448.2749A,8
* gam02 Nor,4766,,,1998A&AS..129..505B,9
* gam02 Nor,4704,,,1998A&A...339..858D,10
* gam02 Nor,4699,2.8,0.23,2007MNRAS.382..553L,11
* gam02 Sgr,4899,2.72,-0.14,2024A&A...683A.125P,1
* gam02 Sgr,4800,2.73,-0.28,2022A&A...663A...4S,2
* gam02 Sgr,4864,2.712,-0.153,2022A&A...657A..87O,3
* gam02 Sgr,4760,2.72,-0.36,2015MNRAS.448.2749A,4
* gam02 Sgr,4860,2.74,-0.2,2015MNRAS.448.2749A,5
* gam02 Sgr,4875,2.79,-0.19,2015MNRAS.448.2749A,6
* gam02 Sgr,4774,2.68,-0.24,2015MNRAS.448.2749A,7
* gam02 Sgr,5030,,-0.3,2020A&A...633A..34C,8
* gam02 Sgr,4860,2.74,-0.2,2015MNRAS.448.2749A,9
* gam02 Sgr,4773,,,1998A&AS..129..505B,10
* gam02 Sgr,4760,2.72,-0.36,1990ApJS...74.1075M,11
* gam02 Sgr,4760,2.72,-0.36,1990ApJS...74.1075M,12
* gam02 Sgr,4760,2.72,-0.36,1990ApJS...74.1075M,13
* gam02 Vol,4866,2.7,-0.01,2022A&A...663A...4S,1
* gam02 Vol,4892,2.74,0.054,2022A&A...657A..87O,2
* gam02 Vol,4866,2.7,-0.01,2015MNRAS.448.2749A,3
* gam02 Vol,4926,2.83,0.03,2015MNRAS.448.2749A,4
* gam02 Vol,4817,2.82,0.0,2015MNRAS.448.2749A,5
* gam02 Vol,4900,,0.0,2020A&A...633A..34C,6
* gam02 Vol,4866,2.7,-0.01,2015MNRAS.448.2749A,7
* gam Cha,3870,-0.243,-1.281,2023ApJS..266...11B,1
* gam Cnc,9311,,,2012A&A...537A.120Z,1
* gam Col,16870,,,1995A&AS..110..553S,1
* gam Com,4657,2.51,0.17,2022A&A...663A...4S,1
* gam Com,4680,2.56,0.14,2020MNRAS.494.1724J,2
* gam Com,4550,2.6,0.06,2008AJ....135..209M,3
* gam Com,4650,,0.1,2020A&A...633A..34C,4
* gam Com,4693,2.71,0.24,2018ApJS..238...29P,5
* gam Com,4797,2.71,0.08,2015A&A...580A..24D,6
* gam Com,4700,2.73,0.06,1990ApJS...74.1075M,7
* gam Com,4680,,,2006MNRAS.371..879K,8
* gam Com,4680,2.5,0.21,2006A&A...456.1109M,9
* gam Com,4675,2.55,0.16,2007A&A...475.1003H,10
* gam Com,4640,,,1998A&A...339..858D,11
* gam Com,4613,2.43,0.33,2009ARep...53..685P,12
* gam Com,4575,2.6,0.18,1995AJ....110.2968L,13
* gam Com,4678,2.56,0.14,2013AJ....146...73P,14
* gam Com,,,0.19,1997JApA...18..161Y,15
* gam Com,4575,2.6,0.18,1995AJ....110.2968L,16
* gam Com,4700,2.73,0.06,1990ApJS...74.1075M,17
* gam Com,,,0.21,2008A&A...480...91S,18
* gam Com,4657,2.58,0.17,2008A&A...480...91S,19
* gam Com,4575,2.6,0.18,1995AJ....110.2968L,20
* gam Com,4700,2.73,0.06,1990ApJS...74.1075M,21
* gam Com,4667,2.8,-0.2,1972AcA....22..141G,22
* gam CrA,6202,4.1,,2003AJ....125.1598L,1
* gam CrA,6188,,,2011A&A...530A.138C,2
* gam CrB,9120,,,2012A&A...537A.120Z,1
* gam Crt,7805,3.86,,2003AJ....125.1598L,1
* gam Crt,7745,,,2012A&A...537A.120Z,2
* gam Crt,7620,4.07,-0.11,2003A&A...398.1121E,3
* gam Crv,12360,,,2009A&A...501..297Z,1
* gam Cyg,6000,0.85,0.15,2023ApJS..266...41P,1
* gam Cyg,5938,1.17,0.03,2022A&A...663A...4S,2
* gam Cyg,6202,1.35,0.05,2020MNRAS.494.1724J,3
* gam Cyg,6202,,,2007MNRAS.378..617K,4
* gam Cyg,5929,1.2,0.0,1981IzKry..64....3B,5
* gam Cyg,5793,1.0,-0.3,1986A&A...155..145T,6
* gam Cyg,5790,1.02,-0.04,2010MNRAS.402.1369L,7
* gam Cyg,5478,,0.4,1951PDAO....8....1W,8
* gam Cyg,5362,,0.1,1961ApJ...134..633P,9
* gam Cyg,5939,0.63,0.04,2016A&A...587A...2B,10
* gam Cyg,6212,1.35,0.05,2014AJ....147..137L,11
* gam Cyg,6000,0.85,0.15,2012A&A...538A.143K,12
* gam Cyg,5793,1.0,-0.3,1986A&A...155..145T,13
* gam Cyg,5929,1.2,0.0,1981IzKry..64....3B,14
* gam Cyg,5793,1.0,-0.3,1986A&A...155..145T,15
* gam Cyg,5929,1.2,0.0,1981IzKry..64....3B,16
* gam Cyg,2754,0.55,0.1,1981ApJ...245.1018L,17
* gam Cyg,5362,,0.1,1961ApJ...134..633P,18
* gam Cyg,5478,,0.4,1951PDAO....8....1W,19
* gam Dor,6988,3.689,-0.153,2023ApJS..266...11B,1
* gam Dor,7060,3.97,,2003AJ....125.1598L,2
* gam Dor,7180,,,1995A&AS..110..553S,3
* gam Dor,7164,,,2012A&A...542A.116A,4
* gam Dra,3913,1.38,-0.06,2024A&A...692A.189R,1
* gam Dra,4018,1.33,-0.08,2024A&A...682A.145S,2
* gam Dra,3841,0.95,-0.63,2021MNRAS.505.4496G,3
* gam Dra,3985,1.69,0.11,2023ApJS..266...41P,4
* gam Dra,4084,1.76,-0.51,2022ApJS..259...45T,5
* gam Dra,3926,1.0,-0.14,2008AJ....135..209M,6
* gam Dra,4271,1.55,-0.23,1981ApJ...248..228L,7
* gam Dra,4095,,,1998AJ....116..981V,8
* gam Dra,3969,1.6,0.33,1977A&A....61...17O,9
* gam Dra,3941,,,1998A&A...339..858D,10
* gam Dra,3934,,,1999A&AS..139..335A,11
* gam Dra,3930,1.55,-0.14,1990ApJS...74.1075M,12
* gam Dra,3927,,,2005ApJ...626..446R,13
* gam Dra,3900,1.55,-0.08,1998A&A...338..623M,14
* gam Dra,3965,1.41,-0.15,2016A&A...587A...2B,15
* gam Dra,3966,1.44,-0.15,2016A&A...587A...2B,16
* gam Dra,3928,1.54,0.12,2013AJ....146...73P,17
* gam Dra,3990,1.64,0.11,2011A&A...531A.165P,18
* gam Dra,3985,1.69,0.11,2012A&A...538A.143K,19
* gam Dra,3900,1.55,-0.08,1998A&A...338..623M,20
* gam Dra,3930,1.55,-0.14,1990ApJS...74.1075M,21
* gam Dra,4271,1.55,-0.23,1981ApJ...248..228L,22
* gam Dra,3902,1.32,-0.05,2007MNRAS.374..664C,23
* gam Dra,3966,1.55,-0.12,2008A&A...480...91S,24
* gam Dra,3930,1.55,-0.14,1990ApJS...74.1075M,25
* gam Dra,4271,1.55,-0.23,1981ApJ...248..228L,26
* gam Dra,3969,1.6,0.33,1977A&A....61...17O,27
* gam Equ,7657,4.23,0.62,2021MNRAS.505.4496G,1
* gam Equ,8574,4.47,0.68,2023ApJS..266...41P,2
* gam Equ,7500,3.7,,2019AstBu..74...62M,3
* gam Equ,6895,3.5,0.0,2018A&A...615A..76S,4
* gam Equ,8129,4.0,0.4,1973ApJ...183...95A,5
* gam Equ,7875,,-0.13,1967ApJS...15...21W,6
* gam Equ,7754,4.0,-0.3,1977ApJ...213..121A,7
* gam Equ,7754,4.0,-0.29,1977PASP...89..386A,8
* gam Equ,7754,3.5,0.2,1971A&A....12..428E,9
* gam Equ,7655,4.07,0.65,2003A&A...398.1121E,10
* gam Equ,7504,,,2005ApJ...626..446R,11
* gam Equ,7429,,,1999A&AS..139..335A,12
* gam Equ,6811,4.5,0.64,1960MmSAI..31..279H,13
* gam Equ,8790,4.49,0.78,2011A&A...531A.165P,14
* gam Equ,8574,4.47,0.68,2012A&A...538A.143K,15
* gam Equ,7754,4.0,-0.29,1977PASP...89..386A,16
* gam Equ,7754,4.0,-0.3,1977ApJ...213..121A,17
* gam Equ,8129,4.0,0.4,1973ApJ...183...95A,18
* gam Equ,7754,3.5,0.2,1971A&A....12..428E,19
* gam Equ,7875,,-0.13,1967ApJS...15...21W,20
* gam Equ,7522,3.5,-0.01,1966ApJ...145..141S,21
* gam Equ,6811,4.5,0.64,1960MmSAI..31..279H,22
* gam Gem,9100,3.4,-0.1,2016A&A...589A..83G,1
* gam Gem,9000,3.3,-0.2,2016A&A...589A..83G,2
* gam Gem,9440,3.59,-0.08,1993A&A...276..142H,3
* gam Gem,9341,,,1998A&A...339..858D,4
* gam Gem,9260,3.6,-0.12,1994PASP..106.1239A,5
* gam Gem,9260,3.6,-0.11,1992PASP..104..316A,6
* gam Gem,9247,,,2012A&A...537A.120Z,7
* gam Gem,9040,,,2009A&A...501..297Z,8
* gam Gem,8900,,,1995A&AS..110..553S,9
* gam Gem,,,0.08,1995A&A...294..536H,10
* gam Gem,,,-0.05,1966AJ.....71..181S,11
* gam Gem,8953,3.46,,2003AJ....126.2048G,12
* gam Gem,,,0.08,1995A&A...294..536H,13
* gam Gem,9260,3.6,-0.12,1994PASP..106.1239A,14
* gam Gem,9440,3.59,-0.08,1993A&A...276..142H,15
* gam Gem,9260,3.6,-0.11,1992PASP..104..316A,16
* gam Gem,9333,3.6,0.47,1979PASJ...31..481S,17
* gam Gem,9509,3.7,0.0,1968ApJ...154..975C,18
* gam Gem,,,-0.05,1966AJ.....71..181S,19
* gam Gem,10723,4.0,0.05,1966ApJ...145..141S,20
* gam Gru,12520,,,2009A&A...501..297Z,1
* gam Gru,12380,,,1995A&AS..110..553S,2
* gam Her,7143,3.1664,-0.3814,2024A&A...681A.107R,1
* gam Her,7031,3.3,,2008AJ....135..209M,2
* gam Her,7143,2.78,0.07,2014ApJ...791...58A,3
* gam Her,7125,,,1998A&AS..129..505B,4
* gam Her,7063,3.23,0.07,2003A&A...398.1121E,5
* gam Her,7143,2.78,0.07,2014ApJ...791...58A,6
* gam Her,7144,3.24,,2014ApJ...791...58A,7
* gam Her,7142,2.78,1.21,2014ApJ...791...58A,8
* gam Hya,5150,2.84,0.04,2024A&A...692A.189R,1
* gam Hya,5204,2.902,0.12,2024A&A...683A.125P,2
* gam Hya,5038,2.71,-0.06,2021MNRAS.505.4496G,3
* gam Hya,5065,2.69,0.02,2022A&A...663A...4S,4
* gam Hya,5050,,-0.1,2020A&A...633A..34C,5
* gam Hya,5110,2.9,0.03,2007A&A...475.1003H,6
* gam Hya,5080,2.9,-0.12,1990ApJS...74.1075M,7
* gam Hya,5025,2.6,0.06,1995AJ....110.2968L,8
* gam Hya,5019,2.47,-0.06,2014ApJ...785...94L,9
* gam Hya,5136,2.79,0.18,2015A&A...574A..50J,10
* gam Hya,5104,2.64,0.04,2011A&A...531A.165P,11
* gam Hya,5025,2.6,0.06,1995AJ....110.2968L,12
* gam Hya,5080,2.9,-0.12,1990ApJS...74.1075M,13
* gam Hya,5087,3.02,-0.06,2007MNRAS.374..664C,14
* gam Hya,5025,2.6,0.06,1995AJ....110.2968L,15
* gam Hya,5080,2.9,-0.12,1990ApJS...74.1075M,16
* gam Leo,4341,1.77,-0.47,2022A&A...663A...4S,1
* gam Leo,4292,1.6,-0.54,2022A&A...668A..88N,2
* gam Leo,4292,1.7,-0.49,2022A&A...665A.135M,3
* gam Leo,4341,1.77,-0.45,2022A&A...666A.125F,4
* gam Leo,4365,2.3,-0.49,2008AJ....135..209M,5
* gam Leo,4341,1.77,-0.45,2019A&A...625A.141L,6
* gam Leo,4341,1.77,-0.48,2017A&A...598A.100J,7
* gam Lep,6513,4.27,0.04,2021MNRAS.505.4496G,1
* gam Lep,6386,4.345,-0.15,2023ApJS..266...11B,2
* gam Lep,6313,4.35,-0.08,2022A&A...663A...4S,3
* gam Lep,6410,4.3,0.06,2019MNRAS.485.4375D,4
* gam Lep,6352,4.31,-0.02,2017AJ....153...21L,5
* gam Lep,6339,4.3,-0.02,2018AJ....155..111L,6
* gam Lep,6354,4.32,-0.08,2018A&A...614A..55A,7
* gam Lep,6413,4.68,-0.04,2018MNRAS.479.1332M,8
* gam Lep,6372,4.31,,2003AJ....125.1598L,9
* gam Lep,7220,,,1995A&AS..110..553S,10
* gam Lep,6599,,,2009A&A...497..497G,11
* gam Lep,6462,4.3,-0.05,1984Msngr..38...33E,12
* gam Lep,6440,4.56,-0.12,2006AJ....131.3069L,13
* gam Lep,6440,4.56,-0.12,2005AJ....129.1063L,14
* gam Lep,6398,4.29,-0.07,1993A&A...275..101E,15
* gam Lep,6387,,,2011A&A...530A.138C,16
* gam Lep,6299,4.1,-0.12,1996A&A...314..191G,17
* gam Lep,6287,4.36,-0.09,2004A&A...420..183A,18
* gam Lep,6279,,,2005ApJ...626..446R,19
* gam Lep,6260,,,1998A&A...339..858D,20
* gam Lep,6260,,,1996A&AS..117..227A,21
* gam Lep,6230,4.33,-0.16,2007A&A...465..271R,22
* gam Lep,6222,,-0.14,1988IAUS..132..449C,23
* gam Lep,6210,,,1998A&AS..129..505B,24
* gam Lep,5663,,-0.07,1965ApJ...141..588H,25
* gam Lep,6306,4.21,-0.12,2016A&A...587A...2B,26
* gam Lep,6368,4.36,,2015A&A...579A..20M,27
* gam Lep,6323,4.2,-0.02,2015A&A...577A...9B,28
* gam Lep,6323,4.16,-0.02,2014A&A...562A..71B,29
* gam Lep,6305,4.29,-0.09,2013ApJ...764...78R,30
* gam Lep,6305,4.29,-0.09,2012ApJ...756...46R,31
* gam Lep,6287,4.36,7.48,2004A&A...420..183A,32
* gam Lep,6316,4.23,-0.09,2011A&A...531A.165P,33
* gam Lep,6259,4.44,-0.09,2012A&A...541A..40M,34
* gam Lep,6299,4.1,-0.12,1996A&A...314..191G,35
* gam Lep,6398,4.29,-0.07,1993A&A...275..101E,36
* gam Lep,6222,,-0.14,1988IAUS..132..449C,37
* gam Lep,6462,4.3,-0.05,1984Msngr..38...33E,38
* gam Lep,6331,4.27,-0.05,2007MNRAS.374..664C,39
* gam Lep,6398,4.29,-0.07,1993A&A...275..101E,40
* gam Lep,6222,,-0.14,1988IAUS..132..449C,41
* gam Lep,6462,4.3,-0.05,1984Msngr..38...33E,42
* gam Lep,5663,,-0.07,1965ApJ...141..588H,43
* gam Lib,4804,2.35,-0.41,2024A&A...690A..97C,1
* gam Lib,4836,2.77,-0.26,2024A&A...691A..53S,2
* gam Lib,4868,2.607,-0.27,2024A&A...683A.125P,3
* gam Lib,4751,2.64,-0.35,2022A&A...663A...4S,4
* gam Lib,4762,2.59,-0.34,2022A&A...666A.125F,5
* gam Lib,4797,2.7,-0.42,2008AJ....135..209M,6
* gam Lib,4762,2.59,-0.34,2019A&A...625A.141L,7
* gam Lib,4762,2.59,-0.37,2017A&A...598A.100J,8
* gam Lib,4766,,,2009A&A...497..497G,9
* gam Lib,4732,,,2005ApJ...626..446R,10
* gam Lib,4711,,,1999A&AS..139..335A,11
* gam Lib,4700,3.01,-0.42,1990ApJS...74.1075M,12
* gam Lib,4667,2.25,-0.4,1986A&A...161..314C,13
* gam Lib,4822,2.56,-0.3,2014ApJ...785...94L,14
* gam Lib,4786,2.55,-0.3,2015A&A...574A..50J,15
* gam Lib,4700,3.01,-0.42,1990ApJS...74.1075M,16
* gam Lib,4667,2.25,-0.4,1986A&A...161..314C,17
* gam Lib,,,-0.41,2008A&A...480...91S,18
* gam Lib,4700,3.01,-0.42,1990ApJS...74.1075M,19
* gam Lib,4667,2.25,-0.4,1986A&A...161..314C,20
* gam Lib,4667,2.9,-0.49,1972AcA....22..141G,21
* gam Lup,22210,,,1995A&AS..110..553S,1
* gam Lyr,9750,3.0,,2023MNRAS.519.5472M,1
* gam Lyr,10328,3.2,0.0,2021MNRAS.505.4496G,2
* gam Lyr,12715,3.68,0.17,2023ApJS..266...41P,3
* gam Lyr,10080,3.5,0.11,1986MNRAS.219..479B,4
* gam Lyr,10000,,,2009A&A...501..297Z,5
* gam Lyr,11226,4.11,0.09,2011A&A...531A.165P,6
* gam Lyr,12715,3.68,0.17,2012A&A...538A.143K,7
* gam Lyr,10080,3.5,0.11,1986MNRAS.219..479B,8
* gam Men,4185,2.53,-0.18,2024A&A...690A..97C,1
* gam Men,4498,3.1,0.17,2022MNRAS.511..814G,2
* gam Men,4555,3.17,0.24,2023ApJS..266...41P,3
* gam Men,4666,2.89,0.34,2022A&A...663A...4S,4
* gam Men,4498,,0.17,2021MNRAS.501.4596G,5
* gam Men,4498,3.1,0.17,2019A&A...627A.138A,6
* gam Men,4845,3.03,0.22,2016AJ....152...19W,7
* gam Men,4491,2.76,,2003AJ....125.1598L,8
* gam Men,5040,3.3,0.4,1974PhDT.........8F,9
* gam Men,4630,3.15,0.33,2008A&A...484L..21M,10
* gam Men,4624,2.4,0.3,1980A&A....85..287F,11
* gam Men,4555,3.17,0.24,2012A&A...538A.143K,12
* gam Men,4624,2.4,0.3,1980A&A....85..287F,13
* gam Men,4624,2.4,0.3,1980A&A....85..287F,14
* gam Men,5040,3.3,0.4,1974PhDT.........8F,15
* gam Mic,5118,2.417,-0.44,2023ApJS..266...11B,1
* gam Mic,5138,2.85,-0.08,2022A&A...663A...4S,2
* gam Mic,5227,2.985,0.033,2022A&A...657A..87O,3
* gam Mic,5310,3.0,-0.01,2015MNRAS.448.2749A,4
* gam Mic,5242,3.02,-0.02,2015MNRAS.448.2749A,5
* gam Mic,5279,3.06,-0.01,2015MNRAS.448.2749A,6
* gam Mic,5088,2.81,-0.09,2015MNRAS.448.2749A,7
* gam Mic,5310,3.0,-0.01,1992MNRAS.256..535J,8
* gam Mic,5242,3.02,-0.02,2015MNRAS.448.2749A,9
* gam Mic,5218,3.09,-0.04,2014ApJ...787..154R,10
* gam Mic,5129,2.86,-0.1,2014ApJ...787..154R,11
* gam Mic,5050,3.34,-0.23,1990ApJS...74.1075M,12
* gam Mic,5145,2.8,-0.05,2013AJ....146...73P,13
* gam Mic,5310,3.0,-0.01,1992MNRAS.256..535J,14
* gam Mic,5050,3.34,-0.23,1990ApJS...74.1075M,15
* gam Mic,5310,3.0,-0.01,1992MNRAS.256..535J,16
* gam Mic,5050,3.34,-0.23,1990ApJS...74.1075M,17
* gam Mon,4335,1.91,-0.07,2022A&A...663A...4S,1
* gam Mon,4400,1.6,0.04,1990AJ.....99.1961F,2
* gam Mon,4270,2.22,-0.18,1990ApJS...74.1075M,3
* gam Mon,4270,2.22,-0.18,1990ApJS...74.1075M,4
* gam Mon,4400,1.6,0.04,1990AJ.....99.1961F,5
* gam Mon,4270,2.22,-0.18,1990ApJS...74.1075M,6
* gam Mon,4400,1.6,0.04,1990AJ.....99.1961F,7
* gam Mus,16153,4.0585,0.1201,2023ApJS..266...11B,1
* gam Mus,16740,,,2009A&A...501..297Z,2
* gam Ori,22000,4.0,,2023MNRAS.519.5472M,1
* gam Ori,22017,3.5093,0.0093,2023ApJS..266...11B,2
* gam Ori,9954,3.8,-0.25,2008AJ....135..209M,3
* gam Ori,22570,3.72,-0.25,1992ApJ...387..673G,4
* gam Ori,21840,,,2009A&A...501..297Z,5
* gam Ori,21700,4.0,,2006MNRAS.371..252L,6
* gam Ori,21700,,,1995A&AS..110..553S,7
* gam Ori,22570,3.72,-0.25,1992ApJ...387..673G,8
* gam Pav,6139,4.4,-0.685,2024A&A...690A.107S,1
* gam Pav,6184,4.385,-0.72,2024A&A...683A.125P,2
* gam Pav,6021,3.891,-0.9301,2023ApJS..266...11B,3
* gam Pav,6095,4.3,-0.7,2022A&A...663A...4S,4
* gam Pav,6160,4.42,-0.53,2019MNRAS.487.3162C,5
* gam Pav,6166,4.37,-0.7,2018AJ....155..111L,6
* gam Pav,6168,4.35,-0.66,2018A&A...614A..55A,7
* gam Pav,6205,4.42,,2003AJ....125.1598L,8
* gam Pav,6324,,,2012A&A...542A.116A,9
* gam Pav,6244,4.62,-0.62,1996A&A...314..191G,10
* gam Pav,6217,,,2011A&A...530A.138C,11
* gam Pav,6180,4.35,-0.66,2014A&A...568A..25N,12
* gam Pav,6139,4.34,-0.67,1999MNRAS.305..693C,13
* gam Pav,6139,4.34,-0.67,1993A&A...275..101E,14
* gam Pav,6112,4.3,-0.68,1999A&A...341..241J,15
* gam Pav,6110,4.2,-0.81,1991A&A...244..425Z,16
* gam Pav,6073,,,1998A&AS..129..505B,17
* gam Pav,6072,4.54,-0.57,1999ApJ...521..753T,18
* gam Pav,6072,4.4,-0.92,1986A&A...160..264F,19
* gam Pav,6072,4.4,-0.89,1986A&A...165..183F,20
* gam Pav,6072,4.4,-0.6,1977MNRAS.181....1C,21
* gam Pav,6067,4.27,-0.73,2003A&A...410..527B,22
* gam Pav,6063,4.29,-0.74,2005A&A...440..321J,23
* gam Pav,6054,4.47,-0.7,2004A&A...420..183A,24
* gam Pav,6051,4.39,-0.75,2007A&A...465..271R,25
* gam Pav,5990,4.2,-0.74,2010MNRAS.405.1907B,26
* gam Pav,5954,3.81,-0.6,1994A&A...291..895A,27
* gam Pav,5929,4.28,-0.64,1983A&A...126..325S,28
* gam Pav,5860,4.0,-0.8,1989A&A...214..239B,29
* gam Pav,5793,,-0.67,1966ApJ...143..527D,30
* gam Pav,5663,,-0.7,1972ApJ...176..711B,31
* gam Pav,,,-0.68,1998A&A...330L..33J,32
* gam Pav,6021,4.09,-0.74,2016A&A...587A...2B,33
* gam Pav,6195,4.4,-0.63,2016A&A...586A..49B,34
* gam Pav,5943,3.99,,2015A&A...579A..20M,35
* gam Pav,6003,4.07,,2014MNRAS.442..220F,36
* gam Pav,6195,4.4,-0.63,2015A&A...577A...9B,37
* gam Pav,6195,4.36,-0.63,2014A&A...562A..71B,38
* gam Pav,6150,4.35,-0.66,2013ApJ...764...78R,39
* gam Pav,6150,4.35,-0.66,2012ApJ...756...46R,40
* gam Pav,6054,4.47,6.89,2004A&A...420..183A,41
* gam Pav,5910,4.12,-0.84,2012A&A...541A..40M,42
* gam Pav,6112,4.3,-0.68,1999A&A...341..241J,43
* gam Pav,6139,4.34,-0.67,1999MNRAS.305..693C,44
* gam Pav,,,-0.68,1998A&A...330L..33J,45
* gam Pav,6244,4.62,-0.62,1996A&A...314..191G,46
* gam Pav,5954,3.81,-0.6,1994A&A...291..895A,47
* gam Pav,6139,4.34,-0.67,1993A&A...275..101E,48
* gam Pav,6110,4.2,-0.81,1991A&A...244..425Z,49
* gam Pav,5860,4.0,-0.8,1989A&A...214..239B,50
* gam Pav,6072,4.4,-0.92,1986A&A...160..264F,51
* gam Pav,6072,4.4,-0.89,1986A&A...165..183F,52
* gam Pav,5929,4.28,-0.64,1983A&A...126..325S,53
* gam Pav,5954,3.81,-0.6,1994A&A...291..895A,54
* gam Pav,6139,4.34,-0.67,1993A&A...275..101E,55
* gam Pav,6110,4.2,-0.81,1991A&A...244..425Z,56
* gam Pav,5860,4.0,-0.8,1989A&A...214..239B,57
* gam Pav,6072,4.4,-0.89,1986A&A...165..183F,58
* gam Pav,6072,4.4,-0.92,1986A&A...160..264F,59
* gam Pav,5929,4.28,-0.64,1983A&A...126..325S,60
* gam Pav,6072,4.4,-0.6,1977MNRAS.181....1C,61
* gam Pav,5663,,-0.7,1972ApJ...176..711B,62
* gam Pav,5793,,-0.67,1966ApJ...143..527D,63
* gam Peg,37079,4.0752,-0.4895,2024A&A...681A.107R,1
* gam Peg,24453,4.54,0.0,2021MNRAS.505.4496G,2
* gam Peg,5912,3.6751,-1.642,2023A&A...671A..61N,3
* gam Peg,5881,3.6789,-1.649,2023A&A...671A..61N,4
* gam Peg,5855,3.6451,-1.673,2023A&A...671A..61N,5
* gam Peg,5883,3.6615,-1.661,2023A&A...671A..61N,6
* gam Peg,5865,3.6549,-1.666,2023A&A...671A..61N,7
* gam Peg,21631,3.91,-0.07,2023A&A...676A.129H,8
* gam Peg,21204,3.83,,2022A&A...665A.108M,9
* gam Peg,21250,3.97,,2015MNRAS.454...28M,10
* gam Peg,20930,3.95,,2015MNRAS.454...28M,11
* gam Peg,21120,3.95,,2015MNRAS.454...28M,12
* gam Peg,21250,3.98,,2015MNRAS.454...28M,13
* gam Peg,22670,4.02,-0.34,1992ApJ...387..673G,14
* gam Peg,22000,3.95,0.01,2012A&A...539A.143N,15
* gam Peg,21913,3.7,0.04,1976ApJS...30..551P,16
* gam Peg,21870,,,2009A&A...501..297Z,17
* gam Peg,20160,,0.48,1969A&A.....1..452S,18
* gam Peg,20454,3.79,-0.03,2011A&A...531A.165P,19
* gam Peg,20700,3.81,-0.02,2012A&A...538A.143K,20
* gam Peg,22670,4.02,-0.34,1992ApJ...387..673G,21
* gam Peg,21913,3.7,0.04,1976ApJS...30..551P,22
* gam Peg,20160,,0.48,1969A&A.....1..452S,23
* gam Per,5083,2.3,-0.19,2024A&A...692A.189R,1
* gam Per,5170,2.83,-0.19,2022A&A...663A...4S,2
* gam Per,8400,3.6,,2023A&A...674A.162D,3
* gam Per,4970,2.23,,2023A&A...674A.162D,4
* gam Per,,2.6,-0.19,2008AJ....135..209M,5
* gam Per,5170,2.83,-0.19,1990ApJS...74.1075M,6
* gam Per,5170,2.83,-0.19,1990ApJS...74.1075M,7
* gam Per,5170,2.83,-0.19,1990ApJS...74.1075M,8
* gam Pic,4817,2.844,0.18,2024A&A...683A.125P,1
* gam Pic,4583,2.36,0.15,2024A&A...682A.145S,2
* gam Pic,4667,1.9,0.15,2022A&A...663A...4S,3
* gam Pic,4690,,-0.4,2020A&A...633A..34C,4
* gam Pic,4667,1.9,0.15,1984Thesis.        ,5
* gam Pic,4667,1.9,0.15,1984PhDT........85P,6
* gam Psc,4962,2.77,-0.471,2024A&A...691A..53S,1
* gam Psc,4970,2.44,-0.53,2024A&A...682A.145S,2
* gam Psc,4867,2.36,-0.37,2021MNRAS.505.4496G,3
* gam Psc,4851,2.5,-0.53,2022A&A...663A...4S,4
* gam Psc,4870,2.53,-0.56,2022A&A...666A.125F,5
* gam Psc,4989,2.9,-0.61,2008AJ....135..209M,6
* gam Psc,4870,2.53,-0.56,2019A&A...625A.141L,7
* gam Psc,4854,2.43,-0.54,2018A&A...615A..31D,8
* gam Psc,4870,2.53,-0.59,2017A&A...598A.100J,9
* gam Psc,4940,2.9,-0.54,2007A&A...475.1003H,10
* gam Psc,4900,2.38,-0.44,1991ApJS...75..579L,11
* gam Psc,4893,2.42,-0.2,1982MNRAS.201..807G,12
* gam Psc,4885,2.6,-0.44,2006A&A...458..609D,13
* gam Psc,4850,3.04,-0.61,1990ApJS...74.1075M,14
* gam Psc,4844,,,2009A&A...497..497G,15
* gam Psc,4843,2.39,-0.56,2013A&A...559A.115M,16
* gam Psc,4833,2.51,-0.46,2008A&A...484L..21M,17
* gam Psc,4826,,,1999A&AS..139..335A,18
* gam Psc,4819,2.53,-0.54,2007MNRAS.382..553L,19
* gam Psc,4800,2.3,-0.5,1989A&A...214..239B,20
* gam Psc,4797,,,2005ApJ...626..446R,21
* gam Psc,4920,2.73,-0.63,2016A&A...587A...2B,22
* gam Psc,4802,2.25,-0.62,2014ApJ...785...94L,23
* gam Psc,4854,2.43,-0.54,2016A&A...585A..73N,24
* gam Psc,4890,2.42,-0.57,2011A&A...531A.165P,25
* gam Psc,5003,2.83,-0.52,2007AJ....133.2464L,26
* gam Psc,4900,2.38,-0.44,1991ApJS...75..579L,27
* gam Psc,4850,3.04,-0.61,1990ApJS...74.1075M,28
* gam Psc,4800,2.3,-0.5,1989A&A...214..239B,29
* gam Psc,4893,2.42,-0.2,1982MNRAS.201..807G,30
* gam Psc,4830,2.57,-0.42,2007MNRAS.374..664C,31
* gam Psc,4844,2.6,-0.46,2008A&A...480...91S,32
* gam Psc,4900,2.38,-0.44,1991ApJS...75..579L,33
* gam Psc,4850,3.04,-0.61,1990ApJS...74.1075M,34
* gam Psc,4800,2.3,-0.5,1989A&A...214..239B,35
* gam Psc,4893,2.42,-0.2,1982MNRAS.201..807G,36
* gam Psc,4500,,-0.16,1958ApJ...127..172G,37
* gam Pyx,4242,1.4644,-0.6086,2024A&A...681A.107R,1
* gam Pyx,4224,1.64,-0.32,2021MNRAS.505.4496G,2
* gam Pyx,4311,2.17,-0.06,2022A&A...663A...4S,3
* gam Pyx,4270,2.12,-0.05,2013MNRAS.435..952S,4
* gam Pyx,4310,,-0.2,2020A&A...633A..34C,5
* gam Pyx,4450,2.55,-0.02,2007A&A...475.1003H,6
* gam Pyx,4270,2.35,-0.11,1990ApJS...74.1075M,7
* gam Pyx,4200,2.35,-0.04,1998A&A...338..623M,8
* gam Pyx,4330,2.21,-0.05,2011A&A...531A.165P,9
* gam Pyx,4200,2.35,-0.04,1998A&A...338..623M,10
* gam Pyx,4270,2.35,-0.11,1990ApJS...74.1075M,11
* gam Pyx,4270,2.12,-0.05,2007MNRAS.374..664C,12
* gam Pyx,4270,2.35,-0.11,1990ApJS...74.1075M,13
* gam Scl,4714,2.501,-0.03,2024A&A...683A.125P,1
* gam Scl,4509,2.3,-0.17,2022A&A...663A...4S,2
* gam Scl,4630,,-0.1,2020A&A...633A..34C,3
* gam Scl,4552,2.45,-0.06,2007MNRAS.382..553L,4
* gam Scl,4430,2.52,-0.22,1990ApJS...74.1075M,5
* gam Scl,4430,2.52,-0.22,1990ApJS...74.1075M,6
* gam Scl,4430,2.52,-0.22,1990ApJS...74.1075M,7
* gam Sct,9016,,,2012A&A...537A.120Z,1
* gam Ser,6250,4.0,,2023MNRAS.519.5472M,1
* gam Ser,6236,4.1822,-0.1618,2024A&A...683A.125P,2
* gam Ser,6296,4.16,-0.18,2024A&A...682A.145S,3
* gam Ser,6368,4.22,-0.19,2021MNRAS.505.4496G,4
* gam Ser,6285,4.14,-0.18,2022A&A...663A...4S,5
* gam Ser,6272,4.17,-0.16,2013MNRAS.435..952S,6
* gam Ser,6286,4.13,-0.12,2017AJ....153...21L,7
* gam Ser,6313,4.2,-0.19,2019MNRAS.487.3162C,8
* gam Ser,6291,4.17,-0.21,2018A&A...614A..55A,9
* gam Ser,6683,,,2009A&A...497..497G,10
* gam Ser,6400,4.3,-0.23,2006AJ....131.3069L,11
* gam Ser,6400,4.3,-0.23,2005AJ....129.1063L,12
* gam Ser,6380,4.0,-0.4,1962ZA.....55..221K,13
* gam Ser,6369,,,2013ApJ...771...40B,14
* gam Ser,6361,4.07,-0.09,2014A&A...570A..80T,15
* gam Ser,6336,,,2011A&A...530A.138C,16
* gam Ser,6333,4.25,-0.16,1993A&A...275..101E,17
* gam Ser,6300,4.11,-0.19,1992ApJ...387..170F,18
* gam Ser,6300,4.0,-0.13,1986ApJ...309..762B,19
* gam Ser,6294,,,2012ApJ...746..101B,20
* gam Ser,6281,4.06,-0.13,2005PASJ...57...27T,21
* gam Ser,6268,4.04,-0.18,1996A&A...314..191G,22
* gam Ser,6267,,,2005ApJ...626..446R,23
* gam Ser,6262,4.18,-0.18,2005ApJS..159..141V,24
* gam Ser,6254,4.02,-0.19,1998A&A...338..161F,25
* gam Ser,6246,4.3,-0.2,2004A&A...420..183A,26
* gam Ser,6233,,,1996A&AS..117..227A,27
* gam Ser,6227,4.18,-0.22,2000A&AS..141..491C,28
* gam Ser,6222,,,2013ApJ...771...40B,29
* gam Ser,6221,,,2013ApJ...771...40B,30
* gam Ser,6219,4.2,-0.28,2007A&A...465..271R,31
* gam Ser,6209,3.91,-0.16,2010MNRAS.403.1368G,32
* gam Ser,6146,4.0,-0.07,1967AnAp...30..685S,33
* gam Ser,6146,,-0.11,1970MNRAS.148..477P,34
* gam Ser,6115,4.01,-0.26,2010MNRAS.405.1907B,35
* gam Ser,6229,4.03,-0.25,2016A&A...587A...2B,36
* gam Ser,6240,4.05,-0.21,2016A&A...587A...2B,37
* gam Ser,6313,4.19,,2015A&A...579A..20M,38
* gam Ser,6235,4.09,,2014MNRAS.442..220F,39
* gam Ser,6313,4.2,-0.19,2013ApJ...764...78R,40
* gam Ser,6313,4.2,-0.19,2012ApJ...756...46R,41
* gam Ser,6246,4.3,7.4,2004A&A...420..183A,42
* gam Ser,6259,4.09,-0.19,2011AJ....141...90L,43
* gam Ser,6259,4.05,-0.22,2011AJ....141...90L,44
* gam Ser,6309,4.18,-0.16,2011A&A...531A.165P,45
* gam Ser,,,-0.17,2012A&A...541A..40M,46
* gam Ser,6281,4.06,-0.13,2007PASJ...59..335T,47
* gam Ser,6275,4.12,-0.26,2012A&A...538A.143K,48
* gam Ser,6227,4.18,-0.22,2000A&AS..141..491C,49
* gam Ser,6254,4.02,-0.19,1998A&A...338..161F,50
* gam Ser,6268,4.04,-0.18,1996A&A...314..191G,51
* gam Ser,6333,4.25,-0.16,1993A&A...275..101E,52
* gam Ser,6300,4.11,-0.19,1992ApJ...387..170F,53
* gam Ser,6300,4.0,-0.13,1986ApJ...309..762B,54
* gam Ser,6272,4.17,-0.16,2007MNRAS.374..664C,55
* gam Ser,6333,4.25,-0.16,1993A&A...275..101E,56
* gam Ser,6300,4.11,-0.19,1992ApJ...387..170F,57
* gam Ser,6300,4.0,-0.13,1986ApJ...309..762B,58
* gam Ser,6146,,-0.11,1970MNRAS.148..477P,59
* gam Ser,6146,4.0,-0.07,1967AnAp...30..685S,60
* gam Ser,6380,4.0,-0.4,1962ZA.....55..221K,61
* gam Sge,3952,1.905,-0.042,2024A&A...692A.228C,1
* gam Sge,3904,1.06,-0.26,2025A&A...698A..93J,2
* gam Sge,3904,1.06,-0.26,2024A&A...682A.145S,3
* gam Sge,4041,1.7174,0.052,2023A&A...671A..61N,4
* gam Sge,4044,1.7303,0.066,2023A&A...671A..61N,5
* gam Sge,4030,1.6836,0.036,2023A&A...671A..61N,6
* gam Sge,4021,1.6347,0.022,2023A&A...671A..61N,7
* gam Sge,4013,1.5811,0.01,2023A&A...671A..61N,8
* gam Sge,4022,1.6735,0.027,2023A&A...671A..61N,9
* gam Sge,4049,1.6795,0.043,2023A&A...671A..61N,10
* gam Sge,4037,1.6956,0.043,2023A&A...671A..61N,11
* gam Sge,3929,1.11,-0.31,2023A&A...676A.129H,12
* gam Sge,3890,1.0,-0.1,2008AJ....135..209M,13
* gam Sge,3888,1.0288,-0.193,2021MNRAS.506..150B,14
* gam Sge,,,-0.227,2020AJ....160...83S,15
* gam Sge,4000,0.5,,2020AJ....160...83S,16
* gam Sge,4000,,-0.2,2020A&A...633A..34C,17
* gam Sge,4189,,,1998AJ....116..981V,18
* gam Sge,4150,1.7,-0.4,2007A&A...475.1003H,19
* gam Sge,3978,1.2,-0.22,2006A&A...458..609D,20
* gam Sge,3880,,,1998A&A...339..858D,21
* gam Sge,3877,,,2005ApJ...626..446R,22
* gam Sge,3867,,,1999A&AS..139..335A,23
* gam Sge,3807,1.05,,2015A&A...582A..49H,24
* gam Sge,3807,1.05,-0.17,2014A&A...564A.133J,25
* gam Sge,3932,1.35,-0.04,2016A&A...587A...2B,26
* gam Sge,4000,0.5,,2013AJ....146..134K,27
* gam Tau,5250,3.0,,2023MNRAS.519.5472M,1
* gam Tau,4998,2.76,0.11,2024A&A...692A.189R,2
* gam Tau,5045,3.015,0.21,2024A&A...683A.125P,3
* gam Tau,4832,2.3701,-0.5327,2024A&A...681A.107R,4
* gam Tau,4933,2.71,0.14,2021MNRAS.505.4496G,5
* gam Tau,4952,2.71,0.1,2022A&A...663A...4S,6
* gam Tau,4960,2.76,0.15,2020MNRAS.494.1724J,7
* gam Tau,4909,2.6,0.13,2008AJ....135..209M,8
* gam Tau,4975,2.82,,2020A&A...635A...8C,9
* gam Tau,6062,3.78,,2016A&A...585A...7K,10
* gam Tau,5038,3.016,0.16,2018A&A...615A..76S,11
* gam Tau,5663,2.0,-0.26,1980SvA....24..323K,12
* gam Tau,5143,3.02,0.07,1981ApJ...248..228L,13
* gam Tau,5091,,0.1,1964ApJS....9...81H,14
* gam Tau,5041,3.0,0.11,2015A&A...580A..24D,15
* gam Tau,5040,2.7,-0.12,1970A&A.....7..408C,16
* gam Tau,5040,2.58,0.17,1982MNRAS.201....8G,17
* gam Tau,5040,2.58,0.17,1982MNRAS.201..807G,18
* gam Tau,5030,3.0,0.2,2006A&A...458..609D,19
* gam Tau,5026,3.05,0.1,2011A&A...526A..71D,20
* gam Tau,4990,2.8,0.2,1986A&A...169..201G,21
* gam Tau,4990,2.5,-0.1,1971A&A....12..177S,22
* gam Tau,4990,2.5,-0.08,1971ApJ...166..593C,23
* gam Tau,4965,2.63,0.14,2006AJ....131.1057S,24
* gam Tau,4965,2.65,0.15,1999A&A...350..859S,25
* gam Tau,4960,,,2006MNRAS.371..879K,26
* gam Tau,4955,2.7,0.11,2006A&A...456.1109M,27
* gam Tau,4941,2.7,0.24,1978A&A....67..311F,28
* gam Tau,4941,2.7,0.24,1974PhDT.........8F,29
* gam Tau,4930,2.9,-0.02,1990ApJS...74.1075M,30
* gam Tau,4900,2.6,0.13,1995AJ....110.2968L,31
* gam Tau,4893,2.7,0.05,1974ApJS...27..405O,32
* gam Tau,4800,2.6,0.09,1990AJ.....99.1961F,33
* gam Tau,4750,2.67,0.12,2011A&A...535A..30C,34
* gam Tau,4271,3.0,0.34,1985SvA....29..434K,35
* gam Tau,,,0.0,1957ApJ...125..123S,36
* gam Tau,4923,2.57,0.1,2014ApJ...785...94L,37
* gam Tau,5024,2.96,-0.02,2015A&A...574A..50J,38
* gam Tau,4995,2.76,0.15,2011A&A...531A.165P,39
* gam Tau,4965,2.65,0.15,1999A&A...350..859S,40
* gam Tau,4900,2.6,0.13,1995AJ....110.2968L,41
* gam Tau,4930,2.9,-0.02,1990ApJS...74.1075M,42
* gam Tau,4800,2.6,0.09,1990AJ.....99.1961F,43
* gam Tau,4990,2.8,0.2,1986A&A...169..201G,44
* gam Tau,4271,3.0,0.34,1985SvA....29..434K,45
* gam Tau,5663,2.0,-0.26,1980SvA....24..323K,46
* gam Tau,5040,2.58,0.17,1982MNRAS.201..807G,47
* gam Tau,5143,3.02,0.07,1981ApJ...248..228L,48
* gam Tau,,,0.11,2008A&A...480...91S,49
* gam Tau,4963,2.74,0.12,2008A&A...480...91S,50
* gam Tau,4900,2.6,0.13,1995AJ....110.2968L,51
* gam Tau,4930,2.9,-0.02,1990ApJS...74.1075M,52
* gam Tau,4800,2.6,0.09,1990AJ.....99.1961F,53
* gam Tau,4990,2.8,0.2,1986A&A...169..201G,54
* gam Tau,4271,3.0,0.34,1985SvA....29..434K,55
* gam Tau,5663,2.0,-0.26,1980SvA....24..323K,56
* gam Tau,5040,2.58,0.17,1982MNRAS.201..807G,57
* gam Tau,5143,3.02,0.07,1981ApJ...248..228L,58
* gam Tau,4941,2.7,0.24,1978A&A....67..311F,59
* gam Tau,5040,2.7,-0.12,1970A&A.....7..408C,60
* gam Tau,4941,2.7,0.24,1974PhDT.........8F,61
* gam Tau,4893,2.7,0.05,1974ApJS...27..405O,62
* gam Tau,4990,2.5,-0.1,1971A&A....12..177S,63
* gam Tau,4383,,0.61,1969MNRAS.143..381G,64
* gam Tau,4990,2.5,-0.08,1971ApJ...166..593C,65
* gam Tau,,,0.0,1957ApJ...125..123S,66
* gam Tau,5091,,0.1,1964ApJS....9...81H,67
* gam TrA,9419,,,2012A&A...537A.120Z,1
* gam Tri,8000,3.3,-1.2,2016A&A...589A..83G,1
* gam Tri,9441,,,2012A&A...537A.120Z,2
* gam Tri,9440,,,2009A&A...501..297Z,3
* gam Tuc,6460,3.3,-0.3,2023ApJS..266...11B,1
* gam Tuc,6624,3.8,-0.25,2018A&A...614A..55A,2
* gam Tuc,6618,3.82,,2003AJ....125.1598L,3
* gam Tuc,7600,,,1995A&AS..110..553S,4
* gam Tuc,6678,,,2012A&A...542A.116A,5
* gam Tuc,6671,,,2011A&A...530A.138C,6
* gam Tuc,6561,,,1998A&A...339..858D,7
* gam Tuc,6541,3.88,-0.27,1990ApJ...354..310B,8
* gam Tuc,6524,,,2006A&A...458..293P,9
* gam Tuc,6501,3.86,-0.36,2003A&A...398.1121E,10
* gam Tuc,6541,3.88,-0.27,1990ApJ...354..310B,11
* gam Tuc,6541,3.88,-0.27,1990ApJ...354..310B,12
* gam UMa,9390,,,1995A&AS..110..553S,1
* gam UMa,9311,,,2012A&A...537A.120Z,2
* gam UMa,9272,3.64,,2003AJ....126.2048G,3
* gam UMi,8280,,,2009A&A...501..297Z,1
* gam Vir,7014,4.34,-0.45,2021MNRAS.505.4496G,1
* gam Vir,7043,4.04,-0.08,2018A&A...614A..55A,2
* gam Vir,6814,,,2011A&A...530A.138C,3
* gam Vir,6831,4.09,-0.18,2016A&A...587A...2B,4
* gam Vir,6960,4.3,7.63,2004A&A...420..183A,5
* gam Vir,6922,4.27,0.08,2017AJ....153...21L,6
* gam Vir,7100,4.1,,2016MNRAS.458.2307K,7
* gam Vir,7720,3.8,0.03,2002A&A...396..641A,8
* gam Vir,7534,,,2012A&A...537A.120Z,9
* gam Vir,7099,4.0,-0.57,1971A&A....11..325S,10
* gam Vir,7090,4.49,-0.07,2005AJ....129.1063L,11
* gam Vir,6902,4.01,-0.1,2003A&A...398.1121E,12
* gam Vir,6811,,-0.07,1986ApJ...303..724B,13
* gam Vir,6857,4.17,-0.19,2011A&A...531A.165P,14
* gam Vir,6811,,-0.07,1986ApJ...303..724B,15
* gam Vir,6875,4.46,-0.09,2007MNRAS.374..664C,16
* gam Vir,6811,,-0.07,1986ApJ...303..724B,17
* gam Vir,7099,4.0,-0.57,1971A&A....11..325S,18
* h UMa,7097,3.87,0.17,2023ApJS..266...41P,1
* h UMa,7096,,,2012A&A...537A.120Z,2
* h UMa,6927,,,2011A&A...530A.138C,3
* h UMa,6693,,,2012ApJ...746..101B,4
* h UMa,6651,,,2013ApJ...771...40B,5
* i Boo,5749,4.25,-0.28,2022A&A...663A...4S,1
* i Boo,5820,4.1,-0.5,2021AJ....161..134H,2
* i Boo,5851,4.3,-0.19,2005PASJ...57...27T,3
* i Boo,5848,4.32,-0.186,2010MNRAS.403.1368G,4
* i Boo,5740,4.29,-0.34,2006AJ....131.3069L,5
* i Boo,5740,4.29,-0.34,2005AJ....129.1063L,6
* i Boo,5576,4.11,-0.43,2007A&A...465..271R,7
* i Boo,5510,4.11,,2004A&A...420..183A,8
* i Boo,5420,,,2011A&A...530A.138C,9
* i Boo,5800,4.15,-0.25,2016A&A...587A...2B,10
* i Boo,5877,4.33,-0.24,2013ApJ...764...78R,11
* i Boo,5877,4.33,-0.24,2012ApJ...756...46R,12
* i Boo,5510,4.11,7.12,2004A&A...420..183A,13
* i Boo,5851,4.3,-0.19,2007PASJ...59..335T,14
* iot01 Sco,7000,1.3,0.27,1979ApJ...232..797L,1
* iot01 Sco,6910,0.5,-0.13,2014AJ....147..137L,2
* iot01 Sco,7103,1.0,-0.11,2014AJ....147..137L,3
* iot01 Sco,7000,1.3,0.27,1979ApJ...232..797L,4
* iot Aqr,13530,,,1995A&AS..110..553S,1
* iot Aqr,12310,,,2009A&A...501..297Z,2
* iot Aqr,11508,,,2012A&A...537A.120Z,3
* iot Aur,4050,1.16,-0.11,2024A&A...692A.189R,1
* iot Aur,4161,1.41,-0.06,2022A&A...663A...4S,2
* iot Aur,4389,,,1998AJ....116..981V,3
* iot Aur,4160,1.74,-0.11,1990ApJS...74.1075M,4
* iot Aur,3950,1.15,-0.18,2007A&A...475.1003H,5
* iot Aur,,,0.0,1957ApJ...125..123S,6
* iot Aur,4207,1.33,0.1,2014AJ....147..137L,7
* iot Aur,4160,1.74,-0.11,1990ApJS...74.1075M,8
* iot Aur,4160,1.74,-0.11,1990ApJS...74.1075M,9
* iot Aur,,,0.0,1957ApJ...125..123S,10
* iot Cap,5250,3.012,0.083,2024A&A...691A..53S,1
* iot Cap,5477,4.0,-0.23,2024A&A...683A.125P,2
* iot Cap,5123,2.85,-0.03,2022A&A...663A...4S,3
* iot Cap,5012,2.7,-0.23,2008AJ....135..209M,4
* iot Cap,5100,,-0.3,2020A&A...633A..34C,5
* iot Cap,5250,2.75,0.13,1992MNRAS.256..535J,6
* iot Cap,5105,,,1998A&AS..129..505B,7
* iot Cap,5080,2.74,-0.23,1990ApJS...74.1075M,8
* iot Cap,5069,,,1998A&A...339..858D,9
* iot Cap,5025,3.0,-0.15,2007A&A...475.1003H,10
* iot Cap,5157,3.14,-0.09,2016A&A...587A...2B,11
* iot Cap,5244,3.07,0.07,2014ApJ...785...94L,12
* iot Cap,5200,3.05,0.05,2015A&A...574A..50J,13
* iot Cap,5174,3.16,0.01,2007AJ....133.2464L,14
* iot Cap,5250,2.75,0.13,1992MNRAS.256..535J,15
* iot Cap,5080,2.74,-0.23,1990ApJS...74.1075M,16
* iot Cap,,,-0.05,2008A&A...480...91S,17
* iot Cap,5107,2.74,-0.05,2008A&A...480...91S,18
* iot Cap,5250,2.75,0.13,1992MNRAS.256..535J,19
* iot Cap,5080,2.74,-0.23,1990ApJS...74.1075M,20
* iot Car,7500,1.6,0.02,1992ApJS...79..303L,1
* iot Car,7304,1.4,-0.4,1984Ap.....20...57B,2
* iot Car,7304,1.4,-0.4,1984Afz....20...85B,3
* iot Car,7304,1.4,-0.3,1985ApJ...298..782L,4
* iot Car,7500,1.6,0.02,1992ApJS...79..303L,5
* iot Car,7304,1.4,-0.3,1985ApJ...298..782L,6
* iot Car,7304,1.4,-0.4,1984Afz....20...85B,7
* iot Cen,10207,4.06,,2003AJ....125.1598L,1
* iot Cen,9308,,,1998A&A...339..858D,2
* iot Cen,9102,,,1998A&AS..129..505B,3
* iot Cen,9030,,,1995A&AS..110..553S,4
* iot Cep,4707,2.48,-0.08,2021MNRAS.505.4496G,1
* iot Cep,4779,2.61,0.01,2022A&A...663A...4S,2
* iot Cep,4990,3.35,0.09,1973A&A....23..369V,3
* iot Cep,4873,2.91,-0.01,2015A&A...580A..24D,4
* iot Cep,4865,2.83,0.21,2001ApJ...551L..85Z,5
* iot Cep,4830,3.0,0.05,2007A&A...475.1003H,6
* iot Cep,4811,2.75,-0.04,2011A&A...526A..71D,7
* iot Cep,4800,1.92,0.14,1982MNRAS.201..807G,8
* iot Cep,4770,2.97,-0.12,1990ApJS...74.1075M,9
* iot Cep,4711,,,2006MNRAS.371..879K,10
* iot Cep,4698,2.4,-0.16,2006A&A...456.1109M,11
* iot Cep,4675,2.15,0.02,1995AJ....110.2968L,12
* iot Cep,4794,2.76,-0.09,2016A&A...587A...2B,13
* iot Cep,4780,2.54,0.01,2011A&A...531A.165P,14
* iot Cep,4675,2.15,0.02,1995AJ....110.2968L,15
* iot Cep,4770,2.97,-0.12,1990ApJS...74.1075M,16
* iot Cep,4800,1.92,0.14,1982MNRAS.201..807G,17
* iot Cep,,,-0.16,2008A&A...480...91S,18
* iot Cep,4752,2.54,0.01,2008A&A...480...91S,19
* iot Cep,4675,2.15,0.02,1995AJ....110.2968L,20
* iot Cep,4770,2.97,-0.12,1990ApJS...74.1075M,21
* iot Cep,4800,1.92,0.14,1982MNRAS.201..807G,22
* iot Cep,4990,3.35,0.09,1973A&A....23..369V,23
* iot Cet,4642,2.461,0.23,2024A&A...683A.125P,1
* iot Cet,4493,2.16,-0.02,2022A&A...663A...4S,2
* iot Cet,4446,2.1,-0.09,2008AJ....135..209M,3
* iot Cet,4500,2.34,-0.09,1990ApJS...74.1075M,4
* iot Cet,4500,2.25,0.03,2007A&A...475.1003H,5
* iot Cet,4500,2.34,-0.09,1990ApJS...74.1075M,6
* iot Cet,4500,2.34,-0.09,1990ApJS...74.1075M,7
* iot CMa,17000,3.0,,2023MNRAS.519.5472M,1
* iot CMa,16800,2.58,,2024A&A...687A.228D,2
* iot CMa,15600,2.59,,2022A&A...668A..92W,3
* iot CMa,18900,3.53,,2006MNRAS.371..252L,4
* iot CMa,17390,2.7,-0.17,1992ApJ...387..673G,5
* iot CMa,17390,2.7,-0.17,1992ApJ...387..673G,6
* iot Cnc,4924,2.28,0.03,2022A&A...663A...4S,1
* iot Cnc,4853,2.5,-0.14,2008AJ....135..209M,2
* iot Cnc,4960,2.69,-0.14,1990ApJS...74.1075M,3
* iot Cnc,4913,,,2005ApJ...626..446R,4
* iot Cnc,4913,,,2009A&A...497..497G,5
* iot Cnc,4911,,,1999A&AS..139..335A,6
* iot Cnc,4900,2.2,-0.07,1990AJ.....99.1961F,7
* iot Cnc,4846,2.0,0.2,1981ApJ...247.1052S,8
* iot Cnc,4905,2.25,-0.06,2014ApJ...785...94L,9
* iot Cnc,5028,2.4,0.25,2014AJ....147..137L,10
* iot Cnc,4960,2.69,-0.14,1990ApJS...74.1075M,11
* iot Cnc,4900,2.2,-0.07,1990AJ.....99.1961F,12
* iot Cnc,4846,2.0,0.2,1981ApJ...247.1052S,13
* iot Cnc,,,-0.05,2008A&A...480...91S,14
* iot Cnc,4960,2.69,-0.14,1990ApJS...74.1075M,15
* iot Cnc,4900,2.2,-0.07,1990AJ.....99.1961F,16
* iot Cnc,4846,2.0,0.2,1981ApJ...247.1052S,17
* iot Cnc,4755,1.8,-0.2,1977A&A....54..465P,18
* iot CrB,11500,4.0,,2023MNRAS.519.5472M,1
* iot CrB,12277,4.36,0.0,2021MNRAS.505.4496G,2
* iot CrB,11000,3.9,0.0,2016A&A...589A..83G,3
* iot CrB,12600,3.8,0.8,1967cmrs..R....339A,4
* iot CrB,11721,3.75,-0.2,1976IAUCo..32..521K,5
* iot CrB,11200,3.65,-0.11,1989MNRAS.239..487A,6
* iot CrB,11000,4.0,0.35,1993A&A...274..335S,7
* iot CrB,10957,4.1,0.7,1979ApJS...41..675H,8
* iot CrB,10957,3.7,0.17,1970ApJ...161..189R,9
* iot CrB,10500,3.5,0.17,1977ApJ...213..121A,10
* iot CrB,10080,3.2,-0.19,1967ApJS...15...21W,11
* iot CrB,10727,3.84,-0.01,2011A&A...531A.165P,12
* iot CrB,11000,4.0,0.35,1993A&A...274..335S,13
* iot CrB,11200,3.65,-0.11,1989MNRAS.239..487A,14
* iot CrB,10957,4.1,0.7,1979ApJS...41..675H,15
* iot CrB,10500,3.5,0.17,1977ApJ...213..121A,16
* iot CrB,11721,3.75,-0.2,1976IAUCo..32..521K,17
* iot CrB,10957,3.7,0.17,1970ApJ...161..189R,18
* iot CrB,10080,3.2,-0.19,1967ApJS...15...21W,19
* iot CrB,12600,3.8,0.8,1967cmrs..R....339A,20
* iot CrB,12000,3.75,-0.18,1966ApJ...145..141S,21
* iot Cyg,7500,2.9,-0.5,2016A&A...589A..83G,1
* iot Cyg,8260,,,2012A&A...537A.120Z,2
* iot Dra,4571,2.42,0.12,2024A&A...691A..53S,1
* iot Dra,4424,2.38,-0.1,2021MNRAS.505.4496G,2
* iot Dra,4582,2.72,0.19,2016A&A...588A..98M,3
* iot Dra,4525,2.52,0.13,2023ApJS..266...41P,4
* iot Dra,4536,2.67,0.11,2022A&A...663A...4S,5
* iot Dra,,2.4,0.11,2022A&A...661A..63W,6
* iot Dra,4509,2.57,-0.11,2022ApJS..259...45T,7
* iot Dra,4537,2.61,0.12,2020MNRAS.494.1724J,8
* iot Dra,4477,2.5,0.03,2008AJ....135..209M,9
* iot Dra,4580,,0.0,2020A&A...633A..34C,10
* iot Dra,4775,3.09,0.13,2004A&A...415.1153S,11
* iot Dra,4750,3.15,0.09,2003A&A...398..363S,12
* iot Dra,4683,3.03,0.12,2015A&A...580A..24D,13
* iot Dra,4605,2.95,0.11,2007A&A...475.1003H,14
* iot Dra,4547,2.63,0.07,2011A&A...526A..71D,15
* iot Dra,4537,,,2006MNRAS.371..879K,16
* iot Dra,4505,,,1998A&A...339..858D,17
* iot Dra,4499,,,2005ApJ...626..446R,18
* iot Dra,4490,2.74,0.03,1990ApJS...74.1075M,19
* iot Dra,4476,,,2009A&A...497..497G,20
* iot Dra,4452,,,2005ApJ...626..446R,21
* iot Dra,4400,2.74,0.33,1998A&A...338..623M,22
* iot Dra,4527,2.58,-0.05,2016A&A...587A...2B,23
* iot Dra,4628,2.74,,2015A&A...579A..20M,24
* iot Dra,4504,2.52,0.03,2015A&A...574A..50J,25
* iot Dra,4584,2.73,0.13,2013AJ....146...73P,26
* iot Dra,4882,3.67,-0.13,2013A&A...556A.150S,27
* iot Dra,4577,2.7,0.18,2013A&A...554A..84M,28
* iot Dra,4526,2.64,,2003AJ....126.2048G,29
* iot Dra,4520,2.61,0.12,2011A&A...531A.165P,30
* iot Dra,4525,2.52,0.13,2012A&A...538A.143K,31
* iot Dra,4400,2.74,0.33,1998A&A...338..623M,32
* iot Dra,4490,2.74,0.03,1990ApJS...74.1075M,33
* iot Dra,,,0.16,2008A&A...480...91S,34
* iot Dra,4552,2.96,0.16,2008A&A...480...91S,35
* iot Dra,4490,2.74,0.03,1990ApJS...74.1075M,36
* iot Dra,4541,2.6,0.3,1974MNRAS.167..359W,37
* iot Eri,4818,2.61,-0.32,2024A&A...683A.125P,1
* iot Eri,4720,2.37,-0.36,2024A&A...682A.145S,2
* iot Eri,4731,2.45,-0.36,2022A&A...663A...4S,3
* iot Eri,4794,2.69,-0.304,2022A&A...657A..87O,4
* iot Eri,4732,2.6,-0.33,2015MNRAS.448.2749A,5
* iot Eri,4777,2.65,-0.34,2015MNRAS.448.2749A,6
* iot Eri,4794,2.69,-0.34,2015MNRAS.448.2749A,7
* iot Eri,4739,2.74,-0.32,2015MNRAS.448.2749A,8
* iot Eri,4777,2.65,-0.34,2015MNRAS.448.2749A,9
* iot Eri,4766,,,1998A&AS..129..505B,10
* iot Eri,4732,2.6,-0.33,2007MNRAS.382..553L,11
* iot Eri,4696,,,1998A&A...339..858D,12
* iot Gem,4801,2.63,-0.07,2025A&A...703A.128B,1
* iot Gem,4802,2.47,-0.01,2021MNRAS.505.4496G,2
* iot Gem,4779,2.4,-0.1,2022A&A...663A...4S,3
* iot Gem,4799,2.57,-0.11,2020MNRAS.494.1724J,4
* iot Gem,4753,2.8,-0.17,2008AJ....135..209M,5
* iot Gem,4800,,-0.2,2020A&A...633A..34C,6
* iot Gem,4912,2.82,-0.03,2015A&A...580A..24D,7
* iot Gem,4885,2.73,-0.08,2011A&A...526A..71D,8
* iot Gem,4799,,,2006MNRAS.371..879K,9
* iot Gem,4799,2.35,-0.14,2006A&A...456.1109M,10
* iot Gem,4770,2.92,-0.17,1990ApJS...74.1075M,11
* iot Gem,4766,,,1998A&AS..129..505B,12
* iot Gem,4725,2.15,-0.07,1995AJ....110.2968L,13
* iot Gem,4421,,0.16,1958ApJ...127..172G,14
* iot Gem,4831,2.7,-0.18,2016A&A...587A...2B,15
* iot Gem,4825,2.57,-0.11,2011A&A...531A.165P,16
* iot Gem,4725,2.15,-0.07,1995AJ....110.2968L,17
* iot Gem,4770,2.92,-0.17,1990ApJS...74.1075M,18
* iot Gem,,,-0.14,2008A&A...480...91S,19
* iot Gem,4788,2.55,-0.12,2007MNRAS.374..664C,20
* iot Gem,4777,2.44,-0.13,2008A&A...480...91S,21
* iot Gem,4725,2.15,-0.07,1995AJ....110.2968L,22
* iot Gem,4770,2.92,-0.17,1990ApJS...74.1075M,23
* iot Gem,4421,,0.16,1958ApJ...127..172G,24
* iot Gru,4966,2.709,0.15,2022A&A...657A..87O,1
* iot Her,18000,4.0,,2023MNRAS.519.5472M,1
* iot Her,14346,3.6064,0.7901,2024A&A...681A.107R,2
* iot Her,18728,4.28,0.0,2021MNRAS.505.4496G,3
* iot Her,17789,3.87,0.0,2023ApJS..266...41P,4
* iot Her,17500,3.8,0.02,2018MNRAS.477.3343S,5
* iot Her,17280,3.88,,2015MNRAS.454...28M,6
* iot Her,16880,3.81,,2015MNRAS.454...28M,7
* iot Her,18090,3.97,,2015MNRAS.454...28M,8
* iot Her,17050,3.83,,2015MNRAS.454...28M,9
* iot Her,20160,3.75,0.0,1970A&A.....6...93K,10
* iot Her,19385,3.5,0.71,1967cmrs..R....339A,11
* iot Her,19100,,,2009A&A...501..297Z,12
* iot Her,18090,,,1995A&AS..110..553S,13
* iot Her,18000,4.0,-0.4,1970ApJ...159..525P,14
* iot Her,17500,3.8,0.01,2012A&A...539A.143N,15
* iot Her,17500,3.8,,2013A&A...551A..30B,16
* iot Her,17678,3.69,0.02,2011A&A...531A.165P,17
* iot Her,17789,3.87,0.0,2012A&A...538A.143K,18
* iot Her,18000,4.0,-0.4,1970ApJ...159..525P,19
* iot Her,20160,3.75,0.0,1970A&A.....6...93K,20
* iot Her,19385,3.5,0.71,1967cmrs..R....339A,21
* iot Lep,9996,3.9194,-0.7264,2024A&A...681A.107R,1
* iot Lep,13280,,,2009A&A...501..297Z,2
* iot Lep,12618,,,2012A&A...537A.120Z,3
* iot Lep,12050,,,1995A&AS..110..553S,4
* iot Peg,6419,4.15,-0.11,2025A&A...698A..93J,1
* iot Peg,6419,4.15,-0.11,2024A&A...682A.145S,2
* iot Peg,6470,4.31,-0.11,2022A&A...663A...4S,3
* iot Peg,6504,4.19,-0.1,2017AJ....153...21L,4
* iot Peg,6514,4.21,-0.09,2018AJ....155..111L,5
* iot Peg,6570,4.6,-0.15,2006AJ....131.3069L,6
* iot Peg,6570,4.6,-0.15,2005AJ....129.1063L,7
* iot Peg,6536,,,2011A&A...530A.138C,8
* iot Peg,6496,4.25,-0.17,2000A&AS..141..491C,9
* iot Peg,6480,4.3,-0.08,2000ApJ...530..939C,10
* iot Peg,6455,4.3,-0.22,2004A&A...420..183A,11
* iot Peg,6394,4.19,-0.29,2007A&A...465..271R,12
* iot Peg,6324,,,2013ApJ...771...40B,13
* iot Peg,6300,,0.1,1985ApJ...290..284H,14
* iot Peg,6288,,,1998A&AS..129..505B,15
* iot Peg,5727,,-0.1,1965ApJ...141..588H,16
* iot Peg,6565,4.25,-0.03,2016ApJS..225...32B,17
* iot Peg,6504,3.96,-0.22,2016A&A...587A...2B,18
* iot Peg,6495,4.2,-0.16,2013ApJ...764...78R,19
* iot Peg,6495,4.2,-0.16,2012ApJ...756...46R,20
* iot Peg,6455,4.3,7.45,2004A&A...420..183A,21
* iot Peg,6480,4.3,-0.08,2000ApJ...530..939C,22
* iot Peg,6496,4.25,-0.17,2000A&AS..141..491C,23
* iot Peg,6300,,0.1,1985ApJ...290..284H,24
* iot Peg,6300,,0.1,1985ApJ...290..284H,25
* iot Peg,5727,,-0.1,1965ApJ...141..588H,26
* iot Per,5921,4.17,0.09,2024A&A...682A.145S,1
* iot Per,5914,4.201,0.1441,2022ApJS..259...35A,2
* iot Per,6031,4.27,-0.01,2021MNRAS.505.4496G,3
* iot Per,5952,4.22,0.09,2022A&A...663A...4S,4
* iot Per,5916,4.182,0.116,2021ApJS..255....8R,5
* iot Per,5963,4.2,0.11,2020MNRAS.494.1724J,6
* iot Per,5940,4.1,0.14,2021AJ....161..134H,7
* iot Per,5963,4.2,0.06,2015MNRAS.454.1585M,8
* iot Per,5995,4.15,0.11,2017AJ....153...21L,9
* iot Per,5977,4.19,0.09,2018A&A...614A..55A,10
* iot Per,6246,,,2009A&A...497..497G,11
* iot Per,6045,4.24,0.1,2015ApJ...808..148S,12
* iot Per,6044,,,2011A&A...530A.138C,13
* iot Per,6032,4.31,0.16,2005ApJS..159..141V,14
* iot Per,6019,4.25,0.12,2009A&A...508L..17R,15
* iot Per,6015,4.36,0.1,2006AJ....131.3069L,16
* iot Per,6015,4.36,0.1,2005AJ....129.1063L,17
* iot Per,6008,4.33,0.151,2010MNRAS.403.1368G,18
* iot Per,6000,4.0,0.1,1977AcA....27..145K,19
* iot Per,6000,,0.05,1970MNRAS.148..477P,20
* iot Per,5996,,,1996A&AS..117..227A,21
* iot Per,5981,,,1998A&AS..129..505B,22
* iot Per,5975,,,2005ApJ...626..446R,23
* iot Per,5966,4.15,0.03,2000Priv.C........F,24
* iot Per,5963,,,2004A&A...427..933K,25
* iot Per,5963,,,2003A&A...411..559K,26
* iot Per,5963,4.2,0.06,2004A&A...418..551M,27
* iot Per,5951,,,1998A&A...339..858D,28
* iot Per,5947,4.26,0.11,2015A&A...580A..24D,29
* iot Per,5929,4.09,-0.01,1974A&A....36..191H,30
* iot Per,5929,,0.14,1961ApJS....6..407W,31
* iot Per,5915,,,2012ApJ...746..101B,32
* iot Per,5911,4.21,0.06,2007A&A...465..271R,33
* iot Per,5877,4.27,0.01,2004A&A...420..183A,34
* iot Per,5867,4.01,0.03,2000A&AS..141..491C,35
* iot Per,5853,4.2,0.01,2006ApJ...652.1604B,36
* iot Per,5838,,,2013ApJ...771...40B,37
* iot Per,5832,,,2013ApJ...771...40B,38
* iot Per,5793,,0.26,1965ApJ...141..588H,39
* iot Per,5793,,0.01,1967MNRAS.137...41A,40
* iot Per,5648,,,2013ApJ...771...40B,41
* iot Per,5938,4.18,0.14,2016ApJS..225...32B,42
* iot Per,5901,4.06,0.04,2016A&A...587A...2B,43
* iot Per,5970,4.14,0.13,2016A&A...587A...2B,44
* iot Per,5955,4.35,,2014MNRAS.444.2251L,45
* iot Per,6045,4.24,0.1,2015ApJ...808..148S,46
* iot Per,5951,4.19,,2015A&A...579A..20M,47
* iot Per,5963,4.2,0.06,2013A&A...552A.128M,48
* iot Per,5968,4.19,0.08,2013ApJ...764...78R,49
* iot Per,5968,4.19,0.08,2012ApJ...756...46R,50
* iot Per,5899,4.17,,2003AJ....126.2048G,51
* iot Per,5877,4.27,7.59,2004A&A...420..183A,52
* iot Per,5955,4.12,0.04,2011AJ....141...90L,53
* iot Per,5955,4.17,0.11,2011AJ....141...90L,54
* iot Per,5963,4.2,0.06,2011ARep...55..689M,55
* iot Per,5947,4.15,0.11,2011A&A...531A.165P,56
* iot Per,5975,4.14,0.11,2012A&A...541A..40M,57
* iot Per,5966,4.15,0.03,2000Priv.C........F,58
* iot Per,5867,4.01,0.03,2000A&AS..141..491C,59
* iot Per,6000,4.0,0.1,1977AcA....27..145K,60
* iot Per,5793,,0.01,1967MNRAS.137...41A,61
* iot Per,6000,,0.05,1970MNRAS.148..477P,62
* iot Per,5929,4.09,-0.01,1974A&A....36..191H,63
* iot Per,5793,,0.26,1965ApJ...141..588H,64
* iot Per,5929,,0.14,1961ApJS....6..407W,65
* iot Psc,6169,4.09,-0.14,2025A&A...698A..93J,1
* iot Psc,6343,4.32,-0.06,2024A&A...683A.125P,2
* iot Psc,6169,4.09,-0.14,2024A&A...682A.145S,3
* iot Psc,6256,4.04,-0.08,2021MNRAS.505.4496G,4
* iot Psc,6200,4.15,-0.14,2022A&A...663A...4S,5
* iot Psc,6170,4.09,-0.15,2013MNRAS.435..952S,6
* iot Psc,6177,4.08,-0.09,2017AJ....153...21L,7
* iot Psc,6177,4.08,-0.11,2017AJ....153...21L,8
* iot Psc,6179,4.08,-0.08,2018AJ....155..111L,9
* iot Psc,6192,4.12,-0.16,2018A&A...614A..55A,10
* iot Psc,6300,,,2011A&A...530A.138C,11
* iot Psc,6300,4.4,-0.11,2003AJ....126.2015H,12
* iot Psc,6300,4.35,-0.15,2006AJ....131.3069L,13
* iot Psc,6300,4.35,-0.15,2005AJ....129.1063L,14
* iot Psc,6288,,,2012ApJ...746..101B,15
* iot Psc,6279,4.15,-0.03,2005PASJ...57...27T,16
* iot Psc,6255,4.16,-0.17,1993A&A...275..101E,17
* iot Psc,6222,4.3,-0.45,1986A&A...166..216T,18
* iot Psc,6222,4.15,-0.1,1999ApJ...521..753T,19
* iot Psc,6204,4.18,-0.09,2005ApJS..159..141V,20
* iot Psc,6198,4.28,-0.17,1996A&A...314..191G,21
* iot Psc,6192,,,2013ApJ...771...40B,22
* iot Psc,6190,3.9,-0.01,2003MNRAS.341..199R,23
* iot Psc,6174,4.18,-0.14,2004A&A...420..183A,24
* iot Psc,6157,3.95,-0.19,1998A&A...338..161F,25
* iot Psc,6146,4.1,-0.26,1986A&A...166..216T,26
* iot Psc,6146,,0.09,1970MNRAS.148..477P,27
* iot Psc,6125,,-0.18,1997A&A...323..809F,28
* iot Psc,6121,4.11,-0.19,2007A&A...465..271R,29
* iot Psc,6119,4.19,-0.3,1990ApJ...354..310B,30
* iot Psc,6104,3.87,-0.12,2010MNRAS.403.1368G,31
* iot Psc,6072,3.72,-0.32,1989A&A...208..171G,32
* iot Psc,6000,3.96,-0.51,1974A&A....34..263H,33
* iot Psc,5929,4.0,-0.18,1986ApJ...309..762B,34
* iot Psc,6191,4.02,-0.2,2016A&A...587A...2B,35
* iot Psc,6217,4.07,-0.18,2016A&A...587A...2B,36
* iot Psc,6206,4.11,-0.18,2016A&A...587A...2B,37
* iot Psc,6150,3.97,-0.16,2016A&A...587A...2B,38
* iot Psc,6184,4.02,,2015A&A...579A..20M,39
* iot Psc,6100,3.98,,2014MNRAS.442..220F,40
* iot Psc,6211,4.11,-0.12,2013ApJ...764...78R,41
* iot Psc,6211,4.11,-0.12,2012ApJ...756...46R,42
* iot Psc,6174,4.18,7.46,2004A&A...420..183A,43
* iot Psc,6160,4.14,-0.21,2011AJ....141...90L,44
* iot Psc,6160,4.18,-0.3,2011AJ....141...90L,45
* iot Psc,6160,4.17,-0.12,2011AJ....141...90L,46
* iot Psc,6160,4.18,-0.06,2011AJ....141...90L,47
* iot Psc,6200,4.13,-0.2,2010ApJ...720.1290G,48
* iot Psc,6231,4.14,-0.08,2011A&A...531A.165P,49
* iot Psc,6221,4.37,-0.13,2012A&A...541A..40M,50
* iot Psc,6279,4.15,-0.03,2007PASJ...59..335T,51
* iot Psc,6157,3.95,-0.19,1998A&A...338..161F,52
* iot Psc,6125,,-0.18,1997A&A...323..809F,53
* iot Psc,6198,4.28,-0.17,1996A&A...314..191G,54
* iot Psc,6255,4.16,-0.17,1993A&A...275..101E,55
* iot Psc,6119,4.19,-0.3,1990ApJ...354..310B,56
* iot Psc,6072,3.72,-0.32,1989A&A...208..171G,57
* iot Psc,6146,4.1,-0.26,1986A&A...166..216T,58
* iot Psc,6222,4.3,-0.45,1986A&A...166..216T,59
* iot Psc,5929,4.0,-0.18,1986ApJ...309..762B,60
* iot Psc,6170,4.09,-0.15,2007MNRAS.374..664C,61
* iot Psc,6255,4.16,-0.17,1993A&A...275..101E,62
* iot Psc,6119,4.19,-0.3,1990ApJ...354..310B,63
* iot Psc,6072,3.72,-0.32,1989A&A...208..171G,64
* iot Psc,6146,4.1,-0.26,1986A&A...166..216T,65
* iot Psc,6222,4.3,-0.45,1986A&A...166..216T,66
* iot Psc,5929,4.0,-0.18,1986ApJ...309..762B,67
* iot Psc,6000,3.96,-0.51,1974A&A....34..263H,68
* iot Psc,6146,,0.09,1970MNRAS.148..477P,69
* iot Sgr,4681,2.319,-0.26,2024A&A...683A.125P,1
* iot Sgr,4643,2.11,-0.26,2022A&A...663A...4S,2
* iot Sgr,4810,,-0.4,2020A&A...633A..34C,3
* iot Sgr,4770,2.5,-0.23,1992MNRAS.256..535J,4
* iot Sgr,4683,,,1998A&AS..129..505B,5
* iot Sgr,4567,,,1998A&A...339..858D,6
* iot Sgr,4600,1.89,-0.26,2014AJ....147..137L,7
* iot Sgr,4770,2.5,-0.23,1992MNRAS.256..535J,8
* iot Sgr,4770,2.5,-0.23,1992MNRAS.256..535J,9
* iot UMa,7600,3.5,-0.3,2016A&A...589A..83G,1
* iot UMa,7907,,,2012A&A...537A.120Z,2
* iot UMa,7769,3.91,,2003AJ....126.2048G,3
* iot Vir,6185,3.6678,-0.1282,2024A&A...683A.125P,1
* iot Vir,6224,3.8,-0.15,2021MNRAS.505.4496G,2
* iot Vir,5935,2.926,-0.529,2023ApJS..266...11B,3
* iot Vir,6161,3.86,-0.11,2022A&A...663A...4S,4
* iot Vir,,,-0.229,2020AJ....160...83S,5
* iot Vir,6028,3.48,,2020AJ....160...83S,6
* iot Vir,6207,3.86,-0.06,2018ApJS..238...29P,7
* iot Vir,6217,3.75,-0.06,2017AJ....153...21L,8
* iot Vir,6203,3.73,-0.28,2018A&A...614A..55A,9
* iot Vir,6374,4.08,-0.01,2005PASJ...57...27T,10
* iot Vir,6297,,,2011A&A...530A.138C,11
* iot Vir,6222,4.2,-0.09,1984Msngr..38...33E,12
* iot Vir,6177,3.94,-0.11,1993A&A...275..101E,13
* iot Vir,6168,,,1998A&AS..129..505B,14
* iot Vir,6146,3.8,-0.03,1986ApJ...309..762B,15
* iot Vir,6136,4.0,-0.31,1990ApJ...354..310B,16
* iot Vir,6127,3.71,-0.11,1996A&A...314..191G,17
* iot Vir,6112,3.78,-0.06,2000Priv.C........F,18
* iot Vir,4941,,-0.06,1966AnAp...29..593H,19
* iot Vir,6286,3.79,-0.15,2016A&A...587A...2B,20
* iot Vir,6193,3.72,-0.23,2013ApJ...764...78R,21
* iot Vir,6193,3.72,-0.23,2012ApJ...756...46R,22
* iot Vir,6035,3.49,,2013AJ....146..134K,23
* iot Vir,6096,3.84,-0.11,2011AJ....141...90L,24
* iot Vir,6096,3.74,-0.13,2011AJ....141...90L,25
* iot Vir,6207,3.86,-0.06,2011A&A...531A.165P,26
* iot Vir,6374,4.08,-0.01,2007PASJ...59..335T,27
* iot Vir,6112,3.78,-0.06,2000Priv.C........F,28
* iot Vir,6127,3.71,-0.11,1996A&A...314..191G,29
* iot Vir,6177,3.94,-0.11,1993A&A...275..101E,30
* iot Vir,6136,4.0,-0.31,1990ApJ...354..310B,31
* iot Vir,6146,3.8,-0.03,1986ApJ...309..762B,32
* iot Vir,6222,4.2,-0.09,1984Msngr..38...33E,33
* iot Vir,6116,3.83,-0.11,2007MNRAS.374..664C,34
* iot Vir,6177,3.94,-0.11,1993A&A...275..101E,35
* iot Vir,6136,4.0,-0.31,1990ApJ...354..310B,36
* iot Vir,6146,3.8,-0.03,1986ApJ...309..762B,37
* iot Vir,6222,4.2,-0.09,1984Msngr..38...33E,38
* iot Vir,4941,,-0.06,1966AnAp...29..593H,39
* kap01 Cet,5752,4.65,0.1,2024A&A...690A..97C,1
* kap01 Cet,5645,4.31,0.08,2025A&A...698A..93J,2
* kap01 Cet,5681,4.55,-0.02,2024A&A...692A.189R,3
* kap01 Cet,5786,4.5,0.04,2024A&A...682A.145S,4
* kap01 Cet,5643,4.479,0.0793,2022ApJS..259...35A,5
* kap01 Cet,5696,4.46,-0.01,2021MNRAS.505.4496G,6
* kap01 Cet,5694,4.39,0.04,2023ApJS..266...41P,7
* kap01 Cet,5709,4.51,0.04,2022A&A...663A...4S,8
* kap01 Cet,5770,4.5,0.1,2019MNRAS.485.4375D,9
* kap01 Cet,5780,4.6,0.14,2021AJ....161..134H,10
* kap01 Cet,5745,4.45,0.08,2015A&A...573A..67P,11
* kap01 Cet,5709,4.5,0.08,2015MNRAS.454.1585M,12
* kap01 Cet,5730,4.5,0.06,2017AJ....153...21L,13
* kap01 Cet,5680,4.4,0.06,2019MNRAS.487.3162C,14
* kap01 Cet,5695,4.47,0.04,2018A&A...614A..55A,15
* kap01 Cet,5929,,0.38,1965ApJ...141..588H,16
* kap01 Cet,5776,,,2012ApJ...746..101B,17
* kap01 Cet,5769,4.54,0.11,2005PASJ...57...27T,18
* kap01 Cet,5750,4.55,0.05,2003AJ....126.2015H,19
* kap01 Cet,5749,4.51,0.078,2010MNRAS.403.1368G,20
* kap01 Cet,5747,,,2011A&A...530A.138C,21
* kap01 Cet,5747,4.53,0.11,2002NewA....7..211G,22
* kap01 Cet,5742,4.49,0.12,2005ApJS..159..141V,23
* kap01 Cet,5723,,,2013ApJ...771...40B,24
* kap01 Cet,5723,4.46,0.02,2004AN....325....3F,25
* kap01 Cet,5718,,,2004A&A...427..933K,26
* kap01 Cet,5713,,,1998A&AS..129..505B,27
* kap01 Cet,5709,4.5,0.08,2012A&A...547A.106M,28
* kap01 Cet,5709,4.5,0.08,2008A&A...489..923M,29
* kap01 Cet,5700,4.55,0.05,2006AJ....131.3069L,30
* kap01 Cet,5700,4.55,0.05,2005AJ....129.1063L,31
* kap01 Cet,5667,4.29,-0.01,1994A&A...287..191P,32
* kap01 Cet,5663,4.45,0.08,1974A&A....36..191H,33
* kap01 Cet,5663,4.4,-0.01,1986A&A...160..264F,34
* kap01 Cet,5619,4.51,-0.02,2007A&A...465..271R,35
* kap01 Cet,5600,4.5,0.04,1989A&A...211..324C,36
* kap01 Cet,5564,4.52,-0.11,2004A&A...420..183A,37
* kap01 Cet,5553,4.5,-0.05,2006ApJ...652.1604B,38
* kap01 Cet,5605,4.4,0.04,2016A&A...587A...2B,39
* kap01 Cet,5637,4.48,0.12,2016A&A...587A...2B,40
* kap01 Cet,5778,4.57,,2015A&A...579A..20M,41
* kap01 Cet,5860,4.8,0.14,2013AJ....146...73P,42
* kap01 Cet,5709,4.5,0.08,2013A&A...552A.128M,43
* kap01 Cet,5663,4.47,0.0,2013ApJ...764...78R,44
* kap01 Cet,5663,4.47,0.0,2012ApJ...756...46R,45
* kap01 Cet,5709,4.5,0.08,2012A&A...547A.106M,46
* kap01 Cet,5564,4.52,7.49,2004A&A...420..183A,47
* kap01 Cet,5704,4.46,0.05,2011AJ....141...90L,48
* kap01 Cet,5704,4.43,0.04,2011AJ....141...90L,49
* kap01 Cet,5723,4.36,0.09,2010ApJ...720.1290G,50
* kap01 Cet,5733,4.45,0.12,2011A&A...531A.165P,51
* kap01 Cet,5718,4.52,0.09,2012A&A...541A..40M,52
* kap01 Cet,5769,4.54,0.11,2007PASJ...59..335T,53
* kap01 Cet,5694,4.39,0.04,2012A&A...538A.143K,54
* kap01 Cet,5667,4.29,-0.01,1994A&A...287..191P,55
* kap01 Cet,5600,4.5,0.04,1989A&A...211..324C,56
* kap01 Cet,5663,4.4,-0.01,1986A&A...160..264F,57
* kap01 Cet,5708,4.51,0.05,2008A&A...480...91S,58
* kap01 Cet,5667,4.29,-0.01,1994A&A...287..191P,59
* kap01 Cet,5600,4.5,0.04,1989A&A...211..324C,60
* kap01 Cet,5663,4.4,-0.01,1986A&A...160..264F,61
* kap01 Cet,5663,4.45,0.08,1974A&A....36..191H,62
* kap01 Cet,5929,,0.38,1965ApJ...141..588H,63
* kap01 Tau,7900,3.4,-0.1,2016A&A...589A..83G,1
* kap01 Tau,8091,3.91,,2016A&A...585A...7K,2
* kap01 Tau,8290,3.83,0.05,2010A&A...523A..71G,3
* kap01 Tau,8204,,,2012A&A...537A.120Z,4
* kap Cen,19890,,,1995A&AS..110..553S,1
* kap Col,5026,2.999,0.2,2024A&A...683A.125P,1
* kap Col,4876,2.45,0.09,2022A&A...663A...4S,2
* kap Col,4940,,0.0,2020A&A...633A..34C,3
* kap Cyg,4989,2.98,0.06,2022A&A...663A...4S,1
* kap Cyg,4971,2.98,-0.11,2022ApJS..259...45T,2
* kap Cyg,4920,2.7,-0.08,2008AJ....135..209M,3
* kap Cyg,5021,3.02,0.1,2018A&A...615A..31D,4
* kap Cyg,5099,,,2009A&A...497..497G,5
* kap Cyg,5050,3.25,0.09,2007A&A...475.1003H,6
* kap Cyg,5040,2.59,0.11,1982MNRAS.201..807G,7
* kap Cyg,5000,2.95,-0.08,1990ApJS...74.1075M,8
* kap Cyg,4997,,,1998A&AS..129..505B,9
* kap Cyg,4947,,,1999A&AS..139..335A,10
* kap Cyg,4935,,,2005ApJ...626..446R,11
* kap Cyg,4922,,,1998A&A...339..858D,12
* kap Cyg,4986,2.78,0.04,2014ApJ...785...94L,13
* kap Cyg,5021,3.02,0.1,2016A&A...585A..73N,14
* kap Cyg,4880,2.6,0.19,2012AJ....144...20A,15
* kap Cyg,5000,2.95,-0.08,1990ApJS...74.1075M,16
* kap Cyg,5040,2.59,0.11,1982MNRAS.201..807G,17
* kap Cyg,,,-0.03,2008A&A...480...91S,18
* kap Cyg,5000,2.95,-0.08,1990ApJS...74.1075M,19
* kap Cyg,5040,2.59,0.11,1982MNRAS.201..807G,20
* kap Dra,16906,3.19,-0.12,2023ApJS..266...41P,1
* kap Dra,14859,3.15,,2001A&A...378..861C,2
* kap Dra,13900,,,1999A&A...349..151M,3
* kap Dra,16906,3.19,-0.12,2012A&A...538A.143K,4
* kap Eri,14700,3.5,,2006MNRAS.371..252L,1
* kap Gem,5034,2.67,0.1,2021MNRAS.505.4496G,1
* kap Gem,4982,2.73,-0.02,2022A&A...663A...4S,2
* kap Gem,5032,2.61,-0.01,2020MNRAS.494.1724J,3
* kap Gem,4932,2.8,-0.16,2008AJ....135..209M,4
* kap Gem,5040,,-0.2,2020A&A...633A..34C,5
* kap Gem,5120,2.98,0.03,2015A&A...580A..24D,6
* kap Gem,5108,,,2009A&A...497..497G,7
* kap Gem,5032,,,2006MNRAS.371..879K,8
* kap Gem,5032,2.6,0.05,2006A&A...456.1109M,9
* kap Gem,5030,2.95,-0.02,2007A&A...475.1003H,10
* kap Gem,5010,,,2005ApJ...626..446R,11
* kap Gem,5001,,,1999A&AS..139..335A,12
* kap Gem,5000,2.9,-0.16,1990ApJS...74.1075M,13
* kap Gem,4950,2.9,-0.2,1998A&A...338..623M,14
* kap Gem,4900,2.4,0.23,1990AJ.....99.1961F,15
* kap Gem,4421,,-0.2,1958ApJ...127..172G,16
* kap Gem,3907,,0.0,1957ApJ...126..357B,17
* kap Gem,5096,3.0,-0.04,2016A&A...587A...2B,18
* kap Gem,4979,2.58,-0.06,2014ApJ...785...94L,19
* kap Gem,5029,2.61,-0.01,2011A&A...531A.165P,20
* kap Gem,5101,3.04,0.03,2007AJ....133.2464L,21
* kap Gem,4950,2.9,-0.2,1998A&A...338..623M,22
* kap Gem,5000,2.9,-0.16,1990ApJS...74.1075M,23
* kap Gem,4900,2.4,0.23,1990AJ.....99.1961F,24
* kap Gem,,,0.05,2008A&A...480...91S,25
* kap Gem,5017,2.63,-0.08,2007MNRAS.374..664C,26
* kap Gem,4996,2.72,-0.04,2008A&A...480...91S,27
* kap Gem,5000,2.9,-0.16,1990ApJS...74.1075M,28
* kap Gem,4900,2.4,0.23,1990AJ.....99.1961F,29
* kap Gem,4421,,-0.2,1958ApJ...127..172G,30
* kap Gem,3907,,0.0,1957ApJ...126..357B,31
* kap Lep,12980,,,1995A&AS..110..553S,1
* kap Lep,12750,,,2009A&A...501..297Z,2
* kap Lep,11588,,,2012A&A...537A.120Z,3
* kap Nor,4996,2.341,-0.046,2022A&A...657A..87O,1
* kap Oph,4499,2.49,0.02,2024A&A...682A.145S,1
* kap Oph,4545,2.38,0.02,2022A&A...663A...4S,2
* kap Oph,4529,2.5,-0.03,2008AJ....135..209M,3
* kap Oph,4655,2.7,0.07,2007A&A...475.1003H,4
* kap Oph,4582,2.3,0.07,1976ApJS...30...61P,5
* kap Oph,4582,2.3,-0.06,1976ApJS...30...61P,6
* kap Oph,4560,2.62,-0.03,1990ApJS...74.1075M,7
* kap Oph,4388,,,1998A&A...339..858D,8
* kap Oph,4564,2.5,,2003AJ....126.2048G,9
* kap Oph,4560,2.62,-0.03,1990ApJS...74.1075M,10
* kap Oph,,,-0.03,2008A&A...480...91S,11
* kap Oph,4560,2.62,-0.03,1990ApJS...74.1075M,12
* kap Oph,4582,2.3,-0.06,1976ApJS...30...61P,13
* kap Oph,4582,2.3,0.07,1976ApJS...30...61P,14
* kap Ori,26700,2.95,,2024A&A...687A.228D,1
* kap Ori,26000,3.5,,2024ApJ...971..166M,2
* kap Ori,27500,3.0,,2000A&A...357..597V,3
* kap Ori,26500,2.7,,2006A&A...446..279C,4
* kap Ori,23170,,,2009A&A...501..297Z,5
* kap Pav,5450,1.3,0.1,2018MNRAS.477.2276K,1
* kap Peg,6636,,,2011A&A...530A.138C,1
* kap Peg,6579,3.99,-0.37,1990ApJ...354..310B,2
* kap Peg,6579,3.99,-0.37,1990ApJ...354..310B,3
* kap Peg,6579,3.99,-0.37,1990ApJ...354..310B,4
* kap Phe,7922,3.97,,2003AJ....125.1598L,1
* kap Phe,8017,,,1998A&A...339..858D,2
* kap Phe,7906,4.17,-0.04,2003A&A...398.1121E,3
* kap Phe,7882,,,1998A&AS..129..505B,4
* kap Phe,7670,,,1995A&AS..110..553S,5
* kap Psc,10000,4.5,,2023MNRAS.519.5472M,1
* kap Psc,9680,3.98,1.0,2021MNRAS.505.4496G,2
* kap Psc,10228,3.71,0.78,2011A&A...531A.165P,3
* kap Psc,10286,3.7,-0.18,2007MNRAS.374..664C,4
* kap Psc,10286,3.7,-0.18,1966ApJ...145..141S,5
* kap Sco,24720,,,2009A&A...501..297Z,1
* kap Sco,23170,,,1995A&AS..110..553S,2
* kap Ser,3700,,0.0,2020A&A...633A..34C,1
* kap Ser,3575,,,1998AJ....116..981V,2
* kap UMa,9311,,,2012A&A...537A.120Z,1
* kap UMa,9080,,,2009A&A...501..297Z,2
* kap Vel,22120,,,1995A&AS..110..553S,1
* kap Vir,4235,1.83,-0.43,2016A&A...588A..98M,1
* kap Vir,4169,1.56,-0.45,2022A&A...663A...4S,2
* kap Vir,4188,2.0,-0.39,2008AJ....135..209M,3
* kap Vir,4175,1.6,-0.47,2007A&A...475.1003H,4
* kap Vir,4135,,,1998A&A...339..858D,5
* kap Vir,4125,1.05,-0.51,1995AJ....110.2968L,6
* kap Vir,4120,2.06,-0.39,1990ApJS...74.1075M,7
* kap Vir,4235,1.83,-0.43,2013A&A...554A..84M,8
* kap Vir,4125,1.05,-0.51,1995AJ....110.2968L,9
* kap Vir,4120,2.06,-0.39,1990ApJS...74.1075M,10
* kap Vir,4125,1.05,-0.51,1995AJ....110.2968L,11
* kap Vir,4120,2.06,-0.39,1990ApJS...74.1075M,12
* ksi01 Cet,5759,2.873,-0.273,2022AJ....163..152S,1
* ksi01 Cet,5107,2.555,-0.1926,2022ApJS..259...35A,2
* ksi01 Cet,5088,2.4,-0.11,2022A&A...663A...4S,3
* ksi01 Cet,5120,2.49,-0.14,2007A&A...468..679S,4
* ksi01 Cet,5100,2.0,-0.01,1990AJ.....99.1961F,5
* ksi01 Cet,5050,2.22,-0.06,1991ApJS...75..579L,6
* ksi01 Cet,5040,2.82,-0.29,1990ApJS...74.1075M,7
* ksi01 Cet,5129,2.47,-0.05,2014AJ....147..137L,8
* ksi01 Cet,5050,2.22,-0.06,1991ApJS...75..579L,9
* ksi01 Cet,5040,2.82,-0.29,1990ApJS...74.1075M,10
* ksi01 Cet,5100,2.0,-0.01,1990AJ.....99.1961F,11
* ksi01 Cet,5050,2.22,-0.06,1991ApJS...75..579L,12
* ksi01 Cet,5040,2.82,-0.29,1990ApJS...74.1075M,13
* ksi01 Cet,5100,2.0,-0.01,1990AJ.....99.1961F,14
* ksi01 Cet,5143,3.0,0.0,1977A&A....54..465P,15
* ksi02 Cet,10500,4.5,,2023MNRAS.519.5472M,1
* ksi02 Cet,10900,4.1,-0.1,2016A&A...589A..83G,2
* ksi02 Cet,11300,,,1995A&AS..110..553S,3
* ksi02 Cet,10630,,,2009A&A...501..297Z,4
* ksi02 Cet,10543,4.07,0.36,2003A&A...398.1121E,5
* ksi02 Cet,10396,,,2012A&A...542A.116A,6
* ksi02 Cet,10316,,,2005A&A...444..941P,7
* ksi02 Cet,10300,3.95,-0.04,1996A&A...315..526L,8
* ksi02 CMa,10197,,,2006A&A...458..293P,1
* ksi02 Sgr,4675,2.01,-0.02,2024A&A...683A.125P,1
* ksi02 Sgr,4565,2.03,-0.09,2022A&A...663A...4S,2
* ksi02 Sgr,4595,2.4,-0.01,2007A&A...475.1003H,3
* ksi02 Sgr,4560,2.23,-0.19,1990ApJS...74.1075M,4
* ksi02 Sgr,4560,2.23,-0.19,1990ApJS...74.1075M,5
* ksi02 Sgr,4560,2.23,-0.19,1990ApJS...74.1075M,6
* ksi Boo A,4244,4.6362,0.1444,2024A&A...681A.107R,1
* ksi Boo A,5620,4.52,-0.33,2022A&A...663A...4S,2
* ksi Boo A,5530,4.6,-0.12,2019MNRAS.485.4375D,3
* ksi Boo A,5591,4.42,-0.03,2015A&A...573A..67P,4
* ksi Boo A,5480,4.53,-0.18,2017AJ....153...21L,5
* ksi Boo A,5878,4.38,-0.83,2017AJ....153...21L,6
* ksi Boo A,5570,4.65,-0.04,2005ApJS..159..141V,7
* ksi Boo A,5550,4.5,-0.17,2006PASP..118..706P,8
* ksi Boo B,5500,4.5,,2023MNRAS.519.5472M,1
* ksi Boo B,4495,4.55,-0.25,2020AJ....159..174T,2
* ksi Boo B,4767,5.0,-0.02,2017AJ....153...21L,3
* ksi Boo B,5240,4.5,-0.48,2017AJ....153...21L,4
* ksi Dra,4479,2.41,-0.02,2022A&A...663A...4S,1
* ksi Dra,4472,2.56,0.04,2022A&A...666A.125F,2
* ksi Dra,4467,2.3,-0.09,2008AJ....135..209M,3
* ksi Dra,4458,2.72,0.01,2020ApJS..248...19T,4
* ksi Dra,4472,2.56,0.04,2019A&A...625A.141L,5
* ksi Dra,4472,2.56,0.01,2017A&A...598A.100J,6
* ksi Dra,4702,2.94,0.12,2015A&A...580A..24D,7
* ksi Dra,4500,2.34,-0.15,1982MNRAS.201..807G,8
* ksi Dra,4495,,,1998A&AS..129..505B,9
* ksi Dra,4494,,,2005ApJ...626..446R,10
* ksi Dra,4472,,,1999A&AS..139..335A,11
* ksi Dra,4447,,,1998A&A...339..858D,12
* ksi Dra,4437,,,2009A&A...497..497G,13
* ksi Dra,4420,2.61,-0.09,1990ApJS...74.1075M,14
* ksi Dra,4482,2.45,-0.11,2016A&A...587A...2B,15
* ksi Dra,4449,2.31,,2003AJ....126.2048G,16
* ksi Dra,4420,2.61,-0.09,1990ApJS...74.1075M,17
* ksi Dra,4500,2.34,-0.15,1982MNRAS.201..807G,18
* ksi Dra,,,-0.11,2008A&A...480...91S,19
* ksi Dra,4472,2.52,-0.11,2008A&A...480...91S,20
* ksi Dra,4420,2.61,-0.09,1990ApJS...74.1075M,21
* ksi Dra,4500,2.34,-0.15,1982MNRAS.201..807G,22
* ksi Gem,6537,3.79,0.14,2024A&A...682A.145S,1
* ksi Gem,6480,3.83,0.03,2023ApJS..266...41P,2
* ksi Gem,6612,,,2011A&A...530A.138C,3
* ksi Gem,6480,,,2012ApJ...746..101B,4
* ksi Gem,6478,,,2013ApJ...771...40B,5
* ksi Gem,6420,,,1995A&AS..110..553S,6
* ksi Gem,6455,3.61,,2003AJ....126.2048G,7
* ksi Her,4967,2.85,-0.07,2021MNRAS.505.4496G,1
* ksi Her,5058,2.86,0.0,2022A&A...663A...4S,2
* ksi Her,4966,2.8,-0.1,2008AJ....135..209M,3
* ksi Her,5050,,-0.1,2020A&A...633A..34C,4
* ksi Her,5220,3.28,0.06,2015A&A...580A..24D,5
* ksi Her,5168,3.21,0.07,2011A&A...526A..71D,6
* ksi Her,5085,3.2,0.0,2007A&A...475.1003H,7
* ksi Her,5030,2.92,-0.1,1990ApJS...74.1075M,8
* ksi Her,5011,,,1998A&AS..129..505B,9
* ksi Her,4990,2.5,0.27,1986A&AS...65...11K,10
* ksi Her,5082,3.18,0.02,2016A&A...587A...2B,11
* ksi Her,5051,3.11,0.0,2016A&A...587A...2B,12
* ksi Her,5091,2.87,0.09,2011A&A...531A.165P,13
* ksi Her,5119,3.19,0.07,2007AJ....133.2464L,14
* ksi Her,5030,2.92,-0.1,1990ApJS...74.1075M,15
* ksi Her,4990,2.5,0.27,1986A&AS...65...11K,16
* ksi Her,,,0.09,2008A&A...480...91S,17
* ksi Her,5013,2.78,0.02,2008A&A...480...91S,18
* ksi Her,5030,2.92,-0.1,1990ApJS...74.1075M,19
* ksi Her,4990,2.5,0.27,1986A&AS...65...11K,20
* ksi Hya,4930,2.925,0.035,2024A&A...692A.228C,1
* ksi Hya,5137,3.022,0.16,2024A&A...683A.125P,2
* ksi Hya,5034,2.78,-0.09,2024A&A...682A.145S,3
* ksi Hya,4909,2.9099,0.033,2023A&A...671A..61N,4
* ksi Hya,4940,3.0139,0.077,2023A&A...671A..61N,5
* ksi Hya,4996,3.04,0.095,2023A&A...671A..61N,6
* ksi Hya,4944,2.9677,0.023,2023A&A...671A..61N,7
* ksi Hya,4871,2.9088,0.015,2023A&A...671A..61N,8
* ksi Hya,4952,2.978,0.036,2023A&A...671A..61N,9
* ksi Hya,4959,2.9879,0.035,2023A&A...671A..61N,10
* ksi Hya,4960,2.9857,0.035,2023A&A...671A..61N,11
* ksi Hya,4911,2.9118,0.032,2023A&A...671A..61N,12
* ksi Hya,4901,2.8867,0.029,2023A&A...671A..61N,13
* ksi Hya,4900,2.886,0.027,2023A&A...671A..61N,14
* ksi Hya,4906,2.8864,0.032,2023A&A...671A..61N,15
* ksi Hya,4911,2.9256,0.028,2023A&A...671A..61N,16
* ksi Hya,4957,2.9829,0.037,2023A&A...671A..61N,17
* ksi Hya,4942,2.9624,0.034,2023A&A...671A..61N,18
* ksi Hya,5016,2.75,-0.09,2022A&A...663A...4S,19
* ksi Hya,5045,2.8,0.31,2022A&A...668A..88N,20
* ksi Hya,4981,2.87,0.16,2023A&A...676A.129H,21
* ksi Hya,5095,2.9,0.115,2022A&A...657A..87O,22
* ksi Hya,5127,2.9097,0.21,2021MNRAS.506..150B,23
* ksi Hya,3800,5.5,,2020AJ....160...83S,24
* ksi Hya,4990,,-0.1,2020A&A...633A..34C,25
* ksi Hya,5112,3.01,0.08,2016A&A...589A.115S,26
* ksi Hya,4967,2.78,,2003AJ....125.1598L,27
* ksi Hya,5095,2.88,0.1,2014A&A...564A.119M,28
* ksi Hya,5080,2.96,0.13,2014A&A...564A.119M,29
* ksi Hya,5058,,,1998A&AS..129..505B,30
* ksi Hya,5045,2.81,0.21,2010MNRAS.405.1907B,31
* ksi Hya,5044,2.87,,2015A&A...582A..49H,32
* ksi Hya,5044,2.87,0.16,2014A&A...564A.133J,33
* ksi Hya,5010,2.93,-0.04,1990ApJS...74.1075M,34
* ksi Hya,4985,,,1998A&A...339..858D,35
* ksi Hya,4933,2.476,-0.458,2014MNRAS.443..698S,36
* ksi Hya,5063,3.05,0.09,2016A&A...587A...2B,37
* ksi Hya,5010,2.93,-0.04,1990ApJS...74.1075M,38
* ksi Hya,5010,2.93,-0.04,1990ApJS...74.1075M,39
* ksi Hya,4846,2.2,-0.1,1978ApJ...221..893C,40
* ksi Ori,14519,3.57,0.7887,2024A&A...681A.107R,1
* ksi Pav,4050,,-0.5,2020A&A...633A..34C,1
* ksi Peg,6223,3.95,-0.27,2024A&A...682A.145S,1
* ksi Peg,6238,3.96,-0.27,2021MNRAS.505.4496G,2
* ksi Peg,6193,4.07,-0.27,2022A&A...663A...4S,3
* ksi Peg,6167,4.04,-0.32,2013MNRAS.435..952S,4
* ksi Peg,6250,4.01,-0.19,2017AJ....153...21L,5
* ksi Peg,6234,3.99,-0.31,2018A&A...614A..55A,6
* ksi Peg,6313,4.35,-0.2,2018MNRAS.479.1332M,7
* ksi Peg,6730,,,1995A&AS..110..553S,8
* ksi Peg,6376,4.29,-0.26,2006AJ....131.3069L,9
* ksi Peg,6350,4.35,-0.24,2003AJ....126.2015H,10
* ksi Peg,6259,,,2011A&A...530A.138C,11
* ksi Peg,6228,4.15,-0.32,1993A&A...275..101E,12
* ksi Peg,6222,,,1998A&AS..129..505B,13
* ksi Peg,6221,3.94,-0.2,2005PASJ...57...27T,14
* ksi Peg,6204,4.0,-0.22,2005ApJS..159..141V,15
* ksi Peg,6184,3.92,-0.3,1996A&A...314..191G,16
* ksi Peg,6176,4.17,-0.37,1990ApJ...354..310B,17
* ksi Peg,6167,,,2012ApJ...746..101B,18
* ksi Peg,6160,4.0,-0.28,2003ARep...47..422M,19
* ksi Peg,6156,4.09,-0.36,2005A&A...442..635B,20
* ksi Peg,6146,4.22,-0.21,1999ApJ...521..753T,21
* ksi Peg,6119,,,1998A&A...339..858D,22
* ksi Peg,6119,3.85,-0.35,2008MNRAS.384..173F,23
* ksi Peg,6110,3.85,-0.37,2000Priv.C........F,24
* ksi Peg,6090,,,2013ApJ...771...40B,25
* ksi Peg,6085,,,1999A&AS..139..335A,26
* ksi Peg,6000,4.1,-0.28,1986ApJ...309..762B,27
* ksi Peg,5663,,-0.05,1965ApJ...141..588H,28
* ksi Peg,4929,,,2009A&A...497..497G,29
* ksi Peg,6091,3.82,-0.39,2016A&A...587A...2B,30
* ksi Peg,6205,3.89,-0.33,2016A&A...587A...2B,31
* ksi Peg,6222,4.07,-0.3,2011AJ....141...90L,32
* ksi Peg,6222,3.94,-0.2,2011AJ....141...90L,33
* ksi Peg,6222,3.98,-0.19,2011AJ....141...90L,34
* ksi Peg,6178,3.97,-0.27,2010ApJ...720.1290G,35
* ksi Peg,6243,4.03,-0.21,2011A&A...531A.165P,36
* ksi Peg,6095,3.75,-0.34,2010AJ....140..293B,37
* ksi Peg,,,-0.2,2012A&A...541A..40M,38
* ksi Peg,6221,3.94,-0.2,2007PASJ...59..335T,39
* ksi Peg,6110,3.85,-0.37,2000Priv.C........F,40
* ksi Peg,6184,3.92,-0.3,1996A&A...314..191G,41
* ksi Peg,6228,4.15,-0.32,1993A&A...275..101E,42
* ksi Peg,6176,4.17,-0.37,1990ApJ...354..310B,43
* ksi Peg,6000,4.1,-0.28,1986ApJ...309..762B,44
* ksi Peg,6167,4.04,-0.32,2007MNRAS.374..664C,45
* ksi Peg,6228,4.15,-0.32,1993A&A...275..101E,46
* ksi Peg,6176,4.17,-0.37,1990ApJ...354..310B,47
* ksi Peg,6000,4.1,-0.28,1986ApJ...309..762B,48
* ksi Peg,5663,,-0.05,1965ApJ...141..588H,49
* ksi Per,35000,3.5,,2024ApJ...971..166M,1
* ksi Per,21759,3.3229,0.0039,2024A&A...681A.107R,2
* ksi Per,35900,3.67,,2022A&A...665A.150H,3
* ksi Per,35000,3.56,,2004A&A...415..349R,4
* ksi Psc,4997,2.88,0.07,2022A&A...663A...4S,1
* ksi Psc,4977,3.23,0.16,2020MNRAS.494.1724J,2
* ksi Psc,4943,2.8,-0.11,2008AJ....135..209M,3
* ksi Psc,5105,3.23,0.16,2015A&A...580A..24D,4
* ksi Psc,5064,3.18,0.13,2011A&A...526A..71D,5
* ksi Psc,5060,2.94,0.19,2001ApJ...551L..85Z,6
* ksi Psc,4977,,,2006MNRAS.371..879K,7
* ksi Psc,4977,3.0,0.05,2006A&A...456.1109M,8
* ksi Psc,4900,2.94,-0.11,1990ApJS...74.1075M,9
* ksi Psc,4900,2.94,-0.11,1990ApJS...74.1075M,10
* ksi Psc,,,0.05,2008A&A...480...91S,11
* ksi Psc,4990,2.96,0.07,2008A&A...480...91S,12
* ksi Psc,4900,2.94,-0.11,1990ApJS...74.1075M,13
* ksi Ser,7388,3.55,,2003AJ....125.1598L,1
* ksi Ser,7244,3.65,-0.04,2003A&A...398.1121E,2
* ksi Ser,6950,,,1995A&AS..110..553S,3
* ksi UMa,5667,4.44,-0.68,2022A&A...663A...4S,1
* lam Aql,10110,4.0029,0.7472,2024A&A...681A.107R,1
* lam Aql,11500,4.0,,2017AJ....154...31G,2
* lam Aql,8935,,,2005ApJ...626..446R,3
* lam Aql,8910,,,1996A&AS..117..227A,4
* lam Aql,12010,,,1995A&AS..110..553S,5
* lam Aql,11780,,,2009A&A...501..297Z,6
* lam Aql,10765,,,2012A&A...537A.120Z,7
* lam Aql,11501,4.02,,2003AJ....126.2048G,8
* lam Aqr,3477,,,1998AJ....116..981V,1
* lam Aur,5823,4.2,0.06,2024A&A...682A.145S,1
* lam Aur,5808,4.157,0.0905,2022ApJS..259...35A,2
* lam Aur,5916,4.09,0.12,2021MNRAS.505.4496G,3
* lam Aur,5900,4.31,0.13,2016A&A...587A.131M,4
* lam Aur,5916,4.33,0.12,2023ApJS..266...41P,5
* lam Aur,5854,4.24,0.06,2022A&A...663A...4S,6
* lam Aur,5804,4.232,0.074,2021ApJS..255....8R,7
* lam Aur,5890,4.2,0.15,2020MNRAS.494.1724J,8
* lam Aur,5830,4.1,0.1,2021AJ....161..134H,9
* lam Aur,5821,4.26,0.03,2015A&A...573A..67P,10
* lam Aur,5890,4.2,0.1,2015MNRAS.454.1585M,11
* lam Aur,5916,4.33,0.12,2019AJ....158..101M,12
* lam Aur,5931,4.28,0.09,2017AJ....153...21L,13
* lam Aur,5861,4.26,0.05,2018A&A...614A..55A,14
* lam Aur,5949,,,2011A&A...530A.138C,15
* lam Aur,5929,,0.22,1961ApJS....6..407W,16
* lam Aur,5929,,0.07,1967MNRAS.137...41A,17
* lam Aur,5911,4.37,0.12,2005ApJS..159..141V,18
* lam Aur,5910,4.18,0.13,2015A&A...580A..24D,19
* lam Aur,5890,,,2004A&A...427..933K,20
* lam Aur,5890,,,2003A&A...411..559K,21
* lam Aur,5890,4.34,0.05,2006AJ....131.3069L,22
* lam Aur,5890,4.34,0.05,2005AJ....129.1063L,23
* lam Aur,5890,4.2,0.1,2004A&A...418..551M,24
* lam Aur,5889,4.12,-0.03,1993A&A...275..101E,25
* lam Aur,5889,4.23,0.11,2005PASJ...57...27T,26
* lam Aur,5875,4.18,0.03,2000Priv.C........F,27
* lam Aur,5860,4.3,0.06,1978A&A....68...27K,28
* lam Aur,5860,4.16,-0.08,1990ApJS...74.1075M,29
* lam Aur,5860,4.11,0.35,1974A&A....34..263H,30
* lam Aur,5860,4.1,0.3,1977MNRAS.181....1C,31
* lam Aur,5859,,,1998A&A...339..858D,32
* lam Aur,5858,4.14,0.103,2010MNRAS.403.1368G,33
* lam Aur,5850,4.23,0.01,2015ApJ...808..148S,34
* lam Aur,5848,,,1998A&AS..129..505B,35
* lam Aur,5847,,,1996A&AS..117..227A,36
* lam Aur,5845,4.22,0.1,1992ApJ...387..170F,37
* lam Aur,5825,,,2005ApJ...626..446R,38
* lam Aur,5824,4.26,-0.04,1996A&A...314..191G,39
* lam Aur,5805,4.25,0.05,2007A&A...465..271R,40
* lam Aur,5800,4.2,0.08,2004ARep...48..492G,41
* lam Aur,5781,4.33,-0.01,2004A&A...420..183A,42
* lam Aur,5774,,,2013ApJ...771...40B,43
* lam Aur,5773,4.02,0.01,2000A&AS..141..491C,44
* lam Aur,5749,,,2012ApJ...746..101B,45
* lam Aur,5737,4.24,-0.01,2006ApJ...652.1604B,46
* lam Aur,5560,,,2009A&A...497..497G,47
* lam Aur,5196,,0.14,1960ApJ...132..553H,48
* lam Aur,5873,4.26,0.1,2016ApJS..225...32B,49
* lam Aur,5843,4.16,0.07,2016A&A...587A...2B,50
* lam Aur,5852,4.18,0.12,2016A&A...587A...2B,51
* lam Aur,5850,4.23,0.01,2015ApJ...808..148S,52
* lam Aur,5861,4.21,,2015A&A...579A..20M,53
* lam Aur,5890,4.2,0.1,2013A&A...552A.128M,54
* lam Aur,5872,4.26,0.05,2013ApJ...764...78R,55
* lam Aur,5872,4.26,0.05,2012ApJ...756...46R,56
* lam Aur,5857,4.17,,2003AJ....126.2048G,57
* lam Aur,5781,4.33,7.57,2004A&A...420..183A,58
* lam Aur,5844,4.17,0.05,2011AJ....141...90L,59
* lam Aur,5844,4.27,0.11,2011AJ....141...90L,60
* lam Aur,5842,4.16,0.08,2011A&A...531A.165P,61
* lam Aur,5871,4.4,0.08,2012A&A...541A..40M,62
* lam Aur,5889,4.23,0.11,2007PASJ...59..335T,63
* lam Aur,5875,4.18,0.03,2000Priv.C........F,64
* lam Aur,5773,4.02,0.01,2000A&AS..141..491C,65
* lam Aur,5824,4.26,-0.04,1996A&A...314..191G,66
* lam Aur,5889,4.12,-0.03,1993A&A...275..101E,67
* lam Aur,5845,4.22,0.1,1992ApJ...387..170F,68
* lam Aur,5860,4.16,-0.08,1990ApJS...74.1075M,69
* lam Aur,5889,4.12,-0.03,1993A&A...275..101E,70
* lam Aur,5845,4.22,0.1,1992ApJ...387..170F,71
* lam Aur,5860,4.16,-0.08,1990ApJS...74.1075M,72
* lam Aur,5860,4.3,0.06,1978A&A....68...27K,73
* lam Aur,5860,4.1,0.3,1977MNRAS.181....1C,74
* lam Aur,5860,4.11,0.35,1974A&A....34..263H,75
* lam Aur,5929,,0.07,1967MNRAS.137...41A,76
* lam Aur,5929,,0.22,1961ApJS....6..407W,77
* lam Aur,5196,,0.14,1960ApJ...132..553H,78
* lam Cen,9850,3.0149,0.2444,2023ApJS..266...11B,1
* lam Cen,9880,,,2009A&A...501..297Z,2
* lam Cen,9749,3.04,0.41,2003A&A...398.1121E,3
* lam Cen,10370,,,1995A&AS..110..553S,4
* lam Cet,13940,,,2009A&A...501..297Z,1
* lam Cet,13592,,,2005A&A...444..941P,2
* lam CrA,8609,4.0,-0.3,2003A&A...398.1121E,1
* lam Dra,3600,,-0.4,2020A&A...633A..34C,1
* lam Dra,3526,,,1998AJ....116..981V,2
* lam Eri,19526,3.3,,2018MNRAS.474.5287A,1
* lam Eri,23750,,,1995A&AS..110..553S,2
* lam Eri,22803,4.0,,2001A&A...378..861C,3
* lam Gem,8231,3.7,,2021A&A...647A..49S,1
* lam Gem,8395,,,2012A&A...537A.120Z,2
* lam Gem,8007,,,2012ApJ...746..101B,3
* lam Gem,7932,,,2013ApJ...771...40B,4
* lam Her,4409,1.7496,0.0197,2024A&A...681A.107R,1
* lam Her,4168,2.22,-0.07,2022A&A...663A...4S,2
* lam Her,4325,2.55,-0.09,2007A&A...475.1003H,3
* lam Her,4109,,,1998A&A...339..858D,4
* lam Her,4070,1.89,-0.04,1990ApJS...74.1075M,5
* lam Her,4070,1.89,-0.04,1990ApJS...74.1075M,6
* lam Her,4070,1.89,-0.04,1990ApJS...74.1075M,7
* lam Hya,4878,2.75,0.1,2022A&A...663A...4S,1
* lam Hya,4808,2.6,0.12,2008AJ....135..209M,2
* lam Hya,5091,3.12,0.09,1981ApJ...248..228L,3
* lam Hya,4992,,,2009A&A...497..497G,4
* lam Hya,4890,2.99,0.05,1990ApJS...74.1075M,5
* lam Hya,4870,,,2005ApJ...626..446R,6
* lam Hya,4865,,,1999A&AS..139..335A,7
* lam Hya,4850,2.55,0.12,1995AJ....110.2968L,8
* lam Hya,4990,3.06,0.24,2007AJ....133.2464L,9
* lam Hya,4850,2.55,0.12,1995AJ....110.2968L,10
* lam Hya,4890,2.99,0.05,1990ApJS...74.1075M,11
* lam Hya,5091,3.12,0.09,1981ApJ...248..228L,12
* lam Hya,,,0.1,2008A&A...480...91S,13
* lam Hya,4850,2.55,0.12,1995AJ....110.2968L,14
* lam Hya,4890,2.99,0.05,1990ApJS...74.1075M,15
* lam Hya,5091,3.12,0.09,1981ApJ...248..228L,16
* lam Hya,4990,2.9,0.2,1971A&A....12..177S,17
* lam Hya,4165,2.57,0.05,1968ApJS...16....1H,18
* lam Lep,23427,3.6231,0.0031,2024A&A...681A.107R,1
* lam Lep,26885,3.6,-0.15,2023ApJS..266...41P,2
* lam Lep,30000,4.0,,2022ApJ...937..110L,3
* lam Lep,30010,3.85,-0.08,2019A&A...627A.138A,4
* lam Lep,31500,4.05,1.0,1970ApJS...19..193H,5
* lam Lep,30400,4.3,0.04,2012A&A...539A.143N,6
* lam Lep,29890,4.22,-0.24,1992ApJ...387..673G,7
* lam Lep,27280,,,1995A&AS..110..553S,8
* lam Lep,26885,3.6,-0.15,2012A&A...538A.143K,9
* lam Lep,29890,4.22,-0.24,1992ApJ...387..673G,10
* lam Lep,31500,4.05,1.0,1970ApJS...19..193H,11
* lam Mus,7943,3.7,,2003AJ....125.1598L,1
* lam Mus,7908,,,1998A&AS..129..505B,2
* lam Mus,7870,,,1995A&AS..110..553S,3
* lam Ori,,,0.01,2011A&A...530A..19B,1
* lam Pav,22856,3.5,,2001A&A...378..861C,1
* lam Pav,22000,3.65,,2006MNRAS.371..252L,2
* lam Peg,4848,2.12,-0.07,2024A&A...682A.145S,1
* lam Peg,4933,2.25,0.12,2023ApJS..266...41P,2
* lam Peg,4784,2.31,-0.07,2022A&A...663A...4S,3
* lam Peg,4776,,-0.15,2020A&A...633A..34C,4
* lam Peg,4930,2.4,-0.06,2012A&A...543A.160T,5
* lam Peg,4830,2.56,-0.08,2011A&A...528A.121B,6
* lam Peg,4800,3.2,-0.1,1990ApJS...74.1075M,7
* lam Peg,4750,1.75,-0.09,1995AJ....110.2968L,8
* lam Peg,4650,2.0,-0.26,2007A&A...475.1003H,9
* lam Peg,4866,2.24,-0.11,2016A&A...587A...2B,10
* lam Peg,4855,2.18,0.16,2014AJ....147..137L,11
* lam Peg,4933,2.25,0.12,2012A&A...538A.143K,12
* lam Peg,4750,1.75,-0.09,1995AJ....110.2968L,13
* lam Peg,4800,3.2,-0.1,1990ApJS...74.1075M,14
* lam Peg,4775,2.47,-0.09,2008A&A...480...91S,15
* lam Peg,4750,1.75,-0.09,1995AJ....110.2968L,16
* lam Peg,4800,3.2,-0.1,1990ApJS...74.1075M,17
* lam Psc,7500,3.5,-0.3,2016A&A...589A..83G,1
* lam Psc,7798,,,2012A&A...537A.120Z,2
* lam Psc,7792,,,1998A&A...339..858D,3
* lam Psc,7766,,,1998A&AS..129..505B,4
* lam Psc,7734,,,2013ApJ...771...40B,5
* lam Psc,7646,,,2006A&A...458..293P,6
* lam Psc,7742,3.83,,2003AJ....126.2048G,7
* lam Ser,6000,4.0,,2023MNRAS.519.5472M,1
* lam Ser,5942,4.26,0.028,2024A&A...691A..53S,2
* lam Ser,5891,4.25,-0.04,2024A&A...691A.160S,3
* lam Ser,5965,4.232,0.0,2024A&A...683A.125P,4
* lam Ser,6004,4.2,0.1,2021MNRAS.505.4496G,5
* lam Ser,5898,4.18,-0.01,2022A&A...663A...4S,6
* lam Ser,5885,4.174,0.025,2021ApJS..255....8R,7
* lam Ser,5884,4.1,0.03,2020MNRAS.494.1724J,8
* lam Ser,5880,4.1,0.04,2021AJ....161..134H,9
* lam Ser,5884,4.1,-0.02,2015MNRAS.454.1585M,10
* lam Ser,5926,4.246,0.022,2019A&A...629A..80H,11
* lam Ser,5908,4.13,-0.04,2017AJ....153...21L,12
* lam Ser,5867,4.15,-0.03,2018A&A...614A..55A,13
* lam Ser,6072,4.2,0.05,1981A&A...100...97G,14
* lam Ser,6072,4.2,0.03,1979A&A....75...73G,15
* lam Ser,6072,4.2,0.0,1978A&AS...31..297G,16
* lam Ser,5990,,,2009A&A...497..497G,17
* lam Ser,5978,,,2011A&A...530A.138C,18
* lam Ser,5940,4.31,-0.06,2006AJ....131.3069L,19
* lam Ser,5940,4.31,-0.06,2005AJ....129.1063L,20
* lam Ser,5937,4.21,-0.04,1993A&A...275..101E,21
* lam Ser,5936,4.3,0.05,2005ApJS..159..141V,22
* lam Ser,5929,3.94,-0.02,1972MmRAS..77...55H,23
* lam Ser,5929,,0.15,1970MNRAS.148..477P,24
* lam Ser,5926,4.28,0.03,2012A&A...542A..84D,25
* lam Ser,5915,,,2005ApJ...626..446R,26
* lam Ser,5897,,,1996A&AS..117..227A,27
* lam Ser,5891,4.18,0.03,2015A&A...580A..24D,28
* lam Ser,5884,4.11,-0.03,2008MNRAS.384..173F,29
* lam Ser,5884,,,2004A&A...427..933K,30
* lam Ser,5884,,,2003A&A...411..559K,31
* lam Ser,5884,4.1,-0.02,2004A&A...418..551M,32
* lam Ser,5877,4.11,-0.01,2005PASJ...57...27T,33
* lam Ser,5875,,-0.03,1997A&A...323..809F,34
* lam Ser,5870,4.18,0.05,2004ARep...48..492G,35
* lam Ser,5869,4.0,0.01,2010MNRAS.403.1368G,36
* lam Ser,5864,4.09,-0.03,1998A&A...338..161F,37
* lam Ser,5860,4.0,-0.04,1986ApJ...309..762B,38
* lam Ser,5847,4.06,-0.04,1996A&A...314..191G,39
* lam Ser,5830,4.22,-0.06,2007A&A...465..271R,40
* lam Ser,5819,4.3,-0.09,2004A&A...420..183A,41
* lam Ser,5663,,-0.04,1965ApJ...141..588H,42
* lam Ser,5901,4.22,0.05,2016ApJS..225...32B,43
* lam Ser,5823,4.06,-0.09,2016A&A...587A...2B,44
* lam Ser,5858,4.1,0.0,2016A&A...587A...2B,45
* lam Ser,5884,4.1,-0.02,2013A&A...552A.128M,46
* lam Ser,5900,4.17,-0.01,2013ApJ...764...78R,47
* lam Ser,5900,4.17,-0.01,2012ApJ...756...46R,48
* lam Ser,5892,4.14,,2003AJ....126.2048G,49
* lam Ser,5819,4.3,7.51,2004A&A...420..183A,50
* lam Ser,5890,4.1,-0.02,2011AJ....141...90L,51
* lam Ser,5890,4.08,-0.01,2011AJ....141...90L,52
* lam Ser,5884,4.1,-0.02,2011ARep...55..689M,53
* lam Ser,5777,3.99,-0.08,2010ApJ...720.1290G,54
* lam Ser,5823,4.1,-0.03,2011A&A...531A.165P,55
* lam Ser,5951,4.28,0.0,2011ApJ...736...87K,56
* lam Ser,5877,4.11,-0.01,2007PASJ...59..335T,57
* lam Ser,5864,4.09,-0.03,1998A&A...338..161F,58
* lam Ser,5875,,-0.03,1997A&A...323..809F,59
* lam Ser,5847,4.06,-0.04,1996A&A...314..191G,60
* lam Ser,5937,4.21,-0.04,1993A&A...275..101E,61
* lam Ser,5860,4.0,-0.04,1986ApJ...309..762B,62
* lam Ser,6072,4.2,0.05,1981A&A...100...97G,63
* lam Ser,5915,4.1,-0.01,2007MNRAS.374..664C,64
* lam Ser,5937,4.21,-0.04,1993A&A...275..101E,65
* lam Ser,5860,4.0,-0.04,1986ApJ...309..762B,66
* lam Ser,6072,4.2,0.05,1981A&A...100...97G,67
* lam Ser,6072,4.2,0.03,1979A&A....75...73G,68
* lam Ser,6072,4.2,0.0,1978A&AS...31..297G,69
* lam Ser,5929,3.94,-0.02,1972MmRAS..77...55H,70
* lam Ser,5929,,0.15,1970MNRAS.148..477P,71
* lam Ser,5663,,-0.04,1965ApJ...141..588H,72
* lam Sgr,4470,2.33,-0.18,2024A&A...690A..97C,1
* lam Sgr,4968,2.8,-0.177,2023ApJS..266...11B,2
* lam Sgr,4740,2.82,-0.1,2022A&A...663A...4S,3
* lam Sgr,4767,2.73,-0.056,2022A&A...657A..87O,4
* lam Sgr,4689,2.66,-0.06,2015MNRAS.448.2749A,5
* lam Sgr,4778,2.59,-0.11,2015MNRAS.448.2749A,6
* lam Sgr,4801,2.81,-0.08,2015MNRAS.448.2749A,7
* lam Sgr,4793,3.03,0.04,2015MNRAS.448.2749A,8
* lam Sgr,4910,,-0.2,2020A&A...633A..34C,9
* lam Sgr,4778,2.59,-0.11,2015MNRAS.448.2749A,10
* lam Sgr,4770,2.9,-0.05,2007A&A...475.1003H,11
* lam Sgr,4755,2.92,0.11,1988A&A...190..148E,12
* lam Sgr,4689,2.66,-0.06,2007MNRAS.382..553L,13
* lam Sgr,4680,2.95,-0.2,1990ApJS...74.1075M,14
* lam Sgr,4711,2.53,-0.1,2013AJ....146...73P,15
* lam Sgr,4680,2.95,-0.2,1990ApJS...74.1075M,16
* lam Sgr,4755,2.92,0.11,1988A&A...190..148E,17
* lam Sgr,4680,2.95,-0.2,1990ApJS...74.1075M,18
* lam Sgr,4755,2.92,0.11,1988A&A...190..148E,19
* lam Tau,15536,3.6182,-0.8,2024A&A...681A.107R,1
* lam Tau,16970,,,2009A&A...501..297Z,2
* lam UMa,9280,3.9,0.2,1995A&A...294..536H,1
* lam UMa,9099,,,2012A&A...537A.120Z,2
* lam UMa,8790,,,2009A&A...501..297Z,3
* lam UMa,9280,3.9,0.2,1995A&A...294..536H,4
* lam Vel,4235,1.4,0.23,2023ApJS..266...41P,1
* lam Vel,4171,0.95,0.09,2022A&A...663A...4S,2
* lam Vel,4235,1.4,0.23,1979ApJ...232..797L,3
* lam Vel,4155,0.84,0.06,2014AJ....147..137L,4
* lam Vel,4235,1.4,0.23,1979ApJ...232..797L,5
* l Eri,4628,2.72,0.03,2022A&A...663A...4S,1
* l Eri,4603,2.6,-0.11,2008AJ....135..209M,2
* l Eri,4697,2.76,0.1,2001ApJ...551L..85Z,3
* l Eri,4616,2.67,0.11,2008A&A...484L..21M,4
* l Eri,4570,2.73,-0.11,1990ApJS...74.1075M,5
* l Eri,4570,2.73,-0.11,1990ApJS...74.1075M,6
* l Eri,,,-0.11,2008A&A...480...91S,7
* l Eri,4570,2.73,-0.11,1990ApJS...74.1075M,8
* mu.01 Her,5633,4.02,0.31,2025A&A...698A..93J,1
* mu.01 Her,5665,4.05,0.25,2024A&A...682A.145S,2
* mu.01 Her,5492,3.92,0.24,2021MNRAS.505.4496G,3
* mu.01 Her,5560,3.99,0.23,2023ApJS..266...41P,4
* mu.01 Her,5536,3.99,0.3,2023AJ....165..145L,5
* mu.01 Her,5513,3.97,0.25,2022A&A...663A...4S,6
* mu.01 Her,5633,4.022,0.318,2021ApJS..255....8R,7
* mu.01 Her,5535,4.12,0.27,2015A&A...573A..67P,8
* mu.01 Her,5600,4.07,0.26,2020AJ....159...90S,9
* mu.01 Her,5560,3.99,0.23,2017AJ....153...21L,10
* mu.01 Her,5487,3.96,0.23,2018A&A...614A..55A,11
* mu.01 Her,5615,4.07,0.31,2018A&A...615A..31D,12
* mu.01 Her,5609,4.03,0.27,2018MNRAS.479.1332M,13
* mu.01 Her,5650,4.0,0.25,2003ARep...47..422M,14
* mu.01 Her,5603,4.05,0.26,2015A&A...580A..24D,15
* mu.01 Her,5597,4.1,0.3,2005ApJS..159..141V,16
* mu.01 Her,5596,3.93,0.23,1998A&A...338..161F,17
* mu.01 Her,5592,3.94,0.24,2000Priv.C........F,18
* mu.01 Her,5583,3.99,0.28,2011A&A...526A..71D,19
* mu.01 Her,5580,3.99,0.29,2005PASJ...57...27T,20
* mu.01 Her,5540,3.95,0.24,2006AJ....131.3069L,21
* mu.01 Her,5540,3.95,0.24,2005AJ....129.1063L,22
* mu.01 Her,5538,3.91,0.16,1974A&A....34..263H,23
* mu.01 Her,5520,3.7,0.04,1990ApJS...74.1075M,24
* mu.01 Her,5509,4.0,0.21,2007A&A...465..271R,25
* mu.01 Her,5502,,,2013ApJ...771...40B,26
* mu.01 Her,5496,,,1998A&AS..129..505B,27
* mu.01 Her,5450,3.7,0.11,1998A&A...338..623M,28
* mu.01 Her,5419,4.1,0.32,1986A&AS...65...11K,29
* mu.01 Her,5419,4.1,0.3,1978NInfo..45...90V,30
* mu.01 Her,5397,3.96,0.26,2004A&A...420..183A,31
* mu.01 Her,4941,,0.48,1966AnAp...29..593H,32
* mu.01 Her,4667,,0.1,1966AnAp...29..593H,33
* mu.01 Her,5559,3.97,0.27,2016ApJS..225...32B,34
* mu.01 Her,5558,4.0,0.24,2016A&A...587A...2B,35
* mu.01 Her,5542,3.95,0.25,2016A&A...587A...2B,36
* mu.01 Her,5510,3.9,0.29,2016A&A...587A...2B,37
* mu.01 Her,5615,4.07,0.31,2016A&A...585A..73N,38
* mu.01 Her,5562,3.98,0.28,2015A&A...574A..50J,39
* mu.01 Her,5485,3.97,0.22,2013ApJ...764...78R,40
* mu.01 Her,5485,3.97,0.22,2012ApJ...756...46R,41
* mu.01 Her,5397,3.96,7.8,2004A&A...420..183A,42
* mu.01 Her,5454,3.82,0.22,2011A&A...531A.165P,43
* mu.01 Her,5621,4.06,0.31,2011ApJ...736...87K,44
* mu.01 Her,5580,3.99,0.29,2007PASJ...59..335T,45
* mu.01 Her,5590,3.94,0.24,2009A&A...508.1313F,46
* mu.01 Her,5592,3.94,0.24,2000Priv.C........F,47
* mu.01 Her,5450,3.7,0.11,1998A&A...338..623M,48
* mu.01 Her,5596,3.93,0.23,1998A&A...338..161F,49
* mu.01 Her,5520,3.7,0.04,1990ApJS...74.1075M,50
* mu.01 Her,5419,4.1,0.32,1986A&AS...65...11K,51
* mu.01 Her,5532,3.88,0.2,2008A&A...480...91S,52
* mu.01 Her,5520,3.7,0.04,1990ApJS...74.1075M,53
* mu.01 Her,5419,4.1,0.32,1986A&AS...65...11K,54
* mu.01 Her,5419,4.1,0.3,1978NInfo..45...90V,55
* mu.01 Her,5538,3.91,0.16,1974A&A....34..263H,56
* mu.01 Her,5419,3.8,0.13,1972AcA....22..141G,57
* mu.01 Her,4941,,0.48,1966AnAp...29..593H,58
* mu.01 Her,4667,,0.1,1966AnAp...29..593H,59
* mu. And,7997,3.5726,-1.5878,2024A&A...681A.107R,1
* mu. And,8000,3.3,-0.1,2016A&A...589A..83G,2
* mu. And,8226,,,1998A&A...339..858D,3
* mu. And,8222,,,2012A&A...537A.120Z,4
* mu. And,7981,,,1998A&AS..129..505B,5
* mu. And,7880,,,1995A&AS..110..553S,6
* mu. Cas,5358,4.49,-0.83,2025A&A...698A..93J,1
* mu. Cas,5178,4.07,-0.75,2025A&A...698A..93J,2
* mu. Cas,5822,,,2022AJ....163..152S,3
* mu. Cas,5358,4.49,-0.83,2024A&A...682A.145S,4
* mu. Cas,5227,4.579,-0.7815,2022ApJS..259...35A,5
* mu. Cas,5401,4.84,-0.83,2021MNRAS.505.4496G,6
* mu. Cas,5342,4.53,-0.83,2022A&A...663A...4S,7
* mu. Cas,5305,4.49,-0.826,2019ApJ...879...69T,8
* mu. Cas,5280,4.7,-0.71,2021AJ....161..134H,9
* mu. Cas,5240,4.3,-0.94,2015MNRAS.454.1585M,10
* mu. Cas,5647,4.49,,2020A&A...636A..85S,11
* mu. Cas,5230,4.6602,-0.805,2020AJ....160..120J,12
* mu. Cas,5434,4.57,-0.75,2017AJ....153...21L,13
* mu. Cas,5720,,,2009A&A...497..497G,14
* mu. Cas,5584,4.601,-0.598,2014MNRAS.443..698S,15
* mu. Cas,5500,4.8,-0.91,2006AJ....131.3069L,16
* mu. Cas,5500,4.8,-0.91,2005AJ....129.1063L,17
* mu. Cas,5458,,,2011A&A...530A.138C,18
* mu. Cas,5390,4.45,-0.83,2000A&A...364..249M,19
* mu. Cas,5390,4.52,-0.83,1999A&A...343..519M,20
* mu. Cas,5387,4.51,-0.83,2000A&A...362.1077Z,21
* mu. Cas,5387,4.45,-0.83,1998A&A...338..161F,22
* mu. Cas,5382,4.49,-0.75,2015A&A...580A..24D,23
* mu. Cas,5348,,,2012ApJ...757..112B,24
* mu. Cas,5336,4.39,-0.86,1994A&A...291..895A,25
* mu. Cas,5331,4.54,-0.81,2005PASJ...57...27T,26
* mu. Cas,5330,4.3,-0.65,1998ApJ...507..805I,27
* mu. Cas,5323,4.67,-0.91,2004A&A...420..183A,28
* mu. Cas,5322,4.46,-0.87,2003A&A...404..187G,29
* mu. Cas,5315,,,1996A&AS..117..227A,30
* mu. Cas,5308,,,2015A&A...582A..49H,31
* mu. Cas,5308,4.41,-0.81,2014A&A...564A.133J,32
* mu. Cas,5305,4.67,-0.56,1999ApJ...521..753T,33
* mu. Cas,5305,4.61,-0.71,1974A&A....34..263H,34
* mu. Cas,5305,4.5,-0.9,1980ApJ...235..925T,35
* mu. Cas,5300,4.67,-0.86,2006MNRAS.367.1329R,36
* mu. Cas,5295,,,2005ApJ...626..446R,37
* mu. Cas,5292,,,1998A&AS..129..505B,38
* mu. Cas,5279,,,1998A&A...339..858D,39
* mu. Cas,5273,4.64,-0.91,2007A&A...465..271R,40
* mu. Cas,5264,,,2012ApJ...746..101B,41
* mu. Cas,5250,4.4,-0.98,2000AJ....120.1841F,42
* mu. Cas,5250,,-0.62,1967MNRAS.136..403C,43
* mu. Cas,5240,4.2,-0.89,2003ARep...47..422M,44
* mu. Cas,5240,4.3,-0.94,2004A&A...418..551M,45
* mu. Cas,5240,4.2,-0.89,2001A&A...370..951M,46
* mu. Cas,5196,4.5,-0.55,1977MNRAS.181....1C,47
* mu. Cas,5091,4.2,-0.57,1968ApJ...154..179C,48
* mu. Cas,5316,4.66,-0.84,2016ApJS..225...32B,49
* mu. Cas,5343,4.33,-0.81,2016A&A...587A...2B,50
* mu. Cas,5367,4.39,-0.77,2016A&A...587A...2B,51
* mu. Cas,5240,4.18,-0.85,2016A&A...587A...2B,52
* mu. Cas,5327,4.36,-0.79,2016A&A...587A...2B,53
* mu. Cas,5282,4.51,,2015A&A...579A..20M,54
* mu. Cas,5240,4.3,-0.94,2013A&A...552A.128M,55
* mu. Cas,5412,4.56,-0.8,2013ApJ...764...78R,56
* mu. Cas,5412,4.56,-0.8,2012ApJ...756...46R,57
* mu. Cas,5526,4.49,,2003AJ....126.2048G,58
* mu. Cas,5323,4.67,6.74,2004A&A...420..183A,59
* mu. Cas,5313,4.4,-0.83,2011AJ....141...90L,60
* mu. Cas,5313,4.54,-0.87,2011AJ....141...90L,61
* mu. Cas,5313,4.56,-0.97,2011AJ....141...90L,62
* mu. Cas,5240,4.3,-0.94,2011ARep...55..689M,63
* mu. Cas,5323,4.33,-0.79,2011A&A...531A.165P,64
* mu. Cas,5291,4.57,-0.89,2012A&A...541A..40M,65
* mu. Cas,5331,4.54,-0.81,2007PASJ...59..335T,66
* mu. Cas,5387,4.51,-0.83,2000A&A...362.1077Z,67
* mu. Cas,5390,4.45,-0.83,2000A&A...364..249M,68
* mu. Cas,5250,4.4,-0.98,2000AJ....120.1841F,69
* mu. Cas,5390,4.52,-0.83,1999A&A...343..519M,70
* mu. Cas,5387,4.45,-0.83,1998A&A...338..161F,71
* mu. Cas,5336,4.39,-0.86,1994A&A...291..895A,72
* mu. Cas,5305,4.5,-0.9,1980ApJ...235..925T,73
* mu. Cas,5249,4.45,-0.75,2007MNRAS.374..664C,74
* mu. Cas,5332,4.51,-0.84,2008A&A...480...91S,75
* mu. Cas,5336,4.39,-0.86,1994A&A...291..895A,76
* mu. Cas,5305,4.5,-0.9,1980ApJ...235..925T,77
* mu. Cas,5196,4.5,-0.55,1977MNRAS.181....1C,78
* mu. Cas,5305,4.61,-0.71,1974A&A....34..263H,79
* mu. Cas,5091,4.2,-0.57,1968ApJ...154..179C,80
* mu. Cas,5250,,-0.62,1967MNRAS.136..403C,81
* mu. Cen,23950,4.0,,2018MNRAS.474.5287A,1
* mu. Cen,20000,4.0,,2017MNRAS.471.3398A,2
* mu. Cen,22500,3.75,,2006MNRAS.371..252L,3
* mu. Cen,22439,4.09,,2001A&A...378..861C,4
* mu. Cet,7225,3.9,,2003AJ....126.2048G,1
* mu. Cyg,6366,,,2011A&A...530A.138C,1
* mu. Cyg,6309,3.86,,2003AJ....126.2048G,2
* mu. Eri,13762,3.3358,-0.2437,2024A&A...681A.107R,1
* mu. Eri,15770,,,2009A&A...501..297Z,2
* mu. Gem,3926,1.0,0.0,2008AJ....135..209M,1
* mu. Gem,3667,,,2005ApJ...626..446R,2
* mu. Gem,3631,,,1999A&AS..139..335A,3
* mu. Gem,3600,1.0,-0.09,1986ApJ...311..843S,4
* mu. Gem,3450,1.0,0.0,1998A&A...338..623M,5
* mu. Gem,3450,1.0,0.0,1998A&A...338..623M,6
* mu. Gem,3600,1.0,-0.09,1986ApJ...311..843S,7
* mu. Gem,3600,1.0,0.11,1986ApJ...311..843S,8
* mu. Hor,6898,3.8,-0.42,2018A&A...614A..55A,1
* mu. Hor,6964,,,2012A&A...542A.116A,2
* mu. Hor,6876,,,2011A&A...530A.138C,3
* mu. Hor,6826,,,2006A&A...458..293P,4
* mu. Hor,6815,4.01,-0.44,1990ApJ...354..310B,5
* mu. Hor,6815,4.01,-0.44,1990ApJ...354..310B,6
* mu. Hor,6815,4.01,-0.44,1990ApJ...354..310B,7
* mu. Hya,4138,1.89,-0.12,2022A&A...663A...4S,1
* mu. Hya,3999,1.5,-0.12,2008AJ....135..209M,2
* mu. Hya,,,-0.16,2020AJ....160...83S,3
* mu. Hya,4240,1.48,,2020AJ....160...83S,4
* mu. Hya,4500,2.0,,2013AJ....146..134K,5
* mu. Hya,4225,2.1,-0.12,2007A&A...475.1003H,6
* mu. Hya,3979,,,1998A&A...339..858D,7
* mu. Hya,3950,1.68,-0.12,1990ApJS...74.1075M,8
* mu. Hya,3950,1.68,-0.12,1990ApJS...74.1075M,9
* mu. Hya,3950,1.68,-0.12,1990ApJS...74.1075M,10
* mu. Leo,4493,2.4,0.21,2024A&A...691A..53S,1
* mu. Leo,4675,2.39,-0.033,2024MNRAS.532.2875N,2
* mu. Leo,4494,2.5,0.269,2024A&A...692A.228C,3
* mu. Leo,4519,2.43,0.27,2025A&A...698A..93J,4
* mu. Leo,5302,-0.65,,2022AJ....163..152S,5
* mu. Leo,4470,2.41,0.09,2025A&A...696A..23B,6
* mu. Leo,4635,2.65,0.38,2024MNRAS.534.3104Y,7
* mu. Leo,4519,2.43,0.27,2024A&A...682A.145S,8
* mu. Leo,4545,2.489,0.2817,2022ApJS..259...35A,9
* mu. Leo,4406,2.64,0.11,2021MNRAS.505.4496G,10
* mu. Leo,4460,2.4186,0.233,2023A&A...671A..61N,11
* mu. Leo,4459,2.4171,0.232,2023A&A...671A..61N,12
* mu. Leo,4460,2.4298,0.237,2023A&A...671A..61N,13
* mu. Leo,4459,2.45,0.242,2023A&A...671A..61N,14
* mu. Leo,4460,2.4233,0.235,2023A&A...671A..61N,15
* mu. Leo,4484,2.37,0.27,2022A&A...663A...4S,16
* mu. Leo,,2.5,0.29,2022A&A...661A..63W,17
* mu. Leo,4494,2.5,0.27,2022A&A...668A..88N,18
* mu. Leo,4376,2.361,0.228,2019ApJ...879...69T,19
* mu. Leo,4494,2.5,0.29,2022A&A...665A.135M,20
* mu. Leo,4461,2.65,0.23,2022A&A...666A.125F,21
* mu. Leo,4451,2.46,0.2,2023A&A...676A.129H,22
* mu. Leo,4436,2.5,0.17,2008AJ....135..209M,23
* mu. Leo,4698,2.6329,0.207,2021MNRAS.506..150B,24
* mu. Leo,4590,2.5655,0.309,2020AJ....160..120J,25
* mu. Leo,,,0.397,2020AJ....160...83S,26
* mu. Leo,4538,2.43,,2020AJ....160...83S,27
* mu. Leo,,,0.21,2019MNRAS.490.1821C,28
* mu. Leo,,,0.314,2019MNRAS.490.1821C,29
* mu. Leo,,,0.282,2019MNRAS.490.1821C,30
* mu. Leo,4461,2.65,0.23,2019A&A...625A.141L,31
* mu. Leo,4466,2.65,0.31,2018ApJS..238...29P,32
* mu. Leo,4463,2.37,0.24,2016A&A...589A.115S,33
* mu. Leo,4461,2.65,0.2,2017A&A...598A.100J,34
* mu. Leo,4710,2.82,0.11,1981ApJ...248..228L,35
* mu. Leo,4660,2.63,0.53,2011A&A...528A.121B,36
* mu. Leo,4567,,,2006MNRAS.371..879K,37
* mu. Leo,4565,2.9,0.29,2007A&A...475.1003H,38
* mu. Leo,4541,2.35,0.48,1978ApJ...225..902B,39
* mu. Leo,4541,2.3,0.35,1990A&A...234..366G,40
* mu. Leo,4540,2.2,0.29,2000A&A...356..570S,41
* mu. Leo,4540,2.3,0.46,1996AJ....111.2439C,42
* mu. Leo,4540,2.3,0.42,1994ApJS...91..749M,43
* mu. Leo,4525,2.7,0.44,2012A&A...543A.160T,44
* mu. Leo,4512,,,2009A&A...497..497G,45
* mu. Leo,4506,,,2005ApJ...626..446R,46
* mu. Leo,4500,,,1999A&AS..139..335A,47
* mu. Leo,4480,2.61,0.17,1990ApJS...74.1075M,48
* mu. Leo,4474,2.51,,2015A&A...582A..49H,49
* mu. Leo,4460,2.4,-0.01,1974ApJS...27..405O,50
* mu. Leo,4433,2.5,0.25,2014A&A...564A.133J,51
* mu. Leo,4421,2.3,-0.11,1976ApJS...30...61P,52
* mu. Leo,4421,2.3,0.03,1976ApJS...30...61P,53
* mu. Leo,4375,1.95,0.12,1995AJ....110.2968L,54
* mu. Leo,4308,2.2,0.31,1991epu...R.....27C,55
* mu. Leo,4480,2.42,0.08,2016A&A...587A...2B,56
* mu. Leo,4478,2.43,0.1,2016A&A...587A...2B,57
* mu. Leo,4488,2.39,0.21,2016A&A...587A...2B,58
* mu. Leo,4466,2.65,0.31,2011A&A...531A.165P,59
* mu. Leo,4660,2.56,0.26,2007AJ....133.2464L,60
* mu. Leo,4540,2.2,0.29,2009A&A...508.1313F,61
* mu. Leo,4540,2.2,0.29,2000A&A...356..570S,62
* mu. Leo,4540,2.3,0.46,1996AJ....111.2439C,63
* mu. Leo,4375,1.95,0.12,1995AJ....110.2968L,64
* mu. Leo,4540,2.3,0.42,1994ApJS...91..749M,65
* mu. Leo,4308,2.2,0.31,1991epu...R.....27C,66
* mu. Leo,4480,2.61,0.17,1990ApJS...74.1075M,67
* mu. Leo,4541,2.3,0.35,1990A&A...234..366G,68
* mu. Leo,4710,2.82,0.11,1981ApJ...248..228L,69
* mu. Leo,4509,2.29,0.31,2008A&A...480...91S,70
* mu. Leo,4375,1.95,0.12,1995AJ....110.2968L,71
* mu. Leo,4540,2.3,0.42,1994ApJS...91..749M,72
* mu. Leo,4308,2.2,0.31,1991epu...R.....27C,73
* mu. Leo,4480,2.61,0.17,1990ApJS...74.1075M,74
* mu. Leo,4541,2.3,0.35,1990A&A...234..366G,75
* mu. Leo,4710,2.82,0.11,1981ApJ...248..228L,76
* mu. Leo,4541,2.35,0.48,1978ApJ...225..902B,77
* mu. Leo,4421,2.3,0.03,1976ApJS...30...61P,78
* mu. Leo,4421,2.3,-0.11,1976ApJS...30...61P,79
* mu. Leo,4460,2.4,-0.01,1974ApJS...27..405O,80
* mu. Leo,4460,2.2,-0.08,1973ApJ...180..871B,81
* mu. Leo,4755,2.7,0.1,1971A&A....12..177S,82
* mu. Lep,13000,4.0,,2023MNRAS.519.5472M,1
* mu. Lep,5500,4.36,0.0,2024A&A...683A.125P,2
* mu. Lep,13622,3.6,0.3,1976IAUCo..32..521K,3
* mu. Lep,13263,3.6,0.01,1977ApJ...213..121A,4
* mu. Lep,12800,3.85,-0.05,1993A&A...274..335S,5
* mu. Lep,12600,3.8,0.3,1979ApJS...41..675H,6
* mu. Lep,12600,3.7,-0.3,1984MNRAS.206...85G,7
* mu. Lep,12600,3.5,-0.39,1987MNRAS.228..573A,8
* mu. Lep,12390,,,2009A&A...501..297Z,9
* mu. Lep,12274,,,2012A&A...537A.120Z,10
* mu. Lep,12800,3.85,-0.05,1993A&A...274..335S,11
* mu. Lep,12600,3.5,-0.39,1987MNRAS.228..573A,12
* mu. Lep,12600,3.7,-0.3,1984MNRAS.206...85G,13
* mu. Lep,12600,3.8,0.3,1979ApJS...41..675H,14
* mu. Lep,13263,3.6,0.01,1977ApJ...213..121A,15
* mu. Lep,13622,3.6,0.3,1976IAUCo..32..521K,16
* mu. Men,12199,3.58,,2022A&A...665A..36G,1
* mu. Ori,6380,4.3,0.05,2022A&A...663A...4S,1
* mu. Ori,7600,3.1,-0.3,2016A&A...589A..83G,2
* mu. Ori,6380,4.3,0.2,1989A&A...220..197B,3
* mu. Ori,6380,4.3,-0.1,1989A&A...220..197B,4
* mu. Ori,6380,4.3,0.2,1989A&A...220..197B,5
* mu. Ori,6380,4.3,-0.1,1989A&A...220..197B,6
* mu. Ori,6380,4.3,0.2,1989A&A...220..197B,7
* mu. Ori,6380,4.3,-0.1,1989A&A...220..197B,8
* mu. Ori,8262,4.0,0.2,1989A&A...220..197B,9
* mu. Ori,5663,,0.76,1966ApJ...145..141S,10
* mu. Peg,4961,2.85,-0.03,2024A&A...682A.145S,1
* mu. Peg,4925,2.59,-0.07,2021MNRAS.505.4496G,2
* mu. Peg,5021,2.82,-0.03,2022A&A...663A...4S,3
* mu. Peg,4943,2.8,-0.16,2008AJ....135..209M,4
* mu. Peg,5062,2.99,0.02,2018A&A...615A..31D,5
* mu. Peg,5108,3.05,0.01,2015A&A...580A..24D,6
* mu. Peg,5100,2.96,0.05,2011A&A...528A.121B,7
* mu. Peg,5087,3.05,0.03,2011A&A...526A..71D,8
* mu. Peg,5060,3.05,-0.16,1990ApJS...74.1075M,9
* mu. Peg,4984,2.7,-0.07,2006A&A...456.1109M,10
* mu. Peg,4981,,,1998A&AS..129..505B,11
* mu. Peg,4980,2.9,-0.1,2007A&A...475.1003H,12
* mu. Peg,4978,,,2006MNRAS.371..879K,13
* mu. Peg,4950,2.5,-0.03,1995AJ....110.2968L,14
* mu. Peg,5068,3.04,-0.1,2016A&A...587A...2B,15
* mu. Peg,5044,2.99,-0.12,2016A&A...587A...2B,16
* mu. Peg,5000,2.69,-0.05,2014ApJ...785...94L,17
* mu. Peg,5062,2.99,0.02,2016A&A...585A..73N,18
* mu. Peg,5072,3.04,0.03,2015A&A...574A..50J,19
* mu. Peg,4999,2.7,-0.07,2011A&A...531A.165P,20
* mu. Peg,4950,2.5,-0.03,2009A&A...508.1313F,21
* mu. Peg,4950,2.5,-0.03,1995AJ....110.2968L,22
* mu. Peg,5060,3.05,-0.16,1990ApJS...74.1075M,23
* mu. Peg,,,-0.07,2008A&A...480...91S,24
* mu. Peg,5018,2.78,-0.09,2007MNRAS.374..664C,25
* mu. Peg,4986,2.74,-0.08,2008A&A...480...91S,26
* mu. Peg,4950,2.5,-0.03,1995AJ....110.2968L,27
* mu. Peg,5060,3.05,-0.16,1990ApJS...74.1075M,28
* mu. Psc,5460,0.99,-0.395,2022AJ....163..152S,1
* mu. Psc,4107,1.716,-0.373,2022ApJS..259...35A,2
* mu. Psc,4010,1.53,-0.68,2021MNRAS.505.4496G,3
* mu. Psc,4073,1.42,-0.4,2022A&A...663A...4S,4
* mu. Psc,4107,1.5122,-0.363,2020AJ....160..120J,5
* mu. Psc,4217,,,2009A&A...497..497G,6
* mu. Psc,4085,,,2005ApJ...626..446R,7
* mu. Psc,4076,,,1998A&A...339..858D,8
* mu. Psc,4072,,,1998A&A...339..858D,9
* mu. Psc,4063,,,1998A&AS..129..505B,10
* mu. Psc,4046,,,1999A&AS..139..335A,11
* mu. Psc,4040,1.91,-0.39,1990ApJS...74.1075M,12
* mu. Psc,4078,1.94,-0.4,2011A&A...531A.165P,13
* mu. Psc,4395,2.07,-0.34,2007AJ....133.2464L,14
* mu. Psc,4040,1.91,-0.39,1990ApJS...74.1075M,15
* mu. Psc,4103,1.85,-0.37,2007MNRAS.374..664C,16
* mu. Psc,4040,1.91,-0.39,1990ApJS...74.1075M,17
* mu. Ser,10440,,,1995A&AS..110..553S,1
* mu. Ser,10186,,,2012A&A...537A.120Z,2
* mu. UMa,3899,1.0,0.0,2025A&A...698A..93J,1
* mu. UMa,3807,1.15,-0.09,2024A&A...690A.226N,2
* mu. UMa,3899,1.0,,2008AJ....135..209M,3
* mu. UMa,3700,1.35,0.0,1998A&A...338..623M,4
* mu. UMa,3700,1.35,0.0,1998A&A...338..623M,5
* mu. Vel,5060,,0.0,2020A&A...633A..34C,1
* mu. Vir,6583,3.656,-0.5229,2023ApJS..266...11B,1
* mu. Vir,6751,4.21,,2003AJ....125.1598L,2
* mu. Vir,6820,,,1995A&AS..110..553S,3
* mu. Vir,6777,,,2011A&A...530A.138C,4
* mu. Vir,6642,,,1998A&AS..129..505B,5
* mu. Vir,6637,3.97,-0.24,2003A&A...398.1121E,6
* mu. Vir,6763,4.36,-0.01,2007AJ....133.2464L,7
* nu.02 CMa,4800,3.23,0.01,2024A&A...690A..97C,1
* nu.02 CMa,4773,3.14,0.24,2024A&A...691A..53S,2
* nu.02 CMa,4868,3.194,0.29,2024A&A...683A.125P,3
* nu.02 CMa,4824,3.138,0.25,2024A&A...683A.125P,4
* nu.02 CMa,4707,3.14,0.15,2021MNRAS.505.4496G,5
* nu.02 CMa,4779,3.0,0.15,2022A&A...663A...4S,6
* nu.02 CMa,,3.2,0.21,2022A&A...661A..63W,7
* nu.02 CMa,4688,3.0,0.0,2008AJ....135..209M,8
* nu.02 CMa,4785,3.053,0.205,2019A&A...629A..80H,9
* nu.02 CMa,4825,3.14,0.13,2016AJ....152...19W,10
* nu.02 CMa,4782,3.17,,2016A&A...585A...5B,11
* nu.02 CMa,4799,3.05,,2003AJ....125.1598L,12
* nu.02 CMa,4941,3.08,0.07,1981ApJ...248..228L,13
* nu.02 CMa,4830,3.4,0.21,2007A&A...475.1003H,14
* nu.02 CMa,4773,,,1998A&AS..129..505B,15
* nu.02 CMa,4770,2.78,0.0,1990ApJS...74.1075M,16
* nu.02 CMa,4744,3.2,0.25,2006A&A...458..609D,17
* nu.02 CMa,4740,,,1998A&A...339..858D,18
* nu.02 CMa,4675,2.55,0.05,1995AJ....110.2968L,19
* nu.02 CMa,4817,3.19,0.03,2015A&A...574A..50J,20
* nu.02 CMa,4761,3.11,0.21,2013A&A...556A.150S,21
* nu.02 CMa,4784,3.22,0.21,2011A&A...531A.165P,22
* nu.02 CMa,4675,2.55,0.05,1995AJ....110.2968L,23
* nu.02 CMa,4770,2.78,0.0,1990ApJS...74.1075M,24
* nu.02 CMa,4941,3.08,0.07,1981ApJ...248..228L,25
* nu.02 CMa,4675,2.55,0.05,1995AJ....110.2968L,26
* nu.02 CMa,4770,2.78,0.0,1990ApJS...74.1075M,27
* nu.02 CMa,4941,3.08,0.07,1981ApJ...248..228L,28
* nu.02 Dra,7272,,,2006A&A...450..735M,1
* nu. And,14851,4.12,0.14,2023ApJS..266...41P,1
* nu. And,6072,4.0,0.06,1986ApJ...309..762B,2
* nu. And,16290,,,2009A&A...501..297Z,3
* nu. And,14851,4.12,0.14,2012A&A...538A.143K,4
* nu. And,6072,4.0,0.06,1986ApJ...309..762B,5
* nu. Cen,22570,,,1995A&AS..110..553S,1
* nu. Cet,5095,2.79,-0.28,2022A&A...663A...4S,1
* nu. Cet,5170,2.75,-0.18,2007A&A...475.1003H,2
* nu. Cet,5020,2.84,-0.38,1990ApJS...74.1075M,3
* nu. Cet,5020,2.84,-0.38,1990ApJS...74.1075M,4
* nu. Cet,5020,2.84,-0.38,1990ApJS...74.1075M,5
* nu. Eri,19954,3.534,-0.193,2024A&A...681A.107R,1
* nu. Eri,24110,3.91,-0.27,1992ApJ...387..673G,2
* nu. Eri,23610,,,2009A&A...501..297Z,3
* nu. Eri,22000,3.85,0.02,2012A&A...539A.143N,4
* nu. Eri,24110,3.91,-0.27,1992ApJ...387..673G,5
* nu. Hya,4202,1.9,-0.41,2024A&A...690A..97C,1
* nu. Hya,4354,2.08,-0.24,2022MNRAS.511..814G,2
* nu. Hya,4456,2.36,-0.1,2023ApJS..266...41P,3
* nu. Hya,4341,2.01,-0.26,2022A&A...663A...4S,4
* nu. Hya,4354,,-0.24,2021MNRAS.501.4596G,5
* nu. Hya,4310,1.87,-0.24,2022A&A...666A.125F,6
* nu. Hya,4335,2.3,-0.3,2008AJ....135..209M,7
* nu. Hya,4354,2.08,-0.24,2019A&A...627A.138A,8
* nu. Hya,4310,1.87,-0.24,2019A&A...625A.141L,9
* nu. Hya,4310,1.87,-0.27,2017A&A...598A.100J,10
* nu. Hya,4435,2.2,-0.25,2007A&A...475.1003H,11
* nu. Hya,4431,,,1998A&AS..129..505B,12
* nu. Hya,4330,2.32,-0.3,1990ApJS...74.1075M,13
* nu. Hya,4320,,,1998A&A...339..858D,14
* nu. Hya,4250,2.32,-0.24,1998A&A...338..623M,15
* nu. Hya,4456,2.36,-0.1,2012A&A...538A.143K,16
* nu. Hya,4250,2.32,-0.24,1998A&A...338..623M,17
* nu. Hya,4330,2.32,-0.3,1990ApJS...74.1075M,18
* nu. Hya,4330,2.32,-0.3,1990ApJS...74.1075M,19
* nu. Lep,13026,,,2005A&A...444..941P,1
* nu. Lep,12417,,,2012A&A...537A.120Z,2
* nu. Oct,4878,3.09,0.124,2024A&A...691A..53S,1
* nu. Oct,4948,3.296,0.18,2024A&A...683A.125P,2
* nu. Oct,,3.2,0.08,2022A&A...661A..63W,3
* nu. Oct,4888,3.069,0.137,2022A&A...657A..87O,4
* nu. Oct,4900,3.31,0.08,2016AJ....152...19W,5
* nu. Ori,18800,,,2009A&A...501..297Z,1
* nu. Ori,17880,4.06,-0.05,1992ApJ...387..673G,2
* nu. Ori,17880,4.06,-0.05,1992ApJ...387..673G,3
* nu. Psc,4066,1.42,-0.77,2024A&A...690A..97C,1
* nu. Psc,4104,1.25,-0.35,2021MNRAS.505.4496G,2
* nu. Psc,4191,1.88,-0.14,2023ApJS..266...41P,3
* nu. Psc,4153,1.47,-0.25,2022A&A...663A...4S,4
* nu. Psc,4098,,-0.26,2020A&A...633A..34C,5
* nu. Psc,4300,2.2,-0.27,2007A&A...475.1003H,6
* nu. Psc,4216,1.48,-0.23,2013A&A...559A.115M,7
* nu. Psc,4173,,,1998A&A...339..858D,8
* nu. Psc,4132,,,2005ApJ...626..446R,9
* nu. Psc,4114,,,1999A&AS..139..335A,10
* nu. Psc,4110,1.93,-0.27,1990ApJS...74.1075M,11
* nu. Psc,4100,0.8,-0.24,1995AJ....110.2968L,12
* nu. Psc,4000,1.5,-0.35,1974PhDT.........8F,13
* nu. Psc,4000,1.5,-0.3,1980A&A....85..287F,14
* nu. Psc,,,0.0,1957ApJ...125..123S,15
* nu. Psc,4142,1.53,-0.32,2016A&A...587A...2B,16
* nu. Psc,4170,1.91,-0.16,2011A&A...531A.165P,17
* nu. Psc,4191,1.88,-0.14,2012A&A...538A.143K,18
* nu. Psc,4057,1.43,-0.25,2009A&A...508.1313F,19
* nu. Psc,4100,0.8,-0.24,1995AJ....110.2968L,20
* nu. Psc,4110,1.93,-0.27,1990ApJS...74.1075M,21
* nu. Psc,4000,1.5,-0.3,1980A&A....85..287F,22
* nu. Psc,4057,1.43,-0.25,2007MNRAS.374..664C,23
* nu. Psc,4127,1.39,-0.26,2008A&A...480...91S,24
* nu. Psc,4100,0.8,-0.24,1995AJ....110.2968L,25
* nu. Psc,4110,1.93,-0.27,1990ApJS...74.1075M,26
* nu. Psc,4000,1.5,-0.3,1980A&A....85..287F,27
* nu. Psc,4000,1.5,-0.35,1974PhDT.........8F,28
* nu. Psc,,,0.0,1957ApJ...125..123S,29
* nu. Pup,12350,,,1995A&AS..110..553S,1
* nu. Pup,12120,,,2009A&A...501..297Z,2
* nu. Ser,9130,,,1995A&AS..110..553S,1
* nu. Ser,9120,,,2012A&A...537A.120Z,2
* nu. Vir,3733,1.43,-0.54,2022MNRAS.511..814G,1
* nu. Vir,3738,1.55,-0.41,2023ApJS..266...41P,2
* nu. Vir,3982,1.135,-0.423,2023ApJS..266...11B,3
* nu. Vir,3733,,-0.54,2021MNRAS.501.4596G,4
* nu. Vir,4009,1.0,0.06,2008AJ....135..209M,5
* nu. Vir,3600,,0.0,2020A&A...633A..34C,6
* nu. Vir,3733,1.43,-0.54,2019A&A...627A.138A,7
* nu. Vir,3800,0.8,-0.26,2012ApJ...761..161S,8
* nu. Vir,3800,0.8,-0.34,2012ApJ...761..161S,9
* nu. Vir,3738,1.55,-0.41,2012A&A...538A.143K,10
* ome Cap,3960,0.85,-0.61,2007A&A...475.1003H,1
* ome Cap,3870,1.44,-0.24,1990ApJS...74.1075M,2
* ome Cap,3870,1.44,-0.24,1990ApJS...74.1075M,3
* ome Cap,3870,1.44,-0.24,1990ApJS...74.1075M,4
* ome Car,11600,3.5,,2018MNRAS.474.5287A,1
* ome Car,13092,3.4,,2001A&A...378..861C,2
* ome CMa,17170,3.89,,2018MNRAS.474.5287A,1
* ome CMa,19537,3.4,,2017MNRAS.471.3398A,2
* ome CMa,21878,3.5,,2001A&A...378..861C,3
* ome Eri,7278,,,2012A&A...537A.120Z,1
* ome Eri,7161,,,2006A&A...458..293P,2
* ome Psc,6659,3.62,-0.25,2018A&A...614A..55A,1
* ome Psc,6658,,,2011A&A...530A.138C,2
* ome Psc,6576,3.7,-0.27,1990ApJ...354..310B,3
* ome Psc,6778,3.53,-0.08,2016A&A...587A...2B,4
* ome Psc,6882,3.73,-0.02,2016A&A...587A...2B,5
* ome Psc,6576,3.7,-0.27,1990ApJ...354..310B,6
* ome Psc,6576,3.7,-0.27,1990ApJ...354..310B,7
* omi01 CMa,4125,0.16,0.13,2019A&A...627A.138A,1
* omi01 CMa,4235,0.0,-0.11,1982ApJ...256..177L,2
* omi01 CMa,3900,0.65,-0.32,2007A&A...475.1003H,3
* omi01 CMa,3200,0.0,0.25,1998A&A...338..623M,4
* omi01 CMa,3200,0.0,0.25,1998A&A...338..623M,5
* omi01 CMa,4235,0.0,-0.11,1982ApJ...256..177L,6
* omi01 CMa,4235,0.0,-0.11,1982ApJ...256..177L,7
* omi01 CMa,4165,0.75,0.2,1977ApJ...212..743L,8
* omi02 CMa,16800,2.18,,2024A&A...687A.228D,1
* omi02 CMa,17000,3.0,,2024ApJ...971..166M,2
* omi02 CMa,16000,2.15,,2023A&A...677A..50B,3
* omi02 CMa,15500,1.75,,2006A&A...446..279C,4
* omi02 CMa,14920,,,2009A&A...501..297Z,5
* omi Her,9484,,,2012A&A...537A.120Z,1
* omi Per,22840,,,2009A&A...501..297Z,1
* omi Psc,5031,2.59,-0.07,2024A&A...690A..97C,1
* omi Psc,5072,2.772,0.01,2024A&A...683A.125P,2
* omi Psc,4973,2.61,-0.02,2022A&A...663A...4S,3
* omi Psc,4909,2.7,-0.11,2008AJ....135..209M,4
* omi Psc,4990,,-0.1,2020A&A...633A..34C,5
* omi Psc,5025,2.9,0.0,2007A&A...475.1003H,6
* omi Psc,4980,2.82,-0.11,1990ApJS...74.1075M,7
* omi Psc,4952,2.43,-0.05,2014ApJ...785...94L,8
* omi Psc,5004,2.57,0.1,2015A&A...574A..50J,9
* omi Psc,5061,2.89,0.0,2007AJ....133.2464L,10
* omi Psc,4980,2.82,-0.11,1990ApJS...74.1075M,11
* omi Psc,,,-0.11,2008A&A...480...91S,12
* omi Psc,4980,2.82,-0.11,1990ApJS...74.1075M,13
* omi Ser,8790,,,2012A&A...537A.120Z,1
* omi Ser,8452,3.82,-0.35,2003A&A...398.1121E,2
* omi Sgr,4827,2.64,0.0,2022A&A...663A...4S,1
* omi Sgr,4850,,-0.1,2020A&A...633A..34C,2
* omi Sgr,4900,2.5,0.13,1992MNRAS.256..535J,3
* omi Sgr,4800,3.03,-0.11,1990ApJS...74.1075M,4
* omi Sgr,4778,,,1998A&A...339..858D,5
* omi Sgr,4759,2.66,-0.04,2007MNRAS.382..553L,6
* omi Sgr,4906,2.7,0.01,2014ApJ...785...94L,7
* omi Sgr,4914,2.85,-0.01,2007AJ....133.2464L,8
* omi Sgr,4900,2.5,0.13,1992MNRAS.256..535J,9
* omi Sgr,4800,3.03,-0.11,1990ApJS...74.1075M,10
* omi Sgr,4900,2.5,0.13,1992MNRAS.256..535J,11
* omi Sgr,4800,3.03,-0.11,1990ApJS...74.1075M,12
* omi Tau,5262,2.81,-0.05,2024A&A...683A.125P,1
* omi Tau,5071,2.45,-0.12,2022A&A...663A...4S,2
* omi Tau,5070,2.7,-0.15,2008AJ....135..209M,3
* omi Tau,5094,2.43,-0.13,2018A&A...615A..31D,4
* omi Tau,5180,2.8,-0.05,2006A&A...458..609D,5
* omi Tau,5100,2.75,-0.15,1990ApJS...74.1075M,6
* omi Tau,5031,,,1998A&AS..129..505B,7
* omi Tau,5094,2.43,-0.13,2016A&A...585A..73N,8
* omi Tau,5188,2.9,-0.09,2007AJ....133.2464L,9
* omi Tau,5100,2.75,-0.15,1990ApJS...74.1075M,10
* omi Tau,,,-0.08,2008A&A...480...91S,11
* omi Tau,5100,2.75,-0.15,1990ApJS...74.1075M,12
* omi UMa,5437,3.1,-0.05,2024A&A...691A..53S,1
* omi UMa,5275,2.83,-0.08,2024A&A...691A.160S,2
* omi UMa,5235,2.72,-0.09,2024A&A...692A.189R,3
* omi UMa,5114,2.3852,-0.9402,2024A&A...681A.107R,4
* omi UMa,5300,2.67,0.06,2023ApJS..266...41P,5
* omi UMa,5209,2.65,-0.09,2022A&A...663A...4S,6
* omi UMa,,2.5,-0.16,2022A&A...661A..63W,7
* omi UMa,5300,2.67,0.06,1998A&A...338..623M,8
* omi UMa,5220,2.67,-0.21,1990ApJS...74.1075M,9
* omi UMa,5196,2.3,-0.02,1978A&A....67..311F,10
* omi UMa,5196,2.3,-0.02,1974PhDT.........8F,11
* omi UMa,5190,2.8,-0.16,2007A&A...475.1003H,12
* omi UMa,5136,,,1999A&AS..139..335A,13
* omi UMa,5135,,,2005ApJ...626..446R,14
* omi UMa,5097,,,2009A&A...497..497G,15
* omi UMa,5242,2.64,-0.09,2014ApJ...785...94L,16
* omi UMa,5242,2.64,-0.09,2013A&A...556A.150S,17
* omi UMa,5300,2.67,0.06,1998A&A...338..623M,18
* omi UMa,5220,2.67,-0.21,1990ApJS...74.1075M,19
* omi UMa,,,-0.03,2008A&A...480...91S,20
* omi UMa,5220,2.67,-0.21,1990ApJS...74.1075M,21
* omi UMa,5196,2.3,-0.02,1978A&A....67..311F,22
* omi UMa,5196,2.3,-0.02,1974PhDT.........8F,23
* omi Vel,17642,3.8656,-0.08,2023ApJS..266...11B,1
* omi Vel,16500,,,1995A&AS..110..553S,2
1RXS J033609.2+311853,3100,4.99,,2022ApJ...927..122H,1
1RXS J033609.2+311853,3284,,-0.04,2015ApJS..220...16T,2
1RXS J033609.2+311853,3233,,-0.07,2015ApJS..220...16T,3
1RXS J033609.2+311853,,,-0.08,2015ApJS..220...16T,4
1RXS J033609.2+311853,3086,,0.07,2015ApJ...804...64M,5
1RXS J033609.2+311853,,,0.09,2014AJ....147...20N,6
1RXS J050514.2-475625,3216,,,2024A&A...691A..53S,1
1RXS J050514.2-475625,3104,5.07,-0.1,2021MNRAS.504.5788R,2
1RXS J053328.4-425713,3600,4.0,,2020AJ....160...83S,1
1RXS J053328.4-425713,3600,4.0,,2013AJ....146..134K,2
1RXS J063531.2-040314,3277,,0.44,2015ApJS..220...16T,1
1RXS J063531.2-040314,3267,,-0.06,2015ApJS..220...16T,2
1RXS J063531.2-040314,,,0.28,2015ApJS..220...16T,3
2MASS J00310928+5749364,1791,5.25,,2024ApJ...961..121H,1
2MASS J00470038+6803543,1614,3.78,,2024ApJ...961..121H,1
2MASS J00470038+6803543,1291,4.3,,2024ApJ...972..172P,2
2MASS J00470038+6803543,,4.0,,2015ApJS..219...33G,3
2MASS J01443536-0716142,1600,5.0,,2015ApJS..219...33G,1
2MASS J01443536-0716142,1600,,,2010ApJ...723..684B,2
2MASS J02511490-0352459,2100,,,2010ApJ...723..684B,1
2MASS J03140344+1603056,2300,5.5,,2015ApJS..219...33G,1
2MASS J03480772-6022270,812,5.24,,2024ApJ...976...82T,1
2MASS J03480772-6022270,883,3.54,,2024ApJ...976...82T,2
2MASS J03480772-6022270,880,5.1,,2021AJ....161..224T,3
2MASS J03552337+1133437,1613,3.74,,2024ApJ...961..121H,1
2MASS J03552337+1133437,1500,4.5,,2015ApJS..219...33G,2
2MASS J03552337+1133437,1900,,,2010ApJ...723..684B,3
2MASS J04390101-2353083,1287,4.33,,2023ApJ...959...63S,1
2MASS J04390101-2353083,1600,5.0,,2015ApJS..219...33G,2
2MASS J05002100+0330501,1462,4.18,,2023ApJ...959...63S,1
2MASS J05002100+0330501,1600,,,2010ApJ...723..684B,2
2MASS J05233822-1403022,2100,,,2010ApJ...723..684B,1
* omi02 Eri,5117,4.41,-0.35,2024A&A...691A..53S,1
* omi02 Eri,5106,4.355,-0.34,2024A&A...683A.125P,2
* omi02 Eri,5153,4.446,-0.3,2024A&A...683A.125P,3
* omi02 Eri,5181,4.51,-0.29,2024A&A...682A.145S,4
* omi02 Eri,5103,4.45,-0.17,2021MNRAS.505.4496G,5
* omi02 Eri,5133,4.52,-0.29,2022A&A...663A...4S,6
* omi02 Eri,5246,4.52,-0.198,2021ApJS..255....8R,7
* omi02 Eri,5030,4.4,-0.25,2021AJ....161..134H,8
* omi02 Eri,5133,4.45,-0.35,2015A&A...573A..67P,9
* omi02 Eri,5153,-1.704,-0.31,2014A&A...566A..66G,10
* omi02 Eri,5109,4.49,-0.43,2022AJ....164..174H,11
* omi02 Eri,,,-0.31,2020A&A...643A.106B,12
* omi02 Eri,5098,4.48,-0.36,2020A&A...634A.136C,13
* omi02 Eri,5084,4.318,-0.346,2019A&A...629A..80H,14
* omi02 Eri,5202,4.59,-0.25,2017AJ....153...21L,15
* omi02 Eri,5151,4.54,-0.29,2018AJ....155..126D,16
* omi02 Eri,5200,4.58,-0.3,2018AJ....155..111L,17
* omi02 Eri,5202,4.55,-0.27,2018A&A...614A..55A,18
* omi02 Eri,5568,4.75,-0.54,2018A&A...615A..76S,19
* omi02 Eri,5128,4.37,-0.37,2018MNRAS.479.1332M,20
* omi02 Eri,5124,4.53,,2003AJ....125.1598L,21
* omi02 Eri,5098,4.35,-0.36,2017A&A...606A..94D,22
* omi02 Eri,5311,,,2011A&A...530A.138C,23
* omi02 Eri,5300,4.55,-0.26,2003AJ....126.2015H,24
* omi02 Eri,5273,,,2009A&A...497..497G,25
* omi02 Eri,5261,,,2012ApJ...757..112B,26
* omi02 Eri,5250,4.55,-0.24,2006AJ....131.3069L,27
* omi02 Eri,5250,4.55,-0.24,2005AJ....129.1063L,28
* omi02 Eri,5200,4.31,-0.25,1998A&A...338..623M,29
* omi02 Eri,5185,4.73,-0.26,2001A&A...373.1019S,30
* omi02 Eri,5168,4.59,-0.27,2004AN....325....3F,31
* omi02 Eri,5164,4.61,-0.17,2004A&A...420..183A,32
* omi02 Eri,5161,,,1998A&AS..129..505B,33
* omi02 Eri,5153,4.39,-0.31,2008A&A...487..373S,34
* omi02 Eri,5151,4.57,-0.28,2005ApJS..159..141V,35
* omi02 Eri,5147,,,2012ApJ...757..112B,36
* omi02 Eri,5126,4.51,-0.31,2004A&A...415.1153S,37
* omi02 Eri,5125,4.43,-0.33,2005A&A...442..635B,38
* omi02 Eri,5116,4.61,-0.38,2007A&A...465..271R,39
* omi02 Eri,5091,4.31,-0.34,1983A&A...126..325S,40
* omi02 Eri,5091,,-0.19,1964RGOB...87..227P,41
* omi02 Eri,5068,,,2005ApJ...626..446R,42
* omi02 Eri,5046,4.61,-0.34,2006ApJ...652.1604B,43
* omi02 Eri,5040,,,1996A&AS..117..227A,44
* omi02 Eri,4308,,0.01,1971JRASC..65..222B,45
* omi02 Eri,5092,4.51,-0.3,2016ApJS..225...32B,46
* omi02 Eri,5003,4.21,-0.32,2016A&A...587A...2B,47
* omi02 Eri,5004,4.18,-0.31,2016A&A...587A...2B,48
* omi02 Eri,5166,4.58,,2015A&A...579A..20M,49
* omi02 Eri,5020,4.51,,2014MNRAS.442..220F,50
* omi02 Eri,5153,4.39,-0.31,2015A&A...576A..69D,51
* omi02 Eri,5098,4.35,-0.36,2013A&A...555A.150T,52
* omi02 Eri,5202,4.55,-0.28,2013ApJ...764...78R,53
* omi02 Eri,5202,4.55,-0.28,2012ApJ...756...46R,54
* omi02 Eri,5216,4.5,,2003AJ....126.2048G,55
* omi02 Eri,5164,4.61,7.34,2004A&A...420..183A,56
* omi02 Eri,5153,4.39,-0.31,2012A&A...545A..32A,57
* omi02 Eri,5130,4.42,-0.24,2011AJ....141...90L,58
* omi02 Eri,5130,4.43,-0.23,2011AJ....141...90L,59
* omi02 Eri,5114,4.41,-0.26,2011A&A...531A.165P,60
* omi02 Eri,,,-0.27,2008A&A...485..571J,61
* omi02 Eri,5200,4.31,-0.25,1998A&A...338..623M,62
* omi02 Eri,5091,4.31,-0.34,1983A&A...126..325S,63
* omi02 Eri,5153,4.39,-0.31,2008A&A...487..373S,64
* omi02 Eri,5073,4.19,-0.31,2007MNRAS.374..664C,65
* omi02 Eri,5163,4.51,-0.25,2008A&A...480...91S,66
* omi02 Eri,5091,4.31,-0.34,1983A&A...126..325S,67
* omi02 Eri,4308,,0.01,1971JRASC..65..222B,68
* omi02 Eri,5091,,-0.19,1964RGOB...87..227P,69
* omi02 Eri B,16265,,,2022ApJ...935L..12B,1
* omi02 Eri B,17292,7.983,,2024A&A...682A...5V,2
* omi02 Eri B,17099,7.95,,2017ApJ...848...11B,3
* omi02 Eri B,17100,7.95,,2011ApJ...743..138G,4
* omi02 Eri B,16176,7.87,,2009AJ....138.1681S,5
* omi02 Eri C,3340,4.89,,2024A&A...687A.205M,1
* omi02 Eri C,3180,,-0.41,2021A&A...656A.162M,2
* omi02 Eri C,3179,5.0,-0.44,2021A&A...656A.162M,3
* omi02 Eri C,3331,4.96,0.11,2020A&A...644A..68M,4
* omi02 Eri C,3044,4.6,-0.02,2019ApJ...878..134K,5
* omi02 Eri C,3167,,,2017ApJ...851...26V,6
* omi02 Eri C,,,-0.33,2005A&A...442..635B,7
* omi02 Eri C,3167,,-0.21,2015ApJ...804...64M,8
* omi02 Eri C,,,-0.21,2014AJ....147...20N,9
* omi02 Eri C,2979,,-0.15,2012ApJ...748...93R,10
* p Eri A,5025,4.6,-0.24,2022A&A...663A...4S,1
* p Eri A,5026,4.37,-0.205,2020A&A...639A..35H,2
* p Eri A,5045,4.77,-0.19,2001A&A...373.1019S,3
* p Eri A,5016,4.59,-0.23,2005ApJS..159..141V,4
* p Eri A,4988,4.63,-0.27,2007A&A...465..271R,5
* p Eri A,4970,4.49,-0.26,2004A&A...415.1153S,6
* p Eri A,5077,4.62,-0.24,2013ApJ...764...78R,7
* p Eri A,5077,4.62,-0.24,2012ApJ...756...46R,8
* p Eri B,4864,4.18,-0.4,2024A&A...690A..97C,1
* p Eri B,5118,4.855,-0.409,2023ApJS..266...11B,2
* p Eri B,5111,4.63,-0.19,2022A&A...663A...4S,3
* p Eri B,5096,4.61,-0.22,2005ApJS..159..141V,4
* p Eri B,5044,4.61,,2014MNRAS.442..220F,5
* p Eri B,5117,4.64,-0.19,2013ApJ...764...78R,6
* p Eri B,5117,4.64,-0.19,2012ApJ...756...46R,7
* phi01 Lup,3800,,-0.4,2020A&A...633A..34C,1
* phi Eri,14180,,,1995A&AS..110..553S,1
* phi Eri,12470,,,2009A&A...501..297Z,2
* phi Psc,4813,2.65,-0.09,2022A&A...663A...4S,1
* phi Psc,4815,2.55,-0.11,2007A&A...475.1003H,2
* phi Psc,4810,2.75,-0.08,1990ApJS...74.1075M,3
* phi Psc,4810,2.75,-0.08,1990ApJS...74.1075M,4
* phi Psc,4810,2.75,-0.08,1990ApJS...74.1075M,5
* phi Sgr,14990,,,2009A&A...501..297Z,1
* phi Sgr,12550,,,1995A&AS..110..553S,2
* phi UMa,8985,3.54,-0.35,2021MNRAS.505.4496G,1
* phi UMa,8590,,,2012A&A...537A.120Z,2
* phi UMa,11200,3.55,-0.4,1976IAUCo..32..521K,3
* phi UMa,8769,3.69,-0.23,2011A&A...531A.165P,4
* phi UMa,11200,3.55,-0.4,2007MNRAS.374..664C,5
* phi UMa,11200,3.55,-0.4,1976IAUCo..32..521K,6
* phi Vel,13980,,,2009A&A...501..297Z,1
* pi.01 Ori,11172,4.78,0.0,2021MNRAS.505.4496G,1
* pi.01 Ori,7900,3.8,-1.5,2016A&A...589A..83G,2
* pi.01 Ori,9226,,,2012A&A...537A.120Z,3
* pi.01 Ori,8970,4.25,-0.85,1993A&A...277..139S,4
* pi.01 Ori,8750,4.0,-1.31,1990ApJ...363..234V,5
* pi.01 Ori,8611,4.15,,2003AJ....126.2048G,6
* pi.01 Ori,8822,4.11,-0.73,2011A&A...531A.165P,7
* pi.01 Ori,8990,4.08,-0.89,2007MNRAS.374..664C,8
* pi.01 Ori,8970,4.25,-0.85,1993A&A...277..139S,9
* pi.01 Ori,8750,4.0,-1.31,1990ApJ...363..234V,10
* pi.01 Ori,8542,4.0,-0.5,1969ApJ...155..537B,11
* pi.01 Peg,4792,2.58,-0.23,2022A&A...663A...4S,1
* pi.01 Peg,4819,2.7,-0.24,2008AJ....135..209M,2
* pi.01 Peg,4790,2.81,-0.24,1990ApJS...74.1075M,3
* pi.01 Peg,4793,2.36,-0.22,2014ApJ...785...94L,4
* pi.01 Peg,4790,2.81,-0.24,1990ApJS...74.1075M,5
* pi.01 Peg,,,-0.24,2008A&A...480...91S,6
* pi.01 Peg,4790,2.81,-0.24,1990ApJS...74.1075M,7
* pi.02 Ori,7500,2.6,-1.2,2016A&A...589A..83G,1
* pi.02 Ori,9392,,,2012A&A...542A.116A,2
* pi.02 Ori,9354,,,2012A&A...537A.120Z,3
* pi.03 Ori,4688,2.8,0.09,2024A&A...690A..97C,1
* pi.03 Ori,6518,4.31,0.03,2024A&A...682A.145S,2
* pi.03 Ori,6443,4.3,0.03,2022A&A...663A...4S,3
* pi.03 Ori,6361,4.05,-0.08,2015A&A...573A..67P,4
* pi.03 Ori,,,-0.09,2020AJ....160...83S,5
* pi.03 Ori,6313,4.05,,2020AJ....160...83S,6
* pi.03 Ori,5713,3.909,,2019A&A...629A..80H,7
* pi.03 Ori,6509,4.31,0.17,2017AJ....153...21L,8
* pi.03 Ori,6477,4.29,0.0,2019MNRAS.487.3162C,9
* pi.03 Ori,6486,4.31,0.07,2018AJ....155..111L,10
* pi.03 Ori,6448,4.29,0.0,2018A&A...614A..55A,11
* pi.03 Ori,6701,,,2013ApJ...771...40B,12
* pi.03 Ori,6516,,,2012ApJ...746..101B,13
* pi.03 Ori,6499,,,2011A&A...530A.138C,14
* pi.03 Ori,6494,4.29,0.04,2014A&A...570A..80T,15
* pi.03 Ori,6482,,,1996A&AS..117..227A,16
* pi.03 Ori,6462,4.5,-0.69,1976AcA....26..147G,17
* pi.03 Ori,6462,,0.18,1970MNRAS.148..477P,18
* pi.03 Ori,6441,,,2013ApJ...771...40B,19
* pi.03 Ori,6439,,,2013ApJ...771...40B,20
* pi.03 Ori,6424,4.29,0.03,2005ApJS..159..141V,21
* pi.03 Ori,6424,4.34,-0.0,2004A&A...420..183A,22
* pi.03 Ori,6420,4.3,0.01,2006AJ....131.3069L,23
* pi.03 Ori,6420,4.3,0.01,2005AJ....129.1063L,24
* pi.03 Ori,6408,,,2005ApJ...626..446R,25
* pi.03 Ori,6380,4.4,0.02,1977AcA....27..145K,26
* pi.03 Ori,6380,,,1998A&AS..129..505B,27
* pi.03 Ori,6300,4.27,-0.05,2006ApJ...652.1604B,28
* pi.03 Ori,6300,,0.16,1966ApJ...143..336M,29
* pi.03 Ori,5750,,,2009A&A...497..497G,30
* pi.03 Ori,6398,4.27,0.11,2016ApJS..225...32B,31
* pi.03 Ori,6420,4.24,-0.02,2016A&A...587A...2B,32
* pi.03 Ori,6508,4.36,,2014MNRAS.442..220F,33
* pi.03 Ori,6477,4.29,0.0,2013ApJ...764...78R,34
* pi.03 Ori,6477,4.29,0.0,2012ApJ...756...46R,35
* pi.03 Ori,6313,4.05,,2013AJ....146..134K,36
* pi.03 Ori,6424,4.34,7.61,2004A&A...420..183A,37
* pi.03 Ori,,,-0.01,2012A&A...541A..40M,38
* pi.03 Ori,6380,4.4,0.02,1977AcA....27..145K,39
* pi.03 Ori,6462,4.5,-0.69,1976AcA....26..147G,40
* pi.03 Ori,6462,,0.18,1970MNRAS.148..477P,41
* pi.03 Ori,6300,,0.16,1966ApJ...143..336M,42
* pi.04 Ori,21200,3.42,,2024A&A...687A.228D,1
* pi.04 Ori,22120,3.59,-0.31,1992ApJ...387..673G,2
* pi.04 Ori,22120,3.59,-0.31,1992ApJ...387..673G,3
* pi.06 Ori,4270,1.3,-0.24,2021MNRAS.505.4496G,1
* pi.06 Ori,4246,1.53,0.04,2022A&A...663A...4S,2
* pi.06 Ori,4250,1.4,-0.23,2007A&A...475.1003H,3
* pi.06 Ori,4120,1.78,0.26,1990ApJS...74.1075M,4
* pi.06 Ori,4367,1.41,0.08,2014AJ....147..137L,5
* pi.06 Ori,4370,1.49,0.01,2011A&A...531A.165P,6
* pi.06 Ori,4120,1.78,0.26,1990ApJS...74.1075M,7
* pi.06 Ori,4120,1.78,0.26,1990ApJS...74.1075M,8
* pi. Cet,14000,4.0,,2023MNRAS.519.5472M,1
* pi. Cet,14607,4.07,0.0,2021MNRAS.505.4496G,2
* pi. Cet,12800,3.75,0.0,2018MNRAS.477.3343S,3
* pi. Cet,13680,,,2009A&A...501..297Z,4
* pi. Cet,13263,3.9,0.7,1979ApJS...41..675H,5
* pi. Cet,13263,3.65,-0.08,1984MNRAS.206..637A,6
* pi. Cet,13250,3.8,0.0,1993A&A...274..335S,7
* pi. Cet,12800,3.75,0.01,2009A&A...503..945F,8
* pi. Cet,12589,,,2012A&A...537A.120Z,9
* pi. Cet,11455,3.2,-0.4,1967ApJS...15...21W,10
* pi. Cet,,,-0.05,1985A&A...152..434A,11
* pi. Cet,12722,4.2,0.28,2011A&A...531A.165P,12
* pi. Cet,13893,4.02,0.21,2012A&A...538A.143K,13
* pi. Cet,13250,3.8,0.0,1993A&A...274..335S,14
* pi. Cet,,,-0.05,1985A&A...152..434A,15
* pi. Cet,13263,3.65,-0.08,1984MNRAS.206..637A,16
* pi. Cet,13263,3.9,0.7,1979ApJS...41..675H,17
* pi. Cet,11455,3.2,-0.4,1967ApJS...15...21W,18
* pi. Her,4382,2.23,0.09,2021MNRAS.505.4496G,1
* pi. Her,4274,1.78,0.1,2023ApJS..266...41P,2
* pi. Her,4139,1.79,-0.09,2022A&A...663A...4S,3
* pi. Her,4170,1.9,0.01,2007A&A...475.1003H,4
* pi. Her,4147,,,1998A&A...339..858D,5
* pi. Her,4106,,,1998AJ....116..981V,6
* pi. Her,4100,1.68,-0.18,1990ApJS...74.1075M,7
* pi. Her,4334,1.74,0.06,2013AJ....146...73P,8
* pi. Her,4233,1.56,0.1,2011A&A...531A.165P,9
* pi. Her,4274,1.78,0.1,2012A&A...538A.143K,10
* pi. Her,4100,1.68,-0.18,1990ApJS...74.1075M,11
* pi. Her,4163,1.42,-0.07,2007MNRAS.374..664C,12
* pi. Her,4100,1.68,-0.18,1990ApJS...74.1075M,13
* pi. Her,5419,4.1,0.32,1986A&AS...65...11K,14
* pi. Pav,7585,3.81,0.27,2003A&A...398.1121E,1
* pi. Pav,7585,3.81,0.26,2003A&A...398.1121E,2
* psi01 Aqr,4673,2.4,0.01,2024A&A...691A..53S,1
* psi01 Aqr,4698,2.511,0.03,2024A&A...683A.125P,2
* psi01 Aqr,4631,2.32,-0.03,2024A&A...682A.145S,3
* psi01 Aqr,4547,2.28,-0.16,2021MNRAS.505.4496G,4
* psi01 Aqr,4686,2.57,0.0,2016A&A...588A..98M,5
* psi01 Aqr,4665,2.55,-0.03,2022A&A...663A...4S,6
* psi01 Aqr,,2.4,-0.03,2022A&A...661A..63W,7
* psi01 Aqr,4610,2.53,0.0,2022A&A...666A.125F,8
* psi01 Aqr,4603,2.6,-0.14,2008AJ....135..209M,9
* psi01 Aqr,4610,2.53,0.0,2019A&A...625A.141L,10
* psi01 Aqr,4656,2.4,,2016A&A...585A...5B,11
* psi01 Aqr,4610,2.53,-0.03,2017A&A...598A.100J,12
* psi01 Aqr,4757,2.71,0.05,2005A&A...437.1127S,13
* psi01 Aqr,4745,2.71,0.04,2015A&A...580A..24D,14
* psi01 Aqr,4715,2.7,-0.03,2007A&A...475.1003H,15
* psi01 Aqr,4651,,,2006MNRAS.371..879K,16
* psi01 Aqr,4605,2.59,0.01,2007MNRAS.382..553L,17
* psi01 Aqr,4580,2.69,-0.14,1990ApJS...74.1075M,18
* psi01 Aqr,4575,2.1,-0.03,1995AJ....110.2968L,19
* psi01 Aqr,4674,2.58,-0.08,2016A&A...587A...2B,20
* psi01 Aqr,4667,2.56,-0.1,2016A&A...587A...2B,21
* psi01 Aqr,4838,2.87,-0.1,2015A&A...574A..50J,22
* psi01 Aqr,4681,2.65,0.0,2013A&A...556A.150S,23
* psi01 Aqr,4691,2.6,0.02,2013A&A...554A..84M,24
* psi01 Aqr,4696,2.59,0.03,2011A&A...531A.165P,25
* psi01 Aqr,4751,2.69,0.05,2007AJ....133.2464L,26
* psi01 Aqr,4575,2.1,-0.03,1995AJ....110.2968L,27
* psi01 Aqr,4580,2.69,-0.14,1990ApJS...74.1075M,28
* psi01 Aqr,,,-0.02,2008A&A...480...91S,29
* psi01 Aqr,4578,2.39,-0.09,2007MNRAS.374..664C,30
* psi01 Aqr,4662,2.55,-0.02,2008A&A...480...91S,31
* psi01 Aqr,4575,2.1,-0.03,1995AJ....110.2968L,32
* psi01 Aqr,4580,2.69,-0.14,1990ApJS...74.1075M,33
* psi Cap,6633,4.24,0.22,2017AJ....153...21L,1
* psi Cap,6671,4.25,0.15,2018AJ....155..111L,2
* psi Cap,6678,4.28,0.03,2018A&A...614A..55A,3
* psi Cap,6633,4.22,,2003AJ....125.1598L,4
* psi Cap,6725,4.51,0.04,2006AJ....131.3069L,5
* psi Cap,6725,4.51,0.04,2005AJ....129.1063L,6
* psi Cap,6638,,,2011A&A...530A.138C,7
* psi Cap,6632,4.5,-0.11,1990ApJ...351..467B,8
* psi Cap,6587,,,2012A&A...542A.116A,9
* psi Cap,6569,,,1998A&A...339..858D,10
* psi Cap,6517,,,1998A&AS..129..505B,11
* psi Cap,6462,4.1,0.04,1986ApJ...303..724B,12
* psi Cap,,,0.03,2012A&A...541A..40M,13
* psi Cap,6632,4.5,-0.11,1990ApJ...351..467B,14
* psi Cap,6462,4.1,0.04,1986ApJ...303..724B,15
* psi Cap,6632,4.5,-0.11,1990ApJ...351..467B,16
* psi Cap,6462,4.1,0.04,1986ApJ...303..724B,17
* psi Hya,4680,2.72,-0.19,2022A&A...663A...4S,1
* psi Hya,4760,,0.0,2020A&A...633A..34C,2
* psi Hya,4680,2.72,-0.19,1990ApJS...74.1075M,3
* psi Hya,4680,2.72,-0.19,1990ApJS...74.1075M,4
* psi Hya,4680,2.72,-0.19,1990ApJS...74.1075M,5
* psi Phe,3362,0.44,-1.24,2024A&A...682A.145S,1
* psi Phe,4105,1.7888,-0.761,2023A&A...671A..61N,2
* psi Phe,4101,1.768,-0.783,2023A&A...671A..61N,3
* psi Phe,4095,1.799,-0.783,2023A&A...671A..61N,4
* psi Phe,4109,1.7804,-0.745,2023A&A...671A..61N,5
* psi Phe,4089,1.7255,-0.808,2023A&A...671A..61N,6
* psi Phe,4110,1.7898,-0.771,2023A&A...671A..61N,7
* psi Phe,4113,1.7891,-0.769,2023A&A...671A..61N,8
* psi Phe,4108,1.7769,-0.783,2023A&A...671A..61N,9
* psi Phe,4096,1.7249,-0.809,2023A&A...671A..61N,10
* psi Phe,4102,1.7656,-0.78,2023A&A...671A..61N,11
* psi Phe,4108,1.7811,-0.776,2023A&A...671A..61N,12
* psi Phe,3671,0.27,-0.129,2023ApJS..266...11B,13
* psi Phe,3676,0.48,-0.66,2023A&A...676A.129H,14
* psi Phe,4186,1.0991,-1.169,2021MNRAS.506..150B,15
* psi Phe,3472,0.62,-1.24,2014A&A...564A.133J,16
* psi UMa,4647,2.19,-0.08,2024A&A...692A.189R,1
* psi UMa,4543,2.12,-0.11,2024A&A...682A.145S,2
* psi UMa,4570,2.26,-0.11,2022A&A...663A...4S,3
* psi UMa,4534,2.33,-0.07,2022A&A...666A.125F,4
* psi UMa,4529,2.3,-0.13,2008AJ....135..209M,5
* psi UMa,4534,2.33,-0.07,2019A&A...625A.141L,6
* psi UMa,4534,2.33,-0.1,2017A&A...598A.100J,7
* psi UMa,4846,2.78,-0.07,1981ApJ...248..228L,8
* psi UMa,4667,1.7,-0.18,1982MNRAS.201..807G,9
* psi UMa,4655,2.55,-0.14,2007A&A...475.1003H,10
* psi UMa,4650,,,1998A&AS..129..505B,11
* psi UMa,4600,2.11,-0.04,2011A&A...528A.121B,12
* psi UMa,4600,1.95,0.03,2012A&A...543A.160T,13
* psi UMa,4550,2.53,-0.13,1990ApJS...74.1075M,14
* psi UMa,4527,,,1998A&A...339..858D,15
* psi UMa,4098,,-0.39,1964PDAO...12..455Y,16
* psi UMa,4590,2.36,-0.16,2016A&A...587A...2B,17
* psi UMa,4520,2.36,-0.16,2009A&A...508.1313F,18
* psi UMa,4550,2.53,-0.13,1990ApJS...74.1075M,19
* psi UMa,4667,1.7,-0.18,1982MNRAS.201..807G,20
* psi UMa,4846,2.78,-0.07,1981ApJ...248..228L,21
* psi UMa,,,-0.13,2008A&A...480...91S,22
* psi UMa,4605,2.38,-0.13,2008A&A...480...91S,23
* psi UMa,4550,2.53,-0.13,1990ApJS...74.1075M,24
* psi UMa,4667,1.7,-0.18,1982MNRAS.201..807G,25
* psi UMa,4846,2.78,-0.07,1981ApJ...248..228L,26
* psi UMa,4098,,-0.39,1964PDAO...12..455Y,27
* psi Vel,6837,3.77,,2003AJ....125.1598L,1
* psi Vel,6938,,,2011A&A...530A.138C,2
* p Vel,7274,4.05,,2003AJ....125.1598L,1
* q Car,4500,1.6,0.54,2023ApJS..266...41P,1
* q Car,4500,1.6,0.54,2022A&A...663A...4S,2
* q Car,4500,1.6,0.54,1979ApJ...232..797L,3
* q Car,4500,1.6,0.54,1979ApJ...232..797L,4
* q Car,4065,,0.3,1974ApJ...187..277H,5
* q Tau,12161,3.4462,-0.3703,2024A&A...681A.107R,1
* q Tau,7750,4.0,,2020AJ....160...83S,2
* q Tau,14180,,,2009A&A...501..297Z,3
* q Tau,13092,,,2012A&A...537A.120Z,4
* q Vel,8733,3.76,,2021A&A...647A..49S,1
* q Vel,8829,4.14,,2003AJ....125.1598L,2
* q Vel,8953,4.13,0.06,2003A&A...398.1121E,3
* q Vel,8890,,,1995A&AS..110..553S,4
* rho01 Cnc,5363,,0.42,2025AJ....169..235V,1
* rho01 Cnc,5500,3.5,,2023MNRAS.519.5472M,2
* rho01 Cnc,5363,4.29,0.33,2024A&A...691A..53S,3
* rho01 Cnc,5193,4.37,0.16,2024A&A...691A.160S,4
* rho01 Cnc,5232,4.4,0.46,2025ApJ...993..235R,5
* rho01 Cnc,5320,4.24,0.36,2024A&A...683A.125P,6
* rho01 Cnc,5169,4.41,0.32,2024A&A...682A.145S,7
* rho01 Cnc,5579,4.76,0.71,2021MNRAS.505.4496G,8
* rho01 Cnc,5140,4.37,,2023A&A...671A.171W,9
* rho01 Cnc,5320,4.35,0.33,2023ApJS..266...41P,10
* rho01 Cnc,5363,4.31,0.42,2023AJ....165...60V,11
* rho01 Cnc,5292,4.4,0.32,2022A&A...663A...4S,12
* rho01 Cnc,5308,4.46,0.3,2022AJ....164...87K,13
* rho01 Cnc,5317,4.458,0.383,2021ApJS..255....8R,14
* rho01 Cnc,5360,4.3,0.42,2021AJ....161..134H,15
* rho01 Cnc,5287,4.43,0.34,2015A&A...573A..67P,16
* rho01 Cnc,5320,4.354,0.338,2019A&A...629A..80H,17
* rho01 Cnc,5260,4.35,0.43,2018ApJS..238...29P,18
* rho01 Cnc,5248,4.43,0.34,2017AJ....153...21L,19
* rho01 Cnc,5279,4.37,0.33,2019MNRAS.487.3162C,20
* rho01 Cnc,5353,4.3,0.3,2018A&A...620A..58S,21
* rho01 Cnc,5346,4.26,0.25,2018A&A...620A..58S,22
* rho01 Cnc,5310,4.49,,2016A&A...585A...5B,23
* rho01 Cnc,5273,4.45,0.4,2018AJ....155..111L,24
* rho01 Cnc,5281,4.48,0.44,2018A&A...614A..55A,25
* rho01 Cnc,5299,4.35,0.29,2018MNRAS.479.1332M,26
* rho01 Cnc,5500,4.4,0.46,2003AJ....126.2015H,27
* rho01 Cnc,5375,4.35,0.5,2006AJ....131.3069L,28
* rho01 Cnc,5375,4.35,0.5,2005AJ....129.1063L,29
* rho01 Cnc,5373,4.3,0.25,2004A&A...418..551M,30
* rho01 Cnc,5373,,,2004A&A...427..933K,31
* rho01 Cnc,5373,,,2003A&A...411..559K,32
* rho01 Cnc,5336,4.47,0.4,1998A&A...338..161F,33
* rho01 Cnc,5336,4.47,0.4,1998A&A...336..942F,34
* rho01 Cnc,5328,4.58,0.46,2005PASJ...57...27T,35
* rho01 Cnc,5307,4.58,0.35,2003A&A...398..363S,36
* rho01 Cnc,5293,,,2006A&A...450..735M,37
* rho01 Cnc,5283,4.36,-0.32,2005A&A...442..635B,38
* rho01 Cnc,5279,4.37,0.33,2004A&A...415.1153S,39
* rho01 Cnc,5270,4.31,0.314,2012A&A...547A..13T,40
* rho01 Cnc,5254,,,2009A&A...497..497G,41
* rho01 Cnc,5252,4.53,0.4,2007A&A...465..271R,42
* rho01 Cnc,5250,4.4,0.45,1998A&A...339L..29G,43
* rho01 Cnc,5247,,,2005ApJ...626..446R,44
* rho01 Cnc,5242,4.24,0.37,2015A&A...580A..24D,45
* rho01 Cnc,5235,4.45,0.31,2005ApJS..159..141V,46
* rho01 Cnc,5196,4.5,0.3,1977A&A....61...17O,47
* rho01 Cnc,5196,4.5,0.24,1975A&A....39...97P,48
* rho01 Cnc,5196,4.4,0.11,1974ApJS...27..405O,49
* rho01 Cnc,5173,4.53,0.34,2006ApJ...652.1604B,50
* rho01 Cnc,5172,,,2013ApJ...771...40B,51
* rho01 Cnc,5150,4.15,0.29,1998A&A...334..221G,52
* rho01 Cnc,5082,4.26,0.26,2002AJ....124.2224Z,53
* rho01 Cnc,5063,4.56,0.34,2004A&A...420..183A,54
* rho01 Cnc,4460,,-0.15,1971JRASC..65..222B,55
* rho01 Cnc,5250,4.36,0.35,2016ApJS..225...32B,56
* rho01 Cnc,5211,4.28,0.35,2016A&A...587A...2B,57
* rho01 Cnc,5192,4.26,0.35,2016A&A...587A...2B,58
* rho01 Cnc,5334,4.58,,2015A&A...579A..20M,59
* rho01 Cnc,5246,4.26,0.35,2013AJ....146...73P,60
* rho01 Cnc,5373,4.3,0.25,2013A&A...552A.128M,61
* rho01 Cnc,5279,4.37,0.33,2013A&A...556A.150S,62
* rho01 Cnc,5249,4.42,0.39,2013ApJ...764...78R,63
* rho01 Cnc,5249,4.42,0.39,2012ApJ...756...46R,64
* rho01 Cnc,4999,4.37,,2003AJ....126.2048G,65
* rho01 Cnc,5270,4.31,0.31,2012A&A...547A..13T,66
* rho01 Cnc,5063,4.56,7.87,2004A&A...420..183A,67
* rho01 Cnc,5373,4.3,0.25,2011ARep...55..689M,68
* rho01 Cnc,5260,4.35,0.43,2011A&A...531A.165P,69
* rho01 Cnc,5246,4.26,0.35,2011ApJ...736...87K,70
* rho01 Cnc,6140,4.35,0.19,2012A&A...541A..40M,71
* rho01 Cnc,5328,4.58,0.46,2007PASJ...59..335T,72
* rho01 Cnc,5150,4.15,0.29,1998A&A...334..221G,73
* rho01 Cnc,5250,4.4,0.45,1998A&A...339L..29G,74
* rho01 Cnc,5336,4.47,0.4,1998A&A...336..942F,75
* rho01 Cnc,5336,4.47,0.4,1998A&A...338..161F,76
* rho01 Cnc,5293,4.41,0.38,2008A&A...480...91S,77
* rho01 Cnc,5196,4.5,0.3,1977A&A....61...17O,78
* rho01 Cnc,5196,4.5,0.24,1975A&A....39...97P,79
* rho01 Cnc,5196,4.4,0.11,1974ApJS...27..405O,80
* rho01 Cnc,4460,,-0.15,1971JRASC..65..222B,81
* rho01 Cnc B,3262,5.0,0.24,2025A&A...696A..62O,1
* rho01 Cnc B,5517,4.7,-0.021,2022AJ....163..152S,2
* rho01 Cnc B,3272,4.9,,2024A&A...687A.205M,3
* rho01 Cnc B,3382,4.669,,2022ApJS..259...35A,4
* rho01 Cnc B,3324,4.697,,2022ApJS..259...35A,5
* rho01 Cnc B,3337,4.693,,2022ApJS..259...35A,6
* rho01 Cnc B,3324,4.66,,2022ApJS..259...35A,7
* rho01 Cnc B,3232,4.932,0.128,2021ApJS..255....8R,8
* rho01 Cnc B,3231,,0.46,2020ApJ...892...31B,9
* rho01 Cnc B,3308,,-0.24,2021A&A...656A.162M,10
* rho01 Cnc B,3321,4.87,-0.16,2021A&A...656A.162M,11
* rho01 Cnc B,3445,5.0007,-0.074,2020AJ....160..120J,12
* rho01 Cnc B,3471,5.0789,-0.165,2020AJ....160..120J,13
* rho01 Cnc B,3461,5.0184,-0.103,2020AJ....160..120J,14
* rho01 Cnc B,3071,4.54,-0.01,2019ApJ...878..134K,15
* rho01 Cnc B,3320,5.02,0.15,2019A&A...625A..68S,16
* rho01 Cnc B,3260,4.88,0.14,2019A&A...627A.161P,17
* rho01 Cnc B,3243,4.88,0.17,2019A&A...627A.161P,18
* rho01 Cnc B,3250,4.89,0.13,2019A&A...627A.161P,19
* rho01 Cnc B,3200,5.0,,2018A&A...620A.180R,20
* rho01 Cnc B,3280,,,2017ApJ...851...26V,21
* rho01 Cnc B,3307,5.03,0.13,2018A&A...615A...6P,22
* rho01 Cnc B,3166,,0.31,2014MNRAS.443.2561G,23
* rho01 Cnc B,3277,,0.21,2014ApJ...791...54G,24
* rho01 Cnc B,3296,,0.49,2015ApJS..220...16T,25
* rho01 Cnc B,3432,,0.25,2015ApJS..220...16T,26
* rho01 Cnc B,3118,,0.07,2015ApJS..220...16T,27
* rho01 Cnc B,3100,4.5,,2013AJ....145..102L,28
* rho01 Cnc B,3166,,0.31,2015ApJ...804...64M,29
* rho01 Cnc B,,,0.3,2014AJ....147...20N,30
* rho01 Cnc B,3256,,0.31,2012ApJ...748...93R,31
* rho01 Sgr,7421,3.5468,-0.5796,2024A&A...681A.107R,1
* rho01 Sgr,7562,3.59,,2003AJ....125.1598L,2
* rho01 Sgr,8230,,,1995A&AS..110..553S,3
* rho Boo,4181,1.8,-0.17,2024A&A...682A.145S,1
* rho Boo,4278,1.94,-0.17,2022A&A...663A...4S,2
* rho Boo,4266,2.1,-0.17,2008AJ....135..209M,3
* rho Boo,4385,2.3,-0.19,2007A&A...475.1003H,4
* rho Boo,4371,,,2009A&A...497..497G,5
* rho Boo,4279,,,2005ApJ...626..446R,6
* rho Boo,4271,,,1999A&AS..139..335A,7
* rho Boo,4260,2.22,-0.17,1990ApJS...74.1075M,8
* rho Boo,4258,,,1998A&A...339..858D,9
* rho Boo,4258,1.85,-0.13,2015A&A...580A..24D,10
* rho Boo,4220,,,1998A&AS..129..505B,11
* rho Boo,4431,1.95,-0.09,2007AJ....133.2464L,12
* rho Boo,4260,2.22,-0.17,1990ApJS...74.1075M,13
* rho Boo,4260,2.22,-0.17,1990ApJS...74.1075M,14
* rho Boo,4235,1.2,-0.5,1977A&A....54..465P,15
* rho Cet,9920,,,2009A&A...501..297Z,1
* rho Cet,9817,,,2012A&A...537A.120Z,2
* rho Cet,10085,,,2006A&A...458..293P,3
* rho Hya,10700,4.2,0.1,2016A&A...589A..83G,1
* rho Hya,9795,,,2012A&A...537A.120Z,2
* rho Per,3619,0.678,-0.4384,2022ApJS..259...35A,1
* rho Per,4111,1.0,,2008AJ....135..209M,2
* rho Per,3629,0.4155,-0.472,2020AJ....160..120J,3
* rho Per,3500,0.8,-0.15,1986ApJ...311..843S,4
* rho Per,3500,0.8,-0.15,1986ApJ...311..843S,5
* rho Per,3500,0.8,0.05,1986ApJ...311..843S,6
* rho Pup,5700,3.86,-0.34,2024A&A...690A..97C,1
* rho Pup,6857,3.37,0.17,2021MNRAS.505.4496G,2
* rho Pup,6671,3.15,0.39,2023ApJS..266...41P,3
* rho Pup,6346,2.396,0.085,2023ApJS..266...11B,4
* rho Pup,7083,,,2009A&A...497..497G,5
* rho Pup,6920,3.7,0.35,1991A&A...249..205B,6
* rho Pup,6920,3.7,0.36,2000A&AS..144..203H,7
* rho Pup,6710,,,2005ApJ...626..446R,8
* rho Pup,6453,,,2012A&A...542A.116A,9
* rho Pup,6072,2.5,0.13,1948ApJ...107..151G,10
* rho Pup,6669,3.23,0.5,2014AJ....147..137L,11
* rho Pup,6671,3.15,0.39,2014AJ....147..137L,12
* rho Pup,6810,3.59,0.6,2011A&A...531A.165P,13
* rho Pup,6920,3.7,0.35,1991A&A...249..205B,14
* rho Pup,6920,3.7,0.35,1991A&A...249..205B,15
* rho Pup,7099,3.25,0.54,1976ApJS...32..651K,16
* rho Pup,6072,2.5,0.13,1948ApJ...107..151G,17
* s Car,7000,1.5,-0.37,1997PASP..109.1077G,1
* s Car,7000,1.5,-0.37,1997PASP..109.1077G,2
* s Eri,9132,4.11,,2003AJ....125.1598L,1
* s Eri,9180,,,1995A&AS..110..553S,2
* s Eri,8814,,,2012A&A...542A.116A,3
* sig Aqr,10700,4.1,0.1,2016A&A...589A..83G,1
* sig Aqr,10375,3.93,0.42,2003A&A...398.1121E,2
* sig Aqr,10116,,,2012A&A...537A.120Z,3
* sig Aqr,10080,3.75,0.8,1980PASP...92..346A,4
* sig Aqr,10080,3.75,0.34,1984MNRAS.206..649A,5
* sig Aqr,,,0.38,1985A&A...152..434A,6
* sig Aqr,,,0.38,1985A&A...152..434A,7
* sig Aqr,10080,3.75,0.34,1984MNRAS.206..649A,8
* sig Aqr,10080,3.75,0.8,1980PASP...92..346A,9
* sig Cen,22350,,,1995A&AS..110..553S,1
* sig Cet,6521,4.03,-0.31,2021MNRAS.505.4496G,1
* sig Cet,6356,3.92,-0.27,2022A&A...663A...4S,2
* sig Cet,,,-0.349,2020AJ....160...83S,3
* sig Cet,,,-0.302,2020AJ....160...83S,4
* sig Cet,5907,3.4,,2020AJ....160...83S,5
* sig Cet,5999,3.5,,2020AJ....160...83S,6
* sig Cet,6448,3.91,-0.26,2018A&A...614A..55A,7
* sig Cet,6502,4.02,,2003AJ....125.1598L,8
* sig Cet,6454,,,2011A&A...530A.138C,9
* sig Cet,6436,3.94,-0.25,1993A&A...275..101E,10
* sig Cet,6409,4.06,-0.24,1996A&A...314..191G,11
* sig Cet,6345,4.0,-0.3,1990ApJ...354..310B,12
* sig Cet,6340,,,1998A&A...339..858D,13
* sig Cet,6331,,,1998A&AS..129..505B,14
* sig Cet,6307,3.7,-0.27,2005PASJ...57...27T,15
* sig Cet,6278,,,1998A&A...339..858D,16
* sig Cet,6527,4.07,-0.12,2011A&A...531A.165P,17
* sig Cet,,,-0.26,2012A&A...541A..40M,18
* sig Cet,6307,3.7,-0.27,2007PASJ...59..335T,19
* sig Cet,6409,4.06,-0.24,1996A&A...314..191G,20
* sig Cet,6436,3.94,-0.25,1993A&A...275..101E,21
* sig Cet,6345,4.0,-0.3,1990ApJ...354..310B,22
* sig Cet,6401,3.74,-0.16,2007MNRAS.374..664C,23
* sig Cet,6436,3.94,-0.25,1993A&A...275..101E,24
* sig Cet,6345,4.0,-0.3,1990ApJ...354..310B,25
* sig CMa,3850,1.05,-0.29,2007A&A...475.1003H,1
* sig CMa,3200,1.0,0.16,1998A&A...338..623M,2
* sig CMa,3200,1.0,0.16,1998A&A...338..623M,3
* sig Dra,5289,4.56,-0.21,2025A&A...698A..93J,1
* sig Dra,5935,,,2022AJ....163..152S,2
* sig Dra,5246,4.54,-0.27,2024A&A...691A.322L,3
* sig Dra,5289,4.56,-0.21,2024A&A...682A.145S,4
* sig Dra,5201,4.53,-0.234,2022ApJS..259...35A,5
* sig Dra,5250,4.58,-0.21,2021MNRAS.505.4496G,6
* sig Dra,5283,4.51,-0.11,2023ApJS..266...41P,7
* sig Dra,5298,4.52,-0.21,2022A&A...663A...4S,8
* sig Dra,5222,4.475,-0.226,2019ApJ...879...69T,9
* sig Dra,5236,4.569,-0.172,2021ApJS..255....8R,10
* sig Dra,5310,4.45,-0.07,2015A&A...573A..67P,11
* sig Dra,5271,4.2,-0.33,2015MNRAS.454.1585M,12
* sig Dra,5366,4.4,,2020A&A...636A..85S,13
* sig Dra,5272,4.5499,-0.199,2020AJ....160..120J,14
* sig Dra,5229,4.38,-0.25,2020ApJS..248...19T,15
* sig Dra,5215,4.58,-0.28,2019AJ....158..101M,16
* sig Dra,5338,4.57,-0.08,2017AJ....153...21L,17
* sig Dra,5338,4.57,-0.21,2017AJ....153...21L,18
* sig Dra,5343,4.59,-0.2,2018A&A...614A..55A,19
* sig Dra,5529,,,2009A&A...497..497G,20
* sig Dra,5415,4.55,-0.2,2006AJ....131.3069L,21
* sig Dra,5415,4.55,-0.2,2005AJ....129.1063L,22
* sig Dra,5400,4.5,-0.2,2003AJ....126.2015H,23
* sig Dra,5321,,,2011A&A...530A.138C,24
* sig Dra,5318,4.59,-0.15,2005PASJ...57...27T,25
* sig Dra,5296,4.42,-0.22,2015A&A...580A..24D,26
* sig Dra,5271,,,2004A&A...427..933K,27
* sig Dra,5271,,,2003A&A...411..559K,28
* sig Dra,5271,4.2,-0.33,2004A&A...418..551M,29
* sig Dra,5265,4.57,-0.23,2008MNRAS.384..173F,30
* sig Dra,5255,,,2012ApJ...746..101B,31
* sig Dra,5246,4.53,-0.19,2005ApJS..159..141V,32
* sig Dra,5246,,,2012ApJ...757..112B,33
* sig Dra,5243,,,2005ApJ...626..446R,34
* sig Dra,5227,,,1996A&AS..117..227A,35
* sig Dra,5218,4.61,-0.25,2004A&A...420..183A,36
* sig Dra,5209,4.6,-0.28,2007A&A...465..271R,37
* sig Dra,5204,4.37,-0.26,2011A&A...526A..71D,38
* sig Dra,5196,4.6,-0.23,1974A&A....36..191H,39
* sig Dra,5143,4.4,-0.25,1974ApJS...27..405O,40
* sig Dra,5120,4.2,-0.2,2003MNRAS.341..199R,41
* sig Dra,5242,4.56,-0.21,2016ApJS..225...32B,42
* sig Dra,5124,4.34,-0.27,2016A&A...587A...2B,43
* sig Dra,5140,4.36,-0.26,2016A&A...587A...2B,44
* sig Dra,5170,4.43,-0.16,2016A&A...587A...2B,45
* sig Dra,5276,4.39,-0.17,2016ApJS..222...19K,46
* sig Dra,5437,4.67,-0.07,2016ApJS..222...19K,47
* sig Dra,5438,4.25,-0.28,2016ApJS..222...19K,48
* sig Dra,5301,4.65,,2015A&A...579A..20M,49
* sig Dra,5271,4.2,-0.33,2013A&A...552A.128M,50
* sig Dra,5331,4.59,-0.18,2013ApJ...764...78R,51
* sig Dra,5331,4.59,-0.18,2012ApJ...756...46R,52
* sig Dra,5210,4.58,,2003AJ....126.2048G,53
* sig Dra,5218,4.61,7.33,2004A&A...420..183A,54
* sig Dra,5281,4.38,-0.26,2011AJ....141...90L,55
* sig Dra,5281,4.44,-0.06,2011AJ....141...90L,56
* sig Dra,5281,4.43,-0.2,2011AJ....141...90L,57
* sig Dra,5271,4.2,-0.33,2011ARep...55..689M,58
* sig Dra,5293,4.56,-0.12,2011A&A...531A.165P,59
* sig Dra,5329,4.54,-0.26,2012A&A...541A..40M,60
* sig Dra,5318,4.59,-0.15,2007PASJ...59..335T,61
* sig Dra,5283,4.51,-0.11,2012A&A...538A.143K,62
* sig Dra,5260,4.55,-0.24,2009A&A...508.1313F,63
* sig Dra,5260,4.55,-0.24,2007MNRAS.374..664C,64
* sig Dra,5298,4.51,-0.21,2008A&A...480...91S,65
* sig Dra,5143,4.4,-0.25,1974ApJS...27..405O,66
* sig Dra,5196,4.6,-0.23,1974A&A....36..191H,67
* sig Her,10009,3.2539,-0.6094,2024A&A...681A.107R,1
* sig Her,9908,,,2012A&A...537A.120Z,2
* sig Hya,4573,2.3,0.14,2021MNRAS.505.4496G,1
* sig Hya,4514,2.2,0.05,2022A&A...663A...4S,2
* sig Hya,4550,2.4,0.05,2007A&A...475.1003H,3
* sig Hya,4500,2.36,0.05,1990ApJS...74.1075M,4
* sig Hya,4551,2.21,0.13,2011A&A...531A.165P,5
* sig Hya,4579,2.3,0.12,2007AJ....133.2464L,6
* sig Hya,4500,2.36,0.05,1990ApJS...74.1075M,7
* sig Hya,4500,2.36,0.05,1990ApJS...74.1075M,8
* sig Lib,3600,2.0,0.0,2023ApJS..266...41P,1
* sig Lib,3600,,0.0,2020A&A...633A..34C,2
* sig Psc,10667,3.8609,-0.8114,2024A&A...681A.107R,1
* sig Psc,10740,,,2012A&A...537A.120Z,2
* sig Sgr,21680,,,1995A&AS..110..553S,1
* sig Sgr,18890,,,2009A&A...501..297Z,2
* tau01 Eri,6330,4.36,0.07,2022A&A...663A...4S,1
* tau01 Eri,6395,4.29,0.17,2017AJ....153...21L,2
* tau01 Eri,6212,4.22,0.07,2018A&A...614A..55A,3
* tau01 Eri,6378,4.06,,2003AJ....125.1598L,4
* tau01 Eri,6504,4.44,0.279,2010MNRAS.403.1368G,5
* tau01 Eri,6369,,,2011A&A...530A.138C,6
* tau01 Eri,6231,4.34,-0.08,2004A&A...420..183A,7
* tau01 Eri,6205,4.56,0.05,2006AJ....131.3069L,8
* tau01 Eri,6205,4.56,0.05,2005AJ....129.1063L,9
* tau01 Eri,6430,4.23,0.11,2016A&A...587A...2B,10
* tau01 Eri,6231,4.34,7.59,2004A&A...420..183A,11
* tau01 Hya,6354,4.0357,-0.5275,2024A&A...681A.107R,1
* tau01 Hya,6507,4.21,0.18,2017AJ....153...21L,2
* tau01 Hya,5518,,,2011A&A...530A.138C,3
* tau01 Hya,5161,,,2011A&A...530A.138C,4
* tau01 Hya,6523,4.2,0.0,2016A&A...587A...2B,5
* tau01 Hya,6504,4.23,0.0,2016A&A...587A...2B,6
* tau02 Hya,8933,,,2012A&A...537A.120Z,1
* tau03 Eri,8045,3.93,,2003AJ....125.1598L,1
* tau03 Eri,8091,,,2012A&A...537A.120Z,2
* tau03 Eri,8052,,,1998A&A...339..858D,3
* tau03 Eri,7855,,,1998A&AS..129..505B,4
* tau05 Eri,11614,,,2012A&A...537A.120Z,1
* tau06 Eri,,,0.061,2020AJ....160...83S,1
* tau06 Eri,6508,4.21,,2020AJ....160...83S,2
* tau06 Eri,6631,4.06,,2003AJ....125.1598L,3
* tau06 Eri,6739,4.11,0.09,1993A&A...275..101E,4
* tau06 Eri,6685,,,2011A&A...530A.138C,5
* tau06 Eri,6587,,,2012A&A...542A.116A,6
* tau06 Eri,6569,4.2,0.01,1996A&A...314..191G,7
* tau06 Eri,6507,4.21,,2013AJ....146..134K,8
* tau06 Eri,6569,4.2,0.01,1996A&A...314..191G,9
* tau06 Eri,6739,4.11,0.09,1993A&A...275..101E,10
* tau06 Eri,6739,4.11,0.09,1993A&A...275..101E,11
* tau Cet,5260,4.45,-0.56,2024A&A...690A..97C,1
* tau Cet,5295,4.43,-0.54,2024A&A...691A..53S,2
* tau Cet,5360,4.574,-0.589,2024A&A...692A.228C,3
* tau Cet,5463,4.52,-0.51,2025A&A...698A..93J,4
* tau Cet,5282,4.337,-0.59,2024A&A...683A.125P,5
* tau Cet,5463,4.52,-0.51,2024A&A...682A.145S,6
* tau Cet,5374,4.35,-0.19,2021MNRAS.505.4496G,7
* tau Cet,5322,4.3443,-0.471,2023A&A...671A..61N,8
* tau Cet,5317,4.3446,-0.479,2023A&A...671A..61N,9
* tau Cet,5315,4.3377,-0.491,2023A&A...671A..61N,10
* tau Cet,5326,4.3427,-0.484,2023A&A...671A..61N,11
* tau Cet,5316,4.3404,-0.482,2023A&A...671A..61N,12
* tau Cet,5356,4.53,-0.51,2022A&A...663A...4S,13
* tau Cet,5384,4.41,-0.51,2023A&A...676A.129H,14
* tau Cet,5461,4.508,-0.417,2021ApJS..255....8R,15
* tau Cet,5328,4.38,-0.47,2016A&A...589A.115S,16
* tau Cet,5356,4.5304,-0.441,2021MNRAS.506..150B,17
* tau Cet,5319,4.51,-0.58,2015A&A...573A..67P,18
* tau Cet,5310,-1.7047,-0.52,2014A&A...566A..66G,19
* tau Cet,5310,4.52,-0.52,2021A&A...655A..99D,20
* tau Cet,5414,4.49,,2021A&A...647A.162P,21
* tau Cet,,,-0.489,2020AJ....160...83S,22
* tau Cet,5293,4.68,,2020AJ....160...83S,23
* tau Cet,5310,4.52,-0.52,2020A&A...634A.136C,24
* tau Cet,5339,4.45,-0.51,2019A&A...629A..80H,25
* tau Cet,5403,4.53,-0.45,2017AJ....153...21L,26
* tau Cet,5344,4.5,-0.52,2019MNRAS.487.3162C,27
* tau Cet,5399,4.52,-0.49,2018AJ....155..111L,28
* tau Cet,5332,4.5,-0.54,2018A&A...614A..55A,29
* tau Cet,5590,4.75,-0.47,2018A&A...615A..76S,30
* tau Cet,5539,4.75,-0.47,2018A&A...615A..76S,31
* tau Cet,5544,4.532,-0.68,2018A&A...615A..76S,32
* tau Cet,5358,4.57,,2003AJ....125.1598L,33
* tau Cet,5310,4.44,-0.52,2017A&A...606A..94D,34
* tau Cet,5538,,-0.13,1965ApJ...141..588H,35
* tau Cet,5520,4.9,-0.42,2006MNRAS.370..163B,36
* tau Cet,5515,4.612,-0.52,2014MNRAS.443..698S,37
* tau Cet,5500,4.32,-0.38,1998A&A...338..623M,38
* tau Cet,5465,,,2009A&A...497..497G,39
* tau Cet,5459,,,2011A&A...530A.138C,40
* tau Cet,5427,,,2004A&A...427..933K,41
* tau Cet,5420,4.68,-0.43,2005PASJ...57...27T,42
* tau Cet,5414,,,2015A&A...582A..49H,43
* tau Cet,5388,,,1996A&AS..117..227A,44
* tau Cet,5373,4.54,-0.53,2004AN....325....3F,45
* tau Cet,5372,,,2005ApJ...626..446R,46
* tau Cet,5370,4.7,-0.5,2001A&A...373.1019S,47
* tau Cet,5362,4.59,-0.34,1974A&A....34..263H,48
* tau Cet,5350,4.5,-0.58,2006AJ....131.3069L,49
* tau Cet,5350,4.5,-0.58,2005AJ....129.1063L,50
* tau Cet,5344,4.57,-0.52,2004A&A...415.1153S,51
* tau Cet,5342,,,1998A&A...339..858D,52
* tau Cet,5337,,,1998A&AS..129..505B,53
* tau Cet,5333,4.59,-0.566,2012MNRAS.422..542P,54
* tau Cet,5331,4.44,-0.49,2014A&A...564A.133J,55
* tau Cet,5330,4.3,-0.59,1999ApJ...523..234T,56
* tau Cet,5328,4.62,-0.52,2004A&A...420..183A,57
* tau Cet,5320,4.3,-0.5,1999MNRAS.305..693C,58
* tau Cet,5315,,,1998A&A...339..858D,59
* tau Cet,5310,4.44,-0.52,2008A&A...487..373S,60
* tau Cet,5305,4.33,-0.49,1983A&A...126..325S,61
* tau Cet,5305,4.32,-0.66,1989A&A...208..171G,62
* tau Cet,5305,,-0.39,1963JQSRT...3..139P,63
* tau Cet,5300,4.4,-0.57,2003AJ....126.2015H,64
* tau Cet,5296,4.61,-0.59,2007A&A...465..271R,65
* tau Cet,5290,4.46,-0.48,2010MNRAS.405.1907B,66
* tau Cet,5290,,,2013ApJ...771...40B,67
* tau Cet,5283,4.59,-0.52,2005ApJS..159..141V,68
* tau Cet,5280,4.5,-0.55,2003MNRAS.341..199R,69
* tau Cet,5270,4.2,-0.56,2003ARep...47..422M,70
* tau Cet,5270,4.2,-0.56,2001A&A...370..951M,71
* tau Cet,5250,4.65,-0.46,1989A&A...210..211A,72
* tau Cet,5250,4.5,-0.58,1988A&A...206..100A,73
* tau Cet,5196,,-0.39,1964RGOB...87..227P,74
* tau Cet,5143,3.6,-0.6,1989A&A...214..239B,75
* tau Cet,4990,4.5,-0.56,1986A&A...160..264F,76
* tau Cet,5333,4.6,-0.53,2016ApJS..225...32B,77
* tau Cet,5227,4.2,-0.55,2016A&A...587A...2B,78
* tau Cet,5219,4.21,-0.53,2016A&A...587A...2B,79
* tau Cet,5253,4.27,-0.48,2016A&A...587A...2B,80
* tau Cet,5321,4.56,,2015A&A...579A..20M,81
* tau Cet,5260,4.45,,2014MNRAS.442..220F,82
* tau Cet,5425,4.9,-0.52,2015A&A...574A.124D,83
* tau Cet,5322,4.46,-0.52,2013A&A...555A.150T,84
* tau Cet,5390,4.52,-0.5,2013ApJ...764...78R,85
* tau Cet,5390,4.52,-0.5,2012ApJ...756...46R,86
* tau Cet,5328,4.62,7.03,2004A&A...420..183A,87
* tau Cet,5310,4.44,-0.52,2012A&A...545A..32A,88
* tau Cet,5313,4.32,-0.52,2011AJ....141...90L,89
* tau Cet,5313,4.47,-0.68,2011AJ....141...90L,90
* tau Cet,5321,4.46,-0.56,2010ApJ...720.1290G,91
* tau Cet,5348,4.39,-0.46,2011A&A...531A.165P,92
* tau Cet,5312,4.59,-0.43,2012A&A...541A..40M,93
* tau Cet,5420,4.68,-0.43,2007PASJ...59..335T,94
* tau Cet,5330,4.3,-0.59,1999ApJ...523..234T,95
* tau Cet,5320,4.3,-0.5,1999MNRAS.305..693C,96
* tau Cet,5500,4.32,-0.38,1998A&A...338..623M,97
* tau Cet,5305,4.32,-0.66,1989A&A...208..171G,98
* tau Cet,5143,3.6,-0.6,1989A&A...214..239B,99
* tau Cet,5250,4.65,-0.46,1989A&A...210..211A,100
* tau Cet,5250,4.5,-0.58,1988A&A...206..100A,101
* tau Cet,4990,4.5,-0.56,1986A&A...160..264F,102
* tau Cet,5305,4.33,-0.49,1983A&A...126..325S,103
* tau Cet,5310,4.44,-0.52,2008A&A...487..373S,104
* tau Cet,5264,4.36,-0.5,2007MNRAS.374..664C,105
* tau Cet,5344,4.45,-0.52,2008A&A...480...91S,106
* tau Cet,5305,4.32,-0.66,1989A&A...208..171G,107
* tau Cet,5143,3.6,-0.6,1989A&A...214..239B,108
* tau Cet,5250,4.65,-0.46,1989A&A...210..211A,109
* tau Cet,5250,4.5,-0.58,1988A&A...206..100A,110
* tau Cet,4990,4.5,-0.56,1986A&A...160..264F,111
* tau Cet,5305,4.33,-0.49,1983A&A...126..325S,112
* tau Cet,5362,4.59,-0.34,1974A&A....34..263H,113
* tau Cet,5538,,-0.13,1965ApJ...141..588H,114
* tau Cet,5196,,-0.39,1964RGOB...87..227P,115
* tau Cet,5305,,-0.39,1963JQSRT...3..139P,116
* tau Dra,4443,2.12,0.11,2022A&A...663A...4S,1
* tau Dra,4395,2.02,0.19,2020ApJS..248...19T,2
* tau Dra,4622,,,2009A&A...497..497G,3
* tau Dra,4480,2.0,0.06,1995A&AS..113..333M,4
* tau Dra,4450,2.3,0.13,1995AJ....110.2968L,5
* tau Dra,4440,2.47,0.12,1990ApJS...74.1075M,6
* tau Dra,4427,,,2005ApJ...626..446R,7
* tau Dra,4480,2.0,0.06,1995A&AS..113..333M,8
* tau Dra,4450,2.3,0.13,1995AJ....110.2968L,9
* tau Dra,4440,2.47,0.12,1990ApJS...74.1075M,10
* tau Dra,4480,2.0,0.06,1995A&AS..113..333M,11
* tau Dra,4450,2.3,0.13,1995AJ....110.2968L,12
* tau Dra,4440,2.47,0.12,1990ApJS...74.1075M,13
* tau Gem,4544,2.055,0.089,2024A&A...691A..53S,1
* tau Gem,4390,2.23,-0.25,2024A&A...691A.160S,2
* tau Gem,4352,1.92,0.01,2021MNRAS.505.4496G,3
* tau Gem,4425,2.36,0.08,2022A&A...663A...4S,4
* tau Gem,,2.0,0.14,2022A&A...661A..63W,5
* tau Gem,4335,2.2,0.02,2008AJ....135..209M,6
* tau Gem,4500,2.55,0.14,2007A&A...475.1003H,7
* tau Gem,4350,2.17,0.02,1990ApJS...74.1075M,8
* tau Gem,4500,2.55,0.14,2013A&A...556A.150S,9
* tau Gem,4437,2.17,0.17,2011A&A...531A.165P,10
* tau Gem,4528,2.22,0.14,2007AJ....133.2464L,11
* tau Gem,4350,2.17,0.02,1990ApJS...74.1075M,12
* tau Gem,4350,2.17,0.02,1990ApJS...74.1075M,13
* tau Her,16000,4.0,,2023MNRAS.519.5472M,1
* tau Her,13200,3.8092,0.797,2024A&A...681A.107R,2
* tau Her,14906,4.06,0.14,2023ApJS..266...41P,3
* tau Her,,3.9721,,2020AJ....160..120J,4
* tau Her,16350,,,2009A&A...501..297Z,5
* tau Her,15000,3.95,0.15,1993A&A...274..335S,6
* tau Her,14824,4.0,0.56,1977MNRAS.181..667A,7
* tau Her,14824,3.65,-0.57,1988MNRAS.230..671A,8
* tau Her,14824,3.65,-0.13,1986A&AS...64..173A,9
* tau Her,14906,4.06,0.14,2012A&A...538A.143K,10
* tau Her,15000,3.95,0.15,1993A&A...274..335S,11
* tau Her,14824,3.65,-0.57,1988MNRAS.230..671A,12
* tau Her,14824,3.65,-0.13,1986A&AS...64..173A,13
* tau Her,14824,4.0,0.56,1977MNRAS.181..667A,14
* tau PsA,5263,4.45,-0.55,2024A&A...690A..97C,1
* tau PsA,6272,4.2037,0.13,2024A&A...683A.125P,2
* tau PsA,6364,4.2,0.1,2022A&A...663A...4S,3
* tau PsA,6385,4.226,0.112,2021ApJS..255....8R,4
* tau PsA,6377,4.27,0.14,2018AJ....155..111L,5
* tau PsA,6554,4.34,0.08,2018A&A...614A..55A,6
* tau PsA,6454,4.11,,2003AJ....125.1598L,7
* tau PsA,6477,,,2011A&A...530A.138C,8
* tau PsA,6471,4.35,0.06,1990ApJ...354..310B,9
* tau PsA,6405,4.24,0.1,2014A&A...570A..80T,10
* tau PsA,6339,4.15,0.09,2005ApJS..159..141V,11
* tau PsA,6324,,,2012A&A...542A.116A,12
* tau PsA,6235,4.1,0.01,2010MNRAS.405.1907B,13
* tau PsA,6272,4.13,0.18,2016ApJS..225...32B,14
* tau PsA,6373,4.11,,2015A&A...579A..20M,15
* tau PsA,,,0.09,2012A&A...541A..40M,16
* tau PsA,6471,4.35,0.06,1990ApJ...354..310B,17
* tau PsA,6471,4.35,0.06,1990ApJ...354..310B,18
* tau Pup,4633,2.296,0.03,2024A&A...683A.125P,1
* tau Pup,4489,1.74,-0.02,2022A&A...663A...4S,2
* tau Pup,5000,4.0,,2020AJ....160...83S,3
* tau Sco,31660,4.1302,-0.0066,2023ApJS..266...11B,1
* tau Sco,30777,4.0,-0.02,2023A&A...676A.129H,2
* tau Sco,30369,4.06,,2022A&A...665A.108M,3
* tau Sco,33600,4.2,0.8,1967ZA.....65....1S,4
* tau Sco,33600,4.1,0.8,1970ApJS...19..193H,5
* tau Sco,32000,4.3,-0.12,2008ApJ...688L.103P,6
* tau Sco,32000,4.3,0.04,2012A&A...539A.143N,7
* tau Sco,31440,,,2009A&A...501..297Z,8
* tau Sco,31400,4.24,-0.14,1994A&A...282..867K,9
* tau Sco,28060,,,1995A&AS..110..553S,10
* tau Sco,31400,4.24,-0.14,1994A&A...282..867K,11
* tau Sco,33600,4.1,0.8,1970ApJS...19..193H,12
* tau Sco,33600,4.2,0.8,1967ZA.....65....1S,13
* tau Sgr,4550,2.48,-0.21,2022A&A...663A...4S,1
* tau Sgr,4434,2.25,-0.19,2022A&A...666A.125F,2
* tau Sgr,4500,,-0.2,2020A&A...633A..34C,3
* tau Sgr,4434,2.25,-0.19,2019A&A...625A.141L,4
* tau Sgr,4434,2.25,-0.22,2017A&A...598A.100J,5
* tau Sgr,4860,2.75,-0.23,1992MNRAS.256..535J,6
* tau Sgr,4690,3.2,-0.27,2007A&A...475.1003H,7
* tau Sgr,4440,2.65,-0.17,1990ApJS...74.1075M,8
* tau Sgr,4860,2.75,-0.23,1992MNRAS.256..535J,9
* tau Sgr,4440,2.65,-0.17,1990ApJS...74.1075M,10
* tau Sgr,4860,2.75,-0.23,1992MNRAS.256..535J,11
* tau Sgr,4440,2.65,-0.17,1990ApJS...74.1075M,12
* tau Tau,13969,3.6352,0.4366,2024A&A...681A.107R,1
* tau Vir,7500,2.9,-0.8,2016A&A...589A..83G,1
* tau Vir,8290,,,1995A&AS..110..553S,2
* tau Vir,8222,3.6,-0.14,2003A&A...398.1121E,3
* tau Vir,8222,3.6,-0.12,2003A&A...398.1121E,4
* tau Vir,8166,,,2012A&A...537A.120Z,5
* tet01 Ori A,30700,4.3,-0.01,2011A&A...532A...2N,1
* tet01 Ori B,16827,4.198,,2026ApJ..1007...43G,1
* tet01 Ori D,24200,3.81,,2006MNRAS.371..252L,1
* tet01 Ser,7888,3.98,-0.11,2003A&A...398.1121E,1
* tet01 Tau,5000,2.92,0.14,2024A&A...692A.189R,1
* tet01 Tau,5033,2.944,0.19,2024A&A...683A.125P,2
* tet01 Tau,4999,2.91,0.1,2022A&A...663A...4S,3
* tet01 Tau,4961,2.63,0.1,2020MNRAS.494.1724J,4
* tet01 Tau,4955,2.9,0.04,2008AJ....135..209M,5
* tet01 Tau,5663,2.0,-0.31,1980SvA....24..323K,6
* tet01 Tau,5143,3.08,0.09,1981ApJ...248..228L,7
* tet01 Tau,5129,3.21,0.18,2011A&A...526A..71D,8
* tet01 Tau,5113,3.21,0.19,2015A&A...580A..24D,9
* tet01 Tau,5040,,0.03,1964ApJS....9...81H,10
* tet01 Tau,5000,3.0,0.08,2007A&A...475.1003H,11
* tet01 Tau,4990,2.7,0.18,1974ApJS...27..405O,12
* tet01 Tau,4961,,,2006MNRAS.371..879K,13
* tet01 Tau,4961,2.7,0.12,2006A&A...456.1109M,14
* tet01 Tau,4960,3.17,0.04,1990ApJS...74.1075M,15
* tet01 Tau,4941,3.0,0.17,1977AcA....27..145K,16
* tet01 Tau,4846,2.7,0.06,1970A&A.....7..408C,17
* tet01 Tau,4345,3.0,0.3,1985SvA....29..434K,18
* tet01 Tau,4924,2.63,0.1,2014ApJ...785...94L,19
* tet01 Tau,5080,3.21,0.14,2015A&A...574A..50J,20
* tet01 Tau,4960,3.17,0.04,1990ApJS...74.1075M,21
* tet01 Tau,4345,3.0,0.3,1985SvA....29..434K,22
* tet01 Tau,5663,2.0,-0.31,1980SvA....24..323K,23
* tet01 Tau,5143,3.08,0.09,1981ApJ...248..228L,24
* tet01 Tau,,,0.12,2008A&A...480...91S,25
* tet01 Tau,4981,2.8,0.07,2008A&A...480...91S,26
* tet01 Tau,4960,3.17,0.04,1990ApJS...74.1075M,27
* tet01 Tau,4345,3.0,0.3,1985SvA....29..434K,28
* tet01 Tau,5663,2.0,-0.31,1980SvA....24..323K,29
* tet01 Tau,5143,3.08,0.09,1981ApJ...248..228L,30
* tet01 Tau,4941,3.0,0.17,1977AcA....27..145K,31
* tet01 Tau,4846,2.7,0.06,1970A&A.....7..408C,32
* tet01 Tau,4990,2.7,0.18,1974ApJS...27..405O,33
* tet01 Tau,4421,,0.68,1969MNRAS.143..381G,34
* tet01 Tau,5040,,0.03,1964ApJS....9...81H,35
* tet02 Tau,7600,4.0,-0.1,2016A&A...589A..83G,1
* tet02 Tau,7122,3.85,,2016A&A...585A...7K,2
* tet02 Tau,7950,3.7,0.01,2010A&A...523A..71G,3
* tet02 Tau,7690,,,1995A&AS..110..553S,4
* tet Aql,12238,3.4711,0.1163,2024A&A...681A.107R,1
* tet Aql,11250,,,1995A&AS..110..553S,2
* tet Aql,10340,,,2009A&A...501..297Z,3
* tet Aql,10286,3.3,0.2,1980PASP...92..346A,4
* tet Aql,10286,3.3,0.2,1980PASP...92..346A,5
* tet Aqr,4950,2.77,0.07,2022A&A...663A...4S,1
* tet Aqr,4864,2.8,0.01,2008AJ....135..209M,2
* tet Aqr,5000,3.1,0.07,2007A&A...475.1003H,3
* tet Aqr,4985,,,1998A&AS..129..505B,4
* tet Aqr,4968,2.4,0.15,1999A&A...348..487R,5
* tet Aqr,4950,2.94,0.01,1990ApJS...74.1075M,6
* tet Aqr,4943,,,1998A&A...339..858D,7
* tet Aqr,4909,2.57,0.09,2014ApJ...785...94L,8
* tet Aqr,4968,2.4,0.15,1999A&A...348..487R,9
* tet Aqr,4950,2.94,0.01,1990ApJS...74.1075M,10
* tet Aqr,,,0.1,2008A&A...480...91S,11
* tet Aqr,4950,2.94,0.01,1990ApJS...74.1075M,12
* tet Aqr,4941,2.8,-0.07,1972AcA....22..141G,13
* tet Ara,22500,2.99,,2024A&A...687A.228D,1
* tet Aur,9890,,,2009A&A...501..297Z,1
* tet Cap,9245,3.865,-0.0877,2024A&A...681A.107R,1
* tet Cap,10700,4.3,0.2,2016A&A...589A..83G,2
* tet Cap,9616,3.99,0.3,2003A&A...398.1121E,3
* tet Cap,9616,3.99,0.26,2003A&A...398.1121E,4
* tet Cap,9484,,,2012A&A...537A.120Z,5
* tet Car,31103,4.12,-0.12,2023A&A...676A.129H,1
* tet Car,31590,4.12,,2022A&A...665A.108M,2
* tet Cen,4924,2.79,0.08,2022A&A...663A...4S,1
* tet Cen,4853,2.61,-0.047,2022A&A...657A..87O,2
* tet Cen,4810,,-0.2,2020A&A...633A..34C,3
* tet Cen,5040,2.93,0.04,1981ApJ...248..228L,4
* tet Cen,4980,2.75,0.03,1992MNRAS.256..535J,5
* tet Cen,4582,,0.3,1965MNRAS.129..263W,6
* tet Cen,4980,2.75,0.03,1992MNRAS.256..535J,7
* tet Cen,5040,2.93,0.04,1981ApJ...248..228L,8
* tet Cen,4980,2.75,0.03,1992MNRAS.256..535J,9
* tet Cen,5040,2.93,0.04,1981ApJ...248..228L,10
* tet Cen,4755,2.8,-0.19,1972AcA....22..141G,11
* tet Cen,4582,,0.3,1965MNRAS.129..263W,12
* tet Cet,4765,2.59,-0.12,2024A&A...692A.189R,1
* tet Cet,4745,2.43,-0.23,2023A&A...670A..73A,2
* tet Cet,4719,2.64,-0.11,2022A&A...663A...4S,3
* tet Cet,4677,2.7,-0.22,2008AJ....135..209M,4
* tet Cet,4744,2.43,-0.23,2021A&A...647A.157S,5
* tet Cet,4941,2.74,-0.05,1981ApJ...248..228L,6
* tet Cet,4819,,,2009A&A...497..497G,7
* tet Cet,4750,2.77,-0.13,2007A&A...475.1003H,8
* tet Cet,4697,,,2005ApJ...626..446R,9
* tet Cet,4689,,,1999A&AS..139..335A,10
* tet Cet,4680,2.89,-0.22,1990ApJS...74.1075M,11
* tet Cet,4673,2.64,-0.01,2001ApJ...551L..85Z,12
* tet Cet,4820,2.7,-0.13,2011A&A...536A..71J,13
* tet Cet,4771,2.54,-0.1,2007AJ....133.2464L,14
* tet Cet,4680,2.89,-0.22,1990ApJS...74.1075M,15
* tet Cet,4941,2.74,-0.05,1981ApJ...248..228L,16
* tet Cet,,,-0.17,2008A&A...480...91S,17
* tet Cet,4680,2.89,-0.22,1990ApJS...74.1075M,18
* tet Cet,4941,2.74,-0.05,1981ApJ...248..228L,19
* tet CMa,4232,1.69,-0.28,2024A&A...690A..97C,1
* tet CMa,3946,1.04,-0.76,2021MNRAS.505.4496G,2
* tet CMa,4045,1.48,-0.31,2022A&A...663A...4S,3
* tet CMa,4036,1.8,-0.37,2008AJ....135..209M,4
* tet CMa,4084,1.7,-0.22,2006A&A...458..609D,5
* tet CMa,4050,1.5,-0.39,2007A&A...475.1003H,6
* tet CMa,4034,1.4,-0.26,2008A&A...484L..21M,7
* tet CMa,4000,1.8,-0.37,1990ApJS...74.1075M,8
* tet CMa,4000,1.8,-0.16,1998A&A...338..623M,9
* tet CMa,3969,1.9,-0.03,1977A&A....61...17O,10
* tet CMa,3789,1.9,-0.22,1974ApJS...27..405O,11
* tet CMa,4145,1.67,-0.52,2015A&A...574A..50J,12
* tet CMa,4035,1.86,-0.29,2011A&A...531A.165P,13
* tet CMa,4000,1.8,-0.16,1998A&A...338..623M,14
* tet CMa,4000,1.8,-0.37,1990ApJS...74.1075M,15
* tet CMa,4009,1.6,-0.27,2007MNRAS.374..664C,16
* tet CMa,4000,1.8,-0.37,1990ApJS...74.1075M,17
* tet CMa,3969,1.9,-0.03,1977A&A....61...17O,18
* tet CMa,3789,1.9,-0.22,1974ApJS...27..405O,19
* tet CrB,17000,3.5,,2023MNRAS.519.5472M,1
* tet CrB,16150,3.75,0.13,2023ApJS..266...41P,2
* tet CrB,15885,3.0,,2001A&A...378..861C,3
* tet CrB,13932,,,2012A&A...537A.120Z,4
* tet CrB,16150,3.75,0.13,2012A&A...538A.143K,5
* tet Crt,12100,4.0,,2006MNRAS.371..252L,1
* tet Crt,11280,,,2009A&A...501..297Z,2
* tet Crt,10471,,,2012A&A...537A.120Z,3
* tet Dra,6250,4.0,,2023MNRAS.519.5472M,1
* tet Dra,6196,3.96,0.2,2022A&A...663A...4S,2
* tet Dra,6208,3.79,0.19,2017AJ....153...21L,3
* tet Dra,5745,4.41,,2018A&A...615A..31D,4
* tet Dra,6309,4.13,0.2,1990ApJ...354..310B,5
* tet Dra,6240,,,2011A&A...530A.138C,6
* tet Dra,6222,,0.23,1988ApJ...332..410B,7
* tet Dra,6168,,,1998A&A...339..858D,8
* tet Dra,6158,,,1996A&AS..117..227A,9
* tet Dra,6138,,,1998A&AS..129..505B,10
* tet Dra,6125,,,2005ApJ...626..446R,11
* tet Dra,6120,,,1995A&AS..110..553S,12
* tet Dra,5395,,,2009A&A...497..497G,13
* tet Dra,6309,4.02,0.12,2016A&A...587A...2B,14
* tet Dra,6309,4.13,0.2,1990ApJ...354..310B,15
* tet Dra,6222,,0.23,1988ApJ...332..410B,16
* tet Dra,6309,4.13,0.2,1990ApJ...354..310B,17
* tet Dra,6222,,0.23,1988ApJ...332..410B,18
* tet Gem,8259,,,1998A&A...339..858D,1
* tet Her,4448,1.37,-0.03,2024A&A...682A.145S,1
* tet Her,4700,1.4,0.25,2023ApJS..266...41P,2
* tet Her,4432,1.31,-0.03,2022A&A...663A...4S,3
* tet Her,4700,1.4,0.25,1990AJ.....99.1961F,4
* tet Her,4442,,,1998A&A...339..858D,5
* tet Her,4330,1.28,-0.24,1990ApJS...74.1075M,6
* tet Her,4255,1.25,-0.11,2007A&A...475.1003H,7
* tet Her,4330,1.28,-0.24,1990ApJS...74.1075M,8
* tet Her,4700,1.4,0.25,1990AJ.....99.1961F,9
* tet Her,4330,1.28,-0.24,1990ApJS...74.1075M,10
* tet Her,4700,1.4,0.25,1990AJ.....99.1961F,11
* tet Hya,8691,3.23,-1.48,2023ApJS..266...41P,1
* tet Hya,10980,,,2009A&A...501..297Z,2
* tet Hya,10304,,,2012A&A...537A.120Z,3
* tet Hya,8691,3.23,-1.48,2012A&A...538A.143K,4
* tet Hya,11200,4.2,0.4,1969ApJ...155..537B,5
* tet Ind,8114,4.12,,2003AJ....125.1598L,1
* tet Ind,7870,4.14,0.08,2003A&A...398.1121E,2
* tet Leo,9397,3.58,0.02,2021MNRAS.505.4496G,1
* tet Leo,8790,3.59,-0.64,2023ApJS..266...41P,2
* tet Leo,9000,3.4,0.0,2016A&A...589A..83G,3
* tet Leo,8800,3.3,-0.2,2016A&A...589A..83G,4
* tet Leo,9500,3.5,,2019AstBu..74...62M,5
* tet Leo,9509,3.45,0.28,1986A&A...161..314C,6
* tet Leo,9450,3.7,-0.12,1993A&A...276..142H,7
* tet Leo,9350,3.65,0.05,1993A&A...274..335S,8
* tet Leo,9333,3.55,-0.12,1988MNRAS.230..671A,9
* tet Leo,9333,3.5,0.11,1986A&AS...64..173A,10
* tet Leo,9290,,,2012A&A...537A.120Z,11
* tet Leo,9180,,,2009A&A...501..297Z,12
* tet Leo,7754,,0.4,1966BAICz..17..175K,13
* tet Leo,,,0.04,1995A&A...294..536H,14
* tet Leo,8750,3.45,,2015AJ....150....2K,15
* tet Leo,9201,3.68,-0.16,2011A&A...531A.165P,16
* tet Leo,8790,3.59,-0.64,2012A&A...538A.143K,17
* tet Leo,,,0.04,1995A&A...294..536H,18
* tet Leo,9350,3.65,0.05,1993A&A...274..335S,19
* tet Leo,9450,3.7,-0.12,1993A&A...276..142H,20
* tet Leo,9333,3.55,-0.12,1988MNRAS.230..671A,21
* tet Leo,9509,3.45,0.28,1986A&A...161..314C,22
* tet Leo,9333,3.5,0.11,1986A&AS...64..173A,23
* tet Leo,9692,3.5,0.58,1974ApJ...189..101S,24
* tet Leo,7754,,0.4,1966BAICz..17..175K,25
* tet Lep,5500,4.36,0.0,2024A&A...683A.125P,1
* tet Lep,9800,,,1995A&AS..110..553S,2
* tet Lep,9247,,,2012A&A...537A.120Z,3
* tet Lep,8907,,,2006A&A...458..293P,4
* tet Lib,4751,2.45,-0.2,2021MNRAS.505.4496G,1
* tet Lib,4739,2.68,-0.22,2022A&A...663A...4S,2
* tet Lib,4764,2.7,-0.31,2008AJ....135..209M,3
* tet Lib,4846,2.91,-0.07,1988A&A...190..148E,4
* tet Lib,4800,2.91,-0.1,2004A&A...425..187T,5
* tet Lib,4730,2.99,-0.31,1990ApJS...74.1075M,6
* tet Lib,4718,2.58,-0.23,2007MNRAS.382..553L,7
* tet Lib,4700,2.99,-0.08,1998A&A...338..623M,8
* tet Lib,4685,2.2,-0.35,2007A&A...475.1003H,9
* tet Lib,4760,2.35,-0.27,2014ApJ...785...94L,10
* tet Lib,4700,2.99,-0.08,1998A&A...338..623M,11
* tet Lib,4730,2.99,-0.31,1990ApJS...74.1075M,12
* tet Lib,4846,2.91,-0.07,1988A&A...190..148E,13
* tet Lib,,,-0.14,2008A&A...480...91S,14
* tet Lib,4730,2.99,-0.31,1990ApJS...74.1075M,15
* tet Lib,4846,2.91,-0.07,1988A&A...190..148E,16
* tet Lib,4755,2.9,-0.24,1972AcA....22..141G,17
* tet Peg,8570,4.0,-0.38,2023ApJS..266...41P,1
* tet Peg,8000,3.7,-0.8,2016A&A...589A..83G,2
* tet Peg,8569,3.86,,2003AJ....125.1598L,3
* tet Peg,8974,,,2012A&A...537A.120Z,4
* tet Peg,8840,,,2009A&A...501..297Z,5
* tet Peg,8570,4.0,-0.38,2003A&A...398.1121E,6
* tet Peg,7951,,,2012ApJ...746..101B,7
* tet Peg,7872,,,2013ApJ...771...40B,8
* tet Per,6206,4.26,0.01,2024A&A...682A.145S,1
* tet Per,6263,4.39,0.01,2022A&A...663A...4S,2
* tet Per,6310,4.32,0.08,2017AJ....153...21L,3
* tet Per,6334,4.35,0.0,2018A&A...614A..55A,4
* tet Per,6389,4.56,0.04,2018MNRAS.479.1332M,5
* tet Per,6500,4.7,0.07,2003AJ....126.2015H,6
* tet Per,6500,4.7,0.01,2006AJ....131.3069L,7
* tet Per,6500,4.7,0.01,2005AJ....129.1063L,8
* tet Per,6350,4.3,0.01,1998A&A...338..623M,9
* tet Per,6350,4.32,0.06,2005PASJ...57...27T,10
* tet Per,6344,4.42,0.06,2005ApJS..159..141V,11
* tet Per,6329,4.32,0.057,2010MNRAS.403.1368G,12
* tet Per,6328,4.43,-0.03,2005A&A...442..635B,13
* tet Per,6316,,,2011A&A...530A.138C,14
* tet Per,6309,4.3,-0.02,1993A&A...275..101E,15
* tet Per,6300,4.3,0.08,1999ApJ...521..753T,16
* tet Per,6248,4.2,-0.01,1998A&A...338..161F,17
* tet Per,6239,4.35,-0.04,1996A&A...314..191G,18
* tet Per,6238,4.34,-0.07,2007A&A...465..271R,19
* tet Per,6210,4.35,-0.08,2004A&A...420..183A,20
* tet Per,6162,4.28,-0.06,2006ApJ...652.1604B,21
* tet Per,6157,,,2012ApJ...746..101B,22
* tet Per,6153,,,2013ApJ...771...40B,23
* tet Per,6072,4.12,-0.26,1974A&A....36..191H,24
* tet Per,6000,4.0,-0.15,1977AcA....27..145K,25
* tet Per,5860,,0.07,1965ApJ...141..588H,26
* tet Per,6196,4.19,0.08,2016ApJS..225...32B,27
* tet Per,6262,4.24,-0.01,2016A&A...587A...2B,28
* tet Per,6241,4.18,,2015A&A...579A..20M,29
* tet Per,6312,4.33,-0.02,2013ApJ...764...78R,30
* tet Per,6312,4.33,-0.02,2012ApJ...756...46R,31
* tet Per,6210,4.35,7.51,2004A&A...420..183A,32
* tet Per,6304,4.54,0.12,2012A&A...541A..40M,33
* tet Per,6350,4.32,0.06,2007PASJ...59..335T,34
* tet Per,6350,4.3,0.01,1998A&A...338..623M,35
* tet Per,6248,4.2,-0.01,1998A&A...338..161F,36
* tet Per,6239,4.35,-0.04,1996A&A...314..191G,37
* tet Per,6309,4.3,-0.02,1993A&A...275..101E,38
* tet Per,6309,4.3,-0.02,1993A&A...275..101E,39
* tet Per,6000,4.0,-0.15,1977AcA....27..145K,40
* tet Per,6072,4.12,-0.26,1974A&A....36..191H,41
* tet Per,5860,,0.07,1965ApJ...141..588H,42
* tet Per B,3600,4.73,,2022ApJ...927..122H,1
* tet Per B,3572,,,2017ApJ...851...26V,2
* tet Per B,3685,,0.03,2014MNRAS.443.2561G,3
* tet Per B,,,-0.03,2005A&A...442..635B,4
* tet Per B,3580,4.5,,2013AJ....145..102L,5
* tet Per B,3685,,0.06,2015ApJ...804...64M,6
* tet Psc,4617,2.05,-0.07,2021MNRAS.505.4496G,1
* tet Psc,4756,2.67,0.08,2016A&A...588A..98M,2
* tet Psc,4714,2.59,0.05,2022A&A...663A...4S,3
* tet Psc,4704,2.72,0.08,2022A&A...666A.125F,4
* tet Psc,4677,2.7,-0.12,2008AJ....135..209M,5
* tet Psc,4704,2.72,0.08,2019A&A...625A.141L,6
* tet Psc,4704,2.72,0.05,2017A&A...598A.100J,7
* tet Psc,4775,2.95,0.02,2007A&A...475.1003H,8
* tet Psc,4766,2.7,0.25,2013A&A...559A.115M,9
* tet Psc,4745,,,2009A&A...497..497G,10
* tet Psc,4736,,,2005ApJ...626..446R,11
* tet Psc,4703,,,1998A&A...339..858D,12
* tet Psc,4702,,,1998A&A...339..858D,13
* tet Psc,4699,,,1999A&AS..139..335A,14
* tet Psc,4696,2.7,0.06,2007MNRAS.382..553L,15
* tet Psc,4680,2.78,-0.12,1990ApJS...74.1075M,16
* tet Psc,4625,1.95,-0.08,1995AJ....110.2968L,17
* tet Psc,4767,2.73,-0.01,2016A&A...587A...2B,18
* tet Psc,4756,2.66,0.08,2013A&A...554A..84M,19
* tet Psc,4731,2.61,0.07,2011A&A...531A.165P,20
* tet Psc,4625,1.95,-0.08,1995AJ....110.2968L,21
* tet Psc,4680,2.78,-0.12,1990ApJS...74.1075M,22
* tet Psc,,,-0.09,2008A&A...480...91S,23
* tet Psc,4664,2.37,-0.1,2007MNRAS.374..664C,24
* tet Psc,4699,2.37,-0.1,2008A&A...480...91S,25
* tet Psc,4625,1.95,-0.08,1995AJ....110.2968L,26
* tet Psc,4680,2.78,-0.12,1990ApJS...74.1075M,27
* tet Sco,6243,2.342,-0.44,2023ApJS..266...11B,1
* tet UMa,6217,3.83,-0.17,2025A&A...698A..93J,1
* tet UMa,6217,3.83,-0.17,2024A&A...682A.145S,2
* tet UMa,6371,3.8,-0.13,2023ApJS..266...41P,3
* tet UMa,6316,3.94,-0.17,2022A&A...663A...4S,4
* tet UMa,6371,3.8,-0.13,2017AJ....153...21L,5
* tet UMa,6374,3.87,-0.18,2018A&A...614A..55A,6
* tet UMa,6450,4.2,-0.17,2003AJ....126.2015H,7
* tet UMa,6450,4.2,-0.21,2006AJ....131.3069L,8
* tet UMa,6450,4.2,-0.21,2005AJ....129.1063L,9
* tet UMa,6450,,,1995A&AS..110..553S,10
* tet UMa,6401,,,2011A&A...530A.138C,11
* tet UMa,6386,,,2009A&A...497..497G,12
* tet UMa,6380,4.23,-0.05,1999ApJ...521..753T,13
* tet UMa,6380,4.09,-0.2,1993A&A...275..101E,14
* tet UMa,6364,4.11,-0.14,1990ApJ...354..310B,15
* tet UMa,6338,,,1996A&AS..117..227A,16
* tet UMa,6336,3.72,-0.14,2010MNRAS.403.1368G,17
* tet UMa,6333,,,2005ApJ...626..446R,18
* tet UMa,6310,3.91,-0.17,2004A&A...420..183A,19
* tet UMa,6300,4.3,-0.2,1986A&A...166..216T,20
* tet UMa,6300,4.1,-0.17,2000ApJ...530..939C,21
* tet UMa,6300,3.9,0.0,1977MNRAS.181....1C,22
* tet UMa,6300,,,2012ApJ...746..101B,23
* tet UMa,6300,,-0.03,1970MNRAS.148..477P,24
* tet UMa,6296,3.8,-0.21,1996A&A...314..191G,25
* tet UMa,6252,3.84,-0.27,2007A&A...465..271R,26
* tet UMa,6243,3.8,-0.18,2008MNRAS.384..173F,27
* tet UMa,6238,,,2013ApJ...771...40B,28
* tet UMa,6225,3.65,-0.27,2005PASJ...57...27T,29
* tet UMa,6188,,,1998A&A...339..858D,30
* tet UMa,5793,3.5,0.01,1948ApJ...107..151G,31
* tet UMa,6182,3.76,-0.07,2016ApJS..225...32B,32
* tet UMa,6239,3.62,-0.24,2016A&A...587A...2B,33
* tet UMa,6364,3.88,-0.19,2013ApJ...764...78R,34
* tet UMa,6364,3.88,-0.19,2012ApJ...756...46R,35
* tet UMa,6334,3.8,,2003AJ....126.2048G,36
* tet UMa,6310,3.91,7.42,2004A&A...420..183A,37
* tet UMa,6225,3.65,-0.27,2007PASJ...59..335T,38
* tet UMa,6300,4.1,-0.17,2000ApJ...530..939C,39
* tet UMa,6296,3.8,-0.21,1996A&A...314..191G,40
* tet UMa,6380,4.09,-0.2,1993A&A...275..101E,41
* tet UMa,6364,4.11,-0.14,1990ApJ...354..310B,42
* tet UMa,6300,4.3,-0.2,1986A&A...166..216T,43
* tet UMa,6380,4.09,-0.2,1993A&A...275..101E,44
* tet UMa,6364,4.11,-0.14,1990ApJ...354..310B,45
* tet UMa,6300,4.3,-0.2,1986A&A...166..216T,46
* tet UMa,6300,3.9,0.0,1977MNRAS.181....1C,47
* tet UMa,6300,,-0.03,1970MNRAS.148..477P,48
* tet UMa,5793,3.5,0.01,1948ApJ...107..151G,49
* u Car,5015,3.06,-0.02,2022A&A...663A...4S,1
* u Car,5006,3.02,-0.098,2022A&A...657A..87O,2
* u Car,5100,3.0,0.1,2015MNRAS.448.2749A,3
* u Car,5002,3.08,-0.13,2015MNRAS.448.2749A,4
* u Car,5015,3.14,-0.12,2015MNRAS.448.2749A,5
* u Car,4948,3.15,-0.12,2015MNRAS.448.2749A,6
* u Car,5110,,-0.2,2020A&A...633A..34C,7
* u Car,5100,3.0,0.1,1992MNRAS.256..535J,8
* u Car,5040,3.22,-0.03,1988A&A...190..148E,9
* u Car,5002,3.08,-0.13,2015MNRAS.448.2749A,10
* u Car,4938,,,1998A&AS..129..505B,11
* u Car,5100,3.0,0.1,1992MNRAS.256..535J,12
* u Car,5040,3.22,-0.03,1988A&A...190..148E,13
* u Car,5100,3.0,0.1,1992MNRAS.256..535J,14
* u Car,5040,3.22,-0.03,1988A&A...190..148E,15
* ups01 Cen,21820,,,1995A&AS..110..553S,1
* ups01 Hya,5189,2.869,0.13,2024A&A...683A.125P,1
* ups01 Hya,5058,2.82,-0.02,2022A&A...663A...4S,2
* ups01 Hya,5110,3.0,0.08,2019MNRAS.485.4375D,3
* ups01 Hya,4977,2.7,-0.14,2008AJ....135..209M,4
* ups01 Hya,5090,3.05,-0.02,2007A&A...475.1003H,5
* ups01 Hya,5085,,,1998A&AS..129..505B,6
* ups01 Hya,5033,,,1998A&A...339..858D,7
* ups01 Hya,5000,2.93,-0.14,1990ApJS...74.1075M,8
* ups01 Hya,5045,2.56,-0.01,2014ApJ...785...94L,9
* ups01 Hya,5185,2.95,0.1,2015A&A...574A..50J,10
* ups01 Hya,5117,3.04,0.03,2007AJ....133.2464L,11
* ups01 Hya,5000,2.93,-0.14,1990ApJS...74.1075M,12
* ups01 Hya,,,-0.14,2008A&A...480...91S,13
* ups01 Hya,5000,2.93,-0.14,1990ApJS...74.1075M,14
* ups02 Eri,5121,2.794,0.07,2024A&A...683A.125P,1
* ups02 Eri,4981,2.64,-0.02,2022A&A...663A...4S,2
* ups02 Eri,5023,2.57,0.018,2022A&A...657A..87O,3
* ups02 Eri,4960,2.92,-0.09,2015MNRAS.448.2749A,4
* ups02 Eri,5074,2.77,0.04,2015MNRAS.448.2749A,5
* ups02 Eri,5070,2.75,0.02,2015MNRAS.448.2749A,6
* ups02 Eri,5080,2.7,0.19,2015MNRAS.448.2749A,7
* ups02 Eri,4970,,-0.1,2020A&A...633A..34C,8
* ups02 Eri,5074,2.77,0.04,2015MNRAS.448.2749A,9
* ups02 Eri,5015,,,1998A&AS..129..505B,10
* ups02 Eri,4960,2.92,-0.09,1990ApJS...74.1075M,11
* ups02 Eri,4957,,,1998A&A...339..858D,12
* ups02 Eri,4960,2.92,-0.09,1990ApJS...74.1075M,13
* ups02 Eri,4960,2.92,-0.09,1990ApJS...74.1075M,14
* ups04 Eri,12460,,,2009A&A...501..297Z,1
* ups04 Eri,12274,,,2012A&A...537A.120Z,2
* ups And,6275,4.29,0.2,2024A&A...691A..53S,1
* ups And,6233,4.18,0.12,2024A&A...691A.160S,2
* ups And,6091,4.159,0.1102,2022ApJS..259...35A,3
* ups And,6220,4.04,0.08,2021MNRAS.505.4496G,4
* ups And,6269,4.12,0.19,2023ApJS..266...41P,5
* ups And,6154,4.17,0.08,2022A&A...663A...4S,6
* ups And,6217,4.237,0.108,2019ApJ...879...69T,7
* ups And,6156,4.125,0.122,2021ApJS..255....8R,8
* ups And,6134,4.09,0.11,2013MNRAS.435..952S,9
* ups And,6074,4.0,0.1,2015MNRAS.454.1585M,10
* ups And,6278,4.2,,2016MNRAS.456.1221R,11
* ups And,6354,4.33,,2016MNRAS.456.1221R,12
* ups And,6132,4.03,,2016MNRAS.456.1221R,13
* ups And,6292,4.22,,2016MNRAS.456.1221R,14
* ups And,6239,4.19,,2016MNRAS.456.1221R,15
* ups And,6027,4.1,,2016MNRAS.456.1221R,16
* ups And,6323,4.25,,2016MNRAS.456.1221R,17
* ups And,6170,4.0,,2016MNRAS.456.1221R,18
* ups And,6177,4.13,,2016MNRAS.456.1221R,19
* ups And,6145,4.06,,2016MNRAS.456.1221R,20
* ups And,6160,4.28,,2020A&A...636A..85S,21
* ups And,6093,4.1229,0.114,2020AJ....160..120J,22
* ups And,6269,4.12,0.19,2017AJ....153...21L,23
* ups And,6193,4.13,0.07,2018A&A...614A..55A,24
* ups And,6318,,,2009A&A...497..497G,25
* ups And,6292,4.26,0.13,2013A&A...552A...6G,26
* ups And,6250,4.3,0.17,1997MNRAS.285..403G,27
* ups And,6239,4.19,0.145,2010MNRAS.403.1368G,28
* ups And,6235,,,2011A&A...530A.138C,29
* ups And,6213,4.25,0.15,2005ApJS..159..141V,30
* ups And,6212,4.26,0.13,2004A&A...415.1153S,31
* ups And,6212,4.17,0.09,1993A&A...275..101E,32
* ups And,6200,4.4,0.13,2003AJ....126.2015H,33
* ups And,6200,4.4,0.12,2006AJ....131.3069L,34
* ups And,6200,4.4,0.12,2005AJ....129.1063L,35
* ups And,6198,4.22,-0.03,1990ApJ...354..310B,36
* ups And,6194,4.2,0.06,2011A&A...526A..71D,37
* ups And,6194,4.19,0.11,2015A&A...580A..24D,38
* ups And,6184,,,2005ApJ...626..446R,39
* ups And,6177,,,2013ApJ...771...40B,40
* ups And,6170,4.0,0.084,2010MNRAS.403.1368G,41
* ups And,6156,4.14,0.15,2005MNRAS.363...71H,42
* ups And,6155,,,1996A&AS..117..227A,43
* ups And,6140,4.12,0.12,2000AJ....119..390G,44
* ups And,6136,,,1998A&AS..129..505B,45
* ups And,6125,4.17,0.11,1998A&A...338..623M,46
* ups And,6125,3.98,0.06,1996A&A...314..191G,47
* ups And,6120,4.07,0.1,2003A&A...398..363S,48
* ups And,6107,4.01,0.09,1998A&A...338..161F,49
* ups And,6107,4.01,0.09,1998A&A...336..942F,50
* ups And,6104,,,2013ApJ...771...40B,51
* ups And,6100,4.17,0.02,2004A&A...420..183A,52
* ups And,6089,4.12,0.03,2006ApJ...652.1604B,53
* ups And,6089,4.01,0.07,2005PASJ...57...27T,54
* ups And,6085,4.11,-0.01,2007A&A...465..271R,55
* ups And,6074,4.0,0.1,2004A&A...418..551M,56
* ups And,6074,,,2004A&A...427..933K,57
* ups And,6074,,,2003A&A...411..559K,58
* ups And,6072,4.1,-0.14,1973A&A....23...63S,59
* ups And,6072,,-0.11,1970MNRAS.148..477P,60
* ups And,6027,,,2013ApJ...771...40B,61
* ups And,6000,3.91,-0.23,1974A&A....36..191H,62
* ups And,6180,4.14,0.03,2016A&A...587A...2B,63
* ups And,6174,4.12,0.1,2016A&A...587A...2B,64
* ups And,6183,4.16,,2015A&A...579A..20M,65
* ups And,6212,4.26,0.13,2015A&A...576A..69D,66
* ups And,6074,4.0,0.1,2013A&A...552A.128M,67
* ups And,6212,4.26,0.13,2013A&A...556A.150S,68
* ups And,6155,4.09,0.02,2013ApJ...764...78R,69
* ups And,6155,4.09,0.02,2012ApJ...756...46R,70
* ups And,6100,4.17,7.6,2004A&A...420..183A,71
* ups And,6138,4.13,0.08,2011AJ....141...90L,72
* ups And,6138,4.19,0.13,2011AJ....141...90L,73
* ups And,6074,4.0,0.1,2011ARep...55..689M,74
* ups And,6139,4.06,0.11,2011A&A...531A.165P,75
* ups And,6153,4.28,0.11,2012A&A...541A..40M,76
* ups And,6089,4.01,0.07,2007PASJ...59..335T,77
* ups And,6140,4.12,0.12,2000AJ....119..390G,78
* ups And,6125,4.17,0.11,1998A&A...338..623M,79
* ups And,6107,4.01,0.09,1998A&A...336..942F,80
* ups And,6107,4.01,0.09,1998A&A...338..161F,81
* ups And,6250,4.3,0.17,1997MNRAS.285..403G,82
* ups And,6125,3.98,0.06,1996A&A...314..191G,83
* ups And,6212,4.17,0.09,1993A&A...275..101E,84
* ups And,6198,4.22,-0.03,1990ApJ...354..310B,85
* ups And,6212,4.17,0.09,1993A&A...275..101E,86
* ups And,6198,4.22,-0.03,1990ApJ...354..310B,87
* ups And,6000,3.91,-0.23,1974A&A....36..191H,88
* ups And,6072,4.1,-0.14,1973A&A....23...63S,89
* ups And,6072,,-0.11,1970MNRAS.148..477P,90
* ups Boo,3950,1.3,-0.4,2024A&A...682A.145S,1
* ups Boo,4079,1.57,-0.4,2022A&A...663A...4S,2
* ups Boo,3936,1.5,-0.23,2008AJ....135..209M,3
* ups Boo,4170,1.6,-0.57,2007A&A...475.1003H,4
* ups Boo,3904,,,1998A&A...339..858D,5
* ups Boo,3890,1.55,-0.23,1990ApJS...74.1075M,6
* ups Boo,3890,1.55,-0.23,1990ApJS...74.1075M,7
* ups Boo,3890,1.55,-0.23,1990ApJS...74.1075M,8
* ups Gem,3810,0.82,-0.7,2021MNRAS.505.4496G,1
* ups Gem,3926,1.0,,2008AJ....135..209M,2
* ups Gem,4130,1.9,-0.36,2007A&A...475.1003H,3
* ups Gem,3846,,,1998A&A...339..858D,4
* ups Gem,3846,1.69,0.04,2011A&A...531A.165P,5
* ups Psc,8892,,,2012A&A...537A.120Z,1
* ups Sco,22490,,,1995A&AS..110..553S,1
* ups Tau,7000,2.7,-0.4,2016A&A...589A..83G,1
* ups Tau,8547,3.93,,2016A&A...585A...7K,2
* ups Tau,7278,,,2012A&A...537A.120Z,3
* ups UMa,7019,,,1998A&A...339..858D,1
* x Car,5729,0.64,0.37,2022A&A...663A...4S,1
* x Car,5727,0.4,0.32,1979ApJ...232..797L,2
* x Car,5729,0.7,0.38,2014AJ....147..137L,3
* x Car,5727,0.4,0.32,1979ApJ...232..797L,4
* zet01 Lyr,8019,3.77,0.22,2021MNRAS.505.4496G,1
* zet01 Lyr,8400,,0.4,1973MNRAS.161..193S,2
* zet01 Lyr,8170,3.9,0.6,1991A&A...249..205B,3
* zet01 Lyr,8000,3.9,0.18,1968AnAp...31...15P,4
* zet01 Lyr,7914,3.7,0.38,2011A&A...531A.165P,5
* zet01 Lyr,8170,3.9,0.6,1991A&A...249..205B,6
* zet01 Lyr,8400,,0.4,1973MNRAS.161..193S,7
* zet01 Lyr,8000,3.9,0.18,1968AnAp...31...15P,8
* zet01 Ret,5771,4.547,-0.189,2025A&A...699A.151S,1
* zet01 Ret,5785,4.596,-0.21,2024A&A...683A.125P,2
* zet01 Ret,5710,4.5,-0.23,2022A&A...663A...4S,3
* zet01 Ret,5854,4.54,-0.22,2021ApJ...920...94E,4
* zet01 Ret,5749,4.529,-0.218,2020A&A...640A..81N,5
* zet01 Ret,5728,4.497,-0.197,2020A&A...639A.127C,6
* zet01 Ret,5722,4.53,-0.21,2019A&A...629A..80H,7
* zet01 Ret,5715,4.5,-0.19,2019MNRAS.487.3162C,8
* zet01 Ret,5746,4.47,-0.19,2018AJ....155..111L,9
* zet01 Ret,5710,4.51,-0.24,2018A&A...614A..55A,10
* zet01 Ret,5752,4.54,,2003AJ....125.1598L,11
* zet01 Ret,5860,4.75,0.1,1987A&A...177..204D,12
* zet01 Ret,5860,4.5,-0.2,1981A&A...100...97G,13
* zet01 Ret,5770,,,1998A&AS..129..505B,14
* zet01 Ret,5770,4.68,-0.2,2001A&A...373.1019S,15
* zet01 Ret,5770,4.58,-0.22,2006MNRAS.370..163B,16
* zet01 Ret,5751,,,2011A&A...530A.138C,17
* zet01 Ret,5746,4.54,-0.22,2000A&A...358..233D,18
* zet01 Ret,5733,4.55,-0.21,2004A&A...415.1153S,19
* zet01 Ret,5699,4.58,-0.24,2005ApJS..159..141V,20
* zet01 Ret,5670,,,1998A&A...339..858D,21
* zet01 Ret,5666,4.36,-0.37,1994A&A...287..191P,22
* zet01 Ret,5614,4.53,-0.29,2007A&A...465..271R,23
* zet01 Ret,5610,4.55,-0.34,2004A&A...420..183A,24
* zet01 Ret,5538,,-0.37,1966ApJ...143..527D,25
* zet01 Ret,5478,3.8,-0.35,1986A&A...160..264F,26
* zet01 Ret,5478,3.8,-0.1,1974PhDT.........8F,27
* zet01 Ret,5673,4.38,-0.19,2016A&A...587A...2B,28
* zet01 Ret,5730,4.61,,2015A&A...579A..20M,29
* zet01 Ret,5712,4.48,-0.24,2013ApJ...764...78R,30
* zet01 Ret,5712,4.48,-0.24,2012ApJ...756...46R,31
* zet01 Ret,5610,4.55,7.24,2004A&A...420..183A,32
* zet01 Ret,5719,4.63,-0.21,2012A&A...541A..40M,33
* zet01 Ret,5746,4.54,-0.22,2000A&A...358..233D,34
* zet01 Ret,5666,4.36,-0.37,1994A&A...287..191P,35
* zet01 Ret,5860,4.75,0.1,1987A&A...177..204D,36
* zet01 Ret,5478,3.8,-0.35,1986A&A...160..264F,37
* zet01 Ret,5860,4.5,-0.2,1981A&A...100...97G,38
* zet01 Ret,5666,4.36,-0.37,1994A&A...287..191P,39
* zet01 Ret,5860,4.75,0.1,1987A&A...177..204D,40
* zet01 Ret,5478,3.8,-0.35,1986A&A...160..264F,41
* zet01 Ret,5860,4.5,-0.2,1981A&A...100...97G,42
* zet01 Ret,5478,3.8,-0.1,1974PhDT.........8F,43
* zet01 Ret,5538,,-0.37,1966ApJ...143..527D,44
* zet01 Sco,18000,2.0,,2006A&A...446..279C,1
* zet01 UMa,9700,4.0,0.2,2016A&A...589A..83G,1
* zet01 UMa,9340,,,2009A&A...501..297Z,2
* zet01 UMa,5793,,0.0,1985ApJ...290..284H,3
* zet02 Ret,5861,4.42,-0.19,2024A&A...690A..97C,1
* zet02 Ret,5878,4.513,-0.231,2025A&A...699A.151S,2
* zet02 Ret,5944,4.596,-0.21,2024A&A...683A.125P,3
* zet02 Ret,5915,4.461,-0.438,2023ApJS..266...11B,4
* zet02 Ret,5847,4.46,-0.23,2022A&A...663A...4S,5
* zet02 Ret,5710,4.53,-0.2,2021ApJ...920...94E,6
* zet02 Ret,5866,-1.7082,-0.23,2014A&A...566A..66G,7
* zet02 Ret,5866,4.46,-0.23,2021A&A...655A..99D,8
* zet02 Ret,5832,4.49,-0.23,2020A&A...639A..35H,9
* zet02 Ret,5862,4.46,-0.252,2020A&A...640A..81N,10
* zet02 Ret,5881,4.515,-0.226,2020A&A...639A.127C,11
* zet02 Ret,5866,4.46,-0.23,2020A&A...634A.136C,12
* zet02 Ret,5892,4.56,-0.2,2019A&A...629A..80H,13
* zet02 Ret,5863,4.46,-0.24,2018AJ....155..111L,14
* zet02 Ret,5853,4.43,-0.24,2018A&A...614A..55A,15
* zet02 Ret,6060,4.75,-0.12,2018A&A...615A..76S,16
* zet02 Ret,5938,4.48,-0.16,2018A&A...615A..76S,17
* zet02 Ret,5875,4.5,-0.23,2018A&A...614A..84S,18
* zet02 Ret,5848,4.5,,2003AJ....125.1598L,19
* zet02 Ret,5866,4.52,-0.23,2017A&A...606A..94D,20
* zet02 Ret,6072,4.7,0.1,1987A&A...177..204D,21
* zet02 Ret,6000,4.5,-0.2,1981A&A...100...97G,22
* zet02 Ret,5895,4.64,-0.25,2006MNRAS.370..163B,23
* zet02 Ret,5889,4.41,-0.23,1993A&A...275..101E,24
* zet02 Ret,5889,4.41,-0.22,2000A&A...363..692T,25
* zet02 Ret,5884,,,2011A&A...530A.138C,26
* zet02 Ret,5878,4.51,-0.22,2012A&A...542A..84D,27
* zet02 Ret,5866,4.52,-0.23,2008A&A...487..373S,28
* zet02 Ret,5865,4.59,-0.22,2001A&A...373.1019S,29
* zet02 Ret,5859,4.46,-0.22,2000A&A...358..233D,30
* zet02 Ret,5856,4.4,-0.38,1994A&A...287..191P,31
* zet02 Ret,5845,4.54,-0.26,2005ApJS..159..141V,32
* zet02 Ret,5843,4.47,-0.23,2004A&A...415.1153S,33
* zet02 Ret,5838,4.57,-0.24,1996A&A...314..191G,34
* zet02 Ret,5751,4.52,-0.36,2004A&A...420..183A,35
* zet02 Ret,5748,4.49,-0.31,2007A&A...465..271R,36
* zet02 Ret,5727,4.0,-0.04,1974PhDT.........8F,37
* zet02 Ret,5640,3.94,-0.07,1994A&A...291..895A,38
* zet02 Ret,5600,4.51,-0.32,1975A&A....38..271H,39
* zet02 Ret,5600,4.5,-0.42,1986A&A...160..264F,40
* zet02 Ret,5779,4.28,-0.24,2016A&A...587A...2B,41
* zet02 Ret,5804,4.41,,2015A&A...579A..20M,42
* zet02 Ret,5866,4.52,-0.23,2014A&A...562A..92D,43
* zet02 Ret,5826,4.4,-0.24,2015A&A...577A...9B,44
* zet02 Ret,5826,4.41,-0.24,2014A&A...562A..71B,45
* zet02 Ret,5875,4.5,-0.23,2013A&A...555A.150T,46
* zet02 Ret,5852,4.43,-0.25,2013ApJ...764...78R,47
* zet02 Ret,5852,4.43,-0.25,2012ApJ...756...46R,48
* zet02 Ret,5751,4.52,7.24,2004A&A...420..183A,49
* zet02 Ret,5866,4.52,-0.23,2012A&A...545A..32A,50
* zet02 Ret,5874,4.64,-0.16,2012A&A...541A..40M,51
* zet02 Ret,5859,4.46,-0.22,2000A&A...358..233D,52
* zet02 Ret,5889,4.41,-0.22,2000A&A...363..692T,53
* zet02 Ret,5838,4.57,-0.24,1996A&A...314..191G,54
* zet02 Ret,5856,4.4,-0.38,1994A&A...287..191P,55
* zet02 Ret,5640,3.94,-0.07,1994A&A...291..895A,56
* zet02 Ret,5889,4.41,-0.23,1993A&A...275..101E,57
* zet02 Ret,6072,4.7,0.1,1987A&A...177..204D,58
* zet02 Ret,5600,4.5,-0.42,1986A&A...160..264F,59
* zet02 Ret,6000,4.5,-0.2,1981A&A...100...97G,60
* zet02 Ret,5866,4.52,-0.23,2008A&A...487..373S,61
* zet02 Ret,5856,4.4,-0.38,1994A&A...287..191P,62
* zet02 Ret,5640,3.94,-0.07,1994A&A...291..895A,63
* zet02 Ret,5889,4.41,-0.23,1993A&A...275..101E,64
* zet02 Ret,6072,4.7,0.1,1987A&A...177..204D,65
* zet02 Ret,5600,4.5,-0.42,1986A&A...160..264F,66
* zet02 Ret,6000,4.5,-0.2,1981A&A...100...97G,67
* zet02 Ret,5600,4.51,-0.32,1975A&A....38..271H,68
* zet02 Ret,5727,4.0,-0.04,1974PhDT.........8F,69
* zet Aql,9830,,,2009A&A...501..297Z,1
* zet Aql,9528,,,2012A&A...537A.120Z,2
* zet Aql,9205,,,2012ApJ...746..101B,3
* zet Aql,9078,,,2013ApJ...771...40B,4
* zet Aql,9190,3.74,,2003AJ....126.2048G,5
* zet Aqr,6651,,,2011A&A...530A.138C,1
* zet Ara,3961,-0.019,-1.038,2023ApJS..266...11B,1
* zet Ara,4350,1.5,-0.4,1992MNRAS.256..535J,2
* zet Ara,4350,1.5,-0.4,1992MNRAS.256..535J,3
* zet Ara,4350,1.5,-0.4,1992MNRAS.256..535J,4
* zet Aur,3942,1.05,-0.04,2024A&A...692A.189R,1
* zet Aur,4066,1.434,-0.0824,2022ApJS..259...35A,2
* zet Aur,4054,1.0,-0.07,2022A&A...663A...4S,3
* zet Aur,4200,1.15,0.1,1982ApJ...256..177L,4
* zet Aur,4032,1.35,0.3,1977ApJ...218..752L,5
* zet Aur,3920,1.33,-0.26,1990ApJS...74.1075M,6
* zet Aur,4057,0.54,-0.01,2014AJ....147..137L,7
* zet Aur,3920,1.33,-0.26,1990ApJS...74.1075M,8
* zet Aur,4200,1.15,0.1,1982ApJ...256..177L,9
* zet Aur,3920,1.33,-0.26,1990ApJS...74.1075M,10
* zet Aur,4200,1.15,0.1,1982ApJ...256..177L,11
* zet Aur,4032,1.35,0.3,1977ApJ...218..752L,12
* zet Cap,5064,0.9,0.2,2021MNRAS.505.4496G,1
* zet Cap,5256,0.67,-0.465,2023ApJS..266...11B,2
* zet Cap,5212,1.8,-0.13,2022A&A...663A...4S,3
* zet Cap,5300,1.5,,2016MNRAS.459.4299D,4
* zet Cap,5000,,0.0,2020A&A...633A..34C,5
* zet Cap,5287,,,2007MNRAS.378..617K,6
* zet Cap,5250,1.53,-0.09,2007A&A...468..679S,7
* zet Cap,5220,1.55,-0.45,1990ApJS...74.1075M,8
* zet Cap,5196,1.6,-0.15,1981ApJ...247.1052S,9
* zet Cap,4493,,,2011A&A...530A.138C,10
* zet Cap,5428,2.37,0.18,2014AJ....147..137L,11
* zet Cap,5397,1.48,-0.14,2011A&A...531A.165P,12
* zet Cap,5220,1.55,-0.45,1990ApJS...74.1075M,13
* zet Cap,5196,1.6,-0.15,1981ApJ...247.1052S,14
* zet Cap,5220,1.55,-0.45,2007MNRAS.374..664C,15
* zet Cap,5220,1.55,-0.45,1990ApJS...74.1075M,16
* zet Cap,5196,1.6,-0.15,1981ApJ...247.1052S,17
* zet Cap,5929,,0.18,1965MNRAS.129..263W,18
* zet Cen,21030,,,1995A&AS..110..553S,1
* zet Cep,4073,1.03,0.087,2025A&A...693A.163T,1
* zet Cep,4073,1.03,-0.099,2025A&A...693A.163T,2
* zet Cep,4305,1.3,-0.12,2021MNRAS.505.4496G,3
* zet Cep,4337,1.12,0.17,2023ApJS..266...41P,4
* zet Cep,4151,0.77,0.07,2022A&A...663A...4S,5
* zet Cep,4671,,,2009A&A...497..497G,6
* zet Cep,4500,0.75,0.22,1982ApJ...256..177L,7
* zet Cep,4246,,,1998AJ....116..981V,8
* zet Cep,4180,,,2007MNRAS.378..617K,9
* zet Cep,4120,0.75,-0.22,2007A&A...475.1003H,10
* zet Cep,3900,0.75,0.28,1998A&A...338..623M,11
* zet Cep,3818,1.0,0.23,1977ApJ...212..743L,12
* zet Cep,4340,0.88,0.12,2011A&A...531A.165P,13
* zet Cep,4337,1.12,0.17,2012A&A...538A.143K,14
* zet Cep,3900,0.75,0.28,1998A&A...338..623M,15
* zet Cep,4500,0.75,0.22,1982ApJ...256..177L,16
* zet Cep,4500,0.75,0.22,1982ApJ...256..177L,17
* zet Cep,3818,1.0,0.23,1977ApJ...212..743L,18
* zet Cet,4621,2.3,-0.12,2022A&A...663A...4S,1
* zet Cet,4581,2.4,-0.13,2008AJ....135..209M,2
* zet Cet,4685,,,1998A&AS..129..505B,3
* zet Cet,4600,2.7,-0.13,1990ApJS...74.1075M,4
* zet Cet,4600,2.7,-0.13,1990ApJS...74.1075M,5
* zet Cet,,,-0.13,2008A&A...480...91S,6
* zet Cet,4600,2.7,-0.13,1990ApJS...74.1075M,7
* zet CMa,20950,,,1995A&AS..110..553S,1
* zet CrA,10500,4.4,,2023MNRAS.519.3958I,1
* zet CrA,9977,,,2012A&A...537A.120Z,2
* zet CrA,9927,,,1998A&A...339..858D,3
* zet CrA,9710,,,1998A&AS..129..505B,4
* zet Crt,4870,2.57,-0.11,2022A&A...663A...4S,1
* zet Crt,4960,,-0.2,2020A&A...633A..34C,2
* zet Crt,4870,2.57,-0.11,1990ApJS...74.1075M,3
* zet Crt,4992,2.6,0.03,2014ApJ...785...94L,4
* zet Crt,4870,2.57,-0.11,1990ApJS...74.1075M,5
* zet Crt,4870,2.57,-0.11,1990ApJS...74.1075M,6
* zet Cyg,5060,2.6,,2024MNRAS.532..394J,1
* zet Cyg,4960,1.79,0.05,2021MNRAS.505.4496G,2
* zet Cyg,4953,2.34,-0.03,2022A&A...663A...4S,3
* zet Cyg,4976,1.9,0.1,2020MNRAS.494.1724J,4
* zet Cyg,4831,2.7,-0.11,2008AJ....135..209M,5
* zet Cyg,4890,,-0.2,2020A&A...633A..34C,6
* zet Cyg,5129,3.02,0.08,2015A&A...580A..24D,7
* zet Cyg,4998,2.78,-0.02,2011A&A...526A..71D,8
* zet Cyg,4990,2.87,-0.11,1990ApJS...74.1075M,9
* zet Cyg,4976,,,2007MNRAS.378..617K,10
* zet Cyg,4950,2.7,0.05,1999ApJ...523..739C,11
* zet Cyg,4941,2.65,0.07,1981ApJ...247.1052S,12
* zet Cyg,4941,2.0,0.1,1982MNRAS.201..807G,13
* zet Cyg,4910,2.41,-0.04,2007A&A...468..679S,14
* zet Cyg,4900,2.0,-0.17,1990AJ.....99.1961F,15
* zet Cyg,5027,2.66,-0.08,2016A&A...587A...2B,16
* zet Cyg,4962,1.9,0.1,2014AJ....147..137L,17
* zet Cyg,4925,2.39,-0.23,2011A&A...531A.165P,18
* zet Cyg,4950,2.7,0.05,1999ApJ...523..739C,19
* zet Cyg,4990,2.87,-0.11,1990ApJS...74.1075M,20
* zet Cyg,4900,2.0,-0.17,1990AJ.....99.1961F,21
* zet Cyg,4941,2.0,0.1,1982MNRAS.201..807G,22
* zet Cyg,4941,2.65,0.07,1981ApJ...247.1052S,23
* zet Cyg,,,0.0,2008A&A...480...91S,24
* zet Cyg,4914,2.42,-0.04,2007MNRAS.374..664C,25
* zet Cyg,4946,2.52,-0.02,2008A&A...480...91S,26
* zet Cyg,4990,2.87,-0.11,1990ApJS...74.1075M,27
* zet Cyg,4900,2.0,-0.17,1990AJ.....99.1961F,28
* zet Cyg,4941,2.0,0.1,1982MNRAS.201..807G,29
* zet Cyg,4941,2.65,0.07,1981ApJ...247.1052S,30
* zet Cyg,4893,2.8,-0.1,1977A&A....54..465P,31
* zet Cyg,5143,,-0.1,1969ApJ...158..599C,32
* zet Dor,6158,4.43,-0.18,2022A&A...663A...4S,1
* zet Dor,6404,4.94,-0.029,2019A&A...629A..80H,2
* zet Dor,6147,4.44,-0.17,2019MNRAS.487.3162C,3
* zet Dor,6155,4.39,-0.11,2018AJ....155..111L,4
* zet Dor,6147,4.44,-0.17,2018A&A...614A..55A,5
* zet Dor,6246,4.28,,2003AJ....125.1598L,6
* zet Dor,6222,4.4,-0.23,1984A&A...136...65A,7
* zet Dor,6206,,,2011A&A...530A.138C,8
* zet Dor,6158,,,2012A&A...542A.116A,9
* zet Dor,6069,4.45,-0.25,2004A&A...420..183A,10
* zet Dor,6220,4.46,-0.15,2016A&A...587A...2B,11
* zet Dor,6250,4.54,,2014MNRAS.442..220F,12
* zet Dor,6147,4.44,-0.17,2013ApJ...764...78R,13
* zet Dor,6147,4.44,-0.17,2012ApJ...756...46R,14
* zet Dor,6069,4.45,7.35,2004A&A...420..183A,15
* zet Dor,,,-0.15,2012A&A...541A..40M,16
* zet Dor,6222,4.4,-0.23,1984A&A...136...65A,17
* zet Dor,6222,4.4,-0.23,1984A&A...136...65A,18
* zet Dra,13000,3.5,,2023MNRAS.519.5472M,1
* zet Dra,14897,4.16,0.0,2021MNRAS.505.4496G,2
* zet Dra,14035,3.57,0.22,2023ApJS..266...41P,3
* zet Dra,13430,,,1995A&AS..110..553S,4
* zet Dra,13420,,,2009A&A...501..297Z,5
* zet Dra,12900,3.9,-0.95,1993A&A...274..335S,6
* zet Dra,12500,3.5,-0.11,2011A&A...531A.165P,7
* zet Dra,14035,3.57,0.22,2012A&A...538A.143K,8
* zet Dra,13397,4.24,-0.95,2007MNRAS.374..664C,9
* zet Dra,12900,3.9,-0.95,1993A&A...274..335S,10
* zet Eri,7680,3.94,,2003AJ....125.1598L,1
* zet Eri,7572,,,2006A&A...450..735M,2
* zet Gem,5352,1.1,0.01,2023A&A...678A.195D,1
* zet Gem,5347,1.1,0.01,2023A&A...678A.195D,2
* zet Gem,5300,1.1,0.01,2023A&A...678A.195D,3
* zet Gem,5243,1.0,0.01,2023A&A...678A.195D,4
* zet Gem,5306,0.9,0.01,2023A&A...678A.195D,5
* zet Gem,5486,1.0,0.01,2023A&A...678A.195D,6
* zet Gem,5468,0.9,0.01,2023A&A...678A.195D,7
* zet Gem,5628,1.0,0.01,2023A&A...678A.195D,8
* zet Gem,5623,0.9,0.01,2023A&A...678A.195D,9
* zet Gem,5794,1.1,0.01,2023A&A...678A.195D,10
* zet Gem,5609,1.2,0.01,2023A&A...678A.195D,11
* zet Gem,5467,1.5,0.01,2023A&A...678A.195D,12
* zet Gem,5481,1.3,0.01,2023A&A...678A.195D,13
* zet Gem,5272,1.1,0.01,2023A&A...678A.195D,14
* zet Gem,5275,1.1,0.01,2023A&A...678A.195D,15
* zet Gem,5254,1.0,0.01,2023A&A...678A.195D,16
* zet Gem,5605,1.1,0.01,2023A&A...678A.195D,17
* zet Gem,5618,1.1,0.01,2023A&A...678A.195D,18
* zet Gem,5613,1.1,0.01,2023A&A...678A.195D,19
* zet Gem,5619,1.1,0.01,2023A&A...678A.195D,20
* zet Gem,5614,1.1,0.01,2023A&A...678A.195D,21
* zet Gem,5795,1.2,0.01,2023A&A...678A.195D,22
* zet Gem,5223,1.0,0.01,2023A&A...678A.195D,23
* zet Gem,5318,1.0,0.01,2023A&A...678A.195D,24
* zet Gem,5326,1.0,0.01,2023A&A...678A.195D,25
* zet Gem,5333,1.0,0.01,2023A&A...678A.195D,26
* zet Gem,5338,1.1,0.01,2023A&A...678A.195D,27
* zet Gem,5331,1.0,0.01,2023A&A...678A.195D,28
* zet Gem,5328,1.0,0.01,2023A&A...678A.195D,29
* zet Gem,5327,1.0,0.01,2023A&A...678A.195D,30
* zet Gem,5332,0.8,0.01,2023A&A...678A.195D,31
* zet Gem,5339,1.0,0.01,2023A&A...678A.195D,32
* zet Gem,5337,1.0,0.01,2023A&A...678A.195D,33
* zet Gem,5329,1.0,0.01,2023A&A...678A.195D,34
* zet Gem,5586,1.2,0.01,2023A&A...678A.195D,35
* zet Gem,5635,1.2,0.01,2023A&A...678A.195D,36
* zet Gem,5311,1.1,0.01,2023A&A...678A.195D,37
* zet Gem,5425,1.0,0.01,2023A&A...678A.195D,38
* zet Gem,5656,1.2,0.01,2023A&A...678A.195D,39
* zet Gem,5647,1.2,0.01,2023A&A...678A.195D,40
* zet Gem,5643,1.1,0.01,2023A&A...678A.195D,41
* zet Gem,5544,1.3,0.01,2023A&A...678A.195D,42
* zet Gem,5332,1.1,0.01,2023A&A...678A.195D,43
* zet Gem,5337,1.1,0.01,2023A&A...678A.195D,44
* zet Gem,5243,1.1,0.01,2023A&A...678A.195D,45
* zet Gem,5210,1.2,0.01,2023A&A...678A.195D,46
* zet Gem,5369,0.9,0.01,2023A&A...678A.195D,47
* zet Gem,5358,1.0,0.01,2023A&A...678A.195D,48
* zet Gem,5375,1.1,0.01,2023A&A...678A.195D,49
* zet Gem,5544,1.1,0.01,2023A&A...678A.195D,50
* zet Gem,5693,1.2,0.01,2023A&A...678A.195D,51
* zet Gem,5843,1.3,0.01,2023A&A...678A.195D,52
* zet Gem,5822,1.3,0.01,2023A&A...678A.195D,53
* zet Gem,5796,1.2,0.01,2023A&A...678A.195D,54
* zet Gem,5824,1.4,0.01,2023A&A...678A.195D,55
* zet Gem,5742,1.2,0.01,2023A&A...678A.195D,56
* zet Gem,5727,1.2,0.01,2023A&A...678A.195D,57
* zet Gem,5669,1.1,0.01,2023A&A...678A.195D,58
* zet Gem,5676,1.2,0.01,2023A&A...678A.195D,59
* zet Gem,5530,1.3,0.01,2023A&A...678A.195D,60
* zet Gem,5542,1.2,0.01,2023A&A...678A.195D,61
* zet Gem,5384,1.2,0.01,2023A&A...678A.195D,62
* zet Gem,5336,0.9,0.01,2023A&A...678A.195D,63
* zet Gem,5239,1.0,0.01,2023A&A...678A.195D,64
* zet Gem,5266,1.0,0.01,2023A&A...678A.195D,65
* zet Gem,5605,1.0,0.01,2023A&A...678A.195D,66
* zet Gem,5744,1.2,0.01,2023A&A...678A.195D,67
* zet Gem,5694,1.1,0.01,2023A&A...678A.195D,68
* zet Gem,5338,0.9,0.01,2023A&A...678A.195D,69
* zet Gem,5708,1.2,0.01,2023A&A...678A.195D,70
* zet Gem,5446,1.0,0.01,2023A&A...678A.195D,71
* zet Gem,5774,1.2,0.01,2023A&A...678A.195D,72
* zet Gem,5792,1.2,0.01,2023A&A...678A.195D,73
* zet Gem,5340,1.1,0.01,2023A&A...678A.195D,74
* zet Gem,5616,1.0,0.01,2023A&A...678A.195D,75
* zet Gem,5746,1.1,0.01,2023A&A...678A.195D,76
* zet Gem,5404,1.4,0.01,2023A&A...678A.195D,77
* zet Gem,5432,1.1,0.01,2023A&A...678A.195D,78
* zet Gem,5427,1.4,0.01,2023A&A...678A.195D,79
* zet Gem,5254,0.9,0.01,2023A&A...678A.195D,80
* zet Gem,5534,1.1,0.01,2023A&A...678A.195D,81
* zet Gem,5540,1.4,0.01,2023A&A...678A.195D,82
* zet Gem,5561,1.2,0.01,2023A&A...678A.195D,83
* zet Gem,5247,1.0,0.01,2023A&A...678A.195D,84
* zet Gem,5263,1.0,0.01,2023A&A...678A.195D,85
* zet Gem,5222,1.1,0.01,2023A&A...678A.195D,86
* zet Gem,5286,1.1,0.01,2023A&A...678A.195D,87
* zet Gem,5289,1.1,0.01,2023A&A...678A.195D,88
* zet Gem,5288,1.2,0.01,2023A&A...678A.195D,89
* zet Gem,5428,1.2,0.01,2023A&A...678A.195D,90
* zet Gem,5429,1.2,0.01,2023A&A...678A.195D,91
* zet Gem,5422,1.2,0.01,2023A&A...678A.195D,92
* zet Gem,5613,1.2,0.01,2023A&A...678A.195D,93
* zet Gem,5626,1.1,0.01,2023A&A...678A.195D,94
* zet Gem,5620,1.2,0.01,2023A&A...678A.195D,95
* zet Gem,5770,1.3,0.01,2023A&A...678A.195D,96
* zet Gem,5765,1.3,0.01,2023A&A...678A.195D,97
* zet Gem,5750,1.3,0.01,2023A&A...678A.195D,98
* zet Gem,5816,1.4,0.01,2023A&A...678A.195D,99
* zet Gem,5813,1.3,0.01,2023A&A...678A.195D,100
* zet Gem,5637,1.2,0.01,2023A&A...678A.195D,101
* zet Gem,5617,1.2,0.01,2023A&A...678A.195D,102
* zet Gem,5503,1.3,0.01,2023A&A...678A.195D,103
* zet Gem,5209,1.1,0.01,2023A&A...678A.195D,104
* zet Gem,5200,1.0,0.01,2023A&A...678A.195D,105
* zet Gem,5210,1.0,0.01,2023A&A...678A.195D,106
* zet Gem,5276,1.1,0.01,2023A&A...678A.195D,107
* zet Gem,5272,1.2,0.01,2023A&A...678A.195D,108
* zet Gem,5270,1.2,0.01,2023A&A...678A.195D,109
* zet Gem,5586,1.1,0.01,2023A&A...678A.195D,110
* zet Gem,5585,1.2,0.01,2023A&A...678A.195D,111
* zet Gem,5598,1.2,0.01,2023A&A...678A.195D,112
* zet Gem,5819,1.4,0.01,2023A&A...678A.195D,113
* zet Gem,5828,1.4,0.01,2023A&A...678A.195D,114
* zet Gem,5812,1.4,0.01,2023A&A...678A.195D,115
* zet Gem,5836,1.4,0.01,2023A&A...678A.195D,116
* zet Gem,5818,1.3,0.01,2023A&A...678A.195D,117
* zet Gem,5339,1.3,0.01,2023A&A...678A.195D,118
* zet Gem,5304,1.1,0.01,2023A&A...678A.195D,119
* zet Gem,5322,1.1,0.01,2023A&A...678A.195D,120
* zet Gem,5213,1.0,0.01,2023A&A...678A.195D,121
* zet Gem,5216,1.0,0.01,2023A&A...678A.195D,122
* zet Gem,5254,1.1,0.01,2023A&A...678A.195D,123
* zet Gem,5252,1.1,0.01,2023A&A...678A.195D,124
* zet Gem,5267,1.0,0.01,2023A&A...678A.195D,125
* zet Gem,5775,1.05,0.47,2021MNRAS.505.4496G,126
* zet Gem,5701,1.32,0.12,2023ApJS..266...41P,127
* zet Gem,5569,1.79,0.17,2022A&A...663A...4S,128
* zet Gem,5480,3.41,-0.1,2020A&A...640A..92M,129
* zet Gem,5834,1.05,0.2,2019A&A...627A.138A,130
* zet Gem,5727,1.9,0.33,1981ApJ...245.1018L,131
* zet Gem,5727,1.5,0.49,1981ApJ...245.1018L,132
* zet Gem,5727,1.5,0.21,1981ApJ...245.1018L,133
* zet Gem,5450,1.9,0.16,1998A&A...338..623M,134
* zet Gem,,,0.04,2013MNRAS.432..769T,135
* zet Gem,5602,2.09,7.6,2011AJ....142..136L,136
* zet Gem,5657,1.12,0.09,2011A&A...531A.165P,137
* zet Gem,5701,1.32,0.12,2012A&A...538A.143K,138
* zet Gem,5450,1.9,0.16,1998A&A...338..623M,139
* zet Gem,5727,1.9,0.33,1981ApJ...245.1018L,140
* zet Gem,5727,1.5,0.21,1981ApJ...245.1018L,141
* zet Gem,5727,1.5,0.21,1981ApJ...245.1018L,142
* zet Gem,5727,1.9,0.33,1981ApJ...245.1018L,143
* zet Gem,5727,1.5,0.49,1981ApJ...245.1018L,144
* zet Gru,4865,2.759,-0.308,2022A&A...657A..87O,1
* zet Her,5759,3.69,0.02,2025A&A...698A..93J,1
* zet Her,5760,3.72,0.03,2024A&A...682A.145S,2
* zet Her,5759,3.78,0.03,2022A&A...663A...4S,3
* zet Her,5759,3.69,0.02,2017AJ....153...21L,4
* zet Her,5850,3.8,0.01,2003ARep...47..422M,5
* zet Her,5827,3.79,0.098,2010MNRAS.403.1368G,6
* zet Her,5825,4.02,0.01,2006AJ....131.3069L,7
* zet Her,5825,4.02,0.01,2005AJ....129.1063L,8
* zet Her,5825,3.8,0.0,2000ApJ...530..939C,9
* zet Her,5825,3.78,0.05,1995A&A...299..809C,10
* zet Her,5814,3.72,-0.03,2000Priv.C........F,11
* zet Her,5793,,0.07,1963ApJ...138...97H,12
* zet Her,5750,3.8,0.15,1998A&A...338..623M,13
* zet Her,5740,3.7,-0.07,1990ApJS...74.1075M,14
* zet Her,5698,3.65,-0.02,2007A&A...465..271R,15
* zet Her,5695,,,2013ApJ...771...40B,16
* zet Her,5656,,,2013ApJ...771...40B,17
* zet Her,5655,3.67,-0.01,2004A&A...420..183A,18
* zet Her,5552,,,2013ApJ...771...40B,19
* zet Her,4941,,0.26,1966AnAp...29..593H,20
* zet Her,5791,3.82,0.06,2016A&A...587A...2B,21
* zet Her,5792,3.79,0.03,2016A&A...587A...2B,22
* zet Her,5759,3.8,0.11,2016A&A...587A...2B,23
* zet Her,5766,3.71,0.02,2013ApJ...764...78R,24
* zet Her,5766,3.71,0.02,2012ApJ...756...46R,25
* zet Her,5655,3.67,7.62,2004A&A...420..183A,26
* zet Her,5758,3.77,0.04,2011AJ....141...90L,27
* zet Her,5758,3.82,0.12,2011AJ....141...90L,28
* zet Her,5758,3.79,-0.01,2011AJ....141...90L,29
* zet Her,5814,3.72,-0.03,2000Priv.C........F,30
* zet Her,5825,3.8,0.0,2000ApJ...530..939C,31
* zet Her,5750,3.8,0.15,1998A&A...338..623M,32
* zet Her,5825,3.78,0.05,1995A&A...299..809C,33
* zet Her,5740,3.7,-0.07,1990ApJS...74.1075M,34
* zet Her,5825,3.78,0.05,1995A&A...299..809C,35
* zet Her,5740,3.7,-0.07,1990ApJS...74.1075M,36
* zet Her,5663,3.8,-0.19,1972AcA....22..141G,37
* zet Her,4941,,0.26,1966AnAp...29..593H,38
* zet Her,5793,,0.07,1963ApJ...138...97H,39
* zet Hor,6702,,,2011A&A...530A.138C,1
* zet Hya,4836,2.49,-0.05,2024A&A...682A.145S,1
* zet Hya,4856,2.48,-0.05,2022A&A...663A...4S,2
* zet Hya,4873,2.62,-0.07,2022A&A...666A.125F,3
* zet Hya,4819,2.6,-0.21,2008AJ....135..209M,4
* zet Hya,4873,2.62,-0.07,2019A&A...625A.141L,5
* zet Hya,4873,2.62,-0.1,2017A&A...598A.100J,6
* zet Hya,5049,2.88,0.01,2015A&A...580A..24D,7
* zet Hya,4900,2.2,-0.21,1990AJ.....99.1961F,8
* zet Hya,4860,2.78,-0.21,1990ApJS...74.1075M,9
* zet Hya,4850,2.5,0.38,1995AJ....110.2425L,10
* zet Hya,4840,2.55,-0.16,2007A&A...475.1003H,11
* zet Hya,4817,,,2005ApJ...626..446R,12
* zet Hya,4800,,,1999A&AS..139..335A,13
* zet Hya,4741,,,2009A&A...497..497G,14
* zet Hya,4460,,-0.12,1971JRASC..65..222B,15
* zet Hya,4935,2.68,-0.14,2016A&A...587A...2B,16
* zet Hya,4844,2.3,-0.11,2014ApJ...785...94L,17
* zet Hya,4869,2.29,0.04,2014AJ....147..137L,18
* zet Hya,4850,2.5,0.38,1995AJ....110.2425L,19
* zet Hya,4860,2.78,-0.21,1990ApJS...74.1075M,20
* zet Hya,4900,2.2,-0.21,1990AJ.....99.1961F,21
* zet Hya,,,0.14,2008A&A...480...91S,22
* zet Hya,4831,2.49,-0.01,2008A&A...480...91S,23
* zet Hya,4850,2.5,0.38,1995AJ....110.2425L,24
* zet Hya,4860,2.78,-0.21,1990ApJS...74.1075M,25
* zet Hya,4900,2.2,-0.21,1990AJ.....99.1961F,26
* zet Hya,4460,,-0.12,1971JRASC..65..222B,27
* zet Leo,6792,3.0,,2008AJ....135..209M,1
* zet Leo,7074,3.12,0.11,2014ApJ...791...58A,2
* zet Leo,7074,3.12,0.11,2014ApJ...791...58A,3
* zet Leo,6953,2.91,,2014ApJ...791...58A,4
* zet Leo,7194,3.12,0.77,2014ApJ...791...58A,5
* zet Lep,8313,4.0027,-0.7842,2024A&A...681A.107R,1
* zet Lep,8337,4.03,,2003AJ....125.1598L,2
* zet Lep,9080,,,1995A&AS..110..553S,3
* zet Lep,8472,,,2012A&A...537A.120Z,4
* zet Lup,5145,3.02,0.03,2024A&A...683A.125P,1
* zet Lup,5058,3.01,0.0,2022A&A...663A...4S,2
* zet Lup,5114,2.93,0.022,2022A&A...657A..87O,3
* zet Lup,4990,,,2015MNRAS.448.2749A,4
* zet Lup,5126,3.01,0.0,2015MNRAS.448.2749A,5
* zet Lup,5156,3.07,0.02,2015MNRAS.448.2749A,6
* zet Lup,5101,2.92,0.09,2015MNRAS.448.2749A,7
* zet Lup,5040,,-0.1,2020A&A...633A..34C,8
* zet Lup,5004,2.72,,2003AJ....125.1598L,9
* zet Lup,5126,3.01,0.0,2015MNRAS.448.2749A,10
* zet Lup,5058,,,1998A&AS..129..505B,11
* zet Lup,4990,,,1998A&A...339..858D,12
* zet Mon,5274,1.76,0.11,2022A&A...663A...4S,1
* zet Mon,5210,1.75,6.6,2019MNRAS.489.1533L,2
* zet Mon,5210,1.75,0.01,2010MNRAS.402.1369L,3
* zet Mon,5290,1.78,0.13,2014AJ....147..137L,4
* zet Oph,30700,3.3,,2024A&A...687A.228D,1
* zet Oph,32000,3.66,,2022A&A...665A.150H,2
* zet Oph,32000,3.85,,2004A&A...415..349R,3
* zet Oph,29242,4.0,,2001A&A...378..861C,4
* zet Oph,27000,4.0,,2006MNRAS.371..252L,5
* zet Pav,4693,2.15,-0.44,2024A&A...690A..97C,1
* zet Pav,4514,1.973,-0.44,2024A&A...683A.125P,2
* zet Pav,4680,,-0.4,2020A&A...633A..34C,3
* zet Per,23500,2.96,,2024A&A...687A.228D,1
* zet Per,23000,3.5,,2024ApJ...971..166M,2
* zet Per,22040,,,2009A&A...501..297Z,3
* zet Phe,8000,4.5,,2020AJ....160...83S,1
* zet Phe,13032,,,2012A&A...537A.120Z,2
* zet Pup,45000,3.0,,2024ApJ...971..166M,1
* zet Pup,36630,2.567,0.492,2023ApJS..266...11B,2
* zet Pup,40000,3.64,,2012A&A...544A..67B,3
* zet Pup,39000,3.59,,2004A&A...415..349R,4
* zet Pup,37250,,,2009A&A...501..297Z,5
* zet Sgr,8799,3.9,,2003AJ....125.1598L,1
* zet Sgr,8670,,,2012A&A...537A.120Z,2
* zet Tau,21132,3.24,0.05,2023ApJS..266...41P,1
* zet Tau,21478,4.22,,2001A&A...378..861C,2
* zet Tau,21135,,,1999A&A...349..151M,3
* zet Tau,21132,3.24,0.05,2012A&A...538A.143K,4
* zet Tel,4785,2.74,-0.19,2022A&A...663A...4S,1
* zet Tel,4824,2.84,-0.126,2022A&A...657A..87O,2
* zet Tel,4720,2.71,-0.2,2015MNRAS.448.2749A,3
* zet Tel,4801,2.78,-0.19,2015MNRAS.448.2749A,4
* zet Tel,4821,2.84,-0.19,2015MNRAS.448.2749A,5
* zet Tel,4782,2.94,-0.13,2015MNRAS.448.2749A,6
* zet Tel,4970,,-0.3,2020A&A...633A..34C,7
* zet Tel,4801,2.78,-0.19,2015MNRAS.448.2749A,8
* zet Tel,4720,2.71,-0.2,2007MNRAS.382..553L,9
* zet TrA,6178,4.566,-0.05,2024A&A...683A.125P,1
* zet TrA,6040,4.45,-0.12,2022A&A...663A...4S,2
* zet TrA,6051,4.43,-0.09,2018AJ....155..111L,3
* zet TrA,6107,4.44,,2003AJ....125.1598L,4
* zet TrA,6105,,,2011A&A...530A.138C,5
* zet TrA,6090,4.45,-0.06,2003A&A...410..527B,6
* zet TrA,6072,4.5,-0.15,1988A&A...206..100A,7
* zet TrA,6000,4.5,-0.23,1986A&A...166..195R,8
* zet TrA,5987,4.46,-0.17,2004A&A...420..183A,9
* zet TrA,5963,4.45,-0.16,2007A&A...465..271R,10
* zet TrA,6090,4.48,-0.05,2016A&A...587A...2B,11
* zet TrA,6143,4.5,-0.01,2016A&A...586A..49B,12
* zet TrA,6143,4.5,-0.01,2015A&A...577A...9B,13
* zet TrA,6143,4.49,-0.01,2014A&A...562A..71B,14
* zet TrA,6030,4.43,-0.08,2013ApJ...764...78R,15
* zet TrA,6030,4.43,-0.08,2012ApJ...756...46R,16
* zet TrA,5987,4.46,7.42,2004A&A...420..183A,17
* zet TrA,6072,4.5,-0.15,1988A&A...206..100A,18
* zet TrA,6000,4.5,-0.23,1986A&A...166..195R,19
* zet TrA,6072,4.5,-0.15,1988A&A...206..100A,20
* zet TrA,6000,4.5,-0.23,1986A&A...166..195R,21
* zet Tuc,6019,4.523,-0.19,2024A&A...683A.125P,1
* zet Tuc,5865,3.951,-0.458,2023ApJS..266...11B,2
* zet Tuc,5932,4.43,-0.21,2022A&A...663A...4S,3
* zet Tuc,5977,-1.7095,-0.18,2014A&A...566A..66G,4
* zet Tuc,5977,4.42,-0.18,2021A&A...655A..99D,5
* zet Tuc,5946,4.44,-0.2,2020A&A...639A..35H,6
* zet Tuc,5971,4.477,-0.203,2020A&A...639A.127C,7
* zet Tuc,5977,4.42,-0.18,2020A&A...634A.136C,8
* zet Tuc,5962,4.5,-0.17,2019A&A...629A..80H,9
* zet Tuc,5900,4.26,-0.15,2019MNRAS.487.3162C,10
* zet Tuc,5978,4.43,-0.2,2018AJ....155..111L,11
* zet Tuc,5924,4.35,-0.21,2018A&A...614A..55A,12
* zet Tuc,5913,4.242,-0.22,2018A&A...615A..76S,13
* zet Tuc,5901,4.75,-0.49,2018A&A...615A..76S,14
* zet Tuc,5990,4.49,-0.18,2018A&A...614A..84S,15
* zet Tuc,5991,4.41,,2003AJ....125.1598L,16
* zet Tuc,5977,4.51,-0.18,2017A&A...606A..94D,17
* zet Tuc,6009,4.52,-0.26,1994A&A...287..191P,18
* zet Tuc,6000,4.5,-0.18,1986A&A...166..195R,19
* zet Tuc,6000,4.5,-0.1,1981A&A...100...97G,20
* zet Tuc,5999,,,2011A&A...530A.138C,21
* zet Tuc,5977,4.51,-0.18,2008A&A...487..373S,22
* zet Tuc,5970,4.48,-0.07,1999MNRAS.305..693C,23
* zet Tuc,5956,4.39,-0.14,2004A&A...415.1153S,24
* zet Tuc,5948,4.46,-0.22,2005ApJS..159..141V,25
* zet Tuc,5940,4.44,-0.15,2001A&A...373.1019S,26
* zet Tuc,5906,,,1998A&A...339..858D,27
* zet Tuc,5876,4.44,-0.27,2007A&A...465..271R,28
* zet Tuc,5867,,,1998A&AS..129..505B,29
* zet Tuc,5860,4.8,-0.29,1988A&A...206..100A,30
* zet Tuc,5851,4.47,-0.29,2004A&A...420..183A,31
* zet Tuc,5793,4.28,-0.36,1986A&A...160..264F,32
* zet Tuc,5910,4.28,-0.21,2016A&A...587A...2B,33
* zet Tuc,5877,4.25,,2015A&A...579A..20M,34
* zet Tuc,5977,4.51,-0.18,2015A&A...576A..69D,35
* zet Tuc,5932,4.3,-0.19,2015A&A...577A...9B,36
* zet Tuc,5932,4.33,-0.19,2014A&A...562A..71B,37
* zet Tuc,5990,4.49,-0.18,2013A&A...555A.150T,38
* zet Tuc,5947,4.39,-0.22,2013ApJ...764...78R,39
* zet Tuc,5947,4.39,-0.22,2012ApJ...756...46R,40
* zet Tuc,5851,4.47,7.3,2004A&A...420..183A,41
* zet Tuc,5977,4.51,-0.18,2012A&A...545A..32A,42
* zet Tuc,5908,4.26,-0.2,2010ApJ...720.1290G,43
* zet Tuc,5809,4.24,-0.29,2012A&A...541A..40M,44
* zet Tuc,5970,4.48,-0.07,1999MNRAS.305..693C,45
* zet Tuc,6009,4.52,-0.26,1994A&A...287..191P,46
* zet Tuc,5860,4.8,-0.29,1988A&A...206..100A,47
* zet Tuc,6000,4.5,-0.18,1986A&A...166..195R,48
* zet Tuc,5793,4.28,-0.36,1986A&A...160..264F,49
* zet Tuc,6000,4.5,-0.1,1981A&A...100...97G,50
* zet Tuc,5977,4.51,-0.18,2008A&A...487..373S,51
* zet Tuc,6009,4.52,-0.26,1994A&A...287..191P,52
* zet Tuc,5860,4.8,-0.29,1988A&A...206..100A,53
* zet Tuc,6000,4.5,-0.18,1986A&A...166..195R,54
* zet Tuc,5793,4.28,-0.36,1986A&A...160..264F,55
* zet Tuc,6000,4.5,-0.1,1981A&A...100...97G,56
* zet UMa,9330,3.88,,2003AJ....126.2048G,1
* zet Vir,8551,,,2012A&A...537A.120Z,1
* zet Vir,8519,,,1998A&A...339..858D,2
* zet Vir,8413,4.12,-0.11,2003A&A...398.1121E,3
* zet Vir,8413,4.12,-0.0,2003A&A...398.1121E,4
* zet Vir,8380,,,1998A&A...339..858D,5
* zet Vir,8373,,,2012A&A...542A.116A,6
* zet Vir,8296,,,1998A&AS..129..505B,7
* zet Vir,8280,,,1995A&AS..110..553S,8
* zet Vir,8247,,,2012ApJ...746..101B,9
* zet Vir,8097,,,2013ApJ...771...40B,10
* zet Vir,8633,3.77,,2003AJ....126.2048G,11
* zet Vol,4787,2.32,-0.14,2022A&A...663A...4S,1
* zet Vol,4825,2.48,-0.13,2022A&A...657A..87O,2
* zet Vol,4837,2.57,-0.13,2015MNRAS.448.2749A,3
* zet Vol,4896,2.73,-0.1,2015MNRAS.448.2749A,4
* zet Vol,4721,2.43,-0.18,2015MNRAS.448.2749A,5
* zet Vol,4780,,-0.2,2020A&A...633A..34C,6
* zet Vol,4837,2.57,-0.13,2015MNRAS.448.2749A,7
2MASSI J0318540-342129,1097,4.11,,2023ApJ...959...63S,1
2MASSI J0318540-342129,1600,5.0,,2015ApJS..219...33G,2
2MASSI J0415195-093506,728,4.97,,2026A&A...710A.293G,1
2MASSI J0825196+211552,1500,5.0,,2015ApJS..219...33G,1
2MASSI J0859254-194926,1117,4.11,,2023ApJ...959...63S,1
2MASSI J0937347+293142,859,4.7,,2025ApJ...982...79B,1
2MASSI J1300425+191235,2200,,,2010ApJ...723..684B,1
2MASS J06244595-4521548,1760,5.12,,2024ApJ...961..121H,1
2MASS J06244595-4521548,1279,4.18,,2023ApJ...959...63S,2
2MASS J06244595-4521548,1500,5.0,,2015ApJS..219...33G,3
2MASS J06523073+4710348,1600,4.5,,2015ApJS..219...33G,1
2MASS J06523073+4710348,1600,,,2010ApJ...723..684B,2
2MASS J07003664+3157266,2100,,,2010ApJ...723..684B,1
2MASS J08300825+4828482,1400,4.5,,2015ApJS..219...33G,1
2MASS J08354256-0819237,1374,4.32,,2023ApJ...959...63S,1
2MASS J08354256-0819237,1800,5.0,,2015ApJS..219...33G,2
2MASS J08354256-0819237,2200,,,2010ApJ...723..684B,3
2MASS J08575849+5708514,1600,4.5,,2015ApJS..219...33G,1
2MASS J09083803+5032088,1600,5.5,,2015ApJS..219...33G,1
2MASS J09393548-2448279,682,4.75,,2025ApJ...982...79B,1
2MASS J11553952-3727350,2200,,,2010ApJ...723..684B,1
2MASS J14252798-3650229,1760,5.07,,2024ApJ...961..121H,1
2MASS J14252798-3650229,1600,5.0,,2015ApJS..219...33G,2
2MASS J14252798-3650229,2000,,,2010ApJ...723..684B,3
2MASS J14392836+1929149,1812,4.38,,2023ApJ...959...63S,1
2MASS J14392836+1929149,2300,5.5,,2015ApJS..219...33G,2
2MASS J14392836+1929149,2200,,,2010ApJ...723..684B,3
2MASS J15551573-0956055,2200,,,2010ApJ...723..684B,1
2MASS J16241436+0029158,1037,4.89,,2026ApJ..1002..164K,1
2MASS J16241436+0029158,1034,5.5,,2024ApJ...976...82T,2
2MASS J16241436+0029158,1027,4.46,,2024ApJ...976...82T,3
2MASS J16452211-1319516,2100,5.5,,2015ApJS..219...33G,1
2MASS J16452211-1319516,2200,,,2010ApJ...723..684B,2
2MASS J17502484-0016151,1660,5.1,,2024MNRAS.534..695C,1
2MASS J17502484-0016151,1800,4.5,,2015ApJS..219...33G,2
2MASS J18212815+1414010,1600,4.5,,2015ApJS..219...33G,1
2MASS J18212815+1414010,2200,,,2010ApJ...723..684B,2
2MASS J19590564-3338314,762,5.15,,2026ApJ..1002..164K,1
2MASS J19590564-3338314,767,4.73,,2024ApJ...976...82T,2
2MASS J19590564-3338314,781,3.25,,2024ApJ...976...82T,3
2MASSW J1506544+132106,1519,4.2,,2023ApJ...959...63S,1
2MASSW J1506544+132106,1800,5.5,,2015ApJS..219...33G,2
2MASSW J1506544+132106,2200,,,2010ApJ...723..684B,3
2MASSW J1507476-162738,1325,4.32,,2023ApJ...959...63S,1
2MASSW J1507476-162738,1900,5.0,,2015ApJS..219...33G,2
2MASSW J1507476-162738,1600,,,2010ApJ...723..684B,3
2MASSW J1515008+484742,1199,4.13,,2023ApJ...959...63S,1
2MASSW J1515008+484742,1600,5.0,,2015ApJS..219...33G,2
2MASSW J2148162+400359,1292,4.33,,2023ApJ...959...63S,1
2MASSW J2224438-015852,1912,5.47,,2021MNRAS.506.1944B,1
2MASSW J2224438-015852,1600,5.0,,2015ApJS..219...33G,2
2MASSW J2224438-015852,1600,,,2010ApJ...723..684B,3
APMPM J0237-5928,4397,1.03,,2020AJ....160...83S,1
APMPM J0237-5928,4396,1.03,,2013AJ....146..134K,2
APMPM J2330-4737,2700,5.0,,2013A&A...556A..15R,1
BD+01  2447,3549,,-0.2,2024A&A...691A..53S,1
BD+01  2447,3586,4.847,-0.15,2025A&A...696A..62O,2
BD+01  2447,5546,4.46,-0.246,2022AJ....163..152S,3
BD+01  2447,3600,4.8,,2020AJ....159...30H,4
BD+01  2447,3546,4.7967,0.0,2024A&A...683A.125P,5
BD+01  2447,3637,4.76,,2024A&A...687A.205M,6
BD+01  2447,3540,,-0.17,2021MNRAS.508.5148C,7
BD+01  2447,3600,4.79,,2022ApJ...927..122H,8
BD+01  2447,3628,,-0.15,2024A&A...690A..58A,9
BD+01  2447,3500,,-0.13,2024A&A...690A..58A,10
BD+01  2447,3561,,-0.18,2024A&A...690A..58A,11
BD+01  2447,3530,,-0.22,2024A&A...690A..58A,12
BD+01  2447,3549,,-0.2,2024A&A...690A..58A,13
BD+01  2447,3569,,-0.14,2024A&A...690A..58A,14
BD+01  2447,3626,4.676,-0.2488,2022ApJS..259...35A,15
BD+01  2447,3680,4.845,-0.083,2021ApJS..255....8R,16
BD+01  2447,3514,,-0.15,2020ApJ...892...31B,17
BD+01  2447,3943,2.43,,2020A&A...636A..85S,18
BD+01  2447,3578,,-0.39,2021A&A...656A.162M,19
BD+01  2447,3588,5.15,-0.22,2021A&A...656A.162M,20
BD+01  2447,3705,4.9022,-0.24,2020AJ....160..120J,21
BD+01  2447,3549,4.83,-0.14,2020A&A...644A..68M,22
BD+01  2447,3680,,-0.03,2019ApJ...878..134K,23
BD+01  2447,3527,4.8,-0.1,2019ApJ...878..134K,24
BD+01  2447,3528,4.8,-0.09,2019ApJ...878..134K,25
BD+01  2447,3524,4.8,-0.1,2019ApJ...878..134K,26
BD+01  2447,3525,4.8,-0.09,2019ApJ...878..134K,27
BD+01  2447,3526,4.8,-0.1,2019ApJ...878..134K,28
BD+01  2447,3523,4.79,-0.11,2019ApJ...878..134K,29
BD+01  2447,3525,4.79,-0.1,2019ApJ...878..134K,30
BD+01  2447,3527,4.79,-0.11,2019ApJ...878..134K,31
BD+01  2447,3524,4.79,-0.12,2019ApJ...878..134K,32
BD+01  2447,3576,,-0.127,2018MNRAS.475.1960F,33
BD+01  2447,3645,,-0.22,2019A&A...629A..80H,34
BD+01  2447,3579,4.88,-0.09,2019A&A...625A..68S,35
BD+01  2447,3522,4.78,-0.06,2019A&A...627A.161P,36
BD+01  2447,3577,4.72,0.14,2019A&A...627A.161P,37
BD+01  2447,3533,4.77,-0.04,2019A&A...627A.161P,38
BD+01  2447,3500,-1.597,-0.18,2019AJ....157...63K,39
BD+01  2447,3500,5.0,,2018A&A...620A.180R,40
BD+01  2447,3575,4.89,-0.09,2018A&A...615A...6P,41
BD+01  2447,3640,,,2014MNRAS.443.2561G,42
BD+01  2447,3500,5.0,-0.25,2014ApJ...792...37M,43
BD+01  2447,3525,,-0.18,2014ApJ...791...54G,44
BD+01  2447,3514,,-0.19,2015ApJS..220...16T,45
BD+01  2447,3529,,-0.28,2015ApJS..220...16T,46
BD+01  2447,3597,,-0.4,2015ApJS..220...16T,47
BD+01  2447,3460,5.0,,2013AJ....145..102L,48
BD+01  2447,3548,,-0.18,2015ApJ...804...64M,49
BD+01  2447,,,-0.18,2014AJ....147...20N,50
BD+01  2447,3500,5.0,,2013A&A...556A..15R,51
BD+02   348,3671,4.7826,0.0,2024A&A...683A.125P,1
BD+02   348,3950,4.73,,2024A&A...687A.205M,2
BD+02   348,3604,,-0.31,2024A&A...690A..58A,3
BD+02   348,3812,4.84,-0.354,2021ApJS..255....8R,4
BD+02   348,3571,,-0.75,2021A&A...656A.162M,5
BD+02   348,3575,4.86,-0.72,2021A&A...656A.162M,6
BD+02   348,3568,4.81,-0.11,2020A&A...644A..68M,7
BD+02   348,3726,,-0.35,2020A&A...639A..35H,8
BD+02   348,3546,,-0.27,2019ApJ...878..134K,9
BD+02   348,3663,4.81,-0.05,2019A&A...625A..68S,10
BD+02   348,3604,4.73,0.0,2019A&A...627A.161P,11
BD+02   348,3661,4.72,-0.01,2019A&A...627A.161P,12
BD+02   348,3605,4.73,0.0,2019A&A...627A.161P,13
BD+02   348,3700,5.0,,2018A&A...620A.180R,14
BD+02   348,3659,4.81,-0.05,2018A&A...615A...6P,15
BD+02   348,3795,,-0.35,2014MNRAS.443.2561G,16
BD+02   348,3783,,-0.36,2014ApJ...791...54G,17
BD+02   348,3650,5.0,,2013AJ....145..102L,18
BD+02   348,3638,,-0.36,2015ApJ...804...64M,19
BD+02   348,3600,5.0,,2013A&A...556A..15R,20
BD-03  2002,4796,3.76,-0.62,2018A&A...615A..31D,1
BD-03  2002,4133,,-0.07,2014MNRAS.443.2561G,2
BD-03  2002,3807,,,2005ApJ...626..446R,3
BD-03  2002,3772,,,1996A&AS..117..227A,4
BD-03  2002,,,-0.25,2014AJ....147...20N,5
BD-03  2870,5434,5.35,0.109,2022AJ....163..152S,1
BD-03  2870,3592,4.7285,0.0,2024A&A...683A.125P,2
BD-03  2870,3720,4.69,,2024A&A...687A.205M,3
BD-03  2870,3640,,0.08,2021MNRAS.508.5148C,4
BD-03  2870,3700,4.72,,2022ApJ...927..122H,5
BD-03  2870,3672,,0.01,2024A&A...690A..58A,6
BD-03  2870,3746,4.656,-0.0045,2022ApJS..259...35A,7
BD-03  2870,3644,4.72,,2023MNRAS.526.5648C,8
BD-03  2870,3738,4.761,0.19,2021ApJS..255....8R,9
BD-03  2870,3644,4.75,,2022MNRAS.516.3802C,10
BD-03  2870,3619,,0.16,2020ApJ...892...31B,11
BD-03  2870,3714,,-0.12,2021A&A...656A.162M,12
BD-03  2870,3720,4.98,0.0,2021A&A...656A.162M,13
BD-03  2870,3803,4.8355,0.024,2020AJ....160..120J,14
BD-03  2870,3660,4.73,0.02,2020A&A...644A..68M,15
BD-03  2870,3461,,0.02,2019ApJ...878..134K,16
BD-03  2870,3694,,0.156,2018MNRAS.475.1960F,17
BD-03  2870,3606,,0.01,2019A&A...629A..80H,18
BD-03  2870,3610,4.87,-0.13,2019A&A...625A..68S,19
BD-03  2870,3721,4.69,0.31,2019A&A...627A.161P,20
BD-03  2870,3711,4.68,0.51,2019A&A...627A.161P,21
BD-03  2870,3750,4.68,0.37,2019A&A...627A.161P,22
BD-03  2870,3600,5.3,,2018A&A...620A.180R,23
BD-03  2870,3613,4.87,-0.12,2018A&A...615A...6P,24
BD-03  2870,3651,,0.03,2014MNRAS.443.2561G,25
BD-03  2870,3746,,0.11,2014ApJ...791...54G,26
BD-03  2870,3616,,0.17,2015ApJS..220...16T,27
BD-03  2870,3615,,0.06,2015ApJS..220...16T,28
BD-03  2870,3685,,-0.14,2015ApJS..220...16T,29
BD-03  2870,3623,,0.13,2015ApJ...804...64M,30
BD-03  2870,3700,5.0,,2013A&A...556A..15R,31
BD+05  1668,3282,,-0.12,2024A&A...691A..53S,1
BD+05  1668,5547,4.63,-0.043,2022AJ....163..152S,2
BD+05  1668,3300,5.0,,2020AJ....159...30H,3
BD+05  1668,3402,4.88,,2024A&A...687A.205M,4
BD+05  1668,3250,,-0.05,2021MNRAS.508.5148C,5
BD+05  1668,3344,,-0.2,2024A&A...690A..58A,6
BD+05  1668,3244,,-0.03,2024A&A...690A..58A,7
BD+05  1668,3237,,-0.19,2024A&A...690A..58A,8
BD+05  1668,3297,,-0.15,2024A&A...690A..58A,9
BD+05  1668,3282,,-0.12,2024A&A...690A..58A,10
BD+05  1668,3256,,-0.07,2024A&A...690A..58A,11
BD+05  1668,3361,4.665,,2022ApJS..259...35A,12
BD+05  1668,3418,4.946,-0.016,2021ApJS..255....8R,13
BD+05  1668,3427,4.966,,2021A&A...649A.147S,14
BD+05  1668,3382,,-0.19,2021A&A...656A.162M,15
BD+05  1668,3380,4.96,-0.17,2021A&A...656A.162M,16
BD+05  1668,3461,4.776,-0.393,2020AJ....160..120J,17
BD+05  1668,3315,5.03,-0.04,2020A&A...644A..68M,18
BD+05  1668,3323,,-0.062,2018MNRAS.475.1960F,19
BD+05  1668,3277,,-0.03,2019A&A...629A..80H,20
BD+05  1668,3467,5.0,-0.11,2018ApJS..238...29P,21
BD+05  1668,3365,5.01,0.02,2019A&A...625A..68S,22
BD+05  1668,3306,4.86,0.01,2019A&A...627A.161P,23
BD+05  1668,3344,4.82,0.09,2019A&A...627A.161P,24
BD+05  1668,3320,4.85,0.04,2019A&A...627A.161P,25
BD+05  1668,3358,5.01,0.04,2018A&A...615A...6P,26
BD+05  1668,3317,,0.02,2014MNRAS.443.2561G,27
BD+05  1668,3467,,-0.11,2014ApJ...791...54G,28
BD+05  1668,3280,5.0,,2013AJ....145..102L,29
BD+05  1668,3317,,-0.11,2015ApJ...804...64M,30
BD+05  1668,,,-0.04,2014AJ....147...20N,31
BD+05  1668,3293,,-0.17,2012ApJ...748...93R,32
BD+05  3409,3778,4.7017,0.0,2024A&A...683A.125P,1
BD+05  3409,3941,4.68,,2024A&A...687A.205M,2
BD+05  3409,3761,,-0.22,2021MNRAS.508.5148C,3
BD+05  3409,3900,4.69,,2022ApJ...927..122H,4
BD+05  3409,3704,,-0.05,2024A&A...690A..58A,5
BD+05  3409,3741,4.828,-0.14,2021ApJS..255....8R,6
BD+05  3409,3837,,-0.39,2021A&A...656A.162M,7
BD+05  3409,3821,4.93,-0.35,2021A&A...656A.162M,8
BD+05  3409,3831,4.7,-0.11,2020A&A...644A..68M,9
BD+05  3409,3599,,-0.12,2019ApJ...878..134K,10
BD+05  3409,3812,4.91,-0.1,2019ApJ...878..134K,11
BD+05  3409,3836,4.95,-0.01,2019ApJ...878..134K,12
BD+05  3409,3791,,-0.147,2019A&A...629A..80H,13
BD+05  3409,3812,4.77,-0.15,2019A&A...625A..68S,14
BD+05  3409,3839,4.64,0.15,2019A&A...627A.161P,15
BD+05  3409,3797,4.64,0.21,2019A&A...627A.161P,16
BD+05  3409,3821,4.65,0.13,2019A&A...627A.161P,17
BD+05  3409,3800,5.3,,2018A&A...620A.180R,18
BD+05  3409,3804,4.77,-0.14,2018A&A...615A...6P,19
BD+05  3409,3770,,,2014MNRAS.443.2561G,20
BD+05  3409,3740,,,2005ApJ...626..446R,21
BD+05  3409,3708,,,1996A&AS..117..227A,22
BD+05  3409,3640,4.5,,2013AJ....145..102L,23
BD+05  3409,3675,,-0.09,2015ApJ...804...64M,24
BD-05  5715,3486,,0.16,2024A&A...691A..53S,1
BD-05  5715,,,0.41,2025ApJS..276...47G,2
BD-05  5715,,,0.36,2025ApJS..276...47G,3
BD-05  5715,3407,4.7692,0.0,2024A&A...683A.125P,4
BD-05  5715,3536,4.75,,2024A&A...687A.205M,5
BD-05  5715,3443,,0.2,2021MNRAS.508.5148C,6
BD-05  5715,3471,,0.2,2024A&A...690A..58A,7
BD-05  5715,3486,,0.16,2024A&A...690A..58A,8
BD-05  5715,3516,,0.19,2024A&A...690A..58A,9
BD-05  5715,3514,4.78,,2023MNRAS.526.5648C,10
BD-05  5715,3562,4.791,0.396,2021ApJS..255....8R,11
BD-05  5715,3502,4.88,,2022MNRAS.516.3802C,12
BD-05  5715,5228,4.36,-0.137,2020ApJ...898..119R,13
BD-05  5715,3531,,-0.04,2021A&A...656A.162M,14
BD-05  5715,3540,4.81,-0.02,2021A&A...656A.162M,15
BD-05  5715,3476,4.77,0.17,2020A&A...644A..68M,16
BD-05  5715,3206,5.48,,2020AJ....160...83S,17
BD-05  5715,3144,,0.22,2019ApJ...878..134K,18
BD-05  5715,3292,4.61,-0.05,2019ApJ...878..134K,19
BD-05  5715,3393,4.85,0.23,2019ApJ...878..134K,20
BD-05  5715,3366,4.75,0.15,2019ApJ...878..134K,21
BD-05  5715,3389,4.82,0.21,2019ApJ...878..134K,22
BD-05  5715,3380,4.79,0.18,2019ApJ...878..134K,23
BD-05  5715,3490,,0.221,2018MNRAS.475.1960F,24
BD-05  5715,3467,4.94,-0.02,2019A&A...625A..68S,25
BD-05  5715,3414,4.82,0.05,2019A&A...627A.161P,26
BD-05  5715,3633,4.68,0.54,2019A&A...627A.161P,27
BD-05  5715,3427,4.8,0.09,2019A&A...627A.161P,28
BD-05  5715,3400,5.1,,2018A&A...620A.180R,29
BD-05  5715,3454,4.96,-0.01,2018A&A...615A...6P,30
BD-05  5715,3551,,0.25,2014MNRAS.443.2561G,31
BD-05  5715,3590,,0.35,2014ApJ...791...54G,32
BD-05  5715,3477,,0.5,2015ApJS..220...16T,33
BD-05  5715,3584,,0.18,2015ApJS..220...16T,34
BD-05  5715,3362,,0.21,2015ApJS..220...16T,35
BD-05  5715,3530,,0.37,2015ApJ...804...64M,36
BD-05  5715,3121,4.8,0.24,2013A&A...556A.150S,37
BD-05  5715,3601,,0.31,2012ApJ...748...93R,38
BD-07  4003,3367,,-0.25,2024A&A...691A..53S,1
BD-07  4003,,,-0.151,2025A&A...698A.289O,2
BD-07  4003,3450,5.0,,2020AJ....159...30H,3
BD-07  4003,5900,4.9,0.15,2024A&A...683A.125P,4
BD-07  4003,3416,4.83,,2024A&A...687A.205M,5
BD-07  4003,3446,,-0.31,2021MNRAS.508.5148C,6
BD-07  4003,3450,4.89,,2022ApJ...927..122H,7
BD-07  4003,3468,,-0.17,2024A&A...690A..58A,8
BD-07  4003,3426,,-0.2,2024A&A...690A..58A,9
BD-07  4003,3367,,-0.25,2024A&A...690A..58A,10
BD-07  4003,3344,,-0.2,2024A&A...690A..58A,11
BD-07  4003,3423,4.75,,2023MNRAS.526.5648C,12
BD-07  4003,4245,4.6157,-0.458,2023A&A...671A..61N,13
BD-07  4003,4146,4.6172,-0.568,2023A&A...671A..61N,14
BD-07  4003,4218,4.5393,-0.543,2023A&A...671A..61N,15
BD-07  4003,4220,4.5331,-0.55,2023A&A...671A..61N,16
BD-07  4003,4217,4.5406,-0.543,2023A&A...671A..61N,17
BD-07  4003,3452,4.71,,2023A&A...676A.129H,18
BD-07  4003,3325,,-0.31,2022A&A...658A.194P,19
BD-07  4003,3535,4.91,-0.08,2022A&A...658A.194P,20
BD-07  4003,3581,4.74,-0.15,2022A&A...658A.194P,21
BD-07  4003,3332,4.63,-0.4,2022A&A...658A.194P,22
BD-07  4003,3383,4.72,-0.27,2022A&A...658A.194P,23
BD-07  4003,3578,4.84,-0.23,2022A&A...658A.194P,24
BD-07  4003,3447,4.76,0.23,2022A&A...658A.194P,25
BD-07  4003,3280,,-0.28,2022A&A...658A.194P,26
BD-07  4003,3404,4.91,0.14,2022A&A...658A.194P,27
BD-07  4003,3385,4.82,0.11,2022A&A...658A.194P,28
BD-07  4003,3404,4.91,-0.05,2022A&A...658A.194P,29
BD-07  4003,3422,4.82,-0.1,2022A&A...658A.194P,30
BD-07  4003,3404,4.91,-0.14,2022A&A...658A.194P,31
BD-07  4003,3390,4.91,-0.17,2022A&A...658A.194P,32
BD-07  4003,3490,4.942,-0.088,2021ApJS..255....8R,33
BD-07  4003,3406,4.82,,2022MNRAS.516.3802C,34
BD-07  4003,5235,4.53,-0.137,2020ApJ...898..119R,35
BD-07  4003,3495,,-0.17,2021A&A...656A.162M,36
BD-07  4003,3500,4.97,-0.14,2021A&A...656A.162M,37
BD-07  4003,3417,4.94,-0.18,2020A&A...644A..68M,38
BD-07  4003,3452,,-0.11,2019ApJ...878..134K,39
BD-07  4003,3401,,-0.139,2018MNRAS.475.1960F,40
BD-07  4003,3209,4.96,0.21,2018ApJS..238...29P,41
BD-07  4003,3441,4.98,-0.08,2019A&A...625A..68S,42
BD-07  4003,3415,4.85,-0.02,2019A&A...627A.161P,43
BD-07  4003,3424,4.83,0.03,2019A&A...627A.161P,44
BD-07  4003,3413,4.85,-0.02,2019A&A...627A.161P,45
BD-07  4003,3400,5.0,,2018A&A...620A.180R,46
BD-07  4003,3430,5.0,-0.09,2018A&A...615A...6P,47
BD-07  4003,3413,,-0.21,2014MNRAS.443.2561G,48
BD-07  4003,3442,,,2012ApJ...757..112B,49
BD-07  4003,3357,,-0.1,2014ApJ...791...54G,50
BD-07  4003,3391,,-0.02,2015ApJS..220...16T,51
BD-07  4003,3670,,-0.02,2015ApJS..220...16T,52
BD-07  4003,3393,,-0.14,2015ApJS..220...16T,53
BD-07  4003,3395,,-0.15,2015ApJ...804...64M,54
BD-07  4003,3209,4.96,0.21,2013A&A...556A.150S,55
BD-07  4003,3534,,-0.1,2012ApJ...748...93R,56
BD-07  4156,3625,4.749,0.0,2024A&A...683A.125P,1
BD-07  4156,3689,4.71,,2024A&A...687A.205M,2
BD-07  4156,3802,,-0.01,2021MNRAS.508.5148C,3
BD-07  4156,3731,,-0.25,2021A&A...656A.162M,4
BD-07  4156,3707,5.05,-0.04,2021A&A...656A.162M,5
BD-07  4156,3662,4.78,-0.15,2020A&A...644A..68M,6
BD-07  4156,3500,,-0.13,2019ApJ...878..134K,7
BD-07  4156,3625,4.89,-0.19,2019A&A...625A..68S,8
BD-07  4156,3695,4.68,0.13,2019A&A...627A.161P,9
BD-07  4156,3695,4.66,0.28,2019A&A...627A.161P,10
BD-07  4156,3696,4.68,0.16,2019A&A...627A.161P,11
BD-07  4156,3500,4.0,,2018A&A...620A.180R,12
BD-07  4156,3644,4.86,-0.15,2018A&A...615A...6P,13
BD-07  4156,3739,,-0.04,2014MNRAS.443.2561G,14
BD+08  4887,3677,4.7579,0.0,2024A&A...683A.125P,1
BD+08  4887,3804,4.71,,2024A&A...687A.205M,2
BD+08  4887,3721,,-0.41,2021A&A...656A.162M,3
BD+08  4887,3722,4.98,-0.3,2021A&A...656A.162M,4
BD+08  4887,3605,,-0.23,2019ApJ...878..134K,5
BD+08  4887,3669,4.86,-0.2,2019A&A...625A..68S,6
BD+08  4887,3715,4.72,0.08,2019A&A...627A.161P,7
BD+08  4887,3675,4.72,0.12,2019A&A...627A.161P,8
BD+08  4887,3695,4.73,0.04,2019A&A...627A.161P,9
BD+08  4887,3600,5.1,,2018A&A...620A.180R,10
BD+08  4887,3660,4.87,-0.22,2018A&A...615A...6P,11
BD+08  4887,3715,,-0.28,2014MNRAS.443.2561G,12
BD+08  4887,3530,4.5,,2013AJ....145..102L,13
BD+09  2636,3800,4.8,,2020AJ....159...30H,1
BD+09  2636,4008,4.67,,2024A&A...687A.205M,2
BD+09  2636,3900,4.67,,2022ApJ...927..122H,3
BD+09  2636,3898,,-0.35,2021A&A...656A.162M,4
BD+09  2636,3896,5.07,-0.15,2021A&A...656A.162M,5
BD+09  2636,3914,4.71,-0.07,2019A&A...625A..68S,6
BD+09  2636,3901,4.65,0.18,2019A&A...627A.161P,7
BD+09  2636,3848,4.65,0.29,2019A&A...627A.161P,8
BD+09  2636,3914,4.65,0.22,2019A&A...627A.161P,9
BD+09  2636,3800,5.5,,2018A&A...620A.180R,10
BD+09  2636,3913,4.71,-0.05,2018A&A...615A...6P,11
BD+09  2636,3909,,,2014MNRAS.443.2561G,12
BD+09  2636,3576,,,1996A&AS..117..227A,13
BD+09  2636,3576,,,2005ApJ...626..446R,14
BD+09  2636,3650,4.5,,2013AJ....145..102L,15
BD+09  2636,3726,,-0.04,2015ApJ...804...64M,16
BD-09  3070,3600,4.8,,2020AJ....159...30H,1
BD-09  3070,3646,4.7158,0.0,2024A&A...683A.125P,2
BD-09  3070,3774,4.7,,2024A&A...687A.205M,3
BD-09  3070,3776,,0.02,2021MNRAS.508.5148C,4
BD-09  3070,3600,4.71,,2022ApJ...927..122H,5
BD-09  3070,4009,4.5129,-0.395,2023A&A...671A..61N,6
BD-09  3070,4022,4.627,-0.357,2023A&A...671A..61N,7
BD-09  3070,3999,4.5614,-0.361,2023A&A...671A..61N,8
BD-09  3070,4078,4.6535,-0.309,2023A&A...671A..61N,9
BD-09  3070,4095,4.6697,-0.288,2023A&A...671A..61N,10
BD-09  3070,4082,4.6214,-0.32,2023A&A...671A..61N,11
BD-09  3070,4080,4.649,-0.309,2023A&A...671A..61N,12
BD-09  3070,3599,4.73,-0.73,2023A&A...676A.129H,13
BD-09  3070,3817,4.751,0.067,2021ApJS..255....8R,14
BD-09  3070,3763,,-0.13,2021A&A...656A.162M,15
BD-09  3070,3759,4.91,-0.02,2021A&A...656A.162M,16
BD-09  3070,3713,4.74,-0.06,2020A&A...644A..68M,17
BD-09  3070,3578,,-0.02,2019ApJ...878..134K,18
BD-09  3070,3780,4.72,0.06,2019A&A...625A..68S,19
BD-09  3070,3600,5.3,,2018A&A...620A.180R,20
BD-09  3070,3761,4.73,0.05,2018A&A...615A...6P,21
BD-09  3070,3708,,-0.06,2014MNRAS.443.2561G,22
BD-09  3070,3800,,-0.02,2014ApJ...791...54G,23
BD-09  3070,3700,,-0.02,2015ApJ...804...64M,24
BD+10  1032,4400,2.0,-0.11,2022A&A...663A...4S,1
BD+10  1032,3647,,-0.04,2014MNRAS.443.2561G,2
BD+11  2576,3711,5.01,-0.49,2021ApJ...908..131Z,1
BD+11  2576,3714,4.76,-0.14,2024A&A...691A..53S,2
BD+11  2576,5484,5.03,-0.039,2022AJ....163..152S,3
BD+11  2576,3700,4.9,,2020AJ....159...30H,4
BD+11  2576,3697,4.735,0.0,2024A&A...683A.125P,5
BD+11  2576,3816,4.7,,2024A&A...687A.205M,6
BD+11  2576,3721,,-0.15,2021MNRAS.508.5148C,7
BD+11  2576,3800,4.73,,2022ApJ...927..122H,8
BD+11  2576,3671,,-0.15,2024A&A...690A..58A,9
BD+11  2576,3789,4.652,-0.2323,2022ApJS..259...35A,10
BD+11  2576,3710,4.72,,2023MNRAS.526.5648C,11
BD+11  2576,4066,4.601,-0.408,2023A&A...671A..61N,12
BD+11  2576,4056,4.5801,-0.405,2023A&A...671A..61N,13
BD+11  2576,4061,4.5493,-0.418,2023A&A...671A..61N,14
BD+11  2576,4100,4.6376,-0.335,2023A&A...671A..61N,15
BD+11  2576,4069,4.6005,-0.374,2023A&A...671A..61N,16
BD+11  2576,4082,4.6402,-0.367,2023A&A...671A..61N,17
BD+11  2576,4104,4.6865,-0.347,2023A&A...671A..61N,18
BD+11  2576,4101,4.6775,-0.334,2023A&A...671A..61N,19
BD+11  2576,4076,4.6199,-0.386,2023A&A...671A..61N,20
BD+11  2576,4076,4.6146,-0.394,2023A&A...671A..61N,21
BD+11  2576,4074,4.5756,-0.403,2023A&A...671A..61N,22
BD+11  2576,4119,4.7108,-0.314,2023A&A...671A..61N,23
BD+11  2576,4077,4.6172,-0.384,2023A&A...671A..61N,24
BD+11  2576,3745,4.67,0.14,2023ApJS..266...41P,25
BD+11  2576,3603,4.7,-0.89,2023A&A...676A.129H,26
BD+11  2576,3837,4.777,-0.114,2021ApJS..255....8R,27
BD+11  2576,3699,4.74,,2022MNRAS.516.3802C,28
BD+11  2576,3671,,-0.12,2020ApJ...892...31B,29
BD+11  2576,3773,,-0.29,2021A&A...656A.162M,30
BD+11  2576,3765,4.95,-0.19,2021A&A...656A.162M,31
BD+11  2576,3730,4.76,-0.14,2020A&A...644A..68M,32
BD+11  2576,3566,,-0.14,2019ApJ...878..134K,33
BD+11  2576,3747,,-0.012,2018MNRAS.475.1960F,34
BD+11  2576,3750,,-0.19,2019A&A...629A..80H,35
BD+11  2576,3714,4.81,-0.15,2019A&A...625A..68S,36
BD+11  2576,3720,4.69,0.07,2019A&A...627A.161P,37
BD+11  2576,3722,4.67,0.18,2019A&A...627A.161P,38
BD+11  2576,3745,4.67,0.14,2019A&A...627A.161P,39
BD+11  2576,3700,5.2,,2018A&A...620A.180R,40
BD+11  2576,3704,4.82,-0.15,2018A&A...615A...6P,41
BD+11  2576,3727,,0.19,2014MNRAS.443.2561G,42
BD+11  2576,3798,,-0.08,2014ApJ...791...54G,43
BD+11  2576,3896,,-0.12,2015ApJS..220...16T,44
BD+11  2576,3988,,-0.15,2015ApJS..220...16T,45
BD+11  2576,3689,,-0.46,2015ApJS..220...16T,46
BD+11  2576,3630,4.5,,2013AJ....145..102L,47
BD+11  2576,3727,,-0.09,2015ApJ...804...64M,48
BD-11  2741,3744,4.7256,0.0,2024A&A...683A.125P,1
BD-11  2741,3957,4.69,,2024A&A...687A.205M,2
BD-11  2741,3608,,-0.08,2021MNRAS.508.5148C,3
BD-11  2741,3790,4.8,-0.86,2016ApJ...822...97H,4
BD-11  2741,3778,,-0.37,2021A&A...656A.162M,5
BD-11  2741,3769,4.84,-0.34,2021A&A...656A.162M,6
BD-11  2741,3616,,-0.19,2019ApJ...878..134K,7
BD-11  2741,3777,4.76,-0.07,2019A&A...625A..68S,8
BD-11  2741,3734,4.68,0.09,2019A&A...627A.161P,9
BD-11  2741,3715,4.68,0.12,2019A&A...627A.161P,10
BD-11  2741,3741,4.68,0.11,2019A&A...627A.161P,11
BD-11  2741,3700,5.5,,2018A&A...620A.180R,12
BD-11  2741,3753,4.77,-0.09,2018A&A...615A...6P,13
BD-11  2741,3915,,-0.35,2014MNRAS.443.2561G,14
BD-11  3759,3347,,-0.18,2024A&A...691A..53S,1
BD-11  3759,3215,4.9093,0.0,2024A&A...683A.125P,2
BD-11  3759,3328,4.88,,2024A&A...687A.205M,3
BD-11  3759,3201,,0.11,2021MNRAS.508.5148C,4
BD-11  3759,3300,4.9,,2022ApJ...927..122H,5
BD-11  3759,3258,,0.13,2024A&A...690A..58A,6
BD-11  3759,3218,4.911,0.168,2021ApJS..255....8R,7
BD-11  3759,5266,4.6,-0.188,2020ApJ...898..119R,8
BD-11  3759,3330,,-0.22,2021A&A...656A.162M,9
BD-11  3759,3347,4.76,-0.26,2021A&A...656A.162M,10
BD-11  3759,3327,4.97,0.1,2020A&A...644A..68M,11
BD-11  3759,3211,,0.112,2018MNRAS.475.1960F,12
BD-11  3759,3100,,0.18,2019A&A...629A..80H,13
BD-11  3759,3337,5.01,0.12,2019A&A...625A..68S,14
BD-11  3759,3266,4.84,0.13,2019A&A...627A.161P,15
BD-11  3759,3364,4.83,0.03,2019A&A...627A.161P,16
BD-11  3759,3275,4.85,0.11,2019A&A...627A.161P,17
BD-11  3759,3200,5.0,,2018A&A...620A.180R,18
BD-11  3759,3325,5.02,0.11,2018A&A...615A...6P,19
BD-11  3759,3211,,0.38,2014MNRAS.443.2561G,20
BD-11  3759,3319,,,2014ApJ...791...54G,21
BD-11  3759,3309,,0.42,2015ApJS..220...16T,22
BD-11  3759,3423,,0.21,2015ApJS..220...16T,23
BD-11  3759,3203,,0.15,2015ApJS..220...16T,24
BD-11  3759,3211,,0.17,2015ApJ...804...64M,25
BD-11  3759,3288,,0.22,2012ApJ...748...93R,26
BD-11   916,3579,4.7652,0.0,2024A&A...683A.125P,1
BD-11   916,3674,4.72,,2024A&A...687A.205M,2
BD-11   916,3594,,0.07,2021MNRAS.508.5148C,3
BD-11   916,3700,4.76,,2022ApJ...927..122H,4
BD-11   916,3725,4.806,-0.012,2021ApJS..255....8R,5
BD-11   916,3682,,-0.25,2021A&A...656A.162M,6
BD-11   916,3666,5.08,-0.08,2021A&A...656A.162M,7
BD-11   916,3610,4.8,-0.15,2020A&A...644A..68M,8
BD-11   916,3523,,-0.13,2019ApJ...878..134K,9
BD-11   916,3747,,-0.025,2018MNRAS.475.1960F,10
BD-11   916,3621,4.85,-0.07,2019A&A...625A..68S,11
BD-11   916,3570,4.78,-0.01,2019A&A...627A.161P,12
BD-11   916,3691,4.7,0.28,2019A&A...627A.161P,13
BD-11   916,3611,4.74,0.1,2019A&A...627A.161P,14
BD-11   916,3500,5.1,,2018A&A...620A.180R,15
BD-11   916,3624,4.84,-0.05,2018A&A...615A...6P,16
BD-11   916,3671,,0.1,2014MNRAS.443.2561G,17
BD-11   916,3743,,-0.04,2014ApJ...791...54G,18
BD-11   916,3671,,-0.04,2015ApJ...804...64M,19
BD-12  4523,3307,,-0.12,2024A&A...691A..53S,1
BD-12  4523,3309,4.9022,0.0,2024A&A...683A.125P,2
BD-12  4523,3381,4.87,,2024A&A...687A.205M,3
BD-12  4523,3354,,-0.25,2021MNRAS.508.5148C,4
BD-12  4523,3300,4.89,,2022ApJ...927..122H,5
BD-12  4523,3357,,-0.1,2024A&A...690A..58A,6
BD-12  4523,3315,,-0.03,2024A&A...690A..58A,7
BD-12  4523,3307,,-0.12,2024A&A...690A..58A,8
BD-12  4523,3362,,-0.06,2024A&A...690A..58A,9
BD-12  4523,3350,4.927,0.059,2021ApJS..255....8R,10
BD-12  4523,5239,4.55,-0.139,2020ApJ...898..119R,11
BD-12  4523,3426,,-0.21,2021A&A...656A.162M,12
BD-12  4523,3426,4.89,-0.22,2021A&A...656A.162M,13
BD-12  4523,3336,4.99,-0.02,2020A&A...644A..68M,14
BD-12  4523,3327,,-0.028,2018MNRAS.475.1960F,15
BD-12  4523,3089,4.314,,2019A&A...629A..80H,16
BD-12  4523,3389,5.0,0.0,2019A&A...625A..68S,17
BD-12  4523,3320,4.75,-0.01,2019A&A...627A.161P,18
BD-12  4523,3353,4.73,0.07,2019A&A...627A.161P,19
BD-12  4523,3325,4.75,0.01,2019A&A...627A.161P,20
BD-12  4523,3400,5.0,,2018A&A...620A.180R,21
BD-12  4523,3378,5.01,0.01,2018A&A...615A...6P,22
BD-12  4523,3210,,0.06,2014MNRAS.443.2561G,23
BD-12  4523,3570,5.1,-0.25,1998MNRAS.299..753Z,24
BD-12  4523,3442,,-0.02,2014ApJ...791...54G,25
BD-12  4523,3272,,-0.03,2015ApJ...804...64M,26
BD-12  4523,3380,,-0.02,2012ApJ...748...93R,27
BD+13  2618,3700,4.8,,2020AJ....159...30H,1
BD+13  2618,3646,4.6831,0.0,2024A&A...683A.125P,2
BD+13  2618,3850,4.68,,2022ApJ...927..122H,3
BD+13  2618,3900,4.5,,2023MNRAS.524.6085K,4
BD+13  2618,3833,4.713,0.247,2021ApJS..255....8R,5
BD+13  2618,5011,4.08,-0.048,2020ApJ...898..119R,6
BD+13  2618,3721,4.7,,2020A&A...644A..68M,7
BD+13  2618,3481,,,2018MNRAS.475.1960F,8
BD+13  2618,3725,,,2014MNRAS.443.2561G,9
BD+13  2618,3929,,,2005ApJ...626..446R,10
BD+13  2618,3870,,,1996A&AS..117..227A,11
BD+13  2618,3600,,0.25,2014ApJ...791...54G,12
BD+13  2618,3570,4.5,,2013AJ....145..102L,13
BD+13  2618C,771,4.12,,2025ApJ...994..237M,1
BD+13  2618C,790,4.61,,2025ApJ...982...79B,2
BD+13  2618C,740,3.9,,2024ApJ...961..210P,3
BD+13  2618C,695,4.35,0.09,2013MNRAS.433..457B,4
BD-15  6290,3265,,0.07,2024A&A...691A..53S,1
BD-15  6290,3250,5.0,,2020AJ....159...30H,2
BD-15  6290,3349,,0.15,2025ApJ...978..154J,3
BD-15  6290,,,0.32,2025ApJS..276...47G,4
BD-15  6290,,,0.26,2025ApJS..276...47G,5
BD-15  6290,3271,4.8718,0.0,2024A&A...683A.125P,6
BD-15  6290,3353,4.88,,2024A&A...687A.205M,7
BD-15  6290,3268,,0.22,2021MNRAS.508.5148C,8
BD-15  6290,3300,4.86,,2022ApJ...927..122H,9
BD-15  6290,3265,,0.07,2024A&A...690A..58A,10
BD-15  6290,3202,,0.13,2024A&A...690A..58A,11
BD-15  6290,3381,4.71,,2023MNRAS.526.5648C,12
BD-15  6290,3250,4.82,0.25,2023ApJS..266...41P,13
BD-15  6290,3293,4.875,0.213,2021ApJS..255....8R,14
BD-15  6290,3366,4.8,,2022MNRAS.516.3802C,15
BD-15  6290,3409,,-0.17,2021A&A...656A.162M,16
BD-15  6290,3421,4.83,-0.11,2021A&A...656A.162M,17
BD-15  6290,3356,4.93,0.07,2020A&A...644A..68M,18
BD-15  6290,3182,,0.26,2019ApJ...878..134K,19
BD-15  6290,3148,4.55,-0.04,2019ApJ...878..134K,20
BD-15  6290,3143,4.54,-0.04,2019ApJ...878..134K,21
BD-15  6290,3240,4.78,0.22,2019ApJ...878..134K,22
BD-15  6290,3250,4.82,0.25,2019ApJ...878..134K,23
BD-15  6290,3228,4.71,0.17,2019ApJ...878..134K,24
BD-15  6290,3243,4.8,0.24,2019ApJ...878..134K,25
BD-15  6290,3232,4.77,0.22,2019ApJ...878..134K,26
BD-15  6290,3166,,0.115,2018MNRAS.475.1960F,27
BD-15  6290,3049,4.23,,2019A&A...629A..80H,28
BD-15  6290,3377,4.99,0.07,2019A&A...625A..68S,29
BD-15  6290,3317,4.75,0.0,2019A&A...627A.161P,30
BD-15  6290,3286,4.74,0.05,2019A&A...627A.161P,31
BD-15  6290,3305,4.75,0.0,2019A&A...627A.161P,32
BD-15  6290,3935,5.0,-0.58,2017AJ....153...21L,33
BD-15  6290,3200,5.0,,2018A&A...620A.180R,34
BD-15  6290,3359,5.01,0.06,2018A&A...615A...6P,35
BD-15  6290,3321,,0.2,2014MNRAS.443.2561G,36
BD-15  6290,3129,,,2014MNRAS.438.2413V,37
BD-15  6290,3471,,0.17,2014ApJ...791...54G,38
BD-15  6290,3340,,0.31,2015ApJS..220...16T,39
BD-15  6290,3444,,0.17,2015ApJS..220...16T,40
BD-15  6290,3357,,0.16,2015ApJS..220...16T,41
BD-15  6290,3247,,0.17,2015ApJ...804...64M,42
BD-15  6290,2948,4.93,0.15,2013A&A...556A.150S,43
BD-15  6290,3473,,0.19,2012ApJ...748...93R,44
BD+16  2658,3650,4.8,,2020AJ....159...30H,1
BD+16  2658,3571,4.7347,0.0,2024A&A...683A.125P,2
BD+16  2658,3745,4.7,,2024A&A...687A.205M,3
BD+16  2658,3600,4.73,,2022ApJ...927..122H,4
BD+16  2658,3748,4.769,0.118,2021ApJS..255....8R,5
BD+16  2658,3687,,-0.18,2021A&A...656A.162M,6
BD+16  2658,3660,4.75,-0.24,2021A&A...656A.162M,7
BD+16  2658,3603,4.79,-0.11,2020A&A...644A..68M,8
BD+16  2658,3537,,-0.01,2019ApJ...878..134K,9
BD+16  2658,3671,4.76,0.06,2019A&A...625A..68S,10
BD+16  2658,3595,4.71,0.09,2019A&A...627A.161P,11
BD+16  2658,3680,4.66,0.4,2019A&A...627A.161P,12
BD+16  2658,3706,4.66,0.34,2019A&A...627A.161P,13
BD+16  2658,3500,5.0,,2018A&A...620A.180R,14
BD+16  2658,3633,4.81,0.0,2018A&A...615A...6P,15
BD+16  2658,3575,,,2014MNRAS.443.2561G,16
BD+16  2658,3540,4.5,,2013AJ....145..102L,17
BD+16  2708,3554,4.7573,0.0,2024A&A...683A.125P,1
BD+16  2708,3223,,-0.12,2021MNRAS.508.5148C,2
BD+16  2708,3750,4.75,,2022ApJ...927..122H,3
BD+16  2708,3703,4.795,0.09,2021ApJS..255....8R,4
BD+16  2708,3596,4.77,-0.03,2020A&A...644A..68M,5
BD+16  2708,3649,,,2014MNRAS.443.2561G,6
BD+16  2708,3780,,-0.15,1998MNRAS.299..753Z,7
BD+16  2708,3533,,-0.08,2014ApJ...791...54G,8
BD+16  2708,3510,4.5,,2013AJ....145..102L,9
BD+16  2708,,,-0.04,2014AJ....147...20N,10
BD-17   588A,3374,,-0.36,2024A&A...691A..53S,1
BD-17   588A,3747,,0.68,2021MNRAS.508.5148C,2
BD-17   588A,3330,,-0.42,2024A&A...690A..58A,3
BD-17   588A,3374,,-0.36,2024A&A...690A..58A,4
BD-17   588A,3330,4.97,-0.27,2021MNRAS.504.5788R,5
BD-17   588A,3389,5.0,-0.25,2020A&A...644A..68M,6
BD-17   588A,3339,,-0.33,2019ApJ...878..134K,7
BD-17   588A,3400,,-0.22,2014MNRAS.443.2561G,8
BD-17  6785,3537,4.8401,0.0,2024A&A...683A.125P,1
BD-17  6785,3603,4.77,,2024A&A...687A.205M,2
BD-17  6785,3557,,-0.63,2021A&A...656A.162M,3
BD-17  6785,3570,5.07,-0.51,2021A&A...656A.162M,4
BD-17  6785,3788,4.81,,2020AJ....160...83S,5
BD-17  6785,3922,4.941,,2020AJ....160...83S,6
BD-17  6785,3519,,-0.3,2019ApJ...878..134K,7
BD-17  6785,3539,,-0.239,2018MNRAS.475.1960F,8
BD-17  6785,3551,4.91,-0.13,2019A&A...625A..68S,9
BD-17  6785,3529,4.8,-0.04,2019A&A...627A.161P,10
BD-17  6785,3547,4.81,-0.1,2019A&A...627A.161P,11
BD-17  6785,3527,4.8,-0.05,2019A&A...627A.161P,12
BD-17  6785,3500,5.0,,2018A&A...620A.180R,13
BD-17  6785,3545,4.92,-0.13,2018A&A...615A...6P,14
BD-17  6785,3538,,,2014MNRAS.443.2561G,15
BD-17  6785,3788,4.81,,2013AJ....146..134K,16
BD+18  2776,4100,4.74,,2024A&A...687A.205M,1
BD+18  2776,3849,,-0.78,2021A&A...656A.162M,2
BD+18  2776,3829,4.99,-0.79,2021A&A...656A.162M,3
BD+18  2776,3806,4.85,-0.43,2019A&A...625A..68S,4
BD+18  2776,3815,4.73,-0.21,2019A&A...627A.161P,5
BD+18  2776,3799,4.74,-0.26,2019A&A...627A.161P,6
BD+18  2776,3807,4.73,-0.23,2019A&A...627A.161P,7
BD+18  2776,3644,4.46,0.59,2017AJ....153...21L,8
BD+18  2776,3700,5.3,,2018A&A...620A.180R,9
BD+18  2776,3806,4.85,-0.42,2018A&A...615A...6P,10
BD+18  2776,3900,,-0.59,2014MNRAS.443.2561G,11
BD+18  2776,3740,4.5,,2013AJ....145..102L,12
BD+18  2776,3828,,-0.54,2015ApJ...804...64M,13
BD+18  3421,3632,,-0.35,2024A&A...691A..53S,1
BD+18  3421,3600,4.8,,2020AJ....159...30H,2
BD+18  3421,3675,4.7885,0.0,2024A&A...683A.125P,3
BD+18  3421,3753,4.77,,2024A&A...687A.205M,4
BD+18  3421,3672,,-0.45,2021MNRAS.508.5148C,5
BD+18  3421,3750,4.78,,2022ApJ...927..122H,6
BD+18  3421,3652,,-0.22,2024A&A...690A..58A,7
BD+18  3421,3657,,-0.28,2024A&A...690A..58A,8
BD+18  3421,3633,,-0.26,2024A&A...690A..58A,9
BD+18  3421,3632,,-0.35,2024A&A...690A..58A,10
BD+18  3421,3670,,-0.3,2024A&A...690A..58A,11
BD+18  3421,3642,4.75,-0.11,2023ApJS..266...41P,12
BD+18  3421,3770,4.842,-0.265,2021ApJS..255....8R,13
BD+18  3421,3710,,-0.48,2021A&A...656A.162M,14
BD+18  3421,3663,5.03,-0.58,2021A&A...656A.162M,15
BD+18  3421,3656,4.84,-0.32,2020A&A...644A..68M,16
BD+18  3421,3656,,,2021AJ....161...10B,17
BD+18  3421,3565,,-0.34,2019ApJ...878..134K,18
BD+18  3421,3693,,-0.208,2018MNRAS.475.1960F,19
BD+18  3421,3728,,-0.362,2019A&A...629A..80H,20
BD+18  3421,3656,4.87,-0.23,2019A&A...625A..68S,21
BD+18  3421,3642,4.75,-0.11,2019A&A...627A.161P,22
BD+18  3421,3652,4.74,-0.09,2019A&A...627A.161P,23
BD+18  3421,3645,4.74,-0.1,2019A&A...627A.161P,24
BD+18  3421,3500,4.0,,2018A&A...620A.180R,25
BD+18  3421,3654,4.88,-0.22,2018A&A...615A...6P,26
BD+18  3421,3657,,,2014MNRAS.443.2561G,27
BD+18  3421,3724,,-0.25,2014ApJ...791...54G,28
BD+18  3421,3560,4.5,,2013AJ....145..102L,29
BD+18  3421,3657,,-0.25,2015ApJ...804...64M,30
BD+18  3421,3693,,-0.28,2012ApJ...748...93R,31
BD-18   359,3844,4.654,0.0,2024A&A...683A.125P,1
BD-18   359,3421,,-0.13,2021MNRAS.508.5148C,2
BD-18   359,3534,4.88,0.0,2018A&A...615A...6P,3
BD-18   359,3600,,-0.08,2014MNRAS.443.2561G,4
BD+19   381,3666,4.7,,2024A&A...687A.205M,1
BD+19   381,3700,4.72,,2022ApJ...927..122H,2
BD+19   381,3696,,-0.14,2021A&A...656A.162M,3
BD+19   381,3703,4.86,-0.04,2021A&A...656A.162M,4
BD+19   381,3585,4.89,-0.13,2019A&A...625A..68S,5
BD+19   381,3513,4.74,-0.15,2019A&A...627A.161P,6
BD+19   381,3720,4.64,0.53,2019A&A...627A.161P,7
BD+19   381,3726,4.63,0.38,2019A&A...627A.161P,8
BD+19   381,3500,5.1,,2018A&A...620A.180R,9
BD+19   381,3595,4.88,-0.1,2018A&A...615A...6P,10
BD+19   381,3768,,,2014MNRAS.443.2561G,11
BD+19   381,3540,4.5,,2013AJ....145..102L,12
BD+19   381,3542,,0.12,2015ApJ...804...64M,13
BD+19  5116A,3345,,,2024A&A...691A..53S,1
BD+19  5116A,3341,,-0.2,2021MNRAS.508.5148C,2
BD+19  5116A,3375,4.757,,2022ApJS..259...35A,3
BD+19  5116A,3280,,0.05,2020ApJ...892...31B,4
BD+19  5116A,5439,3.32,,2020A&A...636A..85S,5
BD+19  5116A,3469,5.1245,0.022,2020AJ....160..120J,6
BD+19  5116A,3122,,,2014MNRAS.443.2561G,7
BD+19  5116A,2980,4.5,,2013AJ....145..102L,8
BD+19  5116A,3353,,0.03,2015ApJ...804...64M,9
BD+19  5116A,3334,,0.15,2012ApJ...748...93R,10
BD+19  5116B,3750,4.5,,2023MNRAS.519.5472M,1
BD+19  5116B,3400,5.2,,2020AJ....159...30H,2
BD+19  5116B,3182,,0.24,2021MNRAS.508.5148C,3
BD+19  5116B,3350,4.94,,2022ApJ...927..122H,4
BD+19  5116B,3392,4.766,,2022ApJS..259...35A,5
BD+19  5116B,3500,4.35,0.56,2021MNRAS.505.4496G,6
BD+19  5116B,3268,,0.03,2020ApJ...892...31B,7
BD+19  5116B,3498,5.1826,-0.02,2020AJ....160..120J,8
BD+19  5116B,3032,4.69,-0.06,2019ApJ...878..134K,9
BD+19  5116B,3022,4.68,-0.02,2019ApJ...878..134K,10
BD+19  5116B,2900,4.91,-0.12,2019A&A...627A.138A,11
BD+19  5116B,3375,,,2014MNRAS.443.2561G,12
BD+19  5116B,3290,5.0,,2013AJ....145..102L,13
BD+19  5116B,3072,,0.03,2015ApJ...804...64M,14
BD+19  5116B,3200,5.06,0.09,2011A&A...531A.165P,15
BD+25  3173,3720,,-0.09,2024A&A...691A..53S,1
BD+25  3173,3700,4.9,,2020AJ....159...30H,2
BD+25  3173,,,0.03,2025ApJS..276...47G,3
BD+25  3173,,,-0.05,2025ApJS..276...47G,4
BD+25  3173,3674,4.723,0.0,2024A&A...683A.125P,5
BD+25  3173,3791,4.7,,2024A&A...687A.205M,6
BD+25  3173,3850,4.71,,2022ApJ...927..122H,7
BD+25  3173,3708,,-0.05,2024A&A...690A..58A,8
BD+25  3173,3671,,-0.06,2024A&A...690A..58A,9
BD+25  3173,3720,,-0.09,2024A&A...690A..58A,10
BD+25  3173,3734,4.78,-0.08,2023ApJS..266...41P,11
BD+25  3173,3602,,-0.17,2022A&A...658A.194P,12
BD+25  3173,3826,4.79,-0.12,2022A&A...658A.194P,13
BD+25  3173,3886,4.8,-0.1,2022A&A...658A.194P,14
BD+25  3173,3701,4.94,-0.13,2022A&A...658A.194P,15
BD+25  3173,3772,4.87,0.0,2022A&A...658A.194P,16
BD+25  3173,3785,4.75,-0.29,2022A&A...658A.194P,17
BD+25  3173,3758,4.67,0.12,2022A&A...658A.194P,18
BD+25  3173,3561,,-0.12,2022A&A...658A.194P,19
BD+25  3173,3683,4.72,0.18,2022A&A...658A.194P,20
BD+25  3173,3748,4.68,0.17,2022A&A...658A.194P,21
BD+25  3173,3683,4.72,-0.04,2022A&A...658A.194P,22
BD+25  3173,3673,5.11,0.14,2022A&A...658A.194P,23
BD+25  3173,3683,4.72,-0.14,2022A&A...658A.194P,24
BD+25  3173,3825,4.67,0.09,2022A&A...658A.194P,25
BD+25  3173,3807,4.759,0.044,2021ApJS..255....8R,26
BD+25  3173,4968,4.3,-0.109,2020ApJ...898..119R,27
BD+25  3173,3785,,-0.2,2021A&A...656A.162M,28
BD+25  3173,3782,4.87,-0.09,2021A&A...656A.162M,29
BD+25  3173,3735,4.75,-0.14,2020A&A...644A..68M,30
BD+25  3173,3734,4.78,-0.08,2019A&A...625A..68S,31
BD+25  3173,3745,4.67,0.17,2019A&A...627A.161P,32
BD+25  3173,3720,4.66,0.31,2019A&A...627A.161P,33
BD+25  3173,3765,4.66,0.23,2019A&A...627A.161P,34
BD+25  3173,3700,5.3,,2018A&A...620A.180R,35
BD+25  3173,3734,4.78,-0.08,2018A&A...615A...6P,36
BD+25  3173,3744,,-0.08,2014MNRAS.443.2561G,37
BD+25  3173,3782,,,2005ApJ...626..446R,38
BD+25  3173,3717,,,1996A&AS..117..227A,39
BD+25  3173,3590,,,2014MNRAS.438.2413V,40
BD+25  3173,3733,,0.0,2014ApJ...791...54G,41
BD+25  3173,3614,,0.04,2015ApJS..220...16T,42
BD+25  3173,3688,,-0.04,2015ApJS..220...16T,43
BD+25  3173,3562,,-0.11,2015ApJS..220...16T,44
BD+25  3173,3590,4.5,,2013AJ....145..102L,45
BD+25  3173,3700,,0.03,2015ApJ...804...64M,46
BD+25  3173,3534,4.76,-0.1,2013A&A...556A.150S,47
BD+25  3173,3733,,-0.04,2012ApJ...748...93R,48
BD+27  1348,3500,4.76,,2022ApJ...927..122H,1
BD+27  1348,3312,4.61,-0.16,2019ApJ...878..134K,2
BD+27  1348,3476,,-0.04,2014MNRAS.443.2561G,3
BD+27  1348,3400,5.0,,2013AJ....145..102L,4
BD+27  4120,3899,4.8,0.19,2017AJ....153...21L,1
BD+27  4120,3746,,-0.18,2014MNRAS.443.2561G,2
BD+27  4120,3560,4.5,,2013AJ....145..102L,3
BD+35  2436,3800,4.8,,2020AJ....159...30H,1
BD+35  2436,3850,4.62,,2022ApJ...927..122H,2
BD+35  2436,3806,,-0.22,2014MNRAS.443.2561G,3
BD+35  2436,3550,4.5,,2013AJ....145..102L,4
BD+36  1970,3850,4.8,,2020AJ....159...30H,1
BD+36  1970,3900,4.73,,2022ApJ...927..122H,2
BD+36  1970,3855,4.78,-0.164,2021ApJS..255....8R,3
BD+36  1970,3759,,,2014MNRAS.443.2561G,4
BD+36  1970,3803,,-0.2,2014ApJ...791...54G,5
BD+36  1970,3640,4.5,,2013AJ....145..102L,6
BD+36  1970,3692,,-0.2,2015ApJ...804...64M,7
BD+36  2219,3685,4.73,,2024A&A...687A.205M,1
BD+36  2219,3600,4.76,,2022ApJ...927..122H,2
BD+36  2219,3737,4.816,-0.08,2021ApJS..255....8R,3
BD+36  2219,3703,,-0.34,2021A&A...656A.162M,4
BD+36  2219,3692,4.91,-0.38,2021A&A...656A.162M,5
BD+36  2219,3649,4.81,-0.22,2020A&A...644A..68M,6
BD+36  2219,3665,,-0.118,2018MNRAS.475.1960F,7
BD+36  2219,3645,4.87,-0.17,2019A&A...625A..68S,8
BD+36  2219,3613,4.76,-0.1,2019A&A...627A.161P,9
BD+36  2219,3634,4.7,0.1,2019A&A...627A.161P,10
BD+36  2219,3615,4.76,-0.09,2019A&A...627A.161P,11
BD+36  2219,3500,5.0,,2018A&A...620A.180R,12
BD+36  2219,3633,4.88,-0.18,2018A&A...615A...6P,13
BD+36  2219,3661,,,2014MNRAS.443.2561G,14
BD+36  2219,3470,4.5,,2013AJ....145..102L,15
BD+36  2219,,,-0.27,2014AJ....147...20N,16
BD+36  2219,3748,4.76,-0.45,2009A&A...508.1313F,17
BD+36  2393,4023,4.729,-0.2,2021ApJS..255....8R,1
BD+36  2393,3934,,,2014MNRAS.443.2561G,2
BD+36  2393,3725,,,2005ApJ...626..446R,3
BD+36  2393,3658,,,1996A&AS..117..227A,4
BD+36  2393,3860,5.0,,2013AJ....145..102L,5
BD+43  2796,3600,4.8,,2020AJ....159...30H,1
BD+43  2796,3500,4.79,,2022ApJ...927..122H,2
BD+43  2796,3623,4.835,0.061,2021ApJS..255....8R,3
BD+43  2796,3557,,0.049,2018MNRAS.475.1960F,4
BD+43  2796,3543,,,2014MNRAS.443.2561G,5
BD+43  2796,3512,,0.0,2014ApJ...791...54G,6
BD+43  2796,3530,5.0,,2013AJ....145..102L,7
BD+43  2796,3464,,0.0,2015ApJ...804...64M,8
BD+44  2051,,,-0.451,2025A&A...698A.289O,1
BD+44  2051,3593,4.9,-0.31,2025A&A...696A..62O,2
BD+44  2051,5474,5.17,-0.493,2022AJ....163..152S,3
BD+44  2051,3600,4.8,,2020AJ....159...30H,4
BD+44  2051,3748,4.8,,2024A&A...687A.205M,5
BD+44  2051,3718,4.67,-0.69,2022ApJS..259...35A,6
BD+44  2051,3717,4.684,-0.6599,2022ApJS..259...35A,7
BD+44  2051,3639,4.75,,2023MNRAS.526.5648C,8
BD+44  2051,3502,3.33,-1.36,2021MNRAS.505.4496G,9
BD+44  2051,3664,4.7,-0.83,2023ApJS..266...41P,10
BD+44  2051,3625,,-0.51,2022A&A...658A.194P,11
BD+44  2051,3717,4.84,-0.39,2022A&A...658A.194P,12
BD+44  2051,3779,4.77,-0.39,2022A&A...658A.194P,13
BD+44  2051,3481,4.56,-0.67,2022A&A...658A.194P,14
BD+44  2051,3549,4.73,-0.53,2022A&A...658A.194P,15
BD+44  2051,3553,4.91,-0.48,2022A&A...658A.194P,16
BD+44  2051,3707,4.75,-0.18,2022A&A...658A.194P,17
BD+44  2051,3581,,-0.44,2022A&A...658A.194P,18
BD+44  2051,3619,4.81,-0.06,2022A&A...658A.194P,19
BD+44  2051,3774,4.7,-0.12,2022A&A...658A.194P,20
BD+44  2051,3619,4.81,-0.34,2022A&A...658A.194P,21
BD+44  2051,3566,5.15,-0.31,2022A&A...658A.194P,22
BD+44  2051,3619,4.81,-0.35,2022A&A...658A.194P,23
BD+44  2051,3609,4.85,-0.37,2022A&A...658A.194P,24
BD+44  2051,3724,4.901,-0.394,2021ApJS..255....8R,25
BD+44  2051,3620,4.79,,2022MNRAS.516.3802C,26
BD+44  2051,3700,4.9016,,2021A&A...649A.147S,27
BD+44  2051,3715,,-0.52,2021A&A...656A.162M,28
BD+44  2051,3628,5.01,-0.82,2021A&A...656A.162M,29
BD+44  2051,3748,4.7526,-0.791,2020AJ....160..120J,30
BD+44  2051,3808,5.1117,-0.635,2020AJ....160..120J,31
BD+44  2051,3634,4.87,-0.37,2020A&A...644A..68M,32
BD+44  2051,3567,4.84,-0.49,2022ApJ...927..123S,33
BD+44  2051,3552,,-0.395,2018MNRAS.475.1960F,34
BD+44  2051,3639,4.92,-0.3,2019A&A...625A..68S,35
BD+44  2051,3617,4.79,-0.21,2019A&A...627A.161P,36
BD+44  2051,3663,4.78,-0.23,2019A&A...627A.161P,37
BD+44  2051,3626,4.78,-0.2,2019A&A...627A.161P,38
BD+44  2051,3700,5.3,,2018A&A...620A.180R,39
BD+44  2051,3636,4.91,-0.29,2018A&A...615A...6P,40
BD+44  2051,3702,,-0.41,2014MNRAS.443.2561G,41
BD+44  2051,3761,,,2005ApJ...626..446R,42
BD+44  2051,3696,,,1996A&AS..117..227A,43
BD+44  2051,3600,4.9,-0.43,2005MNRAS.356..963W,44
BD+44  2051,3497,,,2012ApJ...757..112B,45
BD+44  2051,3743,,-0.32,2014ApJ...791...54G,46
BD+44  2051,3619,,-0.37,2015ApJ...804...64M,47
BD+44  2051,3684,,-0.4,2012ApJ...748...93R,48
BD+44  2051,3600,4.9,-0.45,2011A&A...531A.165P,49
BD+44  2051,3664,4.7,-0.83,2012A&A...538A.143K,50
BD+44  2051,3650,4.85,-0.43,2009A&A...508.1313F,51
BD+44  2051,3544,4.85,-1.45,2007MNRAS.374..664C,52
BD+44  2051,3687,4.9,-0.43,2008A&A...480...91S,53
BD+44  2051B,5677,2.47,-0.186,2022AJ....163..152S,1
BD+44  2051B,3000,5.5,,2023MNRAS.524.6085K,2
BD+44  2051B,5378,2.282,-0.288,2019ApJ...879...69T,3
BD+44  2051B,3167,,-0.63,2021A&A...656A.162M,4
BD+44  2051B,3278,5.25,-0.52,2021A&A...656A.162M,5
BD+44  2051B,3000,5.5,,2018A&A...620A.180R,6
BD+44  2051B,2831,,,2014MNRAS.443.2561G,7
BD+44  2051B,3304,,,2015ApJS..220...16T,8
BD+44  2051B,3236,,,2015ApJS..220...16T,9
BD+44  2051B,3000,5.0,,2013AJ....145..102L,10
BD+44  2051B,2863,,-0.32,2015ApJ...804...64M,11
BD+44  2051B,2915,,-0.39,2012ApJ...748...93R,12
BD+44  3567,3600,4.98,-0.28,2024A&A...691A..53S,1
BD+44  3567,3550,4.8,,2020AJ....159...30H,2
BD+44  3567,3650,4.74,,2024A&A...687A.205M,3
BD+44  3567,3700,4.8,,2022ApJ...927..122H,4
BD+44  3567,3680,4.853,-0.117,2021ApJS..255....8R,5
BD+44  3567,3603,,-0.48,2021A&A...656A.162M,6
BD+44  3567,3600,4.98,-0.42,2021A&A...656A.162M,7
BD+44  3567,3748,,-0.144,2018MNRAS.475.1960F,8
BD+44  3567,4273,,,2018ApJS..238...29P,9
BD+44  3567,3586,4.89,-0.15,2019A&A...625A..68S,10
BD+44  3567,3552,4.8,-0.09,2019A&A...627A.161P,11
BD+44  3567,3618,4.72,0.15,2019A&A...627A.161P,12
BD+44  3567,3565,4.79,-0.06,2019A&A...627A.161P,13
BD+44  3567,3500,5.0,,2018A&A...620A.180R,14
BD+44  3567,3591,4.89,-0.14,2018A&A...615A...6P,15
BD+44  3567,3607,,,2014MNRAS.443.2561G,16
BD+44  3567,4043,,,1996A&AS..117..227A,17
BD+44  3567,3621,,-0.15,2014ApJ...791...54G,18
BD+44  3567,3490,4.5,,2013AJ....145..102L,19
BD+44  3567,3542,,-0.15,2015ApJ...804...64M,20
BD+44  3567,3621,,-0.11,2012ApJ...748...93R,21
BD+44  4548,3750,4.8,,2020AJ....159...30H,1
BD+44  4548,3780,4.7,,2024A&A...687A.205M,2
BD+44  4548,3850,4.72,,2022ApJ...927..122H,3
BD+44  4548,3827,4.761,-0.007,2021ApJS..255....8R,4
BD+44  4548,3770,,-0.23,2021A&A...656A.162M,5
BD+44  4548,3773,5.07,-0.07,2021A&A...656A.162M,6
BD+44  4548,3709,4.76,-0.14,2020A&A...644A..68M,7
BD+44  4548,3675,4.84,-0.16,2019A&A...625A..68S,8
BD+44  4548,3726,4.7,0.16,2019A&A...627A.161P,9
BD+44  4548,3738,4.68,0.35,2019A&A...627A.161P,10
BD+44  4548,3772,4.68,0.26,2019A&A...627A.161P,11
BD+44  4548,3500,5.0,,2018A&A...620A.180R,12
BD+44  4548,3665,4.85,-0.16,2018A&A...615A...6P,13
BD+44  4548,3728,,,2014MNRAS.443.2561G,14
BD+44  4548,3911,,,1996A&AS..117..227A,15
BD+44  4548,3839,,,2005ApJ...626..446R,16
BD+44  4548,3781,,-0.01,2014ApJ...791...54G,17
BD+44  4548,3560,4.5,,2013AJ....145..102L,18
BD+45  2247,3850,4.8,,2020AJ....159...30H,1
BD+45  2247,4000,4.64,,2022ApJ...927..122H,2
BD+45  2247,3854,,,2014MNRAS.443.2561G,3
BD+45  2247,3650,4.5,,2013AJ....145..102L,4
BD+46  1889,3700,4.73,,2022ApJ...927..122H,1
BD+46  1889,3609,4.79,-0.12,2020A&A...644A..68M,2
BD+46  1889,3747,,-0.44,2014MNRAS.443.2561G,3
BD+46  1889,3600,5.0,,2013AJ....145..102L,4
BD+47  2112A,3665,,,2014MNRAS.443.2561G,1
BD+47  2112A,3560,4.5,,2013AJ....145..102L,2
BD+47  2112B,3800,4.8,,2020AJ....159...30H,1
BD+47  2112B,3900,4.66,,2022ApJ...927..122H,2
BD+47  2112B,3858,,,2014MNRAS.443.2561G,3
BD+47  2112B,3560,4.5,,2013AJ....145..102L,4
BD+47   612,3821,,-0.05,2024A&A...691A..53S,1
BD+47   612,3977,4.67,,2024A&A...687A.205M,2
BD+47   612,4000,4.66,,2022ApJ...927..122H,3
BD+47   612,3830,,0.0,2024A&A...690A..58A,4
BD+47   612,3821,,-0.05,2024A&A...690A..58A,5
BD+47   612,,4.701,-0.861,2022ApJS..261...26S,6
BD+47   612,3891,4.698,0.22,2021ApJS..255....8R,7
BD+47   612,3877,,-0.2,2021A&A...656A.162M,8
BD+47   612,3894,4.99,-0.01,2021A&A...656A.162M,9
BD+47   612,4001,,0.338,2018MNRAS.475.1960F,10
BD+47   612,3935,4.67,0.07,2019A&A...625A..68S,11
BD+47   612,3901,4.65,0.28,2019A&A...627A.161P,12
BD+47   612,3840,4.64,0.47,2019A&A...627A.161P,13
BD+47   612,3916,4.64,0.32,2019A&A...627A.161P,14
BD+47   612,3800,5.5,,2018A&A...620A.180R,15
BD+47   612,3921,4.68,0.06,2018A&A...615A...6P,16
BD+47   612,3881,,,2014MNRAS.443.2561G,17
BD+47   612,4058,,0.14,2014ApJ...791...54G,18
BD+47   612,3650,4.5,,2013AJ....145..102L,19
BD+47   612,3785,,0.14,2015ApJ...804...64M,20
BD+52   911,3800,4.8,,2020AJ....159...30H,1
BD+52   911,3900,4.7,,2022ApJ...927..122H,2
BD+52   911,3744,4.74,-0.1,2020A&A...644A..68M,3
BD+52   911,3814,,,2014MNRAS.443.2561G,4
BD+52   911,3570,4.5,,2013AJ....145..102L,5
BD+57  2735,3838,4.68,,2024A&A...687A.205M,1
BD+57  2735,3750,4.67,,2022ApJ...927..122H,2
BD+57  2735,3810,,-0.13,2021A&A...656A.162M,3
BD+57  2735,3811,4.72,-0.03,2021A&A...656A.162M,4
BD+57  2735,3754,4.74,-0.11,2020A&A...644A..68M,5
BD+57  2735,3842,4.68,0.14,2019A&A...625A..68S,6
BD+57  2735,3818,4.65,0.35,2019A&A...627A.161P,7
BD+57  2735,3800,4.65,0.55,2019A&A...627A.161P,8
BD+57  2735,3846,4.64,0.41,2019A&A...627A.161P,9
BD+57  2735,3700,5.5,,2018A&A...620A.180R,10
BD+57  2735,3824,4.69,0.12,2018A&A...615A...6P,11
BD+57  2735,3764,,,2014MNRAS.443.2561G,12
BD+57  2735,3980,,,1996A&AS..117..227A,13
BD+57  2735,3835,,,2005ApJ...626..446R,14
BD+57  2735,3737,,0.24,2014ApJ...791...54G,15
BD+57  2735,3560,4.5,,2013AJ....145..102L,16
BD+57  2735,3764,,0.31,2015ApJ...804...64M,17
BD+61   195,3726,,0.0,2024A&A...691A..53S,1
BD+61   195,3750,4.8,,2020AJ....159...30H,2
BD+61   195,3764,4.69,,2024A&A...687A.205M,3
BD+61   195,3600,4.69,,2022ApJ...927..122H,4
BD+61   195,3788,,0.02,2024A&A...690A..58A,5
BD+61   195,3670,,0.03,2024A&A...690A..58A,6
BD+61   195,3726,,0.0,2024A&A...690A..58A,7
BD+61   195,3808,4.734,0.179,2021ApJS..255....8R,8
BD+61   195,3782,,-0.08,2021A&A...656A.162M,9
BD+61   195,3791,4.76,0.05,2021A&A...656A.162M,10
BD+61   195,3711,4.73,-0.03,2020A&A...644A..68M,11
BD+61   195,3750,,0.249,2018MNRAS.475.1960F,12
BD+61   195,3805,4.69,0.13,2019A&A...625A..68S,13
BD+61   195,3792,4.68,0.36,2019A&A...627A.161P,14
BD+61   195,3770,4.68,0.54,2019A&A...627A.161P,15
BD+61   195,3810,4.67,0.41,2019A&A...627A.161P,16
BD+61   195,3799,4.84,0.49,2017AJ....153...21L,17
BD+61   195,3600,5.5,,2018A&A...620A.180R,18
BD+61   195,3796,4.69,0.13,2018A&A...615A...6P,19
BD+61   195,3740,,,2014MNRAS.443.2561G,20
BD+61   195,4312,,,1996A&AS..117..227A,21
BD+61   195,3834,,0.15,2014ApJ...791...54G,22
BD+61   195,3590,4.5,,2013AJ....145..102L,23
BD+62   780,3911,4.61,,2018A&A...615A..31D,1
BD+62   780,4091,,,2014MNRAS.443.2561G,2
BD+63   869,3831,,,2024A&A...691A..53S,1
BD+63   869,3850,4.8,,2020AJ....159...30H,2
BD+63   869,4040,4.66,,2024A&A...687A.205M,3
BD+63   869,4000,4.65,,2022ApJ...927..122H,4
BD+63   869,3934,4.686,0.214,2021ApJS..255....8R,5
BD+63   869,3943,,-0.16,2021A&A...656A.162M,6
BD+63   869,3938,5.03,-0.03,2021A&A...656A.162M,7
BD+63   869,3940,,0.427,2018MNRAS.475.1960F,8
BD+63   869,3980,4.66,0.07,2019A&A...625A..68S,9
BD+63   869,3966,4.67,0.3,2019A&A...627A.161P,10
BD+63   869,3865,4.67,0.52,2019A&A...627A.161P,11
BD+63   869,3981,4.67,0.34,2019A&A...627A.161P,12
BD+63   869,3800,5.5,,2018A&A...620A.180R,13
BD+63   869,3974,4.67,0.07,2018A&A...615A...6P,14
BD+63   869,3887,,,2014MNRAS.443.2561G,15
BD+63   869,3946,,0.11,2014ApJ...791...54G,16
BD+63   869,3700,4.5,,2013AJ....145..102L,17
BD+66    34A,3650,5.2,,2020AJ....159...30H,1
BD+66    34A,3600,4.83,,2022ApJ...927..122H,2
BD+66    34A,3598,,,2014MNRAS.443.2561G,3
BD+66    34A,3470,4.5,,2013AJ....145..102L,4
BD+66    34B,3339,,-0.27,2012ApJ...748...93R,1
BD+67   552,4083,4.657,0.136,2021ApJS..255....8R,1
BD+67   552,3802,,-0.12,2014MNRAS.443.2561G,2
BD+67   552,3856,,-0.06,2014ApJ...791...54G,3
BD+67   552,3670,4.5,,2013AJ....145..102L,4
BD+68   946,3453,,-0.03,2024A&A...691A..53S,1
BD+68   946,3539,4.875,-0.02,2025A&A...696A..62O,2
BD+68   946,3450,4.8,,2020AJ....159...30H,3
BD+68   946,3458,,0.08,2025ApJ...978..154J,4
BD+68   946,3612,4.73,,2024A&A...687A.205M,5
BD+68   946,3400,4.81,,2022ApJ...927..122H,6
BD+68   946,3453,,0.03,2024A&A...690A..58A,7
BD+68   946,3453,,-0.03,2024A&A...690A..58A,8
BD+68   946,3547,4.699,,2022ApJS..259...35A,9
BD+68   946,3481,4.66,,2023MNRAS.526.5648C,10
BD+68   946,3561,4.859,0.063,2021ApJS..255....8R,11
BD+68   946,3475,4.71,,2022MNRAS.516.3802C,12
BD+68   946,3505,4.6386,,2021A&A...649A.147S,13
BD+68   946,3385,,-0.14,2021A&A...656A.162M,14
BD+68   946,3389,4.89,-0.1,2021A&A...656A.162M,15
BD+68   946,3620,4.8317,-0.265,2020AJ....160..120J,16
BD+68   946,3390,4.93,-0.06,2020A&A...644A..68M,17
BD+68   946,3424,,-0.032,2018MNRAS.475.1960F,18
BD+68   946,3400,,0.03,2014MNRAS.443.2561G,19
BD+68   946,3748,,,2006A&A...450..735M,20
BD+68   946,3660,4.9,-0.15,1998MNRAS.299..753Z,21
BD+68   946,3413,,,2012ApJ...757..112B,22
BD+68   946,3340,4.82,0.15,2005MNRAS.356..963W,23
BD+68   946,3578,,-0.1,2014ApJ...791...54G,24
BD+68   946,3400,4.5,,2013AJ....145..102L,25
BD+68   946,3439,,0.05,2015ApJ...804...64M,26
BD+68   946,3395,,-0.09,2012ApJ...748...93R,27
BD+68   946,3583,4.86,0.0,2008A&A...480...91S,28
CD-23 14742,3250,5.2,,2020AJ....159...30H,1
CD-23 14742,3261,5.0456,0.0,2024A&A...683A.125P,2
CD-23 14742,3192,4.97,,2024A&A...687A.205M,3
CD-23 14742,3313,,-0.17,2021MNRAS.508.5148C,4
CD-23 14742,3200,5.04,,2022ApJ...927..122H,5
CD-23 14742,3328,5.097,-0.214,2021ApJS..255....8R,6
CD-23 14742,5258,4.59,-0.089,2020ApJ...898..119R,7
CD-23 14742,3268,,-0.97,2021A&A...656A.162M,8
CD-23 14742,3340,5.23,-0.63,2021A&A...656A.162M,9
CD-23 14742,3364,4.93,0.05,2020A&A...644A..68M,10
CD-23 14742,3184,5.02,-0.19,2019ApJ...878..134K,11
CD-23 14742,3170,4.99,-0.17,2019ApJ...878..134K,12
CD-23 14742,3099,4.74,,2019A&A...629A..80H,13
CD-23 14742,3293,5.12,-0.25,2019A&A...625A..68S,14
CD-23 14742,3269,4.97,-0.2,2019A&A...627A.161P,15
CD-23 14742,3272,5.03,-0.43,2019A&A...627A.161P,16
CD-23 14742,3257,4.98,-0.23,2019A&A...627A.161P,17
CD-23 14742,3400,5.5,,2018A&A...620A.180R,18
CD-23 14742,3213,,-0.14,2014MNRAS.443.2561G,19
CD-23 14742,3272,,-0.12,2014ApJ...791...54G,20
CD-23 14742,3240,,-0.18,2015ApJ...804...64M,21
CD-23  9765,3600,4.9,,2020AJ....159...30H,1
CD-23  9765,3544,4.7778,0.0,2024A&A...683A.125P,2
CD-23  9765,3500,4.77,,2022ApJ...927..122H,3
CD-23  9765,3703,4.822,-0.03,2021ApJS..255....8R,4
CD-23  9765,3574,4.8,-0.1,2020A&A...644A..68M,5
CD-23  9765,3460,,-0.11,2019ApJ...878..134K,6
CD-23  9765,3562,,,2014MNRAS.443.2561G,7
CD-28   302,3352,4.8517,0.0,2024A&A...683A.125P,1
CD-28   302,3361,,-0.018,2018MNRAS.475.1960F,2
CD-28   302,3402,4.036,0.0,2019A&A...629A..80H,3
CD-28   302,3472,,0.15,2014MNRAS.443.2561G,4
CD-30   731,3406,5.0041,0.0,2024A&A...683A.125P,1
CD-30   731,3826,,0.15,2021MNRAS.508.5148C,2
CD-30   731,3649,,-0.34,2020A&A...639A..35H,3
CD-30   731,3442,,-0.52,2019ApJ...878..134K,4
CD-30   731,3360,,-0.34,2014MNRAS.443.2561G,5
CD-31   908,3100,4.68,-0.16,2019ApJ...878..134K,1
CD-31   908,3209,,0.09,2014MNRAS.443.2561G,2
CD-31   909,3340,4.8508,0.0,2024A&A...683A.125P,1
CD-31   909,3217,4.66,-0.13,2019ApJ...878..134K,2
CD-31   909,3424,,0.02,2014MNRAS.443.2561G,3
CD-31  9113,3630,,-0.18,2024A&A...691A..53S,1
CD-31  9113,3605,4.7643,0.0,2024A&A...683A.125P,2
CD-31  9113,3555,,-0.68,2021MNRAS.508.5148C,3
CD-31  9113,3637,,-0.19,2024A&A...690A..58A,4
CD-31  9113,3630,,-0.18,2024A&A...690A..58A,5
CD-31  9113,3727,4.805,-0.014,2021ApJS..255....8R,6
CD-31  9113,3625,4.8,-0.15,2020A&A...644A..68M,7
CD-31  9113,3547,,-0.16,2019ApJ...878..134K,8
CD-31  9113,3649,,-0.14,2014MNRAS.443.2561G,9
CD-31  9113,3707,,,2014ApJ...791...54G,10
CD-31  9113,3718,,-0.03,2015ApJS..220...16T,11
CD-31  9113,4099,,-0.15,2015ApJS..220...16T,12
CD-31  9113,3737,,-0.23,2015ApJS..220...16T,13
CD-31  9113,3600,5.0,,2013A&A...556A..15R,14
CD-31  9113,3461,4.81,-0.17,2013A&A...556A.150S,15
CD-32 13298,3642,,0.01,2021MNRAS.508.5148C,1
CD-32 13298,3467,,0.06,2014MNRAS.443.2561G,2
CD-32  5613,9086,,,2022ApJ...935L..12B,1
CD-32  5613,8953,7.74,,2024A&A...682A...5V,2
CD-32  5613,9174,7.56,,2020A&A...638A.131N,3
CD-32  5613,9093,7.76,,2017ApJ...848...11B,4
CD-32  5613,9040,7.77,,2017AJ....154...32S,5
CD-32  5613,9230,7.96,,2011ApJ...743..138G,6
CD-32  5613,9174,7.83,,2009A&A...505..441K,7
CD-32  5613,9268,7.88,,2009AJ....138.1681S,8
CD-32   828,3595,4.7254,0.0,2024A&A...683A.125P,1
CD-32   828,3523,,-0.01,2019ApJ...878..134K,2
CD-32   828,3757,,0.01,2014MNRAS.443.2561G,3
CD-37 10765,3436,4.8258,0.0,2024A&A...683A.125P,1
CD-37 10765,3715,,-0.19,2021MNRAS.508.5148C,2
CD-37 10765,3455,4.87,-0.08,2020A&A...644A..68M,3
CD-37 10765,3454,,,2014MNRAS.443.2561G,4
CD-37 10765B,3547,,-0.25,2021MNRAS.508.5148C,1
CD-38 10980,25395,8.05,,2025A&A...695A.131R,1
CD-38 10980,25265,8.05,,2025A&A...695A.131R,2
CD-38 10980,24677,7.93,,2025A&A...695A.131R,3
CD-38 10980,24073,,,2022ApJ...935L..12B,4
CD-38 10980,25751,8.087,,2024A&A...682A...5V,5
CD-38 10980,24677,7.93,,2020A&A...638A.131N,6
CD-38 10980,25954,7.96,,2017ApJ...848...11B,7
CD-38 10980,23280,8.0,,2017AJ....154...32S,8
CD-38 10980,25980,7.96,,2011ApJ...743..138G,9
CD-38 10980,24760,7.92,,2014MNRAS.440.1607B,10
CD-38 10980,24677,7.93,,2009A&A...505..441K,11
CD-38 10980,24276,8.01,,2009AJ....138.1681S,12
CD-40  5404,3409,4.8059,0.0,2024A&A...683A.125P,1
CD-40  5404,3392,,0.03,2021MNRAS.508.5148C,2
CD-40  5404,3423,4.84,0.1,2020A&A...644A..68M,3
CD-40  5404,3515,,,2014MNRAS.443.2561G,4
CD-40  9712,3274,,0.2,2021MNRAS.508.5148C,1
CD-40  9712,3525,4.76,0.1,2020A&A...644A..68M,2
CD-40  9712,3459,,0.06,2020A&A...639A..35H,3
CD-40  9712,3347,,0.05,2019ApJ...878..134K,4
CD-40  9712,3388,4.71,0.02,2019ApJ...878..134K,5
CD-40  9712,3433,4.91,0.17,2019ApJ...878..134K,6
CD-40  9712,3433,4.94,0.22,2019ApJ...878..134K,7
CD-40  9712,3531,5.07,0.3,2019ApJ...878..134K,8
CD-40  9712,3424,4.86,0.14,2019ApJ...878..134K,9
CD-40  9712,3486,5.02,0.28,2019ApJ...878..134K,10
CD-40  9712,3461,5.0,0.27,2019ApJ...878..134K,11
CD-40  9712,3416,4.86,0.13,2019ApJ...878..134K,12
CD-40  9712,3410,4.87,0.16,2019ApJ...878..134K,13
CD-40  9712,3450,4.95,0.21,2019ApJ...878..134K,14
CD-40  9712,3523,5.04,0.28,2019ApJ...878..134K,15
CD-40  9712,3460,4.96,0.22,2019ApJ...878..134K,16
CD-40  9712,3397,4.83,0.11,2019ApJ...878..134K,17
CD-40  9712,3445,4.93,0.19,2019ApJ...878..134K,18
CD-40  9712,3429,4.92,0.2,2019ApJ...878..134K,19
CD-40  9712,3461,4.99,0.25,2019ApJ...878..134K,20
CD-40  9712,3501,,0.046,2019A&A...629A..80H,21
CD-40  9712,3555,,,2014MNRAS.443.2561G,22
CD-43  9546,3138,,,2019A&A...629A..80H,1
CD-43  9546,3534,,,2014MNRAS.443.2561G,2
CD-44 11909,3202,,-0.02,2024A&A...691A..53S,1
CD-44 11909,3237,4.9276,0.0,2024A&A...683A.125P,2
CD-44 11909,3903,,0.09,2021MNRAS.508.5148C,3
CD-44 11909,3324,,0.01,2024A&A...690A..58A,4
CD-44 11909,3232,,0.08,2024A&A...690A..58A,5
CD-44 11909,3202,,-0.02,2024A&A...690A..58A,6
CD-44 11909,3349,4.95,0.05,2020A&A...644A..68M,7
CD-44 11909,2992,4.348,,2019A&A...629A..80H,8
CD-44 11909,3190,,,2014MNRAS.443.2561G,9
CD-45  1184,3444,4.8776,0.0,2024A&A...683A.125P,1
CD-45  1184,3437,4.92,-0.18,2020A&A...644A..68M,2
CD-45  1184,3409,,-0.25,2019ApJ...878..134K,3
CD-45  1184,3455,,,2014MNRAS.443.2561G,4
CD-45  5378,3651,,-0.03,2024A&A...691A..53S,1
CD-45  5378,3536,4.7746,0.0,2024A&A...683A.125P,2
CD-45  5378,3274,,0.0,2021MNRAS.508.5148C,3
CD-45  5378,3651,,-0.03,2024A&A...690A..58A,4
CD-45  5378,3558,4.8,-0.07,2020A&A...644A..68M,5
CD-45  5378,3540,4.79,,2022AJ....163...99G,6
CD-45  5378,3453,,-0.07,2019ApJ...878..134K,7
CD-45  5378,3687,,,2014MNRAS.443.2561G,8
CD-46 11540,3425,,-0.26,2024A&A...691A..53S,1
CD-46 11540,3451,4.8598,0.0,2024A&A...683A.125P,2
CD-46 11540,3488,,0.17,2021MNRAS.508.5148C,3
CD-46 11540,3484,,-0.16,2024A&A...690A..58A,4
CD-46 11540,3417,,-0.29,2024A&A...690A..58A,5
CD-46 11540,3425,,-0.26,2024A&A...690A..58A,6
CD-46 11540,3409,,-0.19,2024A&A...690A..58A,7
CD-46 11540,3462,4.89,-0.16,2020A&A...644A..68M,8
CD-46 11540,3373,4.92,0.21,2019ApJ...878..134K,9
CD-46 11540,3372,4.8,0.03,2019ApJ...878..134K,10
CD-46 11540,3385,4.8,0.0,2019ApJ...878..134K,11
CD-46 11540,3359,4.77,-0.04,2019ApJ...878..134K,12
CD-46 11540,3374,4.83,0.06,2019ApJ...878..134K,13
CD-46 11540,3359,4.77,-0.07,2019ApJ...878..134K,14
CD-46 11540,3370,4.83,0.07,2019ApJ...878..134K,15
CD-46 11540,3352,4.79,-0.01,2019ApJ...878..134K,16
CD-46 11540,3370,4.79,-0.01,2019ApJ...878..134K,17
CD-46 11540,3359,4.81,0.04,2019ApJ...878..134K,18
CD-46 11540,3402,4.81,-0.02,2019ApJ...878..134K,19
CD-46 11540,3376,4.78,-0.04,2019ApJ...878..134K,20
CD-46 11540,3361,4.85,0.12,2019ApJ...878..134K,21
CD-46 11540,3366,4.86,0.11,2019ApJ...878..134K,22
CD-46 11540,3366,4.79,0.01,2019ApJ...878..134K,23
CD-46 11540,3456,,-0.257,2019A&A...629A..80H,24
CD-46 11540,3453,,,2014MNRAS.443.2561G,25
CD-46 11540,3257,4.92,-0.25,2013A&A...556A.150S,26
CD-48 11837,3572,,-0.22,2024A&A...691A..53S,1
CD-48 11837,3563,4.7732,0.0,2024A&A...683A.125P,2
CD-48 11837,3721,,-0.15,2021MNRAS.508.5148C,3
CD-48 11837,3603,,-0.24,2024A&A...690A..58A,4
CD-48 11837,3572,,-0.22,2024A&A...690A..58A,5
CD-48 11837,3578,4.82,-0.15,2020A&A...644A..68M,6
CD-48 11837,3544,,,2014MNRAS.443.2561G,7
CD-48 12818,3489,4.7794,0.0,2024A&A...683A.125P,1
CD-48 12818,3935,,0.05,2021MNRAS.508.5148C,2
CD-48 12818,3604,,,2014MNRAS.443.2561G,3
CD-48 12818,3500,5.0,,2013A&A...556A..15R,4
CD-51  5974,3662,4.8014,0.0,2024A&A...683A.125P,1
CD-51  5974,3645,4.82,-0.25,2020A&A...644A..68M,2
CD-51  5974,3321,,-0.36,2019ApJ...878..134K,3
CD-51  5974,3671,,,2014MNRAS.443.2561G,4
CD-51  6859,3433,4.8048,0.0,2024A&A...683A.125P,1
CD-51  6859,3297,,0.44,2021MNRAS.508.5148C,2
CD-51  6859,3496,4.8,0.03,2020A&A...644A..68M,3
CD-51  6859,3491,,,2014MNRAS.443.2561G,4
CD-52  7989,3356,,0.26,2021MNRAS.508.5148C,1
CD-52  7989,3705,,,2014MNRAS.443.2561G,2
CD-53   570,3592,4.772,0.0,2024A&A...683A.125P,1
CD-53   570,3536,,-0.21,2019ApJ...878..134K,2
CD-53   570,3625,,,2014MNRAS.443.2561G,3
CD-55  1514,3806,4.7063,0.0,2024A&A...683A.125P,1
CD-55  1514,3919,,-0.02,2021MNRAS.508.5148C,2
CD-55  1514,,,-0.144,2020AJ....160...83S,3
CD-55  1514,3949,4.98,,2020AJ....160...83S,4
CD-55  1514,4034,4.773,,2020AJ....160...83S,5
CD-55  1514,3604,,-0.13,2019ApJ...878..134K,6
CD-55  1514,3770,,,2014MNRAS.443.2561G,7
CD-55  1514,3948,4.98,,2013AJ....146..134K,8
CD-56  1032A,3600,4.0,,2020AJ....160...83S,1
CD-56  1032A,3628,,,2014MNRAS.443.2561G,2
CD-56  1032A,3599,4.0,,2013AJ....146..134K,3
CD-56  1032B,3200,1.0,,2020AJ....160...83S,1
CD-56  1032B,3254,,,2014MNRAS.443.2561G,2
CD-56  1032B,3200,1.0,,2013AJ....146..134K,3
CD-56  5362,3431,,-0.14,2021MNRAS.508.5148C,1
CD-56  5362,4376,,,2014MNRAS.443.2561G,2
CD-57  1079,,,-0.458,2020AJ....160...83S,1
CD-57  1079,4250,5.0,,2020AJ....160...83S,2
CD-57  1079,4186,4.684,,2020AJ....160...83S,3
CD-57  1079,3490,,0.14,2019ApJ...878..134K,4
CD-57  1079,3702,,0.14,2019A&A...629A..80H,5
CD-57  1079,3952,,,2014MNRAS.443.2561G,6
CD-57  1079,3852,4.82,,2014MNRAS.442..220F,7
CD-60  7821,3721,4.7084,0.0,2024A&A...683A.125P,1
CD-60  7821,3657,,0.05,2021MNRAS.508.5148C,2
CD-60  7821,3770,4.8,-0.78,2016ApJ...822...97H,3
CD-60  7821,3607,,-0.1,2019ApJ...878..134K,4
CD-60  7821,3649,,,2014MNRAS.443.2561G,5
CD-68    47,3480,,-0.11,2021MNRAS.508.5148C,1
CD-68    47,3481,,,2014MNRAS.443.2561G,2
CD-68    47,3300,5.0,,2013A&A...556A..15R,3
CPD-69   177,15865,,,2022ApJ...935L..12B,1
CPD-69   177,16730,8.134,,2024A&A...682A...5V,2
CPD-69   177,16329,7.91,,2020A&A...638A.131N,3
CPD-69   177,16246,8.14,,2017ApJ...848...11B,4
CPD-69   177,15460,8.06,,2017AJ....154...32S,5
CPD-69   177,16860,8.09,,2011ApJ...743..138G,6
CPD-69   177,16181,8.06,,2014MNRAS.440.1607B,7
CPD-69   177,16329,7.91,,2009A&A...505..441K,8
CPD-69   177,15500,8.03,,2009AJ....138.1681S,9
DENIS J025503.3-470049,1500,5.5,,2015ApJS..219...33G,1
DENIS J104814.6-395606,2500,5.5,,2013A&A...556A..15R,1
EGGR 148,8893,,,2022ApJ...935L..12B,1
EGGR 148,7869,7.911,,2024A&A...682A...5V,2
EGGR 148,7515,7.86,,2019ApJ...885...74C,3
EGGR 148,8220,7.82,,2015ApJS..219...19L,4
EGGR 148,8200,7.84,,2009AJ....138.1681S,5
EGGR 180,7294,,,2022ApJ...935L..12B,1
EGGR 180,6722,8.035,,2024A&A...682A...5V,2
EGGR 180,7130,8.15,,2015ApJS..219...19L,3
EGGR 180,7120,8.17,,2009AJ....138.1681S,4
EGGR 246,5368,,,2022ApJ...935L..12B,1
EGGR 246,5684,8.166,,2024A&A...682A...5V,2
EGGR 246,5210,7.907,,2019ApJ...878...63B,3
EGGR 246,5230,7.92,,2017AJ....154...32S,4
EGGR 246,5400,7.91,,2009AJ....138.1681S,5
EGGR 248,6053,,,2022ApJ...935L..12B,1
EGGR 248,6535,8.293,,2024A&A...682A...5V,2
EGGR 248,6080,8.146,,2019ApJ...878...63B,3
EGGR 248,6170,8.2,,2017AJ....154...32S,4
EGGR 248,6070,8.18,,2009AJ....138.1681S,5
EGGR 250,7454,,,2022ApJ...935L..12B,1
EGGR 250,6682,8.105,,2024A&A...682A...5V,2
EGGR 250,7170,8.265,,2019ApJ...878...63B,3
EGGR 250,7370,8.42,,2015ApJS..219...19L,4
EGGR 250,7160,8.28,,2009AJ....138.1681S,5
EGGR 290,5631,8.16,,2023MNRAS.520.6111H,1
EGGR 290,5729,,,2022ApJ...935L..12B,2
EGGR 290,5887,8.215,,2024A&A...682A...5V,3
EGGR 290,5790,8.22,,2015ApJS..219...19L,4
EGGR 290,5790,8.2,,2009AJ....138.1681S,5
EGGR 372,5137,,,2022ApJ...935L..12B,1
EGGR 372,5667,8.349,,2024A&A...682A...5V,2
EGGR 372,5260,8.2,,2015ApJS..219...19L,3
EGGR 372,5590,8.36,,2009AJ....138.1681S,4
EGGR 375,6310,,,2022ApJ...935L..12B,1
EGGR 375,5556,7.972,,2024A&A...682A...5V,2
EGGR 375,6140,8.127,,2019ApJ...878...63B,3
EGGR 375,6410,8.25,,2015ApJS..219...19L,4
EGGR 375,6390,8.28,,2009AJ....138.1681S,5
EGGR 381,6354,8.23,,2023MNRAS.520.6111H,1
EGGR 381,6483,,,2022ApJ...935L..12B,2
EGGR 381,6610,8.277,,2024A&A...682A...5V,3
EGGR 381,6445,8.247,,2019ApJ...878...63B,4
EGGR 381,6420,8.15,,2015ApJS..219...19L,5
EGGR 381,6620,8.4,,2011ApJ...743..138G,6
EGGR 381,6610,8.36,,2009AJ....138.1681S,7
EGGR  41,6601,,,2022ApJ...935L..12B,1
EGGR  41,6711,8.066,,2024A&A...682A...5V,2
EGGR  41,6396,7.96,,2019ApJ...885...74C,3
EGGR  41,6395,7.966,,2019ApJ...878...63B,4
EGGR  41,6290,7.92,,2017AJ....154...32S,5
EGGR  41,6300,7.93,,2009AJ....138.1681S,6
EGGR 438,4576,,,2022ApJ...935L..12B,1
EGGR 438,4655,7.799,,2024A&A...682A...5V,2
EGGR 438,4605,7.783,,2019ApJ...878...63B,3
EGGR 438,4580,7.77,,2015ApJS..219...19L,4
EGGR 438,4590,7.76,,2009AJ....138.1681S,5
EGGR  45,4822,,,2022ApJ...935L..12B,1
EGGR  45,4758,8.073,,2024A&A...682A...5V,2
EGGR  45,4491,7.92,,2019ApJ...885...74C,3
EGGR  45,4430,7.967,,2019ApJ...878...63B,4
EGGR  45,5430,8.49,,2017AJ....154...32S,5
EGGR  45,4270,7.8,,2009AJ....138.1681S,6
EGGR 453,4263,,,2022ApJ...935L..12B,1
EGGR 453,4173,8.087,,2024A&A...682A...5V,2
EGGR 453,4132,8.03,,2019ApJ...885...74C,3
EGGR 453,4170,8.06,,2019ApJ...878...63B,4
EGGR 453,4000,7.92,,2017AJ....154...32S,5
EGGR 453,4000,8.01,,2009AJ....138.1681S,6
EGGR 473,4942,,,2022ApJ...935L..12B,1
EGGR 473,4991,8.043,,2024A&A...682A...5V,2
EGGR 473,4980,8.06,,2019ApJ...878...63B,3
EGGR 473,5040,8.16,,2015ApJS..219...19L,4
EGGR 473,5280,8.28,,2009AJ....138.1681S,5
EGGR 535,5754,,,2022ApJ...935L..12B,1
EGGR 535,7329,8.923,,2024A&A...682A...5V,2
EGGR 535,4530,8.074,,2019ApJ...878...63B,3
EGGR 535,5300,8.32,,2017AJ....154...32S,4
EGGR 535,4948,8.0,,2009AJ....138.1681S,5
EUVE J0625-60.0,5524,4.602,-0.065,2022AJ....163..152S,1
EUVE J0625-60.0,3372,4.756,,2022ApJS..259...35A,2
G 100-28,5592,3.897,0.051,2022AJ....163..152S,1
G 100-28,2795,4.59,0.01,2019ApJ...878..134K,2
G 100-28,2799,5.0,0.0,2018AJ....155...38G,3
G 100-28,2905,,,2014MNRAS.443.2561G,4
G 100-28,3332,,,2015ApJS..220...16T,5
G 100-28,3183,,,2015ApJS..220...16T,6
G 100-28,2750,5.0,,2013AJ....145..102L,7
G 100-28,,,0.14,2014AJ....147...20N,8
G 107-48,3250,5.06,,2022ApJ...927..122H,1
G 107-48,3314,,-0.18,2015ApJS..220...16T,2
G 107-48,3324,,-0.25,2015ApJS..220...16T,3
G 107-48,3213,,0.1,2015ApJS..220...16T,4
G 107-69,3200,5.0,,2020AJ....159...30H,1
G 107-69,3200,5.05,,2022ApJ...927..122H,2
G 107-69,3293,,-0.31,2015ApJS..220...16T,3
G 107-69,3214,,-0.31,2015ApJS..220...16T,4
G 107-69,3226,,-0.1,2015ApJS..220...16T,5
G 107-69,5020,7.92,,2009AJ....138.1681S,6
G 109-35,3085,5.08,,2024A&A...687A.205M,1
G 109-35,3158,,-0.1,2021A&A...656A.162M,2
G 109-35,3146,5.09,-0.16,2021A&A...656A.162M,3
G 109-35,2846,4.64,0.08,2019ApJ...878..134K,4
G 109-35,3085,5.16,0.01,2019A&A...625A..68S,5
G 109-35,3023,4.99,0.08,2019A&A...627A.161P,6
G 109-35,3014,5.0,0.09,2019A&A...627A.161P,7
G 109-35,3023,4.99,0.1,2019A&A...627A.161P,8
G 109-35,3000,5.3,,2018A&A...620A.180R,9
G 111-47,5529,4.359,-0.147,2022AJ....163..152S,1
G 111-47,3300,5.1,,2020AJ....159...30H,2
G 111-47,3314,,-0.05,2025ApJ...978..154J,3
G 111-47,3330,4.9,,2024A&A...687A.205M,4
G 111-47,3300,4.92,,2022ApJ...927..122H,5
G 111-47,3380,4.672,,2022ApJS..259...35A,6
G 111-47,3392,4.669,,2022ApJS..259...35A,7
G 111-47,3335,4.68,,2023MNRAS.526.5648C,8
G 111-47,3324,4.63,,2022MNRAS.516.3802C,9
G 111-47,3306,4.8566,,2021A&A...649A.147S,10
G 111-47,3290,,0.05,2020ApJ...892...31B,11
G 111-47,3438,,-0.23,2021A&A...656A.162M,12
G 111-47,3431,4.87,-0.22,2021A&A...656A.162M,13
G 111-47,3504,5.0607,-0.25,2020AJ....160..120J,14
G 111-47,3515,5.0239,-0.272,2020AJ....160..120J,15
G 111-47,3234,,0.004,2018MNRAS.475.1960F,16
G 111-47,3367,5.02,-0.01,2019A&A...625A..68S,17
G 111-47,3310,4.86,0.01,2019A&A...627A.161P,18
G 111-47,3434,4.83,-0.08,2019A&A...627A.161P,19
G 111-47,3321,4.85,0.04,2019A&A...627A.161P,20
G 111-47,3300,5.0,,2018A&A...620A.180R,21
G 111-47,3363,5.02,0.0,2018A&A...615A...6P,22
G 111-47,3197,,,2014MNRAS.443.2561G,23
G 111-47,3280,5.0,,2013AJ....145..102L,24
G 111-47,,,0.24,2014AJ....147...20N,25
G 112-21,3450,5.1,,2020AJ....159...30H,1
G 112-21,3405,4.8338,0.0,2024A&A...683A.125P,2
G 112-21,3491,4.79,,2024A&A...687A.205M,3
G 112-21,3450,4.83,,2022ApJ...927..122H,4
G 112-21,3540,4.874,0.039,2021ApJS..255....8R,5
G 112-21,3519,,-0.22,2021A&A...656A.162M,6
G 112-21,3511,4.82,-0.2,2021A&A...656A.162M,7
G 112-21,3423,4.88,-0.01,2020A&A...644A..68M,8
G 112-21,3507,,0.16,2019ApJ...878..134K,9
G 112-21,3423,,-0.066,2018MNRAS.475.1960F,10
G 112-21,3466,4.94,-0.03,2019A&A...625A..68S,11
G 112-21,3412,4.81,0.0,2019A&A...627A.161P,12
G 112-21,3480,4.73,0.21,2019A&A...627A.161P,13
G 112-21,3421,4.81,0.01,2019A&A...627A.161P,14
G 112-21,3400,5.0,,2018A&A...620A.180R,15
G 112-21,3458,4.95,-0.02,2018A&A...615A...6P,16
G 112-21,3448,,-0.09,2014MNRAS.443.2561G,17
G 112-21,3517,,-0.01,2014ApJ...791...54G,18
G 112-21,3448,,-0.01,2015ApJ...804...64M,19
G 112-50,3150,5.01,,2022ApJ...927..122H,1
G 112-50,3184,4.68,,2023MNRAS.526.5648C,2
G 112-50,3170,4.67,,2022MNRAS.516.3802C,3
G 112-50,3033,4.49,0.06,2019ApJ...878..134K,4
G 112-50,3094,,0.02,2014MNRAS.443.2561G,5
G 112-50,3278,,-0.06,2015ApJS..220...16T,6
G 112-50,3265,,-0.12,2015ApJS..220...16T,7
G 112-50,3052,,-0.11,2015ApJS..220...16T,8
G 113-20,3550,4.7879,0.0,2024A&A...683A.125P,1
G 113-20,3668,4.72,,2024A&A...687A.205M,2
G 113-20,3566,,-0.01,2021MNRAS.508.5148C,3
G 113-20,3600,4.78,,2022ApJ...927..122H,4
G 113-20,3597,,-0.12,2024A&A...690A..58A,5
G 113-20,3686,4.832,-0.048,2021ApJS..255....8R,6
G 113-20,3564,,-0.3,2021A&A...656A.162M,7
G 113-20,3570,4.98,-0.25,2021A&A...656A.162M,8
G 113-20,3559,4.81,-0.1,2020A&A...644A..68M,9
G 113-20,3474,,-0.13,2019ApJ...878..134K,10
G 113-20,3412,4.66,-0.16,2019ApJ...878..134K,11
G 113-20,3571,,-0.098,2018MNRAS.475.1960F,12
G 113-20,3568,4.89,-0.1,2019A&A...625A..68S,13
G 113-20,3534,4.77,-0.03,2019A&A...627A.161P,14
G 113-20,3595,4.7,0.17,2019A&A...627A.161P,15
G 113-20,3534,4.77,-0.04,2019A&A...627A.161P,16
G 113-20,3500,5.2,,2018A&A...620A.180R,17
G 113-20,3589,4.86,-0.06,2018A&A...615A...6P,18
G 113-20,3598,,,2014MNRAS.443.2561G,19
G 113-20,3501,,-0.1,2014ApJ...791...54G,20
G 113-20,3520,4.5,,2013AJ....145..102L,21
G 113-20,3500,,-0.12,2015ApJ...804...64M,22
G 113-20,,,-0.11,2014AJ....147...20N,23
G 113-20,3650,,,2009A&A...508.1313F,24
G 113-46,3371,5.02,-0.03,2018A&A...615A...6P,1
G 113-46,3435,,-0.27,2014MNRAS.443.2561G,2
G 113-46,3327,,-0.54,2015ApJS..220...16T,3
G 113-46,3226,,-0.36,2015ApJS..220...16T,4
G 113-46,3410,,-0.48,2015ApJS..220...16T,5
G 115-42,3183,4.97,,2024A&A...687A.205M,1
G 115-42,3200,5.0,,2022ApJ...927..122H,2
G 115-42,3286,,-0.12,2021A&A...656A.162M,3
G 115-42,3293,5.16,-0.06,2021A&A...656A.162M,4
G 115-42,3228,5.1,-0.02,2019A&A...625A..68S,5
G 115-42,3153,4.79,-0.08,2019A&A...627A.161P,6
G 115-42,3136,4.77,0.0,2019A&A...627A.161P,7
G 115-42,3151,4.79,-0.09,2019A&A...627A.161P,8
G 115-42,3200,5.2,,2018A&A...620A.180R,9
G 115-42,3118,,0.2,2014MNRAS.443.2561G,10
G 115-42,3286,,0.06,2015ApJS..220...16T,11
G 115-42,3298,,-0.13,2015ApJS..220...16T,12
G 115-42,,,0.03,2015ApJS..220...16T,13
G 115-42,3040,4.5,,2013AJ....145..102L,14
G 115-42,3218,,-0.04,2012ApJ...748...93R,15
G 115-42,2922,,,2009ApJ...704..975J,16
G 119-36,3200,5.2,,2020AJ....159...30H,1
G 119-36,3200,5.01,,2022ApJ...927..122H,2
G 119-36,3161,,,2014MNRAS.443.2561G,3
G 119-36,3276,,-0.49,2015ApJS..220...16T,4
G 119-36,3181,,-0.27,2015ApJS..220...16T,5
G 119-36,3003,,-0.37,2015ApJS..220...16T,6
G 119-36,3140,5.0,,2013AJ....145..102L,7
G 119-36,,,-0.57,2014AJ....147...20N,8
G 122-49,3280,5.09,-0.12,2024A&A...691A..53S,1
G 122-49,5520,4.772,-0.042,2022AJ....163..152S,2
G 122-49,3100,5.0,,2020AJ....159...30H,3
G 122-49,3149,,-0.13,2025ApJ...978..154J,4
G 122-49,3191,5.0,,2024A&A...687A.205M,5
G 122-49,3200,5.05,,2022ApJ...927..122H,6
G 122-49,3272,4.702,,2022ApJS..259...35A,7
G 122-49,3191,4.72,,2023MNRAS.526.5648C,8
G 122-49,3178,4.71,,2022MNRAS.516.3802C,9
G 122-49,3331,5.1428,-0.377,2020AJ....160..120J,10
G 122-49,3277,,-0.25,2021A&A...656A.162M,11
G 122-49,3282,5.09,-0.19,2021A&A...656A.162M,12
G 122-49,3304,,-0.143,2018MNRAS.475.1960F,13
G 122-49,3221,5.11,-0.05,2019A&A...625A..68S,14
G 122-49,3170,4.95,0.01,2019A&A...627A.161P,15
G 122-49,3265,4.94,-0.1,2019A&A...627A.161P,16
G 122-49,3185,4.96,-0.02,2019A&A...627A.161P,17
G 122-49,3200,5.2,,2018A&A...620A.180R,18
G 122-49,3211,5.11,0.0,2018A&A...615A...6P,19
G 122-49,3131,,,2014MNRAS.443.2561G,20
G 122-49,3280,,0.03,2015ApJS..220...16T,21
G 122-49,3285,,-0.13,2015ApJS..220...16T,22
G 122-49,,,0.1,2015ApJS..220...16T,23
G 122-49,3130,5.0,,2013AJ....145..102L,24
G 122-49,3118,,0.03,2015ApJ...804...64M,25
G 122-49,,,0.1,2014AJ....147...20N,26
G 123-45,3150,5.02,,2022ApJ...927..122H,1
G 123-45,3300,,0.1,2015ApJS..220...16T,2
G 123-45,3275,,-0.11,2015ApJS..220...16T,3
G 123-45,3019,,0.05,2015ApJS..220...16T,4
G 123-45,,,0.16,2014AJ....147...20N,5
G 124-27,3300,5.2,,2020AJ....159...30H,1
G 124-27,3300,4.96,,2022ApJ...927..122H,2
G 124-27,3283,,-0.02,2014MNRAS.443.2561G,3
G 125-30,5510,4.6356,-0.179,2022AJ....163..152S,1
G 125-30,3600,4.8,,2020AJ....159...30H,2
G 125-30,3750,4.79,,2022ApJ...927..122H,3
G 125-30,3705,4.665,-0.4461,2022ApJS..259...35A,4
G 125-30,3788,4.9728,,2021A&A...649A.147S,5
G 125-30,3779,4.9319,-0.429,2020AJ....160..120J,6
G 125-30,3623,4.5,0.0,2018AJ....155...38G,7
G 125-30,3589,,,2014MNRAS.443.2561G,8
G 125-30,3550,4.5,,2013AJ....145..102L,9
G 125-34,3400,4.96,,2022ApJ...927..122H,1
G 125-34,3327,,,2014MNRAS.443.2561G,2
G 125-34,3323,,-0.21,2015ApJS..220...16T,3
G 125-34,3395,,-0.29,2015ApJS..220...16T,4
G 125-34,3366,,-0.17,2015ApJS..220...16T,5
G 125-34,3280,5.0,,2013AJ....145..102L,6
G 130-3,3279,,0.05,2015ApJS..220...16T,1
G 130-3,3276,,-0.15,2015ApJS..220...16T,2
G 130-3,,,0.06,2015ApJS..220...16T,3
G 130-3,3113,,-0.12,2015ApJ...804...64M,4
G 130-3,,,-0.02,2014AJ....147...20N,5
G 130-4,3200,5.1,,2020AJ....159...30H,1
G 130-4,3198,,-0.09,2025ApJ...978..154J,2
G 130-4,3205,4.96,,2024A&A...687A.205M,3
G 130-4,3250,4.99,,2022ApJ...927..122H,4
G 130-4,3242,4.75,,2023MNRAS.526.5648C,5
G 130-4,3238,5.0,,2022MNRAS.516.3802C,6
G 130-4,3295,,-0.06,2021A&A...656A.162M,7
G 130-4,3301,5.18,-0.16,2021A&A...656A.162M,8
G 130-4,3173,,0.05,2018MNRAS.475.1960F,9
G 130-4,3256,5.09,-0.04,2019A&A...625A..68S,10
G 130-4,3321,4.94,-0.01,2019A&A...627A.161P,11
G 130-4,3215,4.94,-0.01,2019A&A...627A.161P,12
G 130-4,3215,4.95,-0.03,2019A&A...627A.161P,13
G 130-4,3200,5.1,,2018A&A...620A.180R,14
G 130-4,3247,5.1,-0.05,2018A&A...615A...6P,15
G 130-4,3155,,0.18,2014MNRAS.443.2561G,16
G 130-4,3296,,0.12,2015ApJS..220...16T,17
G 130-4,3258,,-0.22,2015ApJS..220...16T,18
G 130-4,3111,,-0.05,2015ApJS..220...16T,19
G 130-4,3100,5.0,,2013AJ....145..102L,20
G 130-4,3173,,0.05,2015ApJ...804...64M,21
G 130-4,,,0.14,2014AJ....147...20N,22
G  13-22,3000,5.0,,2020AJ....159...30H,1
G  13-22,3050,5.04,,2022ApJ...927..122H,2
G  13-22,3100,4.0,,2023MNRAS.524.6085K,3
G  13-22,2937,4.59,0.05,2019ApJ...878..134K,4
G  13-22,2874,,,2018MNRAS.475.1960F,5
G  13-22,3078,,,2014MNRAS.443.2561G,6
G  13-22,3277,,0.34,2015ApJS..220...16T,7
G  13-22,3267,,0.01,2015ApJS..220...16T,8
G  13-22,,,0.28,2015ApJS..220...16T,9
G  13-22,3040,5.0,,2013AJ....145..102L,10
G  13-22,,,0.28,2014AJ....147...20N,11
G 137-78,3334,4.92,,2024A&A...687A.205M,1
G 137-78,3346,,-0.19,2021A&A...656A.162M,2
G 137-78,3362,4.97,-0.16,2021A&A...656A.162M,3
G 137-78,3330,5.04,0.04,2019A&A...625A..68S,4
G 137-78,3253,4.88,0.04,2019A&A...627A.161P,5
G 137-78,3274,4.85,0.09,2019A&A...627A.161P,6
G 137-78,3273,4.88,0.0,2019A&A...627A.161P,7
G 137-78,3300,5.0,,2018A&A...620A.180R,8
G 137-78,3310,5.05,0.02,2018A&A...615A...6P,9
G 137-78,3105,,0.03,2014MNRAS.443.2561G,10
G 137-78,3100,4.5,,2013AJ....145..102L,11
G 137-78,,,-0.15,2014AJ....147...20N,12
G 137-84,3500,5.1,,2020AJ....159...30H,1
G 137-84,3443,4.86,,2024A&A...687A.205M,2
G 137-84,3400,4.84,,2022ApJ...927..122H,3
G 137-84,3525,,-0.14,2021A&A...656A.162M,4
G 137-84,3517,5.06,-0.03,2021A&A...656A.162M,5
G 137-84,3450,4.98,-0.1,2019A&A...625A..68S,6
G 137-84,3414,4.86,-0.07,2019A&A...627A.161P,7
G 137-84,3460,4.85,-0.1,2019A&A...627A.161P,8
G 137-84,3420,4.85,-0.05,2019A&A...627A.161P,9
G 137-84,3500,5.1,,2018A&A...620A.180R,10
G 137-84,3455,4.98,-0.09,2018A&A...615A...6P,11
G 137-84,3482,,,2014MNRAS.443.2561G,12
G 137-84,3520,5.0,,2013AJ....145..102L,13
G 138-38,5594,,,2022ApJ...935L..12B,1
G 138-38,5707,8.065,,2024A&A...682A...5V,2
G 138-38,5600,7.555,,2019ApJ...878...63B,3
G 138-38,5670,8.07,,2017AJ....154...32S,4
G 138-38,5730,8.0,,2015ApJS..219...19L,5
G 138-38,5630,8.0,,2013AJ....145..136L,6
G 138-38,5740,,,2012AJ....143..103S,7
G 139-29,3277,,0.02,2015ApJS..220...16T,1
G 139-29,3184,,-0.09,2015ApJS..220...16T,2
G 139-29,,,0.08,2015ApJS..220...16T,3
G 139-29,,,0.07,2014AJ....147...20N,4
G 141-36,2950,5.1,,2020AJ....159...30H,1
G 141-36,3061,5.05,,2024A&A...687A.205M,2
G 141-36,3000,5.11,,2022ApJ...927..122H,3
G 141-36,3169,,-0.14,2021A&A...656A.162M,4
G 141-36,3175,5.1,-0.19,2021A&A...656A.162M,5
G 141-36,3031,5.02,0.0,2019A&A...627A.161P,6
G 141-36,3124,5.0,-0.05,2019A&A...627A.161P,7
G 141-36,3100,5.4,,2018A&A...620A.180R,8
G 141-36,2967,,,2014MNRAS.443.2561G,9
G 141-36,3283,,0.34,2015ApJS..220...16T,10
G 141-36,3291,,0.0,2015ApJS..220...16T,11
G 141-36,,,0.41,2015ApJS..220...16T,12
G 141-36,3030,5.0,,2013AJ....145..102L,13
G 141-36,,,0.27,2014AJ....147...20N,14
G 142-11,3211,4.98,,2024A&A...687A.205M,1
G 142-11,3281,,-0.18,2021A&A...656A.162M,2
G 142-11,3277,4.93,-0.21,2021A&A...656A.162M,3
G 142-11,3342,5.01,-0.11,2020A&A...644A..68M,4
G 142-11,3259,5.08,0.02,2019A&A...625A..68S,5
G 142-11,3181,4.9,0.09,2019A&A...627A.161P,6
G 142-11,3245,4.86,0.1,2019A&A...627A.161P,7
G 142-11,3185,4.9,0.09,2019A&A...627A.161P,8
G 142-11,3200,5.2,,2018A&A...620A.180R,9
G 142-11,3240,5.08,0.06,2018A&A...615A...6P,10
G 142-11,3054,,-0.03,2014MNRAS.443.2561G,11
G 142-11,3290,,0.07,2015ApJS..220...16T,12
G 142-11,3366,,-0.09,2015ApJS..220...16T,13
G 142-11,3068,,0.11,2015ApJS..220...16T,14
G 142-11,3030,4.5,,2013AJ....145..102L,15
G 142-11,,,0.15,2014AJ....147...20N,16
G 144-25,3198,4.96,,2024A&A...687A.205M,1
G 144-25,3150,5.02,,2022ApJ...927..122H,2
G 144-25,2992,,-0.05,2024A&A...690A..58A,3
G 144-25,3281,,-0.18,2021A&A...656A.162M,4
G 144-25,3263,5.02,-0.16,2021A&A...656A.162M,5
G 144-25,3351,4.97,-0.02,2020A&A...644A..68M,6
G 144-25,3234,5.1,0.02,2019A&A...625A..68S,7
G 144-25,3182,4.94,0.02,2019A&A...627A.161P,8
G 144-25,3242,4.89,0.04,2019A&A...627A.161P,9
G 144-25,3186,4.91,0.07,2019A&A...627A.161P,10
G 144-25,3236,5.09,0.03,2018A&A...615A...6P,11
G 144-25,3094,,0.31,2014MNRAS.443.2561G,12
G 144-25,3280,,0.33,2015ApJS..220...16T,13
G 144-25,3358,,-0.01,2015ApJS..220...16T,14
G 144-25,3089,,0.31,2015ApJS..220...16T,15
G 144-25,,,0.26,2014AJ....147...20N,16
G 144-25,3080,,0.2,2012ApJ...748...93R,17
G 146-58,3347,4.92,,2024A&A...687A.205M,1
G 146-58,3250,5.0,,2022ApJ...927..122H,2
G 146-58,3272,,-0.38,2021A&A...656A.162M,3
G 146-58,3298,4.87,-0.29,2021A&A...656A.162M,4
G 146-58,3272,5.07,0.07,2019A&A...625A..68S,5
G 146-58,3214,4.89,0.08,2019A&A...627A.161P,6
G 146-58,3243,4.9,0.0,2019A&A...627A.161P,7
G 146-58,3225,4.89,0.06,2019A&A...627A.161P,8
G 146-58,3300,5.0,,2018A&A...620A.180R,9
G 146-58,3263,5.07,0.05,2018A&A...615A...6P,10
G 146-58,3158,,-0.02,2014MNRAS.443.2561G,11
G 146-58,3282,,-0.31,2015ApJS..220...16T,12
G 146-58,3211,,-0.37,2015ApJS..220...16T,13
G 146-58,3378,,-0.34,2015ApJS..220...16T,14
G 146-58,3100,4.5,,2013AJ....145..102L,15
G 146-58,,,-0.29,2014AJ....147...20N,16
G 146-58,2996,,,2009ApJ...704..975J,17
G 148-48,3124,5.03,,2022A&A...660A..38W,1
G 154-43,3200,4.99,,2022ApJ...927..122H,1
G 154-44,3192,,-0.78,2021A&A...656A.162M,1
G 154-44,3220,5.23,-0.54,2021A&A...656A.162M,2
G 154-44,3371,4.94,-0.01,2020A&A...644A..68M,3
G 154-44,2947,,,2018MNRAS.475.1960F,4
G 154-44,3200,5.4,,2018A&A...620A.180R,5
G 154-44,3104,,0.05,2014MNRAS.443.2561G,6
G 154-44,3245,,-0.05,2012ApJ...748...93R,7
G 155-29,3650,4.8,,2020AJ....159...30H,1
G 155-29,3500,4.81,,2022ApJ...927..122H,2
G 155-29,3540,,-0.06,2019ApJ...878..134K,3
G 155-29,3378,,,2014MNRAS.443.2561G,4
G 155-29,3500,5.0,,2013A&A...556A..15R,5
G 157-77,3056,,-0.2,2025ApJ...978..154J,1
G 157-77,2967,4.58,,2023MNRAS.526.5648C,2
G 157-77,2961,4.55,,2022MNRAS.516.3802C,3
G 157-77,3149,,-0.22,2021A&A...656A.162M,4
G 157-77,3136,5.27,-0.2,2021A&A...656A.162M,5
G 157-77,2856,4.71,-0.05,2019ApJ...878..134K,6
G 157-77,3052,5.19,-0.09,2019A&A...625A..68S,7
G 157-77,3000,5.3,,2018A&A...620A.180R,8
G 157-77,3290,,,2015ApJS..220...16T,9
G 157-77,3211,,,2015ApJS..220...16T,10
G 157-77,2800,5.0,,2013A&A...556A..15R,11
G 157-77,3012,,-0.04,2012ApJ...748...93R,12
G 158-27,3024,5.1,-0.25,2024A&A...691A..53S,1
G 158-27,3003,,-0.18,2025ApJ...978..154J,2
G 158-27,3073,5.1,,2024A&A...687A.205M,3
G 158-27,2961,4.63,,2023MNRAS.526.5648C,4
G 158-27,2875,,-0.43,2022A&A...658A.194P,5
G 158-27,3133,5.12,-0.02,2022A&A...658A.194P,6
G 158-27,3181,4.82,-0.06,2022A&A...658A.194P,7
G 158-27,3069,5.04,-0.13,2022A&A...658A.194P,8
G 158-27,3088,5.11,-0.06,2022A&A...658A.194P,9
G 158-27,3169,5.11,-0.48,2022A&A...658A.194P,10
G 158-27,3031,4.83,0.78,2022A&A...658A.194P,11
G 158-27,2748,,-0.43,2022A&A...658A.194P,12
G 158-27,2960,5.1,0.45,2022A&A...658A.194P,13
G 158-27,2951,5.12,0.31,2022A&A...658A.194P,14
G 158-27,2960,5.1,-0.11,2022A&A...658A.194P,15
G 158-27,3023,4.8,-0.29,2022A&A...658A.194P,16
G 158-27,2960,5.1,-0.07,2022A&A...658A.194P,17
G 158-27,3024,5.1,-0.25,2022A&A...658A.194P,18
G 158-27,2980,4.7,,2022MNRAS.516.3802C,19
G 158-27,3137,,-0.37,2021A&A...656A.162M,20
G 158-27,3169,5.2,-0.22,2021A&A...656A.162M,21
G 158-27,3378,5.01,-0.25,2020A&A...644A..68M,22
G 158-27,3061,5.19,-0.13,2019A&A...625A..68S,23
G 158-27,3023,5.05,-0.08,2019A&A...627A.161P,24
G 158-27,3024,5.03,-0.03,2019A&A...627A.161P,25
G 158-27,3038,5.04,-0.1,2019A&A...627A.161P,26
G 158-27,3100,5.5,,2018A&A...620A.180R,27
G 158-27,3292,,,2015ApJS..220...16T,28
G 158-27,3182,,,2015ApJS..220...16T,29
G 158-50,3341,,-0.14,2021MNRAS.508.5148C,1
G 158-50,3186,4.681,-0.33,2019A&A...629A..80H,2
G 158-50,3227,,-0.47,2014MNRAS.443.2561G,3
G 159-3,2969,4.66,-0.07,2019ApJ...878..134K,1
G 159-3,3277,,-0.11,2015ApJS..220...16T,2
G 159-3,3231,,-0.25,2015ApJS..220...16T,3
G 159-3,,,0.06,2015ApJS..220...16T,4
G 159-3,3011,,-0.03,2015ApJ...804...64M,5
G 160-28,5512,4.396,-0.075,2022AJ....163..152S,1
G 160-28,3324,4.656,,2022ApJS..259...35A,2
G 160-28,3420,4.817,-0.728,2020AJ....160..120J,3
G 160-28,3331,5.08,-0.25,2020A&A...644A..68M,4
G 160-28,4700,,,2014MNRAS.443.2561G,5
G 160-28,3200,5.0,,2013A&A...556A..15R,6
G 161-7,3200,1.0,,2020AJ....160...83S,1
G 161-7,3076,,,2014MNRAS.443.2561G,2
G 161-7,3000,5.0,,2013A&A...556A..15R,3
G 161-7,3200,1.0,,2013AJ....146..134K,4
G 161-71,2950,4.91,,2022ApJ...927..122H,1
G 161-71,3200,4.0,,2023MNRAS.524.6085K,2
G 161-71,3032,,-0.22,2021A&A...656A.162M,3
G 161-71,3068,5.05,-0.21,2021A&A...656A.162M,4
G 161-71,4446,2.27,,2020AJ....160...83S,5
G 161-71,2879,4.39,-0.01,2019ApJ...878..134K,6
G 161-71,2853,,,2018MNRAS.475.1960F,7
G 161-71,3025,,,2014MNRAS.443.2561G,8
G 161-71,2850,4.5,-0.0,2014ApJ...792...37M,9
G 161-71,3000,5.0,,2013A&A...556A..15R,10
G 161-71,4446,2.27,,2013AJ....146..134K,11
G 164-47,5615,3.631,-0.063,2022AJ....163..152S,1
G 164-47,3200,5.05,,2022ApJ...927..122H,2
G 164-47,3031,,,2018MNRAS.475.1960F,3
G 164-47,3284,,0.02,2015ApJS..220...16T,4
G 164-47,3236,,-0.2,2015ApJS..220...16T,5
G 164-47,,,-0.02,2015ApJS..220...16T,6
G 164-47,,,0.08,2014AJ....147...20N,7
G 164-65,3450,4.9,,2020AJ....159...30H,1
G 164-65,3500,4.89,,2022ApJ...927..122H,2
G 164-65,3461,,,2014MNRAS.443.2561G,3
G 164-65,3400,5.0,,2013AJ....145..102L,4
G 164-65,,,-0.05,2014AJ....147...20N,5
G 165-58,3300,4.96,,2022ApJ...927..122H,1
G 165-58,3368,,,2014MNRAS.443.2561G,2
G 165-58,3370,5.0,,2013AJ....145..102L,3
G 166-49,5533,4.417,-0.126,2022AJ....163..152S,1
G 166-49,3250,4.91,,2022ApJ...927..122H,2
G 166-49,3357,4.636,,2022ApJS..259...35A,3
G 166-49,3455,5.1747,-0.3,2020AJ....160..120J,4
G 166-49,3175,,,2018MNRAS.475.1960F,5
G 166-49,3340,,,2014MNRAS.443.2561G,6
G 166-49,3270,5.0,,2013AJ....145..102L,7
G 169-29,5529,4.47,-0.018,2022AJ....163..152S,1
G 169-29,3100,5.07,,2022ApJ...927..122H,2
G 169-29,3212,4.723,,2022ApJS..259...35A,3
G 169-29,3277,,-0.16,2015ApJS..220...16T,4
G 169-29,3332,,-0.19,2015ApJS..220...16T,5
G 169-29,,,-0.05,2015ApJS..220...16T,6
G 169-29,3054,,-0.12,2015ApJ...804...64M,7
G 169-29,,,-0.03,2014AJ....147...20N,8
G 172-30,3400,5.1,,2020AJ....159...30H,1
G 172-30,3412,4.87,,2024A&A...687A.205M,2
G 172-30,3400,4.86,,2022ApJ...927..122H,3
G 172-30,3491,,-0.17,2021A&A...656A.162M,4
G 172-30,3488,5.04,-0.04,2021A&A...656A.162M,5
G 172-30,3407,,-0.089,2018MNRAS.475.1960F,6
G 172-30,3426,4.99,-0.06,2019A&A...625A..68S,7
G 172-30,3400,4.85,-0.01,2019A&A...627A.161P,8
G 172-30,3414,4.86,-0.05,2019A&A...627A.161P,9
G 172-30,3397,4.85,-0.01,2019A&A...627A.161P,10
G 172-30,3400,5.0,,2018A&A...620A.180R,11
G 172-30,3425,4.99,-0.05,2018A&A...615A...6P,12
G 172-30,3403,,,2014MNRAS.443.2561G,13
G 172-30,3380,5.0,,2013AJ....145..102L,14
G 175-34,5534,4.525,-0.227,2022AJ....163..152S,1
G 175-34,3312,4.89,,2024A&A...687A.205M,2
G 175-34,3200,4.91,,2022ApJ...927..122H,3
G 175-34,3357,4.683,,2022ApJS..259...35A,4
G 175-34,3311,4.69,,2023MNRAS.526.5648C,5
G 175-34,4844,4.825,-1.339,2019ApJ...879...69T,6
G 175-34,3307,4.71,,2022MNRAS.516.3802C,7
G 175-34,3273,,0.18,2020ApJ...892...31B,8
G 175-34,3365,,-0.24,2021A&A...656A.162M,9
G 175-34,3382,4.89,-0.25,2021A&A...656A.162M,10
G 175-34,3475,5.0732,-0.04,2020AJ....160..120J,11
G 175-34,3181,,0.076,2018MNRAS.475.1960F,12
G 175-34,3277,4.86,0.06,2019A&A...627A.161P,13
G 175-34,3234,4.88,0.09,2019A&A...627A.161P,14
G 175-34,3230,4.86,0.12,2019A&A...627A.161P,15
G 175-34,3325,5.03,0.05,2018A&A...615A...6P,16
G 175-34,3277,,0.49,2014MNRAS.443.2561G,17
G 175-34,3100,4.5,,2013AJ....145..102L,18
G 175-34,,,0.3,2014AJ....147...20N,19
G 175-34,3272,,0.36,2012ApJ...748...93R,20
G 177-25,5480,4.729,0.037,2022AJ....163..152S,1
G 177-25,3000,4.9,,2020AJ....159...30H,2
G 177-25,3100,5.07,,2022ApJ...927..122H,3
G 177-25,3202,4.835,,2022ApJS..259...35A,4
G 177-25,3226,,-0.34,2021A&A...656A.162M,5
G 177-25,3221,5.25,-0.37,2021A&A...656A.162M,6
G 177-25,3282,5.2829,-0.49,2020AJ....160..120J,7
G 177-25,2925,,,2018MNRAS.475.1960F,8
G 177-25,3157,5.16,-0.15,2019A&A...625A..68S,9
G 177-25,3200,5.5,,2018A&A...620A.180R,10
G 177-25,3277,,0.2,2015ApJS..220...16T,11
G 177-25,3220,,-0.1,2015ApJS..220...16T,12
G 177-25,,,0.29,2015ApJS..220...16T,13
G 177-25,,,0.19,2014AJ....147...20N,14
G 180-60,5513,4.529,0.047,2022AJ....163..152S,1
G 180-60,3000,5.07,,2022ApJ...927..122H,2
G 180-60,3138,4.831,,2022ApJS..259...35A,3
G 180-60,3157,4.881,,2022ApJS..259...35A,4
G 180-60,3119,4.841,,2022ApJS..259...35A,5
G 180-60,2956,4.12,,2022A&A...660A..38W,6
G 180-60,3009,,0.18,2020ApJ...892...31B,7
G 180-60,3298,,-0.73,2021A&A...656A.162M,8
G 180-60,3170,4.86,-0.69,2021A&A...656A.162M,9
G 180-60,3100,5.4,,2018A&A...620A.180R,10
G 180-60,3286,,0.56,2015ApJS..220...16T,11
G 180-60,3285,,0.18,2015ApJS..220...16T,12
G 180-60,,,0.56,2015ApJS..220...16T,13
G 180-60,,,0.3,2014AJ....147...20N,14
G 181-39,3550,4.8,,2020AJ....159...30H,1
G 181-39,3564,4.78,,2024A&A...687A.205M,2
G 181-39,3450,4.84,,2022ApJ...927..122H,3
G 181-39,3578,4.901,-0.102,2021ApJS..255....8R,4
G 181-39,3540,,-0.28,2021A&A...656A.162M,5
G 181-39,3540,4.96,-0.3,2021A&A...656A.162M,6
G 181-39,3442,4.94,-0.24,2020A&A...644A..68M,7
G 181-39,3498,4.93,-0.07,2019A&A...625A..68S,8
G 181-39,3451,4.81,-0.05,2019A&A...627A.161P,9
G 181-39,3513,4.75,0.07,2019A&A...627A.161P,10
G 181-39,3465,4.79,-0.01,2019A&A...627A.161P,11
G 181-39,3500,5.0,,2018A&A...620A.180R,12
G 181-39,3499,4.93,-0.08,2018A&A...615A...6P,13
G 181-39,3415,,,2014MNRAS.443.2561G,14
G 181-39,3406,,-0.15,2014ApJ...791...54G,15
G 181-39,3530,5.0,,2013AJ....145..102L,16
G 181-39,3433,,-0.15,2015ApJ...804...64M,17
G 182-36,3171,5.01,,2024A&A...687A.205M,1
G 182-36,3186,,-0.22,2021A&A...656A.162M,2
G 182-36,3210,5.02,-0.08,2021A&A...656A.162M,3
G 182-36,3163,5.12,0.03,2019A&A...625A..68S,4
G 182-36,3170,4.91,0.09,2019A&A...627A.161P,5
G 182-36,3092,4.95,0.14,2019A&A...627A.161P,6
G 182-36,3200,5.5,,2018A&A...620A.180R,7
G 182-36,3279,,,2015ApJS..220...16T,8
G 182-36,3188,,,2015ApJS..220...16T,9
G 182-36,,,-0.04,2014AJ....147...20N,10
G 182-36,2802,,,2009ApJ...704..975J,11
G 184-19,3186,,0.31,2014MNRAS.443.2561G,1
G 184-19,3279,,0.37,2015ApJS..220...16T,2
G 184-19,3370,,0.09,2015ApJS..220...16T,3
G 184-19,3171,,0.19,2015ApJS..220...16T,4
G 184-19,3040,4.5,,2013AJ....145..102L,5
G 184-19,3232,,0.24,2015ApJ...804...64M,6
G 184-19,,,0.28,2014AJ....147...20N,7
G 184-19B,2185,,,2014MNRAS.443.2561G,1
G 184-19B,3283,,0.36,2015ApJS..220...16T,2
G 184-19B,3289,,0.15,2015ApJS..220...16T,3
G 184-19B,,,0.35,2015ApJS..220...16T,4
G 184-19B,,,0.28,2014AJ....147...20N,5
G 184-24,3200,4.99,,2022ApJ...927..122H,1
G 184-24,3292,,0.07,2015ApJS..220...16T,2
G 184-24,3466,,-0.25,2015ApJS..220...16T,3
G 184-24,3384,,-0.14,2015ApJS..220...16T,4
G 184-24,3214,,-0.13,2015ApJ...804...64M,5
G 184-24,,,0.1,2014AJ....147...20N,6
G 184-31,,,0.13,2014AJ....147...20N,1
G  18-49,3250,4.97,,2022ApJ...927..122H,1
G  18-49,3148,4.72,-0.17,2019ApJ...878..134K,2
G  18-49,3300,,-0.09,2015ApJS..220...16T,3
G  18-49,3337,,-0.21,2015ApJS..220...16T,4
G  18-49,3316,,-0.08,2015ApJS..220...16T,5
G 185-18,3211,4.97,,2024A&A...687A.205M,1
G 185-18,3279,,-0.26,2021A&A...656A.162M,2
G 185-18,3278,5.05,-0.25,2021A&A...656A.162M,3
G 185-18,3059,5.17,-0.03,2019A&A...625A..68S,4
G 185-18,3216,4.93,-0.01,2019A&A...627A.161P,5
G 185-18,3204,4.9,0.08,2019A&A...627A.161P,6
G 185-18,3213,4.92,0.01,2019A&A...627A.161P,7
G 185-18,3200,5.1,,2018A&A...620A.180R,8
G 185-18,3249,5.09,0.02,2018A&A...615A...6P,9
G 185-18,3099,,0.1,2014MNRAS.443.2561G,10
G 185-18,3278,,0.16,2015ApJS..220...16T,11
G 185-18,3314,,0.1,2015ApJS..220...16T,12
G 185-18,,,0.1,2015ApJS..220...16T,13
G 185-18,3060,4.5,,2013AJ....145..102L,14
G 185-18,,,0.18,2014AJ....147...20N,15
G 192-11,3850,4.72,,2022ApJ...927..122H,1
G 192-11,3723,,,2014MNRAS.443.2561G,2
G 192-11,3560,4.5,,2013AJ....145..102L,3
G 192-12,3150,4.97,,2022ApJ...927..122H,1
G 192-12,,,0.15,2014AJ....147...20N,2
G 192-13,5514,4.524,-0.134,2022AJ....163..152S,1
G 192-13,3300,5.1,,2020AJ....159...30H,2
G 192-13,3283,,0.02,2025ApJ...978..154J,3
G 192-13,3304,4.92,,2024A&A...687A.205M,4
G 192-13,3300,4.93,,2022ApJ...927..122H,5
G 192-13,3366,4.685,,2022ApJS..259...35A,6
G 192-13,3342,4.78,,2023MNRAS.526.5648C,7
G 192-13,3326,4.81,,2022MNRAS.516.3802C,8
G 192-13,3389,,-0.11,2021A&A...656A.162M,9
G 192-13,3431,4.97,-0.22,2021A&A...656A.162M,10
G 192-13,3483,5.0443,-0.316,2020AJ....160..120J,11
G 192-13,3241,,-0.062,2018MNRAS.475.1960F,12
G 192-13,3357,5.03,-0.01,2019A&A...625A..68S,13
G 192-13,3289,4.76,-0.03,2019A&A...627A.161P,14
G 192-13,3278,4.76,0.0,2019A&A...627A.161P,15
G 192-13,3293,4.77,-0.03,2019A&A...627A.161P,16
G 192-13,3300,5.0,,2018A&A...620A.180R,17
G 192-13,3358,5.02,0.0,2018A&A...615A...6P,18
G 192-13,3178,,,2014MNRAS.443.2561G,19
G 192-13,3323,,0.03,2014ApJ...791...54G,20
G 192-13,3300,5.0,,2013AJ....145..102L,21
G 192-13,3340,,-0.09,2015ApJ...804...64M,22
G 192-13,,,0.13,2014AJ....147...20N,23
G 192-15,3000,5.1,,2020AJ....159...30H,1
G 192-15,3136,5.02,,2024A&A...687A.205M,2
G 192-15,3050,5.12,,2022ApJ...927..122H,3
G 192-15,3201,,-0.2,2021A&A...656A.162M,4
G 192-15,3213,5.17,-0.15,2021A&A...656A.162M,5
G 192-15,3145,5.15,-0.06,2019A&A...625A..68S,6
G 192-15,3104,4.98,-0.03,2019A&A...627A.161P,7
G 192-15,3086,4.95,0.07,2019A&A...627A.161P,8
G 192-15,3112,4.98,-0.04,2019A&A...627A.161P,9
G 192-15,3200,5.5,,2018A&A...620A.180R,10
G 192-15,3277,,0.22,2015ApJS..220...16T,11
G 192-15,3235,,-0.02,2015ApJS..220...16T,12
G 192-15,,,0.19,2015ApJS..220...16T,13
G 192-15,3000,,0.01,2015ApJ...804...64M,14
G 192-15,,,0.2,2014AJ....147...20N,15
G 192-15,3054,,-0.01,2012ApJ...748...93R,16
G 192-15,2812,,,2009ApJ...704..975J,17
G 193-27,3050,5.0,,2020AJ....159...30H,1
G 193-27,3100,5.03,,2022ApJ...927..122H,2
G 193-27,3040,,,2014MNRAS.443.2561G,3
G 193-27,3276,,,2015ApJS..220...16T,4
G 193-27,3181,,,2015ApJS..220...16T,5
G 193-27,3040,4.5,,2013AJ....145..102L,6
G 193-27,2982,,-0.46,2012ApJ...748...93R,7
G 193-27,2910,,,2009ApJ...704..975J,8
G 195-57,3293,,-0.44,2015ApJS..220...16T,1
G 195-57,3234,,-0.42,2015ApJS..220...16T,2
G 195-57,3311,,-0.34,2015ApJS..220...16T,3
G 195-59,3400,5.0,,2020AJ....159...30H,1
G 195-59,3394,4.87,,2024A&A...687A.205M,2
G 195-59,3450,4.89,,2022ApJ...927..122H,3
G 195-59,3461,,-0.13,2021A&A...656A.162M,4
G 195-59,3474,4.9,-0.14,2021A&A...656A.162M,5
G 195-59,3339,,-0.117,2018MNRAS.475.1960F,6
G 195-59,3406,5.0,-0.05,2019A&A...625A..68S,7
G 195-59,3356,4.75,-0.04,2019A&A...627A.161P,8
G 195-59,3354,4.74,0.03,2019A&A...627A.161P,9
G 195-59,3351,4.76,-0.05,2019A&A...627A.161P,10
G 195-59,3400,5.0,,2018A&A...620A.180R,11
G 195-59,3408,4.99,-0.01,2018A&A...615A...6P,12
G 195-59,3327,,0.14,2014MNRAS.443.2561G,13
G 195-59,3280,5.0,,2013AJ....145..102L,14
G  19-7,3180,4.93,,2024A&A...687A.205M,1
G  19-7,3316,,-0.17,2021MNRAS.508.5148C,2
G  19-7,3204,,-0.94,2021A&A...656A.162M,3
G  19-7,3206,4.81,-0.89,2021A&A...656A.162M,4
G  19-7,3284,5.09,-0.1,2019A&A...625A..68S,5
G  19-7,3245,4.94,-0.09,2019A&A...627A.161P,6
G  19-7,3218,4.97,-0.14,2019A&A...627A.161P,7
G  19-7,3237,4.95,-0.09,2019A&A...627A.161P,8
G  19-7,3100,-2.177,-0.15,2019AJ....157...63K,9
G  19-7,3206,,-0.21,2014MNRAS.443.2561G,10
G  19-7,3308,,-0.12,2015ApJS..220...16T,11
G  19-7,3259,,-0.31,2015ApJS..220...16T,12
G  19-7,3322,,-0.1,2015ApJS..220...16T,13
G  19-7,3229,,-0.09,2015ApJ...804...64M,14
G 201-27,,,0.02,2014AJ....147...20N,1
G 201-27,2767,,,2009ApJ...704..975J,2
G 202-45,3500,4.8,,2020AJ....159...30H,1
G 202-45,3500,4.84,,2022ApJ...927..122H,2
G 202-45,3522,,-0.452,2018MNRAS.475.1960F,3
G 202-45,3438,,,2014MNRAS.443.2561G,4
G 202-45,3407,,-0.44,2014ApJ...791...54G,5
G 202-45,3400,5.0,,2013AJ....145..102L,6
G 202-48,3509,,-0.51,2024A&A...691A..53S,1
G 202-48,5557,3.956,-0.184,2022AJ....163..152S,2
G 202-48,3500,4.8,,2020AJ....159...30H,3
G 202-48,3591,4.83,,2024A&A...687A.205M,4
G 202-48,3500,4.88,,2022ApJ...927..122H,5
G 202-48,3548,,-0.41,2024A&A...690A..58A,6
G 202-48,3530,,-0.45,2024A&A...690A..58A,7
G 202-48,3509,,-0.51,2024A&A...690A..58A,8
G 202-48,3583,4.68,,2022ApJS..259...35A,9
G 202-48,3637,4.957,-0.363,2021ApJS..255....8R,10
G 202-48,3604,5.0734,,2021A&A...649A.147S,11
G 202-48,3412,,-0.27,2020ApJ...892...31B,12
G 202-48,3573,,-0.67,2021A&A...656A.162M,13
G 202-48,3595,5.09,-0.42,2021A&A...656A.162M,14
G 202-48,3673,5.0132,-0.602,2020AJ....160..120J,15
G 202-48,3512,4.94,-0.4,2020A&A...644A..68M,16
G 202-48,3557,,-0.401,2018MNRAS.475.1960F,17
G 202-48,3525,4.97,-0.26,2019A&A...625A..68S,18
G 202-48,3513,4.86,-0.18,2019A&A...627A.161P,19
G 202-48,3544,4.88,-0.27,2019A&A...627A.161P,20
G 202-48,3520,4.85,-0.17,2019A&A...627A.161P,21
G 202-48,3500,5.0,,2018A&A...620A.180R,22
G 202-48,3516,4.98,-0.27,2018A&A...615A...6P,23
G 202-48,3490,,,2014MNRAS.443.2561G,24
G 202-48,3494,,-0.36,2014ApJ...791...54G,25
G 202-48,3460,4.5,,2013AJ....145..102L,26
G 202-48,3475,,-0.35,2015ApJ...804...64M,27
G 202-48,3464,,-0.23,2012ApJ...748...93R,28
G 203-42,3273,4.92,-0.12,2024A&A...691A..53S,1
G 203-42,3050,4.9,,2020AJ....159...30H,2
G 203-42,3193,4.98,,2024A&A...687A.205M,3
G 203-42,3150,5.03,,2022ApJ...927..122H,4
G 203-42,3249,,-0.3,2021A&A...656A.162M,5
G 203-42,3273,4.92,-0.19,2021A&A...656A.162M,6
G 203-42,3243,5.08,0.05,2019A&A...625A..68S,7
G 203-42,3196,4.93,0.02,2019A&A...627A.161P,8
G 203-42,3184,4.92,0.05,2019A&A...627A.161P,9
G 203-42,3175,4.91,0.1,2019A&A...627A.161P,10
G 203-42,3200,5.2,,2018A&A...620A.180R,11
G 203-42,3237,5.08,0.06,2018A&A...615A...6P,12
G 203-42,3051,,,2014MNRAS.443.2561G,13
G 203-42,3286,,0.03,2015ApJS..220...16T,14
G 203-42,3319,,-0.11,2015ApJS..220...16T,15
G 203-42,3107,,-0.06,2015ApJS..220...16T,16
G 203-42,3140,5.0,,2013AJ....145..102L,17
G 203-42,,,0.14,2014AJ....147...20N,18
G 203-47,5533,4.545,-0.085,2022AJ....163..152S,1
G 203-47,3300,4.92,,2022ApJ...927..122H,2
G 203-47,3330,4.678,,2022ApJS..259...35A,3
G 203-47,3252,,0.22,2020ApJ...892...31B,4
G 203-47,3448,5.0277,-0.085,2020AJ....160..120J,5
G 203-47,2852,,0.142,2018MNRAS.475.1960F,6
G 203-47,3284,,,2014MNRAS.443.2561G,7
G 203-47,3309,,0.46,2015ApJS..220...16T,8
G 203-47,3435,,0.15,2015ApJS..220...16T,9
G 203-47,3338,,0.06,2015ApJS..220...16T,10
G 203-47,3140,5.0,,2013AJ....145..102L,11
G 203-47,3284,,0.2,2015ApJ...804...64M,12
G 203-47,3218,,0.33,2012ApJ...748...93R,13
G 204-39,3450,4.9,,2020AJ....159...30H,1
G 204-39,3444,4.84,,2024A&A...687A.205M,2
G 204-39,3450,4.81,,2022ApJ...927..122H,3
G 204-39,3509,,-0.11,2021A&A...656A.162M,4
G 204-39,3507,4.93,-0.04,2021A&A...656A.162M,5
G 204-39,3393,,0.042,2018MNRAS.475.1960F,6
G 204-39,3441,4.97,-0.04,2019A&A...625A..68S,7
G 204-39,3414,4.84,0.0,2019A&A...627A.161P,8
G 204-39,3533,4.71,0.38,2019A&A...627A.161P,9
G 204-39,3411,4.84,-0.01,2019A&A...627A.161P,10
G 204-39,3400,5.0,,2018A&A...620A.180R,11
G 204-39,3459,4.94,0.0,2018A&A...615A...6P,12
G 204-39,3475,,,2014MNRAS.443.2561G,13
G 204-39,3400,5.0,,2013AJ....145..102L,14
G 204-39,3470,,0.04,2015ApJ...804...64M,15
G 204-39B,1003,5.4,,2025ApJ...988...31L,1
G 204-39B,931,4.93,,2025ApJ...988...31L,2
G 204-39B,997,4.83,,2025ApJ...988...31L,3
G 204-39B,935,4.7,,2025ApJ...988...31L,4
G 204-39B,1054,4.64,,2025ApJ...988...31L,5
G 204-39B,1087,4.66,,2025ApJ...988...31L,6
G 204-39B,984,4.76,,2025ApJ...982...79B,7
G 204-57,3250,5.2,,2020AJ....159...30H,1
G 204-57,3250,5.05,,2022ApJ...927..122H,2
G 204-57,3288,,-0.15,2015ApJS..220...16T,3
G 204-57,3280,,-0.21,2015ApJS..220...16T,4
G 204-57,3243,,-0.02,2015ApJS..220...16T,5
G 204-57,,,-0.13,2014AJ....147...20N,6
G 204-58,3450,5.0,,2020AJ....159...30H,1
G 204-58,3493,4.83,,2024A&A...687A.205M,2
G 204-58,3450,4.9,,2022ApJ...927..122H,3
G 204-58,3497,4.96,-0.139,2021ApJS..255....8R,4
G 204-58,3430,,-0.62,2021A&A...656A.162M,5
G 204-58,3495,5.01,-0.21,2021A&A...656A.162M,6
G 204-58,3440,4.98,-0.08,2019A&A...625A..68S,7
G 204-58,3406,4.83,-0.05,2019A&A...627A.161P,8
G 204-58,3435,4.85,-0.12,2019A&A...627A.161P,9
G 204-58,3404,4.83,-0.04,2019A&A...627A.161P,10
G 204-58,3500,5.0,,2018A&A...620A.180R,11
G 204-58,3434,4.99,-0.06,2018A&A...615A...6P,12
G 204-58,3385,,,2014MNRAS.443.2561G,13
G 204-58,3445,,-0.17,2014ApJ...791...54G,14
G 204-58,3400,5.0,,2013AJ....145..102L,15
G 204-58,,,-0.16,2014AJ....147...20N,16
G 205-28,3427,4.85,,2024A&A...687A.205M,1
G 205-28,3300,4.85,,2022ApJ...927..122H,2
G 205-28,3516,4.895,0.004,2021ApJS..255....8R,3
G 205-28,3489,,-0.07,2021A&A...656A.162M,4
G 205-28,3492,4.92,-0.07,2021A&A...656A.162M,5
G 205-28,3413,5.01,-0.07,2019A&A...625A..68S,6
G 205-28,3399,4.85,0.0,2019A&A...627A.161P,7
G 205-28,3434,4.78,0.19,2019A&A...627A.161P,8
G 205-28,3396,4.85,0.0,2019A&A...627A.161P,9
G 205-28,3400,5.1,,2018A&A...620A.180R,10
G 205-28,3423,4.99,-0.05,2018A&A...615A...6P,11
G 205-28,3499,,,2014MNRAS.443.2561G,12
G 205-28,3421,,0.05,2014ApJ...791...54G,13
G 205-28,3400,5.0,,2013AJ....145..102L,14
G 205-35,3200,5.02,,2022ApJ...927..122H,1
G 205-35,3125,,,2018MNRAS.475.1960F,2
G 205-35,3295,,-0.16,2015ApJS..220...16T,3
G 205-35,3288,,-0.25,2015ApJS..220...16T,4
G 205-35,3060,,-0.03,2015ApJS..220...16T,5
G 207-16,3350,5.1,,2020AJ....159...30H,1
G 207-16,3382,,,2014MNRAS.443.2561G,2
G 207-16,3270,5.0,,2013AJ....145..102L,3
G 207-16,,,-0.08,2014AJ....147...20N,4
G 207-19,3450,4.82,,2024A&A...687A.205M,1
G 207-19,3400,4.86,,2022ApJ...927..122H,2
G 207-19,3522,4.909,-0.042,2021ApJS..255....8R,3
G 207-19,3503,,-0.17,2021A&A...656A.162M,4
G 207-19,3501,4.92,-0.13,2021A&A...656A.162M,5
G 207-19,3391,,-0.126,2018MNRAS.475.1960F,6
G 207-19,3454,4.96,-0.03,2019A&A...625A..68S,7
G 207-19,3408,4.85,0.0,2019A&A...627A.161P,8
G 207-19,3502,4.77,0.11,2019A&A...627A.161P,9
G 207-19,3415,4.84,0.0,2019A&A...627A.161P,10
G 207-19,3400,5.0,,2018A&A...620A.180R,11
G 207-19,3439,4.97,-0.04,2018A&A...615A...6P,12
G 207-19,3529,,,2014MNRAS.443.2561G,13
G 207-19,3388,,-0.06,2014ApJ...791...54G,14
G 207-19,3400,5.0,,2013AJ....145..102L,15
G 207-19,,,0.04,2014AJ....147...20N,16
G 208-42,5548,4.219,-0.131,2022AJ....163..152S,1
G 208-42,3173,4.88,,2024A&A...687A.205M,2
G 208-42,3300,4.95,,2022ApJ...927..122H,3
G 208-42,3200,5.5,-0.0,2018A&A...610A..19R,4
G 208-42,3199,,-0.1,2020ApJ...892...31B,5
G 208-42,3213,,0.1,2021A&A...656A.162M,6
G 208-42,3177,5.0,0.16,2021A&A...656A.162M,7
G 208-42,3361,5.0652,-0.279,2020AJ....160..120J,8
G 208-42,3098,,,2018MNRAS.475.1960F,9
G 208-42,3157,,,2019AJ....158...75H,10
G 208-42,3278,5.1,-0.11,2019A&A...625A..68S,11
G 208-42,3179,4.63,-0.31,2019A&A...627A.161P,12
G 208-42,3200,5.5,,2018A&A...620A.180R,13
G 208-42,3205,5.0,0.0,2018AJ....155...38G,14
G 208-42,3251,,,2014MNRAS.443.2561G,15
G 208-42,3295,,-0.05,2015ApJS..220...16T,16
G 208-42,3279,,-0.33,2015ApJS..220...16T,17
G 208-42,,,-0.06,2015ApJS..220...16T,18
G 208-42,3150,5.0,,2013AJ....145..102L,19
G 208-45,2975,4.88,,2022A&A...660A..38W,1
G 208-45,2736,,,2019AJ....158...75H,2
G 208-45,2944,,,2014MNRAS.443.2561G,3
G 208-45,3323,,-0.01,2014ApJ...791...54G,4
G 208-45,3303,,,2015ApJS..220...16T,5
G 208-45,3181,,,2015ApJS..220...16T,6
G 208-45,2930,5.0,,2013AJ....145..102L,7
G 208-45,2859,,-0.05,2015ApJ...804...64M,8
G 208-45,2881,,-0.13,2012ApJ...748...93R,9
G 215-50,3361,4.9,,2024A&A...687A.205M,1
G 215-50,3250,4.94,,2022ApJ...927..122H,2
G 215-50,3314,,-0.3,2021A&A...656A.162M,3
G 215-50,3332,4.88,-0.26,2021A&A...656A.162M,4
G 215-50,3317,5.03,0.1,2019A&A...625A..68S,5
G 215-50,3258,4.87,0.05,2019A&A...627A.161P,6
G 215-50,3365,4.84,0.01,2019A&A...627A.161P,7
G 215-50,3262,4.85,0.11,2019A&A...627A.161P,8
G 215-50,3200,5.0,,2018A&A...620A.180R,9
G 215-50,3318,5.03,0.1,2018A&A...615A...6P,10
G 215-50,3133,,,2014MNRAS.443.2561G,11
G 215-50,3297,,-0.02,2015ApJS..220...16T,12
G 215-50,3268,,-0.01,2015ApJS..220...16T,13
G 215-50,3232,,-0.06,2015ApJS..220...16T,14
G 215-50,3270,5.0,,2013AJ....145..102L,15
G 215-50,,,-0.01,2014AJ....147...20N,16
G 218-20,3000,5.13,,2022ApJ...927..122H,1
G 218-20,3072,,-0.34,2021A&A...656A.162M,2
G 218-20,3070,5.12,-0.3,2021A&A...656A.162M,3
G 218-20,3400,5.5,,2018A&A...620A.180R,4
G 218-20,3281,,0.08,2015ApJS..220...16T,5
G 218-20,3206,,-0.11,2015ApJS..220...16T,6
G 218-20,,,0.13,2015ApJS..220...16T,7
G 218-20,3021,,-0.07,2012ApJ...748...93R,8
G 221-5,2909,,-0.48,2012ApJ...748...93R,1
G 222-11,3500,5.2,,2020AJ....159...30H,1
G 222-11,3585,4.76,,2024A&A...687A.205M,2
G 222-11,3500,4.8,,2022ApJ...927..122H,3
G 222-11,3622,4.855,-0.01,2021ApJS..255....8R,4
G 222-11,3547,,-0.24,2021A&A...656A.162M,5
G 222-11,3554,4.95,-0.24,2021A&A...656A.162M,6
G 222-11,3513,,-0.113,2018MNRAS.475.1960F,7
G 222-11,3521,4.92,-0.11,2019A&A...625A..68S,8
G 222-11,3484,4.8,-0.06,2019A&A...627A.161P,9
G 222-11,3574,4.7,0.23,2019A&A...627A.161P,10
G 222-11,3497,4.78,-0.05,2019A&A...627A.161P,11
G 222-11,3500,5.1,,2018A&A...620A.180R,12
G 222-11,3543,4.89,-0.05,2018A&A...615A...6P,13
G 222-11,3583,,,2014MNRAS.443.2561G,14
G 222-11,3520,5.0,,2013AJ....145..102L,15
G  22-26,6126,4.9,0.25,2024A&A...683A.125P,1
G  22-26,3373,5.06,-0.37,2020A&A...644A..68M,2
G  22-26,3418,,-0.41,2019ApJ...878..134K,3
G  22-26,3369,5.05,-0.16,2018A&A...615A...6P,4
G  22-26,3332,,-0.12,2014MNRAS.443.2561G,5
G  22-26,3386,,-0.28,2015ApJS..220...16T,6
G  22-26,3508,,-0.37,2015ApJS..220...16T,7
G  22-26,3369,,-0.26,2015ApJS..220...16T,8
G  22-26,3240,5.0,,2013AJ....145..102L,9
G  22-26,3335,,-0.29,2015ApJ...804...64M,10
G  22-26,,,-0.21,2014AJ....147...20N,11
G 227-22,5541,4.316,-0.021,2022AJ....163..152S,1
G 227-22,3050,5.1,,2020AJ....159...30H,2
G 227-22,3100,5.06,,2022ApJ...927..122H,3
G 227-22,3165,4.771,,2022ApJS..259...35A,4
G 227-22,3198,,-0.69,2021A&A...656A.162M,5
G 227-22,3213,5.15,-0.67,2021A&A...656A.162M,6
G 227-22,2973,,,2018MNRAS.475.1960F,7
G 227-22,3124,5.16,-0.09,2019A&A...625A..68S,8
G 227-22,3200,5.3,,2018A&A...620A.180R,9
G 227-22,3097,,,2014MNRAS.443.2561G,10
G 227-22,3276,,-0.01,2015ApJS..220...16T,11
G 227-22,3277,,-0.12,2015ApJS..220...16T,12
G 227-22,,,0.08,2015ApJS..220...16T,13
G 227-22,3040,4.5,,2013AJ....145..102L,14
G 227-28,5000,7.93,,2023MNRAS.520.6111H,1
G 227-28,4823,,,2022ApJ...935L..12B,2
G 227-28,4854,7.761,,2024A&A...682A...5V,3
G 227-28,4865,7.793,,2019ApJ...878...63B,4
G 227-28,4880,7.93,,2015ApJS..219...19L,5
G 227-28,4780,7.83,,2009AJ....138.1681S,6
G 227-29,3187,5.0,,2024A&A...687A.205M,1
G 227-29,3278,,-0.26,2021A&A...656A.162M,2
G 227-29,3294,5.12,-0.1,2021A&A...656A.162M,3
G 227-29,3219,5.11,-0.04,2019A&A...625A..68S,4
G 227-29,3234,4.94,-0.05,2019A&A...627A.161P,5
G 227-29,3173,4.96,0.0,2019A&A...627A.161P,6
G 227-29,3200,5.3,,2018A&A...620A.180R,7
G 227-29,3227,5.1,-0.01,2018A&A...615A...6P,8
G 227-29,3134,,,2014MNRAS.443.2561G,9
G 227-29,3285,,0.19,2015ApJS..220...16T,10
G 227-29,3366,,0.01,2015ApJS..220...16T,11
G 227-29,3080,,0.17,2015ApJS..220...16T,12
G 227-29,3130,5.0,,2013AJ....145..102L,13
G 227-29,,,0.18,2014AJ....147...20N,14
G  23-24,6315,4.898,0.27,2024A&A...683A.125P,1
G  23-24,3593,,-0.54,2019ApJ...878..134K,2
G  23-24,3459,,-0.34,2014MNRAS.443.2561G,3
G  23-24,3390,4.5,,2013AJ....145..102L,4
G 234-37,3450,4.9,,2020AJ....159...30H,1
G 234-37,3450,4.85,,2024A&A...687A.205M,2
G 234-37,3450,4.84,,2022ApJ...927..122H,3
G 234-37,3480,,-0.16,2021A&A...656A.162M,4
G 234-37,3496,5.11,-0.07,2021A&A...656A.162M,5
G 234-37,3461,4.98,-0.11,2019A&A...625A..68S,6
G 234-37,3424,4.84,-0.08,2019A&A...627A.161P,7
G 234-37,3445,4.83,-0.1,2019A&A...627A.161P,8
G 234-37,3434,4.82,-0.05,2019A&A...627A.161P,9
G 234-37,3500,5.0,,2018A&A...620A.180R,10
G 234-37,3471,4.95,-0.06,2018A&A...615A...6P,11
G 234-37,3400,,,2014MNRAS.443.2561G,12
G 234-37,3520,5.0,,2013AJ....145..102L,13
G 234-45,3081,,-0.07,2024A&A...691A..53S,1
G 234-45,,,0.09,2025ApJS..276...47G,2
G 234-45,,,-0.01,2025ApJS..276...47G,3
G 234-45,3050,5.08,,2024A&A...687A.205M,4
G 234-45,3124,,-0.14,2021A&A...656A.162M,5
G 234-45,3141,5.28,-0.12,2021A&A...656A.162M,6
G 234-45,3081,5.17,-0.07,2019A&A...625A..68S,7
G 234-45,3042,5.02,-0.02,2019A&A...627A.161P,8
G 234-45,3031,5.03,-0.02,2019A&A...627A.161P,9
G 234-45,3028,5.02,-0.01,2019A&A...627A.161P,10
G 234-45,3100,5.5,,2018A&A...620A.180R,11
G 234-45,3279,,,2015ApJS..220...16T,12
G 234-45,3183,,,2015ApJS..220...16T,13
G 234-45,,,0.11,2014AJ....147...20N,14
G 234-45,2898,,-0.01,2012ApJ...748...93R,15
G 234-45,2737,,,2009ApJ...704..975J,16
G 234-5,3780,4.878,-0.44,2021ApJS..255....8R,1
G 234-5,3681,,-0.15,2014MNRAS.443.2561G,2
G 234-5,3687,,-0.37,2014ApJ...791...54G,3
G 234-5,3550,4.5,,2013AJ....145..102L,4
G 234-5,3681,,-0.37,2015ApJ...804...64M,5
G 234-53,3428,4.85,,2024A&A...687A.205M,1
G 234-53,3300,4.94,,2022ApJ...927..122H,2
G 234-53,3317,,-0.45,2021A&A...656A.162M,3
G 234-53,3328,4.96,-0.4,2021A&A...656A.162M,4
G 234-53,3358,5.02,0.01,2019A&A...625A..68S,5
G 234-53,3306,4.85,0.04,2019A&A...627A.161P,6
G 234-53,3360,4.83,0.05,2019A&A...627A.161P,7
G 234-53,3318,4.84,0.05,2019A&A...627A.161P,8
G 234-53,3400,5.1,,2018A&A...620A.180R,9
G 234-53,3343,5.03,0.01,2018A&A...615A...6P,10
G 234-53,3153,,,2014MNRAS.443.2561G,11
G 234-53,3280,5.0,,2013AJ....145..102L,12
G 236-1,3650,4.9,,2020AJ....159...30H,1
G 236-1,3539,4.76,,2024A&A...687A.205M,2
G 236-1,3600,4.74,,2022ApJ...927..122H,3
G 236-1,3556,,-0.29,2021A&A...656A.162M,4
G 236-1,3547,5.02,0.0,2021A&A...656A.162M,5
G 236-1,3515,,0.158,2018MNRAS.475.1960F,6
G 236-1,3515,4.94,-0.12,2019A&A...625A..68S,7
G 236-1,3465,4.84,-0.09,2019A&A...627A.161P,8
G 236-1,3671,4.68,0.59,2019A&A...627A.161P,9
G 236-1,3718,4.67,0.49,2019A&A...627A.161P,10
G 236-1,3500,5.3,,2018A&A...620A.180R,11
G 236-1,3511,4.91,-0.03,2018A&A...615A...6P,12
G 236-1,3502,,,2014MNRAS.443.2561G,13
G 236-1,3530,5.0,,2013AJ....145..102L,14
G 236-2,3450,5.1,,2020AJ....159...30H,1
G 236-2,3408,4.85,,2024A&A...687A.205M,2
G 236-2,3450,4.79,,2022ApJ...927..122H,3
G 236-2,3503,,-0.07,2021A&A...656A.162M,4
G 236-2,3504,5.06,0.02,2021A&A...656A.162M,5
G 236-2,3423,4.99,-0.06,2019A&A...625A..68S,6
G 236-2,3394,4.86,-0.02,2019A&A...627A.161P,7
G 236-2,3360,4.9,-0.08,2019A&A...627A.161P,8
G 236-2,3378,4.87,-0.03,2019A&A...627A.161P,9
G 236-2,3400,5.2,,2018A&A...620A.180R,10
G 236-2,3423,4.99,-0.04,2018A&A...615A...6P,11
G 236-2,3528,,,2014MNRAS.443.2561G,12
G 236-2,3400,5.0,,2013AJ....145..102L,13
G 236-34,3350,5.0,,2020AJ....159...30H,1
G 236-34,3400,4.86,,2022ApJ...927..122H,2
G 236-34,3418,4.98,-0.01,2018A&A...615A...6P,3
G 236-34,3440,,,2014MNRAS.443.2561G,4
G 236-34,3290,5.0,,2013AJ....145..102L,5
G 237-78,3400,5.1,,2020AJ....159...30H,1
G 237-78,3500,4.5,,2023MNRAS.524.6085K,2
G 237-78,3236,,,2018MNRAS.475.1960F,3
G 237-78,3395,,,2014MNRAS.443.2561G,4
G 237-78,3380,5.0,,2013AJ....145..102L,5
G 239-25,3500,4.82,,2022ApJ...927..122H,1
G 239-25,3674,4.885,-0.226,2021ApJS..255....8R,2
G 239-25,5057,4.5,-0.121,2020ApJ...898..119R,3
G 239-25,3504,4.9,-0.27,2020A&A...644A..68M,4
G 239-25,3586,,,2014MNRAS.443.2561G,5
G 239-25,3490,4.5,,2013AJ....145..102L,6
G  24-16,3000,5.0,,2023MNRAS.524.6085K,1
G  24-16,3015,4.7,0.04,2019ApJ...878..134K,2
G  24-16,3022,4.7,0.07,2019ApJ...878..134K,3
G  24-16,2967,,,2018MNRAS.475.1960F,4
G  24-16,3128,,,2014MNRAS.443.2561G,5
G  24-16,3276,,0.08,2015ApJS..220...16T,6
G  24-16,3243,,-0.15,2015ApJS..220...16T,7
G  24-16,,,0.04,2015ApJS..220...16T,8
G  24-16,2980,4.5,,2013AJ....145..102L,9
G  24-16,,,0.11,2014AJ....147...20N,10
G 244-47,3562,4.75,,2024A&A...687A.205M,1
G 244-47,3500,4.78,,2022ApJ...927..122H,2
G 244-47,3549,,-0.16,2021A&A...656A.162M,3
G 244-47,3579,4.87,-0.14,2021A&A...656A.162M,4
G 244-47,3491,4.82,-0.02,2020A&A...644A..68M,5
G 244-47,3470,,0.123,2018MNRAS.475.1960F,6
G 244-47,3489,4.93,-0.05,2019A&A...625A..68S,7
G 244-47,3438,4.8,-0.02,2019A&A...627A.161P,8
G 244-47,3603,4.67,0.5,2019A&A...627A.161P,9
G 244-47,3452,4.79,0.03,2019A&A...627A.161P,10
G 244-47,3500,5.2,,2018A&A...620A.180R,11
G 244-47,3495,4.93,-0.05,2018A&A...615A...6P,12
G 244-47,3514,,,2014MNRAS.443.2561G,13
G 244-47,3537,,0.18,2014ApJ...791...54G,14
G 244-47,3600,5.0,,2013AJ....145..102L,15
G 245-71,5503,4.708,-0.178,2022AJ....163..152S,1
G 245-71,3500,4.9,,2020AJ....159...30H,2
G 245-71,3644,4.74,,2024A&A...687A.205M,3
G 245-71,3550,4.8,,2022ApJ...927..122H,4
G 245-71,3643,4.671,-0.3694,2022ApJS..259...35A,5
G 245-71,3600,4.8639,,2021A&A...649A.147S,6
G 245-71,3508,,-0.18,2020ApJ...892...31B,7
G 245-71,3580,,-0.41,2021A&A...656A.162M,8
G 245-71,3599,5.12,-0.32,2021A&A...656A.162M,9
G 245-71,3732,4.9911,-0.336,2020AJ....160..120J,10
G 245-71,3549,4.93,-0.18,2019A&A...625A..68S,11
G 245-71,3519,4.8,-0.12,2019A&A...627A.161P,12
G 245-71,3554,4.73,0.08,2019A&A...627A.161P,13
G 245-71,3533,4.78,-0.09,2019A&A...627A.161P,14
G 245-71,3500,5.0,,2018A&A...620A.180R,15
G 245-71,3586,4.5,0.0,2018AJ....155...38G,16
G 245-71,3574,4.9,-0.11,2018A&A...615A...6P,17
G 245-71,3582,,,2014MNRAS.443.2561G,18
G 245-71,3460,4.5,,2013AJ....145..102L,19
G 248-12,5494,4.551,-0.019,2022AJ....163..152S,1
G 248-12,2950,5.0,,2020AJ....159...30H,2
G 248-12,3050,5.11,,2022ApJ...927..122H,3
G 248-12,3100,5.5,-0.0,2018A&A...610A..19R,4
G 248-12,3031,,-0.1,2020ApJ...892...31B,5
G 248-12,2956,5.0,0.0,2018AJ....155...38G,6
G 250-29,3450,4.9,,2020AJ....159...30H,1
G 250-29,3400,4.8,,2022ApJ...927..122H,2
G 250-29,3444,,,2014MNRAS.443.2561G,3
G 250-29,3400,5.0,,2013AJ....145..102L,4
G 253-6,3250,5.2,,2020AJ....159...30H,1
G 253-6,3162,4.89,,2024A&A...687A.205M,2
G 253-6,3250,4.95,,2022ApJ...927..122H,3
G 253-6,3608,,-0.79,2022A&A...658A.194P,4
G 253-6,3409,5.2,-0.33,2022A&A...658A.194P,5
G 253-6,3572,5.2,-0.28,2022A&A...658A.194P,6
G 253-6,3276,5.27,-0.23,2022A&A...658A.194P,7
G 253-6,3276,5.23,-0.21,2022A&A...658A.194P,8
G 253-6,3305,4.85,0.16,2022A&A...658A.194P,9
G 253-6,3345,4.75,0.57,2022A&A...658A.194P,10
G 253-6,3439,,-0.21,2022A&A...658A.194P,11
G 253-6,3220,5.01,0.18,2022A&A...658A.194P,12
G 253-6,3175,4.94,0.17,2022A&A...658A.194P,13
G 253-6,3220,5.01,-0.37,2022A&A...658A.194P,14
G 253-6,3355,5.06,-0.46,2022A&A...658A.194P,15
G 253-6,3220,5.01,-0.21,2022A&A...658A.194P,16
G 253-6,3191,5.02,-0.2,2022A&A...658A.194P,17
G 253-6,3253,,-0.23,2021A&A...656A.162M,18
G 253-6,3252,4.8,-0.36,2021A&A...656A.162M,19
G 253-6,3256,5.1,-0.07,2019A&A...625A..68S,20
G 253-6,3225,4.96,-0.05,2019A&A...627A.161P,21
G 253-6,3137,4.96,0.07,2019A&A...627A.161P,22
G 253-6,3217,4.98,-0.09,2019A&A...627A.161P,23
G 253-6,3400,5.5,,2018A&A...620A.180R,24
G 253-6,3183,,,2014MNRAS.443.2561G,25
G 253-6,3250,5.0,,2013AJ....145..102L,26
G 254-29,3350,5.2,,2020AJ....159...30H,1
G 254-29,3325,,-0.08,2025ApJ...978..154J,2
G 254-29,3502,4.8,,2024A&A...687A.205M,3
G 254-29,3350,4.95,,2022ApJ...927..122H,4
G 254-29,3356,4.78,,2023MNRAS.526.5648C,5
G 254-29,3376,5.002,-0.089,2021ApJS..255....8R,6
G 254-29,3356,4.85,,2022MNRAS.516.3802C,7
G 254-29,3353,,-0.53,2021A&A...656A.162M,8
G 254-29,3361,4.93,-0.55,2021A&A...656A.162M,9
G 254-29,3290,,-0.254,2018MNRAS.475.1960F,10
G 254-29,3369,5.02,0.0,2019A&A...625A..68S,11
G 254-29,3316,4.86,0.0,2019A&A...627A.161P,12
G 254-29,3352,4.82,0.07,2019A&A...627A.161P,13
G 254-29,3321,4.85,0.03,2019A&A...627A.161P,14
G 254-29,3500,5.5,,2018A&A...620A.180R,15
G 254-29,3359,5.02,0.0,2018A&A...615A...6P,16
G 254-29,3186,,,2014MNRAS.443.2561G,17
G 254-29,3300,5.0,,2013AJ....145..102L,18
G 254-29,3195,,-0.25,2012ApJ...748...93R,19
G  25-8,3295,,-0.03,2015ApJS..220...16T,1
G  25-8,3350,,-0.11,2015ApJS..220...16T,2
G  25-8,3110,,0.07,2015ApJS..220...16T,3
G  25-8,,,0.05,2014AJ....147...20N,4
G  25-8,3129,,0.03,2012ApJ...748...93R,5
G 258-33,5534,4.338,-0.026,2022AJ....163..152S,1
G 258-33,3100,4.9,,2020AJ....159...30H,2
G 258-33,3087,4.9,,2024A&A...687A.205M,3
G 258-33,3200,5.11,,2022ApJ...927..122H,4
G 258-33,3222,4.852,,2022ApJS..259...35A,5
G 258-33,3146,,-0.66,2021A&A...656A.162M,6
G 258-33,3172,4.97,-0.68,2021A&A...656A.162M,7
G 258-33,2983,,,2018MNRAS.475.1960F,8
G 258-33,3181,5.15,-0.17,2019A&A...625A..68S,9
G 258-33,3150,5.01,-0.14,2019A&A...627A.161P,10
G 258-33,3084,5.0,-0.01,2019A&A...627A.161P,11
G 258-33,3139,5.02,-0.16,2019A&A...627A.161P,12
G 258-33,3400,5.5,,2018A&A...620A.180R,13
G 258-33,3165,,,2014MNRAS.443.2561G,14
G 258-33,3279,,-0.16,2015ApJS..220...16T,15
G 258-33,3288,,-0.3,2015ApJS..220...16T,16
G 258-33,,,0.08,2015ApJS..220...16T,17
G 258-33,3130,5.0,,2013AJ....145..102L,18
G 258-33,3012,,-0.12,2012ApJ...748...93R,19
G 261-6,5501,4.607,0.054,2022AJ....163..152S,1
G 262-15,5519,4.49,-0.244,2022AJ....163..152S,1
G 262-15,3500,5.2,,2020AJ....159...30H,2
G 262-15,3439,4.85,,2024A&A...687A.205M,3
G 262-15,3550,4.83,,2022ApJ...927..122H,4
G 262-15,3522,4.689,,2022ApJS..259...35A,5
G 262-15,3559,4.883,-0.009,2021ApJS..255....8R,6
G 262-15,3388,,0.02,2020ApJ...892...31B,7
G 262-15,3525,,-0.15,2021A&A...656A.162M,8
G 262-15,3514,5.06,-0.06,2021A&A...656A.162M,9
G 262-15,3610,4.9337,-0.192,2020AJ....160..120J,10
G 262-15,3458,4.9,-0.18,2020A&A...644A..68M,11
G 262-15,3460,,-0.074,2018MNRAS.475.1960F,12
G 262-15,3471,4.96,-0.1,2019A&A...625A..68S,13
G 262-15,3433,4.83,-0.06,2019A&A...627A.161P,14
G 262-15,3432,4.77,0.1,2019A&A...627A.161P,15
G 262-15,3431,4.82,-0.06,2019A&A...627A.161P,16
G 262-15,3500,5.2,,2018A&A...620A.180R,17
G 262-15,3475,4.96,-0.08,2018A&A...615A...6P,18
G 262-15,3473,,,2014MNRAS.443.2561G,19
G 262-15,3504,,-0.09,2014ApJ...791...54G,20
G 262-15,3600,5.0,,2013AJ....145..102L,21
G 262-15,3437,,0.01,2012ApJ...748...93R,22
G 268-110,3142,5.05,,2024A&A...687A.205M,1
G 268-110,3200,,-0.22,2021A&A...656A.162M,2
G 268-110,3209,5.09,-0.16,2021A&A...656A.162M,3
G 268-110,3154,5.14,-0.02,2019A&A...625A..68S,4
G 268-110,3156,4.93,0.07,2019A&A...627A.161P,5
G 268-110,3094,4.98,0.06,2019A&A...627A.161P,6
G 268-110,3100,5.2,,2018A&A...620A.180R,7
G 269-106,3127,4.71,-0.17,2019ApJ...878..134K,1
G 270-1,3600,4.79,,2020AJ....160...83S,1
G 270-1,3586,4.984,,2020AJ....160...83S,2
G 270-1,3392,5.01,-0.02,2018A&A...615A...6P,3
G 270-1,3243,,-0.07,2014MNRAS.443.2561G,4
G 270-1,3367,,-0.11,2015ApJS..220...16T,5
G 270-1,3487,,-0.24,2015ApJS..220...16T,6
G 270-1,3512,,-0.03,2015ApJS..220...16T,7
G 270-1,3600,4.79,,2013AJ....146..134K,8
G 272-61A,2810,,,2018MNRAS.475.1960F,1
G 272-61B,3750,4.0,,2023MNRAS.519.5472M,1
G 272-61B,3167,5.34,-0.42,2023ApJS..266...41P,2
G 272-61B,2842,,,2018MNRAS.475.1960F,3
G 272-61B,3167,5.34,-0.42,2012A&A...538A.143K,4
G   3-14,3650,4.9,,2020AJ....159...30H,1
G   3-14,3509,4.8192,0.0,2024A&A...683A.125P,2
G   3-14,3569,4.78,,2024A&A...687A.205M,3
G   3-14,3550,4.81,,2022ApJ...927..122H,4
G   3-14,3629,4.867,-0.073,2021ApJS..255....8R,5
G   3-14,3539,,-0.22,2021A&A...656A.162M,6
G   3-14,3547,5.1,-0.15,2021A&A...656A.162M,7
G   3-14,3498,4.88,-0.21,2020A&A...644A..68M,8
G   3-14,3437,,-0.19,2019ApJ...878..134K,9
G   3-14,3482,,-0.095,2018MNRAS.475.1960F,10
G   3-14,3532,4.91,-0.09,2019A&A...625A..68S,11
G   3-14,3484,4.8,-0.06,2019A&A...627A.161P,12
G   3-14,3533,4.74,0.08,2019A&A...627A.161P,13
G   3-14,3485,4.8,-0.06,2019A&A...627A.161P,14
G   3-14,3500,5.0,,2018A&A...620A.180R,15
G   3-14,3534,4.91,-0.08,2018A&A...615A...6P,16
G   3-14,3597,,,2014MNRAS.443.2561G,17
G   3-14,3426,,-0.13,2014ApJ...791...54G,18
G   3-14,3430,5.0,,2013AJ....145..102L,19
G   3-14,3458,,-0.13,2015ApJ...804...64M,20
G  31-53,3385,,0.04,2025ApJ...978..154J,1
G  31-53,3320,4.8589,0.0,2024A&A...683A.125P,2
G  31-53,3481,4.79,,2024A&A...687A.205M,3
G  31-53,3382,4.62,,2023MNRAS.526.5648C,4
G  31-53,3363,4.66,,2022MNRAS.516.3802C,5
G  31-53,3412,,-0.21,2021A&A...656A.162M,6
G  31-53,3419,4.81,-0.17,2021A&A...656A.162M,7
G  31-53,3843,,0.47,2019ApJ...878..134K,8
G  31-53,3398,4.98,0.07,2019A&A...625A..68S,9
G  31-53,3321,4.83,0.09,2019A&A...627A.161P,10
G  31-53,3417,4.75,0.23,2019A&A...627A.161P,11
G  31-53,3343,4.8,0.15,2019A&A...627A.161P,12
G  31-53,3400,5.0,,2018A&A...620A.180R,13
G  31-53,3387,4.99,0.05,2018A&A...615A...6P,14
G  31-53,4700,,,2014MNRAS.443.2561G,15
G  31-53,3308,,0.02,2015ApJS..220...16T,16
G  31-53,3336,,-0.25,2015ApJS..220...16T,17
G  31-53,3533,,-0.14,2015ApJS..220...16T,18
G  32-5,3253,4.96,,2024MNRAS.531.1276D,1
G  32-5,3387,5.01,-0.29,2020A&A...644A..68M,2
G  32-5,3421,,-0.28,2014MNRAS.443.2561G,3
G  32-5,3220,5.0,,2013AJ....145..102L,4
G  32-5,,,-0.17,2014AJ....147...20N,5
G   3-33,3317,,-0.2,2024A&A...691A..53S,1
G   3-33,5573,3.92,-0.095,2022AJ....163..152S,2
G   3-33,3100,5.1,,2020AJ....159...30H,3
G   3-33,3102,5.1019,0.0,2024A&A...683A.125P,4
G   3-33,3120,5.02,,2024A&A...687A.205M,5
G   3-33,3150,5.09,,2022ApJ...927..122H,6
G   3-33,3317,,-0.2,2024A&A...690A..58A,7
G   3-33,3222,4.717,,2022ApJS..259...35A,8
G   3-33,3100,5.0,,2023MNRAS.524.6085K,9
G   3-33,3185,5.134,-0.14,2021ApJS..255....8R,10
G   3-33,3059,,-0.1,2020ApJ...892...31B,11
G   3-33,3210,,-0.51,2021A&A...656A.162M,12
G   3-33,3237,5.22,-0.38,2021A&A...656A.162M,13
G   3-33,3283,5.2463,-0.605,2020AJ....160..120J,14
G   3-33,3346,4.96,0.02,2020A&A...644A..68M,15
G   3-33,2837,,-0.14,2019ApJ...878..134K,16
G   3-33,3028,4.79,-0.1,2019ApJ...878..134K,17
G   3-33,2949,,-0.223,2018MNRAS.475.1960F,18
G   3-33,3193,5.15,-0.19,2019A&A...625A..68S,19
G   3-33,3160,5.01,-0.16,2019A&A...627A.161P,20
G   3-33,3157,5.01,-0.13,2019A&A...627A.161P,21
G   3-33,3154,5.01,-0.13,2019A&A...627A.161P,22
G   3-33,3200,5.4,,2018A&A...620A.180R,23
G   3-33,3185,5.15,-0.18,2018A&A...615A...6P,24
G   3-33,3074,,,2014MNRAS.443.2561G,25
G   3-33,3276,,-0.1,2014ApJ...791...54G,26
G   3-33,3276,,-0.15,2015ApJS..220...16T,27
G   3-33,3268,,-0.18,2015ApJS..220...16T,28
G   3-33,,,0.05,2015ApJS..220...16T,29
G   3-33,3130,5.0,,2013AJ....145..102L,30
G   3-33,3080,,-0.16,2015ApJ...804...64M,31
G   3-33,,,-0.02,2014AJ....147...20N,32
G  36-24,3150,5.1,,2020AJ....159...30H,1
G  36-24,3185,4.96,,2024A&A...687A.205M,2
G  36-24,3200,4.99,,2022ApJ...927..122H,3
G  36-24,3335,,-0.06,2021A&A...656A.162M,4
G  36-24,3313,5.19,-0.27,2021A&A...656A.162M,5
G  36-24,3075,4.67,-0.07,2019ApJ...878..134K,6
G  36-24,3283,5.09,-0.09,2019A&A...625A..68S,7
G  36-24,3244,4.94,-0.06,2019A&A...627A.161P,8
G  36-24,3241,4.94,-0.07,2019A&A...627A.161P,9
G  36-24,3200,5.1,,2018A&A...620A.180R,10
G  36-24,3293,5.09,-0.11,2018A&A...615A...6P,11
G  36-24,3190,,0.01,2014MNRAS.443.2561G,12
G  36-24,3130,5.0,,2013AJ....145..102L,13
G  36-24,3199,,0.0,2015ApJ...804...64M,14
G  36-24,,,0.09,2014AJ....147...20N,15
G  41-14,5593,4.03,-0.022,2022AJ....163..152S,1
G  41-14,3200,5.1,,2020AJ....159...30H,2
G  41-14,3239,4.551,,2022ApJS..259...35A,3
G  41-14,3333,5.1212,-0.359,2020AJ....160..120J,4
G  41-14,3070,,,2018MNRAS.475.1960F,5
G  41-14,2906,,,2019A&A...629A..80H,6
G  41-14,3170,,,2014MNRAS.443.2561G,7
G  41-14,3299,,-0.03,2015ApJS..220...16T,8
G  41-14,3263,,-0.11,2015ApJS..220...16T,9
G  41-14,3053,,-0.11,2015ApJS..220...16T,10
G  41-14,3140,5.0,,2013AJ....145..102L,11
G  41-14,3178,,-0.03,2012ApJ...748...93R,12
G  41-8,3277,,-0.04,2015ApJS..220...16T,1
G  41-8,3256,,-0.27,2015ApJS..220...16T,2
G  41-8,,,0.21,2015ApJS..220...16T,3
G  41-8,,,0.07,2014AJ....147...20N,4
G  42-24,3100,5.1,,2020AJ....159...30H,1
G  42-24,3100,5.1,,2022ApJ...927..122H,2
G  42-24,3026,4.83,-0.2,2019ApJ...878..134K,3
G  42-24,3276,,-0.03,2015ApJS..220...16T,4
G  42-24,3206,,-0.3,2015ApJS..220...16T,5
G  42-24,,,0.1,2015ApJS..220...16T,6
G  42-24,2888,,,2009ApJ...704..975J,7
G  44-42,5527,4.436,-0.363,2022AJ....163..152S,1
G  44-42,3380,4.667,,2022ApJS..259...35A,2
G  44-42,3470,4.9065,-0.356,2020AJ....160..120J,3
G  44-42,3372,5.02,-0.03,2018A&A...615A...6P,4
G  44-42,3319,,-0.07,2014MNRAS.443.2561G,5
G  44-42,3320,,-0.12,2015ApJS..220...16T,6
G  44-42,3416,,-0.26,2015ApJS..220...16T,7
G  44-42,3406,,-0.31,2015ApJS..220...16T,8
G  44-42,3250,5.0,,2013AJ....145..102L,9
G  44-42,3298,,-0.13,2015ApJ...804...64M,10
G  44-42,,,-0.08,2014AJ....147...20N,11
G  44-43,2950,4.9,,2020AJ....159...30H,1
G  44-43,3050,5.07,,2022ApJ...927..122H,2
G  44-43,3276,,0.09,2015ApJS..220...16T,3
G  44-43,3201,,-0.2,2015ApJS..220...16T,4
G  44-43,,,0.24,2015ApJS..220...16T,5
G  44-43,3039,,0.1,2015ApJ...804...64M,6
G  44-43,2966,,-0.03,2009ApJ...704..975J,7
G  48-20,5507,4.595,-0.117,2022AJ....163..152S,1
G  48-20,3400,5.1,,2020AJ....159...30H,2
G  48-20,3348,4.9008,0.0,2024A&A...683A.125P,3
G  48-20,3386,4.88,,2024A&A...687A.205M,4
G  48-20,3450,4.89,,2022ApJ...927..122H,5
G  48-20,3328,,-0.15,2024A&A...690A..58A,6
G  48-20,3450,4.943,-0.04,2021ApJS..255....8R,7
G  48-20,3460,,-0.12,2021A&A...656A.162M,8
G  48-20,3460,4.9,-0.18,2021A&A...656A.162M,9
G  48-20,3391,4.95,-0.11,2020A&A...644A..68M,10
G  48-20,3328,,-0.066,2018MNRAS.475.1960F,11
G  48-20,3408,5.0,-0.04,2019A&A...625A..68S,12
G  48-20,3364,4.84,-0.01,2019A&A...627A.161P,13
G  48-20,3378,4.82,0.05,2019A&A...627A.161P,14
G  48-20,3370,4.83,0.0,2019A&A...627A.161P,15
G  48-20,3400,5.0,,2018A&A...620A.180R,16
G  48-20,3413,4.99,-0.01,2018A&A...615A...6P,17
G  48-20,3260,,,2014MNRAS.443.2561G,18
G  48-20,3354,,-0.1,2014ApJ...791...54G,19
G  48-20,3300,5.0,,2013AJ....145..102L,20
G  50-12,3200,5.01,,2022ApJ...927..122H,1
G  50-12,,,0.09,2014AJ....147...20N,2
G  51-15,5788,3.26,-0.821,2022AJ....163..152S,1
G  51-15,4928,3.451,-1.882,2022ApJS..259...35A,2
G  51-15,5466,4.379,-1.4847,2022ApJS..259...35A,3
G  51-15,4549,1.678,-2.1356,2022ApJS..259...35A,4
G  51-15,3054,,-0.16,2021A&A...656A.162M,5
G  51-15,2997,5.16,0.01,2021A&A...656A.162M,6
G  51-15,2809,,-0.36,2014MNRAS.443.2561G,7
G  51-15,3376,,,2015ApJS..220...16T,8
G  51-15,3207,,,2015ApJS..220...16T,9
G  51-15,2660,5.0,,2013AJ....145..102L,10
G  51-15,2800,,-0.15,2015ApJ...804...64M,11
G  51-15,2769,,-0.19,2012ApJ...748...93R,12
G  65-39,5527,4.22,-0.201,2022AJ....163..152S,1
G  65-39,3130,,-0.36,2020ApJ...892...31B,2
G  65-39,3279,2.8552,-1.913,2020AJ....160..120J,3
G  65-39,3281,,,2015ApJS..220...16T,4
G  65-39,3185,,,2015ApJS..220...16T,5
G  65-39,,,-0.41,2014AJ....147...20N,6
G  65-39,2880,,,2009ApJ...704..975J,7
G  65-49,3412,4.9173,0.0,2024A&A...683A.125P,1
G  65-49,3584,,-0.13,2019ApJ...878..134K,2
G  65-49,3411,,-0.08,2014MNRAS.443.2561G,3
G  65-49,3290,4.5,,2013AJ....145..102L,4
G  65-49,,,-0.15,2014AJ....147...20N,5
G  68-8,3349,,0.21,2025ApJ...978..154J,1
G  68-8,3268,4.8373,0.0,2024A&A...683A.125P,2
G  68-8,3407,4.85,,2024A&A...687A.205M,3
G  68-8,3300,4.83,,2022ApJ...927..122H,4
G  68-8,3383,4.69,,2023MNRAS.526.5648C,5
G  68-8,3366,4.844,0.311,2021ApJS..255....8R,6
G  68-8,3362,4.72,,2022MNRAS.516.3802C,7
G  68-8,3399,,-0.03,2021A&A...656A.162M,8
G  68-8,3398,4.81,-0.03,2021A&A...656A.162M,9
G  68-8,3339,4.93,0.16,2020A&A...644A..68M,10
G  68-8,3089,,0.3,2019ApJ...878..134K,11
G  68-8,3153,,0.187,2018MNRAS.475.1960F,12
G  68-8,3156,4.124,0.28,2019A&A...629A..80H,13
G  68-8,3364,5.0,0.1,2019A&A...625A..68S,14
G  68-8,3286,4.84,0.1,2019A&A...627A.161P,15
G  68-8,3328,4.83,0.09,2019A&A...627A.161P,16
G  68-8,3295,4.83,0.13,2019A&A...627A.161P,17
G  68-8,3300,5.1,,2018A&A...620A.180R,18
G  68-8,3361,4.99,0.14,2018A&A...615A...6P,19
G  68-8,3241,,,2014MNRAS.443.2561G,20
G  68-8,3328,,0.19,2014ApJ...791...54G,21
G  68-8,3280,5.0,,2013AJ....145..102L,22
G  68-8,3324,,0.24,2015ApJ...804...64M,23
G  69-47,2925,4.69,0.03,2019ApJ...878..134K,1
G  69-47,3280,,0.33,2015ApJS..220...16T,2
G  69-47,3242,,0.02,2015ApJS..220...16T,3
G  69-47,,,0.26,2015ApJS..220...16T,4
G  69-47,2981,,0.14,2015ApJ...804...64M,5
G  69-47,,,0.22,2014AJ....147...20N,6
G  69-47,2765,,,2009ApJ...704..975J,7
G   7-4,,,-0.03,2014AJ....147...20N,1
G  75-35,3150,5.01,,2022ApJ...927..122H,1
G  75-35,3600,4.0,,2020AJ....160...83S,2
G  75-35,3600,4.0,,2013AJ....146..134K,3
G  76-62,2994,4.78,-0.11,2019ApJ...878..134K,1
G  76-62,3276,,-0.05,2015ApJS..220...16T,2
G  76-62,3232,,-0.15,2015ApJS..220...16T,3
G  76-62,,,0.12,2015ApJS..220...16T,4
G  76-62,2863,,,2009ApJ...704..975J,5
G   8-41,3100,5.0,,2020AJ....159...30H,1
G   8-41,3150,5.08,,2022ApJ...927..122H,2
G   8-41,3043,4.83,-0.19,2019ApJ...878..134K,3
G   8-41,3281,,-0.06,2015ApJS..220...16T,4
G   8-41,3207,,-0.18,2015ApJS..220...16T,5
G   8-41,,,-0.1,2015ApJS..220...16T,6
G   8-41,,,0.02,2014AJ....147...20N,7
G  85-19,3277,,0.43,2015ApJS..220...16T,1
G  85-19,3246,,-0.05,2015ApJS..220...16T,2
G  85-19,,,0.4,2015ApJS..220...16T,3
G  85-19,,,0.29,2014AJ....147...20N,4
G  85-19,3006,,0.21,2012ApJ...748...93R,5
G  85-52,3636,4.72,,2024A&A...687A.205M,1
G  85-52,3679,4.837,-0.054,2021ApJS..255....8R,2
G  85-52,3697,,-0.22,2021A&A...656A.162M,3
G  85-52,3599,4.91,-0.48,2021A&A...656A.162M,4
G  85-52,3580,,-0.096,2018MNRAS.475.1960F,5
G  85-52,3582,4.9,-0.13,2019A&A...625A..68S,6
G  85-52,3539,4.78,-0.09,2019A&A...627A.161P,7
G  85-52,3637,4.69,0.18,2019A&A...627A.161P,8
G  85-52,3570,4.75,-0.01,2019A&A...627A.161P,9
G  85-52,3500,5.0,,2018A&A...620A.180R,10
G  85-52,3579,4.89,-0.12,2018A&A...615A...6P,11
G  85-52,3651,,-0.03,2014MNRAS.443.2561G,12
G  85-52,3652,,-0.09,2014ApJ...791...54G,13
G  85-52,3420,4.5,,2013AJ....145..102L,14
G  86-28,3400,4.94,,2022ApJ...927..122H,1
G  86-28,3392,,,2014MNRAS.443.2561G,2
G  86-28,3380,5.0,,2013AJ....145..102L,3
G  89-32,3000,5.5,,2023MNRAS.524.6085K,1
G  89-32,2966,4.72,-0.1,2019ApJ...878..134K,2
G  89-32,2980,,,2014MNRAS.443.2561G,3
G  89-32,3276,,0.11,2015ApJS..220...16T,4
G  89-32,3257,,-0.14,2015ApJS..220...16T,5
G  89-32,,,0.0,2015ApJS..220...16T,6
G  89-32,2950,4.5,,2013AJ....145..102L,7
G  89-32,,,0.2,2014AJ....147...20N,8
G   9-38A,,,0.14,2014AJ....147...20N,1
G   9-38B,,,0.08,2014AJ....147...20N,1
G  96-29A,3700,4.8,,2020AJ....159...30H,1
G  96-29A,3800,4.68,,2022ApJ...927..122H,2
G  96-29A,3677,,,2014MNRAS.443.2561G,3
G  96-29A,3570,4.5,,2013AJ....145..102L,4
G  96-6,3250,4.99,,2022ApJ...927..122H,1
G  96-6,,,-0.42,2014AJ....147...20N,2
G  97-15,3150,5.08,,2022ApJ...927..122H,1
G  97-15,3071,4.91,-0.24,2019ApJ...878..134K,2
G  97-15,3281,,-0.06,2015ApJS..220...16T,3
G  97-15,3214,,-0.07,2015ApJS..220...16T,4
G  97-15,3013,,0.07,2015ApJS..220...16T,5
G  97-15,,,-0.02,2014AJ....147...20N,6
G  99-49,5522,4.45,-0.095,2022AJ....163..152S,1
G  99-49,3185,4.97,,2024A&A...687A.205M,2
G  99-49,3323,4.797,,2022ApJS..259...35A,3
G  99-49,3200,5.0,,2023MNRAS.524.6085K,4
G  99-49,3170,,0.03,2020ApJ...892...31B,5
G  99-49,3323,,-0.04,2021A&A...656A.162M,6
G  99-49,3296,5.12,-0.29,2021A&A...656A.162M,7
G  99-49,3387,5.1113,-0.328,2020AJ....160..120J,8
G  99-49,2945,,,2019A&A...629A..80H,9
G  99-49,3284,5.1,-0.12,2019A&A...625A..68S,10
G  99-49,3249,4.94,-0.07,2019A&A...627A.161P,11
G  99-49,3220,4.98,-0.17,2019A&A...627A.161P,12
G  99-49,3234,4.95,-0.1,2019A&A...627A.161P,13
G  99-49,3168,,0.15,2014MNRAS.443.2561G,14
G  99-49,3100,4.5,,2013AJ....145..102L,15
G  99-49,3214,,0.07,2015ApJ...804...64M,16
G  99-49,,,0.13,2014AJ....147...20N,17
G  99-49,3178,,0.08,2012ApJ...748...93R,18
GAT 1367,3347,,,2015ApJS..220...16T,1
GAT 1367,3211,,,2015ApJS..220...16T,2
GAT 1367,2864,,-0.27,2015ApJ...804...64M,3
GAT 1367,2918,,-0.27,2012ApJ...748...93R,4
GJ 570 D,817,5.05,,2025ApJ...988...31L,1
GJ 570 D,799,4.91,,2025ApJ...988...31L,2
GJ 570 D,912,4.83,,2025ApJ...988...31L,3
GJ 570 D,700,4.5,,2025ApJ...988...31L,4
GJ 570 D,812,4.57,,2025ApJ...988...31L,5
GJ 570 D,900,4.63,,2025ApJ...988...31L,6
GJ 570 D,837,4.62,,2025ApJ...982...79B,7
GJ 570 D,800,4.4,,2024ApJ...961..210P,8
GJ 570 D,800,4.6,,2024ApJ...961..210P,9
GJ 570 D,800,5.1,0.09,2013MNRAS.433..457B,10
HD 101581,4709,4.111,-0.58,2024A&A...683A.125P,1
HD 101581,4675,4.654,-0.343,2025AJ....169...47K,2
HD 101581,5366,3.82,-0.55,2024A&A...691A.128D,3
HD 101581,4612,4.6,-0.47,2022A&A...663A...4S,4
HD 101581,4578,4.66,-0.44,2018AJ....155..111L,5
HD 101581,4691,4.71,-0.55,2018A&A...614A..55A,6
HD 101581,4575,4.634,-0.59,2018A&A...615A..76S,7
HD 101581,4585,4.636,-0.6,2018A&A...615A..76S,8
HD 101581,4615,4.4,-0.51,2017A&A...606A..94D,9
HD 101581,4738,4.46,-0.52,2008A&A...487..373S,10
HD 101581,4646,4.8,-0.37,2005A&A...437.1127S,11
HD 101581,4619,,,2006A&A...450..735M,12
HD 101581,4572,,,2011A&A...530A.138C,13
HD 101581,4599,4.63,,2014MNRAS.442..220F,14
HD 101581,4738,4.46,-0.52,2015A&A...576A..69D,15
HD 101581,4615,4.4,-0.51,2013A&A...555A.150T,16
HD 101581,4738,4.46,-0.52,2012A&A...545A..32A,17
HD 101581,4738,4.46,-0.52,2008A&A...487..373S,18
HD 102365,4991,4.68,0.02,2024A&A...690A..97C,1
HD 102365,5629,4.43,-0.3,2024A&A...691A..53S,2
HD 102365,5647,4.4,-0.318,2024A&A...690A.107S,3
HD 102365,5631,4.385,-0.34,2024A&A...683A.125P,4
HD 102365,5618,4.44,-0.31,2022A&A...663A...4S,5
HD 102365,5629,-1.7102,-0.29,2014A&A...566A..66G,6
HD 102365,5629,4.44,-0.29,2021A&A...655A..99D,7
HD 102365,5335,4.1,,2020AJ....160...83S,8
HD 102365,5635,4.395,-0.346,2020A&A...640A..81N,9
HD 102365,5641,4.41,-0.312,2020A&A...639A.127C,10
HD 102365,5629,4.44,-0.29,2020A&A...634A.136C,11
HD 102365,5652,4.4,-0.3,2019A&A...629A..80H,12
HD 102365,5665,4.42,-0.35,2019MNRAS.487.3162C,13
HD 102365,5687,4.42,,2016A&A...585A...5B,14
HD 102365,5672,4.48,-0.28,2018AJ....155..111L,15
HD 102365,5641,4.39,-0.3,2018A&A...614A..55A,16
HD 102365,5935,4.75,-0.08,2018A&A...615A..76S,17
HD 102365,5897,4.75,-0.18,2018A&A...615A..76S,18
HD 102365,5951,4.425,-0.5,2018A&A...615A..76S,19
HD 102365,5616,4.4,-0.28,2018A&A...614A..84S,20
HD 102365,5688,4.51,,2003AJ....125.1598L,21
HD 102365,5629,4.44,-0.29,2017A&A...606A..94D,22
HD 102365,5702,4.69,-0.28,2006MNRAS.370..163B,23
HD 102365,5694,,,2011A&A...530A.138C,24
HD 102365,5690,4.46,-0.31,2014A&A...568A..25N,25
HD 102365,5667,4.59,-0.27,2005A&A...437.1127S,26
HD 102365,5643,4.47,-0.28,2012A&A...542A..84D,27
HD 102365,5637,4.45,-0.08,1996A&A...314..191G,28
HD 102365,5630,4.57,-0.33,2005ApJS..159..141V,29
HD 102365,5629,4.44,-0.29,2008A&A...487..373S,30
HD 102365,5588,,,1998A&A...339..858D,31
HD 102365,5569,4.34,-0.28,1994A&A...287..927G,32
HD 102365,5569,4.16,-0.42,1991A&A...241..501G,33
HD 102365,5558,4.54,-0.34,2004A&A...420..183A,34
HD 102365,5552,4.52,-0.35,2007A&A...465..271R,35
HD 102365,5538,,,1998A&AS..129..505B,36
HD 102365,5419,4.1,-0.7,1978A&A....68...27K,37
HD 102365,5419,4.08,-0.48,1972MmRAS..77...55H,38
HD 102365,5672,4.51,-0.33,2016ApJS..225...32B,39
HD 102365,5522,4.15,-0.32,2016A&A...587A...2B,40
HD 102365,5632,4.45,,2015A&A...579A..20M,41
HD 102365,5543,4.34,,2014MNRAS.442..220F,42
HD 102365,5629,4.44,-0.29,2013A&A...556A.150S,43
HD 102365,5616,4.4,-0.28,2013A&A...555A.150T,44
HD 102365,5655,4.44,-0.29,2013ApJ...764...78R,45
HD 102365,5655,4.44,-0.29,2012ApJ...756...46R,46
HD 102365,5558,4.54,7.2,2004A&A...420..183A,47
HD 102365,5629,4.44,-0.29,2012A&A...545A..32A,48
HD 102365,5665,4.42,-0.31,2010ApJ...720.1290G,49
HD 102365,5524,4.29,-0.37,2012A&A...541A..40M,50
HD 102365,5637,4.45,-0.08,1996A&A...314..191G,51
HD 102365,5569,4.34,-0.28,1994A&A...287..927G,52
HD 102365,5569,4.16,-0.42,1991A&A...241..501G,53
HD 102365,5629,4.44,-0.29,2008A&A...487..373S,54
HD 102365,5569,4.34,-0.28,1994A&A...287..927G,55
HD 102365,5569,4.16,-0.42,1991A&A...241..501G,56
HD 102365,5419,4.1,-0.7,1978A&A....68...27K,57
HD 102365,5419,4.08,-0.48,1972MmRAS..77...55H,58
HD 103095,5235,4.72,-1.33,2025A&A...698A..93J,1
HD 103095,5733,,,2022AJ....163..152S,2
HD 103095,5235,4.72,-1.33,2024A&A...682A.145S,3
HD 103095,4991,4.596,-1.2548,2022ApJS..259...35A,4
HD 103095,4992,4.555,-1.2375,2022ApJS..259...35A,5
HD 103095,5104,4.9,-1.4,2021MNRAS.505.4496G,6
HD 103095,5215,4.66,-1.31,2023AJ....165..145L,7
HD 103095,5057,4.64,-1.33,2022A&A...663A...4S,8
HD 103095,4996,4.479,-1.32,2019ApJ...879...69T,9
HD 103095,5263,4.684,-1.146,2021ApJS..255....8R,10
HD 103095,4970,5.0,-1.18,2021AJ....161..134H,11
HD 103095,,,-1.46,2015A&A...582A..49H,12
HD 103095,5294,4.47,-0.82,2015A&A...573A..67P,13
HD 103095,4930,4.65,,2016MNRAS.456.1221R,14
HD 103095,4904,4.49,,2016MNRAS.456.1221R,15
HD 103095,5110,4.66,,2016MNRAS.456.1221R,16
HD 103095,4831,4.58,,2016MNRAS.456.1221R,17
HD 103095,4944,4.48,,2016MNRAS.456.1221R,18
HD 103095,5130,4.66,,2016MNRAS.456.1221R,19
HD 103095,4771,4.56,,2016MNRAS.456.1221R,20
HD 103095,4958,4.52,,2016MNRAS.456.1221R,21
HD 103095,5218,4.77,-1.018,2020ApJ...898..119R,22
HD 103095,4922,4.8084,-1.307,2020AJ....160..120J,23
HD 103095,4924,4.8516,-1.292,2020AJ....160..120J,24
HD 103095,5033,4.38,-1.27,2020AJ....159..174T,25
HD 103095,5178,4.72,-1.24,2017AJ....153...21L,26
HD 103095,5203,4.72,-1.27,2018A&A...614A..55A,27
HD 103095,4883,3.8408,-1.35,2018ApJ...852...49H,28
HD 103095,5304,4.649,-1.56,2014MNRAS.443..698S,29
HD 103095,5250,5.0,-1.25,2003AJ....126.2015H,30
HD 103095,5250,5.0,-1.26,2006AJ....131.3069L,31
HD 103095,5250,5.0,-1.26,2005AJ....129.1063L,32
HD 103095,5170,4.5,-1.3,1992A&A...263..249S,33
HD 103095,5168,,,2011A&A...530A.138C,34
HD 103095,5152,4.77,-1.17,2000A&A...354..169G,35
HD 103095,5143,4.8,-1.1,1980A&A....86..157F,36
HD 103095,5143,4.7,-1.36,1977A&A....54..797C,37
HD 103095,5130,4.66,-1.26,2015ApJ...808..148S,38
HD 103095,5129,,,2009A&A...497..497G,39
HD 103095,5124,4.92,-1.22,1996A&A...314..191G,40
HD 103095,5110,4.67,-1.35,2000A&A...362.1077Z,41
HD 103095,5110,4.66,-1.35,1998A&A...338..161F,42
HD 103095,5110,4.66,-1.35,2000A&A...364..249M,43
HD 103095,5110,4.67,-1.36,1999A&A...343..519M,44
HD 103095,5110,4.69,-1.35,2008A&A...492..823B,45
HD 103095,5102,4.67,-1.34,2002AJ....123.1647S,46
HD 103095,5095,4.79,-1.29,2005PASJ...57...27T,47
HD 103095,5091,3.8,-1.29,1976A&A....51...71H,48
HD 103095,5091,,-1.0,1972MNRAS.156..349T,49
HD 103095,5083,4.64,-1.5,2006A&A...454..833K,50
HD 103095,5070,4.69,-1.35,2003A&A...407..691K,51
HD 103095,5070,4.69,-1.35,2006A&A...451.1065G,52
HD 103095,5056,,,1998A&A...339..858D,53
HD 103095,5054,,,1998A&AS..129..505B,54
HD 103095,5050,4.5,-1.31,1997PASP..109..776K,55
HD 103095,5050,4.7,-1.22,1996AJ....111..946B,56
HD 103095,5040,4.31,-1.48,1999ApJ...523..234T,57
HD 103095,5030,4.55,-1.3,1998ApJ...507..805I,58
HD 103095,5029,,,1996A&AS..117..227A,59
HD 103095,5025,4.63,-1.33,2003A&A...404..187G,60
HD 103095,5016,4.8,-1.3,1999MNRAS.302...22C,61
HD 103095,5011,,,2005ApJ...626..446R,62
HD 103095,5000,4.53,-1.59,1992AJ....104.1568T,63
HD 103095,5000,4.4,-1.39,2003ARep...47..422M,64
HD 103095,5000,4.4,-1.39,2001A&A...370..951M,65
HD 103095,4990,4.77,-1.19,1999ApJ...521..753T,66
HD 103095,4990,4.6,-1.3,1973MNRAS.163..117T,67
HD 103095,4990,4.5,-1.44,1981ApJ...244..989P,68
HD 103095,4990,4.5,-1.44,1980ApJ...235..491P,69
HD 103095,4990,4.5,-1.44,1979ApJ...231..762P,70
HD 103095,4990,4.5,-1.4,1988ApJ...335..406S,71
HD 103095,4990,4.5,-1.37,1980ApJ...235..925T,72
HD 103095,4950,4.65,-1.37,2005ApJS..159..141V,73
HD 103095,4950,4.5,-1.46,2000AJ....120.1841F,74
HD 103095,4831,,,2013ApJ...771...40B,75
HD 103095,4827,4.6,-1.46,2014A&A...564A.133J,76
HD 103095,4791,,,2013ApJ...771...40B,77
HD 103095,4771,,,2013ApJ...771...40B,78
HD 103095,4759,,,2012ApJ...746..101B,79
HD 103095,4500,,-1.5,1997A&AS..124..299C,80
HD 103095,4962,4.59,-1.41,2016A&A...587A...2B,81
HD 103095,4957,4.49,-1.41,2016A&A...587A...2B,82
HD 103095,4924,4.59,-1.41,2016A&A...587A...2B,83
HD 103095,4958,4.48,-1.34,2016A&A...587A...2B,84
HD 103095,5141,4.46,-1.32,2016ApJS..222...19K,85
HD 103095,5147,4.47,-1.31,2016ApJS..222...19K,86
HD 103095,5072,3.77,-1.42,2016ApJS..222...19K,87
HD 103095,5130,4.66,-1.26,2015ApJ...808..148S,88
HD 103095,5149,4.71,-1.27,2013ApJ...764...78R,89
HD 103095,5157,4.76,,2003AJ....126.2048G,90
HD 103095,5064,4.63,-1.33,2011AJ....141...90L,91
HD 103095,5064,4.61,-1.53,2011AJ....141...90L,92
HD 103095,5064,4.62,-1.51,2011AJ....141...90L,93
HD 103095,5064,4.67,-1.45,2011AJ....141...90L,94
HD 103095,5165,4.74,-1.21,2011A&A...531A.165P,95
HD 103095,5144,4.05,-1.12,2012A&A...541A..40M,96
HD 103095,5095,4.79,-1.29,2007PASJ...59..335T,97
HD 103095,5014,4.75,-1.44,2009ApJ...697..544S,98
HD 103095,5110,4.67,-1.35,2000A&A...362.1077Z,99
HD 103095,5110,4.66,-1.35,2000A&A...364..249M,100
HD 103095,5152,4.77,-1.17,2000A&A...354..169G,101
HD 103095,4950,4.5,-1.46,2000AJ....120.1841F,102
HD 103095,5040,4.31,-1.48,1999ApJ...523..234T,103
HD 103095,5110,4.67,-1.36,1999A&A...343..519M,104
HD 103095,5016,4.8,-1.3,1999MNRAS.302...22C,105
HD 103095,5110,4.66,-1.35,1998A&A...338..161F,106
HD 103095,5050,4.5,-1.31,1997PASP..109..776K,107
HD 103095,5124,4.92,-1.22,1996A&A...314..191G,108
HD 103095,5050,4.7,-1.22,1996AJ....111..946B,109
HD 103095,5000,4.53,-1.59,1992AJ....104.1568T,110
HD 103095,5170,4.5,-1.3,1992A&A...263..249S,111
HD 103095,4990,4.5,-1.4,1988ApJ...335..406S,112
HD 103095,4990,4.5,-1.44,1981ApJ...244..989P,113
HD 103095,4990,4.5,-1.37,1980ApJ...235..925T,114
HD 103095,4990,4.5,-1.44,1980ApJ...235..491P,115
HD 103095,5143,4.8,-1.1,1980A&A....86..157F,116
HD 103095,5025,4.56,-1.36,2007MNRAS.374..664C,117
HD 103095,5074,4.68,-1.33,2008A&A...480...91S,118
HD 103095,5000,4.53,-1.59,1992AJ....104.1568T,119
HD 103095,5170,4.5,-1.3,1992A&A...263..249S,120
HD 103095,4990,4.5,-1.4,1988ApJ...335..406S,121
HD 103095,4990,4.5,-1.44,1981ApJ...244..989P,122
HD 103095,4990,4.5,-1.37,1980ApJ...235..925T,123
HD 103095,4990,4.5,-1.44,1980ApJ...235..491P,124
HD 103095,5143,4.8,-1.1,1980A&A....86..157F,125
HD 103095,4990,4.5,-1.44,1979ApJ...231..762P,126
HD 103095,5143,4.7,-1.36,1977A&A....54..797C,127
HD 103095,5091,3.8,-1.29,1976A&A....51...71H,128
HD 103095,4990,4.6,-1.3,1973MNRAS.163..117T,129
HD 103095,5091,,-1.0,1972MNRAS.156..349T,130
HD 103095,4500,,-1.5,1997A&AS..124..299C,131
HD 103932,3663,,0.0,2021MNRAS.508.5148C,1
HD 103932,4361,4.5,-0.46,2021MNRAS.505.4496G,2
HD 103932,4582,4.6884,0.107,2023A&A...671A..61N,3
HD 103932,4577,4.6868,0.106,2023A&A...671A..61N,4
HD 103932,4572,4.6876,0.107,2023A&A...671A..61N,5
HD 103932,4578,4.6884,0.106,2023A&A...671A..61N,6
HD 103932,4563,4.45,0.19,2022A&A...663A...4S,7
HD 103932,4559,4.51,0.07,2023A&A...676A.129H,8
HD 103932,4441,4.618,0.117,2021ApJS..255....8R,9
HD 103932,4510,4.57,0.16,2013MNRAS.435..952S,10
HD 103932,4671,4.5,0.223,2020ApJ...898..119R,11
HD 103932,4374,4.43,0.03,2019A&A...627A.138A,12
HD 103932,4585,4.58,0.35,2017AJ....153...21L,13
HD 103932,4513,4.62,0.11,2018A&A...614A..55A,14
HD 103932,4874,4.44,0.09,2005A&A...437.1127S,15
HD 103932,4723,,,2011A&A...530A.138C,16
HD 103932,4560,4.27,0.12,2006AJ....131.3069L,17
HD 103932,4560,4.27,0.12,2005AJ....129.1063L,18
HD 103932,4510,4.85,0.16,1998A&AS..129..237F,19
HD 103932,4510,4.28,0.16,2000A&A...363..692T,20
HD 103932,4414,4.55,0.08,2011A&A...531A.165P,21
HD 103932,4510,4.28,0.16,2000A&A...363..692T,22
HD 103932,4510,4.85,0.16,1998A&AS..129..237F,23
HD 104304,5263,3.89,0.12,2024A&A...690A..97C,1
HD 104304,5506,4.34,0.22,2024ApJ...965..176R,2
HD 104304,5441,4.18,0.32,2021MNRAS.505.4496G,3
HD 104304,5506,4.42,0.31,2023ApJS..266...41P,4
HD 104304,5548,4.4,0.26,2022A&A...663A...4S,5
HD 104304,5538,4.434,0.294,2021ApJS..255....8R,6
HD 104304,,,0.16,1988A&A...195..226F,7
HD 104304,5563,4.4,0.262,2020MNRAS.495.3961L,8
HD 104304,,,0.235,2020AJ....160...83S,9
HD 104304,5312,3.82,,2020AJ....160...83S,10
HD 104304,5822,4.531,,2019A&A...629A..80H,11
HD 104304,5555,4.42,0.3,2017AJ....153...21L,12
HD 104304,5506,4.42,0.31,2018A&A...614A..55A,13
HD 104304,5538,4.35,,2003AJ....125.1598L,14
HD 104304,5750,4.45,0.35,2003AJ....126.2015H,15
HD 104304,5690,4.45,0.35,2006AJ....131.3069L,16
HD 104304,5690,4.45,0.35,2005AJ....129.1063L,17
HD 104304,5565,4.56,0.27,2005ApJS..159..141V,18
HD 104304,5562,4.37,0.27,2005A&A...437.1127S,19
HD 104304,5548,4.42,0.29,2004AN....325....3F,20
HD 104304,5523,4.46,0.28,2007A&A...465..271R,21
HD 104304,5517,,,2011A&A...530A.138C,22
HD 104304,5510,4.33,0.25,2005PASJ...57...27T,23
HD 104304,5478,4.24,0.18,1972MmRAS..77...55H,24
HD 104304,5428,4.45,0.21,2006ApJ...652.1604B,25
HD 104304,5400,4.12,0.16,2001A&A...367..253F,26
HD 104304,5361,4.47,0.14,2004A&A...420..183A,27
HD 104304,5506,4.34,0.22,2016ApJS..225...32B,28
HD 104304,5461,4.32,0.32,2016A&A...587A...2B,29
HD 104304,5605,4.56,,2015A&A...579A..20M,30
HD 104304,5572,4.37,0.27,2013AJ....146...73P,31
HD 104304,5491,4.4,0.25,2015A&A...577A...9B,32
HD 104304,5491,4.42,0.25,2014A&A...562A..71B,33
HD 104304,5484,4.39,0.26,2013ApJ...764...78R,34
HD 104304,5484,4.39,0.26,2012ApJ...756...46R,35
HD 104304,5499,4.35,,2003AJ....126.2048G,36
HD 104304,5361,4.47,7.72,2004A&A...420..183A,37
HD 104304,5485,4.23,0.3,2011A&A...531A.165P,38
HD 104304,5510,4.33,0.25,2007PASJ...59..335T,39
HD 104304,,4.2,0.16,1988A&A...195..226F,40
HD 104304,5478,4.24,0.18,1972MmRAS..77...55H,41
HD  10436,4172,4.48,-0.15,2025A&A...698A..93J,1
HD  10436,4356,4.72,-0.14,2022A&A...663A...4S,2
HD  10436,4368,4.655,-0.189,2021ApJS..255....8R,3
HD  10436,4546,4.39,-0.149,2020ApJ...898..119R,4
HD  10436,4393,4.72,-0.14,2017AJ....153...21L,5
HD  10436,4337,,,2006A&A...450..735M,6
HD  10436,4312,,,2011A&A...530A.138C,7
HD  10780,5293,4.55,0.03,2024A&A...682A.145S,1
HD  10780,5419,4.65,0.15,2021MNRAS.505.4496G,2
HD  10780,5400,4.54,0.12,2023ApJS..266...41P,3
HD  10780,5358,4.48,0.03,2022A&A...663A...4S,4
HD  10780,5312,4.547,0.055,2021ApJS..255....8R,5
HD  10780,5400,4.6,0.1,2021AJ....161..134H,6
HD  10780,5264,4.46,0.0,2015A&A...573A..67P,7
HD  10780,5407,4.3,0.04,2015MNRAS.454.1585M,8
HD  10780,5422,4.55,0.2,2017AJ....153...21L,9
HD  10780,5422,4.55,0.06,2017AJ....153...21L,10
HD  10780,5336,4.52,0.02,2018A&A...614A..55A,11
HD  10780,5427,4.63,0.1,2005PASJ...57...27T,12
HD  10780,5419,4.6,0.36,1974A&A....34..263H,13
HD  10780,5407,,,2004A&A...427..933K,14
HD  10780,5407,,,2003A&A...411..559K,15
HD  10780,5407,4.3,0.04,2012A&A...547A.106M,16
HD  10780,5407,4.35,0.04,2004A&A...418..551M,17
HD  10780,5398,,,2011A&A...530A.138C,18
HD  10780,5398,,,2012ApJ...757..112B,19
HD  10780,5396,,,2012ApJ...746..101B,20
HD  10780,5350,4.4,0.07,2003AJ....126.2015H,21
HD  10780,5350,4.5,0.02,2006AJ....131.3069L,22
HD  10780,5350,4.5,0.02,2005AJ....129.1063L,23
HD  10780,5339,4.4,0.0,2015A&A...580A..24D,24
HD  10780,5333,4.56,0.03,2008MNRAS.384..173F,25
HD  10780,5327,4.54,0.03,2005ApJS..159..141V,26
HD  10780,5309,4.56,0.0,2007A&A...465..271R,27
HD  10780,5300,4.13,-0.1,2005A&A...433..647A,28
HD  10780,5300,4.13,-0.02,2001A&A...367..253F,29
HD  10780,5295,4.27,-0.02,2002NewA....7..211G,30
HD  10780,5283,4.32,0.01,2011A&A...526A..71D,31
HD  10780,5257,4.58,-0.04,2004A&A...420..183A,32
HD  10780,5215,4.57,0.0,2006ApJ...652.1604B,33
HD  10780,5344,4.54,0.04,2016ApJS..225...32B,34
HD  10780,5243,4.47,0.01,2016A&A...587A...2B,35
HD  10780,5221,4.39,0.02,2016A&A...587A...2B,36
HD  10780,5257,4.47,0.11,2016A&A...587A...2B,37
HD  10780,5407,4.3,0.04,2013A&A...552A.128M,38
HD  10780,5354,4.53,0.03,2013ApJ...764...78R,39
HD  10780,5354,4.53,0.03,2012ApJ...756...46R,40
HD  10780,5407,4.3,0.04,2012A&A...547A.106M,41
HD  10780,5312,4.38,,2003AJ....126.2048G,42
HD  10780,5257,4.58,7.5,2004A&A...420..183A,43
HD  10780,5369,4.31,0.05,2011AJ....141...90L,44
HD  10780,5369,4.43,0.04,2011AJ....141...90L,45
HD  10780,5369,4.43,0.08,2011AJ....141...90L,46
HD  10780,5407,4.3,0.04,2011ARep...55..689M,47
HD  10780,5406,4.63,0.15,2011A&A...531A.165P,48
HD  10780,5427,4.63,0.1,2007PASJ...59..335T,49
HD  10780,5400,4.54,0.12,2012A&A...538A.143K,50
HD  10780,5359,4.44,0.02,2008A&A...480...91S,51
HD  10780,5419,4.6,0.36,1974A&A....34..263H,52
HD 110315,5407,4.49,-0.06,2024A&A...690A..97C,1
HD 110315,4488,4.33,-0.13,2022A&A...663A...4S,2
HD 110315,4555,4.592,0.068,2021ApJS..255....8R,3
HD 110315,4568,4.42,-0.083,2020ApJ...898..119R,4
HD 110315,4505,4.61,-0.08,2017AJ....153...21L,5
HD 110315,4433,4.65,-0.15,2018A&A...614A..55A,6
HD 110315,4488,4.6,-0.15,2012A&A...547A.106M,7
HD 110315,4488,4.6,-0.15,2008A&A...489..923M,8
HD 110315,4480,4.02,-0.14,2006AJ....131.3069L,9
HD 110315,4480,4.02,-0.14,2005AJ....129.1063L,10
HD 110315,4485,4.7,,2014MNRAS.442..220F,11
HD 110315,4488,4.6,-0.15,2012A&A...547A.106M,12
HD 110315,,,-0.04,1997JApA...18..161Y,13
HD 110315,,,-0.27,2008A&A...480...91S,14
HD 111631,3954,4.602,0.0,2024A&A...683A.125P,1
HD 111631,4015,,0.54,2021MNRAS.508.5148C,2
HD 111631,3806,4.16,-0.38,2021MNRAS.505.4496G,3
HD 111631,3888,4.56,0.05,2023ApJS..266...41P,4
HD 111631,4100,4.83,-0.18,2022A&A...667A..63Z,5
HD 111631,4077,4.642,0.324,2021ApJS..255....8R,6
HD 111631,3925,4.6,-0.03,2020A&A...644A..68M,7
HD 111631,3988,,0.31,2019ApJ...878..134K,8
HD 111631,3818,4.35,,2019A&A...629A..80H,9
HD 111631,3888,4.56,0.05,2019A&A...627A.138A,10
HD 111631,4110,,0.21,2014MNRAS.443.2561G,11
HD 111631,4073,,,2006A&A...450..735M,12
HD 111631,3907,4.5,0.1,1977ApJ...215..188H,13
HD 111631,3761,,,2005ApJ...626..446R,14
HD 111631,3748,,,1996A&AS..117..227A,15
HD 111631,4003,,0.26,2014ApJ...791...54G,16
HD 111631,3989,,0.24,2015ApJ...804...64M,17
HD 111631,3877,4.59,-0.26,2011A&A...531A.165P,18
HD 111631,3907,4.5,0.1,1977ApJ...215..188H,19
HD  11507,3858,4.6354,0.0,2024A&A...683A.125P,1
HD  11507,3921,,0.31,2021MNRAS.508.5148C,2
HD  11507,4011,4.72,0.41,2022A&A...663A...4S,3
HD  11507,3991,,-0.21,2020A&A...639A..35H,4
HD  11507,3796,,0.17,2019ApJ...878..134K,5
HD  11507,3980,,0.17,2019A&A...629A..80H,6
HD  11507,4011,4.72,0.41,2017AJ....153...21L,7
HD  11507,3802,,-0.02,2014MNRAS.443.2561G,8
HD  11507,3900,,0.14,2015ApJ...804...64M,9
HD 115404,4940,4.279,-0.233,2024A&A...691A..53S,1
HD 115404,4843,4.47,-0.18,2022A&A...663A...4S,2
HD 115404,4994,4.591,-0.113,2021ApJS..255....8R,3
HD 115404,5030,4.7,-0.07,2021AJ....161..134H,4
HD 115404,5030,4.6,-0.17,2017AJ....153...21L,5
HD 115404,5049,4.61,-0.14,2018A&A...614A..55A,6
HD 115404,4963,4.43,-0.25,2018MNRAS.479.1332M,7
HD 115404,5200,,-0.1,1997A&A...323..809F,8
HD 115404,5035,4.3,-0.11,2006AJ....131.3069L,9
HD 115404,5035,4.3,-0.11,2005AJ....129.1063L,10
HD 115404,4983,4.41,-0.25,2005A&A...442..635B,11
HD 115404,4932,4.63,-0.18,2007A&A...465..271R,12
HD 115404,4915,4.63,-0.17,2004A&A...420..183A,13
HD 115404,4100,4.3,-0.34,2006AJ....131.3069L,14
HD 115404,4100,4.3,-0.34,2005AJ....129.1063L,15
HD 115404,4901,4.43,-0.17,2016A&A...587A...2B,16
HD 115404,4926,4.49,-0.06,2016A&A...587A...2B,17
HD 115404,5059,4.73,,2015A&A...579A..20M,18
HD 115404,5041,4.6,-0.12,2013AJ....145...52M,19
HD 115404,5081,4.62,-0.16,2013ApJ...764...78R,20
HD 115404,5081,4.62,-0.16,2012ApJ...756...46R,21
HD 115404,4899,4.4,,2003AJ....126.2048G,22
HD 115404,4915,4.63,7.4,2004A&A...420..183A,23
HD 115404,5200,,-0.1,1997A&A...323..809F,24
HD 115404,4731,4.37,-0.2,2008A&A...480...91S,25
HD 115404,4976,4.52,-0.08,2016ApJS..225...32B,26
HD 115404,,,-0.02,1997JApA...18..161Y,27
HD 115404B,5516,4.86,-0.29,2022AJ....163..152S,1
HD 115404B,3852,4.629,-0.3307,2022ApJS..259...35A,2
HD 115404B,3908,4.8024,-0.282,2020AJ....160..120J,3
HD 115404B,3863,4.59,-0.17,2019ApJ...878..134K,4
HD 115404B,3903,4.9,0.11,2017AJ....153...21L,5
HD 115404B,3709,,,2017ApJ...851...26V,6
HD 115404B,,,-0.25,2005A&A...442..635B,7
HD 115404B,3796,,-0.25,2015ApJS..220...16T,8
HD 115404B,3840,,-0.28,2015ApJS..220...16T,9
HD 115404B,3605,,-0.35,2015ApJS..220...16T,10
HD 115404B,3709,,-0.12,2015ApJ...804...64M,11
HD 115404B,,,-0.27,2014AJ....147...20N,12
HD 115953,3751,4.36,0.22,2017AJ....153...21L,1
HD 119850,3699,4.69,-0.33,2025A&A...703A.245S,1
HD 119850,,,-0.162,2025A&A...698A.289O,2
HD 119850,3729,4.792,-0.32,2025A&A...696A..62O,3
HD 119850,5452,4.82,-0.654,2022AJ....163..152S,4
HD 119850,3700,4.8,,2020AJ....159...30H,5
HD 119850,3950,4.7,,2024A&A...687A.205M,6
HD 119850,3565,,-0.3,2021MNRAS.508.5148C,7
HD 119850,3700,4.74,,2022ApJ...927..122H,8
HD 119850,3664,,-0.15,2024A&A...690A..58A,9
HD 119850,3774,4.674,-0.4402,2022ApJS..259...35A,10
HD 119850,3778,4.692,-0.4252,2022ApJS..259...35A,11
HD 119850,3648,,-0.28,2022A&A...658A.194P,12
HD 119850,3720,4.78,-0.23,2022A&A...658A.194P,13
HD 119850,3755,4.81,-0.22,2022A&A...658A.194P,14
HD 119850,3373,4.44,-0.72,2022A&A...658A.194P,15
HD 119850,3516,4.59,-0.41,2022A&A...658A.194P,16
HD 119850,3627,4.85,-0.41,2022A&A...658A.194P,17
HD 119850,3615,4.73,-0.02,2022A&A...658A.194P,18
HD 119850,3590,,-0.24,2022A&A...658A.194P,19
HD 119850,3648,4.75,0.22,2022A&A...658A.194P,20
HD 119850,3975,4.6,0.12,2022A&A...658A.194P,21
HD 119850,3648,4.75,-0.33,2022A&A...658A.194P,22
HD 119850,3569,4.74,-0.31,2022A&A...658A.194P,23
HD 119850,3648,4.75,-0.1,2022A&A...658A.194P,24
HD 119850,3628,4.76,-0.12,2022A&A...658A.194P,25
HD 119850,3836,4.8,-0.223,2021ApJS..255....8R,26
HD 119850,3713,4.598,,2021A&A...649A.147S,27
HD 119850,4968,4.26,-0.089,2020ApJ...898..119R,28
HD 119850,3694,,-0.38,2020ApJ...892...31B,29
HD 119850,3623,4.31,,2020A&A...636A..85S,30
HD 119850,3591,,-0.69,2021A&A...656A.162M,31
HD 119850,3620,4.93,-0.49,2021A&A...656A.162M,32
HD 119850,3806,4.7426,-0.599,2020AJ....160..120J,33
HD 119850,3604,4.79,-0.09,2020A&A...644A..68M,34
HD 119850,3714,4.71,-0.36,2022ApJ...927..123S,35
HD 119850,3579,,-0.22,2019ApJ...878..134K,36
HD 119850,3646,4.67,0.06,2019ApJ...878..134K,37
HD 119850,3680,4.59,0.05,2019ApJ...878..134K,38
HD 119850,3698,,-0.314,2018MNRAS.475.1960F,39
HD 119850,3526,4.485,,2019A&A...629A..80H,40
HD 119850,3521,4.79,-0.25,2019A&A...627A.138A,41
HD 119850,3678,4.79,-0.04,2019A&A...625A..68S,42
HD 119850,3610,4.73,0.0,2019A&A...627A.161P,43
HD 119850,3659,4.7,0.05,2019A&A...627A.161P,44
HD 119850,3613,4.73,0.0,2019A&A...627A.161P,45
HD 119850,3700,5.1,,2018A&A...620A.180R,46
HD 119850,3677,4.79,-0.04,2018A&A...615A...6P,47
HD 119850,3703,,-0.45,2014MNRAS.443.2561G,48
HD 119850,3650,4.79,-0.1,2005MNRAS.356..963W,49
HD 119850,3618,,,2012ApJ...757..112B,50
HD 119850,3792,,-0.18,2014ApJ...791...54G,51
HD 119850,3649,,-0.31,2015ApJ...804...64M,52
HD 119850,3642,,-0.3,2012ApJ...748...93R,53
HD 119850,3623,4.8,-0.1,2009A&A...508.1313F,54
HD 120467,4382,4.5735,0.0,2024A&A...683A.125P,1
HD 120467,4309,4.53,0.34,2022A&A...663A...4S,2
HD 120467,4380,4.604,0.242,2021ApJS..255....8R,3
HD 120467,4592,4.49,0.218,2020ApJ...898..119R,4
HD 120467,4369,4.6,0.45,2017AJ....153...21L,5
HD 120467,4153,,0.23,2018A&A...614A..55A,6
HD 120467,4533,,,2011A&A...530A.138C,7
HD 120467,4408,,,2010A&A...512A..54C,8
HD 120467,4356,,,2009A&A...497..497G,9
HD 120467,4200,4.5,0.24,2006AJ....131.3069L,10
HD 120467,4200,4.5,0.24,2005AJ....129.1063L,11
HD 120476A,3583,,-0.13,2021MNRAS.508.5148C,1
HD 120476A,4471,4.42,0.07,2022A&A...663A...4S,2
HD 120476A,4599,4.604,0.039,2021ApJS..255....8R,3
HD 120476A,4409,3.86,-0.405,2020ApJ...898..119R,4
HD 120476A,4471,4.42,0.07,2017AJ....153...21L,5
HD 120476B,4384,4.59,0.19,2022A&A...663A...4S,1
HD 120476B,4384,4.59,0.19,2017AJ....153...21L,2
HD 122064,4694,4.51,-0.09,2021MNRAS.505.4496G,1
HD 122064,4490,4.3,0.09,2023ApJS..266...41P,2
HD 122064,4867,4.56,0.2,2022A&A...663A...4S,3
HD 122064,4826,4.556,0.147,2021ApJS..255....8R,4
HD 122064,4937,4.5,0.12,2020MNRAS.494.1724J,5
HD 122064,4820,4.4,0.21,2021AJ....161..134H,6
HD 122064,4937,4.5,0.07,2015MNRAS.454.1585M,7
HD 122064,4837,4.5,0.247,2020ApJ...898..119R,8
HD 122064,4908,4.49,0.23,2020AJ....159..174T,9
HD 122064,4937,4.5,0.07,2018ApJS..238...29P,10
HD 122064,4811,4.57,0.33,2017AJ....153...21L,11
HD 122064,4870,4.61,0.13,2018A&A...614A..55A,12
HD 122064,4945,4.58,0.16,2006AJ....131.3069L,13
HD 122064,4945,4.58,0.16,2005AJ....129.1063L,14
HD 122064,4937,,,2004A&A...427..933K,15
HD 122064,4937,,,2003A&A...411..559K,16
HD 122064,4937,4.5,0.07,2004A&A...418..551M,17
HD 122064,4816,4.62,0.15,2007A&A...465..271R,18
HD 122064,4757,4.58,0.18,2005ApJS..159..141V,19
HD 122064,4647,4.62,0.24,2004A&A...420..183A,20
HD 122064,4635,4.38,0.22,2006A&A...454..833K,21
HD 122064,4699,4.25,0.16,2016A&A...587A...2B,22
HD 122064,4710,4.21,0.19,2016A&A...587A...2B,23
HD 122064,4715,4.34,0.24,2016A&A...587A...2B,24
HD 122064,4865,4.68,,2015A&A...579A..20M,25
HD 122064,4937,4.5,0.07,2013A&A...552A.128M,26
HD 122064,4851,4.58,0.11,2013ApJ...764...78R,27
HD 122064,4851,4.58,0.11,2012ApJ...756...46R,28
HD 122064,4647,4.62,7.81,2004A&A...420..183A,29
HD 122064,4937,4.5,0.07,2011AJ....141...90L,30
HD 122064,4937,4.53,0.23,2011AJ....141...90L,31
HD 122064,4937,4.53,0.16,2011AJ....141...90L,32
HD 122064,4937,4.5,0.07,2011ARep...55..689M,33
HD 122064,4490,4.3,0.09,2012A&A...538A.143K,34
HD 122064,4843,4.54,0.17,2008A&A...480...91S,35
HD 122303,3694,,-0.16,2024A&A...691A..53S,1
HD 122303,3641,4.713,-0.08,2025A&A...702A.121S,2
HD 122303,3800,4.8,,2020AJ....159...30H,3
HD 122303,3674,4.7306,0.0,2024A&A...683A.125P,4
HD 122303,3872,4.69,,2024A&A...687A.205M,5
HD 122303,3379,,-0.23,2021MNRAS.508.5148C,6
HD 122303,3700,4.72,,2022ApJ...927..122H,7
HD 122303,3706,,-0.1,2024A&A...690A..58A,8
HD 122303,3698,,-0.14,2024A&A...690A..58A,9
HD 122303,3707,,-0.16,2024A&A...690A..58A,10
HD 122303,3694,,-0.16,2024A&A...690A..58A,11
HD 122303,3674,,-0.12,2024A&A...690A..58A,12
HD 122303,4067,5.0,0.01,2022A&A...663A...4S,13
HD 122303,3807,4.769,-0.009,2021ApJS..255....8R,14
HD 122303,4972,4.17,-0.094,2020ApJ...898..119R,15
HD 122303,3726,,-0.32,2021A&A...656A.162M,16
HD 122303,3719,4.89,-0.24,2021A&A...656A.162M,17
HD 122303,3679,4.75,-0.08,2020A&A...644A..68M,18
HD 122303,3565,,-0.12,2019ApJ...878..134K,19
HD 122303,3805,,-0.067,2018MNRAS.475.1960F,20
HD 122303,3724,4.77,-0.04,2019A&A...625A..68S,21
HD 122303,3702,4.68,0.13,2019A&A...627A.161P,22
HD 122303,3726,4.67,0.2,2019A&A...627A.161P,23
HD 122303,3709,4.68,0.16,2019A&A...627A.161P,24
HD 122303,4067,5.0,0.01,2017AJ....153...21L,25
HD 122303,3700,5.4,,2018A&A...620A.180R,26
HD 122303,3719,4.77,-0.03,2018A&A...615A...6P,27
HD 122303,3770,,-0.16,2014MNRAS.443.2561G,28
HD 122303,3799,,,2014ApJ...791...54G,29
HD 125072,4887,4.61,0.31,2024A&A...690A..97C,1
HD 125072,5138,4.756,0.15,2024A&A...683A.125P,2
HD 125072,4867,4.53,0.27,2023ApJS..266...41P,3
HD 125072,4903,4.56,0.31,2022A&A...663A...4S,4
HD 125072,5007,-1.7241,0.18,2014A&A...566A..66G,5
HD 125072,4731,3.95,0.23,2020A&A...639A..35H,6
HD 125072,,,0.247,2020AJ....160...83S,7
HD 125072,4686,4.1,,2020AJ....160...83S,8
HD 125072,4940,4.556,,2020AJ....160...83S,9
HD 125072,4867,4.53,0.27,2018AJ....155..111L,10
HD 125072,4949,4.58,0.22,2018A&A...614A..55A,11
HD 125072,4944,4.528,0.11,2018A&A...615A..76S,12
HD 125072,4906,4.527,0.3,2018A&A...615A..76S,13
HD 125072,4913,4.526,0.14,2018A&A...615A..76S,14
HD 125072,4903,4.48,,2003AJ....125.1598L,15
HD 125072,4794,4.27,0.24,2017A&A...606A..94D,16
HD 125072,5007,4.56,0.18,2008A&A...487..373S,17
HD 125072,5001,4.39,0.24,2005A&A...437.1127S,18
HD 125072,4948,,,2006A&A...450..735M,19
HD 125072,4941,4.5,0.26,1988A&A...191..237P,20
HD 125072,4903,4.69,0.32,2005ApJS..159..141V,21
HD 125072,4876,,,2011A&A...530A.138C,22
HD 125072,4671,4.62,0.49,2004A&A...420..183A,23
HD 125072,4803,4.38,0.38,2016A&A...587A...2B,24
HD 125072,4858,4.6,,2014MNRAS.442..220F,25
HD 125072,5007,4.56,0.18,2015A&A...576A..69D,26
HD 125072,4794,4.27,0.24,2013A&A...555A.150T,27
HD 125072,4899,4.55,0.28,2013ApJ...764...78R,28
HD 125072,4899,4.55,0.28,2012ApJ...756...46R,29
HD 125072,4671,4.62,,2004A&A...420..183A,30
HD 125072,5007,4.56,0.18,2012A&A...545A..32A,31
HD 125072,5117,4.44,0.22,2010ApJ...720.1290G,32
HD 125072,4941,4.5,0.26,1988A&A...191..237P,33
HD 125072,5007,4.56,0.18,2008A&A...487..373S,34
HD 125072,4941,4.5,0.26,1988A&A...191..237P,35
HD 128165,4793,4.59,0.03,2023ApJS..266...41P,1
HD 128165,4781,4.5,0.0,2022A&A...663A...4S,2
HD 128165,4840,4.576,0.015,2021ApJS..255....8R,3
HD 128165,4800,4.5,0.03,2021AJ....161..134H,4
HD 128165,4797,4.5,0.067,2020ApJ...898..119R,5
HD 128165,4868,4.6,-0.03,2020AJ....159..174T,6
HD 128165,4793,4.59,0.03,2017AJ....153...21L,7
HD 128165,4708,4.59,-0.01,2018A&A...614A..55A,8
HD 128165,4809,4.67,-0.0,2005ApJS..159..141V,9
HD 128165,4794,,,2011A&A...530A.138C,10
HD 128165,4792,4.56,-0.16,2006A&A...454..833K,11
HD 128165,4755,4.34,0.0,2006AJ....131.3069L,12
HD 128165,4755,4.34,0.0,2005AJ....129.1063L,13
HD 128165,4700,4.29,-0.04,2016A&A...587A...2B,14
HD 128165,4902,4.64,,2015A&A...579A..20M,15
HD 128165,4778,4.48,-0.04,2008A&A...480...91S,16
HD 131977,4660,4.61,0.01,2024A&A...690A..97C,1
HD 131977,5003,4.828,-0.08,2024A&A...683A.125P,2
HD 131977,3684,,0.24,2021MNRAS.508.5148C,3
HD 131977,4724,4.63,0.02,2024A&A...682A.145S,4
HD 131977,4400,4.14,-0.31,2021MNRAS.505.4496G,5
HD 131977,4632,4.49,0.02,2022A&A...663A...4S,6
HD 131977,4501,4.7,0.02,2013MNRAS.435..952S,7
HD 131977,4683,3.7,-0.24,2015MNRAS.454.1585M,8
HD 131977,4625,4.59,0.14,2017AJ....153...21L,9
HD 131977,4636,4.6,0.12,2018AJ....155..111L,10
HD 131977,4675,4.64,0.05,2018A&A...614A..55A,11
HD 131977,4772,4.38,-0.12,2018MNRAS.479.1332M,12
HD 131977,4749,,,2011A&A...530A.138C,13
HD 131977,4744,4.76,0.12,2005ApJS..159..141V,14
HD 131977,4693,4.36,0.07,2005A&A...437.1127S,15
HD 131977,4683,,,2004A&A...427..933K,16
HD 131977,4683,,,2003A&A...411..559K,17
HD 131977,4683,3.7,-0.24,2012A&A...547A.106M,18
HD 131977,4683,3.7,-0.24,2004A&A...418..551M,19
HD 131977,4624,4.79,0.01,1976A&A....51...85H,20
HD 131977,4609,,,1998A&AS..129..505B,21
HD 131977,4605,,,1996A&AS..117..227A,22
HD 131977,4585,4.7,0.04,1998A&AS..129..237F,23
HD 131977,4585,4.58,0.03,2000A&A...363..692T,24
HD 131977,4575,4.28,0.09,2006AJ....131.3069L,25
HD 131977,4575,4.28,0.09,2005AJ....129.1063L,26
HD 131977,4571,,,2005ApJ...626..446R,27
HD 131977,4551,,,1998A&A...339..858D,28
HD 131977,4507,,,2012ApJ...757..112B,29
HD 131977,4484,,,2009A&A...497..497G,30
HD 131977,4564,4.24,0.03,2016A&A...587A...2B,31
HD 131977,4661,4.62,,2014MNRAS.442..220F,32
HD 131977,4683,3.7,-0.24,2013A&A...552A.128M,33
HD 131977,4683,3.7,-0.24,2012A&A...547A.106M,34
HD 131977,4615,4.36,-0.05,2011AJ....141...90L,35
HD 131977,4615,4.4,0.06,2011AJ....141...90L,36
HD 131977,4683,3.7,-0.24,2011ARep...55..689M,37
HD 131977,4799,4.6,0.03,2010ApJ...720.1290G,38
HD 131977,4507,4.59,-0.04,2011A&A...531A.165P,39
HD 131977,4600,4.7,0.04,2009A&A...508.1313F,40
HD 131977,4585,4.58,0.03,2000A&A...363..692T,41
HD 131977,4585,4.7,0.04,1998A&AS..129..237F,42
HD 131977,4622,4.38,0.03,2008A&A...480...91S,43
HD 131977,4624,4.79,0.01,1976A&A....51...85H,44
HD   1326,3602,,-0.45,2024A&A...691A..53S,1
HD   1326,3609,4.883,-0.3,2025A&A...696A..62O,2
HD   1326,5383,,-0.408,2022AJ....163..152S,3
HD   1326,3600,4.8,,2020AJ....159...30H,4
HD   1326,3661,,-0.39,2025ApJ...978..154J,5
HD   1326,3709,4.8,,2024A&A...687A.205M,6
HD   1326,3750,4.81,,2022ApJ...927..122H,7
HD   1326,3602,,-0.33,2024A&A...690A..58A,8
HD   1326,3656,,-0.33,2024A&A...690A..58A,9
HD   1326,3602,,-0.45,2024A&A...690A..58A,10
HD   1326,3631,4.79,,2023MNRAS.526.5648C,11
HD   1326,3700,4.697,-0.4677,2022ApJS..259...35A,12
HD   1326,3650,4.83,-0.3,2023ApJS..266...41P,13
HD   1326,3589,,-0.45,2022A&A...658A.194P,14
HD   1326,3713,4.8,-0.28,2022A&A...658A.194P,15
HD   1326,3779,4.77,-0.3,2022A&A...658A.194P,16
HD   1326,3437,4.65,-0.67,2022A&A...658A.194P,17
HD   1326,3459,4.59,-0.63,2022A&A...658A.194P,18
HD   1326,3664,4.83,-0.39,2022A&A...658A.194P,19
HD   1326,3667,4.75,-0.13,2022A&A...658A.194P,20
HD   1326,3539,,-0.39,2022A&A...658A.194P,21
HD   1326,3603,4.85,0.09,2022A&A...658A.194P,22
HD   1326,3672,4.71,0.04,2022A&A...658A.194P,23
HD   1326,3603,4.85,-0.35,2022A&A...658A.194P,24
HD   1326,3549,5.03,-0.24,2022A&A...658A.194P,25
HD   1326,3603,4.85,-0.28,2022A&A...658A.194P,26
HD   1326,3576,4.84,-0.32,2022A&A...658A.194P,27
HD   1326,3742,4.888,-0.391,2021ApJS..255....8R,28
HD   1326,3611,4.8,,2022MNRAS.516.3802C,29
HD   1326,3695,4.9551,,2021A&A...649A.147S,30
HD   1326,4939,4.33,-0.17,2020ApJ...898..119R,31
HD   1326,3538,,-0.28,2020ApJ...892...31B,32
HD   1326,3603,,-0.72,2021A&A...656A.162M,33
HD   1326,3603,4.99,-0.75,2021A&A...656A.162M,34
HD   1326,3742,4.8583,-0.518,2020AJ....160..120J,35
HD   1326,3610,4.87,-0.35,2020A&A...644A..68M,36
HD   1326,3585,4.85,-0.39,2022ApJ...927..123S,37
HD   1326,3562,,-0.329,2018MNRAS.475.1960F,38
HD   1326,3615,4.91,-0.25,2019A&A...625A..68S,39
HD   1326,3601,4.78,-0.16,2019A&A...627A.161P,40
HD   1326,3628,4.77,-0.18,2019A&A...627A.161P,41
HD   1326,3606,4.77,-0.14,2019A&A...627A.161P,42
HD   1326,3500,5.0,,2018A&A...620A.180R,43
HD   1326,3606,4.93,-0.27,2018A&A...615A...6P,44
HD   1326,3669,,-0.29,2014MNRAS.443.2561G,45
HD   1326,3721,,,1996A&AS..117..227A,46
HD   1326,3594,,,2012ApJ...757..112B,47
HD   1326,3567,,,2012ApJ...757..112B,48
HD   1326,3693,,-0.26,2014ApJ...791...54G,49
HD   1326,3551,,-0.28,2015ApJS..220...16T,50
HD   1326,3760,,-0.23,2015ApJS..220...16T,51
HD   1326,3368,,-0.26,2015ApJS..220...16T,52
HD   1326,3603,,-0.3,2015ApJ...804...64M,53
HD   1326,3520,,,2009A&A...508.1313F,54
HD   1326B,5499,4.497,-0.24,2022AJ....163..152S,1
HD   1326B,3250,5.2,,2020AJ....159...30H,2
HD   1326B,3237,,-0.44,2025ApJ...978..154J,3
HD   1326B,3251,4.96,,2024A&A...687A.205M,4
HD   1326B,3300,5.06,,2022ApJ...927..122H,5
HD   1326B,3693,4.675,-0.5745,2022ApJS..259...35A,6
HD   1326B,3287,4.83,,2023MNRAS.526.5648C,7
HD   1326B,3506,3.27,-1.24,2021MNRAS.505.4496G,8
HD   1326B,3342,5.132,-0.302,2021ApJS..255....8R,9
HD   1326B,3272,4.89,,2022MNRAS.516.3802C,10
HD   1326B,5210,4.52,-0.084,2020ApJ...898..119R,11
HD   1326B,4022,2.22,,2020A&A...636A..85S,12
HD   1326B,3738,4.8129,-0.585,2020AJ....160..120J,13
HD   1326B,3302,,-0.55,2021A&A...656A.162M,14
HD   1326B,3318,5.2,-0.53,2021A&A...656A.162M,15
HD   1326B,3386,5.06,-0.43,2020A&A...644A..68M,16
HD   1326B,3402,,-0.437,2018MNRAS.475.1960F,17
HD   1326B,3630,4.71,-0.88,2018ApJS..238...29P,18
HD   1326B,3291,5.11,-0.19,2019A&A...625A..68S,19
HD   1326B,3256,4.97,-0.13,2019A&A...627A.161P,20
HD   1326B,3264,4.94,-0.05,2019A&A...627A.161P,21
HD   1326B,3261,4.96,-0.12,2019A&A...627A.161P,22
HD   1326B,3200,5.0,,2018A&A...620A.180R,23
HD   1326B,3283,5.11,-0.19,2018A&A...615A...6P,24
HD   1326B,3282,,-0.17,2014MNRAS.443.2561G,25
HD   1326B,3540,5.3,-0.2,1998MNRAS.299..753Z,26
HD   1326B,3254,,-0.2,2014ApJ...791...54G,27
HD   1326B,3304,,-0.13,2015ApJS..220...16T,28
HD   1326B,3369,,-0.13,2015ApJS..220...16T,29
HD   1326B,3167,,-0.0,2015ApJS..220...16T,30
HD   1326B,3260,5.0,,2013AJ....145..102L,31
HD   1326B,3218,,-0.3,2015ApJ...804...64M,32
HD   1326B,,,-0.08,2014AJ....147...20N,33
HD   1326B,3679,4.92,-1.15,2011A&A...531A.165P,34
HD   1326B,3630,4.71,-0.88,2012A&A...538A.143K,35
HD   1326B,3330,5.08,-1.4,2007MNRAS.374..664C,36
HD  13445,5110,4.39,-0.31,2024A&A...691A..53S,1
HD  13445,5139,4.427,-0.3,2024A&A...683A.125P,2
HD  13445,5178,4.61,-0.23,2022A&A...663A...4S,3
HD  13445,5135,4.37,-0.27,2019A&A...629A..80H,4
HD  13445,5140,4.46,-0.24,2019MNRAS.487.3162C,5
HD  13445,5204,4.56,-0.24,2018A&A...614A..55A,6
HD  13445,5129,4.51,,2003AJ....125.1598L,7
HD  13445,5251,,,2011A&A...530A.138C,8
HD  13445,5220,4.7,-0.19,2001A&A...373.1019S,9
HD  13445,5210,,,2006A&A...450..735M,10
HD  13445,5207,4.56,-0.23,2004A&A...415.1153S,11
HD  13445,5205,4.7,-0.2,2001A&A...373.1019S,12
HD  13445,5190,4.71,-0.2,2001A&A...373.1019S,13
HD  13445,5180,4.75,-0.21,2000A&A...363..228S,14
HD  13445,5159,4.62,-0.16,2004A&A...420..183A,15
HD  13445,5151,4.59,-0.27,2005ApJS..159..141V,16
HD  13445,5129,4.61,-0.3,2007A&A...465..271R,17
HD  13445,5128,,,2005ApJ...626..446R,18
HD  13445,5119,4.48,-0.25,2004A&A...415.1153S,19
HD  13445,5056,4.34,-0.22,2016A&A...587A...2B,20
HD  13445,5214,4.76,,2015A&A...579A..20M,21
HD  13445,5114,4.55,-0.29,2013A&A...556A.150S,22
HD  13445,5217,4.56,-0.23,2013ApJ...764...78R,23
HD  13445,5217,4.56,-0.23,2012ApJ...756...46R,24
HD  13445,5159,4.62,7.32,2004A&A...420..183A,25
HD  13445,5189,4.47,-0.26,2010ApJ...720.1290G,26
HD  13445,5168,4.56,-0.2,2012A&A...541A..40M,27
HD  13445,5180,4.75,-0.21,2000A&A...363..228S,28
HD  13445B,8180,,,2022ApJ...935L..12B,1
HD  13445B,4700,8.0,,2009AJ....138.1681S,2
HD  14412,5347,4.429,-0.56,2024A&A...683A.125P,1
HD  14412,5401,4.59,-0.49,2022A&A...663A...4S,2
HD  14412,5388,4.558,-0.405,2021ApJS..255....8R,3
HD  14412,5357,4.51,-0.49,2020AJ....159..174T,4
HD  14412,5344,4.42,-0.47,2020A&A...639A..35H,5
HD  14412,5492,4.62,-0.36,2017AJ....153...21L,6
HD  14412,5400,4.56,-0.44,2019MNRAS.487.3162C,7
HD  14412,5433,4.59,-0.49,2018A&A...614A..55A,8
HD  14412,5423,4.63,,2003AJ....125.1598L,9
HD  14412,5481,,,2011A&A...530A.138C,10
HD  14412,5472,4.37,-0.53,1994A&A...287..191P,11
HD  14412,5464,,,2006A&A...450..735M,12
HD  14412,5410,4.7,-0.44,2001A&A...373.1019S,13
HD  14412,5400,4.6,-0.54,2006AJ....131.3069L,14
HD  14412,5400,4.6,-0.54,2005AJ....129.1063L,15
HD  14412,5374,4.69,-0.47,2005ApJS..159..141V,16
HD  14412,5368,4.55,-0.47,2004A&A...415.1153S,17
HD  14412,5350,4.57,-0.47,2003A&A...410..527B,18
HD  14412,5338,4.63,-0.54,2004A&A...420..183A,19
HD  14412,5300,4.63,-0.56,2007A&A...465..271R,20
HD  14412,5373,4.62,-0.48,2016ApJS..225...32B,21
HD  14412,5233,4.3,-0.46,2016A&A...587A...2B,22
HD  14412,5302,4.6,-0.51,2016A&A...586A..49B,23
HD  14412,5365,4.56,,2015A&A...579A..20M,24
HD  14412,5342,4.53,,2014MNRAS.442..220F,25
HD  14412,5302,4.6,-0.51,2015A&A...577A...9B,26
HD  14412,5302,4.61,-0.51,2014A&A...562A..71B,27
HD  14412,5476,4.61,-0.45,2013ApJ...764...78R,28
HD  14412,5476,4.61,-0.45,2012ApJ...756...46R,29
HD  14412,5338,4.63,7.08,2004A&A...420..183A,30
HD  14412,5359,4.59,-0.46,2012A&A...541A..40M,31
HD  14412,5472,4.37,-0.53,1994A&A...287..191P,32
HD  14412,5472,4.37,-0.53,1994A&A...287..191P,33
HD 145417,5026,4.56,-0.35,2024A&A...690A..97C,1
HD 145417,4951,4.275,-1.41,2024A&A...683A.125P,2
HD 145417,4955,4.68,-1.29,2022A&A...663A...4S,3
HD 145417,4963,4.8,-1.08,2018AJ....155..111L,4
HD 145417,4954,4.84,,2003AJ....125.1598L,5
HD 145417,4953,4.81,-1.26,2017A&A...606A..94D,6
HD 145417,5215,,,2006A&A...450..735M,7
HD 145417,5045,4.74,-1.1,2005A&A...437.1127S,8
HD 145417,5014,4.79,-1.31,2000A&A...354..169G,9
HD 145417,5006,4.82,-1.23,2011A&A...526A..99S,10
HD 145417,4981,,,2011A&A...530A.138C,11
HD 145417,4922,,,2009A&A...497..497G,12
HD 145417,4917,,,2009A&A...497..497G,13
HD 145417,4916,,,2010A&A...512A..54C,14
HD 145417,4908,4.69,-1.36,2005A&A...440..321J,15
HD 145417,4869,4.62,-1.39,2003A&A...404..187G,16
HD 145417,4850,4.5,-1.38,1998ApJ...500..398R,17
HD 145417,4794,,,2005ApJ...626..446R,18
HD 145417,4933,4.8,,2014MNRAS.442..220F,19
HD 145417,5006,4.82,-1.23,2012A&A...545A..32A,20
HD 145417,5014,4.79,-1.31,2000A&A...354..169G,21
HD 145417,4850,4.5,-1.38,1998ApJ...500..398R,22
HD 147379,4090,,0.16,2024A&A...691A..53S,1
HD 147379,4000,4.8,,2020AJ....159...30H,2
HD 147379,4174,4.66,,2024A&A...687A.205M,3
HD 147379,4000,4.6,,2022ApJ...927..122H,4
HD 147379,4126,4.65,0.114,2021ApJS..255....8R,5
HD 147379,4808,4.13,0.023,2020ApJ...898..119R,6
HD 147379,4039,,-0.02,2021A&A...656A.162M,7
HD 147379,4034,4.78,0.0,2021A&A...656A.162M,8
HD 147379,4090,4.62,0.15,2019A&A...625A..68S,9
HD 147379,4058,4.63,0.37,2019A&A...627A.161P,10
HD 147379,3965,4.64,0.57,2019A&A...627A.161P,11
HD 147379,4075,4.63,0.41,2019A&A...627A.161P,12
HD 147379,4000,5.5,,2018A&A...620A.180R,13
HD 147379,4091,4.62,0.16,2018A&A...615A...6P,14
HD 147379,3893,,,2014MNRAS.443.2561G,15
HD 147379,3624,,,2005ApJ...626..446R,16
HD 147379,3578,,,1996A&AS..117..227A,17
HD 147379,4156,,0.19,2014ApJ...791...54G,18
HD 147379,3700,4.5,,2013AJ....145..102L,19
HD 147379B,3500,4.8,,2020AJ....159...30H,1
HD 147379B,3560,4.76,,2024A&A...687A.205M,2
HD 147379B,3450,4.77,,2022ApJ...927..122H,3
HD 147379B,3532,4.78,,2023MNRAS.526.5648C,4
HD 147379B,3780,4.32,-0.67,2021MNRAS.505.4496G,5
HD 147379B,3444,4.9,0.044,2021ApJS..255....8R,6
HD 147379B,3525,4.84,,2022MNRAS.516.3802C,7
HD 147379B,5182,4.3,-0.16,2020ApJ...898..119R,8
HD 147379B,3532,,-0.08,2021A&A...656A.162M,9
HD 147379B,3569,4.97,-0.04,2021A&A...656A.162M,10
HD 147379B,3467,,0.151,2018MNRAS.475.1960F,11
HD 147379B,3488,4.93,-0.03,2019A&A...625A..68S,12
HD 147379B,3436,4.8,0.0,2019A&A...627A.161P,13
HD 147379B,3592,4.67,0.47,2019A&A...627A.161P,14
HD 147379B,3455,4.78,0.06,2019A&A...627A.161P,15
HD 147379B,3500,5.0,,2018A&A...620A.180R,16
HD 147379B,3504,4.91,0.0,2018A&A...615A...6P,17
HD 147379B,3537,,,2014MNRAS.443.2561G,18
HD 147379B,3516,,0.1,2014ApJ...791...54G,19
HD 147379B,3400,5.0,,2013AJ....145..102L,20
HD 147379B,3852,4.57,-0.28,2011A&A...531A.165P,21
HD 147513,5924,4.49,0.02,2024A&A...690A..97C,1
HD 147513,5868,4.47,0.04,2024A&A...691A..53S,2
HD 147513,5888,4.493,0.0,2024A&A...683A.125P,3
HD 147513,5868,4.53,0.05,2022A&A...663A...4S,4
HD 147513,5873,4.54,0.052,2020ApJ...898..119R,5
HD 147513,5858,4.44,0.03,2021A&A...655A..99D,6
HD 147513,5858,4.44,0.03,2020A&A...634A.136C,7
HD 147513,5920,4.42,0.11,2019MNRAS.487.3162C,8
HD 147513,5827,4.45,,2016A&A...585A...5B,9
HD 147513,5855,4.49,0.02,2018A&A...614A..55A,10
HD 147513,5982,4.529,0.12,2018A&A...615A..76S,11
HD 147513,5878,4.413,0.03,2018A&A...615A..76S,12
HD 147513,5831,4.47,,2003AJ....125.1598L,13
HD 147513,5858,4.5,0.03,2017A&A...606A..94D,14
HD 147513,5934,,,2006A&A...450..735M,15
HD 147513,5930,4.61,0.09,2005ApJS..159..141V,16
HD 147513,5895,4.52,0.03,1999MNRAS.305..693C,17
HD 147513,5894,4.43,0.08,2005A&A...437.1127S,18
HD 147513,5891,4.63,0.04,2012A&A...542A..84D,19
HD 147513,5886,4.46,0.073,2010MNRAS.403.1368G,20
HD 147513,5883,4.51,0.06,2005A&A...437.1127S,21
HD 147513,5883,4.51,0.06,2004A&A...415.1153S,22
HD 147513,5880,4.49,0.03,2003A&A...410..527B,23
HD 147513,5880,4.58,0.07,2003A&A...398..363S,24
HD 147513,5872,,,2011A&A...530A.138C,25
HD 147513,5859,4.63,0.04,1997ApJ...476L..89P,26
HD 147513,5858,4.5,0.03,2008A&A...487..373S,27
HD 147513,5852,,,2005ApJ...626..446R,28
HD 147513,5756,4.49,-0.03,2007A&A...465..271R,29
HD 147513,5730,4.5,-0.1,2004A&A...420..183A,30
HD 147513,5679,,,1998A&AS..129..505B,31
HD 147513,5818,4.48,0.09,2016A&A...587A...2B,32
HD 147513,5918,4.5,0.08,2016A&A...586A..49B,33
HD 147513,5861,4.48,,2015A&A...579A..20M,34
HD 147513,5885,4.53,0.04,2015A&A...574A.124D,35
HD 147513,5918,4.5,0.08,2015A&A...577A...9B,36
HD 147513,5918,4.54,0.08,2014A&A...562A..71B,37
HD 147513,5858,4.5,0.03,2013A&A...556A.150S,38
HD 147513,5907,4.58,0.12,2013A&A...555A.150T,39
HD 147513,5855,4.5,0.03,2013ApJ...764...78R,40
HD 147513,5855,4.5,0.03,2012ApJ...756...46R,41
HD 147513,5730,4.5,7.48,2004A&A...420..183A,42
HD 147513,5858,4.5,0.03,2012A&A...545A..32A,43
HD 147513,5888,4.54,0.09,2010ApJ...720.1290G,44
HD 147513,5917,4.61,0.1,2012A&A...541A..40M,45
HD 147513,5895,4.52,0.03,1999MNRAS.305..693C,46
HD 147513,5859,4.63,0.04,1997ApJ...476L..89P,47
HD 147513,5858,4.5,0.03,2008A&A...487..373S,48
HD 150689,4786,4.43,-0.08,2022A&A...663A...4S,1
HD 150689,4694,4.62,,2003AJ....125.1598L,2
HD 150689,4867,4.43,-0.08,2005A&A...437.1127S,3
HD 150689,4780,,,2006A&A...450..735M,4
HD 150689,4734,,,2011A&A...530A.138C,5
HD 150689,4881,4.69,,2014MNRAS.442..220F,6
HD 151288,4181,4.7,0.38,2022A&A...663A...4S,1
HD 151288,4202,4.647,0.056,2021ApJS..255....8R,2
HD 151288,4782,4.21,0.034,2020ApJ...898..119R,3
HD 151288,4337,4.68,-0.117,2019AJ....158..101M,4
HD 151288,4181,4.7,0.38,2017AJ....153...21L,5
HD 151288,4337,,0.06,2014ApJ...791...54G,6
HD 152751,3400,5.2,,2020AJ....159...30H,1
HD 152751,2813,,1.64,2021MNRAS.508.5148C,2
HD 152751,3441,,-0.16,2019ApJ...878..134K,3
HD 152751,3269,,,2018MNRAS.475.1960F,4
HD 152751,3438,,-0.08,2014MNRAS.443.2561G,5
HD 152751,3845,,-0.39,2012ApJ...748...93R,6
HD 152751C,3300,5.2,,2020AJ....159...30H,1
HD 152751C,3287,4.9989,0.0,2024A&A...683A.125P,2
HD 152751C,3334,4.92,,2024A&A...687A.205M,3
HD 152751C,3318,,-0.16,2021MNRAS.508.5148C,4
HD 152751C,3300,4.99,,2022ApJ...927..122H,5
HD 152751C,3243,,-0.32,2024A&A...690A..58A,6
HD 152751C,3413,,-0.27,2021A&A...656A.162M,7
HD 152751C,3397,5.07,-0.25,2021A&A...656A.162M,8
HD 152751C,3306,5.11,-0.23,2020A&A...644A..68M,9
HD 152751C,3441,,-0.16,2019ApJ...878..134K,10
HD 152751C,3345,5.04,-0.05,2019A&A...625A..68S,11
HD 152751C,3295,4.88,-0.04,2019A&A...627A.161P,12
HD 152751C,3321,4.87,-0.04,2019A&A...627A.161P,13
HD 152751C,3306,4.87,-0.02,2019A&A...627A.161P,14
HD 152751C,3300,5.0,,2018A&A...620A.180R,15
HD 152751C,3343,5.05,-0.04,2018A&A...615A...6P,16
HD 152751C,3279,,-0.14,2014MNRAS.443.2561G,17
HD 152751C,3279,,-0.26,2015ApJ...804...64M,18
HD 152751C,3376,,-0.22,2012ApJ...748...93R,19
HD 154363,4400,4.6,-0.59,2025A&A...699A.151S,1
HD 154363,4782,3.551,-0.75,2024A&A...683A.125P,2
HD 154363,4369,4.62,-0.55,2022A&A...663A...4S,3
HD 154363,4489,4.645,-0.234,2021ApJS..255....8R,4
HD 154363,4440,4.6,-0.43,2021AJ....161..134H,5
HD 154363,4723,-1.681,-0.62,2014A&A...566A..66G,6
HD 154363,4522,4.38,-0.228,2020ApJ...898..119R,7
HD 154363,4185,4.62,-0.45,2019A&A...627A.138A,8
HD 154363,4373,4.66,-0.32,2017AJ....153...21L,9
HD 154363,4373,4.66,-0.61,2018AJ....155..111L,10
HD 154363,4401,4.626,-0.57,2018A&A...615A..76S,11
HD 154363,4380,4.62,-0.59,2018A&A...615A..76S,12
HD 154363,4710,4.4,-0.62,2018MNRAS.479.1332M,13
HD 154363,4581,4.17,-0.62,2017A&A...606A..94D,14
HD 154363,4723,4.41,-0.62,2008A&A...487..373S,15
HD 154363,4354,,,2011A&A...530A.138C,16
HD 154363,4351,,,2010A&A...512A..54C,17
HD 154363,4340,,,1998A&AS..129..505B,18
HD 154363,4324,,,2009A&A...497..497G,19
HD 154363,4314,,,1996A&AS..117..227A,20
HD 154363,4301,,,2005ApJ...626..446R,21
HD 154363,4270,,,1998A&A...339..858D,22
HD 154363,4581,4.17,-0.62,2013A&A...555A.150T,23
HD 154363,4723,4.41,-0.62,2012A&A...545A..32A,24
HD 154363,4083,4.54,-0.58,2012A&A...538A.143K,25
HD 154363,4723,4.41,-0.62,2008A&A...487..373S,26
HD 154363B,3658,4.79,-0.36,2025A&A...699A.151S,1
HD 154363B,3650,4.8,,2020AJ....159...30H,2
HD 154363B,3633,,-0.11,2025ApJ...978..154J,3
HD 154363B,3631,4.7702,0.0,2024A&A...683A.125P,4
HD 154363B,3909,4.71,,2024A&A...687A.205M,5
HD 154363B,3356,,-0.08,2021MNRAS.508.5148C,6
HD 154363B,3600,4.76,,2022ApJ...927..122H,7
HD 154363B,3583,,-0.6,2021A&A...656A.162M,8
HD 154363B,3587,4.89,-0.57,2021A&A...656A.162M,9
HD 154363B,3550,,-0.15,2019ApJ...878..134K,10
HD 154363B,3511,4.43,-0.27,2019ApJ...878..134K,11
HD 154363B,3506,4.45,-0.26,2019ApJ...878..134K,12
HD 154363B,3508,4.45,-0.26,2019ApJ...878..134K,13
HD 154363B,3642,4.81,-0.01,2019A&A...625A..68S,14
HD 154363B,3566,4.74,0.01,2019A&A...627A.161P,15
HD 154363B,3639,4.71,0.07,2019A&A...627A.161P,16
HD 154363B,3577,4.74,0.02,2019A&A...627A.161P,17
HD 154363B,3600,5.0,,2018A&A...620A.180R,18
HD 154363B,3631,4.82,-0.01,2018A&A...615A...6P,19
HD 154363B,3658,,-0.39,2014MNRAS.443.2561G,20
HD 154363B,,,-0.44,2014AJ....147...20N,21
HD 154577,4933,4.59,-0.69,2022A&A...663A...4S,1
HD 154577,4900,-1.7029,-0.7,2014A&A...566A..66G,2
HD 154577,4868,4.44,-0.65,2020A&A...639A..35H,3
HD 154577,4918,4.64,-0.66,2018AJ....155..111L,4
HD 154577,4853,4.68,-0.73,2018A&A...614A..55A,5
HD 154577,5094,4.62,-0.72,2018A&A...615A..76S,6
HD 154577,5094,4.616,-0.71,2018A&A...615A..76S,7
HD 154577,4850,4.7,,2003AJ....125.1598L,8
HD 154577,4847,4.48,-0.73,2017A&A...606A..94D,9
HD 154577,4973,4.73,-0.63,2005A&A...437.1127S,10
HD 154577,4963,,,2006A&A...450..735M,11
HD 154577,4940,,,2011A&A...530A.138C,12
HD 154577,4900,4.52,-0.7,2008A&A...487..373S,13
HD 154577,4884,,,2010A&A...512A..54C,14
HD 154577,4881,,,2009A&A...497..497G,15
HD 154577,4881,4.61,-0.69,2005ApJS..159..141V,16
HD 154577,4900,4.52,-0.7,2015A&A...576A..69D,17
HD 154577,4847,4.48,-0.73,2013A&A...555A.150T,18
HD 154577,4900,4.52,-0.7,2012A&A...545A..32A,19
HD 154577,4900,4.52,-0.7,2008A&A...487..373S,20
HD 155876,3450,4.8,,2020AJ....159...30H,1
HD 155876,3462,,,2014MNRAS.443.2561G,2
HD 155876,3400,5.0,,2013AJ....145..102L,3
HD 155876,3272,,-0.31,2012ApJ...748...93R,4
HD 156384,4653,4.61,-0.47,2024A&A...690A..97C,1
HD 156384,7086,4.9,0.49,2024A&A...683A.125P,2
HD 156384,4886,4.51,-0.52,2022A&A...663A...4S,3
HD 156384,4941,4.5,-0.59,1988A&A...191..237P,4
HD 156384,4819,4.66,-0.43,2005A&A...437.1127S,5
HD 156384,4646,4.61,,2014MNRAS.442..220F,6
HD 156384,4941,4.5,-0.59,1988A&A...191..237P,7
HD 156384,4941,4.5,-0.59,1988A&A...191..237P,8
HD 156384C,3445,4.96,-0.5,2024A&A...691A..53S,1
HD 156384C,3634,4.951,-0.338,2021ApJS..255....8R,2
HD 156384C,3693,4.7,0.06,2020A&A...644A..68M,3
HD 156384C,3567,,-0.48,2019ApJ...878..134K,4
HD 156384C,3472,,-0.3,2014ApJ...791...54G,5
HD 156384C,3351,4.96,-0.53,2013A&A...556A.150S,6
HD 157881,3950,4.8,,2020AJ....159...30H,1
HD 157881,4034,,0.35,2021MNRAS.508.5148C,2
HD 157881,3934,4.81,-0.72,2021MNRAS.505.4496G,3
HD 157881,4198,4.8287,0.056,2023A&A...671A..61N,4
HD 157881,4193,4.8339,0.054,2023A&A...671A..61N,5
HD 157881,4191,4.8259,0.054,2023A&A...671A..61N,6
HD 157881,4194,4.8147,0.062,2023A&A...671A..61N,7
HD 157881,4195,4.8278,0.065,2023A&A...671A..61N,8
HD 157881,4183,4.8197,0.055,2023A&A...671A..61N,9
HD 157881,4159,4.8274,0.039,2023A&A...671A..61N,10
HD 157881,4160,4.8594,0.041,2023A&A...671A..61N,11
HD 157881,4160,4.8491,0.043,2023A&A...671A..61N,12
HD 157881,4183,4.821,0.054,2023A&A...671A..61N,13
HD 157881,4161,4.67,0.25,2023ApJS..266...41P,14
HD 157881,4056,4.64,0.28,2022A&A...663A...4S,15
HD 157881,4256,4.09,-0.61,2023A&A...676A.129H,16
HD 157881,4178,4.64,0.166,2021ApJS..255....8R,17
HD 157881,4035,4.56,-0.16,2020MNRAS.494.1724J,18
HD 157881,4827,4.3,0.044,2020ApJ...898..119R,19
HD 157881,4161,4.67,0.25,2017AJ....153...21L,20
HD 157881,4629,3.75,-0.4,2016A&A...589A.115S,21
HD 157881,4180,4.7,-0.2,1998MNRAS.299..753Z,22
HD 157881,4065,,,1996A&AS..117..227A,23
HD 157881,4035,,,2003A&A...411..559K,24
HD 157881,4011,,,1998A&A...339..858D,25
HD 157881,4000,4.5,0.4,1977A&A....61...17O,26
HD 157881,3941,,,2005ApJ...626..446R,27
HD 157881,4065,3.99,-0.3,2016A&A...587A...2B,28
HD 157881,4039,3.97,-0.32,2016A&A...587A...2B,29
HD 157881,4220,,0.11,2014ApJ...791...54G,30
HD 157881,4124,,0.19,2015ApJ...804...64M,31
HD 157881,3962,4.56,-0.16,2011A&A...531A.165P,32
HD 157881,4200,4.7,-0.2,2009A&A...508.1313F,33
HD 157881,4045,4.7,-0.2,2008A&A...480...91S,34
HD 157881,4000,4.5,0.4,1977A&A....61...17O,35
HD 158633,5188,4.51,-0.46,2024A&A...682A.145S,1
HD 158633,5302,4.58,-0.46,2022A&A...663A...4S,2
HD 158633,5350,4.543,-0.356,2021ApJS..255....8R,3
HD 158633,5290,4.2,-0.49,2015MNRAS.454.1585M,4
HD 158633,5201,4.25,-0.45,2020ApJS..248...19T,5
HD 158633,5270,4.54,-0.41,2020AJ....159..174T,6
HD 158633,5313,4.57,-0.41,2017AJ....153...21L,7
HD 158633,5330,4.55,-0.45,2019MNRAS.487.3162C,8
HD 158633,5330,4.55,-0.45,2018A&A...614A..55A,9
HD 158633,5492,4.57,-0.63,2006A&A...454..833K,10
HD 158633,5400,4.8,-0.47,2006AJ....131.3069L,11
HD 158633,5400,4.8,-0.47,2005AJ....129.1063L,12
HD 158633,5379,,,2006A&A...450..735M,13
HD 158633,5329,,,2011A&A...530A.138C,14
HD 158633,5302,4.66,-0.4,2005ApJS..159..141V,15
HD 158633,5290,4.2,-0.49,2004A&A...418..551M,16
HD 158633,5290,,,2004A&A...427..933K,17
HD 158633,5290,,,2003A&A...411..559K,18
HD 158633,5278,4.59,-0.45,2004AN....325....3F,19
HD 158633,5240,4.63,-0.5,2004A&A...420..183A,20
HD 158633,5221,4.62,-0.5,2007A&A...465..271R,21
HD 158633,5203,,,2013ApJ...771...40B,22
HD 158633,5256,4.58,-0.42,2016ApJS..225...32B,23
HD 158633,5165,4.31,-0.45,2016A&A...587A...2B,24
HD 158633,5153,4.3,-0.47,2016A&A...587A...2B,25
HD 158633,5155,4.33,-0.41,2016A&A...587A...2B,26
HD 158633,5321,4.35,-0.39,2016ApJS..222...19K,27
HD 158633,5382,4.44,-0.36,2016ApJS..222...19K,28
HD 158633,5263,4.21,-0.51,2016ApJS..222...19K,29
HD 158633,5262,4.55,,2015A&A...579A..20M,30
HD 158633,5290,4.2,-0.49,2013A&A...552A.128M,31
HD 158633,5327,4.56,-0.42,2013ApJ...764...78R,32
HD 158633,5327,4.56,-0.42,2012ApJ...756...46R,33
HD 158633,5240,4.62,7.18,2004A&A...420..183A,34
HD 158633,5290,4.2,-0.49,2011AJ....141...90L,35
HD 158633,5290,4.34,-0.54,2011AJ....141...90L,36
HD 158633,5290,4.26,-0.49,2011AJ....141...90L,37
HD 158633,5210,4.51,-0.44,2012A&A...541A..40M,38
HD 158633,5343,4.61,-0.49,2008A&A...480...91S,39
HD 160346,4912,4.22,-0.08,2024A&A...683A.125P,1
HD 160346,4808,4.53,0.03,2023ApJS..266...41P,2
HD 160346,4912,4.51,0.0,2022A&A...663A...4S,3
HD 160346,4983,4.3,-0.1,2015MNRAS.454.1585M,4
HD 160346,,,-0.031,2020AJ....160...83S,5
HD 160346,4801,4.43,,2020AJ....160...83S,6
HD 160346,4996,4.575,,2020AJ....160...83S,7
HD 160346,4871,4.395,-0.07,2019A&A...629A..80H,8
HD 160346,4926,4.68,0.02,2019A&A...627A.138A,9
HD 160346,4864,4.52,0.04,2017AJ....153...21L,10
HD 160346,4886,4.55,-0.02,2018AJ....155..111L,11
HD 160346,4983,4.3,-0.1,2004A&A...418..551M,12
HD 160346,4983,,,2004A&A...427..933K,13
HD 160346,4983,,,2003A&A...411..559K,14
HD 160346,4920,4.42,-0.02,2006AJ....131.3069L,15
HD 160346,4920,4.42,-0.02,2005AJ....129.1063L,16
HD 160346,4841,,,2011A&A...530A.138C,17
HD 160346,4833,4.62,0.08,2004A&A...420..183A,18
HD 160346,4824,4.32,-0.04,2016A&A...587A...2B,19
HD 160346,4850,4.48,0.08,2016A&A...587A...2B,20
HD 160346,4873,4.26,-0.02,2013AJ....146...73P,21
HD 160346,4983,4.3,-0.1,2013A&A...552A.128M,22
HD 160346,4808,4.56,-0.08,2013ApJ...764...78R,23
HD 160346,4808,4.56,-0.08,2012ApJ...756...46R,24
HD 160346,4800,4.43,,2013AJ....146..134K,25
HD 160346,4801,4.57,,2003AJ....126.2048G,26
HD 160346,4833,4.62,7.5,2004A&A...420..183A,27
HD 160346,4983,4.3,-0.1,2011AJ....141...90L,28
HD 160346,4983,4.44,0.01,2011AJ....141...90L,29
HD 160346,4983,4.3,-0.1,2011ARep...55..689M,30
HD 160346,4808,4.53,0.03,2012A&A...538A.143K,31
HD 160346,4937,4.44,-0.02,2008A&A...480...91S,32
HD  16160,4583,4.52,-0.13,2025A&A...698A..93J,1
HD  16160,4607,4.96,0.02,2025A&A...696A..62O,2
HD  16160,5681,,0.139,2022AJ....163..152S,3
HD  16160,4790,4.189,-0.17,2024A&A...683A.125P,4
HD  16160,4777,4.562,-0.1188,2022ApJS..259...35A,5
HD  16160,4583,4.52,-0.13,2024A&A...682A.145S,6
HD  16160,4790,4.583,-0.1142,2022ApJS..259...35A,7
HD  16160,4529,4.4,-0.21,2023ApJS..266...41P,8
HD  16160,4870,4.57,-0.13,2022A&A...663A...4S,9
HD  16160,4823,4.507,-0.091,2019ApJ...879...69T,10
HD  16160,4813,4.584,-0.036,2021ApJS..255....8R,11
HD  16160,4740,4.4,-0.09,2021AJ....161..134H,12
HD  16160,4777,4.4,-0.03,2015A&A...573A..67P,13
HD  16160,4829,4.6,-0.16,2015MNRAS.454.1585M,14
HD  16160,4729,4.29,,2020A&A...636A..85S,15
HD  16160,4786,4.589,-0.089,2020AJ....160..120J,16
HD  16160,4901,4.626,,2019A&A...629A..80H,17
HD  16160,4699,4.58,-0.21,2019A&A...627A.138A,18
HD  16160,4886,4.63,-0.04,2017AJ....153...21L,19
HD  16160,4881,4.63,-0.11,2018AJ....155..111L,20
HD  16160,4914,4.62,-0.15,2018A&A...614A..55A,21
HD  16160,4831,4.24,-0.2,2018MNRAS.479.1332M,22
HD  16160,4726,4.58,,2003AJ....125.1598L,23
HD  16160,5100,4.55,-0.03,2003AJ....126.2015H,24
HD  16160,5000,4.5,-0.07,2006AJ....131.3069L,25
HD  16160,5000,4.5,-0.07,2005AJ....129.1063L,26
HD  16160,4929,,,2011A&A...530A.138C,27
HD  16160,4893,,,2009A&A...497..497G,28
HD  16160,4867,4.64,-0.12,2006ApJ...652.1604B,29
HD  16160,4866,4.66,-0.12,2005ApJS..159..141V,30
HD  16160,4846,4.29,-0.19,2005A&A...442..635B,31
HD  16160,4829,4.6,-0.16,2012A&A...547A.106M,32
HD  16160,4829,4.6,-0.16,2008A&A...489..923M,33
HD  16160,4759,,,1998A&AS..129..505B,34
HD  16160,4724,,,1998A&A...339..858D,35
HD  16160,4723,,,2005ApJ...626..446R,36
HD  16160,4718,,,1996A&AS..117..227A,37
HD  16160,4924,4.68,,2015A&A...579A..20M,38
HD  16160,4692,4.56,,2014MNRAS.442..220F,39
HD  16160,4829,4.6,-0.16,2013A&A...552A.128M,40
HD  16160,4829,4.6,-0.16,2012A&A...547A.106M,41
HD  16160,4739,4.58,,2003AJ....126.2048G,42
HD  16160,4922,4.33,-0.21,2010ApJ...720.1290G,43
HD  16160,4857,4.54,-0.19,2012A&A...541A..40M,44
HD  16160,4529,4.4,-0.21,2012A&A...538A.143K,45
HD  16160,4841,4.55,-0.07,2008A&A...480...91S,46
HD 165222,5625,3.96,-0.238,2022AJ....163..152S,1
HD 165222,3600,4.8,,2020AJ....159...30H,2
HD 165222,3668,4.7684,0.0,2024A&A...683A.125P,3
HD 165222,3746,4.72,,2024A&A...687A.205M,4
HD 165222,3670,,-0.29,2021MNRAS.508.5148C,5
HD 165222,3800,4.76,,2022ApJ...927..122H,6
HD 165222,3646,,-0.22,2024A&A...690A..58A,7
HD 165222,3711,4.586,-0.5148,2022ApJS..259...35A,8
HD 165222,3784,4.94,0.02,2023ApJS..266...41P,9
HD 165222,3780,4.815,-0.172,2021ApJS..255....8R,10
HD 165222,4991,4.11,-0.105,2020ApJ...898..119R,11
HD 165222,3709,,-0.41,2021A&A...656A.162M,12
HD 165222,3706,5.14,-0.3,2021A&A...656A.162M,13
HD 165222,3770,4.6715,-0.443,2020AJ....160..120J,14
HD 165222,3683,4.79,-0.18,2020A&A...644A..68M,15
HD 165222,3676,,-0.13,2019ApJ...878..134K,16
HD 165222,3784,4.94,0.02,2019ApJ...878..134K,17
HD 165222,3756,4.95,-0.01,2019ApJ...878..134K,18
HD 165222,3749,4.92,-0.02,2019ApJ...878..134K,19
HD 165222,3763,4.97,0.02,2019ApJ...878..134K,20
HD 165222,3743,,-0.284,2019A&A...629A..80H,21
HD 165222,3663,4.86,-0.2,2019A&A...625A..68S,22
HD 165222,3635,4.75,-0.11,2019A&A...627A.161P,23
HD 165222,3660,4.7,0.08,2019A&A...627A.161P,24
HD 165222,3645,4.74,-0.08,2019A&A...627A.161P,25
HD 165222,3500,5.0,,2018A&A...620A.180R,26
HD 165222,3664,4.87,-0.21,2018A&A...615A...6P,27
HD 165222,3733,,-0.25,2014MNRAS.443.2561G,28
HD 165222,3630,4.79,-0.2,2005MNRAS.356..963W,29
HD 165222,3710,,-0.24,2014ApJ...791...54G,30
HD 165222,3610,,-0.26,2015ApJS..220...16T,31
HD 165222,3834,,-0.31,2015ApJS..220...16T,32
HD 165222,3743,,-0.29,2015ApJS..220...16T,33
HD 165222,3614,,-0.22,2015ApJ...804...64M,34
HD    166,5739,5.9,0.067,2022AJ....163..152S,1
HD    166,5378,4.46,0.11,2024A&A...682A.145S,2
HD    166,5366,4.521,0.0666,2022ApJS..259...35A,3
HD    166,5491,4.55,0.11,2022A&A...663A...4S,4
HD    166,5492,4.514,0.139,2021ApJS..255....8R,5
HD    166,5580,4.6,0.19,2021AJ....161..134H,6
HD    166,5454,4.52,,2015AJ....150..203G,7
HD    166,5640,4.37,0.03,2015A&A...573A..67P,8
HD    166,5514,4.6,0.16,2015MNRAS.454.1585M,9
HD    166,5535,4.5,0.099,2020MNRAS.495.3961L,10
HD    166,5481,4.52,0.08,2017AJ....153...21L,11
HD    166,5465,4.53,0.14,2019MNRAS.487.3162C,12
HD    166,5465,4.53,0.14,2018A&A...614A..55A,13
HD    166,5620,4.62,0.1,2002NewA....7..211G,14
HD    166,5577,4.58,0.18,2005ApJS..159..141V,15
HD    166,5550,4.5,0.13,2003AJ....126.2015H,16
HD    166,5550,4.55,0.14,2006AJ....131.3069L,17
HD    166,5550,4.55,0.14,2005AJ....129.1063L,18
HD    166,5514,4.6,0.16,2012A&A...547A.106M,19
HD    166,5514,4.6,0.16,2008A&A...489..923M,20
HD    166,5471,4.55,0.07,2004AN....325....3F,21
HD    166,5452,,,2011A&A...530A.138C,22
HD    166,5405,4.55,0.03,2007A&A...465..271R,23
HD    166,5360,4.54,0.0,2006ApJ...652.1604B,24
HD    166,5353,4.55,0.03,2004A&A...420..183A,25
HD    166,5327,,,2013ApJ...771...40B,26
HD    166,5260,5.0,-0.3,1998MNRAS.299..753Z,27
HD    166,5489,4.51,0.12,2016ApJS..225...32B,28
HD    166,5363,4.5,0.16,2016A&A...587A...2B,29
HD    166,5584,4.73,,2015A&A...579A..20M,30
HD    166,5514,4.6,0.16,2013A&A...552A.128M,31
HD    166,5458,4.52,0.14,2013ApJ...764...78R,32
HD    166,5458,4.52,0.14,2012ApJ...756...46R,33
HD    166,5514,4.6,0.16,2012A&A...547A.106M,34
HD    166,5412,4.41,,2003AJ....126.2048G,35
HD    166,5353,4.55,7.6,2004A&A...420..183A,36
HD    166,5575,4.68,0.15,2012A&A...541A..40M,37
HD    166,5473,4.62,0.05,2008A&A...480...91S,38
HD 166348,4257,4.68,-0.26,2022A&A...667A..63Z,1
HD 166348,4400,5.0,-0.25,2016ApJ...822...97H,2
HD 166620,4906,4.59,-0.36,2021MNRAS.505.4496G,1
HD 166620,5028,4.5,-0.18,2022A&A...663A...4S,2
HD 166620,5099,4.54,-0.112,2021ApJS..255....8R,3
HD 166620,4960,4.5,-0.14,2021AJ....161..134H,4
HD 166620,4966,4.45,-0.17,2015A&A...573A..67P,5
HD 166620,5035,4.0,-0.22,2015MNRAS.454.1585M,6
HD 166620,5056,4.63,-0.09,2020AJ....159...90S,7
HD 166620,5019,4.62,-0.15,2020AJ....159..174T,8
HD 166620,5042,4.58,-0.16,2017AJ....153...21L,9
HD 166620,5051,4.57,-0.17,2018A&A...614A..55A,10
HD 166620,5200,4.5,-0.09,2003AJ....126.2015H,11
HD 166620,5125,4.5,-0.1,2006AJ....131.3069L,12
HD 166620,5125,4.5,-0.1,2005AJ....129.1063L,13
HD 166620,5072,,,2011A&A...530A.138C,14
HD 166620,5035,,,2004A&A...427..933K,15
HD 166620,5035,,,2003A&A...411..559K,16
HD 166620,5035,4.0,-0.22,2004A&A...418..551M,17
HD 166620,5016,,,2009A&A...497..497G,18
HD 166620,5007,4.62,-0.24,2007A&A...465..271R,19
HD 166620,5000,4.62,-0.1,2004A&A...420..183A,20
HD 166620,5000,4.47,-0.18,2005ApJS..159..141V,21
HD 166620,4995,,,1998A&AS..129..505B,22
HD 166620,4947,,,1996A&AS..117..227A,23
HD 166620,4930,,,1998A&A...339..858D,24
HD 166620,4893,,,2005ApJ...626..446R,25
HD 166620,4846,4.5,-0.2,1975A&A....39...97P,26
HD 166620,4846,4.4,-0.3,1974ApJS...27..405O,27
HD 166620,4970,4.51,-0.16,2016ApJS..225...32B,28
HD 166620,4886,4.28,-0.24,2016A&A...587A...2B,29
HD 166620,4902,4.3,-0.17,2016A&A...587A...2B,30
HD 166620,4901,4.27,-0.15,2016A&A...587A...2B,31
HD 166620,5112,4.56,-0.09,2016ApJS..222...19K,32
HD 166620,5075,4.5,-0.12,2016ApJS..222...19K,33
HD 166620,5048,4.26,-0.35,2016ApJS..222...19K,34
HD 166620,5048,4.63,,2015A&A...579A..20M,35
HD 166620,4974,4.59,-0.19,2013AJ....146...73P,36
HD 166620,5035,4.0,-0.22,2013A&A...552A.128M,37
HD 166620,5048,4.55,-0.2,2013ApJ...764...78R,38
HD 166620,5048,4.55,-0.2,2012ApJ...756...46R,39
HD 166620,4900,4.53,,2003AJ....126.2048G,40
HD 166620,5000,4.62,7.39,2004A&A...420..183A,41
HD 166620,5013,4.28,-0.17,2011AJ....141...90L,42
HD 166620,5013,4.21,-0.15,2011AJ....141...90L,43
HD 166620,5013,4.25,-0.19,2011AJ....141...90L,44
HD 166620,5035,4.0,-0.22,2011ARep...55..689M,45
HD 166620,4968,4.55,-0.18,2011A&A...531A.165P,46
HD 166620,,,-0.07,2012A&A...541A..40M,47
HD 166620,4944,4.47,-0.23,2009A&A...508.1313F,48
HD 166620,4944,4.47,-0.23,2007MNRAS.374..664C,49
HD 166620,5019,4.43,-0.13,2008A&A...480...91S,50
HD 166620,4846,4.5,-0.2,1975A&A....39...97P,51
HD 166620,4846,4.4,-0.3,1974ApJS...27..405O,52
HD 170642,8629,3.96,0.24,2003A&A...398.1121E,1
HD 170657,4992,4.56,-0.22,2024A&A...690A..97C,1
HD 170657,5100,4.57,-0.17,2022A&A...663A...4S,2
HD 170657,5072,4.579,-0.126,2021ApJS..255....8R,3
HD 170657,5087,4.38,-0.17,2020AJ....159..174T,4
HD 170657,,,-0.124,2020AJ....160...83S,5
HD 170657,,,-0.057,2020AJ....160...83S,6
HD 170657,4873,4.26,,2020AJ....160...83S,7
HD 170657,4832,4.07,,2020AJ....160...83S,8
HD 170657,5012,4.582,,2020AJ....160...83S,9
HD 170657,5015,4.582,,2020AJ....160...83S,10
HD 170657,5133,4.59,-0.12,2017AJ....153...21L,11
HD 170657,5102,4.61,-0.14,2018A&A...614A..55A,12
HD 170657,5200,4.55,-0.11,2003AJ....126.2015H,13
HD 170657,5125,4.55,-0.11,2006AJ....131.3069L,14
HD 170657,5125,4.55,-0.11,2005AJ....129.1063L,15
HD 170657,5115,4.48,-0.22,2005A&A...437.1127S,16
HD 170657,5103,4.61,-0.15,2005ApJS..159..141V,17
HD 170657,5038,4.63,-0.22,2007A&A...465..271R,18
HD 170657,5030,4.46,-0.259,2012A&A...547A..13T,19
HD 170657,4953,4.63,-0.24,2004A&A...420..183A,20
HD 170657,5040,4.54,-0.13,2016ApJS..225...32B,21
HD 170657,4994,4.49,-0.1,2016A&A...587A...2B,22
HD 170657,5108,4.61,-0.16,2013ApJ...764...78R,23
HD 170657,5108,4.61,-0.16,2012ApJ...756...46R,24
HD 170657,5030,4.46,-0.26,2012A&A...547A..13T,25
HD 170657,4953,4.63,7.34,2004A&A...420..183A,26
HD 172051,5613,4.462,-0.27,2024A&A...683A.125P,1
HD 172051,5630,4.5,-0.25,2022A&A...663A...4S,2
HD 172051,5617,4.484,-0.207,2021ApJS..255....8R,3
HD 172051,,,-0.247,2020AJ....160...83S,4
HD 172051,5277,3.71,,2020AJ....160...83S,5
HD 172051,5621,4.49,-0.244,2020A&A...639A.127C,6
HD 172051,5669,4.49,-0.23,2017AJ....153...21L,7
HD 172051,5620,4.46,-0.22,2019MNRAS.487.3162C,8
HD 172051,5674,4.49,-0.21,2018AJ....155..111L,9
HD 172051,5651,4.52,-0.24,2018A&A...614A..55A,10
HD 172051,5601,4.53,,2003AJ....125.1598L,11
HD 172051,5700,4.55,-0.24,2006AJ....131.3069L,12
HD 172051,5700,4.55,-0.24,2005AJ....129.1063L,13
HD 172051,5665,,,2011A&A...530A.138C,14
HD 172051,5654,,,2006A&A...450..735M,15
HD 172051,5634,4.43,-0.21,2005A&A...437.1127S,16
HD 172051,5580,4.42,-0.24,2003A&A...410..527B,17
HD 172051,5564,4.5,-0.26,2005ApJS..159..141V,18
HD 172051,5531,4.56,-0.3,2007A&A...465..271R,19
HD 172051,5524,4.57,-0.35,2004A&A...420..183A,20
HD 172051,5636,4.58,-0.26,2016ApJS..225...32B,21
HD 172051,5525,4.34,-0.22,2016A&A...587A...2B,22
HD 172051,5681,4.45,-0.14,2016ApJS..222...19K,23
HD 172051,5712,4.54,-0.13,2016ApJS..222...19K,24
HD 172051,5605,4.25,-0.31,2016ApJS..222...19K,25
HD 172051,5538,4.5,-0.29,2016A&A...586A..49B,26
HD 172051,5590,4.51,,2015A&A...579A..20M,27
HD 172051,5538,4.5,-0.29,2015A&A...577A...9B,28
HD 172051,5538,4.47,-0.29,2014A&A...562A..71B,29
HD 172051,5651,4.52,-0.24,2013ApJ...764...78R,30
HD 172051,5651,4.52,-0.24,2012ApJ...756...46R,31
HD 172051,5276,3.71,,2013AJ....146..134K,32
HD 172051,5524,4.57,7.24,2004A&A...420..183A,33
HD 172051,5638,4.65,-0.21,2012A&A...541A..40M,34
HD 173739,,,-0.477,2025A&A...698A.289O,1
HD 173739,3584,4.925,-0.34,2025A&A...696A..62O,2
HD 173739,3500,4.8,,2020AJ....159...30H,3
HD 173739,3470,4.77,-0.19,2025A&A...693A.164C,4
HD 173739,3433,4.9,-0.19,2025A&A...693A.164C,5
HD 173739,3640,4.75,,2024A&A...687A.205M,6
HD 173739,3500,4.87,,2022ApJ...927..122H,7
HD 173739,3507,4.687,,2022ApJS..259...35A,8
HD 173739,3468,4.73,,2023MNRAS.526.5648C,9
HD 173739,3470,4.9,-0.31,2023ApJS..266...41P,10
HD 173739,3586,4.938,-0.22,2021ApJS..255....8R,11
HD 173739,3470,4.77,,2022MNRAS.516.3802C,12
HD 173739,3544,4.8978,,2021A&A...649A.147S,13
HD 173739,5200,4.48,-0.098,2020ApJ...898..119R,14
HD 173739,3466,,-0.44,2021A&A...656A.162M,15
HD 173739,3473,4.9,-0.46,2021A&A...656A.162M,16
HD 173739,3593,4.8844,-0.687,2020AJ....160..120J,17
HD 173739,3374,5.01,-0.25,2020A&A...644A..68M,18
HD 173739,3505,4.84,-0.34,2022ApJ...927..123S,19
HD 173739,3470,,-0.318,2018MNRAS.475.1960F,20
HD 173739,3392,,-0.13,2014MNRAS.443.2561G,21
HD 173739,3407,,,2012ApJ...757..112B,22
HD 173739,3518,,-0.28,2014ApJ...791...54G,23
HD 173739,3400,5.0,,2013AJ....145..102L,24
HD 173739,3441,,-0.23,2015ApJ...804...64M,25
HD 173739,3680,,-0.49,2012ApJ...748...93R,26
HD 173739,3400,,,2009A&A...508.1313F,27
HD 173740,,,-0.329,2025A&A...698A.289O,1
HD 173740,3556,4.984,-0.38,2025A&A...696A..62O,2
HD 173740,5490,4.8,-0.458,2022AJ....163..152S,3
HD 173740,3400,5.0,,2020AJ....159...30H,4
HD 173740,3325,,-0.16,2025ApJ...978..154J,5
HD 173740,3538,4.8,,2024A&A...687A.205M,6
HD 173740,3400,4.94,,2022ApJ...927..122H,7
HD 173740,3519,4.687,,2022ApJS..259...35A,8
HD 173740,3381,4.77,,2023MNRAS.526.5648C,9
HD 173740,3500,1.61,-2.34,2021MNRAS.505.4496G,10
HD 173740,3416,4.996,-0.118,2021ApJS..255....8R,11
HD 173740,3379,4.82,,2022MNRAS.516.3802C,12
HD 173740,3545,4.8257,,2021A&A...649A.147S,13
HD 173740,5201,4.48,-0.103,2020ApJ...898..119R,14
HD 173740,3440,,-0.39,2021A&A...656A.162M,15
HD 173740,3393,4.98,-0.56,2021A&A...656A.162M,16
HD 173740,3600,4.8577,-0.701,2020AJ....160..120J,17
HD 173740,3291,5.15,-0.27,2020A&A...644A..68M,18
HD 173740,3400,4.9,-0.36,2022ApJ...927..123S,19
HD 173740,3300,,-0.3,2018MNRAS.475.1960F,20
HD 173740,3334,,-0.18,2014MNRAS.443.2561G,21
HD 173740,3620,5.1,-0.15,1998MNRAS.299..753Z,22
HD 173740,3170,4.77,-0.92,1998ApJ...498..851V,23
HD 173740,3104,,,2012ApJ...757..112B,24
HD 173740,3433,,-0.3,2014ApJ...791...54G,25
HD 173740,3290,5.0,,2013AJ....145..102L,26
HD 173740,3345,,-0.3,2015ApJ...804...64M,27
HD 173740,3288,,-0.36,2012ApJ...748...93R,28
HD 173740,3419,4.76,-1.09,2011A&A...531A.165P,29
HD 173740,3395,4.93,-0.54,2009A&A...508.1313F,30
HD 173740,3365,4.93,-0.54,2007MNRAS.374..664C,31
HD 173740,3395,4.93,-0.54,2008A&A...480...91S,32
HD 175156,16361,3.04,0.17,2023ApJS..266...41P,1
HD 175156,7945,3.62,,2020AJ....160...83S,2
HD 175156,16361,3.04,0.17,2012A&A...538A.143K,3
HD 175156,15750,3.6,0.7,1976IAUCo..32..563V,4
HD 175219,4827,2.26,-0.41,2024A&A...690A..97C,1
HD 175219,4876,2.557,-0.34,2024A&A...683A.125P,2
HD 175219,4804,2.54,-0.31,2022A&A...663A...4S,3
HD 175219,4877,2.55,-0.275,2022A&A...657A..87O,4
HD 175219,4720,2.44,-0.32,2015MNRAS.448.2749A,5
HD 175219,4888,2.64,-0.3,2015MNRAS.448.2749A,6
HD 175219,4896,2.71,-0.29,2015MNRAS.448.2749A,7
HD 175219,4800,2.56,-0.31,2015MNRAS.448.2749A,8
HD 175219,4870,,-0.3,2020A&A...633A..34C,9
HD 175219,4888,2.64,-0.3,2015MNRAS.448.2749A,10
HD 175219,4720,2.44,-0.32,2008A&A...484L..21M,11
HD 176029,3832,,-0.04,2024A&A...691A..53S,1
HD 176029,3800,4.8,,2020AJ....159...30H,2
HD 176029,3784,4.6615,0.0,2024A&A...683A.125P,3
HD 176029,4009,4.67,,2024A&A...687A.205M,4
HD 176029,3900,4.65,,2022ApJ...927..122H,5
HD 176029,3808,,0.02,2024A&A...690A..58A,6
HD 176029,3824,,-0.02,2024A&A...690A..58A,7
HD 176029,3779,,-0.01,2024A&A...690A..58A,8
HD 176029,3837,,-0.06,2024A&A...690A..58A,9
HD 176029,3832,,-0.04,2024A&A...690A..58A,10
HD 176029,3858,,-0.24,2021A&A...656A.162M,11
HD 176029,3857,4.73,-0.22,2021A&A...656A.162M,12
HD 176029,3840,4.7,-0.13,2020A&A...644A..68M,13
HD 176029,3731,,0.02,2019ApJ...878..134K,14
HD 176029,3932,,0.05,2019A&A...629A..80H,15
HD 176029,3923,4.68,0.08,2019A&A...625A..68S,16
HD 176029,3895,4.65,0.3,2019A&A...627A.161P,17
HD 176029,3824,4.65,0.48,2019A&A...627A.161P,18
HD 176029,3912,4.64,0.33,2019A&A...627A.161P,19
HD 176029,3800,5.5,,2018A&A...620A.180R,20
HD 176029,3913,4.68,0.08,2018A&A...615A...6P,21
HD 176029,3832,,,2014MNRAS.443.2561G,22
HD 176029,3570,4.5,,2013AJ....145..102L,23
HD 176029,3834,,0.14,2015ApJ...804...64M,24
HD  17925,5119,4.81,0.01,2024A&A...690A..97C,1
HD  17925,5149,4.44,0.09,2024A&A...690A.107S,2
HD  17925,5160,4.469,-0.01,2024A&A...683A.125P,3
HD  17925,5286,4.69,0.21,2023ApJS..266...41P,4
HD  17925,5199,4.55,0.07,2022A&A...663A...4S,5
HD  17925,5180,4.4,0.06,2019MNRAS.485.4375D,6
HD  17925,5259,4.54,0.02,2022A&A...667A..63Z,7
HD  17925,5225,4.3,-0.04,2015MNRAS.454.1585M,8
HD  17925,5086,4.29,0.075,2020A&A...639A..35H,9
HD  17925,5115,4.361,0.067,2019A&A...629A..80H,10
HD  17925,5201,4.59,0.08,2017AJ....153...21L,11
HD  17925,5180,4.44,0.03,2019MNRAS.487.3162C,12
HD  17925,5125,4.53,,2018MNRAS.474.4956F,13
HD  17925,5185,4.58,0.13,2018AJ....155..111L,14
HD  17925,5146,4.57,0.1,2018A&A...614A..55A,15
HD  17925,5056,4.48,,2003AJ....125.1598L,16
HD  17925,5600,4.5,0.08,2006PASP..118..706P,17
HD  17925,5236,4.59,0.18,2005ApJS..159..141V,18
HD  17925,5235,4.67,0.13,2005PASJ...57...27T,19
HD  17925,5225,,,2004A&A...427..933K,20
HD  17925,5225,,,2003A&A...411..559K,21
HD  17925,5225,4.3,-0.04,2012A&A...547A.106M,22
HD  17925,5225,4.35,-0.04,2004A&A...418..551M,23
HD  17925,5220,4.6,0.08,2001A&A...373.1019S,24
HD  17925,5200,4.6,0.15,2006AJ....131.3069L,25
HD  17925,5200,4.6,0.15,2005AJ....129.1063L,26
HD  17925,5180,4.44,0.06,2004A&A...415.1153S,27
HD  17925,5150,4.54,0.05,2004AN....325....3F,28
HD  17925,5148,,,2011A&A...530A.138C,29
HD  17925,5118,4.36,0.02,2015A&A...580A..24D,30
HD  17925,5112,4.59,0.01,2007A&A...465..271R,31
HD  17925,5091,4.6,0.1,1989A&A...218L...9C,32
HD  17925,5091,4.6,0.1,1989A&A...218...29C,33
HD  17925,5091,4.5,-0.15,1983A&A...128..347P,34
HD  17925,5087,4.6,0.07,2004A&A...420..183A,35
HD  17925,5060,4.25,0.12,2010MNRAS.403.1368G,36
HD  17925,5051,4.6,0.08,2009MNRAS.399.1264W,37
HD  17925,5069,4.41,0.12,2016A&A...587A...2B,38
HD  17925,5058,4.56,0.22,2016A&A...587A...2B,39
HD  17925,5232,4.69,,2015A&A...579A..20M,40
HD  17925,5225,4.3,-0.04,2013A&A...552A.128M,41
HD  17925,5167,4.58,0.18,2013ApJ...764...78R,42
HD  17925,5167,4.58,0.18,2012ApJ...756...46R,43
HD  17925,5225,4.3,-0.04,2012A&A...547A.106M,44
HD  17925,5087,4.6,7.65,2004A&A...420..183A,45
HD  17925,5190,4.44,-0.01,2011AJ....141...90L,46
HD  17925,5190,4.44,0.12,2011AJ....141...90L,47
HD  17925,5225,4.3,-0.04,2011ARep...55..689M,48
HD  17925,5187,4.35,0.08,2010ApJ...720.1290G,49
HD  17925,5103,4.51,0.08,2012A&A...541A..40M,50
HD  17925,5235,4.67,0.13,2007PASJ...59..335T,51
HD  17925,5286,4.69,0.21,2012A&A...538A.143K,52
HD  17925,5091,4.6,0.1,1989A&A...218L...9C,53
HD  17925,5091,4.5,-0.15,1983A&A...128..347P,54
HD  17925,5234,4.56,0.09,2008A&A...480...91S,55
HD  17925,5091,4.6,0.1,1989A&A...218L...9C,56
HD  17925,5091,4.5,-0.15,1983A&A...128..347P,57
HD 180617,3554,,0.02,2024A&A...691A..53S,1
HD 180617,3684,4.819,-0.09,2025A&A...696A..62O,2
HD 180617,3550,4.8,,2020AJ....159...30H,3
HD 180617,3499,4.7614,0.0,2024A&A...683A.125P,4
HD 180617,3651,4.72,,2024A&A...687A.205M,5
HD 180617,3528,,0.01,2021MNRAS.508.5148C,6
HD 180617,3500,4.75,,2022ApJ...927..122H,7
HD 180617,3580,,0.09,2024A&A...690A..58A,8
HD 180617,3540,,0.01,2024A&A...690A..58A,9
HD 180617,3554,,0.02,2024A&A...690A..58A,10
HD 180617,3538,,0.02,2024A&A...690A..58A,11
HD 180617,3633,4.647,-0.0657,2022ApJS..259...35A,12
HD 180617,3565,4.69,,2023MNRAS.526.5648C,13
HD 180617,3667,4.795,0.167,2021ApJS..255....8R,14
HD 180617,3558,4.69,,2022MNRAS.516.3802C,15
HD 180617,3594,4.6689,,2021A&A...649A.147S,16
HD 180617,3533,,0.09,2020ApJ...892...31B,17
HD 180617,3597,,-0.22,2021A&A...656A.162M,18
HD 180617,3575,4.88,-0.14,2021A&A...656A.162M,19
HD 180617,3702,4.8168,-0.045,2020AJ....160..120J,20
HD 180617,3538,4.77,0.05,2020A&A...644A..68M,21
HD 180617,3534,,,2021AJ....161...10B,22
HD 180617,4008,,0.37,2019ApJ...878..134K,23
HD 180617,3570,,0.04,2019A&A...629A..80H,24
HD 180617,3534,4.9,-0.04,2019A&A...625A..68S,25
HD 180617,3567,4.7,0.21,2019A&A...627A.161P,26
HD 180617,3633,4.66,0.44,2019A&A...627A.161P,27
HD 180617,3583,4.69,0.25,2019A&A...627A.161P,28
HD 180617,3500,5.1,,2018A&A...620A.180R,29
HD 180617,3557,4.86,0.0,2018A&A...615A...6P,30
HD 180617,3557,,0.1,2014MNRAS.443.2561G,31
HD 180617,3500,4.5,,2013AJ....145..102L,32
HD 180617,3558,,0.1,2015ApJ...804...64M,33
HD 180617,3789,,-0.05,2012ApJ...748...93R,34
HD 188088,6524,4.269,0.22,2024A&A...683A.125P,1
HD 188088,4765,4.38,0.12,2022A&A...663A...4S,2
HD 188088,4818,4.2,0.12,2017AJ....153...21L,3
HD 188088,4774,4.24,,2003AJ....125.1598L,4
HD 188088,4767,,,2011A&A...530A.138C,5
HD 188088,4600,4.56,,2004A&A...420..183A,6
HD 188088,4868,3.5,-0.32,2016A&A...587A...2B,7
HD 188088,4600,4.56,7.3,2004A&A...420..183A,8
HD 190007,4641,4.115,0.047,2024A&A...691A..53S,1
HD 190007,4887,4.63,-0.28,2024A&A...691A.160S,2
HD 190007,4657,4.4,0.19,2022A&A...663A...4S,3
HD 190007,4559,4.586,0.209,2021ApJS..255....8R,4
HD 190007,4724,4.5,0.16,2015MNRAS.454.1585M,5
HD 190007,4670,4.5,0.217,2020ApJ...898..119R,6
HD 190007,4677,4.5,0.22,2020AJ....159..174T,7
HD 190007,4610,,,2021AJ....161...10B,8
HD 190007,4596,4.57,0.3,2017AJ....153...21L,9
HD 190007,4603,4.62,0.14,2018A&A...614A..55A,10
HD 190007,4724,4.5,0.16,2012A&A...547A.106M,11
HD 190007,4724,4.5,0.16,2008A&A...489..923M,12
HD 190007,4650,4.26,0.15,2006AJ....131.3069L,13
HD 190007,4650,4.26,0.15,2005AJ....129.1063L,14
HD 190007,4640,,,2010A&A...512A..54C,15
HD 190007,4611,,,2009A&A...497..497G,16
HD 190007,4554,4.26,0.12,2016A&A...587A...2B,17
HD 190007,4528,4.25,0.09,2016A&A...587A...2B,18
HD 190007,4597,4.58,,2014MNRAS.442..220F,19
HD 190007,4724,4.5,0.16,2013A&A...552A.128M,20
HD 190007,4786,4.31,-0.02,2009A&A...504..829G,21
HD 190007,4724,4.5,0.16,2012A&A...547A.106M,22
HD 190007,4563,4.36,,2009A&A...508.1313F,23
HD 190007,4650,4.26,0.15,2008A&A...480...91S,24
HD 191408,4980,4.62,-0.52,2022A&A...663A...4S,1
HD 191408,4789,4.657,-0.522,2021ApJS..255....8R,2
HD 191408,4922,4.349,-0.574,2019A&A...629A..80H,3
HD 191408,4974,4.65,-0.55,2018AJ....155..111L,4
HD 191408,5003,4.62,-0.54,2018A&A...614A..55A,5
HD 191408,4857,4.57,,2003AJ....125.1598L,6
HD 191408,5082,,,2011A&A...530A.138C,7
HD 191408,5025,4.62,-0.51,2001A&A...373.1019S,8
HD 191408,5005,4.38,-0.55,2004A&A...415.1153S,9
HD 191408,4953,4.67,-0.47,2004A&A...420..183A,10
HD 191408,4931,4.66,-0.6,2007A&A...465..271R,11
HD 191408,4922,4.58,-0.56,2005ApJS..159..141V,12
HD 191408,4893,4.6,-0.07,1975A&A....44....9P,13
HD 191408,4893,4.5,-0.58,1988A&A...206..100A,14
HD 191408,4809,4.23,-0.57,2016A&A...587A...2B,15
HD 191408,4962,4.73,,2015A&A...579A..20M,16
HD 191408,4969,4.62,-0.52,2013ApJ...764...78R,17
HD 191408,4969,4.62,-0.52,2012ApJ...756...46R,18
HD 191408,4953,4.67,7.01,2004A&A...420..183A,19
HD 191408,5075,4.48,-0.56,2010ApJ...720.1290G,20
HD 191408,,,-0.4,2012A&A...541A..40M,21
HD 191408,4893,4.5,-0.58,1988A&A...206..100A,22
HD 191408,4893,4.5,-0.58,1988A&A...206..100A,23
HD 191408,4893,4.6,-0.07,1975A&A....44....9P,24
HD 191849,3364,,0.04,2021MNRAS.508.5148C,1
HD 191849,4000,4.79,-0.52,2022A&A...667A..63Z,2
HD 191849,3570,,-0.05,2019ApJ...878..134K,3
HD 191849,3754,,-0.07,2019A&A...629A..80H,4
HD 191849,3865,,,2014MNRAS.443.2561G,5
HD 191849,3562,,,1996A&AS..117..227A,6
HD 191849,3535,,,2005ApJ...626..446R,7
HD 192310,5014,4.56,-0.06,2024A&A...690A..97C,1
HD 192310,5041,4.34,-0.06,2024A&A...691A..53S,2
HD 192310,5368,4.9,-0.02,2024A&A...683A.125P,3
HD 192310,5087,4.48,0.03,2022A&A...663A...4S,4
HD 192310,5181,4.494,0.081,2021ApJS..255....8R,5
HD 192310,5166,-1.7136,-0.04,2014A&A...566A..66G,6
HD 192310,,,-0.04,2020A&A...643A.106B,7
HD 192310,5099,4.56,-0.03,2020A&A...634A.136C,8
HD 192310,5078,4.427,-0.019,2019A&A...629A..80H,9
HD 192310,5044,4.51,0.06,2017AJ....153...21L,10
HD 192310,5099,4.43,-0.03,2019MNRAS.487.3162C,11
HD 192310,5153,4.54,,2016A&A...585A...5B,12
HD 192310,5070,4.53,0.02,2018AJ....155..111L,13
HD 192310,5093,4.53,0.05,2018A&A...614A..55A,14
HD 192310,5027,4.484,-0.13,2018A&A...615A..76S,15
HD 192310,5138,4.484,-0.01,2018A&A...615A..76S,16
HD 192310,4995,4.484,-0.01,2018A&A...615A..76S,17
HD 192310,5015,4.47,,2003AJ....125.1598L,18
HD 192310,5099,4.43,-0.03,2017A&A...606A..94D,19
HD 192310,5166,4.39,0.04,2006A&A...458..873S,20
HD 192310,5166,4.51,-0.04,2008A&A...487..373S,21
HD 192310,5133,,,2011A&A...530A.138C,22
HD 192310,5125,4.63,0.05,2001A&A...373.1019S,23
HD 192310,5118,4.31,0.38,2006A&A...458..873S,24
HD 192310,5080,4.55,0.02,2005ApJS..159..141V,25
HD 192310,5075,4.34,0.02,2006AJ....131.3069L,26
HD 192310,5075,4.34,0.02,2005AJ....129.1063L,27
HD 192310,5069,4.38,-0.01,2006A&A...458..873S,28
HD 192310,5069,4.38,-0.01,2004A&A...415.1153S,29
HD 192310,5057,4.6,-0.01,2007A&A...465..271R,30
HD 192310,5022,4.6,0.01,2004A&A...420..183A,31
HD 192310,4990,4.5,-0.09,1986A&A...165..183F,32
HD 192310,4990,4.5,-0.08,1986A&A...160..264F,33
HD 192310,4990,4.5,-0.04,1975A&A....39...97P,34
HD 192310,4893,4.5,-0.11,1970A&A.....6..385S,35
HD 192310,5071,4.5,0.05,2016ApJS..225...32B,36
HD 192310,4973,4.41,0.09,2016A&A...587A...2B,37
HD 192310,5132,4.68,,2015A&A...579A..20M,38
HD 192310,5099,4.43,-0.03,2013A&A...556A.150S,39
HD 192310,5099,4.43,-0.03,2013A&A...555A.150T,40
HD 192310,5104,4.54,0.06,2013ApJ...764...78R,41
HD 192310,5104,4.54,0.06,2012ApJ...756...46R,42
HD 192310,5022,4.6,7.5,2004A&A...420..183A,43
HD 192310,5166,4.51,-0.04,2012A&A...545A..32A,44
HD 192310,5134,4.38,0.07,2010ApJ...720.1290G,45
HD 192310,4990,4.5,-0.08,1986A&A...160..264F,46
HD 192310,4990,4.5,-0.09,1986A&A...165..183F,47
HD 192310,5166,4.51,-0.04,2008A&A...487..373S,48
HD 192310,4990,4.5,-0.09,1986A&A...165..183F,49
HD 192310,4990,4.5,-0.08,1986A&A...160..264F,50
HD 192310,4990,4.5,-0.04,1975A&A....39...97P,51
HD 192310,4893,4.5,-0.11,1970A&A.....6..385S,52
HD 196877,3781,4.4129,0.0,2024A&A...683A.125P,1
HD 196877,4300,5.0,-0.5,2016ApJ...822...97H,2
HD 196877,4174,4.74,-0.52,2018AJ....155..111L,3
HD 196877,3786,,,1996A&AS..117..227A,4
HD 196877,3781,,,2005ApJ...626..446R,5
HD 196877,4109,4.96,,2014MNRAS.442..220F,6
HD 197481,3906,4.59,0.11,2026AJ....172..121T,1
HD 197481,3700,,,2024A&A...691A..53S,2
HD 197481,3569,,-0.1,2021MNRAS.508.5148C,3
HD 197481,3900,4.0,,2024A&A...691A.304Y,4
HD 197481,3540,4.37,0.01,2024A&A...689A.132M,5
HD 197481,3835,4.72,0.194,2021ApJS..255....8R,6
HD 197481,3799,,-0.17,2021A&A...656A.162M,7
HD 197481,3768,4.65,0.01,2021A&A...656A.162M,8
HD 197481,3755,4.62,,2020A&A...644A..68M,9
HD 197481,5129,4.36,0.1,2020A&A...639A..35H,10
HD 197481,3518,,,2018MNRAS.475.1960F,11
HD 197481,3399,3.84,,2019A&A...629A..80H,12
HD 197481,3742,,-0.12,2014MNRAS.443.2561G,13
HD 197481,3642,,,2014ApJ...792...37M,14
HD 199305,,,0.221,2025A&A...698A.289O,1
HD 199305,3839,4.741,-0.12,2025A&A...696A..62O,2
HD 199305,5508,5.28,0.159,2022AJ....163..152S,3
HD 199305,3700,4.8,,2020AJ....159...30H,4
HD 199305,3849,4.68,,2024A&A...687A.205M,5
HD 199305,3900,4.69,,2022ApJ...927..122H,6
HD 199305,3866,4.673,-0.0158,2022ApJS..259...35A,7
HD 199305,3826,4.636,-0.1229,2022ApJS..259...35A,8
HD 199305,3843,4.71,0.04,2023ApJS..266...41P,9
HD 199305,3902,4.738,-0.041,2021ApJS..255....8R,10
HD 199305,4904,4.22,-0.091,2020ApJ...898..119R,11
HD 199305,3721,,0.06,2020ApJ...892...31B,12
HD 199305,3814,,-0.24,2021A&A...656A.162M,13
HD 199305,3815,4.83,-0.16,2021A&A...656A.162M,14
HD 199305,3919,4.8746,-0.019,2020AJ....160..120J,15
HD 199305,3879,4.7539,-0.095,2020AJ....160..120J,16
HD 199305,3843,4.71,0.04,2019A&A...625A..68S,17
HD 199305,3817,4.66,0.25,2019A&A...627A.161P,18
HD 199305,3794,4.65,0.34,2019A&A...627A.161P,19
HD 199305,3834,4.65,0.29,2019A&A...627A.161P,20
HD 199305,3900,5.5,,2018A&A...620A.180R,21
HD 199305,3828,4.71,0.03,2018A&A...615A...6P,22
HD 199305,3843,,-0.1,2014MNRAS.443.2561G,23
HD 199305,3720,4.67,-0.13,2005MNRAS.356..963W,24
HD 199305,3692,,,2012ApJ...757..112B,25
HD 199305,3646,,,2005ApJ...626..446R,26
HD 199305,3630,,,1996A&AS..117..227A,27
HD 199305,3772,,-0.01,2014ApJ...791...54G,28
HD 199305,3400,4.5,,2013AJ....145..102L,29
HD 199305,3791,,-0.06,2015ApJ...804...64M,30
HD 199305,,,-0.21,2012ApJ...748...93R,31
HD 199305,3660,4.67,-0.13,2008A&A...480...91S,32
HD 204961,3587,,-0.18,2024A&A...691A..53S,1
HD 204961,3467,,0.23,2021MNRAS.508.5148C,2
HD 204961,3563,,-0.11,2024A&A...690A..58A,3
HD 204961,3587,,-0.18,2024A&A...690A..58A,4
HD 204961,3512,,-0.21,2024A&A...690A..58A,5
HD 204961,3584,4.8,-0.11,2020A&A...644A..68M,6
HD 204961,3508,,-0.17,2019ApJ...878..134K,7
HD 204961,3899,4.98,0.26,2019ApJ...878..134K,8
HD 204961,3899,5.02,0.3,2019ApJ...878..134K,9
HD 204961,3865,5.07,0.31,2019ApJ...878..134K,10
HD 204961,3664,,-0.189,2019A&A...629A..80H,11
HD 204961,3522,,,2014MNRAS.443.2561G,12
HD 204961,3419,4.83,-0.19,2013A&A...556A.150S,13
HD 209290,3950,4.8,,2020AJ....159...30H,1
HD 209290,3796,4.673,0.0,2024A&A...683A.125P,2
HD 209290,3984,4.67,,2024A&A...687A.205M,3
HD 209290,3900,4.66,,2022ApJ...927..122H,4
HD 209290,3810,,-0.07,2024A&A...690A..58A,5
HD 209290,3826,4.71,,2023MNRAS.526.5648C,6
HD 209290,3915,4.69,0.03,2023ApJS..266...41P,7
HD 209290,3927,4.707,0.092,2021ApJS..255....8R,8
HD 209290,3833,4.69,,2022MNRAS.516.3802C,9
HD 209290,4866,4.14,-0.057,2020ApJ...898..119R,10
HD 209290,3869,,-0.29,2021A&A...656A.162M,11
HD 209290,3882,4.97,-0.02,2021A&A...656A.162M,12
HD 209290,3863,4.67,-0.07,2020A&A...644A..68M,13
HD 209290,3668,,0.01,2019ApJ...878..134K,14
HD 209290,3879,,0.274,2018MNRAS.475.1960F,15
HD 209290,3876,4.72,-0.321,2019AJ....158..101M,16
HD 209290,3848,,0.002,2019A&A...629A..80H,17
HD 209290,3731,4.73,-0.15,2019A&A...627A.138A,18
HD 209290,3741,4.75,-0.19,2019A&A...627A.138A,19
HD 209290,3915,4.69,0.03,2019A&A...625A..68S,20
HD 209290,3891,4.65,0.25,2019A&A...627A.161P,21
HD 209290,3826,4.65,0.4,2019A&A...627A.161P,22
HD 209290,3911,4.64,0.29,2019A&A...627A.161P,23
HD 209290,3800,5.5,,2018A&A...620A.180R,24
HD 209290,3914,4.69,0.05,2018A&A...615A...6P,25
HD 209290,3882,,,2014MNRAS.443.2561G,26
HD 209290,3580,,,1996A&AS..117..227A,27
HD 209290,3898,,0.03,2014ApJ...791...54G,28
HD 209290,3640,4.5,,2013AJ....145..102L,29
HD 209290,3848,,0.02,2015ApJ...804...64M,30
HD 211415,5886,4.43,-0.16,2024A&A...690A..97C,1
HD 211415,5871,4.38,-0.23,2024A&A...690A.107S,2
HD 211415,5898,4.472,-0.22,2024A&A...683A.125P,3
HD 211415,5831,4.277,-0.452,2023ApJS..266...11B,4
HD 211415,5844,4.42,-0.24,2022A&A...663A...4S,5
HD 211415,5850,-1.7117,-0.21,2014A&A...566A..66G,6
HD 211415,5850,4.33,-0.21,2021A&A...655A..99D,7
HD 211415,5839,4.42,-0.21,2020A&A...639A..35H,8
HD 211415,5853,4.381,-0.251,2020A&A...640A..81N,9
HD 211415,5876,4.428,-0.219,2020A&A...639A.127C,10
HD 211415,5850,4.33,-0.21,2020A&A...634A.136C,11
HD 211415,5872,4.47,-0.19,2019A&A...629A..80H,12
HD 211415,5820,4.39,-0.25,2018AJ....155..111L,13
HD 211415,5817,4.33,-0.23,2018A&A...614A..55A,14
HD 211415,5878,4.398,-0.19,2018A&A...615A..76S,15
HD 211415,5883,4.387,-0.17,2018A&A...615A..76S,16
HD 211415,5861,4.393,-0.18,2018A&A...615A..76S,17
HD 211415,5864,4.42,-0.21,2018A&A...614A..84S,18
HD 211415,5837,4.45,,2003AJ....125.1598L,19
HD 211415,5850,4.39,-0.21,2017A&A...606A..94D,20
HD 211415,5925,4.65,-0.16,2001A&A...373.1019S,21
HD 211415,5890,4.51,-0.17,2004A&A...415.1153S,22
HD 211415,5870,4.35,-0.36,1994A&A...287..191P,23
HD 211415,5859,,,2011A&A...530A.138C,24
HD 211415,5850,4.39,-0.21,2008A&A...487..373S,25
HD 211415,5753,4.27,-0.25,1999MNRAS.305..693C,26
HD 211415,5726,4.44,-0.31,2007A&A...465..271R,27
HD 211415,5704,4.49,-0.39,2004A&A...420..183A,28
HD 211415,5768,4.16,-0.24,2016A&A...587A...2B,29
HD 211415,5763,4.27,,2015A&A...579A..20M,30
HD 211415,5850,4.39,-0.21,2014A&A...562A..92D,31
HD 211415,5825,4.4,-0.23,2015A&A...577A...9B,32
HD 211415,5825,4.38,-0.23,2014A&A...562A..71B,33
HD 211415,5864,4.42,-0.21,2013A&A...555A.150T,34
HD 211415,5783,4.34,-0.25,2013ApJ...764...78R,35
HD 211415,5783,4.34,-0.25,2012ApJ...756...46R,36
HD 211415,5704,4.49,7.21,2004A&A...420..183A,37
HD 211415,5850,4.39,-0.21,2012A&A...545A..32A,38
HD 211415,5753,4.27,-0.25,1999MNRAS.305..693C,39
HD 211415,5870,4.35,-0.36,1994A&A...287..191P,40
HD 211415,5850,4.39,-0.21,2008A&A...487..373S,41
HD 211415,5870,4.35,-0.36,1994A&A...287..191P,42
HD 211970,4127,,,2024A&A...691A..53S,1
HD 211970,4077,4.6921,0.0,2024A&A...683A.125P,2
HD 211970,4270,5.0,-0.5,2016ApJ...822...97H,3
HD  21291,11420,,,2009A&A...501..297Z,1
HD  21291,10800,1.65,,2012A&A...543A..80F,2
HD 214749,4542,4.21,0.1,2022A&A...663A...4S,1
HD 214749,4494,4.609,0.088,2021ApJS..255....8R,2
HD 214749,4647,4.5,0.101,2020ApJ...898..119R,3
HD 214749,4531,4.63,0.14,2017AJ....153...21L,4
HD 214749,4473,4.65,0.05,2018A&A...614A..55A,5
HD 214749,4575,,0.12,1997A&A...323..809F,6
HD 214749,4559,,,2010A&A...512A..54C,7
HD 214749,4556,,,2009A&A...497..497G,8
HD 214749,4544,,,2006A&A...450..735M,9
HD 214749,4520,4.0,0.06,2006AJ....131.3069L,10
HD 214749,4520,4.0,0.06,2005AJ....129.1063L,11
HD 214749,4575,,0.12,1997A&A...323..809F,12
HD  21531,4231,4.67,0.42,2022A&A...663A...4S,1
HD  21531,4231,4.67,0.42,2017AJ....153...21L,2
HD 216899,3649,4.754,0.25,2025A&A...696A..62O,1
HD 216899,3750,4.8,,2020AJ....159...30H,2
HD 216899,3813,4.68,,2024A&A...687A.205M,3
HD 216899,3799,,-0.03,2021MNRAS.508.5148C,4
HD 216899,3700,4.68,,2022ApJ...927..122H,5
HD 216899,3703,,0.03,2024A&A...690A..58A,6
HD 216899,3824,4.65,0.0516,2022ApJS..259...35A,7
HD 216899,3705,4.73,,2023MNRAS.526.5648C,8
HD 216899,4048,4.5969,-0.286,2023A&A...671A..61N,9
HD 216899,4051,4.5979,-0.305,2023A&A...671A..61N,10
HD 216899,4059,4.6121,-0.276,2023A&A...671A..61N,11
HD 216899,4080,4.6041,-0.24,2023A&A...671A..61N,12
HD 216899,4116,4.7952,-0.241,2023A&A...671A..61N,13
HD 216899,4059,4.6123,-0.276,2023A&A...671A..61N,14
HD 216899,3727,5.05,0.24,2023ApJS..266...41P,15
HD 216899,3692,4.56,,2023A&A...676A.129H,16
HD 216899,3551,,-0.05,2022A&A...658A.194P,17
HD 216899,3824,4.75,-0.07,2022A&A...658A.194P,18
HD 216899,3885,4.73,-0.12,2022A&A...658A.194P,19
HD 216899,3702,4.97,-0.04,2022A&A...658A.194P,20
HD 216899,3795,4.76,0.09,2022A&A...658A.194P,21
HD 216899,3624,4.8,-0.26,2022A&A...658A.194P,22
HD 216899,3693,4.69,0.1,2022A&A...658A.194P,23
HD 216899,3509,,0.0,2022A&A...658A.194P,24
HD 216899,3714,4.71,0.25,2022A&A...658A.194P,25
HD 216899,3765,4.62,0.23,2022A&A...658A.194P,26
HD 216899,3714,4.71,0.04,2022A&A...658A.194P,27
HD 216899,3714,4.87,0.1,2022A&A...658A.194P,28
HD 216899,3714,4.71,-0.05,2022A&A...658A.194P,29
HD 216899,3842,4.66,0.2,2022A&A...658A.194P,30
HD 216899,3803,4.724,0.245,2021ApJS..255....8R,31
HD 216899,3702,4.72,,2022MNRAS.516.3802C,32
HD 216899,3830,4.7075,,2021A&A...649A.147S,33
HD 216899,4916,4.22,-0.091,2020ApJ...898..119R,34
HD 216899,3688,,0.28,2020ApJ...892...31B,35
HD 216899,3799,,-0.07,2021A&A...656A.162M,36
HD 216899,3798,4.8,0.03,2021A&A...656A.162M,37
HD 216899,3881,4.8154,0.068,2020AJ....160..120J,38
HD 216899,3741,4.7,0.02,2020A&A...644A..68M,39
HD 216899,3643,4.78,0.26,2022ApJ...927..123S,40
HD 216899,3559,,0.08,2019ApJ...878..134K,41
HD 216899,3727,5.05,0.24,2019ApJ...878..134K,42
HD 216899,3854,5.12,0.33,2019ApJ...878..134K,43
HD 216899,3800,5.08,0.29,2019ApJ...878..134K,44
HD 216899,3839,5.09,0.3,2019ApJ...878..134K,45
HD 216899,3887,,0.27,2018MNRAS.475.1960F,46
HD 216899,3769,,0.026,2019A&A...629A..80H,47
HD 216899,3805,4.69,0.12,2019A&A...625A..68S,48
HD 216899,3789,4.65,0.32,2019A&A...627A.161P,49
HD 216899,3784,4.65,0.53,2019A&A...627A.161P,50
HD 216899,3810,4.65,0.38,2019A&A...627A.161P,51
HD 216899,3700,5.5,,2018A&A...620A.180R,52
HD 216899,4048,3.4,-0.73,2016A&A...589A.115S,53
HD 216899,3787,4.7,0.1,2018A&A...615A...6P,54
HD 216899,3673,,0.18,2014MNRAS.443.2561G,55
HD 216899,3808,,,2005ApJ...626..446R,56
HD 216899,3759,,,1996A&AS..117..227A,57
HD 216899,3713,,,2012ApJ...757..112B,58
HD 216899,3786,,0.17,2014ApJ...791...54G,59
HD 216899,3730,,0.37,2015ApJS..220...16T,60
HD 216899,3810,,0.08,2015ApJS..220...16T,61
HD 216899,3764,,0.3,2015ApJS..220...16T,62
HD 216899,3520,4.5,,2013AJ....145..102L,63
HD 216899,3720,,0.21,2015ApJ...804...64M,64
HD 217357,4081,4.6398,0.0,2024A&A...683A.125P,1
HD 217357,3505,,0.2,2021MNRAS.508.5148C,2
HD 217357,4138,4.7945,-0.1,2023A&A...671A..61N,3
HD 217357,4184,4.8308,-0.059,2023A&A...671A..61N,4
HD 217357,4236,4.6872,-0.066,2023A&A...671A..61N,5
HD 217357,4209,4.8189,-0.072,2023A&A...671A..61N,6
HD 217357,4205,4.8325,-0.069,2023A&A...671A..61N,7
HD 217357,4214,4.81,-0.061,2023A&A...671A..61N,8
HD 217357,4221,4.8431,-0.049,2023A&A...671A..61N,9
HD 217357,4223,4.8202,-0.051,2023A&A...671A..61N,10
HD 217357,4224,4.8007,-0.07,2023A&A...671A..61N,11
HD 217357,4214,4.7705,-0.072,2023A&A...671A..61N,12
HD 217357,4209,4.7822,-0.072,2023A&A...671A..61N,13
HD 217357,4233,4.7985,-0.065,2023A&A...671A..61N,14
HD 217357,4238,4.809,-0.061,2023A&A...671A..61N,15
HD 217357,4243,4.8045,-0.06,2023A&A...671A..61N,16
HD 217357,4217,4.8753,-0.043,2023A&A...671A..61N,17
HD 217357,4227,4.7986,-0.065,2023A&A...671A..61N,18
HD 217357,3894,4.48,-0.47,2023ApJS..266...41P,19
HD 217357,4098,4.82,0.14,2022A&A...663A...4S,20
HD 217357,4260,3.28,-0.77,2023A&A...676A.129H,21
HD 217357,4112,4.667,0.025,2021ApJS..255....8R,22
HD 217357,4150,4.8,-0.45,2016ApJ...822...97H,23
HD 217357,4825,4.24,0.005,2020ApJ...898..119R,24
HD 217357,3832,4.66,,2020A&A...644A..68M,25
HD 217357,3629,,0.25,2019ApJ...878..134K,26
HD 217357,3766,,0.25,2019A&A...629A..80H,27
HD 217357,3958,4.6,-0.08,2019A&A...627A.138A,28
HD 217357,4192,4.82,0.14,2017AJ....153...21L,29
HD 217357,4125,,,2006A&A...450..735M,30
HD 217357,3763,,,2005ApJ...626..446R,31
HD 217357,3746,,,1996A&AS..117..227A,32
HD 217357,4225,,-0.11,2014ApJ...791...54G,33
HD 217357,3965,4.63,,2014MNRAS.442..220F,34
HD 217357,3894,4.48,-0.47,2012A&A...538A.143K,35
HD 217987,3679,,-0.23,2024A&A...691A..53S,1
HD 217987,3676,4.7709,-0.22,2024A&A...683A.125P,2
HD 217987,3630,,-0.05,2021MNRAS.508.5148C,3
HD 217987,3701,,-0.17,2024A&A...690A..58A,4
HD 217987,3679,,-0.23,2024A&A...690A..58A,5
HD 217987,3692,,-0.29,2024A&A...690A..58A,6
HD 217987,3783,4.818,-0.19,2021ApJS..255....8R,7
HD 217987,4927,4.23,-0.102,2020ApJ...898..119R,8
HD 217987,3712,4.77,-0.17,2020A&A...644A..68M,9
HD 217987,3558,,-0.24,2019ApJ...878..134K,10
HD 217987,3727,,,2012ApJ...757..112B,11
HD 217987,3680,4.88,-0.22,2005MNRAS.356..963W,12
HD 217987,3676,,,2012ApJ...757..112B,13
HD 217987,3612,,,2012ApJ...757..112B,14
HD 217987,3750,,-0.15,2014ApJ...791...54G,15
HD 217987,3688,,-0.06,2015ApJ...804...64M,16
HD 219134,4839,,0.11,2025AJ....169..235V,1
HD 219134,4775,4.22,-0.01,2024A&A...691A..53S,2
HD 219134,4898,4.63,-0.14,2024A&A...691A.160S,3
HD 219134,4907,4.57,0.24,2025ApJ...993..235R,4
HD 219134,4907,4.57,0.24,2025ApJ...993..235R,5
HD 219134,4800,4.55,0.06,2025A&A...698A..93J,6
HD 219134,4800,4.55,0.06,2024A&A...682A.145S,7
HD 219134,4607,4.44,-0.37,2021MNRAS.505.4496G,8
HD 219134,4828,4.63,0.03,2023ApJS..266...41P,9
HD 219134,4840,4.48,0.11,2023AJ....165...60V,10
HD 219134,4874,4.56,0.06,2022A&A...663A...4S,11
HD 219134,4817,4.575,0.083,2021ApJS..255....8R,12
HD 219134,4900,4.2,0.1,2020MNRAS.494.1724J,13
HD 219134,4840,4.5,0.11,2021AJ....161..134H,14
HD 219134,4812,4.46,0.1,2015A&A...573A..67P,15
HD 219134,4900,4.2,0.05,2015MNRAS.454.1585M,16
HD 219134,4828,4.63,0.03,2019AJ....158..101M,17
HD 219134,4715,4.57,0.06,2018ApJS..238...29P,18
HD 219134,4883,4.6,0.13,2017AJ....153...21L,19
HD 219134,4899,4.59,0.01,2018A&A...614A..55A,20
HD 219134,5100,4.4,0.1,2003AJ....126.2015H,21
HD 219134,5100,4.65,0.04,2006AJ....131.3069L,22
HD 219134,5100,4.65,0.04,2005AJ....129.1063L,23
HD 219134,5044,4.58,0.04,2015A&A...580A..24D,24
HD 219134,4982,,,2009A&A...497..497G,25
HD 219134,4900,,,2004A&A...427..933K,26
HD 219134,4900,,,2003A&A...411..559K,27
HD 219134,4900,4.2,0.05,2004A&A...418..551M,28
HD 219134,4889,4.6,0.1,2012A&A...547A.106M,29
HD 219134,4870,,,2011A&A...530A.138C,30
HD 219134,4835,4.56,0.12,2005ApJS..159..141V,31
HD 219134,4828,,,2005ApJ...626..446R,32
HD 219134,4825,4.62,0.05,2007A&A...465..271R,33
HD 219134,4785,,,1996A&AS..117..227A,34
HD 219134,4743,4.63,0.12,2004A&A...420..183A,35
HD 219134,4710,4.5,0.2,1977A&A....61...17O,36
HD 219134,4710,4.5,0.1,1966AnAp...29..413C,37
HD 219134,4710,4.5,-0.01,1970A&A.....7..408C,38
HD 219134,4710,4.5,0.0,1970A&A.....6..385S,39
HD 219134,4699,,,2012ApJ...757..112B,40
HD 219134,4667,4.5,0.0,1975A&A....39...97P,41
HD 219134,4667,4.4,-0.21,1974ApJS...27..405O,42
HD 219134,4383,,0.0,1964IAUS...26..294C,43
HD 219134,4735,4.36,0.09,2016A&A...587A...2B,44
HD 219134,4732,4.37,0.09,2016A&A...587A...2B,45
HD 219134,4746,4.4,0.15,2016A&A...587A...2B,46
HD 219134,4858,4.67,,2015A&A...579A..20M,47
HD 219134,4900,4.2,0.05,2013A&A...552A.128M,48
HD 219134,4833,4.59,0.0,2013ApJ...764...78R,49
HD 219134,4833,4.59,0.0,2012ApJ...756...46R,50
HD 219134,4889,4.6,0.1,2012A&A...547A.106M,51
HD 219134,4798,4.55,,2003AJ....126.2048G,52
HD 219134,4743,4.63,7.64,2004A&A...420..183A,53
HD 219134,4851,4.37,0.05,2011AJ....141...90L,54
HD 219134,4851,4.41,0.07,2011AJ....141...90L,55
HD 219134,4851,4.4,0.2,2011AJ....141...90L,56
HD 219134,4715,4.57,0.06,2011A&A...531A.165P,57
HD 219134,,,0.1,2012A&A...541A..40M,58
HD 219134,4710,4.5,0.2,2009A&A...508.1313F,59
HD 219134,4913,4.51,0.08,2008A&A...480...91S,60
HD 219134,4710,4.5,0.2,1977A&A....61...17O,61
HD 219134,4667,4.5,0.0,1975A&A....39...97P,62
HD 219134,4667,4.4,-0.21,1974ApJS...27..405O,63
HD 219134,4710,4.5,0.0,1970A&A.....6..385S,64
HD 219134,4710,4.5,-0.01,1970A&A.....7..408C,65
HD 219134,4710,4.5,0.1,1966AnAp...29..413C,66
HD 219134,4383,,0.0,1964IAUS...26..294C,67
HD 222237,4720,4.339,-0.33,2024A&A...683A.125P,1
HD 222237,4747,4.59,-0.33,2022A&A...663A...4S,2
HD 222237,4780,-1.7044,-0.38,2014A&A...566A..66G,3
HD 222237,4688,4.17,-0.31,2020A&A...639A..35H,4
HD 222237,4726,4.61,-0.36,2018AJ....155..111L,5
HD 222237,4750,4.64,-0.43,2018A&A...614A..55A,6
HD 222237,4746,4.606,-0.49,2018A&A...615A..76S,7
HD 222237,4615,4.66,,2003AJ....125.1598L,8
HD 222237,4722,4.34,-0.39,2017A&A...606A..94D,9
HD 222237,4780,4.37,-0.38,2008A&A...487..373S,10
HD 222237,4770,4.79,-0.22,2001A&A...373.1019S,11
HD 222237,4768,,,2011A&A...530A.138C,12
HD 222237,4762,,,2006A&A...450..735M,13
HD 222237,4747,4.48,-0.31,2004A&A...415.1153S,14
HD 222237,4723,4.69,-0.29,2005ApJS..159..141V,15
HD 222237,4774,4.89,,2015A&A...579A..20M,16
HD 222237,4780,4.37,-0.38,2015A&A...576A..69D,17
HD 222237,4722,4.34,-0.39,2013A&A...555A.150T,18
HD 222237,4780,4.37,-0.38,2012A&A...545A..32A,19
HD 222237,4790,4.31,-0.44,2010ApJ...720.1290G,20
HD 222237,,,-0.24,2012A&A...541A..40M,21
HD 222237,4780,4.37,-0.38,2008A&A...487..373S,22
HD 223778,4759,4.5,-1.02,2007A&A...465..271R,1
HD 223778,4754,,,2011A&A...530A.138C,2
HD 223778,4660,4.71,,2004A&A...420..183A,3
HD 223778,4707,4.12,-0.43,2016A&A...587A...2B,4
HD 223778,4715,4.46,,2003AJ....126.2048G,5
HD 223778,4660,4.71,6.62,2004A&A...420..183A,6
HD 223778,,,-0.68,2012A&A...541A..40M,7
HD 223889,3517,4.7203,0.0,2024A&A...683A.125P,1
HD 223889,3395,,-0.39,2021MNRAS.508.5148C,2
HD 223889,3578,4.73,0.11,2020A&A...644A..68M,3
HD 223889,3643,,,2014MNRAS.443.2561G,4
HD  22496,4460,4.161,-0.223,2024A&A...691A..53S,1
HD  22496,4102,4.5251,0.0,2024A&A...683A.125P,2
HD  22496,4260,4.8,-0.25,2016ApJ...822...97H,3
HD  22496,4484,4.279,-0.162,2019A&A...629A..80H,4
HD  22496,4136,4.74,,2014MNRAS.442..220F,5
HD 225213,3924,,0.27,2021MNRAS.508.5148C,1
HD 225213,3616,,-0.42,2024A&A...690A..58A,2
HD 225213,3727,4.901,-0.4,2021ApJS..255....8R,3
HD 225213,3478,4.91,-0.26,2020A&A...644A..68M,4
HD 225213,3595,,-0.44,2019ApJ...878..134K,5
HD 225213,3773,,-0.51,2019A&A...629A..80H,6
HD 225213,3589,,,2014MNRAS.443.2561G,7
HD 225213,3400,,-0.39,2014ApJ...791...54G,8
HD 232979,4148,4.66,,2024A&A...687A.205M,1
HD 232979,4021,4.64,0.18,2023ApJS..266...41P,2
HD 232979,4076,4.694,-0.086,2021ApJS..255....8R,3
HD 232979,4005,,-0.42,2021A&A...656A.162M,4
HD 232979,4039,4.94,-0.21,2021A&A...656A.162M,5
HD 232979,3824,,0.362,2018MNRAS.475.1960F,6
HD 232979,4034,4.68,-0.09,2019A&A...625A..68S,7
HD 232979,4021,4.64,0.18,2019A&A...627A.161P,8
HD 232979,3927,4.64,0.27,2019A&A...627A.161P,9
HD 232979,4010,4.64,0.18,2019A&A...627A.161P,10
HD 232979,3893,4.62,0.24,2017AJ....153...21L,11
HD 232979,3900,5.5,,2018A&A...620A.180R,12
HD 232979,4034,4.68,-0.09,2018A&A...615A...6P,13
HD 232979,3971,,-0.22,2014MNRAS.443.2561G,14
HD 232979,3926,,-0.09,2014ApJ...791...54G,15
HD 232979,3929,,-0.11,2015ApJ...804...64M,16
HD 233153,3838,4.734,0.09,2025A&A...696A..62O,1
HD 233153,5508,5.48,-0.016,2022AJ....163..152S,2
HD 233153,3839,4.68,,2024A&A...687A.205M,3
HD 233153,3890,4.652,0.0103,2022ApJS..259...35A,4
HD 233153,3845,4.632,-0.0222,2022ApJS..259...35A,5
HD 233153,3879,4.6908,,2021A&A...649A.147S,6
HD 233153,3751,,0.15,2020ApJ...892...31B,7
HD 233153,3829,,-0.2,2021A&A...656A.162M,8
HD 233153,3825,4.94,-0.04,2021A&A...656A.162M,9
HD 233153,3899,4.7288,-0.005,2020AJ....160..120J,10
HD 233153,3783,4.74,0.21,2022ApJ...927..123S,11
HD 233153,3875,4.69,0.08,2019A&A...625A..68S,12
HD 233153,3845,4.63,0.28,2019A&A...627A.161P,13
HD 233153,3803,4.63,0.47,2019A&A...627A.161P,14
HD 233153,3869,4.63,0.34,2019A&A...627A.161P,15
HD 233153,3800,5.5,,2018A&A...620A.180R,16
HD 233153,3765,,,2017ApJ...851...26V,17
HD 233153,3863,4.69,0.08,2018A&A...615A...6P,18
HD 233153,3733,,0.14,2014MNRAS.443.2561G,19
HD 233153,3832,,,1996A&AS..117..227A,20
HD 233153,,,0.04,2005A&A...442..635B,21
HD 233153,3768,,0.11,2014ApJ...791...54G,22
HD 233153,3500,4.5,,2013AJ....145..102L,23
HD 233153,3765,,0.19,2015ApJ...804...64M,24
HD 233153,3851,,0.03,2012ApJ...748...93R,25
HD  23356,4935,4.409,-0.19,2024A&A...683A.125P,1
HD  23356,4994,4.57,-0.09,2022A&A...663A...4S,2
HD  23356,4986,4.53,-0.15,2022A&A...667A..63Z,3
HD  23356,4976,4.572,-0.036,2021ApJS..255....8R,4
HD  23356,5004,-1.7096,-0.17,2014A&A...566A..66G,5
HD  23356,4907,4.5,-0.012,2020ApJ...898..119R,6
HD  23356,5030,4.57,-0.08,2020AJ....159..174T,7
HD  23356,,,-0.037,2020AJ....160...83S,8
HD  23356,4785,4.57,,2020AJ....160...83S,9
HD  23356,4879,4.573,,2020AJ....160...83S,10
HD  23356,4919,4.64,-0.15,2020A&A...634A.136C,11
HD  23356,4990,4.63,-0.08,2017AJ....153...21L,12
HD  23356,4969,4.62,-0.08,2018AJ....155..111L,13
HD  23356,4973,4.6,-0.11,2018A&A...614A..55A,14
HD  23356,5173,4.66,-0.18,2018A&A...615A..76S,15
HD  23356,5109,4.479,-0.1,2018A&A...615A..76S,16
HD  23356,4919,4.45,-0.15,2017A&A...606A..94D,17
HD  23356,5080,4.53,-0.08,2006AJ....131.3069L,18
HD  23356,5080,4.53,-0.08,2005AJ....129.1063L,19
HD  23356,5035,4.73,-0.05,2001A&A...373.1019S,20
HD  23356,5004,4.5,-0.17,2008A&A...487..373S,21
HD  23356,4991,4.59,-0.06,2005ApJS..159..141V,22
HD  23356,4975,4.48,-0.11,2004A&A...415.1153S,23
HD  23356,4930,4.41,-0.167,2012A&A...547A..13T,24
HD  23356,4929,4.62,-0.12,2007A&A...465..271R,25
HD  23356,4869,4.63,-0.04,2006ApJ...652.1604B,26
HD  23356,4801,4.63,-0.02,2004A&A...420..183A,27
HD  23356,4850,4.46,-0.01,2016A&A...587A...2B,28
HD  23356,5000,4.68,,2015A&A...579A..20M,29
HD  23356,5004,4.5,-0.17,2015A&A...576A..69D,30
HD  23356,4919,4.45,-0.15,2013A&A...555A.150T,31
HD  23356,4960,4.6,-0.09,2013ApJ...764...78R,32
HD  23356,4960,4.6,-0.09,2012ApJ...756...46R,33
HD  23356,4784,4.57,,2013AJ....146..134K,34
HD  23356,4930,4.41,-0.17,2012A&A...547A..13T,35
HD  23356,4801,4.63,7.41,2004A&A...420..183A,36
HD  23356,5004,4.5,-0.17,2012A&A...545A..32A,37
HD  23356,5004,4.5,-0.17,2008A&A...487..373S,38
HD 239960,3493,4.932,-0.066,2021ApJS..255....8R,1
HD 239960,5230,4.43,-0.122,2020ApJ...898..119R,2
HD 239960,3305,,-0.08,2014ApJ...791...54G,3
HD 239960,3464,,-0.11,2012ApJ...748...93R,4
HD  24479,10520,,,2012A&A...537A.120Z,1
HD 260655,3631,4.76,-0.32,2026AJ....172..121T,1
HD 260655,3639,,-0.21,2024A&A...691A..53S,2
HD 260655,3885,4.73,,2024A&A...687A.205M,3
HD 260655,3768,,0.37,2021MNRAS.508.5148C,4
HD 260655,3671,,-0.21,2024A&A...690A..58A,5
HD 260655,3639,,-0.21,2024A&A...690A..58A,6
HD 260655,3868,4.822,-0.4,2021ApJS..255....8R,7
HD 260655,3820,,-0.68,2021A&A...656A.162M,8
HD 260655,3803,5.2,-0.63,2021A&A...656A.162M,9
HD 260655,3737,4.89,-0.42,2019A&A...625A..68S,10
HD 260655,3723,4.78,-0.3,2019A&A...627A.161P,11
HD 260655,3734,4.77,-0.29,2019A&A...627A.161P,12
HD 260655,3732,4.77,-0.28,2019A&A...627A.161P,13
HD 260655,3728,4.89,-0.42,2018A&A...615A...6P,14
HD 260655,3800,,-0.36,2014MNRAS.443.2561G,15
HD 260655,3653,,,2005ApJ...626..446R,16
HD 260655,3586,,,1996A&AS..117..227A,17
HD 260655,3786,,-0.34,2014ApJ...791...54G,18
HD 260655,3640,4.5,,2013AJ....145..102L,19
HD 260655,3801,,-0.34,2015ApJ...804...64M,20
HD 260655,,,-0.44,2014AJ....147...20N,21
HD 265866,3397,,-0.05,2024A&A...691A..53S,1
HD 265866,3342,4.87,0.07,2025AJ....170..279B,2
HD 265866,5543,4.557,-0.172,2022AJ....163..152S,3
HD 265866,3400,4.8,,2020AJ....159...30H,4
HD 265866,3422,,0.04,2025ApJ...978..154J,5
HD 265866,3448,4.81,,2024A&A...687A.205M,6
HD 265866,3400,4.85,,2022ApJ...927..122H,7
HD 265866,3397,,-0.05,2024A&A...690A..58A,8
HD 265866,3489,4.672,,2022ApJS..259...35A,9
HD 265866,3436,4.7,,2023MNRAS.526.5648C,10
HD 265866,3515,4.898,-0.004,2021ApJS..255....8R,11
HD 265866,3420,4.71,,2022MNRAS.516.3802C,12
HD 265866,5179,4.34,-0.103,2020ApJ...898..119R,13
HD 265866,3368,,0.03,2020ApJ...892...31B,14
HD 265866,3497,,-0.16,2021A&A...656A.162M,15
HD 265866,3503,4.88,-0.2,2021A&A...656A.162M,16
HD 265866,3588,4.9771,-0.195,2020AJ....160..120J,17
HD 265866,3415,,-0.032,2018MNRAS.475.1960F,18
HD 265866,3451,4.96,-0.03,2019A&A...625A..68S,19
HD 265866,3415,4.84,0.0,2019A&A...627A.161P,20
HD 265866,3455,4.77,0.2,2019A&A...627A.161P,21
HD 265866,3410,4.85,0.0,2019A&A...627A.161P,22
HD 265866,3400,5.0,,2018A&A...620A.180R,23
HD 265866,3450,4.96,-0.02,2018A&A...615A...6P,24
HD 265866,3389,,,2014MNRAS.443.2561G,25
HD 265866,3401,,0.0,2014ApJ...791...54G,26
HD 265866,3370,5.0,,2013AJ....145..102L,27
HD 265866,3448,,-0.02,2015ApJ...804...64M,28
HD 265866,3500,,-0.07,2012ApJ...748...93R,29
HD 265866,3400,,,2009A&A...508.1313F,30
HD  27274,4591,4.61,-0.1,2024A&A...690A..97C,1
HD  27274,4602,,,2011A&A...530A.138C,2
HD  27274,4591,4.61,,2014MNRAS.442..220F,3
HD 281621,3750,4.8,,2020AJ....159...30H,1
HD 281621,3900,4.7,,2022ApJ...927..122H,2
HD 281621,3759,4.76,-0.19,2020A&A...644A..68M,3
HD 281621,3848,,,2014MNRAS.443.2561G,4
HD 281621,3560,4.5,,2013AJ....145..102L,5
HD  28343,4229,4.6609,0.0,2024A&A...683A.125P,1
HD  28343,4285,4.66,,2024A&A...687A.205M,2
HD  28343,4199,4.59,0.23,2023ApJS..266...41P,3
HD  28343,4191,4.65,0.42,2022A&A...663A...4S,4
HD  28343,4160,4.627,0.375,2021ApJS..255....8R,5
HD  28343,4765,4.14,0.068,2020ApJ...898..119R,6
HD  28343,4130,,0.06,2021A&A...656A.162M,7
HD  28343,4123,4.48,0.05,2021A&A...656A.162M,8
HD  28343,3901,4.63,,2020A&A...644A..68M,9
HD  28343,3953,,0.47,2019ApJ...878..134K,10
HD  28343,3973,4.555,,2019A&A...629A..80H,11
HD  28343,4199,4.59,0.23,2019A&A...625A..68S,12
HD  28343,4173,4.63,0.41,2019A&A...627A.161P,13
HD  28343,4003,4.64,0.66,2019A&A...627A.161P,14
HD  28343,4187,4.63,0.45,2019A&A...627A.161P,15
HD  28343,4152,4.65,0.42,2017AJ....153...21L,16
HD  28343,4000,5.5,,2018A&A...620A.180R,17
HD  28343,4194,4.59,0.2,2018A&A...615A...6P,18
HD  28343,4124,,0.25,2014MNRAS.443.2561G,19
HD  28343,4284,,,2003A&A...411..559K,20
HD  28343,4137,,,2006A&A...450..735M,21
HD  28343,4037,3.99,-0.21,2016A&A...587A...2B,22
HD  28343,4114,,0.25,2014ApJ...791...54G,23
HD  28343,4124,,0.39,2015ApJ...804...64M,24
HD  28343,4284,4.6,0.01,2009A&A...508.1313F,25
HD 285968,3623,,-0.02,2024A&A...691A..53S,1
HD 285968,5556,3.9,-0.207,2022AJ....163..152S,2
HD 285968,3543,4.7489,0.0,2024A&A...683A.125P,3
HD 285968,3642,4.72,,2024A&A...687A.205M,4
HD 285968,3594,,-0.19,2021MNRAS.508.5148C,5
HD 285968,3628,,-0.03,2024A&A...690A..58A,6
HD 285968,3426,,-0.04,2024A&A...690A..58A,7
HD 285968,3623,,-0.02,2024A&A...690A..58A,8
HD 285968,3590,,0.0,2024A&A...690A..58A,9
HD 285968,3687,4.666,-0.0308,2022ApJS..259...35A,10
HD 285968,3471,,-0.11,2022A&A...658A.194P,11
HD 285968,3703,4.77,-0.03,2022A&A...658A.194P,12
HD 285968,3751,4.73,-0.11,2022A&A...658A.194P,13
HD 285968,3430,4.77,-0.41,2022A&A...658A.194P,14
HD 285968,3651,4.78,0.0,2022A&A...658A.194P,15
HD 285968,3710,4.76,-0.23,2022A&A...658A.194P,16
HD 285968,3632,4.71,0.07,2022A&A...658A.194P,17
HD 285968,3376,,-0.06,2022A&A...658A.194P,18
HD 285968,3592,4.76,0.21,2022A&A...658A.194P,19
HD 285968,3630,4.68,0.2,2022A&A...658A.194P,20
HD 285968,3592,4.76,0.01,2022A&A...658A.194P,21
HD 285968,3528,4.71,-0.02,2022A&A...658A.194P,22
HD 285968,3592,4.76,-0.05,2022A&A...658A.194P,23
HD 285968,3716,4.67,0.16,2022A&A...658A.194P,24
HD 285968,3703,4.784,0.147,2021ApJS..255....8R,25
HD 285968,5021,4.4,-0.127,2020ApJ...898..119R,26
HD 285968,3667,,-0.18,2021A&A...656A.162M,27
HD 285968,3678,5.13,-0.01,2021A&A...656A.162M,28
HD 285968,3612,4.74,0.04,2020A&A...644A..68M,29
HD 285968,3435,,-0.01,2019ApJ...878..134K,30
HD 285968,3574,4.89,-0.1,2019A&A...625A..68S,31
HD 285968,3520,4.79,-0.08,2019A&A...627A.161P,32
HD 285968,3654,4.66,0.48,2019A&A...627A.161P,33
HD 285968,3689,4.66,0.33,2019A&A...627A.161P,34
HD 285968,3500,5.1,,2018A&A...620A.180R,35
HD 285968,3582,4.88,-0.08,2018A&A...615A...6P,36
HD 285968,3680,,0.04,2014MNRAS.443.2561G,37
HD 285968,3679,,,2014MNRAS.438.2413V,38
HD 285968,3721,,0.14,2014ApJ...791...54G,39
HD 285968,3559,,0.23,2015ApJS..220...16T,40
HD 285968,3984,,0.06,2015ApJS..220...16T,41
HD 285968,3690,,0.05,2015ApJS..220...16T,42
HD 285968,3550,4.5,,2013AJ....145..102L,43
HD 285968,3680,,0.14,2015ApJ...804...64M,44
HD 285968,3345,4.79,-0.01,2013A&A...556A.150S,45
HD 285968,3581,,0.15,2012ApJ...748...93R,46
HD  29697,4446,4.36,0.11,2022A&A...663A...4S,1
HD  29697,4660,4.6,-0.07,2021AJ....161..134H,2
HD  29697,4562,4.59,-0.19,2022AJ....164..174H,3
HD  29697,4421,4.64,0.23,2017AJ....153...21L,4
HD  29697,4393,4.66,0.17,2018A&A...614A..55A,5
HD  29697,4454,4.5,-0.04,2004A&A...418..551M,6
HD  29697,4454,,,2004A&A...427..933K,7
HD  29697,4454,,,2003A&A...411..559K,8
HD  29697,4453,4.5,0.01,2012A&A...547A.106M,9
HD  29697,4440,4.19,0.18,2006AJ....131.3069L,10
HD  29697,4440,4.19,0.18,2005AJ....129.1063L,11
HD  29697,4438,4.15,-0.17,2016A&A...587A...2B,12
HD  29697,4453,4.5,0.01,2012A&A...547A.106M,13
HD  29697,4454,4.5,-0.04,2009A&A...508.1313F,14
HD  29697,4448,4.29,0.11,2008A&A...480...91S,15
HD 304043,3459,,-0.17,2024A&A...691A..53S,1
HD 304043,3428,4.8544,0.0,2024A&A...683A.125P,2
HD 304043,3527,,-0.15,2024A&A...690A..58A,3
HD 304043,3458,,-0.18,2024A&A...690A..58A,4
HD 304043,3459,,-0.17,2024A&A...690A..58A,5
HD 304043,3667,,0.18,2019ApJ...878..134K,6
HD 304043,3501,,,2014MNRAS.443.2561G,7
HD 304636,3745,4.7154,0.0,2024A&A...683A.125P,1
HD 304636,2901,,0.11,2021MNRAS.508.5148C,2
HD 304636,3798,4.73,-0.16,2020A&A...644A..68M,3
HD 304636,3631,,-0.15,2019ApJ...878..134K,4
HD 304636,3820,,-0.16,2019A&A...629A..80H,5
HD 304636,3848,,,2014MNRAS.443.2561G,6
HD 318327,3702,,0.28,2021MNRAS.508.5148C,1
HD 318327,3758,4.748,0.207,2021ApJS..255....8R,2
HD 318327,3629,,,2014MNRAS.443.2561G,3
HD 318327,3804,,0.01,2014MNRAS.443.2561G,4
HD 318327,3664,,0.12,2014ApJ...791...54G,5
HD  32147,5133,4.899,0.11,2024A&A...683A.125P,1
HD  32147,4535,4.32,-0.17,2021MNRAS.505.4496G,2
HD  32147,4726,4.23,0.21,2023ApJS..266...41P,3
HD  32147,4810,4.46,0.31,2022A&A...663A...4S,4
HD  32147,4805,4.552,0.186,2021ApJS..255....8R,5
HD  32147,4800,4.4,0.28,2021AJ....161..134H,6
HD  32147,4658,4.47,0.02,2013MNRAS.435..952S,7
HD  32147,4945,4.4,0.13,2015MNRAS.454.1585M,8
HD  32147,4815,4.49,0.29,2020AJ....159..174T,9
HD  32147,4726,4.232,0.218,2019A&A...629A..80H,10
HD  32147,4790,4.57,0.39,2017AJ....153...21L,11
HD  32147,4780,4.56,0.37,2018AJ....155..111L,12
HD  32147,4763,4.57,0.29,2018A&A...614A..55A,13
HD  32147,4945,,,2004A&A...427..933K,14
HD  32147,4945,,,2003A&A...411..559K,15
HD  32147,4945,4.4,0.13,2004A&A...418..551M,16
HD  32147,4937,4.33,0.27,2006A&A...458..873S,17
HD  32147,4900,4.3,0.38,2003AJ....126.2015H,18
HD  32147,4900,4.25,0.36,2006AJ....131.3069L,19
HD  32147,4900,4.25,0.36,2005AJ....129.1063L,20
HD  32147,4850,,0.31,1997A&A...323..809F,21
HD  32147,4831,,,2011A&A...530A.138C,22
HD  32147,4827,4.69,0.33,2005ApJS..159..141V,23
HD  32147,4825,4.57,0.34,2000A&A...363..692T,24
HD  32147,4821,4.38,0.29,2006A&A...458..873S,25
HD  32147,4755,4.5,0.02,1975A&A....39...97P,26
HD  32147,4755,4.4,0.02,1974ApJS...27..405O,27
HD  32147,4746,4.61,0.34,2006ApJ...652.1604B,28
HD  32147,4705,4.12,0.3,2005A&A...437.1127S,29
HD  32147,4705,4.44,0.3,2006A&A...458..873S,30
HD  32147,4680,4.0,0.28,2001A&A...367..253F,31
HD  32147,4641,4.63,0.26,2004A&A...420..183A,32
HD  32147,4625,4.55,0.28,1998A&AS..129..237F,33
HD  32147,4687,4.25,0.25,2016A&A...587A...2B,34
HD  32147,4681,4.3,0.35,2016A&A...587A...2B,35
HD  32147,4848,4.65,,2015A&A...579A..20M,36
HD  32147,4945,4.4,0.13,2013A&A...552A.128M,37
HD  32147,4745,4.57,0.19,2013ApJ...764...78R,38
HD  32147,4745,4.57,0.19,2012ApJ...756...46R,39
HD  32147,4740,4.52,,2003AJ....126.2048G,40
HD  32147,4641,4.63,7.81,2004A&A...420..183A,41
HD  32147,4821,4.37,0.27,2011AJ....141...90L,42
HD  32147,4821,4.41,0.33,2011AJ....141...90L,43
HD  32147,4602,4.53,0.18,2011A&A...531A.165P,44
HD  32147,4746,4.55,0.29,2012A&A...541A..40M,45
HD  32147,4600,4.55,0.28,2009A&A...508.1313F,46
HD  32147,4825,4.57,0.34,2000A&A...363..692T,47
HD  32147,4625,4.55,0.28,1998A&AS..129..237F,48
HD  32147,4850,,0.31,1997A&A...323..809F,49
HD  32147,4822,4.38,0.3,2008A&A...480...91S,50
HD  32147,4755,4.5,0.02,1975A&A....39...97P,51
HD  32147,4755,4.4,0.02,1974ApJS...27..405O,52
HD  33564,6648,4.753,0.253,2024A&A...691A..53S,1
HD  33564,6270,4.0955,-0.2521,2024A&A...681A.107R,2
HD  33564,6393,4.22,0.14,2023ApJS..266...41P,3
HD  33564,6354,4.2,0.12,2022A&A...663A...4S,4
HD  33564,6362,4.13,0.02,2020AJ....159...90S,5
HD  33564,6393,4.22,0.14,2017AJ....153...21L,6
HD  33564,6250,4.0,0.12,2019MNRAS.487.3162C,7
HD  33564,6557,4.3,0.17,2018A&A...614A..55A,8
HD  33564,6554,4.49,0.211,2010MNRAS.403.1368G,9
HD  33564,6420,,,2014MNRAS.438.2413V,10
HD  33564,6379,,,2011A&A...530A.138C,11
HD  33564,6307,4.17,0.1,2008MNRAS.384..173F,12
HD  33564,6339,4.13,,2015A&A...579A..20M,13
HD  33564,6250,4.0,-0.12,2013A&A...556A.150S,14
HD  33564,6394,4.15,,2003AJ....126.2048G,15
HD  33793,3550,,-0.89,2024A&A...691A..53S,1
HD  33793,3742,4.9235,0.0,2024A&A...683A.125P,2
HD  33793,3360,,-0.07,2021MNRAS.508.5148C,3
HD  33793,3722,4.71,-0.84,2023ApJS..266...41P,4
HD  33793,3671,5.007,-0.532,2021ApJS..255....8R,5
HD  33793,,,-1.0,2016ApJ...822...97H,6
HD  33793,4976,4.32,-0.082,2020ApJ...898..119R,7
HD  33793,3571,4.9,-0.4,2020A&A...644A..68M,8
HD  33793,3626,,-0.9,2019A&A...629A..80H,9
HD  33793,3698,4.81,-0.59,2019A&A...627A.138A,10
HD  33793,3695,,,2014MNRAS.443.2561G,11
HD  33793,3570,4.96,-0.99,2005MNRAS.356..963W,12
HD  33793,3524,4.87,-0.5,1976ApJ...210..402M,13
HD  33793,3722,4.71,-0.84,2012A&A...538A.143K,14
HD  33793,3524,4.87,-0.5,1976ApJ...210..402M,15
HD 349726,3550,4.8,,2020AJ....159...30H,1
HD 349726,3643,4.8,,2024A&A...687A.205M,2
HD 349726,3415,,-0.49,2021MNRAS.508.5148C,3
HD 349726,3500,4.88,,2022ApJ...927..122H,4
HD 349726,3641,4.959,-0.377,2021ApJS..255....8R,5
HD 349726,4995,4.34,-0.109,2020ApJ...898..119R,6
HD 349726,3548,,-0.75,2021A&A...656A.162M,7
HD 349726,3558,5.06,-0.67,2021A&A...656A.162M,8
HD 349726,3495,,-0.443,2018MNRAS.475.1960F,9
HD 349726,3526,4.96,-0.23,2019A&A...625A..68S,10
HD 349726,3507,4.82,-0.15,2019A&A...627A.161P,11
HD 349726,3544,4.81,-0.17,2019A&A...627A.161P,12
HD 349726,3518,4.8,-0.12,2019A&A...627A.161P,13
HD 349726,3500,5.0,,2018A&A...620A.180R,14
HD 349726,3535,4.94,-0.2,2018A&A...615A...6P,15
HD 349726,3543,,,2014MNRAS.443.2561G,16
HD 349726,3480,,-0.35,2014ApJ...791...54G,17
HD 349726,3484,,-0.33,2014ApJ...791...54G,18
HD 349726,3480,4.5,,2013AJ....145..102L,19
HD 349726,3494,,-0.35,2015ApJ...804...64M,20
HD 349726,,,-0.38,2014AJ....147...20N,21
HD  36003,4971,4.9,-0.21,2024A&A...683A.125P,1
HD  36003,4343,4.38,-0.5,2021MNRAS.505.4496G,2
HD  36003,4565,4.51,-0.07,2022A&A...663A...4S,3
HD  36003,4518,4.591,0.155,2021ApJS..255....8R,4
HD  36003,4647,-1.708,-0.2,2014A&A...566A..66G,5
HD  36003,4547,4.33,0.026,2020ApJ...898..119R,6
HD  36003,4558,4.13,-0.13,2020A&A...639A..35H,7
HD  36003,4345,4.59,-0.15,2018ApJS..238...29P,8
HD  36003,4536,4.6,0.1,2017AJ....153...21L,9
HD  36003,4545,4.6,-0.06,2018AJ....155..111L,10
HD  36003,4568,4.65,-0.13,2018A&A...614A..55A,11
HD  36003,4537,4.575,-0.35,2018A&A...615A..76S,12
HD  36003,4520,4.576,-0.19,2018A&A...615A..76S,13
HD  36003,4568,4.34,-0.13,2017A&A...606A..94D,14
HD  36003,4647,4.31,-0.2,2008A&A...487..373S,15
HD  36003,4609,,,2011A&A...530A.138C,16
HD  36003,4590,4.39,-0.08,2006AJ....131.3069L,17
HD  36003,4590,4.39,-0.08,2005AJ....129.1063L,18
HD  36003,4647,4.31,-0.2,2015A&A...576A..69D,19
HD  36003,4568,4.34,-0.13,2013A&A...555A.150T,20
HD  36003,4647,4.31,-0.2,2012A&A...545A..32A,21
HD  36003,4345,4.59,-0.15,2011A&A...531A.165P,22
HD  36003,4647,4.31,-0.2,2008A&A...487..373S,23
HD  36395,3750,3.5,,2023MNRAS.519.5472M,1
HD  36395,3771,4.36,0.21,2025A&A...698A..93J,2
HD  36395,3941,4.727,0.19,2025A&A...696A..62O,3
HD  36395,5287,,,2022AJ....163..152S,4
HD  36395,3905,4.67,,2024A&A...687A.205M,5
HD  36395,3755,,0.54,2021MNRAS.508.5148C,6
HD  36395,3813,,0.1,2024A&A...690A..58A,7
HD  36395,3875,4.624,0.1838,2022ApJS..259...35A,8
HD  36395,3883,4.628,0.1928,2022ApJS..259...35A,9
HD  36395,3768,4.74,,2023MNRAS.526.5648C,10
HD  36395,3634,3.83,-0.82,2021MNRAS.505.4496G,11
HD  36395,3698,5.23,0.34,2023ApJS..266...41P,12
HD  36395,3572,,0.04,2022A&A...658A.194P,13
HD  36395,3918,4.72,0.06,2022A&A...658A.194P,14
HD  36395,3980,4.7,0.09,2022A&A...658A.194P,15
HD  36395,3908,4.79,0.24,2022A&A...658A.194P,16
HD  36395,3878,4.76,0.21,2022A&A...658A.194P,17
HD  36395,3766,4.74,-0.22,2022A&A...658A.194P,18
HD  36395,3763,4.66,0.21,2022A&A...658A.194P,19
HD  36395,3527,,0.1,2022A&A...658A.194P,20
HD  36395,3801,4.7,0.29,2022A&A...658A.194P,21
HD  36395,3809,4.61,0.28,2022A&A...658A.194P,22
HD  36395,3801,4.7,0.2,2022A&A...658A.194P,23
HD  36395,3726,4.83,0.2,2022A&A...658A.194P,24
HD  36395,3801,4.7,0.18,2022A&A...658A.194P,25
HD  36395,3930,4.64,0.32,2022A&A...658A.194P,26
HD  36395,3849,4.69,0.397,2021ApJS..255....8R,27
HD  36395,3771,4.7,,2022MNRAS.516.3802C,28
HD  36395,4005,4.6948,,2021A&A...649A.147S,29
HD  36395,4873,4.13,-0.065,2020ApJ...898..119R,30
HD  36395,3814,,0.5,2020ApJ...892...31B,31
HD  36395,3811,4.57,,2020A&A...636A..85S,32
HD  36395,3833,,0.02,2021A&A...656A.162M,33
HD  36395,3850,4.71,0.05,2021A&A...656A.162M,34
HD  36395,3948,4.7217,0.201,2020AJ....160..120J,35
HD  36395,3956,4.7272,0.204,2020AJ....160..120J,36
HD  36395,3799,4.68,0.0,2020A&A...644A..68M,37
HD  36395,3820,4.67,0.29,2022ApJ...927..123S,38
HD  36395,3734,,0.19,2019ApJ...878..134K,39
HD  36395,3698,5.23,0.34,2019ApJ...878..134K,40
HD  36395,3575,4.91,0.09,2019ApJ...878..134K,41
HD  36395,3964,,0.526,2018MNRAS.475.1960F,42
HD  36395,3787,,0.19,2019A&A...629A..80H,43
HD  36395,3612,4.86,-0.11,2019A&A...627A.138A,44
HD  36395,3670,4.7,0.0,2018ApJS..238...29P,45
HD  36395,3891,4.64,0.23,2019A&A...625A..68S,46
HD  36395,3865,4.64,0.46,2019A&A...627A.161P,47
HD  36395,3865,4.65,0.65,2019A&A...627A.161P,48
HD  36395,3912,4.64,0.57,2019A&A...627A.161P,49
HD  36395,3700,5.5,,2018A&A...620A.180R,50
HD  36395,3894,4.64,0.25,2018A&A...615A...6P,51
HD  36395,3701,,,2014MNRAS.443.2561G,52
HD  36395,3801,,,2012ApJ...757..112B,53
HD  36395,3760,4.71,0.21,2005MNRAS.356..963W,54
HD  36395,3737,,,1996A&AS..117..227A,55
HD  36395,3732,,,2005ApJ...626..446R,56
HD  36395,3626,4.8,0.6,1978ApJ...226..923M,57
HD  36395,3895,,0.43,2014ApJ...791...54G,58
HD  36395,3801,,0.49,2015ApJ...804...64M,59
HD  36395,4012,,0.35,2012ApJ...748...93R,60
HD  36395,3670,4.7,0.0,2011A&A...531A.165P,61
HD  36395,3626,4.8,0.6,2009A&A...508.1313F,62
HD  36395,3737,4.9,-1.5,2007MNRAS.374..664C,63
HD  36395,3742,4.71,0.21,2008A&A...480...91S,64
HD  36395,3626,4.8,0.6,1978ApJ...226..923M,65
HD  37394,5250,4.0,,2023MNRAS.519.5472M,1
HD  37394,4965,3.137,0.0137,2022ApJS..259...35A,2
HD  37394,5206,4.55,0.02,2021MNRAS.505.4496G,3
HD  37394,5226,4.52,0.1,2022A&A...663A...4S,4
HD  37394,5290,4.4,0.09,2019MNRAS.485.4375D,5
HD  37394,5255,4.547,0.159,2021ApJS..255....8R,6
HD  37394,5360,4.6,0.21,2021AJ....161..134H,7
HD  37394,5296,4.5,0.09,2015MNRAS.454.1585M,8
HD  37394,5243,4.53,0.08,2017AJ....153...21L,9
HD  37394,5251,4.54,0.1,2018A&A...614A..55A,10
HD  37394,5292,4.38,0.04,2018MNRAS.479.1332M,11
HD  37394,5351,4.6,0.19,2005ApJS..159..141V,12
HD  37394,5296,4.5,0.09,2012A&A...547A.106M,13
HD  37394,5296,4.5,0.09,2008A&A...489..923M,14
HD  37394,5295,4.42,0.08,2002NewA....7..211G,15
HD  37394,5293,4.5,0.04,2005A&A...442..635B,16
HD  37394,5251,4.53,0.12,2008MNRAS.384..173F,17
HD  37394,5240,4.57,0.12,2007A&A...465..271R,18
HD  37394,5240,4.39,0.12,2006AJ....131.3069L,19
HD  37394,5240,4.39,0.12,2005AJ....129.1063L,20
HD  37394,5218,,,2011A&A...530A.138C,21
HD  37394,5216,,,1998A&A...339..858D,22
HD  37394,5196,4.5,-0.2,1983A&A...128..347P,23
HD  37394,5185,,,1996A&AS..117..227A,24
HD  37394,5179,,,1998A&AS..129..505B,25
HD  37394,5158,,,2005ApJ...626..446R,26
HD  37394,5150,4.58,0.14,2004A&A...420..183A,27
HD  37394,5145,4.58,0.09,2006ApJ...652.1604B,28
HD  37394,5114,,,2009A&A...497..497G,29
HD  37394,5249,4.5,0.14,2016ApJS..225...32B,30
HD  37394,5156,4.48,0.22,2016A&A...587A...2B,31
HD  37394,5347,4.73,,2015A&A...579A..20M,32
HD  37394,5296,4.5,0.09,2013A&A...552A.128M,33
HD  37394,5257,4.55,0.08,2013ApJ...764...78R,34
HD  37394,5257,4.55,0.08,2012ApJ...756...46R,35
HD  37394,5296,4.5,0.09,2012A&A...547A.106M,36
HD  37394,5264,4.48,,2003AJ....126.2048G,37
HD  37394,5150,4.58,7.66,2004A&A...420..183A,38
HD  37394,5279,4.6,0.2,2011A&A...531A.165P,39
HD  37394,5265,4.69,0.14,2012A&A...541A..40M,40
HD  37394,5196,4.5,-0.2,1983A&A...128..347P,41
HD  37394,5211,4.49,0.12,2008A&A...480...91S,42
HD  37394,5196,4.5,-0.2,1983A&A...128..347P,43
HD     38A,4065,4.71,0.19,2022A&A...663A...4S,1
HD     38A,4076,4.675,0.034,2021ApJS..255....8R,2
HD     38A,4649,4.28,-0.017,2020ApJ...898..119R,3
HD     38A,4065,4.71,0.19,2017AJ....153...21L,4
HD     38B,4028,4.72,0.17,2022A&A...663A...4S,1
HD     38B,4052,4.677,0.054,2021ApJS..255....8R,2
HD     38B,4748,4.55,-0.057,2020ApJ...898..119R,3
HD     38B,4028,4.72,0.17,2017AJ....153...21L,4
HD     38B,4055,4.64,0.11,2018A&A...615A...6P,5
HD  40307,4795,4.44,-0.34,2024A&A...691A..53S,1
HD  40307,4800,4.225,-0.37,2024A&A...683A.125P,2
HD  40307,4870,4.56,-0.31,2022A&A...663A...4S,3
HD  40307,4977,-1.7097,-0.31,2014A&A...566A..66G,4
HD  40307,,,-0.31,2020A&A...643A.106B,5
HD  40307,4774,4.42,-0.36,2019MNRAS.487.3162C,6
HD  40307,4956,4.63,,2016A&A...585A...5B,7
HD  40307,4867,4.63,-0.28,2018AJ....155..111L,8
HD  40307,4925,4.63,-0.35,2018A&A...614A..55A,9
HD  40307,4876,4.575,-0.36,2018A&A...615A..76S,10
HD  40307,4940,4.419,-0.26,2018A&A...615A..76S,11
HD  40307,4775,4.66,,2003AJ....125.1598L,12
HD  40307,4774,4.42,-0.36,2017A&A...606A..94D,13
HD  40307,4977,4.47,-0.31,2008A&A...487..373S,14
HD  40307,4925,4.57,-0.25,2001A&A...373.1019S,15
HD  40307,4886,,,2011A&A...530A.138C,16
HD  40307,4870,,,2006A&A...450..735M,17
HD  40307,4827,4.63,-0.28,2005ApJS..159..141V,18
HD  40307,4805,4.37,-0.3,2004A&A...415.1153S,19
HD  40307,4923,4.97,,2015A&A...579A..20M,20
HD  40307,4871,4.65,,2014MNRAS.442..220F,21
HD  40307,4774,4.42,-0.36,2013A&A...556A.150S,22
HD  40307,4774,4.42,-0.36,2013A&A...555A.150T,23
HD  40307,4977,4.47,-0.31,2012A&A...545A..32A,24
HD  40307,4956,4.21,-0.35,2010ApJ...720.1290G,25
HD  40307,4977,4.47,-0.31,2008A&A...487..373S,26
HD  42111,9162,,,2012A&A...537A.120Z,1
HD  42111,8717,,,2012A&A...542A.116A,2
HD  42111,8715,,,2006A&A...458..293P,3
HD  42581,3782,,-0.06,2024A&A...691A..53S,1
HD  42581,3779,4.28,-0.1,2025A&A...698A..93J,2
HD  42581,3857,4.68,,2024A&A...687A.205M,3
HD  42581,3433,,0.19,2021MNRAS.508.5148C,4
HD  42581,3738,,-0.07,2024A&A...690A..58A,5
HD  42581,3801,,-0.02,2024A&A...690A..58A,6
HD  42581,3751,,-0.05,2024A&A...690A..58A,7
HD  42581,3782,,-0.06,2024A&A...690A..58A,8
HD  42581,3796,,-0.07,2024A&A...690A..58A,9
HD  42581,3829,4.73,0.15,2021ApJS..255....8R,10
HD  42581,4899,4.19,-0.08,2020ApJ...898..119R,11
HD  42581,3813,,-0.19,2021A&A...656A.162M,12
HD  42581,3801,4.98,-0.05,2021A&A...656A.162M,13
HD  42581,3782,4.71,-0.06,2020A&A...644A..68M,14
HD  42581,3785,,-0.02,2020A&A...639A..35H,15
HD  42581,3635,,0.01,2019ApJ...878..134K,16
HD  42581,3730,5.01,-0.01,2019ApJ...878..134K,17
HD  42581,3728,5.01,0.0,2019ApJ...878..134K,18
HD  42581,3738,5.02,0.01,2019ApJ...878..134K,19
HD  42581,3722,4.99,-0.12,2019ApJ...878..134K,20
HD  42581,3728,5.01,-0.01,2019ApJ...878..134K,21
HD  42581,3752,5.07,-0.2,2019ApJ...878..134K,22
HD  42581,3730,5.0,-0.01,2019ApJ...878..134K,23
HD  42581,3720,4.99,-0.04,2019ApJ...878..134K,24
HD  42581,3726,5.0,-0.02,2019ApJ...878..134K,25
HD  42581,3760,5.08,-0.21,2019ApJ...878..134K,26
HD  42581,3731,5.01,-0.01,2019ApJ...878..134K,27
HD  42581,3737,5.02,0.02,2019ApJ...878..134K,28
HD  42581,3728,5.0,-0.01,2019ApJ...878..134K,29
HD  42581,3799,,0.222,2018MNRAS.475.1960F,30
HD  42581,3812,,-0.05,2019A&A...629A..80H,31
HD  42581,3837,4.7,0.07,2019A&A...625A..68S,32
HD  42581,3820,4.68,0.29,2019A&A...627A.161P,33
HD  42581,3793,4.68,0.47,2019A&A...627A.161P,34
HD  42581,3842,4.68,0.34,2019A&A...627A.161P,35
HD  42581,3600,-1.271,0.02,2019AJ....157...63K,36
HD  42581,3700,5.5,,2018A&A...620A.180R,37
HD  42581,3822,4.71,0.06,2018A&A...615A...6P,38
HD  42581,3790,,0.02,2014MNRAS.443.2561G,39
HD  42581,3814,,,1996A&AS..117..227A,40
HD  42581,3796,,0.12,2014ApJ...791...54G,41
HD  42581,3700,5.0,,2013A&A...556A..15R,42
HD   4628,5829,,,2022AJ....163..152S,1
HD   4628,4958,4.408,-0.37,2024A&A...683A.125P,2
HD   4628,5093,4.64,-0.26,2024A&A...682A.145S,3
HD   4628,4960,4.584,-0.2762,2022ApJS..259...35A,4
HD   4628,4845,4.65,-0.56,2021MNRAS.505.4496G,5
HD   4628,5007,4.62,-0.26,2022A&A...663A...4S,6
HD   4628,4997,4.602,-0.235,2021ApJS..255....8R,7
HD   4628,4960,4.7,-0.23,2021AJ....161..134H,8
HD   4628,4976,4.51,-0.2,2015A&A...573A..67P,9
HD   4628,4905,4.6,-0.36,2015MNRAS.454.1585M,10
HD   4628,4962,4.433,-0.338,2019A&A...629A..80H,11
HD   4628,5044,4.61,-0.21,2017AJ....153...21L,12
HD   4628,5035,4.6,-0.27,2018AJ....155..111L,13
HD   4628,5035,4.61,-0.28,2018A&A...614A..55A,14
HD   4628,4916,4.6,,2003AJ....125.1598L,15
HD   4628,5150,4.6,-0.21,2003AJ....126.2015H,16
HD   4628,5150,4.7,-0.22,2006AJ....131.3069L,17
HD   4628,5150,4.7,-0.22,2005AJ....129.1063L,18
HD   4628,5111,,,2011A&A...530A.138C,19
HD   4628,5080,4.59,-0.3,2005A&A...433..647A,20
HD   4628,5009,4.62,-0.24,2005PASJ...57...27T,21
HD   4628,4980,4.65,-0.25,2004A&A...420..183A,22
HD   4628,4950,,,2012ApJ...757..112B,23
HD   4628,4947,4.64,-0.35,2007A&A...465..271R,24
HD   4628,4944,4.51,-0.27,2005ApJS..159..141V,25
HD   4628,4941,4.6,-0.29,1989A&A...218L...9C,26
HD   4628,4941,4.6,-0.29,1989A&A...218...29C,27
HD   4628,4910,4.8,-0.27,1998MNRAS.299..753Z,28
HD   4628,4905,4.6,-0.36,2008A&A...489..923M,29
HD   4628,4905,4.6,-0.21,2012A&A...547A.106M,30
HD   4628,4881,4.65,-0.3,2006ApJ...652.1604B,31
HD   4628,4937,4.54,-0.25,2016ApJS..225...32B,32
HD   4628,4850,4.3,-0.32,2016A&A...587A...2B,33
HD   4628,4888,4.45,-0.24,2016A&A...587A...2B,34
HD   4628,5035,4.82,,2015A&A...579A..20M,35
HD   4628,4905,4.6,-0.36,2013A&A...552A.128M,36
HD   4628,5015,4.6,-0.31,2013ApJ...764...78R,37
HD   4628,5015,4.6,-0.31,2012ApJ...756...46R,38
HD   4628,4905,4.6,-0.21,2012A&A...547A.106M,39
HD   4628,4998,4.66,,2003AJ....126.2048G,40
HD   4628,4980,4.65,7.24,2004A&A...420..183A,41
HD   4628,5012,4.68,-0.25,2011AJ....141...90L,42
HD   4628,5012,4.62,-0.34,2011AJ....141...90L,43
HD   4628,5055,4.33,-0.29,2010ApJ...720.1290G,44
HD   4628,4964,4.65,-0.23,2011A&A...531A.165P,45
HD   4628,5014,4.67,-0.24,2012A&A...541A..40M,46
HD   4628,5009,4.62,-0.24,2007PASJ...59..335T,47
HD   4628,4960,4.6,-0.29,2009A&A...508.1313F,48
HD   4628,4941,4.6,-0.29,1989A&A...218L...9C,49
HD   4628,4960,4.6,-0.29,2007MNRAS.374..664C,50
HD   4628,5040,4.64,-0.25,2008A&A...480...91S,51
HD   4628,4941,4.6,-0.29,1989A&A...218L...9C,52
HD  50281,4767,4.73,-0.01,2024A&A...690A..97C,1
HD  50281,5613,4.81,-0.18,2024A&A...683A.125P,2
HD  50281,4510,3.75,-0.39,2021MNRAS.505.4496G,3
HD  50281,4767,4.54,0.02,2022A&A...663A...4S,4
HD  50281,4622,4.611,0.017,2021ApJS..255....8R,5
HD  50281,4712,3.9,-0.17,2020MNRAS.494.1724J,6
HD  50281,4760,4.6,0.03,2021AJ....161..134H,7
HD  50281,4710,4.54,0.03,2022AJ....164..174H,8
HD  50281,4712,3.9,-0.2,2015MNRAS.454.1585M,9
HD  50281,4692,4.43,0.071,2020ApJ...898..119R,10
HD  50281,,,0.037,2020AJ....160...83S,11
HD  50281,4639,4.61,,2020AJ....160...83S,12
HD  50281,4201,4.51,,2020AJ....160...83S,13
HD  50281,4757,4.695,,2019A&A...629A..80H,14
HD  50281,4708,4.64,0.09,2017AJ....153...21L,15
HD  50281,4773,4.64,0.05,2018A&A...614A..55A,16
HD  50281,4823,4.45,-0.15,2018MNRAS.479.1332M,17
HD  50281,5100,4.5,0.0,2003AJ....126.2015H,18
HD  50281,4820,4.4,0.06,2006AJ....131.3069L,19
HD  50281,4820,4.4,0.06,2005AJ....129.1063L,20
HD  50281,4790,4.75,0.07,2001A&A...373.1019S,21
HD  50281,4758,4.92,0.14,2005ApJS..159..141V,22
HD  50281,4712,,,2004A&A...427..933K,23
HD  50281,4712,,,2003A&A...411..559K,24
HD  50281,4712,3.9,-0.2,2004A&A...418..551M,25
HD  50281,4711,,,2011A&A...530A.138C,26
HD  50281,4700,,0.07,1997A&A...323..809F,27
HD  50281,4670,4.41,-0.15,2005A&A...442..635B,28
HD  50281,4658,4.32,-0.04,2004A&A...415.1153S,29
HD  50281,4632,4.64,,2013AJ....146..134K,30
HD  50281,4631,4.36,-0.03,2016A&A...587A...2B,31
HD  50281,4818,4.95,,2015A&A...579A..20M,32
HD  50281,4765,4.73,,2014MNRAS.442..220F,33
HD  50281,4712,3.9,-0.2,2013A&A...552A.128M,34
HD  50281,4572,4.65,,2003AJ....126.2048G,35
HD  50281,4806,4.2,-0.04,2011AJ....141...90L,36
HD  50281,4806,4.24,-0.01,2011AJ....141...90L,37
HD  50281,4712,3.9,-0.2,2011ARep...55..689M,38
HD  50281,,,-0.02,2012A&A...541A..40M,39
HD  50281,4700,,0.07,1997A&A...323..809F,40
HD  50281,4777,4.41,0.01,2008A&A...480...91S,41
HD  50281B,3626,4.825,0.098,2021ApJS..255....8R,1
HD  50281B,3566,4.81,-0.11,2020A&A...644A..68M,2
HD  50281B,3451,4.72,-0.09,2019ApJ...878..134K,3
HD  50281B,3892,,0.13,2014MNRAS.443.2561G,4
HD  50281B,,,-0.15,2005A&A...442..635B,5
HD  50281B,3663,,-0.04,2014ApJ...791...54G,6
HD  50281B,3551,,-0.09,2015ApJS..220...16T,7
HD  50281B,3834,,-0.13,2015ApJS..220...16T,8
HD  50281B,3565,,-0.14,2015ApJS..220...16T,9
HD  50281B,3481,,0.14,2015ApJ...804...64M,10
HD  50281B,,,-0.05,2014AJ....147...20N,11
HD  50281B,3569,,0.01,2012ApJ...748...93R,12
HD   5133,4932,4.353,-0.19,2024A&A...683A.125P,1
HD   5133,4982,4.65,-0.1,2022A&A...663A...4S,2
HD   5133,4953,4.52,-0.23,2022A&A...667A..63Z,3
HD   5133,,,-0.104,2020AJ....160...83S,4
HD   5133,4816,4.72,,2020AJ....160...83S,5
HD   5133,4860,4.596,,2020AJ....160...83S,6
HD   5133,4955,4.61,-0.11,2018A&A...614A..55A,7
HD   5133,4822,4.55,,2003AJ....125.1598L,8
HD   5133,5204,,,2006A&A...450..735M,9
HD   5133,5015,4.82,-0.08,2001A&A...373.1019S,10
HD   5133,5000,,-0.1,1997A&A...323..809F,11
HD   5133,4980,,,2011A&A...530A.138C,12
HD   5133,4968,4.8,-0.04,2005ApJS..159..141V,13
HD   5133,4961,,,2010A&A...512A..54C,14
HD   5133,4941,,,2009A&A...497..497G,15
HD   5133,4935,4.62,-0.14,2007A&A...465..271R,16
HD   5133,4911,4.49,-0.17,2004A&A...415.1153S,17
HD   5133,4898,4.63,-0.15,2004A&A...420..183A,18
HD   5133,4921,4.55,-0.06,2016ApJS..225...32B,19
HD   5133,4846,4.49,-0.05,2016A&A...587A...2B,20
HD   5133,4962,4.76,,2015A&A...579A..20M,21
HD   5133,4955,4.62,-0.11,2013ApJ...764...78R,22
HD   5133,4955,4.62,-0.11,2012ApJ...756...46R,23
HD   5133,4898,4.63,7.36,2004A&A...420..183A,24
HD   5133,,,-0.16,2012A&A...541A..40M,25
HD   5133,5000,,-0.1,1997A&A...323..809F,26
HD  61606,5000,4.0,,2023MNRAS.519.5472M,1
HD  61606,5561,4.66,0.1,2024A&A...690A..97C,2
HD  61606,4839,4.58,-0.27,2021MNRAS.505.4496G,3
HD  61606,4951,4.59,0.0,2022A&A...663A...4S,4
HD  61606,4925,4.584,0.033,2021ApJS..255....8R,5
HD  61606,4980,4.7,0.07,2021AJ....161..134H,6
HD  61606,4956,4.4,-0.12,2015MNRAS.454.1585M,7
HD  61606,,,-0.024,2020AJ....160...83S,8
HD  61606,,,-0.043,2020AJ....160...83S,9
HD  61606,4948,4.95,,2020AJ....160...83S,10
HD  61606,4753,5.0,,2020AJ....160...83S,11
HD  61606,4844,4.582,,2020AJ....160...83S,12
HD  61606,4895,4.583,,2020AJ....160...83S,13
HD  61606,4932,4.61,0.01,2017AJ....153...21L,14
HD  61606,4929,4.61,0.01,2018A&A...614A..55A,15
HD  61606,4918,4.36,-0.11,2018MNRAS.479.1332M,16
HD  61606,5200,4.5,0.03,2006PASP..118..706P,17
HD  61606,5012,4.63,0.09,2006ApJ...652.1604B,18
HD  61606,4964,4.71,0.07,2005ApJS..159..141V,19
HD  61606,4958,4.45,0.01,2005A&A...437.1127S,20
HD  61606,4956,,,2004A&A...427..933K,21
HD  61606,4956,,,2003A&A...411..559K,22
HD  61606,4956,4.4,-0.12,2004A&A...418..551M,23
HD  61606,4956,4.4,-0.12,2012A&A...547A.106M,24
HD  61606,4932,,,2011A&A...530A.138C,25
HD  61606,4930,4.4,0.03,2006AJ....131.3069L,26
HD  61606,4930,4.4,0.03,2005AJ....129.1063L,27
HD  61606,4911,4.62,0.03,2007A&A...465..271R,28
HD  61606,4889,4.62,0.04,2004A&A...420..183A,29
HD  61606,4833,4.85,-0.08,1998A&AS..129..237F,30
HD  61606,4833,4.55,0.07,2000A&A...363..692T,31
HD  61606,4917,4.53,0.08,2016ApJS..225...32B,32
HD  61606,4948,4.95,,2013AJ....146..134K,33
HD  61606,4828,4.48,-0.01,2016A&A...587A...2B,34
HD  61606,4839,4.48,0.11,2016A&A...587A...2B,35
HD  61606,4982,4.68,,2014MNRAS.442..220F,36
HD  61606,4956,4.4,-0.12,2013A&A...552A.128M,37
HD  61606,4937,4.6,0.0,2013ApJ...764...78R,38
HD  61606,4937,4.6,0.0,2012ApJ...756...46R,39
HD  61606,4956,4.4,-0.12,2012A&A...547A.106M,40
HD  61606,4908,4.51,,2003AJ....126.2048G,41
HD  61606,4889,4.62,7.55,2004A&A...420..183A,42
HD  61606,4895,4.6,-0.04,2011AJ....141...90L,43
HD  61606,4895,4.59,0.08,2011AJ....141...90L,44
HD  61606,4956,4.4,-0.12,2011ARep...55..689M,45
HD  61606,4890,4.67,0.05,2011A&A...531A.165P,46
HD  61606,4833,4.55,0.07,2000A&A...363..692T,47
HD  61606,4833,4.85,-0.08,1998A&AS..129..237F,48
HD  61606,4833,4.7,-0.15,2007MNRAS.374..664C,49
HD  61606,4957,4.58,-0.0,2008A&A...480...91S,50
HD  69830,5319,4.49,-0.09,2024A&A...690A..97C,1
HD  69830,5384,4.4,-0.05,2024A&A...691A..53S,2
HD  69830,5399,4.41,-0.03,2024A&A...690A.107S,3
HD  69830,5417,4.43,-0.07,2024A&A...683A.125P,4
HD  69830,5398,4.384,-0.05,2024A&A...683A.125P,5
HD  69830,5317,4.45,-0.03,2024A&A...682A.145S,6
HD  69830,5537,4.72,0.03,2021MNRAS.505.4496G,7
HD  69830,5390,4.39,-0.05,2016A&A...592A..87A,8
HD  69830,5402,4.45,-0.06,2023ApJS..266...41P,9
HD  69830,5423,4.5,-0.03,2022A&A...663A...4S,10
HD  69830,5420,4.49,0.012,2021ApJS..255....8R,11
HD  69830,5415,4.49,,2016MNRAS.456.1221R,12
HD  69830,5385,4.37,,2016MNRAS.456.1221R,13
HD  69830,5424,4.58,,2016MNRAS.456.1221R,14
HD  69830,5382,4.34,,2016MNRAS.456.1221R,15
HD  69830,5419,4.48,,2016MNRAS.456.1221R,16
HD  69830,5413,4.52,,2016MNRAS.456.1221R,17
HD  69830,5436,4.49,,2016MNRAS.456.1221R,18
HD  69830,5402,4.4,,2016MNRAS.456.1221R,19
HD  69830,5394,4.46,,2016MNRAS.456.1221R,20
HD  69830,5422,4.47,,2016MNRAS.456.1221R,21
HD  69830,5402,4.45,-0.06,2021A&A...655A..99D,22
HD  69830,,,-0.06,2020A&A...643A.106B,23
HD  69830,5402,4.45,-0.06,2020A&A...634A.136C,24
HD  69830,5423,4.42,-0.03,2019A&A...629A..80H,25
HD  69830,5443,4.53,-0.02,2017AJ....153...21L,26
HD  69830,5420,4.35,0.02,2019MNRAS.487.3162C,27
HD  69830,5401,4.47,,2016A&A...585A...5B,28
HD  69830,5438,4.52,-0.01,2018AJ....155..111L,29
HD  69830,5428,4.5,-0.03,2018A&A...614A..55A,30
HD  69830,5421,4.378,-0.05,2018A&A...615A..76S,31
HD  69830,5427,4.465,-0.04,2018A&A...615A..76S,32
HD  69830,5370,4.38,-0.07,2018A&A...614A..84S,33
HD  69830,5447,4.5,,2003AJ....125.1598L,34
HD  69830,5402,4.4,-0.06,2017A&A...606A..94D,35
HD  69830,5485,4.4,0.0,2006AJ....131.3069L,36
HD  69830,5485,4.4,0.0,2005AJ....129.1063L,37
HD  69830,5484,4.95,-0.03,1998A&AS..129..237F,38
HD  69830,5484,4.34,0.06,2000A&A...363..692T,39
HD  69830,5468,,,2011A&A...530A.138C,40
HD  69830,5460,4.55,-0.03,2014A&A...568A..25N,41
HD  69830,5458,,,2006A&A...450..735M,42
HD  69830,5455,4.56,0.0,2001A&A...373.1019S,43
HD  69830,5450,4.4,0.04,2003AJ....126.2015H,44
HD  69830,5442,4.54,-0.01,2005PASJ...57...27T,45
HD  69830,5413,4.52,-0.006,2010MNRAS.403.1368G,46
HD  69830,5412,4.54,-0.02,2004AN....325....3F,47
HD  69830,5410,4.38,-0.03,2004A&A...415.1153S,48
HD  69830,5402,4.4,-0.06,2008A&A...487..373S,49
HD  69830,5390,4.56,-0.07,2007A&A...465..271R,50
HD  69830,5385,4.37,-0.05,2006A&A...458..873S,51
HD  69830,5382,4.34,-0.018,2010MNRAS.403.1368G,52
HD  69830,5361,4.46,-0.06,2005ApJS..159..141V,53
HD  69830,5340,4.56,-0.05,2006ApJ...652.1604B,54
HD  69830,5331,4.57,-0.12,2004A&A...420..183A,55
HD  69830,5387,4.48,-0.06,2016ApJS..225...32B,56
HD  69830,5310,4.36,0.02,2016A&A...587A...2B,57
HD  69830,5450,4.62,,2015A&A...579A..20M,58
HD  69830,5356,4.52,,2014MNRAS.442..220F,59
HD  69830,5402,4.4,-0.06,2013A&A...556A.150S,60
HD  69830,5370,4.38,-0.07,2013A&A...555A.150T,61
HD  69830,5442,4.53,-0.02,2013ApJ...764...78R,62
HD  69830,5442,4.53,-0.02,2012ApJ...756...46R,63
HD  69830,5331,4.57,7.42,2004A&A...420..183A,64
HD  69830,5402,4.4,-0.06,2012A&A...545A..32A,65
HD  69830,5435,4.42,0.0,2010ApJ...720.1290G,66
HD  69830,5412,4.49,0.04,2011A&A...531A.165P,67
HD  69830,5400,4.57,0.0,2012A&A...541A..40M,68
HD  69830,5442,4.54,-0.01,2007PASJ...59..335T,69
HD  69830,5484,4.34,0.06,2000A&A...363..692T,70
HD  69830,5484,4.95,-0.03,1998A&AS..129..237F,71
HD  69830,5402,4.4,-0.06,2008A&A...487..373S,72
HD  69830,5484,4.64,-0.13,2007MNRAS.374..664C,73
HD  72673,5183,4.346,-0.49,2024A&A...683A.125P,1
HD  72673,5261,4.56,-0.39,2022A&A...663A...4S,2
HD  72673,5301,4.554,-0.305,2021ApJS..255....8R,3
HD  72673,5243,-1.7091,-0.41,2014A&A...566A..66G,4
HD  72673,5243,4.55,-0.41,2021A&A...655A..99D,5
HD  72673,5201,4.42,-0.38,2020A&A...639A..35H,6
HD  72673,5243,4.55,-0.41,2020A&A...634A.136C,7
HD  72673,5216,4.411,-0.415,2019A&A...629A..80H,8
HD  72673,5278,4.57,-0.4,2018AJ....155..111L,9
HD  72673,5266,4.55,-0.4,2018A&A...614A..55A,10
HD  72673,5571,4.75,-0.25,2018A&A...615A..76S,11
HD  72673,5391,4.695,-0.38,2018A&A...615A..76S,12
HD  72673,5250,4.492,-0.41,2018A&A...615A..76S,13
HD  72673,5272,4.61,,2003AJ....125.1598L,14
HD  72673,5243,4.46,-0.41,2017A&A...606A..94D,15
HD  72673,5300,,-0.34,1997A&A...323..809F,16
HD  72673,5290,4.68,-0.33,2001A&A...373.1019S,17
HD  72673,5282,,,2011A&A...530A.138C,18
HD  72673,5265,,,2006A&A...450..735M,19
HD  72673,5243,4.67,-0.37,2005ApJS..159..141V,20
HD  72673,5243,4.46,-0.41,2008A&A...487..373S,21
HD  72673,5242,4.5,-0.37,2004A&A...415.1153S,22
HD  72673,5210,4.63,-0.42,2004A&A...420..183A,23
HD  72673,5182,4.63,-0.45,2007A&A...465..271R,24
HD  72673,5213,4.57,-0.38,2016ApJS..225...32B,25
HD  72673,5083,4.29,-0.37,2016A&A...587A...2B,26
HD  72673,5273,4.68,,2015A&A...579A..20M,27
HD  72673,5225,4.61,,2014MNRAS.442..220F,28
HD  72673,5243,4.46,-0.41,2015A&A...576A..69D,29
HD  72673,5230,4.43,-0.43,2013A&A...555A.150T,30
HD  72673,5290,4.56,-0.36,2013ApJ...764...78R,31
HD  72673,5290,4.56,-0.36,2012ApJ...756...46R,32
HD  72673,5210,4.63,7.16,2004A&A...420..183A,33
HD  72673,5243,4.46,-0.41,2012A&A...545A..32A,34
HD  72673,,,-0.4,2012A&A...541A..40M,35
HD  72673,5300,,-0.34,1997A&A...323..809F,36
HD  72673,5243,4.46,-0.41,2008A&A...487..373S,37
HD  73598,4941,2.69,0.184,2025A&A...704A.220B,1
HD  73598,5006,2.84,0.2563,2024A&A...687A.239C,2
HD  73598,5035,2.963,0.18,2024A&A...683A.125P,3
HD  73598,4956,2.7,0.14,2022A&A...663A...4S,4
HD  73598,4980,2.79,,2020A&A...635A...8C,5
HD  73598,4900,2.7,0.11,2011A&A...535A..30C,6
HD  73710,4946,2.74,0.2183,2024A&A...687A.239C,1
HD  73710,5003,3.0,0.23,2024A&A...683A.125P,2
HD  73710,4906,2.54,0.23,2023ApJS..266...41P,3
HD  73710,4850,2.5,0.21,2022A&A...663A...4S,4
HD  73710,4914,2.7,,2020A&A...635A...8C,5
HD  73710,,,0.08,2018AJ....155..149B,6
HD  73710,4800,2.61,0.21,2011A&A...535A..30C,7
HD  73710,4906,2.54,0.23,2012A&A...538A.143K,8
HD  73710,4893,,-0.17,1964ApJ...140..858W,9
HD  74146,16678,4.3756,-0.0223,2023ApJS..266...11B,1
HD  74146,18110,,,1995A&AS..110..553S,2
HD  74146,14180,4.23,,2014A&A...562A.128S,3
HD  74196,14704,4.1472,-0.0245,2023ApJS..266...11B,1
HD  74196,13972,3.99,-0.47,2023A&A...676A.129H,2
HD  74196,14300,4.025,-0.258,2018A&A...612A..99R,3
HD  74196,13521,,,2012A&A...537A.120Z,4
HD  74560,16809,4.136,-0.0192,2023ApJS..266...11B,1
HD  74560,17279,4.07,-0.25,2023A&A...676A.129H,2
HD  74560,17000,4.002,0.579,2018A&A...612A..99R,3
HD  74560,21430,,,1995A&AS..110..553S,4
HD  74576,4990,4.366,-0.08,2024A&A...683A.125P,1
HD  74576,4992,4.6,0.01,2022A&A...663A...4S,2
HD  74576,,,0.031,2020AJ....160...83S,3
HD  74576,4919,4.82,,2020AJ....160...83S,4
HD  74576,4949,4.585,,2020AJ....160...83S,5
HD  74576,4929,4.403,-0.069,2019A&A...629A..80H,6
HD  74576,5005,4.61,-0.01,2018A&A...614A..55A,7
HD  74576,4925,4.57,,2003AJ....125.1598L,8
HD  74576,5080,4.86,0.04,2001A&A...373.1019S,9
HD  74576,5000,4.55,-0.03,2004A&A...415.1153S,10
HD  74576,4988,,,2006A&A...450..735M,11
HD  74576,4969,,,2011A&A...530A.138C,12
HD  74576,4930,4.62,0.1,2004A&A...420..183A,13
HD  74576,4901,4.48,0.08,2016A&A...587A...2B,14
HD  74576,5092,4.86,,2015A&A...579A..20M,15
HD  74576,5005,4.61,-0.01,2013ApJ...764...78R,16
HD  74576,5005,4.61,-0.01,2012ApJ...756...46R,17
HD  74576,4919,4.82,,2013AJ....146..134K,18
HD  74576,4930,4.62,7.61,2004A&A...420..183A,19
HD  74576,4915,4.48,-0.16,2012A&A...541A..40M,20
HD  77912,5021,2.06,0.05,2024MNRAS.534.3104Y,1
HD  77912,4993,2.02,0.25,2022A&A...663A...4S,2
HD  77912,4957,1.75,-0.14,2020MNRAS.494.1724J,3
HD  77912,5015,1.75,-0.05,2018ApJS..238...29P,4
HD  77912,5000,2.0,0.38,1990AJ.....99.1961F,5
HD  77912,4957,,,2007MNRAS.378..617K,6
HD  77912,4899,1.75,-0.14,2014ApJ...785...94L,7
HD  77912,4922,1.71,-0.13,2013AJ....146...73P,8
HD  77912,5001,2.03,0.12,2014AJ....147..137L,9
HD  77912,5000,2.0,0.38,1990AJ.....99.1961F,10
HD  77912,5000,2.0,0.38,1990AJ.....99.1961F,11
HD  79210,4000,4.0,,2023MNRAS.519.5472M,1
HD  79210,4000,4.69,-0.11,2025A&A...696A..62O,2
HD  79210,3950,4.8,,2020AJ....159...30H,3
HD  79210,4148,4.66,,2024A&A...687A.205M,4
HD  79210,3997,4.69,0.17,2024A&A...682A.145S,5
HD  79210,4041,4.629,-0.1434,2022ApJS..259...35A,6
HD  79210,4010,4.634,-0.1124,2022ApJS..259...35A,7
HD  79210,3859,,-0.19,2022A&A...658A.194P,8
HD  79210,4026,4.73,-0.19,2022A&A...658A.194P,9
HD  79210,4049,4.71,-0.13,2022A&A...658A.194P,10
HD  79210,4020,4.93,0.01,2022A&A...658A.194P,11
HD  79210,4034,4.98,0.04,2022A&A...658A.194P,12
HD  79210,4096,4.74,-0.37,2022A&A...658A.194P,13
HD  79210,4054,4.7,-0.07,2022A&A...658A.194P,14
HD  79210,3830,,-0.14,2022A&A...658A.194P,15
HD  79210,3954,4.69,0.12,2022A&A...658A.194P,16
HD  79210,4076,4.62,0.11,2022A&A...658A.194P,17
HD  79210,3954,4.69,-0.08,2022A&A...658A.194P,18
HD  79210,3901,4.85,0.03,2022A&A...658A.194P,19
HD  79210,3954,4.69,-0.11,2022A&A...658A.194P,20
HD  79210,4045,4.69,0.0,2022A&A...658A.194P,21
HD  79210,4089,4.68,-0.029,2021ApJS..255....8R,22
HD  79210,4001,4.7074,,2021A&A...649A.147S,23
HD  79210,4859,4.24,-0.032,2020ApJ...898..119R,24
HD  79210,3899,,-0.02,2020ApJ...892...31B,25
HD  79210,4004,,-0.35,2021A&A...656A.162M,26
HD  79210,4015,4.91,-0.19,2021A&A...656A.162M,27
HD  79210,4076,4.7306,-0.127,2020AJ....160..120J,28
HD  79210,4048,4.7666,-0.089,2020AJ....160..120J,29
HD  79210,3931,4.66,0.02,2022ApJ...927..123S,30
HD  79210,3920,,0.374,2018MNRAS.475.1960F,31
HD  79210,4024,4.68,-0.05,2019A&A...625A..68S,32
HD  79210,4015,4.67,0.2,2019A&A...627A.161P,33
HD  79210,3913,4.67,0.29,2019A&A...627A.161P,34
HD  79210,4007,4.67,0.2,2019A&A...627A.161P,35
HD  79210,3973,4.69,0.17,2017AJ....153...21L,36
HD  79210,4053,4.65,0.07,2018A&A...615A...6P,37
HD  79210,3991,,-0.26,2014MNRAS.443.2561G,38
HD  79210,3907,,,2012ApJ...757..112B,39
HD  79210,3829,4.04,-0.65,2016A&A...587A...2B,40
HD  79210,3920,,-0.01,2015ApJ...804...64M,41
HD  79210,4031,,-0.18,2012ApJ...748...93R,42
HD  79210,3868,4.61,-0.38,2009A&A...508.1313F,43
HD  79211,4005,4.68,-0.03,2024A&A...691A..53S,1
HD  79211,4029,4.711,-0.13,2025A&A...696A..62O,2
HD  79211,5374,,,2022AJ....163..152S,3
HD  79211,3950,4.8,,2020AJ....159...30H,4
HD  79211,4099,4.66,,2024A&A...687A.205M,5
HD  79211,4030,4.629,-0.1257,2022ApJS..259...35A,6
HD  79211,3944,4.77,,2023MNRAS.526.5648C,7
HD  79211,3753,4.12,-1.07,2021MNRAS.505.4496G,8
HD  79211,4054,4.765,-0.039,2019ApJ...879...69T,9
HD  79211,3816,,-0.18,2022A&A...658A.194P,10
HD  79211,4008,4.72,-0.15,2022A&A...658A.194P,11
HD  79211,4043,4.71,-0.13,2022A&A...658A.194P,12
HD  79211,3953,5.16,0.01,2022A&A...658A.194P,13
HD  79211,4006,4.95,0.04,2022A&A...658A.194P,14
HD  79211,3982,4.74,-0.29,2022A&A...658A.194P,15
HD  79211,4033,4.71,-0.11,2022A&A...658A.194P,16
HD  79211,3805,,-0.13,2022A&A...658A.194P,17
HD  79211,3891,4.71,0.15,2022A&A...658A.194P,18
HD  79211,4032,4.62,0.12,2022A&A...658A.194P,19
HD  79211,3891,4.71,-0.03,2022A&A...658A.194P,20
HD  79211,3891,5.25,0.11,2022A&A...658A.194P,21
HD  79211,3891,4.71,-0.14,2022A&A...658A.194P,22
HD  79211,4021,4.69,0.02,2022A&A...658A.194P,23
HD  79211,4050,4.703,-0.1,2021ApJS..255....8R,24
HD  79211,3952,4.71,,2022MNRAS.516.3802C,25
HD  79211,4014,4.6304,,2021A&A...649A.147S,26
HD  79211,4867,4.23,-0.038,2020ApJ...898..119R,27
HD  79211,3913,,-0.02,2020ApJ...892...31B,28
HD  79211,3997,,-0.33,2021A&A...656A.162M,29
HD  79211,3983,5.17,-0.06,2021A&A...656A.162M,30
HD  79211,4063,4.7382,-0.101,2020AJ....160..120J,31
HD  79211,3870,4.7,0.11,2022ApJ...927..123S,32
HD  79211,3937,,0.383,2018MNRAS.475.1960F,33
HD  79211,4005,4.68,-0.03,2019A&A...625A..68S,34
HD  79211,3991,4.67,0.21,2019A&A...627A.161P,35
HD  79211,3904,4.67,0.3,2019A&A...627A.161P,36
HD  79211,3980,4.67,0.21,2019A&A...627A.161P,37
HD  79211,3763,4.49,0.34,2017AJ....153...21L,38
HD  79211,3994,4.68,-0.03,2018A&A...615A...6P,39
HD  79211,3770,,,2014MNRAS.443.2561G,40
HD  79211,3867,,,2012ApJ...757..112B,41
HD  79211,3839,,-0.06,2014ApJ...791...54G,42
HD  79211,3869,,-0.15,2012ApJ...748...93R,43
HD  79211,3849,4.67,-0.64,2011A&A...531A.165P,44
HD  79211,3769,4.71,-0.4,2007MNRAS.374..664C,45
HD  82106,5000,4.0,,2023MNRAS.519.5472M,1
HD  82106,4907,4.72,-0.01,2024A&A...690A..97C,2
HD  82106,4817,4.89,-0.12,2024A&A...690A..97C,3
HD  82106,4861,4.59,-0.02,2025A&A...698A..93J,4
HD  82106,4731,4.84,-0.06,2025A&A...698A..93J,5
HD  82106,4729,4.134,-0.12,2024A&A...683A.125P,6
HD  82106,4836,4.54,0.01,2022A&A...663A...4S,7
HD  82106,4827,4.1,-0.06,2020MNRAS.494.1724J,8
HD  82106,4870,4.7,0.05,2021AJ....161..134H,9
HD  82106,4816,4.53,0.066,2020ApJ...898..119R,10
HD  82106,4861,4.59,-0.02,2020AJ....159..174T,11
HD  82106,,,0.003,2020AJ....160...83S,12
HD  82106,4731,4.84,,2020AJ....160...83S,13
HD  82106,4762,4.606,,2020AJ....160...83S,14
HD  82106,4726,4.45,-0.06,2019AJ....158..101M,15
HD  82106,4826,4.63,0.07,2017AJ....153...21L,16
HD  82106,4819,4.63,-0.01,2018AJ....155..111L,17
HD  82106,4798,4.59,0.04,2018A&A...614A..55A,18
HD  82106,4868,4.8,0.11,2005ApJS..159..141V,19
HD  82106,4845,4.35,0.05,2006AJ....131.3069L,20
HD  82106,4845,4.35,0.05,2005AJ....129.1063L,21
HD  82106,4827,,,2004A&A...427..933K,22
HD  82106,4827,,,2003A&A...411..559K,23
HD  82106,4827,4.1,-0.11,2004A&A...418..551M,24
HD  82106,4794,,,2011A&A...530A.138C,25
HD  82106,4725,4.38,-0.01,2016A&A...587A...2B,26
HD  82106,4740,4.39,-0.03,2016A&A...587A...2B,27
HD  82106,4863,4.86,,2015A&A...579A..20M,28
HD  82106,4919,4.69,,2014MNRAS.442..220F,29
HD  82106,4827,4.1,-0.11,2013A&A...552A.128M,30
HD  82106,4730,4.84,,2013AJ....146..134K,31
HD  82106,4709,4.62,,2003AJ....126.2048G,32
HD  82106,4858,4.5,-0.08,2012A&A...547A..13T,33
HD  82106,4827,4.1,-0.11,2011AJ....141...90L,34
HD  82106,4827,4.07,0.08,2011AJ....141...90L,35
HD  82106,4827,4.04,-0.05,2011AJ....141...90L,36
HD  82106,4827,4.1,-0.11,2011ARep...55..689M,37
HD  82106,4827,4.1,-0.11,2009A&A...508.1313F,38
HD  82106,4840,4.4,0.03,2008A&A...480...91S,39
HD  85512,4718,4.08,-0.4,2024A&A...691A..53S,1
HD  85512,4425,4.52,-0.24,2022A&A...663A...4S,2
HD  85512,4715,-1.7026,-0.32,2014A&A...566A..66G,3
HD  85512,,,-0.32,2020A&A...643A.106B,4
HD  85512,4530,4.67,,2016A&A...585A...5B,5
HD  85512,4411,4.62,-0.17,2018AJ....155..111L,6
HD  85512,4404,4.604,-0.28,2018A&A...615A..76S,7
HD  85512,4400,4.36,-0.26,2017A&A...606A..94D,8
HD  85512,4715,4.39,-0.32,2008A&A...487..373S,9
HD  85512,4505,4.71,-0.18,2005A&A...437.1127S,10
HD  85512,4455,,,2011A&A...530A.138C,11
HD  85512,4433,,,2006A&A...450..735M,12
HD  85512,4423,,,2010A&A...512A..54C,13
HD  85512,4391,,,2009A&A...497..497G,14
HD  85512,4400,4.36,-0.26,2013A&A...556A.150S,15
HD  85512,4400,4.36,-0.26,2013A&A...555A.150T,16
HD  85512,4715,4.39,-0.32,2012A&A...545A..32A,17
HD  85512,4715,4.39,-0.32,2008A&A...487..373S,18
HD  88230,4132,4.63,0.21,2024A&A...682A.145S,1
HD  88230,4203,4.609,0.0021,2022ApJS..259...35A,2
HD  88230,4175,4.607,0.0053,2022ApJS..259...35A,3
HD  88230,3895,4.05,-0.38,2021MNRAS.505.4496G,4
HD  88230,4097,4.64,0.21,2022A&A...663A...4S,5
HD  88230,4164,4.644,0.128,2019ApJ...879...69T,6
HD  88230,4199,4.66,-0.04,2021ApJS..255....8R,7
HD  88230,4006,,0.22,2020ApJ...892...31B,8
HD  88230,4256,4.6386,0.025,2020AJ....160..120J,9
HD  88230,4229,4.6182,0.023,2020AJ....160..120J,10
HD  88230,4172,,0.827,2018MNRAS.475.1960F,11
HD  88230,4086,4.68,-0.167,2019AJ....158..101M,12
HD  88230,4215,4.7,0.21,2017AJ....153...21L,13
HD  88230,4074,,0.24,2014MNRAS.443.2561G,14
HD  88230,4203,,,2012ApJ...757..112B,15
HD  88230,4085,,,2012ApJ...757..112B,16
HD  88230,4081,,,2012ApJ...757..112B,17
HD  88230,4060,,,2012ApJ...757..112B,18
HD  88230,4000,4.5,0.28,1977A&A....61...17O,19
HD  88230,3970,4.51,-0.03,2005MNRAS.356..963W,20
HD  88230,3950,,,2005ApJ...626..446R,21
HD  88230,3764,,,1996A&AS..117..227A,22
HD  88230,4043,4.02,-0.29,2016A&A...587A...2B,23
HD  88230,3954,,0.22,2015ApJS..220...16T,24
HD  88230,3855,,0.16,2015ApJS..220...16T,25
HD  88230,3893,,0.31,2015ApJS..220...16T,26
HD  88230,3980,5.0,,2013AJ....145..102L,27
HD  88230,4131,,0.24,2015ApJ...804...64M,28
HD  88230,3960,4.55,-0.05,2011A&A...531A.165P,29
HD  88230,4000,4.5,0.28,2009A&A...508.1313F,30
HD  88230,3861,4.68,-0.93,2007MNRAS.374..664C,31
HD  88230,3876,4.51,-0.03,2008A&A...480...91S,32
HD  88230,4000,4.5,0.28,1977A&A....61...17O,33
HD  92938,19000,3.48,,2018MNRAS.474.5287A,1
HD  93549,13300,3.8,-0.21,2021MNRAS.502.3670G,1
HD  93549,14125,,,2012A&A...537A.120Z,2
HD  95735,3529,,-0.26,2024A&A...691A..53S,1
HD  95735,,,-0.373,2025A&A...698A.289O,2
HD  95735,5368,,,2022AJ....163..152S,3
HD  95735,3600,4.8,,2020AJ....159...30H,4
HD  95735,3593,,-0.27,2025ApJ...978..154J,5
HD  95735,3775,4.76,,2024A&A...687A.205M,6
HD  95735,3518,,-0.32,2024A&A...690A..58A,7
HD  95735,3529,,-0.26,2024A&A...690A..58A,8
HD  95735,3681,4.695,-0.597,2022ApJS..259...35A,9
HD  95735,3679,4.711,-0.4906,2022ApJS..259...35A,10
HD  95735,3591,4.68,,2023MNRAS.526.5648C,11
HD  95735,3557,3.5,-1.02,2021MNRAS.505.4496G,12
HD  95735,3574,4.73,-0.93,2023ApJS..266...41P,13
HD  95735,3571,,-0.45,2022A&A...658A.194P,14
HD  95735,3652,4.81,-0.23,2022A&A...658A.194P,15
HD  95735,3719,4.72,-0.25,2022A&A...658A.194P,16
HD  95735,3357,4.46,-0.66,2022A&A...658A.194P,17
HD  95735,3346,4.34,-0.7,2022A&A...658A.194P,18
HD  95735,3619,4.85,-0.4,2022A&A...658A.194P,19
HD  95735,3597,4.73,0.02,2022A&A...658A.194P,20
HD  95735,3469,,-0.33,2022A&A...658A.194P,21
HD  95735,3555,4.81,0.15,2022A&A...658A.194P,22
HD  95735,3766,4.65,0.05,2022A&A...658A.194P,23
HD  95735,3555,4.81,-0.44,2022A&A...658A.194P,24
HD  95735,3550,5.03,-0.37,2022A&A...658A.194P,25
HD  95735,3555,4.81,-0.18,2022A&A...658A.194P,26
HD  95735,3555,4.8,-0.17,2022A&A...658A.194P,27
HD  95735,3719,4.895,-0.361,2021ApJS..255....8R,28
HD  95735,3589,4.74,,2022MNRAS.516.3802C,29
HD  95735,3714,4.8469,,2021A&A...649A.147S,30
HD  95735,5114,4.31,-0.091,2020ApJ...898..119R,31
HD  95735,3537,,-0.76,2021A&A...656A.162M,32
HD  95735,3557,4.95,-0.72,2021A&A...656A.162M,33
HD  95735,3765,5.1215,-0.635,2020AJ....160..120J,34
HD  95735,3761,5.1363,-0.631,2020AJ....160..120J,35
HD  95735,3517,4.89,-0.28,2020A&A...644A..68M,36
HD  95735,3579,4.81,-0.44,2022ApJ...927..123S,37
HD  95735,3561,,-0.438,2018MNRAS.475.1960F,38
HD  95735,3601,4.87,-0.09,2019A&A...625A..68S,39
HD  95735,3570,4.75,0.0,2019A&A...627A.161P,40
HD  95735,3603,4.79,-0.21,2019A&A...627A.161P,41
HD  95735,3569,4.75,-0.01,2019A&A...627A.161P,42
HD  95735,3400,-1.704,-0.38,2019AJ....157...63K,43
HD  95735,3700,5.5,,2018A&A...620A.180R,44
HD  95735,3598,4.87,-0.09,2018A&A...615A...6P,45
HD  95735,3593,,,2014MNRAS.443.2561G,46
HD  95735,3837,,,2005ApJ...626..446R,47
HD  95735,3828,,,1996A&AS..117..227A,48
HD  95735,3620,4.9,-0.2,1998MNRAS.299..753Z,49
HD  95735,3510,4.82,-0.42,2005MNRAS.356..963W,50
HD  95735,3465,,,2012ApJ...757..112B,51
HD  95735,3464,,,2012ApJ...757..112B,52
HD  95735,3460,,,2012ApJ...757..112B,53
HD  95735,3457,,,2012ApJ...757..112B,54
HD  95735,3429,4.8,-0.2,1978ApJ...226..923M,55
HD  95735,3679,,-0.3,2014ApJ...791...54G,56
HD  95735,3530,4.5,,2013AJ....145..102L,57
HD  95735,3563,,-0.38,2015ApJ...804...64M,58
HD  95735,3526,,-0.41,2012ApJ...748...93R,59
HD  95735,3550,4.82,-0.4,2011A&A...531A.165P,60
HD  95735,3574,4.73,-0.93,2012A&A...538A.143K,61
HD  95735,3620,4.9,-0.2,2009A&A...508.1313F,62
HD  95735,3828,4.9,-0.2,2007MNRAS.374..664C,63
HD  95735,3713,4.86,-0.31,2008A&A...480...91S,64
HD  95735,3429,4.8,-0.2,1978ApJ...226..923M,65
HD  97101,4120,4.65,0.24,2024A&A...691A..53S,1
HD  97101,4189,4.67,0.65,2022A&A...663A...4S,2
HD  97101,4205,4.625,0.243,2021ApJS..255....8R,3
HD  97101,4340,4.9,-0.2,2016ApJ...822...97H,4
HD  97101,4195,,-0.07,2021A&A...656A.162M,5
HD  97101,4211,4.98,0.04,2021A&A...656A.162M,6
HD  97101,4189,4.67,0.65,2017AJ....153...21L,7
HD  97101B,3650,4.8,,2020AJ....159...30H,1
HD  97101B,3781,4.7,,2024A&A...687A.205M,2
HD  97101B,3700,4.69,,2022ApJ...927..122H,3
HD  97101B,3826,4.729,0.167,2021ApJS..255....8R,4
HD  97101B,3730,,-0.13,2021A&A...656A.162M,5
HD  97101B,3730,4.78,-0.09,2021A&A...656A.162M,6
HD  97101B,3668,4.75,-0.07,2020A&A...644A..68M,7
HD  97101B,3770,,0.255,2018MNRAS.475.1960F,8
HD  97101B,3753,4.71,0.13,2019A&A...625A..68S,9
HD  97101B,3773,4.65,0.39,2019A&A...627A.161P,10
HD  97101B,3882,4.64,0.55,2019A&A...627A.161P,11
HD  97101B,3815,4.65,0.47,2019A&A...627A.161P,12
HD  97101B,3500,5.5,,2018A&A...620A.180R,13
HD  97101B,3753,4.7,0.14,2018A&A...615A...6P,14
HD  97101B,3678,,,2014MNRAS.443.2561G,15
HD  97101B,3783,,,1996A&AS..117..227A,16
HD  97101B,3610,4.65,0.02,2005MNRAS.356..963W,17
HD  97101B,3520,4.5,,2013AJ....145..102L,18
HD  98712A,4413,3.528,-0.46,2024A&A...683A.125P,1
HD  98712B,4400,4.8,-0.25,2016ApJ...822...97H,1
HD  98712B,4022,,0.48,2014MNRAS.443.2561G,2
HD  99279A,4375,,0.13,1997A&A...323..809F,1
HD  99279A,4422,4.61,,2014MNRAS.442..220F,2
HD  99279A,4375,,0.13,1997A&A...323..809F,3
L  100-115,3123,,,2014MNRAS.443.2561G,1
L  100-115,5709,3.72,,2014MNRAS.442..220F,2
L  100-115,3100,5.0,,2013A&A...556A..15R,3
L  115-21,3552,,,2014MNRAS.443.2561G,1
L  115-22,3800,4.5,,2020AJ....160...83S,1
L  115-22,3643,5.069,,2020AJ....160...83S,2
L  115-22,3670,,,2014MNRAS.443.2561G,3
L  115-22,3599,0.52,,2013AJ....146..134K,4
L  119-21,3348,,-0.14,2021MNRAS.508.5148C,1
L  119-21,3075,3.783,,2019A&A...629A..80H,2
L  127-97,3455,4.8491,0.0,2024A&A...683A.125P,1
L  127-97,3400,1.0,,2020AJ....160...83S,2
L  127-97,3566,4.674,,2020AJ....160...83S,3
L  127-97,3390,,-0.2,2019ApJ...878..134K,4
L  127-97,3470,,,2014MNRAS.443.2561G,5
L  136-37,5515,3.85,-0.251,2022AJ....163..152S,1
L  136-37,3402,4.662,,2022ApJS..259...35A,2
L  136-37,3506,4.7643,-0.589,2020AJ....160..120J,3
L  136-37,3200,1.0,,2020AJ....160...83S,4
L  136-37,3709,4.675,,2020AJ....160...83S,5
L  136-37,3356,,,2014MNRAS.443.2561G,6
L  136-37,3200,1.0,,2013AJ....146..134K,7
L  140-289,3147,,,2014MNRAS.443.2561G,1
L  143-23,3297,5.1,,2020A&A...644A..68M,1
L  143-23,3000,5.0,,2013A&A...556A..15R,2
L  167-14,3095,,,2014MNRAS.443.2561G,1
L  173-19,3200,1.0,,2020AJ....160...83S,1
L  173-19,3200,1.0,,2013AJ....146..134K,2
L  174-28,3200,1.0,,2020AJ....160...83S,1
L  174-28,3482,,,2014MNRAS.443.2561G,2
L  174-28,3200,1.0,,2013AJ....146..134K,3
L  186-67,3200,1.0,,2020AJ....160...83S,1
L  186-67,3248,,,2014MNRAS.443.2561G,2
L  186-67,3200,1.0,,2013AJ....146..134K,3
L  194-11,3249,,,2014MNRAS.443.2561G,1
L  205-128,3386,4.935,0.0,2024A&A...683A.125P,1
L  205-128,4011,,0.45,2021MNRAS.508.5148C,2
L  205-128,3391,4.97,-0.18,2020A&A...644A..68M,3
L  205-128,3457,,-0.275,2020A&A...639A..35H,4
L  205-128,3386,,,2014MNRAS.443.2561G,5
L  207-41,3256,,,2014MNRAS.443.2561G,1
L  211-59,4293,1.85,,2020AJ....160...83S,1
L  211-59,3279,,,2014MNRAS.443.2561G,2
L  211-59,4293,1.85,,2013AJ....146..134K,3
L   21-3,3600,4.5,,2020AJ....160...83S,1
L   21-3,3200,0.5,,2020AJ....160...83S,2
L   21-3,3600,4.46,,2020AJ....160...83S,3
L   21-3,3749,4.525,,2020AJ....160...83S,4
L   21-3,3462,,,2014MNRAS.443.2561G,5
L   21-3,3200,0.5,,2013AJ....146..134K,6
L  217-28,3200,1.0,,2020AJ....160...83S,1
L  217-28,3672,4.494,,2020AJ....160...83S,2
L  217-28,3306,,-0.13,2019ApJ...878..134K,3
L  217-28,3405,,,2014MNRAS.443.2561G,4
L  217-28,3200,1.0,,2013AJ....146..134K,5
L   22-69,3312,,0.0,2024A&A...691A..53S,1
L   22-69,3282,4.97,-0.04,2021MNRAS.504.5788R,2
L   22-69,3403,,,2014MNRAS.443.2561G,3
L  228-92,4500,2.0,,2020AJ....160...83S,1
L  228-92,3100,5.0,,2013A&A...556A..15R,2
L  228-92,4500,2.0,,2013AJ....146..134K,3
L  230-188,3294,5.18,-0.37,2020A&A...644A..68M,1
L   23-30,3436,4.93,-0.19,2020A&A...644A..68M,1
L   23-30,3600,5.0,,2020AJ....160...83S,2
L   23-30,3704,4.947,,2020AJ....160...83S,3
L   23-30,3373,,-0.15,2019ApJ...878..134K,4
L   23-30,3561,,-0.06,2019A&A...629A..80H,5
L   23-30,3431,,,2014MNRAS.443.2561G,6
L   23-30,3600,5.0,,2013AJ....146..134K,7
L  266-69,3283,,,2014MNRAS.443.2561G,1
L  273-106,3415,,-0.49,2021MNRAS.508.5148C,1
L  273-106,3093,,,2014MNRAS.443.2561G,2
L  294-112,3449,4.13,,2020AJ....160...83S,1
L  294-112,3100,5.0,,2013A&A...556A..15R,2
L  294-112,3449,4.13,,2013AJ....146..134K,3
L  308-57,3200,1.0,,2020AJ....160...83S,1
L  308-57,3200,1.0,,2013AJ....146..134K,2
L  320-124,3270,5.06,-0.12,2024A&A...691A..53S,1
L  320-124,3200,1.0,,2020AJ....160...83S,2
L  320-124,3200,1.0,,2013AJ....146..134K,3
L   32-8,3350,4.8925,0.0,2024A&A...683A.125P,1
L   32-8,3643,,-0.36,2021MNRAS.508.5148C,2
L   32-8,3450,4.87,-0.07,2020A&A...644A..68M,3
L   32-8,3350,,-0.06,2019ApJ...878..134K,4
L   32-8,3302,,,2014MNRAS.443.2561G,5
L   32-9,3461,4.8039,0.0,2024A&A...683A.125P,1
L   32-9,3897,,-0.12,2021MNRAS.508.5148C,2
L   32-9,3450,4.87,-0.07,2020A&A...644A..68M,3
L   32-9,3350,,-0.06,2019ApJ...878..134K,4
L   32-9,3605,,,2014MNRAS.443.2561G,5
L   34-26,3552,4.91,,2026AJ....171...60K,1
L   34-26,3200,1.0,,2020AJ....160...83S,2
L   34-26,4081,4.463,,2020AJ....160...83S,3
L   34-26,2439,,0.0,2019A&A...629A..80H,4
L   34-26,3406,,,2014MNRAS.443.2561G,5
L   34-26,3200,1.0,,2013AJ....146..134K,6
L   34-26 B,493,4.17,,2026AJ....171...60K,1
L  347-14,3158,5.0433,0.0,2024A&A...683A.125P,1
L  347-14,3531,,-0.12,2021MNRAS.508.5148C,2
L  347-14,3263,5.17,-0.16,2020A&A...644A..68M,3
L  347-14,3096,,-0.11,2019ApJ...878..134K,4
L   35-12,3349,4.94,0.07,2020A&A...644A..68M,1
L   35-12,3120,,,2014MNRAS.443.2561G,2
L   35-12,3100,5.0,,2013A&A...556A..15R,3
L  362-29,3281,4.9502,0.0,2024A&A...683A.125P,1
L  362-29,3167,,-0.06,2019ApJ...878..134K,2
L  362-29,3351,,,2014MNRAS.443.2561G,3
L  363-38,3129,4.97,,2024A&A...691A..53S,1
L  363-38,3304,5.09,-0.16,2020A&A...644A..68M,2
L  363-38,4500,4.5,,2020AJ....160...83S,3
L  363-38,3218,,,2014MNRAS.443.2561G,4
L  363-38,4500,4.5,,2013AJ....146..134K,5
L  372-58,2953,,-0.08,2024A&A...691A..53S,1
L  372-58,2905,5.1586,0.0,2024A&A...683A.125P,2
L  372-58,2934,,-0.08,2020A&A...639A..35H,3
L  372-58,2999,,,2014MNRAS.443.2561G,4
L  380-8,3400,5.0,,2020AJ....160...83S,1
L  380-8,3449,4.542,,2020AJ....160...83S,2
L  380-8,3369,,,2014MNRAS.443.2561G,3
L  380-8,3400,5.0,,2013AJ....146..134K,4
L  387-102,3477,,-0.06,2021MNRAS.508.5148C,1
L  387-102,3317,,,2014MNRAS.443.2561G,2
L  399-68,3341,5.0293,0.0,2024A&A...683A.125P,1
L  399-68,3324,,-0.01,2021MNRAS.508.5148C,2
L  399-68,3373,,-0.54,2024A&A...690A..58A,3
L  399-68,3353,5.06,-0.3,2020A&A...644A..68M,4
L  399-68,3309,,,2014MNRAS.443.2561G,5
L  403-34,3191,,,2014MNRAS.443.2561G,1
L  425-35,3173,,,2014MNRAS.443.2561G,1
L  465-84,3203,,,2014MNRAS.443.2561G,1
L  471-42,3257,5.08,-0.31,2020A&A...644A..68M,1
L  471-42,3165,,-0.28,2019ApJ...878..134K,2
L  471-42,3058,,,2014MNRAS.443.2561G,3
L  473-1,3357,,,2014MNRAS.443.2561G,1
L  480-69,3103,,,2014MNRAS.443.2561G,1
L  489-58,3207,,-0.01,2014MNRAS.443.2561G,1
L   49-19,3447,4.8054,0.0,2024A&A...683A.125P,1
L   49-19,3832,,0.13,2021MNRAS.508.5148C,2
L   49-19,3434,4.88,-0.05,2020A&A...644A..68M,3
L   49-19,3569,,,2014MNRAS.443.2561G,4
L  499-56,6237,4.9,0.31,2024A&A...683A.125P,1
L  499-56,3700,,-0.13,2021MNRAS.508.5148C,2
L  499-56,3323,5.07,-0.18,2020A&A...644A..68M,3
L  499-56,3293,,-0.089,2018MNRAS.475.1960F,4
L  499-56,3434,,-0.05,2019A&A...629A..80H,5
L  499-56,3425,,,2014MNRAS.443.2561G,6
L  513-23,3458,4.9297,0.0,2024A&A...683A.125P,1
L  513-23,3486,,-0.42,2019ApJ...878..134K,2
L  513-23,3400,,,2014MNRAS.443.2561G,3
L  570-29,3340,,0.01,2014MNRAS.443.2561G,1
L  611-67,3126,4.69,-0.2,2019ApJ...878..134K,1
L  617-35,3250,5.2,,2020AJ....159...30H,1
L  617-35,3250,4.91,,2022ApJ...927..122H,2
L  617-35,3800,5.0,,2020AJ....160...83S,3
L  617-35,3486,4.904,,2020AJ....160...83S,4
L  617-35,3170,4.71,-0.11,2019ApJ...878..134K,5
L  617-35,3157,,,2018MNRAS.475.1960F,6
L  617-35,3320,,-0.21,2014MNRAS.443.2561G,7
L  623-94,3300,5.2,,2020AJ....159...30H,1
L  623-94,3250,5.03,,2022ApJ...927..122H,2
L  645-73,3200,0.52,,2020AJ....160...83S,1
L  645-73,3720,4.681,,2020AJ....160...83S,2
L  645-73,3200,0.52,,2013AJ....146..134K,3
L  645-74,3562,,-0.12,2014MNRAS.443.2561G,1
L  674-15,3284,4.9,,2024A&A...687A.205M,1
L  674-15,4031,,0.31,2021MNRAS.508.5148C,2
L  674-15,3106,,0.09,2024A&A...690A..58A,3
L  674-15,3334,,-0.22,2021A&A...656A.162M,4
L  674-15,3356,4.88,-0.26,2021A&A...656A.162M,5
L  674-15,3315,5.0,0.06,2020A&A...644A..68M,6
L  674-15,2983,,0.22,2019ApJ...878..134K,7
L  674-15,3094,4.59,-0.04,2019ApJ...878..134K,8
L  674-15,3342,5.01,0.11,2019A&A...625A..68S,9
L  674-15,3268,4.87,0.05,2019A&A...627A.161P,10
L  674-15,3269,4.85,0.12,2019A&A...627A.161P,11
L  674-15,3200,5.0,,2018A&A...620A.180R,12
L  674-15,3326,5.03,0.04,2018A&A...615A...6P,13
L  674-15,3212,,0.26,2014MNRAS.443.2561G,14
L  678-39,3458,,-0.35,2024A&A...691A..53S,1
L  678-39,3490,4.8641,0.0,2024A&A...683A.125P,2
L  678-39,3546,4.81,,2024A&A...687A.205M,3
L  678-39,3532,,-0.26,2024A&A...690A..58A,4
L  678-39,3474,,-0.29,2024A&A...690A..58A,5
L  678-39,3473,,-0.37,2024A&A...690A..58A,6
L  678-39,3458,,-0.35,2024A&A...690A..58A,7
L  678-39,3395,,-0.28,2024A&A...690A..58A,8
L  678-39,3369,,-0.187,2024ApJS..271...48G,9
L  678-39,3580,4.922,-0.17,2021ApJS..255....8R,10
L  678-39,3485,,-0.4,2021A&A...656A.162M,11
L  678-39,3496,4.95,-0.35,2021A&A...656A.162M,12
L  678-39,3461,4.89,-0.14,2020A&A...644A..68M,13
L  678-39,3706,,-0.06,2019ApJ...878..134K,14
L  678-39,3481,,-0.255,2018MNRAS.475.1960F,15
L  678-39,3505,4.94,-0.12,2019A&A...625A..68S,16
L  678-39,3477,4.8,-0.06,2019A&A...627A.161P,17
L  678-39,3524,4.81,-0.15,2019A&A...627A.161P,18
L  678-39,3480,4.8,-0.06,2019A&A...627A.161P,19
L  678-39,3500,5.1,,2018A&A...620A.180R,20
L  678-39,3488,4.96,-0.14,2018A&A...615A...6P,21
L  678-39,3480,,-0.03,2014MNRAS.443.2561G,22
L  678-39,3548,,,2014ApJ...791...54G,23
L  678-39,3500,5.0,,2013A&A...556A..15R,24
L  715-89,3418,4.81,,2024A&A...687A.205M,1
L  715-89,3471,,-0.15,2021A&A...656A.162M,2
L  715-89,3474,4.85,-0.17,2021A&A...656A.162M,3
L  715-89,3422,4.99,-0.04,2019A&A...625A..68S,4
L  715-89,3386,4.83,0.0,2019A&A...627A.161P,5
L  715-89,3435,4.76,0.17,2019A&A...627A.161P,6
L  715-89,3392,4.82,0.02,2019A&A...627A.161P,7
L  715-89,3400,5.0,,2018A&A...620A.180R,8
L  715-89,3431,4.97,-0.01,2018A&A...615A...6P,9
L  715-89,3306,,-0.16,2014MNRAS.443.2561G,10
L  736-30,3544,,-0.31,2024A&A...691A..53S,1
L  736-30,3556,4.8147,0.0,2024A&A...683A.125P,2
L  736-30,3664,4.77,,2024A&A...687A.205M,3
L  736-30,3540,,0.04,2021MNRAS.508.5148C,4
L  736-30,3585,,-0.24,2024A&A...690A..58A,5
L  736-30,3567,,-0.31,2024A&A...690A..58A,6
L  736-30,3580,,-0.28,2024A&A...690A..58A,7
L  736-30,3544,,-0.31,2024A&A...690A..58A,8
L  736-30,3673,4.868,-0.165,2021ApJS..255....8R,9
L  736-30,3569,,-0.62,2021A&A...656A.162M,10
L  736-30,3582,5.04,-0.47,2021A&A...656A.162M,11
L  736-30,3536,4.84,-0.17,2020A&A...644A..68M,12
L  736-30,3662,,-0.24,2020A&A...639A..35H,13
L  736-30,3572,4.9,-0.12,2019A&A...625A..68S,14
L  736-30,3532,4.78,-0.07,2019A&A...627A.161P,15
L  736-30,3564,4.76,-0.04,2019A&A...627A.161P,16
L  736-30,3543,4.76,-0.03,2019A&A...627A.161P,17
L  736-30,3500,5.0,,2018A&A...620A.180R,18
L  736-30,3563,4.9,-0.12,2018A&A...615A...6P,19
L  736-30,3663,,-0.13,2014MNRAS.443.2561G,20
L  736-30,3653,,-0.24,2014ApJ...791...54G,21
L  736-30,3506,,-0.24,2015ApJ...804...64M,22
L  737-9,3300,5.0,,2020AJ....159...30H,1
L  737-9,3400,4.71,,2022ApJ...927..122H,2
L  737-9,3109,3.718,,2019A&A...629A..80H,3
L  737-9,3429,,0.17,2014MNRAS.443.2561G,4
L  749-34,3588,4.7661,0.0,2024A&A...683A.125P,1
L  749-34,3619,4.76,,2024A&A...687A.205M,2
L  749-34,3600,4.76,,2022ApJ...927..122H,3
L  749-34,3700,,-0.19,2021A&A...656A.162M,4
L  749-34,3697,5.11,-0.06,2021A&A...656A.162M,5
L  749-34,3869,,0.2,2019ApJ...878..134K,6
L  749-34,3536,4.83,-0.17,2019ApJ...878..134K,7
L  749-34,3530,4.8,-0.1,2019ApJ...878..134K,8
L  749-34,3585,4.91,-0.18,2019A&A...625A..68S,9
L  749-34,3554,4.82,-0.12,2019A&A...627A.161P,10
L  749-34,3622,4.7,0.44,2019A&A...627A.161P,11
L  749-34,3524,4.85,-0.18,2019A&A...627A.161P,12
L  749-34,3500,5.0,,2018A&A...620A.180R,13
L  749-34,3584,4.9,-0.14,2018A&A...615A...6P,14
L  749-34,3625,,-0.08,2014MNRAS.443.2561G,15
L  750-42,3355,5.21,-0.88,2019ApJ...878..134K,1
L  750-42,3400,-2.431,-0.72,2019AJ....157...63K,2
L  750-42,3500,5.2,-0.7,2014A&A...564A..90R,3
L  750-42,3302,,-0.61,2015ApJ...804...64M,4
L  750-52,3266,4.9202,0.0,2024A&A...683A.125P,1
L  750-52,3337,4.9,,2024A&A...687A.205M,2
L  750-52,3112,,0.0,2024A&A...690A..58A,3
L  750-52,3390,,-0.15,2021A&A...656A.162M,4
L  750-52,3417,4.84,-0.14,2021A&A...656A.162M,5
L  750-52,3345,4.99,-0.06,2020A&A...644A..68M,6
L  750-52,3131,,0.09,2019ApJ...878..134K,7
L  750-52,3362,5.02,0.03,2019A&A...625A..68S,8
L  750-52,3300,4.87,0.0,2019A&A...627A.161P,9
L  750-52,3385,4.82,0.04,2019A&A...627A.161P,10
L  750-52,3305,4.86,0.03,2019A&A...627A.161P,11
L  750-52,3300,5.0,,2018A&A...620A.180R,12
L  750-52,3209,,-0.03,2014MNRAS.443.2561G,13
L  750-52,3243,,0.1,2015ApJ...804...64M,14
L  758-107,3547,4.902,-0.06,2021ApJS..255....8R,1
L  758-107,3411,,-0.02,2019ApJ...878..134K,2
L  758-107,3344,,0.11,2014MNRAS.443.2561G,3
L  758-107,3357,,,2014ApJ...791...54G,4
L  758-108,3423,4.8534,0.0,2024A&A...683A.125P,1
L  758-108,3481,4.81,,2024A&A...687A.205M,2
L  758-108,3522,,-0.19,2021A&A...656A.162M,3
L  758-108,3517,4.92,-0.19,2021A&A...656A.162M,4
L  758-108,3444,4.89,-0.11,2020A&A...644A..68M,5
L  758-108,3411,,-0.02,2019ApJ...878..134K,6
L  758-108,3471,4.95,-0.06,2019A&A...625A..68S,7
L  758-108,3438,4.83,0.0,2019A&A...627A.161P,8
L  758-108,3464,4.8,0.07,2019A&A...627A.161P,9
L  758-108,3440,4.83,0.0,2019A&A...627A.161P,10
L  758-108,3500,5.0,,2018A&A...620A.180R,11
L  758-108,3448,4.97,-0.06,2018A&A...615A...6P,12
L  758-108,3473,,-0.01,2014MNRAS.443.2561G,13
L  758-108,3500,,,2014ApJ...791...54G,14
L  758-108,3400,5.0,,2013A&A...556A..15R,15
L  762-51,3350,5.0,,2020AJ....159...30H,1
L  762-51,3325,4.871,0.0,2024A&A...683A.125P,2
L  762-51,3389,4.89,,2024A&A...687A.205M,3
L  762-51,3884,,0.29,2021MNRAS.508.5148C,4
L  762-51,3350,4.86,,2022ApJ...927..122H,5
L  762-51,3415,4.898,0.065,2021ApJS..255....8R,6
L  762-51,3435,,-0.15,2021A&A...656A.162M,7
L  762-51,3443,4.78,-0.16,2021A&A...656A.162M,8
L  762-51,3342,4.98,-0.02,2020A&A...644A..68M,9
L  762-51,3200,4.5,,2020AJ....160...83S,10
L  762-51,3918,4.976,,2020AJ....160...83S,11
L  762-51,3204,,0.1,2019ApJ...878..134K,12
L  762-51,3314,,0.045,2018MNRAS.475.1960F,13
L  762-51,3131,4.167,,2019A&A...629A..80H,14
L  762-51,3402,4.99,0.01,2019A&A...625A..68S,15
L  762-51,3343,4.84,0.04,2019A&A...627A.161P,16
L  762-51,3373,4.82,0.06,2019A&A...627A.161P,17
L  762-51,3365,4.82,0.07,2019A&A...627A.161P,18
L  762-51,3400,5.0,,2018A&A...620A.180R,19
L  762-51,3399,4.99,0.04,2018A&A...615A...6P,20
L  762-51,3274,,0.09,2014MNRAS.443.2561G,21
L  762-51,3538,,,2014ApJ...791...54G,22
L  763-63,3476,,-0.05,2021MNRAS.508.5148C,1
L  763-63,3292,,-0.04,2021A&A...656A.162M,2
L  763-63,3261,5.12,-0.22,2021A&A...656A.162M,3
L  763-63,3264,5.09,-0.04,2019A&A...625A..68S,4
L  763-63,3300,5.5,,2018A&A...620A.180R,5
L  763-63,3152,,0.11,2014MNRAS.443.2561G,6
L  768-119,3350,5.2,,2020AJ....159...30H,1
L  768-119,3964,,0.22,2021MNRAS.508.5148C,2
L  768-119,3300,4.94,,2022ApJ...927..122H,3
L  768-119,4474,3.86,-0.512,2020ApJ...898..119R,4
L  768-119,4453,3.82,-0.553,2020ApJ...898..119R,5
L  768-119,4433,3.8,-0.519,2020ApJ...898..119R,6
L  768-119,3328,,-0.13,2014MNRAS.443.2561G,7
L  788-34,3231,,-0.15,2021A&A...656A.162M,1
L  788-34,3228,5.26,-0.19,2021A&A...656A.162M,2
L  788-34,3489,4.75,0.21,2020A&A...644A..68M,3
L  788-34,3400,5.0,,2020AJ....160...83S,4
L  788-34,2975,4.68,-0.02,2019ApJ...878..134K,5
L  788-34,3202,5.13,-0.07,2019A&A...625A..68S,6
L  788-34,3200,5.5,,2018A&A...620A.180R,7
L  788-34,3196,5.12,-0.05,2018A&A...615A...6P,8
L  788-34,3162,,0.31,2014MNRAS.443.2561G,9
L  788-34,3400,5.0,,2013AJ....146..134K,10
L  788-34,3039,,0.38,2012ApJ...748...93R,11
L  788-37,3236,5.09,-0.04,2024A&A...691A..53S,1
L  788-37,3254,4.93,,2024A&A...687A.205M,2
L  788-37,3045,,-0.21,2024A&A...690A..58A,3
L  788-37,3262,,-0.4,2021A&A...656A.162M,4
L  788-37,3256,5.0,-0.41,2021A&A...656A.162M,5
L  788-37,3346,5.04,-0.2,2020A&A...644A..68M,6
L  788-37,3236,5.09,0.01,2019A&A...625A..68S,7
L  788-37,3250,4.89,0.01,2019A&A...627A.161P,8
L  788-37,3197,4.93,0.01,2019A&A...627A.161P,9
L  788-37,3200,5.1,,2018A&A...620A.180R,10
L  788-37,3023,,-0.15,2014MNRAS.443.2561G,11
L  802-6,3393,5.03,-0.37,2020A&A...644A..68M,1
L  802-6,3635,,-0.68,2019ApJ...878..134K,2
L  802-6,3381,5.08,-0.3,2018A&A...615A...6P,3
L  802-6,3384,,-0.47,2014MNRAS.443.2561G,4
L   85-31,3200,1.0,,2020AJ....160...83S,1
L   85-31,3365,,,2014MNRAS.443.2561G,2
L   85-31,3200,1.0,,2013AJ....146..134K,3
L   87-10,4500,0.0,,2013AJ....146..134K,1
L   88-59,6350,,,2022ApJ...935L..12B,1
L   88-59,6446,8.012,,2024A&A...682A...5V,2
L   88-59,6380,7.97,,2017AJ....154...32S,3
L   88-59,6250,7.81,,2011ApJ...743..138G,4
L   88-59,6460,8.04,,2009AJ....138.1681S,5
L   89-27,3588,4.9033,0.0,2024A&A...683A.125P,1
L   89-27,3628,,-0.61,2019ApJ...878..134K,2
L   89-27,3487,,,2014MNRAS.443.2561G,3
L  923-22,3361,,-0.16,2014MNRAS.443.2561G,1
L  923-22,3372,,-0.23,2015ApJS..220...16T,2
L  923-22,3493,,-0.26,2015ApJS..220...16T,3
L  923-22,3347,,-0.31,2015ApJS..220...16T,4
L   98-59,3420,,-0.34,2024A&A...691A..53S,1
L   98-59,3429,4.9104,0.0,2024A&A...683A.125P,2
L   98-59,3420,,-0.34,2024A&A...690A..58A,3
L   98-59,3400,1.0,,2020AJ....160...83S,4
L   98-59,3639,4.533,,2020AJ....160...83S,5
L   98-59,3367,,-0.5,2019AJ....158...32K,6
L   98-59,3426,,,2014MNRAS.443.2561G,7
L   98-59,3400,1.0,,2013AJ....146..134K,8
LAWD 10,6920,,,2022ApJ...935L..12B,1
LAWD 10,7470,,,2022ApJ...935L..12B,2
LAWD 10,7161,7.153,,2024A&A...682A...5V,3
LAWD 10,6914,7.19,,2020A&A...638A.131N,4
LAWD 10,7168,7.163,,2020ApJ...898...84K,5
LAWD 10,7160,7.75,,2017ApJ...848...11B,6
LAWD 10,7250,7.83,,2011ApJ...743..138G,7
LAWD 10,7554,8.23,,2001A&A...378..556K,8
LAWD 10,6942,7.08,,2009A&A...505..441K,9
LAWD 10,7280,7.85,,2009AJ....138.1681S,10
LAWD 25,7982,,,2022ApJ...935L..12B,1
LAWD 25,7347,7.899,,2024A&A...682A...5V,2
LAWD 25,7545,7.99,,2019ApJ...885...74C,3
LAWD 25,7700,8.05,,2017AJ....154...32S,4
LAWD 25,7590,8.07,,2009AJ....138.1681S,5
LAWD 26,5630,,,2022ApJ...935L..12B,1
LAWD 26,5753,8.003,,2024A&A...682A...5V,2
LAWD 26,5735,8.23,,2020A&A...638A.131N,3
LAWD 26,5620,7.96,,2017AJ....154...32S,4
LAWD 26,5600,7.78,,2011ApJ...743..138G,5
LAWD 26,5730,8.21,,2009AJ....138.1681S,6
LAWD 34,7388,,,2022ApJ...935L..12B,1
LAWD 34,6844,8.198,,2024A&A...682A...5V,2
LAWD 34,7155,8.308,,2019ApJ...878...63B,3
LAWD 34,7420,8.42,,2009AJ....138.1681S,4
LAWD 37,8429,,,2022ApJ...935L..12B,1
LAWD 37,7599,7.917,,2024A&A...682A...5V,2
LAWD 37,7951,8.01,,2019ApJ...885...74C,3
LAWD 37,7880,8.04,,2017AJ....154...32S,4
LAWD 37,7900,8.07,,2009AJ....138.1681S,5
LAWD 73,12540,,,2022ApJ...935L..12B,1
LAWD 73,11615,,,2024ApJ...974...12J,2
LAWD 73,11547,8.534,,2024A&A...682A...5V,3
LAWD 73,11880,8.54,,2015ApJS..219...19L,4
LAWD 73,12070,8.58,,2009AJ....138.1681S,5
LAWD 74,11110,,,2022ApJ...935L..12B,1
LAWD 74,10721,8.063,,2024A&A...682A...5V,2
LAWD 74,11220,8.15,,2017AJ....154...32S,3
LAWD 74,10195,8.0,,2007A&A...470.1079V,4
LAWD 74,10200,8.0,,2009AJ....138.1681S,5
LAWD 79,7677,8.17,,2023MNRAS.520.6111H,1
LAWD 79,7790,,,2022ApJ...935L..12B,2
LAWD 79,7783,8.168,,2024A&A...682A...5V,3
LAWD 79,7868,8.23,,2020A&A...638A.131N,4
LAWD 79,7752,8.175,,2020ApJ...898...84K,5
LAWD 79,7765,8.2,,2017ApJ...848...11B,6
LAWD 79,7910,8.39,,2011ApJ...743..138G,7
LAWD 79,7920,8.23,,2009AJ....138.1681S,8
LAWD 96,8979,8.49,,2023MNRAS.520.6111H,1
LAWD 96,8428,,,2022ApJ...935L..12B,2
LAWD 96,8358,8.338,,2024A&A...682A...5V,3
LAWD 96,8253,8.01,,2020A&A...638A.131N,4
LAWD 96,8506,8.38,,2017ApJ...848...11B,5
LAWD 96,8390,8.37,,2017AJ....154...32S,6
LAWD 96,8650,8.56,,2011ApJ...743..138G,7
LAWD 96,8672,8.83,,2001A&A...378..556K,8
LAWD 96,8570,8.6,,2009AJ....138.1681S,9
LP  169-22,5503,4.625,0.032,2022AJ....163..152S,1
LP  206-11,3322,,,2015ApJS..220...16T,1
LP  206-11,3288,,,2015ApJS..220...16T,2
LP  206-11,,,-0.37,2014AJ....147...20N,3
LP  206-11,2826,,-0.34,2012ApJ...748...93R,4
LP   21-224,3203,4.94,,2024A&A...687A.205M,1
LP   21-224,3250,4.93,,2022ApJ...927..122H,2
LP   21-224,3100,5.0,,2023MNRAS.524.6085K,3
LP   21-224,3192,,-0.01,2021A&A...656A.162M,4
LP   21-224,3198,4.94,-0.01,2021A&A...656A.162M,5
LP   21-224,3295,5.08,-0.07,2019A&A...625A..68S,6
LP   21-224,3248,4.93,-0.05,2019A&A...627A.161P,7
LP   21-224,3244,4.95,-0.09,2019A&A...627A.161P,8
LP   21-224,3500,5.5,,2018A&A...620A.180R,9
LP   21-224,3264,,,2014MNRAS.443.2561G,10
LP   21-224,3270,5.0,,2013AJ....145..102L,11
LP  229-17,3430,4.78,,2024A&A...687A.205M,1
LP  229-17,3250,4.9,,2022ApJ...927..122H,2
LP  229-17,3427,4.7,,2023MNRAS.526.5648C,3
LP  229-17,3301,4.871,0.224,2021ApJS..255....8R,4
LP  229-17,3419,4.77,,2022MNRAS.516.3802C,5
LP  229-17,3458,,0.02,2021A&A...656A.162M,6
LP  229-17,3447,4.69,-0.06,2021A&A...656A.162M,7
LP  229-17,3400,4.97,0.11,2019A&A...625A..68S,8
LP  229-17,3360,4.81,0.21,2019A&A...627A.161P,9
LP  229-17,3343,4.86,0.07,2019A&A...627A.161P,10
LP  229-17,3346,4.83,0.15,2019A&A...627A.161P,11
LP  229-17,3300,5.0,,2018A&A...620A.180R,12
LP  229-17,3392,4.98,0.09,2018A&A...615A...6P,13
LP  229-17,3342,,,2014MNRAS.443.2561G,14
LP  229-17,3320,,0.42,2014ApJ...791...54G,15
LP  229-17,3372,,0.84,2015ApJS..220...16T,16
LP  229-17,3620,,0.55,2015ApJS..220...16T,17
LP  229-17,3567,,0.36,2015ApJS..220...16T,18
LP  245-10,3311,,,2015ApJS..220...16T,1
LP  245-10,3192,,,2015ApJS..220...16T,2
LP  245-10,2880,,0.17,2015ApJ...804...64M,3
LP  245-10,,,0.21,2014AJ....147...20N,4
LP  245-10,2839,,0.21,2012ApJ...748...93R,5
LP  245-10,2380,,,2009ApJ...704..975J,6
LP  255-11,3197,4.96,,2024A&A...687A.205M,1
LP  255-11,3200,4.94,,2022ApJ...927..122H,2
LP  255-11,3200,5.0,,2023MNRAS.524.6085K,3
LP  255-11,3386,,-0.03,2021A&A...656A.162M,4
LP  255-11,3310,5.13,-0.36,2021A&A...656A.162M,5
LP  255-11,3098,4.71,-0.15,2019ApJ...878..134K,6
LP  255-11,3131,,,2018MNRAS.475.1960F,7
LP  255-11,3298,5.09,-0.12,2019A&A...625A..68S,8
LP  255-11,3253,4.95,-0.11,2019A&A...627A.161P,9
LP  255-11,3400,5.5,,2018A&A...620A.180R,10
LP  255-11,3276,5.1,-0.12,2018A&A...615A...6P,11
LP  255-11,3240,,,2014MNRAS.443.2561G,12
LP  255-11,3306,,0.16,2015ApJS..220...16T,13
LP  255-11,3386,,-0.06,2015ApJS..220...16T,14
LP  255-11,3074,,0.02,2015ApJS..220...16T,15
LP  255-11,3140,5.0,,2013AJ....145..102L,16
LP  271-25,1915,4.38,,2023ApJ...959...63S,1
LP  271-25,2500,5.0,,2015ApJS..219...33G,2
LP  271-25,2492,,-0.19,2012ApJ...748...93R,3
LP  276-22,5488,4.698,0.102,2022AJ....163..152S,1
LP  292-67,,,0.027,2025AJ....170..213D,1
LP  292-67,2654,,,2009ApJ...704..975J,2
LP  322-628,3000,5.12,,2022ApJ...927..122H,1
LP  322-628,2930,4.65,,2022A&A...660A..38W,2
LP  322-628,,,0.1,2014AJ....147...20N,3
LP  335-12,2800,5.0,,2015ApJS..219...33G,1
LP   35-347,,,-0.02,2014AJ....147...20N,1
LP  357-56,,,0.365,2025AJ....170..213D,1
LP  357-56,2815,4.08,,2022A&A...660A..38W,2
LP  357-56,4545,2.327,-1.364,2019ApJ...879...69T,3
LP  368-128,3088,,-0.1,2021A&A...656A.162M,1
LP  368-128,3061,5.17,-0.02,2021A&A...656A.162M,2
LP  368-128,2656,,,2018MNRAS.475.1960F,3
LP  368-128,2900,5.4,,2018A&A...620A.180R,4
LP  368-128,2800,5.0,,2013A&A...556A..15R,5
LP  368-128,2769,,-0.06,2012ApJ...748...93R,6
LP  368-128,2753,,,2009ApJ...704..975J,7
LP  380-6,5484,4.659,0.036,2022AJ....163..152S,1
LP  380-6,3003,5.0921,,2021A&A...649A.147S,2
LP  380-6,3002,,-0.03,2020ApJ...892...31B,3
LP  380-6,3163,4.9665,-0.838,2020AJ....160..120J,4
LP  380-6,2927,4.75,-0.1,2019ApJ...878..134K,5
LP  380-6,,,0.01,2014AJ....147...20N,6
LP  411-6,2636,,,2009ApJ...704..975J,1
LP  415-302,,,0.13,2014AJ....147...20N,1
LP  463-23,,,0.11,2014AJ....147...20N,1
LP  469-206,3312,,,2015ApJS..220...16T,1
LP  469-206,3181,,,2015ApJS..220...16T,2
LP  469-206,2829,,-0.03,2015ApJ...804...64M,3
LP  469-206,2868,,-0.11,2012ApJ...748...93R,4
LP  469-67,3318,,,2015ApJS..220...16T,1
LP  469-67,3187,,,2015ApJS..220...16T,2
LP  469-67,,,0.2,2014AJ....147...20N,3
LP  469-67,2800,5.5,,2013A&A...556A..15R,4
LP  469-67,2662,,,2009ApJ...704..975J,5
LP  500-35,,,0.09,2014AJ....147...20N,1
LP  502-56,5488,4.664,0.064,2022AJ....163..152S,1
LP  502-56,3085,,-0.39,2021A&A...656A.162M,2
LP  502-56,3073,5.16,-0.43,2021A&A...656A.162M,3
LP  502-56,2766,,,2018MNRAS.475.1960F,4
LP  502-56,3100,5.4,,2018A&A...620A.180R,5
LP  502-56,3288,,,2015ApJS..220...16T,6
LP  502-56,3206,,,2015ApJS..220...16T,7
LP  502-56,,,0.09,2014AJ....147...20N,8
LP  560-35,5490,4.662,0.101,2022AJ....163..152S,1
LP  560-35,2935,4.43,,2022A&A...660A..38W,2
LP  560-35,2960,,0.17,2020ApJ...892...31B,3
LP  560-35,3187,,-0.17,2021A&A...656A.162M,4
LP  560-35,3161,5.04,-0.13,2021A&A...656A.162M,5
LP  560-35,3100,5.5,,2018A&A...620A.180R,6
LP  560-35,2948,5.5,0.0,2018AJ....155...38G,7
LP  560-35,,,0.24,2014AJ....147...20N,8
LP  607-32,3641,4.72,,2020AJ....160...83S,1
LP  607-32,3479,4.661,,2020AJ....160...83S,2
LP  607-32,3433,,-0.08,2014MNRAS.443.2561G,3
LP  607-32,3641,4.72,,2013AJ....146..134K,4
LP  625-34,3071,4.78,-0.18,2019ApJ...878..134K,1
LP  625-34,3023,,,2018MNRAS.475.1960F,2
LP  625-34,3282,,-0.12,2015ApJS..220...16T,3
LP  625-34,3397,,-0.21,2015ApJS..220...16T,4
LP  625-34,,,-0.24,2015ApJS..220...16T,5
LP  625-34,,,0.04,2014AJ....147...20N,6
LP  639-1,2996,4.56,-0.05,2019ApJ...878..134K,1
LP  639-1,2998,4.57,-0.03,2019ApJ...878..134K,2
LP  639-1,3278,,-0.41,2015ApJS..220...16T,3
LP  639-1,3182,,-0.13,2015ApJS..220...16T,4
LP  639-1,3121,,-0.21,2015ApJS..220...16T,5
LP  655-48,2701,4.02,,2022A&A...660A..38W,1
LP  655-48,2600,5.0,,2013A&A...556A..15R,2
LP  656-38,3195,,-0.34,2024A&A...691A..53S,1
LP  656-38,3180,4.99,,2024A&A...687A.205M,2
LP  656-38,3195,,-0.34,2024A&A...690A..58A,3
LP  656-38,3296,,-0.08,2021A&A...656A.162M,4
LP  656-38,3284,5.13,-0.32,2021A&A...656A.162M,5
LP  656-38,3268,5.17,-0.19,2020A&A...644A..68M,6
LP  656-38,3200,1.0,,2020AJ....160...83S,7
LP  656-38,3162,,-0.24,2019ApJ...878..134K,8
LP  656-38,3519,,-0.38,2018MNRAS.475.1960F,9
LP  656-38,3288,5.07,0.01,2019A&A...625A..68S,10
LP  656-38,3206,4.97,-0.1,2019A&A...627A.161P,11
LP  656-38,3187,4.96,-0.05,2019A&A...627A.161P,12
LP  656-38,3204,4.98,-0.1,2019A&A...627A.161P,13
LP  656-38,3200,5.2,,2018A&A...620A.180R,14
LP  656-38,3144,,,2014MNRAS.443.2561G,15
LP  656-38,3287,,-0.06,2015ApJS..220...16T,16
LP  656-38,3273,,-0.15,2015ApJS..220...16T,17
LP  656-38,,,0.12,2015ApJS..220...16T,18
LP  656-38,3143,,-0.06,2015ApJ...804...64M,19
LP  656-38,3200,1.0,,2013AJ....146..134K,20
LP  656-38,3054,,-0.06,2012ApJ...748...93R,21
LP  658-44,2914,4.68,-0.08,2019ApJ...878..134K,1
LP  658-44,2935,4.72,-0.12,2019ApJ...878..134K,2
LP  658-44,2939,4.72,-0.09,2019ApJ...878..134K,3
LP  658-44,2827,,,2009ApJ...704..975J,4
LP  666-9,3533,0.6,-1.95,2019A&A...627A.138A,1
LP  666-9,3011,5.09,0.68,2019A&A...627A.138A,2
LP  666-9,2400,5.0,,2018A&A...620A.180R,3
LP  666-9,2564,,0.16,2012ApJ...748...93R,4
LP  672-42,3400,5.1,,2020AJ....159...30H,1
LP  672-42,3400,4.86,,2024A&A...687A.205M,2
LP  672-42,3450,4.84,,2022ApJ...927..122H,3
LP  672-42,3469,,-0.04,2021A&A...656A.162M,4
LP  672-42,3486,4.9,-0.03,2021A&A...656A.162M,5
LP  672-42,3422,4.98,-0.01,2019A&A...625A..68S,6
LP  672-42,3377,4.83,0.0,2019A&A...627A.161P,7
LP  672-42,3391,4.8,0.09,2019A&A...627A.161P,8
LP  672-42,3384,4.83,0.01,2019A&A...627A.161P,9
LP  672-42,3500,4.0,,2018A&A...620A.180R,10
LP  672-42,3419,4.98,-0.01,2018A&A...615A...6P,11
LP  672-42,3494,,0.06,2014MNRAS.443.2561G,12
LP  698-42,3200,5.06,,2022ApJ...927..122H,1
LP  698-42,3273,5.1,-0.11,2018A&A...615A...6P,2
LP  698-42,3278,,0.17,2015ApJS..220...16T,3
LP  698-42,3321,,-0.07,2015ApJS..220...16T,4
LP  698-42,3056,,0.08,2015ApJS..220...16T,5
LP  731-58,3032,,-0.19,2021A&A...656A.162M,1
LP  731-58,3029,5.33,-0.13,2021A&A...656A.162M,2
LP  731-58,2683,5.05,0.04,2019ApJ...878..134K,3
LP  731-58,2723,,,2018MNRAS.475.1960F,4
LP  731-58,2800,5.3,,2018A&A...620A.180R,5
LP  731-58,2739,,,2014MNRAS.443.2561G,6
LP  731-58,2700,5.5,,2013A&A...556A..15R,7
LP  731-58,2772,,-0.41,2012ApJ...748...93R,8
LP  732-35,3025,4.65,-0.02,2019ApJ...878..134K,1
LP  732-35,3109,,-0.07,2015ApJ...804...64M,2
LP  732-35,3100,5.0,,2013A&A...556A..15R,3
LP  732-35,3200,0.0,,2013AJ....146..134K,4
LP  734-32,3263,4.8415,0.0,2024A&A...683A.125P,1
LP  734-32,3382,4.85,,2024A&A...687A.205M,2
LP  734-32,3232,,0.44,2021MNRAS.508.5148C,3
LP  734-32,3391,,-0.1,2021A&A...656A.162M,4
LP  734-32,3415,4.74,-0.12,2021A&A...656A.162M,5
LP  734-32,3600,4.0,,2020AJ....160...83S,6
LP  734-32,3082,,0.3,2019ApJ...878..134K,7
LP  734-32,3161,,0.189,2018MNRAS.475.1960F,8
LP  734-32,3375,4.98,0.17,2019A&A...625A..68S,9
LP  734-32,3306,4.82,0.15,2019A&A...627A.161P,10
LP  734-32,3443,4.77,0.12,2019A&A...627A.161P,11
LP  734-32,3309,4.82,0.14,2019A&A...627A.161P,12
LP  734-32,3300,5.0,,2018A&A...620A.180R,13
LP  734-32,3365,4.99,0.12,2018A&A...615A...6P,14
LP  734-32,3270,,0.45,2014MNRAS.443.2561G,15
LP  734-32,3385,,0.26,2015ApJ...804...64M,16
LP  734-32,3200,5.0,,2013A&A...556A..15R,17
LP  735-29,3100,5.2,,2020AJ....159...30H,1
LP  735-29,3150,5.02,,2022ApJ...927..122H,2
LP  735-29,3601,4.0,,2020AJ....160...83S,3
LP  735-29,3100,5.0,,2013A&A...556A..15R,4
LP  735-29,3601,4.0,,2013AJ....146..134K,5
LP  756-18,3050,4.9,,2020AJ....159...30H,1
LP  756-18,3247,4.97,,2024A&A...687A.205M,2
LP  756-18,3205,,-0.45,2021A&A...656A.162M,3
LP  756-18,3193,4.98,-0.53,2021A&A...656A.162M,4
LP  756-18,3177,5.13,-0.03,2019A&A...625A..68S,5
LP  756-18,3129,4.98,0.0,2019A&A...627A.161P,6
LP  756-18,3165,4.93,0.07,2019A&A...627A.161P,7
LP  756-18,3137,4.96,0.03,2019A&A...627A.161P,8
LP  756-18,3200,1.0,,2013AJ....146..134K,9
LP  756-19,3188,,0.06,2021MNRAS.508.5148C,1
LP  756-19,3300,4.88,,2022ApJ...927..122H,2
LP  756-19,3372,5.02,0.01,2018A&A...615A...6P,3
LP  756-19,3253,,0.02,2014MNRAS.443.2561G,4
LP  776-46,3378,4.9279,0.0,2024A&A...683A.125P,1
LP  776-46,3404,4.89,,2024A&A...687A.205M,2
LP  776-46,3307,,-0.33,2021MNRAS.508.5148C,3
LP  776-46,3454,4.977,-0.122,2021ApJS..255....8R,4
LP  776-46,3401,4.97,-0.22,2020A&A...644A..68M,5
LP  776-46,3200,1.0,,2020AJ....160...83S,6
LP  776-46,3447,,-0.15,2019ApJ...878..134K,7
LP  776-46,3398,,-0.212,2018MNRAS.475.1960F,8
LP  776-46,3409,5.02,-0.11,2019A&A...625A..68S,9
LP  776-46,3416,5.01,-0.1,2018A&A...615A...6P,10
LP  776-46,3400,,-0.08,2014MNRAS.443.2561G,11
LP  776-46,3421,,-0.12,2014ApJ...791...54G,12
LP  776-46,3365,,-0.12,2015ApJ...804...64M,13
LP  776-46,3200,1.0,,2013AJ....146..134K,14
LP  783-1,3450,5.0,,2020AJ....159...30H,1
LP  783-1,3397,4.9105,0.0,2024A&A...683A.125P,2
LP  783-1,3411,4.88,,2024A&A...687A.205M,3
LP  783-1,3400,4.9,,2022ApJ...927..122H,4
LP  783-1,3479,4.961,-0.119,2021ApJS..255....8R,5
LP  783-1,3403,4.96,-0.19,2020A&A...644A..68M,6
LP  783-1,3501,,-0.13,2019ApJ...878..134K,7
LP  783-1,3446,,-0.211,2018MNRAS.475.1960F,8
LP  783-1,3426,5.0,-0.1,2019A&A...625A..68S,9
LP  783-1,3417,5.0,-0.09,2018A&A...615A...6P,10
LP  783-1,3406,,-0.17,2014MNRAS.443.2561G,11
LP  783-1,3445,,-0.18,2014ApJ...791...54G,12
LP  783-1,3358,,-0.18,2015ApJ...804...64M,13
LP  783-2,3050,,0.2,2021A&A...656A.162M,1
LP  783-2,3031,5.03,0.04,2021A&A...656A.162M,2
LP  783-2,2964,5.22,-0.09,2019A&A...625A..68S,3
LP  783-2,2900,5.4,,2018A&A...620A.180R,4
LP  795-15,3000,5.5,,2013A&A...556A..15R,1
LP  801-9,4980,,,2022ApJ...935L..12B,1
LP  801-9,5062,8.487,,2024A&A...682A...5V,2
LP  801-9,4795,8.387,,2019ApJ...878...63B,3
LP  801-9,5040,8.49,,2017AJ....154...32S,4
LP  801-9,4960,8.37,,2009AJ....138.1681S,5
LP  816-60,3225,4.9716,0.0,2024A&A...683A.125P,1
LP  816-60,3253,4.95,,2024A&A...687A.205M,2
LP  816-60,3166,,-0.33,2021MNRAS.508.5148C,3
LP  816-60,3071,,-0.11,2024A&A...690A..58A,4
LP  816-60,3257,4.994,0.024,2021ApJS..255....8R,5
LP  816-60,5197,4.37,-0.166,2020ApJ...898..119R,6
LP  816-60,3374,,-0.07,2021A&A...656A.162M,7
LP  816-60,3382,5.01,-0.07,2021A&A...656A.162M,8
LP  816-60,3311,5.04,-0.04,2020A&A...644A..68M,9
LP  816-60,3086,,-0.05,2019ApJ...878..134K,10
LP  816-60,3118,4.64,-0.01,2019ApJ...878..134K,11
LP  816-60,3104,4.6,-0.08,2019ApJ...878..134K,12
LP  816-60,3196,,-0.05,2018MNRAS.475.1960F,13
LP  816-60,3029,4.584,,2019A&A...629A..80H,14
LP  816-60,3239,5.0,-0.26,2019A&A...627A.138A,15
LP  816-60,3321,5.05,-0.02,2019A&A...625A..68S,16
LP  816-60,3270,4.91,0.01,2019A&A...627A.161P,17
LP  816-60,3274,4.9,0.06,2019A&A...627A.161P,18
LP  816-60,3269,4.91,0.0,2019A&A...627A.161P,19
LP  816-60,3200,5.0,,2018A&A...620A.180R,20
LP  816-60,3313,5.06,-0.01,2018A&A...615A...6P,21
LP  816-60,3181,,0.13,2014MNRAS.443.2561G,22
LP  816-60,3205,,-0.02,2015ApJ...804...64M,23
LP  816-60,3405,,0.06,2012ApJ...748...93R,24
LP  837-53,3800,5.0,,2020AJ....160...83S,1
LP  837-53,3971,4.814,,2020AJ....160...83S,2
LP  837-53,3666,4.89,0.5,2017AJ....153...21L,3
LP  837-53,3674,,0.22,2014MNRAS.443.2561G,4
LP  837-53,3652,,0.31,2015ApJ...804...64M,5
LP  837-53,3799,5.0,,2013AJ....146..134K,6
LP  838-16,3402,,,2014MNRAS.443.2561G,1
LP  838-16,3404,,-0.15,2014ApJ...791...54G,2
LP  838-16,3356,,-0.15,2015ApJ...804...64M,3
LP  847-48,3397,4.74,,2023MNRAS.526.5648C,1
LP  847-48,3366,4.76,,2022MNRAS.516.3802C,2
LP  847-48,3200,1.0,,2020AJ....160...83S,3
LP  847-48,3354,,0.03,2014MNRAS.443.2561G,4
LP  847-48,3346,,0.01,2015ApJ...804...64M,5
LP  847-48,3200,1.0,,2013AJ....146..134K,6
LP  851-346,2600,5.5,,2013A&A...556A..15R,1
LP  852-7,8540,,,2022ApJ...935L..12B,1
LP  852-7,8364,7.916,,2024A&A...682A...5V,2
LP  852-7,8618,7.8,,2020A&A...638A.131N,3
LP  852-7,8608,7.99,,2017ApJ...848...11B,4
LP  852-7,8520,7.89,,2017AJ....154...32S,5
LP  852-7,8770,8.27,,2011ApJ...743..138G,6
LP  852-7,8774,8.1,,2001A&A...378..556K,7
LP  852-7,8615,8.04,,2009A&A...505..441K,8
LP  852-7,8774,8.1,,2009AJ....138.1681S,9
LP  853-12,5497,4.501,-0.041,2022AJ....163..152S,1
LP  867-15,3300,4.95,,2022ApJ...927..122H,1
LP  867-15,3330,,-0.39,2014MNRAS.443.2561G,2
LP  867-15,3400,5.0,,2013A&A...556A..15R,3
LP  885-35,2600,5.0,,2013A&A...556A..15R,1
LP  890-27,2998,,,2018MNRAS.475.1960F,1
LP  890-27,3100,5.0,,2013A&A...556A..15R,2
LP  912-33,3350,5.0,,2020AJ....159...30H,1
LP  912-33,3400,4.93,,2022ApJ...927..122H,2
LP  912-33,3377,,-0.27,2014MNRAS.443.2561G,3
LP  914-54,3113,2.77,,2024ApJ...961..121H,1
LP  914-54,2535,4.98,,2023ApJ...959...63S,2
LP  938-71,2364,4.72,,2023ApJ...959...63S,1
LP  938-71,2600,5.0,,2013A&A...556A..15R,2
LP   98-79,,,-0.07,2014AJ....147...20N,1
LP   98-79,2906,,,2009ApJ...704..975J,2
LP  991-84,3000,5.12,,2022ApJ...927..122H,1
LP  991-84,4500,1.93,,2020AJ....160...83S,2
LP  991-84,4500,1.93,,2013AJ....146..134K,3
LP  993-115,3359,4.87,0.26,2020A&A...644A..68M,1
LP  993-115,3111,,-0.08,2019ApJ...878..134K,2
LP  993-115,3294,,,2014MNRAS.443.2561G,3
LSPM J0036+1821,1900,5.0,,2015ApJS..219...33G,1
LSPM J0036+1821,2000,,,2010ApJ...723..684B,2
LSPM J0330+5413,,,-0.05,2014AJ....147...20N,1
LSPM J0357+4107,,,0.1,2014AJ....147...20N,1
LSPM J0746+2000,5606,1.87,-0.779,2022AJ....163..152S,1
LSPM J0746+2000,2100,,,2010ApJ...723..684B,2
LSPM J0840+3127,5515,4.695,-0.161,2022AJ....163..152S,1
LSPM J0840+3127,3381,4.9,,2024A&A...687A.205M,2
LSPM J0840+3127,3300,4.91,,2022ApJ...927..122H,3
LSPM J0840+3127,3371,4.73,,2023MNRAS.526.5648C,4
LSPM J0840+3127,3347,4.76,,2022MNRAS.516.3802C,5
LSPM J0840+3127,3428,,-0.15,2021A&A...656A.162M,6
LSPM J0840+3127,3426,4.88,-0.2,2021A&A...656A.162M,7
LSPM J0840+3127,3393,5.01,-0.01,2019A&A...625A..68S,8
LSPM J0840+3127,3328,4.85,0.01,2019A&A...627A.161P,9
LSPM J0840+3127,3365,4.84,0.02,2019A&A...627A.161P,10
LSPM J0840+3127,3337,4.85,0.01,2019A&A...627A.161P,11
LSPM J0840+3127,3400,5.1,,2018A&A...620A.180R,12
LSPM J0840+3127,3381,5.02,-0.04,2018A&A...615A...6P,13
LSPM J0840+3127,3438,,,2014MNRAS.443.2561G,14
LSPM J0840+3127,3334,,-0.07,2015ApJS..220...16T,15
LSPM J0840+3127,3410,,-0.05,2015ApJS..220...16T,16
LSPM J0840+3127,3268,,-0.13,2015ApJS..220...16T,17
LSPM J0840+3127,3280,5.0,,2013AJ....145..102L,18
LSPM J1015+1729,3300,4.92,,2022ApJ...927..122H,1
LSPM J1015+1729,3392,5.01,-0.02,2018A&A...615A...6P,2
LSPM J1015+1729,3436,,,2014MNRAS.443.2561G,3
LSPM J1015+1729,3343,,0.02,2015ApJS..220...16T,4
LSPM J1015+1729,3530,,-0.25,2015ApJS..220...16T,5
LSPM J1015+1729,3552,,-0.22,2015ApJS..220...16T,6
LSPM J1015+1729,3370,5.0,,2013AJ....145..102L,7
LSPM J1524+2925,5635,2.497,-0.817,2022AJ....163..152S,1
LSPM J1524+2925,3946,4.781,-1.606,2022ApJS..259...35A,2
LSPM J1731+2721,1814,5.5,,2024ApJ...961..121H,1
LSPM J1731+2721,,5.5,,2015ApJS..219...33G,2
LSPM J1731+2721,2000,,,2010ApJ...723..684B,3
LSPM J2146+3813,3467,4.84,,2024A&A...687A.205M,1
LSPM J2146+3813,3200,5.03,,2022ApJ...927..122H,2
LSPM J2146+3813,3281,4.84,,2023MNRAS.526.5648C,3
LSPM J2146+3813,3305,5.06,,2022MNRAS.516.3802C,4
LSPM J2146+3813,3265,,-0.69,2021A&A...656A.162M,5
LSPM J2146+3813,3247,4.84,-0.86,2021A&A...656A.162M,6
LSPM J2146+3813,3307,5.06,-0.03,2019A&A...625A..68S,7
LSPM J2146+3813,3250,4.91,-0.03,2019A&A...627A.161P,8
LSPM J2146+3813,3295,4.86,0.04,2019A&A...627A.161P,9
LSPM J2146+3813,3270,4.89,-0.01,2019A&A...627A.161P,10
LSPM J2146+3813,3400,5.2,,2018A&A...620A.180R,11
LSPM J2146+3813,3304,5.06,-0.01,2018A&A...615A...6P,12
LSPM J2146+3813,3182,,,2014MNRAS.443.2561G,13
LSPM J2146+3813,3295,,-0.56,2015ApJS..220...16T,14
LSPM J2146+3813,3189,,-0.45,2015ApJS..220...16T,15
LSPM J2146+3813,3141,,-0.41,2015ApJS..220...16T,16
LSPM J2146+3813,3270,5.0,,2013AJ....145..102L,17
LSPM J2146+3813,,,-0.61,2014AJ....147...20N,18
LSPM J2302+4338,3150,5.02,,2022ApJ...927..122H,1
LSPM J2302+4338,,,0.05,2014AJ....147...20N,2
LSR J0419+4233,2400,4.9,,2018A&A...620A.180R,1
LSR J0419+4233,,,0.22,2014AJ....147...20N,2
LSR J0510+2713,,,0.3,2014AJ....147...20N,1
LSR J0539+4038,5646,2.269,-0.714,2022AJ....163..152S,1
LSR J0539+4038,2619,4.9323,,2021A&A...649A.147S,2
LSR J0539+4038,2800,5.5,,2018A&A...620A.180R,3
LSR J0539+4038,2627,5.0,0.0,2018AJ....155...38G,4
LSR J0556+1144,2900,4.9,,2020AJ....159...30H,1
LSR J0556+1144,2950,5.14,,2022ApJ...927..122H,2
LSR J0602+3910,,5.0,,2015ApJS..219...33G,1
LSR J0602+3910,2100,,,2010ApJ...723..684B,2
LSR J1835+3259,2400,5.0,,2018A&A...620A.180R,1
LSR J1835+3259,2578,,-0.4,2012ApJ...748...93R,2
LSR J2000+3057,5611,2.84,-0.524,2022AJ....163..152S,1
LSR J2000+3057,3323,,,2015ApJS..220...16T,2
LSR J2000+3057,3187,,,2015ApJS..220...16T,3
MCC 188,3409,4.6723,0.0,2024A&A...683A.125P,1
MCC 188,3420,5.01,0.21,2019ApJ...878..134K,2
MCC 188,3445,5.04,0.23,2019ApJ...878..134K,3
MCC 188,3387,4.94,0.17,2019ApJ...878..134K,4
MCC 188,3438,5.05,0.26,2019ApJ...878..134K,5
MCC 188,3275,,,2018MNRAS.475.1960F,6
MCC 188,3431,,0.09,2014MNRAS.443.2561G,7
MCC 188,3330,5.0,,2013AJ....145..102L,8
MCC 499,3571,4.79,,2024A&A...687A.205M,1
MCC 499,3572,,-0.42,2021A&A...656A.162M,2
MCC 499,3564,5.03,-0.42,2021A&A...656A.162M,3
MCC 499,3520,4.94,-0.16,2019A&A...625A..68S,4
MCC 499,3510,4.81,-0.06,2019A&A...627A.161P,5
MCC 499,3531,4.81,-0.07,2019A&A...627A.161P,6
MCC 499,3513,4.81,-0.05,2019A&A...627A.161P,7
MCC 499,3500,5.0,,2018A&A...620A.180R,8
MCC 499,3526,4.93,-0.14,2018A&A...615A...6P,9
MCC 499,3591,,0.06,2014MNRAS.443.2561G,10
MCC 499,3440,5.0,,2013AJ....145..102L,11
MCC 568,3457,4.87,-0.11,2019ApJ...878..134K,1
MCC 568,3458,4.87,-0.11,2019ApJ...878..134K,2
MCC 568,3459,4.87,-0.11,2019ApJ...878..134K,3
MCC 568,3457,4.86,-0.11,2019ApJ...878..134K,4
MCC 568,3460,4.87,-0.1,2019ApJ...878..134K,5
MCC 568,3459,4.88,-0.11,2019ApJ...878..134K,6
MCC 568,3459,4.87,-0.1,2019ApJ...878..134K,7
MCC 568,3459,4.87,-0.09,2019ApJ...878..134K,8
MCC 568,3538,,-0.07,2014MNRAS.443.2561G,9
MCC 573,3500,4.8,,2020AJ....159...30H,1
MCC 573,3474,4.7601,0.0,2024A&A...683A.125P,2
MCC 573,3688,4.72,,2024A&A...687A.205M,3
MCC 573,3500,4.75,,2022ApJ...927..122H,4
MCC 573,3539,,-0.17,2021A&A...656A.162M,5
MCC 573,3552,4.84,-0.1,2021A&A...656A.162M,6
MCC 573,3528,,0.065,2018MNRAS.475.1960F,7
MCC 573,3532,4.88,0.01,2019A&A...625A..68S,8
MCC 573,3441,4.79,0.02,2019A&A...627A.161P,9
MCC 573,3632,4.66,0.44,2019A&A...627A.161P,10
MCC 573,3572,4.68,0.34,2019A&A...627A.161P,11
MCC 573,3500,5.0,,2018A&A...620A.180R,12
MCC 573,3511,4.89,0.01,2018A&A...615A...6P,13
MCC 573,3518,,0.17,2014MNRAS.443.2561G,14
MCC 573,3500,5.0,,2013A&A...556A..15R,15
NAME Barnard's star,,,-0.582,2025A&A...698A.289O,1
NAME Barnard's star,3200,4.9,,2020AJ....159...30H,2
NAME Barnard's star,3232,,-0.34,2025ApJ...978..154J,3
NAME Barnard's star,3259,5.0759,0.0,2024A&A...683A.125P,4
NAME Barnard's star,3353,4.96,,2024A&A...687A.205M,5
NAME Barnard's star,3275,,-0.36,2021MNRAS.508.5148C,6
NAME Barnard's star,3195,4.9,-0.56,2024A&A...690A..79G,7
NAME Barnard's star,3199,,-0.52,2024A&A...690A..58A,8
NAME Barnard's star,3228,,-0.53,2024A&A...690A..58A,9
NAME Barnard's star,3300,,-0.57,2024A&A...690A..58A,10
NAME Barnard's star,3258,,-0.62,2024A&A...690A..58A,11
NAME Barnard's star,3226,,-0.62,2024A&A...690A..58A,12
NAME Barnard's star,3256,,-0.61,2024A&A...690A..58A,13
NAME Barnard's star,3231,,-0.39,2024ApJ...966...56J,14
NAME Barnard's star,3269,4.83,,2023MNRAS.526.5648C,15
NAME Barnard's star,3233,,-0.68,2022A&A...658A.194P,16
NAME Barnard's star,3392,5.0,-0.17,2022A&A...658A.194P,17
NAME Barnard's star,3412,4.74,-0.18,2022A&A...658A.194P,18
NAME Barnard's star,3175,4.61,-0.54,2022A&A...658A.194P,19
NAME Barnard's star,3189,4.63,-0.5,2022A&A...658A.194P,20
NAME Barnard's star,3448,4.89,-0.27,2022A&A...658A.194P,21
NAME Barnard's star,3256,4.76,0.61,2022A&A...658A.194P,22
NAME Barnard's star,3172,,-0.62,2022A&A...658A.194P,23
NAME Barnard's star,3243,5.05,0.16,2022A&A...658A.194P,24
NAME Barnard's star,3352,4.91,0.07,2022A&A...658A.194P,25
NAME Barnard's star,3243,5.05,-0.35,2022A&A...658A.194P,26
NAME Barnard's star,3282,5.12,-0.24,2022A&A...658A.194P,27
NAME Barnard's star,3243,5.05,-0.19,2022A&A...658A.194P,28
NAME Barnard's star,3231,5.0,-0.23,2022A&A...658A.194P,29
NAME Barnard's star,3332,5.134,-0.294,2021ApJS..255....8R,30
NAME Barnard's star,3311,5.11,,2022MNRAS.516.3802C,31
NAME Barnard's star,3240,,-0.86,2021A&A...656A.162M,32
NAME Barnard's star,3254,5.13,-0.84,2021A&A...656A.162M,33
NAME Barnard's star,3260,5.08,-0.37,2020A&A...644A..68M,34
NAME Barnard's star,3463,,-0.541,2018MNRAS.475.1960F,35
NAME Barnard's star,3092,4.831,,2019A&A...629A..80H,36
NAME Barnard's star,3273,5.11,-0.15,2019A&A...625A..68S,37
NAME Barnard's star,3238,4.96,-0.14,2019A&A...627A.161P,38
NAME Barnard's star,3278,4.93,-0.13,2019A&A...627A.161P,39
NAME Barnard's star,3243,4.96,-0.09,2019A&A...627A.161P,40
NAME Barnard's star,3400,5.5,,2018A&A...620A.180R,41
NAME Barnard's star,3278,5.1,-0.12,2018A&A...615A...6P,42
NAME Barnard's star,3237,,-0.32,2014MNRAS.443.2561G,43
NAME Barnard's star,3530,5.2,-0.15,1998MNRAS.299..753Z,44
NAME Barnard's star,3224,,,2012ApJ...757..112B,45
NAME Barnard's star,3222,,,2012ApJ...757..112B,46
NAME Barnard's star,3140,,,2012ApJ...757..112B,47
NAME Barnard's star,3134,,,2004AJ....127.2909D,48
NAME Barnard's star,3247,,-0.32,2014ApJ...791...54G,49
NAME Barnard's star,3286,,-0.41,2015ApJS..220...16T,50
NAME Barnard's star,3223,,-0.35,2015ApJS..220...16T,51
NAME Barnard's star,3083,,-0.26,2015ApJS..220...16T,52
NAME Barnard's star,3100,4.5,,2013AJ....145..102L,53
NAME Barnard's star,3228,,-0.4,2015ApJ...804...64M,54
NAME Barnard's star,3266,,-0.39,2012ApJ...748...93R,55
NAME Barnard's star,3332,5.2,-0.15,2008A&A...480...91S,56
NAME L 362-29 BC,1600,5.0,,2015ApJS..219...33G,1
NAME L 362-29 BC,1600,,,2010ApJ...723..684B,2
NAME Proxima Centauri,2756,,-0.18,2024A&A...691A..53S,1
NAME Proxima Centauri,5554,4.552,-0.085,2022AJ....163..152S,2
NAME Proxima Centauri,3498,,-0.01,2021MNRAS.508.5148C,3
NAME Proxima Centauri,2804,,-0.21,2024A&A...690A..58A,4
NAME Proxima Centauri,2756,,-0.18,2024A&A...690A..58A,5
NAME Proxima Centauri,2810,4.59,0.04,2023ApJS..266...41P,6
NAME Proxima Centauri,3306,5.05,-0.04,2020A&A...644A..68M,7
NAME Proxima Centauri,2810,4.59,0.04,2019ApJ...878..134K,8
NAME Proxima Centauri,2883,,,2014MNRAS.443.2561G,9
NAME Proxima Centauri,3054,,,2012ApJ...757..112B,10
NAME Proxima Centauri,2900,5.0,,2013A&A...556A..15R,11
NAME Scholz's star,2300,5.5,,2015ApJS..219...33G,1
NAME Teegarden's Star,2904,5.26,-0.19,2024A&A...691A..53S,1
NAME Teegarden's Star,3034,5.19,-0.11,2024A&A...684A.117D,2
NAME Teegarden's Star,2500,4.74,,2023ApJ...959...63S,3
NAME Teegarden's Star,3031,,0.01,2021A&A...656A.162M,4
NAME Teegarden's Star,3034,5.19,-0.17,2021A&A...656A.162M,5
NAME Teegarden's Star,2904,5.26,-0.19,2019A&A...625A..68S,6
NAME Teegarden's Star,2700,-3.137,-0.31,2019AJ....157...63K,7
NAME Teegarden's Star,2900,5.5,,2018A&A...620A.180R,8
NAME Teegarden's Star,2700,,,2014MNRAS.443.2561G,9
NAME Teegarden's Star,3505,,,2015ApJS..220...16T,10
NAME Teegarden's Star,3595,,,2015ApJS..220...16T,11
NAME Teegarden's Star,2800,,-0.31,2015ApJ...804...64M,12
NAME Teegarden's Star,,,-0.42,2014AJ....147...20N,13
NAME Teegarden's Star,2637,,-0.55,2012ApJ...748...93R,14
PM J00156+4735,3461,,,2014MNRAS.443.2561G,1
PM J04061-0534,3319,,-0.06,2015ApJS..220...16T,1
PM J04061-0534,3342,,-0.12,2015ApJS..220...16T,2
PM J04061-0534,3302,,-0.06,2015ApJS..220...16T,3
PM J04061-0534,3200,5.0,,2013A&A...556A..15R,4
PM J04429+2128,3429,4.85,,2024A&A...687A.205M,1
PM J04429+2128,3585,4.87,-1.083,2020ApJS..251...15Z,2
PM J04429+2128,3495,,-0.02,2021A&A...656A.162M,3
PM J04429+2128,3499,4.9,-0.02,2021A&A...656A.162M,4
PM J04429+2128,3392,,0.055,2018MNRAS.475.1960F,5
PM J04429+2128,3437,4.97,-0.03,2019A&A...625A..68S,6
PM J04429+2128,3385,4.83,0.0,2019A&A...627A.161P,7
PM J04429+2128,3475,4.71,0.32,2019A&A...627A.161P,8
PM J04429+2128,3391,4.83,0.0,2019A&A...627A.161P,9
PM J04429+2128,3400,5.1,,2018A&A...620A.180R,10
PM J04429+2128,3424,4.98,0.0,2018A&A...615A...6P,11
PM J04429+2128,3544,,0.09,2014MNRAS.443.2561G,12
PM J04429+2128,3425,,0.09,2015ApJS..220...16T,13
PM J04429+2128,3431,,0.09,2015ApJS..220...16T,14
PM J04429+2128,3102,,-0.08,2015ApJS..220...16T,15
PM J04429+2128,3300,5.0,,2013AJ....145..102L,16
PM J05050+4414,3285,5.1,-0.12,2018A&A...615A...6P,1
PM J05050+4414,3277,,-0.21,2015ApJS..220...16T,2
PM J05050+4414,3187,,-0.23,2015ApJS..220...16T,3
PM J05050+4414,3055,,-0.01,2015ApJS..220...16T,4
PM J05366+1117,3219,4.94,,2024A&A...687A.205M,1
PM J05366+1117,3411,,-0.04,2021A&A...656A.162M,2
PM J05366+1117,3355,5.17,-0.29,2021A&A...656A.162M,3
PM J05366+1117,3315,5.08,-0.14,2019A&A...625A..68S,4
PM J05366+1117,3280,4.94,-0.13,2019A&A...627A.161P,5
PM J05366+1117,3250,4.99,-0.23,2019A&A...627A.161P,6
PM J05366+1117,3264,4.95,-0.14,2019A&A...627A.161P,7
PM J05366+1117,3400,5.5,,2018A&A...620A.180R,8
PM J05366+1117,3333,5.07,-0.14,2018A&A...615A...6P,9
PM J05366+1117,3169,,,2014MNRAS.443.2561G,10
PM J05366+1117,3140,4.5,,2013AJ....145..102L,11
PM J07199+8404,3450,4.91,,2022ApJ...927..122H,1
PM J07199+8404,3390,,,2014MNRAS.443.2561G,2
PM J07199+8404,3490,4.5,,2013AJ....145..102L,3
PM J14223-7023,3000,5.0,,2013A&A...556A..15R,1
PM J14551+3006,5487,4.726,-0.074,2022AJ....163..152S,1
PM J14551+3006,3318,4.737,,2022ApJS..259...35A,2
PM J14551+3006,3277,5.051,,2023ApJS..264...17Z,3
PM J14551+3006,3189,,-0.15,2020ApJ...892...31B,4
PM J14551+3006,3406,4.9471,-0.891,2020AJ....160..120J,5
PM J17476-5436,4358,,,2022ApJ...935L..12B,1
PM J17476-5436,4419,7.864,,2024A&A...682A...5V,2
PM J17476-5436,4530,7.97,,2017AJ....154...32S,3
PM J20502-3424,3252,,,2014MNRAS.443.2561G,1
PM J22114+4059,3300,5.08,,2022ApJ...927..122H,1
PM J22114+4059,3145,,-0.12,2021A&A...656A.162M,2
PM J22114+4059,3132,5.15,-0.07,2021A&A...656A.162M,3
PM J22114+4059,3125,5.15,-0.01,2019A&A...625A..68S,4
PM J22114+4059,3100,5.5,,2018A&A...620A.180R,5
PM J22114+4059,3282,,0.46,2015ApJS..220...16T,6
PM J22114+4059,3265,,0.14,2015ApJS..220...16T,7
PM J22114+4059,,,0.41,2015ApJS..220...16T,8
PM J22403-4931B,4250,3.73,,2020AJ....160...83S,1
Ross   10,3450,4.8,,2020AJ....159...30H,1
Ross   10,3500,4.89,,2022ApJ...927..122H,2
Ross   10,3440,,,2014MNRAS.443.2561G,3
Ross   10,3540,5.0,,2013AJ....145..102L,4
Ross 1003,3305,,0.06,2024A&A...691A..53S,1
Ross 1003,3250,4.9,,2020AJ....159...30H,2
Ross 1003,3340,,0.13,2025ApJ...978..154J,3
Ross 1003,,,0.01,2025ApJS..276...47G,4
Ross 1003,,,0.03,2025ApJS..276...47G,5
Ross 1003,3444,4.81,,2024A&A...687A.205M,6
Ross 1003,3350,4.86,,2022ApJ...927..122H,7
Ross 1003,3348,,0.03,2024A&A...690A..58A,8
Ross 1003,3305,,0.06,2024A&A...690A..58A,9
Ross 1003,3374,4.67,,2023MNRAS.526.5648C,10
Ross 1003,3357,4.88,0.16,2021ApJS..255....8R,11
Ross 1003,3354,4.7,,2022MNRAS.516.3802C,12
Ross 1003,3380,,-0.18,2021A&A...656A.162M,13
Ross 1003,3387,4.83,-0.17,2021A&A...656A.162M,14
Ross 1003,3236,,0.087,2018MNRAS.475.1960F,15
Ross 1003,3375,4.99,0.09,2019A&A...625A..68S,16
Ross 1003,3292,4.75,0.04,2019A&A...627A.161P,17
Ross 1003,3321,4.72,0.13,2019A&A...627A.161P,18
Ross 1003,3303,4.74,0.07,2019A&A...627A.161P,19
Ross 1003,3300,5.0,,2018A&A...620A.180R,20
Ross 1003,3542,5.05,,2016A&A...585A...5B,21
Ross 1003,3358,4.99,0.13,2018A&A...615A...6P,22
Ross 1003,3204,,0.12,2014MNRAS.443.2561G,23
Ross 1003,3350,,-0.04,2014ApJ...791...54G,24
Ross 1003,3322,,0.04,2015ApJS..220...16T,25
Ross 1003,3318,,-0.11,2015ApJS..220...16T,26
Ross 1003,3351,,-0.16,2015ApJS..220...16T,27
Ross 1003,3170,4.5,,2013AJ....145..102L,28
Ross 1003,3304,,0.07,2015ApJ...804...64M,29
Ross 1003,3070,4.92,0.08,2013A&A...556A.150S,30
Ross 1003,3288,,0.05,2012ApJ...748...93R,31
Ross 1015,5489,4.565,-0.094,2022AJ....163..152S,1
Ross 1015,3300,5.0,,2020AJ....159...30H,2
Ross 1015,3351,4.9,,2024A&A...687A.205M,3
Ross 1015,3565,,-0.17,2021MNRAS.508.5148C,4
Ross 1015,3300,4.93,,2022ApJ...927..122H,5
Ross 1015,3369,4.675,,2022ApJS..259...35A,6
Ross 1015,3427,,-0.16,2021A&A...656A.162M,7
Ross 1015,3430,4.88,-0.21,2021A&A...656A.162M,8
Ross 1015,3479,4.9612,-0.291,2020AJ....160..120J,9
Ross 1015,3255,,-0.073,2018MNRAS.475.1960F,10
Ross 1015,3373,5.02,-0.01,2019A&A...625A..68S,11
Ross 1015,3321,4.86,0.0,2019A&A...627A.161P,12
Ross 1015,3404,4.8,0.06,2019A&A...627A.161P,13
Ross 1015,3324,4.86,0.0,2019A&A...627A.161P,14
Ross 1015,3300,5.0,,2018A&A...620A.180R,15
Ross 1015,3359,5.03,-0.01,2018A&A...615A...6P,16
Ross 1015,3157,,,2014MNRAS.443.2561G,17
Ross 1015,3280,5.0,,2013AJ....145..102L,18
Ross 1015,,,0.14,2014AJ....147...20N,19
Ross 1020,3324,5.05,0.0,2024A&A...691A..53S,1
Ross 1020,5507,4.346,-0.217,2022AJ....163..152S,2
Ross 1020,3473,4.81,,2024A&A...687A.205M,3
Ross 1020,3369,4.684,,2022ApJS..259...35A,4
Ross 1020,3331,,-0.36,2021A&A...656A.162M,5
Ross 1020,3327,4.93,-0.44,2021A&A...656A.162M,6
Ross 1020,3324,5.05,0.0,2019A&A...625A..68S,7
Ross 1020,3269,4.87,0.03,2019A&A...627A.161P,8
Ross 1020,3286,4.82,0.16,2019A&A...627A.161P,9
Ross 1020,3285,4.87,0.02,2019A&A...627A.161P,10
Ross 1020,3300,5.0,,2018A&A...620A.180R,11
Ross 1020,3318,5.05,0.02,2018A&A...615A...6P,12
Ross 1020,3259,,-0.13,2014MNRAS.443.2561G,13
Ross 1020,3130,4.5,,2013AJ....145..102L,14
Ross 1020,,,-0.39,2014AJ....147...20N,15
Ross  104,5575,4.16,-0.223,2022AJ....163..152S,1
Ross  104,3500,4.8,,2020AJ....159...30H,2
Ross  104,3483,,-0.01,2025ApJ...978..154J,3
Ross  104,3516,4.81,,2024A&A...687A.205M,4
Ross  104,3385,,-0.18,2021MNRAS.508.5148C,5
Ross  104,3600,4.82,,2022ApJ...927..122H,6
Ross  104,3539,4.668,,2022ApJS..259...35A,7
Ross  104,3501,4.72,,2023MNRAS.526.5648C,8
Ross  104,3583,4.881,-0.038,2021ApJS..255....8R,9
Ross  104,3487,4.79,,2022MNRAS.516.3802C,10
Ross  104,3423,,-0.09,2020ApJ...892...31B,11
Ross  104,3521,,-0.18,2021A&A...656A.162M,12
Ross  104,3532,5.04,-0.12,2021A&A...656A.162M,13
Ross  104,3650,4.9701,-0.251,2020AJ....160..120J,14
Ross  104,3461,4.91,-0.21,2020A&A...644A..68M,15
Ross  104,3503,,-0.123,2018MNRAS.475.1960F,16
Ross  104,3499,4.94,-0.11,2019A&A...625A..68S,17
Ross  104,3455,4.74,-0.08,2019A&A...627A.161P,18
Ross  104,3503,4.68,0.16,2019A&A...627A.161P,19
Ross  104,3441,4.75,-0.1,2019A&A...627A.161P,20
Ross  104,3500,4.0,,2018A&A...620A.180R,21
Ross  104,3500,4.94,-0.1,2018A&A...615A...6P,22
Ross  104,3519,,,2014MNRAS.443.2561G,23
Ross  104,3530,5.0,,2013AJ....145..102L,24
Ross  104,3526,,-0.09,2012ApJ...748...93R,25
Ross  104,3460,,,2009A&A...508.1313F,26
Ross 1057,3400,5.2,,2020AJ....159...30H,1
Ross 1057,3400,4.86,,2022ApJ...927..122H,2
Ross 1057,3430,5.02,-0.18,2018A&A...615A...6P,3
Ross 1057,3459,,,2014MNRAS.443.2561G,4
Ross 1057,3390,5.0,,2013AJ....145..102L,5
Ross  119,3300,5.1,,2020AJ....159...30H,1
Ross  119,3300,4.98,,2022ApJ...927..122H,2
Ross  119,3298,,,2014MNRAS.443.2561G,3
Ross  119,3270,5.0,,2013AJ....145..102L,4
Ross  128,3114,,-0.3,2024A&A...691A..53S,1
Ross  128,3243,5.066,-0.13,2025A&A...696A..62O,2
Ross  128,5570,4.015,-0.088,2022AJ....163..152S,3
Ross  128,3150,5.2,,2020AJ....159...30H,4
Ross  128,3163,5.047,0.0,2024A&A...683A.125P,5
Ross  128,3203,4.95,,2024A&A...687A.205M,6
Ross  128,3170,,-0.07,2021MNRAS.508.5148C,7
Ross  128,3200,5.04,,2022ApJ...927..122H,8
Ross  128,3166,,-0.3,2024A&A...690A..58A,9
Ross  128,3114,,-0.3,2024A&A...690A..58A,10
Ross  128,3262,4.715,,2022ApJS..259...35A,11
Ross  128,3207,4.7,,2023MNRAS.526.5648C,12
Ross  128,3206,5.072,-0.042,2021ApJS..255....8R,13
Ross  128,3198,4.82,,2022MNRAS.516.3802C,14
Ross  128,3220,5.0311,,2021A&A...649A.147S,15
Ross  128,5164,4.36,-0.134,2020ApJ...898..119R,16
Ross  128,3157,,-0.07,2020ApJ...892...31B,17
Ross  128,3306,,-0.19,2021A&A...656A.162M,18
Ross  128,3325,5.09,-0.16,2021A&A...656A.162M,19
Ross  128,3358,5.112,-0.533,2020AJ....160..120J,20
Ross  128,3279,5.07,-0.2,2020A&A...644A..68M,21
Ross  128,3413,,-0.02,2019ApJ...878..134K,22
Ross  128,3085,4.76,-0.05,2019ApJ...878..134K,23
Ross  128,3086,4.77,-0.05,2019ApJ...878..134K,24
Ross  128,3085,4.76,-0.04,2019ApJ...878..134K,25
Ross  128,3084,4.77,-0.05,2019ApJ...878..134K,26
Ross  128,3085,4.77,-0.04,2019ApJ...878..134K,27
Ross  128,3086,4.77,-0.04,2019ApJ...878..134K,28
Ross  128,3244,,-0.14,2018MNRAS.475.1960F,29
Ross  128,3264,5.09,-0.04,2019A&A...625A..68S,30
Ross  128,3232,4.93,-0.04,2019A&A...627A.161P,31
Ross  128,3267,4.89,-0.01,2019A&A...627A.161P,32
Ross  128,3226,4.19,0.0,2019A&A...627A.161P,33
Ross  128,3200,-2.43,-0.02,2019AJ....157...63K,34
Ross  128,3500,5.0,,2018A&A...620A.180R,35
Ross  128,3251,5.1,-0.04,2018A&A...615A...6P,36
Ross  128,3145,,,2014MNRAS.443.2561G,37
Ross  128,3277,,-0.02,2014ApJ...791...54G,38
Ross  128,3288,,-0.08,2015ApJS..220...16T,39
Ross  128,3350,,-0.14,2015ApJS..220...16T,40
Ross  128,,,-0.0,2015ApJS..220...16T,41
Ross  128,3130,5.0,,2013AJ....145..102L,42
Ross  128,3192,,-0.02,2015ApJ...804...64M,43
Ross  128,3065,,-0.01,2012ApJ...748...93R,44
Ross  145,3523,4.79,,2024A&A...687A.205M,1
Ross  145,3450,4.85,,2022ApJ...927..122H,2
Ross  145,3562,4.91,-0.11,2021ApJS..255....8R,3
Ross  145,3521,,-0.23,2021A&A...656A.162M,4
Ross  145,3519,4.93,-0.3,2021A&A...656A.162M,5
Ross  145,3473,,-0.172,2018MNRAS.475.1960F,6
Ross  145,3471,4.96,-0.1,2019A&A...625A..68S,7
Ross  145,3436,4.81,-0.05,2019A&A...627A.161P,8
Ross  145,3462,4.81,-0.05,2019A&A...627A.161P,9
Ross  145,3446,4.8,-0.03,2019A&A...627A.161P,10
Ross  145,3500,5.1,,2018A&A...620A.180R,11
Ross  145,3473,4.95,-0.06,2018A&A...615A...6P,12
Ross  145,3376,,,2014MNRAS.443.2561G,13
Ross  145,3456,,-0.16,2014ApJ...791...54G,14
Ross  145,3530,5.0,,2013AJ....145..102L,15
Ross  145,3400,,-0.16,2015ApJ...804...64M,16
Ross  149,3261,4.93,,2024A&A...687A.205M,1
Ross  149,3250,4.9,,2022ApJ...927..122H,2
Ross  149,3398,,-0.04,2021A&A...656A.162M,3
Ross  149,3335,5.18,-0.15,2021A&A...656A.162M,4
Ross  149,3302,,0.03,2019ApJ...878..134K,5
Ross  149,3304,5.08,-0.08,2019A&A...625A..68S,6
Ross  149,3259,4.95,-0.08,2019A&A...627A.161P,7
Ross  149,3250,4.93,0.0,2019A&A...627A.161P,8
Ross  149,3254,4.94,-0.04,2019A&A...627A.161P,9
Ross  149,3400,5.5,,2018A&A...620A.180R,10
Ross  149,3301,5.07,-0.05,2018A&A...615A...6P,11
Ross  149,3207,,,2014MNRAS.443.2561G,12
Ross  149,3328,,0.14,2015ApJS..220...16T,13
Ross  149,3423,,-0.21,2015ApJS..220...16T,14
Ross  149,3409,,0.12,2015ApJS..220...16T,15
Ross  149,3280,5.0,,2013AJ....145..102L,16
Ross  149,3223,,0.04,2015ApJ...804...64M,17
Ross  149,,,0.16,2014AJ....147...20N,18
Ross   15,3300,4.83,,2022ApJ...927..122H,1
Ross   15,3200,5.0,,2023MNRAS.524.6085K,2
Ross   15,3107,,,2018MNRAS.475.1960F,3
Ross   15,3241,,,2014MNRAS.443.2561G,4
Ross   15,3284,,0.1,2015ApJS..220...16T,5
Ross   15,3246,,-0.02,2015ApJS..220...16T,6
Ross   15,3057,,-0.1,2015ApJS..220...16T,7
Ross   15,3290,5.0,,2013AJ....145..102L,8
Ross  248,3500,3.5,,2023MNRAS.519.5472M,1
Ross  248,2950,4.9,,2020AJ....159...30H,2
Ross  248,3123,,-0.22,2025ApJ...978..154J,3
Ross  248,3131,5.05,,2024A&A...687A.205M,4
Ross  248,3000,5.1,,2022ApJ...927..122H,5
Ross  248,3074,4.68,,2023MNRAS.526.5648C,6
Ross  248,3507,0.1,0.77,2021MNRAS.505.4496G,7
Ross  248,2922,,-0.83,2022A&A...658A.194P,8
Ross  248,3139,5.03,0.08,2022A&A...658A.194P,9
Ross  248,3246,4.82,0.04,2022A&A...658A.194P,10
Ross  248,3167,5.13,0.2,2022A&A...658A.194P,11
Ross  248,3176,5.17,0.21,2022A&A...658A.194P,12
Ross  248,3173,5.12,-0.52,2022A&A...658A.194P,13
Ross  248,3195,4.77,0.79,2022A&A...658A.194P,14
Ross  248,2831,,-0.1,2022A&A...658A.194P,15
Ross  248,3058,5.02,0.5,2022A&A...658A.194P,16
Ross  248,2995,5.01,0.4,2022A&A...658A.194P,17
Ross  248,3058,5.02,0.01,2022A&A...658A.194P,18
Ross  248,3140,5.0,-0.13,2022A&A...658A.194P,19
Ross  248,3058,5.02,0.12,2022A&A...658A.194P,20
Ross  248,3069,5.02,-0.06,2022A&A...658A.194P,21
Ross  248,3114,5.121,-0.028,2021ApJS..255....8R,22
Ross  248,3069,4.78,,2022MNRAS.516.3802C,23
Ross  248,3175,,0.01,2021A&A...656A.162M,24
Ross  248,3186,5.15,0.04,2021A&A...656A.162M,25
Ross  248,3186,,-0.103,2018MNRAS.475.1960F,26
Ross  248,3142,5.13,0.02,2019A&A...625A..68S,27
Ross  248,3080,4.96,0.11,2019A&A...627A.161P,28
Ross  248,3143,4.97,0.0,2019A&A...627A.161P,29
Ross  248,3069,4.97,0.11,2019A&A...627A.161P,30
Ross  248,3100,5.5,,2018A&A...620A.180R,31
Ross  248,3144,5.13,0.05,2018A&A...615A...6P,32
Ross  248,3005,,,2014MNRAS.443.2561G,33
Ross  248,3067,,0.29,2014ApJ...791...54G,34
Ross  248,3280,,0.55,2015ApJS..220...16T,35
Ross  248,3222,,0.03,2015ApJS..220...16T,36
Ross  248,,,0.4,2015ApJS..220...16T,37
Ross  248,3110,5.0,,2013AJ....145..102L,38
Ross  248,2930,,0.23,2015ApJ...804...64M,39
Ross  248,3058,,0.19,2012ApJ...748...93R,40
Ross  248,2799,5.12,,2011A&A...531A.165P,41
Ross  271,3729,4.69,,2024A&A...687A.205M,1
Ross  271,3600,4.7,,2022ApJ...927..122H,2
Ross  271,3696,,-0.05,2021A&A...656A.162M,3
Ross  271,3704,4.77,-0.01,2021A&A...656A.162M,4
Ross  271,3550,4.93,-0.13,2019A&A...625A..68S,5
Ross  271,3693,4.66,0.36,2019A&A...627A.161P,6
Ross  271,3742,4.65,0.58,2019A&A...627A.161P,7
Ross  271,3733,4.65,0.45,2019A&A...627A.161P,8
Ross  271,3600,5.5,,2018A&A...620A.180R,9
Ross  271,3554,4.9,-0.1,2018A&A...615A...6P,10
Ross  271,3601,,,2014MNRAS.443.2561G,11
Ross  271,3653,,0.26,2014ApJ...791...54G,12
Ross  271,3650,4.5,,2013AJ....145..102L,13
Ross  318,3450,4.9,,2020AJ....159...30H,1
Ross  318,3715,4.71,,2024A&A...687A.205M,2
Ross  318,3500,4.76,,2022ApJ...927..122H,3
Ross  318,3537,4.68,,2023MNRAS.526.5648C,4
Ross  318,3655,4.806,0.132,2021ApJS..255....8R,5
Ross  318,3529,4.68,,2022MNRAS.516.3802C,6
Ross  318,3516,,-0.14,2021A&A...656A.162M,7
Ross  318,3524,4.86,-0.08,2021A&A...656A.162M,8
Ross  318,3502,,0.044,2018MNRAS.475.1960F,9
Ross  318,3488,4.91,0.02,2019A&A...625A..68S,10
Ross  318,3419,4.8,0.02,2019A&A...627A.161P,11
Ross  318,3563,4.68,0.35,2019A&A...627A.161P,12
Ross  318,3432,4.78,0.08,2019A&A...627A.161P,13
Ross  318,3478,4.92,0.0,2018A&A...615A...6P,14
Ross  318,3475,,,2014MNRAS.443.2561G,15
Ross  318,3400,5.0,,2013AJ....145..102L,16
Ross  370A,3550,4.8,,2020AJ....159...30H,1
Ross  370A,3600,4.77,,2022ApJ...927..122H,2
Ross  370A,3679,,,2014MNRAS.443.2561G,3
Ross  370A,3590,4.5,,2013AJ....145..102L,4
Ross  370B,3525,,,2014MNRAS.443.2561G,1
Ross   41,3350,5.0,,2020AJ....159...30H,1
Ross   41,3322,4.9775,0.0,2024A&A...683A.125P,2
Ross   41,3380,4.91,,2024A&A...687A.205M,3
Ross   41,3350,4.97,,2022ApJ...927..122H,4
Ross   41,3227,,-0.33,2024A&A...690A..58A,5
Ross   41,3438,,-0.23,2021A&A...656A.162M,6
Ross   41,3440,5.05,-0.24,2021A&A...656A.162M,7
Ross   41,3325,5.08,-0.22,2020A&A...644A..68M,8
Ross   41,3381,,-0.18,2019ApJ...878..134K,9
Ross   41,3323,,-0.206,2018MNRAS.475.1960F,10
Ross   41,3362,5.03,-0.05,2019A&A...625A..68S,11
Ross   41,3332,4.86,-0.01,2019A&A...627A.161P,12
Ross   41,3379,4.83,0.0,2019A&A...627A.161P,13
Ross   41,3335,4.85,0.0,2019A&A...627A.161P,14
Ross   41,3400,5.1,,2018A&A...620A.180R,15
Ross   41,3362,5.03,-0.03,2018A&A...615A...6P,16
Ross   41,3294,,,2014MNRAS.443.2561G,17
Ross   41,3290,5.0,,2013AJ....145..102L,18
Ross   41,,,-0.21,2014AJ....147...20N,19
Ross   42,3292,,,2014MNRAS.443.2561G,1
Ross   42,3200,4.5,,2013AJ....145..102L,2
Ross  440,3550,4.8,,2020AJ....159...30H,1
Ross  440,3437,,-0.46,2021MNRAS.508.5148C,2
Ross  440,3479,,-0.01,2014MNRAS.443.2561G,3
Ross   46,6159,4.9,0.25,2024A&A...683A.125P,1
Ross   46,3411,4.85,,2024A&A...687A.205M,2
Ross   46,3463,,-0.12,2021A&A...656A.162M,3
Ross   46,3464,4.85,-0.12,2021A&A...656A.162M,4
Ross   46,3394,4.91,-0.01,2020A&A...644A..68M,5
Ross   46,3364,,0.09,2019ApJ...878..134K,6
Ross   46,3323,,-0.022,2018MNRAS.475.1960F,7
Ross   46,3421,4.98,-0.01,2019A&A...625A..68S,8
Ross   46,3398,4.83,0.05,2019A&A...627A.161P,9
Ross   46,3375,4.83,0.13,2019A&A...627A.161P,10
Ross   46,3385,4.84,0.04,2019A&A...627A.161P,11
Ross   46,3400,5.1,,2018A&A...620A.180R,12
Ross   46,3424,4.98,0.0,2018A&A...615A...6P,13
Ross   46,3242,,,2014MNRAS.443.2561G,14
Ross   46,3418,,0.02,2014ApJ...791...54G,15
Ross   46,3240,4.5,,2013AJ....145..102L,16
Ross   46,,,0.15,2014AJ....147...20N,17
Ross   47,5502,4.041,-0.165,2022AJ....163..152S,1
Ross   47,3243,4.9876,0.0,2024A&A...683A.125P,2
Ross   47,3391,4.88,,2024A&A...687A.205M,3
Ross   47,3066,,-0.24,2024A&A...690A..58A,4
Ross   47,3344,4.676,,2022ApJS..259...35A,5
Ross   47,3220,,-0.33,2020ApJ...892...31B,6
Ross   47,3295,,-0.44,2021A&A...656A.162M,7
Ross   47,3324,4.93,-0.44,2021A&A...656A.162M,8
Ross   47,3264,5.15,-0.1,2020A&A...644A..68M,9
Ross   47,3266,,-0.16,2020A&A...639A..35H,10
Ross   47,3203,,-0.03,2019ApJ...878..134K,11
Ross   47,3253,,-0.192,2018MNRAS.475.1960F,12
Ross   47,3042,,,2019A&A...629A..80H,13
Ross   47,3311,5.05,0.01,2019A&A...625A..68S,14
Ross   47,3257,4.88,0.02,2019A&A...627A.161P,15
Ross   47,3273,4.85,0.12,2019A&A...627A.161P,16
Ross   47,3259,4.88,0.03,2019A&A...627A.161P,17
Ross   47,3200,4.5,,2018A&A...620A.180R,18
Ross   47,3310,5.05,0.04,2018A&A...615A...6P,19
Ross   47,3122,,,2014MNRAS.443.2561G,20
Ross   47,3321,,-0.21,2014ApJ...791...54G,21
Ross   47,3100,4.5,,2013AJ....145..102L,22
Ross   47,3250,,-0.22,2015ApJ...804...64M,23
Ross   47,3167,,-0.25,2012ApJ...748...93R,24
Ross  486A,3546,4.75,,2024A&A...687A.205M,1
Ross  486A,3509,,-0.03,2021MNRAS.508.5148C,2
Ross  486A,3535,,-0.13,2021A&A...656A.162M,3
Ross  486A,3554,4.86,-0.12,2021A&A...656A.162M,4
Ross  486A,3800,5.5,,2020AJ....160...83S,5
Ross  486A,3610,4.5,,2020AJ....160...83S,6
Ross  486A,3433,,0.11,2018MNRAS.475.1960F,7
Ross  486A,3482,4.92,0.01,2019A&A...625A..68S,8
Ross  486A,3415,4.81,0.01,2019A&A...627A.161P,9
Ross  486A,3585,4.67,0.56,2019A&A...627A.161P,10
Ross  486A,3425,4.79,0.08,2019A&A...627A.161P,11
Ross  486A,3400,5.0,,2018A&A...620A.180R,12
Ross  486A,3498,,0.08,2015ApJ...804...64M,13
Ross  486A,3609,4.5,,2013AJ....146..134K,14
Ross  486B,3603,3.99,,2020AJ....160...83S,1
Ross  486B,3603,3.99,,2013AJ....146..134K,2
Ross  508,3071,,-0.2,2024A&A...691A..53S,1
Ross  508,3200,5.04,,2022ApJ...927..122H,2
Ross  508,3280,,-0.23,2015ApJS..220...16T,3
Ross  508,3212,,-0.21,2015ApJS..220...16T,4
Ross  508,3245,,-0.16,2015ApJS..220...16T,5
Ross  508,3164,,-0.25,2015ApJ...804...64M,6
Ross  508,,,-0.22,2014AJ....147...20N,7
Ross  508,2966,,,2009ApJ...704..975J,8
Ross  567,3582,4.8,,2024A&A...687A.205M,1
Ross  567,3400,4.85,,2022ApJ...927..122H,2
Ross  567,3506,,-0.26,2021A&A...656A.162M,3
Ross  567,3501,5.04,-0.28,2021A&A...656A.162M,4
Ross  567,3493,,-0.248,2018MNRAS.475.1960F,5
Ross  567,3488,4.93,-0.04,2019A&A...625A..68S,6
Ross  567,3433,4.81,-0.02,2019A&A...627A.161P,7
Ross  567,3504,4.81,-0.12,2019A&A...627A.161P,8
Ross  567,3454,4.79,0.0,2019A&A...627A.161P,9
Ross  567,3300,5.5,,2018A&A...620A.180R,10
Ross  567,3484,4.94,-0.04,2018A&A...615A...6P,11
Ross  567,3476,,,2014MNRAS.443.2561G,12
Ross  567,3400,5.0,,2013AJ....145..102L,13
Ross  594,3100,5.2,,2020AJ....159...30H,1
Ross  594,3100,5.05,,2022ApJ...927..122H,2
Ross  594,2970,,,2018MNRAS.475.1960F,3
Ross  594,3278,,0.11,2015ApJS..220...16T,4
Ross  594,3283,,-0.11,2015ApJS..220...16T,5
Ross  594,,,0.15,2015ApJS..220...16T,6
Ross  614,3288,,-0.34,2021MNRAS.508.5148C,1
Ross  614,2905,4.545,,2019A&A...629A..80H,2
Ross  614,3168,,,2014MNRAS.443.2561G,3
Ross  614,3039,,0.13,2012ApJ...748...93R,4
Ross  619,3185,5.1133,0.0,2024A&A...683A.125P,1
Ross  619,3316,4.97,,2024A&A...687A.205M,2
Ross  619,3246,,-0.65,2024A&A...690A..58A,3
Ross  619,3225,,-0.8,2021A&A...656A.162M,4
Ross  619,3245,5.24,-0.72,2021A&A...656A.162M,5
Ross  619,3245,5.09,-0.43,2020A&A...644A..68M,6
Ross  619,3434,,-0.51,2019ApJ...878..134K,7
Ross  619,3464,,-0.523,2018MNRAS.475.1960F,8
Ross  619,3200,5.15,-0.17,2019A&A...625A..68S,9
Ross  619,3179,5.0,-0.14,2019A&A...627A.161P,10
Ross  619,3235,4.97,-0.12,2019A&A...627A.161P,11
Ross  619,3190,4.99,-0.11,2019A&A...627A.161P,12
Ross  619,3200,5.1,,2018A&A...620A.180R,13
Ross  619,3152,,-0.11,2014MNRAS.443.2561G,14
Ross  619,3050,5.0,,2013AJ....145..102L,15
Ross  619,,,-0.56,2014AJ....147...20N,16
Ross  619,3021,,-0.46,2012ApJ...748...93R,17
Ross   64,3327,4.96,,2024A&A...687A.205M,1
Ross   64,3253,,-0.63,2021A&A...656A.162M,2
Ross   64,3249,5.1,-0.67,2021A&A...656A.162M,3
Ross   64,3237,5.11,-0.07,2019A&A...625A..68S,4
Ross   64,3205,4.95,-0.05,2019A&A...627A.161P,5
Ross   64,3230,4.92,-0.02,2019A&A...627A.161P,6
Ross   64,3216,4.93,-0.02,2019A&A...627A.161P,7
Ross   64,3200,5.0,,2018A&A...620A.180R,8
Ross   64,3238,5.11,-0.08,2018A&A...615A...6P,9
Ross   64,3099,,-0.19,2014MNRAS.443.2561G,10
Ross   64,3060,5.0,,2013AJ....145..102L,11
Ross   64,3165,,-0.18,2015ApJ...804...64M,12
Ross   64,,,-0.39,2014AJ....147...20N,13
Ross  695,3450,5.0,,2020AJ....159...30H,1
Ross  695,3510,4.9406,0.0,2024A&A...683A.125P,2
Ross  695,3677,4.79,,2024A&A...687A.205M,3
Ross  695,3335,,0.04,2021MNRAS.508.5148C,4
Ross  695,3400,4.93,,2022ApJ...927..122H,5
Ross  695,3571,,-0.56,2024A&A...690A..58A,6
Ross  695,3604,5.02,-0.414,2021ApJS..255....8R,7
Ross  695,3414,,-0.93,2021A&A...656A.162M,8
Ross  695,3432,5.09,-0.88,2021A&A...656A.162M,9
Ross  695,3408,4.97,-0.25,2020A&A...644A..68M,10
Ross  695,3845,,-0.44,2019ApJ...878..134K,11
Ross  695,3363,,,2018MNRAS.475.1960F,12
Ross  695,3485,4.98,-0.17,2019A&A...625A..68S,13
Ross  695,3459,4.82,-0.11,2019A&A...627A.161P,14
Ross  695,3512,4.86,-0.26,2019A&A...627A.161P,15
Ross  695,3476,4.81,-0.08,2019A&A...627A.161P,16
Ross  695,3500,5.0,,2018A&A...620A.180R,17
Ross  695,3476,4.98,-0.18,2018A&A...615A...6P,18
Ross  695,3499,,-0.3,2014MNRAS.443.2561G,19
Ross  695,3427,,,2014ApJ...791...54G,20
Ross  695,3500,5.0,,2013A&A...556A..15R,21
Ross  730,3500,4.8,,2020AJ....159...30H,1
Ross  730,3639,4.8,,2024A&A...687A.205M,2
Ross  730,3452,,-0.21,2021MNRAS.508.5148C,3
Ross  730,3500,4.88,,2022ApJ...927..122H,4
Ross  730,3641,4.96,-0.379,2021ApJS..255....8R,5
Ross  730,3538,,-0.75,2021A&A...656A.162M,6
Ross  730,3543,5.03,-0.68,2021A&A...656A.162M,7
Ross  730,3536,4.94,-0.2,2019A&A...625A..68S,8
Ross  730,3508,4.82,-0.17,2019A&A...627A.161P,9
Ross  730,3539,4.8,-0.16,2019A&A...627A.161P,10
Ross  730,3518,4.81,-0.14,2019A&A...627A.161P,11
Ross  730,3500,5.0,,2018A&A...620A.180R,12
Ross  730,3532,4.95,-0.21,2018A&A...615A...6P,13
Ross  730,3514,,,2014MNRAS.443.2561G,14
Ross  730,3440,4.5,,2013AJ....145..102L,15
Ross  730,3500,,-0.33,2015ApJ...804...64M,16
Ross  730,,,-0.47,2014AJ....147...20N,17
Ross  775,3400,5.0,,2020AJ....159...30H,1
Ross  775,3531,,-0.2,2021MNRAS.508.5148C,2
Ross  775,3450,4.82,,2022ApJ...927..122H,3
Ross  775,3191,,,2018MNRAS.475.1960F,4
Ross  775,3142,4.037,,2019A&A...629A..80H,5
Ross  775,3440,,,2014MNRAS.443.2561G,6
Ross  775,3355,,-0.1,2015ApJS..220...16T,7
Ross  775,3416,,-0.29,2015ApJS..220...16T,8
Ross  775,3441,,-0.23,2015ApJS..220...16T,9
Ross  775,3400,5.0,,2013AJ....145..102L,10
Ross  775,3349,,-0.13,2012ApJ...748...93R,11
Ross  802,3356,4.88,,2024A&A...687A.205M,1
Ross  802,3373,,-0.47,2021MNRAS.508.5148C,2
Ross  802,3400,,-0.1,2021A&A...656A.162M,3
Ross  802,3428,4.75,-0.11,2021A&A...656A.162M,4
Ross  802,3370,5.0,0.07,2019A&A...625A..68S,5
Ross  802,3298,4.86,0.03,2019A&A...627A.161P,6
Ross  802,3321,4.83,0.1,2019A&A...627A.161P,7
Ross  802,3309,4.84,0.07,2019A&A...627A.161P,8
Ross  802,3300,5.0,,2018A&A...620A.180R,9
Ross  802,3263,,0.12,2014MNRAS.443.2561G,10
Ross  802,4128,0.51,,2013AJ....146..134K,11
Ross  837,5857,4.9,0.16,2024A&A...683A.125P,1
Ross  837,3347,4.93,,2024A&A...687A.205M,2
Ross  837,3461,,-0.08,2021A&A...656A.162M,3
Ross  837,3442,5.13,-0.14,2021A&A...656A.162M,4
Ross  837,3421,,-0.35,2019ApJ...878..134K,5
Ross  837,3372,5.05,-0.15,2019A&A...625A..68S,6
Ross  837,3343,4.89,-0.12,2019A&A...627A.161P,7
Ross  837,3314,4.88,-0.04,2019A&A...627A.161P,8
Ross  837,3337,4.9,-0.13,2019A&A...627A.161P,9
Ross  837,3400,5.1,,2018A&A...620A.180R,10
Ross  837,3377,,-0.13,2014MNRAS.443.2561G,11
Ross  837,3200,5.0,,2013AJ....145..102L,12
Ross  848,3253,,-0.07,2014MNRAS.443.2561G,1
Ross  848,3341,,-0.17,2015ApJ...804...64M,2
Ross   85,3650,4.8,,2020AJ....159...30H,1
Ross   85,3580,4.7614,0.0,2024A&A...683A.125P,2
Ross   85,3680,4.72,,2024A&A...687A.205M,3
Ross   85,3700,4.75,,2022ApJ...927..122H,4
Ross   85,4106,4.5553,-0.329,2023A&A...671A..61N,5
Ross   85,4108,4.5776,-0.336,2023A&A...671A..61N,6
Ross   85,4088,4.585,-0.342,2023A&A...671A..61N,7
Ross   85,4105,4.6588,-0.332,2023A&A...671A..61N,8
Ross   85,4113,4.658,-0.336,2023A&A...671A..61N,9
Ross   85,4094,4.6111,-0.36,2023A&A...671A..61N,10
Ross   85,4095,4.601,-0.345,2023A&A...671A..61N,11
Ross   85,4284,4.6,-0.18,2023A&A...676A.129H,12
Ross   85,3711,4.8,0.041,2021ApJS..255....8R,13
Ross   85,3688,,-0.2,2021A&A...656A.162M,14
Ross   85,3699,5.01,-0.03,2021A&A...656A.162M,15
Ross   85,3619,4.79,-0.13,2020A&A...644A..68M,16
Ross   85,3500,,-0.13,2019ApJ...878..134K,17
Ross   85,3613,4.87,-0.11,2019A&A...625A..68S,18
Ross   85,3630,4.73,0.1,2019A&A...627A.161P,19
Ross   85,3671,4.7,0.33,2019A&A...627A.161P,20
Ross   85,3654,4.72,0.18,2019A&A...627A.161P,21
Ross   85,3500,5.1,,2018A&A...620A.180R,22
Ross   85,3601,4.88,-0.14,2018A&A...615A...6P,23
Ross   85,3633,,,2014MNRAS.443.2561G,24
Ross   85,3587,,-0.05,2014ApJ...791...54G,25
Ross   85,3600,4.5,,2013AJ....145..102L,26
Ross   85,3500,,-0.05,2015ApJ...804...64M,27
Ross  863,5516,4.587,-0.168,2022AJ....163..152S,1
Ross  863,3550,4.9,,2020AJ....159...30H,2
Ross  863,3515,4.78,,2024A&A...687A.205M,3
Ross  863,3500,4.82,,2022ApJ...927..122H,4
Ross  863,3545,,-0.21,2021A&A...656A.162M,5
Ross  863,3534,4.94,-0.22,2021A&A...656A.162M,6
Ross  863,3486,4.94,-0.07,2019A&A...625A..68S,7
Ross  863,3441,4.81,-0.03,2019A&A...627A.161P,8
Ross  863,3534,4.7,0.26,2019A&A...627A.161P,9
Ross  863,3454,4.79,0.0,2019A&A...627A.161P,10
Ross  863,3500,5.1,,2018A&A...620A.180R,11
Ross  863,3482,4.94,-0.05,2018A&A...615A...6P,12
Ross  863,3373,,,2014MNRAS.443.2561G,13
Ross  863,3421,,0.0,2014ApJ...791...54G,14
Ross  863,3400,5.0,,2013AJ....145..102L,15
Ross  867,5536,4.544,-0.004,2022AJ....163..152S,1
Ross  867,3249,4.778,,2022ApJS..259...35A,2
Ross  867,3145,,0.2,2020ApJ...892...31B,3
Ross  867,3344,5.3521,0.034,2020AJ....160..120J,4
Ross  867,3426,,0.07,2014MNRAS.443.2561G,5
Ross  867,3260,4.5,,2013AJ....145..102L,6
Ross  867,,,0.28,2014AJ....147...20N,7
Ross  868,3050,5.0,,2020AJ....159...30H,1
Ross  868,3150,4.81,,2022ApJ...927..122H,2
Ross  868,3200,5.0,,2023MNRAS.524.6085K,3
Ross  868,3324,,0.034,2018MNRAS.475.1960F,4
Ross  868,3162,,,2014MNRAS.443.2561G,5
Ross  868,3130,5.0,,2013AJ....145..102L,6
Ross  868,,,0.26,2014AJ....147...20N,7
Ross  905,3488,4.81,0.02,2026AJ....172..121T,1
Ross  905,3478,,-0.08,2024A&A...691A..53S,2
Ross  905,,,-0.01,2025A&A...698A.289O,3
Ross  905,5536,4.32,-0.098,2022AJ....163..152S,4
Ross  905,3500,4.8,,2020AJ....159...30H,5
Ross  905,3456,4.8035,0.0,2024A&A...683A.125P,6
Ross  905,3551,4.76,,2024A&A...687A.205M,7
Ross  905,3500,4.79,,2022ApJ...927..122H,8
Ross  905,3531,,-0.01,2024A&A...690A..58A,9
Ross  905,3422,,-0.01,2024A&A...690A..58A,10
Ross  905,3476,,-0.03,2024A&A...690A..58A,11
Ross  905,3458,,-0.13,2024A&A...690A..58A,12
Ross  905,3478,,-0.08,2024A&A...690A..58A,13
Ross  905,3401,,-0.04,2024A&A...690A..58A,14
Ross  905,3507,4.81,0.1,2024ApJ...973...90M,15
Ross  905,3568,4.614,,2022ApJS..259...35A,16
Ross  905,3521,4.73,,2023MNRAS.526.5648C,17
Ross  905,4228,4.6231,-0.431,2023A&A...671A..61N,18
Ross  905,4202,4.6711,-0.387,2023A&A...671A..61N,19
Ross  905,4218,4.6013,-0.449,2023A&A...671A..61N,20
Ross  905,4321,4.4729,-0.53,2023A&A...671A..61N,21
Ross  905,4183,5.7922,-0.608,2023A&A...671A..61N,22
Ross  905,4218,4.6022,-0.449,2023A&A...671A..61N,23
Ross  905,3370,4.833,-0.46,2021ApJS..255...15W,24
Ross  905,3494,4.57,,2023A&A...676A.129H,25
Ross  905,3395,,-0.16,2022A&A...658A.194P,26
Ross  905,3618,4.79,-0.02,2022A&A...658A.194P,27
Ross  905,3666,4.72,-0.09,2022A&A...658A.194P,28
Ross  905,3373,4.67,-0.38,2022A&A...658A.194P,29
Ross  905,3449,4.73,-0.21,2022A&A...658A.194P,30
Ross  905,3632,4.77,-0.16,2022A&A...658A.194P,31
Ross  905,3436,4.75,0.17,2022A&A...658A.194P,32
Ross  905,3314,,-0.05,2022A&A...658A.194P,33
Ross  905,3478,4.83,0.2,2022A&A...658A.194P,34
Ross  905,3514,4.75,0.18,2022A&A...658A.194P,35
Ross  905,3478,4.83,-0.03,2022A&A...658A.194P,36
Ross  905,3492,4.74,-0.04,2022A&A...658A.194P,37
Ross  905,3478,4.83,-0.09,2022A&A...658A.194P,38
Ross  905,3455,4.84,-0.12,2022A&A...658A.194P,39
Ross  905,3586,4.841,0.099,2021ApJS..255....8R,40
Ross  905,3508,4.75,,2022MNRAS.516.3802C,41
Ross  905,3639,4.7239,-0.167,2020AJ....160..120J,42
Ross  905,3507,,-0.22,2021A&A...656A.162M,43
Ross  905,3533,4.83,-0.19,2021A&A...656A.162M,44
Ross  905,3489,4.84,-0.06,2020A&A...644A..68M,45
Ross  905,3353,,0.05,2019ApJ...878..134K,46
Ross  905,3500,,0.007,2018MNRAS.475.1960F,47
Ross  905,3505,4.91,-0.04,2019A&A...625A..68S,48
Ross  905,3459,4.79,-0.01,2019A&A...627A.161P,49
Ross  905,3571,4.69,0.3,2019A&A...627A.161P,50
Ross  905,3472,4.77,0.03,2019A&A...627A.161P,51
Ross  905,3600,-1.638,0.01,2019AJ....157...63K,52
Ross  905,3500,4.0,,2018A&A...620A.180R,53
Ross  905,3512,4.9,-0.02,2018A&A...615A...6P,54
Ross  905,3479,,0.07,2014MNRAS.443.2561G,55
Ross  905,3416,,,2012ApJ...757..112B,56
Ross  905,3606,,0.0,2014ApJ...791...54G,57
Ross  905,3469,,0.0,2015ApJS..220...16T,58
Ross  905,3592,,-0.02,2015ApJS..220...16T,59
Ross  905,3393,,-0.18,2015ApJS..220...16T,60
Ross  905,3400,5.0,,2013AJ....145..102L,61
Ross  905,3479,,0.01,2015ApJ...804...64M,62
Ross  905,,,0.02,2014AJ....147...20N,63
Ross  905,3256,4.84,0.01,2013A&A...556A.150S,64
Ross  905,3469,,0.04,2012ApJ...748...93R,65
Ross   92,3100,4.8,,2020AJ....159...30H,1
Ross   92,3200,5.09,,2022ApJ...927..122H,2
Ross   92,3044,4.72,-0.12,2019ApJ...878..134K,3
Ross   92,,,-0.33,2014AJ....147...20N,4
Ross   92,2966,,,2009ApJ...704..975J,5
Ross  987,3751,,-0.31,2014MNRAS.443.2561G,1
Ross  987,3500,4.5,,2013AJ....145..102L,2
Ross  989,3291,4.9,,2024A&A...687A.205M,1
Ross  989,3248,,-0.93,2021A&A...656A.162M,2
Ross  989,3289,5.1,-0.15,2021A&A...656A.162M,3
Ross  989,3444,,0.106,2018MNRAS.475.1960F,4
Ross  989,3268,4.92,-0.03,2019A&A...627A.161P,5
Ross  989,3312,4.97,-0.25,2019A&A...627A.161P,6
Ross  989,3261,4.93,-0.05,2019A&A...627A.161P,7
Ross  989,3400,5.5,,2018A&A...620A.180R,8
Ross  989,3319,5.06,-0.03,2018A&A...615A...6P,9
Ross  989,3604,,0.1,2014MNRAS.443.2561G,10
Ross  989,3400,5.0,,2013AJ....145..102L,11
RX J0128.6-1457,4500,2.15,,2020AJ....160...83S,1
RX J0128.6-1457,3327,4.95,,2020AJ....160...83S,2
RX J0128.6-1457,3326,4.95,,2013AJ....146..134K,3
RX J0747.2+5020,5521,4.558,-0.078,2022AJ....163..152S,1
RX J0747.2+5020,3198,4.92,,2024A&A...687A.205M,2
RX J0747.2+5020,3250,4.94,,2022ApJ...927..122H,3
RX J0747.2+5020,3332,4.723,,2022ApJS..259...35A,4
RX J0747.2+5020,3192,,0.03,2020ApJ...892...31B,5
RX J0747.2+5020,3255,,-0.2,2021A&A...656A.162M,6
RX J0747.2+5020,3251,4.92,-0.14,2021A&A...656A.162M,7
RX J0747.2+5020,3312,5.08,-0.12,2019A&A...625A..68S,8
RX J0747.2+5020,3264,4.94,-0.08,2019A&A...627A.161P,9
RX J0747.2+5020,3223,4.93,0.01,2019A&A...627A.161P,10
RX J0747.2+5020,3255,4.94,-0.09,2019A&A...627A.161P,11
RX J0747.2+5020,3500,5.5,,2018A&A...620A.180R,12
RX J0747.2+5020,3225,,-0.05,2014MNRAS.443.2561G,13
RX J0747.2+5020,3190,4.5,,2013AJ....145..102L,14
RX J1214.1-2345,4297,3.81,,2020AJ....160...83S,1
RX J1214.1-2345,2936,,,2018MNRAS.475.1960F,2
RX J1214.1-2345,4297,3.81,,2013AJ....146..134K,3
SCR J0642-6707,5593,3.33,-0.591,2022AJ....163..152S,1
SCR J0717-0501,5539,4.365,-0.069,2022AJ....163..152S,1
SCR J0717-0501,3332,5.1416,-0.4,2020AJ....160..120J,2
SCR J0717-0501,3160,5.0,0.0,2018AJ....155...38G,3
SCR J0717-0501,3159,,-0.04,2014MNRAS.443.2561G,4
SCR J0717-0501,3294,,-0.03,2015ApJS..220...16T,5
SCR J0717-0501,3339,,-0.25,2015ApJS..220...16T,6
SCR J0717-0501,,,-0.15,2015ApJS..220...16T,7
SCR J0740-4257,3102,,,2014MNRAS.443.2561G,1
SCR J0821-6703,4793,,,2022ApJ...935L..12B,1
SCR J0821-6703,4804,7.902,,2024A&A...682A...5V,2
SCR J0821-6703,5060,8.12,,2017AJ....154...32S,3
SCR J0821-6703,5160,8.0,,2009AJ....138.1681S,4
SCR J1245-5506,3200,1.0,,2020AJ....160...83S,1
SCR J1245-5506,3553,4.942,,2020AJ....160...83S,2
SCR J1245-5506,3095,,,2014MNRAS.443.2561G,3
SCR J1245-5506,3200,1.0,,2013AJ....146..134K,4
SCR J1626-3812,2950,5.1,,2020AJ....159...30H,1
SCR J1626-3812,3000,5.14,,2022ApJ...927..122H,2
SCR J2009-0113,3100,5.09,,2022ApJ...927..122H,1
SCR J2009-0113,3388,,-0.8,2021A&A...656A.162M,2
SCR J2009-0113,3301,4.96,-0.74,2021A&A...656A.162M,3
SCR J2009-0113,3276,,0.16,2015ApJS..220...16T,4
SCR J2009-0113,3234,,0.03,2015ApJS..220...16T,5
SCR J2009-0113,,,0.27,2015ApJS..220...16T,6
SIPS J0539-0059,1600,,,2010ApJ...723..684B,1
SIPS J0921-2104,2000,,,2010ApJ...723..684B,1
SIPS J1141-3624,3025,,,2014MNRAS.443.2561G,1
SSSPM J0306-3648,1900,,,2010ApJ...723..684B,1
SSSPM J0829-1309,2300,,,2010ApJ...723..684B,1
TRAPPIST-1,2550,5.21,0.04,2024A&A...691A..53S,1
TRAPPIST-1,,,0.052,2025AJ....170..213D,2
TRAPPIST-1,2400,5.0,,2018A&A...620A.180R,3
TVLM 513-46,5618,3.287,-0.539,2022AJ....163..152S,1
TVLM 513-46,2868,,-0.04,2020ApJ...892...31B,2
UCAC4 258-045223,,,-0.3,2025AJ....170..213D,1
UCAC4 747-070768,5105,,,2022ApJ...935L..12B,1
UCAC4 747-070768,5182,8.029,,2024A&A...682A...5V,2
ULAS J141623.94+134836.3,635,4.62,,2025ApJ...982...79B,1
UPM J0812-3529,6239,,,2022ApJ...935L..12B,1
UPM J0812-3529,5355,7.905,,2024A&A...682A...5V,2
UPM J0838-2843,3608,4.19,,2020AJ....160...83S,1
UPM J0838-2843,3511,4.36,,2020AJ....160...83S,2
UPM J0838-2843,3607,4.19,,2013AJ....146..134K,3
V* AD Leo,4407,3.21,-1.211,2024A&A...692A.228C,1
V* AD Leo,5522,5.04,-0.011,2022AJ....163..152S,2
V* AD Leo,3450,5.1,,2020AJ....159...30H,3
V* AD Leo,3390,4.86,,2024A&A...687A.205M,4
V* AD Leo,3400,4.79,,2022ApJ...927..122H,5
V* AD Leo,3491,4.739,,2022ApJS..259...35A,6
V* AD Leo,4182,4.4047,-0.509,2023A&A...671A..61N,7
V* AD Leo,4198,4.4223,-0.476,2023A&A...671A..61N,8
V* AD Leo,4204,4.4188,-0.474,2023A&A...671A..61N,9
V* AD Leo,4186,4.3846,-0.479,2023A&A...671A..61N,10
V* AD Leo,4150,4.4898,-0.436,2023A&A...671A..61N,11
V* AD Leo,4193,4.412,-0.482,2023A&A...671A..61N,12
V* AD Leo,3549,4.72,-0.87,2023A&A...676A.129H,13
V* AD Leo,3627,4.846,0.016,2021ApJS..255....8R,14
V* AD Leo,3383,,0.24,2020ApJ...892...31B,15
V* AD Leo,3449,,-0.61,2021A&A...656A.162M,16
V* AD Leo,3477,5.12,-0.28,2021A&A...656A.162M,17
V* AD Leo,3592,5.1434,0.11,2020AJ....160..120J,18
V* AD Leo,3427,4.83,0.11,2020A&A...644A..68M,19
V* AD Leo,2991,,0.06,2019A&A...629A..80H,20
V* AD Leo,4316,,,2018ApJS..238...29P,21
V* AD Leo,3309,4.93,-0.13,2019A&A...627A.161P,22
V* AD Leo,3368,5.0,-0.38,2019A&A...627A.161P,23
V* AD Leo,3308,4.93,-0.13,2019A&A...627A.161P,24
V* AD Leo,3400,-1.643,0.15,2019AJ....157...63K,25
V* AD Leo,3471,,,2014MNRAS.443.2561G,26
V* AD Leo,3477,,0.16,2014ApJ...791...54G,27
V* AD Leo,3400,5.0,,2013AJ....145..102L,28
V* AD Leo,3370,,0.15,2015ApJ...804...64M,29
V* AD Leo,3390,,0.28,2012ApJ...748...93R,30
V* AK Lep,4470,4.15,-0.83,2021MNRAS.505.4496G,1
V* AK Lep,5027,4.51,-0.06,2022A&A...663A...4S,2
V* AK Lep,4880,4.4,-0.05,2019MNRAS.485.4375D,3
V* AK Lep,4719,4.614,-0.026,2021ApJS..255....8R,4
V* AK Lep,4925,4.6,-0.04,2017AJ....153...21L,5
V* AK Lep,4950,4.33,-0.14,2018MNRAS.479.1332M,6
V* AK Lep,5250,4.5,0.04,2006PASP..118..706P,7
V* AK Lep,4990,4.5,0.02,1988IAUS..132..449C,8
V* AK Lep,4967,,,2011A&A...530A.138C,9
V* AK Lep,4869,4.66,0.01,2011A&A...531A.165P,10
V* AK Lep,4990,4.5,0.02,1988IAUS..132..449C,11
V* AK Lep,4990,4.5,0.02,1988IAUS..132..449C,12
V* AP Col,3079,,,2014MNRAS.443.2561G,1
V* AT Mic A,3310,,,2014MNRAS.443.2561G,1
V* AX Mic,3599,4.3054,0.0,2024A&A...683A.125P,1
V* AX Mic,3410,,0.01,2021MNRAS.508.5148C,2
V* AX Mic,3796,4.55,-0.62,2023ApJS..266...41P,3
V* AX Mic,3704,,0.06,2019ApJ...878..134K,4
V* AX Mic,3776,,,2014MNRAS.443.2561G,5
V* AX Mic,3599,,,2005ApJ...626..446R,6
V* AX Mic,3592,,,1996A&AS..117..227A,7
V* AX Mic,3796,4.55,-0.62,2012A&A...538A.143K,8
V* AZ Cnc,,,0.29,2014AJ....147...20N,1
VB 10,4008,,0.37,2019ApJ...878..134K,1
VB 10,2745,,,2018MNRAS.475.1960F,2
VB 10,,,0.09,2014AJ....147...20N,3
VB 10,2700,5.5,,2013A&A...556A..15R,4
VB 24 A,5528,4.201,-0.289,2022AJ....163..152S,1
VB 24 A,3450,4.9,,2020AJ....159...30H,2
VB 24 A,3450,4.92,,2022ApJ...927..122H,3
VB 24 A,3549,4.753,,2022ApJS..259...35A,4
VB 24 A,3571,4.828,,2022ApJS..259...35A,5
VB 24 A,3375,,,2014MNRAS.443.2561G,6
VB 24 A,3370,5.0,,2013AJ....145..102L,7
VB 24 B,3200,4.8,,2020AJ....159...30H,1
VB 24 B,3195,,,2014MNRAS.443.2561G,2
VB  8,2324,4.51,,2023ApJ...959...63S,1
VB  8,2989,,0.0,2021A&A...656A.162M,2
VB  8,3005,5.25,-0.08,2021A&A...656A.162M,3
VB  8,2676,5.24,0.17,2019ApJ...878..134K,4
VB  8,2665,5.1,0.04,2019ApJ...878..134K,5
VB  8,2830,1.46,-1.25,2019A&A...627A.138A,6
VB  8,2800,5.4,,2018A&A...620A.180R,7
VB  8,2700,5.0,,2015ApJS..219...33G,8
VB  8,2700,,-0.07,2015ApJ...804...64M,9
VB  8,2700,5.5,,2013A&A...556A..15R,10
VB  8,2727,,-0.32,2012ApJ...748...93R,11
V* BR Psc,3800,4.8,,2020AJ....159...30H,1
V* BR Psc,3685,4.8114,0.0,2024A&A...683A.125P,2
V* BR Psc,3912,4.75,,2024A&A...687A.205M,3
V* BR Psc,3576,,-0.58,2021MNRAS.508.5148C,4
V* BR Psc,3600,4.8,,2022ApJ...927..122H,5
V* BR Psc,3475,,-0.4,2024A&A...690A..58A,6
V* BR Psc,3749,4.719,-0.7267,2022ApJS..259...35A,7
V* BR Psc,3653,4.48,-0.35,2023ApJS..266...41P,8
V* BR Psc,3787,4.879,-0.461,2021ApJS..255....8R,9
V* BR Psc,3616,,-0.48,2020ApJ...892...31B,10
V* BR Psc,3562,,-0.85,2021A&A...656A.162M,11
V* BR Psc,3573,4.94,-0.8,2021A&A...656A.162M,12
V* BR Psc,3791,5.0424,-0.844,2020AJ....160..120J,13
V* BR Psc,3553,4.88,-0.29,2020A&A...644A..68M,14
V* BR Psc,3573,,-0.44,2019ApJ...878..134K,15
V* BR Psc,3653,4.48,-0.35,2019ApJ...878..134K,16
V* BR Psc,3649,4.48,-0.35,2019ApJ...878..134K,17
V* BR Psc,3407,4.93,-0.23,2019ApJ...878..134K,18
V* BR Psc,3646,4.47,-0.37,2019ApJ...878..134K,19
V* BR Psc,3620,4.53,-0.31,2019ApJ...878..134K,20
V* BR Psc,3619,4.54,-0.29,2019ApJ...878..134K,21
V* BR Psc,3432,4.92,-0.23,2019ApJ...878..134K,22
V* BR Psc,3434,4.92,-0.24,2019ApJ...878..134K,23
V* BR Psc,3405,4.91,-0.23,2019ApJ...878..134K,24
V* BR Psc,3430,4.91,-0.23,2019ApJ...878..134K,25
V* BR Psc,3602,,-0.52,2018MNRAS.475.1960F,26
V* BR Psc,3725,,-0.513,2019A&A...629A..80H,27
V* BR Psc,3653,4.84,-0.13,2019A&A...625A..68S,28
V* BR Psc,3630,4.73,-0.01,2019A&A...627A.161P,29
V* BR Psc,3651,4.78,-0.22,2019A&A...627A.161P,30
V* BR Psc,3626,4.73,-0.02,2019A&A...627A.161P,31
V* BR Psc,3600,-1.596,-0.45,2019AJ....157...63K,32
V* BR Psc,3600,5.5,,2018A&A...620A.180R,33
V* BR Psc,3657,4.84,-0.12,2018A&A...615A...6P,34
V* BR Psc,3712,,,2014MNRAS.443.2561G,35
V* BR Psc,3552,,-0.47,2014ApJ...791...54G,36
V* BR Psc,3580,4.5,,2013AJ....145..102L,37
V* BR Psc,3646,,-0.45,2015ApJ...804...64M,38
V* BR Psc,3995,,-0.59,2012ApJ...748...93R,39
V* BX Cet,3483,4.994,-0.31,2025A&A...696A..62O,1
V* BX Cet,5476,4.499,-0.131,2022AJ....163..152S,2
V* BX Cet,3250,4.9,,2020AJ....159...30H,3
V* BX Cet,6118,4.9,0.26,2024A&A...683A.125P,4
V* BX Cet,3402,4.87,,2024A&A...687A.205M,5
V* BX Cet,3250,4.94,,2022ApJ...927..122H,6
V* BX Cet,3251,,-0.14,2024A&A...690A..58A,7
V* BX Cet,3340,4.67,,2022ApJS..259...35A,8
V* BX Cet,3352,4.678,,2022ApJS..259...35A,9
V* BX Cet,3333,4.71,,2021A&A...649A.147S,10
V* BX Cet,3425,4.6708,-0.566,2020AJ....160..120J,11
V* BX Cet,3338,,-0.34,2021A&A...656A.162M,12
V* BX Cet,3335,4.91,-0.36,2021A&A...656A.162M,13
V* BX Cet,3289,5.08,-0.04,2020A&A...644A..68M,14
V* BX Cet,3335,4.95,-0.2,2022ApJ...927..123S,15
V* BX Cet,3090,,0.06,2019ApJ...878..134K,16
V* BX Cet,3145,4.54,0.03,2019ApJ...878..134K,17
V* BX Cet,3327,5.03,0.05,2019A&A...625A..68S,18
V* BX Cet,3257,4.86,0.09,2019A&A...627A.161P,19
V* BX Cet,3392,4.81,0.05,2019A&A...627A.161P,20
V* BX Cet,3280,4.85,0.1,2019A&A...627A.161P,21
V* BX Cet,3200,5.0,,2018A&A...620A.180R,22
V* BX Cet,3326,5.03,0.04,2018A&A...615A...6P,23
V* BX Cet,3168,,-0.02,2014MNRAS.443.2561G,24
V* BX Cet,,,-0.19,2005A&A...442..635B,25
V* BX Cet,3393,,-0.11,2014ApJ...791...54G,26
V* BX Cet,3300,,-0.29,2015ApJS..220...16T,27
V* BX Cet,3247,,-0.24,2015ApJS..220...16T,28
V* BX Cet,3213,,-0.28,2015ApJS..220...16T,29
V* BX Cet,3130,4.5,,2013AJ....145..102L,30
V* BX Cet,3284,,-0.12,2015ApJ...804...64M,31
V* BX Cet,,,-0.22,2014AJ....147...20N,32
V* CC Eri,3925,,0.5,2021MNRAS.508.5148C,1
V* CC Eri,3831,,,2014MNRAS.443.2561G,2
V* CD Cet,3091,,-0.11,2024A&A...691A..53S,1
V* CD Cet,3000,4.8,,2020AJ....159...30H,2
V* CD Cet,3168,5.01,,2024A&A...687A.205M,3
V* CD Cet,3000,5.06,,2022ApJ...927..122H,4
V* CD Cet,3091,,-0.11,2024A&A...690A..58A,5
V* CD Cet,3208,,-0.21,2021A&A...656A.162M,6
V* CD Cet,3214,5.06,-0.1,2021A&A...656A.162M,7
V* CD Cet,3394,4.94,-0.09,2020A&A...644A..68M,8
V* CD Cet,3204,5.11,0.04,2019A&A...625A..68S,9
V* CD Cet,3130,4.93,0.13,2019A&A...627A.161P,10
V* CD Cet,3100,5.1,,2018A&A...620A.180R,11
V* CD Cet,2992,,,2014MNRAS.443.2561G,12
V* CD Cet,3276,,0.24,2015ApJS..220...16T,13
V* CD Cet,3276,,-0.08,2015ApJS..220...16T,14
V* CD Cet,,,0.22,2015ApJS..220...16T,15
V* CD Cet,3130,5.0,,2013AJ....145..102L,16
V* CD Cet,,,0.24,2014AJ....147...20N,17
V* CD Cet,2900,5.0,,2013A&A...556A..15R,18
V* CW UMa,3400,4.89,,2022ApJ...927..122H,1
V* CW UMa,3300,5.0,,2023MNRAS.524.6085K,2
V* CW UMa,3198,4.82,-0.17,2019ApJ...878..134K,3
V* CW UMa,3198,,,2018MNRAS.475.1960F,4
V* CW UMa,3344,,,2014MNRAS.443.2561G,5
V* CW UMa,3280,5.0,,2013AJ....145..102L,6
V* CW UMa,,,-0.06,2014AJ....147...20N,7
V* DE Boo,5257,4.48,0.1,2022A&A...663A...4S,1
V* DE Boo,5360,4.6,0.18,2021AJ....161..134H,2
V* DE Boo,5215,4.51,,2015AJ....150..203G,3
V* DE Boo,5260,4.52,0.05,2017AJ....153...21L,4
V* DE Boo,5335,4.6,0.17,2005ApJS..159..141V,5
V* DE Boo,5291,4.55,0.08,2005PASJ...57...27T,6
V* DE Boo,5224,,,2011A&A...530A.138C,7
V* DE Boo,5220,4.2,0.13,2006AJ....131.3069L,8
V* DE Boo,5220,4.2,0.13,2005AJ....129.1063L,9
V* DE Boo,5204,4.57,0.1,2007A&A...465..271R,10
V* DE Boo,5115,4.58,0.04,2004A&A...420..183A,11
V* DE Boo,5258,4.47,0.12,2016ApJS..225...32B,12
V* DE Boo,5150,4.5,0.17,2016A&A...587A...2B,13
V* DE Boo,5334,4.75,,2015A&A...579A..20M,14
V* DE Boo,5331,4.7,0.12,2013AJ....146...73P,15
V* DE Boo,5256,4.51,0.04,2013ApJ...764...78R,16
V* DE Boo,5256,4.51,0.04,2012ApJ...756...46R,17
V* DE Boo,5250,4.45,,2003AJ....126.2048G,18
V* DE Boo,5115,4.58,7.59,2004A&A...420..183A,19
V* DE Boo,5311,4.36,0.08,2010ApJ...720.1290G,20
V* DE Boo,5319,4.73,0.13,2012A&A...541A..40M,21
V* DE Boo,5291,4.55,0.08,2007PASJ...59..335T,22
V* DN Dra,12181,,,2022ApJ...935L..12B,1
V* DN Dra,11848,8.251,,2024A&A...682A...5V,2
V* DN Dra,12517,8.34,,2017ApJ...848...11B,3
V* DN Dra,12570,8.31,,2015ApJS..219...19L,4
V* DN Dra,12740,8.38,,2011ApJ...743..138G,5
V* DN Dra,12260,8.31,,2009AJ....138.1681S,6
V* DS Leo,3758,4.6879,0.0,2024A&A...683A.125P,1
V* DS Leo,3886,4.68,,2024A&A...687A.205M,2
V* DS Leo,3667,,0.73,2021MNRAS.508.5148C,3
V* DS Leo,3900,4.68,,2022ApJ...927..122H,4
V* DS Leo,3818,4.79,,2023MNRAS.526.5648C,5
V* DS Leo,3921,4.725,-0.007,2021ApJS..255....8R,6
V* DS Leo,3842,4.87,,2022MNRAS.516.3802C,7
V* DS Leo,3833,,-0.4,2021A&A...656A.162M,8
V* DS Leo,3846,4.72,-0.3,2021A&A...656A.162M,9
V* DS Leo,3839,4.68,-0.05,2020A&A...644A..68M,10
V* DS Leo,3482,,0.03,2019ApJ...878..134K,11
V* DS Leo,3707,,0.219,2018MNRAS.475.1960F,12
V* DS Leo,3704,,0.03,2019A&A...629A..80H,13
V* DS Leo,3905,4.69,0.04,2019A&A...625A..68S,14
V* DS Leo,3886,4.68,0.27,2019A&A...627A.161P,15
V* DS Leo,3801,4.68,0.43,2019A&A...627A.161P,16
V* DS Leo,3891,4.68,0.29,2019A&A...627A.161P,17
V* DS Leo,3655,4.56,0.53,2017AJ....153...21L,18
V* DS Leo,3700,5.5,,2018A&A...620A.180R,19
V* DS Leo,3896,4.69,0.04,2018A&A...615A...6P,20
V* DS Leo,3909,,,2014MNRAS.443.2561G,21
V* DS Leo,3676,,,2005ApJ...626..446R,22
V* DS Leo,3634,,,1996A&AS..117..227A,23
V* DS Leo,3640,4.5,,2013AJ....145..102L,24
V* EV Lac,3300,5.2,,2020AJ....159...30H,1
V* EV Lac,3300,4.88,,2022ApJ...927..122H,2
V* EV Lac,3382,4.781,,2022ApJS..259...35A,3
V* EV Lac,3484,4.933,-0.067,2021ApJS..255....8R,4
V* EV Lac,3238,,0.03,2020ApJ...892...31B,5
V* EV Lac,3342,,-0.81,2021A&A...656A.162M,6
V* EV Lac,3306,5.06,-0.89,2021A&A...656A.162M,7
V* EV Lac,3504,5.4305,-0.066,2020AJ....160..120J,8
V* EV Lac,3396,4.87,0.11,2020A&A...644A..68M,9
V* EV Lac,3167,,,2018MNRAS.475.1960F,10
V* EV Lac,3291,5.11,-0.19,2019A&A...625A..68S,11
V* EV Lac,3400,5.5,,2018A&A...620A.180R,12
V* EV Lac,3262,,,2014MNRAS.443.2561G,13
V* EV Lac,3280,,-0.03,2014ApJ...791...54G,14
V* EV Lac,3313,,0.05,2015ApJS..220...16T,15
V* EV Lac,3282,,-0.17,2015ApJS..220...16T,16
V* EV Lac,3106,,-0.07,2015ApJS..220...16T,17
V* EV Lac,3270,5.0,,2013AJ....145..102L,18
V* EV Lac,3400,,-0.01,2012ApJ...748...93R,19
V* EZ Aqr,3480,,0.16,2021MNRAS.508.5148C,1
V* EZ Aqr,2851,4.83,0.05,2019ApJ...878..134K,2
V* EZ Aqr,2828,4.71,-0.04,2019ApJ...878..134K,3
V* EZ Aqr,2827,5.09,-0.03,2019A&A...627A.138A,4
V* EZ Aqr,2952,,0.05,2012ApJ...748...93R,5
V* EZ Aqr,2700,5.09,,2011A&A...531A.165P,6
V* FK Aqr,3565,4.6498,0.0,2024A&A...683A.125P,1
V* FK Aqr,3487,,-0.01,2021MNRAS.508.5148C,2
V* FK Aqr,3600,5.0,,2023MNRAS.524.6085K,3
V* FK Aqr,3423,,,2018MNRAS.475.1960F,4
V* FK Aqr,3726,,-0.07,2014MNRAS.443.2561G,5
V* FL Aqr,3536,,-0.09,2021MNRAS.508.5148C,1
V* FL Aqr,3164,,,2018MNRAS.475.1960F,2
V* GL Vir,3079,,-0.4,2021A&A...656A.162M,1
V* GL Vir,3064,5.06,-0.4,2021A&A...656A.162M,2
V* GL Vir,2910,4.64,0.01,2019ApJ...878..134K,3
V* GL Vir,2837,,,2018MNRAS.475.1960F,4
V* GL Vir,3115,5.15,-0.02,2019A&A...625A..68S,5
V* GL Vir,3200,5.5,,2018A&A...620A.180R,6
V* GL Vir,3020,,,2014MNRAS.443.2561G,7
V* GL Vir,3279,,0.12,2015ApJS..220...16T,8
V* GL Vir,3253,,-0.15,2015ApJS..220...16T,9
V* GL Vir,,,-0.01,2015ApJS..220...16T,10
V* GL Vir,3110,5.0,,2013AJ....145..102L,11
V* GL Vir,,,0.17,2014AJ....147...20N,12
V* GL Vir,2881,,0.15,2012ApJ...748...93R,13
V* HW Vel,14667,4.1684,-0.4818,2023ApJS..266...11B,1
V* HW Vel,14866,4.09,-0.15,2023A&A...676A.129H,2
V* HW Vel,15000,4.008,-0.322,2018A&A...612A..99R,3
V* HW Vel,,,-0.03,2018AJ....155..149B,4
V* KT Vel,13370,4.0385,0.1851,2023ApJS..266...11B,1
V* KT Vel,12620,4.04,-0.17,2023A&A...676A.129H,2
V* KT Vel,12500,3.691,,2018A&A...612A..99R,3
V* KT Vel,13600,4.3,0.48,2014A&A...561A.147B,4
V* KT Vel,13600,4.3,,2013A&A...551A..30B,5
V* OT Ser,3630,4.71,,2024A&A...687A.205M,1
V* OT Ser,3600,4.7,,2022ApJ...927..122H,2
V* OT Ser,3600,5.0,,2023MNRAS.524.6085K,3
V* OT Ser,3697,,-0.35,2021A&A...656A.162M,4
V* OT Ser,3611,4.81,-0.24,2021A&A...656A.162M,5
V* OT Ser,3417,,,2018MNRAS.475.1960F,6
V* OT Ser,3134,3.708,,2019A&A...629A..80H,7
V* OT Ser,3486,5.02,-0.34,2019A&A...625A..68S,8
V* OT Ser,3417,4.97,-0.4,2019A&A...627A.161P,9
V* OT Ser,3465,4.91,-0.33,2019A&A...627A.161P,10
V* OT Ser,3500,5.5,,2018A&A...620A.180R,11
V* OT Ser,3638,,,2014MNRAS.443.2561G,12
V* OT Ser,3490,4.5,,2013AJ....145..102L,13
V* QY Aur,5572,4.372,-0.1,2022AJ....163..152S,1
V* QY Aur,3250,4.9,,2022ApJ...927..122H,2
V* QY Aur,3100,5.0,,2023MNRAS.524.6085K,3
V* QY Aur,3265,,-0.17,2020ApJ...892...31B,4
V* QY Aur,2987,,,2018MNRAS.475.1960F,5
V* QY Aur,3069,,,2014MNRAS.443.2561G,6
V* QY Aur,3285,,0.34,2015ApJS..220...16T,7
V* QY Aur,3396,,0.11,2015ApJS..220...16T,8
V* QY Aur,,,0.22,2015ApJS..220...16T,9
V* QY Aur,3130,5.0,,2013AJ....145..102L,10
V* QY Aur,3184,,0.1,2012ApJ...748...93R,11
V* R Sct,4773,3.283,-0.27,2024A&A...692A.228C,1
V* R Sct,4500,1.28,-1.06,2021MNRAS.505.4496G,2
V* R Sct,4480,2.0059,-0.095,2023A&A...671A..61N,3
V* R Sct,4483,2.0197,-0.116,2023A&A...671A..61N,4
V* R Sct,4473,1.9891,-0.112,2023A&A...671A..61N,5
V* R Sct,4481,2.0356,-0.087,2023A&A...671A..61N,6
V* R Sct,4501,2.0896,-0.074,2023A&A...671A..61N,7
V* R Sct,4484,2.0249,-0.11,2023A&A...671A..61N,8
V* R Sct,4446,1.9694,-0.12,2023A&A...671A..61N,9
V* R Sct,4480,2.0137,-0.108,2023A&A...671A..61N,10
V* R Sct,3650,0.51,-0.11,2023ApJS..266...41P,11
V* R Sct,4484,0.0,-0.55,2022A&A...663A...4S,12
V* R Sct,4840,1.13,-0.22,2023A&A...676A.129H,13
V* R Sct,,,0.122,2020AJ....160...83S,14
V* R Sct,4874,2.79,,2020AJ....160...83S,15
V* R Sct,4500,0.0,-0.47,2013BaltA..22...77K,16
V* R Sct,4421,0.0,-0.88,1981PASP...93..211L,17
V* R Sct,4456,1.14,-0.24,2016A&A...587A...2B,18
V* R Sct,4902,2.84,,2013AJ....146..134K,19
V* R Sct,4278,0.25,-0.86,2011A&A...531A.165P,20
V* R Sct,3650,0.51,-0.11,2012A&A...538A.143K,21
V* R Sct,4421,0.0,-0.88,1981PASP...93..211L,22
V* R Sct,4421,0.0,-0.88,2007MNRAS.374..664C,23
V* R Sct,4421,0.0,-0.88,1981PASP...93..211L,24
V* SZ UMa,3850,4.8,,2020AJ....159...30H,1
V* SZ UMa,3800,4.74,,2022ApJ...927..122H,2
V* SZ UMa,3575,4.6,-0.47,2023ApJS..266...41P,3
V* SZ UMa,3863,4.803,-0.291,2021ApJS..255....8R,4
V* SZ UMa,3575,,-0.473,2018MNRAS.475.1960F,5
V* SZ UMa,3888,,,2014MNRAS.443.2561G,6
V* SZ UMa,3586,,,2005ApJ...626..446R,7
V* SZ UMa,3576,,,1996A&AS..117..227A,8
V* SZ UMa,3807,,-0.41,2014ApJ...791...54G,9
V* SZ UMa,3640,4.5,,2013AJ....145..102L,10
V* SZ UMa,,,-0.72,2014AJ....147...20N,11
V* TW PsA,4750,4.193,-0.18,2024A&A...683A.125P,1
V* TW PsA,4601,4.68,0.04,2022A&A...663A...4S,2
V* TW PsA,4575,4.239,-0.089,2019A&A...629A..80H,3
V* TW PsA,4573,4.62,0.04,2018AJ....155..111L,4
V* TW PsA,4647,4.88,0.07,2001A&A...373.1019S,5
V* TW PsA,4594,,,2011A&A...530A.138C,6
V* TW PsA,4555,4.53,-0.01,2004A&A...415.1153S,7
V* TW PsA,4710,4.7,,2014MNRAS.442..220F,8
V* V2215 Oph,4388,4.52,-0.5,2021MNRAS.505.4496G,1
V* V2215 Oph,4765,4.956,-0.197,2023ApJS..266...11B,2
V* V2215 Oph,4476,4.57,-0.21,2022A&A...663A...4S,3
V* V2215 Oph,4461,4.638,-0.13,2021ApJS..255....8R,4
V* V2215 Oph,4541,4.54,-0.37,2013MNRAS.435..952S,5
V* V2215 Oph,4584,4.45,-0.105,2020ApJ...898..119R,6
V* V2215 Oph,4561,4.24,-0.34,2019A&A...629A..80H,7
V* V2215 Oph,4463,4.68,-0.09,2017AJ....153...21L,8
V* V2215 Oph,4474,4.69,-0.22,2018AJ....155..111L,9
V* V2215 Oph,4543,4.68,-0.13,2018A&A...614A..55A,10
V* V2215 Oph,4590,4.28,-0.12,2006AJ....131.3069L,11
V* V2215 Oph,4590,4.28,-0.12,2005AJ....129.1063L,12
V* V2215 Oph,4568,4.67,-0.18,2005A&A...437.1127S,13
V* V2215 Oph,4541,4.7,-0.34,1991epu...R.....27C,14
V* V2215 Oph,4541,4.7,-0.13,1970A&A.....6..385S,15
V* V2215 Oph,4541,4.67,-0.21,1999ApJ...521..753T,16
V* V2215 Oph,4525,,-0.18,1997A&A...323..809F,17
V* V2215 Oph,4452,,,2011A&A...530A.138C,18
V* V2215 Oph,4377,,,1998A&AS..129..505B,19
V* V2215 Oph,4349,,,1998A&A...339..858D,20
V* V2215 Oph,4345,,,1996A&AS..117..227A,21
V* V2215 Oph,4312,,,2005ApJ...626..446R,22
V* V2215 Oph,4308,4.7,0.0,1975A&A....39...97P,23
V* V2215 Oph,4442,4.69,,2014MNRAS.442..220F,24
V* V2215 Oph,4600,4.7,-0.34,2013ApJ...764...78R,25
V* V2215 Oph,4380,4.71,-0.27,2011A&A...531A.165P,26
V* V2215 Oph,4525,,-0.18,1997A&A...323..809F,27
V* V2215 Oph,4541,4.7,-0.34,1991epu...R.....27C,28
V* V2215 Oph,4541,4.54,-0.37,2007MNRAS.374..664C,29
V* V2215 Oph,4541,4.7,-0.34,1991epu...R.....27C,30
V* V2215 Oph,4308,4.7,0.0,1975A&A....39...97P,31
V* V2215 Oph,4541,4.7,-0.13,1970A&A.....6..385S,32
V* V2689 Ori,3936,4.6382,0.0,2024A&A...683A.125P,1
V* V2689 Ori,4139,4.66,,2024A&A...687A.205M,2
V* V2689 Ori,4166,4.8044,0.002,2023A&A...671A..61N,3
V* V2689 Ori,4154,4.7755,-0.005,2023A&A...671A..61N,4
V* V2689 Ori,4159,4.7889,0.003,2023A&A...671A..61N,5
V* V2689 Ori,4097,4.7365,-0.085,2023A&A...671A..61N,6
V* V2689 Ori,4097,4.7692,-0.081,2023A&A...671A..61N,7
V* V2689 Ori,4099,4.7535,-0.084,2023A&A...671A..61N,8
V* V2689 Ori,4117,4.7752,-0.061,2023A&A...671A..61N,9
V* V2689 Ori,4118,4.8114,-0.052,2023A&A...671A..61N,10
V* V2689 Ori,4128,4.7582,-0.052,2023A&A...671A..61N,11
V* V2689 Ori,4130,4.7482,-0.06,2023A&A...671A..61N,12
V* V2689 Ori,4127,4.765,-0.054,2023A&A...671A..61N,13
V* V2689 Ori,4123,4.7794,-0.063,2023A&A...671A..61N,14
V* V2689 Ori,4125,4.7712,-0.057,2023A&A...671A..61N,15
V* V2689 Ori,4073,4.72,0.45,2022A&A...663A...4S,16
V* V2689 Ori,4271,3.77,-0.8,2023A&A...676A.129H,17
V* V2689 Ori,4053,4.676,0.066,2021ApJS..255....8R,18
V* V2689 Ori,4120,4.8,-0.47,2016ApJ...822...97H,19
V* V2689 Ori,4863,4.2,-0.013,2020ApJ...898..119R,20
V* V2689 Ori,4001,,-0.22,2021A&A...656A.162M,21
V* V2689 Ori,4067,5.04,0.01,2021A&A...656A.162M,22
V* V2689 Ori,3860,4.63,0.05,2020A&A...644A..68M,23
V* V2689 Ori,3633,,0.19,2019ApJ...878..134K,24
V* V2689 Ori,3937,,0.525,2018MNRAS.475.1960F,25
V* V2689 Ori,3767,4.455,0.21,2019A&A...629A..80H,26
V* V2689 Ori,4074,4.65,0.05,2019A&A...625A..68S,27
V* V2689 Ori,4046,4.67,0.27,2019A&A...627A.161P,28
V* V2689 Ori,3940,4.67,0.5,2019A&A...627A.161P,29
V* V2689 Ori,4062,4.66,0.31,2019A&A...627A.161P,30
V* V2689 Ori,4073,4.72,0.45,2017AJ....153...21L,31
V* V2689 Ori,3800,5.5,,2018A&A...620A.180R,32
V* V2689 Ori,4075,4.65,0.04,2018A&A...615A...6P,33
V* V2689 Ori,3998,,-0.03,2014MNRAS.443.2561G,34
V* V2689 Ori,3895,,0.05,2014ApJ...791...54G,35
V* V2689 Ori,3750,4.5,,2013AJ....145..102L,36
V* V2689 Ori,3966,,0.05,2015ApJ...804...64M,37
V* V374 Peg,3142,5.0,,2024A&A...687A.205M,1
V* V374 Peg,3341,,-0.2,2021MNRAS.508.5148C,2
V* V374 Peg,3250,4.9,,2022ApJ...927..122H,3
V* V374 Peg,3195,,0.0,2021A&A...656A.162M,4
V* V374 Peg,3195,5.0,0.03,2021A&A...656A.162M,5
V* V374 Peg,3114,,,2018MNRAS.475.1960F,6
V* V374 Peg,3029,4.39,,2019A&A...629A..80H,7
V* V374 Peg,3267,5.12,-0.19,2019A&A...625A..68S,8
V* V374 Peg,3206,4.95,-0.06,2019A&A...627A.161P,9
V* V374 Peg,3205,4.96,-0.08,2019A&A...627A.161P,10
V* V374 Peg,3206,,,2014MNRAS.443.2561G,11
V* V374 Peg,3286,,0.02,2015ApJS..220...16T,12
V* V374 Peg,3356,,-0.09,2015ApJS..220...16T,13
V* V374 Peg,,,-0.06,2015ApJS..220...16T,14
V* V374 Peg,3140,5.0,,2013AJ....145..102L,15
V* V374 Peg,,,0.11,2014AJ....147...20N,16
V* V686 CrA,17600,4.24,,2019MNRAS.485.1508S,1
V* V686 CrA,17100,,,2012A&A...537A.120Z,2
V* V686 CrA,14600,3.7,1.13,1997A&A...320..257L,3
V* V816 Her,3417,4.86,0.07,2020A&A...644A..68M,1
V* V816 Her,3097,4.69,-0.1,2019ApJ...878..134K,2
V* V816 Her,3089,,,2018MNRAS.475.1960F,3
V* V816 Her,3254,5.11,-0.11,2018A&A...615A...6P,4
V* V816 Her,3190,,0.05,2014MNRAS.443.2561G,5
V* V816 Her,3289,,0.14,2015ApJS..220...16T,6
V* V816 Her,3361,,-0.1,2015ApJS..220...16T,7
V* V816 Her,3125,,0.09,2015ApJS..220...16T,8
V* V816 Her,3100,5.0,,2013AJ....145..102L,9
V* V816 Her,,,0.17,2014AJ....147...20N,10
V* V857 Cen,3333,4.8332,0.0,2024A&A...683A.125P,1
V* V857 Cen,3501,,-0.31,2021MNRAS.508.5148C,2
V* V857 Cen,2972,,,2018MNRAS.475.1960F,3
V* V857 Cen,3692,,-0.157,2019A&A...629A..80H,4
V* V857 Cen,3399,,,2014MNRAS.443.2561G,5
V* VX Ari,3500,4.8,,2020AJ....159...30H,1
V* VX Ari,3476,4.82,,2024A&A...687A.205M,2
V* VX Ari,3461,,0.21,2021MNRAS.508.5148C,3
V* VX Ari,3500,4.85,,2022ApJ...927..122H,4
V* VX Ari,3462,4.87,-0.2,2023ApJS..266...41P,5
V* VX Ari,3541,4.902,-0.049,2021ApJS..255....8R,6
V* VX Ari,3512,,-0.18,2021A&A...656A.162M,7
V* VX Ari,3510,4.97,-0.14,2021A&A...656A.162M,8
V* VX Ari,3328,4.71,-0.03,2019ApJ...878..134K,9
V* VX Ari,3314,4.69,-0.11,2019ApJ...878..134K,10
V* VX Ari,3423,,-0.1,2018MNRAS.475.1960F,11
V* VX Ari,3387,4.92,-0.35,2019A&A...627A.138A,12
V* VX Ari,3472,4.95,-0.06,2019A&A...625A..68S,13
V* VX Ari,3424,4.84,-0.03,2019A&A...627A.161P,14
V* VX Ari,3464,4.78,0.13,2019A&A...627A.161P,15
V* VX Ari,3434,4.83,-0.01,2019A&A...627A.161P,16
V* VX Ari,3400,-1.783,-0.1,2019AJ....157...63K,17
V* VX Ari,3500,5.1,,2018A&A...620A.180R,18
V* VX Ari,3459,4.96,-0.07,2018A&A...615A...6P,19
V* VX Ari,3401,,-0.05,2014MNRAS.443.2561G,20
V* VX Ari,3485,,-0.1,2014ApJ...791...54G,21
V* VX Ari,3360,5.0,,2013AJ....145..102L,22
V* VX Ari,3405,,-0.1,2015ApJ...804...64M,23
V* VX Ari,,,-0.02,2014AJ....147...20N,24
V* VX Ari,3462,4.87,-0.2,2012A&A...538A.143K,25
V* X Sgr,6114,1.9322,-0.1887,2024A&A...681A.107R,1
V* X Sgr,6632,2.0,-0.01,1981ApJ...245.1018L,2
V* X Sgr,5891,,,2012A&A...542A.116A,3
V* X Sgr,5727,1.8,0.04,1981ApJ...245.1018L,4
V* X Sgr,5698,1.77,-0.36,2014AJ....147..137L,5
V* X Sgr,5727,1.8,0.04,1981ApJ...245.1018L,6
V* X Sgr,5727,1.8,0.04,1981ApJ...245.1018L,7
V* X Sgr,6632,2.0,-0.01,1981ApJ...245.1018L,8
V* YZ Cet,3056,,-0.26,2024A&A...691A..53S,1
V* YZ Cet,3137,5.02,,2024A&A...687A.205M,2
V* YZ Cet,3174,,-0.3,2021MNRAS.508.5148C,3
V* YZ Cet,3192,5.172,-0.23,2021ApJS..255....8R,4
V* YZ Cet,5144,4.45,-0.056,2020ApJ...898..119R,5
V* YZ Cet,3225,,-0.65,2021A&A...656A.162M,6
V* YZ Cet,3228,5.24,-0.57,2021A&A...656A.162M,7
V* YZ Cet,3295,5.14,-0.24,2020A&A...644A..68M,8
V* YZ Cet,3213,,-0.36,2019ApJ...878..134K,9
V* YZ Cet,2953,,,2018MNRAS.475.1960F,10
V* YZ Cet,3151,5.17,-0.18,2019A&A...625A..68S,11
V* YZ Cet,3125,5.03,-0.14,2019A&A...627A.161P,12
V* YZ Cet,3200,5.4,,2018A&A...620A.180R,13
V* YZ Cet,3152,5.17,-0.2,2018A&A...615A...6P,14
V* YZ Cet,3062,,,2014MNRAS.443.2561G,15
V* YZ Cet,3124,,-0.26,2014ApJ...791...54G,16
V* YZ Cet,3056,,-0.26,2015ApJ...804...64M,17
V* YZ Cet,3100,5.0,,2013A&A...556A..15R,18
V* YZ CMi,5545,4.472,-0.058,2022AJ....163..152S,1
V* YZ CMi,3150,5.2,,2020AJ....159...30H,2
V* YZ CMi,3181,4.8906,0.0,2024A&A...683A.125P,3
V* YZ CMi,3528,,0.01,2021MNRAS.508.5148C,4
V* YZ CMi,3250,4.88,,2022ApJ...927..122H,5
V* YZ CMi,3305,4.968,,2022ApJS..259...35A,6
V* YZ CMi,3301,4.905,0.125,2021ApJS..255....8R,7
V* YZ CMi,3174,,0.25,2020ApJ...892...31B,8
V* YZ CMi,3248,,-0.63,2021A&A...656A.162M,9
V* YZ CMi,3251,5.11,-0.57,2021A&A...656A.162M,10
V* YZ CMi,3405,5.5075,0.094,2020AJ....160..120J,11
V* YZ CMi,3481,4.94,,2020A&A...644A..68M,12
V* YZ CMi,3088,,,2018MNRAS.475.1960F,13
V* YZ CMi,2945,4.279,,2019A&A...629A..80H,14
V* YZ CMi,3242,,,2014MNRAS.443.2561G,15
V* YZ CMi,3280,,0.23,2014ApJ...791...54G,16
V* YZ CMi,3130,5.0,,2013AJ....145..102L,17
V* YZ CMi,,,0.28,2014AJ....147...20N,18
V* YZ CMi,3045,,0.4,2012ApJ...748...93R,19
WD 1703-267,6128,,,2022ApJ...935L..12B,1
WD 1703-267,6306,8.4,,2024A&A...682A...5V,2
WISEA J082507.37+280548.2,363,4.33,,2026ApJ..1002..164K,1
WISEA J082507.37+280548.2,375,3.79,,2024ApJ...976...82T,2
WISEA J082507.37+280548.2,387,3.25,,2024ApJ...976...82T,3
WISEA J120604.25+840110.5,456,4.6,,2026ApJ..1002..164K,1
WISEA J120604.25+840110.5,466,4.08,,2024ApJ...976...82T,2
WISEA J120604.25+840110.5,439,3.25,,2024ApJ...976...82T,3
WISEA J235402.79+024014.1,371,4.65,,2026ApJ..1002..164K,1
WISE J035934.06-540154.6,454,4.49,,2026ApJ..1002..164K,1
WISE J035934.06-540154.6,475,4.57,,2024ApJ...976...82T,2
WISE J035934.06-540154.6,457,3.25,,2024ApJ...976...82T,3
WISE J043052.92+463331.6,560,4.88,,2026ApJ..1002..164K,1
WISE J043052.92+463331.6,606,5.5,,2024ApJ...976...82T,2
WISE J043052.92+463331.6,539,3.73,,2024ApJ...976...82T,3
WISE J072227.27-054029.9,437,4.23,,2023ApJ...959...63S,1
WISE J073444.02-715744.0,481,4.56,,2026ApJ..1002..164K,1
WISE J083337.82+005214.1,528,5.03,,2025ApJ...982...79B,1
WISE J140518.39+553421.3,405,4.38,,2026ApJ..1002..164K,1
WISE J140518.39+553421.3,402,4.58,,2024ApJ...976...82T,2
WISE J140518.39+553421.3,389,3.25,,2024ApJ...976...82T,3
WISE J150115.92-400418.4,1010,5.21,,2026ApJ..1002..164K,1
WISE J150115.92-400418.4,1016,5.43,,2024ApJ...976...82T,2
WISE J150115.92-400418.4,994,4.75,,2024ApJ...976...82T,3
WISE J154151.65-225024.9,381,4.37,,2026ApJ..1002..164K,1
WISE J154151.65-225024.9,395,3.69,,2024ApJ...976...82T,2
WISE J154151.65-225024.9,407,3.25,,2024ApJ...976...82T,3
WISE J205628.91+145953.2,463,4.09,,2026ApJ..1002..164K,1
WISE J205628.91+145953.2,459,4.14,,2024ApJ...976...82T,2
WISE J205628.91+145953.2,472,3.25,,2024ApJ...976...82T,3
WISE J210200.15-442919.5,590,5.28,,2026ApJ..1002..164K,1
WISE J210200.15-442919.5,546,4.75,,2024ApJ...976...82T,2
WISE J210200.15-442919.5,574,3.56,,2024ApJ...976...82T,3
WISE J215949.48-480854.9,571,4.94,,2026ApJ..1002..164K,1
WISE J215949.48-480854.9,541,5.2,,2024ApJ...976...82T,2
WISE J215949.48-480854.9,549,3.92,,2024ApJ...976...82T,3
WISE J220905.73+271143.9,350,4.28,,2026ApJ..1002..164K,1
WISE J220905.73+271143.9,363,4.0,,2024ApJ...976...82T,2
WISE J220905.73+271143.9,362,3.25,,2024ApJ...976...82T,3
WISE J222055.31-362817.4,480,4.7,,2024Natur.628..511F,1
WISEP J031325.96+780744.2,591,5.01,,2026ApJ..1002..164K,1
WISEP J031325.96+780744.2,564,4.77,,2024ApJ...976...82T,2
WISEP J031325.96+780744.2,573,3.25,,2024ApJ...976...82T,3
WOH G 618,5623,2.873,-0.267,2022AJ....163..152S,1
Wolf 1039,3531,4.7995,0.0,2024A&A...683A.125P,1
Wolf 1039,3730,4.73,,2024A&A...687A.205M,2
Wolf 1039,3548,,-0.3,2021A&A...656A.162M,3
Wolf 1039,3530,4.91,-0.38,2021A&A...656A.162M,4
Wolf 1039,3514,,-0.12,2019ApJ...878..134K,5
Wolf 1039,3559,4.86,0.0,2019A&A...625A..68S,6
Wolf 1039,3490,4.77,0.0,2019A&A...627A.161P,7
Wolf 1039,3581,4.7,0.16,2019A&A...627A.161P,8
Wolf 1039,3499,4.77,0.0,2019A&A...627A.161P,9
Wolf 1039,3500,5.0,,2018A&A...620A.180R,10
Wolf 1039,3553,4.87,0.0,2018A&A...615A...6P,11
Wolf 1039,3511,,-0.02,2014MNRAS.443.2561G,12
Wolf 1039,4048,,,1996A&AS..117..227A,13
Wolf 1039,3500,5.0,,2013AJ....145..102L,14
Wolf 1056,3550,4.8,,2020AJ....159...30H,1
Wolf 1056,3621,4.74,,2024A&A...687A.205M,2
Wolf 1056,3500,4.79,,2022ApJ...927..122H,3
Wolf 1056,3645,4.844,-0.012,2021ApJS..255....8R,4
Wolf 1056,3563,,-0.28,2021A&A...656A.162M,5
Wolf 1056,3551,4.9,-0.24,2021A&A...656A.162M,6
Wolf 1056,3507,4.85,-0.15,2020A&A...644A..68M,7
Wolf 1056,3526,,-0.093,2018MNRAS.475.1960F,8
Wolf 1056,3537,4.89,-0.05,2019A&A...625A..68S,9
Wolf 1056,3482,4.79,-0.05,2019A&A...627A.161P,10
Wolf 1056,3571,4.69,0.26,2019A&A...627A.161P,11
Wolf 1056,3491,4.78,-0.02,2019A&A...627A.161P,12
Wolf 1056,3500,5.0,,2018A&A...620A.180R,13
Wolf 1056,3537,4.89,-0.04,2018A&A...615A...6P,14
Wolf 1056,3568,,,2014MNRAS.443.2561G,15
Wolf 1056,3522,,-0.11,2014ApJ...791...54G,16
Wolf 1056,3690,5.0,,2013AJ....145..102L,17
Wolf 1062,3400,4.8,,2020AJ....159...30H,1
Wolf 1062,3350,4.83,,2022ApJ...927..122H,2
Wolf 1062,3440,,,2014MNRAS.443.2561G,3
Wolf 1062,3280,5.0,,2013AJ....145..102L,4
Wolf 1069,3158,4.93,0.07,2024A&A...691A..53S,1
Wolf 1069,3000,5.0,,2020AJ....159...30H,2
Wolf 1069,3173,5.02,,2024A&A...687A.205M,3
Wolf 1069,3050,5.06,,2022ApJ...927..122H,4
Wolf 1069,3216,,-0.16,2021A&A...656A.162M,5
Wolf 1069,3223,4.97,-0.23,2021A&A...656A.162M,6
Wolf 1069,3189,5.11,0.05,2019A&A...625A..68S,7
Wolf 1069,3144,4.95,0.05,2019A&A...627A.161P,8
Wolf 1069,3142,4.96,0.04,2019A&A...627A.161P,9
Wolf 1069,3158,4.93,0.07,2019A&A...627A.161P,10
Wolf 1069,3200,5.5,,2018A&A...620A.180R,11
Wolf 1069,3276,,0.3,2015ApJS..220...16T,12
Wolf 1069,3267,,0.01,2015ApJS..220...16T,13
Wolf 1069,,,0.35,2015ApJS..220...16T,14
Wolf 1069,3045,,0.14,2015ApJ...804...64M,15
Wolf 1069,3012,,0.16,2012ApJ...748...93R,16
Wolf 1069,2842,,,2009ApJ...704..975J,17
Wolf 1473,3200,5.2,,2020AJ....159...30H,1
Wolf 1473,3175,,-0.29,2021MNRAS.508.5148C,2
Wolf 1473,3200,4.88,,2022ApJ...927..122H,3
Wolf 1473,3049,,,2018MNRAS.475.1960F,4
Wolf 1473,3156,,-0.06,2014MNRAS.443.2561G,5
Wolf 1473,3280,,-0.12,2015ApJS..220...16T,6
Wolf 1473,3301,,-0.15,2015ApJS..220...16T,7
Wolf 1473,3182,,-0.12,2015ApJS..220...16T,8
Wolf 1478,3300,5.0,,2020AJ....159...30H,1
Wolf 1478,3325,4.8869,0.0,2024A&A...683A.125P,2
Wolf 1478,3377,4.87,,2024A&A...687A.205M,3
Wolf 1478,3947,,0.49,2021MNRAS.508.5148C,4
Wolf 1478,3300,4.88,,2022ApJ...927..122H,5
Wolf 1478,3402,4.916,0.044,2021ApJS..255....8R,6
Wolf 1478,5209,4.38,-0.163,2020ApJ...898..119R,7
Wolf 1478,3448,,-0.2,2021A&A...656A.162M,8
Wolf 1478,3450,4.79,-0.23,2021A&A...656A.162M,9
Wolf 1478,3352,4.99,-0.08,2020A&A...644A..68M,10
Wolf 1478,3276,,0.12,2019ApJ...878..134K,11
Wolf 1478,3306,4.221,0.12,2019A&A...629A..80H,12
Wolf 1478,3400,5.0,0.0,2019A&A...625A..68S,13
Wolf 1478,3338,4.75,0.0,2019A&A...627A.161P,14
Wolf 1478,3424,4.72,0.05,2019A&A...627A.161P,15
Wolf 1478,3341,4.75,0.0,2019A&A...627A.161P,16
Wolf 1478,3400,5.1,,2018A&A...620A.180R,17
Wolf 1478,3231,,0.26,2014MNRAS.443.2561G,18
Wolf 1478,3424,,,2014ApJ...791...54G,19
Wolf 1539,3420,,0.13,2024A&A...691A..53S,1
Wolf 1539,,,0.27,2025ApJS..276...47G,2
Wolf 1539,,,0.21,2025ApJS..276...47G,3
Wolf 1539,3315,4.8493,0.0,2024A&A...683A.125P,4
Wolf 1539,3378,4.86,,2024A&A...687A.205M,5
Wolf 1539,3386,,0.06,2024A&A...690A..58A,6
Wolf 1539,3405,,0.1,2024A&A...690A..58A,7
Wolf 1539,3420,,0.13,2024A&A...690A..58A,8
Wolf 1539,3382,,0.13,2024A&A...690A..58A,9
Wolf 1539,3411,4.87,0.183,2021ApJS..255....8R,10
Wolf 1539,3447,,-0.1,2021A&A...656A.162M,11
Wolf 1539,3439,4.83,-0.13,2021A&A...656A.162M,12
Wolf 1539,3381,4.91,0.05,2020A&A...644A..68M,13
Wolf 1539,3166,,0.21,2019ApJ...878..134K,14
Wolf 1539,3421,,0.064,2018MNRAS.475.1960F,15
Wolf 1539,3099,4.148,,2019A&A...629A..80H,16
Wolf 1539,3393,5.0,0.01,2019A&A...625A..68S,17
Wolf 1539,3339,4.85,0.02,2019A&A...627A.161P,18
Wolf 1539,3349,4.8,0.14,2019A&A...627A.161P,19
Wolf 1539,3341,4.84,0.04,2019A&A...627A.161P,20
Wolf 1539,3300,5.0,,2018A&A...620A.180R,21
Wolf 1539,3391,5.0,0.0,2018A&A...615A...6P,22
Wolf 1539,3457,,,2014MNRAS.443.2561G,23
Wolf 1539,3466,,0.2,2014ApJ...791...54G,24
Wolf 1539,3407,,0.25,2015ApJS..220...16T,25
Wolf 1539,3617,,0.05,2015ApJS..220...16T,26
Wolf 1539,3280,,0.01,2015ApJS..220...16T,27
Wolf 1539,3260,4.5,,2013AJ....145..102L,28
Wolf 1539,3075,4.91,0.13,2013A&A...556A.150S,29
Wolf 1539,3424,,0.23,2012ApJ...748...93R,30
Wolf 1561 A,5508,4.431,-0.137,2022AJ....163..152S,1
Wolf 1561 A,3150,5.1,,2020AJ....159...30H,2
Wolf 1561 A,3200,5.03,,2022ApJ...927..122H,3
Wolf 1561 A,3357,5.202,,2022ApJS..259...35A,4
Wolf 1561 A,3124,,,2018MNRAS.475.1960F,5
Wolf 1561 B,3050,5.1,,2020AJ....159...30H,1
Wolf 1561 B,3100,5.03,,2022ApJ...927..122H,2
Wolf 1561 B,3200,0.5,,2020AJ....160...83S,3
Wolf 1561 B,3286,,,2018MNRAS.475.1960F,4
Wolf 1561 B,3200,0.5,,2013AJ....146..134K,5
Wolf  227,3016,4.67,-0.07,2019ApJ...878..134K,1
Wolf  227,3047,,0.08,2014MNRAS.443.2561G,2
Wolf  227,3278,,0.04,2015ApJS..220...16T,3
Wolf  227,3249,,-0.14,2015ApJS..220...16T,4
Wolf  227,,,0.0,2015ApJS..220...16T,5
Wolf  227,2990,4.5,,2013AJ....145..102L,6
Wolf  227,3079,,0.01,2015ApJ...804...64M,7
Wolf  227,,,0.13,2014AJ....147...20N,8
Wolf  227,3030,,-0.07,2012ApJ...748...93R,9
Wolf  230,3350,4.89,,2022ApJ...927..122H,1
Wolf  230,3432,5.02,-0.2,2018A&A...615A...6P,2
Wolf  230,3494,,,2014MNRAS.443.2561G,3
Wolf  230,3440,5.0,,2013AJ....145..102L,4
Wolf   28,6455,,,2022ApJ...935L..12B,1
Wolf   28,6168,8.22,,2024A&A...682A...5V,2
Wolf   28,6106,8.2,,2019ApJ...885...74C,3
Wolf   28,6130,8.16,,2017AJ....154...32S,4
Wolf   28,6110,8.16,,2015ApJS..219...19L,5
Wolf   28,6220,8.19,,2009AJ....138.1681S,6
Wolf  358,5546,4.423,-0.068,2022AJ....163..152S,1
Wolf  358,3243,4.9336,0.0,2024A&A...683A.125P,2
Wolf  358,3303,4.9,,2024A&A...687A.205M,3
Wolf  358,3211,,0.16,2021MNRAS.508.5148C,4
Wolf  358,3077,,0.02,2024A&A...690A..58A,5
Wolf  358,3345,4.667,,2022ApJS..259...35A,6
Wolf  358,3144,,-0.11,2022A&A...658A.194P,7
Wolf  358,3435,4.85,0.04,2022A&A...658A.194P,8
Wolf  358,3514,4.75,-0.06,2022A&A...658A.194P,9
Wolf  358,3291,4.72,-0.21,2022A&A...658A.194P,10
Wolf  358,3348,4.85,-0.06,2022A&A...658A.194P,11
Wolf  358,3506,4.85,-0.16,2022A&A...658A.194P,12
Wolf  358,3239,4.77,0.77,2022A&A...658A.194P,13
Wolf  358,3090,,-0.07,2022A&A...658A.194P,14
Wolf  358,3235,4.92,0.28,2022A&A...658A.194P,15
Wolf  358,3281,4.84,0.21,2022A&A...658A.194P,16
Wolf  358,3235,4.92,-0.01,2022A&A...658A.194P,17
Wolf  358,3232,4.7,-0.2,2022A&A...658A.194P,18
Wolf  358,3235,4.92,-0.11,2022A&A...658A.194P,19
Wolf  358,3284,4.92,-0.1,2022A&A...658A.194P,20
Wolf  358,3265,4.946,0.086,2021ApJS..255....8R,21
Wolf  358,3265,,0.15,2020ApJ...892...31B,22
Wolf  358,3372,,-0.25,2021A&A...656A.162M,23
Wolf  358,3410,4.92,-0.14,2021A&A...656A.162M,24
Wolf  358,3483,5.124,-0.131,2020AJ....160..120J,25
Wolf  358,3344,5.0,-0.07,2020A&A...644A..68M,26
Wolf  358,3070,,0.06,2019ApJ...878..134K,27
Wolf  358,3142,4.64,-0.05,2019ApJ...878..134K,28
Wolf  358,3141,4.64,-0.04,2019ApJ...878..134K,29
Wolf  358,3216,,-0.033,2018MNRAS.475.1960F,30
Wolf  358,3232,4.643,0.08,2019A&A...629A..80H,31
Wolf  358,3345,5.03,0.01,2019A&A...625A..68S,32
Wolf  358,3284,4.88,0.01,2019A&A...627A.161P,33
Wolf  358,3373,4.86,-0.04,2019A&A...627A.161P,34
Wolf  358,3278,4.88,0.03,2019A&A...627A.161P,35
Wolf  358,3200,-2.105,0.16,2019AJ....157...63K,36
Wolf  358,3200,5.0,,2018A&A...620A.180R,37
Wolf  358,3335,5.03,0.03,2018A&A...615A...6P,38
Wolf  358,3238,,0.13,2014MNRAS.443.2561G,39
Wolf  358,3400,,0.2,2014ApJ...791...54G,40
Wolf  358,3314,,0.29,2015ApJS..220...16T,41
Wolf  358,3414,,0.01,2015ApJS..220...16T,42
Wolf  358,3281,,0.0,2015ApJS..220...16T,43
Wolf  358,3100,4.5,,2013AJ....145..102L,44
Wolf  358,3238,,0.16,2015ApJ...804...64M,45
Wolf  358,3334,,0.2,2012ApJ...748...93R,46
Wolf  359,2525,,0.18,2024A&A...691A..53S,1
Wolf  359,2562,4.6,,2023ApJ...959...63S,2
Wolf  359,3000,4.0,,2023MNRAS.524.6085K,3
Wolf  359,3027,5.251,-0.224,2021ApJS..255....8R,4
Wolf  359,3060,,-0.15,2021A&A...656A.162M,5
Wolf  359,3071,5.25,-0.09,2021A&A...656A.162M,6
Wolf  359,3419,4.8,0.23,2020A&A...644A..68M,7
Wolf  359,2732,4.61,0.04,2019ApJ...878..134K,8
Wolf  359,2729,4.6,0.03,2019ApJ...878..134K,9
Wolf  359,2730,4.6,0.03,2019ApJ...878..134K,10
Wolf  359,2733,4.61,0.03,2019ApJ...878..134K,11
Wolf  359,2728,4.6,0.03,2019ApJ...878..134K,12
Wolf  359,2725,4.58,0.02,2019ApJ...878..134K,13
Wolf  359,2728,4.6,0.02,2019ApJ...878..134K,14
Wolf  359,2732,4.6,0.03,2019ApJ...878..134K,15
Wolf  359,2725,4.59,0.02,2019ApJ...878..134K,16
Wolf  359,2703,4.6,0.01,2019ApJ...878..134K,17
Wolf  359,2700,-2.995,0.25,2019AJ....157...63K,18
Wolf  359,2900,5.4,,2018A&A...620A.180R,19
Wolf  359,2865,,,2014MNRAS.443.2561G,20
Wolf  359,2960,,,2014ApJ...791...54G,21
Wolf  359,3356,,,2015ApJS..220...16T,22
Wolf  359,3185,,,2015ApJS..220...16T,23
Wolf  359,2818,,0.25,2015ApJ...804...64M,24
Wolf  359,,,0.3,2014AJ....147...20N,25
Wolf  359,2800,5.5,,2013A&A...556A..15R,26
Wolf  359,2887,,0.18,2012ApJ...748...93R,27
Wolf  398,3456,4.81,,2024A&A...687A.205M,1
Wolf  398,3383,,-0.32,2021A&A...656A.162M,2
Wolf  398,3405,4.86,-0.27,2021A&A...656A.162M,3
Wolf  398,3375,5.01,0.0,2019A&A...625A..68S,4
Wolf  398,3318,4.85,0.02,2019A&A...627A.161P,5
Wolf  398,3367,4.82,0.06,2019A&A...627A.161P,6
Wolf  398,3331,4.85,0.01,2019A&A...627A.161P,7
Wolf  398,3500,4.0,,2018A&A...620A.180R,8
Wolf  398,3364,5.02,0.0,2018A&A...615A...6P,9
Wolf  398,3239,,0.08,2014MNRAS.443.2561G,10
Wolf  398,3250,4.5,,2013AJ....145..102L,11
Wolf  398,,,-0.22,2014AJ....147...20N,12
Wolf  414,3284,,0.26,2019ApJ...878..134K,1
Wolf  414,3239,,0.14,2014MNRAS.443.2561G,2
Wolf  414,3180,4.5,,2013AJ....145..102L,3
Wolf  437,3306,4.89,-0.03,2026AJ....172..121T,1
Wolf  437,3246,,-0.06,2024A&A...691A..53S,2
Wolf  437,3297,4.8924,0.0,2024A&A...683A.125P,3
Wolf  437,3405,4.85,,2024A&A...687A.205M,4
Wolf  437,3617,,0.66,2021MNRAS.508.5148C,5
Wolf  437,3300,4.88,,2022ApJ...927..122H,6
Wolf  437,3395,,-0.01,2024A&A...690A..58A,7
Wolf  437,3340,,-0.06,2024A&A...690A..58A,8
Wolf  437,3231,,0.06,2024A&A...690A..58A,9
Wolf  437,3246,,-0.06,2024A&A...690A..58A,10
Wolf  437,3329,,-0.01,2024A&A...690A..58A,11
Wolf  437,3345,4.913,0.086,2021ApJS..255....8R,12
Wolf  437,3413,,-0.23,2021A&A...656A.162M,13
Wolf  437,3408,4.82,-0.23,2021A&A...656A.162M,14
Wolf  437,3309,5.03,-0.01,2020A&A...644A..68M,15
Wolf  437,3218,,0.12,2019ApJ...878..134K,16
Wolf  437,3240,,0.019,2018MNRAS.475.1960F,17
Wolf  437,3239,4.26,0.12,2019A&A...629A..80H,18
Wolf  437,3389,5.0,0.03,2019A&A...625A..68S,19
Wolf  437,3327,4.84,0.06,2019A&A...627A.161P,20
Wolf  437,3354,4.8,0.13,2019A&A...627A.161P,21
Wolf  437,3340,4.83,0.07,2019A&A...627A.161P,22
Wolf  437,3300,5.0,,2018A&A...620A.180R,23
Wolf  437,3384,5.0,0.06,2018A&A...615A...6P,24
Wolf  437,3270,,,2014MNRAS.443.2561G,25
Wolf  437,3290,5.0,,2013AJ....145..102L,26
Wolf  437,,,0.03,2014AJ....147...20N,27
Wolf  437,3300,5.0,,2013A&A...556A..15R,28
Wolf   44,3550,4.8,,2020AJ....159...30H,1
Wolf   44,3568,4.79,,2024A&A...687A.205M,2
Wolf   44,3600,4.83,,2022ApJ...927..122H,3
Wolf   44,3614,4.889,-0.123,2021ApJS..255....8R,4
Wolf   44,3545,,-0.24,2021A&A...656A.162M,5
Wolf   44,3564,5.05,-0.24,2021A&A...656A.162M,6
Wolf   44,3517,4.89,-0.26,2020A&A...644A..68M,7
Wolf   44,3529,,-0.218,2018MNRAS.475.1960F,8
Wolf   44,3529,4.94,-0.16,2019A&A...625A..68S,9
Wolf   44,3499,4.8,-0.1,2019A&A...627A.161P,10
Wolf   44,3484,4.82,-0.11,2019A&A...627A.161P,11
Wolf   44,3496,4.8,-0.11,2019A&A...627A.161P,12
Wolf   44,3500,5.0,,2018A&A...620A.180R,13
Wolf   44,3537,4.92,-0.13,2018A&A...615A...6P,14
Wolf   44,3474,,,2014MNRAS.443.2561G,15
Wolf   44,4104,,,1996A&AS..117..227A,16
Wolf   44,3470,4.5,,2013AJ....145..102L,17
Wolf  461,3087,4.91,,2024A&A...687A.205M,1
Wolf  461,3100,4.5,,2023MNRAS.524.6085K,2
Wolf  461,3579,,-0.83,2022A&A...658A.194P,3
Wolf  461,3379,5.18,-0.23,2022A&A...658A.194P,4
Wolf  461,3589,5.16,-0.33,2022A&A...658A.194P,5
Wolf  461,3586,4.58,0.67,2022A&A...658A.194P,6
Wolf  461,3533,4.61,0.59,2022A&A...658A.194P,7
Wolf  461,3201,4.77,0.77,2022A&A...658A.194P,8
Wolf  461,3245,4.77,0.51,2022A&A...658A.194P,9
Wolf  461,3417,,-0.18,2022A&A...658A.194P,10
Wolf  461,3140,4.81,0.31,2022A&A...658A.194P,11
Wolf  461,3071,5.06,0.34,2022A&A...658A.194P,12
Wolf  461,3140,4.81,-0.3,2022A&A...658A.194P,13
Wolf  461,3148,4.6,-0.36,2022A&A...658A.194P,14
Wolf  461,3140,4.81,-0.28,2022A&A...658A.194P,15
Wolf  461,3142,5.01,-0.12,2022A&A...658A.194P,16
Wolf  461,3140,,-0.07,2021A&A...656A.162M,17
Wolf  461,3158,4.7,-0.53,2021A&A...656A.162M,18
Wolf  461,2961,,,2018MNRAS.475.1960F,19
Wolf  461,3192,5.13,-0.04,2019A&A...625A..68S,20
Wolf  461,3148,4.97,0.0,2019A&A...627A.161P,21
Wolf  461,3200,4.95,-0.04,2019A&A...627A.161P,22
Wolf  461,3090,,0.28,2014MNRAS.443.2561G,23
Wolf  461,3277,,0.17,2015ApJS..220...16T,24
Wolf  461,3368,,0.01,2015ApJS..220...16T,25
Wolf  461,,,0.09,2015ApJS..220...16T,26
Wolf  461,2950,4.5,,2013AJ....145..102L,27
Wolf  461,,,0.22,2014AJ....147...20N,28
Wolf   47,2950,4.8,,2020AJ....159...30H,1
Wolf   47,3050,5.0,,2022ApJ...927..122H,2
Wolf   47,3000,4.0,,2023MNRAS.524.6085K,3
Wolf   47,3045,,-0.37,2021A&A...656A.162M,4
Wolf   47,3057,5.12,-0.36,2021A&A...656A.162M,5
Wolf   47,3003,,,2018MNRAS.475.1960F,6
Wolf   47,2900,-2.346,0.22,2019AJ....157...63K,7
Wolf   47,3200,5.4,,2018A&A...620A.180R,8
Wolf   47,3094,,0.22,2014MNRAS.443.2561G,9
Wolf   47,2940,4.5,,2013AJ....145..102L,10
Wolf   47,,,0.27,2014AJ....147...20N,11
Wolf   47,3039,,0.28,2012ApJ...748...93R,12
Wolf  489,4858,,,2022ApJ...935L..12B,1
Wolf  489,4923,7.862,,2024A&A...682A...5V,2
Wolf  489,4971,7.94,,2020A&A...638A.131N,3
Wolf  489,4940,7.91,,2015ApJS..219...19L,4
Wolf  489,5030,7.95,,2009AJ....138.1681S,5
Wolf  654,3463,4.79,,2024A&A...687A.205M,1
Wolf  654,3350,4.83,,2022ApJ...927..122H,2
Wolf  654,3507,4.874,0.077,2021ApJS..255....8R,3
Wolf  654,5161,4.3,-0.177,2020ApJ...898..119R,4
Wolf  654,3475,,-0.12,2021A&A...656A.162M,5
Wolf  654,3472,4.74,-0.13,2021A&A...656A.162M,6
Wolf  654,3426,4.97,0.01,2019A&A...625A..68S,7
Wolf  654,3378,4.82,0.03,2019A&A...627A.161P,8
Wolf  654,3482,4.72,0.26,2019A&A...627A.161P,9
Wolf  654,3396,4.81,0.04,2019A&A...627A.161P,10
Wolf  654,3400,5.0,,2018A&A...620A.180R,11
Wolf  654,3415,4.99,-0.01,2018A&A...615A...6P,12
Wolf  654,3271,,,2014MNRAS.443.2561G,13
Wolf  654,3340,,0.03,2014ApJ...791...54G,14
Wolf  654,3280,5.0,,2013AJ....145..102L,15
Wolf  654,3432,,0.03,2015ApJ...804...64M,16
Wolf  918,3671,4.8577,0.0,2024A&A...683A.125P,1
Wolf  918,3584,,-0.39,2021MNRAS.508.5148C,2
Wolf  918,3719,4.933,-0.491,2021ApJS..255....8R,3
Wolf  918,3519,4.92,-0.36,2020A&A...644A..68M,4
Wolf  918,3613,,-0.64,2019ApJ...878..134K,5
Wolf  918,3633,,-0.646,2018MNRAS.475.1960F,6
Wolf  918,3560,,-0.44,2014MNRAS.443.2561G,7
Wolf  918,3561,,-0.45,2014ApJ...791...54G,8
Wolf  918,3545,,-0.45,2015ApJ...804...64M,9
Wolf  918,3600,5.0,,2013A&A...556A..15R,10
Wolf  922,5587,4.024,-0.186,2022AJ....163..152S,1
Wolf  922,3149,,-0.33,2021MNRAS.508.5148C,2
Wolf  922,3265,4.677,,2022ApJS..259...35A,3
Wolf  922,3381,5.1209,-0.149,2020AJ....160..120J,4
Wolf  922,3127,4.311,0.15,2019A&A...629A..80H,5
Wolf  922,3100,,,2014MNRAS.443.2561G,6
Wolf  922,3289,,0.47,2015ApJS..220...16T,7
Wolf  922,3366,,0.13,2015ApJS..220...16T,8
Wolf  922,3029,,0.28,2015ApJS..220...16T,9
Wolf  940,5554,3.22,-0.388,2022AJ....163..152S,1
Wolf  940,3345,4.89,,2024A&A...687A.205M,2
Wolf  940,3949,,0.11,2021MNRAS.508.5148C,3
Wolf  940,3381,,-0.2,2021A&A...656A.162M,4
Wolf  940,3408,4.82,-0.21,2021A&A...656A.162M,5
Wolf  940,3352,5.03,0.02,2019A&A...625A..68S,6
Wolf  940,3297,4.84,0.08,2019A&A...627A.161P,7
Wolf  940,3330,4.82,0.11,2019A&A...627A.161P,8
Wolf  940,3304,4.84,0.08,2019A&A...627A.161P,9
Wolf  940,3200,4.9,,2018A&A...620A.180R,10
Wolf  940,3346,5.02,0.05,2018A&A...615A...6P,11
Wolf  940,3252,,0.22,2014MNRAS.443.2561G,12
Wolf  940,3322,,0.1,2015ApJS..220...16T,13
Wolf  940,3384,,-0.18,2015ApJS..220...16T,14
Wolf  940,3604,,0.03,2015ApJS..220...16T,15
Wolf  940 B,636,5.2,,2025ApJ...982...79B,1
Wolf  940 B,605,5.0,0.02,2013MNRAS.433..457B,2
WT 1827,2950,5.08,,2022ApJ...927..122H,1
WT 1827,3308,,,2015ApJS..220...16T,2
WT 1827,3182,,,2015ApJS..220...16T,3
WT 1827,2951,,-0.2,2015ApJ...804...64M,4
WT 392,3795,,0.03,2021MNRAS.508.5148C,1
WT 392,3119,,,2014MNRAS.443.2561G,2
WT 765,5118,,,2022ApJ...935L..12B,1
WT 765,5141,7.929,,2024A&A...682A...5V,2
WT 765,5320,8.09,,2017AJ....154...32S,3
WT 766,3200,1.0,,2020AJ....160...83S,1
WT 766,3200,5.0,,2013A&A...556A..15R,2
WT 766,3200,1.0,,2013AJ....146..134K,3
