type,id,name,spectral_type,x_pc,y_pc,z_pc,vx_kms,vy_kms,vz_kms,temperature_k,mass_solar,luminosity_solar,radius_solar,metallicity_dex,age_gyr,absolute_mag,epoch,notes,constellation,ra_deg,dec_deg,astrometry_epoch,parallax_mas,parallax_error_mas,pm_ra_cosdec_masyr,pm_ra_error_masyr,pm_dec_masyr,pm_dec_error_masyr,radial_velocity_kms,radial_velocity_error_kms,astrometry_ref,radial_velocity_ref
star,sun,Sun,G2V,0,0,0,0,0,0,5772,1,1,,,,4.83,2000.0,"Reference origin. Adopted solar properties; NASA Sun facts and the IAU 2015 nominal effective temperature. Absolute visual magnitude +4.83: NASA Sun Fact Sheet (9 May 2024), https://nssdc.gsfc.nasa.gov/planetary/factsheet/sunfact.html .",,,,,,,,,,,,,,
star,proxima-centauri,Proxima Centauri,M5.5Ve,0.902932,-0.936976,-0.043783,-28.313,0.668,13.738,2930,0.122,,,,,15.53,2000.0,Position from J2000 direction and Gaia EDR3 parallax 768.0665 mas (SIMBAD/CNS5). Temperature is the Pecaut-Mamajek M5.5V class estimate. Motion: SIMBAD GJ 551; Gaia EDR3 proper motion (2020yCat.1350....0G) and RV -20.578199 km/s (2020AJ....160..120J); converted to Sun-relative Galactic axes as documented in README.,Centaurus,217.392321472,-62.676075117,2016.0,768.0665,0.0499,-3781.741008265,0.031386077,769.465014648,0.050524533,-22.345,0.006,2020yCat.1350....0G,2014MNRAS.439.3094B
star,alpha-centauri-b,Alpha Centauri B,K1V,0.953651,-0.929646,-0.015841,,,,5170,0.909,,,,,5.71,2000.0,Position from the J2000 component direction and the 750.81 mas Alpha Centauri AB parallax from Akeson et al. (2021). Temperature is a K1V class estimate.,Centaurus,219.89609629,-60.837527566,2000.0,743.0,1.3,-3614.39,20.48,802.98,19.52,,,2016A&A...586A..90P; 2007A&A...474..653V,
star,alpha-centauri-a,Alpha Centauri A,G2V,0.953716,-0.929581,-0.015797,,,,5770,1.079,,,,,4.38,2000.0,Position from the J2000 component direction and the 750.81 mas Alpha Centauri AB parallax from Akeson et al. (2021). Temperature is a G2V class estimate.,Centaurus,219.902058332,-60.833992688,2000.0,743.0,1.3,-3679.25,3.89,473.67,3.24,,,2016A&A...586A..90P; 2007A&A...474..653V,
star,barnards-star,Barnard's Star,M4.0Ve,1.519999,0.913621,0.444229,-140.951,5.139,18.556,3210,0.144,,,,,13.22,2000.0,Position from J2000 direction and Gaia EDR3 parallax 546.9759 mas (SIMBAD/CNS5). Temperature is an M4V class estimate. Motion: SIMBAD GJ 699; Gaia EDR3 proper motion (2020yCat.1350....0G) and RV -110.11 km/s (2018MNRAS.475.1960F); converted to Sun-relative Galactic axes as documented in README.,Ophiuchus,269.448502525,4.739420051,2016.0,546.9759,0.0401,-801.550978368,0.031820867,10362.394206547,0.036070455,-110.353,0.0032,2020yCat.1350....0G,2018A&A...616A...7S
brown_dwarf,luhman-16-a,Luhman 16 A,L8+/-1,0.520723,-1.918100,0.184114,,,,1420,0.032,,,,,,2000.0,System position uses the J2000 direction and 500.993 mas parallax from Bedin et al. (2024). L8+/-1 classification is from Luhman (2013); temperature is a class estimate.,Vela,162.308643669,-53.318044753,2016.0,501.557,0.082,-2759.502,0.147,356.856,0.15,,,2018A&A...618A.111L,
brown_dwarf,luhman-16-b,Luhman 16 B,T1+/-2,0.520723,-1.918100,0.184114,,,,1240,0.027,,,,,,2000.0,System position uses the J2000 direction and 500.993 mas parallax from Bedin et al. (2024). T1+/-2 classification is from Luhman (2013); temperature is a class estimate.,Vela,162.308402229,-53.31827781,2015.5,501.557,0.082,-2759.502,0.147,356.856,0.15,,,FROM:Luhman16A,
sub_brown_dwarf,wise-0855-0714,WISE 0855-0714,Y4,-1.199854,-1.712901,0.902867,,,,250,,,,,,,2000.0,Position from J2000 direction and 439.0 mas infrared parallax from Kirkpatrick et al. (2021). The 250 K display temperature is within the published 225-260 K estimate.,Hydra,133.780984,-7.243932,2016.7,439.0,2.4,-8123.7,1.3,673.2,1.3,,,2021ApJS..253....7K,
star,wolf-359,Wolf 359,M6.0V,-0.587411,-1.207350,1.999649,-28.424,-47.825,-13.655,2810,0.090,,,,,16.55,2000.0,Position from J2000 direction and Gaia EDR3 parallax 415.1794 mas (SIMBAD/CNS5). Temperature is an M6V class estimate. Motion: SIMBAD GJ 406; Gaia EDR3 proper motion (2020yCat.1350....0G) and RV 19.57 km/s (2018MNRAS.475.1960F); converted to Sun-relative Galactic axes as documented in README.,Leo,164.103190308,7.002726941,2016.0,415.1794,0.0684,-3866.338275144,0.08130645,-2699.214987679,0.06910815,19.442,0.032,2020yCat.1350....0G,2020A&A...636A..36L
star,lalande-21185,Lalande 21185,M2.0V,-1.054409,-0.094440,2.315617,46.167,-53.797,-74.238,3560,0.390,,,,,10.44,2000.0,Position from J2000 direction and Gaia EDR3 parallax 392.7529 mas (SIMBAD/CNS5). Temperature is an M2V class estimate. Motion: SIMBAD GJ 411; Gaia EDR3 proper motion (2020yCat.1350....0G) and RV -84.64 km/s (2018MNRAS.475.1960F); converted to Sun-relative Galactic axes as documented in README.,Ursa Major,165.830959676,35.948653033,2016.0,392.7529,0.0321,-580.057087214,0.025565954,-4776.588719443,0.030034095,-85.016,0.023,2020yCat.1350....0G,2020A&A...636A..36L
star,sirius-a,Sirius A,A1V,-1.770640,-1.914144,-0.407875,14.960,0.257,-11.344,9845,2.063,24.74,,,,1.42,2000.0,"Sirius system position and physical properties use Bond et al. (2017), including the adopted 378.9 mas parallax. The component offset is below this catalog's spatial precision. Motion: system motion shared by A and B; Hipparcos proper motion (SIMBAD HIP 32349; 2007A&A...474..653V) and true systemic RV -8.47 km/s from Bond et al. (2017) section V.1. No binary orbital motion; Galactic conversion documented in README.",Canis Major,101.287155333,-16.716115861,2000.0,379.21,1.58,-546.01,1.33,-1223.07,1.24,-5.5,0.4,2007A&A...474..653V,2006AstL...32..759G
white_dwarf,sirius-b,Sirius B,DA2,-1.770640,-1.914144,-0.407875,14.960,0.257,-11.344,25369,1.018,,,,,11.34,2000.0,Sirius system position and white-dwarf properties use Bond et al. (2017). The component offset is below this catalog's spatial precision. Motion: inherited Sirius system motion as for A; Hipparcos proper motion (2007A&A...474..653V) and true systemic RV -8.47 km/s from Bond et al. (2017) section V.1. Not the white dwarf's gravitationally redshifted RV; no binary orbital motion.,Canis Major,101.286625521,-16.720932526,2016.0,374.4896,0.2313,-461.57050553,0.2779457,-914.519620902,0.33150372,,,2020yCat.1350....0G,
star,luyten-726-8-a,Luyten 726-8 A,M5.5Ve,-0.662073,0.052281,-2.605437,,,,2930,0.102,,,,,15.40,2000.0,System position from J2000 direction and 371.92 mas parallax reported by the GRAVITY Collaboration (2024). Temperature is an M5.5V class estimate.,Cetus,24.771554293,-17.948299887,2016.0,367.7119,0.7418,3385.315810465,0.67216444,544.386384562,0.3787539,,,2020yCat.1350....0G,
star,luyten-726-8-b,Luyten 726-8 B,M6.0Ve,-0.662073,0.052281,-2.605437,,,,2810,0.100,,,,,15.85,2000.0,System position from J2000 direction and 371.92 mas parallax reported by the GRAVITY Collaboration (2024). Temperature is an M6V class estimate.,Cetus,24.771674208,-17.94768286,2016.0,373.8443,0.5009,3178.694257575,0.42692018,584.061335039,0.30229247,,,2020yCat.1350....0G,
star,ross-154,Ross 154,M3.5Ve,2.871304,0.574127,-0.531321,-12.027,-1.006,-7.302,3270,0.170,,,,,13.07,2000.0,Position from J2000 direction and Gaia EDR3 parallax 336.0266 mas (SIMBAD/CNS5). Temperature is an M3.5V class estimate. Motion: SIMBAD GJ 729; Gaia EDR3 proper motion (2020yCat.1350....0G) and RV -10.494 km/s (2018A&A...616A...7S); converted to Sun-relative Galactic axes as documented in README.,Sagittarius,282.458789018,-23.837097449,2016.0,336.0266,0.0317,639.367850336,0.03683873,-193.957925071,0.031829588,-10.494,0.0083,2020yCat.1350....0G,2018A&A...616A...7S
star,ross-248,Ross 248,M5.5Ve,-1.033255,2.840515,-0.920787,32.381,-74.367,0.229,2930,0.136,,,,,14.79,2000.0,Position from J2000 direction and Gaia EDR3 parallax 316.4812 mas (SIMBAD/CNS5). Temperature is an M5.5V class estimate. Motion: SIMBAD GJ 905; Gaia EDR3 proper motion (2020yCat.1350....0G) and RV -77.51 km/s (2018MNRAS.475.1960F); converted to Sun-relative Galactic axes as documented in README.,Andromeda,355.480015258,44.170375701,2016.0,316.4812,0.0444,112.527464933,0.036434025,-1591.649761815,0.026793785,-77.764,0.0108,2020yCat.1350....0G,2018A&A...616A...7S
star,epsilon-eridani,Epsilon Eridani,K2V,-2.070546,-0.587646,-2.394721,-3.597,7.093,-20.649,5100,0.820,,,,,6.19,2000.0,Position from J2000 direction and Gaia EDR3 parallax 310.5773 mas (SIMBAD/CNS5). Temperature is a K2V class estimate. Motion: SIMBAD GJ 144; Gaia EDR3 proper motion (2020yCat.1350....0G) and RV 16.376 km/s (2018A&A...616A...7S); converted to Sun-relative Galactic axes as documented in README.,Eridanus,53.228293415,-9.458168216,2016.0,310.5773,0.1355,-974.75814525,0.15972257,20.87584009,0.120366044,16.376,0.0019,2020yCat.1350....0G,2018A&A...616A...7S
star,lacaille-9352,Lacaille 9352,M0.5V,1.334304,0.119105,-3.002741,-93.627,-13.444,-51.795,3770,0.486,,,,,9.75,2000.0,Position from J2000 direction and Gaia EDR3 parallax 304.1354 mas (SIMBAD/CNS5). Temperature is an M0.5V class estimate. Motion: SIMBAD GJ 887; Gaia EDR3 proper motion (2020yCat.1350....0G) and RV 8.82 km/s (2018A&A...616A...7S); converted to Sun-relative Galactic axes as documented in README.,Piscis Austrinus,346.50391668,-35.847164208,2016.0,304.1354,0.02,6765.995136251,0.020218689,1330.285274718,0.016431512,8.82,0.0006,2020yCat.1350....0G,2018A&A...616A...7S
star,ross-128,Ross 128,M4.0Vn,0.004393,-1.709887,2.909673,17.931,4.836,-32.747,3210,0.168,,,,,13.51,2000.0,Position from J2000 direction and Gaia EDR3 parallax 296.3053 mas (SIMBAD/CNS5). Temperature is an M4V class estimate. Motion: SIMBAD GJ 447; Gaia EDR3 proper motion (2020yCat.1350....0G) and RV -30.66 km/s (2018MNRAS.475.1960F); converted to Sun-relative Galactic axes as documented in README.,Virgo,176.93768799,0.79911997,2016.0,296.3053,0.0302,607.299076681,0.03432964,-1223.028354888,0.022648253,-31.073,0.0024,2020yCat.1350....0G,2018A&A...616A...7S
star,ez-aquarii-a,EZ Aquarii A,M5.0Ve,1.264192,1.359020,-2.855815,,,,3060,0.11,,,,,15.64,2000.0,System position from J2000 direction and 293.60 mas parallax compiled by Torres et al. (2010). Temperature is the unresolved M5V system class estimate.,Aquarius,339.650693945,-15.289647052,2016.0,293.6,0.9,2314.8,8.0,2295.3,8.0,,,2010A&ARv..18...67T; 2012yCat.1322....0Z,
star,ez-aquarii-b,EZ Aquarii B,M?,1.264192,1.359020,-2.855815,,,,3060,0.11,,,,,15.58,2000.0,System position from J2000 direction and 293.60 mas parallax compiled by Torres et al. (2010). Individual subtype is uncertain; temperature uses the unresolved M5V system estimate.,Aquarius,339.650693945,-15.289647052,2016.0,293.6,0.9,2314.8,8.0,2295.3,8.0,,,FROM:GJ866A,
star,ez-aquarii-c,EZ Aquarii C,M?,1.264192,1.359020,-2.855815,,,,3060,0.10,,,,,16.34,2000.0,System position from J2000 direction and 293.60 mas parallax compiled by Torres et al. (2010). Included with A and B because all three components tie across the cutoff.,Aquarius,339.650693945,-15.289647052,2016.0,293.6,0.9,2314.8,8.0,2295.3,8.0,,,FROM:GJ866A,
star,10pc-0030,61 Cyg B,K7,0.465163171,3.448188534,-0.355036758,-92.400290,-53.652772,-8.897231,4100,,,,,,,2000.0,"10pc census (2023-08-25), object 30, system 15; 61 Cyg B. J2000 Sun-relative Galactic position via Astropy; full-space-motion. Estimated: Pecaut-Mamajek 2022.04.16 K7V mean dwarf class, not a measured temperature. Component-resolved Johnson V not independently established; multi-star system V withheld. No orbital model.",Cygnus,316.753662753,38.756072772,2016.0,286.0054,0.0289,4105.976428209,0.025807729,3155.941639827,0.026797226,-64.248,0.0885,2020yCat.1350....0G,2018A&A...616A...7S
star,10pc-0029,61 Cyg A,K5,0.465033343,3.448411574,-0.354558478,-94.386995,-54.934387,-8.430669,4440,,,,,,,2000.0,"10pc census (2023-08-25), object 29, system 15; 61 Cyg A. J2000 Sun-relative Galactic position via Astropy; full-space-motion. Estimated: Pecaut-Mamajek 2022.04.16 K5V mean dwarf class, not a measured temperature. Component-resolved Johnson V not independently established; multi-star system V withheld. No orbital model.",Cygnus,316.748479294,38.763862446,2016.0,285.9949,0.0599,4164.208692285,0.055289943,3249.613883849,0.055022996,-65.82,0.06,2020yCat.1350....0G,2018A&A...619A..81H
white_dwarf,10pc-0032,Procyon B,DQZ,-2.848424115,-1.899848594,0.791604980,,,,,,,,,,,2000.0,"10pc census (2023-08-25), object 32, system 16; alf CMi B. J2000 Sun-relative Galactic position via Astropy; transverse-only; unknown/withheld RV, no exported velocity. No appropriate object-specific temperature adopted; dwarf sequence not applied. Component-resolved Johnson V not independently established; multi-star system V withheld. No orbital model.",Canis Minor,114.8245,5.2241111,2000.0,284.56,1.26,-709.0,25.0,-1024.0,25.0,,,FROM:alfCMiA; 2001AJ....121.2189O,
star,10pc-0031,Procyon A,F5.0,-2.848420862,-1.899821564,0.791681555,4.746767,-8.964451,-18.638174,,,,,,,,2000.0,"10pc census (2023-08-25), object 31, system 16; alf CMi A. J2000 Sun-relative Galactic position via Astropy; full-space-motion. No appropriate object-specific temperature adopted; dwarf sequence not applied. Component-resolved Johnson V not independently established; multi-star system V withheld. No orbital model.",Canis Minor,114.825497908,5.224987557,2000.0,284.56,1.26,-714.59,2.6,-1036.8,1.15,-3.2,0.9,2007A&A...474..653V,1953GCRV..C......0W
star,10pc-0034,HD 173740,M3.5,0.040109110,3.212514178,1.445864930,-25.311326,-10.866400,27.513895,3270,,,,,,,2000.0,"10pc census (2023-08-25), object 34, system 17; HD 173740. J2000 Sun-relative Galactic position via Astropy; full-space-motion. Estimated: Pecaut-Mamajek 2022.04.16 M3.5V mean dwarf class, not a measured temperature. Component-resolved Johnson V not independently established; multi-star system V withheld. No orbital model. Source caution: 1976A&AS...26..177B mentioned a perturbation from a 15 Mjup object unconfirmed by 2019A&A...623A..72K",Draco,280.683086246,59.635145455,2016.0,283.8378,0.0287,-1400.263516757,0.03854041,1862.525147749,0.033203878,1.102,0.0037,2020yCat.1350....0G,2018A&A...616A...7S
star,10pc-0033,HD 173739,M3,0.039902863,3.212489140,1.445931401,-24.506823,-11.888025,25.191843,3430,,,,,,,2000.0,"10pc census (2023-08-25), object 33, system 17; HD 173739. J2000 Sun-relative Galactic position via Astropy; full-space-motion. Estimated: Pecaut-Mamajek 2022.04.16 M3V mean dwarf class, not a measured temperature. Component-resolved Johnson V not independently established; multi-star system V withheld. No orbital model.",Draco,280.683070835,59.638357908,2016.0,283.8401,0.022,-1311.679082552,0.02710057,1792.32455583,0.026312303,-0.772,0.005,2020yCat.1350....0G,2018A&A...616A...7S
star,10pc-0035,GX And,M1,-1.517124166,3.019495860,-1.127187719,-49.149059,-12.045781,-3.435859,3660,,,,,,,2000.0,"10pc census (2023-08-25), object 35, system 18; GJ 15 A. J2000 Sun-relative Galactic position via Astropy; full-space-motion. Estimated: Pecaut-Mamajek 2022.04.16 M1V mean dwarf class, not a measured temperature. Component-resolved Johnson V not independently established; multi-star system V withheld. No orbital model.",Andromeda,4.613226258,44.024786744,2016.0,280.7068,0.0203,2891.518077337,0.015489398,411.832020366,0.01302328,11.82,0.0041,2020yCat.1350....0G,2018A&A...616A...7S
star,10pc-0038,GQ And,M3.5e,-1.517739435,3.019431508,-1.127059688,-48.047177,-12.794886,-4.300772,3270,,,,,,,2000.0,"10pc census (2023-08-25), object 38, system 18; GJ 15 B. J2000 Sun-relative Galactic position via Astropy; full-space-motion. Estimated: Pecaut-Mamajek 2022.04.16 M3.5V mean dwarf class, not a measured temperature. Component-resolved Johnson V not independently established; multi-star system V withheld. No orbital model.",Andromeda,4.625300681,44.028744517,2016.0,280.6947,0.0278,2862.796426497,0.022829484,336.431903719,0.01896944,10.997,0.0152,2020yCat.1350....0G,2018A&A...616A...7S
star,10pc-0039,DX Cnc,M6.5,-2.890421650,-0.884495456,1.919820692,-17.486048,-10.142751,-12.470658,2740,,,,,,,2000.0,"10pc census (2023-08-25), object 39, system 19; G 51-15. J2000 Sun-relative Galactic position via Astropy; full-space-motion. Estimated: Pecaut-Mamajek 2022.04.16 M6.5V mean dwarf class, not a measured temperature. Johnson V unknown in source; no G/IR substitution. No orbital model.",Cancer,127.450092402,26.773285965,2016.0,279.2496,0.0637,-1113.693546785,0.06408457,-612.191072829,0.047464374,9.936,0.048,2020yCat.1350....0G,2020A&A...636A..36L
star,10pc-0040,eps Ind A,K5,2.225889646,-0.982076534,-2.706280503,-80.722677,-40.933753,2.335078,4440,,,,,,,2000.0,"10pc census (2023-08-25), object 40, system 20; eps Ind A. J2000 Sun-relative Galactic position via Astropy; full-space-motion. Estimated: Pecaut-Mamajek 2022.04.16 K5V mean dwarf class, not a measured temperature. Component-resolved Johnson V not independently established; multi-star system V withheld. No orbital model.",Indus,330.87240788,-56.797254661,2016.0,274.8431,0.0956,3966.660538748,0.08557088,-2536.191986804,0.09221277,-40.035,0.0008,2020yCat.1350....0G,2018A&A...616A...7S
star,10pc-0044,tau Cet,G8.5,-1.033495105,0.125054321,-3.500941415,18.733492,29.448773,12.842102,5430,,,,,,5.687083,2000.0,"10pc census (2023-08-25), object 44, system 21; tau Cet. J2000 Sun-relative Galactic position via Astropy; full-space-motion. Estimated: linear interpolation between Pecaut-Mamajek 2022.04.16 G8V and G9V mean dwarf classes. Absolute Johnson V derived from 10pc Vmag=3.5 and adopted distance; negligible extinction assumed. Photometric epoch, uncertainty and individual V bibliography not supplied by compilation. No orbital model. Source caution: tau Cet e f g h: candidate planets 2017AJ....154..135F",Cetus,26.009055057,-15.933680201,2016.0,273.8097,0.1701,-1721.727794472,0.18087587,854.963157059,0.08807259,-16.597,0.0007,2020yCat.1350....0G,2018A&A...616A...7S
star,10pc-0045,GJ 1061,M5.5,-0.689559716,-2.105948452,-2.930553658,-3.199918,-20.045838,-3.018060,2930,,,,,,15.244274,2000.0,"10pc census (2023-08-25), object 45, system 22; GJ 1061. J2000 Sun-relative Galactic position via Astropy; full-space-motion. Estimated: Pecaut-Mamajek 2022.04.16 M5.5V mean dwarf class, not a measured temperature. Absolute Johnson V derived from 10pc Vmag=13.07 and adopted distance; negligible extinction assumed. Photometric epoch, uncertainty and individual V bibliography not supplied by compilation. No orbital model.",Horologium,54.003393877,-44.514362316,2016.0,272.1615,0.0316,745.654340004,0.03492798,-373.323280914,0.038019042,14.499,0.0024,2020yCat.1350....0G,2014MNRAS.439.3094B
brown_dwarf,10pc-0042,eps Ind Ba,T1,2.254219405,-0.997962366,-2.751976411,,,,1240,,,,,,,2000.0,"10pc census (2023-08-25), object 42, system 20; eps Ind B. J2000 Sun-relative Galactic position via Astropy; transverse-only; unknown/withheld RV, no exported velocity. Estimated: Pecaut-Mamajek 2022.04.16 T1V mean dwarf class, not a measured temperature. Component-resolved Johnson V not independently established; multi-star system V withheld. No orbital model.",Indus,331.076452597,-56.793812067,2016.0,270.658,0.6896,3981.976662961,0.6016568,-2466.831814766,0.6256827,,,2020yCat.1350....0G,
brown_dwarf,10pc-0043,eps Ind Bb,T6,2.254219405,-0.997962366,-2.751976411,,,,950,,,,,,,2000.0,"10pc census (2023-08-25), object 43, system 20; eps Ind C. J2000 Sun-relative Galactic position via Astropy; transverse-only; unknown/withheld RV, no exported velocity. Estimated: Pecaut-Mamajek 2022.04.16 T6V mean dwarf class, not a measured temperature. Component-resolved Johnson V not independently established; multi-star system V withheld. No orbital model.",Indus,331.076452597,-56.793812067,2016.0,270.658,0.6896,3981.976662961,0.6016568,-2466.831814766,0.6256827,,,FROM:epsIndB; FROM:GJ845B,
star,10pc-0049,YZ Cet,M4e,-0.625462122,0.365413612,-3.644941288,-28.211942,-0.391454,-23.586140,3210,,,,,,14.223490,2000.0,"10pc census (2023-08-25), object 49, system 23; YZ Cet. J2000 Sun-relative Galactic position via Astropy; full-space-motion. Estimated: Pecaut-Mamajek 2022.04.16 M4V mean dwarf class, not a measured temperature. Absolute Johnson V derived from 10pc Vmag=12.074 and adopted distance; negligible extinction assumed. Photometric epoch, uncertainty and individual V bibliography not supplied by compilation. No orbital model.",Cetus,18.133254254,-16.996154872,2016.0,269.0573,0.0337,1205.074450318,0.04133712,637.546633968,0.051560108,27.846,0.023,2020yCat.1350....0G,2020A&A...636A..36L
star,10pc-0053,Luyten's Star,M3.5,-3.146111244,-1.992315402,0.681682002,16.156343,-65.301807,-17.015860,3270,,,,,,11.981231,2000.0,"10pc census (2023-08-25), object 53, system 24; GJ 273. J2000 Sun-relative Galactic position via Astropy; full-space-motion. Estimated: Pecaut-Mamajek 2022.04.16 M3.5V mean dwarf class, not a measured temperature. Absolute Johnson V derived from 10pc Vmag=9.872 and adopted distance; negligible extinction assumed. Photometric epoch, uncertainty and individual V bibliography not supplied by compilation. No orbital model. Source caution: GJ 273 d e: unconfirmed planets 2020A&A...641A..23P",Canis Minor,111.854628443,5.209382702,2016.0,264.1269,0.0413,571.232346729,0.04458072,-3691.486565379,0.03559047,17.895,0.025,2020yCat.1350....0G,2020A&A...636A..36L
star,10pc-0056,Teegarden's Star,M6,-2.878501467,1.032735133,-2.306671396,-66.175920,-72.347013,-56.045728,2810,,,,,,,2000.0,"10pc census (2023-08-25), object 56, system 25; Teegarden's Star. J2000 Sun-relative Galactic position via Astropy; full-space-motion. Estimated: Pecaut-Mamajek 2022.04.16 M6V mean dwarf class, not a measured temperature. Johnson V unknown in source; no G/IR substitution. No orbital model.",Aries,43.269642477,16.864373819,2016.0,260.9884,0.0934,3429.082826808,0.087942876,-3805.541122737,0.08326042,64.01,0.0124,2020yCat.1350....0G,2014MNRAS.439.3094B
star,10pc-0059,Kapteyn's Star,sdM1,-1.059611320,-2.997516814,-2.310066332,20.016789,-288.061815,-52.407587,,0.281,,,,,10.881080,2000.0,"10pc census (2023-08-25), object 59, system 26; Kapteyn's Star. J2000 Sun-relative Galactic position via Astropy; full-space-motion. Unknown, limited, peculiar, subdwarf or unsupported spectral classification. Absolute Johnson V derived from 10pc Vmag=8.853 and adopted distance; negligible extinction assumed. Photometric epoch, uncertainty and individual V bibliography not supplied by compilation. No orbital model. Source caution: Kapteyn's Star c: controversial planet 2014MNRAS.443L..89A Mass: 0.281 +/- 0.014 solar masses adopted from Guinan et al. (2016) Table 1, attributed there to Segransan et al. (2003).",Pictor,77.95993735,-45.043812699,2016.0,254.1986,0.0168,6491.223339062,0.018412089,-5708.614150045,0.020839408,245.234,0.0017,2020yCat.1350....0G,2018A&A...616A...7S
star,10pc-0060,Lacaille 8760,M1,2.836298872,0.193570416,-2.770062333,58.574148,-19.608642,28.966463,3660,,,,,,8.686433,2000.0,"10pc census (2023-08-25), object 60, system 27; AX Mic. J2000 Sun-relative Galactic position via Astropy; full-space-motion. Estimated: Pecaut-Mamajek 2022.04.16 M1V mean dwarf class, not a measured temperature. Absolute Johnson V derived from 10pc Vmag=6.68 and adopted distance; negligible extinction assumed. Photometric epoch, uncertainty and individual V bibliography not supplied by compilation. No orbital model.",Microscopium,319.295018138,-38.872456401,2016.0,251.9124,0.0352,-3258.966218702,0.029930007,-1145.862396912,0.025867643,20.701,0.12,2020yCat.1350....0G,2022yCat.1355....0G
star,10pc-0062,DO Cep,M4,-1.014508377,3.870231218,-0.000155991,28.283950,-21.534010,-1.865868,3210,,,,,,,2000.0,"10pc census (2023-08-25), object 62, system 28; HD 239960 B. J2000 Sun-relative Galactic position via Astropy; full-space-motion. Estimated: Pecaut-Mamajek 2022.04.16 M4V mean dwarf class, not a measured temperature. Component-resolved Johnson V not independently established; multi-star system V withheld. No orbital model.",Cepheus,336.991386092,57.69410078,2016.0,249.9668,0.7414,-934.098,1.319,-686.244,1.41,-28.0,5.0,2018yCat.1345....0G,1953GCRV..C......0W
brown_dwarf,10pc-0064,SCR J1845-6357 B,T6,3.228430369,-1.751477733,-1.597659809,,,,950,,,,,,,2000.0,"10pc census (2023-08-25), object 64, system 29; SCR J1845-6357 B. J2000 Sun-relative Galactic position via Astropy; transverse-only; unknown/withheld RV, no exported velocity. Estimated: Pecaut-Mamajek 2022.04.16 T6V mean dwarf class, not a measured temperature. Component-resolved Johnson V not independently established; multi-star system V withheld. No orbital model. Source caution: Could be EDR3 6439125097425887488 with sep 2.2 arcsec but doubtful  G-Rp=1.3 small for a midT",Pavo,281.28054,-63.961885,2005.5,249.6651,0.133,2583.189785995,0.09070165,588.504138102,0.10340071,,,FROM:SCRJ1845-6357A; FROM:SCRJ1845-6357,
star,10pc-0063,SCR J1845-6357 A,M8,3.228650346,-1.751624787,-1.597792826,-19.422405,36.375576,-33.972629,2570,,,,,,,2000.0,"10pc census (2023-08-25), object 63, system 29; SCR J1845-6357 A. J2000 Sun-relative Galactic position via Astropy; full-space-motion. Estimated: Pecaut-Mamajek 2022.04.16 M8V mean dwarf class, not a measured temperature. Component-resolved Johnson V not independently established; multi-star system V withheld. No orbital model.",Pavo,281.298043862,-63.960567367,2016.0,249.6651,0.133,2583.189785995,0.09070165,588.504138102,0.10340071,-18.0,2.0,2020yCat.1350....0G,2015ApJS..220...18B
star,10pc-0061,Kruger 60 A,M3,-1.016721093,3.879105492,-0.000263571,19.604535,-19.672926,3.565194,3430,,,,,,,2000.0,"10pc census (2023-08-25), object 61, system 28; HD 239960 A. J2000 Sun-relative Galactic position via Astropy; full-space-motion. Estimated: Pecaut-Mamajek 2022.04.16 M3V mean dwarf class, not a measured temperature. Component-resolved Johnson V not independently established; multi-star system V withheld. No orbital model.",Cepheus,336.992112906,57.694032053,2016.0,249.3926,0.1653,-725.227,0.537,-223.461,0.348,-24.0,5.0,2018yCat.1345....0G,1953GCRV..C......0W
star,10pc-0065,DENIS J104814.6-395606,M9,0.583864299,-3.822782631,1.187155930,-11.092804,0.801832,-29.456852,2380,,,,,,19.497283,2000.0,"10pc census (2023-08-25), object 65, system 30; DENIS J104814.6-395606. J2000 Sun-relative Galactic position via Astropy; full-space-motion. Estimated: Pecaut-Mamajek 2022.04.16 M9V mean dwarf class, not a measured temperature. Absolute Johnson V derived from 10pc Vmag=17.532 and adopted distance; negligible extinction assumed. Photometric epoch, uncertainty and individual V bibliography not supplied by compilation. No orbital model.",Antlia,162.053887717,-39.939625947,2016.0,247.2156,0.0512,-1179.311133843,0.055921696,-988.12149596,0.055926006,-11.0,2.0,2020yCat.1350....0G,2015ApJS..220...18B
star,10pc-0066,V577 Mon A,M4.5,-3.434253548,-2.224137378,-0.443517978,-3.270412,-26.665433,4.097167,3110,,,,,,,2000.0,"10pc census (2023-08-25), object 66, system 31; Ross 614 A. J2000 Sun-relative Galactic position via Astropy; full-space-motion. Estimated: Pecaut-Mamajek 2022.04.16 M4.5V mean dwarf class, not a measured temperature. Component-resolved Johnson V not independently established; multi-star system V withheld. No orbital model.",Monoceros,97.350794774,-2.817130718,2016.0,242.9659,0.8833,750.14,1.648,-802.947,1.475,16.7,0.2,2018yCat.1345....0G,2006AstL...32..759G
star,10pc-0067,V577 Mon B,M5.5,-3.434481562,-2.224285075,-0.443547420,,,,2930,,,,,,,2000.0,"10pc census (2023-08-25), object 67, system 31; Ross 614 B. J2000 Sun-relative Galactic position via Astropy; transverse-only; unknown/withheld RV, no exported velocity. Estimated: Pecaut-Mamajek 2022.04.16 M5.5V mean dwarf class, not a measured temperature. Component-resolved Johnson V not independently established; multi-star system V withheld. No orbital model. Source caution: Could be EDR3 3117120863519565568 but doubtful because similar magnitudes",Monoceros,97.350794774,-2.817130718,2016.0,242.9659,0.8833,750.14,1.648,-802.947,1.475,,,FROM:Ross614A,
brown_dwarf,10pc-0068,UGPS J072227.51-054031.2,> T9,-3.074259736,-2.723599784,0.306480415,,,,,,,,,,,2000.0,"10pc census (2023-08-25), object 68, system 32; UGPS J072227.51-054031.2. J2000 Sun-relative Galactic position via Astropy; transverse-only; unknown/withheld RV, no exported velocity. Unknown, limited, peculiar, subdwarf or unsupported spectral classification. Johnson V unknown in source; no G/IR substitution. No orbital model.",Monoceros,110.614629,-5.675336,2000.0,242.8,2.4,-903.738,1.5842,351.808,0.6167,,,2012ApJ...748...74L; 2012ApJS..201...19D,
star,10pc-0069,Wolf 1061,M3,3.938633803,0.230666706,1.730253693,-12.919333,-21.140093,-20.603727,3430,,,,,,11.900566,2000.0,"10pc census (2023-08-25), object 69, system 33; Wolf 1061. J2000 Sun-relative Galactic position via Astropy; full-space-motion. Estimated: Pecaut-Mamajek 2022.04.16 M3V mean dwarf class, not a measured temperature. Absolute Johnson V derived from 10pc Vmag=10.072 and adopted distance; negligible extinction assumed. Photometric epoch, uncertainty and individual V bibliography not supplied by compilation. No orbital model.",Ophiuchus,247.574814162,-12.667851081,2016.0,232.139,0.0268,-94.209594994,0.03089707,-1183.917157588,0.021104315,-21.216,0.0006,2020yCat.1350....0G,2018A&A...616A...7S
white_dwarf,10pc-0073,van Maanen's Star,DZ,-1.225017169,1.969635077,-3.637888310,,,,,,,,,,14.199380,2000.0,"10pc census (2023-08-25), object 73, system 34; Wolf 28. J2000 Sun-relative Galactic position via Astropy; transverse-only; unknown/withheld RV, no exported velocity. No appropriate object-specific temperature adopted; dwarf sequence not applied. Absolute Johnson V derived from 10pc Vmag=12.374 and adopted distance; negligible extinction assumed. Photometric epoch, uncertainty and individual V bibliography not supplied by compilation. No orbital model.",Pisces,12.29674025,5.376556608,2016.0,231.78,0.0183,1231.399465379,0.022946512,-2711.882504485,0.019384578,,,2020yCat.1350....0G,
star,10pc-0074,FL Vir A,M5.5,0.444031164,-1.307297412,4.100577413,-33.697585,-15.552083,-0.259518,2930,,,,,,,2000.0,"10pc census (2023-08-25), object 74, system 35; Wolf 424 A. J2000 Sun-relative Galactic position via Astropy; full-space-motion. Estimated: Pecaut-Mamajek 2022.04.16 M5.5V mean dwarf class, not a measured temperature. Component-resolved Johnson V not independently established; multi-star system V withheld. No orbital model.",Virgo,188.314492802,9.022091625,2016.0,231.1185,0.5119,-1795.66090246,0.5651156,217.788566562,0.5500163,1.0,4.0,2020yCat.1350....0G,2015ApJ...802L..10T
star,10pc-0076,HD 225213,M2,1.015120620,-0.299656978,-4.214708698,-74.518138,-97.428870,-37.286401,3560,,,,,,10.371763,2000.0,"10pc census (2023-08-25), object 76, system 36; HD 225213. J2000 Sun-relative Galactic position via Astropy; full-space-motion. Estimated: Pecaut-Mamajek 2022.04.16 M2V mean dwarf class, not a measured temperature. Absolute Johnson V derived from 10pc Vmag=8.562 and adopted distance; negligible extinction assumed. Photometric epoch, uncertainty and individual V bibliography not supplied by compilation. No orbital model.",Sculptor,1.383284152,-37.367744028,2016.0,230.097,0.0362,5633.438087895,0.026583562,-2334.721272652,0.030039242,25.534,0.001,2020yCat.1350....0G,2018A&A...616A...7S
star,10pc-0077,GJ 9066,M4.5,-2.600114497,1.646345148,-3.242032574,13.430534,-50.888183,3.150326,3110,,,,,,14.046412,2000.0,"10pc census (2023-08-25), object 77, system 37; GJ 9066. J2000 Sun-relative Galactic position via Astropy; full-space-motion. Estimated: Pecaut-Mamajek 2022.04.16 M4.5V mean dwarf class, not a measured temperature. Absolute Johnson V derived from 10pc Vmag=12.298 and adopted distance; negligible extinction assumed. Photometric epoch, uncertainty and individual V bibliography not supplied by compilation. No orbital model.",Aries,30.058987048,13.044071201,2016.0,223.7321,0.0699,1096.458485897,0.06671383,-1771.526145379,0.056617845,-28.832,0.025,2020yCat.1350....0G,2020A&A...636A..36L
star,10pc-0075,FL Vir B,M7,0.459209550,-1.352021054,4.240791896,,,,2680,,,,,,,2000.0,"10pc census (2023-08-25), object 75, system 35; Wolf 424 B. J2000 Sun-relative Galactic position via Astropy; transverse-only; unknown/withheld RV, no exported velocity. Estimated: Pecaut-Mamajek 2022.04.16 M7V mean dwarf class, not a measured temperature. Component-resolved Johnson V not independently established; multi-star system V withheld. No orbital model.",Virgo,188.314676776,9.021829208,2016.0,223.4775,0.4665,-1710.467654065,0.5541853,203.09780864,0.45071223,,,2020yCat.1350....0G,
star,10pc-0080,GJ 687,M3,-0.577415425,3.816932755,2.408857429,30.554816,-25.422072,-6.724009,3430,,,,,,,2000.0,"10pc census (2023-08-25), object 80, system 38; GJ 687. J2000 Sun-relative Galactic position via Astropy; full-space-motion. Estimated: Pecaut-Mamajek 2022.04.16 M3V mean dwarf class, not a measured temperature. Johnson V unknown in source; no G/IR substitution. No orbital model. Source caution: GJ 687 c: candidate planet 2020ApJS..250...29F",Draco,264.104052573,68.333497638,2016.0,219.7898,0.021,-320.67472433,0.023984322,-1269.893286659,0.026745409,-28.759,0.0011,2020yCat.1350....0G,2018A&A...616A...7S
star,10pc-0082,GJ 674,M2,4.323549402,-1.321517752,-0.537305267,-7.787119,-7.240436,-20.230264,3560,,,,,,11.115597,2000.0,"10pc census (2023-08-25), object 82, system 39; GJ 674. J2000 Sun-relative Galactic position via Astropy; full-space-motion. Estimated: Pecaut-Mamajek 2022.04.16 M2V mean dwarf class, not a measured temperature. Absolute Johnson V derived from 10pc Vmag=9.407 and adopted distance; negligible extinction assumed. Photometric epoch, uncertainty and individual V bibliography not supplied by compilation. No orbital model.",Ara,262.170163922,-46.899104899,2016.0,219.6463,0.0262,572.56846182,0.039771337,-880.582618762,0.027025519,-2.904,0.0011,2020yCat.1350....0G,2018A&A...616A...7S
brown_dwarf,10pc-0084,WISE J163940.83-684738.6,Y0pec,3.436753222,-2.762208487,-1.138168640,,,,,,,,,,,2000.0,"10pc census (2023-08-25), object 84, system 40; WISE J163940.83-684738.6. J2000 Sun-relative Galactic position via Astropy; transverse-only; unknown/withheld RV, no exported velocity. Unknown, limited, peculiar, subdwarf or unsupported spectral classification. Johnson V unknown in source; no G/IR substitution. No orbital model.",Triangulum Australe,249.922582,-68.798903,2015.9,219.6,2.3,578.1,1.1,-3107.5,1.1,,,2021ApJS..253....7K,
star,10pc-0085,LP 731-58,M6.5,-0.536190246,-3.383561105,3.008537329,27.504812,-18.171973,-12.905087,2740,,,,,,17.489506,2000.0,"10pc census (2023-08-25), object 85, system 41; LP 731-58. J2000 Sun-relative Galactic position via Astropy; full-space-motion. Estimated: Pecaut-Mamajek 2022.04.16 M6.5V mean dwarf class, not a measured temperature. Absolute Johnson V derived from 10pc Vmag=15.784 and adopted distance; negligible extinction assumed. Photometric epoch, uncertainty and individual V bibliography not supplied by compilation. No orbital model.",Sextans,162.055183999,-11.34280332,2016.0,219.3302,0.0602,579.018668285,0.06579582,-1530.076483588,0.057569522,1.74,0.032,2020yCat.1350....0G,2020A&A...636A..36L
white_dwarf,10pc-0086,LAWD 37,DQ,2.031252523,-4.161574797,-0.231010055,,,,,,,,,,13.182002,2000.0,"10pc census (2023-08-25), object 86, system 42; LAWD 37. J2000 Sun-relative Galactic position via Astropy; transverse-only; unknown/withheld RV, no exported velocity. No appropriate object-specific temperature adopted; dwarf sequence not applied. Absolute Johnson V derived from 10pc Vmag=11.513 and adopted distance; negligible extinction assumed. Photometric epoch, uncertainty and individual V bibliography not supplied by compilation. No orbital model.",Musca,176.456646617,-64.843052846,2016.0,215.6753,0.0181,2661.639591834,0.018192463,-344.932507623,0.019402547,,,2020yCat.1350....0G,
star,10pc-0089,GJ 1245 B,M5.5,0.890507364,4.522164607,0.689487985,6.624895,5.975201,-11.048438,2930,,,,,,,2000.0,"10pc census (2023-08-25), object 89, system 43; GJ 1245 B. J2000 Sun-relative Galactic position via Astropy; full-space-motion. Estimated: Pecaut-Mamajek 2022.04.16 M5.5V mean dwarf class, not a measured temperature. Component-resolved Johnson V not independently established; multi-star system V withheld. No orbital model.",Cygnus,298.481925902,44.412906159,2016.0,214.5745,0.0476,349.363004776,0.056223083,-480.322315107,0.054057945,5.43,0.1,2020yCat.1350....0G,2010MNRAS.407.2269M
brown_dwarf,10pc-0090,WISEP J174124.25+255319.5,T9,2.687284397,3.215317277,2.053073730,,,,560,,,,,,,2000.0,"10pc census (2023-08-25), object 90, system 44; WISEP J174124.25+255319.5. J2000 Sun-relative Galactic position via Astropy; transverse-only; unknown/withheld RV, no exported velocity. Estimated: Pecaut-Mamajek 2022.04.16 T9V mean dwarf class, not a measured temperature. Johnson V unknown in source; no G/IR substitution. No orbital model.",Hercules,265.352586,25.892878,2000.0,214.3,2.8,-495.0,11.0,-1472.0,13.0,,,2019ApJS..240...19K; 2013ApJ...762..119M,
star,10pc-0091,IL Aqr,M4,1.455840020,1.863662377,-4.035712739,-12.328224,-19.700690,-11.687703,3210,,,,,,11.841897,2000.0,"10pc census (2023-08-25), object 91, system 45; GJ 876. J2000 Sun-relative Galactic position via Astropy; full-space-motion. Estimated: Pecaut-Mamajek 2022.04.16 M4V mean dwarf class, not a measured temperature. Absolute Johnson V derived from 10pc Vmag=10.192 and adopted distance; negligible extinction assumed. Photometric epoch, uncertainty and individual V bibliography not supplied by compilation. No orbital model. Source caution: The parallax and proper motion values accounting for orbital motion are taken from the Gaia DR3 non-single star table.",Aquarius,343.324111002,-14.266689394,2016.0,213.7873,0.0739,957.820648622,0.052050043,-673.568923456,0.025728324,-1.6,0.0141,2022yCat.1355....0G,2018A&A...616A...7S
star,10pc-0087,GJ 1245 A,M5.5,0.896668115,4.552749343,0.694263397,4.359547,4.175092,-12.739753,2930,,,,,,,2000.0,"10pc census (2023-08-25), object 87, system 43; GJ 1245 A. J2000 Sun-relative Galactic position via Astropy; full-space-motion. Estimated: Pecaut-Mamajek 2022.04.16 M5.5V mean dwarf class, not a measured temperature. Component-resolved Johnson V not independently established; multi-star system V withheld. No orbital model.",Cygnus,298.479759093,44.412330143,2016.0,213.1329,0.5737,441.562,1.144,-434.241,1.031,3.0,5.0,2018yCat.1345....0G,2014AJ....147...20N
star,10pc-0088,GJ 1245 C,M8,0.896677498,4.552796978,0.694270658,,,,2570,,,,,,,2000.0,"10pc census (2023-08-25), object 88, system 43; GJ 1245 C. J2000 Sun-relative Galactic position via Astropy; transverse-only; unknown/withheld RV, no exported velocity. Estimated: Pecaut-Mamajek 2022.04.16 M8V mean dwarf class, not a measured temperature. Component-resolved Johnson V not independently established; multi-star system V withheld. No orbital model.",Cygnus,298.479759093,44.412330143,2016.0,213.1329,0.5737,441.562,1.144,-434.241,1.031,,,FROM:GJ1245A,
star,10pc-0096,L 143-23,M5.5,1.510020572,-4.583764150,-0.170092823,25.874016,-156.271887,23.390247,2930,,,,,,15.500679,2000.0,"10pc census (2023-08-25), object 96, system 46; L 143-23. J2000 Sun-relative Galactic position via Astropy; full-space-motion. Estimated: Pecaut-Mamajek 2022.04.16 M5.5V mean dwarf class, not a measured temperature. Absolute Johnson V derived from 10pc Vmag=13.92 and adopted distance; negligible extinction assumed. Photometric epoch, uncertainty and individual V bibliography not supplied by compilation. No orbital model.",Carina,161.085275513,-61.202638305,2016.0,206.9698,0.0448,-346.207616048,0.05000522,1611.099960078,0.051150113,155.605,1.272,2020yCat.1350....0G,2022yCat.1355....0G
star,10pc-0097,G 158-27,M5.5,-0.078962174,1.835520879,-4.485099436,38.226699,-41.817626,26.240373,2930,,,,,,15.409724,2000.0,"10pc census (2023-08-25), object 97, system 47; G 158-27. J2000 Sun-relative Galactic position via Astropy; full-space-motion. Estimated: Pecaut-Mamajek 2022.04.16 M5.5V mean dwarf class, not a measured temperature. Absolute Johnson V derived from 10pc Vmag=13.837 and adopted distance; negligible extinction assumed. Photometric epoch, uncertainty and individual V bibliography not supplied by compilation. No orbital model.",Cetus,1.676350426,-7.546475325,2016.0,206.35,0.0474,-811.565956256,0.06421741,-1893.250846655,0.03386662,-40.734,0.005,2020yCat.1350....0G,2014MNRAS.439.3094B
brown_dwarf,10pc-0098,DENIS 0255-4700,L9,-0.413832062,-2.496911791,-4.158263343,,,,1370,,,,,,24.484268,2000.0,"10pc census (2023-08-25), object 98, system 48; DENIS J025503.3-470049. J2000 Sun-relative Galactic position via Astropy; transverse-only; unknown/withheld RV, no exported velocity. Estimated: Pecaut-Mamajek 2022.04.16 L9V mean dwarf class, not a measured temperature. Absolute Johnson V derived from 10pc Vmag=22.921 and adopted distance; negligible extinction assumed. Photometric epoch, uncertainty and individual V bibliography not supplied by compilation. No orbital model.",Eridanus,43.771985935,-47.016728356,2016.0,205.4251,0.1857,1012.444720371,0.18216792,-554.030838673,0.24066855,,,2020yCat.1350....0G,
star,10pc-0099,HD 88230,K7.5e,-2.898631790,0.729909677,3.846003725,-9.256725,-20.611436,-35.892442,4045,,,,,,8.171912,2000.0,"10pc census (2023-08-25), object 99, system 49; HD 88230. J2000 Sun-relative Galactic position via Astropy; full-space-motion. Estimated: linear interpolation between Pecaut-Mamajek 2022.04.16 K7V and K8V mean dwarf classes. Absolute Johnson V derived from 10pc Vmag=6.61 and adopted distance; negligible extinction assumed. Photometric epoch, uncertainty and individual V bibliography not supplied by compilation. No orbital model.",Ursa Major,152.832928958,49.451988897,2016.0,205.3148,0.0224,-1363.287186399,0.016043497,-505.770358875,0.020239066,-25.916,0.0287,2020yCat.1350....0G,2018A&A...616A...7S
star,10pc-0100,BD+44 2051 A,M1,-2.176151600,0.442636081,4.371859887,-124.094704,-5.531842,15.667295,3660,,,,,,,2000.0,"10pc census (2023-08-25), object 100, system 50; BD+44 2051 A. J2000 Sun-relative Galactic position via Astropy; full-space-motion. Estimated: Pecaut-Mamajek 2022.04.16 M1V mean dwarf class, not a measured temperature. Component-resolved Johnson V not independently established; multi-star system V withheld. No orbital model.",Ursa Major,166.342059744,43.530948561,2016.0,203.8876,0.0332,-4406.469178827,0.03108808,938.526626689,0.02773793,68.578,0.023,2020yCat.1350....0G,2020A&A...636A..36L
star,10pc-0101,WX UMa,M5.5,-2.176115158,0.442528410,4.373370581,-123.168231,-4.520256,16.699300,2930,,,,,,,2000.0,"10pc census (2023-08-25), object 101, system 50; BD+44 2051 B. J2000 Sun-relative Galactic position via Astropy; full-space-motion. Estimated: Pecaut-Mamajek 2022.04.16 M5.5V mean dwarf class, not a measured temperature. Component-resolved Johnson V not independently established; multi-star system V withheld. No orbital model.",Ursa Major,166.352089679,43.52590762,2016.0,203.8323,0.05,-4339.849578444,0.044766206,960.696130627,0.04143234,69.163,0.023,2020yCat.1350....0G,2020A&A...636A..36L
star,10pc-0102,AD Leo,M3,-2.314389784,-1.709810871,4.046010342,-15.001409,-7.490811,3.518005,3430,,,,,,11.040455,2000.0,"10pc census (2023-08-25), object 102, system 51; BD+20 2465. J2000 Sun-relative Galactic position via Astropy; full-space-motion. Estimated: Pecaut-Mamajek 2022.04.16 M3V mean dwarf class, not a measured temperature. Absolute Johnson V derived from 10pc Vmag=9.52 and adopted distance; negligible extinction assumed. Photometric epoch, uncertainty and individual V bibliography not supplied by compilation. No orbital model. Source caution: Potential binarity ruled out from spectroscopic data by arXiv:2209.05814",Leo,154.898813701,19.869809905,2016.0,201.4064,0.0296,-498.620360311,0.027898356,-43.427669082,0.026116055,12.44,0.0036,2020yCat.1350....0G,2018A&A...616A...7S
star,10pc-0103,GJ 832,M1.5,3.367385379,-0.644003237,-3.593855850,8.899069,-20.674246,-6.148539,3620,,,,,,10.191585,2000.0,"10pc census (2023-08-25), object 103, system 52; GJ 832. J2000 Sun-relative Galactic position via Astropy; full-space-motion. Estimated: Pecaut-Mamajek 2022.04.16 M1.5V mean dwarf class, not a measured temperature. Absolute Johnson V derived from 10pc Vmag=8.672 and adopted distance; negligible extinction assumed. Photometric epoch, uncertainty and individual V bibliography not supplied by compilation. No orbital model.",Grus,323.391251878,-49.012630397,2016.0,201.3252,0.0237,-45.916752954,0.02340184,-816.874962878,0.01842646,13.164,0.0014,2020yCat.1350....0G,2018A&A...616A...7S
white_dwarf,10pc-0110,GJ 166 B,DA2.9,-3.688102978,-1.398943558,-3.085168156,,,,,,,,,,,2000.0,"10pc census (2023-08-25), object 110, system 54; GJ 166 B. J2000 Sun-relative Galactic position via Astropy; transverse-only; unknown/withheld RV, no exported velocity. No appropriate object-specific temperature adopted; dwarf sequence not applied. Component-resolved Johnson V not independently established; multi-star system V withheld. No orbital model.",Eridanus,63.830787524,-7.672952135,2016.0,199.6911,0.0512,-2236.16874907,0.047661513,-3338.955289251,0.038766496,,,2020yCat.1350....0G,
star,10pc-0106,GJ 682,M5,4.826611252,-1.204692037,-0.578646646,-40.051794,-18.611844,6.483254,3060,,,,,,12.447582,2000.0,"10pc census (2023-08-25), object 106, system 53; GJ 682. J2000 Sun-relative Galactic position via Astropy; full-space-motion. Estimated: Pecaut-Mamajek 2022.04.16 M5V mean dwarf class, not a measured temperature. Absolute Johnson V derived from 10pc Vmag=10.946 and adopted distance; negligible extinction assumed. Photometric epoch, uncertainty and individual V bibliography not supplied by compilation. No orbital model.",Scorpius,264.26088739,-44.323382243,2016.0,199.6944,0.0312,-705.94505408,0.03495059,-938.079969899,0.021445652,-34.869,0.0005,2020yCat.1350....0G,2018A&A...616A...7S
star,10pc-0109,Keid,K0.5,-3.689752476,-1.398125975,-3.088073121,96.735817,-12.366233,-41.351999,5220,,,,,,,2000.0,"10pc census (2023-08-25), object 109, system 54; GJ 166 A. J2000 Sun-relative Galactic position via Astropy; full-space-motion. Estimated: linear interpolation between Pecaut-Mamajek 2022.04.16 K0V and K1V mean dwarf classes. Component-resolved Johnson V not independently established; multi-star system V withheld. No orbital model. Source caution: HD 26965 b: candidate planet 2018MNRAS.480.2411M",Eridanus,63.807953006,-7.668077815,2016.0,199.608,0.1208,-2240.084983892,0.13507964,-3421.80862017,0.09439368,-42.269,0.0006,2020yCat.1350....0G,2018A&A...616A...7S
star,10pc-0111,DY Eri,M4.5,-3.693146647,-1.400614491,-3.089299180,97.632581,-11.695827,-40.629201,3110,,,,,,,2000.0,"10pc census (2023-08-25), object 111, system 54; GJ 166 C. J2000 Sun-relative Galactic position via Astropy; full-space-motion. Estimated: Pecaut-Mamajek 2022.04.16 M4.5V mean dwarf class, not a measured temperature. Component-resolved Johnson V not independently established; multi-star system V withheld. No orbital model.",Eridanus,63.829656021,-7.670903383,2016.0,199.4516,0.0692,-2247.182942613,0.06516677,-3409.82370879,0.053521328,-43.578,0.024,2020yCat.1350....0G,2020A&A...636A..36L
star,10pc-0112,EV Lac,M4,-0.905743579,4.836661691,-1.142318528,19.773576,3.597152,-1.711198,3210,,,,,,11.742860,2000.0,"10pc census (2023-08-25), object 112, system 55; EV Lac. J2000 Sun-relative Galactic position via Astropy; full-space-motion. Estimated: Pecaut-Mamajek 2022.04.16 M4V mean dwarf class, not a measured temperature. Absolute Johnson V derived from 10pc Vmag=10.26 and adopted distance; negligible extinction assumed. Photometric epoch, uncertainty and individual V bibliography not supplied by compilation. No orbital model.",Lacerta,341.702825452,44.331953323,2016.0,197.9573,0.022,-706.215810975,0.017996477,-458.919627416,0.02047953,0.287,0.0138,2020yCat.1350....0G,2018A&A...616A...7S
star,10pc-0114,EI Cnc B,M7,-3.632776585,-1.895247708,3.028171039,-25.422794,-5.546091,-8.297254,2680,,,,,,,2000.0,"10pc census (2023-08-25), object 114, system 56; G 9-38 B. J2000 Sun-relative Galactic position via Astropy; full-space-motion. Estimated: Pecaut-Mamajek 2022.04.16 M7V mean dwarf class, not a measured temperature. Component-resolved Johnson V not independently established; multi-star system V withheld. No orbital model.",Cancer,134.558691511,19.762578882,2016.0,196.2619,0.1976,-937.132835654,0.1901644,-34.559036888,0.13755071,15.26,1.354,2020yCat.1350....0G,2022yCat.1355....0G
star,10pc-0116,70 Oph B,K4,4.339833232,2.494783276,1.006239766,4.822953,-19.509552,-20.480844,4600,,,,,,,2000.0,"10pc census (2023-08-25), object 116, system 57; 70 Oph B. J2000 Sun-relative Galactic position via Astropy; full-space-motion. Estimated: Pecaut-Mamajek 2022.04.16 K4V mean dwarf class, not a measured temperature. Component-resolved Johnson V not independently established; multi-star system V withheld. No orbital model.",Ophiuchus,271.365911609,2.494198758,2016.0,195.8563,0.2535,333.292098308,0.26375088,-1068.353909556,0.21460679,-9.467,0.223,2020yCat.1350....0G,2022yCat.1355....0G
star,10pc-0115,70 Oph A,K0,4.346143231,2.498478462,1.007831793,8.686596,-19.914141,-17.530888,5270,,,,,,,2000.0,"10pc census (2023-08-25), object 115, system 57; 70 Oph A. J2000 Sun-relative Galactic position via Astropy; full-space-motion. Estimated: Pecaut-Mamajek 2022.04.16 K0V mean dwarf class, not a measured temperature. Component-resolved Johnson V not independently established; multi-star system V withheld. No orbital model.",Ophiuchus,271.364453818,2.495224096,2016.0,195.5674,0.1964,206.525003106,0.24627137,-1107.491929164,0.1637304,-5.8,0.0222,2020yCat.1350....0G,2018A&A...616A...7S
star,10pc-0117,Altair,A7,3.407692759,3.750804414,-0.794402755,-29.156965,-10.427507,-2.548172,7760,,,,,,2.209616,2000.0,"10pc census (2023-08-25), object 117, system 58; alf Aql. J2000 Sun-relative Galactic position via Astropy; full-space-motion. Estimated: Pecaut-Mamajek 2022.04.16 A7V mean dwarf class, not a measured temperature. Absolute Johnson V derived from 10pc Vmag=0.76 and adopted distance; negligible extinction assumed. Photometric epoch, uncertainty and individual V bibliography not supplied by compilation. No orbital model.",Aquila,297.695827296,8.868321196,2000.0,194.95,0.57,536.23,0.51,385.29,0.57,-26.6,0.4,2007A&A...474..653V,2006AstL...32..759G
star,10pc-0113,EI Cnc A,M7,-3.672449612,-1.915871414,3.061211074,-21.562450,-6.727785,-6.524972,2680,,,,,,,2000.0,"10pc census (2023-08-25), object 113, system 56; G 9-38 A. J2000 Sun-relative Galactic position via Astropy; full-space-motion. Estimated: Pecaut-Mamajek 2022.04.16 M7V mean dwarf class, not a measured temperature. Component-resolved Johnson V not independently established; multi-star system V withheld. No orbital model.",Cancer,134.559189679,19.762959843,2016.0,194.1443,0.1228,-767.060491547,0.122229315,-100.176478316,0.08311987,14.0,5.0,2020yCat.1350....0G,2014AJ....147...20N
brown_dwarf,10pc-0118,2MASS J15065257+7027247,T6,-1.189397712,3.603969430,3.490437959,,,,950,,,,,,,2000.0,"10pc census (2023-08-25), object 118, system 59; 2MASS J15065257+7027247. J2000 Sun-relative Galactic position via Astropy; transverse-only; unknown/withheld RV, no exported velocity. Estimated: Pecaut-Mamajek 2022.04.16 T6V mean dwarf class, not a measured temperature. Johnson V unknown in source; no G/IR substitution. No orbital model.",Ursa Minor,226.702636147,70.461619134,2016.0,193.9412,0.6277,-1194.179224027,0.7220219,1042.19421361,0.8361542,,,2020yCat.1350....0G,
star,10pc-0119,G 99-49,M3.5e,-4.662228045,-2.130826112,-0.917049631,-26.201671,-16.904111,0.836790,3270,,,,,,12.726865,2000.0,"10pc census (2023-08-25), object 119, system 60; G 99-49. J2000 Sun-relative Galactic position via Astropy; full-space-motion. Estimated: Pecaut-Mamajek 2022.04.16 M3.5V mean dwarf class, not a measured temperature. Absolute Johnson V derived from 10pc Vmag=11.31 and adopted distance; negligible extinction assumed. Photometric epoch, uncertainty and individual V bibliography not supplied by compilation. No orbital model. Source caution: Not a binary 2017A&A...597A..47C",Orion,90.015976442,2.70637408,2016.0,192.0135,0.031,309.146243714,0.033973638,-40.368430646,0.024125101,30.228,0.02,2020yCat.1350....0G,2018A&A...616A...7S
brown_dwarf,10pc-0120,2MASS J08173001-6155158,T6,0.532494495,-5.020867971,-1.296308316,,,,950,,,,,,,2000.0,"10pc census (2023-08-25), object 120, system 61; 2MASS J08173001-6155158. J2000 Sun-relative Galactic position via Astropy; transverse-only; unknown/withheld RV, no exported velocity. Estimated: Pecaut-Mamajek 2022.04.16 T6V mean dwarf class, not a measured temperature. Johnson V unknown in source; no G/IR substitution. No orbital model.",Carina,124.373518055,-61.916130223,2016.0,191.8362,0.4186,-156.451246418,0.5067487,1099.365769685,0.5030782,,,2020yCat.1350....0G,
star,10pc-0121,G 254-29,M4e,-2.485516321,3.316757330,3.232161487,68.023296,-55.044743,-73.280074,3210,,,,,,,2000.0,"10pc census (2023-08-25), object 121, system 62; G 254-29. J2000 Sun-relative Galactic position via Astropy; full-space-motion. Estimated: Pecaut-Mamajek 2022.04.16 M4V mean dwarf class, not a measured temperature. Johnson V unknown in source; no G/IR substitution. No orbital model.",Camelopardalis,176.939407981,78.693297453,2016.0,190.3251,0.0194,748.418288603,0.023584152,480.804300005,0.025972635,-111.965,0.025,2020yCat.1350....0G,2020A&A...636A..36L
star,10pc-0122,WISEA J154045.67-510139.3,M6.5,4.509893090,-2.814434203,0.316205563,92.604334,-17.182174,-30.975453,2740,,,,,,,2000.0,"10pc census (2023-08-25), object 122, system 63; WISEA J154045.67-510139.3. J2000 Sun-relative Galactic position via Astropy; full-space-motion. Estimated: Pecaut-Mamajek 2022.04.16 M6.5V mean dwarf class, not a measured temperature. Johnson V unknown in source; no G/IR substitution. No orbital model.",Norma,235.195177463,-51.028101307,2016.0,187.729,0.0496,1949.461491458,0.049766965,-324.789114332,0.049594145,85.672,0.466,2020yCat.1350....0G,2022yCat.1355....0G
brown_dwarf,10pc-0123,2MASS J09393548-2448279,T8,-1.132684832,-4.872104148,1.866775132,,,,680,,,,,,,2000.0,"10pc census (2023-08-25), object 123, system 64; 2MASS J09393548-2448279. J2000 Sun-relative Galactic position via Astropy; transverse-only; unknown/withheld RV, no exported velocity. Estimated: Pecaut-Mamajek 2022.04.16 T8V mean dwarf class, not a measured temperature. Johnson V unknown in source; no G/IR substitution. No orbital model. Source caution: Possible close late T companion (2008ApJ...689L..53B and 2009ApJ...695.1517L) unresolved with HST (2014AJ....148..129A)",Antlia,144.897874,-24.807762,2000.0,187.3,4.6,558.1,5.8,-1030.5,5.6,,,2008ApJ...689L..53B; 2012ApJ...752...56F,
star,10pc-0124,GJ 3323,M4e,-4.269909288,-2.122430370,-2.479189483,-23.067132,-17.859557,-35.954175,3210,,,,,,13.544386,2000.0,"10pc census (2023-08-25), object 124, system 65; GJ 3323. J2000 Sun-relative Galactic position via Astropy; full-space-motion. Estimated: Pecaut-Mamajek 2022.04.16 M4V mean dwarf class, not a measured temperature. Absolute Johnson V derived from 10pc Vmag=12.196 and adopted distance; negligible extinction assumed. Photometric epoch, uncertainty and individual V bibliography not supplied by compilation. No orbital model.",Eridanus,75.486805213,-6.948587409,2016.0,186.0466,0.0277,-551.746434915,0.02649439,-533.648216597,0.020725613,41.967,0.024,2020yCat.1350....0G,2020A&A...636A..36L
star,10pc-0127,HD 119850,M1.5,1.624373607,-0.240572401,5.180618403,61.145237,-1.826301,-2.680541,3620,,,,,,9.824148,2000.0,"10pc census (2023-08-25), object 127, system 66; HD 119850. J2000 Sun-relative Galactic position via Astropy; full-space-motion. Estimated: Pecaut-Mamajek 2022.04.16 M1.5V mean dwarf class, not a measured temperature. Absolute Johnson V derived from 10pc Vmag=8.5 and adopted distance; negligible extinction assumed. Photometric epoch, uncertainty and individual V bibliography not supplied by compilation. No orbital model.",Bootes,206.440565845,14.885052705,2016.0,183.9962,0.0253,1776.006179566,0.033817586,-1455.155718006,0.016629888,15.812,0.0009,2020yCat.1350....0G,2018A&A...616A...7S
white_dwarf,10pc-0129,Stein 2051 B,DC,-4.645450012,2.891157723,0.702304658,,,,,,,,,,,2000.0,"10pc census (2023-08-25), object 129, system 67; GJ 169.1 B. J2000 Sun-relative Galactic position via Astropy; transverse-only; unknown/withheld RV, no exported velocity. No appropriate object-specific temperature adopted; dwarf sequence not applied. Component-resolved Johnson V not independently established; multi-star system V withheld. No orbital model.",Camelopardalis,67.813891975,58.969481205,2016.0,181.273,0.0203,1334.779692951,0.021359613,-1947.638150542,0.018827802,,,2020yCat.1350....0G,
star,10pc-0128,Stein 2051 A,M4e,-4.645787839,2.891454179,0.702129681,-58.433158,-37.124583,-7.574027,3210,,,,,,,2000.0,"10pc census (2023-08-25), object 128, system 67; GJ 169.1 A. J2000 Sun-relative Galactic position via Astropy; full-space-motion. Estimated: Pecaut-Mamajek 2022.04.16 M4V mean dwarf class, not a measured temperature. Component-resolved Johnson V not independently established; multi-star system V withheld. No orbital model.",Camelopardalis,67.809190628,58.967979972,2016.0,181.2438,0.0499,1300.364783603,0.05556656,-2046.105518897,0.047106765,28.797,0.0143,2020yCat.1350....0G,2018A&A...616A...7S
brown_dwarf,10pc-0130,2MASS J11145133-2618235,T7.5,0.610650321,-4.706783310,2.934907648,,,,750,,,,,,,2000.0,"10pc census (2023-08-25), object 130, system 68; 2MASS J11145133-2618235. J2000 Sun-relative Galactic position via Astropy; transverse-only; unknown/withheld RV, no exported velocity. Estimated: Pecaut-Mamajek 2022.04.16 T7.5V mean dwarf class, not a measured temperature. Johnson V unknown in source; no G/IR substitution. No orbital model.",Hydra,168.713905,-26.306545,2000.0,179.2,1.4,-3021.5,1.8,-389.5,2.1,,,2012ApJS..201...19D,
star,10pc-0131,Wolf 294,M3,-5.383466887,-0.276138164,1.458057547,-27.675288,-3.683099,-15.077395,3430,,,,,,,2000.0,"10pc census (2023-08-25), object 131, system 69; GJ 251. J2000 Sun-relative Galactic position via Astropy; full-space-motion. Estimated: Pecaut-Mamajek 2022.04.16 M3V mean dwarf class, not a measured temperature. Johnson V unknown in source; no G/IR substitution. No orbital model.",Gemini,103.700129227,33.266408018,2016.0,179.0629,0.028,-726.672077836,0.030037006,-398.102378946,0.024498533,22.927,0.0012,2020yCat.1350....0G,2018A&A...616A...7S
star,10pc-0133,LP 816-60,M4,4.017995785,2.335091369,-3.160085875,16.623900,7.207562,-2.538807,3210,,,,,,12.709364,2000.0,"10pc census (2023-08-25), object 133, system 70; LP 816-60. J2000 Sun-relative Galactic position via Astropy; full-space-motion. Estimated: Pecaut-Mamajek 2022.04.16 M4V mean dwarf class, not a measured temperature. Absolute Johnson V derived from 10pc Vmag=11.458 and adopted distance; negligible extinction assumed. Photometric epoch, uncertainty and individual V bibliography not supplied by compilation. No orbital model.",Capricornus,313.13613276,-16.974558468,2016.0,177.9312,0.0365,-309.115018747,0.04104025,37.050906245,0.025808834,16.308,0.0008,2020yCat.1350....0G,2018A&A...616A...7S
brown_dwarf,10pc-0134,WISE J035000.32-565830.2,Y1,-0.067568930,-3.889329059,-4.123756719,,,,360,,,,,,,2000.0,"10pc census (2023-08-25), object 134, system 71; WISE J035000.32-565830.2. J2000 Sun-relative Galactic position via Astropy; transverse-only; unknown/withheld RV, no exported velocity. Estimated: Pecaut-Mamajek 2022.04.16 Y1V mean dwarf class, not a measured temperature. Johnson V unknown in source; no G/IR substitution. No orbital model.",Reticulum,57.500868,-56.975831,2015.3,176.4,2.3,-208.7,1.0,-575.4,1.1,,,2021ApJS..253....7K,
star,10pc-0135,2MASSI J1835379+325954,M8.5,2.577328272,4.775821818,1.705261291,18.400689,-7.317744,-5.175463,2420,,,,,,,2000.0,"10pc census (2023-08-25), object 135, system 72; 2MASSI J1835379+325954. J2000 Sun-relative Galactic position via Astropy; full-space-motion. Estimated: Pecaut-Mamajek 2022.04.16 M8.5V mean dwarf class, not a measured temperature. Johnson V unknown in source; no G/IR substitution. No orbital model.",Lyra,278.90744885,32.994787159,2016.0,175.793,0.0468,-72.650405249,0.047247637,-755.145622633,0.052375123,0.643,0.183,2020yCat.1350....0G,2020A&A...636A..36L
star,10pc-0136,HD 36395,M1.5,-4.795068419,-2.436327381,-1.899092087,22.125834,-55.711984,-10.285781,3620,,,,,,9.187126,2000.0,"10pc census (2023-08-25), object 136, system 73; HD 36395. J2000 Sun-relative Galactic position via Astropy; full-space-motion. Estimated: Pecaut-Mamajek 2022.04.16 M1.5V mean dwarf class, not a measured temperature. Absolute Johnson V derived from 10pc Vmag=7.968 and adopted distance; negligible extinction assumed. Photometric epoch, uncertainty and individual V bibliography not supplied by compilation. No orbital model.",Orion,82.867541115,-3.686527602,2016.0,175.3131,0.0204,761.630901598,0.01798819,-2092.208719837,0.013469684,8.631,0.0132,2020yCat.1350....0G,2018A&A...616A...7S
brown_dwarf,10pc-0137,2MASSI J0415195-093506,T8,-4.088264142,-1.730464055,-3.587498274,,,,680,,,,,,,2000.0,"10pc census (2023-08-25), object 137, system 74; 2MASSI J0415195-093506. J2000 Sun-relative Galactic position via Astropy; transverse-only; unknown/withheld RV, no exported velocity. Estimated: Pecaut-Mamajek 2022.04.16 T8V mean dwarf class, not a measured temperature. Johnson V unknown in source; no G/IR substitution. No orbital model.",Eridanus,63.831432,-9.585187,2000.0,175.2,1.7,2214.3,1.2,535.9,1.2,,,2012ApJS..201...19D,
star,cns5-3707,Gaia DR3 6305165514134625024,,4.458600651,-1.555893569,3.273487738,,,,,,,,,,,2000.0,Corrected CNS5 3707; J2000 Sun-relative Galactic position. SIMBAD exact CNS5 identity. Transverse-only source motion; radial velocity unavailable or withheld.,Libra,224.97665286074593,-18.53775641089888,2016.0,174.03640225187837,1.8315082,8.935928343633153,1.8164712190628052,-9.867716145115926,1.9178162813186646,,,2020yCat.1350....0G,
brown_dwarf,cns5-1529,HD 42581B,T6.5,-3.610701387,-4.097634922,-1.820954946,,,,,,,,,,,2000.0,Corrected CNS5 1529; J2000 Sun-relative Galactic position. SIMBAD exact CNS5 identity. Transverse-only source motion; radial velocity unavailable or withheld.,Lepus,92.645,-21.866667,2000.0,173.6999969482422,0.05,-135.99000549316406,0.10000000149011612,-719.0900268554688,0.15000000596046448,,,2012ApJ...752...56F; 2018A&A...616A...1G,
star,10pc-0138,GJ 229 A,M1,-3.613439250,-4.100413697,-1.822240545,11.862536,-11.814908,-11.900354,3660,,,,,,,2000.0,"10pc census (2023-08-25), object 138, system 75; GJ 229 A. J2000 Sun-relative Galactic position via Astropy; full-space-motion. Estimated: Pecaut-Mamajek 2022.04.16 M1V mean dwarf class, not a measured temperature. Component-resolved Johnson V not independently established; multi-star system V withheld. No orbital model.",Lepus,92.643579082,-21.867823113,2016.0,173.574,0.017,-135.691607948,0.010703687,-719.178133955,0.01708214,4.734,0.0006,2020yCat.1350....0G,2018A&A...616A...7S
star,cns5-4846,Alsafi,K0V,-1.048304403,5.244666348,2.147547860,31.561978,43.273650,-18.969792,5153,0.8286758,0.43389577,0.8264631,-0.4074,9.933178,5.876585,2000.0,Corrected CNS5 4846; J2000 Sun-relative Galactic position. SIMBAD exact CNS5 identity. Full source space motion.,Draco,293.09759805108064,69.65345106254792,2016.0,173.49391001786597,0.08576791,597.3842379704172,0.11534516513347626,-1738.2861023860867,0.10216282308101654,26.576419830322266,0.1642886996269226,2020yCat.1350....0G,2020yCat.1350....0G
star,cns5-1415,Ross 47,M4V,-5.551931190,-1.354256883,-0.926817623,,,,3000,,0.006933444,0.3082144,-0.7013,,12.695839,2000.0,Corrected CNS5 1415; J2000 Sun-relative Galactic position. SIMBAD exact CNS5 identity. Transverse-only source motion; radial velocity unavailable or withheld.,Orion,85.547707594821,12.482359917793618,2016.0,172.73001905284494,0.03196603,1997.3418701227267,0.02926827408373356,-1569.3549468971642,0.019930467009544373,,,2020yCat.1350....0G,
brown_dwarf,cns5-3699,GJ 570 D,T8,4.594479520,-1.835234207,3.181301815,,,,,,,,,,,2000.0,Corrected CNS5 3699; J2000 Sun-relative Galactic position. SIMBAD exact CNS5 identity. Transverse-only source motion; radial velocity unavailable or withheld.,Libra,224.3159972,-21.3689057,2000.0,170.00999450683594,0.09,1031.4000244140625,0.17000000178813934,-1723.6500244140625,0.12999999523162842,,,2014yCat.2328....0C; 2018A&A...616A...1G,
star,cns5-3700,HD 131977,K4V,4.601400557,-1.836493280,3.177810432,48.069002,-21.972900,-32.663387,4503,,0.2294845,0.78705245,-0.0429,,6.870928,2000.0,Corrected CNS5 3700; J2000 Sun-relative Galactic position. SIMBAD exact CNS5 identity. Full source space motion.,Libra,224.37159427348143,-21.423140396261676,2016.0,169.8842702825854,0.07479136,1031.4718694823848,0.06761191040277481,-1723.6189029383202,0.05478081852197647,26.80823516845703,0.1281084418296814,2020yCat.1350....0G,2020yCat.1350....0G
star,cns5-4403,L 205-128,M3.5V,5.180284456,-2.382178470,-1.469614288,,,,3104,,0.009790531,0.34204802,-0.864,,11.933119,2000.0,Corrected CNS5 4403; J2000 Sun-relative Galactic position. SIMBAD exact CNS5 identity. Transverse-only source motion; radial velocity unavailable or withheld.,Pavo,266.6334444727895,-57.32506180218072,2016.0,169.83366935470667,0.052153297,-1116.9094993763981,0.04607180878520012,-1353.9274705312537,0.04745148867368698,,,2020yCat.1350....0G,
star,cns5-4800,L 347-14,M4.5V,5.354232644,-0.718231861,-2.394141706,,,,,,,,,,13.372452,2000.0,Corrected CNS5 4800; J2000 Sun-relative Galactic position. SIMBAD exact CNS5 identity. Transverse-only source motion; radial velocity unavailable or withheld.,Telescopium,290.20411626707914,-45.57110617010142,2016.0,169.23508466417934,0.06560314,658.775373074398,0.06018737703561783,-2896.149542992778,0.045200467109680176,,,2020yCat.1350....0G,
star,cns5-5871,BR Psc,dM1,-0.200698982,3.222637495,-4.949239878,-8.788171,-70.517125,40.156228,3619,,0.026456531,0.41420653,-0.2783,,10.135294,2000.0,Corrected CNS5 5871; J2000 Sun-relative Galactic position. SIMBAD exact CNS5 identity. Full source space motion.,Pisces,357.3066038231343,2.3969179441959985,2016.0,169.25644162250902,0.031772956,992.7203890285491,0.03526972606778145,-968.8064663267655,0.01932561583817005,-71.78523254394531,0.16820572316646576,2020yCat.1350....0G,2020yCat.1350....0G
star,cns5-4779,HD 180617,M3-V,4.492432886,3.829714611,-0.338651383,53.243122,-8.008528,-4.978544,3236,,0.0350766,0.5959696,-0.7655,,10.255967,2000.0,Corrected CNS5 4779; J2000 Sun-relative Galactic position. SIMBAD exact CNS5 identity. Full source space motion.,Aquila,289.2276515036191,5.162976302668586,2016.0,169.10278027991077,0.027101597,-579.0805296593278,0.02468833141028881,-1332.8677163542409,0.02114451862871647,35.55463790893555,0.15829196572303772,2020yCat.1350....0G,2020yCat.1350....0G
star,cns5-4780,VB 10,M8V,4.495247036,3.830510054,-0.340584239,48.974266,-13.098815,-4.556051,,,,,,,18.439952,2000.0,Corrected CNS5 4780; J2000 Sun-relative Galactic position. SIMBAD exact CNS5 identity. Full source space motion.,Aquila,289.2373736967538,5.14437331543419,2016.0,169.02683241589145,0.07208332,-598.7612674421905,0.07168583571910858,-1366.0634969863777,0.06496898084878922,29.0,5.0,2020yCat.1350....0G,2014AJ....147...20N
star,cns5-3826,CD-40 9712,M2.5V,5.138507265,-2.655037128,1.243035114,,,,3212,,0.030209638,0.5612946,-0.8105,,10.450873,2000.0,Corrected CNS5 3826; J2000 Sun-relative Galactic position. SIMBAD exact CNS5 identity. Transverse-only source motion; radial velocity unavailable or withheld.,Lupus,233.0469274248337,-41.28017408697192,2016.0,169.0341973176915,0.030585917,-1176.447023619858,0.029093287885189056,-1030.9703349025851,0.020793993026018143,,,2020yCat.1350....0G,
star,cns5-0239,Achird,F9V,-3.180488391,4.969359649,-0.521907200,,,,5726,0.9600481,1.2662435,1.1434221,-0.972,10.061203,4.577276,2000.0,Corrected CNS5 239; J2000 Sun-relative Galactic position. SIMBAD exact CNS5 identity. Transverse-only source motion; radial velocity unavailable or withheld.,Cassiopeia,12.285227381524425,57.81272812559009,2016.0,168.83216034019418,0.19086574,1078.6091666696218,0.1266704946756363,-551.1334202185512,0.1531008929014206,,,2020yCat.1350....0G,
star,cns5-0238,Eta Cas B,K7Ve,-3.181837592,4.971932626,-0.521885881,-31.952122,-9.507737,-14.351517,,,,,,,8.646220,2000.0,Corrected CNS5 238; J2000 Sun-relative Galactic position. SIMBAD exact CNS5 identity. Full source space motion.,Cassiopeia,12.281184764215306,57.815739188554126,2016.0,168.7452031885615,0.024596225,1144.6933944408322,0.01838827133178711,-469.66761852950583,0.019459886476397514,10.446348190307617,0.14181934297084808,2020yCat.1350....0G,2020yCat.1350....0G
star,cns5-4233,36 Oph B,K1V,5.902300623,-0.177352356,0.712282522,,,,4997,0.81458086,0.334391,0.771518,-0.3685,6.304093,6.158230,2000.0,Corrected CNS5 4233; J2000 Sun-relative Galactic position. SIMBAD exact CNS5 identity. Transverse-only source motion; radial velocity unavailable or withheld.,Ophiuchus,258.83511696459266,-26.60789783205067,2016.0,168.13027793748972,0.12383955,-465.86077428732233,0.11067274212837219,-1141.1676949906755,0.0729919821023941,,,2020yCat.1350....0G,
star,cns5-4232,36 Oph A,K2V,5.906755299,-0.177434823,0.712951503,,,,4991,0.8094933,0.3343426,0.7732727,-0.3459,7.2138996,6.206586,2000.0,Corrected CNS5 4232; J2000 Sun-relative Galactic position. SIMBAD exact CNS5 identity. Transverse-only source motion; radial velocity unavailable or withheld.,Ophiuchus,258.83412017812816,-26.606806615399403,2016.0,168.00307885629599,0.1539333,-498.6001998992269,0.12304995954036713,-1149.1581425021811,0.08629261702299118,,,2020yCat.1350....0G,
star,cns5-4238,V2215 Oph,K5V,5.910267808,-0.161129640,0.699848221,-0.129875,-33.776241,-7.022177,4381,0.68191016,0.15280236,0.6784789,0.136,,7.466051,2000.0,Corrected CNS5 4238; J2000 Sun-relative Galactic position. SIMBAD exact CNS5 identity. Full source space motion.,Ophiuchus,259.05329410009625,-26.551146094884785,2016.0,167.9616795430231,0.035497054,-479.57323273959537,0.03148479759693146,-1124.3316833654421,0.0198014285415411,-0.03698974475264549,0.22273820638656616,2020yCat.1350....0G,2020yCat.1350....0G
star,cns5-4217,HD 155876,M3V,1.548232523,4.583716986,3.510660972,,,,,,,,,,10.640350,2000.0,Corrected CNS5 4217; J2000 Sun-relative Galactic position. SIMBAD exact CNS5 identity. Transverse-only source motion; radial velocity unavailable or withheld.,Hercules,258.03175316943765,45.669842632225,1991.25,167.2899932861328,5.02,348.59,5.679999828338623,-1624.84,6.800000190734863,,,2007A&A...474..653V,
star,cns5-1909,YZ CMi,M4.0Ve,-4.719141737,-3.410573904,1.393290786,,,,3099,,0.011616581,0.37373108,0.0003,,12.338972,2000.0,Corrected CNS5 1909; J2000 Sun-relative Galactic position. SIMBAD exact CNS5 identity. Transverse-only source motion; radial velocity unavailable or withheld.,Canis Minor,116.1658359308822,3.5504844454883244,2016.0,167.02995252833057,0.038514346,-347.78160133471783,0.04000208154320717,-445.7017799350484,0.024873429909348488,,,2020yCat.1350....0G,
brown_dwarf,cns5-3866,WISE J154151.65-225024.9,Y0,5.270113806,-1.260580725,2.556608689,,,,,,,,,,,2000.0,Corrected CNS5 3866; J2000 Sun-relative Galactic position. SIMBAD exact CNS5 identity. Transverse-only source motion; radial velocity unavailable or withheld.,Libra,235.465249,-22.840276,2000.0,166.9,2.0,-902.8,0.9,-91.4,0.9,,,2012yCat.2311....0C; 2021ApJS..253....7K,
star,cns5-5008,HD 191408,K2.5V,5.137877428,0.470583209,-3.090844138,-118.339280,-51.932967,47.000432,,,,,,,6.424052,2000.0,Corrected CNS5 5008; J2000 Sun-relative Galactic position. SIMBAD exact CNS5 identity. Full source space motion.,Sagittarius,302.8022690433109,-36.10821653736984,2016.0,166.3272042796776,0.12199375,458.88173849748836,0.09990689158439636,-1576.7321098687532,0.07346191257238388,-129.304931640625,0.13863906264305115,2020yCat.1350....0G,2020yCat.1350....0G
star,cns5-0843,e Eri,G6V,-1.111530362,-3.182251544,-5.011892690,-78.709781,-93.043728,-29.371844,5427,0.88599557,0.64640737,0.9096495,0.0247,9.191145,5.364824,2000.0,Corrected CNS5 843; J2000 Sun-relative Galactic position. SIMBAD exact CNS5 identity. Full source space motion.,Eridanus,50.00034361894219,-43.06655252783423,2016.0,165.5242095575573,0.08988216,3035.01731561514,0.08123090118169785,726.9644815849239,0.10125448554754257,87.900390625,0.43286317586898804,2020yCat.1350....0G,2020yCat.1350....0G
star,cns5-1784,QY Aur,M4.5Ve,-5.690186041,0.103865399,2.060713021,,,,,,,,,,12.610243,2000.0,Corrected CNS5 1784; J2000 Sun-relative Galactic position. SIMBAD exact CNS5 identity. Transverse-only source motion; radial velocity unavailable or withheld.,Auriga,107.50514340448903,38.52526941964586,2016.0,165.2146994337292,0.07125234,-439.4204467281696,0.06558838486671448,-944.7934896029223,0.058826565742492676,,,2020yCat.1350....0G,
star,cns5-4994,Delta Pav,G8IV,4.448530264,-2.592501052,-3.269624733,,,,5438,,1.2535083,1.2615935,0.0321,,4.633616,2000.0,Corrected CNS5 4994; J2000 Sun-relative Galactic position. SIMBAD exact CNS5 identity. Transverse-only source motion; radial velocity unavailable or withheld.,Pavo,302.19503988923026,-66.18709128441725,2016.0,163.9544145383167,0.14019509,1211.7606270999615,0.07212468981742859,-1130.2369049548956,0.1032792180776596,,,2020yCat.1350....0G,
brown_dwarf,cns5-0405,SIMP J013656.5+093347.3,T2.0,-2.956697851,2.375841363,-4.800301063,-33.159364,-17.711189,-2.994046,,,,,,,,2000.0,Corrected CNS5 405; J2000 Sun-relative Galactic position. SIMBAD exact CNS5 identity. Full source space motion.,Pisces,24.24124978791965,9.563070454755835,2016.0,163.44784569658697,0.45526317,1238.2439374026383,0.5540863275527954,-16.155571796869925,0.32792776823043823,11.5,0.4,2020yCat.1350....0G,2017ApJ...841L...1G
brown_dwarf,cns5-2383,2MASSI J0937347+293142,T6,-3.929290530,-1.265648264,4.518032087,,,,,,,,,,,2000.0,Corrected CNS5 2383; J2000 Sun-relative Galactic position. SIMBAD exact CNS5 identity. Transverse-only source motion; radial velocity unavailable or withheld.,Leo,144.3984776,29.5242396,2000.0,163.39999389648438,1.8,955.2000122070312,1.2000000476837158,-1319.800048828125,1.2000000476837158,,,2014yCat.2328....0C; 2009A&A...493L..27S,
star,cns5-5017,HD 191849,M0V,5.149843674,-0.468064576,-3.354893012,-40.669454,1.739253,-1.194774,3589,0.5671036,0.061621465,0.64190817,-1.4065,13.083188,9.016676,2000.0,Corrected CNS5 5017; J2000 Sun-relative Galactic position. SIMBAD exact CNS5 identity. Full source space motion.,Telescopium,303.4773905559996,-45.16473054247641,2016.0,162.24590607827102,0.02557542,778.3309821152101,0.020046720281243324,-159.9388249728239,0.017635535448789597,-33.45833969116211,0.5191639065742493,2020yCat.1350....0G,2020yCat.1350....0G
brown_dwarf,cns5-5474,WISE J220905.73+271143.9,Y0V,0.600545763,5.655495618,-2.429028691,,,,,,,,,,,2000.0,Corrected CNS5 5474; J2000 Sun-relative Galactic position. SIMBAD exact CNS5 identity. Transverse-only source motion; radial velocity unavailable or withheld.,Pegasus,332.2739704,27.1954646,2000.0,161.7,2.0,1202.2,0.8,-1365.4,0.8,,,2014yCat.2328....0C; 2021ApJS..253....7K,
star,cns5-4136,HD 152751,M3.5Ve,5.671393857,1.106991663,2.234474831,,,,,,,,,,10.062652,2000.0,Corrected CNS5 4136; J2000 Sun-relative Galactic position. SIMBAD exact CNS5 identity. Transverse-only source motion; radial velocity unavailable or withheld.,Ophiuchus,253.8718518890896,-8.334206799879647,1991.25,161.41000366210938,5.64,-825.84,6.679999828338623,-873.53,3.5299999713897705,,,2007A&A...474..653V,
white_dwarf,cns5-4408,EGGR 372,DQ9P,-1.058554648,5.234882433,3.169414352,,,,,,,,,,,2000.0,Corrected CNS5 4408; J2000 Sun-relative Galactic position. SIMBAD exact CNS5 identity. Transverse-only source motion; radial velocity unavailable or withheld.,Draco,267.01612290514834,70.88157381434476,2016.0,161.01886792091855,0.013346254,-1266.3871707976418,0.015870237722992897,1108.8007104699252,0.01647062785923481,,,2020yCat.1350....0G,
star,cns5-3614,BD-11 3759,M3.5V,4.240429410,-1.677177254,4.275334681,,,,3000,,0.010188823,0.37362376,-0.5936,,12.337318,2000.0,Corrected CNS5 3614; J2000 Sun-relative Galactic position. SIMBAD exact CNS5 identity. Transverse-only source motion; radial velocity unavailable or withheld.,Libra,218.56843175696892,-12.516923853592898,2016.0,159.9792137841731,0.061167885,-355.1381150377546,0.05283277481794357,593.0401507540619,0.04341544583439827,,,2020yCat.1350....0G,
star,cns5-5801,BD+19 5116B,M4.0Ve,-0.723128247,4.794144537,-3.946149255,,,,,,,,,,,2000.0,Corrected CNS5 5801; J2000 Sun-relative Galactic position. SIMBAD exact CNS5 identity. Transverse-only source motion; radial velocity unavailable or withheld.,Pegasus,352.9716753030632,19.937313746866927,2016.0,159.96656646398824,0.057260554,552.3494119624912,0.05514703318476677,20.27460819805265,0.03610454499721527,,,2020yCat.1350....0G,
star,cns5-5800,BD+19 5116A,M3.5Ve,-0.724130419,4.801839490,-3.952372847,-14.146744,-7.465710,-6.450566,,,,,,,11.366694,2000.0,Corrected CNS5 5800; J2000 Sun-relative Galactic position. SIMBAD exact CNS5 identity. Full source space motion.,Pegasus,352.97012375450475,19.93699282660293,2016.0,159.7124700360653,0.038443834,578.0086593589436,0.035451486706733704,-59.768604898823476,0.02324439026415348,-0.016792848706245422,0.3131086528301239,2020yCat.1350....0G,2020yCat.1350....0G
star,cns5-3780,BD-07 4003,M3V,4.797883179,-0.497706674,4.050188243,,,,3110,,0.013071743,0.3936949,-0.849,,11.563806,2000.0,Corrected CNS5 3780; J2000 Sun-relative Galactic position. SIMBAD exact CNS5 identity. Transverse-only source motion; radial velocity unavailable or withheld.,Libra,229.85630133329227,-7.722707024157902,2016.0,158.7673269651591,0.033823602,-1221.2776289653712,0.03665180876851082,-97.22923861858034,0.026740634813904762,,,2020yCat.1350....0G,
brown_dwarf,cns5-3482,WISE J140518.39+553421.3,Y0(pec?),-0.732299258,3.212825451,5.394251927,,,,,,,,,,,2000.0,Corrected CNS5 3482; J2000 Sun-relative Galactic position. SIMBAD exact CNS5 identity. Transverse-only source motion; radial velocity unavailable or withheld.,Ursa Major,211.3263496,55.5726027,2000.0,158.2,2.6,-2334.8,1.2,226.8,1.0,,,2014yCat.2328....0C; 2021ApJS..253....7K,
star,cns5-2293,HD 79210,K7V,-4.496001943,1.210125477,4.291554942,-42.007457,-15.020566,-23.889055,3745,,0.08129904,0.6771487,-0.5138,,,2000.0,Corrected CNS5 2293; J2000 Sun-relative Galactic position. SIMBAD exact CNS5 identity. Full source space motion.,Ursa Major,138.5835616152243,52.68408016691263,2016.0,157.92032877959892,0.02237931,-1545.7874520604669,0.01773136667907238,-569.052823523412,0.017665253952145576,10.771675109863281,0.14131180942058563,2020yCat.1350....0G,2020yCat.1350....0G
star,cns5-2295,HD 79211,M0V,-4.495772099,1.210138642,4.292072086,-43.796998,-17.477303,-23.284075,,,,,,,,2000.0,Corrected CNS5 2295; J2000 Sun-relative Galactic position. SIMBAD exact CNS5 identity. Full source space motion.,Ursa Major,138.5913117966687,52.68342944184038,2016.0,157.91510212734312,0.024059365,-1573.0402244550992,0.017991045489907265,-659.9060008123529,0.018531305715441704,11.979391098022461,0.1773664653301239,2020yCat.1350....0G,2020yCat.1350....0G
star,cns5-2232,LP 368-128,M6.5Ve,-4.551864323,-2.151565670,3.878809031,-12.177892,-19.167788,-10.834179,,,,,,,17.084212,2000.0,Corrected CNS5 2232; J2000 Sun-relative Galactic position. SIMBAD exact CNS5 identity. Full source space motion.,Cancer,135.09564332221345,21.8320625969277,2016.0,157.33766154755847,0.06346977,-514.9422462994559,0.05746421962976456,-592.2533979775626,0.04512626305222511,8.6,,2020yCat.1350....0G,2018A&A...612A..49R
brown_dwarf,cns5-3722,2MASS J15031961+2525196,T5.5,2.520787752,1.912386158,5.585530101,,,,,,,,,,,2000.0,Corrected CNS5 3722; J2000 Sun-relative Galactic position. SIMBAD exact CNS5 identity. Transverse-only source motion; radial velocity unavailable or withheld.,Bootes,225.8321422585927,25.424644489819656,2016.0,155.77582970512213,0.73054975,87.41437826143425,0.6130159497261047,557.7801302360651,0.6949025392532349,,,2020yCat.1350....0G,
brown_dwarf,cns5-0931,LP 944-20,M9.5Ve,-2.103731026,-3.199152170,-5.157748588,-13.510948,-5.303037,-0.452944,,,,,,,19.651108,2000.0,Corrected CNS5 931; J2000 Sun-relative Galactic position. SIMBAD exact CNS5 identity. Full source space motion.,Fornax,54.898570206777336,-35.42759363988114,2016.0,155.6730131147897,0.055071607,309.00102372476846,0.04967212304472923,269.0584321754762,0.06412824243307114,7.43,0.72,2020yCat.1350....0G,2016ApJS..225...10F
white_dwarf,cns5-1470,HL 4,DZ11,-5.389756733,-3.139150444,-1.603131953,,,,,,,,,,15.405566,2000.0,Corrected CNS5 1470; J2000 Sun-relative Galactic position. SIMBAD exact CNS5 identity. Transverse-only source motion; radial velocity unavailable or withheld.,Orion,88.79209555773647,-4.1789270915525885,2016.0,155.27918121857692,0.018881656,535.2485529794916,0.017166171222925186,-2317.0113402190777,0.014939660206437111,,,2020yCat.1350....0G,
star,cns5-3023,GL Vir,M4.5Ve,0.201820265,-1.957657631,6.156316876,,,,2912,,0.0021248371,0.18093605,-0.2564,,14.847751,2000.0,Corrected CNS5 3023; J2000 Sun-relative Galactic position. SIMBAD exact CNS5 identity. Transverse-only source motion; radial velocity unavailable or withheld.,Virgo,184.74174734459442,11.126952372027485,2016.0,154.7213096072215,0.053833418,-1269.7707366268774,0.05552925541996956,203.44413820016848,0.033258408308029175,,,2020yCat.1350....0G,
star,cns5-4022,G 202-48,M1.5V,0.561934092,4.720594525,4.399920502,,,,3453,,0.014355302,0.33469912,-0.3124,,11.012935,2000.0,Corrected CNS5 4022; J2000 Sun-relative Galactic position. SIMBAD exact CNS5 identity. Transverse-only source motion; radial velocity unavailable or withheld.,Draco,246.35588833281682,54.30333866560462,2016.0,154.37856739258282,0.018127274,432.2302358898869,0.01917184889316559,-171.6519267889513,0.022313257679343224,,,2020yCat.1350....0G,
brown_dwarf,cns5-4137,VB 8,M7Ve,5.945537298,1.156584722,2.335576445,18.832438,-33.160287,11.247249,,,,,,,17.854212,2000.0,Corrected CNS5 4137; J2000 Sun-relative Galactic position. SIMBAD exact CNS5 identity. Full source space motion.,Ophiuchus,253.89324627148858,-8.398523023114832,2016.0,154.0371542024263,0.06370776,-813.0375057553445,0.06271196156740189,-870.6093515335183,0.0444256067276001,15.39,0.11,2020yCat.1350....0G,2010MNRAS.407.2269M
star,cns5-4135,HD 152751C,M3.5V,5.948229686,1.161425164,2.345975213,,,,3028,,0.0060528247,0.2826122,-0.7948,,12.694846,2000.0,Corrected CNS5 4135; J2000 Sun-relative Galactic position. SIMBAD exact CNS5 identity. Transverse-only source motion; radial velocity unavailable or withheld.,Ophiuchus,253.85142032580904,-8.32657626383978,2016.0,153.87539543012036,0.052902292,-817.5802750580574,0.052498914301395416,-898.5949677238423,0.03971254080533981,,,2020yCat.1350....0G,
star,cns5-2402,L 100-115,M4.0V,1.888019107,-6.074861657,-1.348664482,,,,3040,,0.0038142866,0.22258854,-0.0973,,13.714471,2000.0,Corrected CNS5 2402; J2000 Sun-relative Galactic position. SIMBAD exact CNS5 identity. Transverse-only source motion; radial velocity unavailable or withheld.,Carina,145.69216012443803,-68.87998537875298,2016.0,153.778005372821,0.027910085,-75.8282413684787,0.029123876243829727,1128.8488141856592,0.02842189185321331,,,2020yCat.1350....0G,
star,cns5-5718,HD 219134,K3V,-2.223151811,6.141905165,-0.365028422,-52.743106,-39.800710,-14.251302,,,,,,,6.491425,2000.0,Corrected CNS5 5718; J2000 Sun-relative Galactic position. SIMBAD exact CNS5 identity. Full source space motion.,Cassiopeia,348.33773395483047,57.16966644274312,2016.0,152.86400389732427,0.056607213,2074.413511999184,0.050308357924222946,294.4519772796575,0.04295603930950165,-18.637081146240234,0.19031202793121338,2020yCat.1350....0G,2020yCat.1350....0G
brown_dwarf,cns5-2079,WISEA J082507.37+280548.2,Y0.5,-5.375806331,-1.457795628,3.452302854,,,,,,,,,,,2000.0,Corrected CNS5 2079; J2000 Sun-relative Galactic position. SIMBAD exact CNS5 identity. Transverse-only source motion; radial velocity unavailable or withheld.,Cancer,126.2807258,28.096749,2000.0,152.6,2.0,-66.7,0.9,-235.8,0.9,,,2014yCat.2328....0C; 2021ApJS..253....7K,
brown_dwarf,cns5-1035,WISE J041022.71+150248.4,Y0,-5.940697910,0.212711075,-2.889089258,,,,,,,,,,,2000.0,Corrected CNS5 1035; J2000 Sun-relative Galactic position. SIMBAD exact CNS5 identity. Transverse-only source motion; radial velocity unavailable or withheld.,Taurus,62.594817,15.0466433,2000.0,151.3,2.0,960.3,0.8,-2219.4,0.8,,,2014yCat.2328....0C; 2021ApJS..253....7K,
brown_dwarf,cns5-1338,2MASS J05212615+1025328,T7.5,-6.281442307,-1.429895467,-1.680786731,,,,,,,,,,,2000.0,Corrected CNS5 1338; J2000 Sun-relative Galactic position. SIMBAD exact CNS5 identity. Transverse-only source motion; radial velocity unavailable or withheld.,Orion,80.3596123,10.424549,2000.0,150.2,3.0,223.7,2.5,-438.3,2.5,,,2014yCat.2328....0C; 2021ApJS..253....7K,
star,cns5-3118,L 471-42,M4.5V,3.052785528,-5.241819047,2.754668081,,,,,,,,,,13.621925,2000.0,Corrected CNS5 3118; J2000 Sun-relative Galactic position. SIMBAD exact CNS5 identity. Transverse-only source motion; radial velocity unavailable or withheld.,Centaurus,189.70080543573764,-38.387409124376816,2016.0,150.1014932635118,0.03624318,-665.1636498289203,0.032372552901506424,-1312.6384604492498,0.02504739724099636,,,2020yCat.1350....0G,
star,cns5-2689,Ross 104,M4V,-2.340738642,-1.727104955,6.086172799,,,,3181,,0.021028554,0.47735018,-0.8413,,10.874889,2000.0,Corrected CNS5 2689; J2000 Sun-relative Galactic position. SIMBAD exact CNS5 identity. Transverse-only source motion; radial velocity unavailable or withheld.,Leo,165.0156786023955,22.831702302659366,2016.0,148.24424631206256,0.028546931,-426.95772215768534,0.024254515767097473,-282.2984031950638,0.023139184340834618,,,2020yCat.1350....0G,
star,cns5-3673,Xi Boo B,K5Ve,2.975081523,1.268220549,5.921467265,7.454034,-0.968651,-0.926431,4244,,0.1281248,0.66196513,0.1444,,7.670416,2000.0,Corrected CNS5 3673; J2000 Sun-relative Galactic position. SIMBAD exact CNS5 identity. Full source space motion.,Bootes,222.8466426652314,19.101104107947574,2016.0,148.21114778941688,0.062331833,133.37604517724114,0.0412779375910759,-182.0591844077652,0.04507550224661827,2.2917895317077637,0.18118858337402344,2020yCat.1350....0G,2020yCat.1350....0G
star,cns5-3674,Xi Boo A,G7Ve,2.978144558,1.269417081,5.927041533,3.980411,2.039657,-0.741730,5386,0.9037054,0.5541511,0.85529965,-0.0427,4.755022,5.527336,2000.0,Corrected CNS5 3674; J2000 Sun-relative Galactic position. SIMBAD exact CNS5 identity. Full source space motion.,Bootes,222.8480514738455,19.100269640072455,2016.0,148.06949945238355,0.15102576,127.46787577668219,0.12581071257591248,-40.568645496944214,0.12948831915855408,1.487725853919983,0.16614322364330292,2020yCat.1350....0G,2020yCat.1350....0G
star,cns5-2033,Ross 619,M4.5V,-5.201018445,-3.524889744,2.520005478,,,,,,,,,,13.681223,2000.0,Corrected CNS5 2033; J2000 Sun-relative Galactic position. SIMBAD exact CNS5 identity. Transverse-only source motion; radial velocity unavailable or withheld.,Cancer,122.99468256110134,8.750401522062495,2016.0,147.72184850183513,0.107900105,1069.811738087307,0.09832055121660233,-5094.220103378359,0.06350003182888031,,,2020yCat.1350....0G,
star,cns5-2217,G 41-14,M3.5V,-4.380259526,-3.700672227,3.603137404,,,,,,,,,,11.826314,2000.0,Corrected CNS5 2217; J2000 Sun-relative Galactic position. SIMBAD exact CNS5 identity. Transverse-only source motion; radial velocity unavailable or withheld.,Cancer,134.73635,8.47245119216,2016.0,147.66,1.98,371.2,3.5,-323.4,2.8,,,2020yCat.1350....0G; 2006AJ....132.2360H; 2012yCat.1322....0Z,
star,cns5-5297,Ross 775,M3.0V,2.167081449,5.815996480,-2.723082659,,,,,,,,,,11.147588,2000.0,Corrected CNS5 5297; J2000 Sun-relative Galactic position. SIMBAD exact CNS5 identity. Transverse-only source motion; radial velocity unavailable or withheld.,Pegasus,322.40807988216517,17.64497780267456,2016.0,147.54264752190332,0.028993139,1007.0396347162075,0.024796538054943085,378.4000071533215,0.022814182564616203,,,2020yCat.1350....0G,
brown_dwarf,cns5-1819,Scholz's star,M9.5+T5,-4.884538671,-4.718455611,0.271413270,-57.984650,-59.662541,0.253376,,,,,,,,2000.0,Corrected CNS5 1819; J2000 Sun-relative Galactic position. SIMBAD exact CNS5 identity. Full source space motion.,Monoceros,110.01338013598,-8.78105451925,2015.5,147.10000610351562,1.2,-46.0,4.0,-116.5,2.200000047683716,83.1,0.4,2018A&A...616A...1G; 2019AJ....158..174D,2015AJ....149..104B
brown_dwarf,cns5-4832,2MASS J19284155+2356016,T6,3.579635271,5.805713626,0.364311183,,,,,,,,,,,2000.0,Corrected CNS5 4832; J2000 Sun-relative Galactic position. SIMBAD exact CNS5 identity. Transverse-only source motion; radial velocity unavailable or withheld.,Vulpecula,292.17175325969595,23.935004798378436,2016.0,146.4067299939191,1.1507839,-246.9990718640468,0.6213175654411316,240.42971190082355,1.1786246299743652,,,2020yCat.1350....0G,
brown_dwarf,cns5-0730,2MASS J02540788+0223563,T8.0,-4.525316441,0.567987729,-5.103706051,,,,,,,,,,,2000.0,Corrected CNS5 730; J2000 Sun-relative Galactic position. SIMBAD exact CNS5 identity. Transverse-only source motion; radial velocity unavailable or withheld.,Cetus,43.5398152,2.3996059,2000.0,146.10000610351562,1.5,2562.610107421875,0.15000000596046448,222.0,1.2999999523162842,,,2014yCat.2328....0C; 2019ApJS..240...19K,
star,cns5-0757,BD-17 588A,M3V,-3.399249894,-1.270008739,-5.823892214,,,,3283,,0.008263872,0.28043103,-0.2232,,11.346781,2000.0,Corrected CNS5 757; J2000 Sun-relative Galactic position. SIMBAD exact CNS5 identity. Transverse-only source motion; radial velocity unavailable or withheld.,Eridanus,45.462424511757,-16.59453280551054,2016.0,145.73243153754493,0.027344681,-369.97184335074684,0.029098382219672203,-267.931311928784,0.02836502343416214,,,2020yCat.1350....0G,
star,cns5-5663,HD 216899,M1.5V,0.276594206,5.389022895,-4.244871970,32.446245,-17.159779,25.610590,3398,,0.054871187,0.6760952,-0.745,,9.454595,2000.0,Corrected CNS5 5663; J2000 Sun-relative Galactic position. SIMBAD exact CNS5 identity. Full source space motion.,Pegasus,344.1402217312129,16.55216937227734,2016.0,145.6625691049171,0.028873334,-1034.7334113799404,0.026007721200585365,-284.13086712481174,0.025290628895163536,-27.993562698364258,0.15685655176639557,2020yCat.1350....0G,2020yCat.1350....0G
star,cns5-2657,Wolf 358,M4V,-1.831479985,-3.559635618,5.698445538,,,,3001,,0.008510757,0.3412779,-0.7023,,12.460699,2000.0,Corrected CNS5 2657; J2000 Sun-relative Galactic position. SIMBAD exact CNS5 identity. Transverse-only source motion; radial velocity unavailable or withheld.,Leo,162.7129640681676,6.804489538122279,2016.0,143.59517690755507,0.031936906,-856.2894965300052,0.030522236600518227,-818.5834069021728,0.02915544994175434,,,2020yCat.1350....0G,
star,cns5-2567,BD+01 2447,dM2,-2.071909870,-4.338905376,5.135895486,-7.105149,-27.440006,-15.874826,3291,,0.025580585,0.49187556,-1.3453,,10.413567,2000.0,Corrected CNS5 2567; J2000 Sun-relative Galactic position. SIMBAD exact CNS5 identity. Full source space motion.,Sextans,157.22878342623204,0.8377468877660948,2016.0,142.136621142691,0.023901395,-602.9919780451988,0.023941965773701668,-731.8819964236676,0.020909585058689117,7.429003715515137,0.45534974336624146,2020yCat.1350....0G,2020yCat.1350....0G
star,cns5-5164,HD 199305,M1.0V,-1.046282771,6.827544524,1.354021965,22.069185,-10.947556,-19.177549,3474,,0.053331897,0.637523,-1.3532,,,2000.0,Corrected CNS5 5164; J2000 Sun-relative Galactic position. SIMBAD exact CNS5 identity. Full source space motion.,Cepheus,313.3324563031005,62.150957701503515,2016.0,142.07728461385972,0.018184267,0.2591201846900617,0.019442087039351463,-773.0957499352076,0.016410376876592636,-17.587236404418945,0.15510034561157227,2020yCat.1350....0G,2020yCat.1350....0G
star,cns5-5362,LSPM J2146+3813,M5V,0.299539281,6.894451074,-1.418010337,,,,,,,,,,,2000.0,Corrected CNS5 5362; J2000 Sun-relative Galactic position. SIMBAD exact CNS5 identity. Transverse-only source motion; radial velocity unavailable or withheld.,Cygnus,326.5928819418585,38.21751708114409,2016.0,141.94191374022614,0.023653327,161.4536764489594,0.017373964190483093,-119.73940230903497,0.019083458930253983,,,2020yCat.1350....0G,
star,cns5-3697,LP 914-54,M7.0Ve,5.635847949,-2.762331051,3.208766476,-5.437686,-29.227131,-13.418664,,,,,,,17.900340,2000.0,Corrected CNS5 3697; J2000 Sun-relative Galactic position. SIMBAD exact CNS5 identity. Full source space motion.,Hydra,224.1569594505724,-28.167254151481732,2016.0,141.8622866342565,0.06744852,-490.2852812222616,0.07766932994127274,-843.4820597523562,0.061251282691955566,1.0,2.0,2020yCat.1350....0G,2015ApJS..220...18B
brown_dwarf,cns5-5175,WISE J205628.91+145953.2,Y0,3.150207450,5.923518863,-2.330320835,,,,,,,,,,,2000.0,Corrected CNS5 5175; J2000 Sun-relative Galactic position. SIMBAD exact CNS5 identity. Transverse-only source motion; radial velocity unavailable or withheld.,Delphinus,314.1203498,14.9982476,2000.0,140.8,2.0,825.8,0.8,528.8,0.8,,,2014yCat.2328....0C; 2021ApJS..253....7K,
star,cns5-1036,L 230-188,M4.5V,-0.609432293,-4.980937050,-5.033604310,,,,,,,,,,14.321378,2000.0,Corrected CNS5 1036; J2000 Sun-relative Galactic position. SIMBAD exact CNS5 identity. Transverse-only source motion; radial velocity unavailable or withheld.,Dorado,62.61100025779547,-53.61299677064624,2016.0,140.6940064763414,0.025784727,-825.1793703584685,0.024030428379774094,-2415.577565183988,0.026909515261650085,,,2020yCat.1350....0G,
brown_dwarf,cns5-0245,WISE J004945.61+215120.0,T8.5,-2.880942770,4.536799992,-4.674154715,,,,,,,,,,,2000.0,Corrected CNS5 245; J2000 Sun-relative Galactic position. SIMBAD exact CNS5 identity. Transverse-only source motion; radial velocity unavailable or withheld.,Andromeda,12.440225,21.8554683,2000.0,140.4,2.1,-479.4,1.0,-54.0,1.0,,,2014yCat.2328....0C; 2021ApJS..253....7K,
star,cns5-5811,G 157-77,M5.0Ve,0.430601646,3.643125594,-6.167173197,,,,2863,,0.0014102381,0.15220806,-0.469,,15.410655,2000.0,Corrected CNS5 5811; J2000 Sun-relative Galactic position. SIMBAD exact CNS5 identity. Transverse-only source motion; radial velocity unavailable or withheld.,Pisces,353.7970694377148,-2.3927993943668993,2016.0,139.3576895330065,0.057491962,781.4186685195082,0.05301079526543617,-841.5160515945944,0.03575098142027855,,,2020yCat.1350....0G,
star,cns5-0659,BX Cet,M3.5V,-4.669312638,1.386048719,-5.330482623,,,,3003,,0.008771255,0.3460773,-0.7057,,,2000.0,Corrected CNS5 659; J2000 Sun-relative Galactic position. SIMBAD exact CNS5 identity. Transverse-only source motion; radial velocity unavailable or withheld.,Cetus,39.07167733324421,6.8780898981735605,2016.0,138.49186503683393,0.046873465,1801.671457880569,0.04311053454875946,1450.4869465238849,0.03776632621884346,,,2020yCat.1350....0G,
star,cns5-0658,HD 16160,K3V,-4.671469948,1.392435314,-5.337106890,-76.273577,1.747650,33.062261,,,,,,,,2000.0,Corrected CNS5 658; J2000 Sun-relative Galactic position. SIMBAD exact CNS5 identity. Full source space motion.,Cetus,39.02838450657828,6.8933391075785275,2016.0,138.34000380964673,0.3635671,1778.585493720961,0.43005838990211487,1477.3061594730598,0.2480710744857788,25.233150482177734,0.12557457387447357,2020yCat.1350....0G,2020yCat.1350....0G
brown_dwarf,cns5-2125,2MASS J08354256-0819237,L6.5,-4.107555917,-5.477957405,2.320382723,-33.739927,-14.066015,0.188685,,,,,,,,2000.0,Corrected CNS5 2125; J2000 Sun-relative Galactic position. SIMBAD exact CNS5 identity. Full source space motion.,Hydra,128.9248121022928,-8.321818266749508,2016.0,138.31472927732594,0.21448307,-534.8112929685221,0.22877994179725647,301.6496730172588,0.23623086512088776,29.89,0.06,2020yCat.1350....0G,2010ApJ...723..684B
star,cns5-5522,L 788-34,M4.5Ve,3.184009622,2.730430816,-5.892747797,,,,,,,,,,14.019380,2000.0,Corrected CNS5 5522; J2000 Sun-relative Galactic position. SIMBAD exact CNS5 identity. Transverse-only source motion; radial velocity unavailable or withheld.,Aquarius,335.78059284429975,-17.610507570693272,2016.0,138.25342632633402,0.055476043,308.71178080407003,0.0446760319173336,-718.3872158061436,0.03953742980957031,,,2020yCat.1350....0G,
star,cns5-4253,HD 156384C,M1.5V,7.165106431,-1.027448472,0.178741015,8.799978,15.140564,-35.898948,3313,,0.013898835,0.3577749,-1.2929,,10.921126,2000.0,Corrected CNS5 4253; J2000 Sun-relative Galactic position. SIMBAD exact CNS5 identity. Full source space motion.,Scorpius,259.75125274377365,-34.997795092684065,2016.0,138.10825111442466,0.03184268,1131.5170733698837,0.02528470754623413,-215.5688956960665,0.02007245644927025,5.677094459533691,0.2532302737236023,2020yCat.1350....0G,2020yCat.1350....0G
brown_dwarf,cns5-1517,2MASS J06073908+2429574,L9,-7.195000753,-0.795342777,0.255655163,11.321906,-0.439189,-19.910373,,,,,,,,2000.0,Corrected CNS5 1517; J2000 Sun-relative Galactic position. SIMBAD exact CNS5 identity. Full source space motion.,Gemini,91.91027346627297,24.497694088057266,2016.0,138.0615808560256,0.5093245,-472.870767486162,0.5230932831764221,-318.4644010785041,0.3730578124523163,-11.9,1.1,2020yCat.1350....0G,2016AJ....152..123G
brown_dwarf,cns5-0809,WISEP J031325.96+780744.2,T8.5,-4.537325957,5.384673061,2.191610260,,,,,,,,,,,2000.0,Corrected CNS5 809; J2000 Sun-relative Galactic position. SIMBAD exact CNS5 identity. Transverse-only source motion; radial velocity unavailable or withheld.,Cepheus,48.3583505,78.1289761,2000.0,135.6,2.8,73.9,0.9,53.8,1.0,,,2014yCat.2328....0C; 2021ApJS..253....7K,
brown_dwarf,cns5-3739,2MASSW J1507476-162738,L5V,5.816271804,-1.655088436,4.279194484,-25.679182,-17.067138,-40.689828,,,,,,,22.787468,2000.0,Corrected CNS5 3739; J2000 Sun-relative Galactic position. SIMBAD exact CNS5 identity. Full source space motion.,Libra,226.94794579637428,-16.46512505032577,2016.0,134.9993921529645,0.2644735,-151.7946199185767,0.2599131166934967,-896.0121327952546,0.2785964012145996,-39.85,0.05,2020yCat.1350....0G,2010ApJ...723..684B
star,cns5-0233,HD 4628,K2.5V,-2.083450902,3.398126860,-6.276713420,-1.019142,-47.592478,-13.093385,4859,0.7615059,0.3003031,0.7731918,-0.6271,,6.383478,2000.0,Corrected CNS5 233; J2000 Sun-relative Galactic position. SIMBAD exact CNS5 identity. Full source space motion.,Pisces,12.099107075154986,5.27553944692346,2016.0,134.49484768931154,0.066160545,755.893500290751,0.07685195654630661,-1141.719303057953,0.060664717108011246,-10.407027244567871,0.15100407600402832,2020yCat.1350....0G,2020yCat.1350....0G
star,cns5-0125,Beta Hyi,G0V,3.269004562,-4.708389662,-4.772653889,,,,,,,,,,3.426658,2000.0,Corrected CNS5 125; J2000 Sun-relative Galactic position. SIMBAD exact CNS5 identity. Transverse-only source motion; radial velocity unavailable or withheld.,Hydrus,6.482504988433097,-77.25279546754571,2016.0,134.07000732421875,0.11,2219.54,0.10999999940395355,324.09,0.10999999940395355,,,2020yCat.1350....0G; 2007A&A...474..653V,
brown_dwarf,cns5-4953,2MASS J20005017+3629465,T8,2.224997451,7.145280279,0.433760576,,,,,,,,,,,2000.0,Corrected CNS5 4953; J2000 Sun-relative Galactic position. SIMBAD exact CNS5 identity. Transverse-only source motion; radial velocity unavailable or withheld.,Cygnus,300.2091405,36.4972582,2000.0,133.4,2.2,6.1,0.9,372.8,0.9,,,2014yCat.2328....0C; 2021ApJS..253....7K,
star,cns5-4198,G 203-47,M3.5V,2.209876310,5.710598651,4.495406469,,,,,,,,,,14.268001,2000.0,Corrected CNS5 4198; J2000 Sun-relative Galactic position. SIMBAD exact CNS5 identity. Transverse-only source motion; radial velocity unavailable or withheld.,Hercules,257.3834721191679,43.680105808986085,2016.0,131.643726032144,0.4779905,332.03214754852814,0.5136252045631409,-274.50099472651857,0.4919029474258423,,,2020yCat.1350....0G,
star,cns5-5660,Fomalhaut B,K4Ve,3.132542652,0.894517424,-6.866167609,-5.490536,-8.078517,-11.301157,4463,0.72544885,0.19891936,0.74598,-0.1788,9.807368,7.075984,2000.0,Corrected CNS5 5660; J2000 Sun-relative Galactic position. SIMBAD exact CNS5 identity. Full source space motion.,Piscis Austrinus,344.10194140173917,-31.56626896213439,2016.0,131.58010625077998,0.031432442,330.2033788189263,0.023418890312314034,-158.6023341436887,0.02836935594677925,6.996584892272949,0.1575317233800888,2020yCat.1350....0G,2020yCat.1350....0G
star,cns5-4667,G 141-36,M5.0V,5.867316969,4.824726205,0.556897487,,,,2929,,0.0020680306,0.176579,-0.2092,,,2000.0,Corrected CNS5 4667; J2000 Sun-relative Galactic position. SIMBAD exact CNS5 identity. Transverse-only source motion; radial velocity unavailable or withheld.,Aquila,282.0747587449577,7.690323894810538,2016.0,131.29112475410895,0.050758395,376.04230329093866,0.04305258393287659,248.7191969416535,0.037556666880846024,,,2020yCat.1350....0G,
star,cns5-3323,BD+11 2576,M1.0V,2.222642949,-1.121231597,7.207339953,57.290051,-8.135978,-4.075670,3391,,0.044898015,0.6138632,-1.0255,,9.617755,2000.0,Corrected CNS5 3323; J2000 Sun-relative Galactic position. SIMBAD exact CNS5 identity. Full source space motion.,Virgo,202.50420163284346,10.372389574126087,2016.0,131.14085319386328,0.030514287,1127.3405332043346,0.027238061651587486,-1073.8881364845809,0.013986017554998398,14.050164222717285,0.20960667729377747,2020yCat.1350....0G,2020yCat.1350....0G
brown_dwarf,cns5-4359,WISE J173835.53+273259.0,Y0,4.215262104,5.326983140,3.495074370,,,,,,,,,,,2000.0,Corrected CNS5 4359; J2000 Sun-relative Galactic position. SIMBAD exact CNS5 identity. Transverse-only source motion; radial velocity unavailable or withheld.,Hercules,264.6480292,27.549694,2000.0,130.9,2.1,337.1,0.8,-343.4,0.8,,,2014yCat.2328....0C; 2021ApJS..253....7K,
star,cns5-4531,G 258-33,M4.5Ve,-0.711563210,6.715244474,3.575475100,,,,,,,,,,,2000.0,Corrected CNS5 4531; J2000 Sun-relative Galactic position. SIMBAD exact CNS5 identity. Transverse-only source motion; radial velocity unavailable or withheld.,Draco,274.74325647947336,66.19061665488063,2016.0,130.87295445350685,0.026262887,434.81134983783664,0.03041568398475647,-442.78968791361655,0.02874329872429371,,,2020yCat.1350....0G,
star,cns5-0438,107 Psc,K1V,-4.344839806,3.793454295,-5.016930566,34.873575,-24.925302,2.118249,5093,0.8127994,0.4628649,0.8739507,-0.307,,5.823271,2000.0,Corrected CNS5 438; J2000 Sun-relative Galactic position. SIMBAD exact CNS5 identity. Full source space motion.,Pisces,25.62258568627586,20.26551918225611,2016.0,130.823369060264,0.17547892,-300.73691840079994,0.136648029088974,-673.5388952717276,0.10562495142221451,-33.57844161987305,0.1688421368598938,2020yCat.1350....0G,2020yCat.1350....0G
brown_dwarf,cns5-5897,WISEA J235402.79+024014.1,Y1,-0.418679352,4.132865090,-6.432207262,,,,,,,,,,,2000.0,Corrected CNS5 5897; J2000 Sun-relative Galactic position. SIMBAD exact CNS5 identity. Transverse-only source motion; radial velocity unavailable or withheld.,Pisces,358.5116543,2.6705854,2000.0,130.6,3.3,503.5,2.2,-399.5,2.3,,,2014yCat.2328....0C; 2021ApJS..253....7K,
star,cns5-5445,L 499-56,M3.5V,4.565350765,0.515302283,-6.138762170,,,,,,,,,,,2000.0,Corrected CNS5 5445; J2000 Sun-relative Galactic position. SIMBAD exact CNS5 identity. Transverse-only source motion; radial velocity unavailable or withheld.,Grus,330.6269230434408,-37.08193913674626,2016.0,130.4186009154895,0.059616167,805.6868653564226,0.04514837637543678,-229.74140664695528,0.03575796261429787,,,2020yCat.1350....0G,
star,cns5-0317,Mu Cas,G5Vb,-4.402157564,6.200818568,-1.051405400,-46.280131,-158.796034,-34.694774,,,,,,,5.744074,2000.0,Corrected CNS5 317; J2000 Sun-relative Galactic position. SIMBAD exact CNS5 identity. Full source space motion.,Cassiopeia,17.094749861202942,54.91320397755905,2016.0,130.28806976927032,0.49808618,3468.251393146748,0.35364648699760437,-1564.8444473117734,0.3652014434337616,-96.93266296386719,0.1838333159685135,2020yCat.1350....0G,2020yCat.1350....0G
star,cns5-0688,VX Ari,dM3,-5.862745134,3.027781613,-3.925688268,,,,3179,,0.01789197,0.44078022,-0.7115,,11.136785,2000.0,Corrected CNS5 688; J2000 Sun-relative Galactic position. SIMBAD exact CNS5 identity. Transverse-only source motion; radial velocity unavailable or withheld.,Aries,41.068881780380345,25.52175109435131,2016.0,130.2438130550483,0.031510632,864.5251260254983,0.02839524857699871,-363.19555086835487,0.025922758504748344,,,2020yCat.1350....0G,
star,cns5-4607,Vega,A0V,2.780493369,6.695579633,2.529990000,,,,,,,,,,0.603555,2000.0,Corrected CNS5 4607; J2000 Sun-relative Galactic position. SIMBAD exact CNS5 identity. Transverse-only source motion; radial velocity unavailable or withheld.,Lyra,279.2341082481229,38.78299326196128,1991.25,130.22999572753906,0.36,200.94,0.3199999928474426,286.23,0.4000000059604645,,,2007A&A...474..653V,
star,cns5-5665,Fomalhaut,A4V,3.060044481,1.143382170,-6.976657358,,,,,,,,,,1.726541,2000.0,Corrected CNS5 5665; J2000 Sun-relative Galactic position. SIMBAD exact CNS5 identity. Transverse-only source motion; radial velocity unavailable or withheld.,Piscis Austrinus,344.4117729896118,-29.621836802955258,1991.25,129.80999755859375,0.47,328.95,0.5,-164.67,0.3499999940395355,,,2007A&A...474..653V,
star,cns5-2508,BD-03 2870,M2V,-2.421192914,-5.311547936,5.028374122,-2.251788,-12.198775,-2.917055,3359,,0.04367606,0.6171931,-0.7087,,9.830279,2000.0,Corrected CNS5 2508; J2000 Sun-relative Galactic position. SIMBAD exact CNS5 identity. Full source space motion.,Sextans,153.07293731001045,-3.746747553020674,2016.0,129.7923502358256,0.028554749,-152.7602239093057,0.027702223509550095,-243.6929553880118,0.02769426442682743,7.2139892578125,0.3274172246456146,2020yCat.1350....0G,2020yCat.1350....0G
star,cns5-4280,HD 157881,K7V,6.581224275,3.035049584,2.634315017,,,,,,,,,,8.124371,2000.0,Corrected CNS5 4280; J2000 Sun-relative Galactic position. SIMBAD exact CNS5 identity. Transverse-only source motion; radial velocity unavailable or withheld.,Ophiuchus,261.43588748671016,2.1061577628793846,2016.0,129.68036000410916,0.019890493,-580.3245900689788,0.017072828486561775,-1184.7371121385918,0.01282578706741333,,,2020yCat.1350....0G,
brown_dwarf,cns5-3201,SIPS J1259-4336,M8:,4.118503467,-6.015604001,2.544945143,,,,,,,,,,,2000.0,Corrected CNS5 3201; J2000 Sun-relative Galactic position. SIMBAD exact CNS5 identity. Transverse-only source motion; radial velocity unavailable or withheld.,Centaurus,194.7766445532381,-43.607963562590925,2016.0,129.50336238276165,0.06604135,1102.9193084108322,0.06342597305774689,-264.5363709034125,0.049224913120269775,,,2020yCat.1350....0G,
star,cns5-1499,G 192-13,M4.0V,-6.642157624,3.230380194,2.282983700,,,,3013,,0.0089636445,0.34731025,-0.7924,,,2000.0,Corrected CNS5 1499; J2000 Sun-relative Galactic position. SIMBAD exact CNS5 identity. Transverse-only source motion; radial velocity unavailable or withheld.,Camelopardalis,90.29510135819429,59.59306278611283,2016.0,129.35233025146474,0.031582862,-104.94209374584324,0.022754013538360596,-928.6279422304801,0.025025108829140663,,,2020yCat.1350....0G,
star,cns5-4472,HD 165222,M0V,6.934130207,3.215273517,1.193320539,32.690785,14.123516,-18.915275,3619,,0.033741876,0.46718353,-0.1193,,9.917446,2000.0,Corrected CNS5 4472; J2000 Sun-relative Galactic position. SIMBAD exact CNS5 identity. Full source space motion.,Serpens,271.2841138366001,-3.032798001841446,2016.0,129.25861152855128,0.028894516,569.7350500009994,0.023447535932064056,-332.72570584176094,0.019412439316511154,32.256195068359375,0.19079269468784332,2020yCat.1350....0G,2020yCat.1350....0G
star,cns5-1735,G 109-35,M5.0Ve,-7.313613422,-2.153341586,1.399414425,,,,,,,,,,,2000.0,Corrected CNS5 1735; J2000 Sun-relative Galactic position. SIMBAD exact CNS5 identity. Transverse-only source motion; radial velocity unavailable or withheld.,Gemini,104.87435115776526,19.344873685053248,2016.0,129.00897627455848,0.07870944,909.1205182604839,0.06200472265481949,-894.5493258832637,0.05122816190123558,,,2020yCat.1350....0G,
star,cns5-4461,G 227-22,M5Ve,-0.442592709,6.765081812,3.841757887,,,,3005,,0.0032350887,0.20990635,-0.1121,,13.914647,2000.0,Corrected CNS5 4461; J2000 Sun-relative Galactic position. SIMBAD exact CNS5 identity. Transverse-only source motion; radial velocity unavailable or withheld.,Draco,270.57119282072466,64.26058361909148,2016.0,128.3303517680493,0.037687358,196.39438808300974,0.04141198471188545,-383.7888416782764,0.039699703454971313,,,2020yCat.1350....0G,
brown_dwarf,cns5-4458,WISEP J180026.60+013453.1,L7.5,6.713107248,3.640976374,1.631529616,2.450788,-9.465550,-13.373836,,,,,,,,2000.0,Corrected CNS5 4458; J2000 Sun-relative Galactic position. SIMBAD exact CNS5 identity. Full source space motion.,Ophiuchus,270.1111446302847,1.58076369973362,2016.0,128.05461654386062,0.500821,183.73364597497817,0.5255213975906372,-384.1081520264992,0.4416026473045349,-5.1,0.7,2020yCat.1350....0G,2015AJ....150..179G
brown_dwarf,cns5-0017,WISE J000517.48+373720.5,T9,-2.795773750,6.612450174,-3.249158239,,,,,,,,,,,2000.0,Corrected CNS5 17; J2000 Sun-relative Galactic position. SIMBAD exact CNS5 identity. Transverse-only source motion; radial velocity unavailable or withheld.,Andromeda,1.3229134,37.6223382,2000.0,126.9,2.1,997.3,1.0,-271.6,1.0,,,2014yCat.2328....0C; 2021ApJS..253....7K,
brown_dwarf,cns5-1850,2MASS J07290002-3954043,T8pec,-2.332966552,-7.448490632,-1.437154339,,,,,,,,,,,2000.0,Corrected CNS5 1850; J2000 Sun-relative Galactic position. SIMBAD exact CNS5 identity. Transverse-only source motion; radial velocity unavailable or withheld.,Puppis,112.247914,-39.8959328,2000.0,126.0,8.0,-567.0,5.0,1643.0,6.0,,,2014yCat.2328....0C; 2012ApJ...752...56F,
star,cns5-4485,G 154-44,M4.0Ve,7.735659349,1.894033936,0.298585497,,,,,,,,,,13.972776,2000.0,Corrected CNS5 4485; J2000 Sun-relative Galactic position. SIMBAD exact CNS5 identity. Transverse-only source motion; radial velocity unavailable or withheld.,Serpens,271.88396508794,-15.964616826018132,2016.0,125.4744227659533,0.03664798,-618.4062023048978,0.03332100436091423,-347.00667271540146,0.02689230814576149,,,2020yCat.1350....0G,
star,cns5-1899,SCR J0740-4257,M4.5,-1.854258623,-7.638398325,-1.382541319,,,,2960,,0.00284409,0.20271601,-0.0878,,14.324740,2000.0,Corrected CNS5 1899; J2000 Sun-relative Galactic position. SIMBAD exact CNS5 identity. Transverse-only source motion; radial velocity unavailable or withheld.,Puppis,115.04626042327716,-42.958948811779244,2016.0,125.29909348905967,0.02647732,-483.4584532806379,0.02445601485669613,504.7743174008572,0.024794802069664,,,2020yCat.1350....0G,
star,cns5-1724,CD-44 3045A,M3V,-2.069379814,-7.370888282,-2.414693193,,,,3180,,0.0075962623,0.28720632,-1.0393,,11.957059,2000.0,Corrected CNS5 1724; J2000 Sun-relative Galactic position. SIMBAD exact CNS5 identity. Transverse-only source motion; radial velocity unavailable or withheld.,Puppis,104.4373295461301,-44.29139605439596,2016.0,124.56954932191705,0.05522421,-1118.0733608822757,0.06305354833602905,-48.934413882232306,0.06703178584575653,,,2020yCat.1350....0G,
star,cns5-1723,CD-44 3045B,M3,-2.072512399,-7.381935442,-2.418361650,,,,3179,,0.007887989,0.29264417,-1.039,,11.763801,2000.0,Corrected CNS5 1723; J2000 Sun-relative Galactic position. SIMBAD exact CNS5 identity. Transverse-only source motion; radial velocity unavailable or withheld.,Puppis,104.43647190771412,-44.291651313997995,2016.0,124.38277554542188,0.044506755,-1172.1891273041947,0.050886545330286026,-125.36987530414002,0.05050896108150482,,,2020yCat.1350....0G,
star,cns5-2905,G 122-49,M4.5V,-2.799919377,1.759756800,7.331252042,,,,,,,,,,,2000.0,Corrected CNS5 2905; J2000 Sun-relative Galactic position. SIMBAD exact CNS5 identity. Transverse-only source motion; radial velocity unavailable or withheld.,Ursa Major,177.7301638123558,48.373099796519554,2016.0,124.33777491111096,0.06421634,-1545.0688611035787,0.023162247613072395,-962.7239331057074,0.05356386676430702,,,2020yCat.1350....0G,
star,cns5-3127,L 399-68,M3V,3.901112859,-6.522034550,2.655868986,,,,3075,,0.0052580484,0.25544256,-0.8556,,12.709907,2000.0,Corrected CNS5 3127; J2000 Sun-relative Galactic position. SIMBAD exact CNS5 identity. Transverse-only source motion; radial velocity unavailable or withheld.,Centaurus,190.18807526858592,-43.563321977327206,2016.0,124.2171283114297,0.032960605,-782.089989185698,0.024142688140273094,689.5613585623493,0.025805639103055,,,2020yCat.1350....0G,
star,cns5-4014,G 202-45,M3.0V,1.479828544,5.599141256,5.600932725,,,,,,,,,,,2000.0,Corrected CNS5 4014; J2000 Sun-relative Galactic position. SIMBAD exact CNS5 identity. Transverse-only source motion; radial velocity unavailable or withheld.,Hercules,246.0346613794078,48.35400423362307,1991.25,124.12000274658203,1.16,1146.26,1.2100000381469727,-451.86,1.1100000143051147,,,2007A&A...474..653V,
star,cns5-4539,Chi Dra,F7V,-1.654636623,6.915263564,3.789788029,,,,,,,,,,4.049034,2000.0,Corrected CNS5 4539; J2000 Sun-relative Galactic position. SIMBAD exact CNS5 identity. Transverse-only source motion; radial velocity unavailable or withheld.,Draco,275.259744172076,72.73369775642335,1991.25,124.11000061035156,0.87,531.21,1.0299999713897705,-349.71,0.9399999976158142,,,2007A&A...474..653V,
star,cns5-1208,Tabit,F6V,-7.275658439,-1.473906391,-3.160980301,,,,6154,1.208073,2.854192,1.4859011,-0.8722,4.001862,3.656057,2000.0,Corrected CNS5 1208; J2000 Sun-relative Galactic position. SIMBAD exact CNS5 identity. Transverse-only source motion; radial velocity unavailable or withheld.,Orion,72.46212402119102,6.9613310085374644,2016.0,123.94000244140625,0.17,464.06,0.17000000178813934,11.21,0.11999999731779099,,,2020yCat.1350....0G; 2007A&A...474..653V,
star,cns5-3162,Wolf 437,M3.5V,1.209097683,-2.089894725,7.706221683,,,,3039,,0.012900602,0.4097401,-0.7116,,11.859124,2000.0,Corrected CNS5 3162; J2000 Sun-relative Galactic position. SIMBAD exact CNS5 identity. Transverse-only source motion; radial velocity unavailable or withheld.,Virgo,191.98138882517026,9.749354230882224,2016.0,123.82970088360902,0.036753137,-1008.267067199613,0.04029994457960129,-460.0339460837744,0.032798659056425095,,,2020yCat.1350....0G,
star,cns5-5067,G 262-15,M3V,-1.347104612,7.690266537,2.100530007,,,,3385,,0.01952979,0.40637878,-0.0372,,,2000.0,Corrected CNS5 5067; J2000 Sun-relative Galactic position. SIMBAD exact CNS5 identity. Transverse-only source motion; radial velocity unavailable or withheld.,Cepheus,307.63826397516186,65.45081813440359,2016.0,123.68594083835224,0.01658342,443.2636466159827,0.01865960843861103,283.3536914054755,0.017374904826283455,,,2020yCat.1350....0G,
brown_dwarf,cns5-5377,2MASSW J2148162+400359,L7,0.135136158,7.950617772,-1.466864400,-34.174030,-14.760653,-3.100057,,,,,,,,2000.0,Corrected CNS5 5377; J2000 Sun-relative Galactic position. SIMBAD exact CNS5 identity. Full source space motion.,Cygnus,327.0723954642871,40.068517793015445,2016.0,123.6752359487603,0.35115317,772.175608915056,0.36216169595718384,458.2432398551363,0.3537176847457886,-14.52,0.71,2020yCat.1350....0G,2016ApJS..225...10F
star,cns5-3008,G 13-22,M4.5Ve,0.839874366,-3.697816283,7.141977806,,,,,,,,,,,2000.0,Corrected CNS5 3008; J2000 Sun-relative Galactic position. SIMBAD exact CNS5 identity. Transverse-only source motion; radial velocity unavailable or withheld.,Virgo,183.56472559955648,0.6227271293051196,2016.0,123.66705758419215,0.05354453,-951.3356740882246,0.05638953298330307,-284.0493774070142,0.03893069550395012,,,2020yCat.1350....0G,
star,cns5-2039,L 674-15,M3.5V,-3.848605925,-7.076392380,0.972229270,,,,,,,,,,12.583902,2000.0,Corrected CNS5 2039; J2000 Sun-relative Galactic position. SIMBAD exact CNS5 identity. Transverse-only source motion; radial velocity unavailable or withheld.,Puppis,123.17043503163158,-21.55502398567159,2016.0,123.24814750705667,0.026338276,13.458423373876627,0.01725298911333084,-693.9868644420849,0.019097650423645973,,,2020yCat.1350....0G,
white_dwarf,cns5-1475,EGGR 290,DA8P,-7.429186436,-2.964342318,-1.363501131,,,,,,,,,,14.583787,2000.0,Corrected CNS5 1475; J2000 Sun-relative Galactic position. SIMBAD exact CNS5 identity. Transverse-only source motion; radial velocity unavailable or withheld.,Orion,89.10409821980528,5.359344709329013,2016.0,123.24164716553946,0.018715372,-444.6846044467807,0.017798542976379395,-925.1396520378544,0.01503277663141489,,,2020yCat.1350....0G,
star,cns5-4356,BD+18 3421,M1.5V,5.504342913,4.998074145,3.356502715,-33.829670,35.126859,-21.370616,3631,,0.031074738,0.50559,-0.2307,,10.019217,2000.0,Corrected CNS5 4356; J2000 Sun-relative Galactic position. SIMBAD exact CNS5 identity. Full source space motion.,Hercules,264.4766236517814,18.596087654354623,2016.0,122.58920751006131,0.019827357,926.6381166366465,0.015803569927811623,984.455172787448,0.018191147595643997,-10.092474937438965,0.23209279775619507,2020yCat.1350....0G,2020yCat.1350....0G
white_dwarf,cns5-1938,LAWD 26,DA9.0,1.364306976,-7.579870028,-2.717040200,,,,,,,,,,14.529717,2000.0,Corrected CNS5 1938; J2000 Sun-relative Galactic position. SIMBAD exact CNS5 identity. Transverse-only source motion; radial velocity unavailable or withheld.,Volans,118.30118445721946,-67.79867244988867,2016.0,122.44565524788479,0.012780414,1467.1233866646044,0.014066140167415142,-1489.7210290827738,0.015046423301100731,,,2020yCat.1350....0G,
brown_dwarf,cns5-1339,UGPS J052127.27+364048.6,T8.5,-8.076808794,1.315912738,-0.005892370,,,,,,,,,,,2000.0,Corrected CNS5 1339; J2000 Sun-relative Galactic position. SIMBAD exact CNS5 identity. Transverse-only source motion; radial velocity unavailable or withheld.,Auriga,80.3642561,36.6787856,2000.0,122.19999694824219,1.6,569.0,0.8999999761581421,-1511.0,1.0,,,2014yCat.2328....0C; 2019ApJS..240...19K,
star,cns5-0429,p Eri A,K2V,1.386849680,-3.896498689,-7.067864860,-4.540586,-16.141070,-17.002353,5044,0.848425,0.3325382,0.7550487,0.05,0.5176346,6.118829,2000.0,Corrected CNS5 429; J2000 Sun-relative Galactic position. SIMBAD exact CNS5 identity. Full source space motion.,Eridanus,24.951317415506175,-56.19325138476668,2016.0,122.108812649359,0.041797627,262.61493034694894,0.03200250491499901,14.96130071250266,0.03570042923092842,21.585933685302734,0.16128559410572052,2020yCat.1350....0G,2020yCat.1350....0G
star,cns5-0428,p Eri B,K2V,1.388390538,-3.900107085,-7.073793236,-6.085130,-16.667751,-15.337912,4902,0.7728912,0.31139687,0.7736013,-0.3803,12.368283,6.228948,2000.0,Corrected CNS5 428; J2000 Sun-relative Galactic position. SIMBAD exact CNS5 identity. Full source space motion.,Eridanus,24.950656623757837,-56.19640006625107,2016.0,122.00347235303983,0.036533207,309.22982585737077,0.028642820194363594,10.815266219876033,0.03178069740533829,20.138343811035156,0.15670259296894073,2020yCat.1350....0G,2020yCat.1350....0G
star,cns5-4613,Gaia DR3 4479498508613790464,M2.5,6.268204565,5.195744239,0.960955319,,,,,,,,,,,2000.0,Corrected CNS5 4613; J2000 Sun-relative Galactic position. SIMBAD exact CNS5 identity. Transverse-only source motion; radial velocity unavailable or withheld.,Ophiuchus,279.8817390588379,9.02862549790261,2016.0,121.97881318336569,0.9311894,-19.85990199550522,0.7096372246742249,-21.528176088493577,0.8680430054664612,,,2020yCat.1350....0G,
star,cns5-0511,L 173-19,M2.0Ve,1.058445767,-4.149431419,-7.012162696,,,,,,,,,,13.326604,2000.0,Corrected CNS5 511; J2000 Sun-relative Galactic position. SIMBAD exact CNS5 identity. Transverse-only source motion; radial velocity unavailable or withheld.,Eridanus,30.160435097325607,-55.96826051259185,2016.0,121.70844820778298,0.035556816,113.394990916631,0.03116534650325775,-69.5591660509173,0.03799523785710335,,,2020yCat.1350....0G,
star,cns5-5672,HD 217357,K7+Vk,2.833314423,2.145818271,-7.422856546,34.813929,16.868525,0.529593,3828,0.63542384,0.10074715,0.7218945,-0.6054,12.032092,8.292031,2000.0,Corrected CNS5 5672; J2000 Sun-relative Galactic position. SIMBAD exact CNS5 identity. Full source space motion.,Aquarius,345.06283531994274,-22.524089212751498,2016.0,121.50453939146767,0.028305054,-902.0731782618114,0.02709919773042202,58.044865405649034,0.022477850317955017,15.908467292785645,0.1566740870475769,2020yCat.1350....0G,2020yCat.1350....0G
star,cns5-0288,Ross 318,M3.0V,-4.526221302,6.757545983,1.263043886,,,,3272,,0.032471366,0.56082404,-0.4433,,,2000.0,Corrected CNS5 288; J2000 Sun-relative Galactic position. SIMBAD exact CNS5 identity. Transverse-only source motion; radial velocity unavailable or withheld.,Cassiopeia,15.659011875595588,71.67812049454075,2016.0,121.49459071370053,0.017791841,1746.7010132181863,0.016728950664401054,-381.76236971875386,0.01708170771598816,,,2020yCat.1350....0G,
brown_dwarf,cns5-2901,WISE J115013.85+630241.5,T8,-3.486747431,3.570555949,6.553298282,,,,,,,,,,,2000.0,Corrected CNS5 2901; J2000 Sun-relative Galactic position. SIMBAD exact CNS5 identity. Transverse-only source motion; radial velocity unavailable or withheld.,Ursa Major,177.5577203,63.0448125,2000.0,121.4,2.7,407.2,1.1,-540.4,0.9,,,2014yCat.2328....0C; 2021ApJS..253....7K,
star,cns5-4399,Mu2 Her B,,4.564654229,5.933999868,3.592405379,,,,,,,,,,,2000.0,Corrected CNS5 4399; J2000 Sun-relative Galactic position. SIMBAD exact CNS5 identity. Transverse-only source motion; radial velocity unavailable or withheld.,Hercules,266.60269364370964,27.71382058642485,2016.0,120.42617774509026,0.3126345,-259.3826125011458,0.24073949456214905,-671.0128060853901,0.4252399802207947,,,2020yCat.1350....0G,
brown_dwarf,cns5-0963,2MASS J03480772-6022270,T7,0.363202378,-5.835996235,-5.927738351,,,,,,,,,,,2000.0,Corrected CNS5 963; J2000 Sun-relative Galactic position. SIMBAD exact CNS5 identity. Transverse-only source motion; radial velocity unavailable or withheld.,Reticulum,57.0305433,-60.3764642,2000.0,120.0999984741211,1.8,-279.70001220703125,0.6000000238418579,-768.5,0.699999988079071,,,2014yCat.2328....0C; 2019ApJS..240...19K,
white_dwarf,cns5-0007,LAWD 96,DAP5.8,2.373337039,-1.280497552,-7.881382999,,,,,,,,,,13.446780,2000.0,Corrected CNS5 7; J2000 Sun-relative Galactic position. SIMBAD exact CNS5 identity. Transverse-only source motion; radial velocity unavailable or withheld.,Phoenix,0.5484242194982256,-43.16843961826971,2016.0,120.04827897509847,0.027644819,613.7852695338222,0.018288196995854378,-686.9892403643487,0.0174532700330019,,,2020yCat.1350....0G,
star,cns5-4400,Mu2 Her A,,4.585121726,5.960780473,3.608476279,,,,,,,,,,,2000.0,Corrected CNS5 4400; J2000 Sun-relative Galactic position. SIMBAD exact CNS5 identity. Transverse-only source motion; radial velocity unavailable or withheld.,Hercules,266.60286144324283,27.713737369131668,2016.0,119.88706136425247,0.23129877,-413.9743802890454,0.16249601542949677,-798.5163008756674,0.22695285081863403,,,2020yCat.1350....0G,
white_dwarf,cns5-3356,Wolf 489,DC9,3.132746744,-1.841131710,7.514982754,,,,,,,,,,,2000.0,Corrected CNS5 3356; J2000 Sun-relative Galactic position. SIMBAD exact CNS5 identity. Transverse-only source motion; radial velocity unavailable or withheld.,Virgo,204.11607940811783,3.674479286708736,2016.0,119.79801348412462,0.032681786,-3735.8392446179887,0.0256545078009367,-1113.5811368534298,0.01820230856537819,,,2020yCat.1350....0G,
star,cns5-4544,G 227-29,M4.0V,-0.187931801,7.431990338,3.802990288,,,,,,,,,,,2000.0,Corrected CNS5 4544; J2000 Sun-relative Galactic position. SIMBAD exact CNS5 identity. Transverse-only source motion; radial velocity unavailable or withheld.,Draco,275.6038379584113,62.04499387477445,2016.0,119.75186488791154,0.040633563,-955.101711187115,0.04673369228839874,-1235.6089553660775,0.03977483883500099,,,2020yCat.1350....0G,
star,cns5-1264,HD 32450A,K7,-5.232793457,-4.666038301,-4.556997389,,,,,,,,,,9.048492,2000.0,Corrected CNS5 1264; J2000 Sun-relative Galactic position. SIMBAD exact CNS5 identity. Transverse-only source motion; radial velocity unavailable or withheld.,Lepus,75.6178310374648,-21.257878326934936,2016.0,119.59099093791484,0.04759632,-166.87715611673468,0.034868888556957245,-269.1830075052256,0.03482937440276146,,,2020yCat.1350....0G,
star,cns5-5848,G 130-4,M4.5Ve,-2.344313699,7.250062577,-3.445954477,,,,,,,,,,13.058282,2000.0,Corrected CNS5 5848; J2000 Sun-relative Galactic position. SIMBAD exact CNS5 identity. Transverse-only source motion; radial velocity unavailable or withheld.,Andromeda,355.7815091563796,36.536310377293006,2016.0,119.5794051981195,0.063160494,941.8406662808038,0.056527748703956604,-151.27152377976955,0.04829268902540207,,,2020yCat.1350....0G,
star,cns5-2849,SCR J1138-7721,M5.0V,3.904444552,-7.086099786,-2.179156709,,,,,,,,,,15.164061,2000.0,Corrected CNS5 2849; J2000 Sun-relative Galactic position. SIMBAD exact CNS5 identity. Transverse-only source motion; radial velocity unavailable or withheld.,Chamaeleon,174.52796501310212,-77.3607589439316,2016.0,119.3471951321359,0.03941185,-2063.828790370113,0.038078147917985916,616.5933984794495,0.039443496614694595,,,2020yCat.1350....0G,
star,cns5-1263,HD 32450B,,-5.265461952,-4.695131731,-4.585476279,,,,,,,,,,10.974979,2000.0,Corrected CNS5 1263; J2000 Sun-relative Galactic position. SIMBAD exact CNS5 identity. Transverse-only source motion; radial velocity unavailable or withheld.,Lepus,75.61776596344842,-21.257639202011276,2016.0,118.84907636542617,0.08921311,-111.65569813406326,0.20715636014938354,-235.8333802754412,0.12931251525878906,,,2020yCat.1350....0G,
brown_dwarf,cns5-0168,2MASS J00345157+0523050,T6.5,-1.946103428,4.118145492,-7.078700948,,,,,,,,,,,2000.0,Corrected CNS5 168; J2000 Sun-relative Galactic position. SIMBAD exact CNS5 identity. Transverse-only source motion; radial velocity unavailable or withheld.,Pisces,8.7168016,5.3852583,2000.0,118.8,2.7,673.6,1.3,178.2,1.5,,,2014yCat.2328....0C; 2021ApJS..253....7K,
white_dwarf,cns5-5397,UCAC4 747-070768,DAH,-1.716322719,8.264210462,0.595421912,,,,,,,,,,,2000.0,Corrected CNS5 5397; J2000 Sun-relative Galactic position. SIMBAD exact CNS5 identity. Transverse-only source motion; radial velocity unavailable or withheld.,Cepheus,327.91636041932077,59.2929297833234,2016.0,118.18195655158056,0.016692562,-86.74227008780505,0.018263930454850197,-19.236664849105665,0.018065204843878746,,,2020yCat.1350....0G,
star,cns5-1591,Ross 64,M4V,-8.354447788,-1.337230461,0.732387595,,,,,,,,,,,2000.0,Corrected CNS5 1591; J2000 Sun-relative Galactic position. SIMBAD exact CNS5 identity. Transverse-only source motion; radial velocity unavailable or withheld.,Gemini,96.17468890917205,23.430778569567785,2016.0,117.75192177979906,0.032439366,550.9178788096599,0.030382316559553146,-508.3329041343394,0.024191787466406822,,,2020yCat.1350....0G,
star,cns5-4000,CD-37 10765B,M5.5V,7.995972609,-2.556243332,1.319344994,,,,,,,,,,,2000.0,Corrected CNS5 4000; J2000 Sun-relative Galactic position. SIMBAD exact CNS5 identity. Transverse-only source motion; radial velocity unavailable or withheld.,Scorpius,245.00935124845444,-37.52540960854646,2016.0,117.67912787614085,0.1374653,-681.279104023215,0.13162991404533386,1049.950632548292,0.11726556718349457,,,2020yCat.1350....0G,
star,cns5-4001,CD-37 10765,M3V,8.007180347,-2.559581643,1.321173493,,,,3156,,0.021329064,0.48853818,-0.8328,,10.936475,2000.0,Corrected CNS5 4001; J2000 Sun-relative Galactic position. SIMBAD exact CNS5 identity. Transverse-only source motion; radial velocity unavailable or withheld.,Scorpius,245.01042208462846,-37.524610446713915,2016.0,117.51547217556435,0.03266067,-748.0393660219934,0.03211439028382301,988.1035201880838,0.02711075358092785,,,2020yCat.1350....0G,
white_dwarf,cns5-2148,CD-32 5613,DA5.5,-2.259614286,-8.167271635,0.827693021,,,,,,,,,,12.199226,2000.0,Corrected CNS5 2148; J2000 Sun-relative Galactic position. SIMBAD exact CNS5 identity. Transverse-only source motion; radial velocity unavailable or withheld.,Pyxis,130.37950135632184,-32.93649496565008,2016.0,117.4478874183161,0.024376024,-1061.1577359974767,0.01568308286368847,1345.8999285681693,0.0211457721889019,,,2020yCat.1350....0G,
white_dwarf,cns5-5646,EGGR 453,DZ13,2.147326447,4.333653178,-7.030825597,,,,,,,,,,16.004313,2000.0,Corrected CNS5 5646; J2000 Sun-relative Galactic position. SIMBAD exact CNS5 identity. Transverse-only source motion; radial velocity unavailable or withheld.,Aquarius,343.48356406407754,-6.784830206077555,2016.0,117.18244418278245,0.03600729,2485.798830001822,0.03816274181008339,-681.2536063218889,0.04036945104598999,,,2020yCat.1350....0G,
star,cns5-3273,61 Vir,G6.5V,4.090317512,-4.565293657,5.938511557,-23.632869,-47.197096,-31.743225,,,,,,,5.084097,2000.0,Corrected CNS5 3273; J2000 Sun-relative Galactic position. SIMBAD exact CNS5 identity. Full source space motion.,Virgo,199.596298132351,-18.31592210064546,2016.0,117.1726460991387,0.16690667,-1070.2015735200084,0.15287327766418457,-1063.8486605375717,0.12301944941282272,-8.160226821899414,0.19209681451320648,2020yCat.1350....0G,2020yCat.1350....0G
star,cns5-3210,Wolf 461,M4.5Ve,1.980415873,-2.435258173,7.947201001,,,,,,,,,,,2000.0,Corrected CNS5 3210; J2000 Sun-relative Galactic position. SIMBAD exact CNS5 identity. Transverse-only source motion; radial velocity unavailable or withheld.,Virgo,195.13547450286052,5.686566854184026,2016.0,117.03270509707764,0.072483666,-940.6304929026477,0.08118146657943726,227.74961588217565,0.07081297785043716,,,2020yCat.1350....0G,
star,cns5-5654,L 49-19,M3V,4.433416915,-4.924855198,-5.475250355,,,,3194,,0.025829948,0.5250676,-0.7307,,10.705569,2000.0,Corrected CNS5 5654; J2000 Sun-relative Galactic position. SIMBAD exact CNS5 identity. Transverse-only source motion; radial velocity unavailable or withheld.,Octans,343.92147125181526,-75.4633768500233,2016.0,116.33590825597705,0.018920239,-1026.2025065733505,0.01806764304637909,-1059.4066708560106,0.018554316833615303,,,2020yCat.1350....0G,
star,cns5-0808,CD Cet,M4.5V,-6.251964421,0.500825155,-5.884310064,,,,2963,,0.0030004985,0.20695946,-0.2385,,14.328464,2000.0,Corrected CNS5 808; J2000 Sun-relative Galactic position. SIMBAD exact CNS5 identity. Transverse-only source motion; radial velocity unavailable or withheld.,Cetus,48.353258238212746,4.775200170986658,2016.0,116.27672243381497,0.053149752,1741.8746105332423,0.04745122045278549,86.49438435103424,0.043699201196432114,,,2020yCat.1350....0G,
star,cns5-0102,Zeta Tuc,F9.5V,3.291439192,-4.164395942,-6.775480819,,,,5858,1.0127413,1.2879835,1.1018748,-0.354,6.3416305,4.555705,2000.0,Corrected CNS5 102; J2000 Sun-relative Galactic position. SIMBAD exact CNS5 identity. Transverse-only source motion; radial velocity unavailable or withheld.,Tucana,5.0356095474274705,-64.86961713712722,2016.0,116.18257854098105,0.1529667,1706.7468552126231,0.16225847601890564,1164.959442628905,0.15613949298858643,,,2020yCat.1350....0G,
star,cns5-3823,LP 502-56,M5.5V,5.497780025,1.509796208,6.456412626,,,,,,,,,,,2000.0,Corrected CNS5 3823; J2000 Sun-relative Galactic position. SIMBAD exact CNS5 identity. Transverse-only source motion; radial velocity unavailable or withheld.,Serpens,232.625560005462,9.434551385099411,2016.0,116.0984275703605,0.05465586,-178.85303504345836,0.043053511530160904,183.89801777210212,0.038033824414014816,,,2020yCat.1350....0G,
brown_dwarf,cns5-2186,LP 666-9,M9Ve,-4.900161067,-6.117105426,3.665561217,-13.272870,-9.592744,-17.230516,,,,,,,19.273275,2000.0,Corrected CNS5 2186; J2000 Sun-relative Galactic position. SIMBAD exact CNS5 identity. Full source space motion.,Hydra,133.39836837028676,-3.4931644292214545,2016.0,115.57112406441931,0.0760845,-516.6053978978886,0.08192922174930573,-199.65184645561013,0.05199269577860832,7.0,2.0,2020yCat.1350....0G,2015ApJS..220...18B
star,cns5-1464,Chi1 Ori,G0V,-8.559546936,-1.272797876,-0.413024381,15.687409,2.168231,-7.077983,5808,1.0000995,1.126165,1.0480603,-0.3132,5.869017,4.711530,2000.0,Corrected CNS5 1464; J2000 Sun-relative Galactic position. SIMBAD exact CNS5 identity. Full source space motion.,Orion,88.59482419468164,20.275852148021837,2016.0,115.43000030517578,0.27,-162.54,0.2800000011920929,-99.51,0.1599999964237213,-15.480147361755371,0.17724424600601196,2020yCat.1350....0G; 2007A&A...474..653V,2020yCat.1350....0G
star,cns5-1513,AP Col,M5,-3.844365696,-6.919346197,-3.522523233,,,,,,,,,,13.271411,2000.0,Corrected CNS5 1513; J2000 Sun-relative Galactic position. SIMBAD exact CNS5 identity. Transverse-only source motion; radial velocity unavailable or withheld.,Columba,91.21742524933883,-34.558412822381825,2016.0,115.42030365596038,0.033411995,25.7867249977242,0.03255085647106171,343.017703728897,0.034952305257320404,,,2020yCat.1350....0G,
star,cns5-2860,SIPS J1141-3624,M5,2.381291772,-7.548226816,3.582803079,,,,3081,,0.0042245765,0.22812903,-0.123,,13.410381,2000.0,Corrected CNS5 2860; J2000 Sun-relative Galactic position. SIMBAD exact CNS5 identity. Transverse-only source motion; radial velocity unavailable or withheld.,Centaurus,175.34234990922278,-36.40821490897027,2016.0,115.10021252991056,0.04147235,485.0929349419803,0.038784660398960114,311.80377961663413,0.033743493258953094,,,2020yCat.1350....0G,
star,cns5-4146,G 19-7,dM4,7.740102477,2.059443809,3.392586930,,,,3001,,0.007366729,0.31738523,-0.7583,,12.552832,2000.0,Corrected CNS5 4146; J2000 Sun-relative Galactic position. SIMBAD exact CNS5 identity. Transverse-only source motion; radial velocity unavailable or withheld.,Ophiuchus,254.27604768745735,-4.350649323558728,2016.0,114.96520750146937,0.028073352,481.6301896926741,0.027347639203071594,-376.2195891539112,0.020926613360643387,,,2020yCat.1350....0G,
star,cns5-0426,LP 991-84,M4.5V,-0.110426572,-2.396571806,-8.389005105,,,,,,,,,,14.699094,2000.0,Corrected CNS5 426; J2000 Sun-relative Galactic position. SIMBAD exact CNS5 identity. Transverse-only source motion; radial velocity unavailable or withheld.,Phoenix,24.841366809333778,-39.60350836178757,2016.0,114.60901630826618,0.0523308,143.6343223245434,0.027549859136343002,-228.78428390288963,0.03235359862446785,,,2020yCat.1350....0G,
brown_dwarf,cns5-2771,Xi UMa C,T8.5,-2.969187789,-0.815846345,8.172791122,,,,,,,,,,,2000.0,Corrected CNS5 2771; J2000 Sun-relative Galactic position. SIMBAD exact CNS5 identity. Transverse-only source motion; radial velocity unavailable or withheld.,Ursa Major,169.6612164,31.4271547,2000.0,114.5,0.4,-339.3999938964844,0.800000011920929,-607.9000244140625,0.800000011920929,,,2014yCat.2328....0C; 2018A&A...616A...1G,
star,cns5-2767,Alula Australis,F8.5:V+G2V,-2.988218818,-0.806699367,8.167845756,,,,,,,,,,4.083775,2000.0,Corrected CNS5 2767; J2000 Sun-relative Galactic position. SIMBAD exact CNS5 identity. Transverse-only source motion; radial velocity unavailable or withheld.,Ursa Major,169.54338011559,31.52641490046,2016.0,114.4867,0.4316,-339.398,0.779,-607.892,0.764,,,2020yCat.1350....0G; 2018yCat.1345....0G,
brown_dwarf,cns5-0175,LSPM J0036+1821,L3.5,-2.921297140,5.518827322,-6.108575574,-40.294913,-4.319326,-11.827157,,,,,,,,2000.0,Corrected CNS5 175; J2000 Sun-relative Galactic position. SIMBAD exact CNS5 identity. Full source space motion.,Pisces,9.07135464103575,18.35341013813914,2016.0,114.47346356966919,0.14101198,901.582121871652,0.1637452393770218,124.35371335591394,0.12230505794286728,19.02,0.15,2020yCat.1350....0G,2010ApJ...723..684B
star,cns5-1703,HD 50281,K3.5V,-6.918538231,-5.335078756,-0.330318030,0.125764,12.872713,-19.847903,4573,0.73907465,0.22206321,0.7508496,-0.0193,10.144342,6.881722,2000.0,Corrected CNS5 1703; J2000 Sun-relative Galactic position. SIMBAD exact CNS5 identity. Full source space motion.,Monoceros,103.07278431613713,-5.17372829320013,2016.0,114.38003222028466,0.047776107,-543.690347077658,0.028971027582883835,-3.5153137420418212,0.026677792891860008,-7.203855991363525,0.14990101754665375,2020yCat.1350....0G,2020yCat.1350....0G
brown_dwarf,cns5-2906,BD+36 2219,M1.5V,-2.297869513,0.124330650,8.454801497,-14.301133,4.703733,-3.605434,,,,,,,10.088889,2000.0,Corrected CNS5 2906; J2000 Sun-relative Galactic position. SIMBAD exact CNS5 identity. Full source space motion.,Ursa Major,177.77908194992455,35.273139643103185,2016.0,114.12415229670347,0.021567859,-273.1556092155578,0.014552727341651917,253.40399742858727,0.016061484813690186,0.3386801481246948,0.3680255115032196,2020yCat.1350....0G,2020yCat.1350....0G
star,cns5-4255,41 Ara,G9V,8.339116488,-2.661529709,-0.807113541,30.371453,19.791626,-34.995265,5183,0.82872355,0.45979026,0.8410874,-0.5084,11.021927,5.759888,2000.0,Corrected CNS5 4255; J2000 Sun-relative Galactic position. SIMBAD exact CNS5 identity. Full source space motion.,Ara,259.7726543146931,-46.63575837613547,2016.0,113.75134443945775,0.083050266,1029.6095441964615,0.08567116409540176,106.93496669702823,0.07381701469421387,26.03561019897461,0.19670802354812622,2020yCat.1350....0G,2020yCat.1350....0G
star,cns5-5478,BD-05 5715,M3.5V,3.469430652,5.122517730,-6.273652187,,,,3230,,0.029832555,0.5518293,-0.4062,,10.640844,2000.0,Corrected CNS5 5478; J2000 Sun-relative Galactic position. SIMBAD exact CNS5 identity. Transverse-only source motion; radial velocity unavailable or withheld.,Aquarius,332.4231515660494,-4.64083481515791,2016.0,113.4929415083742,0.033748716,1132.5832654528356,0.0385056771337986,-22.15730652565566,0.03716440498828888,,,2020yCat.1350....0G,
star,cns5-5023,HD 192310,K2+V,7.394012313,2.067859566,-4.325726222,-72.223353,-11.522245,-18.502365,4978,0.8157983,0.40144706,0.8517676,-0.1005,10.535442,5.997515,2000.0,Corrected CNS5 5023; J2000 Sun-relative Galactic position. SIMBAD exact CNS5 identity. Full source space motion.,Capricornus,303.82866493156223,-27.033780809464673,2016.0,113.48717988476642,0.059017066,1242.7627067001158,0.04600675776600838,-181.1749780311303,0.03300267830491066,-54.214805603027344,0.12437783926725388,2020yCat.1350....0G,2020yCat.1350....0G
star,cns5-5064,G 24-16,M4.5V,5.019249005,6.790056252,-2.542721855,,,,,,,,,,,2000.0,Corrected CNS5 5064; J2000 Sun-relative Galactic position. SIMBAD exact CNS5 identity. Transverse-only source motion; radial velocity unavailable or withheld.,Delphinus,307.45433766661,9.68950366085,2016.0,113.4,0.2,673.1,0.2,122.0,0.2,,,2020yCat.1350....0G; 2016AJ....152..141B,
star,cns5-4254,41 Ara B,M0VpCa-3Cr-1,8.370999805,-2.672032899,-0.809957800,29.534188,19.368672,-31.625680,,,,,,,8.961583,2000.0,Corrected CNS5 4254; J2000 Sun-relative Galactic position. SIMBAD exact CNS5 identity. Full source space motion.,Ara,259.7685324639266,-46.63635961449501,2016.0,113.31732902866028,0.48760843,952.0351652393872,0.48283255100250244,138.38030784958903,0.42960047721862793,25.057769775390625,1.0711033344268799,2020yCat.1350....0G,2020yCat.1350....0G
star,cns5-4746,Ross 730,M2.0V,5.243153281,7.038970912,0.934081902,36.093356,11.535776,14.637757,3228,,0.015209635,0.3942681,-1.1127,,11.045013,2000.0,Corrected CNS5 4746; J2000 Sun-relative Galactic position. SIMBAD exact CNS5 identity. Full source space motion.,Sagitta,286.7709107522999,20.88648751787881,2016.0,113.28612279838022,0.03320862,-478.2669365898841,0.023181043565273285,-349.0879613011435,0.025486348196864128,32.1894416809082,0.15260785818099976,2020yCat.1350....0G,2020yCat.1350....0G
star,cns5-4747,HD 349726,M2V,5.244170231,7.041251730,0.929457304,35.264018,11.373279,14.959730,3280,,0.015288982,0.3829134,-0.8779,,11.041537,2000.0,Corrected CNS5 4747; J2000 Sun-relative Galactic position. SIMBAD exact CNS5 identity. Full source space motion.,Sagitta,286.8027296402767,20.875538401484672,2016.0,113.26142117732668,0.021476261,-480.75414112917747,0.015550523065030575,-332.49823071542033,0.01601218618452549,31.593502044677734,0.35887768864631653,2020yCat.1350....0G,2020yCat.1350....0G
star,cns5-1625,L 32-8,M3V,2.264102316,-7.519387308,-4.053897270,,,,,,,,,,11.687353,2000.0,Corrected CNS5 1625; J2000 Sun-relative Galactic position. SIMBAD exact CNS5 identity. Transverse-only source motion; radial velocity unavailable or withheld.,Mensa,98.43896955100807,-75.62380392415764,2016.0,113.15415707204762,0.019680703,-328.7629315452492,0.022389570251107216,263.11682443056657,0.02066243253648281,,,2020yCat.1350....0G,
star,cns5-1624,L 32-9,M2V,2.264890150,-7.519426134,-4.054704851,,,,3244,,0.024919106,0.49990907,-0.5281,,10.752204,2000.0,Corrected CNS5 1624; J2000 Sun-relative Galactic position. SIMBAD exact CNS5 identity. Transverse-only source motion; radial velocity unavailable or withheld.,Mensa,98.42498690791187,-75.62874086458727,2016.0,113.14640648188013,0.019037578,-297.95472300752857,0.02042321301996708,280.5873291812589,0.0199155043810606,,,2020yCat.1350....0G,
star,cns5-1252,HD 32147,K3+V,-7.124939160,-3.336270867,-4.039067313,5.228466,-54.801007,-10.764905,4627,,0.30567035,0.8603695,0.0954,,6.476851,2000.0,Corrected CNS5 1252; J2000 Sun-relative Galactic position. SIMBAD exact CNS5 identity. Full source space motion.,Eridanus,75.2066176720424,-5.758598962923454,2016.0,113.07145912478761,0.025420086,549.3086851259898,0.02069917321205139,-1108.2450318392753,0.016222329810261726,21.38296127319336,0.14462913572788239,2020yCat.1350....0G,2020yCat.1350....0G
star,cns5-1970,G 111-47,M3.5V,-7.694101695,0.170511076,4.361170835,,,,,,,,,,14.178316,2000.0,Corrected CNS5 1970; J2000 Sun-relative Galactic position. SIMBAD exact CNS5 identity. Transverse-only source motion; radial velocity unavailable or withheld.,Lynx,119.5542083173886,41.30064250416778,2016.0,113.04806689569968,0.028825093,216.86622447512934,0.02450740523636341,-687.6148518360017,0.01999904215335846,,,2020yCat.1350....0G,
star,cns5-5587,FL Aqr,M3.5V,3.591309934,2.788831620,-7.588609782,,,,3060,,0.0138678225,0.41948813,-0.659,,11.756121,2000.0,Corrected CNS5 5587; J2000 Sun-relative Galactic position. SIMBAD exact CNS5 identity. Transverse-only source motion; radial velocity unavailable or withheld.,Aquarius,339.69068815030255,-20.614689446269768,2016.0,113.03795381585921,0.043258954,424.58978300903965,0.03638598695397377,-66.98263302658071,0.03201914578676224,,,2020yCat.1350....0G,
star,cns5-3050,Ross 695,dM2.0,2.600299864,-5.806705599,6.181635257,94.646346,-65.679709,-28.964276,3219,,0.010287221,0.32616702,-0.9277,,11.532173,2000.0,Corrected CNS5 3050; J2000 Sun-relative Galactic position. SIMBAD exact CNS5 identity. Full source space motion.,Corvus,186.22388950027022,-18.25255602337988,2016.0,112.71824336608132,0.026933216,1095.591559687199,0.02499483712017536,-2309.018760859054,0.02404526248574257,50.57395935058594,0.4853981137275696,2020yCat.1350....0G,2020yCat.1350....0G
brown_dwarf,cns5-0910,LEHPM 3396,M9,-0.919002552,-5.436741006,-6.952036867,-72.296657,-100.688718,-2.807589,,,,,,,,2000.0,Corrected CNS5 910; J2000 Sun-relative Galactic position. SIMBAD exact CNS5 identity. Full source space motion.,Horologium,53.56719574134565,-49.89008390582608,2016.0,112.68418606310925,0.058443263,2360.5922060078024,0.057025808840990067,483.1275044783075,0.08104918152093887,71.4,3.0,2020yCat.1350....0G,2009ApJ...705.1416R
star,cns5-1615,SCR J0630-7643A,,2.429844125,-7.486953009,-4.102646509,,,,,,,,,,,2000.0,Corrected CNS5 1615; J2000 Sun-relative Galactic position. SIMBAD exact CNS5 identity. Transverse-only source motion; radial velocity unavailable or withheld.,Mensa,97.69292692592067,-76.71700457680214,2016.0,112.65840008030332,0.11463718,-36.206827432185705,0.11078152805566788,524.2454731481287,0.15210753679275513,,,2020yCat.1350....0G,
star,cns5-1616,SCR J0630-7643B,,2.431074490,-7.490957854,-4.104782600,,,,,,,,,,,2000.0,Corrected CNS5 1616; J2000 Sun-relative Galactic position. SIMBAD exact CNS5 identity. Transverse-only source motion; radial velocity unavailable or withheld.,Mensa,97.69447071943821,-76.71691328105032,2016.0,112.59875347455532,0.15425068,-14.368533115735644,0.14262685179710388,447.1978956242919,0.2561197876930237,,,2020yCat.1350....0G,
brown_dwarf,cns5-1841,2MASSI J0727182+171001,T7.0,-7.982067860,-3.107998443,2.374717675,,,,,,,,,,,2000.0,Corrected CNS5 1841; J2000 Sun-relative Galactic position. SIMBAD exact CNS5 identity. Transverse-only source motion; radial velocity unavailable or withheld.,Gemini,111.829827,17.1642533,2000.0,112.5,0.9,1045.5,1.100000023841858,-763.7000122070312,1.0,,,2014yCat.2328....0C; 2012ApJS..201...19D,
star,cns5-1425,AK Lep,K2.5V(k),-5.552364718,-5.905776589,-3.654574632,17.743672,5.250868,-11.762858,4795,0.80014473,0.29967454,0.7933293,-0.1581,5.8563476,6.405069,2000.0,Corrected CNS5 1425; J2000 Sun-relative Galactic position. SIMBAD exact CNS5 identity. Full source space motion.,Lepus,86.10910372271664,-22.42340450564174,2016.0,112.46606502613807,0.02568461,-304.9050366049925,0.013089416548609734,-352.60573023076597,0.01940370351076126,-9.732102394104004,0.13582026958465576,2020yCat.1350....0G,2020yCat.1350....0G
star,cns5-5588,FK Aqr,M0Vep,3.611119497,2.803030922,-7.630235835,,,,3308,,0.06986771,0.8048787,-0.7801,,9.337316,2000.0,Corrected CNS5 5588; J2000 Sun-relative Galactic position. SIMBAD exact CNS5 identity. Transverse-only source motion; radial velocity unavailable or withheld.,Aquarius,339.6920274130413,-20.62148673061316,2016.0,112.42509657605142,0.06280584,449.206795800205,0.05040867626667023,-79.04593113248174,0.046235889196395874,,,2020yCat.1350....0G,
star,cns5-1427,Gamma Lep,F6V,-5.557452397,-5.917208492,-3.660738371,,,,6149,1.1713959,2.4326253,1.3741645,-0.6854,4.001788,3.851822,2000.0,Corrected CNS5 1427; J2000 Sun-relative Galactic position. SIMBAD exact CNS5 identity. Transverse-only source motion; radial velocity unavailable or withheld.,Lepus,86.11439122579156,-22.45002336420253,2016.0,112.29602820037746,0.16656762,-291.75677673534847,0.08734714984893799,-368.5208157670237,0.13357414305210114,,,2020yCat.1350....0G,
star,cns5-2053,G 113-20,M2.0V,-6.289528963,-5.611318365,2.964070849,-52.976371,-34.084625,8.311319,3286,,0.027213048,0.5089809,-1.3409,,10.335574,2000.0,Corrected CNS5 2053; J2000 Sun-relative Galactic position. SIMBAD exact CNS5 identity. Full source space motion.,Hydra,124.03158305457569,1.3028427269823109,2016.0,111.90923568444785,0.025650932,-376.19584306424736,0.02356821298599243,60.538113008471996,0.01938796602189541,61.45579528808594,0.6730268001556396,2020yCat.1350....0G,2020yCat.1350....0G
star,cns5-0938,Rana,K0+IV,-5.970362128,-1.949943018,-6.502929395,,,,,,,,,,3.758972,2000.0,Corrected CNS5 938; J2000 Sun-relative Galactic position. SIMBAD exact CNS5 identity. Transverse-only source motion; radial velocity unavailable or withheld.,Eridanus,55.811663307520355,-9.760083664068041,2016.0,110.61000061035156,0.22,-93.16,0.28999999165534973,743.64,0.2199999988079071,,,2020yCat.1350....0G; 2007A&A...474..653V,
star,cns5-2774,SZ UMa,M2V,-4.364701863,4.089201541,6.816662275,-140.078465,-10.999968,-2.875260,3551,,0.04318666,0.5490586,-0.8166,,9.512304,2000.0,Corrected CNS5 2774; J2000 Sun-relative Galactic position. SIMBAD exact CNS5 identity. Full source space motion.,Ursa Major,169.9881036824331,65.84729793562252,2016.0,110.25889940733721,0.01879557,-2946.717969616033,0.01629418134689331,181.94739529449873,0.017534349113702774,60.32740020751953,0.1711621880531311,2020yCat.1350....0G,2020yCat.1350....0G
star,cns5-2842,CD-31 9113,M2V,2.064482329,-7.767648512,4.211588202,17.003073,-28.627750,-23.379697,3581,,0.03418508,0.4804874,-0.0756,,10.024027,2000.0,Corrected CNS5 2842; J2000 Sun-relative Galactic position. SIMBAD exact CNS5 identity. Full source space motion.,Hydra,173.8619077285848,-32.543748247776854,2016.0,110.20253646099493,0.02302897,-71.06011001675881,0.020453089848160744,-850.5921836418225,0.015987632796168327,17.52597999572754,0.21093247830867767,2020yCat.1350....0G,2020yCat.1350....0G
star,cns5-0579,LP 469-206,M5.0Ve,-5.763621518,3.004138488,-6.354123713,,,,,,,,,,,2000.0,Corrected CNS5 579; J2000 Sun-relative Galactic position. SIMBAD exact CNS5 identity. Transverse-only source motion; radial velocity unavailable or withheld.,Aries,34.126686286501574,13.584959360471915,2016.0,110.01701379646927,0.081442215,504.215607702792,0.06316316872835159,-433.1428938279141,0.0510454922914505,,,2020yCat.1350....0G,
brown_dwarf,cns5-5316,WISEP J213456.73-713743.6,T9pec,5.527805780,-4.549306806,-5.602838472,,,,,,,,,,,2000.0,Corrected CNS5 5316; J2000 Sun-relative Galactic position. SIMBAD exact CNS5 identity. Transverse-only source motion; radial velocity unavailable or withheld.,Indus,323.7366449,-71.6290849,2000.0,110.0,4.0,1363.0,6.0,-223.0,5.0,,,2014yCat.2328....0C; 2019ApJS..240...19K; 2014ApJ...796...39T,
white_dwarf,cns5-0201,EGGR 246,DQ9,-0.101724520,0.832124860,-9.054620438,,,,,,,,,,14.806382,2000.0,Corrected CNS5 201; J2000 Sun-relative Galactic position. SIMBAD exact CNS5 identity. Transverse-only source motion; radial velocity unavailable or withheld.,Cetus,10.356219925370175,-22.35233354272889,2016.0,109.97052865585393,0.0217972,-463.2060421074756,0.021710608154535294,-381.7838948908595,0.01834159344434738,,,2020yCat.1350....0G,
star,cns5-5439,V374 Peg,M3.5Ve,0.996726614,8.426317926,-3.284309164,,,,,,,,,,,2000.0,Corrected CNS5 5439; J2000 Sun-relative Galactic position. SIMBAD exact CNS5 identity. Transverse-only source motion; radial velocity unavailable or withheld.,Pegasus,330.306566078579,28.30710892040449,2016.0,109.90803945758651,0.028828185,372.7973047423048,0.02773004025220871,42.797146417459096,0.025431444868445396,,,2020yCat.1350....0G,
brown_dwarf,cns5-1707,2MASS J06523073+4710348,L5.0,-8.423491294,1.613659522,3.072749533,6.854020,5.875684,-5.140094,,,,,,,,2000.0,Corrected CNS5 1707; J2000 Sun-relative Galactic position. SIMBAD exact CNS5 identity. Full source space motion.,Auriga,103.12722334041374,47.17695671420637,2016.0,109.7650559630471,0.2773543,-117.68267453988193,0.3016577363014221,132.34796307896158,0.29247909784317017,-7.03,0.07,2020yCat.1350....0G,2010ApJ...723..684B
star,cns5-3247,Beta Com,F9.5V,0.530207356,0.503200591,9.099681006,-49.970280,11.491749,7.890330,5899,1.0293616,1.4362096,1.1473675,-0.2884,6.3486595,4.447885,2000.0,Corrected CNS5 3247; J2000 Sun-relative Galactic position. SIMBAD exact CNS5 identity. Full source space motion.,Coma Berenices,197.9642816133702,27.882105372524595,2016.0,109.54000091552734,0.17,-801.44,0.14000000059604645,882.04,0.10000000149011612,5.6009521484375,0.18892623484134674,2020yCat.1350....0G; 2007A&A...474..653V,2020yCat.1350....0G
white_dwarf,cns5-1901,LAWD 25,DZQA6,-5.373847239,-7.385676065,0.396676073,,,,,,,,,,13.255695,2000.0,Corrected CNS5 1901; J2000 Sun-relative Galactic position. SIMBAD exact CNS5 identity. Transverse-only source motion; radial velocity unavailable or withheld.,Puppis,115.09192337695882,-17.41606611553706,2016.0,109.38026164932965,0.023053028,1138.6898923486433,0.018136192113161087,-542.5559019694444,0.0159111637622118,,,2020yCat.1350....0G,
star,cns5-1900,LP 783-2,M6.5Ve,-5.377659135,-7.389950197,0.396210680,57.248436,2.481860,30.538640,,,,,,,16.889348,2000.0,Corrected CNS5 1900; J2000 Sun-relative Galactic position. SIMBAD exact CNS5 identity. Full source space motion.,Puppis,115.0860829678518,-17.415137719851018,2016.0,109.31914146043229,0.043153074,1152.243039954044,0.038188595324754715,-536.4117210908856,0.035935282707214355,-34.33,,2020yCat.1350....0G,2018A&A...612A..49R
brown_dwarf,cns5-1799,WISE J071322.55-291751.9,Y0,-4.310901258,-7.953962506,-1.362793376,,,,,,,,,,,2000.0,Corrected CNS5 1799; J2000 Sun-relative Galactic position. SIMBAD exact CNS5 identity. Transverse-only source motion; radial velocity unavailable or withheld.,Canis Major,108.3439963,-29.2977789,2000.0,109.3,2.1,354.1,0.9,-410.3,0.9,,,2014yCat.2328....0C; 2021ApJS..253....7K,
brown_dwarf,cns5-0983,2MASS J03552337+1133437,L5gamma,-7.853190119,0.249099355,-4.713480361,-5.406415,-26.761267,-15.574873,,,,,,,,2000.0,Corrected CNS5 983; J2000 Sun-relative Galactic position. SIMBAD exact CNS5 identity. Full source space motion.,Taurus,58.84840242722281,11.559360051407344,2016.0,109.13810688571644,0.4746415,223.18183591705736,0.5935568809509277,-631.3034748563429,0.36552396416664124,11.92,0.22,2020yCat.1350....0G,2010ApJ...723..684B
star,cns5-2914,HD 103095,K1V_Fe-1.5,-2.510687929,0.509390310,8.805472263,280.089077,-158.553994,-12.881320,5043,,0.2274778,0.624757,-1.5673,,6.638018,2000.0,Corrected CNS5 2914; J2000 Sun-relative Galactic position. SIMBAD exact CNS5 identity. Full source space motion.,Ursa Major,178.26735320817272,37.69282694689086,2016.0,109.06352397049996,0.022481183,4002.654640989075,0.015417755581438541,-5817.8001940492695,0.015943847596645355,-97.6893081665039,0.2456350475549698,2020yCat.1350....0G,2020yCat.1350....0G
star,cns5-3390,Ross 1015,M4V,0.847179444,1.828336190,8.968399515,,,,,,,,,,14.078952,2000.0,Corrected CNS5 3390; J2000 Sun-relative Galactic position. SIMBAD exact CNS5 identity. Transverse-only source motion; radial velocity unavailable or withheld.,Canes Venatici,205.6796933622798,33.286923865549426,2016.0,108.79034810659502,0.049066395,-111.80465541822399,0.03275665268301964,-712.4083405131503,0.02822800539433956,,,2020yCat.1350....0G,
brown_dwarf,cns5-4416,2MASS J17502484-0016151,L5.5,8.078910830,3.870190345,2.136841781,12.850100,5.549551,23.249288,,,,,,,,2000.0,Corrected CNS5 4416; J2000 Sun-relative Galactic position. SIMBAD exact CNS5 identity. Full source space motion.,Ophiuchus,267.6016120498805,-0.26995464832350585,2016.0,108.58090208988929,0.19848228,-397.49722278312714,0.21229448914527893,197.41899993926438,0.1519620418548584,19.0,3.0,2020yCat.1350....0G,2015ApJS..220...18B
brown_dwarf,cns5-0516,LP 469-67,M5.5V,-5.264598085,3.046660314,-6.944285502,,,,,,,,,,,2000.0,Corrected CNS5 516; J2000 Sun-relative Galactic position. SIMBAD exact CNS5 identity. Transverse-only source motion; radial velocity unavailable or withheld.,Pisces,30.56463581614585,10.335957901329609,2016.0,108.32435076414085,0.06821104,-673.6390077894835,0.07145263254642487,-280.5850526143878,0.05309947207570076,,,2020yCat.1350....0G,
star,cns5-1269,LP 776-46,M3V,-6.247030220,-4.794467732,-4.820746474,,,,,,,,,,11.908240,2000.0,Corrected CNS5 1269; J2000 Sun-relative Galactic position. SIMBAD exact CNS5 identity. Transverse-only source motion; radial velocity unavailable or withheld.,Lepus,75.83262223513711,-17.375510085672932,2016.0,108.30486301335064,0.044367906,-228.28715486600788,0.025345060974359512,-444.68508728538166,0.027088789269328117,,,2020yCat.1350....0G,
brown_dwarf,cns5-1242,WISE J045853.89+643452.5,T8.5,-7.431796197,5.044854879,2.139485842,,,,,,,,,,,2000.0,Corrected CNS5 1242; J2000 Sun-relative Galactic position. SIMBAD exact CNS5 identity. Transverse-only source motion; radial velocity unavailable or withheld.,Camelopardalis,74.7246418,64.5812786,2000.0,108.30000305175781,1.7,196.0,14.0,299.0,9.0,,,2014yCat.2328....0C; 2019ApJ...882..117L,
star,cns5-5277,Gamma Pav,F9VFe-1.4CH-0.7,5.999345943,-3.726048242,-5.987581809,-13.019923,43.989884,5.720363,6093,1.1236573,1.5076029,1.1020286,-0.8116,1.859697,4.387209,2000.0,Corrected CNS5 5277; J2000 Sun-relative Galactic position. SIMBAD exact CNS5 identity. Full source space motion.,Pavo,321.61171581249374,-65.3626399731515,2016.0,108.01020563892783,0.12165367,80.81524728416929,0.07990093529224396,800.5726893856181,0.09307411313056946,-29.836265563964844,0.19164662063121796,2020yCat.1350....0G,2020yCat.1350....0G
brown_dwarf,cns5-5768,WISEP J232519.54-410534.9,T9pec,3.484670229,-0.669670681,-8.552338663,,,,,,,,,,,2000.0,Corrected CNS5 5768; J2000 Sun-relative Galactic position. SIMBAD exact CNS5 identity. Transverse-only source motion; radial velocity unavailable or withheld.,Grus,351.3314751,-41.0930855,2000.0,108.0,4.0,837.0,7.0,-17.5,0.8999999761581421,,,2014yCat.2328....0C; 2019ApJS..240...19K; 2014ApJ...796...39T,
star,cns5-1933,G 112-50,M4.5V,-6.911929734,-5.791152053,2.151616728,,,,3075,,0.0046229255,0.23957428,-0.053,,13.424491,2000.0,Corrected CNS5 1933; J2000 Sun-relative Galactic position. SIMBAD exact CNS5 identity. Transverse-only source motion; radial velocity unavailable or withheld.,Canis Minor,117.97896837066911,-0.006769120798188667,2016.0,107.869361961555,0.04901175,263.5429128982624,0.0455285906791687,-756.86338177668,0.033064618706703186,,,2020yCat.1350....0G,
star,cns5-0840,Kappa1 Cet,G5V,-6.772750299,0.210088292,-6.334701511,-22.039476,-4.347601,-4.738774,,,,,,,5.013215,2000.0,Corrected CNS5 840; J2000 Sun-relative Galactic position. SIMBAD exact CNS5 identity. Full source space motion.,Cetus,49.841600693178854,3.3706161908023495,2016.0,107.8023393880993,0.2106223,269.2979397635821,0.1528751105070114,93.95652212078687,0.11138936132192612,19.229978561401367,0.24172504246234894,2020yCat.1350....0G,2020yCat.1350....0G
brown_dwarf,cns5-3522,2MASS J14162408+1348263,L5,3.751650149,0.214676653,8.487120239,,,,,,,,,,,2000.0,Corrected CNS5 3522; J2000 Sun-relative Galactic position. SIMBAD exact CNS5 identity. Transverse-only source motion; radial velocity unavailable or withheld.,Bootes,214.1007048706065,13.807844590980304,2016.0,107.7374959463015,0.21754993,86.67016578604844,0.29093363881111145,127.95282419763794,0.19773203134536743,,,2020yCat.1350....0G,
brown_dwarf,cns5-3521,ULAS J141623.94+134836.3,T7.5p,3.757527638,0.215327011,8.501257026,,,,,,,,,,,2000.0,Corrected CNS5 3521; J2000 Sun-relative Galactic position. SIMBAD exact CNS5 identity. Transverse-only source motion; radial velocity unavailable or withheld.,Bootes,214.0998745,13.8100218,2000.0,107.55999755859375,0.3,85.69999694824219,0.699999988079071,129.10000610351562,0.5,,,2014yCat.2328....0C; 2018A&A...616A...1G,
star,cns5-2880,HD 102365B,M4V,2.949552265,-8.191224085,3.292371131,,,,3003,,0.004077357,0.23589635,-0.6851,,15.585758,2000.0,Corrected CNS5 2880; J2000 Sun-relative Galactic position. SIMBAD exact CNS5 identity. Transverse-only source motion; radial velocity unavailable or withheld.,Centaurus,176.62723833501605,-40.49486212870635,2016.0,107.43641778798153,0.041260738,-1534.6787496508061,0.025847597047686577,381.3963616814742,0.02934887632727623,,,2020yCat.1350....0G,
star,cns5-0051,GAT 1367,M6.0V,-4.337414070,8.217784143,-0.540844792,64.283618,-20.173461,-41.972703,,,,,,,15.835733,2000.0,Corrected CNS5 51; J2000 Sun-relative Galactic position. SIMBAD exact CNS5 identity. Full source space motion.,Cassiopeia,2.874734923550554,59.13922658078038,2016.0,107.44378063261132,0.032064166,-905.7217674154335,0.02496461197733879,-1166.8263106109798,0.026552770286798477,-45.32,5.37,2020yCat.1350....0G,2015ApJS..220...16T
brown_dwarf,cns5-3020,WISE J121756.90+162640.8,T9+Y0,-0.176526731,-2.119235404,9.064885982,,,,,,,,,,,2000.0,Corrected CNS5 3020; J2000 Sun-relative Galactic position. SIMBAD exact CNS5 identity. Transverse-only source motion; radial velocity unavailable or withheld.,Coma Berenices,184.4871727,16.4445374,2000.0,107.4,3.5,754.9,1.2,-1249.8,1.8,,,2014yCat.2328....0C; 2021ApJS..253....7K,
star,cns5-0527,BD-18 359,M2.5V,-3.078371792,-0.406154501,-8.784102257,,,,,,,,,,10.342678,2000.0,Corrected CNS5 527; J2000 Sun-relative Galactic position. SIMBAD exact CNS5 identity. Transverse-only source motion; radial velocity unavailable or withheld.,Cetus,31.2762752397911,-17.615403066083893,2016.0,107.33359447500686,0.2597122,1275.218139180148,0.3042396008968353,-169.70135038413508,0.18918722867965698,,,2020yCat.1350....0G,
star,cns5-2879,HD 102365,G2V,2.952644244,-8.201697312,3.295619722,-60.356879,-38.827375,5.207272,5539,0.889921,0.871211,1.0135885,-0.6391,12.461332,5.033112,2000.0,Corrected CNS5 2879; J2000 Sun-relative Galactic position. SIMBAD exact CNS5 identity. Full source space motion.,Centaurus,176.62052057636615,-40.498565145629904,2016.0,107.30243385622761,0.100071415,-1530.9705104799332,0.06000649183988571,403.2865748639044,0.07325504720211029,16.898405075073242,0.14822089672088623,2020yCat.1350....0G,2020yCat.1350....0G
brown_dwarf,cns5-4542,2MASS J18212815+1414010,L5,6.717139816,6.145137718,2.098354974,12.616465,3.899722,-11.381735,,,,,,,,2000.0,Corrected CNS5 4542; J2000 Sun-relative Galactic position. SIMBAD exact CNS5 identity. Full source space motion.,Hercules,275.3683665207943,14.23247324605056,2016.0,107.03389973358114,0.1854661,227.57135828617876,0.18187065422534943,-247.228687615943,0.19826120138168335,9.08,0.17,2020yCat.1350....0G,2016ApJS..225...10F
star,cns5-3454,Ross 837,M3.5Ve,3.384678443,-0.398946535,8.713741832,,,,,,,,,,,2000.0,Corrected CNS5 3454; J2000 Sun-relative Galactic position. SIMBAD exact CNS5 identity. Transverse-only source motion; radial velocity unavailable or withheld.,Bootes,209.55650642406135,12.582063477437002,2016.0,106.87732146420247,0.046173695,-329.60298220067625,0.04186878725886345,720.3421820549452,0.027624499052762985,,,2020yCat.1350....0G,
brown_dwarf,cns5-0932,2MASS J03400942-6724051,L7::,1.493568197,-6.749411198,-6.314010824,,,,,,,,,,,2000.0,Corrected CNS5 932; J2000 Sun-relative Galactic position. SIMBAD exact CNS5 identity. Transverse-only source motion; radial velocity unavailable or withheld.,Hydrus,55.03513536747006,-67.39901254142404,2016.0,106.81174532863787,0.42540297,-331.0383553371497,0.6543750166893005,499.6450193355619,0.7242560982704163,,,2020yCat.1350....0G,
star,cns5-0529,CD-30 731,M2.5+V,-1.793476265,-1.985718252,-8.987962120,,,,3121,,0.00627934,0.27108708,-0.9221,,12.306496,2000.0,Corrected CNS5 529; J2000 Sun-relative Galactic position. SIMBAD exact CNS5 identity. Transverse-only source motion; radial velocity unavailable or withheld.,Fornax,31.449610334078532,-30.17617825921,2016.0,106.63484030025317,0.030568622,-525.1906277432233,0.029572725296020508,103.98124200102025,0.02667519450187683,,,2020yCat.1350....0G,
white_dwarf,cns5-1153,EGGR 41,DQ8,-7.078545756,-3.334306109,-5.209499249,,,,,,,,,,14.234333,2000.0,Corrected CNS5 1153; J2000 Sun-relative Galactic position. SIMBAD exact CNS5 identity. Transverse-only source motion; radial velocity unavailable or withheld.,Eridanus,69.44860243520402,-8.826516218606763,2016.0,106.38160270217354,0.017498203,238.38098733631008,0.016594724729657173,-1552.4079864575115,0.015985220670700073,,,2020yCat.1350....0G,
star,cns5-2413,CD-45 5378,M1V,0.366734567,-9.362750204,0.928984818,3.225416,-49.912409,-28.395007,3282,,0.029696466,0.5328543,-1.3164,,10.109698,2000.0,Corrected CNS5 2413; J2000 Sun-relative Galactic position. SIMBAD exact CNS5 identity. Full source space motion.,Vela,146.12137189336056,-45.77909735114582,2016.0,106.19501618631169,0.01586408,-462.6209234113973,0.014188146218657494,-582.6676603018338,0.015172922052443027,46.95687484741211,0.3675190508365631,2020yCat.1350....0G,2020yCat.1350....0G
star,cns5-2374,L 678-39,M2.5V,-2.426164686,-8.397205749,3.546192110,,,,3204,,0.017198415,0.42553985,-0.8728,,11.032832,2000.0,Corrected CNS5 2374; J2000 Sun-relative Galactic position. SIMBAD exact CNS5 identity. Transverse-only source motion; radial velocity unavailable or withheld.,Hydra,144.00748512333524,-21.665200855258018,2016.0,106.01478813660522,0.025418488,138.7217909625574,0.022582344710826874,-990.3417190688432,0.020470304414629936,,,2020yCat.1350....0G,
star,cns5-1527,G 222-11,M2.5V,-5.663202877,6.392319576,4.065859582,,,,3250,,0.025153106,0.50124234,-0.713,,,2000.0,Corrected CNS5 1527; J2000 Sun-relative Galactic position. SIMBAD exact CNS5 identity. Transverse-only source motion; radial velocity unavailable or withheld.,Camelopardalis,92.58432174711153,82.10081629100655,2016.0,105.72406061955525,0.015915873,50.26318128303255,0.016810234636068344,-1336.2461565890833,0.015856493264436722,,,2020yCat.1350....0G,
brown_dwarf,cns5-2937,1RXS J115928.5-524717,M9Ve,3.947424900,-8.460866744,1.525867856,,,,,,,,,,,2000.0,Corrected CNS5 2937; J2000 Sun-relative Galactic position. SIMBAD exact CNS5 identity. Transverse-only source motion; radial velocity unavailable or withheld.,Centaurus,179.85615309644894,-52.78916142373409,2016.0,105.70523312526174,0.09636342,-1068.4435683430893,0.08912821114063263,-129.30454458944786,0.0869012400507927,,,2020yCat.1350....0G,
star,cns5-4478,PM J18057-1422,M5.5V,9.135851697,2.436478694,0.544719033,,,,2884,,0.0013311529,0.14616407,-0.431,,,2000.0,Corrected CNS5 4478; J2000 Sun-relative Galactic position. SIMBAD exact CNS5 identity. Transverse-only source motion; radial velocity unavailable or withheld.,Serpens,271.43447434344563,-14.378357625594514,2016.0,105.58718281133471,0.04404674,-344.8700294006337,0.03610978275537491,24.87038991976127,0.027819793671369553,,,2020yCat.1350....0G,
star,cns5-1177,HD 285968,M2.5V,-9.045719139,-0.002425644,-2.839354454,-22.248504,-57.750230,-14.803793,,,,,,,10.066758,2000.0,Corrected CNS5 1177; J2000 Sun-relative Galactic position. SIMBAD exact CNS5 identity. Full source space motion.,Taurus,70.73548173808452,18.953202926391814,2016.0,105.47083317290937,0.023694817,656.6469583029074,0.02707301639020443,-1116.5935413672632,0.01627884805202484,25.681438446044922,0.288411021232605,2020yCat.1350....0G,2020yCat.1350....0G
star,cns5-3111,CD-51 6859,M3V(e),4.773732729,-8.005874885,1.780498255,,,,3164,,0.024904924,0.5254821,-0.7917,,10.776758,2000.0,Corrected CNS5 3111; J2000 Sun-relative Galactic position. SIMBAD exact CNS5 identity. Transverse-only source motion; radial velocity unavailable or withheld.,Centaurus,189.46009727129754,-52.00134627910898,2016.0,105.37839032663277,0.023946878,-1034.7101149952066,0.01854225993156433,29.79226493193891,0.016692129895091057,,,2020yCat.1350....0G,
star,cns5-2146,G 234-45,dM5.5,-6.993895070,2.934668902,5.707610818,,,,,,,,,,,2000.0,Corrected CNS5 2146; J2000 Sun-relative Galactic position. SIMBAD exact CNS5 identity. Transverse-only source motion; radial velocity unavailable or withheld.,Ursa Major,130.331590389547,59.49165865053633,2016.0,105.34859882288906,0.03923173,-260.27618577042017,0.02277689054608345,-1279.5622335452344,0.02585270255804062,,,2020yCat.1350....0G,
star,cns5-2308,L 35-12,M4.5V,3.441680817,-8.286135635,-3.182513787,,,,,,,,,,13.206777,2000.0,Corrected CNS5 2308; J2000 Sun-relative Galactic position. SIMBAD exact CNS5 identity. Transverse-only source motion; radial velocity unavailable or withheld.,Chamaeleon,139.28558758927346,-77.82674697465572,2016.0,105.04016074370334,0.030513333,636.19229909663,0.03746810555458069,-806.5292819354914,0.03582385927438736,,,2020yCat.1350....0G,
star,cns5-1507,G 192-15,M5.0V,-8.882596551,2.675992508,2.162453951,,,,,,,,,,,2000.0,Corrected CNS5 1507; J2000 Sun-relative Galactic position. SIMBAD exact CNS5 identity. Transverse-only source motion; radial velocity unavailable or withheld.,Auriga,90.62210758518228,49.86182103675996,2016.0,104.97991202128489,0.0451224,67.38199584113659,0.03504718840122223,-849.9876420561495,0.027062857523560524,,,2020yCat.1350....0G,
star,cns5-4389,BD+43 2796,M2V,2.894515452,7.722053686,4.773544480,,,,3275,,0.02613702,0.50246006,-0.5853,,10.594844,2000.0,Corrected CNS5 4389; J2000 Sun-relative Galactic position. SIMBAD exact CNS5 identity. Transverse-only source motion; radial velocity unavailable or withheld.,Hercules,265.9832423101327,43.37593023818892,2016.0,104.94672539728154,0.019882808,10.337355188418133,0.020700372755527496,-603.1982960565199,0.022626968100667,,,2020yCat.1350....0G,
star,cns5-5097,G 144-25,M4.5V,4.574164449,7.949462263,-2.584672708,,,,,,,,,,13.514816,2000.0,Corrected CNS5 5097; J2000 Sun-relative Galactic position. SIMBAD exact CNS5 identity. Transverse-only source motion; radial velocity unavailable or withheld.,Delphinus,310.14718809392286,15.502590198203675,2016.0,104.9453378027004,0.035780445,1320.6786892213263,0.025364674627780914,662.146668730158,0.024491120129823685,,,2020yCat.1350....0G,
star,cns5-2440,G 42-24,M4.0Ve,-5.303995668,-3.278576862,7.225552887,,,,3006,,0.0023956355,0.18044648,-0.6353,,,2000.0,Corrected CNS5 2440; J2000 Sun-relative Galactic position. SIMBAD exact CNS5 identity. Transverse-only source motion; radial velocity unavailable or withheld.,Leo,148.4782397121578,20.948079178895128,2016.0,104.77665486353754,0.04588321,-345.9726427859206,0.04158443957567215,393.24896834576657,0.05074720457196236,,,2020yCat.1350....0G,
white_dwarf,cns5-2836,20 Crt B,DC,2.165251414,-8.205582908,4.382429705,,,,,,,,,,15.099708,2000.0,Corrected CNS5 2836; J2000 Sun-relative Galactic position. SIMBAD exact CNS5 identity. Transverse-only source motion; radial velocity unavailable or withheld.,Hydra,173.62327851191714,-32.83031725241797,2016.0,104.6987876917865,0.028601842,-701.8023325342459,0.03208077326416969,828.9282876991438,0.019820749759674072,,,2020yCat.1350....0G,
star,cns5-2835,20 Crt,K0V,2.166405616,-8.212673786,4.386379117,-47.537003,19.592746,12.264051,5225,0.86744416,0.3624485,0.76061887,-0.1879,,6.077853,2000.0,Corrected CNS5 2835; J2000 Sun-relative Galactic position. SIMBAD exact CNS5 identity. Full source space motion.,Hydra,173.61931513361625,-32.82768460705796,2016.0,104.6132883058554,0.0316215,-670.2301626896037,0.035807687789201736,822.3992428347119,0.026112902909517288,-21.97430992126465,0.15340964496135712,2020yCat.1350....0G,2020yCat.1350....0G
star,cns5-5050,Wolf 1069,dM5.0,-0.611751484,9.354770943,1.942007534,,,,2983,,0.0029183435,0.20229661,-0.1176,,,2000.0,Corrected CNS5 5050; J2000 Sun-relative Galactic position. SIMBAD exact CNS5 identity. Transverse-only source motion; radial velocity unavailable or withheld.,Cygnus,306.5243172601894,58.57537971545967,2016.0,104.45188926071299,0.03350202,261.0376475327252,0.032296694815158844,542.905592839083,0.03131665661931038,,,2020yCat.1350....0G,
star,cns5-2859,61 UMa,G8V,-2.742642950,-0.170126684,9.173603647,7.861582,-15.967230,-3.792336,5394,0.87211156,0.6305987,0.9092278,-0.3464,10.401634,5.434005,2000.0,Corrected CNS5 2859; J2000 Sun-relative Galactic position. SIMBAD exact CNS5 identity. Full source space motion.,Ursa Major,175.26250050618376,34.19993957543697,2016.0,104.42517041496379,0.115097046,-12.521605057437956,0.08807291835546494,-381.1958714817105,0.1416006088256836,-5.600220203399658,0.40597304701805115,2020yCat.1350....0G,2020yCat.1350....0G
star,cns5-5150,PM J20502-3424,M5e,7.427469575,1.189528632,-5.968485698,,,,3036,,0.0035795378,0.21621321,-0.1218,,13.968113,2000.0,Corrected CNS5 5150; J2000 Sun-relative Galactic position. SIMBAD exact CNS5 identity. Transverse-only source motion; radial velocity unavailable or withheld.,Microscopium,312.5691416793731,-34.413153176093374,2016.0,104.14118601558292,0.04268428,335.76897981213995,0.03635689988732338,-297.0361907341508,0.03225777670741081,,,2020yCat.1350....0G,
brown_dwarf,cns5-2863,WISE J114156.71-332635.8,Y0,2.451306101,-8.191380534,4.398636680,,,,,,,,,,,2000.0,Corrected CNS5 2863; J2000 Sun-relative Galactic position. SIMBAD exact CNS5 identity. Transverse-only source motion; radial velocity unavailable or withheld.,Hydra,175.4861447,-33.4432073,2000.0,104.0,2.9,-910.9,1.9,-76.4,1.8,,,2014yCat.2328....0C; 2021ApJS..253....7K,
star,cns5-0970,Wolf 227,M5V,-8.491063872,1.027664844,-4.492345792,,,,,,,,,,,2000.0,Corrected CNS5 970; J2000 Sun-relative Galactic position. SIMBAD exact CNS5 identity. Transverse-only source motion; radial velocity unavailable or withheld.,Taurus,58.17597943609416,17.014956629753385,2016.0,103.50867105424956,0.11086062,433.182994699696,0.10662886500358582,-645.3686186694839,0.06898687034845352,,,2020yCat.1350....0G,
brown_dwarf,cns5-3484,2MASS J14053729+8350248,L8,-4.129432975,6.982190741,5.257639279,,,,,,,,,,,2000.0,Corrected CNS5 3484; J2000 Sun-relative Galactic position. SIMBAD exact CNS5 identity. Transverse-only source motion; radial velocity unavailable or withheld.,Camelopardalis,211.37927527966667,83.8427056014529,2016.0,103.44742930702999,0.47270384,-623.6683839873601,0.5809773206710815,561.3087954002305,0.5897130370140076,,,2020yCat.1350....0G,
star,cns5-4336,CD-48 11837,M1.5V,9.101721831,-2.943800251,-1.457678258,,,,3235,,0.029565195,0.54734063,-1.0658,,10.198438,2000.0,Corrected CNS5 4336; J2000 Sun-relative Galactic position. SIMBAD exact CNS5 identity. Transverse-only source motion; radial velocity unavailable or withheld.,Ara,263.80723698261943,-48.67877743078911,2016.0,103.34454519562024,0.024245055,74.0691562363136,0.024321679025888443,470.16581543001007,0.014680631458759308,,,2020yCat.1350....0G,
star,cns5-4335,CD-48 11837B,M3V,9.112658770,-2.947256852,-1.459280744,,,,3005,,0.004861676,0.25720057,-0.6918,,,2000.0,Corrected CNS5 4335; J2000 Sun-relative Galactic position. SIMBAD exact CNS5 identity. Transverse-only source motion; radial velocity unavailable or withheld.,Ara,263.8059466621306,-48.67780401885913,2016.0,103.22101305625208,0.053529542,-8.65834977880175,0.05029892921447754,501.7491179210584,0.03174641355872154,,,2020yCat.1350....0G,
brown_dwarf,cns5-0277,CFBDS J005910-011401,T9.0,-2.573990831,3.371672739,-8.712117847,,,,,,,,,,,2000.0,Corrected CNS5 277; J2000 Sun-relative Galactic position. SIMBAD exact CNS5 identity. Transverse-only source motion; radial velocity unavailable or withheld.,Cetus,14.7962512,-1.233639,2000.0,103.19999694824219,2.1,884.7000122070312,1.100000023841858,44.0,1.2999999523162842,,,2014yCat.2328....0C; 2012ApJS..201...19D,
star,cns5-3867,L 768-119,dM4.5,8.426467927,-1.617916601,4.506483259,,,,,,,,,,11.922973,2000.0,Corrected CNS5 3867; J2000 Sun-relative Galactic position. SIMBAD exact CNS5 identity. Transverse-only source motion; radial velocity unavailable or withheld.,Libra,235.51777703710027,-19.476366652438784,2016.0,103.17978190067224,0.35213315,-2009.7472541822233,0.3790070712566376,-1037.933000103394,0.2902776002883911,,,2020yCat.1350....0G,
star,cns5-5128,HD 197481,M1VeBa1,7.586580296,1.703396095,-5.817314474,-11.424035,-16.371073,-9.157252,,,,,,,8.690733,2000.0,Corrected CNS5 5128; J2000 Sun-relative Galactic position. SIMBAD exact CNS5 identity. Full source space motion.,Microscopium,311.2911826481039,-31.3425000799281,2016.0,102.97962131880735,0.026214577,281.31903452626165,0.02195294201374054,-360.14771869635376,0.01921422779560089,-6.310310363769531,0.2868232727050781,2020yCat.1350....0G,2020yCat.1350....0G
white_dwarf,cns5-0440,L 88-59,DA8.1,2.728799926,-5.751202640,-7.337664503,,,,,,,,,,13.962984,2000.0,Corrected CNS5 440; J2000 Sun-relative Galactic position. SIMBAD exact CNS5 identity. Transverse-only source motion; radial velocity unavailable or withheld.,Hydrus,25.75030396963025,-67.31295815760012,2016.0,102.94300243632819,0.012564043,-329.264342191648,0.013088989071547985,-1018.5090541981501,0.01275552436709404,,,2020yCat.1350....0G,
brown_dwarf,cns5-5577,2MASS J22361685+5105487,T5,-2.070078484,9.444760713,-1.066761947,,,,,,,,,,,2000.0,Corrected CNS5 5577; J2000 Sun-relative Galactic position. SIMBAD exact CNS5 identity. Transverse-only source motion; radial velocity unavailable or withheld.,Lacerta,339.0733476,51.0977486,2000.0,102.80000305175781,1.9,708.5999755859375,2.0999999046325684,326.70001220703125,2.5,,,2014yCat.2328....0C; 2020AJ....159..257B,
brown_dwarf,cns5-5068,2MASS J20304235+0749358,T1.5,5.698151047,7.293044500,-2.995937597,,,,,,,,,,,2000.0,Corrected CNS5 5068; J2000 Sun-relative Galactic position. SIMBAD exact CNS5 identity. Transverse-only source motion; radial velocity unavailable or withheld.,Delphinus,307.6793554237034,7.826109074596544,2016.0,102.7965519033275,0.7765913,664.0465349788406,0.9366552233695984,-111.65947422054677,0.9085668325424194,,,2020yCat.1350....0G,
brown_dwarf,cns5-0744,2MASS J02572581-3105523,L8.5,-2.985293234,-3.404183515,-8.620441457,,,,,,,,,,,2000.0,Corrected CNS5 744; J2000 Sun-relative Galactic position. SIMBAD exact CNS5 identity. Transverse-only source motion; radial velocity unavailable or withheld.,Fornax,44.36088479989624,-31.096292745521065,2016.0,102.6992596547482,0.46387833,623.3875119392331,0.2708356976509094,346.37721600522434,0.44932466745376587,,,2020yCat.1350....0G,
brown_dwarf,cns5-1165,LP 655-48,M7.5Ve,-7.691220324,-3.121766705,-5.095047606,-30.727461,-14.849207,-1.672630,,,,,,,17.847294,2000.0,Corrected CNS5 1165; J2000 Sun-relative Galactic position. SIMBAD exact CNS5 identity. Full source space motion.,Eridanus,70.09847133151465,-5.501688546295259,2016.0,102.66846428500644,0.06512001,334.52908551632225,0.06435717642307281,127.91372740359907,0.05575578659772873,29.9,0.2,2020yCat.1350....0G,2012ApJ...758...56S
brown_dwarf,cns5-2736,WISE J111239.24-385700.7,T9,2.013490279,-8.934304983,3.334673025,,,,,,,,,,,2000.0,Corrected CNS5 2736; J2000 Sun-relative Galactic position. SIMBAD exact CNS5 identity. Transverse-only source motion; radial velocity unavailable or withheld.,Centaurus,168.164941,-38.94906,2016.82,102.6,3.7,671.5,1.6,674.0,1.5,,,2021ApJS..253....7K,
star,cns5-2865,Ross 905,M3V,-2.239069553,-1.321118363,9.418411234,,,,3228,,0.022784673,0.4825565,-1.2188,,10.663387,2000.0,Corrected CNS5 2865; J2000 Sun-relative Galactic position. SIMBAD exact CNS5 identity. Transverse-only source motion; radial velocity unavailable or withheld.,Leo,175.55067547083934,26.70295395358736,2016.0,102.34752246837205,0.033887964,895.08752383054,0.025999313220381737,-813.5498399187834,0.02458619326353073,,,2020yCat.1350....0G,
star,cns5-0304,G 268-110,dM5.0,-1.285345466,0.981440151,-9.640623792,,,,,,,,,,14.519344,2000.0,Corrected CNS5 304; J2000 Sun-relative Galactic position. SIMBAD exact CNS5 identity. Transverse-only source motion; radial velocity unavailable or withheld.,Cetus,16.23022246917644,-18.122448954793846,2016.0,102.29839831751727,0.046590466,1292.1878660323266,0.04379882290959358,488.1039078364903,0.04927290230989456,,,2020yCat.1350....0G,
star,cns5-5104,AT Mic B,M4.5Ve,7.746217110,1.525275874,-5.808501782,,,,3112,,0.033400208,0.63309425,-0.0626,,11.383541,2000.0,Corrected CNS5 5104; J2000 Sun-relative Galactic position. SIMBAD exact CNS5 identity. Transverse-only source motion; radial velocity unavailable or withheld.,Microscopium,310.4647312153549,-32.437514921328194,2016.0,102.02539329683408,0.08642828,296.9075913988356,0.07762125879526138,-301.4290811285728,0.058760445564985275,,,2020yCat.1350....0G,
brown_dwarf,cns5-3763,2MASSW J1515008+484742,L6.5,0.906564469,5.567845581,8.022537336,,,,,,,,,,,2000.0,Corrected CNS5 3763; J2000 Sun-relative Galactic position. SIMBAD exact CNS5 identity. Transverse-only source motion; radial velocity unavailable or withheld.,Bootes,228.7472256453729,48.8013123316322,2016.0,101.96447580239942,0.25361383,-938.0438885103149,0.23640866577625275,1464.629577793265,0.28312259912490845,,,2020yCat.1350....0G,
star,cns5-4104,HD 151288,K7.5Ve,4.304967780,6.215790677,6.304135341,-29.828884,-12.670990,-16.735519,3881,,0.11536115,0.7515598,-0.5066,,8.144068,2000.0,Corrected CNS5 4104; J2000 Sun-relative Galactic position. SIMBAD exact CNS5 identity. Full source space motion.,Hercules,251.27624770078947,33.510924834032046,2016.0,101.5866324981588,0.017080342,-39.938511514443874,0.015108820050954819,382.224115495703,0.01646505855023861,-31.76144790649414,0.14070972800254822,2020yCat.1350....0G,2020yCat.1350....0G
brown_dwarf,cns5-5337,CFBDS J213926+022023,L8.5+T3.5,4.312132210,6.798370855,-5.679246815,-30.256828,-13.643291,1.115123,,,,,,,,2000.0,Corrected CNS5 5337; J2000 Sun-relative Galactic position. SIMBAD exact CNS5 identity. Full source space motion.,Aquarius,324.8628809,2.3399817,2000.0,101.5,2.0,490.6000061035156,1.600000023841858,126.5999984741211,2.700000047683716,-23.3,1.1,2014yCat.2328....0C; 2013MNRAS.433.2054S; 2018ApJS..234....1B,2013AJ....145...71K
star,cns5-0289,BD+61 195,M1.5V,-5.544601863,8.148741516,-0.085737004,-24.398071,-24.479072,5.772984,3595,,0.049189504,0.5719493,-0.1073,,,2000.0,Corrected CNS5 289; J2000 Sun-relative Galactic position. SIMBAD exact CNS5 identity. Full source space motion.,Cassiopeia,15.668950820681058,62.345451222893885,2016.0,101.4562892970747,0.019056547,731.0879947758527,0.013724243268370628,90.53173556175588,0.016883907839655876,-6.561270236968994,0.23285797238349915,2020yCat.1350....0G,2020yCat.1350....0G
star,cns5-0298,Wolf 47,M5V,-5.560278399,8.147846433,-0.081676430,,,,,,,,,,13.239598,2000.0,Corrected CNS5 298; J2000 Sun-relative Galactic position. SIMBAD exact CNS5 identity. Transverse-only source motion; radial velocity unavailable or withheld.,Cassiopeia,15.839644585280979,62.36589259248621,2016.0,101.37235858535027,0.058055025,730.398009578876,0.03865988925099373,85.9667043087498,0.04525594785809517,,,2020yCat.1350....0G,
star,cns5-4078,12 Oph,K1V,8.453903045,2.064756521,4.707723724,1.133567,-0.372891,-28.825220,5107,0.8221717,0.46337712,0.8696263,-0.2209,12.081424,5.793106,2000.0,Corrected CNS5 4078; J2000 Sun-relative Galactic position. SIMBAD exact CNS5 identity. Full source space motion.,Ophiuchus,249.09140230088192,-2.3259612815161246,2016.0,101.07188811909556,0.057291087,456.0583031942775,0.05464915931224823,-309.2240972920396,0.03954603895545006,-12.823436737060547,0.12940767407417297,2020yCat.1350....0G,2020yCat.1350....0G
star,cns5-2051,UPM J0815-2344,,-4.370567461,-8.812685843,1.064331000,,,,3189,,0.007910796,0.29134193,-0.0358,,12.323064,2000.0,Corrected CNS5 2051; J2000 Sun-relative Galactic position. SIMBAD exact CNS5 identity. Transverse-only source motion; radial velocity unavailable or withheld.,Puppis,123.79719661239764,-23.737393793190947,2016.0,101.06781712248215,0.030114131,111.9834917129318,0.021350231021642685,64.29882013488141,0.022731030359864235,,,2020yCat.1350....0G,
star,cns5-1151,HD 232979,M0.5V,-8.823979260,4.450268960,0.671414335,-42.094539,-8.054399,-1.970505,3761,0.60596526,0.07937894,0.66351694,-0.6343,10.321465,8.668625,2000.0,Corrected CNS5 1151; J2000 Sun-relative Galactic position. SIMBAD exact CNS5 identity. Full source space motion.,Camelopardalis,69.42278387138005,52.89150297231415,2016.0,100.94871193355029,0.03015467,304.12546543632584,0.029652370139956474,-475.1460368893003,0.02397994138300419,33.74757766723633,0.15221652388572693,2020yCat.1350....0G,2020yCat.1350....0G
star,cns5-2355,G 48-20,M3.5V,-4.839264890,-6.521934153,5.671574710,,,,3089,,0.012488162,0.39039075,-0.7626,,11.730597,2000.0,Corrected CNS5 2355; J2000 Sun-relative Galactic position. SIMBAD exact CNS5 identity. Transverse-only source motion; radial velocity unavailable or withheld.,Hydra,142.68324346444365,0.32022324371767896,2016.0,100.95301841657,0.029518783,-569.0163126180901,0.02911859191954136,-549.3860966014009,0.02606985718011856,,,2020yCat.1350....0G,
star,cns5-4178,G 203-42,M5.0V,1.570359303,7.702670607,6.028237636,,,,3045,,0.0040556435,0.22876488,-0.067,,,2000.0,Corrected CNS5 4178; J2000 Sun-relative Galactic position. SIMBAD exact CNS5 identity. Transverse-only source motion; radial velocity unavailable or withheld.,Draco,255.85040248888004,51.40906417008386,2016.0,100.94481793407186,0.026715701,124.41003987493283,0.02476794831454754,610.1451510064678,0.027642518281936646,,,2020yCat.1350....0G,
star,cns5-5103,AT Mic A,M4.5Ve,7.836894279,1.543298136,-5.876452734,,,,,,,,,,11.358270,2000.0,Corrected CNS5 5103; J2000 Sun-relative Galactic position. SIMBAD exact CNS5 identity. Transverse-only source motion; radial velocity unavailable or withheld.,Microscopium,310.464334034236,-32.437036784381455,2016.0,100.84489977731556,0.081520356,246.92898678851384,0.07607454061508179,-417.19484095650307,0.0553654246032238,,,2020yCat.1350....0G,
star,cns5-0966,G 160-28,M3V,-7.064862278,-1.890541672,-6.710504839,,,,3201,,0.0050899102,0.2315256,-0.2826,,12.859219,2000.0,Corrected CNS5 966; J2000 Sun-relative Galactic position. SIMBAD exact CNS5 identity. Transverse-only source motion; radial velocity unavailable or withheld.,Eridanus,57.6825473764549,-6.100991036847448,2016.0,100.74969806750376,0.046827693,-445.6175561028981,0.03816523775458336,-1371.1957929419207,0.0347675196826458,,,2020yCat.1350....0G,
star,cns5-4625,G 184-19,M4.5V,5.642988556,7.848689451,2.257198220,,,,,,,,,,,2000.0,Corrected CNS5 4625; J2000 Sun-relative Galactic position. SIMBAD exact CNS5 identity. Transverse-only source motion; radial velocity unavailable or withheld.,Hercules,280.2931336884971,24.787728362716255,2016.0,100.73799526605453,0.023924634,505.34431691358935,0.01760563813149929,87.04490459992638,0.02087751403450966,,,2020yCat.1350....0G,
star,cns5-3687,BD+16 2708B,M8.5,4.796627713,1.573045601,8.554042142,,,,,,,,,,,2000.0,Corrected CNS5 3687; J2000 Sun-relative Galactic position. SIMBAD exact CNS5 identity. Transverse-only source motion; radial velocity unavailable or withheld.,Bootes,223.62399263356,16.1015850109,2015.5,100.68000030517578,0.05,279.3399963378906,0.07999999821186066,-117.95999908447266,0.10000000149011612,,,2018A&A...616A...1G,
star,cns5-3479,L 403-34,M5e,6.886982741,-6.457365925,3.105580967,,,,,,,,,,13.016407,2000.0,Corrected CNS5 3479; J2000 Sun-relative Galactic position. SIMBAD exact CNS5 identity. Transverse-only source motion; radial velocity unavailable or withheld.,Centaurus,210.96248100755366,-42.699347027825176,2016.0,100.61933718730563,0.039317664,-379.2833529392459,0.0342106968164444,-290.5102813099834,0.04124810919165611,,,2020yCat.1350....0G,
brown_dwarf,cns5-4626,G 184-19B,M4.5Ve,5.651445515,7.860861632,2.260737807,,,,,,,,,,14.412636,2000.0,Corrected CNS5 4626; J2000 Sun-relative Galactic position. SIMBAD exact CNS5 identity. Transverse-only source motion; radial velocity unavailable or withheld.,Hercules,280.2932736323553,24.789034718675914,2016.0,100.58361106727476,0.039639387,498.68294703980746,0.026168307289481163,57.12772498923583,0.0291396863758564,,,2020yCat.1350....0G,
star,cns5-3688,BD+16 2708,M3V,4.802200164,1.574631227,8.563965785,7.531042,3.387873,-14.135250,3269,,0.036547534,0.59610623,-0.8972,,10.162206,2000.0,Corrected CNS5 3688; J2000 Sun-relative Galactic position. SIMBAD exact CNS5 identity. Full source space motion.,Bootes,223.62310860272,16.100530964762918,2016.0,100.56500449484278,0.023651171,279.117449001282,0.022063493728637695,-117.90818054053803,0.021201778203248978,-7.99986457824707,0.17015202343463898,2020yCat.1350....0G,2020yCat.1350....0G
star,cns5-0154,BD+66 34B,M3V,-5.127389672,8.501287019,0.769172646,,,,,,,,,,12.199228,2000.0,Corrected CNS5 154; J2000 Sun-relative Galactic position. SIMBAD exact CNS5 identity. Transverse-only source motion; radial velocity unavailable or withheld.,Cassiopeia,8.142840068147475,67.23327824206002,2016.0,100.42589186974861,0.04193408,1703.2256352835657,0.034532226622104645,-250.05623854616192,0.04294634237885475,,,2020yCat.1350....0G,
star,cns5-3594,LP 98-79,M6.5V,-1.264312017,5.827164380,7.981418816,-29.745192,-25.491041,5.158098,,,,,,,17.888093,2000.0,Corrected CNS5 3594; J2000 Sun-relative Galactic position. SIMBAD exact CNS5 identity. Full source space motion.,Draco,217.6503357938043,59.72427392962494,2016.0,100.3745476747852,0.04650502,-808.201789751334,0.05808569863438606,157.396682546083,0.0530238002538681,-7.0,4.0,2020yCat.1350....0G,2014AJ....147...20N
brown_dwarf,cns5-4565,WISE J182831.08+265037.7,Y0,5.470921411,7.834999888,2.843322865,,,,,,,,,,,2000.0,Corrected CNS5 4565; J2000 Sun-relative Galactic position. SIMBAD exact CNS5 identity. Transverse-only source motion; radial velocity unavailable or withheld.,Lyra,277.1295179,26.8437977,2000.0,100.3,2.0,1016.5,0.8,169.3,0.8,,,2014yCat.2328....0C; 2021ApJS..253....7K,
star,cns5-0647,G 36-24,M3.5Ve,-7.336823501,4.146444577,-5.350681242,,,,3089,,0.0055671716,0.2605447,-0.3066,,,2000.0,Corrected CNS5 647; J2000 Sun-relative Galactic position. SIMBAD exact CNS5 identity. Transverse-only source motion; radial velocity unavailable or withheld.,Aries,38.40513666109431,24.92413187711575,2016.0,100.17457074152712,0.049343877,48.39169781028855,0.04367555305361748,-675.7897086061098,0.045849911868572235,,,2020yCat.1350....0G,
star,cns5-1638,HD 260655,M0.0V,-9.587525851,-2.690145115,0.848041142,,,,3503,,0.037894137,0.5283714,-1.1919,,9.594339,2000.0,Corrected CNS5 1638; J2000 Sun-relative Galactic position. SIMBAD exact CNS5 identity. Transverse-only source motion; radial velocity unavailable or withheld.,Gemini,99.29143146487576,17.566316517740663,2016.0,100.06170447442922,0.023505226,-764.4141395476029,0.022394400089979172,337.88323421402026,0.017818577587604523,,,2020yCat.1350....0G,
brown_dwarf,cns5-3353,ULAS J133553.45+113005.2,T8.5,3.007144885,-1.164925356,9.476303388,,,,,,,,,,,2000.0,Corrected CNS5 3353; J2000 Sun-relative Galactic position. SIMBAD exact CNS5 identity. Transverse-only source motion; radial velocity unavailable or withheld.,Virgo,203.9725472,11.5013161,2000.0,99.9000015258789,1.6,-190.3000030517578,1.899999976158142,-202.6999969482422,1.5,,,2014yCat.2328....0C; 2012ApJS..201...19D,
star,cns5-3944,G 137-78,M4V,5.691058510,4.002966383,7.206796868,,,,,,,,,,12.556209,2000.0,Corrected CNS5 3944; J2000 Sun-relative Galactic position. SIMBAD exact CNS5 identity. Transverse-only source motion; radial velocity unavailable or withheld.,Hercules,240.70770535248042,20.583654043582936,2016.0,99.8255558312536,0.03679848,-961.3158671588086,0.02512429654598236,-1242.6207595090327,0.02820865996181965,,,2020yCat.1350....0G,
brown_dwarf,cns5-0920,WISE J033605.05-014350.4,Y0,-7.255525952,-0.924026399,-6.848702182,,,,,,,,,,,2000.0,Corrected CNS5 920; J2000 Sun-relative Galactic position. SIMBAD exact CNS5 identity. Transverse-only source motion; radial velocity unavailable or withheld.,Eridanus,54.0210412,-1.7308557,2000.0,99.8,2.1,-251.5,0.9,-1216.1,0.9,,,2014yCat.2328....0C; 2021ApJS..253....7K,
brown_dwarf,cns5-3304,2MASS J13243553+6358281,L8.0+T3.5,-2.748906181,5.410637574,7.985688868,-5.412272,-25.118767,-14.611441,,,,,,,,2000.0,Corrected CNS5 3304; J2000 Sun-relative Galactic position. SIMBAD exact CNS5 identity. Full source space motion.,Draco,201.1455737,63.9742958,2000.0,99.7,5.6,-364.4,2.2,-72.4,2.1,-23.7,0.4,2014yCat.2328....0C; 2021ApJS..253....7K,2018ApJ...854L..27G
star,cns5-0458,HD 10780,K0V,-6.328374898,7.790466932,0.290138789,-24.736858,-16.450065,-5.374749,5236,0.82659984,0.5331325,0.8873019,-0.1934,,5.621091,2000.0,Corrected CNS5 458; J2000 Sun-relative Galactic position. SIMBAD exact CNS5 identity. Full source space motion.,Cassiopeia,26.94267663257596,63.85140778824967,2016.0,99.59015235307109,0.050169606,581.6839683076576,0.031530994921922684,-246.46226734889734,0.036696627736091614,2.6735892295837402,0.1320771723985672,2020yCat.1350....0G,2020yCat.1350....0G
star,cns5-2509,G 195-59,M3.5V,-5.966129467,2.792229911,7.582723994,,,,,,,,,,,2000.0,Corrected CNS5 2509; J2000 Sun-relative Galactic position. SIMBAD exact CNS5 identity. Transverse-only source motion; radial velocity unavailable or withheld.,Ursa Major,153.14209679387085,57.06123755178822,2016.0,99.55846603469661,0.042025816,-344.07587513432173,0.03355653956532478,-533.2746855098014,0.034494709223508835,,,2020yCat.1350....0G,
star,cns5-0660,APMPM J0237-5928,M4.5V,1.156222877,-5.941701925,-8.019961143,,,,2959,,0.0026174083,0.19462955,-0.1297,,,2000.0,Corrected CNS5 660; J2000 Sun-relative Galactic position. SIMBAD exact CNS5 identity. Transverse-only source motion; radial velocity unavailable or withheld.,Horologium,39.14027962211789,-59.46617247284098,2016.0,99.52320735819357,0.04122722,575.2068516227096,0.03575704246759415,457.64079004517026,0.03591780737042427,,,2020yCat.1350....0G,
brown_dwarf,cns5-1687,WISE J064723.23-623235.5,Y1,0.405861577,-9.149204465,-4.139430439,,,,,,,,,,,2000.0,Corrected CNS5 1687; J2000 Sun-relative Galactic position. SIMBAD exact CNS5 identity. Transverse-only source motion; radial velocity unavailable or withheld.,Pictor,101.8468384,-62.5431737,2000.0,99.5,1.7,2.2,0.6,393.9,0.6,,,2014yCat.2328....0C; 2021ApJS..253....7K,
star,cns5-2617,G 146-58,M4.0V,-4.888316582,-0.311994295,8.776850655,,,,3113,,0.00571224,0.25977695,-0.0324,,,2000.0,Corrected CNS5 2617; J2000 Sun-relative Galactic position. SIMBAD exact CNS5 identity. Transverse-only source motion; radial velocity unavailable or withheld.,Leo Minor,160.3996414218253,37.60928436965462,2016.0,99.49087336715058,0.0383335,-1457.0658998592357,0.03241534158587456,-358.6584524049666,0.031063472852110863,,,2020yCat.1350....0G,
star,cns5-3451,HD 122064,K3V,-1.991100005,5.587274588,8.132015095,-2.520552,-10.199355,-26.723226,4672,,0.3006165,0.8369302,0.0742,,,2000.0,Corrected CNS5 3451; J2000 Sun-relative Galactic position. SIMBAD exact CNS5 identity. Full source space motion.,Ursa Major,209.3832813779638,61.49382239097013,2016.0,99.35481162111874,0.022098567,-31.69308288457748,0.0218573696911335,216.28964345867445,0.020579185336828232,-26.753082275390625,0.1801343858242035,2020yCat.1350....0G,2020yCat.1350....0G
star,cns5-3851,L 480-69,M4.5V,8.882047451,-4.060405900,2.495083309,,,,3003,,0.0065132226,0.29822364,-0.7257,,12.702733,2000.0,Corrected CNS5 3851; J2000 Sun-relative Galactic position. SIMBAD exact CNS5 identity. Transverse-only source motion; radial velocity unavailable or withheld.,Lupus,234.1417892978867,-37.909940098249024,2016.0,99.20795914893948,0.049316715,-338.6619229205353,0.05448887497186661,-802.1004143991098,0.03801107034087181,,,2020yCat.1350....0G,
star,cns5-2233,G 115-42,M4.5Ve,-7.542767342,0.869706329,6.632040270,,,,3001,,0.004922754,0.24890082,-0.5058,,13.296406,2000.0,Corrected CNS5 2233; J2000 Sun-relative Galactic position. SIMBAD exact CNS5 identity. Transverse-only source motion; radial velocity unavailable or withheld.,Ursa Major,135.1322606052177,46.5840885943522,2016.0,99.19303139864564,0.04231427,-472.83456787891043,0.032517995685338974,-523.5863088500195,0.03146915137767792,,,2020yCat.1350....0G,
brown_dwarf,cns5-2029,WISE J081117.81-805141.3,T9.5:,3.695424345,-8.478872636,-4.059921526,,,,,,,,,,,2000.0,Corrected CNS5 2029; J2000 Sun-relative Galactic position. SIMBAD exact CNS5 identity. Transverse-only source motion; radial velocity unavailable or withheld.,Chamaeleon,122.8248219,-80.8615038,2000.0,99.0,8.0,288.0,7.0,-54.0,5.0,,,2014yCat.2328....0C; 2019ApJS..240...19K; 2014ApJ...796...39T,
brown_dwarf,cns5-4505,WISE J181210.85+272144.3,T8.5:,5.552049839,7.688279681,3.477858996,,,,,,,,,,,2000.0,Corrected CNS5 4505; J2000 Sun-relative Galactic position. SIMBAD exact CNS5 identity. Transverse-only source motion; radial velocity unavailable or withheld.,Hercules,273.0451449,27.3622871,2000.0,99.0,4.0,140.0,4.0,-322.0,8.0,,,2014yCat.2328....0C; 2019ApJS..240...19K,
star,cns5-4305,BD+05 3409,M1.0V,8.316770216,4.529701761,3.548785534,-3.900664,-13.524060,-10.845053,3755,0.5476112,0.052865434,0.54338515,-0.0648,13.090235,9.408515,2000.0,Corrected CNS5 4305; J2000 Sun-relative Galactic position. SIMBAD exact CNS5 identity. Full source space motion.,Ophiuchus,262.59483404601906,5.547410099313729,2016.0,98.88086260204463,0.017622089,29.738576040378977,0.014671225100755692,-249.31779175249292,0.011988330632448196,-13.070318222045898,0.22016780078411102,2020yCat.1350....0G,2020yCat.1350....0G
star,cns5-5893,HD 223889,M3,4.662066329,-6.049468774,-6.631450460,-11.936343,-11.575235,16.851350,3254,,0.043551143,0.65708804,-0.79,,9.998236,2000.0,Corrected CNS5 5893; J2000 Sun-relative Galactic position. SIMBAD exact CNS5 identity. Full source space motion.,Octans,358.46317351524806,-75.63421868521044,2016.0,98.86758831551087,0.018822411,244.1085430768689,0.018762236461043358,-379.31362782711346,0.021882515400648117,-9.626116752624512,0.2156018614768982,2020yCat.1350....0G,2020yCat.1350....0G
star,cns5-2932,HD 103932,K4+V,2.711008537,-8.016604183,5.639619708,-20.491595,-73.906513,-8.074504,4538,,0.22098237,0.76056015,0.0173,,6.927480,2000.0,Corrected CNS5 2932; J2000 Sun-relative Galactic position. SIMBAD exact CNS5 identity. Full source space motion.,Hydra,179.47876692481427,-27.709806064891307,2016.0,98.32461427289259,0.023108432,-1080.9011062656023,0.021977124735713005,-620.9292091461986,0.013627209700644016,48.325225830078125,0.1371944099664688,2020yCat.1350....0G,2020yCat.1350....0G
star,cns5-1274,G 97-15,M5V,-9.545438531,-1.665818009,-3.118393380,,,,,,,,,,,2000.0,Corrected CNS5 1274; J2000 Sun-relative Galactic position. SIMBAD exact CNS5 identity. Transverse-only source motion; radial velocity unavailable or withheld.,Orion,76.06120711009983,11.057493260959767,2016.0,98.24020581178529,0.042795535,-63.28832573095251,0.03751375898718834,194.6047920899681,0.02527444437146187,,,2020yCat.1350....0G,
brown_dwarf,cns5-3987,WISE J161441.46+173935.5,T9,6.337681131,4.049910549,6.865246454,,,,,,,,,,,2000.0,Corrected CNS5 3987; J2000 Sun-relative Galactic position. SIMBAD exact CNS5 identity. Transverse-only source motion; radial velocity unavailable or withheld.,Hercules,243.672806,17.6598446,2000.0,98.2,2.7,550.6,1.0,-477.1,1.0,,,2014yCat.2328....0C; 2021ApJS..253....7K,
brown_dwarf,cns5-1929,COCONUTS-2b,T9,3.032938226,-8.891610095,-3.982943333,,,,,,,,,,,2000.0,Corrected CNS5 1929; J2000 Sun-relative Galactic position. SIMBAD exact CNS5 identity. Transverse-only source motion; radial velocity unavailable or withheld.,Chamaeleon,117.7866813,-76.5803751,2000.0,98.0,7.0,-104.80000305175781,2.799999952316284,-190.0,5.0,,,2014yCat.2328....0C; 2019ApJS..240...19K,
star,cns5-1526,Alpha Men,G7V,2.430337563,-8.612600687,-4.920054523,19.096547,-30.664202,-11.913585,5496,0.87523866,0.8473568,1.0152217,0.0765,,5.023390,2000.0,Corrected CNS5 1526; J2000 Sun-relative Galactic position. SIMBAD exact CNS5 identity. Full source space motion.,Mensa,92.56235755341913,-74.75398809344104,2016.0,97.9157940060883,0.0656132,121.59582336868253,0.0567246712744236,-212.41087853342987,0.09824687242507935,36.14549255371094,0.125472292304039,2020yCat.1350....0G,2020yCat.1350....0G
star,cns5-1358,Ross 41,M3.5V,-9.613593206,-2.464923135,-2.410587212,,,,,,,,,,12.397206,2000.0,Corrected CNS5 1358; J2000 Sun-relative Galactic position. SIMBAD exact CNS5 identity. Transverse-only source motion; radial velocity unavailable or withheld.,Orion,81.99976842562212,9.640568493579861,2016.0,97.91321142615095,0.032313175,-191.34383613135563,0.02915007807314396,-756.8368237920537,0.021179044619202614,,,2020yCat.1350....0G,
star,cns5-3169,G 237-78,M3V,-3.529208930,5.369260145,7.939175934,,,,,,,,,,10.792135,2000.0,Corrected CNS5 3169; J2000 Sun-relative Galactic position. SIMBAD exact CNS5 identity. Transverse-only source motion; radial velocity unavailable or withheld.,Draco,192.2640955490559,66.11044121798452,1991.25,97.91000366210938,1.83,-434.99,1.7300000190734863,-105.61,1.7300000190734863,,,2007A&A...474..653V,
star,cns5-1525,Alpha Men B,M3.5,2.431736862,-8.617349549,-4.922931824,,,,,,,,,,,2000.0,Corrected CNS5 1525; J2000 Sun-relative Galactic position. SIMBAD exact CNS5 identity. Transverse-only source motion; radial velocity unavailable or withheld.,Mensa,92.5589813200266,-74.75420492762049,2016.0,97.86660800672941,0.11542347,96.50002237962178,0.08604307472705841,-195.92664962800228,0.15409240126609802,,,2020yCat.1350....0G,
star,cns5-3153,SCR J1245-5506,M5e,5.387851059,-8.579228062,1.378581594,,,,,,,,,,13.635871,2000.0,Corrected CNS5 3153; J2000 Sun-relative Galactic position. SIMBAD exact CNS5 identity. Transverse-only source motion; radial velocity unavailable or withheld.,Centaurus,191.47157086795116,-55.114536629695976,2016.0,97.80795193748526,0.028712608,350.7684023750912,0.013704215176403522,-137.0006903813813,0.017651258036494255,,,2020yCat.1350....0G,
star,cns5-5492,L 788-37,dM4.5,4.836423478,3.927575583,-8.122334757,,,,3061,,0.0038515236,0.2207097,-0.133,,13.621209,2000.0,Corrected CNS5 5492; J2000 Sun-relative Galactic position. SIMBAD exact CNS5 identity. Transverse-only source motion; radial velocity unavailable or withheld.,Aquarius,333.43259243982493,-17.687104968846214,2016.0,97.68813438806882,0.046367764,856.646093033206,0.036263156682252884,-306.6963278568254,0.031205397099256516,,,2020yCat.1350....0G,
star,cns5-4638,L 273-106,M5,9.064216805,-3.096084709,-3.614260033,,,,,,,,,,,2000.0,Corrected CNS5 4638; J2000 Sun-relative Galactic position. SIMBAD exact CNS5 identity. Transverse-only source motion; radial velocity unavailable or withheld.,Telescopium,280.7780058472517,-54.61562415094667,2016.0,97.67905588477925,0.03498058,-137.71061489942545,0.027317168191075325,-492.57572170750245,0.02262553572654724,,,2020yCat.1350....0G,
star,cns5-0207,L 363-38,M3V,1.588606312,-1.958521308,-9.922566916,,,,3129,,0.005662593,0.26069617,-0.1513,,11.458923,2000.0,Corrected CNS5 207; J2000 Sun-relative Galactic position. SIMBAD exact CNS5 identity. Transverse-only source motion; radial velocity unavailable or withheld.,Phoenix,10.855453981100336,-41.29537352681517,2016.0,97.67525042340512,0.03719182,-488.48710412561513,0.022231418639421463,-582.3138711934675,0.024112476035952568,,,2020yCat.1350....0G,
star,cns5-1408,G 100-28,M7V,-10.217155821,-0.519682153,-0.564055035,,,,,,,,,,14.887249,2000.0,Corrected CNS5 1408; J2000 Sun-relative Galactic position. SIMBAD exact CNS5 identity. Transverse-only source motion; radial velocity unavailable or withheld.,Taurus,85.10759540891131,24.800548287073894,2016.0,97.6,2.8,107.0,8.0,-376.0,8.0,,,2020yCat.1350....0G; 2014ApJ...784..156D; 2012yCat.1322....0Z,
star,cns5-1074,LSR J0419+4233,M8/9V,-9.507309859,3.715074906,-0.966104481,-38.536591,-57.570949,-33.085444,,,,,,,,2000.0,Corrected CNS5 1074; J2000 Sun-relative Galactic position. SIMBAD exact CNS5 identity. Full source space motion.,Perseus,64.97040176423637,42.552042686039414,2016.0,97.52959697635892,0.10041567,528.6646313195976,0.08253221213817596,-1441.613758240322,0.05780304595828056,18.0,5.0,2020yCat.1350....0G,2014AJ....147...20N
star,cns5-1297,LSR J0510+2713,M7V,-10.168862720,0.513718640,-1.326711618,33.153230,-20.551291,-22.134454,,,,,,,,2000.0,Corrected CNS5 1297; J2000 Sun-relative Galactic position. SIMBAD exact CNS5 identity. Full source space motion.,Taurus,77.58263149822184,27.23104763817728,2016.0,97.39567818753883,0.075291045,-213.27199836026452,0.08425165712833405,-630.8102540555365,0.05591050907969475,-31.0,4.0,2020yCat.1350....0G,2014AJ....147...20N
white_dwarf,cns5-2300,EGGR 250,DCP7,-7.244244999,2.092291066,6.970948448,,,,,,,,,,,2000.0,Corrected CNS5 2300; J2000 Sun-relative Galactic position. SIMBAD exact CNS5 identity. Transverse-only source motion; radial velocity unavailable or withheld.,Ursa Major,138.97555324978268,53.41831058432857,2016.0,97.38114700032736,0.02439128,-1086.3884251564093,0.01851586066186428,-1121.2811854569422,0.016283372417092323,,,2020yCat.1350....0G,
star,cns5-4760,G 142-11,M4V,6.492532947,7.942101404,0.723443686,,,,,,,,,,,2000.0,Corrected CNS5 4760; J2000 Sun-relative Galactic position. SIMBAD exact CNS5 identity. Transverse-only source motion; radial velocity unavailable or withheld.,Sagitta,287.45898037907256,17.66656000356141,2016.0,97.24179738400261,0.05444158,-640.5629974185198,0.034519217908382416,-424.0980571474773,0.03860285133123398,,,2020yCat.1350....0G,
star,cns5-0586,LP 245-10,M7V,-7.421580749,5.801185012,-4.240816586,,,,,,,,,,,2000.0,Corrected CNS5 586; J2000 Sun-relative Galactic position. SIMBAD exact CNS5 identity. Transverse-only source motion; radial velocity unavailable or withheld.,Triangulum,34.29473704167926,35.44121898612927,2016.0,96.80123335269364,0.053929567,548.9680375393165,0.06277868151664734,-259.60526407353575,0.047729190438985825,,,2020yCat.1350....0G,
star,cns5-1912,Pollux,K0IIIb,-9.290306827,-2.013606883,4.114857035,,,,,,,,,,1.063536,2000.0,Corrected CNS5 1912; J2000 Sun-relative Galactic position. SIMBAD exact CNS5 identity. Transverse-only source motion; radial velocity unavailable or withheld.,Gemini,116.33068294019498,28.02631021860563,1991.25,96.54000091552734,0.27,-626.55,0.30000001192092896,-45.8,0.18000000715255737,,,2007A&A...474..653V,
star,cns5-0722,HD 17925,K1V,-5.330505544,-1.140206068,-8.810244671,-15.226327,-21.788144,-9.029516,5002,0.79806995,0.40808997,0.8505347,-0.2022,,5.973149,2000.0,Corrected CNS5 722; J2000 Sun-relative Galactic position. SIMBAD exact CNS5 identity. Full source space motion.,Eridanus,43.13567823945298,-12.770554604772986,2016.0,96.52004136143886,0.029548265,397.3526395344037,0.035488568246364594,-189.2811721142515,0.025454740971326828,17.91143035888672,0.1358521431684494,2020yCat.1350....0G,2020yCat.1350....0G
star,cns5-5659,L 167-14,M4.5V,5.318354549,-3.626634519,-8.143662381,,,,,,,,,,13.928890,2000.0,Corrected CNS5 5659; J2000 Sun-relative Galactic position. SIMBAD exact CNS5 identity. Transverse-only source motion; radial velocity unavailable or withheld.,Tucana,344.09817116277344,-60.0678541150227,2016.0,96.33365642333669,0.03834999,-521.0512387169384,0.02499433420598507,-939.2447596213377,0.025651779025793076,,,2020yCat.1350....0G,
brown_dwarf,cns5-5124,LSPM J2044+1517,M7.5,4.901322695,8.659764536,-2.977623980,,,,,,,,,,,2000.0,Corrected CNS5 5124; J2000 Sun-relative Galactic position. SIMBAD exact CNS5 identity. Transverse-only source motion; radial velocity unavailable or withheld.,Delphinus,311.1575675254911,15.292303822792627,2016.0,96.27822192835139,0.060647756,303.6801242680772,0.054511941969394684,-155.48804726853322,0.04986128211021423,,,2020yCat.1350....0G,
star,cns5-4154,BD+25 3173,M2V,5.830804895,6.149500799,6.008471949,21.191227,-14.875179,0.823075,,,,,,,9.572282,2000.0,Corrected CNS5 4154; J2000 Sun-relative Galactic position. SIMBAD exact CNS5 identity. Full source space motion.,Hercules,254.53630439635958,25.741901295427926,2016.0,96.2617772084285,0.027493702,-115.31383055701954,0.020826563239097595,-508.0870811384355,0.025626974180340767,3.5658626556396484,0.4046514630317688,2020yCat.1350....0G,2020yCat.1350....0G
white_dwarf,cns5-0795,CPD-69 177,DA3.0,2.094548517,-7.211356088,-7.184273463,,,,,,,,,,11.310395,2000.0,Corrected CNS5 795; J2000 Sun-relative Galactic position. SIMBAD exact CNS5 identity. Transverse-only source motion; radial velocity unavailable or withheld.,Hydrus,47.62973152269491,-68.6013979360917,2016.0,96.22300670362341,0.0328344,39.66823397623275,0.036000192165374756,-103.23744028168261,0.03166909143328667,,,2020yCat.1350....0G,
brown_dwarf,cns5-1116,WISE J043052.92+463331.6,T8,-9.587479807,4.038945163,-0.219986285,,,,,,,,,,,2000.0,Corrected CNS5 1116; J2000 Sun-relative Galactic position. SIMBAD exact CNS5 identity. Transverse-only source motion; radial velocity unavailable or withheld.,Perseus,67.7206823,46.5588121,2000.0,96.1,2.9,882.5,1.8,381.5,1.8,,,2014yCat.2328....0C; 2021ApJS..253....7K,
brown_dwarf,cns5-3110,2MASS J12373919+6526148,T6.5,-3.731254724,5.280714812,8.166929270,,,,,,,,,,,2000.0,Corrected CNS5 3110; J2000 Sun-relative Galactic position. SIMBAD exact CNS5 identity. Transverse-only source motion; radial velocity unavailable or withheld.,Draco,189.4055659,65.4355659,2000.0,96.0,5.0,-1002.0,8.0,-525.0,6.0,,,2014yCat.2328....0C; 2004AJ....127.2948V,
star,cns5-3468,HD 122303,M0V,5.307308237,-2.468581639,8.617251428,-56.646938,2.199079,3.698806,3638,,0.045178607,0.53520614,-0.0424,,9.618241,2000.0,Corrected CNS5 3468; J2000 Sun-relative Galactic position. SIMBAD exact CNS5 identity. Full source space motion.,Virgo,210.25961163218636,-2.6522069184095076,2016.0,95.99888561437837,0.028586555,-825.4629269300683,0.02537897787988186,598.4328528027961,0.019721081480383873,-26.317615509033203,0.2804637849330902,2020yCat.1350....0G,2020yCat.1350....0G
brown_dwarf,cns5-1381,1RXS J053328.4-425713,M4.0Ve,-3.229771381,-8.239627492,-5.503382300,,,,,,,,,,,2000.0,Corrected CNS5 1381; J2000 Sun-relative Galactic position. SIMBAD exact CNS5 identity. Transverse-only source motion; radial velocity unavailable or withheld.,Pictor,83.3667058276365,-42.95553305572998,2016.0,95.954399300963,0.2747947,-19.263189437097573,0.26970407366752625,39.29618009001676,0.29992949962615967,,,2020yCat.1350....0G,
white_dwarf,cns5-2960,LP 852-7,DA5.7,2.737659578,-7.730113266,6.433768926,,,,,,,,,,12.809997,2000.0,Corrected CNS5 2960; J2000 Sun-relative Galactic position. SIMBAD exact CNS5 identity. Transverse-only source motion; radial velocity unavailable or withheld.,Corvus,181.36134404486526,-23.552365030827776,2016.0,95.93995223852528,0.023590682,41.818552085130115,0.02100883238017559,226.55843526184685,0.019954444840550423,,,2020yCat.1350....0G,
brown_dwarf,cns5-2266,2MASS J09083803+5032088,L8,-7.562330940,1.606992380,6.992587604,,,,,,,,,,,2000.0,Corrected CNS5 2266; J2000 Sun-relative Galactic position. SIMBAD exact CNS5 identity. Transverse-only source motion; radial velocity unavailable or withheld.,Ursa Major,137.15547190532683,50.53352258401724,2016.0,95.92903009392947,0.53718024,-414.6802757472741,0.4506074786186218,-470.26052317080155,0.39306336641311646,,,2020yCat.1350....0G,
star,cns5-2327,HD 304636,M0V,1.726063251,-10.218676274,-1.328381328,,,,3487,,0.049518026,0.6096596,-1.4234,,9.369789,2000.0,Corrected CNS5 2327; J2000 Sun-relative Galactic position. SIMBAD exact CNS5 identity. Transverse-only source motion; radial velocity unavailable or withheld.,Carina,140.39914047697528,-60.2811438583444,2016.0,95.71011187228633,0.016372846,-840.1851372088925,0.017462849617004395,182.05551140020685,0.01749732345342636,,,2020yCat.1350....0G,
star,cns5-1893,LP 783-1,dM3.0,-5.677742029,-8.772033658,0.049478440,,,,3319,,0.011274904,0.3210659,-0.1585,,11.616565,2000.0,Corrected CNS5 1893; J2000 Sun-relative Galactic position. SIMBAD exact CNS5 identity. Transverse-only source motion; radial velocity unavailable or withheld.,Puppis,114.67284553042101,-21.226690956258572,2016.0,95.70023173798418,0.023551092,456.6288716355351,0.020730331540107727,-475.3445250512318,0.02040439285337925,,,2020yCat.1350....0G,
star,cns5-4183,HD 154363,K4/5V,9.422365900,2.589606321,3.729931080,46.661519,-61.745918,20.696429,4311,0.67106116,0.13780706,0.6654323,0.1498,13.373318,7.611462,2000.0,Corrected CNS5 4183; J2000 Sun-relative Galactic position. SIMBAD exact CNS5 identity. Full source space motion.,Ophiuchus,256.26005485188347,-5.071571994790812,2016.0,95.60251022292638,0.027462767,-916.34292657201,0.02537589520215988,-1138.7618906254847,0.018682174384593964,34.1363639831543,0.1518489420413971,2020yCat.1350....0G,2020yCat.1350....0G
star,cns5-4184,HD 154363B,M1.5V,9.425690017,2.590322970,3.721215250,46.806803,-61.440279,20.975873,3547,,0.033315174,0.48338658,-0.4294,,9.973448,2000.0,Corrected CNS5 4184; J2000 Sun-relative Galactic position. SIMBAD exact CNS5 identity. Full source space motion.,Ophiuchus,256.3033222371967,-5.099267007481263,2016.0,95.60184400569696,0.024111342,-917.206570880673,0.02300429157912731,-1132.152574250174,0.01648901216685772,34.43547821044922,0.44409263134002686,2020yCat.1350....0G,2020yCat.1350....0G
star,cns5-4126,G 169-29,M5V,6.292634177,5.677531536,6.143122009,,,,3027,,0.0030841357,0.20201634,-0.177,,14.190775,2000.0,Corrected CNS5 4126; J2000 Sun-relative Galactic position. SIMBAD exact CNS5 identity. Transverse-only source motion; radial velocity unavailable or withheld.,Hercules,252.74157915522798,22.453352014101526,2016.0,95.53335883963847,0.03306868,36.48669154467593,0.019147425889968872,400.12573171212335,0.0259363055229187,,,2020yCat.1350....0G,
star,cns5-2772,LP 169-22,M5.5,-4.400348006,1.636749345,9.356981336,,,,,,,,,,15.760522,2000.0,Corrected CNS5 2772; J2000 Sun-relative Galactic position. SIMBAD exact CNS5 identity. Transverse-only source motion; radial velocity unavailable or withheld.,Ursa Major,169.87953937654436,46.69261027622741,2016.0,95.5222210669127,0.089030355,308.0538785977355,0.05333610996603966,-608.6109383564647,0.06237296760082245,,,2020yCat.1350....0G,
brown_dwarf,cns5-5518,WISE J222055.31-362817.4,Y0,5.673371272,0.697697289,-8.773379854,,,,,,,,,,,2000.0,Corrected CNS5 5518; J2000 Sun-relative Galactic position. SIMBAD exact CNS5 identity. Transverse-only source motion; radial velocity unavailable or withheld.,Grus,335.2305945,-36.4715315,2000.0,95.5,2.1,290.1,0.9,-97.1,0.9,,,2014yCat.2328....0C; 2021ApJS..253....7K,
star,cns5-2404,L 140-289,M4.5V,2.461980058,-10.074317324,-1.463584063,,,,,,,,,,13.199530,2000.0,Corrected CNS5 2404; J2000 Sun-relative Galactic position. SIMBAD exact CNS5 identity. Transverse-only source motion; radial velocity unavailable or withheld.,Carina,145.71175224473672,-63.631908378052884,2016.0,95.47859146858426,0.025329333,508.3416819553712,0.025503108277916908,62.94351758254972,0.025218546390533447,,,2020yCat.1350....0G,
star,cns5-0899,LSPM J0330+5413,M7V,-8.586842155,6.027106065,-0.308827874,1.983487,6.077379,-4.510326,,,,,,,15.854987,2000.0,Corrected CNS5 899; J2000 Sun-relative Galactic position. SIMBAD exact CNS5 identity. Full source space motion.,Camelopardalis,52.70255404316823,54.231972478973546,2016.0,95.27875303097086,0.044299208,-151.98741562609928,0.03559594228863716,-3.4180864073567454,0.03698517009615898,2.0,4.0,2020yCat.1350....0G,2014AJ....147...20N
brown_dwarf,cns5-1488,2MASS J05591914-1404488,T4.5,-7.658548890,-6.421317358,-3.207204262,,,,,,,,,,,2000.0,Corrected CNS5 1488; J2000 Sun-relative Galactic position. SIMBAD exact CNS5 identity. Transverse-only source motion; radial velocity unavailable or withheld.,Lepus,89.83256483907208,-14.081838232219802,2016.0,95.27143701161523,0.6961714,571.3404657924699,0.6184922456741333,-338.1670202719612,0.6821937561035156,,,2020yCat.1350....0G,
star,cns5-4798,L 923-22,M5V,9.015964890,5.071564339,-1.812304575,,,,3300,,0.008117808,0.27494025,-0.3717,,11.569632,2000.0,Corrected CNS5 4798; J2000 Sun-relative Galactic position. SIMBAD exact CNS5 identity. Transverse-only source motion; radial velocity unavailable or withheld.,Aquila,290.13909487970443,-7.662944466801488,2016.0,95.21959915416862,0.03462587,-70.59099363530763,0.028349893167614937,-177.97403713224622,0.023891430348157883,,,2020yCat.1350....0G,
white_dwarf,cns5-4799,LAWD 74,DBQA5,9.016206040,5.071409806,-1.813710589,,,,,,,,,,12.183554,2000.0,Corrected CNS5 4799; J2000 Sun-relative Galactic position. SIMBAD exact CNS5 identity. Transverse-only source motion; radial velocity unavailable or withheld.,Aquila,290.1452376415212,-7.667404304342344,2016.0,95.21619811103348,0.03714158,-61.224325393276594,0.029151014983654022,-161.84610752063998,0.024213280528783798,,,2020yCat.1350....0G,
star,cns5-0554,BD+02 348,M1V,-5.797889673,2.283571444,-8.456235461,104.655189,-12.017339,-71.584120,3620,,0.03307891,0.46252042,-0.1119,,9.935186,2000.0,Corrected CNS5 554; J2000 Sun-relative Galactic position. SIMBAD exact CNS5 identity. Full source space motion.,Cetus,33.07959930325112,3.567385154970191,2016.0,95.20045814936248,0.027759993,-1762.4057179489491,0.03143136203289032,-1852.8711000327555,0.021429991349577904,-2.7250258922576904,0.30363228917121887,2020yCat.1350....0G,2020yCat.1350....0G
star,cns5-2446,BD+63 869,M0.5V,-6.460435417,3.848421679,7.353128851,-24.955397,-23.261423,11.683017,3761,0.5991109,0.07491959,0.6968066,-0.3153,9.087701,9.070454,2000.0,Corrected CNS5 2446; J2000 Sun-relative Galactic position. SIMBAD exact CNS5 identity. Full source space motion.,Ursa Major,149.0331749118223,62.78586947842925,2016.0,95.07815490544607,0.017761663,-303.9218502410663,0.012641188688576221,-583.4128868434314,0.015136034227907658,14.987261772155762,0.15418888628482819,2020yCat.1350....0G,2020yCat.1350....0G
star,cns5-0282,Wolf 44,M2.0V,-5.901646111,8.710913570,-0.272440315,-19.509367,-6.205197,-39.934573,,,,,,,10.758811,2000.0,Corrected CNS5 282; J2000 Sun-relative Galactic position. SIMBAD exact CNS5 identity. Full source space motion.,Cassiopeia,15.336900310600058,61.36213773499954,2016.0,95.00741878468439,0.019225752,362.4915172244558,0.013505089096724987,-811.6220044630483,0.01642456464469433,6.840266704559326,0.6794794201850891,2020yCat.1350....0G,2020yCat.1350....0G
brown_dwarf,cns5-2646,2MASSW J1047539+212423,T6.5,-3.997018591,-3.084389070,9.236542132,,,,,,,,,,,2000.0,Corrected CNS5 2646; J2000 Sun-relative Galactic position. SIMBAD exact CNS5 identity. Transverse-only source motion; radial velocity unavailable or withheld.,Leo,161.9681374,21.4047913,2000.0,95.0,4.0,-1673.0,3.0,-500.0,6.0,,,2014yCat.2328....0C; 2004AJ....127.2948V; 2018ApJS..234....1B,
star,cns5-0474,G 159-3,M4.5Ve,-4.236426796,1.573482568,-9.540192100,,,,,,,,,,14.372413,2000.0,Corrected CNS5 474; J2000 Sun-relative Galactic position. SIMBAD exact CNS5 identity. Transverse-only source motion; radial velocity unavailable or withheld.,Cetus,27.769525129441792,-6.119239184112927,2016.0,94.72890548181104,0.064280756,545.4238299061601,0.04770602285861969,-266.53076679862494,0.03564218804240227,,,2020yCat.1350....0G,
brown_dwarf,cns5-0324,LP 647-13,M9Ve,-2.984224322,3.050195401,-9.668623578,-13.468907,-12.364111,7.908669,,,,,,,19.145949,2000.0,Corrected CNS5 324; J2000 Sun-relative Galactic position. SIMBAD exact CNS5 identity. Full source space motion.,Cetus,17.464999678254976,-3.723958771440576,2016.0,94.62252050825498,0.21079694,372.1680564581941,0.2645567059516907,8.651952947351514,0.15565210580825806,-7.0,2.0,2020yCat.1350....0G,2015ApJS..220...18B
star,cns5-5444,HD 209290,M0.5V,3.909014711,7.050834230,-6.836280344,31.282418,4.868208,-4.454893,3502,0.57745177,0.066802725,0.702667,-1.0088,12.038479,9.025581,2000.0,Corrected CNS5 5444; J2000 Sun-relative Galactic position. SIMBAD exact CNS5 identity. Full source space motion.,Aquarius,330.54080176553964,1.3989923770073878,2016.0,94.60288750010162,0.05345795,-452.3718449340208,0.03588725998997688,-278.72524677866306,0.030810723081231117,17.698307037353516,0.2869829833507538,2020yCat.1350....0G,2020yCat.1350....0G
brown_dwarf,cns5-0248,2MASS J00501994-3322402,T7,0.660441899,-0.942623104,-10.507978536,,,,,,,,,,,2000.0,Corrected CNS5 248; J2000 Sun-relative Galactic position. SIMBAD exact CNS5 identity. Transverse-only source motion; radial velocity unavailable or withheld.,Sculptor,12.5877155,-33.3746855,2000.0,94.5999984741211,2.4,1150.5,2.200000047683716,939.0999755859375,2.0999999046325684,,,2014yCat.2328....0C; 2012ApJS..201...19D,
star,cns5-0786,Iota Per,G0V,-8.549608879,6.076389322,-1.358588948,-76.229464,-15.585518,21.523335,5874,1.0567328,2.2305992,1.4422743,-0.0248,8.024676,,2000.0,Corrected CNS5 786; J2000 Sun-relative Galactic position. SIMBAD exact CNS5 identity. Full source space motion.,Perseus,47.27540485964256,49.612873858437766,2016.0,94.54120718732504,0.16612382,1262.1927940527312,0.13328330218791962,-91.08282222682243,0.13924264907836914,49.90770721435547,0.20457811653614044,2020yCat.1350....0G,2020yCat.1350....0G
star,cns5-3906,LP 860-41,M6.0V,9.592774519,-2.400825665,3.789888651,17.324121,-12.177270,-18.035342,,,,,,,,2000.0,Corrected CNS5 3906; J2000 Sun-relative Galactic position. SIMBAD exact CNS5 identity. Full source space motion.,Scorpius,238.1869310006881,-26.38915421137295,2016.0,94.42676928639018,0.05759562,211.44070556220115,0.06557489186525345,-452.92129506068454,0.03863688185811043,12.0,1.6,2020yCat.1350....0G,2012AJ....144...99D
star,cns5-5754,G 68-8,M3.5V,-0.598091583,8.027631553,-6.882137577,,,,,,,,,,11.585362,2000.0,Corrected CNS5 5754; J2000 Sun-relative Galactic position. SIMBAD exact CNS5 identity. Transverse-only source motion; radial velocity unavailable or withheld.,Pegasus,350.4035366349682,17.284242398759528,2016.0,94.42184695076514,0.03200713,-536.9745219681688,0.030201954767107964,-1382.4095448466153,0.02348075993359089,,,2020yCat.1350....0G,
star,cns5-4805,G 185-18,M4.0Ve,6.087700370,8.651117814,0.562863889,,,,,,,,,,13.294836,2000.0,Corrected CNS5 4805; J2000 Sun-relative Galactic position. SIMBAD exact CNS5 identity. Transverse-only source motion; radial velocity unavailable or withheld.,Vulpecula,290.4067345816517,20.86110512806954,2016.0,94.39897902110629,0.052549373,-949.4991832985647,0.038732219487428665,-1456.6536184743702,0.04135095328092575,,,2020yCat.1350....0G,
star,cns5-1140,LP 775-31,M8Ve,-7.068632823,-4.601390271,-6.412259715,-45.507790,-15.738327,-18.676650,,,,,,,17.694482,2000.0,Corrected CNS5 1140; J2000 Sun-relative Galactic position. SIMBAD exact CNS5 identity. Full source space motion.,Eridanus,68.81802669744249,-16.114491965535613,2016.0,94.3764812319377,0.22433288,160.08321555322334,0.17161411046981812,315.1395556446462,0.16831104457378387,48.5,1.4,2020yCat.1350....0G,2012AJ....144...99D
star,cns5-2057,L 98-59,M3V,2.070066212,-9.895471907,-3.205604982,,,,3179,,0.011924623,0.36068335,-0.7106,,11.557298,2000.0,Corrected CNS5 2057; J2000 Sun-relative Galactic position. SIMBAD exact CNS5 identity. Transverse-only source motion; radial velocity unavailable or withheld.,Volans,124.53289609935437,-68.31451297878304,2016.0,94.28868165072944,0.017266104,94.79378412168865,0.018168052658438683,-340.08431073762046,0.019535837695002556,,,2020yCat.1350....0G,
star,cns5-4631,LP 867-15,dM4.5,10.303265186,1.977454291,-1.578154642,,,,3215,,0.007704221,0.2829453,-1.0936,,11.971557,2000.0,Corrected CNS5 4631; J2000 Sun-relative Galactic position. SIMBAD exact CNS5 identity. Transverse-only source motion; radial velocity unavailable or withheld.,Sagittarius,280.54710817071043,-23.484031970853025,2016.0,94.25653850140424,0.031987958,181.44409837345302,0.03198455646634102,-242.7854821716951,0.023332349956035614,,,2020yCat.1350....0G,
star,cns5-1775,G 107-48,dM4.5,-9.598966448,1.965619318,4.074535696,,,,,,,,,,,2000.0,Corrected CNS5 1775; J2000 Sun-relative Galactic position. SIMBAD exact CNS5 identity. Transverse-only source motion; radial velocity unavailable or withheld.,Lynx,106.90707091399625,48.68573489188429,2016.0,94.23666221774899,0.030593248,-33.985018768684505,0.0299325380474329,-303.867188457908,0.029643768444657326,,,2020yCat.1350....0G,
star,cns5-4808,G 22-26,M4V,7.785109591,7.183967792,-0.654527221,,,,3111,,0.006812829,0.2840807,-0.8609,,,2000.0,Corrected CNS5 4808; J2000 Sun-relative Galactic position. SIMBAD exact CNS5 identity. Transverse-only source motion; radial velocity unavailable or withheld.,Aquila,290.5053135617552,7.039776545868733,2016.0,94.21989920020806,0.029713104,-739.8597365216006,0.028348974883556366,-444.94505172311653,0.025844786316156387,,,2020yCat.1350....0G,
star,cns5-4815,G 261-6,M6V,-2.870026707,9.256892643,4.354833423,,,,2886,,0.001536581,0.15676479,-0.3335,,,2000.0,Corrected CNS5 4815; J2000 Sun-relative Galactic position. SIMBAD exact CNS5 identity. Transverse-only source motion; radial velocity unavailable or withheld.,Draco,291.0745256610773,75.55592273663505,2016.0,94.11720403434461,0.023345195,369.4224297082932,0.024695105850696564,592.282436385251,0.02923213317990303,,,2020yCat.1350....0G,
brown_dwarf,cns5-0682,2MASS J02431371-2453298,T6.0,-3.742469646,-2.540926000,-9.628655027,,,,,,,,,,,2000.0,Corrected CNS5 682; J2000 Sun-relative Galactic position. SIMBAD exact CNS5 identity. Transverse-only source motion; radial velocity unavailable or withheld.,Fornax,40.806152,-24.8922504,2000.0,94.0,4.0,-288.0,4.0,-207.5,2.9000000953674316,,,2014yCat.2328....0C; 2004AJ....127.2948V,
star,cns5-4898,LSPM J1945+2707NW,M4V,4.831591234,9.486911253,0.233363399,,,,3099,,0.0064956048,0.27935475,-0.8939,,,2000.0,Corrected CNS5 4898; J2000 Sun-relative Galactic position. SIMBAD exact CNS5 identity. Transverse-only source motion; radial velocity unavailable or withheld.,Vulpecula,296.43919605904483,27.119906562885127,2016.0,93.90593960956089,0.033764765,-46.14979485756217,0.02255135588347912,-1224.5651968065006,0.027532322332262993,,,2020yCat.1350....0G,
star,cns5-4899,LSPM J1945+2707SE,M4V,4.832197792,9.488278051,0.233367239,,,,3108,,0.0040697143,0.21996258,-0.2015,,,2000.0,Corrected CNS5 4899; J2000 Sun-relative Galactic position. SIMBAD exact CNS5 identity. Transverse-only source motion; radial velocity unavailable or withheld.,Vulpecula,296.4398117493424,27.120218288513406,2016.0,93.89277623296837,0.039771,-1.5169324277045462,0.024870650842785835,-1220.4725223817613,0.030784847214818,,,2020yCat.1350....0G,
star,cns5-3176,HD 111631,M0V,2.681233783,-4.200337071,9.412772710,9.492777,-17.453903,-5.420789,3738,,0.10510631,0.7728686,-0.6305,,8.333160,2000.0,Corrected CNS5 3176; J2000 Sun-relative Galactic position. SIMBAD exact CNS5 identity. Full source space motion.,Virgo,192.6813956424772,-0.7698943811117503,2016.0,93.8920786505117,0.027844353,-29.87096849233186,0.031764592975378036,-397.0023912562892,0.025688733905553818,4.483057022094727,0.15088117122650146,2020yCat.1350....0G,2020yCat.1350....0G
brown_dwarf,cns5-2405,WISE J094305.98+360723.5,T9.5,-6.880567887,-0.977979276,8.084419987,,,,,,,,,,,2000.0,Corrected CNS5 2405; J2000 Sun-relative Galactic position. SIMBAD exact CNS5 identity. Transverse-only source motion; radial velocity unavailable or withheld.,Leo Minor,145.7750101,36.1231558,2000.0,93.80000305175781,2.8,675.0999755859375,1.2999999523162842,-498.8999938964844,1.399999976158142,,,2014yCat.2328....0C; 2019ApJS..240...19K,
star,cns5-5135,L 23-30,M2.5V,6.052207226,-6.868326390,-5.470428710,,,,,,,,,,,2000.0,Corrected CNS5 5135; J2000 Sun-relative Galactic position. SIMBAD exact CNS5 identity. Transverse-only source motion; radial velocity unavailable or withheld.,Octans,311.67110431814064,-81.72287607644574,2016.0,93.77022237691045,0.02051233,539.7691657869254,0.024479800835251808,-544.2410286970076,0.021104779094457626,,,2020yCat.1350....0G,
white_dwarf,cns5-2071,SCR J0821-6703,DA10.0,1.923611849,-10.039784881,-3.064133339,,,,,,,,,,15.198820,2000.0,Corrected CNS5 2071; J2000 Sun-relative Galactic position. SIMBAD exact CNS5 identity. Transverse-only source motion; radial velocity unavailable or withheld.,Volans,125.3567266023035,-67.05262825043658,2016.0,93.70525025750979,0.020682726,-397.3430136846721,0.025979233905673027,660.1913388266182,0.022118274122476578,,,2020yCat.1350....0G,
star,cns5-4097,Zeta Her,G0IV,4.957757272,6.498730997,6.929347952,,,,,,,,,,2.649874,2000.0,Corrected CNS5 4097; J2000 Sun-relative Galactic position. SIMBAD exact CNS5 identity. Transverse-only source motion; radial velocity unavailable or withheld.,Hercules,250.3228213993284,31.60188677693646,1991.25,93.31999969482422,0.47,-461.52,0.3799999952316284,342.28,0.47999998927116394,,,2007A&A...474..653V,
brown_dwarf,cns5-3684,DENIS J145407.8-660447,L3.5,7.535807541,-7.551929419,-1.142184735,,,,,,,,,,,2000.0,Corrected CNS5 3684; J2000 Sun-relative Galactic position. SIMBAD exact CNS5 identity. Transverse-only source motion; radial velocity unavailable or withheld.,Circinus,223.53849427608563,-66.08142937993206,2016.0,93.19999694824219,0.3,480.0,0.5,-356.20001220703125,0.5,,,2020yCat.1350....0G; 2018A&A...616A...1G,
brown_dwarf,cns5-3712,TVLM 513-46,M8.5V,4.506510814,2.799232035,9.330777673,3.582251,-2.214652,5.836227,,,,,,,14.936296,2000.0,Corrected CNS5 3712; J2000 Sun-relative Galactic position. SIMBAD exact CNS5 identity. Full source space motion.,Bootes,225.2839023288742,22.83363768365745,2016.0,93.16551240283296,0.14062676,-43.11951859553303,0.11125312000513077,-65.13802373033424,0.13962377607822418,6.0,2.0,2020yCat.1350....0G,2015ApJS..220...18B
star,cns5-4261,Ross 868,M3.5V,6.045229535,6.969339391,5.516328976,,,,3145,,0.017983956,0.45184162,-1.0731,,11.179109,2000.0,Corrected CNS5 4261; J2000 Sun-relative Galactic position. SIMBAD exact CNS5 identity. Transverse-only source motion; radial velocity unavailable or withheld.,Hercules,259.9747987710552,26.50241183806962,2016.0,93.02974581229986,0.028218508,-214.8369360518965,0.02179724909365177,350.85021715315656,0.02739972248673439,,,2020yCat.1350....0G,
star,cns5-4259,Ross 867,M4.5V,6.047970471,6.972076676,5.519599855,,,,,,,,,,,2000.0,Corrected CNS5 4259; J2000 Sun-relative Galactic position. SIMBAD exact CNS5 identity. Transverse-only source motion; radial velocity unavailable or withheld.,Hercules,259.9695666590066,26.502318754868263,2016.0,92.98653829516614,0.034793604,-226.03992337713896,0.02687942050397396,354.9842991855332,0.03439638018608093,,,2020yCat.1350....0G,
star,cns5-2826,V857 Cen,M3.5,2.988936525,-9.697578818,3.567240856,,,,3145,,0.016441345,0.43185955,-1.0618,,11.376648,2000.0,Corrected CNS5 2826; J2000 Sun-relative Galactic position. SIMBAD exact CNS5 identity. Transverse-only source motion; radial velocity unavailable or withheld.,Centaurus,172.93957728244337,-41.045677215569405,2016.0,92.96716758904887,0.028714426,-717.4376484546574,0.018234992399811745,171.18322063000505,0.018995260819792747,,,2020yCat.1350....0G,
star,cns5-0543,HD 13445,K1.5V,0.522259514,-5.031161013,-9.497467578,-96.876061,-75.522977,-27.868851,5153,0.8639877,0.3953031,0.78889626,-0.0118,2.6841602,5.957848,2000.0,Corrected CNS5 543; J2000 Sun-relative Galactic position. SIMBAD exact CNS5 identity. Full source space motion.,Eridanus,32.62294594706244,-50.82090583925884,2016.0,92.92514044230325,0.052670464,2125.416146679918,0.047867193818092346,637.975043070748,0.061558302491903305,55.22698211669922,0.17983239889144897,2020yCat.1350....0G,2020yCat.1350....0G
star,cns5-3994,HD 147379B,M3.0V,-1.431032161,8.184067725,6.838753082,,,,3382,,0.029139576,0.49711207,-0.0969,,,2000.0,Corrected CNS5 3994; J2000 Sun-relative Galactic position. SIMBAD exact CNS5 identity. Transverse-only source motion; radial velocity unavailable or withheld.,Draco,244.1832577377468,67.25664062629953,2016.0,92.92967534970965,0.01795951,-483.00594056955816,0.019336653873324394,89.04882414062493,0.020064275711774826,,,2020yCat.1350....0G,
brown_dwarf,cns5-5199,WISE J210200.15-442919.5,T9,8.050222194,-0.534179477,-7.125862858,,,,,,,,,,,2000.0,Corrected CNS5 5199; J2000 Sun-relative Galactic position. SIMBAD exact CNS5 identity. Transverse-only source motion; radial velocity unavailable or withheld.,Microscopium,315.5006225,-44.4888759,2000.0,92.9000015258789,1.9,41.599998474121094,1.899999976158142,-354.5,2.700000047683716,,,2014yCat.2328....0C; 2019ApJS..240...19K; 2014ApJ...796...39T,
star,cns5-3007,RX J1214.1-2345,M4.0Ve,3.168517684,-7.827960358,6.675800090,,,,,,,,,,13.798953,2000.0,Corrected CNS5 3007; J2000 Sun-relative Galactic position. SIMBAD exact CNS5 identity. Transverse-only source motion; radial velocity unavailable or withheld.,Corvus,183.5363721475547,-23.75432290382595,2016.0,92.89461896159597,0.039387856,44.180865002037585,0.033741481602191925,84.32289293198546,0.035727374255657196,,,2020yCat.1350....0G,
star,cns5-3993,HD 147379,M1-Ve,-1.428789368,8.186356548,6.843043722,-9.784505,-30.815976,3.585658,3731,,0.10107074,0.7614705,-0.5357,,,2000.0,Corrected CNS5 3993; J2000 Sun-relative Galactic position. SIMBAD exact CNS5 identity. Full source space motion.,Draco,244.17238993246437,67.2392157683359,2016.0,92.89648293863043,0.016541969,-497.91542844233754,0.018054526299238205,84.04651524101907,0.01818651705980301,-19.855363845825195,0.19066333770751953,2020yCat.1350....0G,2020yCat.1350....0G
star,cns5-2718,CD-23 9765,M2V,0.824931821,-9.023303326,5.824149449,-24.187377,-19.550360,-35.070533,3300,,0.03126514,0.540886,-0.7344,,10.284656,2000.0,Corrected CNS5 2718; J2000 Sun-relative Galactic position. SIMBAD exact CNS5 identity. Full source space motion.,Crater,167.37670664621479,-24.600629589084512,2016.0,92.83979917972857,0.030118506,-797.2780013916381,0.024154694750905037,-446.70333547776465,0.024820061400532722,-4.434417247772217,0.22937752306461334,2020yCat.1350....0G,2020yCat.1350....0G
star,cns5-0583,Delta Tri,G0.5VFe-0.5,-7.723781231,5.938846527,-4.622781887,-34.919118,-48.183832,11.199170,,,,,,,,2000.0,Corrected CNS5 583; J2000 Sun-relative Galactic position. SIMBAD exact CNS5 identity. Full source space motion.,Triangulum,34.26965162484768,34.22313618253068,2016.0,92.7300033569336,0.39,1151.83,0.4000000059604645,-246.89,0.30000001192092896,-6.320484638214111,1.7114161252975464,2020yCat.1350....0G; 2007A&A...474..653V,2020yCat.1350....0G
star,cns5-4995,SCR J2009-0113,M5.0V,7.757629437,6.732892040,-3.305072564,,,,2974,,0.0026998012,0.19469316,-0.347,,14.284780,2000.0,Corrected CNS5 4995; J2000 Sun-relative Galactic position. SIMBAD exact CNS5 identity. Transverse-only source motion; radial velocity unavailable or withheld.,Aquila,302.32583654605094,-1.2289714355165018,2016.0,92.67360854890771,0.057752278,-43.99880616537538,0.04191559553146362,-374.02205150596626,0.03160674124956131,,,2020yCat.1350....0G,
white_dwarf,cns5-0544,HD 13445B,DQ6,0.523805686,-5.046500132,-9.526207904,,,,,,,,,,,2000.0,Corrected CNS5 544; J2000 Sun-relative Galactic position. SIMBAD exact CNS5 identity. Transverse-only source motion; radial velocity unavailable or withheld.,Eridanus,32.62406949532682,-50.820823199984886,2016.0,92.65212333933978,0.19718741,2168.886011133065,0.14741921424865723,710.8477271238621,0.22197476029396057,,,2020yCat.1350....0G,
star,cns5-4630,Ross 145,M2V,5.029547772,9.088343645,2.932199610,,,,3380,,0.01721598,0.4040542,-0.1081,,12.960258,2000.0,Corrected CNS5 4630; J2000 Sun-relative Galactic position. SIMBAD exact CNS5 identity. Transverse-only source motion; radial velocity unavailable or withheld.,Lyra,280.4944113394081,31.830526444225434,2016.0,92.65133831678442,0.019477569,-300.32391163555053,0.01736358553171158,8.237984564903643,0.02071518264710903,,,2020yCat.1350....0G,
brown_dwarf,cns5-2080,2MASSI J0825196+211552,L7.5V,-8.649084630,-3.626949938,5.353358804,,,,,,,,,,,2000.0,Corrected CNS5 2080; J2000 Sun-relative Galactic position. SIMBAD exact CNS5 identity. Transverse-only source motion; radial velocity unavailable or withheld.,Cancer,126.32931321958031,21.26297407961963,2016.0,92.60057937573538,0.7926144,-504.45372924629316,0.8961610794067383,-302.6708106861668,0.6912567019462585,,,2020yCat.1350....0G,
brown_dwarf,cns5-5719,WISE J231336.38-803700.1,T8,5.369616216,-6.949177711,-6.284702911,,,,,,,,,,,2000.0,Corrected CNS5 5719; J2000 Sun-relative Galactic position. SIMBAD exact CNS5 identity. Transverse-only source motion; radial velocity unavailable or withheld.,Octans,348.4019684,-80.6167895,2000.0,92.6,2.2,282.4,0.9,-405.9,0.9,,,2014yCat.2328....0C; 2021ApJS..253....7K,
brown_dwarf,cns5-3461,L 763-63,M4.5V,6.672811208,-4.853222547,6.986015619,,,,,,,,,,12.710607,2000.0,Corrected CNS5 3461; J2000 Sun-relative Galactic position. SIMBAD exact CNS5 identity. Transverse-only source motion; radial velocity unavailable or withheld.,Virgo,209.7907314283468,-19.835179948860276,2016.0,92.49566252352037,0.044027217,-560.3784835503519,0.04598119854927063,-187.03277124503597,0.042049095034599304,,,2020yCat.1350....0G,
brown_dwarf,cns5-5553,2MASS J22282889-4310262,T6.5,5.883052403,-0.575399269,-9.107669180,,,,,,,,,,,2000.0,Corrected CNS5 5553; J2000 Sun-relative Galactic position. SIMBAD exact CNS5 identity. Transverse-only source motion; radial velocity unavailable or withheld.,Grus,337.1208969,-43.1749531,2000.0,92.0999984741211,2.6,52.0,3.0,-301.29998779296875,1.600000023841858,,,2014yCat.2328....0C; 2013MNRAS.433.2054S,
white_dwarf,cns5-0704,EGGR 473,DAZ9,-8.236536782,7.024633293,-0.882362164,,,,,,,,,,,2000.0,Corrected CNS5 704; J2000 Sun-relative Galactic position. SIMBAD exact CNS5 identity. Transverse-only source motion; radial velocity unavailable or withheld.,Perseus,42.14855510212976,54.387861136028064,2016.0,92.07128393656345,0.03197954,-423.5459309004648,0.02295500598847866,-385.2917593227337,0.02974759414792061,,,2020yCat.1350....0G,
star,cns5-0671,L 513-23,M2.5V,-2.473799269,-3.717466305,-9.905349357,,,,,,,,,,11.549787,2000.0,Corrected CNS5 671; J2000 Sun-relative Galactic position. SIMBAD exact CNS5 identity. Transverse-only source motion; radial velocity unavailable or withheld.,Fornax,39.96417378346193,-34.14005671978969,2016.0,92.03594604797907,0.01951209,535.7992170666919,0.010449517518281937,-1665.1226355116828,0.017380299046635628,,,2020yCat.1350....0G,
brown_dwarf,cns5-0460,WISE J014807.25-720258.7,T9.5,3.509595653,-6.926957315,-7.605751029,,,,,,,,,,,2000.0,Corrected CNS5 460; J2000 Sun-relative Galactic position. SIMBAD exact CNS5 identity. Transverse-only source motion; radial velocity unavailable or withheld.,Hydrus,27.0306004,-72.0496659,2000.0,92.0,3.0,1269.0,4.0,0.0,250.0,,,2014yCat.2328....0C; 2019ApJS..240...19K; 2014ApJ...796...39T,
white_dwarf,cns5-0056,EGGR 381,DA7.6,-4.756199207,9.510869238,-2.253396528,,,,,,,,,,,2000.0,Corrected CNS5 56; J2000 Sun-relative Galactic position. SIMBAD exact CNS5 identity. Transverse-only source motion; radial velocity unavailable or withheld.,Cassiopeia,3.0582193135460027,50.41997493299496,2016.0,91.99672530099876,0.019797385,-461.332056786813,0.015434003435075283,-551.6672959352079,0.013221997767686844,,,2020yCat.1350....0G,
star,cns5-3598,Wolf 1478,dM3.5,7.264280824,-2.987106098,7.522106154,,,,,,,,,,11.720771,2000.0,Corrected CNS5 3598; J2000 Sun-relative Galactic position. SIMBAD exact CNS5 identity. Transverse-only source motion; radial velocity unavailable or withheld.,Libra,217.7529796815058,-12.297869679498262,2016.0,91.95051113768689,0.03999295,-408.1044787325877,0.03708232194185257,-398.6949525305071,0.02983701042830944,,,2020yCat.1350....0G,
brown_dwarf,cns5-1972,2MASS J07584037+3247245,T0.0+T3.5,-9.542097831,-1.370552706,5.039720400,,,,,,,,,,,2000.0,Corrected CNS5 1972; J2000 Sun-relative Galactic position. SIMBAD exact CNS5 identity. Transverse-only source motion; radial velocity unavailable or withheld.,Gemini,119.66694581465701,32.788522307561436,2016.0,91.92946235805418,1.6591103,-224.4395382554422,2.8678505420684814,-331.53183168376233,1.8160085678100586,,,2020yCat.1350....0G,
brown_dwarf,cns5-5555,LP 760-3,M6.5V,4.264528705,4.757211738,-8.806752970,,,,,,,,,,16.956839,2000.0,Corrected CNS5 5555; J2000 Sun-relative Galactic position. SIMBAD exact CNS5 identity. Transverse-only source motion; radial velocity unavailable or withheld.,Aquarius,337.2249544738424,-13.42671543039278,2016.0,91.91107999352916,0.057705697,-328.06987243565084,0.06473297625780106,-1044.8714458469904,0.06010089069604874,,,2020yCat.1350....0G,
star,cns5-1115,Ross 594,M5V,-10.299592988,3.346800501,-1.112623410,,,,,,,,,,13.774515,2000.0,Corrected CNS5 1115; J2000 Sun-relative Galactic position. SIMBAD exact CNS5 identity. Transverse-only source motion; radial velocity unavailable or withheld.,Perseus,67.60697228135813,39.847325823269244,2016.0,91.85505129050384,0.034431484,274.7361941859391,0.032318565994501114,-565.4349499702367,0.025207918137311935,,,2020yCat.1350....0G,
brown_dwarf,cns5-1920,COCONUTS-2A,M3Ve,3.245875678,-9.472226409,-4.275509615,,,,,,,,,,11.091349,2000.0,Corrected CNS5 1920; J2000 Sun-relative Galactic position. SIMBAD exact CNS5 identity. Transverse-only source motion; radial velocity unavailable or withheld.,Chamaeleon,117.3008524617764,-76.70272278517169,2016.0,91.84802072993293,0.020662244,-102.15355740683796,0.02305961214005947,-192.91818402431983,0.02327767200767994,,,2020yCat.1350....0G,
brown_dwarf,cns5-4594,LP 229-17,M4V,3.725516645,9.521841070,3.743164198,,,,,,,,,,,2000.0,Corrected CNS5 4594; J2000 Sun-relative Galactic position. SIMBAD exact CNS5 identity. Transverse-only source motion; radial velocity unavailable or withheld.,Lyra,278.6530518091756,40.12307795291824,2016.0,91.84126285051923,0.020771883,57.530700180186585,0.023135781288146973,-206.46710980880266,0.021991414949297905,,,2020yCat.1350....0G,
brown_dwarf,cns5-4015,2MASS J16241436+0029158,T6V,8.893336870,2.313699315,5.849628998,,,,,,,,,,,2000.0,Corrected CNS5 4015; J2000 Sun-relative Galactic position. SIMBAD exact CNS5 identity. Transverse-only source motion; radial velocity unavailable or withheld.,Ophiuchus,246.0586561,0.4876902,2000.0,91.80000305175781,1.2,-372.8999938964844,1.600000023841858,-9.100000381469727,2.0,,,2014yCat.2328....0C; 2019ApJS..240...19K; 2003AJ....126..975T,
star,cns5-5888,HD 223778,K3V,-5.174628967,9.262872823,2.469733348,,,,4632,0.79425615,0.3990424,0.9810299,-0.4504,,6.194082,2000.0,Corrected CNS5 5888; J2000 Sun-relative Galactic position. SIMBAD exact CNS5 identity. Transverse-only source motion; radial velocity unavailable or withheld.,Cepheus,358.11138892073694,75.54465568935427,2016.0,91.79444281972258,0.048538342,309.8995309922522,0.0521869994699955,25.333606843800887,0.059433288872241974,,,2020yCat.1350....0G,
star,cns5-2444,LP 847-48,M3V,-1.506674997,-10.053398542,3.924333506,,,,,,,,,,11.894496,2000.0,Corrected CNS5 2444; J2000 Sun-relative Galactic position. SIMBAD exact CNS5 identity. Transverse-only source motion; radial velocity unavailable or withheld.,Antlia,148.8489090294773,-27.262009487759073,2016.0,91.76966100877534,0.04332832,-103.56458849597209,0.03798503801226616,-156.8137149499059,0.0360301174223423,,,2020yCat.1350....0G,
brown_dwarf,cns5-3019,2MASS J12171110-0311131,T7.5,1.601008824,-5.455184052,9.305885546,,,,,,,,,,,2000.0,Corrected CNS5 3019; J2000 Sun-relative Galactic position. SIMBAD exact CNS5 identity. Transverse-only source motion; radial velocity unavailable or withheld.,Virgo,184.2928236,-3.1867172,2000.0,91.69999694824219,2.2,-1054.4000244140625,1.7000000476837158,75.5999984741211,1.7999999523162842,,,2014yCat.2328....0C; 2019ApJS..240...19K; 2003AJ....126..975T,
star,cns5-3636,G 239-25,M3V,-2.127040953,7.079903780,8.047875872,,,,3254,,0.022659322,0.47363144,-0.9213,,10.515329,2000.0,Corrected CNS5 3636; J2000 Sun-relative Galactic position. SIMBAD exact CNS5 identity. Transverse-only source motion; radial velocity unavailable or withheld.,Ursa Minor,220.58662378500725,66.05561864866871,2016.0,91.5094080287178,0.01747775,-299.0311092008317,0.018353020772337914,-38.615056152959184,0.020901132375001907,,,2020yCat.1350....0G,
star,cns5-2903,Zavijava,F9V,0.048854304,-5.338912745,9.536019861,40.340144,5.383536,3.302828,6001,1.1741669,3.5893736,1.7525434,-0.0416,5.5639296,3.407107,2000.0,Corrected CNS5 2903; J2000 Sun-relative Galactic position. SIMBAD exact CNS5 identity. Full source space motion.,Virgo,177.67712091756832,1.763518531662046,2016.0,91.5,0.22,740.23,0.23000000417232513,-270.43,0.18000000715255737,0.43477845191955566,0.6787419319152832,2020yCat.1350....0G; 2007A&A...474..653V,2020yCat.1350....0G
star,cns5-4635,V816 Her,M5V,7.727251894,7.571711394,1.555517040,,,,,,,,,,12.666936,2000.0,Corrected CNS5 4635; J2000 Sun-relative Galactic position. SIMBAD exact CNS5 identity. Transverse-only source motion; radial velocity unavailable or withheld.,Hercules,280.6872687939103,13.906220985923317,2016.0,91.49285221562108,0.032201078,-31.03043266944882,0.028917161747813225,354.24853724040906,0.030147433280944824,,,2020yCat.1350....0G,
brown_dwarf,cns5-3637,G 239-25B,M8.1,-2.127689483,7.082411853,8.050593185,,,,,,,,,,15.806583,2000.0,Corrected CNS5 3637; J2000 Sun-relative Galactic position. SIMBAD exact CNS5 identity. Transverse-only source motion; radial velocity unavailable or withheld.,Ursa Minor,220.58818818669567,66.0555785489988,2016.0,91.47799682617188,0.026,-299.1499938964844,0.05000000074505806,-38.630001068115234,0.05000000074505806,,,2020yCat.1350....0G; 2018A&A...616A...1G,
star,cns5-3360,BD+36 2393,K7.5V,0.554999057,2.403078778,10.657277448,13.978277,4.455532,-17.283419,3739,0.5746476,0.064677484,0.60603064,-1.3867,13.204911,,2000.0,Corrected CNS5 3360; J2000 Sun-relative Galactic position. SIMBAD exact CNS5 identity. Full source space motion.,Canes Venatici,204.37162014920295,35.71750160326199,2016.0,91.41862076988522,0.020938095,319.9009139561304,0.008673369884490967,-58.70521530491003,0.013038224540650845,-15.149971961975098,0.17870329320430756,2020yCat.1350....0G,2020yCat.1350....0G
brown_dwarf,cns5-3841,2MASS J15345704-1418486,M8.6V,9.117748887,-1.316317966,5.899717043,-76.774066,-35.643437,-20.959989,,,,,,,,2000.0,Corrected CNS5 3841; J2000 Sun-relative Galactic position. SIMBAD exact CNS5 identity. Full source space motion.,Libra,233.73300367948724,-14.315148845721595,2016.0,91.42155251977951,0.11719514,-918.8055661272465,0.13638900220394135,-330.22722596645525,0.10076514631509781,-71.0,2.0,2020yCat.1350....0G,2015ApJS..220...18B
white_dwarf,cns5-4118,DN Dra,DA4.0,0.230847511,8.540188232,6.841654036,,,,,,,,,,11.973891,2000.0,Corrected CNS5 4118; J2000 Sun-relative Galactic position. SIMBAD exact CNS5 identity. Transverse-only source motion; radial velocity unavailable or withheld.,Draco,252.10793777808894,59.05497068953857,2016.0,91.3646581543872,0.028016314,131.71245019856718,0.024245070293545723,-297.78257125969765,0.0342424176633358,,,2020yCat.1350....0G,
star,cns5-2925,LP 851-346,M7.5V,2.409830592,-8.202283095,6.838479511,-15.672597,-3.496464,-19.643507,,,,,,,,2000.0,Corrected CNS5 2925; J2000 Sun-relative Galactic position. SIMBAD exact CNS5 identity. Full source space motion.,Crater,178.92674906227322,-22.4171647007583,2016.0,91.346167488755,0.07860013,-374.49965138992366,0.06039544939994812,-187.21836124474873,0.04275284707546234,-13.1,3.0,2020yCat.1350....0G,2009ApJ...705.1416R
star,cns5-3124,LP 853-12,,4.403347040,-7.726013703,6.420095055,,,,,,,,,,,2000.0,Corrected CNS5 3124; J2000 Sun-relative Galactic position. SIMBAD exact CNS5 identity. Transverse-only source motion; radial velocity unavailable or withheld.,Hydra,189.8989000476626,-26.970549522793522,2016.0,91.17381428783433,0.036436807,-585.3449500720222,0.034344058483839035,-188.54212253493628,0.024634413421154022,,,2020yCat.1350....0G,
star,cns5-0906,CD-45 1184,M2.5V,-1.977859538,-6.235391822,-8.803800211,,,,3377,,0.014381335,0.35023916,-0.1769,,11.277346,2000.0,Corrected CNS5 906; J2000 Sun-relative Galactic position. SIMBAD exact CNS5 identity. Transverse-only source motion; radial velocity unavailable or withheld.,Horologium,53.23079051788499,-44.701350214389144,2016.0,91.1736002247572,0.016712356,-311.4933816955376,0.01678837090730667,133.9462435548369,0.01929689198732376,,,2020yCat.1350....0G,
brown_dwarf,cns5-3586,LP 271-25,M9Ve,2.343305836,3.337867959,10.183690394,6.215666,-49.330368,-27.426092,,,,,,,,2000.0,Corrected CNS5 3586; J2000 Sun-relative Galactic position. SIMBAD exact CNS5 identity. Full source space motion.,Bootes,217.1782722724106,33.17441210569135,2016.0,91.16336899570281,0.10302341,-346.9611343684929,0.040562696754932404,-710.9860904382231,0.08512166887521744,-39.14,0.38,2020yCat.1350....0G,2016ApJS..225...10F
star,cns5-3269,HD 115404,K2V,2.007534493,-0.961799425,10.754471687,35.868767,7.496866,1.800968,4877,0.7660175,0.30242664,0.7704703,-0.3319,13.048174,6.456506,2000.0,Corrected CNS5 3269; J2000 Sun-relative Galactic position. SIMBAD exact CNS5 identity. Full source space motion.,Coma Berenices,199.21567170723338,17.016001701566957,2016.0,91.05343540598753,0.026892792,636.2847352220447,0.02814299613237381,-264.6782850201493,0.0306677408516407,7.665587902069092,0.15727250277996063,2020yCat.1350....0G,2020yCat.1350....0G
star,cns5-2414,L 750-52,M3.5Ve,-2.933710842,-9.432395454,4.808370951,,,,3024,,0.009860059,0.3616745,-0.7233,,12.250757,2000.0,Corrected CNS5 2414; J2000 Sun-relative Galactic position. SIMBAD exact CNS5 identity. Transverse-only source motion; radial velocity unavailable or withheld.,Hydra,146.18979553814498,-18.214363698648825,2016.0,91.0230658177128,0.030337285,-1600.529025471776,0.02797650918364525,-171.23070909946892,0.02254413813352585,,,2020yCat.1350....0G,
star,cns5-3270,HD 115404B,M0.5V,2.009384469,-0.962369422,10.762353303,36.089619,8.106125,-0.114234,3491,,0.047917344,0.59815776,-0.9008,,9.154904,2000.0,Corrected CNS5 3270; J2000 Sun-relative Galactic position. SIMBAD exact CNS5 identity. Full source space motion.,Coma Berenices,199.21782799373887,17.015463674461422,2016.0,90.98653508157598,0.026137501,649.6655266865097,0.030545871704816818,-263.93659146095473,0.026126548647880554,5.778536319732666,0.49666956067085266,2020yCat.1350....0G,2020yCat.1350....0G
star,cns5-2899,Denebola,A3Va,-1.199206309,-3.412991177,10.388020291,,,,,,,,,,1.923058,2000.0,Corrected CNS5 2899; J2000 Sun-relative Galactic position. SIMBAD exact CNS5 identity. Transverse-only source motion; radial velocity unavailable or withheld.,Leo,177.26615959508663,14.572336778827237,1991.25,90.91000366210938,0.52,-497.68,0.8700000047683716,-114.67,0.4399999976158142,,,2007A&A...474..653V,
star,cns5-4363,HD 160346,K3-V,9.274423744,4.883523827,3.336739352,,,,,,,,,,6.318058,2000.0,Corrected CNS5 4363; J2000 Sun-relative Galactic position. SIMBAD exact CNS5 identity. Transverse-only source motion; radial velocity unavailable or withheld.,Ophiuchus,264.82092133152514,3.555478046855174,1991.25,90.91000366210938,0.67,-179.3,0.4399999976158142,-96.6,0.3199999928474426,,,2007A&A...474..653V,
star,cns5-2869,CD-51 5974,M0V,4.132245669,-10.046484767,1.842711052,39.727792,9.639308,-17.354851,,,,,,,10.149427,2000.0,Corrected CNS5 2869; J2000 Sun-relative Galactic position. SIMBAD exact CNS5 identity. Full source space motion.,Centaurus,175.83729025207458,-51.84293422356801,2016.0,90.75768543446523,0.019374985,654.3030203629564,0.013715183362364769,-539.5169693455008,0.014528917148709297,3.210655927658081,0.2646479308605194,2020yCat.1350....0G,2020yCat.1350....0G
star,cns5-2861,Ross 1003,M4.0V,-3.739304904,1.315898853,10.282759017,,,,,,,,,,13.584014,2000.0,Corrected CNS5 2861; J2000 Sun-relative Galactic position. SIMBAD exact CNS5 identity. Transverse-only source motion; radial velocity unavailable or withheld.,Ursa Major,175.43249920718978,42.75157375642011,2016.0,90.74084270293733,0.028733851,-575.5275719239164,0.025830790400505066,-89.7993694165327,0.02451373264193535,,,2020yCat.1350....0G,
brown_dwarf,cns5-1976,WISE J075946.98-490454.0,T8,-1.236633956,-10.787905182,-1.910592691,,,,,,,,,,,2000.0,Corrected CNS5 1976; J2000 Sun-relative Galactic position. SIMBAD exact CNS5 identity. Transverse-only source motion; radial velocity unavailable or withheld.,Puppis,119.9457706,-49.0816695,2000.0,90.7,2.1,-370.7,0.8,250.0,0.8,,,2014yCat.2328....0C; 2021ApJS..253....7K,
white_dwarf,cns5-5346,EGGR 148,DQ6,2.695482238,9.746152800,-4.429658321,,,,,,,,,,,2000.0,Corrected CNS5 5346; J2000 Sun-relative Galactic position. SIMBAD exact CNS5 identity. Transverse-only source motion; radial velocity unavailable or withheld.,Pegasus,325.66979005004237,20.996591687683974,2016.0,90.58216621928408,0.020708825,-224.66717097233513,0.018416259437799454,-649.6145288326695,0.017847353592514992,,,2020yCat.1350....0G,
star,cns5-5510,Wolf 1561 A,M4V,4.409727938,5.703764995,-8.373315383,,,,,,,,,,,2000.0,Corrected CNS5 5510; J2000 Sun-relative Galactic position. SIMBAD exact CNS5 identity. Transverse-only source motion; radial velocity unavailable or withheld.,Aquarius,334.3269747930502,-8.804702900332636,2016.0,90.50198271825771,0.27551022,-462.214530864671,0.24887673556804657,-288.04865490851233,0.21150854229927063,,,2020yCat.1350....0G,
star,cns5-0483,HD 11507,M0V,-2.671412093,-0.850402266,-10.695027792,-35.829434,-28.715174,-1.227084,,,,,,,8.664938,2000.0,Corrected CNS5 483; J2000 Sun-relative Galactic position. SIMBAD exact CNS5 identity. Full source space motion.,Cetus,28.208951776479687,-22.43486455959262,2016.0,90.44401174014133,0.024095323,845.6319915928295,0.02018384262919426,-1.5052937240260984,0.01601255312561989,12.055540084838867,0.17665086686611176,2020yCat.1350....0G,2020yCat.1350....0G
star,cns5-0690,LP 993-115,M4,-1.238210212,-5.103696009,-9.763626006,,,,3018,,0.010282543,0.370875,-0.7791,,12.116038,2000.0,Corrected CNS5 690; J2000 Sun-relative Galactic position. SIMBAD exact CNS5 identity. Transverse-only source motion; radial velocity unavailable or withheld.,Eridanus,41.29488660260175,-43.74395570978885,2016.0,90.20023739484385,0.027946087,32.03215381662319,0.021304665133357048,-387.7982537222423,0.02758781611919403,,,2020yCat.1350....0G,
star,cns5-1223,CD-56 1032A,M3Ve,-0.865497677,-8.628179179,-6.910039088,,,,3119,,0.025681978,0.5486465,-0.8173,,10.579739,2000.0,Corrected CNS5 1223; J2000 Sun-relative Galactic position. SIMBAD exact CNS5 identity. Transverse-only source motion; radial velocity unavailable or withheld.,Dorado,73.38100536092082,-55.8599651712478,2016.0,90.1877888664208,0.01861272,126.14333954919115,0.020289316773414612,76.77077905086564,0.023324940353631973,,,2020yCat.1350....0G,
star,cns5-1222,CD-56 1032B,M4Ve,-0.865847490,-8.629169802,-6.911279510,,,,3000,,0.014155294,0.4402809,-0.7384,,13.695431,2000.0,Corrected CNS5 1222; J2000 Sun-relative Galactic position. SIMBAD exact CNS5 identity. Transverse-only source motion; radial velocity unavailable or withheld.,Dorado,73.37843024194483,-55.858486559127094,2016.0,90.17501075449682,0.023328459,146.19458702275685,0.023093992844223976,69.54066279035128,0.0284623671323061,,,2020yCat.1350....0G,
star,cns5-4496,HD 166620,K2V,4.222525183,9.194605630,4.548717924,16.813869,-31.234490,0.304285,4914,,0.35742944,0.8247713,-0.3607,,6.174696,2000.0,Corrected CNS5 4496; J2000 Sun-relative Galactic position. SIMBAD exact CNS5 identity. Full source space motion.,Hercules,272.40410478228273,38.45569569551031,2016.0,90.14706882131944,0.017807031,-316.45442321519323,0.017659565433859825,-468.3476190825831,0.019876208156347275,-19.362430572509766,0.16987942159175873,2020yCat.1350....0G,2020yCat.1350....0G
brown_dwarf,cns5-4558,LSR J1826+3014,M8.5V,5.557031594,8.954174244,3.487674363,,,,,,,,,,19.133282,2000.0,Corrected CNS5 4558; J2000 Sun-relative Galactic position. SIMBAD exact CNS5 identity. Transverse-only source motion; radial velocity unavailable or withheld.,Lyra,276.5340620561428,30.235540273676598,2016.0,90.08581468837797,0.08716611,-2290.7519787691344,0.08501981198787689,-683.2741440174942,0.09346286952495575,,,2020yCat.1350....0G,
star,cns5-0283,G 218-20,dM5.5,-6.215886680,9.046413922,-1.671160908,,,,,,,,,,,2000.0,Corrected CNS5 283; J2000 Sun-relative Galactic position. SIMBAD exact CNS5 identity. Transverse-only source motion; radial velocity unavailable or withheld.,Cassiopeia,15.495585706669338,54.18217771927336,2016.0,90.06902797930701,0.031897258,-304.13454039362045,0.019989781081676483,-116.38279060949287,0.019536634907126427,,,2020yCat.1350....0G,
star,cns5-4720,HD 176029,M1.0V,8.635019357,6.976891256,0.239662306,,,,3561,0.5864519,0.06956438,0.69283473,-0.7388,9.750143,8.989610,2000.0,Corrected CNS5 4720; J2000 Sun-relative Galactic position. SIMBAD exact CNS5 identity. Transverse-only source motion; radial velocity unavailable or withheld.,Serpens,284.49969040220066,5.902697482860106,2016.0,90.05793298967511,0.024210915,-196.32762243153542,0.02134113200008869,-1220.6109783810218,0.020738307386636734,,,2020yCat.1350....0G,
star,cns5-0192,54 Psc,K0.5V,-4.053373111,7.260792643,-7.365581447,40.088865,-19.507782,8.482347,5111,,0.52988535,0.9284035,-0.0824,,5.651706,2000.0,Corrected CNS5 192; J2000 Sun-relative Galactic position. SIMBAD exact CNS5 identity. Full source space motion.,Pisces,9.838652915455736,21.24883304644718,2016.0,90.02481648583029,0.055084005,-461.94828899560946,0.06768505275249481,-369.6242681666145,0.02535584196448326,-33.00136947631836,0.16336490213871002,2020yCat.1350....0G,2020yCat.1350....0G
brown_dwarf,cns5-3974,WISE J161215.94-342028.5,T6.5,10.404767722,-3.097049295,2.367674902,,,,,,,,,,,2000.0,Corrected CNS5 3974; J2000 Sun-relative Galactic position. SIMBAD exact CNS5 identity. Transverse-only source motion; radial velocity unavailable or withheld.,Scorpius,243.0663568,-34.3412721,2000.0,90.0,2.7,-292.0,1.0,-587.5,1.0,,,2014yCat.2328....0C; 2021ApJS..253....7K,
star,cns5-2133,SCR J0838-5855,M6e,0.941212459,-10.880420262,-2.051068441,,,,,,,,,,16.921041,2000.0,Corrected CNS5 2133; J2000 Sun-relative Galactic position. SIMBAD exact CNS5 identity. Transverse-only source motion; radial velocity unavailable or withheld.,Carina,129.50851733832945,-58.934301092646784,2016.0,89.99288677083074,0.25223225,-56.97297649719137,0.31555700302124023,-313.6540340521684,0.30198314785957336,,,2020yCat.1350....0G,
star,cns5-4704,MCC 188,M3Ve,8.395457748,7.265259948,0.569119913,,,,3217,,0.05768156,0.7748338,-0.488,,9.964028,2000.0,Corrected CNS5 4704; J2000 Sun-relative Galactic position. SIMBAD exact CNS5 identity. Transverse-only source motion; radial velocity unavailable or withheld.,Aquila,283.8646200933993,8.402201722468257,2016.0,89.95089823777997,0.029366057,91.47788429458905,0.02570430189371109,-69.0216378687386,0.025336597114801407,,,2020yCat.1350....0G,
star,cns5-1808,SCR J0717-0501,M3.5V,-8.467657783,-7.195043005,0.666717769,,,,,,,,,,12.987196,2000.0,Corrected CNS5 1808; J2000 Sun-relative Galactic position. SIMBAD exact CNS5 identity. Transverse-only source motion; radial velocity unavailable or withheld.,Monoceros,109.32310142871492,-5.0193865914700995,2016.0,89.83366928336055,0.034493435,420.99601533475544,0.030185630545020103,-390.2658197052022,0.028058260679244995,,,2020yCat.1350....0G,
brown_dwarf,cns5-0191,54 Psc B,T7.5,-4.063775940,7.279426940,-7.384484504,,,,,,,,,,,2000.0,Corrected CNS5 191; J2000 Sun-relative Galactic position. SIMBAD exact CNS5 identity. Transverse-only source motion; radial velocity unavailable or withheld.,Pisces,9.83872175156,21.24888443917,2015.5,89.79000091552734,0.06,-462.05999755859375,0.10999999940395355,-369.80999755859375,0.05999999865889549,,,2018A&A...616A...1G,
star,cns5-5509,Wolf 1561 B,M5V,4.447808339,5.752304603,-8.444985780,,,,,,,,,,,2000.0,Corrected CNS5 5509; J2000 Sun-relative Galactic position. SIMBAD exact CNS5 identity. Transverse-only source motion; radial velocity unavailable or withheld.,Aquarius,334.3256811695789,-8.806486660337637,2016.0,89.73400494631565,0.17334878,-495.5187167418889,0.14982350170612335,-251.39999458867172,0.1278211772441864,,,2020yCat.1350....0G,
star,cns5-0687,Theta Per,F8V,-8.563328651,6.893586710,-1.861287154,-30.991823,1.822144,-0.956657,6281,1.1880293,2.3408136,1.2919663,-0.3648,2.774404,3.873678,2000.0,Corrected CNS5 687; J2000 Sun-relative Galactic position. SIMBAD exact CNS5 identity. Full source space motion.,Perseus,41.05222216366374,49.22805187168278,2016.0,89.68495177109118,0.18789814,334.70816467359896,0.18234768509864807,-89.25073359566134,0.16147582232952118,25.089426040649414,0.6637035012245178,2020yCat.1350....0G,2020yCat.1350....0G
star,cns5-3474,BD+47 2112A,M2V,-0.113082459,4.501064058,10.208964601,23.904306,1.344994,-45.144649,3641,,0.040602446,0.50643605,-0.4583,,,2000.0,Corrected CNS5 3474; J2000 Sun-relative Galactic position. SIMBAD exact CNS5 identity. Full source space motion.,Canes Venatici,210.6418022886379,46.33971658723269,2016.0,89.6292167191529,0.032517243,575.1389568209214,0.02031327597796917,-40.58667997232523,0.027637772262096405,-41.00416946411133,0.3183927536010742,2020yCat.1350....0G,2020yCat.1350....0G
star,cns5-3475,BD+47 2112B,M2.5V,-0.113233516,4.504439059,10.216147151,,,,3499,,0.036776945,0.5216759,-1.1174,,,2000.0,Corrected CNS5 3475; J2000 Sun-relative Galactic position. SIMBAD exact CNS5 identity. Transverse-only source motion; radial velocity unavailable or withheld.,Canes Venatici,210.64244517648848,46.34065650294364,2016.0,89.56013602324192,0.032038033,582.1063958076784,0.020965008065104485,-44.60060737114146,0.02724740467965603,,,2020yCat.1350....0G,
white_dwarf,cns5-2037,UPM J0812-3529,DAH,-3.241870928,-10.685585376,-0.155535509,,,,,,,,,,14.230198,2000.0,Corrected CNS5 2037; J2000 Sun-relative Galactic position. SIMBAD exact CNS5 identity. Transverse-only source motion; radial velocity unavailable or withheld.,Puppis,123.11241756747457,-35.49549759663225,2016.0,89.54462398407368,0.016675023,-65.47944990434657,0.016051292419433594,-29.204493755420287,0.01775907725095749,,,2020yCat.1350....0G,
star,cns5-0686,Theta Per B,M1.5V,-8.588994203,6.915651896,-1.866833603,,,,3547,,0.042026807,0.56593406,-0.4062,,9.627012,2000.0,Corrected CNS5 686; J2000 Sun-relative Galactic position. SIMBAD exact CNS5 identity. Transverse-only source motion; radial velocity unavailable or withheld.,Perseus,41.044939504692216,49.23139692008499,2016.0,89.41334984185114,0.036046438,317.2462548195822,0.031426914036273956,-60.4091315736588,0.028520220890641212,,,2020yCat.1350....0G,
star,cns5-1532,L 380-8,M3.5V,-3.350308572,-9.543757807,-4.778432814,,,,3245,,0.01005908,0.3172817,-0.0461,,11.986498,2000.0,Corrected CNS5 1532; J2000 Sun-relative Galactic position. SIMBAD exact CNS5 identity. Transverse-only source motion; radial velocity unavailable or withheld.,Puppis,92.7211184738034,-43.40164255784951,2016.0,89.39220911484875,0.023059132,131.1570219085497,0.023134302347898483,734.0299500140638,0.027963094413280487,,,2020yCat.1350....0G,
star,cns5-3404,L 762-51,dM3.5,6.334922715,-5.176431200,7.632408667,,,,3071,,0.015101242,0.43400043,-0.7144,,11.628160,2000.0,Corrected CNS5 3404; J2000 Sun-relative Galactic position. SIMBAD exact CNS5 identity. Transverse-only source motion; radial velocity unavailable or withheld.,Virgo,206.45987655621826,-17.97068075088794,2016.0,89.37826598732167,0.025104767,-307.0500092094584,0.028078177943825722,-552.440218063657,0.02312972955405712,,,2020yCat.1350....0G,
star,cns5-2159,HD 74576,K3V,-2.046173236,-10.992893380,0.432504480,-26.010654,-8.264364,-0.927208,4851,0.7809653,0.320331,0.801242,-0.445,11.380833,6.315837,2000.0,Corrected CNS5 2159; J2000 Sun-relative Galactic position. SIMBAD exact CNS5 identity. Full source space motion.,Vela,130.82340727277085,-38.88086880797599,2016.0,89.36329558081455,0.017233308,-301.128366098539,0.013801033608615398,340.1991349714583,0.015906987711787224,12.839964866638184,0.14742007851600647,2020yCat.1350....0G,2020yCat.1350....0G
star,cns5-1152,BD-11 916,M1V,-8.169273614,-4.274058750,-6.373021175,14.890607,3.029945,-8.583862,,,,,,,10.083353,2000.0,Corrected CNS5 1152; J2000 Sun-relative Galactic position. SIMBAD exact CNS5 identity. Full source space motion.,Eridanus,69.42341319622317,-11.03975218734874,2016.0,89.22264846119108,0.022381073,-226.92285239186498,0.013824762776494026,-195.98696840478453,0.010792181827127934,-7.127594470977783,0.2272440493106842,2020yCat.1350....0G,2020yCat.1350....0G
star,cns5-1822,L 136-37,M3,0.606234917,-10.482840248,-3.923732526,,,,,,,,,,12.114067,2000.0,Corrected CNS5 1822; J2000 Sun-relative Galactic position. SIMBAD exact CNS5 identity. Transverse-only source motion; radial velocity unavailable or withheld.,Carina,110.21409706569334,-62.16902108648849,2016.0,89.20995743204931,0.016514389,-285.6815317881906,0.020663214847445488,194.7973216918387,0.016649827361106873,,,2020yCat.1350....0G,
white_dwarf,cns5-1446,EGGR 248,DQ8P,-9.796655978,-4.801258746,-2.603789250,,,,,,,,,,14.350744,2000.0,Corrected CNS5 1446; J2000 Sun-relative Galactic position. SIMBAD exact CNS5 identity. Transverse-only source motion; radial velocity unavailable or withheld.,Orion,87.83167502627973,-0.17152175238197023,2016.0,89.15564639998351,0.022616299,112.63953933104447,0.020369764417409897,226.80277586254422,0.017012108117341995,,,2020yCat.1350....0G,
star,cns5-3799,Ross 508,dM5.0,6.000829227,2.882399032,9.029744856,,,,3071,,0.0040579354,0.22501628,-0.1304,,,2000.0,Corrected CNS5 3799; J2000 Sun-relative Galactic position. SIMBAD exact CNS5 identity. Transverse-only source motion; radial velocity unavailable or withheld.,Serpens,230.9612451438866,17.460359765121662,2016.0,89.13857536561535,0.041683488,-391.91863369696966,0.03449738770723343,-1259.296213895556,0.03406566008925438,,,2020yCat.1350....0G,
star,cns5-2140,LSPM J0840+3127,M3.5V,-8.893878627,-1.929785881,6.565312826,,,,3057,,0.010590496,0.3671994,-0.769,,,2000.0,Corrected CNS5 2140; J2000 Sun-relative Galactic position. SIMBAD exact CNS5 identity. Transverse-only source motion; radial velocity unavailable or withheld.,Cancer,130.06766840125894,31.45242630658037,2016.0,89.1123741282693,0.034261264,205.52677218211113,0.03246883675456047,120.36027842982381,0.025073809549212456,,,2020yCat.1350....0G,
star,cns5-1111,HD 28343,M0.5V,-10.636518114,0.848460885,-3.485154478,33.529414,6.740118,14.225373,3815,,0.12628733,0.81379455,-0.5783,,8.049059,2000.0,Corrected CNS5 1111; J2000 Sun-relative Galactic position. SIMBAD exact CNS5 identity. Full source space motion.,Taurus,67.25019487312947,21.92347532672426,2016.0,89.09111181933926,0.026612416,-67.01749247499168,0.028457380831241608,174.62675301173243,0.020580705255270004,-35.67855453491211,0.1247863844037056,2020yCat.1350....0G,2020yCat.1350....0G
brown_dwarf,cns5-4819,2MASS J19251275+0700362,L7,8.187801675,7.646712681,-0.831955810,,,,,,,,,,,2000.0,Corrected CNS5 4819; J2000 Sun-relative Galactic position. SIMBAD exact CNS5 identity. Transverse-only source motion; radial velocity unavailable or withheld.,Aquila,291.30336434653685,7.011040959824217,2016.0,89.01488724559881,0.61103773,42.87823148027395,0.6778112649917603,212.7176522183686,0.5884185433387756,,,2020yCat.1350....0G,
star,cns5-2372,11 LMi,G8Va,-7.463384139,-1.114873830,8.322868813,-36.502620,-17.771714,-15.693194,5455,0.86604714,0.7891569,0.99452156,-0.1918,,5.087221,2000.0,Corrected CNS5 2372; J2000 Sun-relative Galactic position. SIMBAD exact CNS5 identity. Full source space motion.,Leo Minor,143.9106108359265,35.80898121341234,2016.0,89.009238360773,0.107262366,-726.5138772891685,0.07000743597745895,-259.0574508049622,0.06208901107311249,14.389669418334961,0.1688217669725418,2020yCat.1350....0G,2020yCat.1350....0G
star,cns5-2373,11 LMi B,,-7.465700231,-1.115068772,8.325865435,,,,,,,,,,12.746491,2000.0,Corrected CNS5 2373; J2000 Sun-relative Galactic position. SIMBAD exact CNS5 identity. Transverse-only source motion; radial velocity unavailable or withheld.,Leo Minor,143.9127091741506,35.809996593021495,2016.0,88.9811810849401,0.11249218,-674.0793946509814,0.10581477731466293,-215.7696217331531,0.1122715100646019,,,2020yCat.1350....0G,
star,cns5-3922,Gamma Ser,F6V,6.957505921,3.657334902,8.053521157,57.275172,-33.703142,-24.251510,6183,1.2285318,3.054756,1.5233457,-0.3494,3.7692122,3.583554,2000.0,Corrected CNS5 3922; J2000 Sun-relative Galactic position. SIMBAD exact CNS5 identity. Full source space motion.,Serpens,239.11469743534354,15.655912590196278,2016.0,88.86000061035156,0.18,310.93,0.20000000298023224,-1282.19,0.18000000715255737,7.108845233917236,0.4305015802383423,2020yCat.1350....0G; 2007A&A...474..653V,2020yCat.1350....0G
brown_dwarf,cns5-4048,G 180-60,M6V,3.498223052,7.419986323,7.706414372,,,,,,,,,,,2000.0,Corrected CNS5 4048; J2000 Sun-relative Galactic position. SIMBAD exact CNS5 identity. Transverse-only source motion; radial velocity unavailable or withheld.,Hercules,247.8274448005916,40.86572384148289,2016.0,88.84674955086194,0.033419855,-143.43409539986135,0.02839604765176773,306.26762215919723,0.03474875167012215,,,2020yCat.1350....0G,
star,cns5-3517,Arcturus,K1.5IIIFe-0.5,3.876210584,1.042258139,10.517558774,,,,,,,,,,-0.307202,2000.0,Corrected CNS5 3517; J2000 Sun-relative Galactic position. SIMBAD exact CNS5 identity. Transverse-only source motion; radial velocity unavailable or withheld.,Bootes,213.91811407697244,19.187270460134823,1991.25,88.83000183105469,0.54,-1093.39,0.4399999976158142,-2000.06,0.38999998569488525,,,2007A&A...474..653V,
star,cns5-1860,G 107-69,M4V,-9.959284596,1.761420900,4.970732427,,,,,,,,,,,2000.0,Corrected CNS5 1860; J2000 Sun-relative Galactic position. SIMBAD exact CNS5 identity. Transverse-only source motion; radial velocity unavailable or withheld.,Lynx,112.67690130725812,48.19395397764997,2016.0,88.73630426235654,0.037145518,-201.28231349716827,0.0268771443516016,-1272.162430366848,0.020135799422860146,,,2020yCat.1350....0G,
star,cns5-4092,LP 625-34,M5V,9.397803973,2.913649131,5.503049949,,,,,,,,,,,2000.0,Corrected CNS5 4092; J2000 Sun-relative Galactic position. SIMBAD exact CNS5 identity. Transverse-only source motion; radial velocity unavailable or withheld.,Ophiuchus,250.02571538084769,0.7045342401421566,2016.0,88.70365725723838,0.03647515,175.79620639780794,0.03325142711400986,-158.0057248741521,0.025178058072924614,,,2020yCat.1350....0G,
brown_dwarf,cns5-4106,2MASS J16452211-1319516,L1.5,10.528462965,0.947477567,3.918479581,32.732649,-43.586891,0.263269,,,,,,,,2000.0,Corrected CNS5 4106; J2000 Sun-relative Galactic position. SIMBAD exact CNS5 identity. Full source space motion.,Ophiuchus,251.34039587353647,-13.334776311065896,2016.0,88.69700701248088,0.12415345,-362.2804927468534,0.14918144047260284,-808.5515822721368,0.10278671234846115,27.0,2.0,2020yCat.1350....0G,2015ApJS..220...18B
star,cns5-2433,HD 85512,K6Vk:,0.326430572,-11.156783230,1.600428764,34.805320,10.046343,-5.076025,,,,,,,7.390280,2000.0,Corrected CNS5 2433; J2000 Sun-relative Galactic position. SIMBAD exact CNS5 identity. Full source space motion.,Vela,147.782210929189,-43.50488163509864,2016.0,88.687417225418,0.01962496,461.602651657524,0.015424760989844799,-471.87967423788234,0.019162410870194435,-9.651432037353516,0.17029330134391785,2020yCat.1350....0G,2020yCat.1350....0G
star,cns5-4251,PM J17189-4131,dM6.5,10.954534934,-2.633216948,-0.457358442,,,,,,,,,,15.679253,2000.0,Corrected CNS5 4251; J2000 Sun-relative Galactic position. SIMBAD exact CNS5 identity. Transverse-only source motion; radial velocity unavailable or withheld.,Scorpius,259.72598916547736,-41.53185283525289,2016.0,88.68509332672956,0.07575826,-219.63509911660066,0.06357811391353607,-911.9654853010617,0.05007714033126831,,,2020yCat.1350....0G,
star,cns5-4917,PM J19515-3510B,,10.049159730,0.904303347,-5.105124054,,,,,,,,,,,2000.0,Corrected CNS5 4917; J2000 Sun-relative Galactic position. SIMBAD exact CNS5 identity. Transverse-only source motion; radial velocity unavailable or withheld.,Sagittarius,297.901838319155,-35.17702653343996,2016.0,88.4347649003888,0.06530887,351.07870348587363,0.04035057872533798,45.55229897156201,0.03027079440653324,,,2020yCat.1350....0G,
brown_dwarf,cns5-0290,LP 938-71,M8.0V,0.749511662,-1.977797336,-11.117201420,-72.987977,-32.571682,5.972959,,,,,,,18.306419,2000.0,Corrected CNS5 290; J2000 Sun-relative Galactic position. SIMBAD exact CNS5 identity. Full source space motion.,Sculptor,15.720962344336396,-37.627709358232806,2016.0,88.36634164803257,0.05896312,1469.8930685963305,0.044165898114442825,250.77300544152885,0.03974296897649765,-5.0,2.0,2020yCat.1350....0G,2015ApJS..220...18B
star,cns5-0443,G 3-14,M2V,-5.266032957,3.468809059,-9.399650404,48.153669,-24.015405,-3.730683,3452,,0.02311022,0.42495042,-0.0772,,10.645982,2000.0,Corrected CNS5 443; J2000 Sun-relative Galactic position. SIMBAD exact CNS5 identity. Full source space motion.,Pisces,25.832196670357842,4.318255356429924,2016.0,88.35132770752492,0.026081298,-422.4133313786974,0.03124091774225235,-765.0324158439888,0.022788766771554947,-26.661685943603516,0.2915567457675934,2020yCat.1350....0G,2020yCat.1350....0G
brown_dwarf,cns5-1741,2MASS J07003664+3157266,L3+L6.5,-10.863780451,-0.889179921,3.075648776,41.247991,-26.008098,-18.034789,,,,,,,,2000.0,Corrected CNS5 1741; J2000 Sun-relative Galactic position. SIMBAD exact CNS5 identity. Full source space motion.,Gemini,105.15346805778951,31.954629846701277,2016.0,88.30000305175781,0.3,92.0999984741211,0.6000000238418579,-552.2999877929688,0.5,-42.42,0.09,2020yCat.1350....0G; 2018A&A...616A...1G,2010ApJ...723..684B
star,cns5-4916,PM J19515-3510A,,10.075155108,0.906643758,-5.118209375,,,,3067,,0.003421426,0.20750517,-0.8403,,,2000.0,Corrected CNS5 4916; J2000 Sun-relative Galactic position. SIMBAD exact CNS5 identity. Transverse-only source motion; radial velocity unavailable or withheld.,Sagittarius,297.90137035633575,-35.17664567118845,2016.0,88.20701360002398,0.09401733,382.708506174455,0.06300094723701477,97.08986541245967,0.04450540244579315,,,2020yCat.1350....0G,
brown_dwarf,cns5-0187,WISE J003829.05+275852.1,T9,-4.577096871,8.106878605,-6.471164130,,,,,,,,,,,2000.0,Corrected CNS5 187; J2000 Sun-relative Galactic position. SIMBAD exact CNS5 identity. Transverse-only source motion; radial velocity unavailable or withheld.,Andromeda,9.6211165,27.9811198,2000.0,88.2,2.0,-12.0,0.9,92.4,1.0,,,2014yCat.2328....0C; 2021ApJS..253....7K,
star,cns5-1405,LSR J0539+4038,M8.0Ve,-11.117507252,2.090051614,1.002475500,-19.717139,-53.798978,6.733652,,,,,,,16.723759,2000.0,Corrected CNS5 1405; J2000 Sun-relative Galactic position. SIMBAD exact CNS5 identity. Full source space motion.,Auriga,84.85713696339813,40.64152329977908,2016.0,88.05329767556894,0.08470236,646.1495920545658,0.08566704392433167,-834.4919233149807,0.05061715096235275,10.0,30.0,2020yCat.1350....0G,2003AJ....125.1598L
star,cns5-4529,G 204-58,M3V,4.229838075,9.584011862,4.386521037,,,,3132,,0.012227438,0.3756145,-0.8529,,11.583640,2000.0,Corrected CNS5 4529; J2000 Sun-relative Galactic position. SIMBAD exact CNS5 identity. Transverse-only source motion; radial velocity unavailable or withheld.,Lyra,274.5155374143846,38.77115776695709,2016.0,88.04973989385438,0.019112676,-363.83400739012757,0.017821360379457474,-1027.3832214463705,0.019475698471069336,,,2020yCat.1350....0G,
brown_dwarf,cns5-3882,2MASSI J1546271-332511,T5.7,10.231858474,-3.731122127,3.243459764,,,,,,,,,,,2000.0,Corrected CNS5 3882; J2000 Sun-relative Galactic position. SIMBAD exact CNS5 identity. Transverse-only source motion; radial velocity unavailable or withheld.,Lupus,236.6137493,-33.4192417,2000.0,88.0,1.9,121.0999984741211,2.299999952316284,190.10000610351562,2.299999952316284,,,2014yCat.2328....0C; 2003AJ....126..975T,
star,cns5-4528,G 204-57,M4V,4.232680709,9.590275623,4.389981872,,,,,,,,,,13.242172,2000.0,Corrected CNS5 4528; J2000 Sun-relative Galactic position. SIMBAD exact CNS5 identity. Transverse-only source motion; radial velocity unavailable or withheld.,Lyra,274.51201441539496,38.771513591166915,2016.0,87.99022975413361,0.02587443,-377.5615428610884,0.020263921469449997,-1050.7836408419616,0.024953246116638184,,,2020yCat.1350....0G,
brown_dwarf,cns5-4566,2MASS J18283572-4849046,T6,10.583548955,-2.628842949,-3.240969999,,,,,,,,,,,2000.0,Corrected CNS5 4566; J2000 Sun-relative Galactic position. SIMBAD exact CNS5 identity. Transverse-only source motion; radial velocity unavailable or withheld.,Telescopium,277.1498722,-48.8177759,2000.0,87.9000015258789,2.0,234.60000610351562,2.5,88.30000305175781,2.5999999046325684,,,2014yCat.2328....0C; 2013MNRAS.433.2054S,
star,cns5-3442,Muphrid,G0IV,3.311944829,0.306570476,10.899821633,,,,,,,,,,2.396236,2000.0,Corrected CNS5 3442; J2000 Sun-relative Galactic position. SIMBAD exact CNS5 identity. Transverse-only source motion; radial velocity unavailable or withheld.,Bootes,208.67131828784778,18.39858670408873,1991.25,87.75,1.24,-60.95,1.1399999856948853,-356.29,0.7300000190734863,,,2007A&A...474..653V,
star,cns5-1519,LP 838-16,M3,-6.547644098,-8.433457239,-3.989535532,,,,,,,,,,11.604883,2000.0,Corrected CNS5 1519; J2000 Sun-relative Galactic position. SIMBAD exact CNS5 identity. Transverse-only source motion; radial velocity unavailable or withheld.,Lepus,91.9313221336463,-25.745763611837013,2016.0,87.73575942212058,0.02080199,-185.001307439233,0.017198070883750916,-202.87435569033502,0.01917068473994732,,,2020yCat.1350....0G,
star,cns5-1455,WOH G 618,M6.0,2.078980091,-9.629036542,-5.733809206,,,,,,,,,,16.578834,2000.0,Corrected CNS5 1455; J2000 Sun-relative Galactic position. SIMBAD exact CNS5 identity. Transverse-only source motion; radial velocity unavailable or withheld.,Mensa,88.3603907587593,-71.56206618017886,2016.0,87.73378991467372,0.02920581,12.125021011220024,0.03498147428035736,396.9518605243407,0.03700659051537514,,,2020yCat.1350....0G,
star,cns5-1393,V2689 Ori,K6V,-10.877018594,-2.713293872,-2.177243912,-19.295529,-7.432307,-5.712040,,,,,,,8.609707,2000.0,Corrected CNS5 1393; J2000 Sun-relative Galactic position. SIMBAD exact CNS5 identity. Full source space motion.,Orion,84.12911430605554,11.327618308646477,2016.0,87.56452491312973,0.027433366,-2.8178152057177774,0.024696461856365204,-56.349704397707356,0.01743772067129612,21.23333740234375,0.24683314561843872,2020yCat.1350....0G,2020yCat.1350....0G
star,cns5-3682,Ross 52A,,4.499950409,2.859113367,10.103106769,,,,,,,,,,,2000.0,Corrected CNS5 3682; J2000 Sun-relative Galactic position. SIMBAD exact CNS5 identity. Transverse-only source motion; radial velocity unavailable or withheld.,Bootes,223.46080112078175,23.5562410319204,2016.0,87.53867907244053,0.07243191,-692.0327234108493,0.043396539986133575,90.61029678731741,0.05467122793197632,,,2020yCat.1350....0G,
star,cns5-5834,HD 222237,K3+V,5.364529201,-6.355124039,-7.859856923,30.719719,-70.982879,-23.096653,,,,,,,6.794293,2000.0,Corrected CNS5 5834; J2000 Sun-relative Galactic position. SIMBAD exact CNS5 identity. Full source space motion.,Tucana,354.90793158181526,-72.72542944515125,2016.0,87.38067142781163,0.021282427,143.73557391566453,0.022106079384684563,-736.9071344649008,0.02324218489229679,69.69000244140625,0.12369146198034286,2020yCat.1350....0G,2020yCat.1350....0G
star,cns5-1394,PM J05366+1117,M4.0Ve,-10.899728432,-2.727657762,-2.180097091,,,,,,,,,,12.286846,2000.0,Corrected CNS5 1394; J2000 Sun-relative Galactic position. SIMBAD exact CNS5 identity. Transverse-only source motion; radial velocity unavailable or withheld.,Orion,84.16024229906046,11.296613294698856,2016.0,87.37139941111029,0.037924413,-3.323155056201282,0.03561342880129814,-60.83845263810206,0.025285352021455765,,,2020yCat.1350....0G,
star,cns5-3791,OT Ser,M1.0V,5.590757691,3.366825769,9.403755490,,,,,,,,,,9.709634,2000.0,Corrected CNS5 3791; J2000 Sun-relative Galactic position. SIMBAD exact CNS5 identity. Transverse-only source motion; radial velocity unavailable or withheld.,Serpens,230.47094024402693,20.97832225750799,2016.0,87.36283525097033,0.024086332,81.50276714893707,0.023326748982071877,128.0781918555097,0.021931057795882225,,,2020yCat.1350....0G,
star,cns5-3703,G 201-27,M5.5V,-0.530952111,6.893859954,9.140075289,,,,2913,,0.0013717322,0.14541377,-0.4707,,,2000.0,Corrected CNS5 3703; J2000 Sun-relative Galactic position. SIMBAD exact CNS5 identity. Transverse-only source motion; radial velocity unavailable or withheld.,Draco,224.47615012413098,56.65392257727081,2016.0,87.25452395475713,0.030429596,280.41085368963275,0.027770407497882843,-646.9377790201628,0.039532989263534546,,,2020yCat.1350....0G,
star,cns5-1725,G 250-31B,M5V,-9.340834955,4.631174387,4.763185296,,,,,,,,,,,2000.0,Corrected CNS5 1725; J2000 Sun-relative Galactic position. SIMBAD exact CNS5 identity. Transverse-only source motion; radial velocity unavailable or withheld.,Camelopardalis,104.49025985938317,62.319580264093716,2016.0,87.24166697188599,0.1526889,320.63634879355135,0.13102516531944275,-475.01573789758305,0.13504765927791595,,,2020yCat.1350....0G,
star,cns5-4768,UCAC2 16493854,,10.812330944,0.268579645,-3.857994305,,,,,,,,,,,2000.0,Corrected CNS5 4768; J2000 Sun-relative Galactic position. SIMBAD exact CNS5 identity. Transverse-only source motion; radial velocity unavailable or withheld.,Sagittarius,288.16782061103294,-36.25773830304885,2016.0,87.08411564393202,0.09298696,773.1232232131329,0.06651241332292557,-1955.8443586353374,0.05303707718849182,,,2020yCat.1350....0G,
star,cns5-1798,RX J0713.1-0511,,-8.787355914,-7.384140104,0.490361689,15.239298,-5.808323,-9.162376,3432,,0.019060282,0.4447672,-0.3647,,10.878700,2000.0,Corrected CNS5 1798; J2000 Sun-relative Galactic position. SIMBAD exact CNS5 identity. Full source space motion.,Monoceros,108.29665561709618,-5.198202455814469,2016.0,87.04526510049658,0.027992208,-22.609664794051415,0.02192545495927334,-306.86627810419674,0.02258683182299137,-8.313764572143555,0.6183493733406067,2020yCat.1350....0G,2020yCat.1350....0G
star,cns5-1726,G 250-31A,M6V,-9.362056575,4.641766606,4.774131988,,,,,,,,,,,2000.0,Corrected CNS5 1726; J2000 Sun-relative Galactic position. SIMBAD exact CNS5 identity. Transverse-only source motion; radial velocity unavailable or withheld.,Camelopardalis,104.49096610061352,62.319719876796356,2016.0,87.04330034350176,0.062089927,298.608505647457,0.03671878203749657,-536.5402172695465,0.03442394360899925,,,2020yCat.1350....0G,
star,cns5-0070,PM J00156+4735,,-4.990797357,9.922039720,-2.944630339,,,,3215,,0.021863783,0.47647277,-1.2004,,10.668353,2000.0,Corrected CNS5 70; J2000 Sun-relative Galactic position. SIMBAD exact CNS5 identity. Transverse-only source motion; radial velocity unavailable or withheld.,Andromeda,3.9121438389884853,47.58934198184821,2016.0,87.03033031505875,0.040825024,-78.673398826095,0.034573595970869064,-21.616236472215483,0.02614363469183445,,,2020yCat.1350....0G,
brown_dwarf,cns5-5926,2MASS J23594034-7335055,T5.5,5.160284950,-6.629053500,-7.845059468,,,,,,,,,,,2000.0,Corrected CNS5 5926; J2000 Sun-relative Galactic position. SIMBAD exact CNS5 identity. Transverse-only source motion; radial velocity unavailable or withheld.,Tucana,359.9212699,-73.5847254,2000.0,87.0,6.0,281.0,5.0,39.0,6.0,,,2014yCat.2328....0C; 2012ApJ...752...56F,
star,cns5-0747,L 802-6,sdM3.0,-6.063864000,-1.465057642,-9.656300123,-79.787797,-1.023380,-69.169736,3155,,0.005557955,0.24959314,-0.9526,,12.366242,2000.0,Corrected CNS5 747; J2000 Sun-relative Galactic position. SIMBAD exact CNS5 identity. Full source space motion.,Eridanus,44.543868419797654,-12.882602840627078,2016.0,86.97338846107179,0.040997732,274.154354631563,0.02755943313241005,539.5078911804316,0.030173521488904953,100.3175277709961,0.995686411857605,2020yCat.1350....0G,2020yCat.1350....0G
star,cns5-0015,BD+44 4548,M2Ve,-4.585882851,10.036810286,-3.233412578,-38.548223,-24.161407,-15.895887,3634,,0.04481318,0.56849426,-0.0317,,,2000.0,Corrected CNS5 15; J2000 Sun-relative Galactic position. SIMBAD exact CNS5 identity. Full source space motion.,Andromeda,1.3009212651019344,45.785894350455116,2016.0,86.9656069449855,0.019193217,870.7325008268119,0.017015498131513596,-151.3924962859703,0.013093354180455208,-1.2427259683609009,0.30769720673561096,2020yCat.1350....0G,2020yCat.1350....0G
star,cns5-3213,BD+13 2618,M0V,1.974191844,-2.206071992,11.115223500,-29.615120,-18.186829,-11.522433,,,,,,,9.445999,2000.0,Corrected CNS5 3213; J2000 Sun-relative Galactic position. SIMBAD exact CNS5 identity. Full source space motion.,Virgo,195.1911254275066,12.3755949261537,2016.0,86.93759532255535,0.13187447,-628.7153076633822,0.1841757893562317,-33.47184830837257,0.13255909085273743,-12.727398872375488,0.2764129042625427,2020yCat.1350....0G,2020yCat.1350....0G
star,cns5-2821,LP 732-35,M4.5V,0.822431343,-8.288033416,7.938016724,,,,3042,,0.0031113697,0.20074567,-0.2038,,13.935444,2000.0,Corrected CNS5 2821; J2000 Sun-relative Galactic position. SIMBAD exact CNS5 identity. Transverse-only source motion; radial velocity unavailable or withheld.,Crater,172.7868136620019,-14.962011892010477,2016.0,86.9138162190594,0.06191752,405.8248190963974,0.05510208383202553,-1374.42125168061,0.032977037131786346,,,2020yCat.1350....0G,
star,cns5-5372,LP 698-42,M4.0V,5.415688861,6.823927642,-7.519951555,,,,,,,,,,13.992908,2000.0,Corrected CNS5 5372; J2000 Sun-relative Galactic position. SIMBAD exact CNS5 identity. Transverse-only source motion; radial velocity unavailable or withheld.,Aquarius,326.82387294144644,-4.744613685896646,2016.0,86.89237137591428,0.052270923,256.9941091415699,0.039335642009973526,5.376009042216386,0.02737780287861824,,,2020yCat.1350....0G,
star,cns5-3679,DE Boo,K0.5V,5.125994406,2.234231165,10.061059375,-33.502077,-12.267977,-8.897289,4996,,0.5410137,0.9816674,-0.5225,,5.694522,2000.0,Corrected CNS5 3679; J2000 Sun-relative Galactic position. SIMBAD exact CNS5 identity. Full source space motion.,Bootes,223.34694623244295,19.153760857444336,2016.0,86.87999725341797,0.46,-442.23,0.36000001430511475,217.61,0.4300000071525574,-25.07660675048828,2.4982306957244873,2020yCat.1350....0G; 2007A&A...474..653V,2020yCat.1350....0G
brown_dwarf,cns5-3212,BD+13 2618C,T8.5p,1.974911051,-2.213767149,11.123985080,,,,,,,,,,,2000.0,Corrected CNS5 3212; J2000 Sun-relative Galactic position. SIMBAD exact CNS5 identity. Transverse-only source motion; radial velocity unavailable or withheld.,Virgo,195.1734971,12.3540465,2000.0,86.86000061035156,0.15,-632.2000122070312,0.5,-36.02000045776367,0.1899999976158142,,,2014yCat.2328....0C; 2018A&A...616A...1G,
star,cns5-0021,HD 38B,M0.5V,-4.608635120,10.042905820,-3.236299345,-37.057364,-24.491948,-15.178091,,,,,,,8.688861,2000.0,Corrected CNS5 21; J2000 Sun-relative Galactic position. SIMBAD exact CNS5 identity. Full source space motion.,Andromeda,1.4262386378366099,45.80971591580014,2016.0,86.85077114929601,0.033655524,846.0132101843459,0.029981009662151337,-148.9092143394255,0.02449467033147812,-2.2606873512268066,0.2228768765926361,2020yCat.1350....0G,2020yCat.1350....0G
star,cns5-0022,HD 38A,K6V,-4.609709011,10.045066803,-3.236653874,-40.237923,-22.713157,-17.266229,,,,,,,8.519406,2000.0,Corrected CNS5 22; J2000 Sun-relative Galactic position. SIMBAD exact CNS5 identity. Full source space motion.,Andromeda,1.4265906375173685,45.811373876292514,2016.0,86.832142394964,0.027546983,888.4790652562915,0.0229461882263422,-162.83098719525617,0.019623657688498497,1.1509212255477905,0.16075244545936584,2020yCat.1350....0G,2020yCat.1350....0G
brown_dwarf,cns5-3155,2MASS J12462965-3139280,T1,5.177387812,-8.382248130,5.967231957,,,,,,,,,,,2000.0,Corrected CNS5 3155; J2000 Sun-relative Galactic position. SIMBAD exact CNS5 identity. Transverse-only source motion; radial velocity unavailable or withheld.,Centaurus,191.62349103261755,-31.660402573466524,2016.0,86.81704226710433,1.4271053,-14.16300502088486,1.1618125438690186,-562.1881840037391,0.8952123522758484,,,2020yCat.1350....0G,
star,cns5-2920,Ross 119,M4.0Ve,-0.580456059,-4.270833934,10.683450171,,,,3235,,0.0067460104,0.29192057,-0.2477,,12.544716,2000.0,Corrected CNS5 2920; J2000 Sun-relative Galactic position. SIMBAD exact CNS5 identity. Transverse-only source motion; radial velocity unavailable or withheld.,Virgo,178.53324514004805,9.802773361080156,2016.0,86.80468642014652,0.041706163,85.26814361016403,0.040238503366708755,-801.6810370024117,0.05738833174109459,,,2020yCat.1350....0G,
star,cns5-2393,Ross 85,M2.5V,-6.355563840,-5.438530539,7.948092111,-30.163436,-15.046470,-18.626148,3558,,0.034702774,0.4903521,-0.0162,,10.059204,2000.0,Corrected CNS5 2393; J2000 Sun-relative Galactic position. SIMBAD exact CNS5 identity. Full source space motion.,Leo,145.29015483359296,13.208925979812514,2016.0,86.66309109957486,0.024544781,-660.0385148963486,0.024300478398799896,-143.16885005857742,0.02017734758555889,10.877800941467285,0.24780599772930145,2020yCat.1350....0G,2020yCat.1350....0G
star,cns5-0652,CC Eri,K7V,-1.031631261,-5.061940742,-10.322714163,7.930234,-22.581386,-16.875783,3612,0.6248057,0.091747776,0.7714047,-0.9835,9.821608,8.553365,2000.0,Corrected CNS5 652; J2000 Sun-relative Galactic position. SIMBAD exact CNS5 identity. Full source space motion.,Eridanus,38.59437994852723,-43.797656906533284,2016.0,86.62795573691717,0.040188313,57.515912311779886,0.03222685679793358,-293.4737401742233,0.0361984521150589,24.28549575805664,7.4586567878723145,2020yCat.1350....0G,2020yCat.1350....0G
star,cns5-5437,CD-60 7821,M2V,7.099727277,-3.667665689,-8.338126576,-30.905711,-17.092047,-36.212770,3435,,0.05203848,0.6441179,-0.975,,9.402255,2000.0,Corrected CNS5 5437; J2000 Sun-relative Galactic position. SIMBAD exact CNS5 identity. Full source space motion.,Indus,329.90241321791643,-59.75337286630774,2016.0,86.5851151824438,0.019615443,886.0460533740757,0.012489864602684975,-125.52952181234144,0.015567729249596596,12.576862335205078,0.20185869932174683,2020yCat.1350....0G,2020yCat.1350....0G
star,cns5-3453,SSSPM J1358-3938,,7.820344033,-7.380326002,4.226319805,,,,3100,,0.002379485,0.1649595,-0.4277,,,2000.0,Corrected CNS5 3453; J2000 Sun-relative Galactic position. SIMBAD exact CNS5 identity. Transverse-only source motion; radial velocity unavailable or withheld.,Centaurus,209.53254015680207,-39.63592927128449,2016.0,86.55210767687761,0.03365158,1735.887684732574,0.02751404419541359,-888.020995395279,0.028036899864673615,,,2020yCat.1350....0G,
white_dwarf,cns5-4935,LAWD 79,DA6.4,8.612056361,7.113593079,-2.976452933,,,,,,,,,,13.245240,2000.0,Corrected CNS5 4935; J2000 Sun-relative Galactic position. SIMBAD exact CNS5 identity. Transverse-only source motion; radial velocity unavailable or withheld.,Aquila,299.11983048810464,-1.0455473629574281,2016.0,86.50635829735847,0.01876927,-437.7592092098966,0.016008567065000534,-706.2146390855088,0.011142654344439507,,,2020yCat.1350....0G,
brown_dwarf,cns5-1581,WISEP J062309.94-045624.6,T8,-9.463221212,-6.415205906,-1.715288595,,,,,,,,,,,2000.0,Corrected CNS5 1581; J2000 Sun-relative Galactic position. SIMBAD exact CNS5 identity. Transverse-only source motion; radial velocity unavailable or withheld.,Monoceros,95.7913723,-4.9401492,2000.0,86.5,1.7,-905.2000122070312,1.100000023841858,159.89999389648438,0.800000011920929,,,2014yCat.2328....0C; 2020AJ....159..257B; 2019ApJS..240...19K,
star,cns5-2197,HD 75632A,M1V,-7.543299593,5.641010196,6.730282806,,,,3712,0.60668117,0.08090732,0.6879159,-0.9461,9.932451,8.502083,2000.0,Corrected CNS5 2197; J2000 Sun-relative Galactic position. SIMBAD exact CNS5 identity. Transverse-only source motion; radial velocity unavailable or withheld.,Ursa Major,133.8353488310195,70.79295091027184,2016.0,86.3806973763172,0.040530533,-1329.0227845036802,0.03066490776836872,-307.49498689893164,0.033917706459760666,,,2020yCat.1350....0G,
star,cns5-2198,HD 75632B,M1V,-7.547162741,5.643824726,6.733771299,,,,3950,0.621514,0.09158592,0.6468545,-0.3926,11.782787,8.620974,2000.0,Corrected CNS5 2198; J2000 Sun-relative Galactic position. SIMBAD exact CNS5 identity. Transverse-only source motion; radial velocity unavailable or withheld.,Ursa Major,133.83554432436412,70.79208043103725,2016.0,86.33657147995545,0.044229656,-1353.9848522383277,0.03361029922962189,-418.02948642361736,0.03770351782441139,,,2020yCat.1350....0G,
star,cns5-3683,Ross 52B,,4.563726937,2.899631439,10.246063533,,,,,,,,,,,2000.0,Corrected CNS5 3683; J2000 Sun-relative Galactic position. SIMBAD exact CNS5 identity. Transverse-only source motion; radial velocity unavailable or withheld.,Bootes,223.4610677954632,23.556244599185025,2016.0,86.31688904373524,0.21936171,-751.4025134505888,0.12759776413440704,122.8725200372437,0.21918711066246033,,,2020yCat.1350....0G,
brown_dwarf,cns5-0713,2MASS J02511490-0352459,L3,-6.948994500,0.109840841,-9.273074075,15.901577,-116.772689,-14.849109,,,,,,,,2000.0,Corrected CNS5 713; J2000 Sun-relative Galactic position. SIMBAD exact CNS5 identity. Full source space motion.,Eridanus,42.81745198144149,-3.8882601693023133,2016.0,86.29320806413826,0.19091465,1112.6624820303155,0.1826982945203781,-1853.8599560489918,0.1719786524772644,1.26,0.13,2020yCat.1350....0G,2010ApJ...723..684B
star,cns5-4705,SCR J1855-6914,M6e,8.679805692,-5.837487573,-5.015771273,,,,,,,,,,16.287603,2000.0,Corrected CNS5 4705; J2000 Sun-relative Galactic position. SIMBAD exact CNS5 identity. Transverse-only source motion; radial velocity unavailable or withheld.,Pavo,283.9552174797081,-69.24056104171599,2016.0,86.20265327633635,0.045711223,459.16317811379446,0.02642150968313217,-693.1053347370739,0.04084477573633194,,,2020yCat.1350....0G,
brown_dwarf,cns5-5529,2MASSW J2224438-015852,L4.5V,3.703653052,7.028181117,-8.463749086,-10.209251,-64.409424,-7.913890,,,,,,,,2000.0,Corrected CNS5 5529; J2000 Sun-relative Galactic position. SIMBAD exact CNS5 identity. Full source space motion.,Aquarius,336.1848241409647,-1.9853510894528266,2016.0,86.15135317797584,0.40219024,471.63748762690864,0.37329214811325073,-873.6838502855186,0.4338594079017639,-36.48,0.01,2020yCat.1350....0G,2016ApJS..225...10F
brown_dwarf,cns5-4193,2MASS J17074571-1744523,T5:,11.275001395,0.914741790,2.691804535,,,,,,,,,,,2000.0,Corrected CNS5 4193; J2000 Sun-relative Galactic position. SIMBAD exact CNS5 identity. Transverse-only source motion; radial velocity unavailable or withheld.,Ophiuchus,256.9410138,-17.7478907,2000.0,86.0,2.8,173.3,0.9,-8.9,0.9,,,2014yCat.2328....0C; 2021ApJS..253....7K,
star,cns5-1571,L 308-57,,-2.334497478,-10.294934093,-4.906890245,,,,,,,,,,12.970047,2000.0,Corrected CNS5 1571; J2000 Sun-relative Galactic position. SIMBAD exact CNS5 identity. Transverse-only source motion; radial velocity unavailable or withheld.,Puppis,95.27757860461126,-49.09274147732291,2016.0,85.90319775350721,0.020533755,-26.326115913907433,0.018888261169195175,255.0728296868922,0.022698547691106796,,,2020yCat.1350....0G,
brown_dwarf,cns5-2203,G 41-8,M6V,-7.934601058,-5.632199845,6.409153652,,,,,,,,,,14.148096,2000.0,Corrected CNS5 2203; J2000 Sun-relative Galactic position. SIMBAD exact CNS5 identity. Transverse-only source motion; radial velocity unavailable or withheld.,Cancer,134.08122584963937,12.662731415781227,2016.0,85.82605937786052,0.036975764,-47.29533054382583,0.03054964914917946,-246.674635235264,0.022389952093362808,,,2020yCat.1350....0G,
brown_dwarf,cns5-1508,LSR J0602+3910,L1V,-11.453220758,1.433912814,1.654914288,-12.173985,-27.455728,-4.526275,,,,,,,,2000.0,Corrected CNS5 1508; J2000 Sun-relative Galactic position. SIMBAD exact CNS5 identity. Full source space motion.,Auriga,90.62784809820145,39.1806905535364,2016.0,85.75744552331717,0.12939095,157.56954972507415,0.15140041708946228,-506.4048988395076,0.11029645055532455,7.94,0.05,2020yCat.1350....0G,2010ApJ...723..684B
star,cns5-3506,CD-56 5362,M2V:,8.077934046,-8.362605454,0.886643490,51.596175,-22.205244,7.264732,3397,,0.035573576,0.5446584,-1.3697,,9.857374,2000.0,Corrected CNS5 3506; J2000 Sun-relative Galactic position. SIMBAD exact CNS5 identity. Full source space motion.,Centaurus,213.30650650722762,-56.741262094420925,2016.0,85.75173523991634,0.02056522,354.0132451245137,0.013920986093580723,179.06854327866327,0.01661749929189682,52.22091293334961,0.2463601678609848,2020yCat.1350....0G,2020yCat.1350....0G
star,cns5-4948,LSR J2000+3057,M6Ve,4.386230996,10.806950863,0.108937536,,,,,,,,,,15.265825,2000.0,Corrected CNS5 4948; J2000 Sun-relative Galactic position. SIMBAD exact CNS5 identity. Transverse-only source motion; radial velocity unavailable or withheld.,Cygnus,300.0256999403315,30.964601663914884,2016.0,85.73634743273684,0.03446683,377.3816499036323,0.0292180385440588,1279.193298968855,0.03241604566574097,,,2020yCat.1350....0G,
star,cns5-4504,L 43-72 B,,7.478833096,-7.510591592,-4.876134508,,,,,,,,,,,2000.0,Corrected CNS5 4504; J2000 Sun-relative Galactic position. SIMBAD exact CNS5 identity. Transverse-only source motion; radial velocity unavailable or withheld.,Apus,272.81643002055984,-78.98860780809746,2016.0,85.71192211427798,0.14799842,97.70128424404234,0.1002068966627121,278.7293390746022,0.12798437476158142,,,2020yCat.1350....0G,
star,cns5-4503,L 43-72 A,,7.484161479,-7.515900540,-4.879554443,,,,,,,,,,,2000.0,Corrected CNS5 4503; J2000 Sun-relative Galactic position. SIMBAD exact CNS5 identity. Transverse-only source motion; radial velocity unavailable or withheld.,Apus,272.81495048666767,-78.9883353114025,2016.0,85.6512637118054,0.52057487,64.590835937985,0.40910810232162476,297.74216518369593,0.484900563955307,,,2020yCat.1350....0G,
star,cns5-2800,HD 99279B,K7-V(k),4.529434815,-10.764034824,-0.100296575,-26.432847,-16.389019,-5.538948,3845,0.6284773,0.094940074,0.6951326,-0.6053,10.292188,8.263041,2000.0,Corrected CNS5 2800; J2000 Sun-relative Galactic position. SIMBAD exact CNS5 identity. Full source space motion.,Centaurus,171.15924236861943,-61.648013531415735,2016.0,85.62592968125264,0.024225993,-556.6564604972673,0.022010652348399162,88.84531546165296,0.0201324000954628,4.902768135070801,0.1471724659204483,2020yCat.1350....0G,2020yCat.1350....0G
brown_dwarf,cns5-2091,SSSPM J0829-1309,L2,-6.256614750,-9.413129896,2.950965053,-33.195445,-15.910313,-18.808727,,,,,,,,2000.0,Corrected CNS5 2091; J2000 Sun-relative Galactic position. SIMBAD exact CNS5 identity. Full source space motion.,Hydra,127.13972607496012,-13.155389282912278,2016.0,85.60140584357408,0.1458652,-581.8635454656672,0.1481899470090866,27.504781771403728,0.11989042907953262,25.85,0.08,2020yCat.1350....0G,2010ApJ...723..684B
star,cns5-1281,CD-57 1079,K7Vk,-0.633063672,-9.355885285,-6.981872075,-6.215983,2.643409,-1.510101,,,,,,,8.592738,2000.0,Corrected CNS5 1281; J2000 Sun-relative Galactic position. SIMBAD exact CNS5 identity. Full source space motion.,Dorado,76.44711331099732,-57.553300885193075,2016.0,85.5358572098955,0.016988652,-32.628478447540196,0.01692350022494793,119.50834733767653,0.019282551482319832,-0.8769311308860779,0.16309991478919983,2020yCat.1350....0G,2020yCat.1350....0G
star,cns5-1279,Zeta Dor,F9VFe-0.5,-0.648336587,-9.350573474,-6.990464685,-6.117819,2.834544,-1.308621,6038,1.0888367,1.551731,1.1382135,-0.5931,3.6974847,4.368419,2000.0,Corrected CNS5 1279; J2000 Sun-relative Galactic position. SIMBAD exact CNS5 identity. Full source space motion.,Dorado,76.3774682786158,-57.47218051585344,2016.0,85.52329311905011,0.08659068,-31.90284638111717,0.0941275879740715,117.94036172750553,0.08250346779823303,-1.1451194286346436,0.22226977348327637,2020yCat.1350....0G,2020yCat.1350....0G
star,cns5-3793,L 623-94,dM4.5,9.980124577,-3.773091895,4.795044516,,,,,,,,,,12.939534,2000.0,Corrected CNS5 3793; J2000 Sun-relative Galactic position. SIMBAD exact CNS5 identity. Transverse-only source motion; radial velocity unavailable or withheld.,Libra,230.55627655949746,-27.825797312308065,2016.0,85.48833562011198,0.030899609,436.3690044056893,0.02872011438012123,606.7652807971804,0.02573413960635662,,,2020yCat.1350....0G,
brown_dwarf,cns5-1322,CD-35 2213,M4Ve,-5.009407189,-8.356363705,-6.474601454,,,,,,,,,,11.349440,2000.0,Corrected CNS5 1322; J2000 Sun-relative Galactic position. SIMBAD exact CNS5 identity. Transverse-only source motion; radial velocity unavailable or withheld.,Columba,79.34425241093663,-35.36592307249036,2016.0,85.48462498355975,0.3235041,-219.38263643848123,0.30941829085350037,-166.46812804185794,0.33165431022644043,,,2020yCat.1350....0G,
star,cns5-5487,Ross 271,M2V,2.089594292,9.898411448,-5.885151561,-29.723995,-42.437667,22.447518,3260,,0.04081089,0.6039917,-0.8708,,9.890357,2000.0,Corrected CNS5 5487; J2000 Sun-relative Galactic position. SIMBAD exact CNS5 identity. Full source space motion.,Pegasus,332.87693362037527,18.426998565560215,2016.0,85.44828527341522,0.024549775,329.0593443815216,0.02205623686313629,180.63418389711623,0.02440783567726612,-52.485023498535156,0.37394943833351135,2020yCat.1350....0G,2020yCat.1350....0G
star,cns5-3710,BD+45 2247,M0V,1.377273587,5.963958978,9.976604488,-9.113684,11.488240,-21.214430,3602,,0.07281244,0.6930326,-1.0276,,,2000.0,Corrected CNS5 3710; J2000 Sun-relative Galactic position. SIMBAD exact CNS5 identity. Full source space motion.,Bootes,225.23295712928606,45.427733172802014,2016.0,85.43787647979764,0.02884139,225.06452605183537,0.02490454912185669,328.51971521890596,0.03079400211572647,-13.300433158874512,0.20374535024166107,2020yCat.1350....0G,2020yCat.1350....0G
star,cns5-3711,BD+45 2247B,,1.377499686,5.964536606,9.977685361,,,,,,,,,,,2000.0,Corrected CNS5 3711; J2000 Sun-relative Galactic position. SIMBAD exact CNS5 identity. Transverse-only source motion; radial velocity unavailable or withheld.,Bootes,225.23315891676822,45.42719495066728,2016.0,85.4272212919698,0.076965205,258.2474485644709,0.0818941593170166,317.1824752519801,0.07835333049297333,,,2020yCat.1350....0G,
brown_dwarf,cns5-3735,2MASSW J1506544+132106,L3,6.363711369,1.850409553,9.649560841,-33.174605,-40.091935,28.735203,,,,,,,,2000.0,Corrected CNS5 3735; J2000 Sun-relative Galactic position. SIMBAD exact CNS5 identity. Full source space motion.,Bootes,226.7214820355615,13.351625200859788,2016.0,85.42497964479966,0.1911406,-1071.0732611087783,0.2277541160583496,-11.799813852140696,0.2041510045528412,-0.68,0.11,2020yCat.1350....0G,2010ApJ...723..684B
brown_dwarf,cns5-2207,WISE J085716.24+560407.6,T8,-8.544824735,2.924158510,7.474738797,,,,,,,,,,,2000.0,Corrected CNS5 2207; J2000 Sun-relative Galactic position. SIMBAD exact CNS5 identity. Transverse-only source motion; radial velocity unavailable or withheld.,Ursa Major,134.3175718,56.0687534,2000.0,85.3,2.1,-714.7,0.9,-243.1,0.9,,,2014yCat.2328....0C; 2021ApJS..253....7K,
star,cns5-1847,G 112-21,M3V,-8.901420746,-7.512567197,1.381870958,,,,3124,,0.020152159,0.48419145,-0.808,,11.109584,2000.0,Corrected CNS5 1847; J2000 Sun-relative Galactic position. SIMBAD exact CNS5 identity. Transverse-only source motion; radial velocity unavailable or withheld.,Monoceros,112.19128658651584,-3.301647006516706,2016.0,85.25439724352103,0.057819836,439.4107055546798,0.0527522899210453,-788.395834334682,0.041306596249341965,,,2020yCat.1350....0G,
star,cns5-0719,L 127-97,M2.5V,1.777649565,-7.568317562,-8.805782392,,,,3171,,0.018455723,0.4500315,-0.8801,,11.032450,2000.0,Corrected CNS5 719; J2000 Sun-relative Galactic position. SIMBAD exact CNS5 identity. Transverse-only source motion; radial velocity unavailable or withheld.,Horologium,43.10219643138415,-63.676991712882106,2016.0,85.13143098840793,0.030765181,979.9779446154955,0.03873112425208092,634.3819167817383,0.03796255961060524,,,2020yCat.1350....0G,
star,cns5-0276,CD-28 302,M3V,-0.185043823,-0.300756708,-11.756315271,,,,,,,,,,11.448665,2000.0,Corrected CNS5 276; J2000 Sun-relative Galactic position. SIMBAD exact CNS5 identity. Transverse-only source motion; radial velocity unavailable or withheld.,Sculptor,14.622927124027411,-27.858385088201203,2016.0,85.02232147444926,0.51454496,1298.5224618723528,0.3703078329563141,-299.5014693256626,0.533243715763092,,,2020yCat.1350....0G,
star,cns5-5173,LP 756-19,M4V,8.138460309,5.444212425,-6.548066199,,,,,,,,,,12.124408,2000.0,Corrected CNS5 5173; J2000 Sun-relative Galactic position. SIMBAD exact CNS5 identity. Transverse-only source motion; radial velocity unavailable or withheld.,Aquarius,313.91378245728913,-14.037655663551345,2016.0,84.89492025789313,0.5265939,1416.6229793926188,0.4354783296585083,-472.3752911444054,0.33003219962120056,,,2020yCat.1350....0G,
star,cns5-1650,BD-05 1737,M2,-9.388088112,-7.048507796,-1.059980299,-18.047068,-53.268517,-13.561282,3527,,0.04015451,0.53660774,-0.192,,9.882922,2000.0,Corrected CNS5 1650; J2000 Sun-relative Galactic position. SIMBAD exact CNS5 identity. Full source space motion.,Monoceros,100.05875121900114,-5.875749795160788,2016.0,84.83124612353959,0.019110335,107.26515341253022,0.017045883461833,-582.5983852416947,0.017141105607151985,47.447853088378906,0.5467149019241333,2020yCat.1350....0G,2020yCat.1350....0G
brown_dwarf,cns5-0913,WISEA J033515.07+431044.7,T9,-10.244862131,5.449067788,-2.100572283,,,,,,,,,,,2000.0,Corrected CNS5 913; J2000 Sun-relative Galactic position. SIMBAD exact CNS5 identity. Transverse-only source motion; radial velocity unavailable or withheld.,Perseus,53.8128307,43.1791001,2000.0,84.8,1.7,822.7,0.6,-792.4,0.6,,,2014yCat.2328....0C; 2021ApJS..253....7K,
brown_dwarf,cns5-2924,2MASS J11553952-3727350,L2e,3.831839637,-10.068451478,4.818580072,33.004895,-50.915013,-19.978482,,,,,,,,2000.0,Corrected CNS5 2924; J2000 Sun-relative Galactic position. SIMBAD exact CNS5 identity. Full source space motion.,Centaurus,178.91497468580934,-37.46337796594098,2016.0,84.7295814629436,0.15232262,42.9675178020456,0.15540054440498352,-791.1035179782759,0.11437082290649414,46.0,2.0,2020yCat.1350....0G,2015ApJS..220...18B
star,cns5-1878,G 234-5,M0V,-9.263828108,4.600128732,5.684139471,18.902669,-14.131042,-44.794899,,,,,,,,2000.0,Corrected CNS5 1878; J2000 Sun-relative Galactic position. SIMBAD exact CNS5 identity. Full source space motion.,Camelopardalis,113.60946222158073,62.940999988434626,2016.0,84.73573881973938,0.018779602,-495.56725523449285,0.015617928467690945,-109.91666306728042,0.014783202670514584,-41.918277740478516,0.16900764405727386,2020yCat.1350....0G,2020yCat.1350....0G
brown_dwarf,cns5-2967,WISEA J120604.25+840110.5,Y0,-5.585315007,8.178064798,6.427597804,,,,,,,,,,,2000.0,Corrected CNS5 2967; J2000 Sun-relative Galactic position. SIMBAD exact CNS5 identity. Transverse-only source motion; radial velocity unavailable or withheld.,Camelopardalis,181.5177249,84.0196092,2000.0,84.7,2.1,-577.5,1.0,-263.1,0.8,,,2014yCat.2328....0C; 2021ApJS..253....7K,
star,cns5-3537,HD 125072,K3IV,8.190219536,-8.512890692,0.332986126,-40.339017,-14.501655,-34.872001,4779,,0.33745015,0.8473964,0.2839,,6.297321,2000.0,Corrected CNS5 3537; J2000 Sun-relative Galactic position. SIMBAD exact CNS5 identity. Full source space motion.,Centaurus,214.76617301528017,-59.38264069990895,2016.0,84.62044105532088,0.024846558,-454.967758414664,0.01648772694170475,-810.6092064135089,0.021535266190767288,-18.489255905151367,0.13450749218463898,2020yCat.1350....0G,2020yCat.1350....0G
brown_dwarf,cns5-1247,WISEP J050003.05-122343.2,T8,-8.676835239,-5.380906258,-5.956392141,,,,,,,,,,,2000.0,Corrected CNS5 1247; J2000 Sun-relative Galactic position. SIMBAD exact CNS5 identity. Transverse-only source motion; radial velocity unavailable or withheld.,Eridanus,75.0126543,-12.3953329,2000.0,84.5999984741211,2.2,-536.5,1.2999999523162842,493.1000061035156,1.2000000476837158,,,2014yCat.2328....0C; 2020AJ....159..257B; 2019ApJS..240...19K,
brown_dwarf,cns5-3570,2MASS J14252798-3650229,L4,8.756721726,-6.570477413,4.494184122,-5.389051,-26.974227,-14.798860,,,,,,,,2000.0,Corrected CNS5 3570; J2000 Sun-relative Galactic position. SIMBAD exact CNS5 identity. Full source space motion.,Centaurus,216.36501919485525,-36.841877719814676,2016.0,84.5,0.3,-283.8999938964844,0.6000000238418579,-469.29998779296875,0.5,5.37,0.25,2020yCat.1350....0G; 2018A&A...616A...1G,2010ApJ...723..684B
star,cns5-5223,Wolf 918,M1V,7.673774555,5.623850754,-7.043689980,-26.614969,-125.944418,-31.390898,3421,,0.020168435,0.40426907,-0.7975,,10.502687,2000.0,Corrected CNS5 5223; J2000 Sun-relative Galactic position. SIMBAD exact CNS5 identity. Full source space motion.,Aquarius,317.32587881622555,-13.31137231459359,2016.0,84.48361521050944,0.028735507,715.0641543639571,0.029201721772551537,-1995.4456205314852,0.018029889091849327,-58.38956832885742,0.24509477615356445,2020yCat.1350....0G,2020yCat.1350....0G
star,cns5-5583,L 645-74,M2V,5.421280057,2.044758466,-10.331366703,16.177539,-9.271952,-23.331843,3280,,0.02294389,0.46899217,-1.3144,,10.610290,2000.0,Corrected CNS5 5583; J2000 Sun-relative Galactic position. SIMBAD exact CNS5 identity. Full source space motion.,Piscis Austrinus,339.60278048440296,-29.35505070160671,2016.0,84.4194255764803,0.0243664,1.8339445838902648,0.021849969401955605,-256.8476653960377,0.021174270659685135,26.153854370117188,0.38979026675224304,2020yCat.1350....0G,2020yCat.1350....0G
star,cns5-5584,L 645-73,M3.5V,5.423104681,2.044842594,-10.335731673,,,,,,,,,,13.231437,2000.0,Corrected CNS5 5584; J2000 Sun-relative Galactic position. SIMBAD exact CNS5 identity. Transverse-only source motion; radial velocity unavailable or withheld.,Piscis Austrinus,339.6059287587044,-29.35802125906652,2016.0,84.38929906717942,0.03868435,-12.976206147652285,0.03270547091960907,-266.728959092147,0.032979536801576614,,,2020yCat.1350....0G,
star,cns5-2398,G 236-1,M2.5Ve,-7.201884036,5.654913062,7.526804961,-36.196498,-13.580149,-14.281220,3211,,0.032830182,0.5641585,-0.8339,,10.210825,2000.0,Corrected CNS5 2398; J2000 Sun-relative Galactic position. SIMBAD exact CNS5 identity. Full source space motion.,Ursa Major,145.63642599574993,70.0326740617471,2016.0,84.36476764805764,0.019329669,-671.7748027721867,0.0152620580047369,-271.15503131945144,0.01834673248231411,6.44751501083374,0.2743171453475952,2020yCat.1350....0G,2020yCat.1350....0G
white_dwarf,cns5-3412,EGGR 438,DC9,2.547123181,0.954686778,11.539506727,,,,,,,,,,,2000.0,Corrected CNS5 3412; J2000 Sun-relative Galactic position. SIMBAD exact CNS5 identity. Transverse-only source motion; radial velocity unavailable or withheld.,Bootes,207.00533857595104,23.58012342188568,2016.0,84.34705832727825,0.030506378,-1485.655682748447,0.032595012336969376,125.00998018173836,0.024764688685536385,,,2020yCat.1350....0G,
star,cns5-2403,G 236-2,M3.5Ve,-7.200032071,5.658067101,7.531855845,-35.801887,-13.560024,-14.655445,,,,,,,,2000.0,Corrected CNS5 2403; J2000 Sun-relative Galactic position. SIMBAD exact CNS5 identity. Full source space motion.,Ursa Major,145.7067959092211,70.0382309918793,2016.0,84.33929515813102,0.02038354,-670.9617812941915,0.01644991524517536,-265.4560970400273,0.018278369680047035,5.962450981140137,0.3215884566307068,2020yCat.1350....0G,2020yCat.1350....0G
star,cns5-3252,ER 2,M5,6.698682603,-8.796550774,4.283496190,,,,,,,,,,,2000.0,Corrected CNS5 3252; J2000 Sun-relative Galactic position. SIMBAD exact CNS5 identity. Transverse-only source motion; radial velocity unavailable or withheld.,Centaurus,198.28274383514085,-41.5109360365971,2016.0,84.33490384028251,0.50770277,-1031.6937155089452,0.4211918115615845,23.207876785233587,0.3878193497657776,,,2020yCat.1350....0G,
brown_dwarf,cns5-3868,WISE J154214.00+223005.2,T9.5,6.037877192,4.349013460,9.238320445,,,,,,,,,,,2000.0,Corrected CNS5 3868; J2000 Sun-relative Galactic position. SIMBAD exact CNS5 identity. Transverse-only source motion; radial velocity unavailable or withheld.,Serpens,235.5583363,22.5014686,2000.0,84.3,3.0,-977.3,1.4,-392.5,1.2,,,2014yCat.2328....0C; 2021ApJS..253....7K,
star,cns5-3415,LP 380-6,M5V,2.550841253,0.965987823,11.546822208,,,,,,,,,,,2000.0,Corrected CNS5 3415; J2000 Sun-relative Galactic position. SIMBAD exact CNS5 identity. Transverse-only source motion; radial velocity unavailable or withheld.,Bootes,207.04869237692137,23.614073287892467,2016.0,84.28425570379359,0.0314072,-1482.591472449657,0.030360866338014603,122.33482827718699,0.021152645349502563,,,2020yCat.1350....0G,
white_dwarf,cns5-4788,EGGR 375,DC7,3.847731262,10.966409570,2.397102808,,,,,,,,,,,2000.0,Corrected CNS5 4788; J2000 Sun-relative Galactic position. SIMBAD exact CNS5 identity. Transverse-only source motion; radial velocity unavailable or withheld.,Lyra,289.74443824673165,38.72151454983126,2016.0,84.27100983286125,0.018162215,25.20043736859222,0.017607256770133972,-251.6767045698044,0.0197876188904047,,,2020yCat.1350....0G,
star,cns5-5370,Deneb Algedi,kA5hF0mF2III,6.529415240,5.028437536,-8.538045180,,,,,,,,,,2.458365,2000.0,Corrected CNS5 5370; J2000 Sun-relative Galactic position. SIMBAD exact CNS5 identity. Transverse-only source motion; radial velocity unavailable or withheld.,Capricornus,326.76139246141946,-16.128607188133948,2016.0,84.2699966430664,0.19,261.7,0.2199999988079071,-296.7,0.14000000059604645,,,2020yCat.1350....0G; 2007A&A...474..653V,
star,cns5-3103,G 123-45,M4.5V,-1.442501784,1.063025534,11.735762578,,,,,,,,,,,2000.0,Corrected CNS5 3103; J2000 Sun-relative Galactic position. SIMBAD exact CNS5 identity. Transverse-only source motion; radial velocity unavailable or withheld.,Canes Venatici,189.11736017524785,35.19971562564376,2016.0,84.23342746386213,0.2047119,-357.59991967875595,0.09752489626407623,-116.00095208405423,0.18121053278446198,,,2020yCat.1350....0G,
star,cns5-2724,HD 97101,K7V,-4.256369783,-1.413393401,10.995591839,38.551133,2.544091,-2.368711,3869,0.664565,0.13234524,0.80950403,-0.7434,13.480679,,2000.0,Corrected CNS5 2724; J2000 Sun-relative Galactic position. SIMBAD exact CNS5 identity. Full source space motion.,Ursa Major,167.7745997052698,30.445141490471975,2016.0,84.2118882534124,0.029318206,591.5995438980561,0.023988433182239532,-197.12369314166156,0.02978292480111122,-16.312225341796875,0.21017231047153473,2020yCat.1350....0G,2020yCat.1350....0G
star,cns5-2723,HD 97101B,M2V,-4.258744112,-1.414529462,10.996831045,39.309853,2.293872,-1.884059,3397,,0.05182082,0.65710396,-0.717,,9.609428,2000.0,Corrected CNS5 2723; J2000 Sun-relative Galactic position. SIMBAD exact CNS5 identity. Full source space motion.,Ursa Major,167.76369133153824,30.443892892292382,2016.0,84.1967352218801,0.022505138,604.906859388117,0.019305774942040443,-206.05390207551753,0.01890891045331955,-16.11092758178711,0.36472174525260925,2020yCat.1350....0G,2020yCat.1350....0G
star,cns5-0513,G 244-47,M2.5V,-7.733036286,9.025506004,0.403862028,,,,3166,,0.027675422,0.5529256,-0.8224,,,2000.0,Corrected CNS5 513; J2000 Sun-relative Galactic position. SIMBAD exact CNS5 identity. Transverse-only source motion; radial velocity unavailable or withheld.,Cassiopeia,30.394655289650444,63.769578629484386,2016.0,84.08923811712667,0.035384968,-258.3264340153221,0.024298591539263725,-94.65152397997127,0.026353485882282257,,,2020yCat.1350....0G,
star,cns5-4110,LP 276-22,M6.0V,5.020874059,7.652794420,7.597395910,,,,,,,,,,,2000.0,Corrected CNS5 4110; J2000 Sun-relative Galactic position. SIMBAD exact CNS5 identity. Transverse-only source motion; radial velocity unavailable or withheld.,Hercules,251.6292959257543,34.580290245898446,2016.0,84.06779649530651,0.03384947,-383.68042319922597,0.029994836077094078,-383.4994155227405,0.03475314751267433,,,2020yCat.1350....0G,
star,cns5-1160,LP 415-302,M5.5Ve,-11.193754198,-0.340795105,-4.013380520,,,,,,,,,,15.362929,2000.0,Corrected CNS5 1160; J2000 Sun-relative Galactic position. SIMBAD exact CNS5 identity. Transverse-only source motion; radial velocity unavailable or withheld.,Taurus,69.8813981708779,16.258397456266078,2016.0,84.05929172469614,0.033063993,-77.78582010856974,0.03843609616160393,-795.2715178545072,0.023503243923187256,,,2020yCat.1350....0G,
star,cns5-1388,Ross 46,M3V,-11.481938294,-2.351341777,-2.070139253,,,,,,,,,,,2000.0,Corrected CNS5 1388; J2000 Sun-relative Galactic position. SIMBAD exact CNS5 identity. Transverse-only source motion; radial velocity unavailable or withheld.,Orion,83.71660430393523,13.87787924781139,2016.0,84.0219875284518,0.025175886,-118.62048700293226,0.02712155319750309,-396.57122865295133,0.01832577772438526,,,2020yCat.1350....0G,
star,cns5-5470,Iota Peg,F5V,1.461641345,10.754018554,-4.890805228,,,,6316,1.2854419,3.6579185,1.597197,-0.6859,3.1123948,3.391535,2000.0,Corrected CNS5 5470; J2000 Sun-relative Galactic position. SIMBAD exact CNS5 identity. Transverse-only source motion; radial velocity unavailable or withheld.,Pegasus,331.7542260532072,25.34522096646813,2016.0,84.00535559575758,0.23213828,295.4762646451181,0.21795037388801575,27.441697940510274,0.19437168538570404,,,2020yCat.1350....0G,
star,cns5-5593,PM J22403-4931B,,6.282828599,-2.002085591,-9.912717014,,,,,,,,,,,2000.0,Corrected CNS5 5593; J2000 Sun-relative Galactic position. SIMBAD exact CNS5 identity. Transverse-only source motion; radial velocity unavailable or withheld.,Grus,340.08216256511923,-49.51636312272299,2016.0,83.99381171909658,0.042973362,459.54399778798677,0.0228074099868536,144.83575937263188,0.02899991348385811,,,2020yCat.1350....0G,
star,cns5-1805,BD+27 1348,M3V,-11.192228800,-2.109774559,3.501599826,,,,3149,,0.03381609,0.6177,-0.8224,,,2000.0,Corrected CNS5 1805; J2000 Sun-relative Galactic position. SIMBAD exact CNS5 identity. Transverse-only source motion; radial velocity unavailable or withheld.,Gemini,109.08221549977452,27.14164565299547,2016.0,83.92453814847273,0.43320918,-33.30098118609544,0.3308672606945038,-198.41746032850912,0.2788245379924774,,,2020yCat.1350....0G,
star,cns5-3881,Lambda Ser,G0-V,8.238327003,2.315178664,8.293649659,-49.137156,-24.086005,-39.891377,,,,,,,4.039167,2000.0,Corrected CNS5 3881; J2000 Sun-relative Galactic position. SIMBAD exact CNS5 identity. Full source space motion.,Serpens,236.60988904592512,7.352758689332476,2016.0,83.921443569609,0.17208166,-223.9521808368752,0.2298448383808136,-69.76269002453373,0.27878889441490173,-66.41051483154297,0.1525835394859314,2020yCat.1350....0G,2020yCat.1350....0G
star,cns5-5592,PM J22403-4931A,M5.5,6.288985123,-2.004138137,-9.922057868,,,,,,,,,,14.019163,2000.0,Corrected CNS5 5592; J2000 Sun-relative Galactic position. SIMBAD exact CNS5 identity. Transverse-only source motion; radial velocity unavailable or withheld.,Grus,340.0810637443171,-49.517146869093644,2016.0,83.91366395586151,0.034529112,468.72563489362653,0.01873910240828991,172.1323862023155,0.022314472123980522,,,2020yCat.1350....0G,
brown_dwarf,cns5-4944,2MASS J19590564-3338314,T8,10.447222677,1.333344746,-5.580244280,,,,,,,,,,,2000.0,Corrected CNS5 4944; J2000 Sun-relative Galactic position. SIMBAD exact CNS5 identity. Transverse-only source motion; radial velocity unavailable or withheld.,Sagittarius,299.7735364,-33.6427317,2000.0,83.9,2.0,-4.7,0.8,-200.7,0.8,,,2014yCat.2328....0C; 2021ApJS..253....7K,
star,cns5-2694,DS Leo,M1.0Ve,-3.965330233,-3.182514446,10.795110716,,,,3641,0.56234324,0.05764759,0.6031753,-0.4068,5.2896223,9.188327,2000.0,Corrected CNS5 2694; J2000 Sun-relative Galactic position. SIMBAD exact CNS5 identity. Transverse-only source motion; radial velocity unavailable or withheld.,Leo,165.660442631078,21.96690929052043,2016.0,83.80411663546555,0.022965977,142.77050015541252,0.021776748821139336,-51.66078672242831,0.01793135516345501,,,2020yCat.1350....0G,
star,cns5-4679,G 184-31,M4.5V,7.657955362,8.970669556,1.809392481,,,,3053,,0.0033083737,0.2049168,-0.3168,,,2000.0,Corrected CNS5 4679; J2000 Sun-relative Galactic position. SIMBAD exact CNS5 identity. Transverse-only source motion; radial velocity unavailable or withheld.,Hercules,282.47643022098663,18.67338861245908,2016.0,83.8028111823667,0.040582523,-109.30371183218082,0.02295331470668316,-278.6849373514857,0.025061726570129395,,,2020yCat.1350....0G,
star,cns5-1225,L 736-30,M3V,-7.937361577,-5.973774361,-6.632306502,31.792513,-29.123016,15.327526,3257,,0.02494581,0.4960193,-0.9377,,10.508129,2000.0,Corrected CNS5 1225; J2000 Sun-relative Galactic position. SIMBAD exact CNS5 identity. Full source space motion.,Eridanus,73.46015657149674,-17.776283502998492,2016.0,83.72106733634104,0.017877972,408.5727310537092,0.01208636537194252,-644.4568537651821,0.012502592988312244,-15.069535255432129,0.22702011466026306,2020yCat.1350....0G,2020yCat.1350....0G
star,cns5-2328,LP 607-32,M2.5V,-5.898447701,-8.291023902,6.258942197,,,,3269,,0.00864264,0.2897722,-1.1822,,11.727886,2000.0,Corrected CNS5 2328; J2000 Sun-relative Galactic position. SIMBAD exact CNS5 identity. Transverse-only source motion; radial velocity unavailable or withheld.,Hydra,140.4513282977866,-2.328676307427825,2016.0,83.70996863879341,0.02567934,176.9744854451217,0.02362193539738655,6.634660982913928,0.01753278262913227,,,2020yCat.1350....0G,
star,cns5-0606,BD+47 612,M0V,-8.716495205,7.768300302,-2.538293125,19.960132,-32.034149,14.524631,3732,0.5750225,0.06640145,0.6141867,-0.2263,13.3175,,2000.0,Corrected CNS5 606; J2000 Sun-relative Galactic position. SIMBAD exact CNS5 identity. Full source space motion.,Andromeda,35.56244783524825,47.880213287675296,2016.0,83.6969069361752,0.029615724,216.13395538312858,0.025820905342698097,41.43599227073439,0.03185015544295311,-38.47331619262695,0.29413044452667236,2020yCat.1350....0G,2020yCat.1350....0G
star,cns5-5821,L 504-27,M4.5V,3.758735054,-0.153215858,-11.343138923,,,,3103,,0.004188471,0.22396342,-0.1706,,13.333040,2000.0,Corrected CNS5 5821; J2000 Sun-relative Galactic position. SIMBAD exact CNS5 identity. Transverse-only source motion; radial velocity unavailable or withheld.,Sculptor,354.2244271769137,-36.480760835989614,2016.0,83.67736154558106,0.029362615,1175.5601211891023,0.02099158987402916,59.277280944141864,0.022838987410068512,,,2020yCat.1350....0G,
brown_dwarf,cns5-4309,LSPM J1731+2721,L1.0,6.616515571,8.139167125,5.734570913,-4.565478,-29.751612,-13.585882,,,,,,,,2000.0,Corrected CNS5 4309; J2000 Sun-relative Galactic position. SIMBAD exact CNS5 identity. Full source space motion.,Hercules,262.8734755822196,27.355330103711275,2016.0,83.6539942300634,0.08782863,-90.20816934070697,0.077226422727108,-253.25228583352862,0.0910797193646431,-29.3,0.4,2020yCat.1350....0G,2012ApJ...758...56S
brown_dwarf,cns5-2557,WISE J102557.72+030755.7,T8.5,-3.876652512,-7.042848564,8.857350298,,,,,,,,,,,2000.0,Corrected CNS5 2557; J2000 Sun-relative Galactic position. SIMBAD exact CNS5 identity. Transverse-only source motion; radial velocity unavailable or withheld.,Sextans,156.4903305,3.1321912,2000.0,83.6,2.3,-1203.0,1.0,-143.6,1.0,,,2014yCat.2328....0C; 2021ApJS..253....7K,
brown_dwarf,cns5-4192,BUG 5A,M9Ve,10.871726781,2.886385524,4.076679025,,,,,,,,,,,2000.0,Corrected CNS5 4192; J2000 Sun-relative Galactic position. SIMBAD exact CNS5 identity. Transverse-only source motion; radial velocity unavailable or withheld.,Ophiuchus,256.8480177069732,-5.97359242799324,2016.0,83.58184320975984,0.19708705,90.27760784983305,0.1941194236278534,18.091300102110026,0.15355907380580902,,,2020yCat.1350....0G,
star,cns5-3031,G 148-47,M4.5e,-1.549149980,-0.080854817,11.871800561,,,,,,,,,,,2000.0,Corrected CNS5 3031; J2000 Sun-relative Galactic position. SIMBAD exact CNS5 identity. Transverse-only source motion; radial velocity unavailable or withheld.,Coma Berenices,185.36037227492417,30.642659469169146,2016.0,83.5232015007959,0.038118277,-191.03622605346453,0.027087267488241196,-253.76013940993053,0.038322415202856064,,,2020yCat.1350....0G,
star,cns5-1865,VV Lyn B,,-10.982591109,-0.535078883,4.738007201,,,,,,,,,,,2000.0,Corrected CNS5 1865; J2000 Sun-relative Galactic position. SIMBAD exact CNS5 identity. Transverse-only source motion; radial velocity unavailable or withheld.,Lynx,112.98899633165921,36.217950231456044,2016.0,83.52137276007491,0.16681577,-245.22375214052096,0.1612340360879898,-246.3725571652946,0.13539844751358032,,,2020yCat.1350....0G,
star,cns5-4915,G 208-42,M4.0Ve,1.958546614,11.629417289,2.068861469,,,,,,,,,,,2000.0,Corrected CNS5 4915; J2000 Sun-relative Galactic position. SIMBAD exact CNS5 identity. Transverse-only source motion; radial velocity unavailable or withheld.,Cygnus,297.79001858504904,46.48457360658962,2016.0,83.51930157396396,0.01983927,183.24203432496074,0.019851895049214363,265.6973256271691,0.021776631474494934,,,2020yCat.1350....0G,
brown_dwarf,cns5-3032,G 148-48,M5,-1.549242005,-0.080852394,11.874593689,,,,,,,,,,,2000.0,Corrected CNS5 3032; J2000 Sun-relative Galactic position. SIMBAD exact CNS5 identity. Transverse-only source motion; radial velocity unavailable or withheld.,Coma Berenices,185.36164355544952,30.642055780659078,2016.0,83.50380208181748,0.098422214,-209.77878582050545,0.07104513794183731,-267.27007281605916,0.09763023257255554,,,2020yCat.1350....0G,
star,cns5-1863,Ross 989,M4.0V,-10.991337507,-0.533276431,4.742206579,,,,3185,,0.01973695,0.48558286,-0.0028,,11.345247,2000.0,Corrected CNS5 1863; J2000 Sun-relative Galactic position. SIMBAD exact CNS5 identity. Transverse-only source motion; radial velocity unavailable or withheld.,Lynx,112.98739022537632,36.22866483400494,2016.0,83.4544281466284,0.028704917,-264.28149359508706,0.030102964490652084,-260.26542181128644,0.02750241942703724,,,2020yCat.1350....0G,
star,cns5-1866,VV Lyn A,,-10.995192613,-0.535612908,4.743492013,-4.007818,-9.347654,-17.401390,3252,,0.033383675,0.5754906,-1.1439,,,2000.0,Corrected CNS5 1866; J2000 Sun-relative Galactic position. SIMBAD exact CNS5 identity. Full source space motion.,Lynx,112.9890898422161,36.21837685594759,2016.0,83.4258590968769,0.05463407,-249.67719510587136,0.056886252015829086,-247.1194744380401,0.053909387439489365,-2.791700601577759,0.5253437757492065,2020yCat.1350....0G,2020yCat.1350....0G
brown_dwarf,cns5-2417,WT 2458,M4.5,-1.245674137,-11.504944510,3.219954088,,,,,,,,,,13.693958,2000.0,Corrected CNS5 2417; J2000 Sun-relative Galactic position. SIMBAD exact CNS5 identity. Transverse-only source motion; radial velocity unavailable or withheld.,Antlia,146.491875412928,-32.89101863068049,2016.0,83.25140678962192,0.047964342,-300.46074570478004,0.021562235429883003,145.74188406059835,0.027414118871092796,,,2020yCat.1350....0G,
brown_dwarf,cns5-5033,WISE J201824.97-742327.5,T7,7.825076309,-6.555469449,-6.344755310,,,,,,,,,,,2000.0,Corrected CNS5 5033; J2000 Sun-relative Galactic position. SIMBAD exact CNS5 identity. Transverse-only source motion; radial velocity unavailable or withheld.,Pavo,304.6041321,-74.3910931,2000.0,83.19999694824219,1.9,307.70001220703125,1.0,-1008.4000244140625,1.600000023841858,,,2014yCat.2328....0C; 2019ApJS..240...19K,
star,cns5-3135,Porrima,F1-F2V,2.693008161,-5.100366397,10.546019719,,,,6740,1.3841025,4.5517826,1.5645943,-0.4252,1.703898,2.340446,2000.0,Corrected CNS5 3135; J2000 Sun-relative Galactic position. SIMBAD exact CNS5 identity. Transverse-only source motion; radial velocity unavailable or withheld.,Virgo,190.41242708810614,-1.4490230625523142,2016.0,83.19347753572258,0.5822196,-605.1760034503509,0.7880786657333374,85.70058806691729,0.4011341631412506,,,2020yCat.1350....0G,
star,cns5-4606,Ross 149,M4V,8.608750836,8.156934924,1.975273788,,,,3006,,0.011159775,0.38953674,-0.774,,12.059971,2000.0,Corrected CNS5 4606; J2000 Sun-relative Galactic position. SIMBAD exact CNS5 identity. Transverse-only source motion; radial velocity unavailable or withheld.,Hercules,279.0809524821553,13.608565199505211,2016.0,83.17525288450402,0.032467883,179.2312934764381,0.03006705828011036,278.83007166893503,0.03319085016846657,,,2020yCat.1350....0G,
star,cns5-4211,Wolf 654,M4V,4.537291006,8.710569987,6.951187394,,,,3197,,0.016943906,0.4225771,-1.0463,,,2000.0,Corrected CNS5 4211; J2000 Sun-relative Galactic position. SIMBAD exact CNS5 identity. Transverse-only source motion; radial velocity unavailable or withheld.,Hercules,257.89598966788463,38.44254560681901,2016.0,83.10853867760778,0.019882182,212.68792342388429,0.018341222777962685,-46.94817915362118,0.025065651163458824,,,2020yCat.1350....0G,
star,cns5-4405,SCR J1746-3214,M5.5,12.021277346,-0.566895612,-0.401124559,,,,2842,,0.0012349834,0.14492163,-0.3845,,,2000.0,Corrected CNS5 4405; J2000 Sun-relative Galactic position. SIMBAD exact CNS5 identity. Transverse-only source motion; radial velocity unavailable or withheld.,Scorpius,266.6704915930946,-32.23412636909977,2016.0,83.04737552473499,0.04023777,205.6940091571753,0.03921382129192352,103.09221043780991,0.023392116650938988,,,2020yCat.1350....0G,
star,cns5-0829,Zeta1 Ret,G2.5VHdel1,1.293412222,-8.078478779,-8.839434406,-70.168547,-46.736971,15.819184,5631,0.96955705,0.7844496,0.930787,-0.2089,3.915964,5.136053,2000.0,Corrected CNS5 829; J2000 Sun-relative Galactic position. SIMBAD exact CNS5 identity. Full source space motion.,Reticulum,49.45525439342999,-62.572432544470445,2016.0,83.02397018243857,0.050096557,1337.5303752785856,0.05065305531024933,649.8397532183421,0.07054606080055237,12.212371826171875,0.17169757187366486,2020yCat.1350....0G,2020yCat.1350....0G
brown_dwarf,cns5-2525,WISE J101808.04-244557.9,T8,-1.124676164,-10.743015149,5.336822846,,,,,,,,,,,2000.0,Corrected CNS5 2525; J2000 Sun-relative Galactic position. SIMBAD exact CNS5 identity. Transverse-only source motion; radial velocity unavailable or withheld.,Hydra,154.5334747,-24.7661563,2000.0,83.0,2.8,49.6,1.1,-821.0,1.0,,,2014yCat.2328....0C; 2021ApJS..253....7K,
star,cns5-5127,BD+44 3567,M2V,1.246147041,11.993350456,0.212255239,-29.909294,-21.129388,-10.212629,3527,,0.026083296,0.4326398,-0.1498,,10.297302,2000.0,Corrected CNS5 5127; J2000 Sun-relative Galactic position. SIMBAD exact CNS5 identity. Full source space motion.,Cygnus,311.2697846821949,44.5002726683959,2016.0,82.92295726794723,0.01874324,434.02777172748665,0.01797827146947384,271.02223027117475,0.019759664312005043,-24.282127380371094,0.3121242821216583,2020yCat.1350....0G,2020yCat.1350....0G
star,cns5-1040,G 247-15,M4V,-9.414134786,7.257557517,2.041200904,,,,,,,,,,,2000.0,Corrected CNS5 1040; J2000 Sun-relative Galactic position. SIMBAD exact CNS5 identity. Transverse-only source motion; radial velocity unavailable or withheld.,Camelopardalis,63.076027344041044,64.73018080218111,2016.0,82.9127613458413,0.025472965,492.7870898317532,0.01297872792929411,-435.8046816667496,0.01859169267117977,,,2020yCat.1350....0G,
brown_dwarf,cns5-5753,ULAS J232123.79+135454.9,T7.5,-0.322903929,8.754095722,-8.313999523,,,,,,,,,,,2000.0,Corrected CNS5 5753; J2000 Sun-relative Galactic position. SIMBAD exact CNS5 identity. Transverse-only source motion; radial velocity unavailable or withheld.,Pegasus,350.3492897,13.9148171,2000.0,82.8,2.1,77.5,0.9,-570.0,1.0,,,2014yCat.2328....0C; 2021ApJS..253....7K,
star,cns5-5333,L 570-29,M3.5V,7.874294553,1.638526134,-9.029076220,,,,,,,,,,12.157531,2000.0,Corrected CNS5 5333; J2000 Sun-relative Galactic position. SIMBAD exact CNS5 identity. Transverse-only source motion; radial velocity unavailable or withheld.,Piscis Austrinus,324.68746814954505,-33.66763894068804,2016.0,82.70014471718355,0.050494995,1039.6989237829603,0.04206349700689316,-519.0069509899854,0.03386475518345833,,,2020yCat.1350....0G,
star,cns5-0798,G 221-5,M5V,-7.926655154,8.682879676,2.827008301,,,,,,,,,,,2000.0,Corrected CNS5 798; J2000 Sun-relative Galactic position. SIMBAD exact CNS5 identity. Transverse-only source motion; radial velocity unavailable or withheld.,Cassiopeia,47.771960037151786,73.76736018461561,2016.0,82.6993732940218,0.024361087,1825.6488599240827,0.017341751605272293,-1074.9271019484925,0.020998124033212662,,,2020yCat.1350....0G,
star,cns5-2292,SCR J0914-4134,,-0.975131731,-12.035148286,1.042550813,,,,,,,,,,14.592574,2000.0,Corrected CNS5 2292; J2000 Sun-relative Galactic position. SIMBAD exact CNS5 identity. Transverse-only source motion; radial velocity unavailable or withheld.,Vela,138.56936193777068,-41.57480208152498,2016.0,82.51156874055019,0.022652667,-548.4490115491201,0.018343528732657433,535.3491989750161,0.020966898649930954,,,2020yCat.1350....0G,
brown_dwarf,cns5-4614,LP 335-12,M6.5Ve,6.029839993,10.016736626,3.240736595,,,,,,,,,,17.790257,2000.0,Corrected CNS5 4614; J2000 Sun-relative Galactic position. SIMBAD exact CNS5 identity. Transverse-only source motion; radial velocity unavailable or withheld.,Lyra,279.8882509500303,29.870257114332887,2016.0,82.423579260283,0.04669475,85.69014370255027,0.0396314300596714,-222.90148643190324,0.051372792571783066,,,2020yCat.1350....0G,
star,cns5-1308,G 85-52,M0V,-11.881360305,-0.768314333,-2.386505372,20.757583,3.689974,25.721812,3268,,0.028729692,0.5289647,-0.9167,,10.324370,2000.0,Corrected CNS5 1308; J2000 Sun-relative Galactic position. SIMBAD exact CNS5 identity. Full source space motion.,Taurus,78.17726253072034,19.666725360748927,2016.0,82.35481663304277,0.022758305,279.35379655139565,0.02771225944161415,240.88599949362003,0.01766309142112732,-25.598390579223633,0.4532298147678375,2020yCat.1350....0G,2020yCat.1350....0G
brown_dwarf,cns5-0011,L 362-29 BC,L5+L5,3.168559053,-1.455504605,-11.631869173,10.677503,-97.566658,-19.154057,,,,,,,,2000.0,Corrected CNS5 11; J2000 Sun-relative Galactic position. SIMBAD exact CNS5 identity. Full source space motion.,Phoenix,1.149203206864745,-40.74178765539875,2016.0,82.34660183411951,0.25663307,668.8881923601136,0.23232337832450867,-1498.236012315344,0.1990968883037567,32.84,0.17,2020yCat.1350....0G,2010ApJ...723..684B
brown_dwarf,cns5-0230,2MASS J00470038+6803543,L9pec,-6.504832812,10.203668320,1.100468892,,,,,,,,,,,2000.0,Corrected CNS5 230; J2000 Sun-relative Galactic position. SIMBAD exact CNS5 identity. Transverse-only source motion; radial velocity unavailable or withheld.,Cassiopeia,11.7545587,68.0645097,2000.0,82.30000305175781,1.8,380.70001220703125,1.100000023841858,-204.1999969482422,1.399999976158142,,,2014yCat.2328....0C; 2016ApJ...833...96L,
star,cns5-2114,HD 72673,K1V,-3.689571591,-11.540575409,1.054378699,-75.044333,6.238798,-24.527556,5207,,0.39085433,0.7681574,-0.1816,,5.955010,2000.0,Corrected CNS5 2114; J2000 Sun-relative Galactic position. SIMBAD exact CNS5 identity. Full source space motion.,Pyxis,128.20875984158528,-31.497462976881874,2016.0,82.22300000208524,0.020311622,-1113.7390982321285,0.01303053554147482,762.4197048630538,0.020226893946528435,14.72806453704834,0.15018579363822937,2020yCat.1350....0G,2020yCat.1350....0G
star,cns5-0073,G 32-5,M4V,-2.738969752,7.595037364,-9.096136225,,,,3112,,0.0079520745,0.30720517,-0.7977,,12.174887,2000.0,Corrected CNS5 73; J2000 Sun-relative Galactic position. SIMBAD exact CNS5 identity. Transverse-only source motion; radial velocity unavailable or withheld.,Pisces,3.958001989119532,13.557663185407279,2016.0,82.21998438217528,0.036994778,618.0650123092432,0.03925972059369087,329.44598915255966,0.034156639128923416,,,2020yCat.1350....0G,
star,cns5-5300,L 425-35,M4V,8.326902168,0.183926115,-8.885786541,,,,3032,,0.0061017787,0.2577285,-0.6467,,12.761940,2000.0,Corrected CNS5 5300; J2000 Sun-relative Galactic position. SIMBAD exact CNS5 identity. Transverse-only source motion; radial velocity unavailable or withheld.,Grus,322.70477274528395,-40.71438758943439,2016.0,82.10846985546414,0.03280408,1046.6421648324929,0.028957942500710487,-1396.306284104186,0.020787732675671577,,,2020yCat.1350....0G,
brown_dwarf,cns5-1796,WISE J071301.84-585445.1,T9,-0.061716856,-11.422098069,-4.229751111,,,,,,,,,,,2000.0,Corrected CNS5 1796; J2000 Sun-relative Galactic position. SIMBAD exact CNS5 identity. Transverse-only source motion; radial velocity unavailable or withheld.,Carina,108.2577616,-58.9125559,2000.0,82.1,3.0,78.3,1.7,364.0,1.8,,,2014yCat.2328....0C; 2021ApJS..253....7K,
brown_dwarf,cns5-3242,G 177-25,M5.0V,-1.778044591,3.978120290,11.380609236,,,,,,,,,,,2000.0,Corrected CNS5 3242; J2000 Sun-relative Galactic position. SIMBAD exact CNS5 identity. Transverse-only source motion; radial velocity unavailable or withheld.,Canes Venatici,197.54841703158766,47.752447720374036,2016.0,82.05957170387103,0.039710037,-636.0594607686569,0.022234678268432617,-616.3915415952039,0.028670979663729668,,,2020yCat.1350....0G,
brown_dwarf,cns5-1594,2MASS J06244595-4521548,L6.5,-3.189641047,-10.724820671,-4.841035733,,,,,,,,,,,2000.0,Corrected CNS5 1594; J2000 Sun-relative Galactic position. SIMBAD exact CNS5 identity. Transverse-only source motion; radial velocity unavailable or withheld.,Puppis,96.19120978811503,-45.36352820069851,2016.0,82.02476334752949,0.3499949,-35.95005303604099,0.4270033836364746,378.5308233824364,0.5084204077720642,,,2020yCat.1350....0G,
brown_dwarf,cns5-1237,2MASS J04574602-0207179,T2,-10.215269954,-3.944568817,-5.367460859,,,,,,,,,,,2000.0,Corrected CNS5 1237; J2000 Sun-relative Galactic position. SIMBAD exact CNS5 identity. Transverse-only source motion; radial velocity unavailable or withheld.,Orion,74.44226174528,-2.12216193637,2015.5,82.0,2.9,93.0,3.0,-105.19999694824219,2.200000047683716,,,2018A&A...616A...1G; 2020AJ....159..257B,
star,cns5-4463,G 182-36,dM5.0,4.860796021,9.933812046,5.214441914,,,,2960,,0.002500644,0.19017147,-0.1571,,,2000.0,Corrected CNS5 4463; J2000 Sun-relative Galactic position. SIMBAD exact CNS5 identity. Transverse-only source motion; radial velocity unavailable or withheld.,Hercules,270.6937243792945,37.512417837636434,2016.0,81.78653060314177,0.024200164,171.18999453078555,0.019471487030386925,-1141.7495139198154,0.02191741205751896,,,2020yCat.1350....0G,
star,cns5-4260,G 181-39,M2V,4.001810817,9.291956615,6.870925878,,,,,,,,,,,2000.0,Corrected CNS5 4260; J2000 Sun-relative Galactic position. SIMBAD exact CNS5 identity. Transverse-only source motion; radial velocity unavailable or withheld.,Hercules,259.9713259724025,41.710116980312826,2016.0,81.76842643439942,0.031436693,284.0635718898534,0.030856870114803314,-829.9084340146477,0.03462507203221321,,,2020yCat.1350....0G,
star,cns5-0103,LP 292-67,M5.5V,-4.596655587,9.638241917,-6.002029976,,,,2834,,0.0013577827,0.15289032,-0.2896,,,2000.0,Corrected CNS5 103; J2000 Sun-relative Galactic position. SIMBAD exact CNS5 identity. Transverse-only source motion; radial velocity unavailable or withheld.,Andromeda,5.128239996638605,33.08128045387165,2016.0,81.63624155477868,0.039729863,1075.6069044786457,0.04385429993271828,-863.6676685094403,0.03461112082004547,,,2020yCat.1350....0G,
star,cns5-2991,LP 734-32,dM3.5,2.644745477,-7.987455146,8.904960561,,,,3016,,0.017096693,0.4789037,-0.6923,,11.642103,2000.0,Corrected CNS5 2991; J2000 Sun-relative Galactic position. SIMBAD exact CNS5 identity. Transverse-only source motion; radial velocity unavailable or withheld.,Corvus,182.52307872637712,-15.074546825329556,2016.0,81.62451091746792,0.03945022,-56.436670625532116,0.038241855800151825,-712.9573659844577,0.042068254202604294,,,2020yCat.1350....0G,
star,cns5-0928,L 228-92,M4.5,-0.839187325,-7.848142251,-9.371944628,,,,3001,,0.002544244,0.1817724,-0.506,,13.987825,2000.0,Corrected CNS5 928; J2000 Sun-relative Galactic position. SIMBAD exact CNS5 identity. Transverse-only source motion; radial velocity unavailable or withheld.,Horologium,54.73403875235281,-52.568615867333605,2016.0,81.614050025676,0.025604988,145.25720241956287,0.02097678743302822,224.69786131127506,0.02674020826816559,,,2020yCat.1350....0G,
white_dwarf,cns5-2677,LAWD 34,DC,-1.436738858,-8.438967404,8.779266016,,,,,,,,,,13.895199,2000.0,Corrected CNS5 2677; J2000 Sun-relative Galactic position. SIMBAD exact CNS5 identity. Transverse-only source motion; radial velocity unavailable or withheld.,Crater,164.39272990821704,-7.522698907313,2016.0,81.55296667453581,0.02602049,-816.9845553873879,0.026147181168198586,91.29802255442999,0.021645640954375267,,,2020yCat.1350....0G,
star,cns5-1413,HD 233153,M1.0V,-11.159039382,4.420466231,2.545121042,-14.213111,-22.500326,-14.002045,3668,,0.059136987,0.6811747,-0.2039,,,2000.0,Corrected CNS5 1413; J2000 Sun-relative Galactic position. SIMBAD exact CNS5 identity. Full source space motion.,Auriga,85.37807337010766,53.48750978876841,2016.0,81.502247430884,0.025949018,3.8650721589923442,0.02059755101799965,-515.9603142670272,0.018173400312662125,1.9169840812683105,0.27029362320899963,2020yCat.1350....0G,2020yCat.1350....0G
star,cns5-1412,HD 37394,K0V,-11.160225405,4.422140302,2.539638688,-13.617074,-23.102818,-14.461111,5177,0.8139666,0.47172615,0.8537983,-0.2859,,5.785757,2000.0,Corrected CNS5 1412; J2000 Sun-relative Galactic position. SIMBAD exact CNS5 identity. Full source space motion.,Auriga,85.33475293851619,53.478731438569575,2016.0,81.4987133119068,0.02888431,2.803536776527377,0.024468669667840004,-523.477490445451,0.021060442551970482,1.0672175884246826,0.1769612580537796,2020yCat.1350....0G,2020yCat.1350....0G
star,cns5-2249,G 234-53,M4.0V,-8.133047720,5.464094401,7.413504098,,,,3038,,0.0093509955,0.3490444,-0.7349,,12.174825,2000.0,Corrected CNS5 2249; J2000 Sun-relative Galactic position. SIMBAD exact CNS5 identity. Transverse-only source motion; radial velocity unavailable or withheld.,Ursa Major,135.72254605697339,68.06446038566975,2016.0,81.38886234313962,0.027640015,189.0897939251613,0.019792763516306877,342.699434508189,0.024969905614852905,,,2020yCat.1350....0G,
star,cns5-2081,LP 35-347,M7V,-8.497383734,5.707476291,6.800046485,,,,,,,,,,,2000.0,Corrected CNS5 2081; J2000 Sun-relative Galactic position. SIMBAD exact CNS5 identity. Transverse-only source motion; radial velocity unavailable or withheld.,Ursa Major,126.46147954966091,69.02796394356187,2016.0,81.37306875080597,0.43596527,-691.1648994688926,0.2924369275569916,-1276.3182193769326,0.3933411240577698,,,2020yCat.1350....0G,
star,cns5-0537,L 89-27,M1.5V,2.978565426,-7.525759583,-9.262517556,-90.352710,-44.776180,28.985924,3459,,0.013577021,0.32452396,-0.3763,,11.100380,2000.0,Corrected CNS5 537; J2000 Sun-relative Galactic position. SIMBAD exact CNS5 identity. Full source space motion.,Hydrus,31.86632145778327,-66.56822612915273,2016.0,81.29904765756653,0.016932609,1739.065892738913,0.01568228006362915,368.0285835700924,0.017006250098347664,-16.296327590942383,0.6526628136634827,2020yCat.1350....0G,2020yCat.1350....0G
brown_dwarf,cns5-2323,2MASS J09205549+4539058,L9.5,-8.697720729,0.858335840,8.656147162,,,,,,,,,,,2000.0,Corrected CNS5 2323; J2000 Sun-relative Galactic position. SIMBAD exact CNS5 identity. Transverse-only source motion; radial velocity unavailable or withheld.,Ursa Major,140.2306770799029,45.647598946239206,2016.0,81.29383661875056,1.4692384,-79.75835150222349,1.6828715801239014,-857.1877418984441,1.1665881872177124,,,2020yCat.1350....0G,
brown_dwarf,cns5-1916,2M 0746+20 b,L0+L1.5,-10.779831457,-4.016990988,4.378996413,,,,,,,,,,,2000.0,Corrected CNS5 1916; J2000 Sun-relative Galactic position. SIMBAD exact CNS5 identity. Transverse-only source motion; radial velocity unavailable or withheld.,Gemini,116.67541802539,20.00865994659,2015.5,81.23999786376953,0.25,-365.1000061035156,0.800000011920929,-53.099998474121094,0.8999999761581421,,,2018A&A...616A...1G; 2015csss...18..413H; 2017ApJS..231...15D,
star,cns5-0971,Ross 567,M3.0V,-9.663432440,7.487684208,1.440267174,,,,,,,,,,,2000.0,Corrected CNS5 971; J2000 Sun-relative Galactic position. SIMBAD exact CNS5 identity. Transverse-only source motion; radial velocity unavailable or withheld.,Camelopardalis,58.29378718240847,62.56771136910784,2016.0,81.23862565288185,0.04460281,31.727420671015267,0.043226584792137146,-269.0679845348576,0.042040273547172546,,,2020yCat.1350....0G,
star,cns5-0012,L 362-29,M4V,3.210918969,-1.475726012,-11.791349079,,,,3024,,0.0082853595,0.3317113,-0.7533,,12.388799,2000.0,Corrected CNS5 12; J2000 Sun-relative Galactic position. SIMBAD exact CNS5 identity. Transverse-only source motion; radial velocity unavailable or withheld.,Phoenix,1.1557978626946337,-40.740825073227725,2016.0,81.23809978381033,0.039473638,677.6748784409511,0.02900013141334057,-1505.6162159029004,0.025795185938477516,,,2020yCat.1350....0G,
star,cns5-0676,G 75-35,M4.5V,-6.979251040,0.364465623,-10.139532039,,,,3069,,0.004701202,0.24221659,-0.1344,,13.337873,2000.0,Corrected CNS5 676; J2000 Sun-relative Galactic position. SIMBAD exact CNS5 identity. Transverse-only source motion; radial velocity unavailable or withheld.,Cetus,40.314644601412986,-4.538542485444145,2016.0,81.20348249105022,0.056592718,352.7646340077034,0.04242411628365517,-57.91696095436592,0.04170350730419159,,,2020yCat.1350....0G,
brown_dwarf,cns5-4041,2MASS J16291840+0335371,T2,9.792407568,3.280473759,6.709183569,,,,,,,,,,,2000.0,Corrected CNS5 4041; J2000 Sun-relative Galactic position. SIMBAD exact CNS5 identity. Transverse-only source motion; radial velocity unavailable or withheld.,Ophiuchus,247.3273422,3.5932037,2000.0,81.2,3.0,233.9,1.2,-147.0,1.1,,,2014yCat.2328....0C; 2021ApJS..253....7K,
star,cns5-0006,85 Peg,G5VbFe-2,-3.406217412,9.562439573,-6.979686264,-4.581408,-70.720114,-31.869706,,,,,,,5.297117,2000.0,Corrected CNS5 6; J2000 Sun-relative Galactic position. SIMBAD exact CNS5 identity. Full source space motion.,Pegasus,0.5466960564268589,27.07764869795461,2016.0,81.17903537377352,0.51359457,716.4603207703668,0.45197591185569763,-941.4971821960098,0.24190424382686615,-35.56552505493164,0.34586358070373535,2020yCat.1350....0G,2020yCat.1350....0G
brown_dwarf,cns5-4457,2MASS J18000116-1559235,L4.5,11.989731359,2.734433302,0.797724843,,,,,,,,,,,2000.0,Corrected CNS5 4457; J2000 Sun-relative Galactic position. SIMBAD exact CNS5 identity. Transverse-only source motion; radial velocity unavailable or withheld.,Serpens,270.0048284417198,-15.991307055710744,2016.0,81.14618021342797,0.2193729,-8.08624770698585,0.2681608498096466,-296.89559601031965,0.19698753952980042,,,2020yCat.1350....0G,
star,cns5-5891,L 85-31,M3.5,5.516184512,-6.662699734,-8.778324077,,,,,,,,,,12.545257,2000.0,Corrected CNS5 5891; J2000 Sun-relative Galactic position. SIMBAD exact CNS5 identity. Transverse-only source motion; radial velocity unavailable or withheld.,Tucana,358.3593934660763,-70.94461574811649,2016.0,81.14305877281664,0.02923947,315.55540614255847,0.024875406175851822,33.241489177627564,0.02797418273985386,,,2020yCat.1350....0G,
star,cns5-4715,HD 175224B,K7Ve,10.693185118,-3.819579078,-4.826273639,,,,3599,0.54425186,0.05158374,0.58380353,-0.3202,11.625831,9.673776,2000.0,Corrected CNS5 4715; J2000 Sun-relative Galactic position. SIMBAD exact CNS5 identity. Transverse-only source motion; radial velocity unavailable or withheld.,Telescopium,284.37733049506585,-55.99312534030172,2016.0,81.05039608813233,0.03126117,35.54568109945644,0.020220516249537468,-451.5112888563218,0.015517537482082844,,,2020yCat.1350....0G,
star,cns5-5105,HD 196877,K7V,9.442008658,-2.402073610,-7.570566995,-51.788480,-51.412542,28.339921,3917,0.61094534,0.08590003,0.63617593,-1.0181,,8.363714,2000.0,Corrected CNS5 5105; J2000 Sun-relative Galactic position. SIMBAD exact CNS5 identity. Full source space motion.,Indus,310.5788689173076,-52.70400747589355,2016.0,81.05314476834191,0.025824916,82.71759938861481,0.018462153151631355,-1067.1592799873572,0.022365257143974304,-47.005924224853516,0.1546066701412201,2020yCat.1350....0G,2020yCat.1350....0G
star,cns5-2392,Ross 92,dM5.0,-7.416380887,-4.087488775,8.974144213,,,,,,,,,,,2000.0,Corrected CNS5 2392; J2000 Sun-relative Galactic position. SIMBAD exact CNS5 identity. Transverse-only source motion; radial velocity unavailable or withheld.,Leo,145.26076749717325,22.022373130313945,2016.0,81.04527882415907,0.04073818,461.72158569650117,0.029844876378774643,-487.44641717745594,0.02850431390106678,,,2020yCat.1350....0G,
star,cns5-4716,HD 175224A,K5Ve,10.694883735,-3.820345356,-4.827162653,-26.774490,-17.147444,1.586964,,,,,,,9.293414,2000.0,Corrected CNS5 4716; J2000 Sun-relative Galactic position. SIMBAD exact CNS5 identity. Full source space motion.,Telescopium,284.37739686311943,-55.99386891119545,2016.0,81.03887438751815,0.03143982,-8.463637235262965,0.02139679528772831,-442.6061229021682,0.01643119752407074,-18.516155242919922,0.2909100651741028,2020yCat.1350....0G,2020yCat.1350....0G
brown_dwarf,cns5-5749,WISEP J231939.13-184404.3,T7.5,3.079175599,3.641019485,-11.404143035,,,,,,,,,,,2000.0,Corrected CNS5 5749; J2000 Sun-relative Galactic position. SIMBAD exact CNS5 identity. Transverse-only source motion; radial velocity unavailable or withheld.,Aquarius,349.9131088,-18.7345684,2000.0,80.9,2.7,76.7,1.1,134.4,1.1,,,2014yCat.2328....0C; 2021ApJS..253....7K,
star,cns5-4246,G 139-29,M5V,9.306215831,6.064490974,5.423376994,,,,,,,,,,,2000.0,Corrected CNS5 4246; J2000 Sun-relative Galactic position. SIMBAD exact CNS5 identity. Transverse-only source motion; radial velocity unavailable or withheld.,Ophiuchus,259.4321138774718,11.668137650695137,2016.0,80.89896827919357,0.17745385,-343.49497776089464,0.16281449794769287,-450.8574333171047,0.14202603697776794,,,2020yCat.1350....0G,
star,cns5-0280,G 70-28,M4.0V,-3.020757408,3.722993940,-11.409599983,,,,3026,,0.0055590784,0.27183744,-0.6952,,12.867104,2000.0,Corrected CNS5 280; J2000 Sun-relative Galactic position. SIMBAD exact CNS5 identity. Transverse-only source motion; radial velocity unavailable or withheld.,Cetus,15.240444011358932,-4.447094086447559,2016.0,80.80174941213309,0.04689656,1249.137993115818,0.04788920283317566,438.7351252085695,0.04374153912067413,,,2020yCat.1350....0G,
star,cns5-3915,Beta TrA,F1V,9.649392076,-7.581013639,-1.620691326,,,,,,,,,,2.386788,2000.0,Corrected CNS5 3915; J2000 Sun-relative Galactic position. SIMBAD exact CNS5 identity. Transverse-only source motion; radial velocity unavailable or withheld.,Triangulum Australe,238.7838064740902,-63.43251144584002,2016.0,80.79000091552734,0.16,-188.66,0.11999999731779099,-401.85,0.12999999523162842,,,2020yCat.1350....0G; 2007A&A...474..653V,
brown_dwarf,cns5-5364,Wolf 940 B,T8.5,5.393863102,8.108810532,-7.644508321,,,,,,,,,,,2000.0,Corrected CNS5 5364; J2000 Sun-relative Galactic position. SIMBAD exact CNS5 identity. Transverse-only source motion; radial velocity unavailable or withheld.,Aquarius,326.6628097,-0.1775923,2000.0,80.7699966430664,0.11,769.5,0.11999999731779099,-505.6700134277344,0.11999999731779099,,,2014yCat.2328....0C; 2018A&A...616A...1G,
star,cns5-5365,Wolf 940,dM4.0,5.392752611,8.109783787,-7.645236653,,,,,,,,,,12.236144,2000.0,Corrected CNS5 5365; J2000 Sun-relative Galactic position. SIMBAD exact CNS5 identity. Transverse-only source motion; radial velocity unavailable or withheld.,Aquarius,326.6718481188171,-0.1755173375144743,2016.0,80.76606087932305,0.058509883,769.3658856002737,0.049437265843153,-505.6819875388906,0.03401533141732216,,,2020yCat.1350....0G,
brown_dwarf,cns5-1159,2MASS J04390101-2353083,L4.5,-7.070051898,-6.537176778,-7.792912444,,,,,,,,,,,2000.0,Corrected CNS5 1159; J2000 Sun-relative Galactic position. SIMBAD exact CNS5 identity. Transverse-only source motion; radial velocity unavailable or withheld.,Eridanus,69.75363653878574,-23.88637247111139,2016.0,80.7266330030694,0.3518942,-113.21632667134926,0.24353964626789093,-152.85657506958216,0.3776785731315613,,,2020yCat.1350....0G,
brown_dwarf,cns5-0611,WISE J022322.36-293257.2,T7.5,-3.036156513,-3.055145904,-11.618904779,,,,,,,,,,,2000.0,Corrected CNS5 611; J2000 Sun-relative Galactic position. SIMBAD exact CNS5 identity. Transverse-only source motion; radial velocity unavailable or withheld.,Fornax,35.8432548,-29.5492588,2000.0,80.69999694824219,2.6,780.2000122070312,1.100000023841858,-535.0999755859375,1.5,,,2014yCat.2328....0C; 2019ApJS..240...19K,
brown_dwarf,cns5-2095,2MASS J08300825+4828482,L9.5,-9.907302323,1.560754654,7.285059579,,,,,,,,,,,2000.0,Corrected CNS5 2095; J2000 Sun-relative Galactic position. SIMBAD exact CNS5 identity. Transverse-only source motion; radial velocity unavailable or withheld.,Lynx,127.52714090400372,48.476427732183716,2016.0,80.67069439725084,2.022922,-1016.5645274560766,2.184332847595215,-774.9716240834562,1.2181991338729858,,,2020yCat.1350....0G,
star,cns5-1218,Wolf 1539,M2V,-11.171100096,-2.420546114,-4.819554571,,,,,,,,,,11.550040,2000.0,Corrected CNS5 1218; J2000 Sun-relative Galactic position. SIMBAD exact CNS5 identity. Transverse-only source motion; radial velocity unavailable or withheld.,Orion,73.02457095863625,6.47519220606572,2016.0,80.61354630171657,0.026305992,153.61546355196168,0.02590767852962017,-306.0461634197105,0.019233297556638718,,,2020yCat.1350....0G,
brown_dwarf,cns5-5489,WISE J221216.33-693121.6,T9,7.128357013,-5.895610417,-8.268050560,,,,,,,,,,,2000.0,Corrected CNS5 5489; J2000 Sun-relative Galactic position. SIMBAD exact CNS5 identity. Transverse-only source motion; radial velocity unavailable or withheld.,Indus,333.0678154,-69.5226833,2000.0,80.6,1.9,789.2,0.7,-62.7,0.7,,,2014yCat.2328....0C; 2021ApJS..253....7K,
star,cns5-1951,L 601-78 A,,-5.063218369,-11.346152514,-0.141318878,,,,,,,,,,,2000.0,Corrected CNS5 1951; J2000 Sun-relative Galactic position. SIMBAD exact CNS5 identity. Transverse-only source motion; radial velocity unavailable or withheld.,Puppis,118.72988609267786,-29.35124237608166,2016.0,80.48010793149801,0.12550063,358.7222175878251,0.0943104699254036,-507.11875984638107,0.11006823927164078,,,2020yCat.1350....0G,
star,cns5-5599,LEHPM 5031,M5.5,6.580653012,-6.994037439,-7.892066805,,,,,,,,,,,2000.0,Corrected CNS5 5599; J2000 Sun-relative Galactic position. SIMBAD exact CNS5 identity. Transverse-only source motion; radial velocity unavailable or withheld.,Octans,340.4960624875462,-75.00821792446833,2016.0,80.45016572100988,0.030181693,-75.78682712777942,0.029295431450009346,217.18337591881175,0.029648683965206146,,,2020yCat.1350....0G,
star,cns5-4697,L 489-58,M3.5V,11.883044420,-0.478280752,-3.621578879,,,,,,,,,,,2000.0,Corrected CNS5 4697; J2000 Sun-relative Galactic position. SIMBAD exact CNS5 identity. Transverse-only source motion; radial velocity unavailable or withheld.,Corona Australis,283.4183144183284,-38.616458311273774,2016.0,80.43843827448298,0.03036399,353.2289049356838,0.027026036754250526,-924.7968353045794,0.023486191406846046,,,2020yCat.1350....0G,
brown_dwarf,cns5-1002,2MASS J04013766+2849529,L4.0,-11.475635059,2.925190893,-3.811536443,,,,,,,,,,,2000.0,Corrected CNS5 1002; J2000 Sun-relative Galactic position. SIMBAD exact CNS5 identity. Transverse-only source motion; radial velocity unavailable or withheld.,Taurus,60.40425876511105,28.830850805459676,2016.0,80.3803592551793,0.21060255,-468.257296045708,0.2588888108730316,-102.60845638930972,0.1564619541168213,,,2020yCat.1350....0G,
star,cns5-1301,G 86-28,M3.0V,-12.332694619,1.063325855,-1.273727950,,,,,,,,,,,2000.0,Corrected CNS5 1301; J2000 Sun-relative Galactic position. SIMBAD exact CNS5 identity. Transverse-only source motion; radial velocity unavailable or withheld.,Auriga,77.66340440529314,29.78023889010632,2016.0,80.3612414545873,0.037386376,-246.89890116230157,0.034197498112916946,57.78197178694594,0.024884210899472237,,,2020yCat.1350....0G,
star,cns5-0117,DY Psc,M9.5V,-1.626494007,5.203158433,-11.188899475,-1.766410,13.351520,-6.493450,,,,,,,18.944803,2000.0,Corrected CNS5 117; J2000 Sun-relative Galactic position. SIMBAD exact CNS5 identity. Full source space motion.,Pisces,6.102300390912706,-1.9715863953017747,2016.0,80.34408055734905,0.19440156,-74.62477161259878,0.2200659066438675,140.21181390290275,0.1799575239419937,11.65,1.6,2020yCat.1350....0G,2016ApJS..225...10F
star,cns5-0302,L 87-10,M4,3.950117562,-6.625984606,-9.768272014,,,,3084,,0.0037879646,0.2132803,-0.1904,,13.474688,2000.0,Corrected CNS5 302; J2000 Sun-relative Galactic position. SIMBAD exact CNS5 identity. Transverse-only source motion; radial velocity unavailable or withheld.,Tucana,16.02568403467347,-65.37498961991618,2016.0,80.34105154686557,0.025456494,-310.307530890034,0.023186014965176582,-173.64934383088215,0.023138754069805145,,,2020yCat.1350....0G,
star,cns5-1950,SCR J0754-3809,,-3.518195962,-11.891183575,-1.125495697,,,,2903,,0.0018851869,0.17157948,-0.2133,,14.983858,2000.0,Corrected CNS5 1950; J2000 Sun-relative Galactic position. SIMBAD exact CNS5 identity. Transverse-only source motion; radial velocity unavailable or withheld.,Puppis,118.72808136767863,-38.1588602813617,2016.0,80.31035614641694,0.028167877,-76.02161676626221,0.02460811287164688,367.68810016068414,0.026369644328951836,,,2020yCat.1350....0G,
brown_dwarf,cns5-5691,TRAPPIST-1,M7.5e,2.374433729,6.423331622,-10.403375352,-44.424340,-67.842506,12.628173,,,,,,,18.321279,2000.0,Corrected CNS5 5691; J2000 Sun-relative Galactic position. SIMBAD exact CNS5 identity. Full source space motion.,Aquarius,346.62652162764437,-5.043528319429532,2016.0,80.29465612841742,0.075341724,930.7875225817781,0.08676905184984207,-479.0375409528857,0.07048741728067398,-54.0,2.0,2020yCat.1350....0G,2015ApJS..220...18B
star,cns5-5172,LP 756-18,M4.5V,8.613985404,5.754919591,-6.930394085,,,,,,,,,,14.151720,2000.0,Corrected CNS5 5172; J2000 Sun-relative Galactic position. SIMBAD exact CNS5 identity. Transverse-only source motion; radial velocity unavailable or withheld.,Aquarius,313.911156639015,-14.067343113476475,2016.0,80.23134879472398,0.051797092,1420.7548362581806,0.04367325082421303,-472.2664817393054,0.02953091450035572,,,2020yCat.1350....0G,
star,cns5-4756,G 207-19,M3V,5.405249241,10.985971842,2.338017019,,,,,,,,,,,2000.0,Corrected CNS5 4756; J2000 Sun-relative Galactic position. SIMBAD exact CNS5 identity. Transverse-only source motion; radial velocity unavailable or withheld.,Lyra,287.1236406175739,32.28000653137807,2016.0,80.22504332893148,0.017986659,-199.46021173492505,0.015616198070347309,-224.30726128468712,0.016739478334784508,,,2020yCat.1350....0G,
star,cns5-4801,L 22-69,M3.5V,7.282502389,-8.292931848,-5.827586676,,,,,,,,,,12.208802,2000.0,Corrected CNS5 4801; J2000 Sun-relative Galactic position. SIMBAD exact CNS5 identity. Transverse-only source motion; radial velocity unavailable or withheld.,Octans,290.23830738848443,-82.55995922053808,2016.0,80.12359572886423,0.023475373,342.29999589806636,0.025329312309622765,-1230.296500318068,0.02213948592543602,,,2020yCat.1350....0G,
star,cns5-0568,LP 649-72,M5.5V,-6.162907314,1.421757104,-10.759703286,,,,,,,,,,,2000.0,Corrected CNS5 568; J2000 Sun-relative Galactic position. SIMBAD exact CNS5 identity. Transverse-only source motion; radial velocity unavailable or withheld.,Cetus,33.554613532263986,-3.96280045849318,2016.0,80.12212646321842,0.06796999,509.6376794718519,0.05066772922873497,-155.81283955539283,0.04281781241297722,,,2020yCat.1350....0G,
star,cns5-4628,G 205-35,dM5.0,4.296822721,11.015076312,4.001876350,,,,,,,,,,,2000.0,Corrected CNS5 4628; J2000 Sun-relative Galactic position. SIMBAD exact CNS5 identity. Transverse-only source motion; radial velocity unavailable or withheld.,Lyra,280.4043356891839,39.702571695182044,2016.0,80.11297984071564,0.021506516,-258.445850449823,0.019976302981376648,-180.69285625669534,0.01953822933137417,,,2020yCat.1350....0G,
star,cns5-1952,L 601-78 B,,-5.087350783,-11.400334536,-0.141894833,,,,,,,,,,,2000.0,Corrected CNS5 1952; J2000 Sun-relative Galactic position. SIMBAD exact CNS5 identity. Transverse-only source motion; radial velocity unavailable or withheld.,Puppis,118.73006937760915,-29.351037975264653,2016.0,80.09774077949538,0.18231693,284.8765442687611,0.13040918111801147,-476.40231558179,0.15132179856300354,,,2020yCat.1350....0G,
star,cns5-0957,G 7-4,M5V,-10.308278536,0.150210432,-7.043788404,,,,3066,,0.0023101047,0.17039008,-0.443,,,2000.0,Corrected CNS5 957; J2000 Sun-relative Galactic position. SIMBAD exact CNS5 identity. Transverse-only source motion; radial velocity unavailable or withheld.,Taurus,56.83914753816445,8.693515501909106,2016.0,80.0902330776924,0.043035388,468.9974685079579,0.04138139262795448,-652.3113181254027,0.027127256616950035,,,2020yCat.1350....0G,
star,cns5-1818,PM J07199+8404,M2.5V,-7.045067895,8.524192058,5.807703209,,,,3409,,0.01098168,0.300375,-0.353,,11.386020,2000.0,Corrected CNS5 1818; J2000 Sun-relative Galactic position. SIMBAD exact CNS5 identity. Transverse-only source motion; radial velocity unavailable or withheld.,Camelopardalis,109.99020696216758,84.07690200527787,2016.0,80.05785510189908,0.01761704,-38.58704114310084,0.01887594722211361,-80.91604930641475,0.0188109390437603,,,2020yCat.1350....0G,
star,cns5-0884,HD 21531,K5V,-6.436403487,-3.702249131,-10.047881601,,,,,,,,,,7.883535,2000.0,Corrected CNS5 884; J2000 Sun-relative Galactic position. SIMBAD exact CNS5 identity. Transverse-only source motion; radial velocity unavailable or withheld.,Eridanus,51.96697177702186,-19.805220986528397,1991.25,80.04000091552734,0.99,536.78,1.159999966621399,303.39,1.149999976158142,,,2007A&A...474..653V,
star,cns5-5203,L 211-59,M4V,8.947125830,-3.298835773,-8.073395017,,,,3057,,0.0077208825,0.3132975,-0.8404,,12.315402,2000.0,Corrected CNS5 5203; J2000 Sun-relative Galactic position. SIMBAD exact CNS5 identity. Transverse-only source motion; radial velocity unavailable or withheld.,Indus,315.805198569885,-56.96185322955984,2016.0,80.03507346332798,0.03573819,-357.1096789457698,0.029315240681171417,354.38735393321844,0.026024188846349716,,,2020yCat.1350....0G,
star,cns5-0902,LP 888-18,M7.5V,-4.750225669,-5.373816937,-10.233107279,10.122762,-24.853088,-14.848943,,,,,,,18.416082,2000.0,Corrected CNS5 902; J2000 Sun-relative Galactic position. SIMBAD exact CNS5 identity. Full source space motion.,Fornax,52.87633565748463,-30.71257633526702,2016.0,80.02130601551657,0.058498908,51.86937460686222,0.04078630357980728,-403.08452862755985,0.0553923100233078,19.0,2.0,2020yCat.1350....0G,2015ApJS..220...18B
star,cns5-4624,SCR J1841-4347,,11.851360490,-1.716164802,-3.584640163,,,,2809,,0.0012103851,0.14690885,-0.322,,15.975453,2000.0,Corrected CNS5 4624; J2000 Sun-relative Galactic position. SIMBAD exact CNS5 identity. Transverse-only source motion; radial velocity unavailable or withheld.,Corona Australis,280.2859984119815,-43.79280811441058,2016.0,80.00009982766375,0.04459697,-796.0178759069684,0.043994225561618805,-85.85722991308748,0.03783564642071724,,,2020yCat.1350....0G,
star,cns5-0306,G 69-47,M5V,-6.176758270,8.285207562,-7.042980453,,,,,,,,,,,2000.0,Corrected CNS5 306; J2000 Sun-relative Galactic position. SIMBAD exact CNS5 identity. Transverse-only source motion; radial velocity unavailable or withheld.,Pisces,16.41654124373291,28.491827062343326,2016.0,79.96148234085042,0.32532895,1917.6506594295265,0.26291710138320923,-187.26396142979064,0.22233261168003082,,,2020yCat.1350....0G,
brown_dwarf,cns5-5035,WISE J201920.76-114807.5,T8:,9.637352190,6.018725294,-5.247642065,,,,,,,,,,,2000.0,Corrected CNS5 5035; J2000 Sun-relative Galactic position. SIMBAD exact CNS5 identity. Transverse-only source motion; radial velocity unavailable or withheld.,Capricornus,304.8364964,-11.802097,2000.0,79.9,2.7,354.0,1.1,-55.7,1.1,,,2014yCat.2328....0C; 2021ApJS..253....7K,
star,cns5-3857,VB 24 A,M3V,2.615582085,7.172853518,9.920183941,,,,,,,,,,,2000.0,Corrected CNS5 3857; J2000 Sun-relative Galactic position. SIMBAD exact CNS5 identity. Transverse-only source motion; radial velocity unavailable or withheld.,Bootes,235.02236520918228,43.49280368003516,2016.0,79.88475724770464,0.01966861,1188.8043533162158,0.01844700798392296,-315.32422885039733,0.021119248121976852,,,2020yCat.1350....0G,
star,cns5-3858,VB 24 B,M3.5V,2.616874842,7.175610641,9.923990151,,,,,,,,,,13.311476,2000.0,Corrected CNS5 3858; J2000 Sun-relative Galactic position. SIMBAD exact CNS5 identity. Transverse-only source motion; radial velocity unavailable or withheld.,Bootes,235.0230821400779,43.49167086132742,2016.0,79.85371482531835,0.028468689,1166.730972908428,0.022656623274087906,-315.13624635908263,0.02522389031946659,,,2020yCat.1350....0G,
brown_dwarf,cns5-2117,WISE J083337.82+005214.1,T9,-8.251186165,-8.081750410,4.902217568,,,,,,,,,,,2000.0,Corrected CNS5 2117; J2000 Sun-relative Galactic position. SIMBAD exact CNS5 identity. Transverse-only source motion; radial velocity unavailable or withheld.,Hydra,128.4075435,0.8705018,2000.0,79.7,3.1,786.8,2.1,-1593.7,2.0,,,2014yCat.2328....0C; 2021ApJS..253....7K,
star,cns5-2183,Rho1 Cnc B,M4.5V,-9.503159513,-2.872432180,7.676786044,,,,,,,,,,,2000.0,Corrected CNS5 2183; J2000 Sun-relative Galactic position. SIMBAD exact CNS5 identity. Transverse-only source motion; radial velocity unavailable or withheld.,Cancer,133.16783218849463,28.315252421854034,2016.0,79.68343764595421,0.055503376,-481.17628166127133,0.041495319455862045,-244.54437170112976,0.03246910125017166,,,2020yCat.1350....0G,
star,cns5-1332,Lambda Aur,G1.5IV-VFe-1,-12.267680193,2.679274132,0.337790296,-75.616536,-34.869776,4.481239,5762,0.9979292,1.8109827,1.3506571,-0.3186,10.108401,4.214811,2000.0,Corrected CNS5 1332; J2000 Sun-relative Galactic position. SIMBAD exact CNS5 identity. Full source space motion.,Auriga,79.78833900872726,40.09609817127969,2016.0,79.6021083335795,0.115158476,520.5689114669946,0.13219274580478668,-664.487871734592,0.09714893251657486,66.53472900390625,0.14077222347259521,2020yCat.1350....0G,2020yCat.1350....0G
brown_dwarf,cns5-2325,SIPS J0921-2104,L1,-3.858687201,-11.164811529,4.284381457,20.127450,-96.460459,4.312801,,,,,,,,2000.0,Corrected CNS5 2325; J2000 Sun-relative Galactic position. SIMBAD exact CNS5 identity. Full source space motion.,Hydra,140.30995408199593,-21.08305778696315,2016.0,79.5729260087761,0.15587808,246.76348393980268,0.12444252520799637,-911.8954543838225,0.09486360847949982,81.0,2.0,2020yCat.1350....0G,2015ApJS..220...18B
star,cns5-0784,G 76-62,M5V,-9.463598010,1.743439404,-8.097108895,,,,2998,,0.0021570842,0.17209633,-0.3476,,14.362242,2000.0,Corrected CNS5 784; J2000 Sun-relative Galactic position. SIMBAD exact CNS5 identity. Transverse-only source motion; radial velocity unavailable or withheld.,Cetus,47.251989727646745,10.021186116181132,2016.0,79.51486443487228,0.034047406,286.34308194709666,0.039579592645168304,-586.2967992412398,0.029313350096344948,,,2020yCat.1350....0G,
star,cns5-2059,HD 69830,G8:V,-7.111335976,-9.993101233,2.791912903,28.548351,-61.228674,-9.992419,5361,0.8681789,0.594021,0.89354604,0.0366,10.0084505,5.451792,2000.0,Corrected CNS5 2059; J2000 Sun-relative Galactic position. SIMBAD exact CNS5 identity. Full source space motion.,Puppis,124.60104883936589,-12.63656179358332,2016.0,79.49527095617434,0.045784548,278.7903645043099,0.03882397338747978,-987.8286619313131,0.034917619079351425,30.28974723815918,0.1499524861574173,2020yCat.1350....0G,2020yCat.1350....0G
star,cns5-2182,Copernicus,K0IV-V,-9.534006240,-2.877515393,7.696716527,-37.149182,-18.142120,-8.228273,5184,,0.6176441,0.9740495,0.2849,,,2000.0,Corrected CNS5 2182; J2000 Sun-relative Galactic position. SIMBAD exact CNS5 identity. Full source space motion.,Cancer,133.146760620834,28.329783000362703,2016.0,79.44818375718161,0.0490332,-485.6808133468651,0.0402575321495533,-233.51700529342878,0.037078920751810074,27.257333755493164,0.14018414914608002,2020yCat.1350....0G,2020yCat.1350....0G
star,cns5-4677,L 207-41,M3.5V,10.830814272,-4.261712775,-4.796764157,,,,3009,,0.010798431,0.38243532,-0.7213,,12.200080,2000.0,Corrected CNS5 4677; J2000 Sun-relative Galactic position. SIMBAD exact CNS5 identity. Transverse-only source motion; radial velocity unavailable or withheld.,Pavo,282.4579449942897,-57.447652142885865,2016.0,79.43574076133216,0.03233758,-655.057697711898,0.021936170756816864,-184.45551092461295,0.019017569720745087,,,2020yCat.1350....0G,
star,cns5-2516,L 320-124,M3.5V,1.578560027,-12.392243956,1.702405619,,,,3010,,0.004990428,0.25985724,-0.7608,,12.986796,2000.0,Corrected CNS5 2516; J2000 Sun-relative Galactic position. SIMBAD exact CNS5 identity. Transverse-only source motion; radial velocity unavailable or withheld.,Vela,153.70885427338357,-47.15487814715097,2016.0,79.31569914722276,0.022759933,-1054.2014499773666,0.0184132419526577,414.51226617503903,0.019446328282356262,,,2020yCat.1350....0G,
white_dwarf,cns5-0414,LAWD 10,DA+D1,-4.647057739,2.511706685,-11.454444635,,,,,,,,,,12.325769,2000.0,Corrected CNS5 414; J2000 Sun-relative Galactic position. SIMBAD exact CNS5 identity. Transverse-only source motion; radial velocity unavailable or withheld.,Cetus,24.500065421632854,-4.997298038960505,2016.0,79.27820945239884,0.024218759,580.9278879495695,0.021412471309304237,-350.2737870319087,0.012707402929663658,,,2020yCat.1350....0G,
star,cns5-5331,BD+27 4120B,,2.326542010,11.767086507,-3.929981626,,,,,,,,,,,2000.0,Corrected CNS5 5331; J2000 Sun-relative Galactic position. SIMBAD exact CNS5 identity. Transverse-only source motion; radial velocity unavailable or withheld.,Pegasus,324.5043140465407,27.72434353216668,2016.0,79.22500812457939,0.7826935,487.12160997845024,0.5788532495498657,-23.678028574642372,0.37576887011528015,,,2020yCat.1350....0G,
star,cns5-1211,G 85-19,M5V,-12.261336252,0.301718522,-3.063747293,,,,2941,,0.0021460194,0.17836332,-0.2209,,14.720936,2000.0,Corrected CNS5 1211; J2000 Sun-relative Galactic position. SIMBAD exact CNS5 identity. Transverse-only source motion; radial velocity unavailable or withheld.,Taurus,72.71521105645311,22.1207568905776,2016.0,79.10195684195092,0.029903503,628.8284125619208,0.030151205137372017,-425.4448762416827,0.02138131484389305,,,2020yCat.1350....0G,
brown_dwarf,cns5-1406,SIPS J0539-0059,L5V,-10.975123398,-5.225431469,-3.562229832,-21.916708,3.409578,13.063299,,,,,,,,2000.0,Corrected CNS5 1406; J2000 Sun-relative Galactic position. SIMBAD exact CNS5 identity. Full source space motion.,Orion,84.96740404897075,-0.9823154098644139,2016.0,78.9450877619853,0.35673946,162.10192781461578,0.33914417028427124,322.2260700521834,0.2979002296924591,13.91,0.15,2020yCat.1350....0G,2010ApJ...723..684B
star,cns5-0189,Wolf 1056,M2.5V,-5.322873502,9.307009036,-6.746276238,,,,,,,,,,,2000.0,Corrected CNS5 189; J2000 Sun-relative Galactic position. SIMBAD exact CNS5 identity. Transverse-only source motion; radial velocity unavailable or withheld.,Andromeda,9.754063764620504,30.61633814603857,2016.0,78.94215568384767,0.026668971,1557.9216183469864,0.02968469262123108,26.80339822463357,0.02281462587416172,,,2020yCat.1350....0G,
star,cns5-5486,PM J22114+4059,M5.5V,-0.677504386,12.353447753,-2.727996710,,,,2919,,0.0025980168,0.19929014,-0.0379,,14.625254,2000.0,Corrected CNS5 5486; J2000 Sun-relative Galactic position. SIMBAD exact CNS5 identity. Transverse-only source motion; radial velocity unavailable or withheld.,Lacerta,332.8501471342748,40.999937747390554,2016.0,78.93157695245002,0.028031928,-91.37297496206372,0.018902236595749855,67.11856221476702,0.020303890109062195,,,2020yCat.1350....0G,
star,cns5-2757,Innes' star,M3.5V,4.406730539,-11.862508335,0.658668179,,,,3209,,0.017070815,0.42267284,-1.1518,,11.001824,2000.0,Corrected CNS5 2757; J2000 Sun-relative Galactic position. SIMBAD exact CNS5 identity. Transverse-only source motion; radial velocity unavailable or withheld.,Carina,168.9804069674639,-57.5423983978393,2016.0,78.91595686697482,0.035617054,-2468.4073805783923,0.03151051327586174,1184.1752819642727,0.0319068543612957,,,2020yCat.1350....0G,
star,cns5-4960,HD 190007,K5V,8.817633051,8.604799151,-3.122726136,-22.229360,-16.603098,15.488062,4487,,0.22276531,0.7809898,0.2735,,,2000.0,Corrected CNS5 4960; J2000 Sun-relative Galactic position. SIMBAD exact CNS5 identity. Full source space motion.,Aquila,300.6956213279026,3.326715753341339,2016.0,78.68116117185666,0.022540307,-90.38324464030711,0.018619686365127563,119.4301522492732,0.012778804637491703,-30.467321395874023,0.13265933096408844,2020yCat.1350....0G,2020yCat.1350....0G
brown_dwarf,cns5-3603,LP 560-35,M6V,6.442180414,-0.095152044,10.966009262,,,,,,,,,,,2000.0,Corrected CNS5 3603; J2000 Sun-relative Galactic position. SIMBAD exact CNS5 identity. Transverse-only source motion; radial velocity unavailable or withheld.,Bootes,218.03330657727005,8.192058345519628,2016.0,78.62468637170535,0.044969764,-477.09608629916994,0.043525826185941696,10.059347160438442,0.03941471874713898,,,2020yCat.1350....0G,
star,cns5-2593,G 236-34,M4V,-6.940377199,6.122744124,8.725395876,,,,,,,,,,,2000.0,Corrected CNS5 2593; J2000 Sun-relative Galactic position. SIMBAD exact CNS5 identity. Transverse-only source motion; radial velocity unavailable or withheld.,Ursa Major,158.84150877915906,69.446793871661,2016.0,78.61855010883858,0.31694674,-1653.6375443251518,0.2470581829547882,-641.5296492899556,0.2932155132293701,,,2020yCat.1350....0G,
star,cns5-5794,PM J23306-8455,,6.194474354,-8.848395998,-6.717605033,,,,,,,,,,13.920608,2000.0,Corrected CNS5 5794; J2000 Sun-relative Galactic position. SIMBAD exact CNS5 identity. Transverse-only source motion; radial velocity unavailable or withheld.,Octans,352.6454136504384,-84.92220191651951,2016.0,78.61794564215852,0.03439178,-271.9750928878552,0.03267524391412735,-62.770316560507894,0.03188321739435196,,,2020yCat.1350....0G,
star,cns5-4299,L 21-3,M3.5V,7.971855043,-8.554042053,-5.041816541,,,,3092,,0.014034614,0.41291726,-0.7306,,11.575261,2000.0,Corrected CNS5 4299; J2000 Sun-relative Galactic position. SIMBAD exact CNS5 identity. Transverse-only source motion; radial velocity unavailable or withheld.,Apus,262.3503788640829,-80.14714892351998,2016.0,78.53300389973073,0.01918077,-518.0372904271285,0.0196391474455595,472.9001722775937,0.02130173332989216,,,2020yCat.1350....0G,
brown_dwarf,cns5-1344,2MASS J05233822-1403022,L2.5,-9.265534529,-6.771028203,-5.519367320,-16.260908,-4.048937,3.471529,,,,,,,,2000.0,Corrected CNS5 1344; J2000 Sun-relative Galactic position. SIMBAD exact CNS5 identity. Full source space motion.,Lepus,80.90975753594236,-14.049842851725447,2016.0,78.52730159417737,0.14850882,107.48386299745216,0.13975360989570618,161.46836354438736,0.14130835235118866,12.48,0.41,2020yCat.1350....0G,2016ApJS..225...10F
star,cns5-2996,L 758-108,dM3.0,3.269864270,-8.894356598,8.506538023,,,,3141,,0.017666671,0.44884402,-0.8509,,11.184122,2000.0,Corrected CNS5 2996; J2000 Sun-relative Galactic position. SIMBAD exact CNS5 identity. Transverse-only source motion; radial velocity unavailable or withheld.,Corvus,182.79799193877028,-19.96139412325039,2016.0,78.5279768797414,0.026330533,-212.8680095348506,0.02394193969666958,-184.26024089784488,0.022101156413555145,,,2020yCat.1350....0G,
brown_dwarf,cns5-3777,WISE J151906.63+700931.4,T8,-2.760841934,9.039763434,8.540422556,,,,,,,,,,,2000.0,Corrected CNS5 3777; J2000 Sun-relative Galactic position. SIMBAD exact CNS5 identity. Transverse-only source motion; radial velocity unavailable or withheld.,Ursa Minor,229.7776355,70.1587015,2000.0,78.5,2.6,318.3,1.3,-501.5,0.9,,,2014yCat.2328....0C; 2021ApJS..253....7K,
brown_dwarf,cns5-0449,2MASS J01443536-0716142,L6.5,-4.706464522,1.923480813,-11.680658973,-10.247509,-23.798935,2.992027,,,,,,,,2000.0,Corrected CNS5 449; J2000 Sun-relative Galactic position. SIMBAD exact CNS5 identity. Full source space motion.,Cetus,26.14923959176464,-7.271517922568175,2016.0,78.4978405880058,0.4863448,382.25212710805056,0.5842746496200562,-196.6094361011969,0.40592479705810547,-2.55,0.1,2020yCat.1350....0G,2010ApJ...723..684B
star,cns5-2997,L 758-107,M2.5V,3.276951514,-8.899202981,8.510541109,,,,3178,,0.007756524,0.29035413,-1.0206,,12.095779,2000.0,Corrected CNS5 2997; J2000 Sun-relative Galactic position. SIMBAD exact CNS5 identity. Transverse-only source motion; radial velocity unavailable or withheld.,Corvus,182.81963496571075,-19.973535053310865,2016.0,78.47941397073988,0.041269254,-205.0536570421742,0.033928971737623215,-188.4585314704096,0.03380266949534416,,,2020yCat.1350....0G,
star,cns5-0694,SCR J0246-7024,M4.5V,3.159790448,-8.649588424,-8.816057554,,,,2983,,0.0024787206,0.18639289,-0.2247,,14.346716,2000.0,Corrected CNS5 694; J2000 Sun-relative Galactic position. SIMBAD exact CNS5 identity. Transverse-only source motion; radial velocity unavailable or withheld.,Hydrus,41.51227837952512,-70.40213295868823,2016.0,78.44101739394917,0.0203295,214.54650904454792,0.024156447499990463,-88.69538465371008,0.021469730883836746,,,2020yCat.1350....0G,
star,cns5-2945,HD 104304,G8IV,1.844207819,-7.913856873,9.845240195,17.981584,-16.471811,-16.789007,5510,0.8779154,0.8789317,1.0287675,-0.1764,,5.019804,2000.0,Corrected CNS5 2945; J2000 Sun-relative Galactic position. SIMBAD exact CNS5 identity. Full source space motion.,Virgo,180.18562930618162,-10.448272003975848,2016.0,78.33591471044681,0.10568068,83.79341887242131,0.10317491739988327,-482.0061083706503,0.06641500443220139,-0.13788118958473206,0.13542042672634125,2020yCat.1350....0G,2020yCat.1350....0G
star,cns5-4208,CD-52 7989,M1V,11.628412847,-5.007124026,-1.685616794,,,,3428,,0.049229305,0.6288199,-0.9108,,9.485648,2000.0,Corrected CNS5 4208; J2000 Sun-relative Galactic position. SIMBAD exact CNS5 identity. Transverse-only source motion; radial velocity unavailable or withheld.,Ara,257.7446666606409,-52.51481569583831,2016.0,78.29421021632523,0.021995917,-247.66833392516563,0.024884648621082306,156.4635116184804,0.01913192868232727,,,2020yCat.1350....0G,
star,cns5-2817,Wolf 398,M4V,-1.892120379,-5.224552219,11.500601974,,,,3157,,0.008572834,0.30937028,-0.958,,,2000.0,Corrected CNS5 2817; J2000 Sun-relative Galactic position. SIMBAD exact CNS5 identity. Transverse-only source motion; radial velocity unavailable or withheld.,Leo,172.23102334262407,10.180048632014154,2016.0,78.29245175702427,0.050919108,-750.3284880325182,0.05769675225019455,557.9462341899749,0.043393008410930634,,,2020yCat.1350....0G,
star,cns5-2858,HD 101581,K4.5Vk:,4.167023510,-11.511204421,3.667703728,-35.859912,-25.895292,6.593648,,,,,,,7.229375,2000.0,Corrected CNS5 2858; J2000 Sun-relative Galactic position. SIMBAD exact CNS5 identity. Full source space motion.,Centaurus,175.25617537001182,-44.40411484982858,2016.0,78.2469694794008,0.020736028,-660.6340786458122,0.016470100730657578,242.09647458907287,0.01347592007368803,13.526802062988281,0.1829250603914261,2020yCat.1350....0G,2020yCat.1350....0G
star,cns5-2349,HD 82106,K3V,-6.822736650,-7.490394747,7.793510373,-40.826202,-13.668665,-0.153700,4669,0.74525243,0.2516968,0.7666178,-0.141,12.569355,6.663906,2000.0,Corrected CNS5 2349; J2000 Sun-relative Galactic position. SIMBAD exact CNS5 identity. Full source space motion.,Hydra,142.47619331531757,5.655613878177123,2016.0,78.22844525016806,0.024466164,-502.65467918543237,0.027209855616092682,108.53726396612656,0.015508350916206837,29.708236694335938,0.2719400227069855,2020yCat.1350....0G,2020yCat.1350....0G
star,cns5-2552,BD-09 3070,M1V,-2.687461391,-9.638513720,7.958852189,-42.822699,-19.944392,-5.020585,3546,,0.044660483,0.56000954,-0.5623,,9.605427,2000.0,Corrected CNS5 2552; J2000 Sun-relative Galactic position. SIMBAD exact CNS5 identity. Full source space motion.,Sextans,156.2920240682043,-10.22815208003861,2016.0,78.21205542375775,0.02841949,-693.1814933325599,0.026524679735302925,121.46945656396232,0.022239897400140762,20.913705825805664,0.21808941662311554,2020yCat.1350....0G,2020yCat.1350....0G
star,cns5-1884,MCC 499,M2.5V,-10.776446409,3.344198721,6.015386625,,,,3220,,0.02073537,0.46256608,-0.9237,,10.791203,2000.0,Corrected CNS5 1884; J2000 Sun-relative Galactic position. SIMBAD exact CNS5 identity. Transverse-only source motion; radial velocity unavailable or withheld.,Lynx,113.84028667733695,54.849773078642905,2016.0,78.2061077489827,0.023223909,-113.54376136166859,0.01632719300687313,13.364356852512948,0.014715266413986683,,,2020yCat.1350....0G,
star,cns5-4278,HD 158633,K0,-1.408218145,10.612239224,6.997439523,1.409665,-49.865840,5.582970,5285,,0.40440637,0.7585067,-0.0539,,,2000.0,Corrected CNS5 4278; J2000 Sun-relative Galactic position. SIMBAD exact CNS5 identity. Full source space motion.,Draco,261.24428143354027,67.30672951368193,2016.0,78.19405320651936,0.025833141,-531.7492966789252,0.0251469723880291,4.8177533768137515,0.02917998470366001,-38.47660446166992,0.14800892770290375,2020yCat.1350....0G,2020yCat.1350....0G
star,cns5-0567,CD-32 828,M2Vk,-2.437437634,-3.261875724,-12.131761340,-18.185559,-64.067120,-25.417792,,,,,,,9.788477,2000.0,Corrected CNS5 567; J2000 Sun-relative Galactic position. SIMBAD exact CNS5 identity. Full source space motion.,Fornax,33.477411887361406,-32.04360677639304,2016.0,78.13955998671855,0.037093047,757.6713018472037,0.032329436391592026,-532.033212113747,0.03411887586116791,43.89496612548828,0.5516805052757263,2020yCat.1350....0G,2020yCat.1350....0G
star,cns5-0036,L 217-28,M4V,4.600009844,-4.707521727,-10.982025952,,,,3105,,0.013419925,0.40029877,-0.8233,,11.533382,2000.0,Corrected CNS5 36; J2000 Sun-relative Galactic position. SIMBAD exact CNS5 identity. Transverse-only source motion; radial velocity unavailable or withheld.,Phoenix,2.0695188524464223,-57.09822684087826,2016.0,78.10456483825139,0.023761235,-355.71342238494435,0.022500699386000633,-44.25621691409356,0.020590363070368767,,,2020yCat.1350....0G,
brown_dwarf,cns5-3292,WISE J132233.64-234016.8,T8,6.708560684,-7.433172639,8.006791308,,,,,,,,,,,2000.0,Corrected CNS5 3292; J2000 Sun-relative Galactic position. SIMBAD exact CNS5 identity. Transverse-only source motion; radial velocity unavailable or withheld.,Hydra,200.6401392,-23.6714053,2000.0,78.0,4.0,-348.29998779296875,1.5,391.6000061035156,1.600000023841858,,,2014yCat.2328....0C; 2019ApJS..240...19K,
brown_dwarf,cns5-3996,WISE J161705.74+180714.1,T8,7.948629460,5.248041120,8.581544330,,,,,,,,,,,2000.0,Corrected CNS5 3996; J2000 Sun-relative Galactic position. SIMBAD exact CNS5 identity. Transverse-only source motion; radial velocity unavailable or withheld.,Hercules,244.2738842,18.1206026,2000.0,78.0,3.0,92.5999984741211,2.0999999046325684,-40.0,2.0999999046325684,,,2014yCat.2328....0C; 2020AJ....159..257B; 2019ApJS..240...19K,
star,cns5-0316,G 269-106,M4V,-0.481943464,-0.776023052,-12.793298395,,,,,,,,,,,2000.0,Corrected CNS5 316; J2000 Sun-relative Galactic position. SIMBAD exact CNS5 identity. Transverse-only source motion; radial velocity unavailable or withheld.,Sculptor,17.07992913450677,-28.806257521733386,2016.0,77.96741535239056,0.048791002,732.1992366965205,0.02733307145535946,-122.35250320490294,0.020163986831903458,,,2020yCat.1350....0G,
star,cns5-5166,G 25-8,M5V,6.384138959,10.120719698,-4.622192363,,,,,,,,,,,2000.0,Corrected CNS5 5166; J2000 Sun-relative Galactic position. SIMBAD exact CNS5 identity. Transverse-only source motion; radial velocity unavailable or withheld.,Delphinus,313.3855401554295,10.61529115033654,2016.0,77.95606773421599,0.037997022,-492.5137044555533,0.027507008984684944,-447.2049943213191,0.0207864660769701,,,2020yCat.1350....0G,
star,cns5-0593,HD 14412,G8V,-3.547332543,-2.433869687,-12.088264289,-11.104525,27.163150,-9.914467,5358,,0.43509173,0.7654626,-0.2123,,5.798705,2000.0,Corrected CNS5 593; J2000 Sun-relative Galactic position. SIMBAD exact CNS5 identity. Full source space motion.,Fornax,34.74269374763958,-25.943711129253515,2016.0,77.9357961307153,0.033687912,-217.73410596933036,0.023190494626760483,444.6088895515635,0.02382575534284115,7.259273052215576,0.21902698278427124,2020yCat.1350....0G,2020yCat.1350....0G
star,cns5-3239,G 164-47,M4.8V,0.510464296,0.845238454,12.796689192,,,,,,,,,,13.536067,2000.0,Corrected CNS5 3239; J2000 Sun-relative Galactic position. SIMBAD exact CNS5 identity. Transverse-only source motion; radial velocity unavailable or withheld.,Coma Berenices,197.3939952563072,28.984194794735036,2016.0,77.91360762677226,0.045110147,-338.5604231864207,0.0254885945469141,-203.97975715623872,0.017537692561745644,,,2020yCat.1350....0G,
star,cns5-4967,L 115-22,M3.5V,9.479258862,-5.362420314,-6.802852556,,,,,,,,,,,2000.0,Corrected CNS5 4967; J2000 Sun-relative Galactic position. SIMBAD exact CNS5 identity. Transverse-only source motion; radial velocity unavailable or withheld.,Pavo,301.0094779606804,-65.60328531056152,2016.0,77.8756919631933,0.046079203,127.08468212195322,0.021129293367266655,-854.3765914916064,0.030833100900053978,,,2020yCat.1350....0G,
star,cns5-3555,PM J14223-7023,M5,8.240397483,-9.658662665,-1.979895575,,,,,,,,,,14.625541,2000.0,Corrected CNS5 3555; J2000 Sun-relative Galactic position. SIMBAD exact CNS5 identity. Transverse-only source motion; radial velocity unavailable or withheld.,Circinus,215.5706327308375,-70.3954746504146,2016.0,77.82303860691289,0.025589071,-793.5687892333838,0.018941445276141167,-418.5502224387199,0.02318558655679226,,,2020yCat.1350....0G,
star,cns5-4968,L 115-21,M5V,9.485160870,-5.366069495,-6.808435575,-6.934880,-56.261770,-18.426118,3442,,0.020177936,0.4410325,-0.3642,,10.785515,2000.0,Corrected CNS5 4968; J2000 Sun-relative Galactic position. SIMBAD exact CNS5 identity. Full source space motion.,Pavo,301.02119056798006,-65.60411911962947,2016.0,77.81933738282675,0.04418077,133.0349526303847,0.02162780985236168,-852.2603826315279,0.03180699422955513,28.14237403869629,0.21300435066223145,2020yCat.1350....0G,2020yCat.1350....0G
star,cns5-2407,UCAC4 258-045223,M6V,-0.591116936,-12.606028247,2.448376945,,,,,,,,,,,2000.0,Corrected CNS5 2407; J2000 Sun-relative Galactic position. SIMBAD exact CNS5 identity. Transverse-only source motion; radial velocity unavailable or withheld.,Antlia,145.8742485909251,-38.56630443256017,2016.0,77.78959150678219,0.03946266,-95.17053718832526,0.035087067633867264,-161.60627522021468,0.03576570004224777,,,2020yCat.1350....0G,
star,cns5-4307,G 259-15,M4V,-4.617542072,10.188087602,6.348786812,,,,,,,,,,,2000.0,Corrected CNS5 4307; J2000 Sun-relative Galactic position. SIMBAD exact CNS5 identity. Transverse-only source motion; radial velocity unavailable or withheld.,Ursa Minor,262.8122775792793,82.09105560054718,2016.0,77.7496110593596,0.028208917,-291.4898184469619,0.027814751490950584,483.92210859753476,0.026392517611384392,,,2020yCat.1350....0G,
star,cns5-5056,L 46-96,M4.5V,8.031187636,-7.418889552,-6.791650429,,,,,,,,,,13.261914,2000.0,Corrected CNS5 5056; J2000 Sun-relative Galactic position. SIMBAD exact CNS5 identity. Transverse-only source motion; radial velocity unavailable or withheld.,Octans,307.02948825519866,-76.67659445129135,2016.0,77.69315822004067,0.026735231,723.6617004485491,0.02021295763552189,-1242.6229919721334,0.02280476503074169,,,2020yCat.1350....0G,
white_dwarf,cns5-4728,LAWD 73,DAP4.5,-2.342380911,11.450387308,5.393925065,,,,,,,,,,,2000.0,Corrected CNS5 4728; J2000 Sun-relative Galactic position. SIMBAD exact CNS5 identity. Transverse-only source motion; radial velocity unavailable or withheld.,Draco,285.0438740245104,70.66652753906988,2016.0,77.68702960633664,0.019681377,85.81000044681244,0.018682796508073807,505.1496152246337,0.022178709506988525,,,2020yCat.1350....0G,
brown_dwarf,cns5-2074,L 186-67,M4.5,0.558964700,-12.612877309,-2.556825228,,,,,,,,,,,2000.0,Corrected CNS5 2074; J2000 Sun-relative Galactic position. SIMBAD exact CNS5 identity. Transverse-only source motion; radial velocity unavailable or withheld.,Carina,125.69448341721363,-57.4459015804563,2016.0,77.6303768539899,0.044866882,-371.35196070572107,0.04740583524107933,480.73497930424986,0.05029446631669998,,,2020yCat.1350....0G,
star,cns5-4013,HD 147513,G5V,12.137697971,-4.032764623,1.618633802,13.539478,-1.036123,-1.449408,5724,0.9714177,1.0129427,1.0234394,-0.3303,6.835294,4.824378,2000.0,Corrected CNS5 4013; J2000 Sun-relative Galactic position. SIMBAD exact CNS5 identity. Full source space motion.,Scorpius,246.0058026651914,-39.192965569776966,2016.0,77.56546482061312,0.07570013,73.7483592823494,0.08200179040431976,3.3665386250642886,0.05878224968910217,12.889327049255371,0.13238118588924408,2020yCat.1350....0G,2020yCat.1350....0G
star,cns5-2669,UPM J1055-7356,M7,5.313834156,-11.390041289,-2.873575829,,,,,,,,,,,2000.0,Corrected CNS5 2669; J2000 Sun-relative Galactic position. SIMBAD exact CNS5 identity. Transverse-only source motion; radial velocity unavailable or withheld.,Carina,163.8163930280901,-73.9368211911611,2016.0,77.56196607095588,0.50910187,163.1347926407081,0.5784860253334045,-216.31134173887276,0.5837542414665222,,,2020yCat.1350....0G,
star,cns5-1557,LP 779-34,M4.0V,-8.970216643,-8.621929877,-3.397745325,,,,,,,,,,,2000.0,Corrected CNS5 1557; J2000 Sun-relative Galactic position. SIMBAD exact CNS5 identity. Transverse-only source motion; radial velocity unavailable or withheld.,Canis Major,93.79958215965655,-16.439272619106042,2016.0,77.5340265015007,0.02587708,-76.04779797875365,0.016185514628887177,-372.2853056220709,0.01858106441795826,,,2020yCat.1350....0G,
star,cns5-5847,G 130-3,M5V,-3.082579745,10.765334331,-6.408489213,,,,,,,,,,,2000.0,Corrected CNS5 5847; J2000 Sun-relative Galactic position. SIMBAD exact CNS5 identity. Transverse-only source motion; radial velocity unavailable or withheld.,Pegasus,355.7180385472229,30.82137349573688,2016.0,77.50693241434504,0.04540397,-335.96344835408445,0.03026885725557804,-300.5857799997548,0.02382276952266693,,,2020yCat.1350....0G,
white_dwarf,cns5-4011,CD-38 10980,DA2,12.142141756,-4.055111625,1.628719318,,,,,,,,,,10.475280,2000.0,Corrected CNS5 4011; J2000 Sun-relative Galactic position. SIMBAD exact CNS5 identity. Transverse-only source motion; radial velocity unavailable or withheld.,Scorpius,245.8914359505284,-39.22948746474345,2016.0,77.49184900562348,0.04835188,77.3976910067686,0.049204714596271515,0.3858446568492385,0.03833717852830887,,,2020yCat.1350....0G,
star,cns5-5682,LSPM J2302+4338,M4.0V,-2.793216508,12.149320549,-3.335991335,,,,,,,,,,,2000.0,Corrected CNS5 5682; J2000 Sun-relative Galactic position. SIMBAD exact CNS5 identity. Transverse-only source motion; radial velocity unavailable or withheld.,Andromeda,345.7178593481215,43.6376403112615,2016.0,77.48984275901978,0.03073146,-137.60501199060914,0.016812413930892944,-4.8168093757444534,0.020064298063516617,,,2020yCat.1350....0G,
star,cns5-2075,L 186-66,,0.559728360,-12.636478251,-2.561135247,,,,,,,,,,,2000.0,Corrected CNS5 2075; J2000 Sun-relative Galactic position. SIMBAD exact CNS5 identity. Transverse-only source motion; radial velocity unavailable or withheld.,Carina,125.69640715493325,-57.44392391891117,2016.0,77.4860265001105,0.029199231,-370.7701241208464,0.03341744840145111,437.16401221663114,0.03609795868396759,,,2020yCat.1350....0G,
star,cns5-3399,BD+18 2776,M1V,3.448525090,-0.080641104,12.437108182,93.089941,-71.306802,-4.767355,3846,0.53029025,0.046996966,0.5233524,-0.3924,12.881973,9.195940,2000.0,Corrected CNS5 3399; J2000 Sun-relative Galactic position. SIMBAD exact CNS5 identity. Full source space motion.,Bootes,206.27327486352382,17.777287971454683,2016.0,77.47766645998327,0.019244937,450.9738430630764,0.01669960655272007,-1833.2526914896066,0.011543956585228443,20.741275787353516,0.359496146440506,2020yCat.1350....0G,2020yCat.1350....0G
star,cns5-2632,LP 791-3,,-0.826226889,-10.563988031,7.379896890,,,,3082,,0.0020569179,0.16007066,-0.6748,,13.944879,2000.0,Corrected CNS5 2632; J2000 Sun-relative Galactic position. SIMBAD exact CNS5 identity. Transverse-only source motion; radial velocity unavailable or withheld.,Hydra,161.11857304598618,-18.637154615799474,2016.0,77.44184885106027,0.025357567,-656.1161848985963,0.022480033338069916,-410.9590507165719,0.02103494107723236,,,2020yCat.1350....0G,
star,cns5-5442,L 715-89,dM3.5,6.737804181,4.684649109,-9.970278196,,,,,,,,,,11.474833,2000.0,Corrected CNS5 5442; J2000 Sun-relative Galactic position. SIMBAD exact CNS5 identity. Transverse-only source motion; radial velocity unavailable or withheld.,Aquarius,330.50768974078255,-19.482782162134956,2016.0,77.44021949599501,0.07314305,930.1479662335812,0.06643706560134888,74.01407246161396,0.038655973970890045,,,2020yCat.1350....0G,
star,cns5-2571,36 UMa B,K7Ve,-7.216426156,3.474140501,10.129866418,-14.030891,-1.993369,1.751990,,,,,,,,2000.0,Corrected CNS5 2571; J2000 Sun-relative Galactic position. SIMBAD exact CNS5 identity. Full source space motion.,Ursa Major,157.60400363893467,55.99898413425029,2016.0,77.43698428653414,0.020665035,-182.44255733480253,0.016536088660359383,-32.03442322121515,0.021036824211478233,8.6790132522583,0.2336227148771286,2020yCat.1350....0G,2020yCat.1350....0G
white_dwarf,cns5-4055,G 138-38,DA8,9.648067542,4.407870510,7.379311910,,,,,,,,,,,2000.0,Corrected CNS5 4055; J2000 Sun-relative Galactic position. SIMBAD exact CNS5 identity. Transverse-only source motion; radial velocity unavailable or withheld.,Hercules,248.13945312098198,8.855146770762529,2016.0,77.38955894700604,0.028392935,278.0612399418216,0.023798955604434013,-259.0214397748555,0.017119739204645157,,,2020yCat.1350....0G,
star,cns5-1361,HD 36003,K5V,-10.876540061,-5.398346664,-4.427590437,74.227237,-1.696858,-17.944966,,,,,,,7.084917,2000.0,Corrected CNS5 1361; J2000 Sun-relative Galactic position. SIMBAD exact CNS5 identity. Full source space motion.,Orion,82.10736002059835,-3.503099306330114,2016.0,77.37738806327428,0.022472763,-307.98528352257665,0.017753925174474716,-797.4106462047437,0.014122978784143925,-55.60546875,0.15512791275978088,2020yCat.1350....0G,2020yCat.1350....0G
star,cns5-3052,LP 795-15,M5.5,3.608657370,-8.149966948,9.366660988,,,,2936,,0.0023008154,0.18533565,-0.1544,,14.706048,2000.0,Corrected CNS5 3052; J2000 Sun-relative Galactic position. SIMBAD exact CNS5 identity. Transverse-only source motion; radial velocity unavailable or withheld.,Corvus,186.3796671904045,-15.994797913811775,2016.0,77.34095346123667,0.033513546,-818.1012978334464,0.02798599936068058,34.015880683916954,0.02547368034720421,,,2020yCat.1350....0G,
star,cns5-1460,HD 40307,K2.5V,-0.230948294,-11.158017267,-6.532178473,3.017324,-25.387110,-18.704352,,,,,,,6.588753,2000.0,Corrected CNS5 1460; J2000 Sun-relative Galactic position. SIMBAD exact CNS5 identity. Full source space motion.,Pictor,88.51720463376759,-60.023737219948,2016.0,77.32740606118577,0.019351183,-52.17397380816619,0.023214582353830338,-60.05894993288453,0.024756167083978653,31.299779891967773,0.16379529237747192,2020yCat.1350....0G,2020yCat.1350....0G
star,cns5-2572,36 UMa,F8V,-7.228525137,3.480125862,10.159360772,-13.561348,-2.074940,1.632898,6066,1.0958452,1.687342,1.176028,-0.5202,4.043464,,2000.0,Corrected CNS5 2572; J2000 Sun-relative Galactic position. SIMBAD exact CNS5 identity. Full source space motion.,Ursa Major,157.65517382143014,55.980393770343866,2016.0,77.24853141451939,0.092271835,-177.04479764181383,0.06463931500911713,-32.633709910609426,0.08850309252738953,8.296478271484375,0.1873934268951416,2020yCat.1350....0G,2020yCat.1350....0G
star,cns5-1376,Ross 42,M4Ve,-12.222300652,-3.224289474,-2.840611768,,,,3046,,0.028124299,0.6025616,-0.785,,10.966698,2000.0,Corrected CNS5 1376; J2000 Sun-relative Galactic position. SIMBAD exact CNS5 identity. Transverse-only source motion; radial velocity unavailable or withheld.,Orion,83.06025541111765,9.819849871438162,2016.0,77.18619807963694,0.029662868,-180.3283108626894,0.02452414110302925,-216.75172918493794,0.018120447173714638,,,2020yCat.1350....0G,
star,cns5-1416,LP 658-44,M5.5V,-10.694417022,-6.150672923,-3.979409025,,,,,,,,,,14.794488,2000.0,Corrected CNS5 1416; J2000 Sun-relative Galactic position. SIMBAD exact CNS5 identity. Transverse-only source motion; radial velocity unavailable or withheld.,Orion,85.55220113669213,-5.461181586870268,2016.0,77.143174647282,0.026535444,-157.22783315036816,0.020880095660686493,956.7257419838581,0.017381569370627403,,,2020yCat.1350....0G,
star,cns5-5565,BD+08 4887,M0V,2.466047917,9.563475359,-8.413625869,-33.384364,-7.252334,-7.255297,3635,,0.037201237,0.5302125,-0.1411,,9.807593,2000.0,Corrected CNS5 5565; J2000 Sun-relative Galactic position. SIMBAD exact CNS5 identity. Full source space motion.,Pegasus,338.26170115162523,9.37860496034321,2016.0,77.07656500674123,0.024152596,538.1796824250598,0.02725922130048275,141.1487996279024,0.024034373462200165,-6.984805107116699,0.11343567818403244,2020yCat.1350....0G,2020yCat.1350....0G
star,cns5-2126,G 234-37,M3.0V,-8.958519766,5.815969278,7.394150423,,,,3163,,0.018768787,0.45671812,-0.8151,,,2000.0,Corrected CNS5 2126; J2000 Sun-relative Galactic position. SIMBAD exact CNS5 identity. Transverse-only source motion; radial velocity unavailable or withheld.,Ursa Major,128.94437156732053,68.06670261378376,2016.0,76.97911631168834,0.018790282,-837.3263519140706,0.013951313681900501,-562.4909065287461,0.016362706199288368,,,2020yCat.1350....0G,
star,cns5-3566,G 65-49,M3V,6.236384885,-0.242073298,11.424727141,,,,3126,,0.011633986,0.3683212,-0.8357,,11.684233,2000.0,Corrected CNS5 3566; J2000 Sun-relative Galactic position. SIMBAD exact CNS5 identity. Transverse-only source motion; radial velocity unavailable or withheld.,Bootes,216.23573184749154,8.888339518893313,2016.0,76.8150924089941,0.050257266,547.7841798597909,0.04584990441799164,160.72202829528786,0.03893603757023811,,,2020yCat.1350....0G,
brown_dwarf,cns5-3036,2MASS J12215175-3136054,T6.5,4.829913799,-10.081240268,6.677022393,,,,,,,,,,,2000.0,Corrected CNS5 3036; J2000 Sun-relative Galactic position. SIMBAD exact CNS5 identity. Transverse-only source motion; radial velocity unavailable or withheld.,Hydra,185.4678468,-31.6002133,2000.0,76.8,2.2,590.9,1.1,403.0,1.0,,,2014yCat.2328....0C; 2021ApJS..253....7K,
brown_dwarf,cns5-0203,CWISE J004143.77-401929.9,T8pec,1.974202302,-2.271276704,-12.685752523,,,,,,,,,,,2000.0,Corrected CNS5 203; J2000 Sun-relative Galactic position. SIMBAD exact CNS5 identity. Transverse-only source motion; radial velocity unavailable or withheld.,Phoenix,10.432378,-40.324986,2016.64,76.7,9.6,1196.6,1.7,-958.1,1.3,,,2021ApJS..253....7K,
white_dwarf,cns5-4187,WD 1703-267,DAH,12.881671365,-0.665813037,1.899988500,,,,,,,,,,14.773937,2000.0,Corrected CNS5 4187; J2000 Sun-relative Galactic position. SIMBAD exact CNS5 identity. Transverse-only source motion; radial velocity unavailable or withheld.,Ophiuchus,256.6722063533694,-26.726733030271305,2016.0,76.69859224114718,0.035032958,-25.947784682225812,0.035078518092632294,-95.43316589845583,0.022949710488319397,,,2020yCat.1350....0G,
star,cns5-0914,LP 653-13,M5.5V,-8.589886523,-2.320747710,-9.535281743,,,,2896,,0.0014507502,0.1512291,-0.3862,,15.308280,2000.0,Corrected CNS5 914; J2000 Sun-relative Galactic position. SIMBAD exact CNS5 identity. Transverse-only source motion; radial velocity unavailable or withheld.,Eridanus,53.91772804822145,-8.491094316993587,2016.0,76.67539141225129,0.043915603,1521.0770244312664,0.04112890362739563,-321.44590789672424,0.032767608761787415,,,2020yCat.1350....0G,
star,cns5-3672,G 166-49,M4.0Ve,3.815121778,4.359815253,11.685643574,,,,,,,,,,11.943128,2000.0,Corrected CNS5 3672; J2000 Sun-relative Galactic position. SIMBAD exact CNS5 identity. Transverse-only source motion; radial velocity unavailable or withheld.,Bootes,222.79153947058902,31.110378052770027,2016.0,76.67002785534994,0.0445599,-342.55825680573577,0.025541992858052254,-184.96910885320915,0.04325510188937187,,,2020yCat.1350....0G,
star,cns5-1059,HD 27274,K4.5Vk:,-1.244407212,-9.239670213,-9.122293929,-36.985726,-7.303650,45.456787,4422,,0.20653325,0.77447504,-0.1637,,7.057008,2000.0,Corrected CNS5 1059; J2000 Sun-relative Galactic position. SIMBAD exact CNS5 identity. Full source space motion.,Dorado,63.9929255161337,-53.30804447302178,2016.0,76.66799183686234,0.016617192,784.5287254502389,0.01653590239584446,396.6953161486853,0.01802879199385643,-23.08507537841797,0.15157322585582733,2020yCat.1350....0G,2020yCat.1350....0G
star,cns5-4402,Wolf 1473,dM4.5,12.255217845,3.879529648,2.310853975,,,,,,,,,,12.194172,2000.0,Corrected CNS5 4402; J2000 Sun-relative Galactic position. SIMBAD exact CNS5 identity. Transverse-only source motion; radial velocity unavailable or withheld.,Ophiuchus,266.6220201822353,-8.712042478984,2016.0,76.56573715535832,0.040781487,-43.80536011101947,0.03871426731348038,-428.1753659235248,0.023760057985782623,,,2020yCat.1350....0G,
brown_dwarf,cns5-3801,LSPM J1524+2925,M7.5V,5.022479606,5.204059842,10.881827509,,,,,,,,,,,2000.0,Corrected CNS5 3801; J2000 Sun-relative Galactic position. SIMBAD exact CNS5 identity. Transverse-only source motion; radial velocity unavailable or withheld.,Corona Borealis,231.1028740510242,29.422632420785625,2016.0,76.5342138659282,0.046725363,-56.76959601043038,0.03211042657494545,-629.239201036312,0.037496067583560944,,,2020yCat.1350....0G,
star,cns5-1956,G 253-6,M5.0V,-7.401804374,8.763183128,6.300234259,,,,,,,,,,,2000.0,Corrected CNS5 1956; J2000 Sun-relative Galactic position. SIMBAD exact CNS5 identity. Transverse-only source motion; radial velocity unavailable or withheld.,Camelopardalis,118.96345515734684,83.38204366283443,2016.0,76.4109327573074,0.022315735,-291.52925585791354,0.024721316993236542,-599.1413128278067,0.02450423687696457,,,2020yCat.1350....0G,
brown_dwarf,cns5-1504,2MASS J06020638+4043588,T4.5,-12.790118154,1.922986144,2.009243629,,,,,,,,,,,2000.0,Corrected CNS5 1504; J2000 Sun-relative Galactic position. SIMBAD exact CNS5 identity. Transverse-only source motion; radial velocity unavailable or withheld.,Auriga,90.5275425,40.7323839,2000.0,76.4,3.1,237.6,1.5,-220.2,1.4,,,2014yCat.2328....0C; 2021ApJS..253....7K,
star,cns5-0142,LP 12-382,,-6.665489830,10.751327621,3.361883091,,,,,,,,,,,2000.0,Corrected CNS5 142; J2000 Sun-relative Galactic position. SIMBAD exact CNS5 identity. Transverse-only source motion; radial velocity unavailable or withheld.,Cepheus,7.69938347215,77.70899709328,2016.0,76.4,4.0,-175.0,8.0,-92.0,8.0,,,2020yCat.1350....0G; 2014ApJ...784..156D; 2012yCat.1322....0Z,
star,cns5-3072,L 194-11,M4V,6.474575230,-11.279214838,1.538726370,,,,3000,,0.007132041,0.31253386,-0.6591,,12.684286,2000.0,Corrected CNS5 3072; J2000 Sun-relative Galactic position. SIMBAD exact CNS5 identity. Transverse-only source motion; radial velocity unavailable or withheld.,Crux,187.38675342035862,-55.997229593632575,2016.0,76.35846592350663,0.026505161,-902.5515652077968,0.017772777006030083,-811.009493561513,0.02031218819320202,,,2020yCat.1350....0G,
star,cns5-0509,Ross 15,M4Ve,-8.704165410,9.761929229,-0.728050073,,,,3002,,0.018549876,0.50365305,-0.6106,,11.568784,2000.0,Corrected CNS5 509; J2000 Sun-relative Galactic position. SIMBAD exact CNS5 identity. Transverse-only source motion; radial velocity unavailable or withheld.,Cassiopeia,29.850702638903563,58.52028397205597,2016.0,76.3408127193567,0.028115988,320.6190173510011,0.022061359137296677,-192.6339122885026,0.02571740560233593,,,2020yCat.1350....0G,
star,cns5-1154,G 39-29B,M4.5,-12.669125613,1.808531319,-2.817991121,,,,,,,,,,,2000.0,Corrected CNS5 1154; J2000 Sun-relative Galactic position. SIMBAD exact CNS5 identity. Transverse-only source motion; radial velocity unavailable or withheld.,Taurus,69.55439166864008,28.216397864189464,2016.0,76.31173489419389,0.20413761,386.61505616028944,0.18616829812526703,-79.48870523747335,0.14081516861915588,,,2020yCat.1350....0G,
brown_dwarf,cns5-0874,WISE J032547.72+083118.2,T7,-10.236576862,0.932991402,-8.131017672,,,,,,,,,,,2000.0,Corrected CNS5 874; J2000 Sun-relative Galactic position. SIMBAD exact CNS5 identity. Transverse-only source motion; radial velocity unavailable or withheld.,Taurus,51.4488854,8.5217333,2000.0,76.3,2.8,125.7,1.3,-49.3,1.5,,,2014yCat.2328....0C; 2021ApJS..253....7K,
star,cns5-1969,G 50-12,M5V,-10.333129792,-6.958095061,4.078980435,,,,3108,,0.0048678755,0.24066472,-0.107,,,2000.0,Corrected CNS5 1969; J2000 Sun-relative Galactic position. SIMBAD exact CNS5 identity. Transverse-only source motion; radial velocity unavailable or withheld.,Canis Minor,119.53643234079509,7.283595270088088,2016.0,76.28771831974473,0.033523995,-325.7097620122014,0.031164787709712982,-31.927940850846277,0.023141102865338326,,,2020yCat.1350....0G,
star,cns5-2778,HD 98712B,M2.5Ve,1.085179477,-10.326710934,8.015983995,15.593206,3.077121,-2.819735,,,,,,,10.410708,2000.0,Corrected CNS5 2778; J2000 Sun-relative Galactic position. SIMBAD exact CNS5 identity. Full source space motion.,Crater,170.3618294893597,-20.453184458458317,2016.0,76.23303272615505,0.029612007,220.40023902583212,0.030338317155838013,-129.23081280356257,0.019412679597735405,-2.8552169799804688,0.36112120747566223,2020yCat.1350....0G,2020yCat.1350....0G
star,cns5-1318,Capella,G3III:,-12.482301075,3.914473364,1.044815002,,,,,,,,,,-0.510225,2000.0,Corrected CNS5 1318; J2000 Sun-relative Galactic position. SIMBAD exact CNS5 identity. Transverse-only source motion; radial velocity unavailable or withheld.,Auriga,79.17206465892026,45.999029047535174,1991.25,76.19999694824219,0.46,75.25,0.5400000214576721,-426.89,0.2800000011920929,,,2007A&A...474..653V,
star,cns5-2434,BD-11 2741,dM0.5,-4.017735958,-10.493253654,6.780804641,,,,3460,,0.04914548,0.61699146,-0.944,,9.425729,2000.0,Corrected CNS5 2434; J2000 Sun-relative Galactic position. SIMBAD exact CNS5 identity. Transverse-only source motion; radial velocity unavailable or withheld.,Hydra,147.79534254143024,-12.336323719476468,2016.0,76.19838369297594,0.021939974,1137.7197681478142,0.01654958724975586,-1455.3791508736647,0.014999610371887684,,,2020yCat.1350....0G,
star,cns5-5521,HD 211970,K7Vk:,7.543999369,-3.164258025,-10.265799486,5.761971,17.533789,5.993760,,,,,,,8.401217,2000.0,Corrected CNS5 5521; J2000 Sun-relative Galactic position. SIMBAD exact CNS5 identity. Full source space motion.,Grus,335.5661138004264,-54.5595680078303,2016.0,76.18095505326492,0.022252323,-184.20185298628616,0.017321521416306496,234.97460424959905,0.019357357174158096,-5.6021728515625,0.17024654150009155,2020yCat.1350....0G,2020yCat.1350....0G
star,cns5-0270,G 172-30,M3.0V,-6.986840069,10.369664771,-4.008375727,,,,,,,,,,11.380575,2000.0,Corrected CNS5 270; J2000 Sun-relative Galactic position. SIMBAD exact CNS5 identity. Transverse-only source motion; radial velocity unavailable or withheld.,Andromeda,14.265155951103674,45.08575010284643,2016.0,76.15791592493109,0.0279783,625.8373665033184,0.0273019727319479,-68.02529909206436,0.017483891919255257,,,2020yCat.1350....0G,
star,cns5-5826,BD-17 6785,M2V,2.136899333,3.993393590,-12.327247499,20.778605,8.836971,-15.010696,3339,,0.020571275,0.42880285,-0.5705,,10.696187,2000.0,Corrected CNS5 5826; J2000 Sun-relative Galactic position. SIMBAD exact CNS5 identity. Full source space motion.,Aquarius,354.53268726381896,-16.23651363027235,2016.0,76.14240102436189,0.023989901,-280.6268861279778,0.02475229650735855,-77.97074215654129,0.01842106133699417,20.158235549926758,0.1798291802406311,2020yCat.1350....0G,2020yCat.1350....0G
brown_dwarf,cns5-4340,WISE J173551.72-820900.1,T6,7.867549099,-9.023131935,-5.418509670,,,,,,,,,,,2000.0,Corrected CNS5 4340; J2000 Sun-relative Galactic position. SIMBAD exact CNS5 identity. Transverse-only source motion; radial velocity unavailable or withheld.,Apus,263.9648528,-82.1501103,2000.0,76.1,3.2,-253.9,1.6,-266.4,1.6,,,2014yCat.2328....0C; 2021ApJS..253....7K,
brown_dwarf,cns5-5247,2MASS J21171431-2940034,T0:,9.173897552,2.730721175,-9.003235615,,,,,,,,,,,2000.0,Corrected CNS5 5247; J2000 Sun-relative Galactic position. SIMBAD exact CNS5 identity. Transverse-only source motion; radial velocity unavailable or withheld.,Microscopium,319.3104680976,-29.66838571398,2015.5,76.1,3.5,149.2,2.7,-168.1,3.2,,,2018A&A...616A...1G; 2021ApJS..253....7K,
brown_dwarf,cns5-2415,G 161-71,M5.0V,-4.289705171,-10.550585380,6.566269311,,,,,,,,,,13.051938,2000.0,Corrected CNS5 2415; J2000 Sun-relative Galactic position. SIMBAD exact CNS5 identity. Transverse-only source motion; radial velocity unavailable or withheld.,Hydra,146.2242946880038,-12.348259270729132,2016.0,76.06546543541492,0.040386748,-331.3270225875136,0.03378383070230484,40.177358075209824,0.03729287534952164,,,2020yCat.1350....0G,
star,cns5-2495,G 195-57,M4V,-7.897804704,2.368948040,10.248712351,,,,3021,,0.005199649,0.26319134,-0.7512,,,2000.0,Corrected CNS5 2495; J2000 Sun-relative Galactic position. SIMBAD exact CNS5 identity. Transverse-only source motion; radial velocity unavailable or withheld.,Ursa Major,152.37174839604333,51.28512055151662,2016.0,76.02346501257914,0.03383541,-439.8444427216342,0.0247188750654459,-827.8555535346042,0.022350195795297623,,,2020yCat.1350....0G,
brown_dwarf,cns5-3053,2MASS J12255432-2739466,T5.5+T8,4.739623136,-9.700067253,7.521626269,,,,,,,,,,,2000.0,Corrected CNS5 3053; J2000 Sun-relative Galactic position. SIMBAD exact CNS5 identity. Transverse-only source motion; radial velocity unavailable or withheld.,Hydra,186.4777837,-27.6650416,2000.0,76.0,2.5,385.0,1.899999976158142,-628.2000122070312,2.5999999046325684,,,2014yCat.2328....0C; 2019ApJS..240...19K; 2003AJ....126..975T,
star,cns5-1643,CD-55 1514,M0Vk:,-1.071476943,-12.005793040,-5.294699312,,,,3515,,0.05551462,0.6357139,-1.0405,,9.282872,2000.0,Corrected CNS5 1643; J2000 Sun-relative Galactic position. SIMBAD exact CNS5 identity. Transverse-only source motion; radial velocity unavailable or withheld.,Carina,99.90376164161879,-55.609626188428145,2016.0,75.9581616047717,0.010869819,-392.0308821235906,0.012233752757310867,11.317941611979567,0.014196022413671017,,,2020yCat.1350....0G,
star,cns5-0416,Ross 10,M2.5V,-8.305139261,10.156210237,-1.161733149,,,,3415,,0.01376878,0.39264035,-0.2848,,10.691917,2000.0,Corrected CNS5 416; J2000 Sun-relative Galactic position. SIMBAD exact CNS5 identity. Transverse-only source motion; radial velocity unavailable or withheld.,Cassiopeia,24.588466983866212,57.23095397492771,2016.0,75.92474547139325,0.0241032,-194.9316542782594,0.013856212608516216,-347.11029477420243,0.014629321172833443,,,2020yCat.1350....0G,
star,cns5-4578,HD 170657,K2V,12.761148282,3.143193142,-0.974423161,-38.100861,-24.635391,5.269592,4979,0.79944736,0.33372262,0.77631843,-0.4479,8.999755,6.210650,2000.0,Corrected CNS5 4578; J2000 Sun-relative Galactic position. SIMBAD exact CNS5 identity. Full source space motion.,Sagittarius,277.82835490136483,-18.90968252923386,2016.0,75.88453643519932,0.039751768,-138.2153033040824,0.029068365693092346,-195.46587993920184,0.02172473445534706,-43.158966064453125,0.13679830729961395,2020yCat.1350....0G,2020yCat.1350....0G
star,cns5-3317,Ross 486A,dM3.0,5.256950410,-4.231702132,11.320022622,,,,,,,,,,10.736590,2000.0,Corrected CNS5 3317; J2000 Sun-relative Galactic position. SIMBAD exact CNS5 identity. Transverse-only source motion; radial velocity unavailable or withheld.,Virgo,202.08850669038435,-2.3625012355969925,2016.0,75.87835660438864,0.06367586,152.31766377897162,0.06106002628803253,-494.27661523835974,0.027316126972436905,,,2020yCat.1350....0G,
star,cns5-4506,HD 166348,M0V,12.724618601,-2.268761464,-2.692109730,-11.069822,-18.024133,-17.907822,4235,0.66545904,0.13317624,0.6776436,-0.001,,7.768690,2000.0,Corrected CNS5 4506; J2000 Sun-relative Galactic position. SIMBAD exact CNS5 identity. Full source space motion.,Corona Australis,273.0899537734526,-43.446703359293736,2016.0,75.74258918556886,0.023941834,133.79261520949422,0.022178400307893753,-417.4542858998148,0.017758363857865334,-3.9192562103271484,0.19759535789489746,2020yCat.1350....0G,2020yCat.1350....0G
star,cns5-4552,2MASS J18242359-0536488,M6.5,11.960092288,5.536851613,0.787860027,,,,,,,,,,,2000.0,Corrected CNS5 4552; J2000 Sun-relative Galactic position. SIMBAD exact CNS5 identity. Transverse-only source motion; radial velocity unavailable or withheld.,Scutum,276.0985121197357,-5.615670083393472,2016.0,75.73991734693259,0.048162505,50.581100135406736,0.05905413255095482,-448.44469195969623,0.04930397495627403,,,2020yCat.1350....0G,
star,cns5-0710,CD-53 570,M1.5V,0.113639045,-7.389540425,-10.940973275,-20.736345,22.995230,-10.256843,3299,,0.03328052,0.5584959,-0.9627,,10.085613,2000.0,Corrected CNS5 710; J2000 Sun-relative Galactic position. SIMBAD exact CNS5 identity. Full source space motion.,Horologium,42.539712986926446,-53.13673320472705,2016.0,75.73994001128555,0.017034372,-114.44779836214741,0.01578557677567005,503.21847181587145,0.018324999138712883,-4.547682762145996,0.23018258810043335,2020yCat.1350....0G,2020yCat.1350....0G
star,cns5-1172,HD 29697,K4V,-12.654186901,0.403773674,-3.756108266,5.451079,-3.508142,-20.659730,4306,,0.16735248,0.73515934,-0.7722,,7.381135,2000.0,Corrected CNS5 1172; J2000 Sun-relative Galactic position. SIMBAD exact CNS5 identity. Full source space motion.,Taurus,70.32744888255134,20.90038275238946,2016.0,75.72280266529833,0.027421407,-234.26081671430512,0.029006682336330414,-254.31448845547632,0.020032867789268494,0.5461421012878418,0.16800372302532196,2020yCat.1350....0G,2020yCat.1350....0G
brown_dwarf,cns5-4131,WISE J165311.05+444422.8,T8,3.498969152,9.610917329,8.360182060,,,,,,,,,,,2000.0,Corrected CNS5 4131; J2000 Sun-relative Galactic position. SIMBAD exact CNS5 identity. Transverse-only source motion; radial velocity unavailable or withheld.,Hercules,253.2959681,44.7396487,2000.0,75.69999694824219,1.9,-76.0,1.7999999523162842,-398.1000061035156,2.299999952316284,,,2014yCat.2328....0C; 2020AJ....159..257B,
star,cns5-1155,G 39-29A,M4.0,-12.777210885,1.823900910,-2.842006445,,,,,,,,,,,2000.0,Corrected CNS5 1155; J2000 Sun-relative Galactic position. SIMBAD exact CNS5 identity. Transverse-only source motion; radial velocity unavailable or withheld.,Taurus,69.5547038414492,28.21620859415161,2016.0,75.66627620353817,0.0896531,393.5895202478289,0.09810822457075119,-93.11131078209488,0.06856649369001389,,,2020yCat.1350....0G,
star,cns5-3579,LP 500-35,M7V,5.767762979,0.752533348,11.868962062,-7.718322,-39.878139,-22.677262,,,,,,,17.044233,2000.0,Corrected CNS5 3579; J2000 Sun-relative Galactic position. SIMBAD exact CNS5 identity. Full source space motion.,Bootes,217.0156415738216,13.934833566564166,2016.0,75.65898283074166,0.06167969,-365.4145015232582,0.059060826897621155,-495.513248903461,0.05566137284040451,-26.0,4.0,2020yCat.1350....0G,2014AJ....147...20N
star,cns5-4464,G 154-43,M5.0V,12.991415619,2.446195050,0.344970960,,,,,,,,,,13.534151,2000.0,Corrected CNS5 4464; J2000 Sun-relative Galactic position. SIMBAD exact CNS5 identity. Transverse-only source motion; radial velocity unavailable or withheld.,Sagittarius,270.90095793365253,-18.98205434475698,2016.0,75.61887860157847,0.8818625,171.786982244556,0.6705007553100586,-338.33674544577536,0.40053829550743103,,,2020yCat.1350....0G,
star,cns5-3043,G 237-64A,,-5.158816720,6.819914218,10.088060198,,,,,,,,,,,2000.0,Corrected CNS5 3043; J2000 Sun-relative Galactic position. SIMBAD exact CNS5 identity. Transverse-only source motion; radial velocity unavailable or withheld.,Draco,185.89104416036437,67.18789533594021,2016.0,75.61589004812846,0.4906701,235.48667697206344,0.39396557211875916,-129.3155429644134,0.409939706325531,,,2020yCat.1350....0G,
brown_dwarf,cns5-1250,2MASS J05002100+0330501,L4pec,-11.720503203,-3.390310401,-5.104712775,-4.752183,-21.363866,-16.197502,,,,,,,,2000.0,Corrected CNS5 1250; J2000 Sun-relative Galactic position. SIMBAD exact CNS5 identity. Full source space motion.,Orion,75.08759875013749,3.5123475927207517,2016.0,75.60814926066453,0.28909358,11.28058881694258,0.3196944296360016,-351.8929057607417,0.2551513910293579,15.94,0.16,2020yCat.1350....0G,2010ApJ...723..684B
star,cns5-3318,Ross 486B,M4V,5.276024262,-4.246427156,11.360831916,,,,,,,,,,13.082795,2000.0,Corrected CNS5 3318; J2000 Sun-relative Galactic position. SIMBAD exact CNS5 identity. Transverse-only source motion; radial velocity unavailable or withheld.,Virgo,202.09031534474363,-2.360993707487208,2016.0,75.60648848085933,0.56352985,155.73998143107457,0.42731910943984985,-479.05729909724295,0.27302318811416626,,,2020yCat.1350....0G,
star,cns5-5767,BD+57 2735,M1.5V,-4.852218418,12.284757824,-0.711657482,21.501088,-28.597129,-13.578504,3629,,0.055091564,0.59382176,-0.1688,,,2000.0,Corrected CNS5 5767; J2000 Sun-relative Galactic position. SIMBAD exact CNS5 identity. Full source space motion.,Cassiopeia,351.12662828149587,57.85305705753156,2016.0,75.6034455180801,0.014611401,-61.77409055477234,0.012435602955520153,-282.0418577143782,0.013981212861835957,-33.71532440185547,0.18683528900146484,2020yCat.1350....0G,2020yCat.1350....0G
star,cns5-3613,HD 128165,K3,-0.436777597,6.994711523,11.219855190,-19.973092,6.369886,8.308667,4667,0.74485373,0.261601,0.78241444,-0.1233,,,2000.0,Corrected CNS5 3613; J2000 Sun-relative Galactic position. SIMBAD exact CNS5 identity. Full source space motion.,Bootes,218.36887175001752,52.909892945555704,2016.0,75.59144569292405,0.017163709,-191.4568767283299,0.015676524490118027,247.9190111250067,0.0175617765635252,11.074878692626953,0.1277659833431244,2020yCat.1350....0G,2020yCat.1350....0G
star,cns5-1198,58 Eri,G2.5IV-V,-8.865240385,-6.291771311,-7.557009638,-23.877749,-8.530039,-2.938152,5699,0.9656809,0.96576774,1.0081174,-0.1883,6.759125,4.890624,2000.0,Corrected CNS5 1198; J2000 Sun-relative Galactic position. SIMBAD exact CNS5 identity. Full source space motion.,Eridanus,71.90182063625531,-16.933703052251126,2016.0,75.52889944115644,0.061712746,130.26356047105878,0.04041673243045807,169.33843237165158,0.04060657322406769,21.719493865966797,0.136233851313591,2020yCat.1350....0G,2020yCat.1350....0G
star,cns5-3450,LP 912-33,dM4.0,8.626535349,-7.310307782,6.886992041,,,,3093,,0.009651984,0.34192455,-0.8931,,11.917617,2000.0,Corrected CNS5 3450; J2000 Sun-relative Galactic position. SIMBAD exact CNS5 identity. Transverse-only source motion; radial velocity unavailable or withheld.,Hydra,209.30431353578368,-29.375884964102998,2016.0,75.5306892841857,0.03516777,-23.716029125227834,0.03134589642286301,-453.81277984595704,0.032036229968070984,,,2020yCat.1350....0G,
star,cns5-2661,G 44-42,M4V,-4.153106182,-5.348497644,11.379131218,,,,,,,,,,12.127302,2000.0,Corrected CNS5 2661; J2000 Sun-relative Galactic position. SIMBAD exact CNS5 identity. Transverse-only source motion; radial velocity unavailable or withheld.,Leo,163.01252952916,13.998469336486957,2016.0,75.51971042466688,0.035747916,-1124.6923850421624,0.03108503855764866,199.03888937337683,0.027439553290605545,,,2020yCat.1350....0G,
star,cns5-3439,LP 21-224,M4.0Ve,-4.941752986,9.029962825,8.333442680,,,,3008,,0.009412301,0.35709062,-0.791,,,2000.0,Corrected CNS5 3439; J2000 Sun-relative Galactic position. SIMBAD exact CNS5 identity. Transverse-only source motion; radial velocity unavailable or withheld.,Ursa Minor,208.41629245213292,77.61886343809084,2016.0,75.50505395192317,0.025939664,224.24600219791498,0.025573089718818665,-15.123320786835091,0.024977702647447586,,,2020yCat.1350....0G,
brown_dwarf,cns5-2784,2MASS J11220826-3512363,T2.0,2.726179888,-11.770192691,5.426905707,,,,,,,,,,,2000.0,Corrected CNS5 2784; J2000 Sun-relative Galactic position. SIMBAD exact CNS5 identity. Transverse-only source motion; radial velocity unavailable or withheld.,Hydra,170.5336137294644,-35.21131256672405,2016.0,75.50217435717893,1.5291331,-146.42907391358065,2.9788832664489746,-259.03890287224584,1.4738301038742065,,,2020yCat.1350....0G,
brown_dwarf,cns5-5476,WISEA J220922.09-273439.9,T7,7.156121267,2.981917897,-10.739133867,,,,,,,,,,,2000.0,Corrected CNS5 5476; J2000 Sun-relative Galactic position. SIMBAD exact CNS5 identity. Transverse-only source motion; radial velocity unavailable or withheld.,Piscis Austrinus,332.3420435,-27.5777572,2000.0,75.5,3.6,-762.5,1.7,-435.7,1.5,,,2014yCat.2328....0C; 2021ApJS..253....7K,
star,cns5-0774,SSSPM J0306-3648,M8.7V,-3.287216005,-5.748141300,-11.473585691,36.421842,-23.341890,-11.946736,,,,,,,18.589369,2000.0,Corrected CNS5 774; J2000 Sun-relative Galactic position. SIMBAD exact CNS5 identity. Full source space motion.,Fornax,46.54737320915348,-36.800989381416464,2016.0,75.4862014882333,0.06064953,-172.16539079472486,0.0496574230492115,-669.243912200385,0.057584766298532486,11.44,0.19,2020yCat.1350....0G,2010ApJ...723..684B
star,cns5-1753,LP 255-11,M4.0Ve,-12.656044968,-0.498039562,3.949655833,,,,,,,,,,,2000.0,Corrected CNS5 1753; J2000 Sun-relative Galactic position. SIMBAD exact CNS5 identity. Transverse-only source motion; radial velocity unavailable or withheld.,Gemini,105.84622747575096,34.698233312449034,2016.0,75.3728474094035,0.033252686,-57.34753625776395,0.030640272423624992,140.5884896194274,0.026879364624619484,,,2020yCat.1350....0G,
star,cns5-5594,HD 214749,K4.5Vk,5.998060801,2.191109349,-11.633159394,-19.918024,-7.068995,-11.289922,4446,,0.18057513,0.7162195,0.3287,,7.226552,2000.0,Corrected CNS5 5594; J2000 Sun-relative Galactic position. SIMBAD exact CNS5 identity. Full source space motion.,Piscis Austrinus,340.18271325136965,-29.674554268057268,2016.0,75.35472542096244,0.026349537,380.4937975118946,0.022663965821266174,-16.944008836226956,0.01897762529551983,-0.2721509337425232,0.1478358507156372,2020yCat.1350....0G,2020yCat.1350....0G
star,cns5-3930,BD-07 4156,M1V,11.216254440,0.387727438,7.087526054,,,,3612,,0.037445314,0.49427995,-0.0672,,9.872061,2000.0,Corrected CNS5 3930; J2000 Sun-relative Galactic position. SIMBAD exact CNS5 identity. Transverse-only source motion; radial velocity unavailable or withheld.,Libra,239.97333281720185,-8.253319518751894,2016.0,75.3376692665975,0.02601097,202.4425447694917,0.028019137680530548,-25.625643916501858,0.01855945959687233,,,2020yCat.1350....0G,
star,cns5-4964,G 23-24,M2.5V,8.849648319,9.433212264,-3.020459794,63.826471,-18.484276,-4.829967,3219,,0.010287084,0.32601282,-1.1116,,,2000.0,Corrected CNS5 4964; J2000 Sun-relative Galactic position. SIMBAD exact CNS5 identity. Full source space motion.,Aquila,300.96027108661707,5.992067907733729,2016.0,75.28417399827487,0.027110828,-495.4775096333631,0.02516237087547779,-799.6220828335094,0.01629445143043995,30.500410079956055,0.7079498767852783,2020yCat.1350....0G,2020yCat.1350....0G
white_dwarf,cns5-3657,LP 801-9,DC10,9.853664889,-3.921394630,8.014179158,,,,,,,,,,15.841914,2000.0,Corrected CNS5 3657; J2000 Sun-relative Galactic position. SIMBAD exact CNS5 identity. Transverse-only source motion; radial velocity unavailable or withheld.,Libra,221.85046184472634,-17.70590074914838,2016.0,75.22857217008686,0.05230864,-1098.5181889818268,0.05838299170136452,-342.9442109685788,0.051958296447992325,,,2020yCat.1350....0G,
brown_dwarf,cns5-0068,WISE J001505.87-461517.6,T8,3.615890348,-2.911898060,-12.461123363,,,,,,,,,,,2000.0,Corrected CNS5 68; J2000 Sun-relative Galactic position. SIMBAD exact CNS5 identity. Transverse-only source motion; radial velocity unavailable or withheld.,Phoenix,3.7745414,-46.2549683,2000.0,75.2,2.4,413.4,1.1,-687.8,1.0,,,2014yCat.2328....0C; 2021ApJS..253....7K,
star,cns5-1324,Capella L,M4:,-12.664755950,3.922712589,1.061117297,,,,,,,,,,,2000.0,Corrected CNS5 1324; J2000 Sun-relative Galactic position. SIMBAD exact CNS5 identity. Transverse-only source motion; radial velocity unavailable or withheld.,Auriga,79.35014604066659,45.83684161390765,2016.0,75.18378634422855,0.06217547,53.96645153206382,0.05879475548863411,-416.9026177100576,0.049219679087400436,,,2020yCat.1350....0G,
brown_dwarf,cns5-5446,WISEA J220304.18+461923.4,T8,-1.177528939,13.156359541,-1.681748910,,,,,,,,,,,2000.0,Corrected CNS5 5446; J2000 Sun-relative Galactic position. SIMBAD exact CNS5 identity. Transverse-only source motion; radial velocity unavailable or withheld.,Lacerta,330.7674279,46.3231698,2000.0,75.1,3.4,1289.1,3.3,-271.1,3.2,,,2014yCat.2328....0C; 2021ApJS..253....7K,
brown_dwarf,cns5-3908,2MASS J15530228+1532369,T6.5+T7.5,8.172853040,4.183683620,9.643957794,,,,,,,,,,,2000.0,Corrected CNS5 3908; J2000 Sun-relative Galactic position. SIMBAD exact CNS5 identity. Transverse-only source motion; radial velocity unavailable or withheld.,Serpens,238.2580622,15.5441175,2000.0,75.0999984741211,0.9,-385.8999938964844,0.699999988079071,166.1999969482422,0.8999999761581421,,,2014yCat.2328....0C; 2012ApJS..201...19D,
brown_dwarf,cns5-4038,2MASS J16283855+2308241,T7.0,7.585567878,6.580062694,8.744517841,,,,,,,,,,,2000.0,Corrected CNS5 4038; J2000 Sun-relative Galactic position. SIMBAD exact CNS5 identity. Transverse-only source motion; radial velocity unavailable or withheld.,Hercules,247.1624597,23.1383104,2000.0,75.0999984741211,0.9,412.29998779296875,0.800000011920929,-443.0,0.699999988079071,,,2014yCat.2328....0C; 2012ApJS..201...19D,
brown_dwarf,cns5-0981,LP 357-56,M6V,-12.059637430,2.593649075,-5.033773384,,,,,,,,,,,2000.0,Corrected CNS5 981; J2000 Sun-relative Galactic position. SIMBAD exact CNS5 identity. Transverse-only source motion; radial velocity unavailable or withheld.,Taurus,58.691130905257694,24.27252217695994,2016.0,75.05850511205443,0.060975898,-293.33809684449193,0.07317235320806503,-221.46381033206632,0.042346928268671036,,,2020yCat.1350....0G,
brown_dwarf,cns5-1604,2MASS J06272007-1114241,T6,-9.998300521,-8.486351965,-2.406988742,,,,,,,,,,,2000.0,Corrected CNS5 1604; J2000 Sun-relative Galactic position. SIMBAD exact CNS5 identity. Transverse-only source motion; radial velocity unavailable or withheld.,Canis Major,96.8336576,-11.241101,2000.0,75.0,4.0,-13.199999809265137,1.2000000476837158,-337.79998779296875,1.100000023841858,,,2014yCat.2328....0C; 2019ApJS..240...19K,
star,cns5-1323,Capella H,M2.5V,-12.696410581,3.932754688,1.063860230,-37.066413,-15.117458,-8.550886,3631,0.53719205,0.048280984,0.55555,-0.1129,10.741266,,2000.0,Corrected CNS5 1323; J2000 Sun-relative Galactic position. SIMBAD exact CNS5 identity. Full source space motion.,Auriga,79.34999070128362,45.83779586527358,2016.0,74.99312875728972,0.021176783,88.4249612507515,0.020196933299303055,-428.9109215093979,0.0169722530990839,30.15380859375,0.6324355006217957,2020yCat.1350....0G,2020yCat.1350....0G
white_dwarf,cns5-5190,WT 765,DA,9.903251764,-1.732550659,-8.761248310,,,,,,,,,,14.744953,2000.0,Corrected CNS5 5190; J2000 Sun-relative Galactic position. SIMBAD exact CNS5 identity. Transverse-only source motion; radial velocity unavailable or withheld.,Indus,315.2697235104514,-49.10774847786424,2016.0,74.98780637144688,0.03267837,-287.01602223020484,0.026384273543953896,-226.37627541287154,0.027969965711236,,,2020yCat.1350....0G,
star,cns5-2731,CW UMa,M3.5V,-4.997133728,-0.900077901,12.344919187,,,,,,,,,,,2000.0,Corrected CNS5 2731; J2000 Sun-relative Galactic position. SIMBAD exact CNS5 identity. Transverse-only source motion; radial velocity unavailable or withheld.,Ursa Major,167.96464803741873,33.53697074560677,2016.0,74.9156120724315,0.034879602,-175.97383930612426,0.026417924091219902,116.54723173327582,0.02631690725684166,,,2020yCat.1350....0G,
brown_dwarf,cns5-5259,2MASS J21210032-6239194,T2,8.904297557,-4.784463692,-8.722109537,,,,,,,,,,,2000.0,Corrected CNS5 5259; J2000 Sun-relative Galactic position. SIMBAD exact CNS5 identity. Transverse-only source motion; radial velocity unavailable or withheld.,Pavo,320.255042,-62.656435,2016.72,74.9,3.2,382.7,2.4,-256.9,2.5,,,2021ApJS..253....7K,
star,cns5-1102,LP 890-27,M4.5,-6.140119080,-7.546262119,-9.153102763,,,,,,,,,,13.425352,2000.0,Corrected CNS5 1102; J2000 Sun-relative Galactic position. SIMBAD exact CNS5 identity. Transverse-only source motion; radial velocity unavailable or withheld.,Eridanus,66.63566693368529,-30.802598323056248,2016.0,74.86354955869415,0.029876407,-67.031035950623,0.02216588333249092,-468.69245738884183,0.028450340032577515,,,2020yCat.1350....0G,
star,cns5-3549,G 124-27,dM4.0,7.473568512,-2.147911533,10.874528316,,,,3038,,0.0071599633,0.3056726,-0.772,,12.319548,2000.0,Corrected CNS5 3549; J2000 Sun-relative Galactic position. SIMBAD exact CNS5 identity. Transverse-only source motion; radial velocity unavailable or withheld.,Virgo,215.3137711256868,-1.1249536299897054,2016.0,74.80138475434347,0.039980393,168.85804876309012,0.03616810590028763,-626.4549387036527,0.028663290664553642,,,2020yCat.1350....0G,
star,cns5-0140,G 31-53,dM4.0,-1.419691829,4.617049150,-12.474112637,,,,3248,,0.01589473,0.3982881,-0.0296,,11.598255,2000.0,Corrected CNS5 140; J2000 Sun-relative Galactic position. SIMBAD exact CNS5 identity. Transverse-only source motion; radial velocity unavailable or withheld.,Cetus,7.162970214208049,-6.667219253185426,2016.0,74.75684332509307,0.044340182,-327.79265254180007,0.04840404912829399,-800.6339649734263,0.03222821652889252,,,2020yCat.1350....0G,
star,cns5-0484,L 294-112,M4.5,0.695968061,-5.429357665,-12.215569237,,,,3092,,0.0051500415,0.24878469,-0.0196,,,2000.0,Corrected CNS5 484; J2000 Sun-relative Galactic position. SIMBAD exact CNS5 identity. Transverse-only source motion; radial velocity unavailable or withheld.,Phoenix,28.211506635601257,-48.095754425177795,2016.0,74.70545117620418,0.035092033,-515.8598232077916,0.02380998432636261,-218.39945301853652,0.028063056990504265,,,2020yCat.1350....0G,
brown_dwarf,cns5-0823,WISE J031624.35+430709.1,T8,-11.229488564,6.710595271,-2.841667957,,,,,,,,,,,2000.0,Corrected CNS5 823; J2000 Sun-relative Galactic position. SIMBAD exact CNS5 identity. Transverse-only source motion; radial velocity unavailable or withheld.,Perseus,49.1016884,43.1190907,2000.0,74.7,2.1,375.5,0.9,-227.4,0.9,,,2014yCat.2328....0C; 2021ApJS..253....7K,
star,cns5-0580,CD-31 908,M3V,-2.817869653,-3.319954616,-12.668407366,,,,3087,,0.0074079875,0.30035594,-0.7035,,12.515135,2000.0,Corrected CNS5 580; J2000 Sun-relative Galactic position. SIMBAD exact CNS5 identity. Transverse-only source motion; radial velocity unavailable or withheld.,Fornax,34.1498241917288,-30.96765178517003,2016.0,74.64952024872159,0.0476227,684.0658696048245,0.040824033319950104,246.5383984618641,0.039076246321201324,,,2020yCat.1350....0G,
star,cns5-0581,CD-31 909,M3Ve,-2.819588165,-3.328175168,-12.672760746,,,,3061,,0.018170645,0.47946766,-0.7691,,11.391079,2000.0,Corrected CNS5 581; J2000 Sun-relative Galactic position. SIMBAD exact CNS5 identity. Transverse-only source motion; radial velocity unavailable or withheld.,Fornax,34.17520476438134,-30.98729098133992,2016.0,74.61321868638869,0.039045844,684.4354712383443,0.033365074545145035,248.57585083913236,0.03196187689900398,,,2020yCat.1350....0G,
brown_dwarf,cns5-2410,L 750-42,sdM3,-3.682580229,-11.464454935,5.893037677,-102.956715,-82.833897,-7.678586,,,,,,,12.530491,2000.0,Corrected CNS5 2410; J2000 Sun-relative Galactic position. SIMBAD exact CNS5 identity. Full source space motion.,Hydra,145.93572009719549,-17.784076029964655,2016.0,74.58429896591583,0.024052493,-1419.9695896150583,0.02115248702466488,226.09120785086048,0.017922978848218918,95.75343322753906,0.8880986571311951,2020yCat.1350....0G,2020yCat.1350....0G
brown_dwarf,cns5-1881,WISE J073444.02-715744.0,Y0,2.942339276,-12.051882005,-5.125118931,,,,,,,,,,,2000.0,Corrected CNS5 1881; J2000 Sun-relative Galactic position. SIMBAD exact CNS5 identity. Transverse-only source motion; radial velocity unavailable or withheld.,Volans,113.6834832,-71.9621911,2000.0,74.5,1.7,-565.0,0.6,-67.5,0.6,,,2014yCat.2328....0C; 2021ApJS..253....7K,
star,cns5-1598,EUVE J0625-60.0,M5Ve,-0.145373947,-12.033009138,-5.970609687,,,,3006,,0.015600435,0.4603116,-0.7662,,11.678032,2000.0,Corrected CNS5 1598; J2000 Sun-relative Galactic position. SIMBAD exact CNS5 identity. Transverse-only source motion; radial velocity unavailable or withheld.,Pictor,96.4834930044876,-60.05701848235131,2016.0,74.44000058860921,0.020294117,-25.368449730433127,0.0216729287058115,110.97752349487259,0.022518549114465714,,,2020yCat.1350....0G,
star,cns5-2119,G 113-46,M3.5V,-8.578050300,-9.010775977,5.070850767,,,,3121,,0.008774275,0.32037577,-0.7258,,12.069864,2000.0,Corrected CNS5 2119; J2000 Sun-relative Galactic position. SIMBAD exact CNS5 identity. Transverse-only source motion; radial velocity unavailable or withheld.,Hydra,128.60888691505394,-1.1461842748957634,2016.0,74.43423977797772,0.032398127,231.90976642060934,0.030146243050694466,-419.39427880853594,0.023940883576869965,,,2020yCat.1350....0G,
star,cns5-2304,L 749-34,M2V,-4.679285518,-11.669543492,4.740209780,-24.728428,-7.927654,-3.811278,,,,,,,10.097545,2000.0,Corrected CNS5 2304; J2000 Sun-relative Galactic position. SIMBAD exact CNS5 identity. Full source space motion.,Hydra,139.08454259852016,-18.62515602141569,2016.0,74.42203313111399,0.020770881,-314.7094797076012,0.015617499127984047,146.20012278257582,0.013225231319665909,14.152726173400879,0.5049259662628174,2020yCat.1350....0G,2020yCat.1350....0G
star,cns5-4908,G 125-34,M3.5V,4.369449245,12.651979651,1.200987266,,,,3037,,0.007338775,0.30950814,-0.7996,,,2000.0,Corrected CNS5 4908; J2000 Sun-relative Galactic position. SIMBAD exact CNS5 identity. Transverse-only source motion; radial velocity unavailable or withheld.,Cygnus,297.17034072865096,35.92017560607515,2016.0,74.41023146554816,0.023333175,54.00977236952442,0.019799616187810898,-288.1812721066219,0.021359726786613464,,,2020yCat.1350....0G,
star,cns5-3931,2MASS J16001853-4543248,,12.027235976,-5.889112664,1.285215761,,,,,,,,,,,2000.0,Corrected CNS5 3931; J2000 Sun-relative Galactic position. SIMBAD exact CNS5 identity. Transverse-only source motion; radial velocity unavailable or withheld.,Norma,240.0740509950575,-45.727000678186556,2016.0,74.33191370826815,0.7056567,-481.67348130628534,0.812527596950531,-742.371867895281,0.5022780299186707,,,2020yCat.1350....0G,
star,cns5-2520,MCC 573,dM3.0,-3.007530917,-10.493331544,7.879517374,,,,3421,,0.032833382,0.51567435,-0.1149,,10.352353,2000.0,Corrected CNS5 2520; J2000 Sun-relative Galactic position. SIMBAD exact CNS5 identity. Transverse-only source motion; radial velocity unavailable or withheld.,Hydra,154.18955538043878,-11.9644646700575,2016.0,74.27976617446045,0.029304069,-417.6142950797529,0.035900067538022995,-604.2009759421849,0.04055165499448776,,,2020yCat.1350....0G,
star,cns5-5422,LP 639-1,M5V,5.595188410,8.442106780,-8.873122337,,,,3026,,0.0028664502,0.19480488,-0.227,,13.993960,2000.0,Corrected CNS5 5422; J2000 Sun-relative Galactic position. SIMBAD exact CNS5 identity. Transverse-only source motion; radial velocity unavailable or withheld.,Aquarius,329.2358923841423,-1.89987246889069,2016.0,74.26633718357829,0.04736416,1280.969881931012,0.033051855862140656,612.1063730915505,0.03554292395710945,,,2020yCat.1350....0G,
star,cns5-2819,LP 672-42,M3.0V,0.158329487,-8.707048243,10.272667099,,,,3178,,0.014676858,0.399694,-1.0956,,11.363614,2000.0,Corrected CNS5 2819; J2000 Sun-relative Galactic position. SIMBAD exact CNS5 identity. Transverse-only source motion; radial velocity unavailable or withheld.,Crater,172.6726859278835,-8.094129760812047,2016.0,74.25449110364761,0.02759343,-353.5785395243239,0.031208161264657974,257.6377384941805,0.02124142460525036,,,2020yCat.1350....0G,
star,cns5-1661,SCR J0642-6707,M5.0,1.561941120,-12.037369844,-5.842043594,,,,,,,,,,15.363003,2000.0,Corrected CNS5 1661; J2000 Sun-relative Galactic position. SIMBAD exact CNS5 identity. Transverse-only source motion; radial velocity unavailable or withheld.,Volans,100.62109304432659,-67.12397506363128,2016.0,74.23362819791427,0.028862864,697.4546865551588,0.02892577461898327,-408.712161887513,0.03223523125052452,,,2020yCat.1350....0G,
star,cns5-1491,G 192-12,M4.2V,-11.699074419,5.463706963,3.848782926,,,,,,,,,,,2000.0,Corrected CNS5 1491; J2000 Sun-relative Galactic position. SIMBAD exact CNS5 identity. Transverse-only source motion; radial velocity unavailable or withheld.,Camelopardalis,89.98201323957848,58.56976827470822,2016.0,74.22009925490593,0.030548986,-0.5591544737456227,0.02344857156276703,-252.69320948662102,0.02456577867269516,,,2020yCat.1350....0G,
brown_dwarf,cns5-3187,2MASS J12545393-0122474,T2e:,3.667274242,-5.287629340,11.841622274,,,,,,,,,,,2000.0,Corrected CNS5 3187; J2000 Sun-relative Galactic position. SIMBAD exact CNS5 identity. Transverse-only source motion; radial velocity unavailable or withheld.,Virgo,193.72248322426,-1.37935659645,2015.5,74.19999694824219,2.3,-492.0,4.0,111.0,3.0,,,2018A&A...616A...1G,
star,cns5-0403,Upsilon And B,M4.5V,-8.439183949,9.368732910,-4.759009006,,,,,,,,,,,2000.0,Corrected CNS5 403; J2000 Sun-relative Galactic position. SIMBAD exact CNS5 identity. Transverse-only source motion; radial velocity unavailable or withheld.,Andromeda,24.208998277705287,41.39055046681678,2016.0,74.19811648906332,0.046242148,-172.437199106067,0.03100808523595333,-383.8240371951321,0.026677094399929047,,,2020yCat.1350....0G,
star,cns5-2366,Theta UMa,F7V,-9.120631263,2.365148677,9.638518757,,,,,,,,,,2.531727,2000.0,Corrected CNS5 2366; J2000 Sun-relative Galactic position. SIMBAD exact CNS5 identity. Transverse-only source motion; radial velocity unavailable or withheld.,Ursa Major,143.20753978122536,51.67490604097004,2016.0,74.19000244140625,0.14,-947.46,0.12999999523162842,-535.6,0.07999999821186066,,,2020yCat.1350....0G; 2007A&A...474..653V,
star,cns5-1276,PM J05050+4414,M5.0V,-12.870075805,3.982836003,0.441059754,,,,3019,,0.0028773441,0.19611076,-0.2122,,,2000.0,Corrected CNS5 1276; J2000 Sun-relative Galactic position. SIMBAD exact CNS5 identity. Transverse-only source motion; radial velocity unavailable or withheld.,Auriga,76.27525560161628,44.23424149518413,2016.0,74.18684083601732,0.038607076,95.18387177673358,0.044410113245248795,-28.660061698127862,0.03193756192922592,,,2020yCat.1350....0G,
star,cns5-1490,G 192-11,M0.0V,-11.703754398,5.475392684,3.845174971,-7.845896,-12.821104,-6.159327,3390,,0.046348516,0.62398285,-0.9688,,,2000.0,Corrected CNS5 1490; J2000 Sun-relative Galactic position. SIMBAD exact CNS5 identity. Full source space motion.,Camelopardalis,89.90737758251713,58.591882912375425,2016.0,74.17730320303146,0.019444931,9.114921193697333,0.016683243215084076,-254.01015846402925,0.015984144061803818,-0.15232408046722412,0.3448055386543274,2020yCat.1350....0G,2020yCat.1350....0G
star,cns5-4061,L 266-69,M4e,12.038013446,-6.040449571,-0.678562653,,,,3075,,0.013278234,0.4060932,-0.79,,,2000.0,Corrected CNS5 4061; J2000 Sun-relative Galactic position. SIMBAD exact CNS5 identity. Transverse-only source motion; radial velocity unavailable or withheld.,Norma,248.3305162924753,-52.133851689110905,2016.0,74.15320382181575,0.03327341,-201.84868457801554,0.032294370234012604,-350.7412134619028,0.025881655514240265,,,2020yCat.1350....0G,
star,cns5-3421,HD 120476B,K6V,2.435231115,1.740813489,13.149471051,,,,,,,,,,7.360601,2000.0,Corrected CNS5 3421; J2000 Sun-relative Galactic position. SIMBAD exact CNS5 identity. Transverse-only source motion; radial velocity unavailable or withheld.,Bootes,207.26449695886288,26.978629894922314,2016.0,74.15154743559603,0.05042716,-462.792987313583,0.04332719370722771,-71.02308466618398,0.02579287812113762,,,2020yCat.1350....0G,
star,cns5-1430,BD+62 780,K7V,-11.271945709,6.317350628,3.862259862,-10.343718,-55.452152,-11.549880,,,,,,,,2000.0,Corrected CNS5 1430; J2000 Sun-relative Galactic position. SIMBAD exact CNS5 identity. Full source space motion.,Camelopardalis,86.45398752483742,62.233278096244746,2016.0,74.1506810897271,0.020382317,297.263402945699,0.010858538560569286,-786.5346566444352,0.011943509802222252,-20.634002685546875,0.1389935314655304,2020yCat.1350....0G,2020yCat.1350....0G
star,cns5-3422,HD 120476A,K4V,2.435931012,1.741596272,13.154165969,,,,4524,,0.21986651,0.7632102,-0.1348,,6.589827,2000.0,Corrected CNS5 3422; J2000 Sun-relative Galactic position. SIMBAD exact CNS5 identity. Transverse-only source motion; radial velocity unavailable or withheld.,Bootes,207.26459525552625,26.979435072906163,2016.0,74.12513550470734,0.042119395,-417.13971253022316,0.03586885333061218,-111.75877642639064,0.02287805825471878,,,2020yCat.1350....0G,
star,cns5-0402,Titawin,F9V,-8.447198605,9.381266446,-4.761661144,28.625291,-22.341166,-14.365124,6096,1.256555,3.4089487,1.655236,-0.0976,3.9052172,3.449602,2000.0,Corrected CNS5 402; J2000 Sun-relative Galactic position. SIMBAD exact CNS5 identity. Full source space motion.,Andromeda,24.198321215249642,41.4037617615712,2016.0,74.12000274658203,0.19,-173.33,0.20000000298023224,-381.8,0.12999999523162842,-28.385377883911133,0.18941108882427216,2020yCat.1350....0G; 2007A&A...474..653V,2020yCat.1350....0G
star,cns5-1221,G 96-6,M5V,-12.978062004,3.686556358,-0.500026724,,,,,,,,,,12.748207,2000.0,Corrected CNS5 1221; J2000 Sun-relative Galactic position. SIMBAD exact CNS5 identity. Transverse-only source motion; radial velocity unavailable or withheld.,Auriga,73.15109158635963,40.70183928537737,2016.0,74.06984596438883,0.060165826,1175.720000968031,0.05551644787192345,-1095.405742486073,0.04259271174669266,,,2020yCat.1350....0G,
star,cns5-1018,G 248-12,dM5.5,-8.419271657,9.517447884,4.576083938,,,,2958,,0.002310386,0.18301085,-0.2081,,,2000.0,Corrected CNS5 1018; J2000 Sun-relative Galactic position. SIMBAD exact CNS5 identity. Transverse-only source motion; radial velocity unavailable or withheld.,Camelopardalis,61.66178755097324,79.2652664645624,2016.0,74.04229193587062,0.0222023,277.3116764446193,0.018128998577594757,-404.30615822225724,0.021040594205260277,,,2020yCat.1350....0G,
white_dwarf,cns5-4407,PM J17476-5436,DC,12.174279840,-4.959580650,-3.107230014,,,,,,,,,,14.867049,2000.0,Corrected CNS5 4407; J2000 Sun-relative Galactic position. SIMBAD exact CNS5 identity. Transverse-only source motion; radial velocity unavailable or withheld.,Ara,266.9004492986834,-54.61001942073009,2016.0,74.03033755745489,0.04755421,-384.20991570106696,0.0430322028696537,-306.67446704793633,0.035460054874420166,,,2020yCat.1350....0G,
star,cns5-0444,HD 10436,K5Vbe,-8.438001092,10.549280946,0.361681703,44.703250,-28.210310,-43.013086,,,,,,,7.753141,2000.0,Corrected CNS5 444; J2000 Sun-relative Galactic position. SIMBAD exact CNS5 identity. Full source space motion.,Cassiopeia,25.91570147910094,63.82080833636605,2016.0,74.0039792987805,0.020766154,-395.2102611682793,0.013285535387694836,-582.8330852770017,0.017729584127664566,-51.08388137817383,0.14611873030662537,2020yCat.1350....0G,2020yCat.1350....0G
brown_dwarf,cns5-3917,2MASS J15551573-0956055,L1.6V,11.455435768,-0.081628181,7.174449755,54.170181,0.805309,-58.237740,,,,,,,,2000.0,Corrected CNS5 3917; J2000 Sun-relative Galactic position. SIMBAD exact CNS5 identity. Full source space motion.,Libra,238.81994068189468,-9.938501948798207,2016.0,73.98015549061564,0.13928041,932.2731546092256,0.16378134489059448,-785.4500865309261,0.10813383013010025,15.0,2.0,2020yCat.1350....0G,2015ApJS..220...18B
star,cns5-1846,L 744-10,M4.5V,-7.989731690,-10.904313635,-0.165778361,,,,,,,,,,13.015253,2000.0,Corrected CNS5 1846; J2000 Sun-relative Galactic position. SIMBAD exact CNS5 identity. Transverse-only source motion; radial velocity unavailable or withheld.,Puppis,112.05454567294036,-18.790322998386273,2016.0,73.96916112713724,0.67371047,25.170187111052883,0.48180606961250305,616.3721814583512,0.5181121826171875,,,2020yCat.1350....0G,
star,cns5-3278,G 164-65,M3V,0.096120708,2.343612750,13.316102541,,,,3126,,0.01357329,0.39731115,-0.8958,,11.244939,2000.0,Corrected CNS5 3278; J2000 Sun-relative Galactic position. SIMBAD exact CNS5 identity. Transverse-only source motion; radial velocity unavailable or withheld.,Canes Venatici,199.8965960574404,35.10343086902767,2016.0,73.9584395881958,0.037237495,372.8263631681323,0.024818364530801773,-801.1528987788727,0.027535488829016685,,,2020yCat.1350....0G,
star,cns5-2141,AZ Cnc,M6.0V,-10.183076199,-5.262199407,7.179024841,-73.479253,-47.256013,-14.908931,,,,,,,16.934322,2000.0,Corrected CNS5 2141; J2000 Sun-relative Galactic position. SIMBAD exact CNS5 identity. Full source space motion.,Cancer,130.1198700178225,18.400428577282916,2016.0,73.93156094401695,0.0712383,-809.8172192020471,0.065360888838768,-448.96923878655116,0.04494864121079445,65.8,0.1,2020yCat.1350....0G,2012ApJ...758...56S
brown_dwarf,cns5-5438,WISE J215949.48-480854.9,T9,8.396030686,-1.656879534,-10.481937934,,,,,,,,,,,2000.0,Corrected CNS5 5438; J2000 Sun-relative Galactic position. SIMBAD exact CNS5 identity. Transverse-only source motion; radial velocity unavailable or withheld.,Grus,329.9564451,-48.1486702,2000.0,73.9,2.6,322.0,1.2,-1238.4,1.1,,,2014yCat.2328....0C; 2021ApJS..253....7K,
star,cns5-3967,G 137-84,M3.0Ve,9.621188921,3.844169315,8.742599339,,,,3168,,0.018342024,0.4497443,-0.8181,,,2000.0,Corrected CNS5 3967; J2000 Sun-relative Galactic position. SIMBAD exact CNS5 identity. Transverse-only source motion; radial velocity unavailable or withheld.,Serpens,242.31623494090078,9.353067995129823,2016.0,73.76550007353883,0.02751365,-341.05714759528405,0.022357521578669548,218.64323433013027,0.020458603277802467,,,2020yCat.1350....0G,
star,cns5-4581,G 205-28,M3.5V,4.538127998,11.839105332,4.807119143,,,,3096,,0.017191613,0.4556164,-0.8433,,11.384738,2000.0,Corrected CNS5 4581; J2000 Sun-relative Galactic position. SIMBAD exact CNS5 identity. Transverse-only source motion; radial velocity unavailable or withheld.,Lyra,277.99268627290746,40.68822682125043,2016.0,73.74755312873279,0.019431561,-92.67857049216407,0.020344670861959457,412.8774665566638,0.020365163683891296,,,2020yCat.1350....0G,
star,cns5-2362,BD+36 1970,M1V,-9.153359032,-1.237085117,9.929949662,-19.504501,-36.061291,4.162599,3723,0.5165478,0.041952606,0.49237028,-0.1723,11.16512,,2000.0,Corrected CNS5 2362; J2000 Sun-relative Galactic position. SIMBAD exact CNS5 identity. Full source space motion.,Leo Minor,142.9835626427477,36.31789906516603,2016.0,73.73562324093979,0.020518795,-209.9090945203721,0.014764897525310516,-524.1815958159509,0.013578236103057861,19.5034236907959,0.30260396003723145,2020yCat.1350....0G,2020yCat.1350....0G
star,cns5-5791,APMPM J2330-4737,M6e,5.386799784,-2.479009835,-12.210186404,,,,,,,,,,17.417471,2000.0,Corrected CNS5 5791; J2000 Sun-relative Galactic position. SIMBAD exact CNS5 identity. Transverse-only source motion; radial velocity unavailable or withheld.,Phoenix,352.5636566929017,-47.616850415246994,2016.0,73.67059732537592,0.077141345,-562.6515733810768,0.035922884941101074,-973.6942224957895,0.05936561897397041,,,2020yCat.1350....0G,
star,cns5-0820,Ross 370A,M2.0V,-10.562244319,8.528143777,0.116645823,-38.542183,-14.277159,-2.554199,3508,,0.028631473,0.4912677,-0.3561,,10.096164,2000.0,Corrected CNS5 820; J2000 Sun-relative Galactic position. SIMBAD exact CNS5 identity. Full source space motion.,Camelopardalis,49.061375759751755,58.165927998691465,2016.0,73.65832007643553,0.021695461,444.52544943472634,0.017568834125995636,-324.6410417860182,0.019014837220311165,20.997343063354492,0.39169323444366455,2020yCat.1350....0G,2020yCat.1350....0G
star,cns5-0822,Ross 370B,M2.0V,-10.567993804,8.532959759,0.117009157,-37.131490,-13.113978,-3.211436,3311,,0.025228955,0.48387757,-0.7329,,,2000.0,Corrected CNS5 822; J2000 Sun-relative Galactic position. SIMBAD exact CNS5 identity. Full source space motion.,Camelopardalis,49.06146615550071,58.16732758589717,2016.0,73.61767505932244,0.02081274,415.27678693898264,0.01755313016474247,-318.4884468275154,0.018173549324274063,20.624292373657227,0.6248750686645508,2020yCat.1350....0G,2020yCat.1350....0G
brown_dwarf,cns5-0994,WISE J035934.06-540154.6,Y0,-0.928876122,-9.307104350,-9.854967544,,,,,,,,,,,2000.0,Corrected CNS5 994; J2000 Sun-relative Galactic position. SIMBAD exact CNS5 identity. Transverse-only source motion; radial velocity unavailable or withheld.,Reticulum,59.8919909,-54.0319039,2000.0,73.6,2.0,-134.1,0.7,-758.9,0.9,,,2014yCat.2328....0C; 2021ApJS..253....7K,
brown_dwarf,cns5-4511,WISE J181329.40+283533.3,T8,7.217409303,10.501573618,4.715013221,,,,,,,,,,,2000.0,Corrected CNS5 4511; J2000 Sun-relative Galactic position. SIMBAD exact CNS5 identity. Transverse-only source motion; radial velocity unavailable or withheld.,Hercules,273.3725128,28.592588,2000.0,73.5999984741211,2.0,-204.6999969482422,1.2999999523162842,-462.3999938964844,1.2999999523162842,,,2014yCat.2328....0C; 2020AJ....159..257B; 2019ApJS..240...19K,
star,cns5-3979,HD 145417,K3VFe-1.7,11.424783849,-7.278974272,-1.113102435,-49.579249,-90.043925,-28.506654,,,,,,,6.873550,2000.0,Corrected CNS5 3979; J2000 Sun-relative Galactic position. SIMBAD exact CNS5 identity. Full source space motion.,Norma,243.44525038267332,-57.57678559702253,2016.0,73.57077213573588,0.020914376,-854.0397394406546,0.02077588252723217,-1411.4654556946618,0.01741263084113598,8.89560604095459,0.17833827435970306,2020yCat.1350....0G,2020yCat.1350....0G
star,cns5-1133,G 8-41,M5V,-12.913771608,0.652871588,-4.208616099,,,,3034,,0.0028440163,0.19303797,-0.6742,,13.862633,2000.0,Corrected CNS5 1133; J2000 Sun-relative Galactic position. SIMBAD exact CNS5 identity. Transverse-only source motion; radial velocity unavailable or withheld.,Taurus,68.39367443219042,20.74463639402465,2016.0,73.54050836669994,0.039496217,454.8640847041525,0.03351524472236633,-321.9457729525654,0.020261770114302635,,,2020yCat.1350....0G,
star,cns5-0912,HD 22496,K5V,-1.728771639,-8.200119156,-10.710862729,-32.329981,-21.335045,-5.667688,,,,,,,7.902345,2000.0,Corrected CNS5 912; J2000 Sun-relative Galactic position. SIMBAD exact CNS5 identity. Full source space motion.,Horologium,53.756624557323974,-48.41777462792747,2016.0,73.52886980086247,0.018539382,404.4407352445096,0.018321827054023743,307.4984129099418,0.023471927270293236,21.43895721435547,0.1437380313873291,2020yCat.1350....0G,2020yCat.1350....0G
star,cns5-4929,Alshain,G8IV,9.250305743,9.621035971,-2.617315271,,,,,,,,,,3.042171,2000.0,Corrected CNS5 4929; J2000 Sun-relative Galactic position. SIMBAD exact CNS5 identity. Transverse-only source motion; radial velocity unavailable or withheld.,Aquila,298.8285089900959,6.404626612168723,2016.0,73.52487469097186,0.1623995,45.943752101692965,0.13190734386444092,-480.9649180671844,0.09914012998342514,,,2020yCat.1350....0G,
star,cns5-3406,LP 911-56,M6,8.571871390,-8.150940551,6.717463688,,,,,,,,,,,2000.0,Corrected CNS5 3406; J2000 Sun-relative Galactic position. SIMBAD exact CNS5 identity. Transverse-only source motion; radial velocity unavailable or withheld.,Centaurus,206.69006617532062,-31.823053176784082,2016.0,73.5136882912008,0.062487848,-343.22586748806737,0.05479438975453377,158.3777690922588,0.0528295561671257,,,2020yCat.1350....0G,
star,cns5-3519,G 165-58,M3.5V,1.959532389,4.247725107,12.779042739,,,,,,,,,,,2000.0,Corrected CNS5 3519; J2000 Sun-relative Galactic position. SIMBAD exact CNS5 identity. Transverse-only source motion; radial velocity unavailable or withheld.,Bootes,213.98497602510355,36.27839269007434,2016.0,73.48435825895736,0.03046612,13.710720992007666,0.015486303716897964,303.03924366005697,0.02349199168384075,,,2020yCat.1350....0G,
star,cns5-5797,APMPM J2331-2750,M7.0V,3.729870038,1.821986883,-12.964449885,-25.547125,41.271364,2.653260,,,,,,,18.402261,2000.0,Corrected CNS5 5797; J2000 Sun-relative Galactic position. SIMBAD exact CNS5 identity. Full source space motion.,Sculptor,352.8410547369359,-27.827134298544284,2016.0,73.460585999737,0.08075741,90.3750291739081,0.07517392933368683,745.2836667312872,0.07154393196105957,-4.0,2.0,2020yCat.1350....0G,2015ApJS..220...18B
star,cns5-4930,Beta Aql B,M3,9.260689885,9.632950684,-2.620007811,,,,3072,,0.024011232,0.54706675,-0.9262,,10.729617,2000.0,Corrected CNS5 4930; J2000 Sun-relative Galactic position. SIMBAD exact CNS5 identity. Transverse-only source motion; radial velocity unavailable or withheld.,Aquila,298.82854636282065,6.408313496636442,2016.0,73.4384332033279,0.024002934,22.83940266507224,0.020334627479314804,-472.37279886825144,0.015734346583485603,,,2020yCat.1350....0G,
star,cns5-4234,BD+19 3268B,,9.032367520,7.718268990,6.667541719,,,,,,,,,,,2000.0,Corrected CNS5 4234; J2000 Sun-relative Galactic position. SIMBAD exact CNS5 identity. Transverse-only source motion; radial velocity unavailable or withheld.,Hercules,258.95767849848045,19.000090899565294,2016.0,73.40026302948804,0.11067388,-88.18808588975392,0.05067328363656998,13.668218525485832,0.08590319752693176,,,2020yCat.1350....0G,
star,cns5-3865,Ross 1057,M3.5V,-3.929787932,10.167693595,8.204312925,,,,,,,,,,,2000.0,Corrected CNS5 3865; J2000 Sun-relative Galactic position. SIMBAD exact CNS5 identity. Transverse-only source motion; radial velocity unavailable or withheld.,Ursa Minor,235.33382179303194,75.98958834491458,2016.0,73.29677127546015,0.33766916,805.11792432519,0.4238521158695221,-716.3316373587872,0.3845510184764862,,,2020yCat.1350....0G,
star,cns5-3281,L 473-1,M3V,7.723071917,-9.375216683,6.214476608,,,,3177,,0.007276001,0.28161117,-1.0319,,12.325283,2000.0,Corrected CNS5 3281; J2000 Sun-relative Galactic position. SIMBAD exact CNS5 identity. Transverse-only source motion; radial velocity unavailable or withheld.,Centaurus,200.0114262423646,-35.414268506604664,2016.0,73.29199295108678,0.03597681,-851.5654298863682,0.029672877863049507,-465.6168571418792,0.026868244633078575,,,2020yCat.1350....0G,
star,cns5-0921,1RXS J033609.2+311853,M4.5V,-12.058911340,4.486505587,-4.579971725,,,,,,,,,,13.318174,2000.0,Corrected CNS5 921; J2000 Sun-relative Galactic position. SIMBAD exact CNS5 identity. Transverse-only source motion; radial velocity unavailable or withheld.,Perseus,54.03685781019895,31.31038873961227,2016.0,73.22084167660321,0.057677656,115.3597295257625,0.04646749049425125,-132.3332198036441,0.03874891251325607,,,2020yCat.1350....0G,
brown_dwarf,cns5-1905,2MASS J07414920+2351275,T5,-12.232083076,-3.544100653,4.944081245,,,,,,,,,,,2000.0,Corrected CNS5 1905; J2000 Sun-relative Galactic position. SIMBAD exact CNS5 identity. Transverse-only source motion; radial velocity unavailable or withheld.,Gemini,115.4540538,23.8570262,2000.0,73.2,3.4,-264.1,1.6,-220.1,1.5,,,2014yCat.2328....0C; 2021ApJS..253....7K,
star,cns5-5823,LP 463-23,M5.5V,-1.461803358,9.893886408,-9.313323387,,,,,,,,,,,2000.0,Corrected CNS5 5823; J2000 Sun-relative Galactic position. SIMBAD exact CNS5 identity. Transverse-only source motion; radial velocity unavailable or withheld.,Pegasus,354.4016087764225,16.367299189308994,2016.0,73.17346012928908,0.045974474,361.1901511598504,0.041475336998701096,-63.17644245391911,0.03115949220955372,,,2020yCat.1350....0G,
brown_dwarf,cns5-0770,WISE J030449.03-270508.3,Y0pec,-5.127596380,-4.398406524,-11.895426902,,,,,,,,,,,2000.0,Corrected CNS5 770; J2000 Sun-relative Galactic position. SIMBAD exact CNS5 identity. Transverse-only source motion; radial velocity unavailable or withheld.,Fornax,46.2043544,-27.0855946,2000.0,73.1,2.6,124.6,1.8,494.3,2.6,,,2014yCat.2328....0C; 2021ApJS..253....7K,
star,cns5-4235,BD+19 3268A,,9.070226324,7.750694523,6.695339597,-15.856588,-17.042327,-2.153867,3671,,0.03360085,0.4541622,-0.4866,,,2000.0,Corrected CNS5 4235; J2000 Sun-relative Galactic position. SIMBAD exact CNS5 identity. Full source space motion.,Hercules,258.95811059683075,19.000083696047714,2016.0,73.09591140049578,0.033146102,-150.53898267032295,0.019168205559253693,14.165465926089519,0.02536146715283394,-21.22154426574707,0.24381113052368164,2020yCat.1350....0G,2020yCat.1350....0G
star,cns5-3277,BD+35 2436,M1V,0.096196453,2.374228075,13.489628274,50.384645,-26.764255,-4.927174,,,,,,,,2000.0,Corrected CNS5 3277; J2000 Sun-relative Galactic position. SIMBAD exact CNS5 identity. Full source space motion.,Canes Venatici,199.8920812760396,35.1067150662818,2016.0,73.00783639898734,0.36318874,389.38912251663237,0.2168608009815216,-778.7065135604856,0.25366246700286865,-9.133989334106445,0.5467908382415771,2020yCat.1350....0G,2020yCat.1350....0G
white_dwarf,cns5-4541,G 227-28,DA10,-0.059608654,12.200018036,6.240123931,,,,,,,,,,,2000.0,Corrected CNS5 4541; J2000 Sun-relative Galactic position. SIMBAD exact CNS5 identity. Transverse-only source motion; radial velocity unavailable or withheld.,Draco,275.33398631827845,61.01561311057306,2016.0,72.97459681182258,0.02446781,147.93950622499955,0.03260938078165054,-698.5114418437977,0.026345642283558846,,,2020yCat.1350....0G,
star,cns5-3081,BD+09 2636,M0V,1.329918328,-4.244400333,12.970035083,-16.553958,-54.025761,3.616940,,,,,,,8.978574,2000.0,Corrected CNS5 3081; J2000 Sun-relative Galactic position. SIMBAD exact CNS5 identity. Full source space motion.,Virgo,187.81299297535,8.80828082089608,2016.0,72.92982983741803,0.032571215,-636.2422308468899,0.03499399498105049,-522.1090899652268,0.02517048642039299,18.542835235595703,0.23634417355060577,2020yCat.1350....0G,2020yCat.1350....0G
star,cns5-5836,Iota Psc,F7V,-0.355081848,8.252274754,-10.946946820,-7.852774,-25.869969,-26.732042,6149,1.2706136,3.55348,1.6613889,-0.8118,3.6627371,3.434249,2000.0,Corrected CNS5 5836; J2000 Sun-relative Galactic position. SIMBAD exact CNS5 identity. Full source space motion.,Pisces,354.9893506001899,5.6243516012277475,2016.0,72.91999816894531,0.15,377.15,0.1899999976158142,-437.43,0.15000000596046448,5.976536750793457,0.611218273639679,2020yCat.1350....0G; 2007A&A...474..653V,2020yCat.1350....0G
star,cns5-1567,L 524-15,,-6.138926130,-11.210311791,-4.979849042,,,,3204,,0.016353535,0.41536194,-0.7296,,11.173703,2000.0,Corrected CNS5 1567; J2000 Sun-relative Galactic position. SIMBAD exact CNS5 identity. Transverse-only source motion; radial velocity unavailable or withheld.,Columba,94.44578372665914,-34.01941716022002,2016.0,72.90217767966894,0.018068,-95.2390199663702,0.016052626073360443,110.12799777975488,0.01848738268017769,,,2020yCat.1350....0G,
star,cns5-2779,HD 98712A,K7V,1.135101488,-10.799879684,8.382983606,12.348035,1.508502,0.098193,,,,,,,8.063449,2000.0,Corrected CNS5 2779; J2000 Sun-relative Galactic position. SIMBAD exact CNS5 identity. Full source space motion.,Crater,170.36193916124157,-20.454238172164345,2016.0,72.8936895859757,0.3678417,174.0148505136386,0.3532901704311371,-79.4279876422625,0.24682940542697906,-0.10567279905080795,0.16574664413928986,2020yCat.1350....0G,2020yCat.1350....0G
star,cns5-4200,HD 154577,K2.5Vk:,11.593073876,-6.742161583,-2.904707496,25.766267,24.557894,16.229238,4866,,0.22261438,0.6638846,-0.341,,6.722912,2000.0,Corrected CNS5 4200; J2000 Sun-relative Galactic position. SIMBAD exact CNS5 identity. Full source space motion.,Ara,257.54377499876193,-60.7261529768452,2016.0,72.87510130668751,0.024755381,71.05026650027725,0.01467720977962017,589.3524754926772,0.016724582761526108,6.268774509429932,0.15274745225906372,2020yCat.1350....0G,2020yCat.1350....0G
brown_dwarf,cns5-5653,WISE J225540.75-311842.0,T8,5.674278780,1.685310418,-12.395452011,,,,,,,,,,,2000.0,Corrected CNS5 5653; J2000 Sun-relative Galactic position. SIMBAD exact CNS5 identity. Transverse-only source motion; radial velocity unavailable or withheld.,Piscis Austrinus,343.9198312,-31.3116784,2000.0,72.8,3.5,301.9,1.5,-173.0,2.2,,,2014yCat.2328....0C; 2021ApJS..253....7K,
brown_dwarf,cns5-3714,WISE J150115.92-400418.4,T6,11.211815864,-6.933061240,3.861707951,,,,,,,,,,,2000.0,Corrected CNS5 3714; J2000 Sun-relative Galactic position. SIMBAD exact CNS5 identity. Transverse-only source motion; radial velocity unavailable or withheld.,Centaurus,225.3163471,-40.0717298,2000.0,72.8,2.3,366.7,1.3,-342.7,1.3,,,2014yCat.2328....0C; 2021ApJS..253....7K,
star,cns5-3293,Ross 1020,M4V,1.756643170,0.441759876,13.625148699,,,,3122,,0.009122356,0.33592492,-0.8926,,,2000.0,Corrected CNS5 3293; J2000 Sun-relative Galactic position. SIMBAD exact CNS5 identity. Transverse-only source motion; radial velocity unavailable or withheld.,Coma Berenices,200.733441792225,24.463822408816515,2016.0,72.75361421597543,0.042785335,-615.7051650288056,0.043817829340696335,-864.8934959019643,0.029495352879166603,,,2020yCat.1350....0G,
star,cns5-4900,G 125-30,M1.5V,5.231678062,12.680579044,0.928719323,,,,,,,,,,10.166673,2000.0,Corrected CNS5 4900; J2000 Sun-relative Galactic position. SIMBAD exact CNS5 identity. Transverse-only source motion; radial velocity unavailable or withheld.,Cygnus,296.45935966410707,32.38800766266751,2016.0,72.73351312788995,0.015686931,394.29341851204623,0.01262352429330349,197.82320018400253,0.01627061329782009,,,2020yCat.1350....0G,
brown_dwarf,cns5-2208,2MASS J08575849+5708514,L7V,-9.950279238,3.678955449,8.749799837,,,,,,,,,,,2000.0,Corrected CNS5 2208; J2000 Sun-relative Galactic position. SIMBAD exact CNS5 identity. Transverse-only source motion; radial velocity unavailable or withheld.,Ursa Major,134.49033217941667,57.145892303867484,2016.0,72.71972162602633,0.70315105,-403.0026663506626,0.7684265375137329,-387.61797329111994,0.6110278964042664,,,2020yCat.1350....0G,
star,cns5-5548,G 18-49,dM5.0,3.226962633,9.818817622,-9.075796352,,,,3014,,0.007157673,0.31023216,-0.779,,,2000.0,Corrected CNS5 5548; J2000 Sun-relative Galactic position. SIMBAD exact CNS5 identity. Transverse-only source motion; radial velocity unavailable or withheld.,Pegasus,336.76251116872623,6.825575040979833,2016.0,72.70227290541169,0.031860225,183.13925999214442,0.02801905944943428,-35.08719448392617,0.029155541211366653,,,2020yCat.1350....0G,
star,cns5-0026,HD 166,G8V,-4.194960108,10.779746806,-7.463882319,-15.155323,-21.414848,-10.253571,5405,0.8791604,0.6305158,0.90544045,0.0824,9.598317,5.375919,2000.0,Corrected CNS5 26; J2000 Sun-relative Galactic position. SIMBAD exact CNS5 identity. Full source space motion.,Andromeda,1.655198904590879,29.02071363055181,2016.0,72.64189108452184,0.033388026,380.1592537624844,0.03355308622121811,-177.729603753582,0.01672936975955963,-6.590525150299072,0.1331787258386612,2020yCat.1350....0G,2020yCat.1350....0G
brown_dwarf,cns5-0811,2MASS J03140344+1603056,L0,-10.980460621,2.765436311,-7.832519718,,,,,,,,,,,2000.0,Corrected CNS5 811; J2000 Sun-relative Galactic position. SIMBAD exact CNS5 identity. Transverse-only source motion; radial velocity unavailable or withheld.,Aries,48.51322023809659,16.051276290714064,2016.0,72.63052496463385,0.19512002,-242.95472129646478,0.18599852919578552,-54.85265153958889,0.15765222907066345,,,2020yCat.1350....0G,
star,cns5-5833,Errai,K1III-IVCN1,-6.446491681,11.633481805,3.642385842,,,,,,,,,,,2000.0,Corrected CNS5 5833; J2000 Sun-relative Galactic position. SIMBAD exact CNS5 identity. Transverse-only source motion; radial velocity unavailable or withheld.,Cepheus,354.83578083298244,77.63312481414683,2016.0,72.51669209892496,0.1686558,-64.86017762406422,0.14331752061843872,171.15860250258777,0.14084655046463013,,,2020yCat.1350....0G,
star,cns5-3545,Ross 848,M3.5V,8.562262902,-3.759465967,10.178187007,,,,3233,,0.008966234,0.30183282,-0.0729,,12.167181,2000.0,Corrected CNS5 3545; J2000 Sun-relative Galactic position. SIMBAD exact CNS5 identity. Transverse-only source motion; radial velocity unavailable or withheld.,Virgo,215.02796559698476,-9.624114325252524,2016.0,72.34961681614838,0.047402978,-608.7650571458065,0.03955111652612686,-838.8453755509577,0.03309697285294533,,,2020yCat.1350....0G,
star,cns5-1271,BD+52 911B,,-12.491994946,5.687576076,1.690577356,,,,,,,,,,,2000.0,Corrected CNS5 1271; J2000 Sun-relative Galactic position. SIMBAD exact CNS5 identity. Transverse-only source motion; radial velocity unavailable or withheld.,Camelopardalis,75.85667289714588,53.121863566969814,2016.0,72.30892515333763,0.09096676,1286.5118404503908,0.10590694844722748,-1570.3230179702246,0.08055789023637772,,,2020yCat.1350....0G,
star,cns5-1272,BD+52 911,M0.5V,-12.508187041,5.694634395,1.692983542,-113.294279,-93.530226,15.582914,3576,,0.05268921,0.5980751,-0.789,,9.352163,2000.0,Corrected CNS5 1272; J2000 Sun-relative Galactic position. SIMBAD exact CNS5 identity. Full source space motion.,Camelopardalis,75.85923651184258,53.12163420733134,2016.0,72.21024191281576,0.01943075,1302.1185621203924,0.02261587418615818,-1537.6442792268324,0.01648610457777977,65.79972839355469,0.18568460643291473,2020yCat.1350....0G,2020yCat.1350....0G
star,cns5-2636,BD+39 2376A,,-6.642265065,-0.173894874,12.162605510,,,,,,,,,,,2000.0,Corrected CNS5 2636; J2000 Sun-relative Galactic position. SIMBAD exact CNS5 identity. Transverse-only source motion; radial velocity unavailable or withheld.,Leo Minor,161.3393108665803,38.51243753117977,2016.0,72.15396029561872,0.10449403,-38.183466886171296,0.09313333034515381,150.41393533525923,0.09119850397109985,,,2020yCat.1350....0G,
brown_dwarf,cns5-3211,2MASSI J1300425+191235,L1.7V,1.479871525,-1.311000713,13.720471563,-0.949376,-95.697060,-26.834715,,,,,,,,2000.0,Corrected CNS5 3211; J2000 Sun-relative Galactic position. SIMBAD exact CNS5 identity. Full source space motion.,Coma Berenices,195.17330119801719,19.204062197982527,2016.0,72.14021725661584,0.15956579,-810.8677296589751,0.17458270490169525,-1248.4301868501025,0.19749662280082703,-17.6,0.12,2020yCat.1350....0G,2010ApJ...723..684B
star,cns5-5494,WT 887,M5/6e,8.108261775,-5.347866604,-9.890483014,,,,,,,,,,,2000.0,Corrected CNS5 5494; J2000 Sun-relative Galactic position. SIMBAD exact CNS5 identity. Transverse-only source motion; radial velocity unavailable or withheld.,Tucana,333.46143166945996,-63.702023164643734,2016.0,72.13774849728192,0.038501963,116.01556880453397,0.031325794756412506,170.4307359905465,0.037972819060087204,,,2020yCat.1350....0G,
brown_dwarf,cns5-0858,WISEA J032309.12-590751.0,T7,0.697223982,-9.122493572,-10.424034814,,,,,,,,,,,2000.0,Corrected CNS5 858; J2000 Sun-relative Galactic position. SIMBAD exact CNS5 identity. Transverse-only source motion; radial velocity unavailable or withheld.,Reticulum,50.7880012,-59.1308539,2000.0,72.1,2.9,532.5,1.3,507.5,1.7,,,2014yCat.2328....0C; 2021ApJS..253....7K,
star,cns5-1889,SCR J0736-3024,,-5.864447198,-12.527931077,-1.101233353,,,,3007,,0.0053065587,0.2683759,-0.7578,,12.960621,2000.0,Corrected CNS5 1889; J2000 Sun-relative Galactic position. SIMBAD exact CNS5 identity. Transverse-only source motion; radial velocity unavailable or withheld.,Puppis,114.23733886623397,-30.406159966819498,2016.0,72.06498122182579,0.023000095,223.82631431444491,0.017771396785974503,-361.2909042777817,0.019431322813034058,,,2020yCat.1350....0G,
star,cns5-3515,G 65-39,M5V,6.823631285,-1.401887104,12.010015258,,,,,,,,,,,2000.0,Corrected CNS5 3515; J2000 Sun-relative Galactic position. SIMBAD exact CNS5 identity. Transverse-only source motion; radial velocity unavailable or withheld.,Virgo,213.88230240079162,4.655318867383002,2016.0,72.02493505008107,0.4783699,-744.4391061212714,0.4799293875694275,-769.5444674061894,0.3356901705265045,,,2020yCat.1350....0G,
star,cns5-2685,Chalawan,G1-VFe-0.5,-6.208038624,0.457802426,12.414081703,-23.915946,-2.426658,0.901826,5764,0.9863498,1.6109413,1.273024,-0.2491,10.094547,,2000.0,Corrected CNS5 2685; J2000 Sun-relative Galactic position. SIMBAD exact CNS5 identity. Full source space motion.,Ursa Major,164.8647031186751,40.43050097561348,2016.0,72.00696109116399,0.11159852,-316.8498990963689,0.09665285795927048,55.18040036976814,0.11841566115617752,11.417783737182617,0.15624026954174042,2020yCat.1350....0G,2020yCat.1350....0G
brown_dwarf,cns5-2065,2MASS J08195820-0335266,T4,-9.061526095,-9.629015875,4.251121343,,,,,,,,,,,2000.0,Corrected CNS5 2065; J2000 Sun-relative Galactic position. SIMBAD exact CNS5 identity. Transverse-only source motion; radial velocity unavailable or withheld.,Hydra,124.9918694,-3.5912623,2000.0,72.0,3.0,-198.6999969482422,2.5999999046325684,-166.5,2.200000047683716,,,2014yCat.2328....0C; 2020AJ....159..257B,
brown_dwarf,cns5-4690,2MASS J18521552+3537196,T7,5.551963974,12.195790729,3.652344328,,,,,,,,,,,2000.0,Corrected CNS5 4690; J2000 Sun-relative Galactic position. SIMBAD exact CNS5 identity. Transverse-only source motion; radial velocity unavailable or withheld.,Lyra,283.065932,35.6211703,2000.0,72.0,1.9,251.1999969482422,0.8999999761581421,-287.1000061035156,0.8999999761581421,,,2014yCat.2328....0C; 2019ApJS..240...19K,
brown_dwarf,cns5-5648,2MASSI J2254188+312349,T5.0,-1.197747422,12.514601493,-5.903506174,,,,,,,,,,,2000.0,Corrected CNS5 5648; J2000 Sun-relative Galactic position. SIMBAD exact CNS5 identity. Transverse-only source motion; radial velocity unavailable or withheld.,Pegasus,343.5790151,31.3978175,2000.0,72.0,3.0,60.099998474121094,2.9000000953674316,187.39999389648438,2.5,,,2014yCat.2328....0C; 2013A&A...560A..52M; 2018ApJS..234....1B,
star,cns5-1176,PM J04429+2128,M3.5V,-13.358805753,0.478085116,-3.801191163,,,,3109,,0.019426504,0.4803102,-0.7913,,11.215346,2000.0,Corrected CNS5 1176; J2000 Sun-relative Galactic position. SIMBAD exact CNS5 identity. Transverse-only source motion; radial velocity unavailable or withheld.,Taurus,70.73293563415463,21.473566186536463,2016.0,71.9563554898308,0.027093625,37.679792885958605,0.03316133841872215,117.70040062835908,0.021471869200468063,,,2020yCat.1350....0G,
star,cns5-2662,G 44-43,dM5.5,-3.490835429,-7.265291186,11.345417812,,,,,,,,,,14.102238,2000.0,Corrected CNS5 2662; J2000 Sun-relative Galactic position. SIMBAD exact CNS5 identity. Transverse-only source motion; radial velocity unavailable or withheld.,Leo,163.05626573325256,5.91912909046471,2016.0,71.85345301077733,0.050801143,-695.5202745428245,0.0468912199139595,-60.278853068799236,0.03947652503848076,,,2020yCat.1350....0G,
star,cns5-0923,10 Tau,F9IV-V,-10.357276006,-0.928832846,-9.254287789,,,,5906,1.1299533,3.161086,1.6984282,-0.3641,6.5748577,3.581740,2000.0,Corrected CNS5 923; J2000 Sun-relative Galactic position. SIMBAD exact CNS5 identity. Transverse-only source motion; radial velocity unavailable or withheld.,Taurus,54.21723179468776,0.3995245948754849,2016.0,71.83697877936342,0.17243262,-232.56337140161065,0.16380472481250763,-481.4722822856589,0.14295639097690582,,,2020yCat.1350....0G,
star,cns5-4569,L 489-3,,13.667337530,-0.204537329,-2.663812032,,,,3167,,0.018122133,0.4470735,-0.7027,,11.250866,2000.0,Corrected CNS5 4569; J2000 Sun-relative Galactic position. SIMBAD exact CNS5 identity. Transverse-only source motion; radial velocity unavailable or withheld.,Sagittarius,277.3507091117809,-34.96362316023356,2016.0,71.80806037468057,0.021644944,-54.20942131205224,0.025158420205116272,-237.99278645456286,0.019619306549429893,,,2020yCat.1350....0G,
star,cns5-4028,SCR J1626-3812,dM6.5,13.185363209,-4.100870440,1.816528504,,,,2874,,0.001752941,0.16871549,-0.1984,,15.039660,2000.0,Corrected CNS5 4028; J2000 Sun-relative Galactic position. SIMBAD exact CNS5 identity. Transverse-only source motion; radial velocity unavailable or withheld.,Scorpius,246.71366499706508,-38.210202611793854,2016.0,71.80123512791752,0.054460883,-295.8319603583389,0.060230109840631485,-259.4231632997695,0.04830390214920044,,,2020yCat.1350....0G,
star,cns5-0942,HD 23356,K2V,-7.727786450,-4.621909837,-10.632015618,-30.324775,-14.806537,-4.447670,4823,0.7652207,0.30530047,0.7911849,-0.4334,13.375557,6.360822,2000.0,Corrected CNS5 942; J2000 Sun-relative Galactic position. SIMBAD exact CNS5 identity. Full source space motion.,Eridanus,55.982053739473585,-19.110199545087987,2016.0,71.77141291923199,0.023980634,310.0970184678779,0.020467208698391914,157.18456004121288,0.017758497968316078,25.126060485839844,0.12548117339611053,2020yCat.1350....0G,2020yCat.1350....0G
star,cns5-0261,HD 5133,K2.5Vk:,0.357184849,-0.704058129,-13.915209415,-35.809329,-19.958591,13.431723,4815,0.75816894,0.28756788,0.7706616,-0.2767,13.245395,6.450062,2000.0,Corrected CNS5 261; J2000 Sun-relative Galactic position. SIMBAD exact CNS5 identity. Full source space motion.,Sculptor,13.257923204654402,-30.356773021373208,2016.0,71.74955314767206,0.030374316,620.2427389277633,0.023030299693346024,31.769563449685872,0.02391441911458969,-13.317672729492188,0.14138580858707428,2020yCat.1350....0G,2020yCat.1350....0G
star,cns5-4901,HD 331161A,M0.5V,5.363934200,12.834911973,0.871318614,5.674971,-4.755430,-39.746591,3611,0.54219824,0.05124316,0.57820475,-0.3456,11.904745,9.499008,2000.0,Corrected CNS5 4901; J2000 Sun-relative Galactic position. SIMBAD exact CNS5 identity. Full source space motion.,Cygnus,296.60213388303396,32.015321302930666,2016.0,71.74704886184887,0.01783839,464.78953303239547,0.013777894899249077,-391.6575760290797,0.015029305592179298,-4.677947521209717,0.15862734615802765,2020yCat.1350....0G,2020yCat.1350....0G
star,cns5-0666,L 174-28,M3V,1.445485239,-8.191022240,-11.191003403,,,,3161,,0.01162091,0.35938278,-1.0427,,11.737143,2000.0,Corrected CNS5 666; J2000 Sun-relative Galactic position. SIMBAD exact CNS5 identity. Transverse-only source motion; radial velocity unavailable or withheld.,Horologium,39.47063857709459,-58.75214686390397,2016.0,71.71807164570954,0.02149817,80.14904846450294,0.026160819455981255,208.45098935214332,0.024163784459233284,,,2020yCat.1350....0G,
star,cns5-4902,HD 331161B,M2.5V,5.366349994,12.840466907,0.871355645,,,,3265,,0.026951417,0.5130126,-1.2982,,10.308066,2000.0,Corrected CNS5 4902; J2000 Sun-relative Galactic position. SIMBAD exact CNS5 identity. Transverse-only source motion; radial velocity unavailable or withheld.,Cygnus,296.6034533155343,32.014198194880414,2016.0,71.71553911348445,0.04081078,483.0680902837691,0.0320502333343029,-416.83935295213826,0.036443937569856644,,,2020yCat.1350....0G,
brown_dwarf,cns5-0864,WISE J032337.53-602554.5,T8.5,0.965660635,-9.293062202,-10.354967038,,,,,,,,,,,2000.0,Corrected CNS5 864; J2000 Sun-relative Galactic position. SIMBAD exact CNS5 identity. Transverse-only source motion; radial velocity unavailable or withheld.,Reticulum,50.9065504,-60.4318093,2000.0,71.7,2.3,517.2,1.0,-165.3,1.0,,,2014yCat.2328....0C; 2021ApJS..253....7K,
