hostname,pl_name,pl_bmassprov,cb_flag,pl_controv_flag,discoverymethod,disc_year,disc_facility,disc_refname,pl_rade,pl_radeerr1,pl_radeerr2,pl_radelim,pl_rade_reflink,pl_bmasse,pl_bmasseerr1,pl_bmasseerr2,pl_bmasselim,pl_bmasse_reflink,pl_dens,pl_denserr1,pl_denserr2,pl_denslim,pl_dens_reflink,pl_eqt,pl_eqterr1,pl_eqterr2,pl_eqtlim,pl_eqt_reflink,pl_insol,pl_insolerr1,pl_insolerr2,pl_insollim,pl_insol_reflink,pl_orbsmax,pl_orbsmaxerr1,pl_orbsmaxerr2,pl_orbsmaxlim,pl_orbsmax_reflink,pl_orbper,pl_orbpererr1,pl_orbpererr2,pl_orbperlim,pl_orbper_reflink,pl_orbeccen,pl_orbeccenerr1,pl_orbeccenerr2,pl_orbeccenlim,pl_orbeccen_reflink,pl_orbincl,pl_orbinclerr1,pl_orbinclerr2,pl_orbincllim,pl_orbincl_reflink,pl_imppar,pl_impparerr1,pl_impparerr2,pl_impparlim,pl_imppar_reflink,pl_trandep,pl_trandeperr1,pl_trandeperr2,pl_trandeplim,pl_trandep_reflink,pl_trandur,pl_trandurerr1,pl_trandurerr2,pl_trandurlim,pl_trandur_reflink,pl_ratdor,pl_ratdorerr1,pl_ratdorerr2,pl_ratdorlim,pl_ratdor_reflink,pl_ratror,pl_ratrorerr1,pl_ratrorerr2,pl_ratrorlim,pl_ratror_reflink,pl_occdep,pl_occdeperr1,pl_occdeperr2,pl_occdeplim,pl_occdep_reflink,pl_rvamp,pl_rvamperr1,pl_rvamperr2,pl_rvamplim,pl_rvamp_reflink,pl_projobliq,pl_projobliqerr1,pl_projobliqerr2,pl_projobliqlim,pl_projobliq_reflink,pl_trueobliq,pl_trueobliqerr1,pl_trueobliqerr2,pl_trueobliqlim,pl_trueobliq_reflink
"47 UMa","47 UMa b","Msini",0,0,"Radial Velocity",1996,"Lick Observatory","<a refstr=BUTLER___MARCY_1996 href=https://ui.adsabs.harvard.edu/abs/1996ApJ...464L.153B/abstract target=ref> Butler & Marcy 1996 </a>",13.20000000,,,0,"<a refstr=CALCULATED_VALUE href=/docs/pscp_calc.html target=_blank>Calculated Value</a>",804.08000000,22.25000000,-19.07000000,0,"<a refstr=GREGORY___FISCHER_2010 href=https://ui.adsabs.harvard.edu/abs/2010MNRAS.403..731G/abstract target=ref> Gregory &amp; Fischer 2010 </a>",1.920000,,,0,"<a refstr=CALCULATED_VALUE href=/docs/pscp_calc.html target=_blank>Calculated Value</a>",215.23,5.83,-5.83,0,"<a refstr=CALCULATED_VALUE href=/docs/pscp_calc.html target=_blank>Calculated Value</a>",0.3576,0.0119,-0.0119,0,"<a refstr=CALCULATED_VALUE href=/docs/pscp_calc.html target=_blank>Calculated Value</a>",2.1000000000,0.0200000000,-0.0200000000,0,"<a refstr=GREGORY___FISCHER_2010 href=https://ui.adsabs.harvard.edu/abs/2010MNRAS.403..731G/abstract target=ref> Gregory &amp; Fischer 2010 </a>",1078.00000000000,2.00000000000,-2.00000000000,0,"<a refstr=GREGORY___FISCHER_2010 href=https://ui.adsabs.harvard.edu/abs/2010MNRAS.403..731G/abstract target=ref> Gregory &amp; Fischer 2010 </a>",0.032000,0.014000,-0.014000,0,"<a refstr=GREGORY___FISCHER_2010 href=https://ui.adsabs.harvard.edu/abs/2010MNRAS.403..731G/abstract target=ref> Gregory &amp; Fischer 2010 </a>",,,,,,,,,,,,,,,,,,,,,,,,,,,,,,,,,,,,48.40000,0.80000,-0.90000,0,"<a refstr=GREGORY___FISCHER_2010 href=https://ui.adsabs.harvard.edu/abs/2010MNRAS.403..731G/abstract target=ref> Gregory &amp; Fischer 2010 </a>",,,,,,,,,,
"47 UMa","47 UMa c","Msini",0,0,"Radial Velocity",2001,"Lick Observatory","<a refstr=FISCHER_ET_AL__2002 href=https://ui.adsabs.harvard.edu/abs/2002ApJ...564.1028F/abstract target=ref> Fischer et al. 2002 </a>",14.20000000,,,0,"<a refstr=CALCULATED_VALUE href=/docs/pscp_calc.html target=_blank>Calculated Value</a>",171.62100000,20.97600000,-23.20100000,0,"<a refstr=GREGORY___FISCHER_2010 href=https://ui.adsabs.harvard.edu/abs/2010MNRAS.403..731G/abstract target=ref> Gregory &amp; Fischer 2010 </a>",0.329000,,,0,"<a refstr=CALCULATED_VALUE href=/docs/pscp_calc.html target=_blank>Calculated Value</a>",164.38,4.94,-4.94,0,"<a refstr=CALCULATED_VALUE href=/docs/pscp_calc.html target=_blank>Calculated Value</a>",0.1217,0.0075,-0.0075,0,"<a refstr=CALCULATED_VALUE href=/docs/pscp_calc.html target=_blank>Calculated Value</a>",3.6000000000,0.1000000000,-0.1000000000,0,"<a refstr=GREGORY___FISCHER_2010 href=https://ui.adsabs.harvard.edu/abs/2010MNRAS.403..731G/abstract target=ref> Gregory &amp; Fischer 2010 </a>",2391.00000000000,100.00000000000,-87.00000000000,0,"<a refstr=GREGORY___FISCHER_2010 href=https://ui.adsabs.harvard.edu/abs/2010MNRAS.403..731G/abstract target=ref> Gregory &amp; Fischer 2010 </a>",0.098000,0.047000,-0.096000,0,"<a refstr=GREGORY___FISCHER_2010 href=https://ui.adsabs.harvard.edu/abs/2010MNRAS.403..731G/abstract target=ref> Gregory &amp; Fischer 2010 </a>",,,,,,,,,,,,,,,,,,,,,,,,,,,,,,,,,,,,8.00000,1.00000,-1.00000,0,"<a refstr=GREGORY___FISCHER_2010 href=https://ui.adsabs.harvard.edu/abs/2010MNRAS.403..731G/abstract target=ref> Gregory &amp; Fischer 2010 </a>",,,,,,,,,,
"47 UMa","47 UMa d","Msini",0,0,"Radial Velocity",2009,"Lick Observatory","<a refstr=GREGORY___FISCHER_2010 href=https://ui.adsabs.harvard.edu/abs/2010MNRAS.403..731G/abstract target=ref> Gregory &amp; Fischer 2010 </a>",13.50000000,,,0,"<a refstr=CALCULATED_VALUE href=/docs/pscp_calc.html target=_blank>Calculated Value</a>",521.22000000,92.17000000,-152.55000000,0,"<a refstr=GREGORY___FISCHER_2010 href=https://ui.adsabs.harvard.edu/abs/2010MNRAS.403..731G/abstract target=ref> Gregory &amp; Fischer 2010 </a>",1.160000,,,0,"<a refstr=CALCULATED_VALUE href=/docs/pscp_calc.html target=_blank>Calculated Value</a>",91.58,10.17,-10.17,0,"<a refstr=CALCULATED_VALUE href=/docs/pscp_calc.html target=_blank>Calculated Value</a>",0.0117,0.0051,-0.0051,0,"<a refstr=CALCULATED_VALUE href=/docs/pscp_calc.html target=_blank>Calculated Value</a>",11.6000000000,2.1000000000,-2.9000000000,0,"<a refstr=GREGORY___FISCHER_2010 href=https://ui.adsabs.harvard.edu/abs/2010MNRAS.403..731G/abstract target=ref> Gregory &amp; Fischer 2010 </a>",14002.00000000000,4018.00000000000,-5095.00000000000,0,"<a refstr=GREGORY___FISCHER_2010 href=https://ui.adsabs.harvard.edu/abs/2010MNRAS.403..731G/abstract target=ref> Gregory &amp; Fischer 2010 </a>",0.160000,0.090000,-0.160000,0,"<a refstr=GREGORY___FISCHER_2010 href=https://ui.adsabs.harvard.edu/abs/2010MNRAS.403..731G/abstract target=ref> Gregory &amp; Fischer 2010 </a>",,,,,,,,,,,,,,,,,,,,,,,,,,,,,,,,,,,,13.80000,2.20000,-2.90000,0,"<a refstr=GREGORY___FISCHER_2010 href=https://ui.adsabs.harvard.edu/abs/2010MNRAS.403..731G/abstract target=ref> Gregory &amp; Fischer 2010 </a>",,,,,,,,,,
"55 Cnc B","55 Cnc B b","Msini",0,0,"Radial Velocity",2025,"Mauna Kea Observatory","<a refstr=MOUTOU_ET_AL_2026 href=https://ui.adsabs.harvard.edu/abs/2026A&A...705A.190M/abstract target=ref>Moutou et al. 2026</a>",1.69000000,,,0,"<a refstr=CALCULATED_VALUE href=/docs/pscp_calc.html target=_blank>Calculated Value</a>",3.50000000,0.80000000,-0.80000000,0,"<a refstr=MOUTOU_ET_AL_2026 href=https://ui.adsabs.harvard.edu/abs/2026A&A...705A.190M/abstract target=ref>Moutou et al. 2026</a>",3.980000,,,0,"<a refstr=CALCULATED_VALUE href=/docs/pscp_calc.html target=_blank>Calculated Value</a>",395.41,48.07,-48.07,0,"<a refstr=CALCULATED_VALUE href=/docs/pscp_calc.html target=_blank>Calculated Value</a>",4.0271,1.0899,-1.0899,0,"<a refstr=CALCULATED_VALUE href=/docs/pscp_calc.html target=_blank>Calculated Value</a>",0.0440000000,0.0012000000,-0.0012000000,0,"<a refstr=MOUTOU_ET_AL_2026 href=https://ui.adsabs.harvard.edu/abs/2026A&A...705A.190M/abstract target=ref>Moutou et al. 2026</a>",6.79940000000,0.00130000000,-0.00140000000,0,"<a refstr=MOUTOU_ET_AL_2026 href=https://ui.adsabs.harvard.edu/abs/2026A&A...705A.190M/abstract target=ref>Moutou et al. 2026</a>",0.000000,,,0,"<a refstr=MOUTOU_ET_AL_2026 href=https://ui.adsabs.harvard.edu/abs/2026A&A...705A.190M/abstract target=ref>Moutou et al. 2026</a>",,,,,,,,,,,,,,,,,,,,,,,,,,,,,,,,,,,,2.89000,0.61000,-0.63000,0,"<a refstr=MOUTOU_ET_AL_2026 href=https://ui.adsabs.harvard.edu/abs/2026A&A...705A.190M/abstract target=ref>Moutou et al. 2026</a>",,,,,,,,,,
"55 Cnc B","55 Cnc B c","Msini",0,0,"Radial Velocity",2025,"Mauna Kea Observatory","<a refstr=MOUTOU_ET_AL_2026 href=https://ui.adsabs.harvard.edu/abs/2026A&A...705A.190M/abstract target=ref>Moutou et al. 2026</a>",2.16000000,,,0,"<a refstr=CALCULATED_VALUE href=/docs/pscp_calc.html target=_blank>Calculated Value</a>",5.30000000,1.40000000,-1.40000000,0,"<a refstr=MOUTOU_ET_AL_2026 href=https://ui.adsabs.harvard.edu/abs/2026A&A...705A.190M/abstract target=ref>Moutou et al. 2026</a>",2.890000,,,0,"<a refstr=CALCULATED_VALUE href=/docs/pscp_calc.html target=_blank>Calculated Value</a>",230.04,27.92,-27.92,0,"<a refstr=CALCULATED_VALUE href=/docs/pscp_calc.html target=_blank>Calculated Value</a>",0.4613,0.1241,-0.1241,0,"<a refstr=CALCULATED_VALUE href=/docs/pscp_calc.html target=_blank>Calculated Value</a>",0.1300000000,0.0030000000,-0.0030000000,0,"<a refstr=MOUTOU_ET_AL_2026 href=https://ui.adsabs.harvard.edu/abs/2026A&A...705A.190M/abstract target=ref>Moutou et al. 2026</a>",33.74700000000,0.03500000000,-0.03500000000,0,"<a refstr=MOUTOU_ET_AL_2026 href=https://ui.adsabs.harvard.edu/abs/2026A&A...705A.190M/abstract target=ref>Moutou et al. 2026</a>",0.000000,,,0,"<a refstr=MOUTOU_ET_AL_2026 href=https://ui.adsabs.harvard.edu/abs/2026A&A...705A.190M/abstract target=ref>Moutou et al. 2026</a>",,,,,,,,,,,,,,,,,,,,,,,,,,,,,,,,,,,,2.59000,0.65000,-0.66000,0,"<a refstr=MOUTOU_ET_AL_2026 href=https://ui.adsabs.harvard.edu/abs/2026A&A...705A.190M/abstract target=ref>Moutou et al. 2026</a>",,,,,,,,,,
"55 Cnc","55 Cnc b","Mass",0,0,"Radial Velocity",1996,"Lick Observatory","<a refstr=BUTLER_ET_AL__1997 href=https://ui.adsabs.harvard.edu/abs/1997ApJ...474L.115B/abstract target=ref> Butler et al. 1997 </a>",13.90000000,,,0,"<a refstr=CALCULATED_VALUE href=/docs/pscp_calc.html target=_blank>Calculated Value</a>",263.97850000,1.04880000,-1.04880000,0,"<a refstr=BALUEV_2015 href=https://ui.adsabs.harvard.edu/abs/2015MNRAS.446.1493B/abstract target=ref>Baluev 2015</a>",0.540000,,,0,"<a refstr=CALCULATED_VALUE href=/docs/pscp_calc.html target=_blank>Calculated Value</a>",700.00,,,0,"<a refstr=SALZ_ET_AL__2015 href=https://ui.adsabs.harvard.edu/abs/2015A&A...576A..42S/abstract target=ref>Salz et al. 2015</a>",45.6336,1.9593,-1.9593,0,"<a refstr=CALCULATED_VALUE href=/docs/pscp_calc.html target=_blank>Calculated Value</a>",0.1180000000,0.0020000000,-0.0020000000,0,"<a refstr=MOUTOU_ET_AL_2026 href=https://ui.adsabs.harvard.edu/abs/2026A&A...705A.190M/abstract target=ref>Moutou et al. 2026</a>",14.65155200000,0.00003600000,-0.00003600000,0,"<a refstr=MOUTOU_ET_AL_2026 href=https://ui.adsabs.harvard.edu/abs/2026A&A...705A.190M/abstract target=ref>Moutou et al. 2026</a>",0.002900,0.002700,-0.002000,0,"<a refstr=MOUTOU_ET_AL_2026 href=https://ui.adsabs.harvard.edu/abs/2026A&A...705A.190M/abstract target=ref>Moutou et al. 2026</a>",89.73000,24.49000,-24.54000,0,"<a refstr=NELSON_ET_AL__2014 href=https://ui.adsabs.harvard.edu/abs/2014MNRAS.441..442N/abstract target=ref> Nelson et al. 2014</a>",,,,,,,,,,,,,,,,,,,,,,,,,,,,,,,71.50000,0.22000,-0.22000,0,"<a refstr=MOUTOU_ET_AL_2026 href=https://ui.adsabs.harvard.edu/abs/2026A&A...705A.190M/abstract target=ref>Moutou et al. 2026</a>",,,,,,,,,,
"55 Cnc","55 Cnc c","Mass",0,0,"Radial Velocity",2004,"McDonald Observatory","<a refstr=MCARTHUR_ET_AL__2004 href=https://ui.adsabs.harvard.edu/abs/2004ApJ...614L..81M/abstract target=ref> McArthur et al. 2004 </a>",8.51000000,,,0,"<a refstr=CALCULATED_VALUE href=/docs/pscp_calc.html target=_blank>Calculated Value</a>",54.47380000,1.74800000,-1.74800000,0,"<a refstr=BALUEV_2015 href=https://ui.adsabs.harvard.edu/abs/2015MNRAS.446.1493B/abstract target=ref>Baluev 2015</a>",0.486000,,,0,"<a refstr=CALCULATED_VALUE href=/docs/pscp_calc.html target=_blank>Calculated Value</a>",499.27,6.47,-6.47,0,"<a refstr=CALCULATED_VALUE href=/docs/pscp_calc.html target=_blank>Calculated Value</a>",10.4149,0.4349,-0.4349,0,"<a refstr=CALCULATED_VALUE href=/docs/pscp_calc.html target=_blank>Calculated Value</a>",0.2470000000,0.0040000000,-0.0040000000,0,"<a refstr=MOUTOU_ET_AL_2026 href=https://ui.adsabs.harvard.edu/abs/2026A&A...705A.190M/abstract target=ref>Moutou et al. 2026</a>",44.39360000000,0.00240000000,-0.00240000000,0,"<a refstr=MOUTOU_ET_AL_2026 href=https://ui.adsabs.harvard.edu/abs/2026A&A...705A.190M/abstract target=ref>Moutou et al. 2026</a>",0.088000,0.230000,-0.230000,0,"<a refstr=MOUTOU_ET_AL_2026 href=https://ui.adsabs.harvard.edu/abs/2026A&A...705A.190M/abstract target=ref>Moutou et al. 2026</a>",89.73000,24.49000,-24.54000,0,"<a refstr=NELSON_ET_AL__2014 href=https://ui.adsabs.harvard.edu/abs/2014MNRAS.441..442N/abstract target=ref> Nelson et al. 2014</a>",,,,,,,,,,,,,,,,,,,,,,,,,,,,,,,10.17000,0.22000,-0.22000,0,"<a refstr=MOUTOU_ET_AL_2026 href=https://ui.adsabs.harvard.edu/abs/2026A&A...705A.190M/abstract target=ref>Moutou et al. 2026</a>",,,,,,,,,,
"55 Cnc","55 Cnc d","Mass",0,0,"Radial Velocity",2002,"Lick Observatory","<a refstr=MARCY_ET_AL__2002 href=https://ui.adsabs.harvard.edu/abs/2002ApJ...581.1375M/abstract target=ref> Marcy et al. 2002 </a>",13.00000000,,,0,"<a refstr=CALCULATED_VALUE href=/docs/pscp_calc.html target=_blank>Calculated Value</a>",1232.49300000,21.61200000,-21.61200000,0,"<a refstr=BALUEV_2015 href=https://ui.adsabs.harvard.edu/abs/2015MNRAS.446.1493B/abstract target=ref>Baluev 2015</a>",3.080000,,,0,"<a refstr=CALCULATED_VALUE href=/docs/pscp_calc.html target=_blank>Calculated Value</a>",104.85,1.41,-1.41,0,"<a refstr=CALCULATED_VALUE href=/docs/pscp_calc.html target=_blank>Calculated Value</a>",0.0203,0.0009,-0.0009,0,"<a refstr=CALCULATED_VALUE href=/docs/pscp_calc.html target=_blank>Calculated Value</a>",5.6000000000,0.1000000000,-0.1000000000,0,"<a refstr=MOUTOU_ET_AL_2026 href=https://ui.adsabs.harvard.edu/abs/2026A&A...705A.190M/abstract target=ref>Moutou et al. 2026</a>",4799.00000000000,4.90000000000,-15.00000000000,0,"<a refstr=MOUTOU_ET_AL_2026 href=https://ui.adsabs.harvard.edu/abs/2026A&A...705A.190M/abstract target=ref>Moutou et al. 2026</a>",0.091300,0.006700,-0.006700,0,"<a refstr=MOUTOU_ET_AL_2026 href=https://ui.adsabs.harvard.edu/abs/2026A&A...705A.190M/abstract target=ref>Moutou et al. 2026</a>",89.73000,24.49000,-24.54000,0,"<a refstr=NELSON_ET_AL__2014 href=https://ui.adsabs.harvard.edu/abs/2014MNRAS.441..442N/abstract target=ref> Nelson et al. 2014</a>",,,,,,,,,,,,,,,,,,,,,,,,,,,,,,,45.63000,0.45000,-0.45000,0,"<a refstr=MOUTOU_ET_AL_2026 href=https://ui.adsabs.harvard.edu/abs/2026A&A...705A.190M/abstract target=ref>Moutou et al. 2026</a>",,,,,,,,,,
"55 Cnc","55 Cnc e","Mass",0,0,"Radial Velocity",2004,"McDonald Observatory","<a refstr=MCARTHUR_ET_AL__2004 href=https://ui.adsabs.harvard.edu/abs/2004ApJ...614L..81M/abstract target=ref> McArthur et al. 2004 </a>",1.87500000,0.02900000,-0.02900000,0,"<a refstr=BOURRIER_ET_AL__2018 href=https://ui.adsabs.harvard.edu/abs/2018A&A...619A...1B/abstract target=ref>Bourrier et al. 2018</a>",7.99000000,0.32000000,-0.33000000,0,"<a refstr=BOURRIER_ET_AL__2018 href=https://ui.adsabs.harvard.edu/abs/2018A&A...619A...1B/abstract target=ref>Bourrier et al. 2018</a>",6.660000,0.430000,-0.400000,0,"<a refstr=BOURRIER_ET_AL__2018 href=https://ui.adsabs.harvard.edu/abs/2018A&A...619A...1B/abstract target=ref>Bourrier et al. 2018</a>",1958.00,15.00,-15.00,0,"<a refstr=DEMORY_ET_AL__2011 href=https://ui.adsabs.harvard.edu/abs/2011A&A...533A.114D/abstract target=ref>Demory et al. 2011</a>",2657.8322,,,0,"<a refstr=EXOFOP href=https://exofop.ipac.caltech.edu/tess/view_toi.php target=ref>ExoFOP</a>",0.0154400000,0.0000500000,-0.0000500000,0,"<a refstr=BOURRIER_ET_AL__2018 href=https://ui.adsabs.harvard.edu/abs/2018A&A...619A...1B/abstract target=ref>Bourrier et al. 2018</a>",0.73654740000,0.00000130000,-0.00000140000,0,"<a refstr=BOURRIER_ET_AL__2018 href=https://ui.adsabs.harvard.edu/abs/2018A&A...619A...1B/abstract target=ref>Bourrier et al. 2018</a>",0.050000,0.030000,-0.030000,0,"<a refstr=BOURRIER_ET_AL__2018 href=https://ui.adsabs.harvard.edu/abs/2018A&A...619A...1B/abstract target=ref>Bourrier et al. 2018</a>",83.59000,0.47000,-0.44000,0,"<a refstr=BOURRIER_ET_AL__2018 href=https://ui.adsabs.harvard.edu/abs/2018A&A...619A...1B/abstract target=ref>Bourrier et al. 2018</a>",0.390000,0.030000,-0.030000,0,"<a refstr=BOURRIER_ET_AL__2018 href=https://ui.adsabs.harvard.edu/abs/2018A&A...619A...1B/abstract target=ref>Bourrier et al. 2018</a>",0.03846733,0.00041906,-0.00041906,0,"<a refstr=EXOFOP href=https://exofop.ipac.caltech.edu/tess/view_toi.php target=ref>ExoFOP</a>",1.5439000,0.0027000,-0.0026000,0,"<a refstr=ZHAO_ET_AL__2023 href=https://ui.adsabs.harvard.edu/abs/2023NatAs...7..198Z/abstract target=ref>Zhao et al. 2023</a>",3.520000,0.010000,-0.010000,0,"<a refstr=BOURRIER_ET_AL__2018 href=https://ui.adsabs.harvard.edu/abs/2018A&A...619A...1B/abstract target=ref>Bourrier et al. 2018</a>",0.01820000,0.00020000,-0.00020000,0,"<a refstr=BOURRIER_ET_AL__2018 href=https://ui.adsabs.harvard.edu/abs/2018A&A...619A...1B/abstract target=ref>Bourrier et al. 2018</a>",0.00830000,0.00140000,-0.00140000,0,"<a refstr=DEMORY_ET_AL__2016 href=https://ui.adsabs.harvard.edu/abs/2016MNRAS.455.2018D/abstract target=ref>Demory et al. 2016</a>",6.02000,0.24000,-0.23000,0,"<a refstr=BOURRIER_ET_AL__2018 href=https://ui.adsabs.harvard.edu/abs/2018A&A...619A...1B/abstract target=ref>Bourrier et al. 2018</a>",72.400,12.700,-11.500,0,"<a refstr=BOURRIER__AMP__H_EACUTE_BRARD_2014 href=https://ui.adsabs.harvard.edu/abs/2014A&A...569A..65B/abstract target=ref>Bourrier &amp; H&eacute;brard 2014</a>",23.000,15.000,-12.000,0,"<a refstr=ZHAO_ET_AL__2023 href=https://ui.adsabs.harvard.edu/abs/2023NatAs...7..198Z/abstract target=ref>Zhao et al. 2023</a>"
"55 Cnc","55 Cnc f","Mass",0,0,"Radial Velocity",2007,"Multiple Observatories","<a refstr=FISCHER_ET_AL__2008 href=https://ui.adsabs.harvard.edu/abs/2008ApJ...675..790F/abstract target=ref> Fischer et al. 2008 </a>",7.59000000,,,0,"<a refstr=CALCULATED_VALUE href=/docs/pscp_calc.html target=_blank>Calculated Value</a>",44.81200000,3.81400000,-3.81400000,0,"<a refstr=BALUEV_2015 href=https://ui.adsabs.harvard.edu/abs/2015MNRAS.446.1493B/abstract target=ref>Baluev 2015</a>",0.563000,,,0,"<a refstr=CALCULATED_VALUE href=/docs/pscp_calc.html target=_blank>Calculated Value</a>",277.07,3.70,-3.70,0,"<a refstr=CALCULATED_VALUE href=/docs/pscp_calc.html target=_blank>Calculated Value</a>",0.9879,0.0432,-0.0432,0,"<a refstr=CALCULATED_VALUE href=/docs/pscp_calc.html target=_blank>Calculated Value</a>",0.8020000000,0.0140000000,-0.0140000000,0,"<a refstr=MOUTOU_ET_AL_2026 href=https://ui.adsabs.harvard.edu/abs/2026A&A...705A.190M/abstract target=ref>Moutou et al. 2026</a>",260.58000000000,0.15000000000,-0.15000000000,0,"<a refstr=MOUTOU_ET_AL_2026 href=https://ui.adsabs.harvard.edu/abs/2026A&A...705A.190M/abstract target=ref>Moutou et al. 2026</a>",0.063000,0.048000,-0.043000,0,"<a refstr=MOUTOU_ET_AL_2026 href=https://ui.adsabs.harvard.edu/abs/2026A&A...705A.190M/abstract target=ref>Moutou et al. 2026</a>",89.73000,24.49000,-24.54000,0,"<a refstr=NELSON_ET_AL__2014 href=https://ui.adsabs.harvard.edu/abs/2014MNRAS.441..442N/abstract target=ref> Nelson et al. 2014</a>",,,,,,,,,,,,,,,,,,,,,,,,,,,,,,,4.83000,0.22000,-0.22000,0,"<a refstr=MOUTOU_ET_AL_2026 href=https://ui.adsabs.harvard.edu/abs/2026A&A...705A.190M/abstract target=ref>Moutou et al. 2026</a>",,,,,,,,,,
"61 Vir","61 Vir b","Msini",0,0,"Radial Velocity",2009,"Multiple Observatories","<a refstr=VOGT_ET_AL__2010 href=https://ui.adsabs.harvard.edu/abs/2010ApJ...708.1366V/abstract target=ref> Vogt et al. 2010 </a>",2.11000000,,,0,"<a refstr=CALCULATED_VALUE href=/docs/pscp_calc.html target=_blank>Calculated Value</a>",5.10000000,0.50000000,-0.50000000,0,"<a refstr=VOGT_ET_AL__2010 href=https://ui.adsabs.harvard.edu/abs/2010ApJ...708.1366V/abstract target=ref> Vogt et al. 2010 </a>",2.980000,,,0,"<a refstr=CALCULATED_VALUE href=/docs/pscp_calc.html target=_blank>Calculated Value</a>",1177.85,9.69,-9.69,0,"<a refstr=CALCULATED_VALUE href=/docs/pscp_calc.html target=_blank>Calculated Value</a>",318.8418,2.2034,-2.2034,0,"<a refstr=CALCULATED_VALUE href=/docs/pscp_calc.html target=_blank>Calculated Value</a>",0.0502010000,0.0000050000,-0.0000050000,0,"<a refstr=VOGT_ET_AL__2010 href=https://ui.adsabs.harvard.edu/abs/2010ApJ...708.1366V/abstract target=ref> Vogt et al. 2010 </a>",4.21500000000,0.00060000000,-0.00060000000,0,"<a refstr=VOGT_ET_AL__2010 href=https://ui.adsabs.harvard.edu/abs/2010ApJ...708.1366V/abstract target=ref> Vogt et al. 2010 </a>",0.120000,0.110000,-0.110000,0,"<a refstr=VOGT_ET_AL__2010 href=https://ui.adsabs.harvard.edu/abs/2010ApJ...708.1366V/abstract target=ref> Vogt et al. 2010 </a>",,,,,,,,,,,,,,,,,,,,,,,,,,,,,,,,,,,,2.12000,0.23000,-0.23000,0,"<a refstr=VOGT_ET_AL__2010 href=https://ui.adsabs.harvard.edu/abs/2010ApJ...708.1366V/abstract target=ref> Vogt et al. 2010 </a>",,,,,,,,,,
"61 Vir","61 Vir c","Msini",0,0,"Radial Velocity",2009,"Multiple Observatories","<a refstr=VOGT_ET_AL__2010 href=https://ui.adsabs.harvard.edu/abs/2010ApJ...708.1366V/abstract target=ref> Vogt et al. 2010 </a>",4.46000000,,,0,"<a refstr=CALCULATED_VALUE href=/docs/pscp_calc.html target=_blank>Calculated Value</a>",18.20000000,1.10000000,-1.10000000,0,"<a refstr=VOGT_ET_AL__2010 href=https://ui.adsabs.harvard.edu/abs/2010ApJ...708.1366V/abstract target=ref> Vogt et al. 2010 </a>",1.130000,,,0,"<a refstr=CALCULATED_VALUE href=/docs/pscp_calc.html target=_blank>Calculated Value</a>",565.87,4.66,-4.66,0,"<a refstr=CALCULATED_VALUE href=/docs/pscp_calc.html target=_blank>Calculated Value</a>",16.9856,0.1184,-0.1184,0,"<a refstr=CALCULATED_VALUE href=/docs/pscp_calc.html target=_blank>Calculated Value</a>",0.2175000000,0.0001000000,-0.0001000000,0,"<a refstr=VOGT_ET_AL__2010 href=https://ui.adsabs.harvard.edu/abs/2010ApJ...708.1366V/abstract target=ref> Vogt et al. 2010 </a>",38.02100000000,0.03400000000,-0.03400000000,0,"<a refstr=VOGT_ET_AL__2010 href=https://ui.adsabs.harvard.edu/abs/2010ApJ...708.1366V/abstract target=ref> Vogt et al. 2010 </a>",0.140000,0.060000,-0.060000,0,"<a refstr=VOGT_ET_AL__2010 href=https://ui.adsabs.harvard.edu/abs/2010ApJ...708.1366V/abstract target=ref> Vogt et al. 2010 </a>",,,,,,,,,,,,,,,,,,,,,,,,,,,,,,,,,,,,3.62000,0.23000,-0.23000,0,"<a refstr=VOGT_ET_AL__2010 href=https://ui.adsabs.harvard.edu/abs/2010ApJ...708.1366V/abstract target=ref> Vogt et al. 2010 </a>",,,,,,,,,,
"61 Vir","61 Vir d","Msini",0,0,"Radial Velocity",2009,"Multiple Observatories","<a refstr=VOGT_ET_AL__2010 href=https://ui.adsabs.harvard.edu/abs/2010ApJ...708.1366V/abstract target=ref> Vogt et al. 2010 </a>",5.11000000,,,0,"<a refstr=CALCULATED_VALUE href=/docs/pscp_calc.html target=_blank>Calculated Value</a>",22.90000000,2.60000000,-2.60000000,0,"<a refstr=VOGT_ET_AL__2010 href=https://ui.adsabs.harvard.edu/abs/2010ApJ...708.1366V/abstract target=ref> Vogt et al. 2010 </a>",0.943000,,,0,"<a refstr=CALCULATED_VALUE href=/docs/pscp_calc.html target=_blank>Calculated Value</a>",382.51,3.17,-3.17,0,"<a refstr=CALCULATED_VALUE href=/docs/pscp_calc.html target=_blank>Calculated Value</a>",3.5464,0.0287,-0.0287,0,"<a refstr=CALCULATED_VALUE href=/docs/pscp_calc.html target=_blank>Calculated Value</a>",0.4760000000,0.0010000000,-0.0010000000,0,"<a refstr=VOGT_ET_AL__2010 href=https://ui.adsabs.harvard.edu/abs/2010ApJ...708.1366V/abstract target=ref> Vogt et al. 2010 </a>",123.01000000000,0.55000000000,-0.55000000000,0,"<a refstr=VOGT_ET_AL__2010 href=https://ui.adsabs.harvard.edu/abs/2010ApJ...708.1366V/abstract target=ref> Vogt et al. 2010 </a>",0.350000,0.090000,-0.090000,0,"<a refstr=VOGT_ET_AL__2010 href=https://ui.adsabs.harvard.edu/abs/2010ApJ...708.1366V/abstract target=ref> Vogt et al. 2010 </a>",,,,,,,,,,,,,,,,,,,,,,,,,,,,,,,,,,,,3.25000,0.39000,-0.39000,0,"<a refstr=VOGT_ET_AL__2010 href=https://ui.adsabs.harvard.edu/abs/2010ApJ...708.1366V/abstract target=ref> Vogt et al. 2010 </a>",,,,,,,,,,
"AU Mic","AU Mic b","Mass",0,0,"Transit",2020,"Transiting Exoplanet Survey Satellite (TESS)","<a refstr=PLAVCHAN_ET_AL__2020 href=https://ui.adsabs.harvard.edu/abs/2020Natur.582..497P/abstract target=ref>Plavchan et al. 2020</a>",4.79000000,0.29000000,-0.29000000,0,"<a refstr=MALLORQUIN_ET_AL_2024 href=https://ui.adsabs.harvard.edu/abs/2024A&A...689A.132M/abstract target=ref>Mallorqu&iacute;n et al. 2024</a>",8.99000000,2.61000000,-2.67000000,0,"<a refstr=MALLORQUIN_ET_AL_2024 href=https://ui.adsabs.harvard.edu/abs/2024A&A...689A.132M/abstract target=ref>Mallorqu&iacute;n et al. 2024</a>",0.490000,0.160000,-0.160000,0,"<a refstr=MALLORQUIN_ET_AL_2024 href=https://ui.adsabs.harvard.edu/abs/2024A&A...689A.132M/abstract target=ref>Mallorqu&iacute;n et al. 2024</a>",554.80,31.60,-32.00,0,"<a refstr=MALLORQUIN_ET_AL_2024 href=https://ui.adsabs.harvard.edu/abs/2024A&A...689A.132M/abstract target=ref>Mallorqu&iacute;n et al. 2024</a>",21.2000,2.5000,-2.4000,0,"<a refstr=WITTROCK_ET_AL__2023 href=https://ui.adsabs.harvard.edu/abs/2023AJ....166..232W/abstract target=ref>Wittrock et al. 2023</a>",0.0700000000,0.0060000000,-0.0070000000,0,"<a refstr=MALLORQUIN_ET_AL_2024 href=https://ui.adsabs.harvard.edu/abs/2024A&A...689A.132M/abstract target=ref>Mallorqu&iacute;n et al. 2024</a>",8.46344600000,0.00000500000,-0.00000500000,0,"<a refstr=MALLORQUIN_ET_AL_2024 href=https://ui.adsabs.harvard.edu/abs/2024A&A...689A.132M/abstract target=ref>Mallorqu&iacute;n et al. 2024</a>",0.070000,0.090000,-0.040000,0,"<a refstr=MALLORQUIN_ET_AL_2024 href=https://ui.adsabs.harvard.edu/abs/2024A&A...689A.132M/abstract target=ref>Mallorqu&iacute;n et al. 2024</a>",88.39000,0.20000,-0.23000,0,"<a refstr=MALLORQUIN_ET_AL_2024 href=https://ui.adsabs.harvard.edu/abs/2024A&A...689A.132M/abstract target=ref>Mallorqu&iacute;n et al. 2024</a>",0.502000,0.044000,-0.048000,0,"<a refstr=MALLORQUIN_ET_AL_2024 href=https://ui.adsabs.harvard.edu/abs/2024A&A...689A.132M/abstract target=ref>Mallorqu&iacute;n et al. 2024</a>",0.24900000,0.00400000,-0.00400000,0,"<a refstr=MALLORQUIN_ET_AL_2024 href=https://ui.adsabs.harvard.edu/abs/2024A&A...689A.132M/abstract target=ref>Mallorqu&iacute;n et al. 2024</a>",3.2400000,0.2300000,-0.2100000,0,"<a refstr=MALLORQUIN_ET_AL_2024 href=https://ui.adsabs.harvard.edu/abs/2024A&A...689A.132M/abstract target=ref>Mallorqu&iacute;n et al. 2024</a>",17.510000,1.120000,-1.240000,0,"<a refstr=MALLORQUIN_ET_AL_2024 href=https://ui.adsabs.harvard.edu/abs/2024A&A...689A.132M/abstract target=ref>Mallorqu&iacute;n et al. 2024</a>",0.04990000,0.00040000,-0.00040000,0,"<a refstr=MALLORQUIN_ET_AL_2024 href=https://ui.adsabs.harvard.edu/abs/2024A&A...689A.132M/abstract target=ref>Mallorqu&iacute;n et al. 2024</a>",,,,,,3.80000,1.09300,-1.09500,0,"<a refstr=MALLORQUIN_ET_AL_2024 href=https://ui.adsabs.harvard.edu/abs/2024A&A...689A.132M/abstract target=ref>Mallorqu&iacute;n et al. 2024</a>",-4.700,6.800,-6.400,0,"<a refstr=HIRANO_ET_AL__2020 href=https://ui.adsabs.harvard.edu/abs/2020ApJ...899L..13H/abstract target=ref>Hirano et al. 2020</a>",,,,,
"AU Mic","AU Mic c","Mass",0,0,"Transit",2021,"Transiting Exoplanet Survey Satellite (TESS)","<a refstr=MARTIOLI_ET_AL__2021 href=https://ui.adsabs.harvard.edu/abs/2021A&A...649A.177M/abstract target=ref>Martioli et al. 2021</a>",2.79000000,0.18000000,-0.17000000,0,"<a refstr=MALLORQUIN_ET_AL_2024 href=https://ui.adsabs.harvard.edu/abs/2024A&A...689A.132M/abstract target=ref>Mallorqu&iacute;n et al. 2024</a>",14.46000000,3.24000000,-3.42000000,0,"<a refstr=MALLORQUIN_ET_AL_2024 href=https://ui.adsabs.harvard.edu/abs/2024A&A...689A.132M/abstract target=ref>Mallorqu&iacute;n et al. 2024</a>",3.900000,1.140000,-1.170000,0,"<a refstr=MALLORQUIN_ET_AL_2024 href=https://ui.adsabs.harvard.edu/abs/2024A&A...689A.132M/abstract target=ref>Mallorqu&iacute;n et al. 2024</a>",424.70,24.20,-24.50,0,"<a refstr=MALLORQUIN_ET_AL_2024 href=https://ui.adsabs.harvard.edu/abs/2024A&A...689A.132M/abstract target=ref>Mallorqu&iacute;n et al. 2024</a>",7.3000,0.9000,-0.8000,0,"<a refstr=WITTROCK_ET_AL__2023 href=https://ui.adsabs.harvard.edu/abs/2023AJ....166..232W/abstract target=ref>Wittrock et al. 2023</a>",0.1190000000,0.0110000000,-0.0110000000,0,"<a refstr=MALLORQUIN_ET_AL_2024 href=https://ui.adsabs.harvard.edu/abs/2024A&A...689A.132M/abstract target=ref>Mallorqu&iacute;n et al. 2024</a>",18.85902300000,0.00002200000,-0.00002400000,0,"<a refstr=MALLORQUIN_ET_AL_2024 href=https://ui.adsabs.harvard.edu/abs/2024A&A...689A.132M/abstract target=ref>Mallorqu&iacute;n et al. 2024</a>",0.180000,0.080000,-0.070000,0,"<a refstr=MALLORQUIN_ET_AL_2024 href=https://ui.adsabs.harvard.edu/abs/2024A&A...689A.132M/abstract target=ref>Mallorqu&iacute;n et al. 2024</a>",89.46000,0.43000,-0.38000,0,"<a refstr=MALLORQUIN_ET_AL_2024 href=https://ui.adsabs.harvard.edu/abs/2024A&A...689A.132M/abstract target=ref>Mallorqu&iacute;n et al. 2024</a>",0.259000,0.203000,-0.178000,0,"<a refstr=MALLORQUIN_ET_AL_2024 href=https://ui.adsabs.harvard.edu/abs/2024A&A...689A.132M/abstract target=ref>Mallorqu&iacute;n et al. 2024</a>",0.08500000,0.00300000,-0.00200000,0,"<a refstr=MALLORQUIN_ET_AL_2024 href=https://ui.adsabs.harvard.edu/abs/2024A&A...689A.132M/abstract target=ref>Mallorqu&iacute;n et al. 2024</a>",4.2900000,0.3000000,-0.2700000,0,"<a refstr=MALLORQUIN_ET_AL_2024 href=https://ui.adsabs.harvard.edu/abs/2024A&A...689A.132M/abstract target=ref>Mallorqu&iacute;n et al. 2024</a>",29.870000,1.910000,-2.110000,0,"<a refstr=MALLORQUIN_ET_AL_2024 href=https://ui.adsabs.harvard.edu/abs/2024A&A...689A.132M/abstract target=ref>Mallorqu&iacute;n et al. 2024</a>",0.02910000,0.00050000,-0.00030000,0,"<a refstr=MALLORQUIN_ET_AL_2024 href=https://ui.adsabs.harvard.edu/abs/2024A&A...689A.132M/abstract target=ref>Mallorqu&iacute;n et al. 2024</a>",,,,,,4.69600,1.03100,-1.05400,0,"<a refstr=MALLORQUIN_ET_AL_2024 href=https://ui.adsabs.harvard.edu/abs/2024A&A...689A.132M/abstract target=ref>Mallorqu&iacute;n et al. 2024</a>",,,,,,,,,,
"AU Mic","AU Mic d","Mass",0,0,"Transit Timing Variations",2023,"Multiple Observatories","<a refstr=WITTROCK_ET_AL__2023 href=https://ui.adsabs.harvard.edu/abs/2023AJ....166..232W/abstract target=ref>Wittrock et al. 2023</a>",1.02000000,,,0,"<a refstr=CALCULATED_VALUE href=/docs/pscp_calc.html target=_blank>Calculated Value</a>",1.05300000,0.51100000,-0.51100000,0,"<a refstr=WITTROCK_ET_AL__2023 href=https://ui.adsabs.harvard.edu/abs/2023AJ....166..232W/abstract target=ref>Wittrock et al. 2023</a>",5.450000,,,0,"<a refstr=CALCULATED_VALUE href=/docs/pscp_calc.html target=_blank>Calculated Value</a>",,,,,,,,,,,,,,,,12.73596000000,0.00793000000,-0.00793000000,0,"<a refstr=WITTROCK_ET_AL__2023 href=https://ui.adsabs.harvard.edu/abs/2023AJ....166..232W/abstract target=ref>Wittrock et al. 2023</a>",0.003050,0.001040,-0.001040,0,"<a refstr=WITTROCK_ET_AL__2023 href=https://ui.adsabs.harvard.edu/abs/2023AJ....166..232W/abstract target=ref>Wittrock et al. 2023</a>",89.31812,1.15800,-1.15800,0,"<a refstr=WITTROCK_ET_AL__2023 href=https://ui.adsabs.harvard.edu/abs/2023AJ....166..232W/abstract target=ref>Wittrock et al. 2023</a>",,,,,,,,,,,,,,,,,,,,,,,,,,,,,,,,,,,,,,,,,,,,,
"AU Mic","AU Mic e","Mass",0,1,"Radial Velocity",2025,"Mauna Kea Observatory","<a refstr=DONATI_ET_AL__2025 href=https://ui.adsabs.harvard.edu/abs/2025A&A...700A.227D/abstract target=ref>Donati et al. 2025</a>",4.87000000,,,0,"<a refstr=CALCULATED_VALUE href=/docs/pscp_calc.html target=_blank>Calculated Value</a>",21.10000000,5.40000000,-4.30000000,0,"<a refstr=DONATI_ET_AL__2025 href=https://ui.adsabs.harvard.edu/abs/2025A&A...700A.227D/abstract target=ref>Donati et al. 2025</a>",1.000000,,,0,"<a refstr=CALCULATED_VALUE href=/docs/pscp_calc.html target=_blank>Calculated Value</a>",,,,,,,,,,,,,,,,33.11000000000,0.06000000000,-0.06000000000,0,"<a refstr=DONATI_ET_AL__2025 href=https://ui.adsabs.harvard.edu/abs/2025A&A...700A.227D/abstract target=ref>Donati et al. 2025</a>",,,,,,,,,,,,,,,,,,,,,,,,,,,,,,,,,,,,,,,,,5.90000,1.50000,-1.20000,0,"<a refstr=DONATI_ET_AL__2025 href=https://ui.adsabs.harvard.edu/abs/2025A&A...700A.227D/abstract target=ref>Donati et al. 2025</a>",,,,,,,,,,
"Barnard's star","Barnard b","Msini",0,0,"Radial Velocity",2024,"Paranal Observatory","<a refstr=GONZALEZ_HERNANDEZ_ET_AL_2024 href=https://ui.adsabs.harvard.edu/abs/2024A&A...690A..79G/abstract target=ref>Gonz&aacute;lez Hern&aacute;ndez et al. 2024</a>",0.72000000,,,0,"<a refstr=CALCULATED_VALUE href=/docs/pscp_calc.html target=_blank>Calculated Value</a>",0.29900000,0.02600000,-0.02600000,0,"<a refstr=BASANT_ET_AL__2025 href=https://ui.adsabs.harvard.edu/abs/2025ApJ...982L...1B/abstract target=ref>Basant et al. 2025</a>",4.400000,,,0,"<a refstr=CALCULATED_VALUE href=/docs/pscp_calc.html target=_blank>Calculated Value</a>",438.00,,,0,"<a refstr=BASANT_ET_AL__2025 href=https://ui.adsabs.harvard.edu/abs/2025ApJ...982L...1B/abstract target=ref>Basant et al. 2025</a>",6.7600,0.0500,-0.0500,0,"<a refstr=GONZALEZ_HERNANDEZ_ET_AL_2024 href=https://ui.adsabs.harvard.edu/abs/2024A&A...690A..79G/abstract target=ref>Gonz&aacute;lez Hern&aacute;ndez et al. 2024</a>",0.0229000000,0.0003000000,-0.0003000000,0,"<a refstr=BASANT_ET_AL__2025 href=https://ui.adsabs.harvard.edu/abs/2025ApJ...982L...1B/abstract target=ref>Basant et al. 2025</a>",3.15420000000,0.00040000000,-0.00040000000,0,"<a refstr=BASANT_ET_AL__2025 href=https://ui.adsabs.harvard.edu/abs/2025ApJ...982L...1B/abstract target=ref>Basant et al. 2025</a>",0.030000,0.030000,-0.020000,0,"<a refstr=BASANT_ET_AL__2025 href=https://ui.adsabs.harvard.edu/abs/2025ApJ...982L...1B/abstract target=ref>Basant et al. 2025</a>",,,,,,,,,,,,,,,,,,,,,,,,,,,,,,,,,,,,0.44000,0.03600,-0.03600,0,"<a refstr=BASANT_ET_AL__2025 href=https://ui.adsabs.harvard.edu/abs/2025ApJ...982L...1B/abstract target=ref>Basant et al. 2025</a>",,,,,,,,,,
"Barnard's star","Barnard c","Msini",0,0,"Radial Velocity",2025,"Gemini Observatory","<a refstr=BASANT_ET_AL__2025 href=https://ui.adsabs.harvard.edu/abs/2025ApJ...982L...1B/abstract target=ref>Basant et al. 2025</a>",0.74300000,,,0,"<a refstr=CALCULATED_VALUE href=/docs/pscp_calc.html target=_blank>Calculated Value</a>",0.33500000,0.03000000,-0.03000000,0,"<a refstr=BASANT_ET_AL__2025 href=https://ui.adsabs.harvard.edu/abs/2025ApJ...982L...1B/abstract target=ref>Basant et al. 2025</a>",4.490000,,,0,"<a refstr=CALCULATED_VALUE href=/docs/pscp_calc.html target=_blank>Calculated Value</a>",400.00,,,0,"<a refstr=BASANT_ET_AL__2025 href=https://ui.adsabs.harvard.edu/abs/2025ApJ...982L...1B/abstract target=ref>Basant et al. 2025</a>",4.7285,0.1681,-0.1681,0,"<a refstr=CALCULATED_VALUE href=/docs/pscp_calc.html target=_blank>Calculated Value</a>",0.0274000000,0.0004000000,-0.0004000000,0,"<a refstr=BASANT_ET_AL__2025 href=https://ui.adsabs.harvard.edu/abs/2025ApJ...982L...1B/abstract target=ref>Basant et al. 2025</a>",4.12440000000,0.00060000000,-0.00060000000,0,"<a refstr=BASANT_ET_AL__2025 href=https://ui.adsabs.harvard.edu/abs/2025ApJ...982L...1B/abstract target=ref>Basant et al. 2025</a>",0.080000,0.060000,-0.050000,0,"<a refstr=BASANT_ET_AL__2025 href=https://ui.adsabs.harvard.edu/abs/2025ApJ...982L...1B/abstract target=ref>Basant et al. 2025</a>",,,,,,,,,,,,,,,,,,,,,,,,,,,,,,,,,,,,0.45200,0.03800,-0.03800,0,"<a refstr=BASANT_ET_AL__2025 href=https://ui.adsabs.harvard.edu/abs/2025ApJ...982L...1B/abstract target=ref>Basant et al. 2025</a>",,,,,,,,,,
"Barnard's star","Barnard d","Msini",0,0,"Radial Velocity",2025,"Gemini Observatory","<a refstr=BASANT_ET_AL__2025 href=https://ui.adsabs.harvard.edu/abs/2025ApJ...982L...1B/abstract target=ref>Basant et al. 2025</a>",0.69400000,,,0,"<a refstr=CALCULATED_VALUE href=/docs/pscp_calc.html target=_blank>Calculated Value</a>",0.26300000,0.02400000,-0.02400000,0,"<a refstr=BASANT_ET_AL__2025 href=https://ui.adsabs.harvard.edu/abs/2025ApJ...982L...1B/abstract target=ref>Basant et al. 2025</a>",4.320000,,,0,"<a refstr=CALCULATED_VALUE href=/docs/pscp_calc.html target=_blank>Calculated Value</a>",483.00,,,0,"<a refstr=BASANT_ET_AL__2025 href=https://ui.adsabs.harvard.edu/abs/2025ApJ...982L...1B/abstract target=ref>Basant et al. 2025</a>",10.0441,0.3798,-0.3798,0,"<a refstr=CALCULATED_VALUE href=/docs/pscp_calc.html target=_blank>Calculated Value</a>",0.0188000000,0.0003000000,-0.0003000000,0,"<a refstr=BASANT_ET_AL__2025 href=https://ui.adsabs.harvard.edu/abs/2025ApJ...982L...1B/abstract target=ref>Basant et al. 2025</a>",2.34020000000,0.00030000000,-0.00030000000,0,"<a refstr=BASANT_ET_AL__2025 href=https://ui.adsabs.harvard.edu/abs/2025ApJ...982L...1B/abstract target=ref>Basant et al. 2025</a>",0.040000,0.050000,-0.030000,0,"<a refstr=BASANT_ET_AL__2025 href=https://ui.adsabs.harvard.edu/abs/2025ApJ...982L...1B/abstract target=ref>Basant et al. 2025</a>",,,,,,,,,,,,,,,,,,,,,,,,,,,,,,,,,,,,0.42800,0.03600,-0.03600,0,"<a refstr=BASANT_ET_AL__2025 href=https://ui.adsabs.harvard.edu/abs/2025ApJ...982L...1B/abstract target=ref>Basant et al. 2025</a>",,,,,,,,,,
"Barnard's star","Barnard e","Msini",0,0,"Radial Velocity",2025,"Gemini Observatory","<a refstr=BASANT_ET_AL__2025 href=https://ui.adsabs.harvard.edu/abs/2025ApJ...982L...1B/abstract target=ref>Basant et al. 2025</a>",0.63700000,,,0,"<a refstr=CALCULATED_VALUE href=/docs/pscp_calc.html target=_blank>Calculated Value</a>",0.19300000,0.03300000,-0.03300000,0,"<a refstr=BASANT_ET_AL__2025 href=https://ui.adsabs.harvard.edu/abs/2025ApJ...982L...1B/abstract target=ref>Basant et al. 2025</a>",4.100000,,,0,"<a refstr=CALCULATED_VALUE href=/docs/pscp_calc.html target=_blank>Calculated Value</a>",340.00,,,0,"<a refstr=BASANT_ET_AL__2025 href=https://ui.adsabs.harvard.edu/abs/2025ApJ...982L...1B/abstract target=ref>Basant et al. 2025</a>",2.4456,0.0811,-0.0811,0,"<a refstr=CALCULATED_VALUE href=/docs/pscp_calc.html target=_blank>Calculated Value</a>",0.0381000000,0.0005000000,-0.0005000000,0,"<a refstr=BASANT_ET_AL__2025 href=https://ui.adsabs.harvard.edu/abs/2025ApJ...982L...1B/abstract target=ref>Basant et al. 2025</a>",6.73920000000,0.00300000000,-0.00300000000,0,"<a refstr=BASANT_ET_AL__2025 href=https://ui.adsabs.harvard.edu/abs/2025ApJ...982L...1B/abstract target=ref>Basant et al. 2025</a>",0.040000,0.030000,-0.040000,0,"<a refstr=BASANT_ET_AL__2025 href=https://ui.adsabs.harvard.edu/abs/2025ApJ...982L...1B/abstract target=ref>Basant et al. 2025</a>",,,,,,,,,,,,,,,,,,,,,,,,,,,,,,,,,,,,0.22100,0.03700,-0.03700,0,"<a refstr=BASANT_ET_AL__2025 href=https://ui.adsabs.harvard.edu/abs/2025ApJ...982L...1B/abstract target=ref>Basant et al. 2025</a>",,,,,,,,,,
"CD Cet","CD Cet b","Msini",0,0,"Radial Velocity",2020,"Calar Alto Observatory","<a refstr=BAUER_ET_AL__2020 href=https://ui.adsabs.harvard.edu/abs/2020A&A...640A..50B/abstract target=ref>Bauer et al. 2020</a>",1.82000000,,,0,"<a refstr=CALCULATED_VALUE href=/docs/pscp_calc.html target=_blank>Calculated Value</a>",3.95000000,0.42000000,-0.43000000,0,"<a refstr=BAUER_ET_AL__2020 href=https://ui.adsabs.harvard.edu/abs/2020A&A...640A..50B/abstract target=ref>Bauer et al. 2020</a>",3.600000,,,0,"<a refstr=CALCULATED_VALUE href=/docs/pscp_calc.html target=_blank>Calculated Value</a>",464.00,18.00,-18.00,0,"<a refstr=BAUER_ET_AL__2020 href=https://ui.adsabs.harvard.edu/abs/2020A&A...640A..50B/abstract target=ref>Bauer et al. 2020</a>",8.6000,2.4000,-2.4000,0,"<a refstr=BAUER_ET_AL__2020 href=https://ui.adsabs.harvard.edu/abs/2020A&A...640A..50B/abstract target=ref>Bauer et al. 2020</a>",0.0185000000,0.0013000000,-0.0013000000,0,"<a refstr=BAUER_ET_AL__2020 href=https://ui.adsabs.harvard.edu/abs/2020A&A...640A..50B/abstract target=ref>Bauer et al. 2020</a>",2.29070000000,0.00012000000,-0.00012000000,0,"<a refstr=BAUER_ET_AL__2020 href=https://ui.adsabs.harvard.edu/abs/2020A&A...640A..50B/abstract target=ref>Bauer et al. 2020</a>",,,,,,87.48000,0.25000,-0.28000,1,"<a refstr=BAUER_ET_AL__2020 href=https://ui.adsabs.harvard.edu/abs/2020A&A...640A..50B/abstract target=ref>Bauer et al. 2020</a>",,,,,,,,,,,,,,,,,,,,,,,,,,,,,,,6.51000,0.22000,-0.23000,0,"<a refstr=BAUER_ET_AL__2020 href=https://ui.adsabs.harvard.edu/abs/2020A&A...640A..50B/abstract target=ref>Bauer et al. 2020</a>",,,,,,,,,,
"COCONUTS-2 A","COCONUTS-2 b","Mass",0,0,"Imaging",2021,"NASA Infrared Telescope Facility (IRTF)","<a refstr=ZHANG_ET_AL__2021 href=https://ui.adsabs.harvard.edu/abs/2021ApJ...916L..11Z/abstract target=ref>Zhang et al. 2021</a>",12.57647635,0.05604490,-0.04483592,0,"<a refstr=KIMAN_ET_AL_2026 href=https://ui.adsabs.harvard.edu/abs/2026AJ....171...60K/abstract target=ref>Kiman et al. 2026</a>",2383.71305250,127.13136280,-127.13136280,0,"<a refstr=KIMAN_ET_AL_2026 href=https://ui.adsabs.harvard.edu/abs/2026AJ....171...60K/abstract target=ref>Kiman et al. 2026</a>",6.580000,,,0,"<a refstr=CALCULATED_VALUE href=/docs/pscp_calc.html target=_blank>Calculated Value</a>",493.00,9.00,-9.00,0,"<a refstr=KIMAN_ET_AL_2026 href=https://ui.adsabs.harvard.edu/abs/2026AJ....171...60K/abstract target=ref>Kiman et al. 2026</a>",0.0000,0.0000,-0.0000,0,"<a refstr=CALCULATED_VALUE href=/docs/pscp_calc.html target=_blank>Calculated Value</a>",7506.0000000000,5205.0000000000,-2060.0000000000,0,"<a refstr=ZHANG_ET_AL__2021 href=https://ui.adsabs.harvard.edu/abs/2021ApJ...916L..11Z/abstract target=ref>Zhang et al. 2021</a>",402000000.00000000000,470000000.00000000000,-100000000.00000000000,0,"<a refstr=ZHANG_ET_AL__2021 href=https://ui.adsabs.harvard.edu/abs/2021ApJ...916L..11Z/abstract target=ref>Zhang et al. 2021</a>",,,,,,,,,,,,,,,,,,,,,,,,,,,,,,,,,,,,,,,,,,,,,,,,,,,,,,,
"G 192-15","G 192-15 b","Msini",0,0,"Radial Velocity",2025,"Calar Alto Observatory","<a refstr=KAMINSKI_ET_AL_2025 href=https://ui.adsabs.harvard.edu/abs/2025A&A...696A.101K/abstract target=ref>Kaminski et al. 2025</a>",1.02000000,,,0,"<a refstr=CALCULATED_VALUE href=/docs/pscp_calc.html target=_blank>Calculated Value</a>",1.03000000,0.18000000,-0.18000000,0,"<a refstr=KAMINSKI_ET_AL_2025 href=https://ui.adsabs.harvard.edu/abs/2025A&A...696A.101K/abstract target=ref>Kaminski et al. 2025</a>",5.330000,,,0,"<a refstr=CALCULATED_VALUE href=/docs/pscp_calc.html target=_blank>Calculated Value</a>",453.60,8.80,-8.50,0,"<a refstr=KAMINSKI_ET_AL_2025 href=https://ui.adsabs.harvard.edu/abs/2025A&A...696A.101K/abstract target=ref>Kaminski et al. 2025</a>",7.0600,0.3400,-0.3100,0,"<a refstr=KAMINSKI_ET_AL_2025 href=https://ui.adsabs.harvard.edu/abs/2025A&A...696A.101K/abstract target=ref>Kaminski et al. 2025</a>",0.0172300000,0.0003800000,-0.0003900000,0,"<a refstr=KAMINSKI_ET_AL_2025 href=https://ui.adsabs.harvard.edu/abs/2025A&A...696A.101K/abstract target=ref>Kaminski et al. 2025</a>",2.27476000000,0.00026000000,-0.00028000000,0,"<a refstr=KAMINSKI_ET_AL_2025 href=https://ui.adsabs.harvard.edu/abs/2025A&A...696A.101K/abstract target=ref>Kaminski et al. 2025</a>",0.000000,,,0,"<a refstr=KAMINSKI_ET_AL_2025 href=https://ui.adsabs.harvard.edu/abs/2025A&A...696A.101K/abstract target=ref>Kaminski et al. 2025</a>",,,,,,,,,,,,,,,,,,,,,,,,,,,,,,,,,,,,1.94000,0.32000,-0.32000,0,"<a refstr=KAMINSKI_ET_AL_2025 href=https://ui.adsabs.harvard.edu/abs/2025A&A...696A.101K/abstract target=ref>Kaminski et al. 2025</a>",,,,,,,,,,
"G 192-15","G 192-15 c","Msini",0,0,"Radial Velocity",2025,"Calar Alto Observatory","<a refstr=KAMINSKI_ET_AL_2025 href=https://ui.adsabs.harvard.edu/abs/2025A&A...696A.101K/abstract target=ref>Kaminski et al. 2025</a>",3.87000000,,,0,"<a refstr=CALCULATED_VALUE href=/docs/pscp_calc.html target=_blank>Calculated Value</a>",14.30000000,1.60000000,-1.50000000,0,"<a refstr=KAMINSKI_ET_AL_2025 href=https://ui.adsabs.harvard.edu/abs/2025A&A...696A.101K/abstract target=ref>Kaminski et al. 2025</a>",1.360000,,,0,"<a refstr=CALCULATED_VALUE href=/docs/pscp_calc.html target=_blank>Calculated Value</a>",55.90,1.10,-1.10,0,"<a refstr=KAMINSKI_ET_AL_2025 href=https://ui.adsabs.harvard.edu/abs/2025A&A...696A.101K/abstract target=ref>Kaminski et al. 2025</a>",0.0016,0.0001,-0.0001,0,"<a refstr=KAMINSKI_ET_AL_2025 href=https://ui.adsabs.harvard.edu/abs/2025A&A...696A.101K/abstract target=ref>Kaminski et al. 2025</a>",1.1370000000,0.0260000000,-0.0270000000,0,"<a refstr=KAMINSKI_ET_AL_2025 href=https://ui.adsabs.harvard.edu/abs/2025A&A...696A.101K/abstract target=ref>Kaminski et al. 2025</a>",1219.00000000000,13.00000000000,-11.00000000000,0,"<a refstr=KAMINSKI_ET_AL_2025 href=https://ui.adsabs.harvard.edu/abs/2025A&A...696A.101K/abstract target=ref>Kaminski et al. 2025</a>",0.676000,0.063000,-0.073000,0,"<a refstr=KAMINSKI_ET_AL_2025 href=https://ui.adsabs.harvard.edu/abs/2025A&A...696A.101K/abstract target=ref>Kaminski et al. 2025</a>",,,,,,,,,,,,,,,,,,,,,,,,,,,,,,,,,,,,4.49000,0.61000,-0.54000,0,"<a refstr=KAMINSKI_ET_AL_2025 href=https://ui.adsabs.harvard.edu/abs/2025A&A...696A.101K/abstract target=ref>Kaminski et al. 2025</a>",,,,,,,,,,
"G 261-6","G 261-6 b","Msini",0,0,"Radial Velocity",2025,"Calar Alto Observatory","<a refstr=KAMINSKI_ET_AL_2025 href=https://ui.adsabs.harvard.edu/abs/2025A&A...696A.101K/abstract target=ref>Kaminski et al. 2025</a>",1.10000000,,,0,"<a refstr=CALCULATED_VALUE href=/docs/pscp_calc.html target=_blank>Calculated Value</a>",1.37000000,0.23000000,-0.22000000,0,"<a refstr=KAMINSKI_ET_AL_2025 href=https://ui.adsabs.harvard.edu/abs/2025A&A...696A.101K/abstract target=ref>Kaminski et al. 2025</a>",5.660000,,,0,"<a refstr=CALCULATED_VALUE href=/docs/pscp_calc.html target=_blank>Calculated Value</a>",322.30,9.90,-9.70,0,"<a refstr=KAMINSKI_ET_AL_2025 href=https://ui.adsabs.harvard.edu/abs/2025A&A...696A.101K/abstract target=ref>Kaminski et al. 2025</a>",1.8000,0.1200,-0.1100,0,"<a refstr=KAMINSKI_ET_AL_2025 href=https://ui.adsabs.harvard.edu/abs/2025A&A...696A.101K/abstract target=ref>Kaminski et al. 2025</a>",0.0297100000,0.0008700000,-0.0009300000,0,"<a refstr=KAMINSKI_ET_AL_2025 href=https://ui.adsabs.harvard.edu/abs/2025A&A...696A.101K/abstract target=ref>Kaminski et al. 2025</a>",5.45360000000,0.00310000000,-0.00320000000,0,"<a refstr=KAMINSKI_ET_AL_2025 href=https://ui.adsabs.harvard.edu/abs/2025A&A...696A.101K/abstract target=ref>Kaminski et al. 2025</a>",0.000000,,,0,"<a refstr=KAMINSKI_ET_AL_2025 href=https://ui.adsabs.harvard.edu/abs/2025A&A...696A.101K/abstract target=ref>Kaminski et al. 2025</a>",,,,,,,,,,,,,,,,,,,,,,,,,,,,,,,,,,,,2.08000,0.31000,-0.32000,0,"<a refstr=KAMINSKI_ET_AL_2025 href=https://ui.adsabs.harvard.edu/abs/2025A&A...696A.101K/abstract target=ref>Kaminski et al. 2025</a>",,,,,,,,,,
"G 268-110","G 268-110 b","Msini",0,0,"Radial Velocity",2025,"Calar Alto Observatory","<a refstr=KAMINSKI_ET_AL_2025 href=https://ui.adsabs.harvard.edu/abs/2025A&A...696A.101K/abstract target=ref>Kaminski et al. 2025</a>",1.13000000,,,0,"<a refstr=CALCULATED_VALUE href=/docs/pscp_calc.html target=_blank>Calculated Value</a>",1.52000000,0.25000000,-0.25000000,0,"<a refstr=KAMINSKI_ET_AL_2025 href=https://ui.adsabs.harvard.edu/abs/2025A&A...696A.101K/abstract target=ref>Kaminski et al. 2025</a>",5.790000,,,0,"<a refstr=CALCULATED_VALUE href=/docs/pscp_calc.html target=_blank>Calculated Value</a>",534.00,12.00,-11.00,0,"<a refstr=KAMINSKI_ET_AL_2025 href=https://ui.adsabs.harvard.edu/abs/2025A&A...696A.101K/abstract target=ref>Kaminski et al. 2025</a>",13.5700,0.6400,-0.5700,0,"<a refstr=KAMINSKI_ET_AL_2025 href=https://ui.adsabs.harvard.edu/abs/2025A&A...696A.101K/abstract target=ref>Kaminski et al. 2025</a>",0.0128300000,0.0002800000,-0.0002900000,0,"<a refstr=KAMINSKI_ET_AL_2025 href=https://ui.adsabs.harvard.edu/abs/2025A&A...696A.101K/abstract target=ref>Kaminski et al. 2025</a>",1.43263000000,0.00007200000,-0.00007600000,0,"<a refstr=KAMINSKI_ET_AL_2025 href=https://ui.adsabs.harvard.edu/abs/2025A&A...696A.101K/abstract target=ref>Kaminski et al. 2025</a>",0.000000,,,0,"<a refstr=KAMINSKI_ET_AL_2025 href=https://ui.adsabs.harvard.edu/abs/2025A&A...696A.101K/abstract target=ref>Kaminski et al. 2025</a>",,,,,,,,,,,,,,,,,,,,,,,,,,,,,,,,,,,,3.23000,0.50000,-0.50000,0,"<a refstr=KAMINSKI_ET_AL_2025 href=https://ui.adsabs.harvard.edu/abs/2025A&A...696A.101K/abstract target=ref>Kaminski et al. 2025</a>",,,,,,,,,,
"GJ 1002","GJ 1002 b","Msini",0,0,"Radial Velocity",2022,"Multiple Observatories","<a refstr=SUAREZ_MASCARENO_ET_AL_2023 href=https://ui.adsabs.harvard.edu/abs/2023A&A...670A...5S/abstract target=ref>Su&aacute;rez Mascare&ntilde;o et al. 2023</a>",1.03000000,,,0,"<a refstr=CALCULATED_VALUE href=/docs/pscp_calc.html target=_blank>Calculated Value</a>",1.08000000,0.13000000,-0.13000000,0,"<a refstr=SUAREZ_MASCARENO_ET_AL_2023 href=https://ui.adsabs.harvard.edu/abs/2023A&A...670A...5S/abstract target=ref>Su&aacute;rez Mascare&ntilde;o et al. 2023</a>",5.430000,,,0,"<a refstr=CALCULATED_VALUE href=/docs/pscp_calc.html target=_blank>Calculated Value</a>",230.90,6.70,-6.70,0,"<a refstr=SUAREZ_MASCARENO_ET_AL_2023 href=https://ui.adsabs.harvard.edu/abs/2023A&A...670A...5S/abstract target=ref>Su&aacute;rez Mascare&ntilde;o et al. 2023</a>",0.6700,0.0390,-0.0390,0,"<a refstr=SUAREZ_MASCARENO_ET_AL_2023 href=https://ui.adsabs.harvard.edu/abs/2023A&A...670A...5S/abstract target=ref>Su&aacute;rez Mascare&ntilde;o et al. 2023</a>",0.0457000000,0.0013000000,-0.0013000000,0,"<a refstr=SUAREZ_MASCARENO_ET_AL_2023 href=https://ui.adsabs.harvard.edu/abs/2023A&A...670A...5S/abstract target=ref>Su&aacute;rez Mascare&ntilde;o et al. 2023</a>",10.34650000000,0.02700000000,-0.02700000000,0,"<a refstr=SUAREZ_MASCARENO_ET_AL_2023 href=https://ui.adsabs.harvard.edu/abs/2023A&A...670A...5S/abstract target=ref>Su&aacute;rez Mascare&ntilde;o et al. 2023</a>",,,,,,,,,,,,,,,,,,,,,,,,,,,,,,,,,,,,,,,,,1.31000,0.14000,-0.14000,0,"<a refstr=SUAREZ_MASCARENO_ET_AL_2023 href=https://ui.adsabs.harvard.edu/abs/2023A&A...670A...5S/abstract target=ref>Su&aacute;rez Mascare&ntilde;o et al. 2023</a>",,,,,,,,,,
"GJ 1002","GJ 1002 c","Msini",0,0,"Radial Velocity",2022,"Multiple Observatories","<a refstr=SUAREZ_MASCARENO_ET_AL_2023 href=https://ui.adsabs.harvard.edu/abs/2023A&A...670A...5S/abstract target=ref>Su&aacute;rez Mascare&ntilde;o et al. 2023</a>",1.10000000,,,0,"<a refstr=CALCULATED_VALUE href=/docs/pscp_calc.html target=_blank>Calculated Value</a>",1.36000000,0.17000000,-0.17000000,0,"<a refstr=SUAREZ_MASCARENO_ET_AL_2023 href=https://ui.adsabs.harvard.edu/abs/2023A&A...670A...5S/abstract target=ref>Su&aacute;rez Mascare&ntilde;o et al. 2023</a>",5.610000,,,0,"<a refstr=CALCULATED_VALUE href=/docs/pscp_calc.html target=_blank>Calculated Value</a>",181.70,5.20,-5.20,0,"<a refstr=SUAREZ_MASCARENO_ET_AL_2023 href=https://ui.adsabs.harvard.edu/abs/2023A&A...670A...5S/abstract target=ref>Su&aacute;rez Mascare&ntilde;o et al. 2023</a>",0.2570,0.0150,-0.0150,0,"<a refstr=SUAREZ_MASCARENO_ET_AL_2023 href=https://ui.adsabs.harvard.edu/abs/2023A&A...670A...5S/abstract target=ref>Su&aacute;rez Mascare&ntilde;o et al. 2023</a>",0.0738000000,0.0021000000,-0.0021000000,0,"<a refstr=SUAREZ_MASCARENO_ET_AL_2023 href=https://ui.adsabs.harvard.edu/abs/2023A&A...670A...5S/abstract target=ref>Su&aacute;rez Mascare&ntilde;o et al. 2023</a>",21.20200000000,0.01300000000,-0.01300000000,0,"<a refstr=SUAREZ_MASCARENO_ET_AL_2023 href=https://ui.adsabs.harvard.edu/abs/2023A&A...670A...5S/abstract target=ref>Su&aacute;rez Mascare&ntilde;o et al. 2023</a>",,,,,,,,,,,,,,,,,,,,,,,,,,,,,,,,,,,,,,,,,1.30000,0.14000,-0.14000,0,"<a refstr=SUAREZ_MASCARENO_ET_AL_2023 href=https://ui.adsabs.harvard.edu/abs/2023A&A...670A...5S/abstract target=ref>Su&aacute;rez Mascare&ntilde;o et al. 2023</a>",,,,,,,,,,
"GJ 1061","GJ 1061 b","Mass",0,0,"Radial Velocity",2020,"La Silla Observatory","<a refstr=DREIZLER_ET_AL__2020 href=https://ui.adsabs.harvard.edu/abs/2020MNRAS.493..536D/abstract target=ref>Dreizler et al. 2020</a>",1.04000000,,,0,"<a refstr=CALCULATED_VALUE href=/docs/pscp_calc.html target=_blank>Calculated Value</a>",1.11000000,0.11000000,-0.09000000,0,"<a refstr=DREIZLER_ET_AL_2025 href=https://ui.adsabs.harvard.edu/abs/2025A&A...698A.114D/abstract target=ref>Dreizler et al. 2025</a>",5.420000,,,0,"<a refstr=CALCULATED_VALUE href=/docs/pscp_calc.html target=_blank>Calculated Value</a>",388.11,15.34,-15.34,0,"<a refstr=CALCULATED_VALUE href=/docs/pscp_calc.html target=_blank>Calculated Value</a>",3.8000,0.7000,-0.7000,0,"<a refstr=DREIZLER_ET_AL__2020 href=https://ui.adsabs.harvard.edu/abs/2020MNRAS.493..536D/abstract target=ref>Dreizler et al. 2020</a>",0.0210000000,0.0006000000,-0.0006000000,0,"<a refstr=DREIZLER_ET_AL_2025 href=https://ui.adsabs.harvard.edu/abs/2025A&A...698A.114D/abstract target=ref>Dreizler et al. 2025</a>",3.20730000000,0.00020000000,-0.00030000000,0,"<a refstr=DREIZLER_ET_AL_2025 href=https://ui.adsabs.harvard.edu/abs/2025A&A...698A.114D/abstract target=ref>Dreizler et al. 2025</a>",0.050000,0.500000,-0.030000,0,"<a refstr=DREIZLER_ET_AL_2025 href=https://ui.adsabs.harvard.edu/abs/2025A&A...698A.114D/abstract target=ref>Dreizler et al. 2025</a>",77.00000,9.00000,-13.00000,0,"<a refstr=DREIZLER_ET_AL_2025 href=https://ui.adsabs.harvard.edu/abs/2025A&A...698A.114D/abstract target=ref>Dreizler et al. 2025</a>",,,,,,,,,,,,,,,,,,,,,,,,,,,,,,,1.83000,0.18000,-0.17000,0,"<a refstr=DREIZLER_ET_AL_2025 href=https://ui.adsabs.harvard.edu/abs/2025A&A...698A.114D/abstract target=ref>Dreizler et al. 2025</a>",,,,,,,,,,
"GJ 1061","GJ 1061 c","Mass",0,0,"Radial Velocity",2020,"La Silla Observatory","<a refstr=DREIZLER_ET_AL__2020 href=https://ui.adsabs.harvard.edu/abs/2020MNRAS.493..536D/abstract target=ref>Dreizler et al. 2020</a>",1.19000000,,,0,"<a refstr=CALCULATED_VALUE href=/docs/pscp_calc.html target=_blank>Calculated Value</a>",1.81000000,0.13000000,-0.11000000,0,"<a refstr=DREIZLER_ET_AL_2025 href=https://ui.adsabs.harvard.edu/abs/2025A&A...698A.114D/abstract target=ref>Dreizler et al. 2025</a>",5.900000,,,0,"<a refstr=CALCULATED_VALUE href=/docs/pscp_calc.html target=_blank>Calculated Value</a>",304.12,11.98,-11.98,0,"<a refstr=CALCULATED_VALUE href=/docs/pscp_calc.html target=_blank>Calculated Value</a>",1.4000,0.2000,-0.2000,0,"<a refstr=DREIZLER_ET_AL__2020 href=https://ui.adsabs.harvard.edu/abs/2020MNRAS.493..536D/abstract target=ref>Dreizler et al. 2020</a>",0.0342000000,0.0009000000,-0.0010000000,0,"<a refstr=DREIZLER_ET_AL_2025 href=https://ui.adsabs.harvard.edu/abs/2025A&A...698A.114D/abstract target=ref>Dreizler et al. 2025</a>",6.68210000000,0.00080000000,-0.00080000000,0,"<a refstr=DREIZLER_ET_AL_2025 href=https://ui.adsabs.harvard.edu/abs/2025A&A...698A.114D/abstract target=ref>Dreizler et al. 2025</a>",0.020000,0.030000,-0.020000,0,"<a refstr=DREIZLER_ET_AL_2025 href=https://ui.adsabs.harvard.edu/abs/2025A&A...698A.114D/abstract target=ref>Dreizler et al. 2025</a>",,,,,,,,,,,,,,,,,,,,,,,,,,,,,,,,,,,,2.32000,0.22000,-0.19000,0,"<a refstr=DREIZLER_ET_AL_2025 href=https://ui.adsabs.harvard.edu/abs/2025A&A...698A.114D/abstract target=ref>Dreizler et al. 2025</a>",,,,,,,,,,
"GJ 1061","GJ 1061 d","Mass",0,0,"Radial Velocity",2020,"La Silla Observatory","<a refstr=DREIZLER_ET_AL__2020 href=https://ui.adsabs.harvard.edu/abs/2020MNRAS.493..536D/abstract target=ref>Dreizler et al. 2020</a>",1.16000000,,,0,"<a refstr=CALCULATED_VALUE href=/docs/pscp_calc.html target=_blank>Calculated Value</a>",1.67000000,0.17000000,-0.21000000,0,"<a refstr=DREIZLER_ET_AL_2025 href=https://ui.adsabs.harvard.edu/abs/2025A&A...698A.114D/abstract target=ref>Dreizler et al. 2025</a>",5.880000,,,0,"<a refstr=CALCULATED_VALUE href=/docs/pscp_calc.html target=_blank>Calculated Value</a>",242.03,9.98,-9.98,0,"<a refstr=CALCULATED_VALUE href=/docs/pscp_calc.html target=_blank>Calculated Value</a>",0.6000,0.1000,-0.1000,0,"<a refstr=DREIZLER_ET_AL__2020 href=https://ui.adsabs.harvard.edu/abs/2020MNRAS.493..536D/abstract target=ref>Dreizler et al. 2020</a>",0.0540000000,0.0020000000,-0.0020000000,0,"<a refstr=DREIZLER_ET_AL_2025 href=https://ui.adsabs.harvard.edu/abs/2025A&A...698A.114D/abstract target=ref>Dreizler et al. 2025</a>",13.06600000000,0.00200000000,-0.00200000000,0,"<a refstr=DREIZLER_ET_AL_2025 href=https://ui.adsabs.harvard.edu/abs/2025A&A...698A.114D/abstract target=ref>Dreizler et al. 2025</a>",0.040000,0.040000,-0.030000,0,"<a refstr=DREIZLER_ET_AL_2025 href=https://ui.adsabs.harvard.edu/abs/2025A&A...698A.114D/abstract target=ref>Dreizler et al. 2025</a>",,,,,,,,,,,,,,,,,,,,,,,,,,,,,,,,,,,,1.63000,0.17000,-0.16000,0,"<a refstr=DREIZLER_ET_AL_2025 href=https://ui.adsabs.harvard.edu/abs/2025A&A...698A.114D/abstract target=ref>Dreizler et al. 2025</a>",,,,,,,,,,
"GJ 1132","GJ 1132 b","Mass",0,0,"Transit",2015,"Cerro Tololo Inter-American Observatory","<a refstr=BERTA_THOMPSON_ET_AL__2015 href=http://www.nature.com/nature/journal/v527/n7577/full/nature15762.html target=ref>Berta-Thompson et al. 2015</a>",1.19151465,0.03811053,-0.04483592,0,"<a refstr=XUE_ET_AL_2024 href=https://ui.adsabs.harvard.edu/abs/2024ApJ...973L...8X/abstract target=ref>Xue et al. 2024</a>",1.83704819,0.19069704,-0.18751876,0,"<a refstr=XUE_ET_AL_2024 href=https://ui.adsabs.harvard.edu/abs/2024ApJ...973L...8X/abstract target=ref>Xue et al. 2024</a>",5.970000,0.960000,-0.790000,0,"<a refstr=XUE_ET_AL_2024 href=https://ui.adsabs.harvard.edu/abs/2024ApJ...973L...8X/abstract target=ref>Xue et al. 2024</a>",583.80,11.00,-8.50,0,"<a refstr=XUE_ET_AL_2024 href=https://ui.adsabs.harvard.edu/abs/2024ApJ...973L...8X/abstract target=ref>Xue et al. 2024</a>",19.3000,1.5000,-1.1000,0,"<a refstr=XUE_ET_AL_2024 href=https://ui.adsabs.harvard.edu/abs/2024ApJ...973L...8X/abstract target=ref>Xue et al. 2024</a>",0.0157000000,0.0001300000,-0.0001300000,0,"<a refstr=XUE_ET_AL_2024 href=https://ui.adsabs.harvard.edu/abs/2024ApJ...973L...8X/abstract target=ref>Xue et al. 2024</a>",1.62892911000,0.00000029000,-0.00000030000,0,"<a refstr=XUE_ET_AL_2024 href=https://ui.adsabs.harvard.edu/abs/2024ApJ...973L...8X/abstract target=ref>Xue et al. 2024</a>",0.011800,0.047000,-0.009900,0,"<a refstr=XUE_ET_AL_2024 href=https://ui.adsabs.harvard.edu/abs/2024ApJ...973L...8X/abstract target=ref>Xue et al. 2024</a>",88.16000,0.19000,-0.18000,0,"<a refstr=XUE_ET_AL_2024 href=https://ui.adsabs.harvard.edu/abs/2024ApJ...973L...8X/abstract target=ref>Xue et al. 2024</a>",0.504000,0.032000,-0.038000,0,"<a refstr=XUE_ET_AL_2024 href=https://ui.adsabs.harvard.edu/abs/2024ApJ...973L...8X/abstract target=ref>Xue et al. 2024</a>",0.24430000,0.00140000,-0.00150000,0,"<a refstr=XUE_ET_AL_2024 href=https://ui.adsabs.harvard.edu/abs/2024ApJ...973L...8X/abstract target=ref>Xue et al. 2024</a>",0.7664600,0.0021400,-0.0021600,0,"<a refstr=XUE_ET_AL_2024 href=https://ui.adsabs.harvard.edu/abs/2024ApJ...973L...8X/abstract target=ref>Xue et al. 2024</a>",15.260000,0.590000,-0.450000,0,"<a refstr=XUE_ET_AL_2024 href=https://ui.adsabs.harvard.edu/abs/2024ApJ...973L...8X/abstract target=ref>Xue et al. 2024</a>",0.04943000,0.00015000,-0.00015000,0,"<a refstr=XUE_ET_AL_2024 href=https://ui.adsabs.harvard.edu/abs/2024ApJ...973L...8X/abstract target=ref>Xue et al. 2024</a>",,,,,,2.98000,0.30000,-0.30000,0,"<a refstr=XUE_ET_AL_2024 href=https://ui.adsabs.harvard.edu/abs/2024ApJ...973L...8X/abstract target=ref>Xue et al. 2024</a>",,,,,,,,,,
"GJ 1132","GJ 1132 c","Msini",0,0,"Radial Velocity",2018,"La Silla Observatory","<a refstr=BONFILS_ET_AL__2018 href=https://ui.adsabs.harvard.edu/abs/2018A&A...618A.142B/abstract target=ref>Bonfils et al. 2018</a>",1.52000000,,,0,"<a refstr=CALCULATED_VALUE href=/docs/pscp_calc.html target=_blank>Calculated Value</a>",2.91000000,0.27000000,-0.27000000,0,"<a refstr=WEISSERMAN_ET_AL_2026 href=https://ui.adsabs.harvard.edu/abs/2026A&A...709A.165W/abstract target=ref>Weisserman et al. 2026</a>",4.550000,,,0,"<a refstr=CALCULATED_VALUE href=/docs/pscp_calc.html target=_blank>Calculated Value</a>",300.00,5.00,-5.00,0,"<a refstr=BONFILS_ET_AL__2018 href=https://ui.adsabs.harvard.edu/abs/2018A&A...618A.142B/abstract target=ref>Bonfils et al. 2018</a>",2.1053,0.2025,-0.2025,0,"<a refstr=CALCULATED_VALUE href=/docs/pscp_calc.html target=_blank>Calculated Value</a>",0.0476000000,0.0017000000,-0.0017000000,0,"<a refstr=BONFILS_ET_AL__2018 href=https://ui.adsabs.harvard.edu/abs/2018A&A...618A.142B/abstract target=ref>Bonfils et al. 2018</a>",8.92900000000,0.00080000000,-0.00080000000,0,"<a refstr=WEISSERMAN_ET_AL_2026 href=https://ui.adsabs.harvard.edu/abs/2026A&A...709A.165W/abstract target=ref>Weisserman et al. 2026</a>",0.190000,,,1,"<a refstr=WEISSERMAN_ET_AL_2026 href=https://ui.adsabs.harvard.edu/abs/2026A&A...709A.165W/abstract target=ref>Weisserman et al. 2026</a>",,,,,,,,,,,,,,,,,,,,,,,,,,,,,,,,,,,,2.69000,0.25000,-0.25000,0,"<a refstr=WEISSERMAN_ET_AL_2026 href=https://ui.adsabs.harvard.edu/abs/2026A&A...709A.165W/abstract target=ref>Weisserman et al. 2026</a>",,,,,,,,,,
"GJ 1148","GJ 1148 b","Msini",0,0,"Radial Velocity",2010,"W. M. Keck Observatory","<a refstr=HAGHIGHIPOUR_ET_AL__2010 href=https://ui.adsabs.harvard.edu/abs/2010ApJ...715..271H/abstract target=ref> Haghighipour et al. 2010 </a>",11.90000000,,,0,"<a refstr=CALCULATED_VALUE href=/docs/pscp_calc.html target=_blank>Calculated Value</a>",96.70000000,1.41000000,-1.02000000,0,"<a refstr=TRIFONOV_ET_AL__2018 href=https://ui.adsabs.harvard.edu/abs/2018A&A...609A.117T/abstract target=ref>Trifonov et al. 2018</a>",0.315000,,,0,"<a refstr=CALCULATED_VALUE href=/docs/pscp_calc.html target=_blank>Calculated Value</a>",232.94,11.66,-11.66,0,"<a refstr=CALCULATED_VALUE href=/docs/pscp_calc.html target=_blank>Calculated Value</a>",0.4906,0.1262,-0.1262,0,"<a refstr=CALCULATED_VALUE href=/docs/pscp_calc.html target=_blank>Calculated Value</a>",0.1660000000,0.0010000000,-0.0010000000,0,"<a refstr=TRIFONOV_ET_AL__2018 href=https://ui.adsabs.harvard.edu/abs/2018A&A...609A.117T/abstract target=ref>Trifonov et al. 2018</a>",41.38000000000,0.00200000000,-0.00100000000,0,"<a refstr=TRIFONOV_ET_AL__2018 href=https://ui.adsabs.harvard.edu/abs/2018A&A...609A.117T/abstract target=ref>Trifonov et al. 2018</a>",0.380000,0.010000,-0.012000,0,"<a refstr=TRIFONOV_ET_AL__2018 href=https://ui.adsabs.harvard.edu/abs/2018A&A...609A.117T/abstract target=ref>Trifonov et al. 2018</a>",,,,,,,,,,,,,,,,,,,,,,,,,,,,,,,,,,,,38.37000,0.59000,-0.49000,0,"<a refstr=TRIFONOV_ET_AL__2018 href=https://ui.adsabs.harvard.edu/abs/2018A&A...609A.117T/abstract target=ref>Trifonov et al. 2018</a>",,,,,,,,,,
"GJ 1148","GJ 1148 c","Msini",0,0,"Radial Velocity",2017,"Calar Alto Observatory","<a refstr=TRIFONOV_ET_AL__2018 href=https://ui.adsabs.harvard.edu/abs/2018A&A...609A.117T/abstract target=ref>Trifonov et al. 2018</a>",9.71000000,,,0,"<a refstr=CALCULATED_VALUE href=/docs/pscp_calc.html target=_blank>Calculated Value</a>",68.06000000,4.91000000,-2.19000000,0,"<a refstr=TRIFONOV_ET_AL__2018 href=https://ui.adsabs.harvard.edu/abs/2018A&A...609A.117T/abstract target=ref>Trifonov et al. 2018</a>",0.409000,,,0,"<a refstr=CALCULATED_VALUE href=/docs/pscp_calc.html target=_blank>Calculated Value</a>",99.38,4.97,-4.97,0,"<a refstr=CALCULATED_VALUE href=/docs/pscp_calc.html target=_blank>Calculated Value</a>",0.0163,0.0042,-0.0042,0,"<a refstr=CALCULATED_VALUE href=/docs/pscp_calc.html target=_blank>Calculated Value</a>",0.9120000000,0.0050000000,-0.0020000000,0,"<a refstr=TRIFONOV_ET_AL__2018 href=https://ui.adsabs.harvard.edu/abs/2018A&A...609A.117T/abstract target=ref>Trifonov et al. 2018</a>",532.58000000000,4.14000000000,-2.52000000000,0,"<a refstr=TRIFONOV_ET_AL__2018 href=https://ui.adsabs.harvard.edu/abs/2018A&A...609A.117T/abstract target=ref>Trifonov et al. 2018</a>",0.342000,0.050000,-0.062000,0,"<a refstr=TRIFONOV_ET_AL__2018 href=https://ui.adsabs.harvard.edu/abs/2018A&A...609A.117T/abstract target=ref>Trifonov et al. 2018</a>",,,,,,,,,,,,,,,,,,,,,,,,,,,,,,,,,,,,11.34000,0.79000,-0.36000,0,"<a refstr=TRIFONOV_ET_AL__2018 href=https://ui.adsabs.harvard.edu/abs/2018A&A...609A.117T/abstract target=ref>Trifonov et al. 2018</a>",,,,,,,,,,
"GJ 1151","GJ 1151 c","Msini",0,0,"Radial Velocity",2023,"Multiple Facilities","<a refstr=BLANCO_POZO_ET_AL_2023 href=https://ui.adsabs.harvard.edu/abs/2023A&A...671A..50B/abstract target=ref>Blanco-Pozo et al. 2023</a>",3.25000000,,,0,"<a refstr=CALCULATED_VALUE href=/docs/pscp_calc.html target=_blank>Calculated Value</a>",10.62000000,1.31000000,-1.47000000,0,"<a refstr=BLANCO_POZO_ET_AL_2023 href=https://ui.adsabs.harvard.edu/abs/2023A&A...671A..50B/abstract target=ref>Blanco-Pozo et al. 2023</a>",1.700000,,,0,"<a refstr=CALCULATED_VALUE href=/docs/pscp_calc.html target=_blank>Calculated Value</a>",88.30,1.56,-1.56,0,"<a refstr=CALCULATED_VALUE href=/docs/pscp_calc.html target=_blank>Calculated Value</a>",0.0102,0.0002,-0.0002,0,"<a refstr=CALCULATED_VALUE href=/docs/pscp_calc.html target=_blank>Calculated Value</a>",0.5714000000,0.0053000000,-0.0064000000,0,"<a refstr=BLANCO_POZO_ET_AL_2023 href=https://ui.adsabs.harvard.edu/abs/2023A&A...671A..50B/abstract target=ref>Blanco-Pozo et al. 2023</a>",389.70000000000,5.40000000000,-6.50000000000,0,"<a refstr=BLANCO_POZO_ET_AL_2023 href=https://ui.adsabs.harvard.edu/abs/2023A&A...671A..50B/abstract target=ref>Blanco-Pozo et al. 2023</a>",,,,,,,,,,,,,,,,,,,,,,,,,,,,,,,,,,,,,,,,,3.10000,0.38000,-0.43000,0,"<a refstr=BLANCO_POZO_ET_AL_2023 href=https://ui.adsabs.harvard.edu/abs/2023A&A...671A..50B/abstract target=ref>Blanco-Pozo et al. 2023</a>",,,,,,,,,,
"GJ 1265","GJ 1265 b","Msini",0,0,"Radial Velocity",2018,"Calar Alto Observatory","<a refstr=LUQUE_ET_AL__2018 href=https://ui.adsabs.harvard.edu/abs/2018A&A...620A.171L/abstract target=ref>Luque et al. 2018</a>",2.63000000,,,0,"<a refstr=CALCULATED_VALUE href=/docs/pscp_calc.html target=_blank>Calculated Value</a>",7.40000000,0.50000000,-0.50000000,0,"<a refstr=LUQUE_ET_AL__2018 href=https://ui.adsabs.harvard.edu/abs/2018A&A...620A.171L/abstract target=ref>Luque et al. 2018</a>",2.240000,,,0,"<a refstr=CALCULATED_VALUE href=/docs/pscp_calc.html target=_blank>Calculated Value</a>",424.04,13.07,-13.07,0,"<a refstr=CALCULATED_VALUE href=/docs/pscp_calc.html target=_blank>Calculated Value</a>",5.3846,0.4208,-0.4208,0,"<a refstr=CALCULATED_VALUE href=/docs/pscp_calc.html target=_blank>Calculated Value</a>",0.0260000000,0.0010000000,-0.0010000000,0,"<a refstr=LUQUE_ET_AL__2018 href=https://ui.adsabs.harvard.edu/abs/2018A&A...620A.171L/abstract target=ref>Luque et al. 2018</a>",3.65110000000,0.00120000000,-0.00120000000,0,"<a refstr=LUQUE_ET_AL__2018 href=https://ui.adsabs.harvard.edu/abs/2018A&A...620A.171L/abstract target=ref>Luque et al. 2018</a>",0.040000,0.040000,-0.040000,0,"<a refstr=LUQUE_ET_AL__2018 href=https://ui.adsabs.harvard.edu/abs/2018A&A...620A.171L/abstract target=ref>Luque et al. 2018</a>",,,,,,,,,,,,,,,,,,,,,,,,,,,,,,,,,,,,9.89000,0.47000,-0.47000,0,"<a refstr=LUQUE_ET_AL__2018 href=https://ui.adsabs.harvard.edu/abs/2018A&A...620A.171L/abstract target=ref>Luque et al. 2018</a>",,,,,,,,,,
"GJ 1289","GJ 1289 b","Msini",0,0,"Radial Velocity",2024,"Multiple Observatories","<a refstr=MOUTOU_ET_AL__2024 href=https://ui.adsabs.harvard.edu/abs/2024A&A...688A.196M/abstract target=ref>Moutou et al. 2024</a>",2.38000000,,,0,"<a refstr=CALCULATED_VALUE href=/docs/pscp_calc.html target=_blank>Calculated Value</a>",6.27000000,1.23000000,-1.25000000,0,"<a refstr=MOUTOU_ET_AL__2024 href=https://ui.adsabs.harvard.edu/abs/2024A&A...688A.196M/abstract target=ref>Moutou et al. 2024</a>",2.560000,,,0,"<a refstr=CALCULATED_VALUE href=/docs/pscp_calc.html target=_blank>Calculated Value</a>",150.00,,,0,"<a refstr=MOUTOU_ET_AL__2024 href=https://ui.adsabs.harvard.edu/abs/2024A&A...688A.196M/abstract target=ref>Moutou et al. 2024</a>",0.0754,0.0208,-0.0208,0,"<a refstr=CALCULATED_VALUE href=/docs/pscp_calc.html target=_blank>Calculated Value</a>",0.2700000000,0.0100000000,-0.0100000000,0,"<a refstr=MOUTOU_ET_AL__2024 href=https://ui.adsabs.harvard.edu/abs/2024A&A...688A.196M/abstract target=ref>Moutou et al. 2024</a>",111.74000000000,0.73000000000,-0.71000000000,0,"<a refstr=MOUTOU_ET_AL__2024 href=https://ui.adsabs.harvard.edu/abs/2024A&A...688A.196M/abstract target=ref>Moutou et al. 2024</a>",0.000000,,,0,"<a refstr=MOUTOU_ET_AL__2024 href=https://ui.adsabs.harvard.edu/abs/2024A&A...688A.196M/abstract target=ref>Moutou et al. 2024</a>",,,,,,,,,,,,,,,,,,,,,,,,,,,,,,,,,,,,2.37000,0.43000,-0.45000,0,"<a refstr=MOUTOU_ET_AL__2024 href=https://ui.adsabs.harvard.edu/abs/2024A&A...688A.196M/abstract target=ref>Moutou et al. 2024</a>",,,,,,,,,,
"GJ 15 A","GJ 15 A b","Msini",0,1,"Radial Velocity",2014,"W. M. Keck Observatory","<a refstr=HOWARD_ET_AL__2014 href=https://ui.adsabs.harvard.edu/abs/2014ApJ...794...51H/abstract target=ref>Howard et al. 2014</a>",1.55000000,,,0,"<a refstr=CALCULATED_VALUE href=/docs/pscp_calc.html target=_blank>Calculated Value</a>",3.03000000,0.46000000,-0.44000000,0,"<a refstr=PINAMONTI_ET_AL__2018 href=https://ui.adsabs.harvard.edu/abs/2018A&A...617A.104P/abstract target=ref>Pinamonti et al. 2018</a>",4.470000,,,0,"<a refstr=CALCULATED_VALUE href=/docs/pscp_calc.html target=_blank>Calculated Value</a>",550.00,,,0,"<a refstr=HOWARD_ET_AL__2014 href=https://ui.adsabs.harvard.edu/abs/2014ApJ...794...51H/abstract target=ref>Howard et al. 2014</a>",4.2691,1.1766,-1.1766,0,"<a refstr=CALCULATED_VALUE href=/docs/pscp_calc.html target=_blank>Calculated Value</a>",0.0720000000,0.0030000000,-0.0040000000,0,"<a refstr=PINAMONTI_ET_AL__2018 href=https://ui.adsabs.harvard.edu/abs/2018A&A...617A.104P/abstract target=ref>Pinamonti et al. 2018</a>",11.44070000000,0.00170000000,-0.00160000000,0,"<a refstr=PINAMONTI_ET_AL__2018 href=https://ui.adsabs.harvard.edu/abs/2018A&A...617A.104P/abstract target=ref>Pinamonti et al. 2018</a>",0.094000,0.091000,-0.065000,0,"<a refstr=PINAMONTI_ET_AL__2018 href=https://ui.adsabs.harvard.edu/abs/2018A&A...617A.104P/abstract target=ref>Pinamonti et al. 2018</a>",,,,,,,,,,,,,,,,,,,,,,,,,,,,,,,,,,,,1.68000,0.17000,-0.18000,0,"<a refstr=PINAMONTI_ET_AL__2018 href=https://ui.adsabs.harvard.edu/abs/2018A&A...617A.104P/abstract target=ref>Pinamonti et al. 2018</a>",,,,,,,,,,
"GJ 15 A","GJ 15 A c","Msini",0,0,"Radial Velocity",2018,"Roque de los Muchachos Observatory","<a refstr=PINAMONTI_ET_AL__2018 href=https://ui.adsabs.harvard.edu/abs/2018A&A...617A.104P/abstract target=ref>Pinamonti et al. 2018</a>",6.67000000,,,0,"<a refstr=CALCULATED_VALUE href=/docs/pscp_calc.html target=_blank>Calculated Value</a>",36.00000000,25.00000000,-18.00000000,0,"<a refstr=PINAMONTI_ET_AL__2018 href=https://ui.adsabs.harvard.edu/abs/2018A&A...617A.104P/abstract target=ref>Pinamonti et al. 2018</a>",0.667000,,,0,"<a refstr=CALCULATED_VALUE href=/docs/pscp_calc.html target=_blank>Calculated Value</a>",46.14,5.14,-5.14,0,"<a refstr=CALCULATED_VALUE href=/docs/pscp_calc.html target=_blank>Calculated Value</a>",0.0008,0.0003,-0.0003,0,"<a refstr=CALCULATED_VALUE href=/docs/pscp_calc.html target=_blank>Calculated Value</a>",5.4000000000,1.0000000000,-0.9000000000,0,"<a refstr=PINAMONTI_ET_AL__2018 href=https://ui.adsabs.harvard.edu/abs/2018A&A...617A.104P/abstract target=ref>Pinamonti et al. 2018</a>",7600.00000000000,2200.00000000000,-1700.00000000000,0,"<a refstr=PINAMONTI_ET_AL__2018 href=https://ui.adsabs.harvard.edu/abs/2018A&A...617A.104P/abstract target=ref>Pinamonti et al. 2018</a>",0.270000,0.280000,-0.190000,0,"<a refstr=PINAMONTI_ET_AL__2018 href=https://ui.adsabs.harvard.edu/abs/2018A&A...617A.104P/abstract target=ref>Pinamonti et al. 2018</a>",,,,,,,,,,,,,,,,,,,,,,,,,,,,,,,,,,,,2.50000,1.30000,-1.00000,0,"<a refstr=PINAMONTI_ET_AL__2018 href=https://ui.adsabs.harvard.edu/abs/2018A&A...617A.104P/abstract target=ref>Pinamonti et al. 2018</a>",,,,,,,,,,
"GJ 179","GJ 179 b","Mass",0,0,"Radial Velocity",2009,"W. M. Keck Observatory","<a refstr=HOWARD_ET_AL__2010 href=https://ui.adsabs.harvard.edu/abs/2010ApJ...721.1467H/abstract target=ref> Howard et al. 2010 </a>",13.80000000,,,0,"<a refstr=CALCULATED_VALUE href=/docs/pscp_calc.html target=_blank>Calculated Value</a>",301.93698665,50.85254512,-34.96112477,0,"<a refstr=XIAO_ET_AL__2023 href=https://ui.adsabs.harvard.edu/abs/2023RAA....23e5022X/abstract target=ref>Xiao et al. 2023</a>",0.631000,,,0,"<a refstr=CALCULATED_VALUE href=/docs/pscp_calc.html target=_blank>Calculated Value</a>",64.53,2.61,-2.61,0,"<a refstr=CALCULATED_VALUE href=/docs/pscp_calc.html target=_blank>Calculated Value</a>",0.0028,0.0004,-0.0004,0,"<a refstr=CALCULATED_VALUE href=/docs/pscp_calc.html target=_blank>Calculated Value</a>",2.4100000000,0.0400000000,-0.0400000000,0,"<a refstr=HOWARD_ET_AL__2010 href=https://ui.adsabs.harvard.edu/abs/2010ApJ...721.1467H/abstract target=ref> Howard et al. 2010 </a>",2288.00000000000,59.00000000000,-59.00000000000,0,"<a refstr=HOWARD_ET_AL__2010 href=https://ui.adsabs.harvard.edu/abs/2010ApJ...721.1467H/abstract target=ref> Howard et al. 2010 </a>",0.210000,0.080000,-0.080000,0,"<a refstr=HOWARD_ET_AL__2010 href=https://ui.adsabs.harvard.edu/abs/2010ApJ...721.1467H/abstract target=ref> Howard et al. 2010 </a>",61.00000,16.00000,-13.00000,0,"<a refstr=XIAO_ET_AL__2023 href=https://ui.adsabs.harvard.edu/abs/2023RAA....23e5022X/abstract target=ref>Xiao et al. 2023</a>",,,,,,,,,,,,,,,,,,,,,,,,,,,,,,,25.80000,2.20000,-2.20000,0,"<a refstr=HOWARD_ET_AL__2010 href=https://ui.adsabs.harvard.edu/abs/2010ApJ...721.1467H/abstract target=ref> Howard et al. 2010 </a>",,,,,,,,,,
"GJ 180","GJ 180 b","Msini",0,0,"Radial Velocity",2014,"Multiple Observatories","<a refstr=TUOMI_ET_AL__2014 href=https://ui.adsabs.harvard.edu/abs/2014MNRAS.441.1545T/abstract target=ref>Tuomi et al. 2014</a>",2.43000000,,,0,"<a refstr=CALCULATED_VALUE href=/docs/pscp_calc.html target=_blank>Calculated Value</a>",6.49000000,0.68000000,-0.68000000,0,"<a refstr=FENG_ET_AL__2020 href=https://ui.adsabs.harvard.edu/abs/2020ApJS..246...11F/abstract target=ref>Feng et al. 2020</a>",2.490000,,,0,"<a refstr=CALCULATED_VALUE href=/docs/pscp_calc.html target=_blank>Calculated Value</a>",344.43,,,0,"<a refstr=CALCULATED_VALUE href=/docs/pscp_calc.html target=_blank>Calculated Value</a>",1.5359,,,0,"<a refstr=CALCULATED_VALUE href=/docs/pscp_calc.html target=_blank>Calculated Value</a>",0.0920000000,0.0030000000,-0.0030000000,0,"<a refstr=FENG_ET_AL__2020 href=https://ui.adsabs.harvard.edu/abs/2020ApJS..246...11F/abstract target=ref>Feng et al. 2020</a>",17.13300000000,0.00300000000,-0.00300000000,0,"<a refstr=FENG_ET_AL__2020 href=https://ui.adsabs.harvard.edu/abs/2020ApJS..246...11F/abstract target=ref>Feng et al. 2020</a>",0.070000,0.040000,-0.040000,0,"<a refstr=FENG_ET_AL__2020 href=https://ui.adsabs.harvard.edu/abs/2020ApJS..246...11F/abstract target=ref>Feng et al. 2020</a>",,,,,,,,,,,,,,,,,,,,,,,,,,,,,,,,,,,,3.25000,0.26000,-0.26000,0,"<a refstr=FENG_ET_AL__2020 href=https://ui.adsabs.harvard.edu/abs/2020ApJS..246...11F/abstract target=ref>Feng et al. 2020</a>",,,,,,,,,,
"GJ 180","GJ 180 c","Msini",0,0,"Radial Velocity",2014,"Multiple Observatories","<a refstr=TUOMI_ET_AL__2014 href=https://ui.adsabs.harvard.edu/abs/2014MNRAS.441.1545T/abstract target=ref>Tuomi et al. 2014</a>",2.41000000,,,0,"<a refstr=CALCULATED_VALUE href=/docs/pscp_calc.html target=_blank>Calculated Value</a>",6.40000000,3.70000000,-4.10000000,0,"<a refstr=TUOMI_ET_AL__2014 href=https://ui.adsabs.harvard.edu/abs/2014MNRAS.441.1545T/abstract target=ref>Tuomi et al. 2014</a>",2.510000,,,0,"<a refstr=CALCULATED_VALUE href=/docs/pscp_calc.html target=_blank>Calculated Value</a>",290.87,,,0,"<a refstr=CALCULATED_VALUE href=/docs/pscp_calc.html target=_blank>Calculated Value</a>",0.7812,,,0,"<a refstr=CALCULATED_VALUE href=/docs/pscp_calc.html target=_blank>Calculated Value</a>",0.1290000000,0.0070000000,-0.0170000000,0,"<a refstr=TUOMI_ET_AL__2014 href=https://ui.adsabs.harvard.edu/abs/2014MNRAS.441.1545T/abstract target=ref>Tuomi et al. 2014</a>",24.32900000000,0.05200000000,-0.06600000000,0,"<a refstr=TUOMI_ET_AL__2014 href=https://ui.adsabs.harvard.edu/abs/2014MNRAS.441.1545T/abstract target=ref>Tuomi et al. 2014</a>",0.090000,0.200000,-0.090000,0,"<a refstr=TUOMI_ET_AL__2014 href=https://ui.adsabs.harvard.edu/abs/2014MNRAS.441.1545T/abstract target=ref>Tuomi et al. 2014</a>",,,,,,,,,,,,,,,,,,,,,,,,,,,,,,,,,,,,2.31000,1.49000,-1.39000,0,"<a refstr=TUOMI_ET_AL__2014 href=https://ui.adsabs.harvard.edu/abs/2014MNRAS.441.1545T/abstract target=ref>Tuomi et al. 2014</a>",,,,,,,,,,
"GJ 180","GJ 180 d","Msini",0,0,"Radial Velocity",2020,"Multiple Facilities","<a refstr=FENG_ET_AL__2020 href=https://ui.adsabs.harvard.edu/abs/2020ApJS..246...11F/abstract target=ref>Feng et al. 2020</a>",2.66000000,,,0,"<a refstr=CALCULATED_VALUE href=/docs/pscp_calc.html target=_blank>Calculated Value</a>",7.56000000,1.07000000,-1.07000000,0,"<a refstr=FENG_ET_AL__2020 href=https://ui.adsabs.harvard.edu/abs/2020ApJS..246...11F/abstract target=ref>Feng et al. 2020</a>",2.210000,,,0,"<a refstr=CALCULATED_VALUE href=/docs/pscp_calc.html target=_blank>Calculated Value</a>",187.94,,,0,"<a refstr=CALCULATED_VALUE href=/docs/pscp_calc.html target=_blank>Calculated Value</a>",0.1362,,,0,"<a refstr=CALCULATED_VALUE href=/docs/pscp_calc.html target=_blank>Calculated Value</a>",0.3090000000,0.0100000000,-0.0100000000,0,"<a refstr=FENG_ET_AL__2020 href=https://ui.adsabs.harvard.edu/abs/2020ApJS..246...11F/abstract target=ref>Feng et al. 2020</a>",106.30000000000,0.12900000000,-0.12900000000,0,"<a refstr=FENG_ET_AL__2020 href=https://ui.adsabs.harvard.edu/abs/2020ApJS..246...11F/abstract target=ref>Feng et al. 2020</a>",0.140000,0.040000,-0.040000,0,"<a refstr=FENG_ET_AL__2020 href=https://ui.adsabs.harvard.edu/abs/2020ApJS..246...11F/abstract target=ref>Feng et al. 2020</a>",,,,,,,,,,,,,,,,,,,,,,,,,,,,,,,,,,,,2.08000,0.26000,-0.26000,0,"<a refstr=FENG_ET_AL__2020 href=https://ui.adsabs.harvard.edu/abs/2020ApJS..246...11F/abstract target=ref>Feng et al. 2020</a>",,,,,,,,,,
"GJ 229","GJ 229 A c","Msini",0,1,"Radial Velocity",2020,"Multiple Facilities","<a refstr=FENG_ET_AL__2020 href=https://ui.adsabs.harvard.edu/abs/2020ApJS..246...11F/abstract target=ref>Feng et al. 2020</a>",2.87000000,,,0,"<a refstr=CALCULATED_VALUE href=/docs/pscp_calc.html target=_blank>Calculated Value</a>",8.58136699,0.63565681,-0.63565681,0,"<a refstr=FENG_ET_AL__2022 href=https://ui.adsabs.harvard.edu/abs/2022ApJS..262...21F/abstract target=ref>Feng et al. 2022</a>",1.990000,,,0,"<a refstr=CALCULATED_VALUE href=/docs/pscp_calc.html target=_blank>Calculated Value</a>",188.10,,,0,"<a refstr=CALCULATED_VALUE href=/docs/pscp_calc.html target=_blank>Calculated Value</a>",0.1899,,,0,"<a refstr=CALCULATED_VALUE href=/docs/pscp_calc.html target=_blank>Calculated Value</a>",0.3840000000,0.0050000000,-0.0050000000,0,"<a refstr=FENG_ET_AL__2022 href=https://ui.adsabs.harvard.edu/abs/2022ApJS..262...21F/abstract target=ref>Feng et al. 2022</a>",121.93268000000,0.06708000000,-0.08158000000,0,"<a refstr=FENG_ET_AL__2022 href=https://ui.adsabs.harvard.edu/abs/2022ApJS..262...21F/abstract target=ref>Feng et al. 2022</a>",0.366000,0.065000,-0.063000,0,"<a refstr=FENG_ET_AL__2022 href=https://ui.adsabs.harvard.edu/abs/2022ApJS..262...21F/abstract target=ref>Feng et al. 2022</a>",,,,,,,,,,,,,,,,,,,,,,,,,,,,,,,,,,,,1.87200,0.12500,-0.13300,0,"<a refstr=FENG_ET_AL__2022 href=https://ui.adsabs.harvard.edu/abs/2022ApJS..262...21F/abstract target=ref>Feng et al. 2022</a>",,,,,,,,,,
"GJ 229","GJ 229 b","Msini",0,1,"Radial Velocity",2014,"Multiple Observatories","<a refstr=TUOMI_ET_AL__2014 href=https://ui.adsabs.harvard.edu/abs/2014MNRAS.441.1545T/abstract target=ref>Tuomi et al. 2014</a>",3.97000000,,,0,"<a refstr=CALCULATED_VALUE href=/docs/pscp_calc.html target=_blank>Calculated Value</a>",14.93793513,0.95348522,-1.27131363,0,"<a refstr=FENG_ET_AL__2022 href=https://ui.adsabs.harvard.edu/abs/2022ApJS..262...21F/abstract target=ref>Feng et al. 2022</a>",1.310000,,,0,"<a refstr=CALCULATED_VALUE href=/docs/pscp_calc.html target=_blank>Calculated Value</a>",111.85,,,0,"<a refstr=CALCULATED_VALUE href=/docs/pscp_calc.html target=_blank>Calculated Value</a>",0.0237,,,0,"<a refstr=CALCULATED_VALUE href=/docs/pscp_calc.html target=_blank>Calculated Value</a>",1.0860000000,0.0150000000,-0.0150000000,0,"<a refstr=FENG_ET_AL__2022 href=https://ui.adsabs.harvard.edu/abs/2022ApJS..262...21F/abstract target=ref>Feng et al. 2022</a>",579.47495000000,1.67942000000,-1.41414000000,0,"<a refstr=FENG_ET_AL__2022 href=https://ui.adsabs.harvard.edu/abs/2022ApJS..262...21F/abstract target=ref>Feng et al. 2022</a>",0.404000,0.105000,-0.124000,0,"<a refstr=FENG_ET_AL__2022 href=https://ui.adsabs.harvard.edu/abs/2022ApJS..262...21F/abstract target=ref>Feng et al. 2022</a>",,,,,,,,,,,,,,,,,,,,,,,,,,,,,,,,,,,,1.96600,0.16100,-0.16700,0,"<a refstr=FENG_ET_AL__2022 href=https://ui.adsabs.harvard.edu/abs/2022ApJS..262...21F/abstract target=ref>Feng et al. 2022</a>",,,,,,,,,,
"GJ 251","GJ 251 b","Msini",0,0,"Radial Velocity",2020,"W. M. Keck Observatory","<a refstr=STOCK_ET_AL__2020 href=https://ui.adsabs.harvard.edu/abs/2020A&A...643A.112S/abstract target=ref>Stock et al. 2020</a>",1.79000000,,,0,"<a refstr=CALCULATED_VALUE href=/docs/pscp_calc.html target=_blank>Calculated Value</a>",3.85000000,0.35000000,-0.33000000,0,"<a refstr=BEARD_ET_AL__2025 href=https://ui.adsabs.harvard.edu/abs/2025AJ....170..279B/abstract target=ref>Beard et al. 2025</a>",3.690000,,,0,"<a refstr=CALCULATED_VALUE href=/docs/pscp_calc.html target=_blank>Calculated Value</a>",336.00,1.00,-1.00,0,"<a refstr=BEARD_ET_AL__2025 href=https://ui.adsabs.harvard.edu/abs/2025AJ....170..279B/abstract target=ref>Beard et al. 2025</a>",2.3700,0.2600,-0.2600,0,"<a refstr=BEARD_ET_AL__2025 href=https://ui.adsabs.harvard.edu/abs/2025AJ....170..279B/abstract target=ref>Beard et al. 2025</a>",0.0808000000,0.0042000000,-0.0042000000,0,"<a refstr=BEARD_ET_AL__2025 href=https://ui.adsabs.harvard.edu/abs/2025AJ....170..279B/abstract target=ref>Beard et al. 2025</a>",14.23700000000,0.00150000000,-0.00150000000,0,"<a refstr=BEARD_ET_AL__2025 href=https://ui.adsabs.harvard.edu/abs/2025AJ....170..279B/abstract target=ref>Beard et al. 2025</a>",0.000000,,,0,"<a refstr=BEARD_ET_AL__2025 href=https://ui.adsabs.harvard.edu/abs/2025AJ....170..279B/abstract target=ref>Beard et al. 2025</a>",,,,,,,,,,,,,,,,,,,,,,,,,,,,,,,,,,,,2.01000,0.12000,-0.12000,0,"<a refstr=BEARD_ET_AL__2025 href=https://ui.adsabs.harvard.edu/abs/2025AJ....170..279B/abstract target=ref>Beard et al. 2025</a>",,,,,,,,,,
"GJ 251","GJ 251 c","Msini",0,0,"Radial Velocity",2025,"Multiple Observatories","<a refstr=BEARD_ET_AL__2025 href=https://ui.adsabs.harvard.edu/abs/2025AJ....170..279B/abstract target=ref>Beard et al. 2025</a>",1.80000000,,,0,"<a refstr=CALCULATED_VALUE href=/docs/pscp_calc.html target=_blank>Calculated Value</a>",3.88000000,0.79000000,-0.79000000,0,"<a refstr=BEARD_ET_AL__2025 href=https://ui.adsabs.harvard.edu/abs/2025AJ....170..279B/abstract target=ref>Beard et al. 2025</a>",3.660000,,,0,"<a refstr=CALCULATED_VALUE href=/docs/pscp_calc.html target=_blank>Calculated Value</a>",216.00,0.80,-0.80,0,"<a refstr=BEARD_ET_AL__2025 href=https://ui.adsabs.harvard.edu/abs/2025AJ....170..279B/abstract target=ref>Beard et al. 2025</a>",0.4040,0.0590,-0.0590,0,"<a refstr=BEARD_ET_AL__2025 href=https://ui.adsabs.harvard.edu/abs/2025AJ....170..279B/abstract target=ref>Beard et al. 2025</a>",0.1960000000,0.0140000000,-0.0140000000,0,"<a refstr=BEARD_ET_AL__2025 href=https://ui.adsabs.harvard.edu/abs/2025AJ....170..279B/abstract target=ref>Beard et al. 2025</a>",53.64700000000,0.04400000000,-0.04400000000,0,"<a refstr=BEARD_ET_AL__2025 href=https://ui.adsabs.harvard.edu/abs/2025AJ....170..279B/abstract target=ref>Beard et al. 2025</a>",0.000000,,,0,"<a refstr=BEARD_ET_AL__2025 href=https://ui.adsabs.harvard.edu/abs/2025AJ....170..279B/abstract target=ref>Beard et al. 2025</a>",,,,,,,,,,,,,,,,,,,,,,,,,,,,,,,,,,,,1.23000,0.22000,-0.22000,0,"<a refstr=BEARD_ET_AL__2025 href=https://ui.adsabs.harvard.edu/abs/2025AJ....170..279B/abstract target=ref>Beard et al. 2025</a>",,,,,,,,,,
"GJ 273","GJ 273 b","Msini",0,0,"Radial Velocity",2017,"La Silla Observatory","<a refstr=ASTUDILLO_DEFRU_ET_AL__2017 href=https://ui.adsabs.harvard.edu/abs/2017A&A...602A..88A/abstract target=ref>Astudillo-Defru et al. 2017</a>",1.51000000,,,0,"<a refstr=CALCULATED_VALUE href=/docs/pscp_calc.html target=_blank>Calculated Value</a>",2.89000000,0.27000000,-0.26000000,0,"<a refstr=ASTUDILLO_DEFRU_ET_AL__2017 href=https://ui.adsabs.harvard.edu/abs/2017A&A...602A..88A/abstract target=ref>Astudillo-Defru et al. 2017</a>",4.610000,,,0,"<a refstr=CALCULATED_VALUE href=/docs/pscp_calc.html target=_blank>Calculated Value</a>",292.47,14.13,-14.13,0,"<a refstr=CALCULATED_VALUE href=/docs/pscp_calc.html target=_blank>Calculated Value</a>",1.0600,,,0,"<a refstr=ASTUDILLO_DEFRU_ET_AL__2017 href=https://ui.adsabs.harvard.edu/abs/2017A&A...602A..88A/abstract target=ref>Astudillo-Defru et al. 2017</a>",0.0911010000,0.0000190000,-0.0000170000,0,"<a refstr=ASTUDILLO_DEFRU_ET_AL__2017 href=https://ui.adsabs.harvard.edu/abs/2017A&A...602A..88A/abstract target=ref>Astudillo-Defru et al. 2017</a>",18.64980000000,0.00590000000,-0.00520000000,0,"<a refstr=ASTUDILLO_DEFRU_ET_AL__2017 href=https://ui.adsabs.harvard.edu/abs/2017A&A...602A..88A/abstract target=ref>Astudillo-Defru et al. 2017</a>",0.100000,0.090000,-0.070000,0,"<a refstr=ASTUDILLO_DEFRU_ET_AL__2017 href=https://ui.adsabs.harvard.edu/abs/2017A&A...602A..88A/abstract target=ref>Astudillo-Defru et al. 2017</a>",,,,,,,,,,,,,,,,,,,,,,,,,,,,,,,,,,,,1.61000,0.15000,-0.15000,0,"<a refstr=ASTUDILLO_DEFRU_ET_AL__2017 href=https://ui.adsabs.harvard.edu/abs/2017A&A...602A..88A/abstract target=ref>Astudillo-Defru et al. 2017</a>",,,,,,,,,,
"GJ 273","GJ 273 c","Msini",0,0,"Radial Velocity",2017,"La Silla Observatory","<a refstr=ASTUDILLO_DEFRU_ET_AL__2017 href=https://ui.adsabs.harvard.edu/abs/2017A&A...602A..88A/abstract target=ref>Astudillo-Defru et al. 2017</a>",1.06000000,,,0,"<a refstr=CALCULATED_VALUE href=/docs/pscp_calc.html target=_blank>Calculated Value</a>",1.18000000,0.16000000,-0.16000000,0,"<a refstr=ASTUDILLO_DEFRU_ET_AL__2017 href=https://ui.adsabs.harvard.edu/abs/2017A&A...602A..88A/abstract target=ref>Astudillo-Defru et al. 2017</a>",5.440000,,,0,"<a refstr=CALCULATED_VALUE href=/docs/pscp_calc.html target=_blank>Calculated Value</a>",462.26,22.33,-22.33,0,"<a refstr=CALCULATED_VALUE href=/docs/pscp_calc.html target=_blank>Calculated Value</a>",6.6600,,,0,"<a refstr=ASTUDILLO_DEFRU_ET_AL__2017 href=https://ui.adsabs.harvard.edu/abs/2017A&A...602A..88A/abstract target=ref>Astudillo-Defru et al. 2017</a>",0.0364670000,0.0000020000,-0.0000020000,0,"<a refstr=ASTUDILLO_DEFRU_ET_AL__2017 href=https://ui.adsabs.harvard.edu/abs/2017A&A...602A..88A/abstract target=ref>Astudillo-Defru et al. 2017</a>",4.72340000000,0.00040000000,-0.00040000000,0,"<a refstr=ASTUDILLO_DEFRU_ET_AL__2017 href=https://ui.adsabs.harvard.edu/abs/2017A&A...602A..88A/abstract target=ref>Astudillo-Defru et al. 2017</a>",0.170000,0.130000,-0.120000,0,"<a refstr=ASTUDILLO_DEFRU_ET_AL__2017 href=https://ui.adsabs.harvard.edu/abs/2017A&A...602A..88A/abstract target=ref>Astudillo-Defru et al. 2017</a>",,,,,,,,,,,,,,,,,,,,,,,,,,,,,,,,,,,,1.06000,0.15000,-0.15000,0,"<a refstr=ASTUDILLO_DEFRU_ET_AL__2017 href=https://ui.adsabs.harvard.edu/abs/2017A&A...602A..88A/abstract target=ref>Astudillo-Defru et al. 2017</a>",,,,,,,,,,
"GJ 3323","GJ 3323 b","Msini",0,0,"Radial Velocity",2017,"La Silla Observatory","<a refstr=ASTUDILLO_DEFRU_ET_AL__2017 href=https://ui.adsabs.harvard.edu/abs/2017A&A...602A..88A/abstract target=ref>Astudillo-Defru et al. 2017</a>",1.23000000,,,0,"<a refstr=CALCULATED_VALUE href=/docs/pscp_calc.html target=_blank>Calculated Value</a>",2.02000000,0.26000000,-0.25000000,0,"<a refstr=ASTUDILLO_DEFRU_ET_AL__2017 href=https://ui.adsabs.harvard.edu/abs/2017A&A...602A..88A/abstract target=ref>Astudillo-Defru et al. 2017</a>",5.960000,,,0,"<a refstr=CALCULATED_VALUE href=/docs/pscp_calc.html target=_blank>Calculated Value</a>",290.06,33.30,-33.30,0,"<a refstr=CALCULATED_VALUE href=/docs/pscp_calc.html target=_blank>Calculated Value</a>",2.5800,,,0,"<a refstr=ASTUDILLO_DEFRU_ET_AL__2017 href=https://ui.adsabs.harvard.edu/abs/2017A&A...602A..88A/abstract target=ref>Astudillo-Defru et al. 2017</a>",0.0328200000,0.0005400000,-0.0005600000,0,"<a refstr=ASTUDILLO_DEFRU_ET_AL__2017 href=https://ui.adsabs.harvard.edu/abs/2017A&A...602A..88A/abstract target=ref>Astudillo-Defru et al. 2017</a>",5.36360000000,0.00070000000,-0.00070000000,0,"<a refstr=ASTUDILLO_DEFRU_ET_AL__2017 href=https://ui.adsabs.harvard.edu/abs/2017A&A...602A..88A/abstract target=ref>Astudillo-Defru et al. 2017</a>",0.230000,0.110000,-0.110000,0,"<a refstr=ASTUDILLO_DEFRU_ET_AL__2017 href=https://ui.adsabs.harvard.edu/abs/2017A&A...602A..88A/abstract target=ref>Astudillo-Defru et al. 2017</a>",,,,,,,,,,,,,,,,,,,,,,,,,,,,,,,,,,,,2.55000,0.33000,-0.32000,0,"<a refstr=ASTUDILLO_DEFRU_ET_AL__2017 href=https://ui.adsabs.harvard.edu/abs/2017A&A...602A..88A/abstract target=ref>Astudillo-Defru et al. 2017</a>",,,,,,,,,,
"GJ 3323","GJ 3323 c","Msini",0,0,"Radial Velocity",2017,"La Silla Observatory","<a refstr=ASTUDILLO_DEFRU_ET_AL__2017 href=https://ui.adsabs.harvard.edu/abs/2017A&A...602A..88A/abstract target=ref>Astudillo-Defru et al. 2017</a>",1.32000000,,,0,"<a refstr=CALCULATED_VALUE href=/docs/pscp_calc.html target=_blank>Calculated Value</a>",2.31000000,0.50000000,-0.49000000,0,"<a refstr=ASTUDILLO_DEFRU_ET_AL__2017 href=https://ui.adsabs.harvard.edu/abs/2017A&A...602A..88A/abstract target=ref>Astudillo-Defru et al. 2017</a>",5.520000,,,0,"<a refstr=CALCULATED_VALUE href=/docs/pscp_calc.html target=_blank>Calculated Value</a>",147.80,16.97,-16.97,0,"<a refstr=CALCULATED_VALUE href=/docs/pscp_calc.html target=_blank>Calculated Value</a>",0.1700,,,0,"<a refstr=ASTUDILLO_DEFRU_ET_AL__2017 href=https://ui.adsabs.harvard.edu/abs/2017A&A...602A..88A/abstract target=ref>Astudillo-Defru et al. 2017</a>",0.1264000000,0.0021000000,-0.0022000000,0,"<a refstr=ASTUDILLO_DEFRU_ET_AL__2017 href=https://ui.adsabs.harvard.edu/abs/2017A&A...602A..88A/abstract target=ref>Astudillo-Defru et al. 2017</a>",40.54000000000,0.21000000000,-0.19000000000,0,"<a refstr=ASTUDILLO_DEFRU_ET_AL__2017 href=https://ui.adsabs.harvard.edu/abs/2017A&A...602A..88A/abstract target=ref>Astudillo-Defru et al. 2017</a>",0.170000,0.210000,-0.120000,0,"<a refstr=ASTUDILLO_DEFRU_ET_AL__2017 href=https://ui.adsabs.harvard.edu/abs/2017A&A...602A..88A/abstract target=ref>Astudillo-Defru et al. 2017</a>",,,,,,,,,,,,,,,,,,,,,,,,,,,,,,,,,,,,1.49000,0.33000,-0.31000,0,"<a refstr=ASTUDILLO_DEFRU_ET_AL__2017 href=https://ui.adsabs.harvard.edu/abs/2017A&A...602A..88A/abstract target=ref>Astudillo-Defru et al. 2017</a>",,,,,,,,,,
"GJ 3378","GJ 3378 b","Msini",0,0,"Radial Velocity",2026,"Mauna Kea Observatory","<a refstr=ROBERTSON_ET_AL_2026 href=https://ui.adsabs.harvard.edu/abs/2026ApJ..1005...32R/abstract target=ref>Robertson et al. 2026</a>",1.32000000,,,0,"<a refstr=CALCULATED_VALUE href=/docs/pscp_calc.html target=_blank>Calculated Value</a>",2.30000000,0.40000000,-0.40000000,0,"<a refstr=ROBERTSON_ET_AL_2026 href=https://ui.adsabs.harvard.edu/abs/2026ApJ..1005...32R/abstract target=ref>Robertson et al. 2026</a>",5.500000,,,0,"<a refstr=CALCULATED_VALUE href=/docs/pscp_calc.html target=_blank>Calculated Value</a>",272.00,7.00,-7.00,0,"<a refstr=ROBERTSON_ET_AL_2026 href=https://ui.adsabs.harvard.edu/abs/2026ApJ..1005...32R/abstract target=ref>Robertson et al. 2026</a>",0.9100,0.0900,-0.0900,0,"<a refstr=ROBERTSON_ET_AL_2026 href=https://ui.adsabs.harvard.edu/abs/2026ApJ..1005...32R/abstract target=ref>Robertson et al. 2026</a>",0.0967300000,0.0008000000,-0.0008000000,0,"<a refstr=ROBERTSON_ET_AL_2026 href=https://ui.adsabs.harvard.edu/abs/2026ApJ..1005...32R/abstract target=ref>Robertson et al. 2026</a>",21.45000000000,0.01000000000,-0.01000000000,0,"<a refstr=ROBERTSON_ET_AL_2026 href=https://ui.adsabs.harvard.edu/abs/2026ApJ..1005...32R/abstract target=ref>Robertson et al. 2026</a>",0.000000,,,0,"<a refstr=ROBERTSON_ET_AL_2026 href=https://ui.adsabs.harvard.edu/abs/2026ApJ..1005...32R/abstract target=ref>Robertson et al. 2026</a>",,,,,,,,,,,,,,,,,,,,,,,,,,,,,,,,,,,,1.30000,0.20000,-0.20000,0,"<a refstr=ROBERTSON_ET_AL_2026 href=https://ui.adsabs.harvard.edu/abs/2026ApJ..1005...32R/abstract target=ref>Robertson et al. 2026</a>",,,,,,,,,,
"GJ 338 B","GJ 338 B b","Msini",0,0,"Radial Velocity",2020,"Calar Alto Observatory","<a refstr=GONZ_AACUTE_LEZ__AACUTE_LVAREZ_ET_AL__2020 href=https://ui.adsabs.harvard.edu/abs/2020A&A...637A..93G/abstract target=ref>Gonz&aacute;lez-&Aacute;lvarez et al. 2020</a>",3.25000000,,,0,"<a refstr=CALCULATED_VALUE href=/docs/pscp_calc.html target=_blank>Calculated Value</a>",10.60000000,1.20000000,-1.20000000,0,"<a refstr=DITOMASSO_ET_AL_2023 href=https://ui.adsabs.harvard.edu/abs/2023AJ....165...38D/abstract target=ref>DiTomasso et al. 2023</a>",1.700000,,,0,"<a refstr=CALCULATED_VALUE href=/docs/pscp_calc.html target=_blank>Calculated Value</a>",391.00,20.00,-20.00,0,"<a refstr=GONZ_AACUTE_LEZ__AACUTE_LVAREZ_ET_AL__2020 href=https://ui.adsabs.harvard.edu/abs/2020A&A...637A..93G/abstract target=ref>Gonz&aacute;lez-&Aacute;lvarez et al. 2020</a>",3.9278,0.3165,-0.3165,0,"<a refstr=CALCULATED_VALUE href=/docs/pscp_calc.html target=_blank>Calculated Value</a>",0.1420000000,0.0050000000,-0.0050000000,0,"<a refstr=DITOMASSO_ET_AL_2023 href=https://ui.adsabs.harvard.edu/abs/2023AJ....165...38D/abstract target=ref>DiTomasso et al. 2023</a>",24.42200000000,0.01400000000,-0.01400000000,0,"<a refstr=DITOMASSO_ET_AL_2023 href=https://ui.adsabs.harvard.edu/abs/2023AJ....165...38D/abstract target=ref>DiTomasso et al. 2023</a>",0.109000,0.100000,-0.075000,0,"<a refstr=DITOMASSO_ET_AL_2023 href=https://ui.adsabs.harvard.edu/abs/2023AJ....165...38D/abstract target=ref>DiTomasso et al. 2023</a>",,,,,,,,,,,,,,,,,,,,,,,,,,,,,,,,,,,,3.19000,0.27000,-0.27000,0,"<a refstr=DITOMASSO_ET_AL_2023 href=https://ui.adsabs.harvard.edu/abs/2023AJ....165...38D/abstract target=ref>DiTomasso et al. 2023</a>",,,,,,,,,,
"GJ 341","GJ 341 b","Mass",0,0,"Transit",2025,"Transiting Exoplanet Survey Satellite (TESS)","<a refstr=DITOMASSO_ET_AL__2025 href=https://ui.adsabs.harvard.edu/abs/2025ApJ...979..214D/abstract target=ref>DiTomasso et al. 2025</a>",0.88000000,0.05000000,-0.05000000,0,"<a refstr=DITOMASSO_ET_AL__2025 href=https://ui.adsabs.harvard.edu/abs/2025ApJ...979..214D/abstract target=ref>DiTomasso et al. 2025</a>",4.00000000,,,1,"<a refstr=DITOMASSO_ET_AL__2025 href=https://ui.adsabs.harvard.edu/abs/2025ApJ...979..214D/abstract target=ref>DiTomasso et al. 2025</a>",,,,,,629.00,,,0,"<a refstr=EXOFOP href=https://exofop.ipac.caltech.edu/tess/view_toi.php target=ref>ExoFOP</a>",13.8000,5.9000,-3.7000,0,"<a refstr=DITOMASSO_ET_AL__2025 href=https://ui.adsabs.harvard.edu/abs/2025ApJ...979..214D/abstract target=ref>DiTomasso et al. 2025</a>",,,,,,7.57686000000,0.00003400000,-0.00002000000,0,"<a refstr=DITOMASSO_ET_AL__2025 href=https://ui.adsabs.harvard.edu/abs/2025ApJ...979..214D/abstract target=ref>DiTomasso et al. 2025</a>",0.000000,,,0,"<a refstr=DITOMASSO_ET_AL__2025 href=https://ui.adsabs.harvard.edu/abs/2025ApJ...979..214D/abstract target=ref>DiTomasso et al. 2025</a>",89.24000,0.53000,-0.96000,0,"<a refstr=DITOMASSO_ET_AL__2025 href=https://ui.adsabs.harvard.edu/abs/2025ApJ...979..214D/abstract target=ref>DiTomasso et al. 2025</a>",,,,,,0.02890000,0.00321517,-0.00321517,0,"<a refstr=EXOFOP href=https://exofop.ipac.caltech.edu/tess/view_toi.php target=ref>ExoFOP</a>",2.2300000,0.1200000,-0.0800000,0,"<a refstr=DITOMASSO_ET_AL__2025 href=https://ui.adsabs.harvard.edu/abs/2025ApJ...979..214D/abstract target=ref>DiTomasso et al. 2025</a>",24.500000,2.000000,-4.000000,0,"<a refstr=DITOMASSO_ET_AL__2025 href=https://ui.adsabs.harvard.edu/abs/2025ApJ...979..214D/abstract target=ref>DiTomasso et al. 2025</a>",0.01600000,0.00080000,-0.00080000,0,"<a refstr=DITOMASSO_ET_AL__2025 href=https://ui.adsabs.harvard.edu/abs/2025ApJ...979..214D/abstract target=ref>DiTomasso et al. 2025</a>",,,,,,,,,,,,,,,,,,,,
"GJ 3512","GJ 3512 b","Msini",0,0,"Radial Velocity",2019,"Calar Alto Observatory","<a refstr=MORALES_ET_AL__2019 href=https://ui.adsabs.harvard.edu/abs/2019Sci...365.1441M/abstract target=ref>Morales et al. 2019</a>",14.30000000,,,0,"<a refstr=CALCULATED_VALUE href=/docs/pscp_calc.html target=_blank>Calculated Value</a>",146.51889563,7.31005336,-7.31005336,0,"<a refstr=MORALES_ET_AL_2025 href=https://ui.adsabs.harvard.edu/abs/2025A&A...700A.242M/abstract target=ref>Morales et al. 2025</a>",0.275000,,,0,"<a refstr=CALCULATED_VALUE href=/docs/pscp_calc.html target=_blank>Calculated Value</a>",97.19,2.42,-2.42,0,"<a refstr=CALCULATED_VALUE href=/docs/pscp_calc.html target=_blank>Calculated Value</a>",0.0138,0.0007,-0.0007,0,"<a refstr=CALCULATED_VALUE href=/docs/pscp_calc.html target=_blank>Calculated Value</a>",0.3376000000,0.0082000000,-0.0084000000,0,"<a refstr=MORALES_ET_AL_2025 href=https://ui.adsabs.harvard.edu/abs/2025A&A...700A.242M/abstract target=ref>Morales et al. 2025</a>",203.10900000000,0.03500000000,-0.03400000000,0,"<a refstr=MORALES_ET_AL_2025 href=https://ui.adsabs.harvard.edu/abs/2025A&A...700A.242M/abstract target=ref>Morales et al. 2025</a>",0.427900,0.003600,-0.003500,0,"<a refstr=MORALES_ET_AL_2025 href=https://ui.adsabs.harvard.edu/abs/2025A&A...700A.242M/abstract target=ref>Morales et al. 2025</a>",,,,,,,,,,,,,,,,,,,,,,,,,,,,,,,,,,,,71.28000,0.32000,-0.31000,0,"<a refstr=MORALES_ET_AL_2025 href=https://ui.adsabs.harvard.edu/abs/2025A&A...700A.242M/abstract target=ref>Morales et al. 2025</a>",,,,,,,,,,
"GJ 3512","GJ 3512 c","Msini",0,0,"Radial Velocity",2020,"Multiple Observatories","<a refstr=LOPEZ_SANTIAGO_ET_AL__2020 href=https://ui.adsabs.harvard.edu/abs/2020AJ....160..273L/abstract target=ref>Lopez-Santiago et al. 2020</a>",14.30000000,,,0,"<a refstr=CALCULATED_VALUE href=/docs/pscp_calc.html target=_blank>Calculated Value</a>",143.97626837,7.31005336,-7.31005336,0,"<a refstr=MORALES_ET_AL_2025 href=https://ui.adsabs.harvard.edu/abs/2025A&A...700A.242M/abstract target=ref>Morales et al. 2025</a>",0.271000,,,0,"<a refstr=CALCULATED_VALUE href=/docs/pscp_calc.html target=_blank>Calculated Value</a>",42.92,1.08,-1.08,0,"<a refstr=CALCULATED_VALUE href=/docs/pscp_calc.html target=_blank>Calculated Value</a>",0.0005,0.0000,-0.0000,0,"<a refstr=CALCULATED_VALUE href=/docs/pscp_calc.html target=_blank>Calculated Value</a>",1.7310000000,0.0430000000,-0.0460000000,0,"<a refstr=MORALES_ET_AL_2025 href=https://ui.adsabs.harvard.edu/abs/2025A&A...700A.242M/abstract target=ref>Morales et al. 2025</a>",2354.00000000000,36.00000000000,-30.00000000000,0,"<a refstr=MORALES_ET_AL_2025 href=https://ui.adsabs.harvard.edu/abs/2025A&A...700A.242M/abstract target=ref>Morales et al. 2025</a>",0.089000,0.012000,-0.012000,0,"<a refstr=MORALES_ET_AL_2025 href=https://ui.adsabs.harvard.edu/abs/2025A&A...700A.242M/abstract target=ref>Morales et al. 2025</a>",,,,,,,,,,,,,,,,,,,,,,,,,,,,,,,,,,,,28.02000,0.36000,-0.34000,0,"<a refstr=MORALES_ET_AL_2025 href=https://ui.adsabs.harvard.edu/abs/2025A&A...700A.242M/abstract target=ref>Morales et al. 2025</a>",,,,,,,,,,
"GJ 357","GJ 357 b","Mass",0,0,"Transit",2019,"Transiting Exoplanet Survey Satellite (TESS)","<a refstr=LUQUE_ET_AL__2019 href=https://ui.adsabs.harvard.edu/abs/2019A&A...628A..39L/abstract target=ref>Luque et al. 2019</a>",1.20000000,0.06000000,-0.06000000,0,"<a refstr=ODDO_ET_AL__2023 href=https://ui.adsabs.harvard.edu/abs/2023AJ....165..134O/abstract target=ref>Oddo et al. 2023</a>",1.83000000,0.30000000,-0.30000000,0,"<a refstr=WEISSERMAN_ET_AL_2026 href=https://ui.adsabs.harvard.edu/abs/2026A&A...709A.165W/abstract target=ref>Weisserman et al. 2026</a>",5.600000,1.700000,-1.300000,0,"<a refstr=LUQUE_ET_AL__2019 href=https://ui.adsabs.harvard.edu/abs/2019A&A...628A..39L/abstract target=ref>Luque et al. 2019</a>",518.00,44.00,-44.00,0,"<a refstr=ODDO_ET_AL__2023 href=https://ui.adsabs.harvard.edu/abs/2023AJ....165..134O/abstract target=ref>Oddo et al. 2023</a>",12.6000,1.1000,-0.8000,0,"<a refstr=LUQUE_ET_AL__2019 href=https://ui.adsabs.harvard.edu/abs/2019A&A...628A..39L/abstract target=ref>Luque et al. 2019</a>",0.0360000000,0.0004000000,-0.0004000000,0,"<a refstr=ODDO_ET_AL__2023 href=https://ui.adsabs.harvard.edu/abs/2023AJ....165..134O/abstract target=ref>Oddo et al. 2023</a>",3.93060000000,0.00000200000,-0.00000200000,0,"<a refstr=ODDO_ET_AL__2023 href=https://ui.adsabs.harvard.edu/abs/2023AJ....165..134O/abstract target=ref>Oddo et al. 2023</a>",,,,,,89.22800,0.48300,-0.48300,0,"<a refstr=ODDO_ET_AL__2023 href=https://ui.adsabs.harvard.edu/abs/2023AJ....165..134O/abstract target=ref>Oddo et al. 2023</a>",0.307000,0.160000,-0.160000,0,"<a refstr=ODDO_ET_AL__2023 href=https://ui.adsabs.harvard.edu/abs/2023AJ....165..134O/abstract target=ref>Oddo et al. 2023</a>",0.09550000,0.00620000,-0.00620000,0,"<a refstr=ODDO_ET_AL__2023 href=https://ui.adsabs.harvard.edu/abs/2023AJ....165..134O/abstract target=ref>Oddo et al. 2023</a>",1.2910000,0.1230000,-0.1230000,0,"<a refstr=ODDO_ET_AL__2023 href=https://ui.adsabs.harvard.edu/abs/2023AJ....165..134O/abstract target=ref>Oddo et al. 2023</a>",22.890000,1.211000,-1.211000,0,"<a refstr=ODDO_ET_AL__2023 href=https://ui.adsabs.harvard.edu/abs/2023AJ....165..134O/abstract target=ref>Oddo et al. 2023</a>",0.03090000,0.00100000,-0.00100000,0,"<a refstr=ODDO_ET_AL__2023 href=https://ui.adsabs.harvard.edu/abs/2023AJ....165..134O/abstract target=ref>Oddo et al. 2023</a>",,,,,,1.52000,0.25000,-0.25000,0,"<a refstr=LUQUE_ET_AL__2019 href=https://ui.adsabs.harvard.edu/abs/2019A&A...628A..39L/abstract target=ref>Luque et al. 2019</a>",,,,,,,,,,
"GJ 357","GJ 357 c","Msini",0,0,"Radial Velocity",2019,"Multiple Observatories","<a refstr=LUQUE_ET_AL__2019 href=https://ui.adsabs.harvard.edu/abs/2019A&A...628A..39L/abstract target=ref>Luque et al. 2019</a>",1.66000000,,,0,"<a refstr=CALCULATED_VALUE href=/docs/pscp_calc.html target=_blank>Calculated Value</a>",3.40000000,0.46000000,-0.46000000,0,"<a refstr=LUQUE_ET_AL__2019 href=https://ui.adsabs.harvard.edu/abs/2019A&A...628A..39L/abstract target=ref>Luque et al. 2019</a>",4.080000,,,0,"<a refstr=CALCULATED_VALUE href=/docs/pscp_calc.html target=_blank>Calculated Value</a>",401.20,10.80,-10.70,0,"<a refstr=LUQUE_ET_AL__2019 href=https://ui.adsabs.harvard.edu/abs/2019A&A...628A..39L/abstract target=ref>Luque et al. 2019</a>",4.4500,0.1400,-0.1400,0,"<a refstr=LUQUE_ET_AL__2019 href=https://ui.adsabs.harvard.edu/abs/2019A&A...628A..39L/abstract target=ref>Luque et al. 2019</a>",0.0610000000,0.0040000000,-0.0040000000,0,"<a refstr=LUQUE_ET_AL__2019 href=https://ui.adsabs.harvard.edu/abs/2019A&A...628A..39L/abstract target=ref>Luque et al. 2019</a>",9.12470000000,0.00110000000,-0.00100000000,0,"<a refstr=LUQUE_ET_AL__2019 href=https://ui.adsabs.harvard.edu/abs/2019A&A...628A..39L/abstract target=ref>Luque et al. 2019</a>",,,,,,,,,,,,,,,,,,,,,,,,,,,,,,,,,,,,,,,,,2.13000,0.28000,-0.28000,0,"<a refstr=LUQUE_ET_AL__2019 href=https://ui.adsabs.harvard.edu/abs/2019A&A...628A..39L/abstract target=ref>Luque et al. 2019</a>",,,,,,,,,,
"GJ 357","GJ 357 d","Msini",0,0,"Radial Velocity",2019,"Multiple Observatories","<a refstr=LUQUE_ET_AL__2019 href=https://ui.adsabs.harvard.edu/abs/2019A&A...628A..39L/abstract target=ref>Luque et al. 2019</a>",2.34000000,,,0,"<a refstr=CALCULATED_VALUE href=/docs/pscp_calc.html target=_blank>Calculated Value</a>",6.10000000,1.00000000,-1.00000000,0,"<a refstr=LUQUE_ET_AL__2019 href=https://ui.adsabs.harvard.edu/abs/2019A&A...628A..39L/abstract target=ref>Luque et al. 2019</a>",2.620000,,,0,"<a refstr=CALCULATED_VALUE href=/docs/pscp_calc.html target=_blank>Calculated Value</a>",219.60,5.90,-5.90,0,"<a refstr=LUQUE_ET_AL__2019 href=https://ui.adsabs.harvard.edu/abs/2019A&A...628A..39L/abstract target=ref>Luque et al. 2019</a>",0.3800,0.0100,-0.0100,0,"<a refstr=LUQUE_ET_AL__2019 href=https://ui.adsabs.harvard.edu/abs/2019A&A...628A..39L/abstract target=ref>Luque et al. 2019</a>",0.2040000000,0.0150000000,-0.0150000000,0,"<a refstr=LUQUE_ET_AL__2019 href=https://ui.adsabs.harvard.edu/abs/2019A&A...628A..39L/abstract target=ref>Luque et al. 2019</a>",55.66100000000,0.05500000000,-0.05500000000,0,"<a refstr=LUQUE_ET_AL__2019 href=https://ui.adsabs.harvard.edu/abs/2019A&A...628A..39L/abstract target=ref>Luque et al. 2019</a>",,,,,,,,,,,,,,,,,,,,,,,,,,,,,,,,,,,,,,,,,2.09000,0.34000,-0.35000,0,"<a refstr=LUQUE_ET_AL__2019 href=https://ui.adsabs.harvard.edu/abs/2019A&A...628A..39L/abstract target=ref>Luque et al. 2019</a>",,,,,,,,,,
"GJ 367","GJ 367 b","Mass",0,0,"Transit",2021,"Transiting Exoplanet Survey Satellite (TESS)","<a refstr=LAM_ET_AL__2021 href=https://ui.adsabs.harvard.edu/abs/2021Sci...374.1271L/abstract target=ref>Lam et al. 2021</a>",0.73600000,0.03500000,-0.03500000,0,"<a refstr=LEE_ET_AL_2026 href=https://ui.adsabs.harvard.edu/abs/2026arXiv260618355L/abstract target=ref>Lee et al. 2026</a>",0.50300000,0.07800000,-0.07800000,0,"<a refstr=LEE_ET_AL_2026 href=https://ui.adsabs.harvard.edu/abs/2026arXiv260618355L/abstract target=ref>Lee et al. 2026</a>",6.900000,1.600000,-1.400000,0,"<a refstr=LEE_ET_AL_2026 href=https://ui.adsabs.harvard.edu/abs/2026arXiv260618355L/abstract target=ref>Lee et al. 2026</a>",1329.00,50.00,-50.00,0,"<a refstr=LEE_ET_AL_2026 href=https://ui.adsabs.harvard.edu/abs/2026arXiv260618355L/abstract target=ref>Lee et al. 2026</a>",579.0000,57.0000,-52.0000,0,"<a refstr=GOFFO_ET_AL_2023 href=https://ui.adsabs.harvard.edu/abs/2023ApJ...955L...3G/abstract target=ref>Goffo et al. 2023</a>",0.0071000000,0.0002000000,-0.0002000000,0,"<a refstr=LAM_ET_AL__2021 href=https://ui.adsabs.harvard.edu/abs/2021Sci...374.1271L/abstract target=ref>Lam et al. 2021</a>",0.32192260000,0.00000100000,-0.00000100000,0,"<a refstr=LEE_ET_AL_2026 href=https://ui.adsabs.harvard.edu/abs/2026arXiv260618355L/abstract target=ref>Lee et al. 2026</a>",0.000000,,,0,"<a refstr=LEE_ET_AL_2026 href=https://ui.adsabs.harvard.edu/abs/2026arXiv260618355L/abstract target=ref>Lee et al. 2026</a>",78.60000,0.70000,-0.70000,0,"<a refstr=LEE_ET_AL_2026 href=https://ui.adsabs.harvard.edu/abs/2026arXiv260618355L/abstract target=ref>Lee et al. 2026</a>",0.680000,0.040000,-0.040000,0,"<a refstr=LEE_ET_AL_2026 href=https://ui.adsabs.harvard.edu/abs/2026arXiv260618355L/abstract target=ref>Lee et al. 2026</a>",0.02120000,0.00420000,-0.00420000,0,"<a refstr=LAM_ET_AL__2021 href=https://ui.adsabs.harvard.edu/abs/2021Sci...374.1271L/abstract target=ref>Lam et al. 2021</a>",0.6290000,0.0080000,-0.0080000,0,"<a refstr=GOFFO_ET_AL_2023 href=https://ui.adsabs.harvard.edu/abs/2023ApJ...955L...3G/abstract target=ref>Goffo et al. 2023</a>",3.330000,0.170000,-0.170000,0,"<a refstr=LEE_ET_AL_2026 href=https://ui.adsabs.harvard.edu/abs/2026arXiv260618355L/abstract target=ref>Lee et al. 2026</a>",0.01480000,0.00040000,-0.00040000,0,"<a refstr=LEE_ET_AL_2026 href=https://ui.adsabs.harvard.edu/abs/2026arXiv260618355L/abstract target=ref>Lee et al. 2026</a>",,,,,,0.78000,0.12000,-0.12000,0,"<a refstr=LEE_ET_AL_2026 href=https://ui.adsabs.harvard.edu/abs/2026arXiv260618355L/abstract target=ref>Lee et al. 2026</a>",,,,,,,,,,
"GJ 367","GJ 367 c","Msini",0,0,"Radial Velocity",2023,"La Silla Observatory","<a refstr=GOFFO_ET_AL_2023 href=https://ui.adsabs.harvard.edu/abs/2023ApJ...955L...3G/abstract target=ref>Goffo et al. 2023</a>",1.86000000,,,0,"<a refstr=CALCULATED_VALUE href=/docs/pscp_calc.html target=_blank>Calculated Value</a>",4.13000000,0.36000000,-0.36000000,0,"<a refstr=GOFFO_ET_AL_2023 href=https://ui.adsabs.harvard.edu/abs/2023ApJ...955L...3G/abstract target=ref>Goffo et al. 2023</a>",3.530000,,,0,"<a refstr=CALCULATED_VALUE href=/docs/pscp_calc.html target=_blank>Calculated Value</a>",,,,,,,,,,,,,,,,11.53010000000,0.00780000000,-0.00780000000,0,"<a refstr=GOFFO_ET_AL_2023 href=https://ui.adsabs.harvard.edu/abs/2023ApJ...955L...3G/abstract target=ref>Goffo et al. 2023</a>",0.090000,0.070000,-0.070000,0,"<a refstr=GOFFO_ET_AL_2023 href=https://ui.adsabs.harvard.edu/abs/2023ApJ...955L...3G/abstract target=ref>Goffo et al. 2023</a>",,,,,,,,,,,,,,,,,,,,,,,,,,,,,,,,,,,,1.99000,0.17000,-0.17000,0,"<a refstr=GOFFO_ET_AL_2023 href=https://ui.adsabs.harvard.edu/abs/2023ApJ...955L...3G/abstract target=ref>Goffo et al. 2023</a>",,,,,,,,,,
"GJ 367","GJ 367 d","Msini",0,0,"Radial Velocity",2023,"La Silla Observatory","<a refstr=GOFFO_ET_AL_2023 href=https://ui.adsabs.harvard.edu/abs/2023ApJ...955L...3G/abstract target=ref>Goffo et al. 2023</a>",2.33000000,,,0,"<a refstr=CALCULATED_VALUE href=/docs/pscp_calc.html target=_blank>Calculated Value</a>",6.03000000,0.49000000,-0.49000000,0,"<a refstr=GOFFO_ET_AL_2023 href=https://ui.adsabs.harvard.edu/abs/2023ApJ...955L...3G/abstract target=ref>Goffo et al. 2023</a>",2.620000,,,0,"<a refstr=CALCULATED_VALUE href=/docs/pscp_calc.html target=_blank>Calculated Value</a>",,,,,,,,,,,,,,,,34.36900000000,0.07300000000,-0.07300000000,0,"<a refstr=GOFFO_ET_AL_2023 href=https://ui.adsabs.harvard.edu/abs/2023ApJ...955L...3G/abstract target=ref>Goffo et al. 2023</a>",0.140000,0.090000,-0.090000,0,"<a refstr=GOFFO_ET_AL_2023 href=https://ui.adsabs.harvard.edu/abs/2023ApJ...955L...3G/abstract target=ref>Goffo et al. 2023</a>",,,,,,,,,,,,,,,,,,,,,,,,,,,,,,,,,,,,2.03000,0.16000,-0.16000,0,"<a refstr=GOFFO_ET_AL_2023 href=https://ui.adsabs.harvard.edu/abs/2023ApJ...955L...3G/abstract target=ref>Goffo et al. 2023</a>",,,,,,,,,,
"GJ 3779","GJ 3779 b","Msini",0,0,"Radial Velocity",2018,"Calar Alto Observatory","<a refstr=LUQUE_ET_AL__2018 href=https://ui.adsabs.harvard.edu/abs/2018A&A...620A.171L/abstract target=ref>Luque et al. 2018</a>",2.75000000,,,0,"<a refstr=CALCULATED_VALUE href=/docs/pscp_calc.html target=_blank>Calculated Value</a>",8.00000000,0.50000000,-0.50000000,0,"<a refstr=LUQUE_ET_AL__2018 href=https://ui.adsabs.harvard.edu/abs/2018A&A...620A.171L/abstract target=ref>Luque et al. 2018</a>",2.110000,,,0,"<a refstr=CALCULATED_VALUE href=/docs/pscp_calc.html target=_blank>Calculated Value</a>",526.94,16.00,-16.00,0,"<a refstr=CALCULATED_VALUE href=/docs/pscp_calc.html target=_blank>Calculated Value</a>",12.8254,0.9999,-0.9999,0,"<a refstr=CALCULATED_VALUE href=/docs/pscp_calc.html target=_blank>Calculated Value</a>",0.0260000000,0.0010000000,-0.0010000000,0,"<a refstr=LUQUE_ET_AL__2018 href=https://ui.adsabs.harvard.edu/abs/2018A&A...620A.171L/abstract target=ref>Luque et al. 2018</a>",3.02320000000,0.00130000000,-0.00130000000,0,"<a refstr=LUQUE_ET_AL__2018 href=https://ui.adsabs.harvard.edu/abs/2018A&A...620A.171L/abstract target=ref>Luque et al. 2018</a>",0.070000,0.050000,-0.050000,0,"<a refstr=LUQUE_ET_AL__2018 href=https://ui.adsabs.harvard.edu/abs/2018A&A...620A.171L/abstract target=ref>Luque et al. 2018</a>",,,,,,,,,,,,,,,,,,,,,,,,,,,,,,,,,,,,8.61000,0.40000,-0.40000,0,"<a refstr=LUQUE_ET_AL__2018 href=https://ui.adsabs.harvard.edu/abs/2018A&A...620A.171L/abstract target=ref>Luque et al. 2018</a>",,,,,,,,,,
"GJ 393","GJ 393 b","Msini",0,0,"Radial Velocity",2021,"Multiple Observatories","<a refstr=AMADO_ET_AL__2021 href=https://ui.adsabs.harvard.edu/abs/2021A&A...650A.188A/abstract target=ref>Amado et al. 2021</a>",1.17000000,,,0,"<a refstr=CALCULATED_VALUE href=/docs/pscp_calc.html target=_blank>Calculated Value</a>",1.71000000,0.24000000,-0.24000000,0,"<a refstr=AMADO_ET_AL__2021 href=https://ui.adsabs.harvard.edu/abs/2021A&A...650A.188A/abstract target=ref>Amado et al. 2021</a>",5.870000,,,0,"<a refstr=CALCULATED_VALUE href=/docs/pscp_calc.html target=_blank>Calculated Value</a>",485.00,11.00,-11.00,0,"<a refstr=AMADO_ET_AL__2021 href=https://ui.adsabs.harvard.edu/abs/2021A&A...650A.188A/abstract target=ref>Amado et al. 2021</a>",9.2100,0.3100,-0.3100,0,"<a refstr=AMADO_ET_AL__2021 href=https://ui.adsabs.harvard.edu/abs/2021A&A...650A.188A/abstract target=ref>Amado et al. 2021</a>",0.0540200000,0.0007200000,-0.0007200000,0,"<a refstr=AMADO_ET_AL__2021 href=https://ui.adsabs.harvard.edu/abs/2021A&A...650A.188A/abstract target=ref>Amado et al. 2021</a>",7.02679000000,0.00082000000,-0.00085000000,0,"<a refstr=AMADO_ET_AL__2021 href=https://ui.adsabs.harvard.edu/abs/2021A&A...650A.188A/abstract target=ref>Amado et al. 2021</a>",,,,,,,,,,,,,,,,,,,,,,,,,,,,,,,,,,,,,,,,,1.01000,0.14000,-0.14000,0,"<a refstr=AMADO_ET_AL__2021 href=https://ui.adsabs.harvard.edu/abs/2021A&A...650A.188A/abstract target=ref>Amado et al. 2021</a>",,,,,,,,,,
"GJ 3988","GJ 3988 b","Msini",0,0,"Radial Velocity",2023,"Calar Alto Observatory","<a refstr=GORRINI_ET_AL_2023 href=https://ui.adsabs.harvard.edu/abs/2023A&A...680A..28G/abstract target=ref>Gorrini et al. 2023</a>",1.74000000,,,0,"<a refstr=CALCULATED_VALUE href=/docs/pscp_calc.html target=_blank>Calculated Value</a>",3.69000000,0.42000000,-0.41000000,0,"<a refstr=GORRINI_ET_AL_2023 href=https://ui.adsabs.harvard.edu/abs/2023A&A...680A..28G/abstract target=ref>Gorrini et al. 2023</a>",3.850000,,,0,"<a refstr=CALCULATED_VALUE href=/docs/pscp_calc.html target=_blank>Calculated Value</a>",348.00,17.00,-16.00,0,"<a refstr=GORRINI_ET_AL_2023 href=https://ui.adsabs.harvard.edu/abs/2023A&A...680A..28G/abstract target=ref>Gorrini et al. 2023</a>",2.4500,0.1500,-0.1300,0,"<a refstr=GORRINI_ET_AL_2023 href=https://ui.adsabs.harvard.edu/abs/2023A&A...680A..28G/abstract target=ref>Gorrini et al. 2023</a>",0.0405000000,0.0011000000,-0.0012000000,0,"<a refstr=GORRINI_ET_AL_2023 href=https://ui.adsabs.harvard.edu/abs/2023A&A...680A..28G/abstract target=ref>Gorrini et al. 2023</a>",6.94420000000,0.00100000000,-0.00100000000,0,"<a refstr=GORRINI_ET_AL_2023 href=https://ui.adsabs.harvard.edu/abs/2023A&A...680A..28G/abstract target=ref>Gorrini et al. 2023</a>",0.000000,,,0,"<a refstr=GORRINI_ET_AL_2023 href=https://ui.adsabs.harvard.edu/abs/2023A&A...680A..28G/abstract target=ref>Gorrini et al. 2023</a>",,,,,,,,,,,,,,,,,,,,,,,,,,,,,,,,,,,,3.83000,0.37000,-0.37000,0,"<a refstr=GORRINI_ET_AL_2023 href=https://ui.adsabs.harvard.edu/abs/2023A&A...680A..28G/abstract target=ref>Gorrini et al. 2023</a>",,,,,,,,,,
"GJ 411","GJ 411 b","Msini",0,0,"Radial Velocity",2019,"Haute-Provence Observatory","<a refstr=D_IACUTE_AZ_ET_AL__2019 href=https://ui.adsabs.harvard.edu/abs/2019A&A...625A..17D/abstract target=ref>D&iacute;az et al. 2019</a>",1.45000000,,,0,"<a refstr=CALCULATED_VALUE href=/docs/pscp_calc.html target=_blank>Calculated Value</a>",2.69000000,0.19000000,-0.18000000,0,"<a refstr=HURT_ET_AL__2022 href=https://ui.adsabs.harvard.edu/abs/2022AJ....163..218H/abstract target=ref>Hurt et al. 2022</a>",4.850000,,,0,"<a refstr=CALCULATED_VALUE href=/docs/pscp_calc.html target=_blank>Calculated Value</a>",349.83,0.32,-0.32,0,"<a refstr=D_IACUTE_AZ_ET_AL__2019 href=https://ui.adsabs.harvard.edu/abs/2019A&A...625A..17D/abstract target=ref>D&iacute;az et al. 2019</a>",3.1300,0.2000,-0.2200,0,"<a refstr=STOCK_ET_AL__2020 href=https://ui.adsabs.harvard.edu/abs/2020A&A...643A.112S/abstract target=ref>Stock et al. 2020</a>",0.0787900000,0.0005600000,-0.0005500000,0,"<a refstr=HURT_ET_AL__2022 href=https://ui.adsabs.harvard.edu/abs/2022AJ....163..218H/abstract target=ref>Hurt et al. 2022</a>",12.93940000000,0.00140000000,-0.00130000000,0,"<a refstr=HURT_ET_AL__2022 href=https://ui.adsabs.harvard.edu/abs/2022AJ....163..218H/abstract target=ref>Hurt et al. 2022</a>",0.063000,0.061000,-0.043000,0,"<a refstr=HURT_ET_AL__2022 href=https://ui.adsabs.harvard.edu/abs/2022AJ....163..218H/abstract target=ref>Hurt et al. 2022</a>",,,,,,,,,,,,,,,,,,,,,,,,,,,,,,,,,,,,1.38100,0.09300,-0.09200,0,"<a refstr=HURT_ET_AL__2022 href=https://ui.adsabs.harvard.edu/abs/2022AJ....163..218H/abstract target=ref>Hurt et al. 2022</a>",,,,,,,,,,
"GJ 414 A","GJ 414 A b","Msini",0,0,"Radial Velocity",2021,"W. M. Keck Observatory","<a refstr=DEDRICK_ET_AL__2021 href=https://ui.adsabs.harvard.edu/abs/2021AJ....161...86D/abstract target=ref>Dedrick et al. 2021</a>",2.63000000,1.22000000,-0.85000000,0,"<a refstr=DEDRICK_ET_AL__2021 href=https://ui.adsabs.harvard.edu/abs/2021AJ....161...86D/abstract target=ref>Dedrick et al. 2021</a>",7.60000000,2.44000000,-2.19000000,0,"<a refstr=DEDRICK_ET_AL__2021 href=https://ui.adsabs.harvard.edu/abs/2021AJ....161...86D/abstract target=ref>Dedrick et al. 2021</a>",2.300000,,,0,"<a refstr=CALCULATED_VALUE href=/docs/pscp_calc.html target=_blank>Calculated Value</a>",308.60,33.50,-33.50,0,"<a refstr=DEDRICK_ET_AL__2021 href=https://ui.adsabs.harvard.edu/abs/2021AJ....161...86D/abstract target=ref>Dedrick et al. 2021</a>",2.2033,0.3020,-0.3020,0,"<a refstr=CALCULATED_VALUE href=/docs/pscp_calc.html target=_blank>Calculated Value</a>",0.2324000000,0.0092000000,-0.0099000000,0,"<a refstr=DEDRICK_ET_AL__2021 href=https://ui.adsabs.harvard.edu/abs/2021AJ....161...86D/abstract target=ref>Dedrick et al. 2021</a>",50.80000000000,0.10000000000,-0.26000000000,0,"<a refstr=DEDRICK_ET_AL__2021 href=https://ui.adsabs.harvard.edu/abs/2021AJ....161...86D/abstract target=ref>Dedrick et al. 2021</a>",0.450000,0.190000,-0.220000,0,"<a refstr=DEDRICK_ET_AL__2021 href=https://ui.adsabs.harvard.edu/abs/2021AJ....161...86D/abstract target=ref>Dedrick et al. 2021</a>",,,,,,,,,,,,,,,,,,,,,,,,,,,,,,,,,,,,2.05000,0.62000,-0.58000,0,"<a refstr=DEDRICK_ET_AL__2021 href=https://ui.adsabs.harvard.edu/abs/2021AJ....161...86D/abstract target=ref>Dedrick et al. 2021</a>",,,,,,,,,,
"GJ 414 A","GJ 414 A c","Msini",0,0,"Radial Velocity",2021,"W. M. Keck Observatory","<a refstr=DEDRICK_ET_AL__2021 href=https://ui.adsabs.harvard.edu/abs/2021AJ....161...86D/abstract target=ref>Dedrick et al. 2021</a>",8.40000000,3.60000000,-2.50000000,0,"<a refstr=DEDRICK_ET_AL__2021 href=https://ui.adsabs.harvard.edu/abs/2021AJ....161...86D/abstract target=ref>Dedrick et al. 2021</a>",53.83000000,9.18000000,-8.58000000,0,"<a refstr=DEDRICK_ET_AL__2021 href=https://ui.adsabs.harvard.edu/abs/2021AJ....161...86D/abstract target=ref>Dedrick et al. 2021</a>",0.499000,,,0,"<a refstr=CALCULATED_VALUE href=/docs/pscp_calc.html target=_blank>Calculated Value</a>",124.70,13.50,-13.50,0,"<a refstr=DEDRICK_ET_AL__2021 href=https://ui.adsabs.harvard.edu/abs/2021AJ....161...86D/abstract target=ref>Dedrick et al. 2021</a>",0.0607,0.0083,-0.0083,0,"<a refstr=CALCULATED_VALUE href=/docs/pscp_calc.html target=_blank>Calculated Value</a>",1.4000000000,0.0550000000,-0.0600000000,0,"<a refstr=DEDRICK_ET_AL__2021 href=https://ui.adsabs.harvard.edu/abs/2021AJ....161...86D/abstract target=ref>Dedrick et al. 2021</a>",749.83000000000,4.35000000000,-3.63000000000,0,"<a refstr=DEDRICK_ET_AL__2021 href=https://ui.adsabs.harvard.edu/abs/2021AJ....161...86D/abstract target=ref>Dedrick et al. 2021</a>",0.105000,0.110000,-0.703000,0,"<a refstr=DEDRICK_ET_AL__2021 href=https://ui.adsabs.harvard.edu/abs/2021AJ....161...86D/abstract target=ref>Dedrick et al. 2021</a>",,,,,,,,,,,,,,,,,,,,,,,,,,,,,,,,,,,,5.14000,0.74000,-0.72000,0,"<a refstr=DEDRICK_ET_AL__2021 href=https://ui.adsabs.harvard.edu/abs/2021AJ....161...86D/abstract target=ref>Dedrick et al. 2021</a>",,,,,,,,,,
"GJ 422","GJ 422 b","Msini",0,0,"Radial Velocity",2014,"Multiple Observatories","<a refstr=TUOMI_ET_AL__2014 href=https://ui.adsabs.harvard.edu/abs/2014MNRAS.441.1545T/abstract target=ref>Tuomi et al. 2014</a>",3.33000000,,,0,"<a refstr=CALCULATED_VALUE href=/docs/pscp_calc.html target=_blank>Calculated Value</a>",11.07000000,1.12000000,-1.12000000,0,"<a refstr=FENG_ET_AL__2020 href=https://ui.adsabs.harvard.edu/abs/2020ApJS..246...11F/abstract target=ref>Feng et al. 2020</a>",1.650000,,,0,"<a refstr=CALCULATED_VALUE href=/docs/pscp_calc.html target=_blank>Calculated Value</a>",292.68,,,0,"<a refstr=CALCULATED_VALUE href=/docs/pscp_calc.html target=_blank>Calculated Value</a>",0.8928,,,0,"<a refstr=CALCULATED_VALUE href=/docs/pscp_calc.html target=_blank>Calculated Value</a>",0.1110000000,0.0040000000,-0.0040000000,0,"<a refstr=FENG_ET_AL__2020 href=https://ui.adsabs.harvard.edu/abs/2020ApJS..246...11F/abstract target=ref>Feng et al. 2020</a>",20.12900000000,0.00500000000,-0.00500000000,0,"<a refstr=FENG_ET_AL__2020 href=https://ui.adsabs.harvard.edu/abs/2020ApJS..246...11F/abstract target=ref>Feng et al. 2020</a>",0.110000,0.040000,-0.040000,0,"<a refstr=FENG_ET_AL__2020 href=https://ui.adsabs.harvard.edu/abs/2020ApJS..246...11F/abstract target=ref>Feng et al. 2020</a>",,,,,,,,,,,,,,,,,,,,,,,,,,,,,,,,,,,,4.47000,0.34000,-0.34000,0,"<a refstr=FENG_ET_AL__2020 href=https://ui.adsabs.harvard.edu/abs/2020ApJS..246...11F/abstract target=ref>Feng et al. 2020</a>",,,,,,,,,,
"GJ 4274","GJ 4274 b","Msini",0,0,"Radial Velocity",2026,"Mauna Kea Observatory","<a refstr=CHARPENTIER_ET_AL_2026 href=https://ui.adsabs.harvard.edu/abs/2026A&A...705A.243C/abstract target=ref>Charpentier et al. 2026</a>",1.53000000,,,0,"<a refstr=CALCULATED_VALUE href=/docs/pscp_calc.html target=_blank>Calculated Value</a>",2.97000000,0.54000000,-0.50000000,0,"<a refstr=CHARPENTIER_ET_AL_2026 href=https://ui.adsabs.harvard.edu/abs/2026A&A...705A.243C/abstract target=ref>Charpentier et al. 2026</a>",4.560000,,,0,"<a refstr=CALCULATED_VALUE href=/docs/pscp_calc.html target=_blank>Calculated Value</a>",548.53,20.60,-20.60,0,"<a refstr=CALCULATED_VALUE href=/docs/pscp_calc.html target=_blank>Calculated Value</a>",14.7000,1.5000,-1.5000,0,"<a refstr=CHARPENTIER_ET_AL_2026 href=https://ui.adsabs.harvard.edu/abs/2026A&A...705A.243C/abstract target=ref>Charpentier et al. 2026</a>",0.0153000000,0.0008000000,-0.0008000000,0,"<a refstr=CHARPENTIER_ET_AL_2026 href=https://ui.adsabs.harvard.edu/abs/2026A&A...705A.243C/abstract target=ref>Charpentier et al. 2026</a>",1.63390000000,0.00010000000,-0.00010000000,0,"<a refstr=CHARPENTIER_ET_AL_2026 href=https://ui.adsabs.harvard.edu/abs/2026A&A...705A.243C/abstract target=ref>Charpentier et al. 2026</a>",,,,,,,,,,,,,,,,,,,,,,,,,,,,,,,,,,,,,,,,,5.10000,0.70000,-0.67000,0,"<a refstr=CHARPENTIER_ET_AL_2026 href=https://ui.adsabs.harvard.edu/abs/2026A&A...705A.243C/abstract target=ref>Charpentier et al. 2026</a>",,,,,,,,,,
"GJ 4274","GJ 4274 c","Msini",0,0,"Radial Velocity",2026,"Mauna Kea Observatory","<a refstr=CHARPENTIER_ET_AL_2026 href=https://ui.adsabs.harvard.edu/abs/2026A&A...705A.243C/abstract target=ref>Charpentier et al. 2026</a>",2.83000000,,,0,"<a refstr=CALCULATED_VALUE href=/docs/pscp_calc.html target=_blank>Calculated Value</a>",8.39000000,1.68000000,-1.57000000,0,"<a refstr=CHARPENTIER_ET_AL_2026 href=https://ui.adsabs.harvard.edu/abs/2026A&A...705A.243C/abstract target=ref>Charpentier et al. 2026</a>",2.030000,,,0,"<a refstr=CALCULATED_VALUE href=/docs/pscp_calc.html target=_blank>Calculated Value</a>",157.32,5.99,-5.99,0,"<a refstr=CALCULATED_VALUE href=/docs/pscp_calc.html target=_blank>Calculated Value</a>",0.1000,0.0110,-0.0110,0,"<a refstr=CHARPENTIER_ET_AL_2026 href=https://ui.adsabs.harvard.edu/abs/2026A&A...705A.243C/abstract target=ref>Charpentier et al. 2026</a>",0.1860000000,0.0100000000,-0.0100000000,0,"<a refstr=CHARPENTIER_ET_AL_2026 href=https://ui.adsabs.harvard.edu/abs/2026A&A...705A.243C/abstract target=ref>Charpentier et al. 2026</a>",69.57000000000,0.32000000000,-1.14000000000,0,"<a refstr=CHARPENTIER_ET_AL_2026 href=https://ui.adsabs.harvard.edu/abs/2026A&A...705A.243C/abstract target=ref>Charpentier et al. 2026</a>",,,,,,,,,,,,,,,,,,,,,,,,,,,,,,,,,,,,,,,,,4.11000,0.64000,-0.64000,0,"<a refstr=CHARPENTIER_ET_AL_2026 href=https://ui.adsabs.harvard.edu/abs/2026A&A...705A.243C/abstract target=ref>Charpentier et al. 2026</a>",,,,,,,,,,
"GJ 433","GJ 433 b","Msini",0,0,"Radial Velocity",2013,"La Silla Observatory","<a refstr=DELFOSSE_ET_AL__2013 href=https://ui.adsabs.harvard.edu/abs/2013A%26A...553A...8D/abstract target=ref> Delfosse et al. 2013 </a>",2.33000000,,,0,"<a refstr=CALCULATED_VALUE href=/docs/pscp_calc.html target=_blank>Calculated Value</a>",6.04300000,0.59700000,-0.59700000,0,"<a refstr=FENG_ET_AL__2020 href=https://ui.adsabs.harvard.edu/abs/2020ApJS..246...11F/abstract target=ref>Feng et al. 2020</a>",2.630000,,,0,"<a refstr=CALCULATED_VALUE href=/docs/pscp_calc.html target=_blank>Calculated Value</a>",473.94,28.98,-28.98,0,"<a refstr=CALCULATED_VALUE href=/docs/pscp_calc.html target=_blank>Calculated Value</a>",5.2029,,,0,"<a refstr=CALCULATED_VALUE href=/docs/pscp_calc.html target=_blank>Calculated Value</a>",0.0620000000,0.0020000000,-0.0020000000,0,"<a refstr=FENG_ET_AL__2020 href=https://ui.adsabs.harvard.edu/abs/2020ApJS..246...11F/abstract target=ref>Feng et al. 2020</a>",7.37050000000,0.00050000000,-0.00050000000,0,"<a refstr=FENG_ET_AL__2020 href=https://ui.adsabs.harvard.edu/abs/2020ApJS..246...11F/abstract target=ref>Feng et al. 2020</a>",0.040000,0.030000,-0.030000,0,"<a refstr=FENG_ET_AL__2020 href=https://ui.adsabs.harvard.edu/abs/2020ApJS..246...11F/abstract target=ref>Feng et al. 2020</a>",,,,,,,,,,,,,,,,,,,,,,,,,,,,,,,,,,,,2.86000,0.21000,-0.21000,0,"<a refstr=FENG_ET_AL__2020 href=https://ui.adsabs.harvard.edu/abs/2020ApJS..246...11F/abstract target=ref>Feng et al. 2020</a>",,,,,,,,,,
"GJ 433","GJ 433 c","Msini",0,0,"Radial Velocity",2014,"Multiple Observatories","<a refstr=TUOMI_ET_AL__2014 href=https://ui.adsabs.harvard.edu/abs/2014MNRAS.441.1545T/abstract target=ref>Tuomi et al. 2014</a>",6.27000000,,,0,"<a refstr=CALCULATED_VALUE href=/docs/pscp_calc.html target=_blank>Calculated Value</a>",32.42200000,6.32900000,-6.32900000,0,"<a refstr=FENG_ET_AL__2020 href=https://ui.adsabs.harvard.edu/abs/2020ApJS..246...11F/abstract target=ref>Feng et al. 2020</a>",0.723000,,,0,"<a refstr=CALCULATED_VALUE href=/docs/pscp_calc.html target=_blank>Calculated Value</a>",53.76,3.93,-3.93,0,"<a refstr=CALCULATED_VALUE href=/docs/pscp_calc.html target=_blank>Calculated Value</a>",0.0009,,,0,"<a refstr=CALCULATED_VALUE href=/docs/pscp_calc.html target=_blank>Calculated Value</a>",4.8190000000,0.4170000000,-0.4170000000,0,"<a refstr=FENG_ET_AL__2020 href=https://ui.adsabs.harvard.edu/abs/2020ApJS..246...11F/abstract target=ref>Feng et al. 2020</a>",5094.10500000000,608.61700000000,-608.61700000000,0,"<a refstr=FENG_ET_AL__2020 href=https://ui.adsabs.harvard.edu/abs/2020ApJS..246...11F/abstract target=ref>Feng et al. 2020</a>",0.120000,0.070000,-0.070000,0,"<a refstr=FENG_ET_AL__2020 href=https://ui.adsabs.harvard.edu/abs/2020ApJS..246...11F/abstract target=ref>Feng et al. 2020</a>",,,,,,,,,,,,,,,,,,,,,,,,,,,,,,,,,,,,1.75000,0.31000,-0.31000,0,"<a refstr=FENG_ET_AL__2020 href=https://ui.adsabs.harvard.edu/abs/2020ApJS..246...11F/abstract target=ref>Feng et al. 2020</a>",,,,,,,,,,
"GJ 433","GJ 433 d","Msini",0,0,"Radial Velocity",2020,"Multiple Facilities","<a refstr=FENG_ET_AL__2020 href=https://ui.adsabs.harvard.edu/abs/2020ApJS..246...11F/abstract target=ref>Feng et al. 2020</a>",2.14000000,,,0,"<a refstr=CALCULATED_VALUE href=/docs/pscp_calc.html target=_blank>Calculated Value</a>",5.22300000,0.92100000,-0.92100000,0,"<a refstr=FENG_ET_AL__2020 href=https://ui.adsabs.harvard.edu/abs/2020ApJS..246...11F/abstract target=ref>Feng et al. 2020</a>",2.930000,,,0,"<a refstr=CALCULATED_VALUE href=/docs/pscp_calc.html target=_blank>Calculated Value</a>",279.71,17.16,-17.16,0,"<a refstr=CALCULATED_VALUE href=/docs/pscp_calc.html target=_blank>Calculated Value</a>",0.6312,,,0,"<a refstr=CALCULATED_VALUE href=/docs/pscp_calc.html target=_blank>Calculated Value</a>",0.1780000000,0.0060000000,-0.0060000000,0,"<a refstr=FENG_ET_AL__2020 href=https://ui.adsabs.harvard.edu/abs/2020ApJS..246...11F/abstract target=ref>Feng et al. 2020</a>",36.05900000000,0.01600000000,-0.01600000000,0,"<a refstr=FENG_ET_AL__2020 href=https://ui.adsabs.harvard.edu/abs/2020ApJS..246...11F/abstract target=ref>Feng et al. 2020</a>",0.070000,0.050000,-0.050000,0,"<a refstr=FENG_ET_AL__2020 href=https://ui.adsabs.harvard.edu/abs/2020ApJS..246...11F/abstract target=ref>Feng et al. 2020</a>",,,,,,,,,,,,,,,,,,,,,,,,,,,,,,,,,,,,1.46000,0.24000,-0.24000,0,"<a refstr=FENG_ET_AL__2020 href=https://ui.adsabs.harvard.edu/abs/2020ApJS..246...11F/abstract target=ref>Feng et al. 2020</a>",,,,,,,,,,
"GJ 436","GJ 436 b","Mass",0,0,"Radial Velocity",2004,"W. M. Keck Observatory","<a refstr=BUTLER_ET_AL__2004 href=https://ui.adsabs.harvard.edu/abs/2004ApJ...617..580B/abstract target=ref> Butler et al. 2004 </a>",4.17000000,0.16800000,-0.16800000,0,"<a refstr=MACIEJEWSKI_ET_AL__2014 href=https://ui.adsabs.harvard.edu/abs/2014AcA....64..323M/abstract target=ref>Maciejewski et al. 2014</a>",22.10000000,2.30000000,-2.30000000,0,"<a refstr=MACIEJEWSKI_ET_AL__2014 href=https://ui.adsabs.harvard.edu/abs/2014AcA....64..323M/abstract target=ref>Maciejewski et al. 2014</a>",1.800000,0.290000,-0.290000,0,"<a refstr=MACIEJEWSKI_ET_AL__2014 href=https://ui.adsabs.harvard.edu/abs/2014AcA....64..323M/abstract target=ref>Maciejewski et al. 2014</a>",686.00,10.00,-10.00,0,"<a refstr=TURNER_ET_AL__2016 href=https://ui.adsabs.harvard.edu/abs/2016MNRAS.459..789T/abstract target=ref>Turner et al. 2016</a>",29.4322,,,0,"<a refstr=EXOFOP href=https://exofop.ipac.caltech.edu/tess/view_toi.php target=ref>ExoFOP</a>",0.0291000000,0.0015000000,-0.0015000000,0,"<a refstr=MACIEJEWSKI_ET_AL__2014 href=https://ui.adsabs.harvard.edu/abs/2014AcA....64..323M/abstract target=ref>Maciejewski et al. 2014</a>",2.64388312000,0.00000057000,-0.00000057000,0,"<a refstr=MACIEJEWSKI_ET_AL__2014 href=https://ui.adsabs.harvard.edu/abs/2014AcA....64..323M/abstract target=ref>Maciejewski et al. 2014</a>",0.138270,0.000180,-0.000180,0,"<a refstr=MACIEJEWSKI_ET_AL__2014 href=https://ui.adsabs.harvard.edu/abs/2014AcA....64..323M/abstract target=ref>Maciejewski et al. 2014</a>",86.44000,0.17000,-0.16000,0,"<a refstr=MACIEJEWSKI_ET_AL__2014 href=https://ui.adsabs.harvard.edu/abs/2014AcA....64..323M/abstract target=ref>Maciejewski et al. 2014</a>",0.736000,0.042000,-0.041000,0,"<a refstr=MACIEJEWSKI_ET_AL__2014 href=https://ui.adsabs.harvard.edu/abs/2014AcA....64..323M/abstract target=ref>Maciejewski et al. 2014</a>",0.68190000,0.00280000,-0.00280000,0,"<a refstr=BOURRIER_ET_AL__2018 href=https://ui.adsabs.harvard.edu/abs/2018Natur.553..477B/abstract target=ref>Bourrier et al. 2018</a>",1.0053600,0.0033600,-0.0033600,0,"<a refstr=LANOTTE_ET_AL__2014 href=https://ui.adsabs.harvard.edu/abs/2014A&A...572A..73L/abstract target=ref>Lanotte et al. 2014</a>",13.730000,0.460000,-0.430000,0,"<a refstr=MACIEJEWSKI_ET_AL__2014 href=https://ui.adsabs.harvard.edu/abs/2014AcA....64..323M/abstract target=ref>Maciejewski et al. 2014</a>",0.08220000,0.00100000,-0.00110000,0,"<a refstr=MACIEJEWSKI_ET_AL__2014 href=https://ui.adsabs.harvard.edu/abs/2014AcA....64..323M/abstract target=ref>Maciejewski et al. 2014</a>",,,,,,17.09000,0.22000,-0.22000,0,"<a refstr=MACIEJEWSKI_ET_AL__2014 href=https://ui.adsabs.harvard.edu/abs/2014AcA....64..323M/abstract target=ref>Maciejewski et al. 2014</a>",72.000,33.000,-24.000,0,"<a refstr=BOURRIER_ET_AL__2018 href=https://ui.adsabs.harvard.edu/abs/2018Natur.553..477B/abstract target=ref>Bourrier et al. 2018</a>",80.000,21.000,-18.000,0,"<a refstr=BOURRIER_ET_AL__2018 href=https://ui.adsabs.harvard.edu/abs/2018Natur.553..477B/abstract target=ref>Bourrier et al. 2018</a>"
"GJ 486","GJ 486 b","Mass",0,0,"Radial Velocity",2021,"Calar Alto Observatory","<a refstr=TRIFONOV_ET_AL__2021 href=https://ui.adsabs.harvard.edu/abs/2021Sci...371.1038T/abstract target=ref>Trifonov et al. 2021</a>",1.28900000,0.01900000,-0.01400000,0,"<a refstr=WEINER_MANSFIELD_ET_AL__2024 href=https://ui.adsabs.harvard.edu/abs/2024ApJ...975L..22W/abstract target=ref>Weiner Mansfield et al. 2024</a>",2.77000000,0.07600000,-0.07300000,0,"<a refstr=WEINER_MANSFIELD_ET_AL__2024 href=https://ui.adsabs.harvard.edu/abs/2024ApJ...975L..22W/abstract target=ref>Weiner Mansfield et al. 2024</a>",6.660000,0.230000,-0.290000,0,"<a refstr=WEINER_MANSFIELD_ET_AL__2024 href=https://ui.adsabs.harvard.edu/abs/2024ApJ...975L..22W/abstract target=ref>Weiner Mansfield et al. 2024</a>",696.30,7.20,-7.30,0,"<a refstr=WEINER_MANSFIELD_ET_AL__2024 href=https://ui.adsabs.harvard.edu/abs/2024ApJ...975L..22W/abstract target=ref>Weiner Mansfield et al. 2024</a>",39.2000,1.7000,-1.6000,0,"<a refstr=WEINER_MANSFIELD_ET_AL__2024 href=https://ui.adsabs.harvard.edu/abs/2024ApJ...975L..22W/abstract target=ref>Weiner Mansfield et al. 2024</a>",0.0171400000,0.0001300000,-0.0001300000,0,"<a refstr=WEINER_MANSFIELD_ET_AL__2024 href=https://ui.adsabs.harvard.edu/abs/2024ApJ...975L..22W/abstract target=ref>Weiner Mansfield et al. 2024</a>",1.46712127000,0.00000031000,-0.00000035000,0,"<a refstr=WEINER_MANSFIELD_ET_AL__2024 href=https://ui.adsabs.harvard.edu/abs/2024ApJ...975L..22W/abstract target=ref>Weiner Mansfield et al. 2024</a>",0.000860,0.001600,-0.000430,0,"<a refstr=WEINER_MANSFIELD_ET_AL__2024 href=https://ui.adsabs.harvard.edu/abs/2024ApJ...975L..22W/abstract target=ref>Weiner Mansfield et al. 2024</a>",89.39000,0.41000,-0.42000,0,"<a refstr=WEINER_MANSFIELD_ET_AL__2024 href=https://ui.adsabs.harvard.edu/abs/2024ApJ...975L..22W/abstract target=ref>Weiner Mansfield et al. 2024</a>",0.120000,0.080000,-0.081000,0,"<a refstr=WEINER_MANSFIELD_ET_AL__2024 href=https://ui.adsabs.harvard.edu/abs/2024ApJ...975L..22W/abstract target=ref>Weiner Mansfield et al. 2024</a>",0.13871000,0.00044000,-0.00042000,0,"<a refstr=WEINER_MANSFIELD_ET_AL__2024 href=https://ui.adsabs.harvard.edu/abs/2024ApJ...975L..22W/abstract target=ref>Weiner Mansfield et al. 2024</a>",1.0158000,0.0009800,-0.0008400,0,"<a refstr=WEINER_MANSFIELD_ET_AL__2024 href=https://ui.adsabs.harvard.edu/abs/2024ApJ...975L..22W/abstract target=ref>Weiner Mansfield et al. 2024</a>",11.380000,0.074000,-0.150000,0,"<a refstr=WEINER_MANSFIELD_ET_AL__2024 href=https://ui.adsabs.harvard.edu/abs/2024ApJ...975L..22W/abstract target=ref>Weiner Mansfield et al. 2024</a>",0.03724400,0.00005900,-0.00005600,0,"<a refstr=WEINER_MANSFIELD_ET_AL__2024 href=https://ui.adsabs.harvard.edu/abs/2024ApJ...975L..22W/abstract target=ref>Weiner Mansfield et al. 2024</a>",,,,,,3.38900,0.07600,-0.07500,0,"<a refstr=WEINER_MANSFIELD_ET_AL__2024 href=https://ui.adsabs.harvard.edu/abs/2024ApJ...975L..22W/abstract target=ref>Weiner Mansfield et al. 2024</a>",,,,,,,,,,
"GJ 514","GJ 514 b","Msini",0,0,"Radial Velocity",2022,"Multiple Observatories","<a refstr=DAMASSO_ET_AL_2022 href=https://ui.adsabs.harvard.edu/abs/2022A&A...666A.187D/abstract target=ref>Damasso et al. 2022</a>",2.13000000,,,0,"<a refstr=CALCULATED_VALUE href=/docs/pscp_calc.html target=_blank>Calculated Value</a>",5.20000000,0.90000000,-0.90000000,0,"<a refstr=DAMASSO_ET_AL_2022 href=https://ui.adsabs.harvard.edu/abs/2022A&A...666A.187D/abstract target=ref>Damasso et al. 2022</a>",2.960000,,,0,"<a refstr=CALCULATED_VALUE href=/docs/pscp_calc.html target=_blank>Calculated Value</a>",202.00,11.00,-11.00,0,"<a refstr=DAMASSO_ET_AL_2022 href=https://ui.adsabs.harvard.edu/abs/2022A&A...666A.187D/abstract target=ref>Damasso et al. 2022</a>",0.2800,0.0700,-0.0600,0,"<a refstr=DAMASSO_ET_AL_2022 href=https://ui.adsabs.harvard.edu/abs/2022A&A...666A.187D/abstract target=ref>Damasso et al. 2022</a>",0.4220000000,0.0140000000,-0.0150000000,0,"<a refstr=DAMASSO_ET_AL_2022 href=https://ui.adsabs.harvard.edu/abs/2022A&A...666A.187D/abstract target=ref>Damasso et al. 2022</a>",140.43000000000,0.41000000000,-0.41000000000,0,"<a refstr=DAMASSO_ET_AL_2022 href=https://ui.adsabs.harvard.edu/abs/2022A&A...666A.187D/abstract target=ref>Damasso et al. 2022</a>",0.450000,0.150000,-0.140000,0,"<a refstr=DAMASSO_ET_AL_2022 href=https://ui.adsabs.harvard.edu/abs/2022A&A...666A.187D/abstract target=ref>Damasso et al. 2022</a>",,,,,,,,,,,,,,,,,,,,,,,,,,,,,,,,,,,,1.15000,0.21000,-0.19000,0,"<a refstr=DAMASSO_ET_AL_2022 href=https://ui.adsabs.harvard.edu/abs/2022A&A...666A.187D/abstract target=ref>Damasso et al. 2022</a>",,,,,,,,,,
"GJ 536","GJ 536 b","Msini",0,0,"Radial Velocity",2016,"La Silla Observatory","<a refstr=SU_AACUTE_REZ_MASCARE_NTILDE_O_ET_AL__2017 href=https://ui.adsabs.harvard.edu/abs/2017A&A...597A.108S/abstract target=ref>Su&aacute;rez Mascare&ntilde;o et al. 2017</a>",2.41000000,,,0,"<a refstr=CALCULATED_VALUE href=/docs/pscp_calc.html target=_blank>Calculated Value</a>",6.37000000,0.38000000,-0.38000000,0,"<a refstr=SUAREZ_MASCARENO_ET_AL_2025 href=https://ui.adsabs.harvard.edu/abs/2025A&A...702A.121S/abstract target=ref>Su&aacute;rez Mascare&ntilde;o et al. 2025</a>",2.500000,,,0,"<a refstr=CALCULATED_VALUE href=/docs/pscp_calc.html target=_blank>Calculated Value</a>",451.00,15.00,-15.00,0,"<a refstr=SUAREZ_MASCARENO_ET_AL_2025 href=https://ui.adsabs.harvard.edu/abs/2025A&A...702A.121S/abstract target=ref>Su&aacute;rez Mascare&ntilde;o et al. 2025</a>",9.9000,0.4100,-0.4100,0,"<a refstr=SUAREZ_MASCARENO_ET_AL_2025 href=https://ui.adsabs.harvard.edu/abs/2025A&A...702A.121S/abstract target=ref>Su&aacute;rez Mascare&ntilde;o et al. 2025</a>",0.0668000000,0.0012000000,-0.0012000000,0,"<a refstr=SUAREZ_MASCARENO_ET_AL_2025 href=https://ui.adsabs.harvard.edu/abs/2025A&A...702A.121S/abstract target=ref>Su&aacute;rez Mascare&ntilde;o et al. 2025</a>",8.70874000000,0.00056000000,-0.00056000000,0,"<a refstr=SUAREZ_MASCARENO_ET_AL_2025 href=https://ui.adsabs.harvard.edu/abs/2025A&A...702A.121S/abstract target=ref>Su&aacute;rez Mascare&ntilde;o et al. 2025</a>",0.000000,,,0,"<a refstr=SUAREZ_MASCARENO_ET_AL_2025 href=https://ui.adsabs.harvard.edu/abs/2025A&A...702A.121S/abstract target=ref>Su&aacute;rez Mascare&ntilde;o et al. 2025</a>",,,,,,,,,,,,,,,,,,,,,,,,,,,,,,,,,,,,3.03000,0.15000,-0.15000,0,"<a refstr=SUAREZ_MASCARENO_ET_AL_2025 href=https://ui.adsabs.harvard.edu/abs/2025A&A...702A.121S/abstract target=ref>Su&aacute;rez Mascare&ntilde;o et al. 2025</a>",,,,,,,,,,
"GJ 536","GJ 536 c","Msini",0,0,"Radial Velocity",2025,"Multiple Facilities","<a refstr=SUAREZ_MASCARENO_ET_AL_2025 href=https://ui.adsabs.harvard.edu/abs/2025A&A...702A.121S/abstract target=ref>Su&aacute;rez Mascare&ntilde;o et al. 2025</a>",2.30000000,,,0,"<a refstr=CALCULATED_VALUE href=/docs/pscp_calc.html target=_blank>Calculated Value</a>",5.89000000,0.70000000,-0.70000000,0,"<a refstr=SUAREZ_MASCARENO_ET_AL_2025 href=https://ui.adsabs.harvard.edu/abs/2025A&A...702A.121S/abstract target=ref>Su&aacute;rez Mascare&ntilde;o et al. 2025</a>",2.660000,,,0,"<a refstr=CALCULATED_VALUE href=/docs/pscp_calc.html target=_blank>Calculated Value</a>",290.50,9.50,-9.50,0,"<a refstr=SUAREZ_MASCARENO_ET_AL_2025 href=https://ui.adsabs.harvard.edu/abs/2025A&A...702A.121S/abstract target=ref>Su&aacute;rez Mascare&ntilde;o et al. 2025</a>",1.6920,0.0690,-0.0690,0,"<a refstr=SUAREZ_MASCARENO_ET_AL_2025 href=https://ui.adsabs.harvard.edu/abs/2025A&A...702A.121S/abstract target=ref>Su&aacute;rez Mascare&ntilde;o et al. 2025</a>",0.1617000000,0.0028000000,-0.0028000000,0,"<a refstr=SUAREZ_MASCARENO_ET_AL_2025 href=https://ui.adsabs.harvard.edu/abs/2025A&A...702A.121S/abstract target=ref>Su&aacute;rez Mascare&ntilde;o et al. 2025</a>",32.76100000000,0.01500000000,-0.01500000000,0,"<a refstr=SUAREZ_MASCARENO_ET_AL_2025 href=https://ui.adsabs.harvard.edu/abs/2025A&A...702A.121S/abstract target=ref>Su&aacute;rez Mascare&ntilde;o et al. 2025</a>",0.000000,,,0,"<a refstr=SUAREZ_MASCARENO_ET_AL_2025 href=https://ui.adsabs.harvard.edu/abs/2025A&A...702A.121S/abstract target=ref>Su&aacute;rez Mascare&ntilde;o et al. 2025</a>",,,,,,,,,,,,,,,,,,,,,,,,,,,,,,,,,,,,1.80000,0.20000,-0.20000,0,"<a refstr=SUAREZ_MASCARENO_ET_AL_2025 href=https://ui.adsabs.harvard.edu/abs/2025A&A...702A.121S/abstract target=ref>Su&aacute;rez Mascare&ntilde;o et al. 2025</a>",,,,,,,,,,
"GJ 581","GJ 581 b","Mass",0,0,"Radial Velocity",2005,"La Silla Observatory","<a refstr=BONFILS_ET_AL__2005 href=https://ui.adsabs.harvard.edu/abs/2005A&A...443L..15B/abstract target=ref> Bonfils et al. 2005 </a>",4.79000000,,,0,"<a refstr=CALCULATED_VALUE href=/docs/pscp_calc.html target=_blank>Calculated Value</a>",20.50000000,6.20000000,-3.50000000,0,"<a refstr=VON_STAUFFENBERG_ET_AL__2024 href=https://ui.adsabs.harvard.edu/abs/2024A&A...688A.112V/abstract target=ref>von Stauffenberg et al. 2024</a>",1.020000,,,0,"<a refstr=CALCULATED_VALUE href=/docs/pscp_calc.html target=_blank>Calculated Value</a>",464.32,5.93,-5.93,0,"<a refstr=CALCULATED_VALUE href=/docs/pscp_calc.html target=_blank>Calculated Value</a>",7.7669,0.1993,-0.1993,0,"<a refstr=CALCULATED_VALUE href=/docs/pscp_calc.html target=_blank>Calculated Value</a>",0.0399000000,0.0005000000,-0.0005000000,0,"<a refstr=VON_STAUFFENBERG_ET_AL__2024 href=https://ui.adsabs.harvard.edu/abs/2024A&A...688A.112V/abstract target=ref>von Stauffenberg et al. 2024</a>",5.36860000000,0.00010000000,-0.00010000000,0,"<a refstr=VON_STAUFFENBERG_ET_AL__2024 href=https://ui.adsabs.harvard.edu/abs/2024A&A...688A.112V/abstract target=ref>von Stauffenberg et al. 2024</a>",0.034200,0.009000,-0.010000,0,"<a refstr=VON_STAUFFENBERG_ET_AL__2024 href=https://ui.adsabs.harvard.edu/abs/2024A&A...688A.112V/abstract target=ref>von Stauffenberg et al. 2024</a>",47.00000,15.00000,-13.00000,0,"<a refstr=VON_STAUFFENBERG_ET_AL__2024 href=https://ui.adsabs.harvard.edu/abs/2024A&A...688A.112V/abstract target=ref>von Stauffenberg et al. 2024</a>",,,,,,,,,,,,,,,,,,,,,,,,,,,,,,,12.30000,0.10000,-0.10000,0,"<a refstr=VON_STAUFFENBERG_ET_AL__2024 href=https://ui.adsabs.harvard.edu/abs/2024A&A...688A.112V/abstract target=ref>von Stauffenberg et al. 2024</a>",,,,,,,,,,
"GJ 581","GJ 581 c","Mass",0,0,"Radial Velocity",2007,"La Silla Observatory","<a refstr=UDRY_ET_AL__2007 href=https://ui.adsabs.harvard.edu/abs/2007A&A...469L..43U/abstract target=ref> Udry et al. 2007 </a>",2.50000000,,,0,"<a refstr=CALCULATED_VALUE href=/docs/pscp_calc.html target=_blank>Calculated Value</a>",6.81000000,0.21000000,-1.16000000,0,"<a refstr=VON_STAUFFENBERG_ET_AL__2024 href=https://ui.adsabs.harvard.edu/abs/2024A&A...688A.112V/abstract target=ref>von Stauffenberg et al. 2024</a>",2.390000,,,0,"<a refstr=CALCULATED_VALUE href=/docs/pscp_calc.html target=_blank>Calculated Value</a>",346.13,4.36,-4.36,0,"<a refstr=CALCULATED_VALUE href=/docs/pscp_calc.html target=_blank>Calculated Value</a>",2.3985,0.0583,-0.0583,0,"<a refstr=CALCULATED_VALUE href=/docs/pscp_calc.html target=_blank>Calculated Value</a>",0.0718000000,0.0008000000,-0.0009000000,0,"<a refstr=VON_STAUFFENBERG_ET_AL__2024 href=https://ui.adsabs.harvard.edu/abs/2024A&A...688A.112V/abstract target=ref>von Stauffenberg et al. 2024</a>",12.92110000000,0.00080000000,-0.00070000000,0,"<a refstr=VON_STAUFFENBERG_ET_AL__2024 href=https://ui.adsabs.harvard.edu/abs/2024A&A...688A.112V/abstract target=ref>von Stauffenberg et al. 2024</a>",0.032000,0.027000,-0.021000,0,"<a refstr=VON_STAUFFENBERG_ET_AL__2024 href=https://ui.adsabs.harvard.edu/abs/2024A&A...688A.112V/abstract target=ref>von Stauffenberg et al. 2024</a>",47.00000,15.00000,-89.00000,0,"<a refstr=VON_STAUFFENBERG_ET_AL__2024 href=https://ui.adsabs.harvard.edu/abs/2024A&A...688A.112V/abstract target=ref>von Stauffenberg et al. 2024</a>",,,,,,,,,,,,,,,,,,,,,,,,,,,,,,,3.10000,0.10000,-0.10000,0,"<a refstr=VON_STAUFFENBERG_ET_AL__2024 href=https://ui.adsabs.harvard.edu/abs/2024A&A...688A.112V/abstract target=ref>von Stauffenberg et al. 2024</a>",,,,,,,,,,
"GJ 581","GJ 581 e","Mass",0,0,"Radial Velocity",2009,"La Silla Observatory","<a refstr=MAYOR_ET_AL__2009 href=https://ui.adsabs.harvard.edu/abs/2009A&A...507..487M/abstract target=ref> Mayor et al. 2009 </a>",1.38000000,,,0,"<a refstr=CALCULATED_VALUE href=/docs/pscp_calc.html target=_blank>Calculated Value</a>",2.48000000,0.70000000,-0.42000000,0,"<a refstr=VON_STAUFFENBERG_ET_AL__2024 href=https://ui.adsabs.harvard.edu/abs/2024A&A...688A.112V/abstract target=ref>von Stauffenberg et al. 2024</a>",5.190000,,,0,"<a refstr=CALCULATED_VALUE href=/docs/pscp_calc.html target=_blank>Calculated Value</a>",554.37,6.84,-6.84,0,"<a refstr=CALCULATED_VALUE href=/docs/pscp_calc.html target=_blank>Calculated Value</a>",15.7830,0.3493,-0.3493,0,"<a refstr=CALCULATED_VALUE href=/docs/pscp_calc.html target=_blank>Calculated Value</a>",0.0279900000,0.0003000000,-0.0003000000,0,"<a refstr=VON_STAUFFENBERG_ET_AL__2024 href=https://ui.adsabs.harvard.edu/abs/2024A&A...688A.112V/abstract target=ref>von Stauffenberg et al. 2024</a>",3.14810000000,0.00040000000,-0.00040000000,0,"<a refstr=VON_STAUFFENBERG_ET_AL__2024 href=https://ui.adsabs.harvard.edu/abs/2024A&A...688A.112V/abstract target=ref>von Stauffenberg et al. 2024</a>",0.012000,0.015000,-0.008000,0,"<a refstr=VON_STAUFFENBERG_ET_AL__2024 href=https://ui.adsabs.harvard.edu/abs/2024A&A...688A.112V/abstract target=ref>von Stauffenberg et al. 2024</a>",47.00000,15.00000,-13.00000,0,"<a refstr=VON_STAUFFENBERG_ET_AL__2024 href=https://ui.adsabs.harvard.edu/abs/2024A&A...688A.112V/abstract target=ref>von Stauffenberg et al. 2024</a>",,,,,,,,,,,,,,,,,,,,,,,,,,,,,,,1.80000,0.10000,-0.10000,0,"<a refstr=VON_STAUFFENBERG_ET_AL__2024 href=https://ui.adsabs.harvard.edu/abs/2024A&A...688A.112V/abstract target=ref>von Stauffenberg et al. 2024</a>",,,,,,,,,,
"GJ 625","GJ 625 b","Msini",0,0,"Radial Velocity",2017,"Multiple Observatories","<a refstr=SU_AACUTE_REZ_MASCARE_NTILDE_O_ET_AL__2017 href=https://ui.adsabs.harvard.edu/abs/2017A&A...605A..92S/abstract target=ref>Su&aacute;rez Mascare&ntilde;o et al. 2017</a>",1.49000000,,,0,"<a refstr=CALCULATED_VALUE href=/docs/pscp_calc.html target=_blank>Calculated Value</a>",2.82000000,0.51000000,-0.51000000,0,"<a refstr=SU_AACUTE_REZ_MASCARE_NTILDE_O_ET_AL__2017 href=https://ui.adsabs.harvard.edu/abs/2017A&A...605A..92S/abstract target=ref>Su&aacute;rez Mascare&ntilde;o et al. 2017</a>",4.680000,,,0,"<a refstr=CALCULATED_VALUE href=/docs/pscp_calc.html target=_blank>Calculated Value</a>",335.59,33.12,-33.12,0,"<a refstr=CALCULATED_VALUE href=/docs/pscp_calc.html target=_blank>Calculated Value</a>",2.0787,0.8137,-0.8137,0,"<a refstr=CALCULATED_VALUE href=/docs/pscp_calc.html target=_blank>Calculated Value</a>",0.0783610000,0.0000440000,-0.0000460000,0,"<a refstr=SU_AACUTE_REZ_MASCARE_NTILDE_O_ET_AL__2017 href=https://ui.adsabs.harvard.edu/abs/2017A&A...605A..92S/abstract target=ref>Su&aacute;rez Mascare&ntilde;o et al. 2017</a>",14.62800000000,0.01200000000,-0.01300000000,0,"<a refstr=SU_AACUTE_REZ_MASCARE_NTILDE_O_ET_AL__2017 href=https://ui.adsabs.harvard.edu/abs/2017A&A...605A..92S/abstract target=ref>Su&aacute;rez Mascare&ntilde;o et al. 2017</a>",0.130000,0.120000,-0.090000,0,"<a refstr=SU_AACUTE_REZ_MASCARE_NTILDE_O_ET_AL__2017 href=https://ui.adsabs.harvard.edu/abs/2017A&A...605A..92S/abstract target=ref>Su&aacute;rez Mascare&ntilde;o et al. 2017</a>",,,,,,,,,,,,,,,,,,,,,,,,,,,,,,,,,,,,1.67000,0.29000,-0.29000,0,"<a refstr=SU_AACUTE_REZ_MASCARE_NTILDE_O_ET_AL__2017 href=https://ui.adsabs.harvard.edu/abs/2017A&A...605A..92S/abstract target=ref>Su&aacute;rez Mascare&ntilde;o et al. 2017</a>",,,,,,,,,,
"GJ 649","GJ 649 b","Msini",0,0,"Radial Velocity",2009,"W. M. Keck Observatory","<a refstr=JOHNSON_ET_AL__2010 href=https://ui.adsabs.harvard.edu/abs/2010PASP..122..149J/abstract target=ref> Johnson et al. 2010 </a>",10.80000000,,,0,"<a refstr=CALCULATED_VALUE href=/docs/pscp_calc.html target=_blank>Calculated Value</a>",81.99972901,7.31005336,-6.99222495,0,"<a refstr=PINAMONTI_ET_AL__2023 href=https://ui.adsabs.harvard.edu/abs/2023A&A...677A.122P/abstract target=ref>Pinamonti et al. 2023</a>",0.358000,,,0,"<a refstr=CALCULATED_VALUE href=/docs/pscp_calc.html target=_blank>Calculated Value</a>",120.74,6.72,-6.72,0,"<a refstr=CALCULATED_VALUE href=/docs/pscp_calc.html target=_blank>Calculated Value</a>",0.0352,0.0074,-0.0074,0,"<a refstr=CALCULATED_VALUE href=/docs/pscp_calc.html target=_blank>Calculated Value</a>",1.1120000000,0.0350000000,-0.0370000000,0,"<a refstr=PINAMONTI_ET_AL__2023 href=https://ui.adsabs.harvard.edu/abs/2023A&A...677A.122P/abstract target=ref>Pinamonti et al. 2023</a>",600.10000000000,1.70000000000,-1.70000000000,0,"<a refstr=PINAMONTI_ET_AL__2023 href=https://ui.adsabs.harvard.edu/abs/2023A&A...677A.122P/abstract target=ref>Pinamonti et al. 2023</a>",0.083000,0.068000,-0.055000,0,"<a refstr=PINAMONTI_ET_AL__2023 href=https://ui.adsabs.harvard.edu/abs/2023A&A...677A.122P/abstract target=ref>Pinamonti et al. 2023</a>",,,,,,,,,,,,,,,,,,,,,,,,,,,,,,,,,,,,9.71000,0.55000,-0.53000,0,"<a refstr=PINAMONTI_ET_AL__2023 href=https://ui.adsabs.harvard.edu/abs/2023A&A...677A.122P/abstract target=ref>Pinamonti et al. 2023</a>",,,,,,,,,,
"GJ 667 C","GJ 667 C b","Msini",0,0,"Radial Velocity",2012,"La Silla Observatory","<a refstr=BONFILS_ET_AL__2013 href=https://ui.adsabs.harvard.edu/abs/2013A%26A...549A.109B/abstract target=ref> Bonfils et al. 2013 </a>",2.25000000,,,0,"<a refstr=CALCULATED_VALUE href=/docs/pscp_calc.html target=_blank>Calculated Value</a>",5.68000000,0.23000000,-0.23000000,0,"<a refstr=ANGLADA_ESCUDE_ET_AL__2012 href=https://ui.adsabs.harvard.edu/abs/2012ApJ...751L..16A/abstract target=ref> Anglada-Escud&eacute; et al. 2012 </a>",2.740000,,,0,"<a refstr=CALCULATED_VALUE href=/docs/pscp_calc.html target=_blank>Calculated Value</a>",,,,,,5.3902,0.3599,-0.3599,0,"<a refstr=CALCULATED_VALUE href=/docs/pscp_calc.html target=_blank>Calculated Value</a>",0.0504310000,0.0000040000,-0.0000040000,0,"<a refstr=ROBERTSON__AMP__MAHADEVAN_2014 href=https://ui.adsabs.harvard.edu/abs/2014ApJ...793L..24R/abstract target=ref>Robertson &amp; Mahadevan 2014</a>",7.20300000000,0.00190000000,-0.00190000000,0,"<a refstr=BONFILS_ET_AL__2013 href=https://ui.adsabs.harvard.edu/abs/2013A%26A...549A.109B/abstract target=ref> Bonfils et al. 2013 </a>",0.200000,0.100000,-0.100000,0,"<a refstr=BONFILS_ET_AL__2013 href=https://ui.adsabs.harvard.edu/abs/2013A%26A...549A.109B/abstract target=ref> Bonfils et al. 2013 </a>",,,,,,,,,,,,,,,,,,,,,,,,,,,,,,,,,,,,4.30000,0.40000,-0.40000,0,"<a refstr=BONFILS_ET_AL__2013 href=https://ui.adsabs.harvard.edu/abs/2013A%26A...549A.109B/abstract target=ref> Bonfils et al. 2013 </a>",,,,,,,,,,
"GJ 667 C","GJ 667 C c","Msini",0,0,"Radial Velocity",2013,"La Silla Observatory","<a refstr=ANGLADA_ESCUDE_ET_AL__2013 href=https://ui.adsabs.harvard.edu/abs/2013A%26A...556A.126A/abstract target=ref> Anglada-Escude et al. 2013 </a>",1.77000000,,,0,"<a refstr=CALCULATED_VALUE href=/docs/pscp_calc.html target=_blank>Calculated Value</a>",3.80000000,1.50000000,-1.20000000,0,"<a refstr=ANGLADA_ESCUDE_ET_AL__2013 href=https://ui.adsabs.harvard.edu/abs/2013A%26A...556A.126A/abstract target=ref> Anglada-Escude et al. 2013 </a>",3.770000,,,0,"<a refstr=CALCULATED_VALUE href=/docs/pscp_calc.html target=_blank>Calculated Value</a>",,,,,,0.8774,0.1850,-0.1850,0,"<a refstr=CALCULATED_VALUE href=/docs/pscp_calc.html target=_blank>Calculated Value</a>",0.1250000000,0.0120000000,-0.0130000000,0,"<a refstr=ANGLADA_ESCUDE_ET_AL__2013 href=https://ui.adsabs.harvard.edu/abs/2013A%26A...556A.126A/abstract target=ref> Anglada-Escude et al. 2013 </a>",28.14000000000,0.05300000000,-0.06500000000,0,"<a refstr=ANGLADA_ESCUDE_ET_AL__2013 href=https://ui.adsabs.harvard.edu/abs/2013A%26A...556A.126A/abstract target=ref> Anglada-Escude et al. 2013 </a>",0.020000,0.150000,-0.020000,0,"<a refstr=ANGLADA_ESCUDE_ET_AL__2013 href=https://ui.adsabs.harvard.edu/abs/2013A%26A...556A.126A/abstract target=ref> Anglada-Escude et al. 2013 </a>",,,,,,,,,,,,,,,,,,,,,,,,,,,,,,,,,,,,1.71000,0.47000,-0.47000,0,"<a refstr=ANGLADA_ESCUDE_ET_AL__2013 href=https://ui.adsabs.harvard.edu/abs/2013A%26A...556A.126A/abstract target=ref> Anglada-Escude et al. 2013 </a>",,,,,,,,,,
"GJ 667 C","GJ 667 C e","Msini",0,1,"Radial Velocity",2013,"La Silla Observatory","<a refstr=ANGLADA_ESCUDE_ET_AL__2013 href=https://ui.adsabs.harvard.edu/abs/2013A%26A...556A.126A/abstract target=ref> Anglada-Escude et al. 2013 </a>",1.45000000,,,0,"<a refstr=CALCULATED_VALUE href=/docs/pscp_calc.html target=_blank>Calculated Value</a>",2.70000000,1.60000000,-1.40000000,0,"<a refstr=ANGLADA_ESCUDE_ET_AL__2013 href=https://ui.adsabs.harvard.edu/abs/2013A%26A...556A.126A/abstract target=ref> Anglada-Escude et al. 2013 </a>",4.870000,,,0,"<a refstr=CALCULATED_VALUE href=/docs/pscp_calc.html target=_blank>Calculated Value</a>",,,,,,0.3022,0.0616,-0.0616,0,"<a refstr=CALCULATED_VALUE href=/docs/pscp_calc.html target=_blank>Calculated Value</a>",0.2130000000,0.0190000000,-0.0220000000,0,"<a refstr=ANGLADA_ESCUDE_ET_AL__2013 href=https://ui.adsabs.harvard.edu/abs/2013A%26A...556A.126A/abstract target=ref> Anglada-Escude et al. 2013 </a>",62.24000000000,0.55000000000,-0.55000000000,0,"<a refstr=ANGLADA_ESCUDE_ET_AL__2013 href=https://ui.adsabs.harvard.edu/abs/2013A%26A...556A.126A/abstract target=ref> Anglada-Escude et al. 2013 </a>",0.020000,0.220000,-0.020000,0,"<a refstr=ANGLADA_ESCUDE_ET_AL__2013 href=https://ui.adsabs.harvard.edu/abs/2013A%26A...556A.126A/abstract target=ref> Anglada-Escude et al. 2013 </a>",,,,,,,,,,,,,,,,,,,,,,,,,,,,,,,,,,,,0.92000,0.48000,-0.42000,0,"<a refstr=ANGLADA_ESCUDE_ET_AL__2013 href=https://ui.adsabs.harvard.edu/abs/2013A%26A...556A.126A/abstract target=ref> Anglada-Escude et al. 2013 </a>",,,,,,,,,,
"GJ 667 C","GJ 667 C f","Msini",0,1,"Radial Velocity",2013,"La Silla Observatory","<a refstr=ANGLADA_ESCUDE_ET_AL__2013 href=https://ui.adsabs.harvard.edu/abs/2013A%26A...556A.126A/abstract target=ref> Anglada-Escude et al. 2013 </a>",1.45000000,,,0,"<a refstr=CALCULATED_VALUE href=/docs/pscp_calc.html target=_blank>Calculated Value</a>",2.70000000,1.40000000,-1.20000000,0,"<a refstr=ANGLADA_ESCUDE_ET_AL__2013 href=https://ui.adsabs.harvard.edu/abs/2013A%26A...556A.126A/abstract target=ref> Anglada-Escude et al. 2013 </a>",4.870000,,,0,"<a refstr=CALCULATED_VALUE href=/docs/pscp_calc.html target=_blank>Calculated Value</a>",,,,,,0.5633,0.1181,-0.1181,0,"<a refstr=CALCULATED_VALUE href=/docs/pscp_calc.html target=_blank>Calculated Value</a>",0.1560000000,0.0140000000,-0.0170000000,0,"<a refstr=ANGLADA_ESCUDE_ET_AL__2013 href=https://ui.adsabs.harvard.edu/abs/2013A%26A...556A.126A/abstract target=ref> Anglada-Escude et al. 2013 </a>",39.02600000000,0.19400000000,-0.21100000000,0,"<a refstr=ANGLADA_ESCUDE_ET_AL__2013 href=https://ui.adsabs.harvard.edu/abs/2013A%26A...556A.126A/abstract target=ref> Anglada-Escude et al. 2013 </a>",0.030000,0.160000,-0.030000,0,"<a refstr=ANGLADA_ESCUDE_ET_AL__2013 href=https://ui.adsabs.harvard.edu/abs/2013A%26A...556A.126A/abstract target=ref> Anglada-Escude et al. 2013 </a>",,,,,,,,,,,,,,,,,,,,,,,,,,,,,,,,,,,,1.08000,0.47000,-0.46000,0,"<a refstr=ANGLADA_ESCUDE_ET_AL__2013 href=https://ui.adsabs.harvard.edu/abs/2013A%26A...556A.126A/abstract target=ref> Anglada-Escude et al. 2013 </a>",,,,,,,,,,
"GJ 667 C","GJ 667 C g","Msini",0,1,"Radial Velocity",2013,"La Silla Observatory","<a refstr=ANGLADA_ESCUDE_ET_AL__2013 href=https://ui.adsabs.harvard.edu/abs/2013A%26A...556A.126A/abstract target=ref> Anglada-Escude et al. 2013 </a>",1.99000000,,,0,"<a refstr=CALCULATED_VALUE href=/docs/pscp_calc.html target=_blank>Calculated Value</a>",4.60000000,2.60000000,-2.30000000,0,"<a refstr=ANGLADA_ESCUDE_ET_AL__2013 href=https://ui.adsabs.harvard.edu/abs/2013A%26A...556A.126A/abstract target=ref> Anglada-Escude et al. 2013 </a>",3.210000,,,0,"<a refstr=CALCULATED_VALUE href=/docs/pscp_calc.html target=_blank>Calculated Value</a>",,,,,,0.0455,0.0096,-0.0096,0,"<a refstr=CALCULATED_VALUE href=/docs/pscp_calc.html target=_blank>Calculated Value</a>",0.5490000000,0.0520000000,-0.0580000000,0,"<a refstr=ANGLADA_ESCUDE_ET_AL__2013 href=https://ui.adsabs.harvard.edu/abs/2013A%26A...556A.126A/abstract target=ref> Anglada-Escude et al. 2013 </a>",256.20000000000,13.80000000000,-7.90000000000,0,"<a refstr=ANGLADA_ESCUDE_ET_AL__2013 href=https://ui.adsabs.harvard.edu/abs/2013A%26A...556A.126A/abstract target=ref> Anglada-Escude et al. 2013 </a>",0.080000,0.410000,-0.080000,0,"<a refstr=ANGLADA_ESCUDE_ET_AL__2013 href=https://ui.adsabs.harvard.edu/abs/2013A%26A...556A.126A/abstract target=ref> Anglada-Escude et al. 2013 </a>",,,,,,,,,,,,,,,,,,,,,,,,,,,,,,,,,,,,0.95000,0.48000,-0.44000,0,"<a refstr=ANGLADA_ESCUDE_ET_AL__2013 href=https://ui.adsabs.harvard.edu/abs/2013A%26A...556A.126A/abstract target=ref> Anglada-Escude et al. 2013 </a>",,,,,,,,,,
"GJ 674","GJ 674 b","Msini",0,0,"Radial Velocity",2007,"La Silla Observatory","<a refstr=BONFILS_ET_AL__2007 href=https://ui.adsabs.harvard.edu/abs/2007A&A...474..293B/abstract target=ref> Bonfils et al. 2007 </a>",3.33000000,,,0,"<a refstr=CALCULATED_VALUE href=/docs/pscp_calc.html target=_blank>Calculated Value</a>",11.09000000,,,0,"<a refstr=BONFILS_ET_AL__2007 href=https://ui.adsabs.harvard.edu/abs/2007A&A...474..293B/abstract target=ref> Bonfils et al. 2007 </a>",1.650000,,,0,"<a refstr=CALCULATED_VALUE href=/docs/pscp_calc.html target=_blank>Calculated Value</a>",530.80,,,0,"<a refstr=CALCULATED_VALUE href=/docs/pscp_calc.html target=_blank>Calculated Value</a>",10.5165,,,0,"<a refstr=CALCULATED_VALUE href=/docs/pscp_calc.html target=_blank>Calculated Value</a>",0.0390000000,,,0,"<a refstr=BONFILS_ET_AL__2007 href=https://ui.adsabs.harvard.edu/abs/2007A&A...474..293B/abstract target=ref> Bonfils et al. 2007 </a>",4.69380000000,0.00700000000,-0.00700000000,0,"<a refstr=BONFILS_ET_AL__2007 href=https://ui.adsabs.harvard.edu/abs/2007A&A...474..293B/abstract target=ref> Bonfils et al. 2007 </a>",0.200000,0.020000,-0.020000,0,"<a refstr=BONFILS_ET_AL__2007 href=https://ui.adsabs.harvard.edu/abs/2007A&A...474..293B/abstract target=ref> Bonfils et al. 2007 </a>",,,,,,,,,,,,,,,,,,,,,,,,,,,,,,,,,,,,8.70000,0.19000,-0.19000,0,"<a refstr=BONFILS_ET_AL__2007 href=https://ui.adsabs.harvard.edu/abs/2007A&A...474..293B/abstract target=ref> Bonfils et al. 2007 </a>",,,,,,,,,,
"GJ 680","GJ 680 b","Mass",0,0,"Radial Velocity",2022,"Multiple Observatories","<a refstr=FENG_ET_AL__2022 href=https://ui.adsabs.harvard.edu/abs/2022ApJS..262...21F/abstract target=ref>Feng et al. 2022</a>",12.00000000,,,0,"<a refstr=CALCULATED_VALUE href=/docs/pscp_calc.html target=_blank>Calculated Value</a>",7977.49301570,1957.18733031,-3543.46890964,0,"<a refstr=FENG_ET_AL__2022 href=https://ui.adsabs.harvard.edu/abs/2022ApJS..262...21F/abstract target=ref>Feng et al. 2022</a>",25.400000,,,0,"<a refstr=CALCULATED_VALUE href=/docs/pscp_calc.html target=_blank>Calculated Value</a>",36.57,3.61,-3.61,0,"<a refstr=CALCULATED_VALUE href=/docs/pscp_calc.html target=_blank>Calculated Value</a>",0.0003,0.0001,-0.0001,0,"<a refstr=CALCULATED_VALUE href=/docs/pscp_calc.html target=_blank>Calculated Value</a>",10.1380000000,1.8360000000,-1.6960000000,0,"<a refstr=FENG_ET_AL__2022 href=https://ui.adsabs.harvard.edu/abs/2022ApJS..262...21F/abstract target=ref>Feng et al. 2022</a>",17281.66514000000,4832.84502000000,-3919.17991000000,0,"<a refstr=FENG_ET_AL__2022 href=https://ui.adsabs.harvard.edu/abs/2022ApJS..262...21F/abstract target=ref>Feng et al. 2022</a>",0.381000,0.095000,-0.145000,0,"<a refstr=FENG_ET_AL__2022 href=https://ui.adsabs.harvard.edu/abs/2022ApJS..262...21F/abstract target=ref>Feng et al. 2022</a>",21.98400,3.31300,-5.06200,0,"<a refstr=FENG_ET_AL__2022 href=https://ui.adsabs.harvard.edu/abs/2022ApJS..262...21F/abstract target=ref>Feng et al. 2022</a>",,,,,,,,,,,,,,,,,,,,,,,,,,,,,,,132.97900,31.43400,-58.58600,0,"<a refstr=FENG_ET_AL__2022 href=https://ui.adsabs.harvard.edu/abs/2022ApJS..262...21F/abstract target=ref>Feng et al. 2022</a>",,,,,,,,,,
"GJ 682","GJ 682 b","Msini",0,0,"Radial Velocity",2014,"Multiple Observatories","<a refstr=TUOMI_ET_AL__2014 href=https://ui.adsabs.harvard.edu/abs/2014MNRAS.441.1545T/abstract target=ref>Tuomi et al. 2014</a>",1.93000000,,,0,"<a refstr=CALCULATED_VALUE href=/docs/pscp_calc.html target=_blank>Calculated Value</a>",4.40000000,3.70000000,-2.40000000,0,"<a refstr=TUOMI_ET_AL__2014 href=https://ui.adsabs.harvard.edu/abs/2014MNRAS.441.1545T/abstract target=ref>Tuomi et al. 2014</a>",3.360000,,,0,"<a refstr=CALCULATED_VALUE href=/docs/pscp_calc.html target=_blank>Calculated Value</a>",281.93,,,0,"<a refstr=CALCULATED_VALUE href=/docs/pscp_calc.html target=_blank>Calculated Value</a>",0.3125,,,0,"<a refstr=CALCULATED_VALUE href=/docs/pscp_calc.html target=_blank>Calculated Value</a>",0.0800000000,0.0140000000,-0.0040000000,0,"<a refstr=TUOMI_ET_AL__2014 href=https://ui.adsabs.harvard.edu/abs/2014MNRAS.441.1545T/abstract target=ref>Tuomi et al. 2014</a>",17.47800000000,0.06200000000,-0.04000000000,0,"<a refstr=TUOMI_ET_AL__2014 href=https://ui.adsabs.harvard.edu/abs/2014MNRAS.441.1545T/abstract target=ref>Tuomi et al. 2014</a>",0.080000,0.190000,-0.080000,0,"<a refstr=TUOMI_ET_AL__2014 href=https://ui.adsabs.harvard.edu/abs/2014MNRAS.441.1545T/abstract target=ref>Tuomi et al. 2014</a>",,,,,,,,,,,,,,,,,,,,,,,,,,,,,,,,,,,,2.99000,1.58000,-1.85000,0,"<a refstr=TUOMI_ET_AL__2014 href=https://ui.adsabs.harvard.edu/abs/2014MNRAS.441.1545T/abstract target=ref>Tuomi et al. 2014</a>",,,,,,,,,,
"GJ 682","GJ 682 c","Msini",0,0,"Radial Velocity",2014,"Multiple Observatories","<a refstr=TUOMI_ET_AL__2014 href=https://ui.adsabs.harvard.edu/abs/2014MNRAS.441.1545T/abstract target=ref>Tuomi et al. 2014</a>",2.89000000,,,0,"<a refstr=CALCULATED_VALUE href=/docs/pscp_calc.html target=_blank>Calculated Value</a>",8.70000000,5.80000000,-4.60000000,0,"<a refstr=TUOMI_ET_AL__2014 href=https://ui.adsabs.harvard.edu/abs/2014MNRAS.441.1545T/abstract target=ref>Tuomi et al. 2014</a>",1.980000,,,0,"<a refstr=CALCULATED_VALUE href=/docs/pscp_calc.html target=_blank>Calculated Value</a>",190.08,,,0,"<a refstr=CALCULATED_VALUE href=/docs/pscp_calc.html target=_blank>Calculated Value</a>",0.0646,,,0,"<a refstr=CALCULATED_VALUE href=/docs/pscp_calc.html target=_blank>Calculated Value</a>",0.1760000000,0.0300000000,-0.0090000000,0,"<a refstr=TUOMI_ET_AL__2014 href=https://ui.adsabs.harvard.edu/abs/2014MNRAS.441.1545T/abstract target=ref>Tuomi et al. 2014</a>",57.32000000000,0.45000000000,-0.48000000000,0,"<a refstr=TUOMI_ET_AL__2014 href=https://ui.adsabs.harvard.edu/abs/2014MNRAS.441.1545T/abstract target=ref>Tuomi et al. 2014</a>",0.100000,0.190000,-0.100000,0,"<a refstr=TUOMI_ET_AL__2014 href=https://ui.adsabs.harvard.edu/abs/2014MNRAS.441.1545T/abstract target=ref>Tuomi et al. 2014</a>",,,,,,,,,,,,,,,,,,,,,,,,,,,,,,,,,,,,3.98000,1.62000,-2.16000,0,"<a refstr=TUOMI_ET_AL__2014 href=https://ui.adsabs.harvard.edu/abs/2014MNRAS.441.1545T/abstract target=ref>Tuomi et al. 2014</a>",,,,,,,,,,
"GJ 687","GJ 687 b","Msini",0,0,"Radial Velocity",2014,"Lick Observatory","<a refstr=BURT_ET_AL__2014 href=https://ui.adsabs.harvard.edu/abs/2014ApJ...789..114B/abstract target=ref> Burt et al. 2014</a>",4.32000000,,,0,"<a refstr=CALCULATED_VALUE href=/docs/pscp_calc.html target=_blank>Calculated Value</a>",17.20000000,1.00000000,-1.00000000,0,"<a refstr=FENG_ET_AL__2020 href=https://ui.adsabs.harvard.edu/abs/2020ApJS..250...29F/abstract target=ref>Feng et al. 2020</a>",1.170000,,,0,"<a refstr=CALCULATED_VALUE href=/docs/pscp_calc.html target=_blank>Calculated Value</a>",263.65,3.93,-3.93,0,"<a refstr=CALCULATED_VALUE href=/docs/pscp_calc.html target=_blank>Calculated Value</a>",0.8010,0.0309,-0.0309,0,"<a refstr=CALCULATED_VALUE href=/docs/pscp_calc.html target=_blank>Calculated Value</a>",0.1630000000,0.0030000000,-0.0030000000,0,"<a refstr=FENG_ET_AL__2020 href=https://ui.adsabs.harvard.edu/abs/2020ApJS..250...29F/abstract target=ref>Feng et al. 2020</a>",38.14200000000,0.00700000000,-0.00700000000,0,"<a refstr=FENG_ET_AL__2020 href=https://ui.adsabs.harvard.edu/abs/2020ApJS..250...29F/abstract target=ref>Feng et al. 2020</a>",0.170000,0.050000,-0.050000,0,"<a refstr=FENG_ET_AL__2020 href=https://ui.adsabs.harvard.edu/abs/2020ApJS..250...29F/abstract target=ref>Feng et al. 2020</a>",,,,,,,,,,,,,,,,,,,,,,,,,,,,,,,,,,,,6.14000,0.32000,-0.32000,0,"<a refstr=FENG_ET_AL__2020 href=https://ui.adsabs.harvard.edu/abs/2020ApJS..250...29F/abstract target=ref>Feng et al. 2020</a>",,,,,,,,,,
"GJ 687","GJ 687 c","Msini",0,0,"Radial Velocity",2020,"Multiple Observatories","<a refstr=FENG_ET_AL__2020 href=https://ui.adsabs.harvard.edu/abs/2020ApJS..250...29F/abstract target=ref>Feng et al. 2020</a>",4.14000000,,,0,"<a refstr=CALCULATED_VALUE href=/docs/pscp_calc.html target=_blank>Calculated Value</a>",16.00000000,4.10000000,-4.10000000,0,"<a refstr=FENG_ET_AL__2020 href=https://ui.adsabs.harvard.edu/abs/2020ApJS..250...29F/abstract target=ref>Feng et al. 2020</a>",1.240000,,,0,"<a refstr=CALCULATED_VALUE href=/docs/pscp_calc.html target=_blank>Calculated Value</a>",98.62,1.51,-1.51,0,"<a refstr=CALCULATED_VALUE href=/docs/pscp_calc.html target=_blank>Calculated Value</a>",0.0157,0.0006,-0.0006,0,"<a refstr=CALCULATED_VALUE href=/docs/pscp_calc.html target=_blank>Calculated Value</a>",1.1650000000,0.0230000000,-0.0230000000,0,"<a refstr=FENG_ET_AL__2020 href=https://ui.adsabs.harvard.edu/abs/2020ApJS..250...29F/abstract target=ref>Feng et al. 2020</a>",727.56200000000,12.19800000000,-12.19800000000,0,"<a refstr=FENG_ET_AL__2020 href=https://ui.adsabs.harvard.edu/abs/2020ApJS..250...29F/abstract target=ref>Feng et al. 2020</a>",0.400000,0.220000,-0.220000,0,"<a refstr=FENG_ET_AL__2020 href=https://ui.adsabs.harvard.edu/abs/2020ApJS..250...29F/abstract target=ref>Feng et al. 2020</a>",,,,,,,,,,,,,,,,,,,,,,,,,,,,,,,,,,,,2.44000,0.80000,-0.80000,0,"<a refstr=FENG_ET_AL__2020 href=https://ui.adsabs.harvard.edu/abs/2020ApJS..250...29F/abstract target=ref>Feng et al. 2020</a>",,,,,,,,,,
"GJ 740","GJ 740 b","Msini",0,0,"Radial Velocity",2021,"Multiple Observatories","<a refstr=TOLEDO_PADR_OACUTE_N_ET_AL__2021 href=https://ui.adsabs.harvard.edu/abs/2021A&A...648A..20T/abstract target=ref>Toledo-Padr&oacute;n et al. 2021</a>",1.53000000,,,0,"<a refstr=CALCULATED_VALUE href=/docs/pscp_calc.html target=_blank>Calculated Value</a>",2.96000000,0.50000000,-0.48000000,0,"<a refstr=TOLEDO_PADR_OACUTE_N_ET_AL__2021 href=https://ui.adsabs.harvard.edu/abs/2021A&A...648A..20T/abstract target=ref>Toledo-Padr&oacute;n et al. 2021</a>",4.540000,,,0,"<a refstr=CALCULATED_VALUE href=/docs/pscp_calc.html target=_blank>Calculated Value</a>",829.00,40.00,-50.00,0,"<a refstr=TOLEDO_PADR_OACUTE_N_ET_AL__2021 href=https://ui.adsabs.harvard.edu/abs/2021A&A...648A..20T/abstract target=ref>Toledo-Padr&oacute;n et al. 2021</a>",79.0000,16.0000,-17.0000,0,"<a refstr=TOLEDO_PADR_OACUTE_N_ET_AL__2021 href=https://ui.adsabs.harvard.edu/abs/2021A&A...648A..20T/abstract target=ref>Toledo-Padr&oacute;n et al. 2021</a>",0.0290000000,0.0010000000,-0.0010000000,0,"<a refstr=TOLEDO_PADR_OACUTE_N_ET_AL__2021 href=https://ui.adsabs.harvard.edu/abs/2021A&A...648A..20T/abstract target=ref>Toledo-Padr&oacute;n et al. 2021</a>",2.37756000000,0.00013000000,-0.00011000000,0,"<a refstr=TOLEDO_PADR_OACUTE_N_ET_AL__2021 href=https://ui.adsabs.harvard.edu/abs/2021A&A...648A..20T/abstract target=ref>Toledo-Padr&oacute;n et al. 2021</a>",0.240000,0.150000,-0.140000,0,"<a refstr=TOLEDO_PADR_OACUTE_N_ET_AL__2021 href=https://ui.adsabs.harvard.edu/abs/2021A&A...648A..20T/abstract target=ref>Toledo-Padr&oacute;n et al. 2021</a>",,,,,,,,,,,,,,,,,,,,,,,,,,,,,,,,,,,,2.13000,0.34000,-0.32000,0,"<a refstr=TOLEDO_PADR_OACUTE_N_ET_AL__2021 href=https://ui.adsabs.harvard.edu/abs/2021A&A...648A..20T/abstract target=ref>Toledo-Padr&oacute;n et al. 2021</a>",,,,,,,,,,
"GJ 806","GJ 806 b","Mass",0,0,"Transit",2023,"Transiting Exoplanet Survey Satellite (TESS)","<a refstr=PALLE_ET_AL__2023 href=https://ui.adsabs.harvard.edu/abs/2023A&A...678A..80P/abstract target=ref>Palle et al. 2023</a>",1.33100000,0.02300000,-0.02300000,0,"<a refstr=PALLE_ET_AL__2023 href=https://ui.adsabs.harvard.edu/abs/2023A&A...678A..80P/abstract target=ref>Palle et al. 2023</a>",1.90000000,0.17000000,-0.17000000,0,"<a refstr=PALLE_ET_AL__2023 href=https://ui.adsabs.harvard.edu/abs/2023A&A...678A..80P/abstract target=ref>Palle et al. 2023</a>",4.400000,0.450000,-0.450000,0,"<a refstr=PALLE_ET_AL__2023 href=https://ui.adsabs.harvard.edu/abs/2023A&A...678A..80P/abstract target=ref>Palle et al. 2023</a>",940.00,10.00,-10.00,0,"<a refstr=PALLE_ET_AL__2023 href=https://ui.adsabs.harvard.edu/abs/2023A&A...678A..80P/abstract target=ref>Palle et al. 2023</a>",130.0000,6.0000,-6.0000,0,"<a refstr=PALLE_ET_AL__2023 href=https://ui.adsabs.harvard.edu/abs/2023A&A...678A..80P/abstract target=ref>Palle et al. 2023</a>",0.0140600000,0.0003000000,-0.0003000000,0,"<a refstr=PALLE_ET_AL__2023 href=https://ui.adsabs.harvard.edu/abs/2023A&A...678A..80P/abstract target=ref>Palle et al. 2023</a>",0.92632370000,0.00000090000,-0.00000090000,0,"<a refstr=PALLE_ET_AL__2023 href=https://ui.adsabs.harvard.edu/abs/2023A&A...678A..80P/abstract target=ref>Palle et al. 2023</a>",,,,,,87.70000,0.60000,-0.50000,0,"<a refstr=PALLE_ET_AL__2023 href=https://ui.adsabs.harvard.edu/abs/2023A&A...678A..80P/abstract target=ref>Palle et al. 2023</a>",0.300000,0.060000,-0.070000,0,"<a refstr=PALLE_ET_AL__2023 href=https://ui.adsabs.harvard.edu/abs/2023A&A...678A..80P/abstract target=ref>Palle et al. 2023</a>",0.09520000,0.00890184,-0.00890184,0,"<a refstr=EXOFOP href=https://exofop.ipac.caltech.edu/tess/view_toi.php target=ref>ExoFOP</a>",0.9300000,0.0100000,-0.0100000,0,"<a refstr=PALLE_ET_AL__2023 href=https://ui.adsabs.harvard.edu/abs/2023A&A...678A..80P/abstract target=ref>Palle et al. 2023</a>",7.300000,0.130000,-0.130000,0,"<a refstr=PALLE_ET_AL__2023 href=https://ui.adsabs.harvard.edu/abs/2023A&A...678A..80P/abstract target=ref>Palle et al. 2023</a>",0.02940000,0.00040000,-0.00040000,0,"<a refstr=PALLE_ET_AL__2023 href=https://ui.adsabs.harvard.edu/abs/2023A&A...678A..80P/abstract target=ref>Palle et al. 2023</a>",,,,,,2.25000,0.20000,-0.20000,0,"<a refstr=PALLE_ET_AL__2023 href=https://ui.adsabs.harvard.edu/abs/2023A&A...678A..80P/abstract target=ref>Palle et al. 2023</a>",,,,,,,,,,
"GJ 806","GJ 806 c","Msini",0,0,"Radial Velocity",2023,"Multiple Observatories","<a refstr=PALLE_ET_AL__2023 href=https://ui.adsabs.harvard.edu/abs/2023A&A...678A..80P/abstract target=ref>Palle et al. 2023</a>",2.28000000,,,0,"<a refstr=CALCULATED_VALUE href=/docs/pscp_calc.html target=_blank>Calculated Value</a>",5.80000000,0.30000000,-0.30000000,0,"<a refstr=PALLE_ET_AL__2023 href=https://ui.adsabs.harvard.edu/abs/2023A&A...678A..80P/abstract target=ref>Palle et al. 2023</a>",2.690000,,,0,"<a refstr=CALCULATED_VALUE href=/docs/pscp_calc.html target=_blank>Calculated Value</a>",490.00,5.00,-5.00,0,"<a refstr=PALLE_ET_AL__2023 href=https://ui.adsabs.harvard.edu/abs/2023A&A...678A..80P/abstract target=ref>Palle et al. 2023</a>",9.5000,0.4000,-0.4000,0,"<a refstr=PALLE_ET_AL__2023 href=https://ui.adsabs.harvard.edu/abs/2023A&A...678A..80P/abstract target=ref>Palle et al. 2023</a>",0.0523000000,0.0011000000,-0.0011000000,0,"<a refstr=PALLE_ET_AL__2023 href=https://ui.adsabs.harvard.edu/abs/2023A&A...678A..80P/abstract target=ref>Palle et al. 2023</a>",6.64064000000,0.00025000000,-0.00025000000,0,"<a refstr=PALLE_ET_AL__2023 href=https://ui.adsabs.harvard.edu/abs/2023A&A...678A..80P/abstract target=ref>Palle et al. 2023</a>",,,,,,,,,,,,,,,,,,,,,,,,,,27.130000,0.450000,-0.500000,0,"<a refstr=PALLE_ET_AL__2023 href=https://ui.adsabs.harvard.edu/abs/2023A&A...678A..80P/abstract target=ref>Palle et al. 2023</a>",,,,,,,,,,,3.55000,0.17000,-0.17000,0,"<a refstr=PALLE_ET_AL__2023 href=https://ui.adsabs.harvard.edu/abs/2023A&A...678A..80P/abstract target=ref>Palle et al. 2023</a>",,,,,,,,,,
"GJ 832","GJ 832 b","Mass",0,0,"Radial Velocity",2008,"Anglo-Australian Telescope","<a refstr=BAILEY_ET_AL__2009 href=https://ui.adsabs.harvard.edu/abs/2009ApJ...690..743B/abstract target=ref> Bailey et al. 2009 </a>",13.80000000,,,0,"<a refstr=CALCULATED_VALUE href=/docs/pscp_calc.html target=_blank>Calculated Value</a>",314.65012293,28.60455663,-25.42627256,0,"<a refstr=PHILIPOT_ET_AL_2023 href=https://ui.adsabs.harvard.edu/abs/2023A&A...678A.107P/abstract target=ref>Philipot et al. 2023</a>",0.658000,,,0,"<a refstr=CALCULATED_VALUE href=/docs/pscp_calc.html target=_blank>Calculated Value</a>",57.84,,,0,"<a refstr=CALCULATED_VALUE href=/docs/pscp_calc.html target=_blank>Calculated Value</a>",0.0019,,,0,"<a refstr=CALCULATED_VALUE href=/docs/pscp_calc.html target=_blank>Calculated Value</a>",3.7000000000,0.1000000000,-0.1000000000,0,"<a refstr=PHILIPOT_ET_AL_2023 href=https://ui.adsabs.harvard.edu/abs/2023A&A...678A.107P/abstract target=ref>Philipot et al. 2023</a>",3853.00000000000,51.00000000000,-47.00000000000,0,"<a refstr=PHILIPOT_ET_AL_2023 href=https://ui.adsabs.harvard.edu/abs/2023A&A...678A.107P/abstract target=ref>Philipot et al. 2023</a>",0.050000,0.030000,-0.030000,0,"<a refstr=PHILIPOT_ET_AL_2023 href=https://ui.adsabs.harvard.edu/abs/2023A&A...678A.107P/abstract target=ref>Philipot et al. 2023</a>",51.00000,3.00000,-3.00000,0,"<a refstr=PHILIPOT_ET_AL_2023 href=https://ui.adsabs.harvard.edu/abs/2023A&A...678A.107P/abstract target=ref>Philipot et al. 2023</a>",,,,,,,,,,,,,,,,,,,,,,,,,,,,,,,15.40000,0.70000,-0.70000,0,"<a refstr=WITTENMYER_ET_AL__2014 href=https://ui.adsabs.harvard.edu/abs/2014ApJ...791..114W/abstract target=ref> Wittenmyer et al. 2014</a>",,,,,,,,,,
"GJ 849","GJ 849 b","Msini",0,0,"Radial Velocity",2006,"W. M. Keck Observatory","<a refstr=BUTLER_ET_AL__2006 href=https://ui.adsabs.harvard.edu/abs/2006PASP..118.1685B/abstract target=ref> Butler et al. 2006 </a>",13.90000000,,,0,"<a refstr=CALCULATED_VALUE href=/docs/pscp_calc.html target=_blank>Calculated Value</a>",283.82076745,29.87587026,-30.82935548,0,"<a refstr=PINAMONTI_ET_AL__2023 href=https://ui.adsabs.harvard.edu/abs/2023A&A...677A.122P/abstract target=ref>Pinamonti et al. 2023</a>",0.581000,,,0,"<a refstr=CALCULATED_VALUE href=/docs/pscp_calc.html target=_blank>Calculated Value</a>",73.63,6.21,-6.21,0,"<a refstr=CALCULATED_VALUE href=/docs/pscp_calc.html target=_blank>Calculated Value</a>",0.0048,0.0015,-0.0015,0,"<a refstr=CALCULATED_VALUE href=/docs/pscp_calc.html target=_blank>Calculated Value</a>",2.3200000000,0.1100000000,-0.1300000000,0,"<a refstr=PINAMONTI_ET_AL__2023 href=https://ui.adsabs.harvard.edu/abs/2023A&A...677A.122P/abstract target=ref>Pinamonti et al. 2023</a>",1925.31000000000,6.50000000000,-6.50000000000,0,"<a refstr=PINAMONTI_ET_AL__2023 href=https://ui.adsabs.harvard.edu/abs/2023A&A...677A.122P/abstract target=ref>Pinamonti et al. 2023</a>",0.029000,0.019000,-0.019000,0,"<a refstr=PINAMONTI_ET_AL__2023 href=https://ui.adsabs.harvard.edu/abs/2023A&A...677A.122P/abstract target=ref>Pinamonti et al. 2023</a>",,,,,,,,,,,,,,,,,,,,,,,,,,,,,,,,,,,,24.85000,0.61000,-0.63000,0,"<a refstr=PINAMONTI_ET_AL__2023 href=https://ui.adsabs.harvard.edu/abs/2023A&A...677A.122P/abstract target=ref>Pinamonti et al. 2023</a>",,,,,,,,,,
"GJ 849","GJ 849 c","Msini",0,0,"Radial Velocity",2014,"W. M. Keck Observatory","<a refstr=MONTET_ET_AL__2014 href=https://ui.adsabs.harvard.edu/abs/2014ApJ...781...28M/abstract target=ref>Montet et al. 2014</a>",13.80000000,,,0,"<a refstr=CALCULATED_VALUE href=/docs/pscp_calc.html target=_blank>Calculated Value</a>",314.65012293,34.96112477,-34.96112477,0,"<a refstr=PINAMONTI_ET_AL__2023 href=https://ui.adsabs.harvard.edu/abs/2023A&A...677A.122P/abstract target=ref>Pinamonti et al. 2023</a>",0.658000,,,0,"<a refstr=CALCULATED_VALUE href=/docs/pscp_calc.html target=_blank>Calculated Value</a>",50.41,4.26,-4.26,0,"<a refstr=CALCULATED_VALUE href=/docs/pscp_calc.html target=_blank>Calculated Value</a>",0.0010,0.0003,-0.0003,0,"<a refstr=CALCULATED_VALUE href=/docs/pscp_calc.html target=_blank>Calculated Value</a>",4.9500000000,0.2500000000,-0.2800000000,0,"<a refstr=PINAMONTI_ET_AL__2023 href=https://ui.adsabs.harvard.edu/abs/2023A&A...677A.122P/abstract target=ref>Pinamonti et al. 2023</a>",5990.00000000000,110.00000000000,-100.00000000000,0,"<a refstr=PINAMONTI_ET_AL__2023 href=https://ui.adsabs.harvard.edu/abs/2023A&A...677A.122P/abstract target=ref>Pinamonti et al. 2023</a>",0.092000,0.038000,-0.036000,0,"<a refstr=PINAMONTI_ET_AL__2023 href=https://ui.adsabs.harvard.edu/abs/2023A&A...677A.122P/abstract target=ref>Pinamonti et al. 2023</a>",,,,,,,,,,,,,,,,,,,,,,,,,,,,,,,,,,,,18.81000,0.81000,-0.82000,0,"<a refstr=PINAMONTI_ET_AL__2023 href=https://ui.adsabs.harvard.edu/abs/2023A&A...677A.122P/abstract target=ref>Pinamonti et al. 2023</a>",,,,,,,,,,
"GJ 86","GJ 86 b","Msini",0,0,"Radial Velocity",1999,"La Silla Observatory","<a refstr=QUELOZ_ET_AL__2000 href=https://ui.adsabs.harvard.edu/abs/2000A&A...354...99Q/abstract target=ref> Queloz et al. 2000 </a>",12.90000000,,,0,"<a refstr=CALCULATED_VALUE href=/docs/pscp_calc.html target=_blank>Calculated Value</a>",1404.80860000,63.56600000,-63.56600000,0,"<a refstr=STASSUN_ET_AL__2017 href=https://ui.adsabs.harvard.edu/abs/2017AJ....153..136S/abstract target=ref>Stassun et al. 2017</a>",3.600000,,,0,"<a refstr=CALCULATED_VALUE href=/docs/pscp_calc.html target=_blank>Calculated Value</a>",661.12,4.52,-4.52,0,"<a refstr=CALCULATED_VALUE href=/docs/pscp_calc.html target=_blank>Calculated Value</a>",33.7048,0.0283,-0.0283,0,"<a refstr=CALCULATED_VALUE href=/docs/pscp_calc.html target=_blank>Calculated Value</a>",0.1100000000,0.0000000000,0.0000000000,0,"<a refstr=STASSUN_ET_AL__2017 href=https://ui.adsabs.harvard.edu/abs/2017AJ....153..136S/abstract target=ref>Stassun et al. 2017</a>",15.76491000000,0.00039000000,-0.00039000000,0,"<a refstr=STASSUN_ET_AL__2017 href=https://ui.adsabs.harvard.edu/abs/2017AJ....153..136S/abstract target=ref>Stassun et al. 2017</a>",0.040000,0.010000,-0.010000,0,"<a refstr=STASSUN_ET_AL__2017 href=https://ui.adsabs.harvard.edu/abs/2017AJ....153..136S/abstract target=ref>Stassun et al. 2017</a>",,,,,,,,,,,,,,,,,,,,,,,,,,,,,,,,,,,,376.70000,2.90000,-2.90000,0,"<a refstr=STASSUN_ET_AL__2017 href=https://ui.adsabs.harvard.edu/abs/2017AJ....153..136S/abstract target=ref>Stassun et al. 2017</a>",,,,,,,,,,
"GJ 876","GJ 876 b","Mass",0,0,"Radial Velocity",1998,"Multiple Observatories","<a refstr=MARCY_ET_AL__1998 href=https://ui.adsabs.harvard.edu/abs/1998ApJ...505L.147M/abstract target=ref> Marcy et al. 1998 </a>",13.30000000,,,0,"<a refstr=CALCULATED_VALUE href=/docs/pscp_calc.html target=_blank>Calculated Value</a>",723.22350000,1.43020000,-1.43020000,0,"<a refstr=RIVERA_ET_AL__2010 href=https://ui.adsabs.harvard.edu/abs/2010ApJ...719..890R/abstract target=ref> Rivera et al. 2010 </a>",1.690000,,,0,"<a refstr=CALCULATED_VALUE href=/docs/pscp_calc.html target=_blank>Calculated Value</a>",190.60,,,0,"<a refstr=CALCULATED_VALUE href=/docs/pscp_calc.html target=_blank>Calculated Value</a>",0.2857,,,0,"<a refstr=CALCULATED_VALUE href=/docs/pscp_calc.html target=_blank>Calculated Value</a>",0.2083170000,0.0000200000,-0.0000200000,0,"<a refstr=RIVERA_ET_AL__2010 href=https://ui.adsabs.harvard.edu/abs/2010ApJ...719..890R/abstract target=ref> Rivera et al. 2010 </a>",61.11660000000,0.00860000000,-0.00860000000,0,"<a refstr=RIVERA_ET_AL__2010 href=https://ui.adsabs.harvard.edu/abs/2010ApJ...719..890R/abstract target=ref> Rivera et al. 2010 </a>",0.032400,0.001300,-0.001300,0,"<a refstr=RIVERA_ET_AL__2010 href=https://ui.adsabs.harvard.edu/abs/2010ApJ...719..890R/abstract target=ref> Rivera et al. 2010 </a>",59.00000,,,0,"<a refstr=RIVERA_ET_AL__2010 href=https://ui.adsabs.harvard.edu/abs/2010ApJ...719..890R/abstract target=ref> Rivera et al. 2010 </a>",,,,,,,,,,,,,,,,,,,,,,,,,,,,,,,214.00000,0.42000,-0.42000,0,"<a refstr=RIVERA_ET_AL__2010 href=https://ui.adsabs.harvard.edu/abs/2010ApJ...719..890R/abstract target=ref> Rivera et al. 2010 </a>",,,,,,,,,,
"GJ 876","GJ 876 c","Mass",0,0,"Radial Velocity",2000,"Multiple Observatories","<a refstr=MARCY_ET_AL__2001 href=https://ui.adsabs.harvard.edu/abs/2001ApJ...556..296M/abstract target=ref> Marcy et al. 2001 </a>",14.00000000,,,0,"<a refstr=CALCULATED_VALUE href=/docs/pscp_calc.html target=_blank>Calculated Value</a>",226.98460000,1.23950000,-1.23950000,0,"<a refstr=RIVERA_ET_AL__2010 href=https://ui.adsabs.harvard.edu/abs/2010ApJ...719..890R/abstract target=ref> Rivera et al. 2010 </a>",0.455000,,,0,"<a refstr=CALCULATED_VALUE href=/docs/pscp_calc.html target=_blank>Calculated Value</a>",241.66,,,0,"<a refstr=CALCULATED_VALUE href=/docs/pscp_calc.html target=_blank>Calculated Value</a>",0.7384,,,0,"<a refstr=CALCULATED_VALUE href=/docs/pscp_calc.html target=_blank>Calculated Value</a>",0.1295900000,0.0000240000,-0.0000240000,0,"<a refstr=RIVERA_ET_AL__2010 href=https://ui.adsabs.harvard.edu/abs/2010ApJ...719..890R/abstract target=ref> Rivera et al. 2010 </a>",30.08810000000,0.00820000000,-0.00820000000,0,"<a refstr=RIVERA_ET_AL__2010 href=https://ui.adsabs.harvard.edu/abs/2010ApJ...719..890R/abstract target=ref> Rivera et al. 2010 </a>",0.255910,0.000930,-0.000930,0,"<a refstr=RIVERA_ET_AL__2010 href=https://ui.adsabs.harvard.edu/abs/2010ApJ...719..890R/abstract target=ref> Rivera et al. 2010 </a>",59.00000,,,0,"<a refstr=RIVERA_ET_AL__2010 href=https://ui.adsabs.harvard.edu/abs/2010ApJ...719..890R/abstract target=ref> Rivera et al. 2010 </a>",,,,,,,,,,,,,,,,,,,,,,,,,,,,,,,88.34000,0.47000,-0.47000,0,"<a refstr=RIVERA_ET_AL__2010 href=https://ui.adsabs.harvard.edu/abs/2010ApJ...719..890R/abstract target=ref> Rivera et al. 2010 </a>",,,,,,,,,,
"GJ 876","GJ 876 d","Mass",0,0,"Radial Velocity",2005,"W. M. Keck Observatory","<a refstr=RIVERA_ET_AL__2005 href=https://ui.adsabs.harvard.edu/abs/2005ApJ...634..625R/abstract target=ref> Rivera et al. 2005 </a>",2.51000000,,,0,"<a refstr=CALCULATED_VALUE href=/docs/pscp_calc.html target=_blank>Calculated Value</a>",6.83000000,0.40000000,-0.40000000,0,"<a refstr=RIVERA_ET_AL__2010 href=https://ui.adsabs.harvard.edu/abs/2010ApJ...719..890R/abstract target=ref> Rivera et al. 2010 </a>",2.370000,,,0,"<a refstr=CALCULATED_VALUE href=/docs/pscp_calc.html target=_blank>Calculated Value</a>",603.09,,,0,"<a refstr=CALCULATED_VALUE href=/docs/pscp_calc.html target=_blank>Calculated Value</a>",28.6429,,,0,"<a refstr=CALCULATED_VALUE href=/docs/pscp_calc.html target=_blank>Calculated Value</a>",0.0208066500,0.0000001500,-0.0000001500,0,"<a refstr=RIVERA_ET_AL__2010 href=https://ui.adsabs.harvard.edu/abs/2010ApJ...719..890R/abstract target=ref> Rivera et al. 2010 </a>",1.93778000000,0.00002000000,-0.00002000000,0,"<a refstr=RIVERA_ET_AL__2010 href=https://ui.adsabs.harvard.edu/abs/2010ApJ...719..890R/abstract target=ref> Rivera et al. 2010 </a>",0.207000,0.055000,-0.055000,0,"<a refstr=RIVERA_ET_AL__2010 href=https://ui.adsabs.harvard.edu/abs/2010ApJ...719..890R/abstract target=ref> Rivera et al. 2010 </a>",59.00000,,,0,"<a refstr=RIVERA_ET_AL__2010 href=https://ui.adsabs.harvard.edu/abs/2010ApJ...719..890R/abstract target=ref> Rivera et al. 2010 </a>",,,,,,,,,,,,,,,,,,,,,,,,,,,,,,,6.56000,0.37000,-0.37000,0,"<a refstr=RIVERA_ET_AL__2010 href=https://ui.adsabs.harvard.edu/abs/2010ApJ...719..890R/abstract target=ref> Rivera et al. 2010 </a>",,,,,,,,,,
"GJ 876","GJ 876 e","Mass",0,0,"Radial Velocity",2010,"W. M. Keck Observatory","<a refstr=RIVERA_ET_AL__2010 href=https://ui.adsabs.harvard.edu/abs/2010ApJ...719..890R/abstract target=ref> Rivera et al. 2010 </a>",3.92000000,,,0,"<a refstr=CALCULATED_VALUE href=/docs/pscp_calc.html target=_blank>Calculated Value</a>",14.60000000,1.70000000,-1.70000000,0,"<a refstr=RIVERA_ET_AL__2010 href=https://ui.adsabs.harvard.edu/abs/2010ApJ...719..890R/abstract target=ref> Rivera et al. 2010 </a>",1.330000,,,0,"<a refstr=CALCULATED_VALUE href=/docs/pscp_calc.html target=_blank>Calculated Value</a>",150.46,,,0,"<a refstr=CALCULATED_VALUE href=/docs/pscp_calc.html target=_blank>Calculated Value</a>",0.1110,,,0,"<a refstr=CALCULATED_VALUE href=/docs/pscp_calc.html target=_blank>Calculated Value</a>",0.3343000000,0.0013000000,-0.0013000000,0,"<a refstr=RIVERA_ET_AL__2010 href=https://ui.adsabs.harvard.edu/abs/2010ApJ...719..890R/abstract target=ref> Rivera et al. 2010 </a>",124.26000000000,0.70000000000,-0.70000000000,0,"<a refstr=RIVERA_ET_AL__2010 href=https://ui.adsabs.harvard.edu/abs/2010ApJ...719..890R/abstract target=ref> Rivera et al. 2010 </a>",0.055000,0.012000,-0.012000,0,"<a refstr=RIVERA_ET_AL__2010 href=https://ui.adsabs.harvard.edu/abs/2010ApJ...719..890R/abstract target=ref> Rivera et al. 2010 </a>",59.00000,,,0,"<a refstr=RIVERA_ET_AL__2010 href=https://ui.adsabs.harvard.edu/abs/2010ApJ...719..890R/abstract target=ref> Rivera et al. 2010 </a>",,,,,,,,,,,,,,,,,,,,,,,,,,,,,,,3.42000,0.39000,-0.39000,0,"<a refstr=RIVERA_ET_AL__2010 href=https://ui.adsabs.harvard.edu/abs/2010ApJ...719..890R/abstract target=ref> Rivera et al. 2010 </a>",,,,,,,,,,
"GJ 887","GJ 887 b","Msini",0,0,"Radial Velocity",2020,"La Silla Observatory","<a refstr=JEFFERS_ET_AL__2020 href=https://ui.adsabs.harvard.edu/abs/2020Sci...368.1477J/abstract target=ref>Jeffers et al. 2020</a>",1.80000000,,,0,"<a refstr=CALCULATED_VALUE href=/docs/pscp_calc.html target=_blank>Calculated Value</a>",3.90000000,0.50000000,-0.50000000,0,"<a refstr=HARTOGH_ET_AL_2026 href=https://ui.adsabs.harvard.edu/abs/2026A&A...707A..93H/abstract target=ref>Hartogh et al. 2026</a>",3.670000,,,0,"<a refstr=CALCULATED_VALUE href=/docs/pscp_calc.html target=_blank>Calculated Value</a>",426.00,16.00,-16.00,0,"<a refstr=HARTOGH_ET_AL_2026 href=https://ui.adsabs.harvard.edu/abs/2026A&A...707A..93H/abstract target=ref>Hartogh et al. 2026</a>",7.8000,1.3000,-1.1000,0,"<a refstr=HARTOGH_ET_AL_2026 href=https://ui.adsabs.harvard.edu/abs/2026A&A...707A..93H/abstract target=ref>Hartogh et al. 2026</a>",0.0683000000,0.0022000000,-0.0024000000,0,"<a refstr=HARTOGH_ET_AL_2026 href=https://ui.adsabs.harvard.edu/abs/2026A&A...707A..93H/abstract target=ref>Hartogh et al. 2026</a>",9.26190000000,0.00050000000,-0.00050000000,0,"<a refstr=HARTOGH_ET_AL_2026 href=https://ui.adsabs.harvard.edu/abs/2026A&A...707A..93H/abstract target=ref>Hartogh et al. 2026</a>",0.140000,0.060000,-0.060000,0,"<a refstr=HARTOGH_ET_AL_2026 href=https://ui.adsabs.harvard.edu/abs/2026A&A...707A..93H/abstract target=ref>Hartogh et al. 2026</a>",,,,,,,,,,,,,,,,,,,,,,,,,,,,,,,,,,,,2.00000,0.17000,-0.17000,0,"<a refstr=HARTOGH_ET_AL_2026 href=https://ui.adsabs.harvard.edu/abs/2026A&A...707A..93H/abstract target=ref>Hartogh et al. 2026</a>",,,,,,,,,,
"GJ 887","GJ 887 c","Msini",0,0,"Radial Velocity",2020,"La Silla Observatory","<a refstr=JEFFERS_ET_AL__2020 href=https://ui.adsabs.harvard.edu/abs/2020Sci...368.1477J/abstract target=ref>Jeffers et al. 2020</a>",2.43000000,,,0,"<a refstr=CALCULATED_VALUE href=/docs/pscp_calc.html target=_blank>Calculated Value</a>",6.50000000,1.00000000,-0.90000000,0,"<a refstr=HARTOGH_ET_AL_2026 href=https://ui.adsabs.harvard.edu/abs/2026A&A...707A..93H/abstract target=ref>Hartogh et al. 2026</a>",2.490000,,,0,"<a refstr=CALCULATED_VALUE href=/docs/pscp_calc.html target=_blank>Calculated Value</a>",320.00,13.00,-12.00,0,"<a refstr=HARTOGH_ET_AL_2026 href=https://ui.adsabs.harvard.edu/abs/2026A&A...707A..93H/abstract target=ref>Hartogh et al. 2026</a>",2.5000,0.4000,-0.4000,0,"<a refstr=HARTOGH_ET_AL_2026 href=https://ui.adsabs.harvard.edu/abs/2026A&A...707A..93H/abstract target=ref>Hartogh et al. 2026</a>",0.1210000000,0.0040000000,-0.0050000000,0,"<a refstr=HARTOGH_ET_AL_2026 href=https://ui.adsabs.harvard.edu/abs/2026A&A...707A..93H/abstract target=ref>Hartogh et al. 2026</a>",21.78400000000,0.00400000000,-0.00400000000,0,"<a refstr=HARTOGH_ET_AL_2026 href=https://ui.adsabs.harvard.edu/abs/2026A&A...707A..93H/abstract target=ref>Hartogh et al. 2026</a>",0.170000,0.060000,-0.060000,0,"<a refstr=HARTOGH_ET_AL_2026 href=https://ui.adsabs.harvard.edu/abs/2026A&A...707A..93H/abstract target=ref>Hartogh et al. 2026</a>",,,,,,,,,,,,,,,,,,,,,,,,,,,,,,,,,,,,2.54000,0.27000,-0.27000,0,"<a refstr=HARTOGH_ET_AL_2026 href=https://ui.adsabs.harvard.edu/abs/2026A&A...707A..93H/abstract target=ref>Hartogh et al. 2026</a>",,,,,,,,,,
"GJ 887","GJ 887 d","Msini",0,0,"Radial Velocity",2026,"Multiple Observatories","<a refstr=HARTOGH_ET_AL_2026 href=https://ui.adsabs.harvard.edu/abs/2026A&A...707A..93H/abstract target=ref>Hartogh et al. 2026</a>",2.34000000,,,0,"<a refstr=CALCULATED_VALUE href=/docs/pscp_calc.html target=_blank>Calculated Value</a>",6.10000000,1.40000000,-1.40000000,0,"<a refstr=HARTOGH_ET_AL_2026 href=https://ui.adsabs.harvard.edu/abs/2026A&A...707A..93H/abstract target=ref>Hartogh et al. 2026</a>",2.620000,,,0,"<a refstr=CALCULATED_VALUE href=/docs/pscp_calc.html target=_blank>Calculated Value</a>",241.00,10.00,-9.00,0,"<a refstr=HARTOGH_ET_AL_2026 href=https://ui.adsabs.harvard.edu/abs/2026A&A...707A..93H/abstract target=ref>Hartogh et al. 2026</a>",0.8100,0.1300,-0.1200,0,"<a refstr=HARTOGH_ET_AL_2026 href=https://ui.adsabs.harvard.edu/abs/2026A&A...707A..93H/abstract target=ref>Hartogh et al. 2026</a>",0.2120000000,0.0070000000,-0.0080000000,0,"<a refstr=HARTOGH_ET_AL_2026 href=https://ui.adsabs.harvard.edu/abs/2026A&A...707A..93H/abstract target=ref>Hartogh et al. 2026</a>",50.77000000000,0.05000000000,-0.05000000000,0,"<a refstr=HARTOGH_ET_AL_2026 href=https://ui.adsabs.harvard.edu/abs/2026A&A...707A..93H/abstract target=ref>Hartogh et al. 2026</a>",,,,,,,,,,,,,,,,,,,,,,,,,,,,,,,,,,,,,,,,,1.70000,0.40000,-0.40000,0,"<a refstr=HARTOGH_ET_AL_2026 href=https://ui.adsabs.harvard.edu/abs/2026A&A...707A..93H/abstract target=ref>Hartogh et al. 2026</a>",,,,,,,,,,
"GJ 887","GJ 887 e","Msini",0,0,"Radial Velocity",2026,"Multiple Observatories","<a refstr=HARTOGH_ET_AL_2026 href=https://ui.adsabs.harvard.edu/abs/2026A&A...707A..93H/abstract target=ref>Hartogh et al. 2026</a>",1.12000000,,,0,"<a refstr=CALCULATED_VALUE href=/docs/pscp_calc.html target=_blank>Calculated Value</a>",1.46000000,0.19000000,-0.18000000,0,"<a refstr=HARTOGH_ET_AL_2026 href=https://ui.adsabs.harvard.edu/abs/2026A&A...707A..93H/abstract target=ref>Hartogh et al. 2026</a>",5.710000,,,0,"<a refstr=CALCULATED_VALUE href=/docs/pscp_calc.html target=_blank>Calculated Value</a>",544.00,21.00,-20.00,0,"<a refstr=HARTOGH_ET_AL_2026 href=https://ui.adsabs.harvard.edu/abs/2026A&A...707A..93H/abstract target=ref>Hartogh et al. 2026</a>",20.9000,4.0000,-2.9000,0,"<a refstr=HARTOGH_ET_AL_2026 href=https://ui.adsabs.harvard.edu/abs/2026A&A...707A..93H/abstract target=ref>Hartogh et al. 2026</a>",0.0417000000,0.0014000000,-0.0015000000,0,"<a refstr=HARTOGH_ET_AL_2026 href=https://ui.adsabs.harvard.edu/abs/2026A&A...707A..93H/abstract target=ref>Hartogh et al. 2026</a>",4.42490000000,0.00014000000,-0.00013000000,0,"<a refstr=HARTOGH_ET_AL_2026 href=https://ui.adsabs.harvard.edu/abs/2026A&A...707A..93H/abstract target=ref>Hartogh et al. 2026</a>",,,,,,,,,,,,,,,,,,,,,,,,,,,,,,,,,,,,,,,,,0.91000,0.10000,-0.10000,0,"<a refstr=HARTOGH_ET_AL_2026 href=https://ui.adsabs.harvard.edu/abs/2026A&A...707A..93H/abstract target=ref>Hartogh et al. 2026</a>",,,,,,,,,,
"GJ 896 A","GJ 896 A b","Mass",0,0,"Astrometry",2022,"Very Long Baseline Array","<a refstr=CURIEL_ET_AL__2022 href=https://ui.adsabs.harvard.edu/abs/2022AJ....164...93C/abstract target=ref>Curiel et al. 2022</a>",13.30000000,,,0,"<a refstr=CALCULATED_VALUE href=/docs/pscp_calc.html target=_blank>Calculated Value</a>",718.29219982,181.16219199,-181.16219199,0,"<a refstr=CURIEL_ET_AL__2022 href=https://ui.adsabs.harvard.edu/abs/2022AJ....164...93C/abstract target=ref>Curiel et al. 2022</a>",1.680000,,,0,"<a refstr=CALCULATED_VALUE href=/docs/pscp_calc.html target=_blank>Calculated Value</a>",126.70,6.24,-6.24,0,"<a refstr=CALCULATED_VALUE href=/docs/pscp_calc.html target=_blank>Calculated Value</a>",0.0429,0.0109,-0.0109,0,"<a refstr=CALCULATED_VALUE href=/docs/pscp_calc.html target=_blank>Calculated Value</a>",0.6396500000,0.0006700000,-0.0006700000,0,"<a refstr=CURIEL_ET_AL__2022 href=https://ui.adsabs.harvard.edu/abs/2022AJ....164...93C/abstract target=ref>Curiel et al. 2022</a>",284.39000000000,1.47000000000,-1.47000000000,0,"<a refstr=CURIEL_ET_AL__2022 href=https://ui.adsabs.harvard.edu/abs/2022AJ....164...93C/abstract target=ref>Curiel et al. 2022</a>",0.350000,0.190000,-0.190000,0,"<a refstr=CURIEL_ET_AL__2022 href=https://ui.adsabs.harvard.edu/abs/2022AJ....164...93C/abstract target=ref>Curiel et al. 2022</a>",69.20000,25.61000,-25.61000,0,"<a refstr=CURIEL_ET_AL__2022 href=https://ui.adsabs.harvard.edu/abs/2022AJ....164...93C/abstract target=ref>Curiel et al. 2022</a>",,,,,,,,,,,,,,,,,,,,,,,,,,,,,,,,,,,,,,,,,,,,,
"GJ 9066","GJ 9066 c","Msini",0,0,"Radial Velocity",2020,"Multiple Observatories","<a refstr=FENG_ET_AL__2020 href=https://ui.adsabs.harvard.edu/abs/2020ApJS..250...29F/abstract target=ref>Feng et al. 2020</a>",9.60000000,,,0,"<a refstr=CALCULATED_VALUE href=/docs/pscp_calc.html target=_blank>Calculated Value</a>",66.74396547,6.35656814,-6.35656814,0,"<a refstr=QUIRRENBACH_ET_AL_2022 href=https://ui.adsabs.harvard.edu/abs/2022A&A...663A..48Q/abstract target=ref>Quirrenbach et al. 2022</a>",0.415000,,,0,"<a refstr=CALCULATED_VALUE href=/docs/pscp_calc.html target=_blank>Calculated Value</a>",65.66,1.68,-1.68,0,"<a refstr=CALCULATED_VALUE href=/docs/pscp_calc.html target=_blank>Calculated Value</a>",0.0033,0.0002,-0.0002,0,"<a refstr=CALCULATED_VALUE href=/docs/pscp_calc.html target=_blank>Calculated Value</a>",0.8800000000,0.0200000000,-0.0200000000,0,"<a refstr=QUIRRENBACH_ET_AL_2022 href=https://ui.adsabs.harvard.edu/abs/2022A&A...663A..48Q/abstract target=ref>Quirrenbach et al. 2022</a>",771.36000000000,1.34000000000,-1.23000000000,0,"<a refstr=QUIRRENBACH_ET_AL_2022 href=https://ui.adsabs.harvard.edu/abs/2022A&A...663A..48Q/abstract target=ref>Quirrenbach et al. 2022</a>",0.460000,0.040000,-0.040000,0,"<a refstr=QUIRRENBACH_ET_AL_2022 href=https://ui.adsabs.harvard.edu/abs/2022A&A...663A..48Q/abstract target=ref>Quirrenbach et al. 2022</a>",,,,,,,,,,,,,,,,,,,,,,,,,,,,,,,,,,,,18.84000,1.30000,-1.16000,0,"<a refstr=QUIRRENBACH_ET_AL_2022 href=https://ui.adsabs.harvard.edu/abs/2022A&A...663A..48Q/abstract target=ref>Quirrenbach et al. 2022</a>",,,,,,,,,,
"GJ 96","GJ 96 b","Msini",0,0,"Radial Velocity",2018,"Haute-Provence Observatory","<a refstr=HOBSON_ET_AL__2018 href=https://ui.adsabs.harvard.edu/abs/2018A&A...618A.103H/abstract target=ref>Hobson et al. 2018</a>",4.67000000,,,0,"<a refstr=CALCULATED_VALUE href=/docs/pscp_calc.html target=_blank>Calculated Value</a>",19.66000000,2.42000000,-2.30000000,0,"<a refstr=HOBSON_ET_AL__2018 href=https://ui.adsabs.harvard.edu/abs/2018A&A...618A.103H/abstract target=ref>Hobson et al. 2018</a>",1.060000,,,0,"<a refstr=CALCULATED_VALUE href=/docs/pscp_calc.html target=_blank>Calculated Value</a>",257.81,6.14,-6.14,0,"<a refstr=CALCULATED_VALUE href=/docs/pscp_calc.html target=_blank>Calculated Value</a>",1.0486,0.1647,-0.1647,0,"<a refstr=CALCULATED_VALUE href=/docs/pscp_calc.html target=_blank>Calculated Value</a>",0.2910000000,0.0050000000,-0.0050000000,0,"<a refstr=HOBSON_ET_AL__2018 href=https://ui.adsabs.harvard.edu/abs/2018A&A...618A.103H/abstract target=ref>Hobson et al. 2018</a>",73.94000000000,0.33000000000,-0.38000000000,0,"<a refstr=HOBSON_ET_AL__2018 href=https://ui.adsabs.harvard.edu/abs/2018A&A...618A.103H/abstract target=ref>Hobson et al. 2018</a>",0.440000,0.090000,-0.110000,0,"<a refstr=HOBSON_ET_AL__2018 href=https://ui.adsabs.harvard.edu/abs/2018A&A...618A.103H/abstract target=ref>Hobson et al. 2018</a>",,,,,,,,,,,,,,,,,,,,,,,,,,,,,,,,,,,,4.69000,0.72000,-0.62000,0,"<a refstr=HOBSON_ET_AL__2018 href=https://ui.adsabs.harvard.edu/abs/2018A&A...618A.103H/abstract target=ref>Hobson et al. 2018</a>",,,,,,,,,,
"Gl 410","Gl 410 b","Msini",0,0,"Radial Velocity",2025,"Mauna Kea Observatory","<a refstr=CARMONA_ET_AL_2025 href=https://ui.adsabs.harvard.edu/abs/2025A&A...700A.222C/abstract target=ref>Carmona et al. 2025</a>",2.83000000,,,0,"<a refstr=CALCULATED_VALUE href=/docs/pscp_calc.html target=_blank>Calculated Value</a>",8.40000000,1.30000000,-1.30000000,0,"<a refstr=CARMONA_ET_AL_2025 href=https://ui.adsabs.harvard.edu/abs/2025A&A...700A.222C/abstract target=ref>Carmona et al. 2025</a>",2.040000,,,0,"<a refstr=CALCULATED_VALUE href=/docs/pscp_calc.html target=_blank>Calculated Value</a>",592.44,7.63,-7.63,0,"<a refstr=CALCULATED_VALUE href=/docs/pscp_calc.html target=_blank>Calculated Value</a>",20.4555,0.4718,-0.4718,0,"<a refstr=CALCULATED_VALUE href=/docs/pscp_calc.html target=_blank>Calculated Value</a>",0.0531000000,0.0006000000,-0.0006000000,0,"<a refstr=CARMONA_ET_AL_2025 href=https://ui.adsabs.harvard.edu/abs/2025A&A...700A.222C/abstract target=ref>Carmona et al. 2025</a>",6.02000000000,0.00400000000,-0.00400000000,0,"<a refstr=CARMONA_ET_AL_2025 href=https://ui.adsabs.harvard.edu/abs/2025A&A...700A.222C/abstract target=ref>Carmona et al. 2025</a>",,,,,,,,,,,,,,,,,,,,,,,,,,,,,,,,,,,,,,,,,4.40000,0.70000,-0.70000,0,"<a refstr=CARMONA_ET_AL_2025 href=https://ui.adsabs.harvard.edu/abs/2025A&A...700A.222C/abstract target=ref>Carmona et al. 2025</a>",,,,,,,,,,
"Gl 49","Gl 49 b","Msini",0,0,"Radial Velocity",2019,"Multiple Observatories","<a refstr=PERGER_ET_AL__2019 href=https://ui.adsabs.harvard.edu/abs/2019A&A...624A.123P/abstract target=ref>Perger et al. 2019</a>",2.24000000,,,0,"<a refstr=CALCULATED_VALUE href=/docs/pscp_calc.html target=_blank>Calculated Value</a>",5.63000000,0.67000000,-0.68000000,0,"<a refstr=PERGER_ET_AL__2019 href=https://ui.adsabs.harvard.edu/abs/2019A&A...624A.123P/abstract target=ref>Perger et al. 2019</a>",2.750000,,,0,"<a refstr=CALCULATED_VALUE href=/docs/pscp_calc.html target=_blank>Calculated Value</a>",435.99,10.01,-10.01,0,"<a refstr=CALCULATED_VALUE href=/docs/pscp_calc.html target=_blank>Calculated Value</a>",6.0291,0.1832,-0.1832,0,"<a refstr=CALCULATED_VALUE href=/docs/pscp_calc.html target=_blank>Calculated Value</a>",0.0905000000,0.0011000000,-0.0011000000,0,"<a refstr=PERGER_ET_AL__2019 href=https://ui.adsabs.harvard.edu/abs/2019A&A...624A.123P/abstract target=ref>Perger et al. 2019</a>",13.85080000000,0.00530000000,-0.00510000000,0,"<a refstr=PERGER_ET_AL__2019 href=https://ui.adsabs.harvard.edu/abs/2019A&A...624A.123P/abstract target=ref>Perger et al. 2019</a>",0.363000,0.099000,-0.096000,0,"<a refstr=PERGER_ET_AL__2019 href=https://ui.adsabs.harvard.edu/abs/2019A&A...624A.123P/abstract target=ref>Perger et al. 2019</a>",,,,,,,,,,,,,,,,,,,,,,,,,,,,,,,,,,,,2.52000,0.31000,-0.30000,0,"<a refstr=PERGER_ET_AL__2019 href=https://ui.adsabs.harvard.edu/abs/2019A&A...624A.123P/abstract target=ref>Perger et al. 2019</a>",,,,,,,,,,
"Gl 686","Gl 686 b","Msini",0,0,"Radial Velocity",2018,"Roque de los Muchachos Observatory","<a refstr=AFFER_ET_AL__2019 href=https://ui.adsabs.harvard.edu/abs/2019A&A...622A.193A/abstract target=ref>Affer et al. 2019</a>",2.46000000,,,0,"<a refstr=CALCULATED_VALUE href=/docs/pscp_calc.html target=_blank>Calculated Value</a>",6.62400000,0.43200000,-0.43200000,0,"<a refstr=BURT_ET_AL__2021 href=https://ui.adsabs.harvard.edu/abs/2021AJ....161...10B/abstract target=ref>Burt et al. 2021</a>",2.450000,,,0,"<a refstr=CALCULATED_VALUE href=/docs/pscp_calc.html target=_blank>Calculated Value</a>",379.00,24.00,-25.00,0,"<a refstr=AFFER_ET_AL__2019 href=https://ui.adsabs.harvard.edu/abs/2019A&A...622A.193A/abstract target=ref>Affer et al. 2019</a>",3.5638,0.1195,-0.1195,0,"<a refstr=CALCULATED_VALUE href=/docs/pscp_calc.html target=_blank>Calculated Value</a>",0.0910000000,0.0010000000,-0.0010000000,0,"<a refstr=BURT_ET_AL__2021 href=https://ui.adsabs.harvard.edu/abs/2021AJ....161...10B/abstract target=ref>Burt et al. 2021</a>",15.53000000000,0.00110000000,-0.00110000000,0,"<a refstr=BURT_ET_AL__2021 href=https://ui.adsabs.harvard.edu/abs/2021AJ....161...10B/abstract target=ref>Burt et al. 2021</a>",0.050000,0.030000,-0.030000,0,"<a refstr=BURT_ET_AL__2021 href=https://ui.adsabs.harvard.edu/abs/2021AJ....161...10B/abstract target=ref>Burt et al. 2021</a>",,,,,,,,,,,,,,,,,,,,,,,,,,,,,,,,,,,,3.00400,0.18000,-0.18000,0,"<a refstr=BURT_ET_AL__2021 href=https://ui.adsabs.harvard.edu/abs/2021AJ....161...10B/abstract target=ref>Burt et al. 2021</a>",,,,,,,,,,
"Gl 725 A","Gl 725 A b","Msini",0,0,"Radial Velocity",2025,"Multiple Observatories","<a refstr=CORTES_ZULETA_ET_AL_2025 href=https://ui.adsabs.harvard.edu/abs/2025A&A...693A.164C/abstract target=ref>Cort&eacute;s-Zuleta et al. 2025</a>",1.48000000,,,0,"<a refstr=CALCULATED_VALUE href=/docs/pscp_calc.html target=_blank>Calculated Value</a>",2.78000000,0.35000000,-0.35000000,0,"<a refstr=CORTES_ZULETA_ET_AL_2025 href=https://ui.adsabs.harvard.edu/abs/2025A&A...693A.164C/abstract target=ref>Cort&eacute;s-Zuleta et al. 2025</a>",4.710000,,,0,"<a refstr=CALCULATED_VALUE href=/docs/pscp_calc.html target=_blank>Calculated Value</a>",376.10,8.11,-8.11,0,"<a refstr=CALCULATED_VALUE href=/docs/pscp_calc.html target=_blank>Calculated Value</a>",3.3572,0.0999,-0.0999,0,"<a refstr=CALCULATED_VALUE href=/docs/pscp_calc.html target=_blank>Calculated Value</a>",0.0680000000,0.0010000000,-0.0010000000,0,"<a refstr=CORTES_ZULETA_ET_AL_2025 href=https://ui.adsabs.harvard.edu/abs/2025A&A...693A.164C/abstract target=ref>Cort&eacute;s-Zuleta et al. 2025</a>",11.22010000000,0.00510000000,-0.00510000000,0,"<a refstr=CORTES_ZULETA_ET_AL_2025 href=https://ui.adsabs.harvard.edu/abs/2025A&A...693A.164C/abstract target=ref>Cort&eacute;s-Zuleta et al. 2025</a>",0.000000,,,0,"<a refstr=CORTES_ZULETA_ET_AL_2025 href=https://ui.adsabs.harvard.edu/abs/2025A&A...693A.164C/abstract target=ref>Cort&eacute;s-Zuleta et al. 2025</a>",,,,,,,,,,,,,,,,,,,,,,,,,,,,,,,,,,,,1.67000,0.20000,-0.20000,0,"<a refstr=CORTES_ZULETA_ET_AL_2025 href=https://ui.adsabs.harvard.edu/abs/2025A&A...693A.164C/abstract target=ref>Cort&eacute;s-Zuleta et al. 2025</a>",,,,,,,,,,
"Gl 725 B","Gl 725 B c","Msini",0,0,"Radial Velocity",2026,"Mauna Kea Observatory","<a refstr=OULD_ELHKIM_ET_AL_2026 href=https://ui.adsabs.harvard.edu/abs/2026A&A...705A.234O/abstract target=ref>Ould-Elhkim et al. 2026</a>",1.66000000,,,0,"<a refstr=CALCULATED_VALUE href=/docs/pscp_calc.html target=_blank>Calculated Value</a>",3.40000000,0.70000000,-0.70000000,0,"<a refstr=OULD_ELHKIM_ET_AL_2026 href=https://ui.adsabs.harvard.edu/abs/2026A&A...705A.234O/abstract target=ref>Ould-Elhkim et al. 2026</a>",4.080000,,,0,"<a refstr=CALCULATED_VALUE href=/docs/pscp_calc.html target=_blank>Calculated Value</a>",215.00,4.00,-4.00,0,"<a refstr=OULD_ELHKIM_ET_AL_2026 href=https://ui.adsabs.harvard.edu/abs/2026A&A...705A.234O/abstract target=ref>Ould-Elhkim et al. 2026</a>",0.4742,0.0275,-0.0275,0,"<a refstr=CALCULATED_VALUE href=/docs/pscp_calc.html target=_blank>Calculated Value</a>",0.1390000000,0.0040000000,-0.0040000000,0,"<a refstr=OULD_ELHKIM_ET_AL_2026 href=https://ui.adsabs.harvard.edu/abs/2026A&A...705A.234O/abstract target=ref>Ould-Elhkim et al. 2026</a>",37.90000000000,0.17000000000,-0.17000000000,0,"<a refstr=OULD_ELHKIM_ET_AL_2026 href=https://ui.adsabs.harvard.edu/abs/2026A&A...705A.234O/abstract target=ref>Ould-Elhkim et al. 2026</a>",,,,,,,,,,,,,,,,,,,,,,,,,,,,,,,,,,,,,,,,,1.70000,0.30000,-0.30000,0,"<a refstr=OULD_ELHKIM_ET_AL_2026 href=https://ui.adsabs.harvard.edu/abs/2026A&A...705A.234O/abstract target=ref>Ould-Elhkim et al. 2026</a>",,,,,,,,,,
"Gliese 12","Gliese 12 b","Mass",0,0,"Transit",2024,"Transiting Exoplanet Survey Satellite (TESS)","<a refstr=KUZUHARA_ET_AL__2024 href=https://ui.adsabs.harvard.edu/abs/2024ApJ...967L..21K/abstract target=ref>Kuzuhara et al. 2024</a>",0.93000000,0.06000000,-0.06000000,0,"<a refstr=TURNER_ET_AL_2026 href=https://ui.adsabs.harvard.edu/abs/2026MNRAS.545f1703T/abstract target=ref>Turner et al. 2026</a>",0.95000000,0.29000000,-0.30000000,0,"<a refstr=TURNER_ET_AL_2026 href=https://ui.adsabs.harvard.edu/abs/2026MNRAS.545f1703T/abstract target=ref>Turner et al. 2026</a>",6.400000,2.400000,-2.400000,0,"<a refstr=TURNER_ET_AL_2026 href=https://ui.adsabs.harvard.edu/abs/2026MNRAS.545f1703T/abstract target=ref>Turner et al. 2026</a>",314.60,6.00,-5.40,0,"<a refstr=KUZUHARA_ET_AL__2024 href=https://ui.adsabs.harvard.edu/abs/2024ApJ...967L..21K/abstract target=ref>Kuzuhara et al. 2024</a>",1.6200,0.1300,-0.1100,0,"<a refstr=KUZUHARA_ET_AL__2024 href=https://ui.adsabs.harvard.edu/abs/2024ApJ...967L..21K/abstract target=ref>Kuzuhara et al. 2024</a>",0.0670000000,0.0005000000,-0.0006000000,0,"<a refstr=DHOLAKIA_ET_AL__2024 href=https://ui.adsabs.harvard.edu/abs/2024MNRAS.531.1276D/abstract target=ref>Dholakia et al. 2024</a>",12.76141800000,0.00006000000,-0.00005500000,0,"<a refstr=TURNER_ET_AL_2026 href=https://ui.adsabs.harvard.edu/abs/2026MNRAS.545f1703T/abstract target=ref>Turner et al. 2026</a>",0.240000,0.130000,-0.130000,0,"<a refstr=TURNER_ET_AL_2026 href=https://ui.adsabs.harvard.edu/abs/2026MNRAS.545f1703T/abstract target=ref>Turner et al. 2026</a>",89.25000,0.08000,-0.09000,0,"<a refstr=TURNER_ET_AL_2026 href=https://ui.adsabs.harvard.edu/abs/2026MNRAS.545f1703T/abstract target=ref>Turner et al. 2026</a>",0.750000,0.090000,-0.150000,0,"<a refstr=TURNER_ET_AL_2026 href=https://ui.adsabs.harvard.edu/abs/2026MNRAS.545f1703T/abstract target=ref>Turner et al. 2026</a>",0.12152496,0.02498446,-0.02498446,0,"<a refstr=EXOFOP href=https://exofop.ipac.caltech.edu/tess/view_toi.php target=ref>ExoFOP</a>",1.2000000,0.0900000,-0.0900000,0,"<a refstr=KUZUHARA_ET_AL__2024 href=https://ui.adsabs.harvard.edu/abs/2024ApJ...967L..21K/abstract target=ref>Kuzuhara et al. 2024</a>",55.200000,2.500000,-2.700000,0,"<a refstr=TURNER_ET_AL_2026 href=https://ui.adsabs.harvard.edu/abs/2026MNRAS.545f1703T/abstract target=ref>Turner et al. 2026</a>",0.03230000,0.00150000,-0.00140000,0,"<a refstr=TURNER_ET_AL_2026 href=https://ui.adsabs.harvard.edu/abs/2026MNRAS.545f1703T/abstract target=ref>Turner et al. 2026</a>",,,,,,0.67000,0.21000,-0.21000,0,"<a refstr=TURNER_ET_AL_2026 href=https://ui.adsabs.harvard.edu/abs/2026MNRAS.545f1703T/abstract target=ref>Turner et al. 2026</a>",,,,,,,,,,
"Gliese 48","Gliese 48 b","Msini",0,0,"Radial Velocity",2026,"Multiple Observatories","<a refstr=CONZO_ET_AL_2026 href=https://ui.adsabs.harvard.edu/abs/2026OEJV..273....1C/abstract target=ref>Conzo et al. 2026</a>",2.77000000,,,0,"<a refstr=CALCULATED_VALUE href=/docs/pscp_calc.html target=_blank>Calculated Value</a>",8.11000000,1.63000000,-1.63000000,0,"<a refstr=CONZO_ET_AL_2026 href=https://ui.adsabs.harvard.edu/abs/2026OEJV..273....1C/abstract target=ref>Conzo et al. 2026</a>",2.100000,,,0,"<a refstr=CALCULATED_VALUE href=/docs/pscp_calc.html target=_blank>Calculated Value</a>",271.00,,,0,"<a refstr=CONZO_ET_AL_2026 href=https://ui.adsabs.harvard.edu/abs/2026OEJV..273....1C/abstract target=ref>Conzo et al. 2026</a>",0.8900,,,0,"<a refstr=CONZO_ET_AL_2026 href=https://ui.adsabs.harvard.edu/abs/2026OEJV..273....1C/abstract target=ref>Conzo et al. 2026</a>",0.1752000000,0.0011000000,-0.0011000000,0,"<a refstr=CONZO_ET_AL_2026 href=https://ui.adsabs.harvard.edu/abs/2026OEJV..273....1C/abstract target=ref>Conzo et al. 2026</a>",39.62990000000,0.29000000000,-0.29000000000,0,"<a refstr=CONZO_ET_AL_2026 href=https://ui.adsabs.harvard.edu/abs/2026OEJV..273....1C/abstract target=ref>Conzo et al. 2026</a>",0.000000,,,0,"<a refstr=CONZO_ET_AL_2026 href=https://ui.adsabs.harvard.edu/abs/2026OEJV..273....1C/abstract target=ref>Conzo et al. 2026</a>",89.30000,,,1,"<a refstr=CONZO_ET_AL_2026 href=https://ui.adsabs.harvard.edu/abs/2026OEJV..273....1C/abstract target=ref>Conzo et al. 2026</a>",,,,,,,,,,,,,,,,,,,,,,,,,,,,,,,2.38000,0.24000,-0.24000,0,"<a refstr=CONZO_ET_AL_2026 href=https://ui.adsabs.harvard.edu/abs/2026OEJV..273....1C/abstract target=ref>Conzo et al. 2026</a>",,,,,,,,,,
"HIP 56998","HD 101581 b","M-R relationship",0,0,"Transit",2025,"Transiting Exoplanet Survey Satellite (TESS)","<a refstr=KUNIMOTO_ET_AL__2025 href=https://ui.adsabs.harvard.edu/abs/2025AJ....169...47K/abstract target=ref>Kunimoto et al. 2025</a>",0.95600000,0.06100000,-0.06300000,0,"<a refstr=KUNIMOTO_ET_AL__2025 href=https://ui.adsabs.harvard.edu/abs/2025AJ....169...47K/abstract target=ref>Kunimoto et al. 2025</a>",0.82700000,,,0,"<a refstr=CALCULATED_VALUE href=/docs/pscp_calc.html target=_blank>Calculated Value</a>",5.200000,,,0,"<a refstr=CALCULATED_VALUE href=/docs/pscp_calc.html target=_blank>Calculated Value</a>",834.00,23.00,-23.00,0,"<a refstr=KUNIMOTO_ET_AL__2025 href=https://ui.adsabs.harvard.edu/abs/2025AJ....169...47K/abstract target=ref>Kunimoto et al. 2025</a>",80.0000,9.0000,-8.0000,0,"<a refstr=KUNIMOTO_ET_AL__2025 href=https://ui.adsabs.harvard.edu/abs/2025AJ....169...47K/abstract target=ref>Kunimoto et al. 2025</a>",0.0460000000,0.0007000000,-0.0007000000,0,"<a refstr=KUNIMOTO_ET_AL__2025 href=https://ui.adsabs.harvard.edu/abs/2025AJ....169...47K/abstract target=ref>Kunimoto et al. 2025</a>",4.46569000000,0.00029000000,-0.00032000000,0,"<a refstr=KUNIMOTO_ET_AL__2025 href=https://ui.adsabs.harvard.edu/abs/2025AJ....169...47K/abstract target=ref>Kunimoto et al. 2025</a>",,,,,,87.78000,0.27000,-0.20000,0,"<a refstr=KUNIMOTO_ET_AL__2025 href=https://ui.adsabs.harvard.edu/abs/2025AJ....169...47K/abstract target=ref>Kunimoto et al. 2025</a>",0.616000,0.036000,-0.079000,0,"<a refstr=KUNIMOTO_ET_AL__2025 href=https://ui.adsabs.harvard.edu/abs/2025AJ....169...47K/abstract target=ref>Kunimoto et al. 2025</a>",0.02107033,0.00153025,-0.00153025,0,"<a refstr=EXOFOP href=https://exofop.ipac.caltech.edu/tess/view_toi.php target=ref>ExoFOP</a>",1.7700000,0.1300000,-0.1200000,0,"<a refstr=KUNIMOTO_ET_AL__2025 href=https://ui.adsabs.harvard.edu/abs/2025AJ....169...47K/abstract target=ref>Kunimoto et al. 2025</a>",,,,,,0.01390000,0.00060000,-0.00060000,0,"<a refstr=KUNIMOTO_ET_AL__2025 href=https://ui.adsabs.harvard.edu/abs/2025AJ....169...47K/abstract target=ref>Kunimoto et al. 2025</a>",,,,,,,,,,,,,,,,,,,,
"HIP 56998","HD 101581 c","M-R relationship",0,0,"Transit",2025,"Transiting Exoplanet Survey Satellite (TESS)","<a refstr=KUNIMOTO_ET_AL__2025 href=https://ui.adsabs.harvard.edu/abs/2025AJ....169...47K/abstract target=ref>Kunimoto et al. 2025</a>",0.99000000,0.07000000,-0.07000000,0,"<a refstr=KUNIMOTO_ET_AL__2025 href=https://ui.adsabs.harvard.edu/abs/2025AJ....169...47K/abstract target=ref>Kunimoto et al. 2025</a>",0.93700000,,,0,"<a refstr=CALCULATED_VALUE href=/docs/pscp_calc.html target=_blank>Calculated Value</a>",5.310000,,,0,"<a refstr=CALCULATED_VALUE href=/docs/pscp_calc.html target=_blank>Calculated Value</a>",747.00,21.00,-20.00,0,"<a refstr=KUNIMOTO_ET_AL__2025 href=https://ui.adsabs.harvard.edu/abs/2025AJ....169...47K/abstract target=ref>Kunimoto et al. 2025</a>",52.0000,6.0000,-5.0000,0,"<a refstr=KUNIMOTO_ET_AL__2025 href=https://ui.adsabs.harvard.edu/abs/2025AJ....169...47K/abstract target=ref>Kunimoto et al. 2025</a>",0.0573000000,0.0009000000,-0.0009000000,0,"<a refstr=KUNIMOTO_ET_AL__2025 href=https://ui.adsabs.harvard.edu/abs/2025AJ....169...47K/abstract target=ref>Kunimoto et al. 2025</a>",6.20401000000,0.00054000000,-0.00044000000,0,"<a refstr=KUNIMOTO_ET_AL__2025 href=https://ui.adsabs.harvard.edu/abs/2025AJ....169...47K/abstract target=ref>Kunimoto et al. 2025</a>",,,,,,87.93000,0.19000,-0.15000,0,"<a refstr=KUNIMOTO_ET_AL__2025 href=https://ui.adsabs.harvard.edu/abs/2025AJ....169...47K/abstract target=ref>Kunimoto et al. 2025</a>",0.713000,0.032000,-0.057000,0,"<a refstr=KUNIMOTO_ET_AL__2025 href=https://ui.adsabs.harvard.edu/abs/2025AJ....169...47K/abstract target=ref>Kunimoto et al. 2025</a>",0.02108404,0.00186872,-0.00186872,0,"<a refstr=EXOFOP href=https://exofop.ipac.caltech.edu/tess/view_toi.php target=ref>ExoFOP</a>",1.7600000,0.1500000,-0.1200000,0,"<a refstr=KUNIMOTO_ET_AL__2025 href=https://ui.adsabs.harvard.edu/abs/2025AJ....169...47K/abstract target=ref>Kunimoto et al. 2025</a>",,,,,,0.01440000,0.00070000,-0.00080000,0,"<a refstr=KUNIMOTO_ET_AL__2025 href=https://ui.adsabs.harvard.edu/abs/2025AJ....169...47K/abstract target=ref>Kunimoto et al. 2025</a>",,,,,,,,,,,,,,,,,,,,
"HD 115404 A","HD 115404 A b","Msini",0,0,"Radial Velocity",2022,"Multiple Observatories","<a refstr=FENG_ET_AL__2022 href=https://ui.adsabs.harvard.edu/abs/2022ApJS..262...21F/abstract target=ref>Feng et al. 2022</a>",6.09000000,,,0,"<a refstr=CALCULATED_VALUE href=/docs/pscp_calc.html target=_blank>Calculated Value</a>",30.82935548,6.35656814,-6.99222495,0,"<a refstr=FENG_ET_AL__2022 href=https://ui.adsabs.harvard.edu/abs/2022ApJS..262...21F/abstract target=ref>Feng et al. 2022</a>",0.750000,,,0,"<a refstr=CALCULATED_VALUE href=/docs/pscp_calc.html target=_blank>Calculated Value</a>",695.65,35.97,-35.97,0,"<a refstr=CALCULATED_VALUE href=/docs/pscp_calc.html target=_blank>Calculated Value</a>",39.0242,3.3520,-3.3520,0,"<a refstr=CALCULATED_VALUE href=/docs/pscp_calc.html target=_blank>Calculated Value</a>",0.0880000000,0.0030000000,-0.0040000000,0,"<a refstr=FENG_ET_AL__2022 href=https://ui.adsabs.harvard.edu/abs/2022ApJS..262...21F/abstract target=ref>Feng et al. 2022</a>",10.49488000000,0.00141000000,-0.00167000000,0,"<a refstr=FENG_ET_AL__2022 href=https://ui.adsabs.harvard.edu/abs/2022ApJS..262...21F/abstract target=ref>Feng et al. 2022</a>",0.232000,0.197000,-0.138000,0,"<a refstr=FENG_ET_AL__2022 href=https://ui.adsabs.harvard.edu/abs/2022ApJS..262...21F/abstract target=ref>Feng et al. 2022</a>",,,,,,,,,,,,,,,,,,,,,,,,,,,,,,,,,,,,10.50700,2.39600,-2.01100,0,"<a refstr=FENG_ET_AL__2022 href=https://ui.adsabs.harvard.edu/abs/2022ApJS..262...21F/abstract target=ref>Feng et al. 2022</a>",,,,,,,,,,
"HD 115404 A","HD 115404 A c","Mass",0,0,"Radial Velocity",2022,"Multiple Observatories","<a refstr=FENG_ET_AL__2022 href=https://ui.adsabs.harvard.edu/abs/2022ApJS..262...21F/abstract target=ref>Feng et al. 2022</a>",12.50000000,,,0,"<a refstr=CALCULATED_VALUE href=/docs/pscp_calc.html target=_blank>Calculated Value</a>",3279.67133183,468.16124351,-384.25454406,0,"<a refstr=FENG_ET_AL__2022 href=https://ui.adsabs.harvard.edu/abs/2022ApJS..262...21F/abstract target=ref>Feng et al. 2022</a>",9.230000,,,0,"<a refstr=CALCULATED_VALUE href=/docs/pscp_calc.html target=_blank>Calculated Value</a>",61.22,7.60,-7.60,0,"<a refstr=CALCULATED_VALUE href=/docs/pscp_calc.html target=_blank>Calculated Value</a>",0.0023,0.0011,-0.0011,0,"<a refstr=CALCULATED_VALUE href=/docs/pscp_calc.html target=_blank>Calculated Value</a>",11.3640000000,3.3010000000,-1.9050000000,0,"<a refstr=FENG_ET_AL__2022 href=https://ui.adsabs.harvard.edu/abs/2022ApJS..262...21F/abstract target=ref>Feng et al. 2022</a>",15319.22517000000,7240.32595000000,-3541.36457000000,0,"<a refstr=FENG_ET_AL__2022 href=https://ui.adsabs.harvard.edu/abs/2022ApJS..262...21F/abstract target=ref>Feng et al. 2022</a>",0.211000,0.173000,-0.102000,0,"<a refstr=FENG_ET_AL__2022 href=https://ui.adsabs.harvard.edu/abs/2022ApJS..262...21F/abstract target=ref>Feng et al. 2022</a>",25.79100,1.84200,-2.15700,0,"<a refstr=FENG_ET_AL__2022 href=https://ui.adsabs.harvard.edu/abs/2022ApJS..262...21F/abstract target=ref>Feng et al. 2022</a>",,,,,,,,,,,,,,,,,,,,,,,,,,,,,,,42.40100,2.56100,-1.94500,0,"<a refstr=FENG_ET_AL__2022 href=https://ui.adsabs.harvard.edu/abs/2022ApJS..262...21F/abstract target=ref>Feng et al. 2022</a>",,,,,,,,,,
"HD 141004","HD 141004 b","Msini",0,0,"Radial Velocity",2021,"Multiple Observatories","<a refstr=ROSENTHAL_ET_AL__2021 href=https://ui.adsabs.harvard.edu/abs/2021ApJS..255....8R/abstract target=ref>Rosenthal et al. 2021</a>",3.77000000,,,0,"<a refstr=CALCULATED_VALUE href=/docs/pscp_calc.html target=_blank>Calculated Value</a>",13.63483866,1.46201067,-1.46201067,0,"<a refstr=ROSENTHAL_ET_AL__2021 href=https://ui.adsabs.harvard.edu/abs/2021ApJS..255....8R/abstract target=ref>Rosenthal et al. 2021</a>",1.400000,,,0,"<a refstr=CALCULATED_VALUE href=/docs/pscp_calc.html target=_blank>Calculated Value</a>",950.73,20.39,-20.39,0,"<a refstr=CALCULATED_VALUE href=/docs/pscp_calc.html target=_blank>Calculated Value</a>",144.7300,6.1530,-6.1530,0,"<a refstr=CALCULATED_VALUE href=/docs/pscp_calc.html target=_blank>Calculated Value</a>",0.1238000000,0.0020000000,-0.0020000000,0,"<a refstr=ROSENTHAL_ET_AL__2021 href=https://ui.adsabs.harvard.edu/abs/2021ApJS..255....8R/abstract target=ref>Rosenthal et al. 2021</a>",15.50830000000,0.00160000000,-0.00180000000,0,"<a refstr=ROSENTHAL_ET_AL__2021 href=https://ui.adsabs.harvard.edu/abs/2021ApJS..255....8R/abstract target=ref>Rosenthal et al. 2021</a>",0.160000,0.110000,-0.100000,0,"<a refstr=ROSENTHAL_ET_AL__2021 href=https://ui.adsabs.harvard.edu/abs/2021ApJS..255....8R/abstract target=ref>Rosenthal et al. 2021</a>",,,,,,,,,,,,,,,,,,,,,,,,,,,,,,,,,,,,3.45000,0.36000,-0.35000,0,"<a refstr=ROSENTHAL_ET_AL__2021 href=https://ui.adsabs.harvard.edu/abs/2021ApJS..255....8R/abstract target=ref>Rosenthal et al. 2021</a>",,,,,,,,,,
"HD 147379","HD 147379 b","Msini",0,0,"Radial Velocity",2017,"Calar Alto Observatory","<a refstr=REINERS_ET_AL__2018 href=https://ui.adsabs.harvard.edu/abs/2018A&A...609L...5R/abstract target=ref>Reiners et al. 2018</a>",4.94000000,,,0,"<a refstr=CALCULATED_VALUE href=/docs/pscp_calc.html target=_blank>Calculated Value</a>",21.60000000,1.10000000,-1.10000000,0,"<a refstr=STALPORT_ET_AL_2023 href=https://ui.adsabs.harvard.edu/abs/2023A&A...678A..90S/abstract target=ref>Stalport et al. 2023</a>",0.985000,,,0,"<a refstr=CALCULATED_VALUE href=/docs/pscp_calc.html target=_blank>Calculated Value</a>",276.66,3.76,-3.76,0,"<a refstr=CALCULATED_VALUE href=/docs/pscp_calc.html target=_blank>Calculated Value</a>",0.7847,0.0986,-0.0986,0,"<a refstr=CALCULATED_VALUE href=/docs/pscp_calc.html target=_blank>Calculated Value</a>",0.3193000000,0.0002000000,-0.0002000000,0,"<a refstr=REINERS_ET_AL__2018 href=https://ui.adsabs.harvard.edu/abs/2018A&A...609L...5R/abstract target=ref>Reiners et al. 2018</a>",86.58000000000,0.14000000000,-0.14000000000,0,"<a refstr=STALPORT_ET_AL_2023 href=https://ui.adsabs.harvard.edu/abs/2023A&A...678A..90S/abstract target=ref>Stalport et al. 2023</a>",0.063000,0.047000,-0.038000,0,"<a refstr=STALPORT_ET_AL_2023 href=https://ui.adsabs.harvard.edu/abs/2023A&A...678A..90S/abstract target=ref>Stalport et al. 2023</a>",,,,,,,,,,,,,,,,,,,,,,,,,,,,,,,,,,,,4.49000,0.22000,-0.22000,0,"<a refstr=STALPORT_ET_AL_2023 href=https://ui.adsabs.harvard.edu/abs/2023A&A...678A..90S/abstract target=ref>Stalport et al. 2023</a>",,,,,,,,,,
"HD 147513","HD 147513 b","Msini",0,1,"Radial Velocity",2003,"La Silla Observatory","<a refstr=MAYOR_ET_AL__2004 href=https://ui.adsabs.harvard.edu/abs/2004A&A...415..391M/abstract target=ref> Mayor et al. 2004 </a>",13.70000000,,,0,"<a refstr=CALCULATED_VALUE href=/docs/pscp_calc.html target=_blank>Calculated Value</a>",385.00000000,,,0,"<a refstr=MAYOR_ET_AL__2004 href=https://ui.adsabs.harvard.edu/abs/2004A&A...415..391M/abstract target=ref> Mayor et al. 2004 </a>",0.823000,,,0,"<a refstr=CALCULATED_VALUE href=/docs/pscp_calc.html target=_blank>Calculated Value</a>",244.43,,,0,"<a refstr=CALCULATED_VALUE href=/docs/pscp_calc.html target=_blank>Calculated Value</a>",0.5609,,,0,"<a refstr=CALCULATED_VALUE href=/docs/pscp_calc.html target=_blank>Calculated Value</a>",1.3200000000,,,0,"<a refstr=MAYOR_ET_AL__2004 href=https://ui.adsabs.harvard.edu/abs/2004A&A...415..391M/abstract target=ref> Mayor et al. 2004 </a>",528.40000000000,6.30000000000,-6.30000000000,0,"<a refstr=MAYOR_ET_AL__2004 href=https://ui.adsabs.harvard.edu/abs/2004A&A...415..391M/abstract target=ref> Mayor et al. 2004 </a>",0.260000,0.050000,-0.050000,0,"<a refstr=MAYOR_ET_AL__2004 href=https://ui.adsabs.harvard.edu/abs/2004A&A...415..391M/abstract target=ref> Mayor et al. 2004 </a>",,,,,,,,,,,,,,,,,,,,,,,,,,,,,,,,,,,,29.30000,1.80000,-1.80000,0,"<a refstr=MAYOR_ET_AL__2004 href=https://ui.adsabs.harvard.edu/abs/2004A&A...415..391M/abstract target=ref> Mayor et al. 2004 </a>",,,,,,,,,,
"HD 180617","HD 180617 b","Msini",0,0,"Radial Velocity",2018,"Calar Alto Observatory","<a refstr=KAMINSKI_ET_AL__2018 href=https://ui.adsabs.harvard.edu/abs/2018A&A...618A.115K/abstract target=ref>Kaminski et al. 2018</a>",3.53000000,,,0,"<a refstr=CALCULATED_VALUE href=/docs/pscp_calc.html target=_blank>Calculated Value</a>",12.21400000,1.05000000,-1.05000000,0,"<a refstr=BURT_ET_AL__2021 href=https://ui.adsabs.harvard.edu/abs/2021AJ....161...10B/abstract target=ref>Burt et al. 2021</a>",1.530000,,,0,"<a refstr=CALCULATED_VALUE href=/docs/pscp_calc.html target=_blank>Calculated Value</a>",201.80,4.30,-4.30,0,"<a refstr=CALCULATED_VALUE href=/docs/pscp_calc.html target=_blank>Calculated Value</a>",0.2751,0.0072,-0.0072,0,"<a refstr=CALCULATED_VALUE href=/docs/pscp_calc.html target=_blank>Calculated Value</a>",0.3430000000,0.0040000000,-0.0040000000,0,"<a refstr=BURT_ET_AL__2021 href=https://ui.adsabs.harvard.edu/abs/2021AJ....161...10B/abstract target=ref>Burt et al. 2021</a>",105.91100000000,0.10900000000,-0.10900000000,0,"<a refstr=BURT_ET_AL__2021 href=https://ui.adsabs.harvard.edu/abs/2021AJ....161...10B/abstract target=ref>Burt et al. 2021</a>",0.101000,0.053000,-0.053000,0,"<a refstr=BURT_ET_AL__2021 href=https://ui.adsabs.harvard.edu/abs/2021AJ....161...10B/abstract target=ref>Burt et al. 2021</a>",,,,,,,,,,,,,,,,,,,,,,,,,,,,,,,,,,,,2.69600,0.22400,-0.22400,0,"<a refstr=BURT_ET_AL__2021 href=https://ui.adsabs.harvard.edu/abs/2021AJ....161...10B/abstract target=ref>Burt et al. 2021</a>",,,,,,,,,,
"HD 190007","HD 190007 b","Msini",0,0,"Radial Velocity",2020,"Multiple Observatories","<a refstr=BURT_ET_AL__2021 href=https://ui.adsabs.harvard.edu/abs/2021AJ....161...10B/abstract target=ref>Burt et al. 2021</a>",4.06000000,,,0,"<a refstr=CALCULATED_VALUE href=/docs/pscp_calc.html target=_blank>Calculated Value</a>",15.50000000,1.20000000,-1.30000000,0,"<a refstr=STALPORT_ET_AL_2023 href=https://ui.adsabs.harvard.edu/abs/2023A&A...678A..90S/abstract target=ref>Stalport et al. 2023</a>",1.270000,,,0,"<a refstr=CALCULATED_VALUE href=/docs/pscp_calc.html target=_blank>Calculated Value</a>",651.41,16.57,-16.57,0,"<a refstr=CALCULATED_VALUE href=/docs/pscp_calc.html target=_blank>Calculated Value</a>",24.6845,0.7123,-0.7123,0,"<a refstr=CALCULATED_VALUE href=/docs/pscp_calc.html target=_blank>Calculated Value</a>",0.0920000000,0.0008000000,-0.0008000000,0,"<a refstr=BURT_ET_AL__2021 href=https://ui.adsabs.harvard.edu/abs/2021AJ....161...10B/abstract target=ref>Burt et al. 2021</a>",11.72412800000,0.00009900000,-0.00009900000,0,"<a refstr=STALPORT_ET_AL_2023 href=https://ui.adsabs.harvard.edu/abs/2023A&A...678A..90S/abstract target=ref>Stalport et al. 2023</a>",0.136000,0.085000,-0.080000,0,"<a refstr=STALPORT_ET_AL_2023 href=https://ui.adsabs.harvard.edu/abs/2023A&A...678A..90S/abstract target=ref>Stalport et al. 2023</a>",,,,,,,,,,,,,,,,,,,,,,,,,,,,,,,,,,,,4.91000,0.45000,-0.45000,0,"<a refstr=STALPORT_ET_AL_2023 href=https://ui.adsabs.harvard.edu/abs/2023A&A...678A..90S/abstract target=ref>Stalport et al. 2023</a>",,,,,,,,,,
"HD 192310","HD 192310 b","Msin(i)/sin(i)",0,0,"Radial Velocity",2011,"La Silla Observatory","<a refstr=PEPE_ET_AL__2011 href=https://ui.adsabs.harvard.edu/abs/2011A%26A...534A..58P/abstract target=ref> Pepe et al. 2011 </a>",4.27000000,,,0,"<a refstr=CALCULATED_VALUE href=/docs/pscp_calc.html target=_blank>Calculated Value</a>",16.90000000,0.90000000,-0.90000000,0,"<a refstr=PEPE_ET_AL__2011 href=https://ui.adsabs.harvard.edu/abs/2011A%26A...534A..58P/abstract target=ref> Pepe et al. 2011 </a>",1.190000,,,0,"<a refstr=CALCULATED_VALUE href=/docs/pscp_calc.html target=_blank>Calculated Value</a>",355.00,,,0,"<a refstr=PEPE_ET_AL__2011 href=https://ui.adsabs.harvard.edu/abs/2011A%26A...534A..58P/abstract target=ref> Pepe et al. 2011 </a>",3.7598,0.1359,-0.1359,0,"<a refstr=CALCULATED_VALUE href=/docs/pscp_calc.html target=_blank>Calculated Value</a>",0.3200000000,0.0050000000,-0.0050000000,0,"<a refstr=PEPE_ET_AL__2011 href=https://ui.adsabs.harvard.edu/abs/2011A%26A...534A..58P/abstract target=ref> Pepe et al. 2011 </a>",74.72000000000,0.10000000000,-0.10000000000,0,"<a refstr=PEPE_ET_AL__2011 href=https://ui.adsabs.harvard.edu/abs/2011A%26A...534A..58P/abstract target=ref> Pepe et al. 2011 </a>",0.130000,0.040000,-0.040000,0,"<a refstr=PEPE_ET_AL__2011 href=https://ui.adsabs.harvard.edu/abs/2011A%26A...534A..58P/abstract target=ref> Pepe et al. 2011 </a>",90.00000,,,0,"<a refstr=PEPE_ET_AL__2011 href=https://ui.adsabs.harvard.edu/abs/2011A%26A...534A..58P/abstract target=ref> Pepe et al. 2011 </a>",,,,,,,,,,,,,,,,,,,,,,,,,,,,,,,3.00000,0.12000,-0.12000,0,"<a refstr=PEPE_ET_AL__2011 href=https://ui.adsabs.harvard.edu/abs/2011A%26A...534A..58P/abstract target=ref> Pepe et al. 2011 </a>",,,,,,,,,,
"HD 192310","HD 192310 c","Msin(i)/sin(i)",0,0,"Radial Velocity",2011,"La Silla Observatory","<a refstr=PEPE_ET_AL__2011 href=https://ui.adsabs.harvard.edu/abs/2011A%26A...534A..58P/abstract target=ref> Pepe et al. 2011 </a>",5.25000000,,,0,"<a refstr=CALCULATED_VALUE href=/docs/pscp_calc.html target=_blank>Calculated Value</a>",24.00000000,5.00000000,-5.00000000,0,"<a refstr=PEPE_ET_AL__2011 href=https://ui.adsabs.harvard.edu/abs/2011A%26A...534A..58P/abstract target=ref> Pepe et al. 2011 </a>",0.911000,,,0,"<a refstr=CALCULATED_VALUE href=/docs/pscp_calc.html target=_blank>Calculated Value</a>",185.00,,,0,"<a refstr=PEPE_ET_AL__2011 href=https://ui.adsabs.harvard.edu/abs/2011A%26A...534A..58P/abstract target=ref> Pepe et al. 2011 </a>",0.2765,0.0127,-0.0127,0,"<a refstr=CALCULATED_VALUE href=/docs/pscp_calc.html target=_blank>Calculated Value</a>",1.1800000000,0.0250000000,-0.0250000000,0,"<a refstr=PEPE_ET_AL__2011 href=https://ui.adsabs.harvard.edu/abs/2011A%26A...534A..58P/abstract target=ref> Pepe et al. 2011 </a>",525.80000000000,9.20000000000,-9.20000000000,0,"<a refstr=PEPE_ET_AL__2011 href=https://ui.adsabs.harvard.edu/abs/2011A%26A...534A..58P/abstract target=ref> Pepe et al. 2011 </a>",0.320000,0.110000,-0.110000,0,"<a refstr=PEPE_ET_AL__2011 href=https://ui.adsabs.harvard.edu/abs/2011A%26A...534A..58P/abstract target=ref> Pepe et al. 2011 </a>",90.00000,,,0,"<a refstr=PEPE_ET_AL__2011 href=https://ui.adsabs.harvard.edu/abs/2011A%26A...534A..58P/abstract target=ref> Pepe et al. 2011 </a>",,,,,,,,,,,,,,,,,,,,,,,,,,,,,,,2.27000,0.28000,-0.28000,0,"<a refstr=PEPE_ET_AL__2011 href=https://ui.adsabs.harvard.edu/abs/2011A%26A...534A..58P/abstract target=ref> Pepe et al. 2011 </a>",,,,,,,,,,
"HD 20794","HD 20794 b","Msin(i)/sin(i)",0,0,"Radial Velocity",2011,"La Silla Observatory","<a refstr=PEPE_ET_AL__2011 href=https://ui.adsabs.harvard.edu/abs/2011A%26A...534A..58P/abstract target=ref> Pepe et al. 2011 </a>",1.45000000,,,0,"<a refstr=CALCULATED_VALUE href=/docs/pscp_calc.html target=_blank>Calculated Value</a>",2.70000000,0.30000000,-0.30000000,0,"<a refstr=PEPE_ET_AL__2011 href=https://ui.adsabs.harvard.edu/abs/2011A%26A...534A..58P/abstract target=ref> Pepe et al. 2011 </a>",4.870000,,,0,"<a refstr=CALCULATED_VALUE href=/docs/pscp_calc.html target=_blank>Calculated Value</a>",660.00,,,0,"<a refstr=PEPE_ET_AL__2011 href=https://ui.adsabs.harvard.edu/abs/2011A%26A...534A..58P/abstract target=ref> Pepe et al. 2011 </a>",43.4733,0.3987,-0.3987,0,"<a refstr=CALCULATED_VALUE href=/docs/pscp_calc.html target=_blank>Calculated Value</a>",0.1257000000,0.0005200000,-0.0005300000,0,"<a refstr=NARI_ET_AL_2025 href=https://ui.adsabs.harvard.edu/abs/2025A&A...693A.297N/abstract target=ref>Nari et al. 2025</a>",18.31400000000,0.00220000000,-0.00220000000,0,"<a refstr=NARI_ET_AL_2025 href=https://ui.adsabs.harvard.edu/abs/2025A&A...693A.297N/abstract target=ref>Nari et al. 2025</a>",0.064000,0.065000,-0.046000,0,"<a refstr=NARI_ET_AL_2025 href=https://ui.adsabs.harvard.edu/abs/2025A&A...693A.297N/abstract target=ref>Nari et al. 2025</a>",90.00000,,,0,"<a refstr=PEPE_ET_AL__2011 href=https://ui.adsabs.harvard.edu/abs/2011A%26A...534A..58P/abstract target=ref> Pepe et al. 2011 </a>",,,,,,,,,,,,,,,,,,,,,,,,,,,,,,,0.61400,0.04800,-0.04800,0,"<a refstr=NARI_ET_AL_2025 href=https://ui.adsabs.harvard.edu/abs/2025A&A...693A.297N/abstract target=ref>Nari et al. 2025</a>",,,,,,,,,,
"HD 20794","HD 20794 d","Msin(i)/sin(i)",0,0,"Radial Velocity",2011,"La Silla Observatory","<a refstr=PEPE_ET_AL__2011 href=https://ui.adsabs.harvard.edu/abs/2011A%26A...534A..58P/abstract target=ref> Pepe et al. 2011 </a>",2.04000000,,,0,"<a refstr=CALCULATED_VALUE href=/docs/pscp_calc.html target=_blank>Calculated Value</a>",4.80000000,0.60000000,-0.60000000,0,"<a refstr=PEPE_ET_AL__2011 href=https://ui.adsabs.harvard.edu/abs/2011A%26A...534A..58P/abstract target=ref> Pepe et al. 2011 </a>",3.110000,,,0,"<a refstr=CALCULATED_VALUE href=/docs/pscp_calc.html target=_blank>Calculated Value</a>",388.00,,,0,"<a refstr=PEPE_ET_AL__2011 href=https://ui.adsabs.harvard.edu/abs/2011A%26A...534A..58P/abstract target=ref> Pepe et al. 2011 </a>",5.2273,0.0489,-0.0489,0,"<a refstr=CALCULATED_VALUE href=/docs/pscp_calc.html target=_blank>Calculated Value</a>",0.3625000000,0.0015000000,-0.0016000000,0,"<a refstr=NARI_ET_AL_2025 href=https://ui.adsabs.harvard.edu/abs/2025A&A...693A.297N/abstract target=ref>Nari et al. 2025</a>",89.68000000000,0.10000000000,-0.10000000000,0,"<a refstr=NARI_ET_AL_2025 href=https://ui.adsabs.harvard.edu/abs/2025A&A...693A.297N/abstract target=ref>Nari et al. 2025</a>",0.077000,0.084000,-0.055000,0,"<a refstr=NARI_ET_AL_2025 href=https://ui.adsabs.harvard.edu/abs/2025A&A...693A.297N/abstract target=ref>Nari et al. 2025</a>",90.00000,,,0,"<a refstr=PEPE_ET_AL__2011 href=https://ui.adsabs.harvard.edu/abs/2011A%26A...534A..58P/abstract target=ref> Pepe et al. 2011 </a>",,,,,,,,,,,,,,,,,,,,,,,,,,,,,,,0.50200,0.04800,-0.04900,0,"<a refstr=NARI_ET_AL_2025 href=https://ui.adsabs.harvard.edu/abs/2025A&A...693A.297N/abstract target=ref>Nari et al. 2025</a>",,,,,,,,,,
"HD 20794","HD 20794 e","Msini",0,1,"Radial Velocity",2017,"La Silla Observatory","<a refstr=FENG_ET_AL__2017 href=https://ui.adsabs.harvard.edu/abs/2017A&A...605A.103F/abstract target=ref>Feng et al. 2017</a>",2.03000000,,,0,"<a refstr=CALCULATED_VALUE href=/docs/pscp_calc.html target=_blank>Calculated Value</a>",4.77000000,0.96000000,-0.86000000,0,"<a refstr=FENG_ET_AL__2017 href=https://ui.adsabs.harvard.edu/abs/2017A&A...605A.103F/abstract target=ref>Feng et al. 2017</a>",3.130000,,,0,"<a refstr=CALCULATED_VALUE href=/docs/pscp_calc.html target=_blank>Calculated Value</a>",352.04,6.15,-6.15,0,"<a refstr=CALCULATED_VALUE href=/docs/pscp_calc.html target=_blank>Calculated Value</a>",2.6513,0.0633,-0.0633,0,"<a refstr=CALCULATED_VALUE href=/docs/pscp_calc.html target=_blank>Calculated Value</a>",0.5090000000,0.0060000000,-0.0060000000,0,"<a refstr=FENG_ET_AL__2017 href=https://ui.adsabs.harvard.edu/abs/2017A&A...605A.103F/abstract target=ref>Feng et al. 2017</a>",147.02000000000,1.43000000000,-0.91000000000,0,"<a refstr=FENG_ET_AL__2017 href=https://ui.adsabs.harvard.edu/abs/2017A&A...605A.103F/abstract target=ref>Feng et al. 2017</a>",0.290000,0.140000,-0.180000,0,"<a refstr=FENG_ET_AL__2017 href=https://ui.adsabs.harvard.edu/abs/2017A&A...605A.103F/abstract target=ref>Feng et al. 2017</a>",,,,,,,,,,,,,,,,,,,,,,,,,,,,,,,,,,,,0.69000,0.15000,-0.13000,0,"<a refstr=FENG_ET_AL__2017 href=https://ui.adsabs.harvard.edu/abs/2017A&A...605A.103F/abstract target=ref>Feng et al. 2017</a>",,,,,,,,,,
"HD 20794","HD 20794 f","Msini",0,0,"Radial Velocity",2025,"Multiple Observatories","<a refstr=NARI_ET_AL_2025 href=https://ui.adsabs.harvard.edu/abs/2025A&A...693A.297N/abstract target=ref>Nari et al. 2025</a>",2.28000000,,,0,"<a refstr=CALCULATED_VALUE href=/docs/pscp_calc.html target=_blank>Calculated Value</a>",5.82000000,0.57000000,-0.57000000,0,"<a refstr=NARI_ET_AL_2025 href=https://ui.adsabs.harvard.edu/abs/2025A&A...693A.297N/abstract target=ref>Nari et al. 2025</a>",2.700000,,,0,"<a refstr=CALCULATED_VALUE href=/docs/pscp_calc.html target=_blank>Calculated Value</a>",214.52,4.34,-4.34,0,"<a refstr=CALCULATED_VALUE href=/docs/pscp_calc.html target=_blank>Calculated Value</a>",0.3746,0.0040,-0.0040,0,"<a refstr=CALCULATED_VALUE href=/docs/pscp_calc.html target=_blank>Calculated Value</a>",1.3541000000,0.0068000000,-0.0068000000,0,"<a refstr=NARI_ET_AL_2025 href=https://ui.adsabs.harvard.edu/abs/2025A&A...693A.297N/abstract target=ref>Nari et al. 2025</a>",647.60000000000,2.50000000000,-2.70000000000,0,"<a refstr=NARI_ET_AL_2025 href=https://ui.adsabs.harvard.edu/abs/2025A&A...693A.297N/abstract target=ref>Nari et al. 2025</a>",0.450000,0.100000,-0.110000,0,"<a refstr=NARI_ET_AL_2025 href=https://ui.adsabs.harvard.edu/abs/2025A&A...693A.297N/abstract target=ref>Nari et al. 2025</a>",,,,,,,,,,,,,,,,,,,,,,,,,,,,,,,,,,,,0.56700,0.06700,-0.06400,0,"<a refstr=NARI_ET_AL_2025 href=https://ui.adsabs.harvard.edu/abs/2025A&A...693A.297N/abstract target=ref>Nari et al. 2025</a>",,,,,,,,,,
"HD 211970","HD 211970 b","Msini",0,0,"Radial Velocity",2019,"Las Campanas Observatory","<a refstr=FENG_ET_AL__2019 href=https://ui.adsabs.harvard.edu/abs/2019ApJS..242...25F/abstract target=ref>Feng et al. 2019</a>",3.66000000,,,0,"<a refstr=CALCULATED_VALUE href=/docs/pscp_calc.html target=_blank>Calculated Value</a>",13.00000000,2.50000000,-2.50000000,0,"<a refstr=FENG_ET_AL__2019 href=https://ui.adsabs.harvard.edu/abs/2019ApJS..242...25F/abstract target=ref>Feng et al. 2019</a>",1.460000,,,0,"<a refstr=CALCULATED_VALUE href=/docs/pscp_calc.html target=_blank>Calculated Value</a>",398.77,16.98,-16.98,0,"<a refstr=CALCULATED_VALUE href=/docs/pscp_calc.html target=_blank>Calculated Value</a>",4.2125,0.1768,-0.1768,0,"<a refstr=CALCULATED_VALUE href=/docs/pscp_calc.html target=_blank>Calculated Value</a>",0.1430000000,0.0030000000,-0.0030000000,0,"<a refstr=FENG_ET_AL__2019 href=https://ui.adsabs.harvard.edu/abs/2019ApJS..242...25F/abstract target=ref>Feng et al. 2019</a>",25.20100000000,0.02500000000,-0.02500000000,0,"<a refstr=FENG_ET_AL__2019 href=https://ui.adsabs.harvard.edu/abs/2019ApJS..242...25F/abstract target=ref>Feng et al. 2019</a>",0.150000,0.100000,-0.100000,0,"<a refstr=FENG_ET_AL__2019 href=https://ui.adsabs.harvard.edu/abs/2019ApJS..242...25F/abstract target=ref>Feng et al. 2019</a>",,,,,,,,,,,,,,,,,,,,,,,,,,,,,,,,,,,,4.02000,0.74000,-0.74000,0,"<a refstr=FENG_ET_AL__2019 href=https://ui.adsabs.harvard.edu/abs/2019ApJS..242...25F/abstract target=ref>Feng et al. 2019</a>",,,,,,,,,,
"HD 219134","HD 219134 b","Mass",0,0,"Radial Velocity",2015,"Roque de los Muchachos Observatory","<a refstr=MOTALEBI_ET_AL__2015 href=https://ui.adsabs.harvard.edu/abs/2015A&A...584A..72M/abstract target=ref>Motalebi et al. 2015</a>",1.60200000,0.05500000,-0.05500000,0,"<a refstr=GILLON_ET_AL__2017 href=https://ui.adsabs.harvard.edu/abs/2017NatAs...1E..56G/abstract target=ref>Gillon et al. 2017</a>",4.74000000,0.19000000,-0.19000000,0,"<a refstr=GILLON_ET_AL__2017 href=https://ui.adsabs.harvard.edu/abs/2017NatAs...1E..56G/abstract target=ref>Gillon et al. 2017</a>",6.340000,0.720000,-0.720000,0,"<a refstr=GILLON_ET_AL__2017 href=https://ui.adsabs.harvard.edu/abs/2017NatAs...1E..56G/abstract target=ref>Gillon et al. 2017</a>",1015.00,8.00,-8.00,0,"<a refstr=GILLON_ET_AL__2017 href=https://ui.adsabs.harvard.edu/abs/2017NatAs...1E..56G/abstract target=ref>Gillon et al. 2017</a>",176.2000,5.5000,-5.5000,0,"<a refstr=GILLON_ET_AL__2017 href=https://ui.adsabs.harvard.edu/abs/2017NatAs...1E..56G/abstract target=ref>Gillon et al. 2017</a>",0.0387600000,0.0004700000,-0.0004700000,0,"<a refstr=GILLON_ET_AL__2017 href=https://ui.adsabs.harvard.edu/abs/2017NatAs...1E..56G/abstract target=ref>Gillon et al. 2017</a>",3.09292600000,0.00001000000,-0.00001000000,0,"<a refstr=GILLON_ET_AL__2017 href=https://ui.adsabs.harvard.edu/abs/2017NatAs...1E..56G/abstract target=ref>Gillon et al. 2017</a>",0.000000,,,0,"<a refstr=GILLON_ET_AL__2017 href=https://ui.adsabs.harvard.edu/abs/2017NatAs...1E..56G/abstract target=ref>Gillon et al. 2017</a>",85.05000,0.09000,-0.09000,0,"<a refstr=GILLON_ET_AL__2017 href=https://ui.adsabs.harvard.edu/abs/2017NatAs...1E..56G/abstract target=ref>Gillon et al. 2017</a>",0.924500,0.006000,-0.006000,0,"<a refstr=GILLON_ET_AL__2017 href=https://ui.adsabs.harvard.edu/abs/2017NatAs...1E..56G/abstract target=ref>Gillon et al. 2017</a>",0.03580000,0.00240000,-0.00240000,0,"<a refstr=GILLON_ET_AL__2017 href=https://ui.adsabs.harvard.edu/abs/2017NatAs...1E..56G/abstract target=ref>Gillon et al. 2017</a>",0.9450000,0.0270000,-0.0270000,0,"<a refstr=GILLON_ET_AL__2017 href=https://ui.adsabs.harvard.edu/abs/2017NatAs...1E..56G/abstract target=ref>Gillon et al. 2017</a>",10.714000,0.006000,-0.006000,0,"<a refstr=KOKORI_ET_AL__2023 href=https://ui.adsabs.harvard.edu/abs/2023ApJS..265....4K/abstract target=ref>Kokori et al. 2023</a>",0.01890000,0.00060000,-0.00060000,0,"<a refstr=KOKORI_ET_AL__2023 href=https://ui.adsabs.harvard.edu/abs/2023ApJS..265....4K/abstract target=ref>Kokori et al. 2023</a>",,,,,,2.38100,0.07500,-0.07500,0,"<a refstr=GILLON_ET_AL__2017 href=https://ui.adsabs.harvard.edu/abs/2017NatAs...1E..56G/abstract target=ref>Gillon et al. 2017</a>",,,,,,,,,,
"HD 219134","HD 219134 c","Mass",0,0,"Radial Velocity",2015,"Roque de los Muchachos Observatory","<a refstr=MOTALEBI_ET_AL__2015 href=https://ui.adsabs.harvard.edu/abs/2015A&A...584A..72M/abstract target=ref>Motalebi et al. 2015</a>",1.51100000,0.04700000,-0.04700000,0,"<a refstr=GILLON_ET_AL__2017 href=https://ui.adsabs.harvard.edu/abs/2017NatAs...1E..56G/abstract target=ref>Gillon et al. 2017</a>",4.36000000,0.22000000,-0.22000000,0,"<a refstr=GILLON_ET_AL__2017 href=https://ui.adsabs.harvard.edu/abs/2017NatAs...1E..56G/abstract target=ref>Gillon et al. 2017</a>",6.950000,0.770000,-0.770000,0,"<a refstr=GILLON_ET_AL__2017 href=https://ui.adsabs.harvard.edu/abs/2017NatAs...1E..56G/abstract target=ref>Gillon et al. 2017</a>",782.00,6.00,-6.00,0,"<a refstr=GILLON_ET_AL__2017 href=https://ui.adsabs.harvard.edu/abs/2017NatAs...1E..56G/abstract target=ref>Gillon et al. 2017</a>",62.1000,1.9000,-1.9000,0,"<a refstr=GILLON_ET_AL__2017 href=https://ui.adsabs.harvard.edu/abs/2017NatAs...1E..56G/abstract target=ref>Gillon et al. 2017</a>",0.0653000000,0.0008000000,-0.0008000000,0,"<a refstr=GILLON_ET_AL__2017 href=https://ui.adsabs.harvard.edu/abs/2017NatAs...1E..56G/abstract target=ref>Gillon et al. 2017</a>",6.76458000000,0.00033000000,-0.00033000000,0,"<a refstr=GILLON_ET_AL__2017 href=https://ui.adsabs.harvard.edu/abs/2017NatAs...1E..56G/abstract target=ref>Gillon et al. 2017</a>",0.062000,0.039000,-0.039000,0,"<a refstr=GILLON_ET_AL__2017 href=https://ui.adsabs.harvard.edu/abs/2017NatAs...1E..56G/abstract target=ref>Gillon et al. 2017</a>",87.28000,0.10000,-0.10000,0,"<a refstr=GILLON_ET_AL__2017 href=https://ui.adsabs.harvard.edu/abs/2017NatAs...1E..56G/abstract target=ref>Gillon et al. 2017</a>",0.813000,0.025000,-0.025000,0,"<a refstr=GILLON_ET_AL__2017 href=https://ui.adsabs.harvard.edu/abs/2017NatAs...1E..56G/abstract target=ref>Gillon et al. 2017</a>",0.03180000,0.00190000,-0.00190000,0,"<a refstr=GILLON_ET_AL__2017 href=https://ui.adsabs.harvard.edu/abs/2017NatAs...1E..56G/abstract target=ref>Gillon et al. 2017</a>",1.6600000,0.0430000,-0.0430000,0,"<a refstr=GILLON_ET_AL__2017 href=https://ui.adsabs.harvard.edu/abs/2017NatAs...1E..56G/abstract target=ref>Gillon et al. 2017</a>",,,,,,0.01776000,0.00086000,-0.00070000,0,"<a refstr=SEAGER_ET_AL__2021 href=https://ui.adsabs.harvard.edu/abs/2021AJ....161..117S/abstract target=ref>Seager et al. 2021</a>",,,,,,1.69700,0.07500,-0.07500,0,"<a refstr=GILLON_ET_AL__2017 href=https://ui.adsabs.harvard.edu/abs/2017NatAs...1E..56G/abstract target=ref>Gillon et al. 2017</a>",,,,,,,,,,
"HD 219134","HD 219134 d","Mass",0,0,"Radial Velocity",2015,"Roque de los Muchachos Observatory","<a refstr=MOTALEBI_ET_AL__2015 href=https://ui.adsabs.harvard.edu/abs/2015A&A...584A..72M/abstract target=ref>Motalebi et al. 2015</a>",1.61000000,0.02000000,-0.02000000,-1,"<a refstr=GILLON_ET_AL__2017 href=https://ui.adsabs.harvard.edu/abs/2017NatAs...1E..56G/abstract target=ref>Gillon et al. 2017</a>",16.17000000,0.64000000,-0.64000000,-1,"<a refstr=GILLON_ET_AL__2017 href=https://ui.adsabs.harvard.edu/abs/2017NatAs...1E..56G/abstract target=ref>Gillon et al. 2017</a>",,,,,,410.50,3.20,-3.20,0,"<a refstr=GILLON_ET_AL__2017 href=https://ui.adsabs.harvard.edu/abs/2017NatAs...1E..56G/abstract target=ref>Gillon et al. 2017</a>",4.7200,0.1500,-0.1500,0,"<a refstr=GILLON_ET_AL__2017 href=https://ui.adsabs.harvard.edu/abs/2017NatAs...1E..56G/abstract target=ref>Gillon et al. 2017</a>",0.2370000000,0.0030000000,-0.0030000000,0,"<a refstr=GILLON_ET_AL__2017 href=https://ui.adsabs.harvard.edu/abs/2017NatAs...1E..56G/abstract target=ref>Gillon et al. 2017</a>",46.85900000000,0.02800000000,-0.02800000000,0,"<a refstr=GILLON_ET_AL__2017 href=https://ui.adsabs.harvard.edu/abs/2017NatAs...1E..56G/abstract target=ref>Gillon et al. 2017</a>",0.138000,0.025000,-0.025000,0,"<a refstr=GILLON_ET_AL__2017 href=https://ui.adsabs.harvard.edu/abs/2017NatAs...1E..56G/abstract target=ref>Gillon et al. 2017</a>",,,,,,,,,,,,,,,,,,,,,,,,,,,,,,,,,,,,3.34000,0.11000,-0.11000,0,"<a refstr=GILLON_ET_AL__2017 href=https://ui.adsabs.harvard.edu/abs/2017NatAs...1E..56G/abstract target=ref>Gillon et al. 2017</a>",,,,,,,,,,
"HD 219134","HD 219134 f","Mass",0,1,"Radial Velocity",2015,"Multiple Observatories","<a refstr=VOGT_ET_AL__2015 href=https://ui.adsabs.harvard.edu/abs/2015ApJ...814...12V/abstract target=ref>Vogt et al. 2015</a>",1.31000000,0.02000000,-0.02000000,-1,"<a refstr=GILLON_ET_AL__2017 href=https://ui.adsabs.harvard.edu/abs/2017NatAs...1E..56G/abstract target=ref>Gillon et al. 2017</a>",7.30000000,0.40000000,-0.40000000,-1,"<a refstr=GILLON_ET_AL__2017 href=https://ui.adsabs.harvard.edu/abs/2017NatAs...1E..56G/abstract target=ref>Gillon et al. 2017</a>",,,,,,522.60,4.10,-4.10,0,"<a refstr=GILLON_ET_AL__2017 href=https://ui.adsabs.harvard.edu/abs/2017NatAs...1E..56G/abstract target=ref>Gillon et al. 2017</a>",12.3800,0.3800,-0.3800,0,"<a refstr=GILLON_ET_AL__2017 href=https://ui.adsabs.harvard.edu/abs/2017NatAs...1E..56G/abstract target=ref>Gillon et al. 2017</a>",0.1463000000,0.0018000000,-0.0018000000,0,"<a refstr=GILLON_ET_AL__2017 href=https://ui.adsabs.harvard.edu/abs/2017NatAs...1E..56G/abstract target=ref>Gillon et al. 2017</a>",22.71700000000,0.01500000000,-0.01500000000,0,"<a refstr=GILLON_ET_AL__2017 href=https://ui.adsabs.harvard.edu/abs/2017NatAs...1E..56G/abstract target=ref>Gillon et al. 2017</a>",0.148000,0.047000,-0.047000,0,"<a refstr=GILLON_ET_AL__2017 href=https://ui.adsabs.harvard.edu/abs/2017NatAs...1E..56G/abstract target=ref>Gillon et al. 2017</a>",,,,,,,,,,,,,,,,,,,,,,,,,,,,,,,,,,,,1.92000,0.10000,-0.10000,0,"<a refstr=GILLON_ET_AL__2017 href=https://ui.adsabs.harvard.edu/abs/2017NatAs...1E..56G/abstract target=ref>Gillon et al. 2017</a>",,,,,,,,,,
"HD 219134","HD 219134 g","Msini",0,1,"Radial Velocity",2015,"Multiple Observatories","<a refstr=VOGT_ET_AL__2015 href=https://ui.adsabs.harvard.edu/abs/2015ApJ...814...12V/abstract target=ref>Vogt et al. 2015</a>",3.28000000,,,0,"<a refstr=CALCULATED_VALUE href=/docs/pscp_calc.html target=_blank>Calculated Value</a>",10.80622000,1.27132000,-1.27132000,0,"<a refstr=VOGT_ET_AL__2015 href=https://ui.adsabs.harvard.edu/abs/2015ApJ...814...12V/abstract target=ref>Vogt et al. 2015</a>",1.680000,,,0,"<a refstr=CALCULATED_VALUE href=/docs/pscp_calc.html target=_blank>Calculated Value</a>",339.34,,,0,"<a refstr=CALCULATED_VALUE href=/docs/pscp_calc.html target=_blank>Calculated Value</a>",2.2009,,,0,"<a refstr=CALCULATED_VALUE href=/docs/pscp_calc.html target=_blank>Calculated Value</a>",0.3753000000,0.0004000000,-0.0004000000,0,"<a refstr=VOGT_ET_AL__2015 href=https://ui.adsabs.harvard.edu/abs/2015ApJ...814...12V/abstract target=ref>Vogt et al. 2015</a>",94.20000000000,0.20000000000,-0.20000000000,0,"<a refstr=VOGT_ET_AL__2015 href=https://ui.adsabs.harvard.edu/abs/2015ApJ...814...12V/abstract target=ref>Vogt et al. 2015</a>",0.000000,,,0,"<a refstr=VOGT_ET_AL__2015 href=https://ui.adsabs.harvard.edu/abs/2015ApJ...814...12V/abstract target=ref>Vogt et al. 2015</a>",,,,,,,,,,,,,,,,,,,,,,,,,,,,,,,,,,,,1.80000,0.20000,-0.20000,0,"<a refstr=VOGT_ET_AL__2015 href=https://ui.adsabs.harvard.edu/abs/2015ApJ...814...12V/abstract target=ref>Vogt et al. 2015</a>",,,,,,,,,,
"HD 219134","HD 219134 h","Msini",0,0,"Radial Velocity",2015,"Roque de los Muchachos Observatory","<a refstr=MOTALEBI_ET_AL__2015 href=https://ui.adsabs.harvard.edu/abs/2015A&A...584A..72M/abstract target=ref>Motalebi et al. 2015</a>",12.70000000,,,0,"<a refstr=CALCULATED_VALUE href=/docs/pscp_calc.html target=_blank>Calculated Value</a>",108.06220000,6.35660000,-6.35660000,0,"<a refstr=VOGT_ET_AL__2015 href=https://ui.adsabs.harvard.edu/abs/2015ApJ...814...12V/abstract target=ref>Vogt et al. 2015</a>",0.290000,,,0,"<a refstr=CALCULATED_VALUE href=/docs/pscp_calc.html target=_blank>Calculated Value</a>",117.88,,,0,"<a refstr=CALCULATED_VALUE href=/docs/pscp_calc.html target=_blank>Calculated Value</a>",0.0321,,,0,"<a refstr=CALCULATED_VALUE href=/docs/pscp_calc.html target=_blank>Calculated Value</a>",3.1100000000,0.0400000000,-0.0400000000,0,"<a refstr=VOGT_ET_AL__2015 href=https://ui.adsabs.harvard.edu/abs/2015ApJ...814...12V/abstract target=ref>Vogt et al. 2015</a>",2247.00000000000,43.00000000000,-43.00000000000,0,"<a refstr=VOGT_ET_AL__2015 href=https://ui.adsabs.harvard.edu/abs/2015ApJ...814...12V/abstract target=ref>Vogt et al. 2015</a>",0.060000,0.040000,-0.040000,0,"<a refstr=VOGT_ET_AL__2015 href=https://ui.adsabs.harvard.edu/abs/2015ApJ...814...12V/abstract target=ref>Vogt et al. 2015</a>",,,,,,,,,,,,,,,,,,,,,,,,,,,,,,,,,,,,6.10000,0.30000,-0.30000,0,"<a refstr=VOGT_ET_AL__2015 href=https://ui.adsabs.harvard.edu/abs/2015ApJ...814...12V/abstract target=ref>Vogt et al. 2015</a>",,,,,,,,,,
"HD 222237","HD 222237 b","Mass",0,0,"Radial Velocity",2024,"Multiple Observatories","<a refstr=XIAO_ET_AL_2024 href=https://ui.adsabs.harvard.edu/abs/2024MNRAS.534.2858X/abstract target=ref>Xiao et al. 2024</a>",12.80000000,,,0,"<a refstr=CALCULATED_VALUE href=/docs/pscp_calc.html target=_blank>Calculated Value</a>",1649.52943233,184.34047606,-184.34047606,0,"<a refstr=XIAO_ET_AL_2024 href=https://ui.adsabs.harvard.edu/abs/2024MNRAS.534.2858X/abstract target=ref>Xiao et al. 2024</a>",4.320000,,,0,"<a refstr=CALCULATED_VALUE href=/docs/pscp_calc.html target=_blank>Calculated Value</a>",58.74,4.16,-4.16,0,"<a refstr=CALCULATED_VALUE href=/docs/pscp_calc.html target=_blank>Calculated Value</a>",0.0019,0.0004,-0.0004,0,"<a refstr=CALCULATED_VALUE href=/docs/pscp_calc.html target=_blank>Calculated Value</a>",10.8000000000,1.1000000000,-1.0000000000,0,"<a refstr=XIAO_ET_AL_2024 href=https://ui.adsabs.harvard.edu/abs/2024MNRAS.534.2858X/abstract target=ref>Xiao et al. 2024</a>",14892.00000000000,2112.00000000000,-1655.00000000000,0,"<a refstr=XIAO_ET_AL_2024 href=https://ui.adsabs.harvard.edu/abs/2024MNRAS.534.2858X/abstract target=ref>Xiao et al. 2024</a>",0.560000,0.030000,-0.030000,0,"<a refstr=XIAO_ET_AL_2024 href=https://ui.adsabs.harvard.edu/abs/2024MNRAS.534.2858X/abstract target=ref>Xiao et al. 2024</a>",49.90000,3.40000,-2.80000,0,"<a refstr=XIAO_ET_AL_2024 href=https://ui.adsabs.harvard.edu/abs/2024MNRAS.534.2858X/abstract target=ref>Xiao et al. 2024</a>",,,,,,,,,,,,,,,,,,,,,,,,,,,,,,,47.40000,1.10000,-1.00000,0,"<a refstr=XIAO_ET_AL_2024 href=https://ui.adsabs.harvard.edu/abs/2024MNRAS.534.2858X/abstract target=ref>Xiao et al. 2024</a>",,,,,,,,,,
"HD 22496","HD 22496 b","Msini",0,0,"Radial Velocity",2021,"Paranal Observatory","<a refstr=LILLO_BOX_ET_AL__2021 href=https://ui.adsabs.harvard.edu/abs/2021A&A...654A..60L/abstract target=ref>Lillo-Box et al. 2021</a>",2.22000000,,,0,"<a refstr=CALCULATED_VALUE href=/docs/pscp_calc.html target=_blank>Calculated Value</a>",5.57000000,0.73000000,-0.68000000,0,"<a refstr=LILLO_BOX_ET_AL__2021 href=https://ui.adsabs.harvard.edu/abs/2021A&A...654A..60L/abstract target=ref>Lillo-Box et al. 2021</a>",2.800000,,,0,"<a refstr=CALCULATED_VALUE href=/docs/pscp_calc.html target=_blank>Calculated Value</a>",573.00,63.00,-69.00,0,"<a refstr=LILLO_BOX_ET_AL__2021 href=https://ui.adsabs.harvard.edu/abs/2021A&A...654A..60L/abstract target=ref>Lillo-Box et al. 2021</a>",26.0000,13.0000,-10.0000,0,"<a refstr=LILLO_BOX_ET_AL__2021 href=https://ui.adsabs.harvard.edu/abs/2021A&A...654A..60L/abstract target=ref>Lillo-Box et al. 2021</a>",0.0510000000,0.0024000000,-0.0026000000,0,"<a refstr=LILLO_BOX_ET_AL__2021 href=https://ui.adsabs.harvard.edu/abs/2021A&A...654A..60L/abstract target=ref>Lillo-Box et al. 2021</a>",5.09071000000,0.00026000000,-0.00026000000,0,"<a refstr=LILLO_BOX_ET_AL__2021 href=https://ui.adsabs.harvard.edu/abs/2021A&A...654A..60L/abstract target=ref>Lillo-Box et al. 2021</a>",,,,,,,,,,,,,,,,,,,,,,,,,,24.300000,7.100000,-4.600000,0,"<a refstr=LILLO_BOX_ET_AL__2021 href=https://ui.adsabs.harvard.edu/abs/2021A&A...654A..60L/abstract target=ref>Lillo-Box et al. 2021</a>",,,,,,,,,,,2.62000,0.23000,-0.21000,0,"<a refstr=LILLO_BOX_ET_AL__2021 href=https://ui.adsabs.harvard.edu/abs/2021A&A...654A..60L/abstract target=ref>Lillo-Box et al. 2021</a>",,,,,,,,,,
"HD 260655","HD 260655 b","Mass",0,0,"Transit",2022,"Transiting Exoplanet Survey Satellite (TESS)","<a refstr=LUQUE_ET_AL_2022 href=https://ui.adsabs.harvard.edu/abs/2022A&A...664A.199L/abstract target=ref>Luque et al. 2022</a>",1.24000000,0.02300000,-0.02300000,0,"<a refstr=LUQUE_ET_AL_2022 href=https://ui.adsabs.harvard.edu/abs/2022A&A...664A.199L/abstract target=ref>Luque et al. 2022</a>",2.14000000,0.34000000,-0.34000000,0,"<a refstr=LUQUE_ET_AL_2022 href=https://ui.adsabs.harvard.edu/abs/2022A&A...664A.199L/abstract target=ref>Luque et al. 2022</a>",6.200000,1.000000,-1.000000,0,"<a refstr=LUQUE_ET_AL_2022 href=https://ui.adsabs.harvard.edu/abs/2022A&A...664A.199L/abstract target=ref>Luque et al. 2022</a>",709.00,4.00,-4.00,0,"<a refstr=LUQUE_ET_AL_2022 href=https://ui.adsabs.harvard.edu/abs/2022A&A...664A.199L/abstract target=ref>Luque et al. 2022</a>",42.2000,0.7000,-0.7000,0,"<a refstr=LUQUE_ET_AL_2022 href=https://ui.adsabs.harvard.edu/abs/2022A&A...664A.199L/abstract target=ref>Luque et al. 2022</a>",0.0293300000,0.0002400000,-0.0002400000,0,"<a refstr=LUQUE_ET_AL_2022 href=https://ui.adsabs.harvard.edu/abs/2022A&A...664A.199L/abstract target=ref>Luque et al. 2022</a>",2.76953000000,0.00003000000,-0.00003000000,0,"<a refstr=LUQUE_ET_AL_2022 href=https://ui.adsabs.harvard.edu/abs/2022A&A...664A.199L/abstract target=ref>Luque et al. 2022</a>",0.039000,0.043000,-0.023000,0,"<a refstr=LUQUE_ET_AL_2022 href=https://ui.adsabs.harvard.edu/abs/2022A&A...664A.199L/abstract target=ref>Luque et al. 2022</a>",87.35000,0.14000,-0.14000,0,"<a refstr=LUQUE_ET_AL_2022 href=https://ui.adsabs.harvard.edu/abs/2022A&A...664A.199L/abstract target=ref>Luque et al. 2022</a>",0.665000,0.022000,-0.024000,0,"<a refstr=LUQUE_ET_AL_2022 href=https://ui.adsabs.harvard.edu/abs/2022A&A...664A.199L/abstract target=ref>Luque et al. 2022</a>",0.07120000,0.00434927,-0.00434927,0,"<a refstr=EXOFOP href=https://exofop.ipac.caltech.edu/tess/view_toi.php target=ref>ExoFOP</a>",1.1500000,0.0200000,-0.0200000,0,"<a refstr=LUQUE_ET_AL_2022 href=https://ui.adsabs.harvard.edu/abs/2022A&A...664A.199L/abstract target=ref>Luque et al. 2022</a>",14.430000,0.290000,-0.290000,0,"<a refstr=LUQUE_ET_AL_2022 href=https://ui.adsabs.harvard.edu/abs/2022A&A...664A.199L/abstract target=ref>Luque et al. 2022</a>",0.02586000,0.00046000,-0.00046000,0,"<a refstr=LUQUE_ET_AL_2022 href=https://ui.adsabs.harvard.edu/abs/2022A&A...664A.199L/abstract target=ref>Luque et al. 2022</a>",,,,,,1.69000,0.27000,-0.27000,0,"<a refstr=LUQUE_ET_AL_2022 href=https://ui.adsabs.harvard.edu/abs/2022A&A...664A.199L/abstract target=ref>Luque et al. 2022</a>",,,,,,,,,,
"HD 260655","HD 260655 c","Mass",0,0,"Transit",2022,"Transiting Exoplanet Survey Satellite (TESS)","<a refstr=LUQUE_ET_AL_2022 href=https://ui.adsabs.harvard.edu/abs/2022A&A...664A.199L/abstract target=ref>Luque et al. 2022</a>",1.53300000,0.05100000,-0.04600000,0,"<a refstr=LUQUE_ET_AL_2022 href=https://ui.adsabs.harvard.edu/abs/2022A&A...664A.199L/abstract target=ref>Luque et al. 2022</a>",3.09000000,0.48000000,-0.48000000,0,"<a refstr=LUQUE_ET_AL_2022 href=https://ui.adsabs.harvard.edu/abs/2022A&A...664A.199L/abstract target=ref>Luque et al. 2022</a>",4.700000,0.900000,-0.800000,0,"<a refstr=LUQUE_ET_AL_2022 href=https://ui.adsabs.harvard.edu/abs/2022A&A...664A.199L/abstract target=ref>Luque et al. 2022</a>",557.00,3.00,-3.00,0,"<a refstr=LUQUE_ET_AL_2022 href=https://ui.adsabs.harvard.edu/abs/2022A&A...664A.199L/abstract target=ref>Luque et al. 2022</a>",16.1000,0.3000,-0.3000,0,"<a refstr=LUQUE_ET_AL_2022 href=https://ui.adsabs.harvard.edu/abs/2022A&A...664A.199L/abstract target=ref>Luque et al. 2022</a>",0.0474900000,0.0003900000,-0.0003900000,0,"<a refstr=LUQUE_ET_AL_2022 href=https://ui.adsabs.harvard.edu/abs/2022A&A...664A.199L/abstract target=ref>Luque et al. 2022</a>",5.70588000000,0.00007000000,-0.00007000000,0,"<a refstr=LUQUE_ET_AL_2022 href=https://ui.adsabs.harvard.edu/abs/2022A&A...664A.199L/abstract target=ref>Luque et al. 2022</a>",0.038000,0.036000,-0.022000,0,"<a refstr=LUQUE_ET_AL_2022 href=https://ui.adsabs.harvard.edu/abs/2022A&A...664A.199L/abstract target=ref>Luque et al. 2022</a>",87.79000,0.08000,-0.08000,0,"<a refstr=LUQUE_ET_AL_2022 href=https://ui.adsabs.harvard.edu/abs/2022A&A...664A.199L/abstract target=ref>Luque et al. 2022</a>",0.890000,0.007000,-0.008000,0,"<a refstr=LUQUE_ET_AL_2022 href=https://ui.adsabs.harvard.edu/abs/2022A&A...664A.199L/abstract target=ref>Luque et al. 2022</a>",0.08210000,0.02362500,-0.02362500,0,"<a refstr=EXOFOP href=https://exofop.ipac.caltech.edu/tess/view_toi.php target=ref>ExoFOP</a>",0.9800000,0.0200000,-0.0200000,0,"<a refstr=LUQUE_ET_AL_2022 href=https://ui.adsabs.harvard.edu/abs/2022A&A...664A.199L/abstract target=ref>Luque et al. 2022</a>",23.370000,0.470000,-0.470000,0,"<a refstr=LUQUE_ET_AL_2022 href=https://ui.adsabs.harvard.edu/abs/2022A&A...664A.199L/abstract target=ref>Luque et al. 2022</a>",0.03200000,0.00100000,-0.00100000,0,"<a refstr=LUQUE_ET_AL_2022 href=https://ui.adsabs.harvard.edu/abs/2022A&A...664A.199L/abstract target=ref>Luque et al. 2022</a>",,,,,,1.92000,0.30000,-0.30000,0,"<a refstr=LUQUE_ET_AL_2022 href=https://ui.adsabs.harvard.edu/abs/2022A&A...664A.199L/abstract target=ref>Luque et al. 2022</a>",,,,,,,,,,
"HD 285968","HD 285968 b","Msini",0,0,"Radial Velocity",2008,"La Silla Observatory","<a refstr=FORVEILLE_ET_AL__2009 href=https://ui.adsabs.harvard.edu/abs/2009A&A...493..645F/abstract target=ref> Forveille et al. 2009 </a>",2.83000000,,,0,"<a refstr=CALCULATED_VALUE href=/docs/pscp_calc.html target=_blank>Calculated Value</a>",8.40000000,,,0,"<a refstr=FORVEILLE_ET_AL__2009 href=https://ui.adsabs.harvard.edu/abs/2009A&A...493..645F/abstract target=ref> Forveille et al. 2009 </a>",2.040000,,,0,"<a refstr=CALCULATED_VALUE href=/docs/pscp_calc.html target=_blank>Calculated Value</a>",450.00,,,0,"<a refstr=FORVEILLE_ET_AL__2009 href=https://ui.adsabs.harvard.edu/abs/2009A&A...493..645F/abstract target=ref> Forveille et al. 2009 </a>",5.0456,,,0,"<a refstr=CALCULATED_VALUE href=/docs/pscp_calc.html target=_blank>Calculated Value</a>",0.0660000000,,,0,"<a refstr=FORVEILLE_ET_AL__2009 href=https://ui.adsabs.harvard.edu/abs/2009A&A...493..645F/abstract target=ref> Forveille et al. 2009 </a>",8.78360000000,0.00540000000,-0.00540000000,0,"<a refstr=FORVEILLE_ET_AL__2009 href=https://ui.adsabs.harvard.edu/abs/2009A&A...493..645F/abstract target=ref> Forveille et al. 2009 </a>",0.000000,,,0,"<a refstr=FORVEILLE_ET_AL__2009 href=https://ui.adsabs.harvard.edu/abs/2009A&A...493..645F/abstract target=ref> Forveille et al. 2009 </a>",,,,,,,,,,,,,,,,,,,,,,,,,,,,,,,,,,,,4.12000,0.52000,-0.52000,0,"<a refstr=FORVEILLE_ET_AL__2009 href=https://ui.adsabs.harvard.edu/abs/2009A&A...493..645F/abstract target=ref> Forveille et al. 2009 </a>",,,,,,,,,,
"HD 3651","HD 3651 b","Msini",0,0,"Radial Velocity",2003,"Multiple Observatories","<a refstr=FISCHER_ET_AL__2003 href=https://ui.adsabs.harvard.edu/abs/2003ApJ...590.1081F/abstract target=ref> Fischer et al. 2003 </a>",10.10000000,,,0,"<a refstr=CALCULATED_VALUE href=/docs/pscp_calc.html target=_blank>Calculated Value</a>",72.46524000,3.49613000,-3.49613000,0,"<a refstr=WITTENMYER_ET_AL__2019 href=https://ui.adsabs.harvard.edu/abs/2019MNRAS.484.5859W/abstract target=ref>Wittenmyer et al. 2019</a>",0.386000,,,0,"<a refstr=CALCULATED_VALUE href=/docs/pscp_calc.html target=_blank>Calculated Value</a>",432.84,,,0,"<a refstr=CALCULATED_VALUE href=/docs/pscp_calc.html target=_blank>Calculated Value</a>",6.1123,1.2085,-1.2085,0,"<a refstr=CALCULATED_VALUE href=/docs/pscp_calc.html target=_blank>Calculated Value</a>",0.2950000000,0.0290000000,-0.0290000000,0,"<a refstr=WITTENMYER_ET_AL__2019 href=https://ui.adsabs.harvard.edu/abs/2019MNRAS.484.5859W/abstract target=ref>Wittenmyer et al. 2019</a>",62.25000000000,0.00400000000,-0.00400000000,0,"<a refstr=WITTENMYER_ET_AL__2019 href=https://ui.adsabs.harvard.edu/abs/2019MNRAS.484.5859W/abstract target=ref>Wittenmyer et al. 2019</a>",0.645000,0.020000,-0.020000,0,"<a refstr=WITTENMYER_ET_AL__2019 href=https://ui.adsabs.harvard.edu/abs/2019MNRAS.484.5859W/abstract target=ref>Wittenmyer et al. 2019</a>",,,,,,,,,,,,,,,,,,,,,,,,,,,,,,,,,,,,16.60000,0.60000,-0.60000,0,"<a refstr=WITTENMYER_ET_AL__2019 href=https://ui.adsabs.harvard.edu/abs/2019MNRAS.484.5859W/abstract target=ref>Wittenmyer et al. 2019</a>",,,,,,,,,,
"HD 40307","HD 40307 b","Mass",0,0,"Radial Velocity",2009,"La Silla Observatory","<a refstr=MAYOR_ET_AL__2009 href=https://ui.adsabs.harvard.edu/abs/2009A&A...493..639M/abstract target=ref> Mayor et al. 2009 </a>",,,,,,1188.99607059,,,1,"<a refstr=KIEFER_ET_AL__2021 href=https://ui.adsabs.harvard.edu/abs/2021A&A...645A...7K/abstract target=ref>Kiefer et al. 2021</a>",,,,,,910.00,1217.00,-1217.00,0,"<a refstr=BRASSER_ET_AL__2014 href=https://ui.adsabs.harvard.edu/abs/2014MNRAS.440.3685B/abstract target=ref>Brasser et al. 2014</a>",104.8355,17.9059,-17.9059,0,"<a refstr=CALCULATED_VALUE href=/docs/pscp_calc.html target=_blank>Calculated Value</a>",0.0468000000,0.0024000000,-0.0023000000,0,"<a refstr=TUOMI_ET_AL__2013 href=https://ui.adsabs.harvard.edu/abs/2013A%26A...549A..48T/abstract target=ref> Tuomi et al. 2013 </a>",4.31230000000,0.00110000000,-0.00120000000,0,"<a refstr=TUOMI_ET_AL__2013 href=https://ui.adsabs.harvard.edu/abs/2013A%26A...549A..48T/abstract target=ref> Tuomi et al. 2013 </a>",0.200000,0.140000,-0.160000,0,"<a refstr=TUOMI_ET_AL__2013 href=https://ui.adsabs.harvard.edu/abs/2013A%26A...549A..48T/abstract target=ref> Tuomi et al. 2013 </a>",0.20220,,,-1,"<a refstr=KIEFER_ET_AL__2021 href=https://ui.adsabs.harvard.edu/abs/2021A&A...645A...7K/abstract target=ref>Kiefer et al. 2021</a>",,,,,,,,,,,,,,,,,,,,,,,,,,,,,,,1.94000,0.31000,-0.27000,0,"<a refstr=TUOMI_ET_AL__2013 href=https://ui.adsabs.harvard.edu/abs/2013A%26A...549A..48T/abstract target=ref> Tuomi et al. 2013 </a>",,,,,,,,,,
"HD 40307","HD 40307 c","Mass",0,0,"Radial Velocity",2009,"La Silla Observatory","<a refstr=MAYOR_ET_AL__2009 href=https://ui.adsabs.harvard.edu/abs/2009A&A...493..639M/abstract target=ref> Mayor et al. 2009 </a>",,,,,,1868.51320475,,,1,"<a refstr=KIEFER_ET_AL__2021 href=https://ui.adsabs.harvard.edu/abs/2021A&A...645A...7K/abstract target=ref>Kiefer et al. 2021</a>",,,,,,696.00,792.00,-792.00,0,"<a refstr=BRASSER_ET_AL__2014 href=https://ui.adsabs.harvard.edu/abs/2014MNRAS.440.3685B/abstract target=ref>Brasser et al. 2014</a>",35.9672,6.1368,-6.1368,0,"<a refstr=CALCULATED_VALUE href=/docs/pscp_calc.html target=_blank>Calculated Value</a>",0.0799000000,0.0040000000,-0.0040000000,0,"<a refstr=TUOMI_ET_AL__2013 href=https://ui.adsabs.harvard.edu/abs/2013A%26A...549A..48T/abstract target=ref> Tuomi et al. 2013 </a>",9.61840000000,0.00500000000,-0.00490000000,0,"<a refstr=TUOMI_ET_AL__2013 href=https://ui.adsabs.harvard.edu/abs/2013A%26A...549A..48T/abstract target=ref> Tuomi et al. 2013 </a>",0.060000,0.110000,-0.060000,0,"<a refstr=TUOMI_ET_AL__2013 href=https://ui.adsabs.harvard.edu/abs/2013A%26A...549A..48T/abstract target=ref> Tuomi et al. 2013 </a>",0.21090,,,-1,"<a refstr=KIEFER_ET_AL__2021 href=https://ui.adsabs.harvard.edu/abs/2021A&A...645A...7K/abstract target=ref>Kiefer et al. 2021</a>",,,,,,,,,,,,,,,,,,,,,,,,,,,,,,,2.45000,0.30000,-0.28000,0,"<a refstr=TUOMI_ET_AL__2013 href=https://ui.adsabs.harvard.edu/abs/2013A%26A...549A..48T/abstract target=ref> Tuomi et al. 2013 </a>",,,,,,,,,,
"HD 40307","HD 40307 d","Mass",0,0,"Radial Velocity",2009,"La Silla Observatory","<a refstr=MAYOR_ET_AL__2009 href=https://ui.adsabs.harvard.edu/abs/2009A&A...493..639M/abstract target=ref> Mayor et al. 2009 </a>",,,,,,1775.38948150,,,1,"<a refstr=KIEFER_ET_AL__2021 href=https://ui.adsabs.harvard.edu/abs/2021A&A...645A...7K/abstract target=ref>Kiefer et al. 2021</a>",,,,,,541.00,625.00,-625.00,0,"<a refstr=BRASSER_ET_AL__2014 href=https://ui.adsabs.harvard.edu/abs/2014MNRAS.440.3685B/abstract target=ref>Brasser et al. 2014</a>",13.1581,2.2435,-2.2435,0,"<a refstr=CALCULATED_VALUE href=/docs/pscp_calc.html target=_blank>Calculated Value</a>",0.1321000000,0.0066000000,-0.0066000000,0,"<a refstr=TUOMI_ET_AL__2013 href=https://ui.adsabs.harvard.edu/abs/2013A%26A...549A..48T/abstract target=ref> Tuomi et al. 2013 </a>",20.43200000000,0.02200000000,-0.02400000000,0,"<a refstr=TUOMI_ET_AL__2013 href=https://ui.adsabs.harvard.edu/abs/2013A%26A...549A..48T/abstract target=ref> Tuomi et al. 2013 </a>",0.070000,0.110000,-0.070000,0,"<a refstr=TUOMI_ET_AL__2013 href=https://ui.adsabs.harvard.edu/abs/2013A%26A...549A..48T/abstract target=ref> Tuomi et al. 2013 </a>",0.28550,,,-1,"<a refstr=KIEFER_ET_AL__2021 href=https://ui.adsabs.harvard.edu/abs/2021A&A...645A...7K/abstract target=ref>Kiefer et al. 2021</a>",,,,,,,,,,,,,,,,,,,,,,,,,,,,,,,2.75000,0.35000,-0.35000,0,"<a refstr=TUOMI_ET_AL__2013 href=https://ui.adsabs.harvard.edu/abs/2013A%26A...549A..48T/abstract target=ref> Tuomi et al. 2013 </a>",,,,,,,,,,
"HD 40307","HD 40307 f","Msini",0,0,"Radial Velocity",2013,"La Silla Observatory","<a refstr=TUOMI_ET_AL__2013 href=https://ui.adsabs.harvard.edu/abs/2013A%26A...549A..48T/abstract target=ref> Tuomi et al. 2013 </a>",2.13000000,,,0,"<a refstr=CALCULATED_VALUE href=/docs/pscp_calc.html target=_blank>Calculated Value</a>",5.20000000,1.50000000,-1.60000000,0,"<a refstr=TUOMI_ET_AL__2013 href=https://ui.adsabs.harvard.edu/abs/2013A%26A...549A..48T/abstract target=ref> Tuomi et al. 2013 </a>",2.960000,,,0,"<a refstr=CALCULATED_VALUE href=/docs/pscp_calc.html target=_blank>Calculated Value</a>",398.00,423.00,-423.00,0,"<a refstr=BRASSER_ET_AL__2014 href=https://ui.adsabs.harvard.edu/abs/2014MNRAS.440.3685B/abstract target=ref>Brasser et al. 2014</a>",3.7636,0.6446,-0.6446,0,"<a refstr=CALCULATED_VALUE href=/docs/pscp_calc.html target=_blank>Calculated Value</a>",0.2470000000,0.0110000000,-0.0140000000,0,"<a refstr=TUOMI_ET_AL__2013 href=https://ui.adsabs.harvard.edu/abs/2013A%26A...549A..48T/abstract target=ref> Tuomi et al. 2013 </a>",51.76000000000,0.50000000000,-0.46000000000,0,"<a refstr=TUOMI_ET_AL__2013 href=https://ui.adsabs.harvard.edu/abs/2013A%26A...549A..48T/abstract target=ref> Tuomi et al. 2013 </a>",0.020000,0.200000,-0.020000,0,"<a refstr=TUOMI_ET_AL__2013 href=https://ui.adsabs.harvard.edu/abs/2013A%26A...549A..48T/abstract target=ref> Tuomi et al. 2013 </a>",,,,,,,,,,,,,,,,,,,,,,,,,,,,,,,,,,,,1.09000,0.28000,-0.32000,0,"<a refstr=TUOMI_ET_AL__2013 href=https://ui.adsabs.harvard.edu/abs/2013A%26A...549A..48T/abstract target=ref> Tuomi et al. 2013 </a>",,,,,,,,,,
"HD 40307","HD 40307 g","Msini",0,1,"Radial Velocity",2013,"La Silla Observatory","<a refstr=TUOMI_ET_AL__2013 href=https://ui.adsabs.harvard.edu/abs/2013A%26A...549A..48T/abstract target=ref> Tuomi et al. 2013 </a>",2.56000000,,,0,"<a refstr=CALCULATED_VALUE href=/docs/pscp_calc.html target=_blank>Calculated Value</a>",7.10000000,2.60000000,-2.60000000,0,"<a refstr=TUOMI_ET_AL__2013 href=https://ui.adsabs.harvard.edu/abs/2013A%26A...549A..48T/abstract target=ref> Tuomi et al. 2013 </a>",2.330000,,,0,"<a refstr=CALCULATED_VALUE href=/docs/pscp_calc.html target=_blank>Calculated Value</a>",255.00,349.00,-349.00,0,"<a refstr=BRASSER_ET_AL__2014 href=https://ui.adsabs.harvard.edu/abs/2014MNRAS.440.3685B/abstract target=ref>Brasser et al. 2014</a>",0.6378,0.1133,-0.1133,0,"<a refstr=CALCULATED_VALUE href=/docs/pscp_calc.html target=_blank>Calculated Value</a>",0.6000000000,0.0340000000,-0.0330000000,0,"<a refstr=TUOMI_ET_AL__2013 href=https://ui.adsabs.harvard.edu/abs/2013A%26A...549A..48T/abstract target=ref> Tuomi et al. 2013 </a>",197.80000000000,5.70000000000,-9.00000000000,0,"<a refstr=TUOMI_ET_AL__2013 href=https://ui.adsabs.harvard.edu/abs/2013A%26A...549A..48T/abstract target=ref> Tuomi et al. 2013 </a>",0.290000,0.310000,-0.290000,0,"<a refstr=TUOMI_ET_AL__2013 href=https://ui.adsabs.harvard.edu/abs/2013A%26A...549A..48T/abstract target=ref> Tuomi et al. 2013 </a>",,,,,,,,,,,,,,,,,,,,,,,,,,,,,,,,,,,,0.95000,0.32000,-0.30000,0,"<a refstr=TUOMI_ET_AL__2013 href=https://ui.adsabs.harvard.edu/abs/2013A%26A...549A..48T/abstract target=ref> Tuomi et al. 2013 </a>",,,,,,,,,,
"HD 62509","HD 62509 b","Msini",0,0,"Radial Velocity",2006,"Multiple Observatories","<a refstr=HATZES_ET_AL__2006 href=https://ui.adsabs.harvard.edu/abs/2006A&A...457..335H/abstract target=ref> Hatzes et al. 2006 </a>",13.30000000,,,0,"<a refstr=CALCULATED_VALUE href=/docs/pscp_calc.html target=_blank>Calculated Value</a>",731.00000000,140.00000000,-140.00000000,0,"<a refstr=HATZES_ET_AL__2006 href=https://ui.adsabs.harvard.edu/abs/2006A&A...457..335H/abstract target=ref> Hatzes et al. 2006 </a>",1.710000,,,0,"<a refstr=CALCULATED_VALUE href=/docs/pscp_calc.html target=_blank>Calculated Value</a>",549.60,46.91,-46.91,0,"<a refstr=CALCULATED_VALUE href=/docs/pscp_calc.html target=_blank>Calculated Value</a>",15.2164,5.0104,-5.0104,0,"<a refstr=CALCULATED_VALUE href=/docs/pscp_calc.html target=_blank>Calculated Value</a>",1.6400000000,0.2700000000,-0.2700000000,0,"<a refstr=HATZES_ET_AL__2006 href=https://ui.adsabs.harvard.edu/abs/2006A&A...457..335H/abstract target=ref> Hatzes et al. 2006 </a>",589.64000000000,0.81000000000,-0.81000000000,0,"<a refstr=HATZES_ET_AL__2006 href=https://ui.adsabs.harvard.edu/abs/2006A&A...457..335H/abstract target=ref> Hatzes et al. 2006 </a>",0.020000,0.030000,-0.030000,0,"<a refstr=HATZES_ET_AL__2006 href=https://ui.adsabs.harvard.edu/abs/2006A&A...457..335H/abstract target=ref> Hatzes et al. 2006 </a>",,,,,,,,,,,,,,,,,,,,,,,,,,,,,,,,,,,,41.00000,1.60000,-1.60000,0,"<a refstr=HATZES_ET_AL__2006 href=https://ui.adsabs.harvard.edu/abs/2006A&A...457..335H/abstract target=ref> Hatzes et al. 2006 </a>",,,,,,,,,,
"HD 69830","HD 69830 b","Msini",0,0,"Radial Velocity",2006,"La Silla Observatory","<a refstr=LOVIS_ET_AL__2006 href=https://ui.adsabs.harvard.edu/abs/2006Natur.441..305L/abstract target=ref> Lovis et al. 2006 </a>",3.17000000,,,0,"<a refstr=CALCULATED_VALUE href=/docs/pscp_calc.html target=_blank>Calculated Value</a>",10.20000000,,,0,"<a refstr=LOVIS_ET_AL__2006 href=https://ui.adsabs.harvard.edu/abs/2006Natur.441..305L/abstract target=ref> Lovis et al. 2006 </a>",1.760000,,,0,"<a refstr=CALCULATED_VALUE href=/docs/pscp_calc.html target=_blank>Calculated Value</a>",872.84,,,0,"<a refstr=CALCULATED_VALUE href=/docs/pscp_calc.html target=_blank>Calculated Value</a>",97.7824,,,0,"<a refstr=CALCULATED_VALUE href=/docs/pscp_calc.html target=_blank>Calculated Value</a>",0.0785000000,,,0,"<a refstr=LOVIS_ET_AL__2006 href=https://ui.adsabs.harvard.edu/abs/2006Natur.441..305L/abstract target=ref> Lovis et al. 2006 </a>",8.66700000000,0.00300000000,-0.00300000000,0,"<a refstr=LOVIS_ET_AL__2006 href=https://ui.adsabs.harvard.edu/abs/2006Natur.441..305L/abstract target=ref> Lovis et al. 2006 </a>",0.100000,0.040000,-0.040000,0,"<a refstr=LOVIS_ET_AL__2006 href=https://ui.adsabs.harvard.edu/abs/2006Natur.441..305L/abstract target=ref> Lovis et al. 2006 </a>",,,,,,,,,,,,,,,,,,,,,,,,,,,,,,,,,,,,3.51000,0.15000,-0.15000,0,"<a refstr=LOVIS_ET_AL__2006 href=https://ui.adsabs.harvard.edu/abs/2006Natur.441..305L/abstract target=ref> Lovis et al. 2006 </a>",,,,,,,,,,
"HD 69830","HD 69830 c","Msini",0,0,"Radial Velocity",2006,"La Silla Observatory","<a refstr=LOVIS_ET_AL__2006 href=https://ui.adsabs.harvard.edu/abs/2006Natur.441..305L/abstract target=ref> Lovis et al. 2006 </a>",3.46000000,,,0,"<a refstr=CALCULATED_VALUE href=/docs/pscp_calc.html target=_blank>Calculated Value</a>",11.80000000,,,0,"<a refstr=LOVIS_ET_AL__2006 href=https://ui.adsabs.harvard.edu/abs/2006Natur.441..305L/abstract target=ref> Lovis et al. 2006 </a>",1.570000,,,0,"<a refstr=CALCULATED_VALUE href=/docs/pscp_calc.html target=_blank>Calculated Value</a>",567.04,,,0,"<a refstr=CALCULATED_VALUE href=/docs/pscp_calc.html target=_blank>Calculated Value</a>",17.4170,,,0,"<a refstr=CALCULATED_VALUE href=/docs/pscp_calc.html target=_blank>Calculated Value</a>",0.1860000000,,,0,"<a refstr=LOVIS_ET_AL__2006 href=https://ui.adsabs.harvard.edu/abs/2006Natur.441..305L/abstract target=ref> Lovis et al. 2006 </a>",31.56000000000,0.04000000000,-0.04000000000,0,"<a refstr=LOVIS_ET_AL__2006 href=https://ui.adsabs.harvard.edu/abs/2006Natur.441..305L/abstract target=ref> Lovis et al. 2006 </a>",0.130000,0.060000,-0.060000,0,"<a refstr=LOVIS_ET_AL__2006 href=https://ui.adsabs.harvard.edu/abs/2006Natur.441..305L/abstract target=ref> Lovis et al. 2006 </a>",,,,,,,,,,,,,,,,,,,,,,,,,,,,,,,,,,,,2.66000,0.16000,-0.16000,0,"<a refstr=LOVIS_ET_AL__2006 href=https://ui.adsabs.harvard.edu/abs/2006Natur.441..305L/abstract target=ref> Lovis et al. 2006 </a>",,,,,,,,,,
"HD 69830","HD 69830 d","Msini",0,0,"Radial Velocity",2006,"La Silla Observatory","<a refstr=LOVIS_ET_AL__2006 href=https://ui.adsabs.harvard.edu/abs/2006Natur.441..305L/abstract target=ref> Lovis et al. 2006 </a>",4.45000000,,,0,"<a refstr=CALCULATED_VALUE href=/docs/pscp_calc.html target=_blank>Calculated Value</a>",18.10000000,,,0,"<a refstr=LOVIS_ET_AL__2006 href=https://ui.adsabs.harvard.edu/abs/2006Natur.441..305L/abstract target=ref> Lovis et al. 2006 </a>",1.130000,,,0,"<a refstr=CALCULATED_VALUE href=/docs/pscp_calc.html target=_blank>Calculated Value</a>",308.10,,,0,"<a refstr=CALCULATED_VALUE href=/docs/pscp_calc.html target=_blank>Calculated Value</a>",1.5182,,,0,"<a refstr=CALCULATED_VALUE href=/docs/pscp_calc.html target=_blank>Calculated Value</a>",0.6300000000,,,0,"<a refstr=LOVIS_ET_AL__2006 href=https://ui.adsabs.harvard.edu/abs/2006Natur.441..305L/abstract target=ref> Lovis et al. 2006 </a>",197.00000000000,3.00000000000,-3.00000000000,0,"<a refstr=LOVIS_ET_AL__2006 href=https://ui.adsabs.harvard.edu/abs/2006Natur.441..305L/abstract target=ref> Lovis et al. 2006 </a>",0.070000,0.070000,-0.070000,0,"<a refstr=LOVIS_ET_AL__2006 href=https://ui.adsabs.harvard.edu/abs/2006Natur.441..305L/abstract target=ref> Lovis et al. 2006 </a>",,,,,,,,,,,,,,,,,,,,,,,,,,,,,,,,,,,,2.20000,0.19000,-0.19000,0,"<a refstr=LOVIS_ET_AL__2006 href=https://ui.adsabs.harvard.edu/abs/2006Natur.441..305L/abstract target=ref> Lovis et al. 2006 </a>",,,,,,,,,,
"GJ 411","HD 95735 c","Msini",0,0,"Radial Velocity",2021,"Multiple Observatories","<a refstr=ROSENTHAL_ET_AL__2021 href=https://ui.adsabs.harvard.edu/abs/2021ApJS..255....8R/abstract target=ref>Rosenthal et al. 2021</a>",3.76000000,,,0,"<a refstr=CALCULATED_VALUE href=/docs/pscp_calc.html target=_blank>Calculated Value</a>",13.60000000,2.40000000,-2.30000000,0,"<a refstr=HURT_ET_AL__2022 href=https://ui.adsabs.harvard.edu/abs/2022AJ....163..218H/abstract target=ref>Hurt et al. 2022</a>",1.410000,,,0,"<a refstr=CALCULATED_VALUE href=/docs/pscp_calc.html target=_blank>Calculated Value</a>",63.49,1.58,-1.58,0,"<a refstr=CALCULATED_VALUE href=/docs/pscp_calc.html target=_blank>Calculated Value</a>",0.0023,0.0002,-0.0002,0,"<a refstr=CALCULATED_VALUE href=/docs/pscp_calc.html target=_blank>Calculated Value</a>",2.9400000000,0.1400000000,-0.1200000000,0,"<a refstr=HURT_ET_AL__2022 href=https://ui.adsabs.harvard.edu/abs/2022AJ....163..218H/abstract target=ref>Hurt et al. 2022</a>",2946.00000000000,210.00000000000,-180.00000000000,0,"<a refstr=HURT_ET_AL__2022 href=https://ui.adsabs.harvard.edu/abs/2022AJ....163..218H/abstract target=ref>Hurt et al. 2022</a>",0.132000,0.160000,-0.091000,0,"<a refstr=HURT_ET_AL__2022 href=https://ui.adsabs.harvard.edu/abs/2022AJ....163..218H/abstract target=ref>Hurt et al. 2022</a>",,,,,,,,,,,,,,,,,,,,,,,,,,,,,,,,,,,,1.16000,0.20000,-0.19000,0,"<a refstr=HURT_ET_AL__2022 href=https://ui.adsabs.harvard.edu/abs/2022AJ....163..218H/abstract target=ref>Hurt et al. 2022</a>",,,,,,,,,,
"HIP 48714","HIP 48714 b","Msini",0,0,"Radial Velocity",2020,"Multiple Observatories","<a refstr=FENG_ET_AL__2020 href=https://ui.adsabs.harvard.edu/abs/2020ApJS..250...29F/abstract target=ref>Feng et al. 2020</a>",5.11000000,,,0,"<a refstr=CALCULATED_VALUE href=/docs/pscp_calc.html target=_blank>Calculated Value</a>",22.90000000,2.80000000,-2.80000000,0,"<a refstr=FENG_ET_AL__2020 href=https://ui.adsabs.harvard.edu/abs/2020ApJS..250...29F/abstract target=ref>Feng et al. 2020</a>",0.943000,,,0,"<a refstr=CALCULATED_VALUE href=/docs/pscp_calc.html target=_blank>Calculated Value</a>",446.47,17.81,-17.81,0,"<a refstr=CALCULATED_VALUE href=/docs/pscp_calc.html target=_blank>Calculated Value</a>",5.5708,0.0996,-0.0996,0,"<a refstr=CALCULATED_VALUE href=/docs/pscp_calc.html target=_blank>Calculated Value</a>",0.1120000000,0.0010000000,-0.0010000000,0,"<a refstr=FENG_ET_AL__2020 href=https://ui.adsabs.harvard.edu/abs/2020ApJS..250...29F/abstract target=ref>Feng et al. 2020</a>",17.81800000000,0.00200000000,-0.00200000000,0,"<a refstr=FENG_ET_AL__2020 href=https://ui.adsabs.harvard.edu/abs/2020ApJS..250...29F/abstract target=ref>Feng et al. 2020</a>",0.500000,0.080000,-0.080000,0,"<a refstr=FENG_ET_AL__2020 href=https://ui.adsabs.harvard.edu/abs/2020ApJS..250...29F/abstract target=ref>Feng et al. 2020</a>",,,,,,,,,,,,,,,,,,,,,,,,,,,,,,,,,,,,9.35000,1.29000,-1.29000,0,"<a refstr=FENG_ET_AL__2020 href=https://ui.adsabs.harvard.edu/abs/2020ApJS..250...29F/abstract target=ref>Feng et al. 2020</a>",,,,,,,,,,
"HN Lib","HN Lib b","Msini",0,0,"Radial Velocity",2023,"Calar Alto Observatory","<a refstr=GONZ_AACUTE_LEZ__AACUTE_LVAREZ_ET_AL__2023 href=https://ui.adsabs.harvard.edu/abs/2023A&A...675A.141G/abstract target=ref>Gonz&aacute;lez-&Aacute;lvarez et al. 2023</a>",2.20000000,,,0,"<a refstr=CALCULATED_VALUE href=/docs/pscp_calc.html target=_blank>Calculated Value</a>",5.46000000,0.75000000,-0.75000000,0,"<a refstr=GONZ_AACUTE_LEZ__AACUTE_LVAREZ_ET_AL__2023 href=https://ui.adsabs.harvard.edu/abs/2023A&A...675A.141G/abstract target=ref>Gonz&aacute;lez-&Aacute;lvarez et al. 2023</a>",2.820000,,,0,"<a refstr=CALCULATED_VALUE href=/docs/pscp_calc.html target=_blank>Calculated Value</a>",234.40,5.50,-5.30,0,"<a refstr=GONZ_AACUTE_LEZ__AACUTE_LVAREZ_ET_AL__2023 href=https://ui.adsabs.harvard.edu/abs/2023A&A...675A.141G/abstract target=ref>Gonz&aacute;lez-&Aacute;lvarez et al. 2023</a>",0.5030,0.0180,-0.0160,0,"<a refstr=GONZ_AACUTE_LEZ__AACUTE_LVAREZ_ET_AL__2023 href=https://ui.adsabs.harvard.edu/abs/2023A&A...675A.141G/abstract target=ref>Gonz&aacute;lez-&Aacute;lvarez et al. 2023</a>",0.1417000000,0.0023000000,-0.0023000000,0,"<a refstr=GONZ_AACUTE_LEZ__AACUTE_LVAREZ_ET_AL__2023 href=https://ui.adsabs.harvard.edu/abs/2023A&A...675A.141G/abstract target=ref>Gonz&aacute;lez-&Aacute;lvarez et al. 2023</a>",36.11600000000,0.02700000000,-0.02900000000,0,"<a refstr=GONZ_AACUTE_LEZ__AACUTE_LVAREZ_ET_AL__2023 href=https://ui.adsabs.harvard.edu/abs/2023A&A...675A.141G/abstract target=ref>Gonz&aacute;lez-&Aacute;lvarez et al. 2023</a>",0.079000,0.090000,-0.055000,0,"<a refstr=GONZ_AACUTE_LEZ__AACUTE_LVAREZ_ET_AL__2023 href=https://ui.adsabs.harvard.edu/abs/2023A&A...675A.141G/abstract target=ref>Gonz&aacute;lez-&Aacute;lvarez et al. 2023</a>",,,,,,,,,,,,,,,,,,,,,,,,,,,,,,,,,,,,2.59000,0.34000,-0.34000,0,"<a refstr=GONZ_AACUTE_LEZ__AACUTE_LVAREZ_ET_AL__2023 href=https://ui.adsabs.harvard.edu/abs/2023A&A...675A.141G/abstract target=ref>Gonz&aacute;lez-&Aacute;lvarez et al. 2023</a>",,,,,,,,,,
"Kapteyn","Kapteyn c","Msini",0,1,"Radial Velocity",2014,"Multiple Observatories","<a refstr=ANGLADA_ESCUD_EACUTE__ET_AL__2014 href=https://ui.adsabs.harvard.edu/abs/2014MNRAS.443L..89A/abstract target=ref> Anglada-Escud&eacute; et al. 2014</a>",2.54000000,,,0,"<a refstr=CALCULATED_VALUE href=/docs/pscp_calc.html target=_blank>Calculated Value</a>",7.00000000,1.20000000,-1.00000000,0,"<a refstr=ANGLADA_ESCUD_EACUTE__ET_AL__2014 href=https://ui.adsabs.harvard.edu/abs/2014MNRAS.443L..89A/abstract target=ref> Anglada-Escud&eacute; et al. 2014</a>",2.350000,,,0,"<a refstr=CALCULATED_VALUE href=/docs/pscp_calc.html target=_blank>Calculated Value</a>",165.59,10.20,-10.20,0,"<a refstr=CALCULATED_VALUE href=/docs/pscp_calc.html target=_blank>Calculated Value</a>",0.1666,0.0478,-0.0478,0,"<a refstr=CALCULATED_VALUE href=/docs/pscp_calc.html target=_blank>Calculated Value</a>",0.3110000000,0.0380000000,-0.0140000000,0,"<a refstr=ANGLADA_ESCUD_EACUTE__ET_AL__2014 href=https://ui.adsabs.harvard.edu/abs/2014MNRAS.443L..89A/abstract target=ref> Anglada-Escud&eacute; et al. 2014</a>",121.54000000000,0.25000000000,-0.25000000000,0,"<a refstr=ANGLADA_ESCUD_EACUTE__ET_AL__2014 href=https://ui.adsabs.harvard.edu/abs/2014MNRAS.443L..89A/abstract target=ref> Anglada-Escud&eacute; et al. 2014</a>",0.230000,0.100000,-0.120000,0,"<a refstr=ANGLADA_ESCUD_EACUTE__ET_AL__2014 href=https://ui.adsabs.harvard.edu/abs/2014MNRAS.443L..89A/abstract target=ref> Anglada-Escud&eacute; et al. 2014</a>",,,,,,,,,,,,,,,,,,,,,,,,,,,,,,,,,,,,2.27000,0.28000,-0.26000,0,"<a refstr=ANGLADA_ESCUD_EACUTE__ET_AL__2014 href=https://ui.adsabs.harvard.edu/abs/2014MNRAS.443L..89A/abstract target=ref> Anglada-Escud&eacute; et al. 2014</a>",,,,,,,,,,
"L 363-38","L 363-38 b","Msini",0,0,"Radial Velocity",2023,"Paranal Observatory","<a refstr=SARTORI_ET_AL__2023 href=https://ui.adsabs.harvard.edu/abs/2023A&A...670A..42S/abstract target=ref>Sartori et al. 2023</a>",2.00000000,,,0,"<a refstr=CALCULATED_VALUE href=/docs/pscp_calc.html target=_blank>Calculated Value</a>",4.67000000,0.43000000,-0.43000000,0,"<a refstr=SARTORI_ET_AL__2023 href=https://ui.adsabs.harvard.edu/abs/2023A&A...670A..42S/abstract target=ref>Sartori et al. 2023</a>",3.210000,,,0,"<a refstr=CALCULATED_VALUE href=/docs/pscp_calc.html target=_blank>Calculated Value</a>",330.00,,,0,"<a refstr=SARTORI_ET_AL__2023 href=https://ui.adsabs.harvard.edu/abs/2023A&A...670A..42S/abstract target=ref>Sartori et al. 2023</a>",5.6424,,,0,"<a refstr=CALCULATED_VALUE href=/docs/pscp_calc.html target=_blank>Calculated Value</a>",0.0480000000,0.0060000000,-0.0060000000,0,"<a refstr=SARTORI_ET_AL__2023 href=https://ui.adsabs.harvard.edu/abs/2023A&A...670A..42S/abstract target=ref>Sartori et al. 2023</a>",8.78100000000,0.00700000000,-0.00700000000,0,"<a refstr=SARTORI_ET_AL__2023 href=https://ui.adsabs.harvard.edu/abs/2023A&A...670A..42S/abstract target=ref>Sartori et al. 2023</a>",,,,,,,,,,,,,,,,,,,,,,,,,,,,,,,,,,,,,,,,,4.12000,0.33000,-0.33000,0,"<a refstr=SARTORI_ET_AL__2023 href=https://ui.adsabs.harvard.edu/abs/2023A&A...670A..42S/abstract target=ref>Sartori et al. 2023</a>",,,,,,,,,,
"L 98-59","L 98-59 b","Mass",0,0,"Transit",2019,"Transiting Exoplanet Survey Satellite (TESS)","<a refstr=KOSTOV_ET_AL__2019 href=https://ui.adsabs.harvard.edu/abs/2019AJ....158...32K/abstract target=ref>Kostov et al. 2019</a>",0.83700000,0.01900000,-0.01900000,0,"<a refstr=CADIEUX_ET_AL_2025 href=https://ui.adsabs.harvard.edu/abs/2025AJ....170..154C/abstract target=ref>Cadieux et al. 2025</a>",0.46000000,0.11000000,-0.11000000,0,"<a refstr=CADIEUX_ET_AL_2025 href=https://ui.adsabs.harvard.edu/abs/2025AJ....170..154C/abstract target=ref>Cadieux et al. 2025</a>",4.300000,1.100000,-1.000000,0,"<a refstr=CADIEUX_ET_AL_2025 href=https://ui.adsabs.harvard.edu/abs/2025AJ....170..154C/abstract target=ref>Cadieux et al. 2025</a>",620.00,13.00,-13.00,0,"<a refstr=CADIEUX_ET_AL_2025 href=https://ui.adsabs.harvard.edu/abs/2025AJ....170..154C/abstract target=ref>Cadieux et al. 2025</a>",24.5000,2.5000,-2.5000,0,"<a refstr=CADIEUX_ET_AL_2025 href=https://ui.adsabs.harvard.edu/abs/2025AJ....170..154C/abstract target=ref>Cadieux et al. 2025</a>",0.0223000000,0.0007000000,-0.0007000000,0,"<a refstr=CADIEUX_ET_AL_2025 href=https://ui.adsabs.harvard.edu/abs/2025AJ....170..154C/abstract target=ref>Cadieux et al. 2025</a>",2.25311400000,0.00000040000,-0.00000040000,0,"<a refstr=CADIEUX_ET_AL_2025 href=https://ui.adsabs.harvard.edu/abs/2025AJ....170..154C/abstract target=ref>Cadieux et al. 2025</a>",0.031000,0.017000,-0.016000,0,"<a refstr=CADIEUX_ET_AL_2025 href=https://ui.adsabs.harvard.edu/abs/2025AJ....170..154C/abstract target=ref>Cadieux et al. 2025</a>",88.08000,0.23000,-0.20000,0,"<a refstr=CADIEUX_ET_AL_2025 href=https://ui.adsabs.harvard.edu/abs/2025AJ....170..154C/abstract target=ref>Cadieux et al. 2025</a>",0.510000,0.040000,-0.050000,0,"<a refstr=CADIEUX_ET_AL_2025 href=https://ui.adsabs.harvard.edu/abs/2025AJ....170..154C/abstract target=ref>Cadieux et al. 2025</a>",0.05890000,0.00140000,-0.00140000,0,"<a refstr=CADIEUX_ET_AL_2025 href=https://ui.adsabs.harvard.edu/abs/2025AJ....170..154C/abstract target=ref>Cadieux et al. 2025</a>",1.0100000,0.0300000,-0.0300000,0,"<a refstr=CADIEUX_ET_AL_2025 href=https://ui.adsabs.harvard.edu/abs/2025AJ....170..154C/abstract target=ref>Cadieux et al. 2025</a>",15.287995,0.000001,-0.000001,0,"<a refstr=SCHWARZ_ET_AL_2026 href=https://ui.adsabs.harvard.edu/abs/2026AN....34770059S/abstract target=ref>Schwarz et al. 2026</a>",0.02580400,0.00004100,-0.00004100,0,"<a refstr=SCHWARZ_ET_AL_2026 href=https://ui.adsabs.harvard.edu/abs/2026AN....34770059S/abstract target=ref>Schwarz et al. 2026</a>",,,,,,0.36000,0.13000,-0.13000,0,"<a refstr=SCHWARZ_ET_AL_2026 href=https://ui.adsabs.harvard.edu/abs/2026AN....34770059S/abstract target=ref>Schwarz et al. 2026</a>",,,,,,,,,,
"L 98-59","L 98-59 c","Mass",0,0,"Transit",2019,"Transiting Exoplanet Survey Satellite (TESS)","<a refstr=KOSTOV_ET_AL__2019 href=https://ui.adsabs.harvard.edu/abs/2019AJ....158...32K/abstract target=ref>Kostov et al. 2019</a>",1.32900000,0.02900000,-0.02900000,0,"<a refstr=CADIEUX_ET_AL_2025 href=https://ui.adsabs.harvard.edu/abs/2025AJ....170..154C/abstract target=ref>Cadieux et al. 2025</a>",2.00000000,0.13000000,-0.13000000,0,"<a refstr=CADIEUX_ET_AL_2025 href=https://ui.adsabs.harvard.edu/abs/2025AJ....170..154C/abstract target=ref>Cadieux et al. 2025</a>",4.700000,0.500000,-0.400000,0,"<a refstr=CADIEUX_ET_AL_2025 href=https://ui.adsabs.harvard.edu/abs/2025AJ....170..154C/abstract target=ref>Cadieux et al. 2025</a>",526.00,11.00,-11.00,0,"<a refstr=CADIEUX_ET_AL_2025 href=https://ui.adsabs.harvard.edu/abs/2025AJ....170..154C/abstract target=ref>Cadieux et al. 2025</a>",12.7000,1.3000,-1.3000,0,"<a refstr=CADIEUX_ET_AL_2025 href=https://ui.adsabs.harvard.edu/abs/2025AJ....170..154C/abstract target=ref>Cadieux et al. 2025</a>",0.0309000000,0.0010000000,-0.0010000000,0,"<a refstr=CADIEUX_ET_AL_2025 href=https://ui.adsabs.harvard.edu/abs/2025AJ....170..154C/abstract target=ref>Cadieux et al. 2025</a>",3.69067640000,0.00000040000,-0.00000040000,0,"<a refstr=CADIEUX_ET_AL_2025 href=https://ui.adsabs.harvard.edu/abs/2025AJ....170..154C/abstract target=ref>Cadieux et al. 2025</a>",0.002000,0.002000,-0.001000,0,"<a refstr=CADIEUX_ET_AL_2025 href=https://ui.adsabs.harvard.edu/abs/2025AJ....170..154C/abstract target=ref>Cadieux et al. 2025</a>",88.88000,0.21000,-0.17000,0,"<a refstr=CADIEUX_ET_AL_2025 href=https://ui.adsabs.harvard.edu/abs/2025AJ....170..154C/abstract target=ref>Cadieux et al. 2025</a>",0.410000,0.050000,-0.070000,0,"<a refstr=CADIEUX_ET_AL_2025 href=https://ui.adsabs.harvard.edu/abs/2025AJ....170..154C/abstract target=ref>Cadieux et al. 2025</a>",0.14860000,0.00300000,-0.00300000,0,"<a refstr=CADIEUX_ET_AL_2025 href=https://ui.adsabs.harvard.edu/abs/2025AJ....170..154C/abstract target=ref>Cadieux et al. 2025</a>",1.2800000,0.0400000,-0.0400000,0,"<a refstr=CADIEUX_ET_AL_2025 href=https://ui.adsabs.harvard.edu/abs/2025AJ....170..154C/abstract target=ref>Cadieux et al. 2025</a>",21.243799,0.000002,-0.000002,0,"<a refstr=SCHWARZ_ET_AL_2026 href=https://ui.adsabs.harvard.edu/abs/2026AN....34770059S/abstract target=ref>Schwarz et al. 2026</a>",0.03960000,0.00031000,-0.00025000,0,"<a refstr=SCHWARZ_ET_AL_2026 href=https://ui.adsabs.harvard.edu/abs/2026AN....34770059S/abstract target=ref>Schwarz et al. 2026</a>",,,,,,2.08000,0.12000,-0.12000,0,"<a refstr=SCHWARZ_ET_AL_2026 href=https://ui.adsabs.harvard.edu/abs/2026AN....34770059S/abstract target=ref>Schwarz et al. 2026</a>",,,,,,,,,,
"L 98-59","L 98-59 d","Mass",0,0,"Transit",2019,"Transiting Exoplanet Survey Satellite (TESS)","<a refstr=KOSTOV_ET_AL__2019 href=https://ui.adsabs.harvard.edu/abs/2019AJ....158...32K/abstract target=ref>Kostov et al. 2019</a>",1.62700000,0.04100000,-0.04100000,0,"<a refstr=CADIEUX_ET_AL_2025 href=https://ui.adsabs.harvard.edu/abs/2025AJ....170..154C/abstract target=ref>Cadieux et al. 2025</a>",1.64000000,0.07000000,-0.07000000,0,"<a refstr=CADIEUX_ET_AL_2025 href=https://ui.adsabs.harvard.edu/abs/2025AJ....170..154C/abstract target=ref>Cadieux et al. 2025</a>",2.200000,0.200000,-0.200000,0,"<a refstr=CADIEUX_ET_AL_2025 href=https://ui.adsabs.harvard.edu/abs/2025AJ....170..154C/abstract target=ref>Cadieux et al. 2025</a>",416.00,9.00,-9.00,0,"<a refstr=CADIEUX_ET_AL_2025 href=https://ui.adsabs.harvard.edu/abs/2025AJ....170..154C/abstract target=ref>Cadieux et al. 2025</a>",4.9700,0.5200,-0.5200,0,"<a refstr=CADIEUX_ET_AL_2025 href=https://ui.adsabs.harvard.edu/abs/2025AJ....170..154C/abstract target=ref>Cadieux et al. 2025</a>",0.0494000000,0.0016000000,-0.0016000000,0,"<a refstr=CADIEUX_ET_AL_2025 href=https://ui.adsabs.harvard.edu/abs/2025AJ....170..154C/abstract target=ref>Cadieux et al. 2025</a>",7.45072900000,0.00000200000,-0.00000200000,0,"<a refstr=CADIEUX_ET_AL_2025 href=https://ui.adsabs.harvard.edu/abs/2025AJ....170..154C/abstract target=ref>Cadieux et al. 2025</a>",0.006000,0.007000,-0.004000,0,"<a refstr=CADIEUX_ET_AL_2025 href=https://ui.adsabs.harvard.edu/abs/2025AJ....170..154C/abstract target=ref>Cadieux et al. 2025</a>",88.44000,0.05000,-0.05000,0,"<a refstr=CADIEUX_ET_AL_2025 href=https://ui.adsabs.harvard.edu/abs/2025AJ....170..154C/abstract target=ref>Cadieux et al. 2025</a>",0.921000,0.007000,-0.007000,0,"<a refstr=CADIEUX_ET_AL_2025 href=https://ui.adsabs.harvard.edu/abs/2025AJ....170..154C/abstract target=ref>Cadieux et al. 2025</a>",0.14450000,0.00470000,-0.00470000,0,"<a refstr=CADIEUX_ET_AL_2025 href=https://ui.adsabs.harvard.edu/abs/2025AJ....170..154C/abstract target=ref>Cadieux et al. 2025</a>",0.8400000,0.0400000,-0.0400000,0,"<a refstr=CADIEUX_ET_AL_2025 href=https://ui.adsabs.harvard.edu/abs/2025AJ....170..154C/abstract target=ref>Cadieux et al. 2025</a>",33.933422,0.000004,-0.000005,0,"<a refstr=SCHWARZ_ET_AL_2026 href=https://ui.adsabs.harvard.edu/abs/2026AN....34770059S/abstract target=ref>Schwarz et al. 2026</a>",0.04600000,0.00055000,-0.00051000,0,"<a refstr=SCHWARZ_ET_AL_2026 href=https://ui.adsabs.harvard.edu/abs/2026AN....34770059S/abstract target=ref>Schwarz et al. 2026</a>",,,,,,1.39000,0.13000,-0.13000,0,"<a refstr=SCHWARZ_ET_AL_2026 href=https://ui.adsabs.harvard.edu/abs/2026AN....34770059S/abstract target=ref>Schwarz et al. 2026</a>",,,,,,,,,,
"L 98-59","L 98-59 e","Msini",0,0,"Radial Velocity",2021,"Multiple Observatories","<a refstr=DEMANGEON_ET_AL__2021 href=https://ui.adsabs.harvard.edu/abs/2021A&A...653A..41D/abstract target=ref>Demangeon et al. 2021</a>",1.49000000,,,0,"<a refstr=CALCULATED_VALUE href=/docs/pscp_calc.html target=_blank>Calculated Value</a>",2.82000000,0.19000000,-0.19000000,0,"<a refstr=CADIEUX_ET_AL_2025 href=https://ui.adsabs.harvard.edu/abs/2025AJ....170..154C/abstract target=ref>Cadieux et al. 2025</a>",5.200000,1.300000,-2.600000,0,"<a refstr=CADIEUX_ET_AL_2025 href=https://ui.adsabs.harvard.edu/abs/2025AJ....170..154C/abstract target=ref>Cadieux et al. 2025</a>",347.00,7.00,-7.00,0,"<a refstr=CADIEUX_ET_AL_2025 href=https://ui.adsabs.harvard.edu/abs/2025AJ....170..154C/abstract target=ref>Cadieux et al. 2025</a>",2.4000,0.2500,-0.2500,0,"<a refstr=CADIEUX_ET_AL_2025 href=https://ui.adsabs.harvard.edu/abs/2025AJ....170..154C/abstract target=ref>Cadieux et al. 2025</a>",0.0712000000,0.0022000000,-0.0022000000,0,"<a refstr=CADIEUX_ET_AL_2025 href=https://ui.adsabs.harvard.edu/abs/2025AJ....170..154C/abstract target=ref>Cadieux et al. 2025</a>",12.82780000000,0.00180000000,-0.00180000000,0,"<a refstr=CADIEUX_ET_AL_2025 href=https://ui.adsabs.harvard.edu/abs/2025AJ....170..154C/abstract target=ref>Cadieux et al. 2025</a>",0.012000,0.009000,-0.008000,0,"<a refstr=CADIEUX_ET_AL_2025 href=https://ui.adsabs.harvard.edu/abs/2025AJ....170..154C/abstract target=ref>Cadieux et al. 2025</a>",80.00000,,,-1,"<a refstr=CADIEUX_ET_AL_2025 href=https://ui.adsabs.harvard.edu/abs/2025AJ....170..154C/abstract target=ref>Cadieux et al. 2025</a>",,,,,,,,,,,,,,,,49.800000,3.900000,-3.800000,0,"<a refstr=DEMANGEON_ET_AL__2021 href=https://ui.adsabs.harvard.edu/abs/2021A&A...653A..41D/abstract target=ref>Demangeon et al. 2021</a>",,,,,,,,,,,1.82000,0.14000,-0.14000,0,"<a refstr=SCHWARZ_ET_AL_2026 href=https://ui.adsabs.harvard.edu/abs/2026AN....34770059S/abstract target=ref>Schwarz et al. 2026</a>",,,,,,,,,,
"L 98-59","L 98-59 f","Msini",0,0,"Radial Velocity",2025,"Multiple Facilities","<a refstr=CADIEUX_ET_AL_2025 href=https://ui.adsabs.harvard.edu/abs/2025AJ....170..154C/abstract target=ref>Cadieux et al. 2025</a>",1.48000000,,,0,"<a refstr=CALCULATED_VALUE href=/docs/pscp_calc.html target=_blank>Calculated Value</a>",2.80000000,0.30000000,-0.30000000,0,"<a refstr=CADIEUX_ET_AL_2025 href=https://ui.adsabs.harvard.edu/abs/2025AJ....170..154C/abstract target=ref>Cadieux et al. 2025</a>",5.000000,1.700000,-2.400000,0,"<a refstr=CADIEUX_ET_AL_2025 href=https://ui.adsabs.harvard.edu/abs/2025AJ....170..154C/abstract target=ref>Cadieux et al. 2025</a>",285.00,6.00,-6.00,0,"<a refstr=CADIEUX_ET_AL_2025 href=https://ui.adsabs.harvard.edu/abs/2025AJ....170..154C/abstract target=ref>Cadieux et al. 2025</a>",1.1000,0.1100,-0.1100,0,"<a refstr=CADIEUX_ET_AL_2025 href=https://ui.adsabs.harvard.edu/abs/2025AJ....170..154C/abstract target=ref>Cadieux et al. 2025</a>",0.1052000000,0.0033000000,-0.0033000000,0,"<a refstr=CADIEUX_ET_AL_2025 href=https://ui.adsabs.harvard.edu/abs/2025AJ....170..154C/abstract target=ref>Cadieux et al. 2025</a>",23.06400000000,0.05500000000,-0.05500000000,0,"<a refstr=CADIEUX_ET_AL_2025 href=https://ui.adsabs.harvard.edu/abs/2025AJ....170..154C/abstract target=ref>Cadieux et al. 2025</a>",0.044000,0.027000,-0.028000,0,"<a refstr=CADIEUX_ET_AL_2025 href=https://ui.adsabs.harvard.edu/abs/2025AJ....170..154C/abstract target=ref>Cadieux et al. 2025</a>",74.00000,,,-1,"<a refstr=CADIEUX_ET_AL_2025 href=https://ui.adsabs.harvard.edu/abs/2025AJ....170..154C/abstract target=ref>Cadieux et al. 2025</a>",,,,,,,,,,,,,,,,,,,,,,,,,,,,,,,1.53000,0.22000,-0.24000,0,"<a refstr=SCHWARZ_ET_AL_2026 href=https://ui.adsabs.harvard.edu/abs/2026AN....34770059S/abstract target=ref>Schwarz et al. 2026</a>",,,,,,,,,,
"LHS 475","LHS 475 b","M-R relationship",0,0,"Transit",2023,"Transiting Exoplanet Survey Satellite (TESS)","<a refstr=LUSTIG_YAEGER_ET_AL_2023 href=https://ui.adsabs.harvard.edu/abs/2023NatAs...7.1317L/abstract target=ref>Lustig-Yaeger et al. 2023</a>",0.99100000,0.05000000,-0.05000000,0,"<a refstr=LUSTIG_YAEGER_ET_AL_2023 href=https://ui.adsabs.harvard.edu/abs/2023NatAs...7.1317L/abstract target=ref>Lustig-Yaeger et al. 2023</a>",0.94100000,,,0,"<a refstr=CALCULATED_VALUE href=/docs/pscp_calc.html target=_blank>Calculated Value</a>",5.310000,,,0,"<a refstr=CALCULATED_VALUE href=/docs/pscp_calc.html target=_blank>Calculated Value</a>",586.00,12.00,-12.00,0,"<a refstr=LUSTIG_YAEGER_ET_AL_2023 href=https://ui.adsabs.harvard.edu/abs/2023NatAs...7.1317L/abstract target=ref>Lustig-Yaeger et al. 2023</a>",20.8000,1.1000,-1.1000,0,"<a refstr=MENT_ET_AL__2024 href=https://ui.adsabs.harvard.edu/abs/2024AJ....167..197M/abstract target=ref>Ment et al. 2024</a>",0.0203700000,0.0003700000,-0.0003700000,0,"<a refstr=MENT_ET_AL__2024 href=https://ui.adsabs.harvard.edu/abs/2024AJ....167..197M/abstract target=ref>Ment et al. 2024</a>",2.02908800000,0.00000600000,-0.00000600000,0,"<a refstr=LUSTIG_YAEGER_ET_AL_2023 href=https://ui.adsabs.harvard.edu/abs/2023NatAs...7.1317L/abstract target=ref>Lustig-Yaeger et al. 2023</a>",0.000000,,,0,"<a refstr=MENT_ET_AL__2024 href=https://ui.adsabs.harvard.edu/abs/2024AJ....167..197M/abstract target=ref>Ment et al. 2024</a>",87.19400,0.14100,-0.13700,0,"<a refstr=LUSTIG_YAEGER_ET_AL_2023 href=https://ui.adsabs.harvard.edu/abs/2023NatAs...7.1317L/abstract target=ref>Lustig-Yaeger et al. 2023</a>",0.701000,0.040000,-0.040000,0,"<a refstr=MENT_ET_AL__2024 href=https://ui.adsabs.harvard.edu/abs/2024AJ....167..197M/abstract target=ref>Ment et al. 2024</a>",0.11010000,0.00600000,-0.00600000,0,"<a refstr=LUSTIG_YAEGER_ET_AL_2023 href=https://ui.adsabs.harvard.edu/abs/2023NatAs...7.1317L/abstract target=ref>Lustig-Yaeger et al. 2023</a>",0.7250000,0.0250000,-0.0250000,0,"<a refstr=LUSTIG_YAEGER_ET_AL_2023 href=https://ui.adsabs.harvard.edu/abs/2023NatAs...7.1317L/abstract target=ref>Lustig-Yaeger et al. 2023</a>",15.872350,0.488000,-0.456000,0,"<a refstr=LUSTIG_YAEGER_ET_AL_2023 href=https://ui.adsabs.harvard.edu/abs/2023NatAs...7.1317L/abstract target=ref>Lustig-Yaeger et al. 2023</a>",0.03257000,0.00014000,-0.00014300,0,"<a refstr=LUSTIG_YAEGER_ET_AL_2023 href=https://ui.adsabs.harvard.edu/abs/2023NatAs...7.1317L/abstract target=ref>Lustig-Yaeger et al. 2023</a>",,,,,,,,,,,,,,,,,,,,
"LTT 1445 A","LTT 1445 A b","Mass",0,0,"Transit",2019,"Transiting Exoplanet Survey Satellite (TESS)","<a refstr=WINTERS_ET_AL__2019 href=https://ui.adsabs.harvard.edu/abs/2019AJ....158..152W/abstract target=ref>Winters et al. 2019</a>",1.34000000,0.11000000,-0.06000000,0,"<a refstr=PASS_ET_AL__2023 href=https://ui.adsabs.harvard.edu/abs/2023AJ....166..171P/abstract target=ref>Pass et al. 2023</a>",2.73000000,0.25000000,-0.23000000,0,"<a refstr=PASS_ET_AL__2023 href=https://ui.adsabs.harvard.edu/abs/2023AJ....166..171P/abstract target=ref>Pass et al. 2023</a>",6.200000,1.200000,-1.300000,0,"<a refstr=PASS_ET_AL__2023 href=https://ui.adsabs.harvard.edu/abs/2023AJ....166..171P/abstract target=ref>Pass et al. 2023</a>",431.00,23.00,-23.00,0,"<a refstr=PASS_ET_AL__2023 href=https://ui.adsabs.harvard.edu/abs/2023AJ....166..171P/abstract target=ref>Pass et al. 2023</a>",5.7000,1.3000,-1.1000,0,"<a refstr=PASS_ET_AL__2023 href=https://ui.adsabs.harvard.edu/abs/2023AJ....166..171P/abstract target=ref>Pass et al. 2023</a>",0.0381000000,0.0006700000,-0.0007000000,0,"<a refstr=PASS_ET_AL__2023 href=https://ui.adsabs.harvard.edu/abs/2023AJ....166..171P/abstract target=ref>Pass et al. 2023</a>",5.35876350000,0.00000440000,-0.00000450000,0,"<a refstr=PASS_ET_AL__2023 href=https://ui.adsabs.harvard.edu/abs/2023AJ....166..171P/abstract target=ref>Pass et al. 2023</a>",0.180000,0.070000,-0.060000,0,"<a refstr=LAVIE_ET_AL__2023 href=https://ui.adsabs.harvard.edu/abs/2023A&A...673A..69L/abstract target=ref>Lavie et al. 2023</a>",89.53000,0.33000,-0.40000,0,"<a refstr=PASS_ET_AL__2023 href=https://ui.adsabs.harvard.edu/abs/2023AJ....166..171P/abstract target=ref>Pass et al. 2023</a>",0.250000,0.180000,-0.170000,0,"<a refstr=PASS_ET_AL__2023 href=https://ui.adsabs.harvard.edu/abs/2023AJ....166..171P/abstract target=ref>Pass et al. 2023</a>",0.23000000,0.01100000,-0.01100000,0,"<a refstr=PASS_ET_AL__2023 href=https://ui.adsabs.harvard.edu/abs/2023AJ....166..171P/abstract target=ref>Pass et al. 2023</a>",1.3660000,0.0190000,-0.0180000,0,"<a refstr=PASS_ET_AL__2023 href=https://ui.adsabs.harvard.edu/abs/2023AJ....166..171P/abstract target=ref>Pass et al. 2023</a>",30.900000,1.100000,-1.200000,0,"<a refstr=WINTERS_ET_AL_2022 href=https://ui.adsabs.harvard.edu/abs/2022AJ....163..168W/abstract target=ref>Winters et al. 2022</a>",0.04540000,0.00120000,-0.00120000,0,"<a refstr=PASS_ET_AL__2023 href=https://ui.adsabs.harvard.edu/abs/2023AJ....166..171P/abstract target=ref>Pass et al. 2023</a>",,,,,,2.47000,0.20000,-0.20000,0,"<a refstr=PASS_ET_AL__2023 href=https://ui.adsabs.harvard.edu/abs/2023AJ....166..171P/abstract target=ref>Pass et al. 2023</a>",,,,,,,,,,
"LTT 1445 A","LTT 1445 A c","Mass",0,0,"Transit",2022,"Transiting Exoplanet Survey Satellite (TESS)","<a refstr=WINTERS_ET_AL_2022 href=https://ui.adsabs.harvard.edu/abs/2022AJ....163..168W/abstract target=ref>Winters et al. 2022</a>",1.14700000,0.05500000,-0.05400000,0,"<a refstr=WINTERS_ET_AL_2022 href=https://ui.adsabs.harvard.edu/abs/2022AJ....163..168W/abstract target=ref>Winters et al. 2022</a>",1.54000000,0.20000000,-0.19000000,0,"<a refstr=WINTERS_ET_AL_2022 href=https://ui.adsabs.harvard.edu/abs/2022AJ....163..168W/abstract target=ref>Winters et al. 2022</a>",5.570000,0.680000,-0.600000,0,"<a refstr=WINTERS_ET_AL_2022 href=https://ui.adsabs.harvard.edu/abs/2022AJ....163..168W/abstract target=ref>Winters et al. 2022</a>",508.00,25.00,-25.00,0,"<a refstr=WINTERS_ET_AL_2022 href=https://ui.adsabs.harvard.edu/abs/2022AJ....163..168W/abstract target=ref>Winters et al. 2022</a>",10.9000,2.4000,-2.0000,0,"<a refstr=WINTERS_ET_AL_2022 href=https://ui.adsabs.harvard.edu/abs/2022AJ....163..168W/abstract target=ref>Winters et al. 2022</a>",0.0266100000,0.0004700000,-0.0004900000,0,"<a refstr=WINTERS_ET_AL_2022 href=https://ui.adsabs.harvard.edu/abs/2022AJ....163..168W/abstract target=ref>Winters et al. 2022</a>",3.12390350000,0.00000340000,-0.00000360000,0,"<a refstr=WINTERS_ET_AL_2022 href=https://ui.adsabs.harvard.edu/abs/2022AJ....163..168W/abstract target=ref>Winters et al. 2022</a>",0.223000,,,1,"<a refstr=WINTERS_ET_AL_2022 href=https://ui.adsabs.harvard.edu/abs/2022AJ....163..168W/abstract target=ref>Winters et al. 2022</a>",87.43000,0.18000,-0.29000,0,"<a refstr=WINTERS_ET_AL_2022 href=https://ui.adsabs.harvard.edu/abs/2022AJ....163..168W/abstract target=ref>Winters et al. 2022</a>",0.937000,0.012000,-0.016000,0,"<a refstr=WINTERS_ET_AL_2022 href=https://ui.adsabs.harvard.edu/abs/2022AJ....163..168W/abstract target=ref>Winters et al. 2022</a>",0.15700000,0.01500000,-0.01400000,0,"<a refstr=WINTERS_ET_AL_2022 href=https://ui.adsabs.harvard.edu/abs/2022AJ....163..168W/abstract target=ref>Winters et al. 2022</a>",0.4820000,0.0260000,-0.0260000,0,"<a refstr=WINTERS_ET_AL_2022 href=https://ui.adsabs.harvard.edu/abs/2022AJ....163..168W/abstract target=ref>Winters et al. 2022</a>",21.560000,0.780000,-0.820000,0,"<a refstr=WINTERS_ET_AL_2022 href=https://ui.adsabs.harvard.edu/abs/2022AJ....163..168W/abstract target=ref>Winters et al. 2022</a>",0.03960000,0.00180000,-0.00170000,0,"<a refstr=WINTERS_ET_AL_2022 href=https://ui.adsabs.harvard.edu/abs/2022AJ....163..168W/abstract target=ref>Winters et al. 2022</a>",,,,,,1.67000,0.21000,-0.20000,0,"<a refstr=WINTERS_ET_AL_2022 href=https://ui.adsabs.harvard.edu/abs/2022AJ....163..168W/abstract target=ref>Winters et al. 2022</a>",,,,,,,,,,
"Luhman 16 A","Luhman 16 b","Mass",0,0,"Imaging",2017,"Multiple Observatories","<a refstr=GARCIA_ET_AL__2017 href=https://ui.adsabs.harvard.edu/abs/2017ApJ...846...97G/abstract target=ref>Garcia et al. 2017</a>",11.90000000,,,0,"<a refstr=CALCULATED_VALUE href=/docs/pscp_calc.html target=_blank>Calculated Value</a>",9344.15516580,63.56568140,-63.56568140,0,"<a refstr=BEDIN_ET_AL__2024 href=https://ui.adsabs.harvard.edu/abs/2024AN....34530158B/abstract target=ref>Bedin et al. 2024</a>",30.500000,,,0,"<a refstr=CALCULATED_VALUE href=/docs/pscp_calc.html target=_blank>Calculated Value</a>",,,,,,0.0000,0.0000,-0.0000,0,"<a refstr=CALCULATED_VALUE href=/docs/pscp_calc.html target=_blank>Calculated Value</a>",3.5200000000,0.4300000000,-0.4000000000,0,"<a refstr=BEDIN_ET_AL__2024 href=https://ui.adsabs.harvard.edu/abs/2024AN....34530158B/abstract target=ref>Bedin et al. 2024</a>",9697.00000000000,1790.00000000000,-1534.00000000000,0,"<a refstr=BEDIN_ET_AL__2024 href=https://ui.adsabs.harvard.edu/abs/2024AN....34530158B/abstract target=ref>Bedin et al. 2024</a>",0.344000,0.050000,-0.090000,0,"<a refstr=BEDIN_ET_AL__2024 href=https://ui.adsabs.harvard.edu/abs/2024AN....34530158B/abstract target=ref>Bedin et al. 2024</a>",79.92000,0.22000,-0.36000,0,"<a refstr=BEDIN_ET_AL__2024 href=https://ui.adsabs.harvard.edu/abs/2024AN....34530158B/abstract target=ref>Bedin et al. 2024</a>",,,,,,,,,,,,,,,,,,,,,,,,,,,,,,,,,,,,,,,,,,,,,
"Proxima Cen","Proxima Cen b","Msini",0,0,"Radial Velocity",2016,"European Southern Observatory","<a refstr=ANGLADA_ESCUD_EACUTE__ET_AL__2016 href=https://ui.adsabs.harvard.edu/abs/2016Natur.536..437A/abstract target=ref>Anglada-Escud&eacute; et al. 2016</a>",1.02000000,,,0,"<a refstr=CALCULATED_VALUE href=/docs/pscp_calc.html target=_blank>Calculated Value</a>",1.05500000,0.05500000,-0.05500000,0,"<a refstr=SU_AMP_AACUTE_REZ_MASCARE_AMP_NTILDE_O_ET_AL__2025 href=https://ui.adsabs.harvard.edu/abs/2025A&A...700A..11M/abstract target=ref>Su&aacute;rez Mascare&ntilde;o et al. 2025</a>",5.460000,,,0,"<a refstr=CALCULATED_VALUE href=/docs/pscp_calc.html target=_blank>Calculated Value</a>",218.00,18.00,-18.00,0,"<a refstr=SU_AMP_AACUTE_REZ_MASCARE_AMP_NTILDE_O_ET_AL__2025 href=https://ui.adsabs.harvard.edu/abs/2025A&A...700A..11M/abstract target=ref>Su&aacute;rez Mascare&ntilde;o et al. 2025</a>",0.6410,0.0650,-0.0650,0,"<a refstr=SU_AMP_AACUTE_REZ_MASCARE_AMP_NTILDE_O_ET_AL__2025 href=https://ui.adsabs.harvard.edu/abs/2025A&A...700A..11M/abstract target=ref>Su&aacute;rez Mascare&ntilde;o et al. 2025</a>",0.0484800000,0.0002900000,-0.0002900000,0,"<a refstr=SU_AMP_AACUTE_REZ_MASCARE_AMP_NTILDE_O_ET_AL__2025 href=https://ui.adsabs.harvard.edu/abs/2025A&A...700A..11M/abstract target=ref>Su&aacute;rez Mascare&ntilde;o et al. 2025</a>",11.18465000000,0.00053000000,-0.00053000000,0,"<a refstr=SU_AMP_AACUTE_REZ_MASCARE_AMP_NTILDE_O_ET_AL__2025 href=https://ui.adsabs.harvard.edu/abs/2025A&A...700A..11M/abstract target=ref>Su&aacute;rez Mascare&ntilde;o et al. 2025</a>",0.000000,,,0,"<a refstr=SU_AMP_AACUTE_REZ_MASCARE_AMP_NTILDE_O_ET_AL__2025 href=https://ui.adsabs.harvard.edu/abs/2025A&A...700A..11M/abstract target=ref>Su&aacute;rez Mascare&ntilde;o et al. 2025</a>",,,,,,,,,,,,,,,,,,,,,,,,,,,,,,,,,,,,1.22600,0.06200,-0.06200,0,"<a refstr=SU_AMP_AACUTE_REZ_MASCARE_AMP_NTILDE_O_ET_AL__2025 href=https://ui.adsabs.harvard.edu/abs/2025A&A...700A..11M/abstract target=ref>Su&aacute;rez Mascare&ntilde;o et al. 2025</a>",,,,,,,,,,
"Proxima Cen","Proxima Cen d","Msini",0,0,"Radial Velocity",2025,"La Silla Observatory","<a refstr=SU_AMP_AACUTE_REZ_MASCARE_AMP_NTILDE_O_ET_AL__2025 href=https://ui.adsabs.harvard.edu/abs/2025A&A...700A..11M/abstract target=ref>Su&aacute;rez Mascare&ntilde;o et al. 2025</a>",0.69200000,,,0,"<a refstr=CALCULATED_VALUE href=/docs/pscp_calc.html target=_blank>Calculated Value</a>",0.26000000,0.03800000,-0.03800000,0,"<a refstr=SU_AMP_AACUTE_REZ_MASCARE_AMP_NTILDE_O_ET_AL__2025 href=https://ui.adsabs.harvard.edu/abs/2025A&A...700A..11M/abstract target=ref>Su&aacute;rez Mascare&ntilde;o et al. 2025</a>",4.310000,,,0,"<a refstr=CALCULATED_VALUE href=/docs/pscp_calc.html target=_blank>Calculated Value</a>",282.00,23.00,-23.00,0,"<a refstr=SU_AMP_AACUTE_REZ_MASCARE_AMP_NTILDE_O_ET_AL__2025 href=https://ui.adsabs.harvard.edu/abs/2025A&A...700A..11M/abstract target=ref>Su&aacute;rez Mascare&ntilde;o et al. 2025</a>",1.8140,0.0980,-0.0980,0,"<a refstr=SU_AMP_AACUTE_REZ_MASCARE_AMP_NTILDE_O_ET_AL__2025 href=https://ui.adsabs.harvard.edu/abs/2025A&A...700A..11M/abstract target=ref>Su&aacute;rez Mascare&ntilde;o et al. 2025</a>",0.0288100000,0.0001700000,-0.0001700000,0,"<a refstr=SU_AMP_AACUTE_REZ_MASCARE_AMP_NTILDE_O_ET_AL__2025 href=https://ui.adsabs.harvard.edu/abs/2025A&A...700A..11M/abstract target=ref>Su&aacute;rez Mascare&ntilde;o et al. 2025</a>",5.12338000000,0.00035000000,-0.00035000000,0,"<a refstr=SU_AMP_AACUTE_REZ_MASCARE_AMP_NTILDE_O_ET_AL__2025 href=https://ui.adsabs.harvard.edu/abs/2025A&A...700A..11M/abstract target=ref>Su&aacute;rez Mascare&ntilde;o et al. 2025</a>",0.000000,,,0,"<a refstr=SU_AMP_AACUTE_REZ_MASCARE_AMP_NTILDE_O_ET_AL__2025 href=https://ui.adsabs.harvard.edu/abs/2025A&A...700A..11M/abstract target=ref>Su&aacute;rez Mascare&ntilde;o et al. 2025</a>",,,,,,,,,,,,,,,,,,,,,,,,,,,,,,,,,,,,0.39200,0.05700,-0.05700,0,"<a refstr=SU_AMP_AACUTE_REZ_MASCARE_AMP_NTILDE_O_ET_AL__2025 href=https://ui.adsabs.harvard.edu/abs/2025A&A...700A..11M/abstract target=ref>Su&aacute;rez Mascare&ntilde;o et al. 2025</a>",,,,,,,,,,
"Ross 128","Ross 128 b","Msini",0,0,"Radial Velocity",2017,"La Silla Observatory","<a refstr=BONFILS_ET_AL__2018 href=https://ui.adsabs.harvard.edu/abs/2018A&A...613A..25B/abstract target=ref>Bonfils et al. 2018</a>",1.11000000,,,0,"<a refstr=CALCULATED_VALUE href=/docs/pscp_calc.html target=_blank>Calculated Value</a>",1.40000000,0.21000000,-0.21000000,0,"<a refstr=BONFILS_ET_AL__2018 href=https://ui.adsabs.harvard.edu/abs/2018A&A...613A..25B/abstract target=ref>Bonfils et al. 2018</a>",5.630000,,,0,"<a refstr=CALCULATED_VALUE href=/docs/pscp_calc.html target=_blank>Calculated Value</a>",301.00,,,0,"<a refstr=BONFILS_ET_AL__2018 href=https://ui.adsabs.harvard.edu/abs/2018A&A...613A..25B/abstract target=ref>Bonfils et al. 2018</a>",1.3800,,,0,"<a refstr=BONFILS_ET_AL__2018 href=https://ui.adsabs.harvard.edu/abs/2018A&A...613A..25B/abstract target=ref>Bonfils et al. 2018</a>",0.0496000000,0.0017000000,-0.0017000000,0,"<a refstr=BONFILS_ET_AL__2018 href=https://ui.adsabs.harvard.edu/abs/2018A&A...613A..25B/abstract target=ref>Bonfils et al. 2018</a>",9.86580000000,0.00700000000,-0.00700000000,0,"<a refstr=BONFILS_ET_AL__2018 href=https://ui.adsabs.harvard.edu/abs/2018A&A...613A..25B/abstract target=ref>Bonfils et al. 2018</a>",0.116000,0.097000,-0.097000,0,"<a refstr=BONFILS_ET_AL__2018 href=https://ui.adsabs.harvard.edu/abs/2018A&A...613A..25B/abstract target=ref>Bonfils et al. 2018</a>",,,,,,,,,,,,,,,,,,,,,,,,,,,,,,,,,,,,1.39000,0.18000,-0.18000,0,"<a refstr=BONFILS_ET_AL__2018 href=https://ui.adsabs.harvard.edu/abs/2018A&A...613A..25B/abstract target=ref>Bonfils et al. 2018</a>",,,,,,,,,,
"Ross 508","Ross 508 b","Msini",0,0,"Radial Velocity",2022,"Subaru Telescope","<a refstr=HARAKAWA_ET_AL_2022 href=https://ui.adsabs.harvard.edu/abs/2022PASJ...74..904H/abstract target=ref>Harakawa et al. 2022</a>",1.83000000,,,0,"<a refstr=CALCULATED_VALUE href=/docs/pscp_calc.html target=_blank>Calculated Value</a>",4.00000000,0.53000000,-0.55000000,0,"<a refstr=HARAKAWA_ET_AL_2022 href=https://ui.adsabs.harvard.edu/abs/2022PASJ...74..904H/abstract target=ref>Harakawa et al. 2022</a>",3.590000,,,0,"<a refstr=CALCULATED_VALUE href=/docs/pscp_calc.html target=_blank>Calculated Value</a>",293.86,5.33,-5.33,0,"<a refstr=CALCULATED_VALUE href=/docs/pscp_calc.html target=_blank>Calculated Value</a>",1.2464,0.0342,-0.0342,0,"<a refstr=CALCULATED_VALUE href=/docs/pscp_calc.html target=_blank>Calculated Value</a>",0.0536600000,0.0005600000,-0.0004900000,0,"<a refstr=HARAKAWA_ET_AL_2022 href=https://ui.adsabs.harvard.edu/abs/2022PASJ...74..904H/abstract target=ref>Harakawa et al. 2022</a>",10.77000000000,0.01000000000,-0.01000000000,0,"<a refstr=HARAKAWA_ET_AL_2022 href=https://ui.adsabs.harvard.edu/abs/2022PASJ...74..904H/abstract target=ref>Harakawa et al. 2022</a>",0.330000,0.130000,-0.150000,0,"<a refstr=HARAKAWA_ET_AL_2022 href=https://ui.adsabs.harvard.edu/abs/2022PASJ...74..904H/abstract target=ref>Harakawa et al. 2022</a>",,,,,,,,,,,,,,,,,,,,,,,,,,,,,,,,,,,,3.92000,0.60000,-0.58000,0,"<a refstr=HARAKAWA_ET_AL_2022 href=https://ui.adsabs.harvard.edu/abs/2022PASJ...74..904H/abstract target=ref>Harakawa et al. 2022</a>",,,,,,,,,,
"TRAPPIST-1","TRAPPIST-1 b","Mass",0,0,"Transit",2016,"La Silla Observatory","<a refstr=GILLON_ET_AL__2016 href=https://ui.adsabs.harvard.edu/abs/2016Natur.533..221G/abstract target=ref>Gillon et al. 2016</a>",1.11600000,0.01400000,-0.01200000,0,"<a refstr=AGOL_ET_AL__2021 href=https://ui.adsabs.harvard.edu/abs/2021PSJ.....2....1A/abstract target=ref>Agol et al. 2021</a>",1.37400000,0.06900000,-0.06900000,0,"<a refstr=AGOL_ET_AL__2021 href=https://ui.adsabs.harvard.edu/abs/2021PSJ.....2....1A/abstract target=ref>Agol et al. 2021</a>",5.441939,0.264654,-0.275681,0,"<a refstr=AGOL_ET_AL__2021 href=https://ui.adsabs.harvard.edu/abs/2021PSJ.....2....1A/abstract target=ref>Agol et al. 2021</a>",397.60,3.80,-3.80,0,"<a refstr=DUCROT_ET_AL__2020 href=https://ui.adsabs.harvard.edu/abs/2020A&A...640A.112D/abstract target=ref>Ducrot et al. 2020</a>",4.1530,0.1610,-0.1590,0,"<a refstr=AGOL_ET_AL__2021 href=https://ui.adsabs.harvard.edu/abs/2021PSJ.....2....1A/abstract target=ref>Agol et al. 2021</a>",0.0115400000,0.0001000000,-0.0001000000,0,"<a refstr=AGOL_ET_AL__2021 href=https://ui.adsabs.harvard.edu/abs/2021PSJ.....2....1A/abstract target=ref>Agol et al. 2021</a>",1.51082600000,0.00000600000,-0.00000600000,0,"<a refstr=AGOL_ET_AL__2021 href=https://ui.adsabs.harvard.edu/abs/2021PSJ.....2....1A/abstract target=ref>Agol et al. 2021</a>",0.006220,0.003040,-0.003040,0,"<a refstr=GRIMM_ET_AL__2018 href=https://ui.adsabs.harvard.edu/abs/2018A&A...613A..68G/abstract target=ref>Grimm et al. 2018</a>",89.72800,0.16500,-0.16500,0,"<a refstr=AGOL_ET_AL__2021 href=https://ui.adsabs.harvard.edu/abs/2021PSJ.....2....1A/abstract target=ref>Agol et al. 2021</a>",0.095000,0.065000,-0.061000,0,"<a refstr=AGOL_ET_AL__2021 href=https://ui.adsabs.harvard.edu/abs/2021PSJ.....2....1A/abstract target=ref>Agol et al. 2021</a>",0.73780000,0.00640000,-0.00640000,0,"<a refstr=AGOL_ET_AL__2021 href=https://ui.adsabs.harvard.edu/abs/2021PSJ.....2....1A/abstract target=ref>Agol et al. 2021</a>",0.6010000,0.0018000,-0.0018000,0,"<a refstr=AGOL_ET_AL__2021 href=https://ui.adsabs.harvard.edu/abs/2021PSJ.....2....1A/abstract target=ref>Agol et al. 2021</a>",20.843000,0.094000,-0.155000,0,"<a refstr=AGOL_ET_AL__2021 href=https://ui.adsabs.harvard.edu/abs/2021PSJ.....2....1A/abstract target=ref>Agol et al. 2021</a>",0.08590000,0.00037000,-0.00037000,0,"<a refstr=AGOL_ET_AL__2021 href=https://ui.adsabs.harvard.edu/abs/2021PSJ.....2....1A/abstract target=ref>Agol et al. 2021</a>",,,,,,,,,,,15.000,26.000,-30.000,0,"<a refstr=HIRANO_ET_AL__2020 href=https://ui.adsabs.harvard.edu/abs/2020ApJ...890L..27H/abstract target=ref>Hirano et al. 2020</a>",,,,,
"TRAPPIST-1","TRAPPIST-1 c","Mass",0,0,"Transit",2016,"La Silla Observatory","<a refstr=GILLON_ET_AL__2016 href=https://ui.adsabs.harvard.edu/abs/2016Natur.533..221G/abstract target=ref>Gillon et al. 2016</a>",1.09700000,0.01400000,-0.01200000,0,"<a refstr=AGOL_ET_AL__2021 href=https://ui.adsabs.harvard.edu/abs/2021PSJ.....2....1A/abstract target=ref>Agol et al. 2021</a>",1.30800000,0.05600000,-0.05600000,0,"<a refstr=AGOL_ET_AL__2021 href=https://ui.adsabs.harvard.edu/abs/2021PSJ.....2....1A/abstract target=ref>Agol et al. 2021</a>",5.463993,0.220545,-0.237085,0,"<a refstr=AGOL_ET_AL__2021 href=https://ui.adsabs.harvard.edu/abs/2021PSJ.....2....1A/abstract target=ref>Agol et al. 2021</a>",339.70,3.30,-3.30,0,"<a refstr=DUCROT_ET_AL__2020 href=https://ui.adsabs.harvard.edu/abs/2020A&A...640A.112D/abstract target=ref>Ducrot et al. 2020</a>",2.2140,0.0860,-0.0850,0,"<a refstr=AGOL_ET_AL__2021 href=https://ui.adsabs.harvard.edu/abs/2021PSJ.....2....1A/abstract target=ref>Agol et al. 2021</a>",0.0158000000,0.0001300000,-0.0001300000,0,"<a refstr=AGOL_ET_AL__2021 href=https://ui.adsabs.harvard.edu/abs/2021PSJ.....2....1A/abstract target=ref>Agol et al. 2021</a>",2.42193700000,0.00001800000,-0.00001800000,0,"<a refstr=AGOL_ET_AL__2021 href=https://ui.adsabs.harvard.edu/abs/2021PSJ.....2....1A/abstract target=ref>Agol et al. 2021</a>",0.006540,0.001880,-0.001880,0,"<a refstr=GRIMM_ET_AL__2018 href=https://ui.adsabs.harvard.edu/abs/2018A&A...613A..68G/abstract target=ref>Grimm et al. 2018</a>",89.77800,0.11800,-0.11800,0,"<a refstr=AGOL_ET_AL__2021 href=https://ui.adsabs.harvard.edu/abs/2021PSJ.....2....1A/abstract target=ref>Agol et al. 2021</a>",0.109000,0.059000,-0.061000,0,"<a refstr=AGOL_ET_AL__2021 href=https://ui.adsabs.harvard.edu/abs/2021PSJ.....2....1A/abstract target=ref>Agol et al. 2021</a>",0.71230000,0.00640000,-0.00640000,0,"<a refstr=AGOL_ET_AL__2021 href=https://ui.adsabs.harvard.edu/abs/2021PSJ.....2....1A/abstract target=ref>Agol et al. 2021</a>",0.7005000,0.0022000,-0.0022000,0,"<a refstr=AGOL_ET_AL__2021 href=https://ui.adsabs.harvard.edu/abs/2021PSJ.....2....1A/abstract target=ref>Agol et al. 2021</a>",28.549000,0.129000,-0.212000,0,"<a refstr=AGOL_ET_AL__2021 href=https://ui.adsabs.harvard.edu/abs/2021PSJ.....2....1A/abstract target=ref>Agol et al. 2021</a>",0.08440000,0.00038000,-0.00038000,0,"<a refstr=AGOL_ET_AL__2021 href=https://ui.adsabs.harvard.edu/abs/2021PSJ.....2....1A/abstract target=ref>Agol et al. 2021</a>",,,,,,,,,,,,,,,,,,,,
"TRAPPIST-1","TRAPPIST-1 d","Mass",0,0,"Transit",2016,"La Silla Observatory","<a refstr=GILLON_ET_AL__2016 href=https://ui.adsabs.harvard.edu/abs/2016Natur.533..221G/abstract target=ref>Gillon et al. 2016</a>",0.78800000,0.01100000,-0.01000000,0,"<a refstr=AGOL_ET_AL__2021 href=https://ui.adsabs.harvard.edu/abs/2021PSJ.....2....1A/abstract target=ref>Agol et al. 2021</a>",0.38800000,0.01200000,-0.01200000,0,"<a refstr=AGOL_ET_AL__2021 href=https://ui.adsabs.harvard.edu/abs/2021PSJ.....2....1A/abstract target=ref>Agol et al. 2021</a>",4.366784,0.154381,-0.165408,0,"<a refstr=AGOL_ET_AL__2021 href=https://ui.adsabs.harvard.edu/abs/2021PSJ.....2....1A/abstract target=ref>Agol et al. 2021</a>",286.20,2.80,-2.80,0,"<a refstr=DUCROT_ET_AL__2020 href=https://ui.adsabs.harvard.edu/abs/2020A&A...640A.112D/abstract target=ref>Ducrot et al. 2020</a>",1.1150,0.0430,-0.0430,0,"<a refstr=AGOL_ET_AL__2021 href=https://ui.adsabs.harvard.edu/abs/2021PSJ.....2....1A/abstract target=ref>Agol et al. 2021</a>",0.0222700000,0.0001900000,-0.0001900000,0,"<a refstr=AGOL_ET_AL__2021 href=https://ui.adsabs.harvard.edu/abs/2021PSJ.....2....1A/abstract target=ref>Agol et al. 2021</a>",4.04921900000,0.00002600000,-0.00002600000,0,"<a refstr=AGOL_ET_AL__2021 href=https://ui.adsabs.harvard.edu/abs/2021PSJ.....2....1A/abstract target=ref>Agol et al. 2021</a>",0.008370,0.000930,-0.000930,0,"<a refstr=GRIMM_ET_AL__2018 href=https://ui.adsabs.harvard.edu/abs/2018A&A...613A..68G/abstract target=ref>Grimm et al. 2018</a>",89.89600,0.07700,-0.07700,0,"<a refstr=AGOL_ET_AL__2021 href=https://ui.adsabs.harvard.edu/abs/2021PSJ.....2....1A/abstract target=ref>Agol et al. 2021</a>",0.063000,0.063000,-0.043000,0,"<a refstr=AGOL_ET_AL__2021 href=https://ui.adsabs.harvard.edu/abs/2021PSJ.....2....1A/abstract target=ref>Agol et al. 2021</a>",0.36760000,0.00630000,-0.00630000,0,"<a refstr=AGOL_ET_AL__2021 href=https://ui.adsabs.harvard.edu/abs/2021PSJ.....2....1A/abstract target=ref>Agol et al. 2021</a>",0.8145000,0.0040000,-0.0040000,0,"<a refstr=AGOL_ET_AL__2021 href=https://ui.adsabs.harvard.edu/abs/2021PSJ.....2....1A/abstract target=ref>Agol et al. 2021</a>",40.216000,0.182000,-0.299000,0,"<a refstr=AGOL_ET_AL__2021 href=https://ui.adsabs.harvard.edu/abs/2021PSJ.....2....1A/abstract target=ref>Agol et al. 2021</a>",0.06063000,0.00052000,-0.00052000,0,"<a refstr=AGOL_ET_AL__2021 href=https://ui.adsabs.harvard.edu/abs/2021PSJ.....2....1A/abstract target=ref>Agol et al. 2021</a>",,,,,,,,,,,,,,,,,,,,
"TRAPPIST-1","TRAPPIST-1 e","Mass",0,0,"Transit",2017,"Multiple Observatories","<a refstr=GILLON_ET_AL__2017 href=https://ui.adsabs.harvard.edu/abs/2017Natur.542..456G/abstract target=ref>Gillon et al. 2017</a>",0.92000000,0.01300000,-0.01200000,0,"<a refstr=AGOL_ET_AL__2021 href=https://ui.adsabs.harvard.edu/abs/2021PSJ.....2....1A/abstract target=ref>Agol et al. 2021</a>",0.69200000,0.02200000,-0.02200000,0,"<a refstr=AGOL_ET_AL__2021 href=https://ui.adsabs.harvard.edu/abs/2021PSJ.....2....1A/abstract target=ref>Agol et al. 2021</a>",4.901605,0.165408,-0.181949,0,"<a refstr=AGOL_ET_AL__2021 href=https://ui.adsabs.harvard.edu/abs/2021PSJ.....2....1A/abstract target=ref>Agol et al. 2021</a>",249.70,2.40,-2.40,0,"<a refstr=DUCROT_ET_AL__2020 href=https://ui.adsabs.harvard.edu/abs/2020A&A...640A.112D/abstract target=ref>Ducrot et al. 2020</a>",0.6460,0.0250,-0.0250,0,"<a refstr=AGOL_ET_AL__2021 href=https://ui.adsabs.harvard.edu/abs/2021PSJ.....2....1A/abstract target=ref>Agol et al. 2021</a>",0.0292500000,0.0025000000,-0.0025000000,0,"<a refstr=AGOL_ET_AL__2021 href=https://ui.adsabs.harvard.edu/abs/2021PSJ.....2....1A/abstract target=ref>Agol et al. 2021</a>",6.10101300000,0.00003500000,-0.00003500000,0,"<a refstr=AGOL_ET_AL__2021 href=https://ui.adsabs.harvard.edu/abs/2021PSJ.....2....1A/abstract target=ref>Agol et al. 2021</a>",0.005100,0.000580,-0.000580,0,"<a refstr=GRIMM_ET_AL__2018 href=https://ui.adsabs.harvard.edu/abs/2018A&A...613A..68G/abstract target=ref>Grimm et al. 2018</a>",89.79300,0.04800,-0.04800,0,"<a refstr=AGOL_ET_AL__2021 href=https://ui.adsabs.harvard.edu/abs/2021PSJ.....2....1A/abstract target=ref>Agol et al. 2021</a>",0.191000,0.041000,-0.041000,0,"<a refstr=AGOL_ET_AL__2021 href=https://ui.adsabs.harvard.edu/abs/2021PSJ.....2....1A/abstract target=ref>Agol et al. 2021</a>",0.50120000,0.00780000,-0.00780000,0,"<a refstr=AGOL_ET_AL__2021 href=https://ui.adsabs.harvard.edu/abs/2021PSJ.....2....1A/abstract target=ref>Agol et al. 2021</a>",0.9293000,0.0043000,-0.0043000,0,"<a refstr=AGOL_ET_AL__2021 href=https://ui.adsabs.harvard.edu/abs/2021PSJ.....2....1A/abstract target=ref>Agol et al. 2021</a>",52.855000,0.239000,-0.392000,0,"<a refstr=AGOL_ET_AL__2021 href=https://ui.adsabs.harvard.edu/abs/2021PSJ.....2....1A/abstract target=ref>Agol et al. 2021</a>",0.07079000,0.00055000,-0.00055000,0,"<a refstr=AGOL_ET_AL__2021 href=https://ui.adsabs.harvard.edu/abs/2021PSJ.....2....1A/abstract target=ref>Agol et al. 2021</a>",,,,,,,,,,,9.000,45.000,-51.000,0,"<a refstr=HIRANO_ET_AL__2020 href=https://ui.adsabs.harvard.edu/abs/2020ApJ...890L..27H/abstract target=ref>Hirano et al. 2020</a>",,,,,
"TRAPPIST-1","TRAPPIST-1 f","Mass",0,0,"Transit",2017,"Multiple Observatories","<a refstr=GILLON_ET_AL__2017 href=https://ui.adsabs.harvard.edu/abs/2017Natur.542..456G/abstract target=ref>Gillon et al. 2017</a>",1.04500000,0.01300000,-0.01200000,0,"<a refstr=AGOL_ET_AL__2021 href=https://ui.adsabs.harvard.edu/abs/2021PSJ.....2....1A/abstract target=ref>Agol et al. 2021</a>",1.03900000,0.03100000,-0.03100000,0,"<a refstr=AGOL_ET_AL__2021 href=https://ui.adsabs.harvard.edu/abs/2021PSJ.....2....1A/abstract target=ref>Agol et al. 2021</a>",5.022904,0.137840,-0.159895,0,"<a refstr=AGOL_ET_AL__2021 href=https://ui.adsabs.harvard.edu/abs/2021PSJ.....2....1A/abstract target=ref>Agol et al. 2021</a>",217.70,2.10,-2.10,0,"<a refstr=DUCROT_ET_AL__2020 href=https://ui.adsabs.harvard.edu/abs/2020A&A...640A.112D/abstract target=ref>Ducrot et al. 2020</a>",0.3730,0.0150,-0.0140,0,"<a refstr=AGOL_ET_AL__2021 href=https://ui.adsabs.harvard.edu/abs/2021PSJ.....2....1A/abstract target=ref>Agol et al. 2021</a>",0.0384900000,0.0003300000,-0.0003300000,0,"<a refstr=AGOL_ET_AL__2021 href=https://ui.adsabs.harvard.edu/abs/2021PSJ.....2....1A/abstract target=ref>Agol et al. 2021</a>",9.20754000000,0.00003200000,-0.00003200000,0,"<a refstr=AGOL_ET_AL__2021 href=https://ui.adsabs.harvard.edu/abs/2021PSJ.....2....1A/abstract target=ref>Agol et al. 2021</a>",0.010070,0.000680,-0.000680,0,"<a refstr=GRIMM_ET_AL__2018 href=https://ui.adsabs.harvard.edu/abs/2018A&A...613A..68G/abstract target=ref>Grimm et al. 2018</a>",89.74000,0.01900,-0.01900,0,"<a refstr=AGOL_ET_AL__2021 href=https://ui.adsabs.harvard.edu/abs/2021PSJ.....2....1A/abstract target=ref>Agol et al. 2021</a>",0.312000,0.023000,-0.018000,0,"<a refstr=AGOL_ET_AL__2021 href=https://ui.adsabs.harvard.edu/abs/2021PSJ.....2....1A/abstract target=ref>Agol et al. 2021</a>",0.64650000,0.00760000,-0.00760000,0,"<a refstr=AGOL_ET_AL__2021 href=https://ui.adsabs.harvard.edu/abs/2021PSJ.....2....1A/abstract target=ref>Agol et al. 2021</a>",1.0480000,0.0042000,-0.0042000,0,"<a refstr=AGOL_ET_AL__2021 href=https://ui.adsabs.harvard.edu/abs/2021PSJ.....2....1A/abstract target=ref>Agol et al. 2021</a>",69.543000,0.314000,-0.516000,0,"<a refstr=AGOL_ET_AL__2021 href=https://ui.adsabs.harvard.edu/abs/2021PSJ.....2....1A/abstract target=ref>Agol et al. 2021</a>",0.08040000,0.00047000,-0.00047000,0,"<a refstr=AGOL_ET_AL__2021 href=https://ui.adsabs.harvard.edu/abs/2021PSJ.....2....1A/abstract target=ref>Agol et al. 2021</a>",,,,,,,,,,,21.000,32.000,-32.000,0,"<a refstr=HIRANO_ET_AL__2020 href=https://ui.adsabs.harvard.edu/abs/2020ApJ...890L..27H/abstract target=ref>Hirano et al. 2020</a>",,,,,
"TRAPPIST-1","TRAPPIST-1 g","Mass",0,0,"Transit",2017,"Multiple Observatories","<a refstr=GILLON_ET_AL__2017 href=https://ui.adsabs.harvard.edu/abs/2017Natur.542..456G/abstract target=ref>Gillon et al. 2017</a>",1.12900000,0.01500000,-0.01300000,0,"<a refstr=AGOL_ET_AL__2021 href=https://ui.adsabs.harvard.edu/abs/2021PSJ.....2....1A/abstract target=ref>Agol et al. 2021</a>",1.32100000,0.03800000,-0.03800000,0,"<a refstr=AGOL_ET_AL__2021 href=https://ui.adsabs.harvard.edu/abs/2021PSJ.....2....1A/abstract target=ref>Agol et al. 2021</a>",5.055986,0.137840,-0.159895,0,"<a refstr=AGOL_ET_AL__2021 href=https://ui.adsabs.harvard.edu/abs/2021PSJ.....2....1A/abstract target=ref>Agol et al. 2021</a>",197.30,1.90,-1.90,0,"<a refstr=DUCROT_ET_AL__2020 href=https://ui.adsabs.harvard.edu/abs/2020A&A...640A.112D/abstract target=ref>Ducrot et al. 2020</a>",0.2520,0.0100,-0.0100,0,"<a refstr=AGOL_ET_AL__2021 href=https://ui.adsabs.harvard.edu/abs/2021PSJ.....2....1A/abstract target=ref>Agol et al. 2021</a>",0.0468300000,0.0004000000,-0.0004000000,0,"<a refstr=AGOL_ET_AL__2021 href=https://ui.adsabs.harvard.edu/abs/2021PSJ.....2....1A/abstract target=ref>Agol et al. 2021</a>",12.35244600000,0.00005400000,-0.00005400000,0,"<a refstr=AGOL_ET_AL__2021 href=https://ui.adsabs.harvard.edu/abs/2021PSJ.....2....1A/abstract target=ref>Agol et al. 2021</a>",0.002080,0.000580,-0.000580,0,"<a refstr=GRIMM_ET_AL__2018 href=https://ui.adsabs.harvard.edu/abs/2018A&A...613A..68G/abstract target=ref>Grimm et al. 2018</a>",89.74200,0.01200,-0.01200,0,"<a refstr=AGOL_ET_AL__2021 href=https://ui.adsabs.harvard.edu/abs/2021PSJ.....2....1A/abstract target=ref>Agol et al. 2021</a>",0.379000,0.018000,-0.014000,0,"<a refstr=AGOL_ET_AL__2021 href=https://ui.adsabs.harvard.edu/abs/2021PSJ.....2....1A/abstract target=ref>Agol et al. 2021</a>",0.75550000,0.00920000,-0.00920000,0,"<a refstr=AGOL_ET_AL__2021 href=https://ui.adsabs.harvard.edu/abs/2021PSJ.....2....1A/abstract target=ref>Agol et al. 2021</a>",1.1370000,0.0047000,-0.0047000,0,"<a refstr=AGOL_ET_AL__2021 href=https://ui.adsabs.harvard.edu/abs/2021PSJ.....2....1A/abstract target=ref>Agol et al. 2021</a>",84.591000,0.382000,-0.628000,0,"<a refstr=AGOL_ET_AL__2021 href=https://ui.adsabs.harvard.edu/abs/2021PSJ.....2....1A/abstract target=ref>Agol et al. 2021</a>",0.08692000,0.00053000,-0.00053000,0,"<a refstr=AGOL_ET_AL__2021 href=https://ui.adsabs.harvard.edu/abs/2021PSJ.....2....1A/abstract target=ref>Agol et al. 2021</a>",,,,,,,,,,,,,,,,,,,,
"TRAPPIST-1","TRAPPIST-1 h","Mass",0,0,"Transit",2017,"Multiple Observatories","<a refstr=GILLON_ET_AL__2017 href=https://ui.adsabs.harvard.edu/abs/2017Natur.542..456G/abstract target=ref>Gillon et al. 2017</a>",0.75500000,0.01400000,-0.01400000,0,"<a refstr=AGOL_ET_AL__2021 href=https://ui.adsabs.harvard.edu/abs/2021PSJ.....2....1A/abstract target=ref>Agol et al. 2021</a>",0.32600000,0.02000000,-0.02000000,0,"<a refstr=AGOL_ET_AL__2021 href=https://ui.adsabs.harvard.edu/abs/2021PSJ.....2....1A/abstract target=ref>Agol et al. 2021</a>",4.162780,0.325303,-0.303249,0,"<a refstr=AGOL_ET_AL__2021 href=https://ui.adsabs.harvard.edu/abs/2021PSJ.....2....1A/abstract target=ref>Agol et al. 2021</a>",171.70,1.70,-1.70,0,"<a refstr=DUCROT_ET_AL__2020 href=https://ui.adsabs.harvard.edu/abs/2020A&A...640A.112D/abstract target=ref>Ducrot et al. 2020</a>",0.1440,0.0060,-0.0060,0,"<a refstr=AGOL_ET_AL__2021 href=https://ui.adsabs.harvard.edu/abs/2021PSJ.....2....1A/abstract target=ref>Agol et al. 2021</a>",0.0618900000,0.0005300000,-0.0005300000,0,"<a refstr=AGOL_ET_AL__2021 href=https://ui.adsabs.harvard.edu/abs/2021PSJ.....2....1A/abstract target=ref>Agol et al. 2021</a>",18.77286600000,0.00021400000,-0.00021400000,0,"<a refstr=AGOL_ET_AL__2021 href=https://ui.adsabs.harvard.edu/abs/2021PSJ.....2....1A/abstract target=ref>Agol et al. 2021</a>",0.005670,0.001210,-0.001210,0,"<a refstr=GRIMM_ET_AL__2018 href=https://ui.adsabs.harvard.edu/abs/2018A&A...613A..68G/abstract target=ref>Grimm et al. 2018</a>",89.80500,0.01300,-0.01300,0,"<a refstr=AGOL_ET_AL__2021 href=https://ui.adsabs.harvard.edu/abs/2021PSJ.....2....1A/abstract target=ref>Agol et al. 2021</a>",0.378000,0.024000,-0.023000,0,"<a refstr=AGOL_ET_AL__2021 href=https://ui.adsabs.harvard.edu/abs/2021PSJ.....2....1A/abstract target=ref>Agol et al. 2021</a>",0.33750000,0.01010000,-0.01010000,0,"<a refstr=AGOL_ET_AL__2021 href=https://ui.adsabs.harvard.edu/abs/2021PSJ.....2....1A/abstract target=ref>Agol et al. 2021</a>",1.2690000,0.0093000,-0.0093000,0,"<a refstr=AGOL_ET_AL__2021 href=https://ui.adsabs.harvard.edu/abs/2021PSJ.....2....1A/abstract target=ref>Agol et al. 2021</a>",111.817000,0.505000,-0.830000,0,"<a refstr=AGOL_ET_AL__2021 href=https://ui.adsabs.harvard.edu/abs/2021PSJ.....2....1A/abstract target=ref>Agol et al. 2021</a>",0.05809000,0.00087000,-0.00087000,0,"<a refstr=AGOL_ET_AL__2021 href=https://ui.adsabs.harvard.edu/abs/2021PSJ.....2....1A/abstract target=ref>Agol et al. 2021</a>",,,,,,,,,,,,,,,,,,,,
"Teegarden's Star","Teegarden's Star b","Msini",0,0,"Radial Velocity",2019,"Calar Alto Observatory","<a refstr=ZECHMEISTER_ET_AL__2019 href=https://ui.adsabs.harvard.edu/abs/2019A&A...627A..49Z/abstract target=ref>Zechmeister et al. 2019</a>",1.05000000,,,0,"<a refstr=CALCULATED_VALUE href=/docs/pscp_calc.html target=_blank>Calculated Value</a>",1.16000000,0.12000000,-0.11000000,0,"<a refstr=DREIZLER_ET_AL_2024 href=https://ui.adsabs.harvard.edu/abs/2024A&A...684A.117D/abstract target=ref>Dreizler et al. 2024</a>",5.510000,,,0,"<a refstr=CALCULATED_VALUE href=/docs/pscp_calc.html target=_blank>Calculated Value</a>",277.00,5.00,-5.00,0,"<a refstr=DREIZLER_ET_AL_2024 href=https://ui.adsabs.harvard.edu/abs/2024A&A...684A.117D/abstract target=ref>Dreizler et al. 2024</a>",1.0800,0.0800,-0.0800,0,"<a refstr=DREIZLER_ET_AL_2024 href=https://ui.adsabs.harvard.edu/abs/2024A&A...684A.117D/abstract target=ref>Dreizler et al. 2024</a>",0.0259000000,0.0008000000,-0.0009000000,0,"<a refstr=DREIZLER_ET_AL_2024 href=https://ui.adsabs.harvard.edu/abs/2024A&A...684A.117D/abstract target=ref>Dreizler et al. 2024</a>",4.90634000000,0.00041000000,-0.00041000000,0,"<a refstr=DREIZLER_ET_AL_2024 href=https://ui.adsabs.harvard.edu/abs/2024A&A...684A.117D/abstract target=ref>Dreizler et al. 2024</a>",0.030000,0.040000,-0.020000,0,"<a refstr=DREIZLER_ET_AL_2024 href=https://ui.adsabs.harvard.edu/abs/2024A&A...684A.117D/abstract target=ref>Dreizler et al. 2024</a>",,,,,,,,,,,,,,,,,,,,,,,,,,,,,,,,,,,,2.09000,0.15000,-0.15000,0,"<a refstr=DREIZLER_ET_AL_2024 href=https://ui.adsabs.harvard.edu/abs/2024A&A...684A.117D/abstract target=ref>Dreizler et al. 2024</a>",,,,,,,,,,
"Teegarden's Star","Teegarden's Star c","Msini",0,0,"Radial Velocity",2019,"Calar Alto Observatory","<a refstr=ZECHMEISTER_ET_AL__2019 href=https://ui.adsabs.harvard.edu/abs/2019A&A...627A..49Z/abstract target=ref>Zechmeister et al. 2019</a>",1.02000000,,,0,"<a refstr=CALCULATED_VALUE href=/docs/pscp_calc.html target=_blank>Calculated Value</a>",1.05000000,0.14000000,-0.13000000,0,"<a refstr=DREIZLER_ET_AL_2024 href=https://ui.adsabs.harvard.edu/abs/2024A&A...684A.117D/abstract target=ref>Dreizler et al. 2024</a>",5.440000,,,0,"<a refstr=CALCULATED_VALUE href=/docs/pscp_calc.html target=_blank>Calculated Value</a>",209.00,4.00,-4.00,0,"<a refstr=DREIZLER_ET_AL_2024 href=https://ui.adsabs.harvard.edu/abs/2024A&A...684A.117D/abstract target=ref>Dreizler et al. 2024</a>",0.3500,0.0200,-0.0200,0,"<a refstr=DREIZLER_ET_AL_2024 href=https://ui.adsabs.harvard.edu/abs/2024A&A...684A.117D/abstract target=ref>Dreizler et al. 2024</a>",0.0455000000,0.0015000000,-0.0016000000,0,"<a refstr=DREIZLER_ET_AL_2024 href=https://ui.adsabs.harvard.edu/abs/2024A&A...684A.117D/abstract target=ref>Dreizler et al. 2024</a>",11.41600000000,0.00300000000,-0.00300000000,0,"<a refstr=DREIZLER_ET_AL_2024 href=https://ui.adsabs.harvard.edu/abs/2024A&A...684A.117D/abstract target=ref>Dreizler et al. 2024</a>",0.040000,0.070000,-0.030000,0,"<a refstr=DREIZLER_ET_AL_2024 href=https://ui.adsabs.harvard.edu/abs/2024A&A...684A.117D/abstract target=ref>Dreizler et al. 2024</a>",,,,,,,,,,,,,,,,,,,,,,,,,,,,,,,,,,,,1.43000,0.16000,-0.15000,0,"<a refstr=DREIZLER_ET_AL_2024 href=https://ui.adsabs.harvard.edu/abs/2024A&A...684A.117D/abstract target=ref>Dreizler et al. 2024</a>",,,,,,,,,,
"Teegarden's Star","Teegarden's Star d","Msini",0,0,"Radial Velocity",2024,"Multiple Observatories","<a refstr=DREIZLER_ET_AL_2024 href=https://ui.adsabs.harvard.edu/abs/2024A&A...684A.117D/abstract target=ref>Dreizler et al. 2024</a>",0.95400000,,,0,"<a refstr=CALCULATED_VALUE href=/docs/pscp_calc.html target=_blank>Calculated Value</a>",0.82000000,0.17000000,-0.17000000,0,"<a refstr=DREIZLER_ET_AL_2024 href=https://ui.adsabs.harvard.edu/abs/2024A&A...684A.117D/abstract target=ref>Dreizler et al. 2024</a>",5.190000,,,0,"<a refstr=CALCULATED_VALUE href=/docs/pscp_calc.html target=_blank>Calculated Value</a>",159.00,3.00,-3.00,0,"<a refstr=DREIZLER_ET_AL_2024 href=https://ui.adsabs.harvard.edu/abs/2024A&A...684A.117D/abstract target=ref>Dreizler et al. 2024</a>",0.1200,0.0100,-0.0100,0,"<a refstr=DREIZLER_ET_AL_2024 href=https://ui.adsabs.harvard.edu/abs/2024A&A...684A.117D/abstract target=ref>Dreizler et al. 2024</a>",0.0791000000,0.0025000000,-0.0027000000,0,"<a refstr=DREIZLER_ET_AL_2024 href=https://ui.adsabs.harvard.edu/abs/2024A&A...684A.117D/abstract target=ref>Dreizler et al. 2024</a>",26.13000000000,0.03000000000,-0.04000000000,0,"<a refstr=DREIZLER_ET_AL_2024 href=https://ui.adsabs.harvard.edu/abs/2024A&A...684A.117D/abstract target=ref>Dreizler et al. 2024</a>",0.070000,0.100000,-0.050000,0,"<a refstr=DREIZLER_ET_AL_2024 href=https://ui.adsabs.harvard.edu/abs/2024A&A...684A.117D/abstract target=ref>Dreizler et al. 2024</a>",,,,,,,,,,,,,,,,,,,,,,,,,,,,,,,,,,,,0.86000,0.17000,-0.17000,0,"<a refstr=DREIZLER_ET_AL_2024 href=https://ui.adsabs.harvard.edu/abs/2024A&A...684A.117D/abstract target=ref>Dreizler et al. 2024</a>",,,,,,,,,,
"WISE J033605.05-014350.4","WISE J033605.05-014350.4 b","Mass",0,0,"Imaging",2023,"James Webb Space Telescope (JWST)","<a refstr=CALISSENDORFF_ET_AL__2023 href=https://ui.adsabs.harvard.edu/abs/2023ApJ...947L..30C/abstract target=ref>Calissendorff et al. 2023</a>",12.60000000,,,0,"<a refstr=CALCULATED_VALUE href=/docs/pscp_calc.html target=_blank>Calculated Value</a>",2622.08435775,1350.77072975,-1350.77072975,0,"<a refstr=CALISSENDORFF_ET_AL__2023 href=https://ui.adsabs.harvard.edu/abs/2023ApJ...947L..30C/abstract target=ref>Calissendorff et al. 2023</a>",7.200000,,,0,"<a refstr=CALCULATED_VALUE href=/docs/pscp_calc.html target=_blank>Calculated Value</a>",325.00,15.00,-10.00,0,"<a refstr=CALISSENDORFF_ET_AL__2023 href=https://ui.adsabs.harvard.edu/abs/2023ApJ...947L..30C/abstract target=ref>Calissendorff et al. 2023</a>",,,,,,0.9700000000,0.0500000000,-0.0500000000,0,"<a refstr=CALISSENDORFF_ET_AL__2023 href=https://ui.adsabs.harvard.edu/abs/2023ApJ...947L..30C/abstract target=ref>Calissendorff et al. 2023</a>",2560.00000000000,730.00000000000,-730.00000000000,0,"<a refstr=CALISSENDORFF_ET_AL__2023 href=https://ui.adsabs.harvard.edu/abs/2023ApJ...947L..30C/abstract target=ref>Calissendorff et al. 2023</a>",,,,,,,,,,,,,,,,,,,,,,,,,,,,,,,,,,,,,,,,,,,,,,,,,,,,,,,
"Wolf 1061","Wolf 1061 b","Msini",0,0,"Radial Velocity",2015,"La Silla Observatory","<a refstr=WRIGHT_ET_AL__2016 href=https://ui.adsabs.harvard.edu/abs/2016ApJ...817L..20W/abstract target=ref>Wright et al. 2016</a>",1.21000000,,,0,"<a refstr=CALCULATED_VALUE href=/docs/pscp_calc.html target=_blank>Calculated Value</a>",1.91000000,0.26000000,-0.25000000,0,"<a refstr=ASTUDILLO_DEFRU_ET_AL__2017 href=https://ui.adsabs.harvard.edu/abs/2017A&A...602A..88A/abstract target=ref>Astudillo-Defru et al. 2017</a>",5.920000,,,0,"<a refstr=CALCULATED_VALUE href=/docs/pscp_calc.html target=_blank>Calculated Value</a>",461.10,22.71,-22.71,0,"<a refstr=CALCULATED_VALUE href=/docs/pscp_calc.html target=_blank>Calculated Value</a>",7.3400,,,0,"<a refstr=ASTUDILLO_DEFRU_ET_AL__2017 href=https://ui.adsabs.harvard.edu/abs/2017A&A...602A..88A/abstract target=ref>Astudillo-Defru et al. 2017</a>",0.0375000000,0.0012000000,-0.0013000000,0,"<a refstr=ASTUDILLO_DEFRU_ET_AL__2017 href=https://ui.adsabs.harvard.edu/abs/2017A&A...602A..88A/abstract target=ref>Astudillo-Defru et al. 2017</a>",4.88690000000,0.00050000000,-0.00050000000,0,"<a refstr=ASTUDILLO_DEFRU_ET_AL__2017 href=https://ui.adsabs.harvard.edu/abs/2017A&A...602A..88A/abstract target=ref>Astudillo-Defru et al. 2017</a>",0.150000,0.130000,-0.100000,0,"<a refstr=ASTUDILLO_DEFRU_ET_AL__2017 href=https://ui.adsabs.harvard.edu/abs/2017A&A...602A..88A/abstract target=ref>Astudillo-Defru et al. 2017</a>",,,,,,,,,,,,,,,,,,,,,,,,,,,,,,,,,,,,1.67000,0.20000,-0.19000,0,"<a refstr=ASTUDILLO_DEFRU_ET_AL__2017 href=https://ui.adsabs.harvard.edu/abs/2017A&A...602A..88A/abstract target=ref>Astudillo-Defru et al. 2017</a>",,,,,,,,,,
"Wolf 1061","Wolf 1061 c","Msini",0,0,"Radial Velocity",2015,"La Silla Observatory","<a refstr=WRIGHT_ET_AL__2016 href=https://ui.adsabs.harvard.edu/abs/2016ApJ...817L..20W/abstract target=ref>Wright et al. 2016</a>",1.66000000,,,0,"<a refstr=CALCULATED_VALUE href=/docs/pscp_calc.html target=_blank>Calculated Value</a>",3.41000000,0.43000000,-0.41000000,0,"<a refstr=ASTUDILLO_DEFRU_ET_AL__2017 href=https://ui.adsabs.harvard.edu/abs/2017A&A...602A..88A/abstract target=ref>Astudillo-Defru et al. 2017</a>",4.100000,,,0,"<a refstr=CALCULATED_VALUE href=/docs/pscp_calc.html target=_blank>Calculated Value</a>",299.30,14.76,-14.76,0,"<a refstr=CALCULATED_VALUE href=/docs/pscp_calc.html target=_blank>Calculated Value</a>",1.3000,,,0,"<a refstr=ASTUDILLO_DEFRU_ET_AL__2017 href=https://ui.adsabs.harvard.edu/abs/2017A&A...602A..88A/abstract target=ref>Astudillo-Defru et al. 2017</a>",0.0890000000,0.0029000000,-0.0031000000,0,"<a refstr=ASTUDILLO_DEFRU_ET_AL__2017 href=https://ui.adsabs.harvard.edu/abs/2017A&A...602A..88A/abstract target=ref>Astudillo-Defru et al. 2017</a>",17.87190000000,0.00590000000,-0.00590000000,0,"<a refstr=ASTUDILLO_DEFRU_ET_AL__2017 href=https://ui.adsabs.harvard.edu/abs/2017A&A...602A..88A/abstract target=ref>Astudillo-Defru et al. 2017</a>",0.110000,0.100000,-0.070000,0,"<a refstr=ASTUDILLO_DEFRU_ET_AL__2017 href=https://ui.adsabs.harvard.edu/abs/2017A&A...602A..88A/abstract target=ref>Astudillo-Defru et al. 2017</a>",,,,,,,,,,,,,,,,,,,,,,,,,,,,,,,,,,,,1.92000,0.19000,-0.19000,0,"<a refstr=ASTUDILLO_DEFRU_ET_AL__2017 href=https://ui.adsabs.harvard.edu/abs/2017A&A...602A..88A/abstract target=ref>Astudillo-Defru et al. 2017</a>",,,,,,,,,,
"Wolf 1061","Wolf 1061 d","Msini",0,0,"Radial Velocity",2015,"La Silla Observatory","<a refstr=WRIGHT_ET_AL__2016 href=https://ui.adsabs.harvard.edu/abs/2016ApJ...817L..20W/abstract target=ref>Wright et al. 2016</a>",2.69000000,,,0,"<a refstr=CALCULATED_VALUE href=/docs/pscp_calc.html target=_blank>Calculated Value</a>",7.70000000,1.12000000,-1.06000000,0,"<a refstr=ASTUDILLO_DEFRU_ET_AL__2017 href=https://ui.adsabs.harvard.edu/abs/2017A&A...602A..88A/abstract target=ref>Astudillo-Defru et al. 2017</a>",2.170000,,,0,"<a refstr=CALCULATED_VALUE href=/docs/pscp_calc.html target=_blank>Calculated Value</a>",130.24,6.43,-6.43,0,"<a refstr=CALCULATED_VALUE href=/docs/pscp_calc.html target=_blank>Calculated Value</a>",0.0600,,,0,"<a refstr=ASTUDILLO_DEFRU_ET_AL__2017 href=https://ui.adsabs.harvard.edu/abs/2017A&A...602A..88A/abstract target=ref>Astudillo-Defru et al. 2017</a>",0.4700000000,0.0150000000,-0.0170000000,0,"<a refstr=ASTUDILLO_DEFRU_ET_AL__2017 href=https://ui.adsabs.harvard.edu/abs/2017A&A...602A..88A/abstract target=ref>Astudillo-Defru et al. 2017</a>",217.21000000000,0.55000000000,-0.52000000000,0,"<a refstr=ASTUDILLO_DEFRU_ET_AL__2017 href=https://ui.adsabs.harvard.edu/abs/2017A&A...602A..88A/abstract target=ref>Astudillo-Defru et al. 2017</a>",0.550000,0.080000,-0.090000,0,"<a refstr=ASTUDILLO_DEFRU_ET_AL__2017 href=https://ui.adsabs.harvard.edu/abs/2017A&A...602A..88A/abstract target=ref>Astudillo-Defru et al. 2017</a>",,,,,,,,,,,,,,,,,,,,,,,,,,,,,,,,,,,,2.23000,0.31000,-0.29000,0,"<a refstr=ASTUDILLO_DEFRU_ET_AL__2017 href=https://ui.adsabs.harvard.edu/abs/2017A&A...602A..88A/abstract target=ref>Astudillo-Defru et al. 2017</a>",,,,,,,,,,
"Wolf 1069","Wolf 1069 b","Msini",0,0,"Radial Velocity",2023,"Calar Alto Observatory","<a refstr=KOSSAKOWSKI_ET_AL__2023 href=https://ui.adsabs.harvard.edu/abs/2023A&A...670A..84K/abstract target=ref>Kossakowski et al. 2023</a>",1.08000000,,,0,"<a refstr=CALCULATED_VALUE href=/docs/pscp_calc.html target=_blank>Calculated Value</a>",1.26000000,0.21000000,-0.21000000,0,"<a refstr=KOSSAKOWSKI_ET_AL__2023 href=https://ui.adsabs.harvard.edu/abs/2023A&A...670A..84K/abstract target=ref>Kossakowski et al. 2023</a>",5.500000,,,0,"<a refstr=CALCULATED_VALUE href=/docs/pscp_calc.html target=_blank>Calculated Value</a>",250.10,6.60,-6.50,0,"<a refstr=KOSSAKOWSKI_ET_AL__2023 href=https://ui.adsabs.harvard.edu/abs/2023A&A...670A..84K/abstract target=ref>Kossakowski et al. 2023</a>",0.6520,0.0290,-0.0270,0,"<a refstr=KOSSAKOWSKI_ET_AL__2023 href=https://ui.adsabs.harvard.edu/abs/2023A&A...670A..84K/abstract target=ref>Kossakowski et al. 2023</a>",0.0672000000,0.0014000000,-0.0014000000,0,"<a refstr=KOSSAKOWSKI_ET_AL__2023 href=https://ui.adsabs.harvard.edu/abs/2023A&A...670A..84K/abstract target=ref>Kossakowski et al. 2023</a>",15.56400000000,0.01500000000,-0.01500000000,0,"<a refstr=KOSSAKOWSKI_ET_AL__2023 href=https://ui.adsabs.harvard.edu/abs/2023A&A...670A..84K/abstract target=ref>Kossakowski et al. 2023</a>",,,,,,,,,,,,,,,,,,,,,,,,,,,,,,,,,,,,,,,,,1.07000,0.17000,-0.17000,0,"<a refstr=KOSSAKOWSKI_ET_AL__2023 href=https://ui.adsabs.harvard.edu/abs/2023A&A...670A..84K/abstract target=ref>Kossakowski et al. 2023</a>",,,,,,,,,,
"YZ Cet","YZ Cet b","Msini",0,0,"Radial Velocity",2017,"La Silla Observatory","<a refstr=ASTUDILLO_DEFRU_ET_AL__2017 href=https://ui.adsabs.harvard.edu/abs/2017A&A...605L..11A/abstract target=ref>Astudillo-Defru et al. 2017</a>",0.91300000,,,0,"<a refstr=CALCULATED_VALUE href=/docs/pscp_calc.html target=_blank>Calculated Value</a>",0.70000000,0.09000000,-0.08000000,0,"<a refstr=STOCK_ET_AL__2020 href=https://ui.adsabs.harvard.edu/abs/2020A&A...636A.119S/abstract target=ref>Stock et al. 2020</a>",5.050000,,,0,"<a refstr=CALCULATED_VALUE href=/docs/pscp_calc.html target=_blank>Calculated Value</a>",471.20,2.20,-2.10,0,"<a refstr=STOCK_ET_AL__2020 href=https://ui.adsabs.harvard.edu/abs/2020A&A...636A.119S/abstract target=ref>Stock et al. 2020</a>",8.2100,0.1600,-0.1500,0,"<a refstr=STOCK_ET_AL__2020 href=https://ui.adsabs.harvard.edu/abs/2020A&A...636A.119S/abstract target=ref>Stock et al. 2020</a>",0.0163400000,0.0003500000,-0.0004100000,0,"<a refstr=STOCK_ET_AL__2020 href=https://ui.adsabs.harvard.edu/abs/2020A&A...636A.119S/abstract target=ref>Stock et al. 2020</a>",2.02087000000,0.00007000000,-0.00009000000,0,"<a refstr=STOCK_ET_AL__2020 href=https://ui.adsabs.harvard.edu/abs/2020A&A...636A.119S/abstract target=ref>Stock et al. 2020</a>",0.060000,0.060000,-0.040000,0,"<a refstr=STOCK_ET_AL__2020 href=https://ui.adsabs.harvard.edu/abs/2020A&A...636A.119S/abstract target=ref>Stock et al. 2020</a>",,,,,,,,,,,,,,,,,,,,,,,,,,,,,,,,,,,,1.31000,0.15000,-0.14000,0,"<a refstr=STOCK_ET_AL__2020 href=https://ui.adsabs.harvard.edu/abs/2020A&A...636A.119S/abstract target=ref>Stock et al. 2020</a>",,,,,,,,,,
"YZ Cet","YZ Cet c","Msini",0,0,"Radial Velocity",2017,"La Silla Observatory","<a refstr=ASTUDILLO_DEFRU_ET_AL__2017 href=https://ui.adsabs.harvard.edu/abs/2017A&A...605L..11A/abstract target=ref>Astudillo-Defru et al. 2017</a>",1.05000000,,,0,"<a refstr=CALCULATED_VALUE href=/docs/pscp_calc.html target=_blank>Calculated Value</a>",1.14000000,0.11000000,-0.10000000,0,"<a refstr=STOCK_ET_AL__2020 href=https://ui.adsabs.harvard.edu/abs/2020A&A...636A.119S/abstract target=ref>Stock et al. 2020</a>",5.410000,,,0,"<a refstr=CALCULATED_VALUE href=/docs/pscp_calc.html target=_blank>Calculated Value</a>",410.30,2.00,-1.90,0,"<a refstr=STOCK_ET_AL__2020 href=https://ui.adsabs.harvard.edu/abs/2020A&A...636A.119S/abstract target=ref>Stock et al. 2020</a>",4.7200,0.0900,-0.0900,0,"<a refstr=STOCK_ET_AL__2020 href=https://ui.adsabs.harvard.edu/abs/2020A&A...636A.119S/abstract target=ref>Stock et al. 2020</a>",0.0215600000,0.0004600000,-0.0005400000,0,"<a refstr=STOCK_ET_AL__2020 href=https://ui.adsabs.harvard.edu/abs/2020A&A...636A.119S/abstract target=ref>Stock et al. 2020</a>",3.05989000000,0.00010000000,-0.00010000000,0,"<a refstr=STOCK_ET_AL__2020 href=https://ui.adsabs.harvard.edu/abs/2020A&A...636A.119S/abstract target=ref>Stock et al. 2020</a>",0.000000,,,0,"<a refstr=STOCK_ET_AL__2020 href=https://ui.adsabs.harvard.edu/abs/2020A&A...636A.119S/abstract target=ref>Stock et al. 2020</a>",,,,,,,,,,,,,,,,,,,,,,,,,,,,,,,,,,,,1.84000,0.14000,-0.15000,0,"<a refstr=STOCK_ET_AL__2020 href=https://ui.adsabs.harvard.edu/abs/2020A&A...636A.119S/abstract target=ref>Stock et al. 2020</a>",,,,,,,,,,
"YZ Cet","YZ Cet d","Msini",0,0,"Radial Velocity",2017,"La Silla Observatory","<a refstr=ASTUDILLO_DEFRU_ET_AL__2017 href=https://ui.adsabs.harvard.edu/abs/2017A&A...605L..11A/abstract target=ref>Astudillo-Defru et al. 2017</a>",1.03000000,,,0,"<a refstr=CALCULATED_VALUE href=/docs/pscp_calc.html target=_blank>Calculated Value</a>",1.09000000,0.12000000,-0.12000000,0,"<a refstr=STOCK_ET_AL__2020 href=https://ui.adsabs.harvard.edu/abs/2020A&A...636A.119S/abstract target=ref>Stock et al. 2020</a>",5.480000,,,0,"<a refstr=CALCULATED_VALUE href=/docs/pscp_calc.html target=_blank>Calculated Value</a>",356.70,1.70,-1.60,0,"<a refstr=STOCK_ET_AL__2020 href=https://ui.adsabs.harvard.edu/abs/2020A&A...636A.119S/abstract target=ref>Stock et al. 2020</a>",2.7000,0.0500,-0.0500,0,"<a refstr=STOCK_ET_AL__2020 href=https://ui.adsabs.harvard.edu/abs/2020A&A...636A.119S/abstract target=ref>Stock et al. 2020</a>",0.0285100000,0.0006100000,-0.0007100000,0,"<a refstr=STOCK_ET_AL__2020 href=https://ui.adsabs.harvard.edu/abs/2020A&A...636A.119S/abstract target=ref>Stock et al. 2020</a>",4.65626000000,0.00028000000,-0.00029000000,0,"<a refstr=STOCK_ET_AL__2020 href=https://ui.adsabs.harvard.edu/abs/2020A&A...636A.119S/abstract target=ref>Stock et al. 2020</a>",0.070000,0.040000,-0.050000,0,"<a refstr=STOCK_ET_AL__2020 href=https://ui.adsabs.harvard.edu/abs/2020A&A...636A.119S/abstract target=ref>Stock et al. 2020</a>",,,,,,,,,,,,,,,,,,,,,,,,,,,,,,,,,,,,1.54000,0.14000,-0.15000,0,"<a refstr=STOCK_ET_AL__2020 href=https://ui.adsabs.harvard.edu/abs/2020A&A...636A.119S/abstract target=ref>Stock et al. 2020</a>",,,,,,,,,,
"eps Eri","eps Eri b","Mass",0,0,"Radial Velocity",2000,"Multiple Observatories","<a refstr=HATZES_ET_AL__2000 href=https://ui.adsabs.harvard.edu/abs/2000ApJ...544L.145H/abstract target=ref> Hatzes et al. 2000 </a>",13.80000000,,,0,"<a refstr=CALCULATED_VALUE href=/docs/pscp_calc.html target=_blank>Calculated Value</a>",317.82840700,31.78284070,-31.78284070,0,"<a refstr=THOMPSON_ET_AL_2025 href=https://ui.adsabs.harvard.edu/abs/2025AJ....170..301T/abstract target=ref>Thompson et al. 2025</a>",0.665000,,,0,"<a refstr=CALCULATED_VALUE href=/docs/pscp_calc.html target=_blank>Calculated Value</a>",112.26,1.68,-1.68,0,"<a refstr=CALCULATED_VALUE href=/docs/pscp_calc.html target=_blank>Calculated Value</a>",0.0306,0.0007,-0.0007,0,"<a refstr=CALCULATED_VALUE href=/docs/pscp_calc.html target=_blank>Calculated Value</a>",3.5300000000,0.0400000000,-0.0400000000,0,"<a refstr=THOMPSON_ET_AL_2025 href=https://ui.adsabs.harvard.edu/abs/2025AJ....170..301T/abstract target=ref>Thompson et al. 2025</a>",2680.00000000000,30.00000000000,-30.00000000000,0,"<a refstr=THOMPSON_ET_AL_2025 href=https://ui.adsabs.harvard.edu/abs/2025AJ....170..301T/abstract target=ref>Thompson et al. 2025</a>",0.060000,0.060000,-0.040000,0,"<a refstr=THOMPSON_ET_AL_2025 href=https://ui.adsabs.harvard.edu/abs/2025AJ....170..301T/abstract target=ref>Thompson et al. 2025</a>",40.00000,6.00000,-5.00000,0,"<a refstr=THOMPSON_ET_AL_2025 href=https://ui.adsabs.harvard.edu/abs/2025AJ....170..301T/abstract target=ref>Thompson et al. 2025</a>",,,,,,,,,,,,,,,,,,,,,,,,,,,,,,,18.50000,0.20000,-0.20000,0,"<a refstr=BENEDICT_ET_AL__2006 href=https://ui.adsabs.harvard.edu/abs/2006AJ....132.2206B/abstract target=ref> Benedict et al. 2006 </a>",,,,,,,,,,
"eps Ind A","eps Ind A b","Mass",0,0,"Radial Velocity",2019,"La Silla Observatory","<a refstr=FENG_ET_AL__2019 href=https://ui.adsabs.harvard.edu/abs/2019MNRAS.490.5002F/abstract target=ref>Feng et al. 2019</a>",12.70000000,,,0,"<a refstr=CALCULATED_VALUE href=/docs/pscp_calc.html target=_blank>Calculated Value</a>",2065.88464550,228.83645304,-187.51876013,0,"<a refstr=SANGHI_ET_AL_2026 href=https://ui.adsabs.harvard.edu/abs/2026AJ....172..115S/abstract target=ref>Sanghi et al. 2026</a>",5.540000,,,0,"<a refstr=CALCULATED_VALUE href=/docs/pscp_calc.html target=_blank>Calculated Value</a>",275.00,,,0,"<a refstr=MATTHEWS_ET_AL__2024 href=https://ui.adsabs.harvard.edu/abs/2024Natur.633..789M/abstract target=ref>Matthews et al. 2024</a>",0.0010,0.0002,-0.0002,0,"<a refstr=CALCULATED_VALUE href=/docs/pscp_calc.html target=_blank>Calculated Value</a>",15.7600000000,1.7300000000,-1.3900000000,0,"<a refstr=SANGHI_ET_AL_2026 href=https://ui.adsabs.harvard.edu/abs/2026AJ....172..115S/abstract target=ref>Sanghi et al. 2026</a>",25450.00000000000,4387.00000000000,-3302.00000000000,0,"<a refstr=SANGHI_ET_AL_2026 href=https://ui.adsabs.harvard.edu/abs/2026AJ....172..115S/abstract target=ref>Sanghi et al. 2026</a>",0.250000,0.090000,-0.090000,0,"<a refstr=SANGHI_ET_AL_2026 href=https://ui.adsabs.harvard.edu/abs/2026AJ....172..115S/abstract target=ref>Sanghi et al. 2026</a>",102.18000,1.72000,-1.67000,0,"<a refstr=SANGHI_ET_AL_2026 href=https://ui.adsabs.harvard.edu/abs/2026AJ....172..115S/abstract target=ref>Sanghi et al. 2026</a>",,,,,,,,,,,,,,,,,,,,,,,,,,,,,,,29.22000,5.45000,-6.07000,0,"<a refstr=FENG_ET_AL__2019 href=https://ui.adsabs.harvard.edu/abs/2019MNRAS.490.5002F/abstract target=ref>Feng et al. 2019</a>",,,,,,,,,,
"gam Cep","gam Cep b","Mass",0,0,"Radial Velocity",2003,"Multiple Observatories","<a refstr=HATZES_ET_AL__2003 href=https://ui.adsabs.harvard.edu/abs/2003ApJ...599.1383H/abstract target=ref> Hatzes et al. 2003 </a>",12.50000000,,,0,"<a refstr=CALCULATED_VALUE href=/docs/pscp_calc.html target=_blank>Calculated Value</a>",2987.58702580,222.47988490,-349.61124770,0,"<a refstr=BENEDICT_ET_AL__2018 href=https://ui.adsabs.harvard.edu/abs/2018RNAAS...2....7B/abstract target=ref>Benedict et al. 2018</a>",8.410000,,,0,"<a refstr=CALCULATED_VALUE href=/docs/pscp_calc.html target=_blank>Calculated Value</a>",356.44,3.75,-3.75,0,"<a refstr=CALCULATED_VALUE href=/docs/pscp_calc.html target=_blank>Calculated Value</a>",3.0238,0.0351,-0.0351,0,"<a refstr=CALCULATED_VALUE href=/docs/pscp_calc.html target=_blank>Calculated Value</a>",1.9780000000,0.0070000000,-0.0070000000,0,"<a refstr=VAN_ZANDT_ET_AL_2026 href=https://ui.adsabs.harvard.edu/abs/2026arXiv260830030V/abstract target=ref>Van Zandt et al. 2026</a>",904.00000000000,0.70000000000,-0.70000000000,0,"<a refstr=VAN_ZANDT_ET_AL_2026 href=https://ui.adsabs.harvard.edu/abs/2026arXiv260830030V/abstract target=ref>Van Zandt et al. 2026</a>",0.070000,0.030000,-0.030000,0,"<a refstr=VAN_ZANDT_ET_AL_2026 href=https://ui.adsabs.harvard.edu/abs/2026arXiv260830030V/abstract target=ref>Van Zandt et al. 2026</a>",90.00000,40.00000,-40.00000,0,"<a refstr=VAN_ZANDT_ET_AL_2026 href=https://ui.adsabs.harvard.edu/abs/2026arXiv260830030V/abstract target=ref>Van Zandt et al. 2026</a>",,,,,,,,,,,,,,,,,,,,,,,,,,,,,,,31.10000,0.97000,-0.97000,0,"<a refstr=ENDL_ET_AL__2011 href=https://ui.adsabs.harvard.edu/abs/2011AIPC.1331...88E/abstract target=ref> Endl et al. 2011 </a>",,,,,,,,,,
"tau Cet","tau Cet f","Msini",0,1,"Radial Velocity",2017,"Multiple Observatories","<a refstr=FENG_ET_AL__2017 href=https://ui.adsabs.harvard.edu/abs/2017AJ....154..135F/abstract target=ref>Feng et al. 2017</a>",1.81000000,,,0,"<a refstr=CALCULATED_VALUE href=/docs/pscp_calc.html target=_blank>Calculated Value</a>",3.93000000,1.05000000,-1.37000000,0,"<a refstr=FENG_ET_AL__2017 href=https://ui.adsabs.harvard.edu/abs/2017AJ....154..135F/abstract target=ref>Feng et al. 2017</a>",3.640000,,,0,"<a refstr=CALCULATED_VALUE href=/docs/pscp_calc.html target=_blank>Calculated Value</a>",201.97,3.42,-3.42,0,"<a refstr=CALCULATED_VALUE href=/docs/pscp_calc.html target=_blank>Calculated Value</a>",0.2782,0.0128,-0.0128,0,"<a refstr=CALCULATED_VALUE href=/docs/pscp_calc.html target=_blank>Calculated Value</a>",1.3340000000,0.0170000000,-0.0440000000,0,"<a refstr=FENG_ET_AL__2017 href=https://ui.adsabs.harvard.edu/abs/2017AJ....154..135F/abstract target=ref>Feng et al. 2017</a>",636.13000000000,11.70000000000,-47.69000000000,0,"<a refstr=FENG_ET_AL__2017 href=https://ui.adsabs.harvard.edu/abs/2017AJ....154..135F/abstract target=ref>Feng et al. 2017</a>",0.160000,0.070000,-0.160000,0,"<a refstr=FENG_ET_AL__2017 href=https://ui.adsabs.harvard.edu/abs/2017AJ....154..135F/abstract target=ref>Feng et al. 2017</a>",,,,,,,,,,,,,,,,,,,,,,,,,,,,,,,,,,,,0.35000,0.10000,-0.12000,0,"<a refstr=FENG_ET_AL__2017 href=https://ui.adsabs.harvard.edu/abs/2017AJ....154..135F/abstract target=ref>Feng et al. 2017</a>",,,,,,,,,,
"tau Cet","tau Cet g","Msini",0,1,"Radial Velocity",2017,"Multiple Observatories","<a refstr=FENG_ET_AL__2017 href=https://ui.adsabs.harvard.edu/abs/2017AJ....154..135F/abstract target=ref>Feng et al. 2017</a>",1.18000000,,,0,"<a refstr=CALCULATED_VALUE href=/docs/pscp_calc.html target=_blank>Calculated Value</a>",1.75000000,0.25000000,-0.40000000,0,"<a refstr=FENG_ET_AL__2017 href=https://ui.adsabs.harvard.edu/abs/2017AJ....154..135F/abstract target=ref>Feng et al. 2017</a>",5.850000,,,0,"<a refstr=CALCULATED_VALUE href=/docs/pscp_calc.html target=_blank>Calculated Value</a>",639.65,8.75,-8.75,0,"<a refstr=CALCULATED_VALUE href=/docs/pscp_calc.html target=_blank>Calculated Value</a>",27.9835,0.6536,-0.6536,0,"<a refstr=CALCULATED_VALUE href=/docs/pscp_calc.html target=_blank>Calculated Value</a>",0.1330000000,0.0010000000,-0.0020000000,0,"<a refstr=FENG_ET_AL__2017 href=https://ui.adsabs.harvard.edu/abs/2017AJ....154..135F/abstract target=ref>Feng et al. 2017</a>",20.00000000000,0.02000000000,-0.01000000000,0,"<a refstr=FENG_ET_AL__2017 href=https://ui.adsabs.harvard.edu/abs/2017AJ....154..135F/abstract target=ref>Feng et al. 2017</a>",0.060000,0.130000,-0.060000,0,"<a refstr=FENG_ET_AL__2017 href=https://ui.adsabs.harvard.edu/abs/2017AJ....154..135F/abstract target=ref>Feng et al. 2017</a>",,,,,,,,,,,,,,,,,,,,,,,,,,,,,,,,,,,,0.49000,0.07000,-0.11000,0,"<a refstr=FENG_ET_AL__2017 href=https://ui.adsabs.harvard.edu/abs/2017AJ....154..135F/abstract target=ref>Feng et al. 2017</a>",,,,,,,,,,
"tau Cet","tau Cet h","Msini",0,1,"Radial Velocity",2017,"Multiple Observatories","<a refstr=FENG_ET_AL__2017 href=https://ui.adsabs.harvard.edu/abs/2017AJ....154..135F/abstract target=ref>Feng et al. 2017</a>",1.19000000,,,0,"<a refstr=CALCULATED_VALUE href=/docs/pscp_calc.html target=_blank>Calculated Value</a>",1.83000000,0.68000000,-0.26000000,0,"<a refstr=FENG_ET_AL__2017 href=https://ui.adsabs.harvard.edu/abs/2017AJ....154..135F/abstract target=ref>Feng et al. 2017</a>",5.970000,,,0,"<a refstr=CALCULATED_VALUE href=/docs/pscp_calc.html target=_blank>Calculated Value</a>",473.22,6.58,-6.58,0,"<a refstr=CALCULATED_VALUE href=/docs/pscp_calc.html target=_blank>Calculated Value</a>",8.3829,0.2131,-0.2131,0,"<a refstr=CALCULATED_VALUE href=/docs/pscp_calc.html target=_blank>Calculated Value</a>",0.2430000000,0.0030000000,-0.0030000000,0,"<a refstr=FENG_ET_AL__2017 href=https://ui.adsabs.harvard.edu/abs/2017AJ....154..135F/abstract target=ref>Feng et al. 2017</a>",49.41000000000,0.08000000000,-0.10000000000,0,"<a refstr=FENG_ET_AL__2017 href=https://ui.adsabs.harvard.edu/abs/2017AJ....154..135F/abstract target=ref>Feng et al. 2017</a>",0.230000,0.160000,-0.150000,0,"<a refstr=FENG_ET_AL__2017 href=https://ui.adsabs.harvard.edu/abs/2017AJ....154..135F/abstract target=ref>Feng et al. 2017</a>",,,,,,,,,,,,,,,,,,,,,,,,,,,,,,,,,,,,0.39000,0.15000,-0.06000,0,"<a refstr=FENG_ET_AL__2017 href=https://ui.adsabs.harvard.edu/abs/2017AJ....154..135F/abstract target=ref>Feng et al. 2017</a>",,,,,,,,,,
"ups And","ups And b","Msini",0,0,"Radial Velocity",1996,"Lick Observatory","<a refstr=BUTLER_ET_AL__1997 href=https://ui.adsabs.harvard.edu/abs/1997ApJ...474L.115B/abstract target=ref> Butler et al. 1997 </a>",14.00000000,,,0,"<a refstr=CALCULATED_VALUE href=/docs/pscp_calc.html target=_blank>Calculated Value</a>",218.53100000,1.39839000,-1.39839000,0,"<a refstr=CURIEL_ET_AL__2011 href=https://ui.adsabs.harvard.edu/abs/2011A&A...525A..78C/abstract target=ref> Curiel et al. 2011 </a>",0.438000,,,0,"<a refstr=CALCULATED_VALUE href=/docs/pscp_calc.html target=_blank>Calculated Value</a>",1523.73,,,0,"<a refstr=CALCULATED_VALUE href=/docs/pscp_calc.html target=_blank>Calculated Value</a>",955.9835,33.8627,-33.8627,0,"<a refstr=CALCULATED_VALUE href=/docs/pscp_calc.html target=_blank>Calculated Value</a>",0.0592216600,0.0000002000,-0.0000002000,0,"<a refstr=CURIEL_ET_AL__2011 href=https://ui.adsabs.harvard.edu/abs/2011A&A...525A..78C/abstract target=ref> Curiel et al. 2011 </a>",4.61703300000,0.00002300000,-0.00002300000,0,"<a refstr=CURIEL_ET_AL__2011 href=https://ui.adsabs.harvard.edu/abs/2011A&A...525A..78C/abstract target=ref> Curiel et al. 2011 </a>",0.021500,0.000700,-0.000700,0,"<a refstr=CURIEL_ET_AL__2011 href=https://ui.adsabs.harvard.edu/abs/2011A&A...525A..78C/abstract target=ref> Curiel et al. 2011 </a>",,,,,,,,,,,,,,,,,,,,,,,,,,,,,,,,,,,,70.51000,0.45000,-0.45000,0,"<a refstr=CURIEL_ET_AL__2011 href=https://ui.adsabs.harvard.edu/abs/2011A&A...525A..78C/abstract target=ref> Curiel et al. 2011 </a>",,,,,,,,,,
"ups And","ups And c","Mass",0,0,"Radial Velocity",1999,"Multiple Observatories","<a refstr=BUTLER_ET_AL__1999 href=https://ui.adsabs.harvard.edu/abs/1999ApJ...526..916B/abstract target=ref> Butler et al. 1999 </a>",12.30000000,,,0,"<a refstr=CALCULATED_VALUE href=/docs/pscp_calc.html target=_blank>Calculated Value</a>",4443.24112986,731.00533610,-1684.49055710,0,"<a refstr=MCARTHUR_ET_AL__2010 href=https://ui.adsabs.harvard.edu/abs/2010ApJ...715.1203M/abstract target=ref>McArthur et al. 2010</a>",13.100000,,,0,"<a refstr=CALCULATED_VALUE href=/docs/pscp_calc.html target=_blank>Calculated Value</a>",407.56,,,0,"<a refstr=CALCULATED_VALUE href=/docs/pscp_calc.html target=_blank>Calculated Value</a>",4.8931,0.1733,-0.1733,0,"<a refstr=CALCULATED_VALUE href=/docs/pscp_calc.html target=_blank>Calculated Value</a>",0.8277740000,0.0000150000,-0.0000150000,0,"<a refstr=CURIEL_ET_AL__2011 href=https://ui.adsabs.harvard.edu/abs/2011A&A...525A..78C/abstract target=ref> Curiel et al. 2011 </a>",241.25800000000,0.06400000000,-0.06400000000,0,"<a refstr=CURIEL_ET_AL__2011 href=https://ui.adsabs.harvard.edu/abs/2011A&A...525A..78C/abstract target=ref> Curiel et al. 2011 </a>",0.259600,0.007900,-0.007900,0,"<a refstr=CURIEL_ET_AL__2011 href=https://ui.adsabs.harvard.edu/abs/2011A&A...525A..78C/abstract target=ref> Curiel et al. 2011 </a>",,,,,,,,,,,,,,,,,,,,,,,,,,,,,,,,,,,,68.14000,0.45000,-0.45000,0,"<a refstr=CURIEL_ET_AL__2011 href=https://ui.adsabs.harvard.edu/abs/2011A&A...525A..78C/abstract target=ref> Curiel et al. 2011 </a>",,,,,,,,,,
"ups And","ups And d","Mass",0,0,"Radial Velocity",1999,"Multiple Observatories","<a refstr=BUTLER_ET_AL__1999 href=https://ui.adsabs.harvard.edu/abs/1999ApJ...526..916B/abstract target=ref> Butler et al. 1999 </a>",12.50000000,,,0,"<a refstr=CALCULATED_VALUE href=/docs/pscp_calc.html target=_blank>Calculated Value</a>",3257.74117175,222.47988490,-1048.83374310,0,"<a refstr=MCARTHUR_ET_AL__2010 href=https://ui.adsabs.harvard.edu/abs/2010ApJ...715.1203M/abstract target=ref>McArthur et al. 2010</a>",9.170000,,,0,"<a refstr=CALCULATED_VALUE href=/docs/pscp_calc.html target=_blank>Calculated Value</a>",233.90,,,0,"<a refstr=CALCULATED_VALUE href=/docs/pscp_calc.html target=_blank>Calculated Value</a>",0.5308,0.0188,-0.0188,0,"<a refstr=CALCULATED_VALUE href=/docs/pscp_calc.html target=_blank>Calculated Value</a>",2.5132900000,0.0007500000,-0.0007500000,0,"<a refstr=CURIEL_ET_AL__2011 href=https://ui.adsabs.harvard.edu/abs/2011A&A...525A..78C/abstract target=ref> Curiel et al. 2011 </a>",1276.46000000000,0.57000000000,-0.57000000000,0,"<a refstr=CURIEL_ET_AL__2011 href=https://ui.adsabs.harvard.edu/abs/2011A&A...525A..78C/abstract target=ref> Curiel et al. 2011 </a>",0.298700,0.007200,-0.007200,0,"<a refstr=CURIEL_ET_AL__2011 href=https://ui.adsabs.harvard.edu/abs/2011A&A...525A..78C/abstract target=ref> Curiel et al. 2011 </a>",,,,,,,,,,,,,,,,,,,,,,,,,,,,,,,,,,,,56.26000,0.52000,-0.52000,0,"<a refstr=CURIEL_ET_AL__2011 href=https://ui.adsabs.harvard.edu/abs/2011A&A...525A..78C/abstract target=ref> Curiel et al. 2011 </a>",,,,,,,,,,
