name,name_simbadable,ref_discovery,ra_j2000_formula,dec_j2000_formula,source_j2000_formula,glon_j2000,glat_j2000,literature_flag,ref_literature_flag,exoplanet,multiplesystem_unresolved_in_this_table,multiplesystem_resolved_in_this_table,has_higher_mass_companion,sep_companion,youth_evidence,age_category,age_category_justification,age_singlevalue_gyr_formula,age_distribution_gyr_formula,designation_P1_formula,ra_j2000_P1,dec_j2000_P1,ra_epoch_P1,dec_epoch_P1,epoch_mjd_P1,ref_radec_P1,g_P1,gerr_P1,g_nphot_P1,g_src_P1,ref_g_P1,r_P1,rerr_P1,r_nphot_P1,r_src_P1,ref_r_P1,i_P1,ierr_P1,i_nphot_P1,i_src_P1,ref_i_P1,z_P1,zerr_P1,z_nphot_P1,z_src_P1,ref_z_P1,y_P1,yerr_P1,y_nphot_P1,y_src_P1,ref_y_P1,BP_Gaia,BPerr_Gaia,G_Gaia,Gerr_Gaia,RP_Gaia,RPerr_Gaia,ref_photom_Gaia,designation_2mass,ra_epoch_2mass,dec_epoch_2mass,epoch_2mass,J_2MASS,Jerr_2MASS,ref_J_2MASS,H_2MASS,Herr_2MASS,ref_H_2MASS,Ks_2MASS,Kserr_2MASS,ref_Ks_2MASS,Cflg_2MASS,designation_MKO,Y_MKO,Yerr_MKO,ref_Y_MKO,J_MKO,Jerr_MKO,ref_J_MKO,H_MKO,Herr_MKO,ref_H_MKO,K_MKO,Kerr_MKO,ref_K_MKO,Lp_MKO,Lperr_MKO,ref_Lp_MKO,Mp_MKO,Mperr_MKO,ref_Mp_MKO,designation_WISE,ra_j2000_WISE,dec_j2000_WISE,ra_epoch_WISE,dec_epoch_WISE,ref_astrom_WISE,W1,W1err,chi2_W1,ref_W1,W2,W2err,chi2_W2,ref_W2,W3,W3err,chi2_W3,ref_W3,W4,W4err,chi2_W4,ref_W4,flag_WISE,nb_AllWISE,neigh_AllWISE,ch1,ch1err,ch2,ch2err,ref_Spitzer,plx_formula,plxerr_formula,ref_plx_formula,pmra_formula,pmraerr_formula,pmdec_formula,pmdecerr_formula,ref_pm_formula,rv_formula,rverr_formula,ref_rv_formula,plx_lit,plxerr_lit,ref_plx_lit,pmra_lit,pmraerr_lit,pmdec_lit,pmdecerr_lit,pm_lit,pmerr_lit,angle_lit,angleerr_lit,ref_pm_lit,rv_lit,rverr_lit,ref_rv_lit,plx_UKIRT,plxerr_UKIRT,pmra_UKIRT,pmraerr_UKIRT,pmdec_UKIRT,pmdecerr_UKIRT,ref_plx_UKIRT,astrom_Gaia,ra_j2000_Gaia,dec_J2000_Gaia,ra_epoch_Gaia,dec_epoch_Gaia,plx_Gaia,plxerr_Gaia,pmra_Gaia,pmraerr_Gaia,pmdec_Gaia,pmdecerr_Gaia,RUWE_Gaia,nep_Gaia,rv_Gaia,rverr_Gaia,flags_Gaia,sourceID_Gaia_DR3,sourceID_Gaia_DR2,pmra_P1,pmraerr_P1,pmdec_P1,pmdecerr_P1,ref_pm_P1,pmra_catwise,pmraerr_catwise,pmdec_catwise,pmdecerr_catwise,grav_opt,ref_grav_opt,grav_ir,ref_grav_ir,spt_opt,ref_spt_opt,spt_ir,ref_spt_ir,sptnum_opt_formula,sptnum_ir_formula,sptnum_formula,sptnumabs_formula,dist_plx_formula,disterr_plx_formula,sptnum_photdist_formula,dist_J_2MASS_formula,disterr_J_2MASS_formula,dist_J_MKO_formula,disterr_J_MKO_formula,dist_Ks_2MASS_formula,disterr_Ks_2MASS_formula,dist_K_MKO_formula,disterr_K_MKO_formula,dist_W2_formula,disterr_W2_formula,dist_formula,disterr_formula,dist_formula_source,note,Best21_vollim_sample,Best24_vollim_sample,name_simbad,ra_j2000_simbad,dec_j2000_simbad,ref_radec_j2000_simbad,pmra_simbad,pmraerr_simbad,pmdec_simbad,pmdecerr_simbad,ref_pm_simbad,plx_simbad,plxerr_simbad,ref_plx_simbad,identifiers_simbad,firstref_simbad,pmra_P1_PV34,pmraerr_P1_PV34,pmdec_P1_PV34,pmdecerr_P1_PV34,ref_pm_P1_PV34,banyan_sigma_results,banyan_sigma_max_hypo_young,banyan_sigma_max_prob_young,banyan_sigma_input_params,name_simpleDB,url_simpleDB,ra_20250703_formula,dec_20250703_formula,source_radec_20250703_formula,gucds_shortname
2MASS J00345157+0523050,2MASS J00345157+0523050,Burg04b,8.7144,5.3846,PS1,115.2893,-57.2408,null,null,N,N,N,N,NaN,N,Field,UCS+BANYAN,2.5,2.5(+4.3/-2),PSO J008.7169+05.3852,8.7144,5.3846,8.7169,5.3853,55705.43,Magn20,NaN,NaN,NaN,null,null,NaN,NaN,NaN,null,null,NaN,NaN,NaN,null,null,19.9768,0.0243,6,C,Cham16,18.1033,0.0095,7,C,Cham16,NaN,NaN,NaN,NaN,NaN,NaN,null,2MASS J00345157+0523050,8.714904,5.384749,2000-09-01,15.535,0.045,Cutr03,15.443,0.082,Cutr03,15.840,0.030,Dupu12,000,ULAS J003451.98+052306.8,16.213,0.007,Lawr12,15.140,0.004,Lawr12,15.576,0.010,Lawr12,16.073,0.026,Lawr12,13.30,0.04,Legg07,12.66,0.10,Legg07,CWISE J003452.33+052308.2,8.7145857,5.3845945,8.7177365,5.3855164,Maro21,15.174,0.026,0.836,Maro21,12.666,0.015,1.100,Maro21,11.780,0.313,0.854,Cutr13,8.867,NaN,1.100,Cutr13,0000,1,0,14.10,0.02,12.58,0.02,Kirk19,118.8,2.7,Kirk21,673.6,1.3,178.2,1.5,Kirk21,NaN,NaN,null,118.80,2.70,Kirk21,673.60,1.30,178.20,1.50,696.77,1.31,75.18,0.12,Kirk21,NaN,NaN,null,NaN,NaN,NaN,NaN,NaN,NaN,null,null,NaN,NaN,NaN,NaN,NaN,NaN,NaN,NaN,NaN,NaN,NaN,NaN,NaN,NaN,null,null,null,676.9,4.2,178.7,2.3,Best18,733.3,7.3,215.5,5.5,null,null,null,null,null,null,T6.5,Burg06b,NaN,26.5,26.5,26.5,8.42,0.19,26.5,11.1,2.1,10.5,2.1,12.5,3.3,13.2,3.2,8.4,1.2,8.42,0.19,dist_plx_formula,Target for NPARSEC program (Smar13).,Y,Y,2MASS J00345157+0523050,8.7149040,5.3847490,Cutr03,658.800,6.200,181.000,6.000,Fahe12,105.4000,7.5000,Fahe12,2MASS J00345157+0523050|TIC 318708202|ULAS J003451.98+052306.8|WISEA J003452.03+052306.9|WISE J003452.02+052307.0,Burg04b,813.51,56.12,199.84,30.80,Magn20,FIELD (98.0%); ARG (2.0%),ARG,0.020,pm+trig-plx,2MASS J00345157+0523050,https://simple-bd-archive.org/solo_result/2MASS%20J00345157%2B0523050,8.7191,5.3859,PS1;Kirk21,J0034+0523
WISEP J004701.06+680352.1,2MASS J00470038+6803543,Gizi12,11.7517,68.0651,PS1,122.5164,5.1971,ABDor;lowg;young,Gagn14a;Gizi15a;Liu_16,N,N,N,N,NaN,YMG;lowg,ABDMG,UCS+BANYAN,0.149,0.149(+0.051/-0.019),PSO J011.7550+68.0644,11.7517,68.0651,11.7550,68.0644,55842.23,Magn20,NaN,NaN,NaN,null,null,NaN,NaN,NaN,null,null,21.1559,0.1113,3,C,Cham16,19.0208,0.0268,10,C,Cham16,18.0290,0.0243,9,C,Cham16,NaN,NaN,NaN,NaN,NaN,NaN,null,2MASS J00470038+6803543,11.751611,68.065102,1999-11-15,15.604,0.068,Cutr03,13.968,0.029,Cutr03,13.053,0.029,Cutr03,000,null,16.799,0.085,Best21,15.485,0.068,Best21,14.042,0.029,Best21,13.008,0.029,Best21,NaN,NaN,null,NaN,NaN,null,CWISE J004701.44+680351.1,11.7514532,68.0650225,11.7560348,68.0641982,Maro21,11.768,0.010,2.130,Maro21,11.242,0.008,0.802,Maro21,10.154,0.057,0.940,Cutr13,8.247,NaN,0.901,Cutr13,0000,1,0,11.47,0.01,NaN,NaN,Kirk21,82.3,1.8,Liu_16,380.7,1.1,-204.2,1.4,Liu_16,NaN,NaN,null,82.33,1.80,Liu_16,380.70,1.10,-204.20,1.40,432.01,1.17,118.21,0.18,Liu_16,NaN,NaN,null,NaN,NaN,NaN,NaN,NaN,NaN,null,null,NaN,NaN,NaN,NaN,NaN,NaN,NaN,NaN,NaN,NaN,NaN,NaN,NaN,NaN,null,null,null,381.2,1.7,-199.3,1.8,Best18,400.1,4.0,-192.7,3.4,null,null,INT-G,Gizi15a,L7 pec,Gizi15a,L7 INT-G,Gizi15a,17,17,17,17,12.15,0.27,17.0,18.9,5.6,17.7,5.2,14.4,4.0,13.6,3.6,10.6,2.7,12.15,0.27,dist_plx_formula,Member of AB Dor moving group (Gizi15a).,N,N,2MASS J00470038+6803543,11.7516110,68.0651020,Cutr03,380.700,1.100,-204.200,1.400,Liu_16,82.3000,1.8000,Liu_16,2MASS J00470038+6803543|TIC 368451406|WISEA J004701.09+680352.2|WISEP J004701.06+680352.1|WISE J004701.07+680352.1,Gizi12,380.36,14.20,-193.18,14.25,Magn20,ABDMG (99.7%); FIELD (0.3%),ABDMG,0.997,pm+trig-plx,2MASS J00470038+6803543,https://simple-bd-archive.org/solo_result/2MASS%20J00470038%2B6803543,11.7589,68.0636,PS1;Liu_16,J0047+6803
2MASS J00501994-3322402,2MASS J00501994-3322402,Tinn05b,12.5836,-33.3775,CatWISE,305.0476,-83.7462,null,null,N,N,N,N,NaN,N,Field,UCS+BANYAN,2.5,2.5(+4.3/-2),null,NaN,NaN,NaN,NaN,NaN,null,NaN,NaN,NaN,null,null,NaN,NaN,NaN,null,null,NaN,NaN,NaN,null,null,NaN,NaN,NaN,null,null,NaN,NaN,NaN,null,null,NaN,NaN,NaN,NaN,NaN,NaN,null,2MASS J00501994-3322402,12.583098,-33.377853,1998-11-14,15.928,0.070,Cutr03,15.838,0.185,Cutr03,15.241,0.185,Cutr03,000,null,16.850,0.100,Legg10a,15.650,0.100,Legg10a,16.040,0.100,Legg10a,15.910,0.100,Legg10a,NaN,NaN,null,NaN,NaN,null,CWISE J005021.62-332223.1,12.5835781,-33.3774758,12.5895560,-33.3734504,Maro21,15.573,0.018,0.845,Maro21,13.608,0.011,0.900,Maro21,11.835,0.243,0.971,Cutr13,8.793,NaN,0.972,Cutr13,0000,1,0,14.87,0.02,13.59,0.02,Kirk19,94.6,2.4,Dupu12,1150.5,2.2,939.1,2.1,Dupu12,NaN,NaN,null,94.60,2.40,Dupu12,1150.50,2.20,939.10,2.10,1485.11,2.16,50.78,0.08,Dupu12,NaN,NaN,null,NaN,NaN,NaN,NaN,NaN,NaN,null,null,NaN,NaN,NaN,NaN,NaN,NaN,NaN,NaN,NaN,NaN,NaN,NaN,NaN,NaN,null,null,null,NaN,NaN,NaN,NaN,null,1167.0,10.6,941.0,9.6,null,null,null,null,null,null,T7,Burg06b,NaN,27,27,27,10.57,0.27,27.0,11.5,2.1,11.3,2.3,8.1,2.2,10.1,2.5,12.0,1.8,10.57,0.27,dist_plx_formula,Target for NPARSEC program (Smar13).,N,N,2MASS J00501994-3322402,12.5830980,-33.3778530,Cutr03,1165.500,10.800,957.400,10.800,Schn16a,94.6000,2.4000,Tinn14,2MASS J00501994-3322402|TIC 66375433|WISEA J005021.05-332228.8|WISEP J005021.03-332229.2,Tinn05b,NaN,NaN,NaN,NaN,null,FIELD (99.9%),UCL,0.000,pm+trig-plx,2MASS J00501994-3322402,https://simple-bd-archive.org/solo_result/2MASS%20J00501994-3322402,12.5933,-33.3708,CatWISE;Dupu12,J0050-3322
2MASS J01443536-0716142,2MASS J01443536-0716142,Lieb03a,26.1475,-7.2706,Gaia23,157.7705,-66.4775,null,null,N,N,N,N,NaN,N,FLD-G,Sang23,2.98,2.98(+4.07/-2.08),PSO J026.1488-07.2713,26.1476,-7.2707,26.1489,-7.2713,56067.96,Magn20,NaN,NaN,NaN,null,null,21.6460,0.0762,6,C,Cham16,19.4686,0.0160,14,C,Cham16,17.6260,0.0055,13,C,Cham16,16.5290,0.0098,15,C,Cham16,21.6680,0.2678,19.6208,0.0047,18.0349,0.0180,Gaia23,2MASS J01443536-0716142,26.147349,-7.270621,1998-10-30,14.191,0.026,Cutr03,13.008,0.023,Cutr03,12.268,0.023,Cutr03,000,null,15.522,0.054,Best21,14.150,0.020,Best20,13.087,0.023,Best21,12.258,0.023,Best21,NaN,NaN,null,NaN,NaN,null,CWISE J014435.77-071617.4,26.1475257,-7.2706889,26.1491364,-7.2715196,Maro21,11.627,0.013,0.594,Maro21,11.370,0.009,0.886,Maro21,10.883,0.100,0.852,Cutr13,8.500,NaN,0.846,Cutr13,0000,1,0,11.32,0.01,11.38,0.02,Kirk21,78.5,0.5,Gaia23,382.3,0.6,-196.6,0.4,Gaia23,-2.55,0.1,Blak10,80.96,0.71,Dahn17,376.25,0.43,-190.88,0.67,421.90,0.30,116.90,0.10,Dahn17,-2.55,0.10,Blak10,81.7,3.7,372.3,4.2,-200.5,4.6,Best20,O,26.1475277,-7.2706442,26.1492405,-7.2715178,78.4978,0.4959,382.252,0.584,-196.609,0.406,1.089,18,NaN,NaN,null,2467182154313027712,2467182154313027712,384.3,3.7,-190.3,1.7,Best18,373.5,4.5,-194.2,4.1,null,null,FLD-G,Sang23,L5,Lieb03a,L5,Maro13,15,15,15,15,12.74,0.08,15.0,13.4,2.0,14.1,2.3,11.8,1.8,12.8,1.8,11.8,1.7,12.74,0.08,dist_plx_formula,Target for PARSEC program (Andr11a).,Y,Y,2MASS J01443536-0716142,26.1475269,-7.2706441,Gaia21a,382.252,0.584,-196.609,0.406,Gaia21a,78.4978,0.4959,Gaia21a,2MASS J01443536-0716142|2MASSI J0144353-071614|2MUCD 10088|TIC 10879316|WISEA J014435.67-071616.5|WISEP J014435.67-071616.3|[B2006] J014435.3-071614|EQ J0144-0716|Gaia DR3 2467182154313027712|Gaia DR2 2467182154313027712,Hall02d,376.25,4.35,-189.82,3.00,Magn20,FIELD (99.9%),UCL,0.000,pm+trig-plx+rv,2MASS J01443536-0716142,https://simple-bd-archive.org/solo_result/2MASS%20J01443536-0716142,26.1503,-7.2720,Gaia23,J0144-0716
2MASSI J0243137-245329,2MASSI J0243137-245329,Burg02a,40.8071,-24.8917,PS1,214.1734,-64.8349,null,null,N,N,N,N,NaN,N,Field,UCS+BANYAN,2.5,2.5(+4.3/-2),PSO J040.8060-24.8923,40.8071,-24.8917,40.8061,-24.8923,55967.52,Magn20,NaN,NaN,NaN,null,null,NaN,NaN,NaN,null,null,NaN,NaN,NaN,null,null,19.8251,0.0114,6,C,Cham16,17.9506,0.0209,10,C,Cham16,NaN,NaN,NaN,NaN,NaN,NaN,null,2MASS J02431371-2453298,40.807158,-24.891621,1998-11-12,15.381,0.050,Cutr03,15.137,0.168,Cutr03,15.216,0.168,Cutr03,000,null,16.130,0.060,Dupu12,15.130,0.030,Knap04,15.390,0.030,Knap04,15.340,0.030,Knap04,13.25,0.05,Legg07,13.27,0.16,Legg07,CWISE J024313.38-245332.8,40.8071073,-24.8916662,40.8057425,-24.8924995,Maro21,14.666,0.017,0.784,Maro21,12.968,0.010,1.080,Maro21,11.488,0.142,0.884,Cutr13,9.196,NaN,0.940,Cutr13,0000,1,0,13.95,0.02,12.98,0.02,Kirk19,94,4,Vrba04,-288,4,-207.5,2.9,Vrba04,NaN,NaN,null,93.62,3.63,Vrba04,-287.77,3.54,-207.54,2.92,354.80,4.10,234.20,0.33,Vrba04,NaN,NaN,null,NaN,NaN,NaN,NaN,NaN,NaN,null,null,NaN,NaN,NaN,NaN,NaN,NaN,NaN,NaN,NaN,NaN,NaN,NaN,NaN,NaN,null,null,null,-277.3,3.7,-201.4,4.5,Best18,-289.4,6.4,-194.8,6.2,null,null,null,null,T5.5,Pine16,T6,Burg06b,25.5,26,26,26,10.6,0.5,26.0,11.6,2.1,11.9,2.4,10.8,3.0,11.2,2.7,10.3,1.5,10.6,0.5,dist_plx_formula,Target for PARSEC program (Andr11a).,Y,Y,2MASSI J0243137-245329,40.8071580,-24.8916210,Cutr03,-288.000,4.000,-208.000,3.000,Fahe09,93.6200,3.6300,Fahe12,2MASS J02431371-2453298|2MASSI J0243137-245329|TIC 65415207|WISEA J024313.47-245332.1|WISEP J024313.48-245331.5|WISE J024313.47-245331.9|EQ J0243-2453,Zapa02c,-280.31,19.08,-193.97,19.08,Magn20,FIELD (99.9%),USCO,0.000,pm+trig-plx,2MASS J02431371-2453298,https://simple-bd-archive.org/solo_result/2MASS%20J02431371-2453298,40.8048,-24.8931,PS1;Vrba04,J0243-2453
2MASSI J0251148-035245,2MASS J02511490-0352459,Cruz03,42.8125,-3.8800,Gaia23,179.0944,-53.1496,null,null,N,N,N,N,NaN,N,Field,UCS+BANYAN,2.5,2.5(+4.3/-2),PSO J042.8158-03.8856,NaN,NaN,42.8159,-3.8856,55516.27,Magn20,NaN,NaN,NaN,null,null,19.8941,0.0077,2,C,Cham16,17.7025,0.0262,2,C,Cham16,16.0509,0.0011,2,C,Cham16,15.0629,0.0045,4,C,Cham16,21.6648,0.2412,18.0021,0.0038,16.4018,0.0061,Gaia23,2MASS J02511490-0352459,42.812119,-3.879427,1998-10-30,13.059,0.027,Cutr03,12.254,0.019,Cutr03,11.662,0.019,Cutr03,000,null,NaN,NaN,null,12.940,0.020,Best20,12.300,0.020,Best21,11.640,0.020,Best21,NaN,NaN,null,NaN,NaN,null,CWISE J025116.11-035315.7,42.8123904,-3.8799779,42.8172556,-3.8879320,Maro21,11.205,0.010,0.795,Maro21,10.887,0.008,0.726,Maro21,10.437,0.078,1.000,Cutr13,8.768,0.399,0.979,Cutr13,0000,1,0,10.88,0.01,10.87,0.02,Kirk21,86.29,0.19,Gaia23,1112.66,0.18,-1853.86,0.17,Gaia23,1.26,0.13,Blak10,90.62,3.02,Bart17,1100.74,1.68,-1846.51,1.23,2149.70,0.90,149.20,0.05,Bart17,1.26,0.13,Blak10,78.0,3.5,1104.0,3.5,-1847.1,4.2,Best20,O,42.8124962,-3.8800209,42.8174520,-3.8882602,86.2932,0.1886,1112.662,0.183,-1853.860,0.172,1.178,14,NaN,NaN,null,5185493447310441728,null,1114.8,1.8,-1853.3,1.6,Best18,1134.7,4.2,-1859.4,4.1,null,null,null,null,L3,Cruz03,L1,Wils03,13,11,13,13,11.589,0.026,13.0,11.6,1.7,12.2,2.0,11.6,1.8,13.0,1.8,11.5,0.8,11.589,0.026,dist_plx_formula,Near-IR spectrum from CorMASS (Wils03).,Y,Y,2MASS J02511490-0352459,42.8124955,-3.8800208,Gaia21a,1112.662,0.183,-1853.860,0.172,Gaia21a,86.2932,0.1886,Gaia21a,2MASS J02511490-0352459|2MASSI J0251148-035245|2MUCD 10151|SDSS J025115.51-035300.9|TIC 10934710|WISEA J025115.77-035307.6|WISE J025115.76-035307.0|[B2006] J025114.9-035245|Gaia DR3 5185493447310441728,Wils03,NaN,NaN,NaN,NaN,null,FIELD (99.9%),TAU,0.000,pm+trig-plx+rv,2MASS J02511490-0352459,https://simple-bd-archive.org/solo_result/2MASS%20J02511490-0352459,42.8204,-3.8932,Gaia23,J0251-0352
PSO J043.5395+02.3995,2MASS J02540788+0223563,Liu_11a;Scho11,43.5319,2.3989,CatWISE,172.8380,-48.2210,null,null,N,N,N,N,NaN,N,Field,UCS+BANYAN,2.5,2.5(+4.3/-2),PSO J043.5399+02.3996,NaN,NaN,43.5400,2.3996,55471.06,Magn20,NaN,NaN,NaN,null,null,NaN,NaN,NaN,null,null,NaN,NaN,NaN,null,null,20.8859,0.0297,2,C,Cham16,18.9564,0.0486,4,C,Cham16,NaN,NaN,NaN,NaN,NaN,NaN,null,2MASS J02540788+0223563,43.532860,2.398985,2000-09-21,16.557,0.156,Cutr03,15.884,NaN,Cutr03,16.006,NaN,Cutr03,000,ULAS J025409.58+022358.7,17.000,0.014,Lawr12,15.916,0.009,WFAU19,16.292,0.021,Lawr12,16.732,0.052,WFAU19,NaN,NaN,null,NaN,NaN,null,CWISE J025410.57+022359.8,43.5318749,2.3989128,43.5433640,2.3998945,Maro21,15.750,0.036,0.778,Maro21,12.740,0.011,2.900,Maro21,11.357,0.139,0.956,Cutr13,9.275,NaN,1.100,Cutr13,0000,1,0,14.69,0.02,12.70,0.02,Kirk11,146.1,1.5,Kirk19,2562.6,0.2,221.9,1.3,Kirk19,NaN,NaN,null,146.10,1.50,Kirk19,2562.60,0.20,221.90,1.30,2572.20,0.10,85.05,0.03,Kirk19,NaN,NaN,null,NaN,NaN,NaN,NaN,NaN,NaN,null,null,NaN,NaN,NaN,NaN,NaN,NaN,NaN,NaN,NaN,NaN,NaN,NaN,NaN,NaN,null,null,null,2557.3,5.4,238.3,3.4,Best18,2683.4,12.9,229.5,15.0,null,null,null,null,null,null,T8,Liu_11a,NaN,28,28,28,6.84,0.07,28.0,10.0,2.0,8.1,1.6,7.9,NaN,9.0,2.2,6.8,1.0,6.84,0.07,dist_plx_formula,Target for NPARSEC program (Smar13). Published parallax 134.7±14.9 mas (Dupu13b).,Y,Y,2MASS J02540788+0223563,43.5328600,2.3989850,Cutr03,2578.000,42.000,309.000,50.000,Mars13,185.0000,42.0000,Mars13,2MASS J02540788+0223563|PSO J043.5395+02.3995|SDSS J025409.24+022358.2|TIC 368644998|ULAS J025409.58+022358.7|WISEA J025409.55+022358.5|WISEP J025409.45+022359.1|WISE J025409.51+022358.6|EQ J0254+0223,Kirk11,NaN,NaN,NaN,NaN,null,FIELD (99.9%),TAU,0.000,pm+trig-plx,2MASS J02540788+0223563,https://simple-bd-archive.org/solo_result/2MASS%20J02540788%2B0223563,43.5500,2.4005,CatWISE;Kirk19,null
2MASS J02572581-3105523,2MASS J02572581-3105523,Kirk08,44.3577,-31.0978,Gaia23,228.7508,-62.2900,null,null,N,N,N,N,NaN,N,Field,UCS+BANYAN,2.5,2.5(+4.3/-2),PSO J044.3600-31.0966,NaN,NaN,44.3601,-31.0967,55957.44,Magn20,NaN,NaN,NaN,null,null,NaN,NaN,NaN,null,null,20.2093,0.0299,2,C,Cham16,17.7649,0.0110,2,C,Cham16,NaN,NaN,NaN,null,null,21.3182,0.1360,19.9137,0.0039,18.2440,0.0156,Gaia23,2MASS J02572581-3105523,44.357577,-31.097872,1999-07-26,14.672,0.039,Cutr03,13.518,0.032,Cutr03,12.876,0.032,Cutr03,000,VIKING J025726.41-310548.09,15.660,0.004,Edge16,14.593,0.039,Best21,13.598,0.032,Best21,12.868,0.032,Best21,NaN,NaN,null,NaN,NaN,null,CWISE J025726.65-310546.3,44.3577778,-31.0978555,44.3608147,-31.0963219,Maro21,12.073,0.013,1.210,Maro21,11.659,0.006,1.480,Maro21,10.565,0.073,0.885,Cutr13,8.925,NaN,0.993,Cutr13,0000,1,0,NaN,NaN,NaN,NaN,null,102.7,0.5,Gaia23,623.39,0.27,346.4,0.4,Gaia23,NaN,NaN,null,101.60,6.68,Smar18,605.88,1.49,339.17,1.82,694.35,1.57,60.76,0.14,Smar18,NaN,NaN,null,NaN,NaN,NaN,NaN,NaN,NaN,null,O,44.3576508,-31.0978317,44.3608856,-31.0962925,102.6993,0.4759,623.388,0.271,346.377,0.449,1.162,27,NaN,NaN,null,5052876333365036928,5052876333365036928,627.1,1.2,346.2,2.9,Best18,607.9,4.6,358.5,4.1,null,null,null,null,L8,Kirk08,L8:,Maro13,18,18,18,18,9.74,0.05,18.0,10.8,1.6,10.9,1.8,11.3,1.8,10.8,1.5,10.6,1.6,9.74,0.05,dist_plx_formula,Target for PARSEC program (Andr11a).,N,N,2MASS J02572581-3105523,44.3576492,-31.0978322,Gaia21a,623.388,0.271,346.377,0.449,Gaia21a,102.6993,0.4759,Gaia21a,2MASS J02572581-3105523|DENIS J025725.7-310552|2MUCD 20139|TIC 91591962|WISEA J025726.34-310548.5|EQ J0257-3105|Gaia DR3 5052876333365036928|Gaia DR2 5052876333365036928,Schm07,NaN,NaN,NaN,NaN,null,FIELD (96.2%); CARN (3.8%),CARN,0.038,pm+trig-plx,2MASS J02572581-3105523,https://simple-bd-archive.org/solo_result/2MASS%20J02572581-3105523,44.3628,-31.0954,Gaia23,J0257-3105
2MASS J03140344+1603056,2MASS J03140344+1603056,Reid08b,48.5143,16.0515,Gaia23,165.8640,-34.6721,null,null,N,N,N,N,NaN,N,FLD-G,Alle13a,2.98,2.98(+4.07/-2.08),PSO J048.5134+16.0513,48.5145,16.0514,48.5135,16.0513,56175.60,Magn20,21.0802,0.0280,13,C,Cham16,19.1110,0.0116,12,C,Cham16,16.7969,0.0037,13,C,Cham16,15.3657,0.0038,11,C,Cham16,14.3858,0.0035,7,C,Cham16,20.5114,0.0918,17.2427,0.0035,15.6699,0.0059,Gaia23,2MASS J03140344+1603056,48.514355,16.051563,1999-09-16,12.526,0.024,Cutr03,11.823,0.021,Cutr03,11.238,0.021,Cutr03,000,null,13.468,0.051,usyn24,12.410,0.010,Dye_18,11.868,0.021,Best21,11.208,0.021,Best21,NaN,NaN,null,NaN,NaN,null,CWISE J031403.18+160304.7,48.5144519,16.0515832,48.5132732,16.0513214,Maro21,10.932,0.014,0.538,Maro21,10.676,0.009,0.618,Maro21,10.061,0.060,1.080,Cutr13,8.607,NaN,0.977,Cutr13,0000,1,0,NaN,NaN,NaN,NaN,null,72.63,0.19,Gaia23,-242.96,0.19,-54.85,0.16,Gaia23,NaN,NaN,null,72.07,1.50,Liu_16,-242.70,2.20,-49.80,2.10,247.76,2.20,258.40,0.49,Liu_16,NaN,NaN,null,NaN,NaN,NaN,NaN,NaN,NaN,null,O,48.5143433,16.0515194,48.5132217,16.0512772,72.6305,0.1902,-242.955,0.186,-54.853,0.158,1.104,13,NaN,NaN,null,31235033696866688,31235033696866688,-244.2,2.3,-55.9,3.7,Best18,-264.8,4.3,-61.2,4.1,null,null,FLD-G,Alle13a,L0,Reid08b,L0: FLD-G,Alle13a,10,10,10,10,13.77,0.04,10.0,15.2,2.7,15.1,2.2,14.7,2.5,14.8,2.0,14.2,1.0,13.77,0.04,dist_plx_formula,Bard14 find near-IR spectral type M9.4. Gagn15c find near-IR spectral type M9 pec and FLD-G.,Y,Y,2MASS J03140344+1603056,48.5143438,16.0515201,Gaia21a,-242.955,0.186,-54.853,0.158,Gaia21a,72.6305,0.1902,Gaia21a,2MASS J03140344+1603056|2MUCD 20156|TIC 333624314|WISEA J031403.27+160304.9|WISE J031403.26+160305.0|Gaia DR2 31235033696866688|Gaia DR3 31235033696866688,Reid06b,-273.12,12.16,-26.25,11.45,Magn20,FIELD (99.9%),TAU,0.000,pm+trig-plx,2MASS J03140344+1603056,https://simple-bd-archive.org/solo_result/2MASS%20J03140344%2B1603056,48.5126,16.0511,Gaia23,J0314+1603
2MASS J03400942-6724051,2MASS J03400942-6724051,Cruz07,55.0390,-67.4012,Gaia23,282.4778,-42.4084,null,null,N,N,N,N,NaN,N,Field,UCS+BANYAN,2.5,2.5(+4.3/-2),null,NaN,NaN,NaN,NaN,NaN,null,NaN,NaN,NaN,null,null,NaN,NaN,NaN,null,null,NaN,NaN,NaN,null,null,NaN,NaN,NaN,null,null,NaN,NaN,NaN,null,null,21.7075,0.2081,20.0710,0.0063,18.3882,0.0247,Gaia23,2MASS J03400942-6724051,55.039265,-67.401436,1998-10-27,14.742,0.032,Cutr03,13.590,0.026,Cutr03,12.925,0.026,Cutr03,000,null,NaN,NaN,null,14.580,0.010,McMa13,NaN,NaN,null,NaN,NaN,null,NaN,NaN,null,NaN,NaN,null,CWISE J034008.34-672355.6,55.0391046,-67.4013424,55.0351731,-67.3990226,Maro21,12.151,0.014,1.740,Maro21,11.620,0.011,1.930,Maro21,10.439,0.049,1.000,Cutr13,9.142,NaN,0.991,Cutr13,0000,1,0,11.68,0.01,11.51,0.02,Kirk21,106.9,0.4,Gaia23,-331,0.7,499.6,0.7,Gaia23,NaN,NaN,null,109.40,3.50,Kirk21,-326.50,2.40,498.20,2.00,595.66,2.13,326.76,0.22,Kirk21,NaN,NaN,null,NaN,NaN,NaN,NaN,NaN,NaN,null,O,55.0389633,-67.4012299,55.0351372,-67.3990097,106.8602,0.4379,-331.038,0.654,499.645,0.724,1.189,23,NaN,NaN,null,4667836363565989120,4667836363565989120,NaN,NaN,NaN,NaN,null,-353.2,2.7,542.3,2.8,null,null,null,null,L7::,Cruz07,null,null,17,NaN,17,17,9.35,0.04,17.0,12.5,1.8,12.1,2.0,12.7,2.0,NaN,NaN,11.2,1.7,9.35,0.04,dist_plx_formula,null,N,N,2MASS J03400942-6724051,55.0389641,-67.4012331,Gaia21a,-331.038,0.654,499.645,0.724,Gaia21a,106.8602,0.4379,Gaia21a,2MASSI J0340094-672405|2MASS J03400942-6724051|2MUCD 10202|TIC 31961338|WISEA J034008.73-672359.0|Gaia DR2 4667836363565989120|Gaia DR3 4667836363565989120,Cruz07,NaN,NaN,NaN,NaN,null,FIELD (99.9%),TAU,0.000,pm+trig-plx,2MASS J03400942-6724051,https://simple-bd-archive.org/solo_result/2MASS%20J03400942-6724051,55.0329,-67.3977,Gaia23,J0340-6724
2MASS J03480772-6022270,2MASS J03480772-6022270,Burg03e,57.0322,-60.3741,CatWISE,273.5577,-45.3918,null,null,N,N,N,N,NaN,N,Field,UCS+BANYAN,2.5,2.5(+4.3/-2),null,NaN,NaN,NaN,NaN,NaN,null,NaN,NaN,NaN,null,null,NaN,NaN,NaN,null,null,NaN,NaN,NaN,null,null,NaN,NaN,NaN,null,null,NaN,NaN,NaN,null,null,NaN,NaN,NaN,NaN,NaN,NaN,null,2MASS J03480772-6022270,57.032171,-60.374184,1999-11-19,15.318,0.050,Cutr03,15.559,0.230,Cutr03,15.3300,0.0100,McMa13,000,null,NaN,NaN,null,15.020,0.010,McMa13,NaN,NaN,null,NaN,NaN,null,NaN,NaN,null,NaN,NaN,null,CWISE J034807.09-602240.1,57.0321632,-60.3741479,57.0297711,-60.3775055,Maro21,14.998,0.014,0.751,Maro21,12.574,0.009,1.190,Maro21,11.220,0.082,0.961,Cutr13,9.530,NaN,0.969,Cutr13,0000,1,0,14.17,0.02,12.54,0.02,Kirk19,120.1,1.8,Kirk19,-279.7,0.6,-768.5,0.7,Kirk19,-14,4,Tann21,120.10,1.80,Kirk19,-279.70,0.60,-768.50,0.70,817.82,0.69,200.00,0.04,Kirk19,-14.10,3.70,Tann21,NaN,NaN,NaN,NaN,NaN,NaN,null,null,NaN,NaN,NaN,NaN,NaN,NaN,NaN,NaN,NaN,NaN,NaN,NaN,NaN,NaN,null,null,null,NaN,NaN,NaN,NaN,null,-276.4,4.3,-784.9,3.7,null,null,null,null,null,null,T7,Burg06b,NaN,27,27,27,8.33,0.12,27.0,8.7,1.6,8.4,1.7,8.4,2.2,NaN,NaN,7.5,1.1,8.33,0.12,dist_plx_formula,Target for PARSEC program (Andr11a). Target for NPARSEC program (Smar13).,N,N,2MASS J03480772-6022270,57.0321710,-60.3741840,Cutr03,-279.700,0.600,-768.500,0.700,Kirk19,120.1000,1.8000,Kirk19,2MASS J03480772-6022270|TIC 237922091|WISEA J034807.33-602235.2|WISEP J034807.34-602234.9|WISE J034807.33-602234.9,Burg03e,NaN,NaN,NaN,NaN,null,FIELD (99.9%),USCO,0.000,pm+trig-plx+rv,2MASS J03480772-6022270,https://simple-bd-archive.org/solo_result/2MASS%20J03480772-6022270,57.0282,-60.3796,CatWISE;Kirk19,J0348-6022
2MASS J03552337+1133437,2MASS J03552337+1133437,Reid06b,58.8474,11.5622,Gaia23,178.1832,-30.9594,ABDor;v-red;lowg;young,Fahe12;Liu_13b;Fahe13;Gagn14a;Liu_16;Reid08b;Cruz09;Alle13a,N+N,Y?: Bern10,N,N,NaN,YMG;lowg,ABDMG!,UCS+BANYAN,0.149,0.149(+0.051/-0.019),PSO J058.8481+11.5601,58.8474,11.5622,58.8481,11.5602,55661.57,Magn20,NaN,NaN,NaN,null,null,21.5416,0.0541,6,C,Cham16,19.2638,0.0023,3,C,Cham16,17.6274,0.0099,6,C,Cham16,16.6382,0.0046,8,C,Cham16,21.5429,0.1635,19.5607,0.0047,17.9675,0.0216,Gaia23,2MASS J03552337+1133437,58.847376,11.562141,1999-12-26,14.050,0.024,Cutr03,12.530,0.021,Cutr03,11.526,0.021,Cutr03,000,UGCS J035523.45+113340.0,15.462,0.050,Schn23b;UCS_24,13.940,0.003,Schn23b,12.601,0.021,Best21,11.502,0.001,Lawr07,NaN,NaN,null,NaN,NaN,null,CWISE J035523.63+113332.9,58.8472720,11.5623062,58.8483824,11.5594157,Maro21,10.617,0.012,0.972,Maro21,10.032,0.008,1.400,Maro21,9.219,0.035,0.930,Cutr13,8.690,0.485,0.898,Cutr13,0000,1,0,10.29,0.01,9.98,0.02,Kirk21,109.1,0.5,Gaia23,223.2,0.6,-631.3,0.4,Gaia23,11.92,0.22,Blak10,109.51,1.35,Liu_16,223.60,1.40,-625.60,1.50,664.36,1.49,160.33,0.12,Liu_16,11.92,0.22,Blak10,NaN,NaN,NaN,NaN,NaN,NaN,null,O,58.8473892,11.5621662,58.8484039,11.5593605,109.1381,0.4833,223.182,0.594,-631.303,0.366,1.210,17,NaN,NaN,null,3303349202364648320,3303349202364648320,224.5,1.2,-629.5,1.4,Best18,254.3,3.8,-675.7,2.7,gamma,Cruz09,VL-G,Alle13a,L5 gamma,Cruz09,L3: VL-G,Alle13a,15,13,15,15,9.17,0.04,NaN,NaN,NaN,NaN,NaN,NaN,NaN,NaN,NaN,NaN,NaN,9.17,0.04,dist_plx_formula,Bard14 find near-IR spectral type L4.8::. Dahn17 have a slightly more precise parallax of 107.02 ± 1.26 mas that is less consistent with Gaia DR2.,Y,Y,2MASS J03552337+1133437,58.8473900,11.5621658,Gaia21a,223.182,0.594,-631.303,0.366,Gaia21a,109.1381,0.4833,Gaia21a,2MASS J03552337+1133437|** BNA    3|EPIC 210327027|2MUCD 20171|SDSS J035523.48+113339.4|TIC 415339665|WDS J03554+1134AB|WISEA J035523.53+113337.2|Gaia DR3 3303349202364648320|Gaia DR2 3303349202364648320,Reid06b,223.07,7.33,-632.52,7.33,Magn20,ABDMG (99.9%),ABDMG,0.999,pm+trig-plx+rv,2MASS J03552337+1133437,https://simple-bd-archive.org/solo_result/2MASS%20J03552337%2B1133437,58.8490,11.5577,Gaia23,J0355+1133
WISE J040137.21+284951.7,2MASS J04013766+2849529,Cast13,60.4066,28.8313,Gaia23,165.6996,-17.8407,null,null,N,N,N,N,NaN,N,FLD-G,UCS+BANYAN;UCS_23b,2.98,2.98(+4.07/-2.08),PSO J060.4048+28.8309,60.4066,28.8313,60.4049,28.8310,55873.47,Magn20,NaN,NaN,NaN,null,null,20.3096,0.0446,4,C,Cham16,18.0836,0.0047,11,C,Cham16,16.5672,0.0069,9,C,Cham16,15.5613,0.0050,9,C,Cham16,21.4366,0.1565,18.5580,0.0066,16.8704,0.0073,Gaia23,2MASS J04013766+2849529,60.406940,28.831364,1997-11-25,13.413,0.020,Cutr03,12.430,0.021,Cutr03,11.817,0.021,Cutr03,000,null,14.612,0.054,Best21,13.340,0.020,Best20,12.502,0.021,Best21,11.797,0.021,Best21,NaN,NaN,null,NaN,NaN,null,CWISE J040137.03+284950.9,60.4066408,28.8313550,60.4043961,28.8308566,Maro21,11.293,0.020,1.080,Maro21,11.018,0.019,1.320,Maro21,10.732,0.123,0.947,Cutr13,8.640,NaN,0.875,Cutr13,0000,1,0,11.51,0.01,NaN,NaN,Kirk21,80.38,0.21,Gaia23,-468.26,0.26,-102.61,0.16,Gaia23,NaN,NaN,null,NaN,NaN,null,-480.00,10.00,-100.00,10.00,490.31,10.00,258.23,1.17,Cast13,NaN,NaN,null,72.5,3.1,-466.1,2.7,-103.7,3.0,Best20,O,60.4066353,28.8313065,60.4042587,28.8308506,80.3804,0.2102,-468.257,0.259,-102.608,0.156,1.070,19,NaN,NaN,null,167202325215063168,167202325215063168,-469.4,0.9,-102.8,1.4,Best18,-459.7,6.1,-116.5,5.1,null,null,FLD-G,UCS_23b,L3,Cast13,L2.5,Cast13,13,12.5,13,13,12.44,0.03,13.0,13.7,2.0,14.7,2.4,12.4,1.9,14.0,1.9,12.2,0.9,12.44,0.03,dist_plx_formula,null,Y,Y,2MASS J04013766+2849529,60.4066344,28.8313068,Gaia21a,-468.257,0.259,-102.608,0.156,Gaia21a,80.3804,0.2102,Gaia21a,2MASS J04013766+2849529|TIC 23052279|WISEA J040137.22+284951.6|WISE J040137.21+284951.7|Gaia DR3 167202325215063168|Gaia DR2 167202325215063168,Cast13,-469.34,7.57,-114.89,16.62,Magn20,FIELD (99.9%),TAU,0.000,pm+trig-plx,WISE J040137.21+284951.7,https://simple-bd-archive.org/solo_result/WISE%20J040137.21%2B284951.7,60.4028,28.8306,Gaia23,J0401+2849
2MASSI J0415195-093506,2MASSI J0415195-093506,Burg02a,63.8324,-9.5851,CatWISE,202.9422,-38.9408,null,null,N,N,N,N,NaN,N,Field,UCS+BANYAN,2.5,2.5(+4.3/-2),PSO J063.8387-09.5834,NaN,NaN,63.8388,-9.5834,55449.63,Magn20,NaN,NaN,NaN,null,null,NaN,NaN,NaN,null,null,NaN,NaN,NaN,null,null,NaN,NaN,NaN,null,null,18.4830,0.0940,8,R,Best18,NaN,NaN,NaN,NaN,NaN,NaN,null,2MASS J04151954-0935066,63.831432,-9.585187,1998-11-15,15.695,0.058,Cutr03,15.537,0.201,Cutr03,15.6700,0.0300,McMa13,000,null,16.388,0.058,Best21,15.320,0.030,Knap04,15.700,0.030,Knap04,15.830,0.030,Knap04,13.28,0.05,Goli04a,12.47,0.08,Legg17,CWISE J041522.17-093457.1,63.8324002,-9.5850813,63.8417701,-9.5827135,Maro21,15.148,0.026,0.775,Maro21,12.305,0.011,0.880,Maro21,11.093,0.125,1.170,Cutr13,8.240,NaN,0.874,Cutr13,0000,1,0,14.26,0.02,12.37,0.02,Kirk19,175.2,1.7,Dupu12,2214.3,1.2,535.9,1.2,Dupu12,NaN,NaN,null,175.20,1.70,Dupu12,2214.30,1.20,535.90,1.20,2278.23,1.20,76.40,0.03,Dupu12,NaN,NaN,null,NaN,NaN,NaN,NaN,NaN,NaN,null,null,NaN,NaN,NaN,NaN,NaN,NaN,NaN,NaN,NaN,NaN,NaN,NaN,NaN,NaN,null,null,null,2218.5,5.7,536.1,1.8,Best18,2159.8,9.3,553.5,13.0,null,null,null,null,T8,Burg03d,T8,Burg06b,28,28,28,28,5.71,0.06,28.0,6.7,1.3,6.1,1.2,6.7,1.8,6.0,1.5,5.6,0.8,5.71,0.06,dist_plx_formula,SDSS photometry from Legg12; converted from GMOS system. Target for NPARSEC program (Smar13). Included in the MLT spectral compilation of Test09.,Y,Y,2MASSI J0415195-093506,63.8314320,-9.5851870,Cutr03,2193.000,3.000,527.000,2.000,Fahe09,174.3400,2.7600,Fahe12,2MASS J04151954-0935066|2MASSI J0415195-093506|2MASSW J0415195-093506|TIC 67773411|WISEA J041521.26-093500.4|WISEP J041521.20-093500.6|WISE J041521.21-093500.6|[B2006] J041519.5-093506|EQ J0415-0935,Burr02,NaN,NaN,NaN,NaN,null,FIELD (99.9%),TAU,0.000,pm+trig-plx,2MASS J04151954-0935066,https://simple-bd-archive.org/solo_result/2MASS%20J04151954-0935066,63.8483,-9.5813,CatWISE;Dupu12,J0415-0935
2MASSI J0439010-235308,2MASS J04390101-2353083,Cruz03,69.7542,-23.8857,Gaia23,222.7574,-38.9834,null,null,N,N,N,N,NaN,N,FLD-G,Sang23,2.98,2.98(+4.07/-2.08),PSO J069.7536-23.8863,69.7542,-23.8858,69.7537,-23.8863,56973.84,Magn20,NaN,NaN,NaN,null,null,21.4438,0.0821,9,C,Cham16,19.5259,0.0123,26,C,Cham16,17.5056,0.0068,9,C,Cham16,16.4865,0.0116,8,C,Cham16,21.2080,0.1214,19.5443,0.0040,17.9365,0.0143,Gaia23,2MASS J04390101-2353083,69.754218,-23.885647,1998-11-29,14.408,0.029,Cutr03,13.409,0.023,Cutr03,12.816,0.023,Cutr03,000,null,15.514,0.059,Best21,14.310,0.030,Fahe12,13.440,0.030,Fahe12,12.770,0.020,Fahe12,NaN,NaN,null,NaN,NaN,null,CWISE J043900.87-235310.7,69.7542512,-23.8856344,69.7536514,-23.8863338,Maro21,12.043,0.011,0.708,Maro21,11.710,0.009,0.813,Maro21,11.074,0.121,0.988,Cutr13,8.805,NaN,0.958,Cutr13,0000,1,0,11.68,0.01,11.70,0.02,Kirk21,80.7,0.4,Gaia23,-113.22,0.24,-152.9,0.4,Gaia23,NaN,NaN,null,82.72,4.03,Smar18,-112.81,1.14,-155.28,0.95,191.93,1.02,216.00,0.32,Smar18,NaN,NaN,null,NaN,NaN,NaN,NaN,NaN,NaN,null,O,69.7541885,-23.8856926,69.7536392,-23.8863716,80.7266,0.3582,-113.216,0.244,-152.857,0.378,1.166,26,NaN,NaN,null,4894945708668731264,4894945708668731264,-110.5,1.7,-152.9,2.1,Best18,-128.2,4.5,-163.5,4.2,null,null,FLD-G,Sang23,L6.5,Cruz03,L6,Burg10a,16.5,16,16.5,16.5,12.39,0.06,16.5,11.5,1.7,11.6,1.9,12.8,2.0,12.7,1.8,12.2,1.8,12.39,0.06,dist_plx_formula,Target for PARSEC program (Andr11a).,Y,Y,2MASS J04390101-2353083,69.7541869,-23.8856931,Gaia21a,-113.216,0.244,-152.857,0.378,Gaia21a,80.7266,0.3582,Gaia21a,2MASS J04390101-2353083|2MASSI J0439010-235308|2MUCD 10312|TIC 121592290|[B2006] J043901.0-235308|Gaia DR2 4894945708668731264|Gaia DR3 4894945708668731264,Cruz03,-109.24,2.52,-135.19,7.98,Magn20,FIELD (99.9%),118TAU,0.000,pm+trig-plx,2MASS J04390101-2353083,https://simple-bd-archive.org/solo_result/2MASS%20J04390101-2353083,69.7533,-23.8868,Gaia23,J0439-2353
WISE J045746.08-020719.2,WISE J045746.08-020719.2,Biha13,74.4418,-2.1217,PS1,201.1138,-26.1123,null,null,N,N,N,N,NaN,N,Field,UCS+BANYAN,2.5,2.5(+4.3/-2),PSO J074.4421-02.1220,74.4418,-2.1217,74.4421,-2.1220,55847.61,Magn20,NaN,NaN,NaN,null,null,NaN,NaN,NaN,null,null,NaN,NaN,NaN,null,null,19.0094,0.0061,5,C,Cham16,17.2687,0.0131,9,C,Cham16,22.1080,0.1221,21.1286,0.0267,19.4000,0.1147,Gaia23,2MASS J04574602-0207179,74.441757,-2.121653,1998-09-15,14.897,0.040,Cutr03,14.198,0.055,Cutr03,14.022,0.055,Cutr03,000,UGCS J045746.08-020719.2,NaN,NaN,null,14.640,0.020,Best20,14.187,0.004,Lawr12,13.986,0.004,Lawr12,NaN,NaN,null,NaN,NaN,null,CWISE J045746.13-020719.7,74.4417558,-2.1217365,74.4422134,-2.1221694,Maro21,13.379,0.014,0.828,Maro21,12.491,0.010,0.766,Maro21,10.960,0.135,0.927,Cutr13,9.073,NaN,1.020,Cutr13,0000,1,0,12.90,0.01,12.49,0.02,Kirk21,82,2.9,Best20,99,2.1,-100.7,2.2,Kirk21,NaN,NaN,null,95.20,3.00,Kirk21,99.00,2.10,-100.70,2.20,141.21,2.15,135.49,0.87,Kirk21,NaN,NaN,null,82.0,2.9,93.0,3.0,-105.2,2.2,Best20,O,74.4422455,-2.1221726,74.4422455,-2.1221726,NaN,NaN,NaN,NaN,NaN,NaN,NaN,7,NaN,NaN,null,3225582703437998336,3225582703437998336,101.7,3.6,-105.8,2.2,Best18,106.9,5.3,-101.2,5.4,null,null,null,null,null,null,T2,Biha13,NaN,22,22,22,12.2,0.4,22.0,10.9,1.8,11.0,1.7,12.8,2.3,12.0,1.2,11.8,1.5,12.2,0.4,dist_plx_formula,null,Y,Y,WISE J045746.08-020719.2,74.4420350,-2.1220110,Cutr12,93.000,3.000,-105.200,2.200,Best20,82.0000,2.9000,Best20,WISEA J045746.09-020719.2|WISE J045746.08-020719.2,Biha13,90.69,6.18,-104.08,5.28,Magn20,FIELD (62.7%); BPMG (36.6%); ARG (0.7%),BPMG,0.366,pm+trig-plx,WISE J045746.08-020719.2,https://simple-bd-archive.org/solo_result/WISE%20J045746.08-020719.2,74.4425,-2.1224,PS1;Kirk21,J0457-0207
2MASS J05002100+0330501,2MASS J05002100+0330501,Reid08b,75.0875,3.5139,Gaia23,196.1332,-22.7037,null,null,N,N,N,N,NaN,N,FLD-G,Gagn15c,2.98,2.98(+4.07/-2.08),PSO J075.0875+03.5127,75.0875,3.5139,75.0876,3.5127,55895.68,Magn20,NaN,NaN,NaN,null,null,20.7763,0.0621,8,C,Cham16,18.5822,0.0084,9,C,Cham16,16.9763,0.0057,6,C,Cham16,15.9259,0.0038,8,C,Cham16,21.6027,0.1374,18.9362,0.0038,17.2812,0.0079,Gaia23,2MASS J05002100+0330501,75.087513,3.513938,2000-01-22,13.669,0.024,Cutr03,12.683,0.024,Cutr03,12.062,0.024,Cutr03,000,null,14.928,0.055,Best21,13.597,0.024,Best21,12.763,0.024,Best21,12.042,0.024,Best21,NaN,NaN,null,NaN,NaN,null,CWISE J050021.02+033044.8,75.0874993,3.5139574,75.0875979,3.5124418,Maro21,11.515,0.011,0.549,Maro21,11.255,0.009,0.586,Maro21,10.930,0.139,0.965,Cutr13,8.363,NaN,0.893,Cutr13,0000,1,0,NaN,NaN,NaN,NaN,null,75.61,0.29,Gaia23,11.3,0.3,-351.89,0.26,Gaia23,15.94,0.16,Blak10,77.11,0.63,Dahn17,3.67,0.61,-350.48,0.20,350.50,0.20,179.40,0.10,Dahn17,15.94,0.16,Blak10,NaN,NaN,NaN,NaN,NaN,NaN,null,O,75.0875473,3.5139115,75.0876007,3.5123477,75.6081,0.2907,11.281,0.320,-351.893,0.255,1.009,19,NaN,NaN,null,3238449635184620672,3238449635184620672,13.4,1.1,-351.6,1.4,Best18,23.0,4.1,-354.3,3.9,null,null,FLD-G,Gagn15c,L4,Reid08b,L4.2 FLD-G,Gagn15c,14,14.2,14,14,13.23,0.05,14.0,12.7,1.9,13.5,2.2,12.1,1.9,13.5,1.9,12.3,0.9,13.23,0.05,dist_plx_formula,Bard14 find near-IR spectral type L4.1. Gagn15c also find near-IR spectral type L4 pec.,Y,Y,2MASS J05002100+0330501,75.0875485,3.5139116,Gaia21a,11.281,0.320,-351.893,0.255,Gaia21a,75.6081,0.2907,Gaia21a,2MASS J05002100+0330501|2MUCD 20197|TIC 459972249|WISEA J050021.02+033046.4|Gaia DR2 3238449635184620672|Gaia DR3 3238449635184620672,Reid06b,11.73,2.35,-345.49,3.62,Magn20,FIELD (99.9%),ABDMG,0.000,pm+trig-plx+rv,2MASS J05002100+0330501,https://simple-bd-archive.org/solo_result/2MASS%20J05002100%2B0330501,75.0876,3.5114,Gaia23,J0500+0330
WISE J052126.29+102528.4,2MASS J05212615+1025328,Biha13,80.3571,10.4267,PS1,192.8210,-14.6237,null,null,N,N,N,N,NaN,N,Field,UCS+BANYAN,2.5,2.5(+4.3/-2),PSO J080.3597+10.4243,80.3571,10.4267,80.3597,10.4243,56096.48,Magn20,NaN,NaN,NaN,null,null,NaN,NaN,NaN,null,null,NaN,NaN,NaN,null,null,19.4899,0.0416,2,C,Cham16,17.8729,0.0307,2,C,Cham16,NaN,NaN,NaN,NaN,NaN,NaN,null,2MASS J05212615+1025328,80.358986,10.425799,2000-02-12,15.262,NaN,Cutr03,15.222,0.103,Cutr03,14.665,NaN,Cutr03,0c0,null,15.669,0.050,Schn23b;UCS_24,14.829,0.006,Schn23b,15.247,0.050,Schn23b;UCS_24,15.128,0.018,Schn23b,NaN,NaN,null,NaN,NaN,null,CWISE J052126.39+102525.8,80.3590245,10.4257300,80.3599253,10.4239560,Maro21,14.398,0.038,1.820,Maro21,12.383,0.023,0.945,Maro21,10.296,0.084,0.883,Cutr13,8.956,0.533,1.080,Cutr13,0000,1,0,NaN,NaN,12.42,0.02,Kirk21,150,3,Kirk21,223.7,2.5,-438.3,2.5,Kirk21,NaN,NaN,null,150.20,3.00,Kirk21,223.70,2.50,-438.30,2.50,492.09,2.50,152.96,0.29,Kirk21,NaN,NaN,null,141.2,4.8,216.0,5.2,-418.2,2.8,Best20,null,NaN,NaN,NaN,NaN,NaN,NaN,NaN,NaN,NaN,NaN,NaN,NaN,NaN,NaN,null,null,null,NaN,NaN,NaN,NaN,null,207.1,8.2,-414.7,11.0,null,null,null,null,null,null,T7.5,Biha13,NaN,27.5,27.5,27.5,6.67,0.13,27.5,7.0,NaN,6.3,1.2,5.2,NaN,5.6,1.4,6.3,0.9,6.67,0.13,dist_plx_formula,null,Y,Y,2MASS J05212615+1025328,80.3589860,10.4257990,Cutr03,216.000,5.200,-418.200,2.800,Best20,141.2000,4.8000,Best20,2MASS J05212615+1025328|TIC 443763158|WISEA J052126.30+102528.3|WISE J052126.29+102528.4,Biha13,765.79,1270.06,-692.11,192.50,Magn20,CAR (65.4%); FIELD (32.9%); COL (1.5%); ARG (0.2%),CAR,0.654,pm+trig-plx,WISE J052126.29+102528.4,https://simple-bd-archive.org/solo_result/WISE%20J052126.29%2B102528.4,80.3587,10.4236,PS1;Kirk21,J0521+1025
2MASSI J0523382-140302,2MASS J05233822-1403022,Cruz03,80.9093,-14.0506,Gaia23,216.1585,-25.6853,null,null,N,N,N,N,NaN,N,Field,UCS+BANYAN,2.5,2.5(+4.3/-2),PSO J080.9096-14.0500,80.9093,-14.0506,80.9096,-14.0500,56056.33,Magn20,NaN,NaN,NaN,null,null,19.9328,0.0299,10,C,Cham16,17.6126,0.0031,14,C,Cham16,16.1807,0.0033,12,C,Cham16,15.1813,0.0043,12,C,Cham16,21.2678,0.1432,18.0574,0.0032,16.4795,0.0068,Gaia23,2MASS J05233822-1403022,80.909253,-14.050636,1999-01-04,13.084,0.024,Cutr03,12.220,0.027,Cutr03,11.638,0.027,Cutr03,000,null,NaN,NaN,null,13.020,0.030,Best21,12.270,0.030,Best21,11.620,0.030,Best21,NaN,NaN,null,NaN,NaN,null,CWISE J052338.33-140259.5,80.9092754,-14.0506417,80.9097459,-14.0498751,Maro21,11.176,0.013,0.650,Maro21,10.890,0.010,0.641,Maro21,10.375,0.071,0.963,Cutr13,8.622,NaN,1.030,Cutr13,0000,1,0,10.88,0.01,10.89,0.02,Kirk21,78.53,0.15,Gaia23,107.48,0.14,161.47,0.14,Gaia23,12.5,0.4,Fahe16,79.37,0.38,Dahn17,108.15,0.33,160.94,0.31,193.90,0.30,33.90,0.10,Dahn17,12.48,0.41,Fahe16,NaN,NaN,NaN,NaN,NaN,NaN,null,O,80.9092636,-14.0505610,80.9097595,-14.0498428,78.5273,0.1469,107.484,0.140,161.468,0.141,0.927,23,NaN,NaN,null,2985035874544160384,2985035874544160384,105.3,1.0,162.3,0.9,Best18,106.7,4.6,179.2,4.5,null,null,null,null,L2.5,Cruz03,L5,Wils03,12.5,15,12.5,12.5,12.734,0.024,12.5,12.9,1.9,13.9,2.3,12.3,1.9,13.8,1.9,12.1,0.9,12.734,0.024,dist_plx_formula,Target for PARSEC program (Andr11a).,Y,Y,2MASS J05233822-1403022,80.9092651,-14.0505605,Gaia21a,107.484,0.140,161.468,0.141,Gaia21a,78.5273,0.1469,Gaia21a,2MASS J05233822-1403022|2MASSI J0523382-140302|2MUCD 10390|TIC 442929628|USNO-B1.0 0759-00062850|WISEA J052338.30-140300.3|[B2006] J052338.2-140302|Gaia DR2 2985035874544160384|Gaia DR3 2985035874544160384,Wils03,102.67,3.55,161.68,1.56,Magn20,FIELD (99.9%),ARG,0.000,pm+trig-plx+rv,2MASS J05233822-1403022,https://simple-bd-archive.org/solo_result/2MASS%20J05233822-1403022,80.9100,-14.0494,Gaia23,J0523-1403
2MASS J05591914-1404488,2MASS J05591914-1404488,Burg00c,89.8299,-14.0803,Gaia23,219.9782,-17.7915,over-L;binary?,Dahn02;Liu_08,N,N,N,N,NaN,N,Field,UCS+BANYAN,2.5,2.5(+4.3/-2),PSO J089.8318-14.0814,89.8300,-14.0803,89.8318,-14.0814,55767.62,Magn20,NaN,NaN,NaN,null,null,NaN,NaN,NaN,null,null,NaN,NaN,NaN,null,null,18.0187,0.0074,6,C,Cham16,16.3130,0.0195,8,C,Cham16,21.4364,0.2574,20.1553,0.0089,18.3487,0.0238,Gaia23,2MASS J05591914-1404488,89.829763,-14.080244,1998-12-15,13.802,0.024,Cutr03,13.679,0.052,Cutr03,13.577,0.052,Cutr03,000,null,14.690,0.020,Legg02a,13.570,0.030,Legg02a,13.640,0.030,Legg02a,13.730,0.030,Legg02a,12.14,0.05,Legg02a,12.15,0.16,Legg02a,CWISE J055919.85-140454.8,89.8298422,-14.0802507,89.8324972,-14.0817578,Maro21,13.420,0.018,0.812,Maro21,11.985,0.015,1.170,Maro21,10.605,0.089,0.757,Cutr13,8.740,NaN,1.030,Cutr13,0000,1,0,12.67,0.03,11.93,0.02,Patt06,95.3,0.7,Gaia23,571.3,0.6,-338.2,0.7,Gaia23,NaN,NaN,null,97.28,0.59,Dahn17,564.02,0.63,-345.63,0.99,661.50,0.20,121.50,0.10,Dahn17,NaN,NaN,null,NaN,NaN,NaN,NaN,NaN,NaN,null,O,89.8299484,-14.0803356,89.8325653,-14.0818386,95.2714,0.7179,571.340,0.618,-338.167,0.682,1.303,21,NaN,NaN,null,2997171394834174976,2997171394834174976,569.0,2.8,-339.6,2.0,Best18,602.0,9.9,-352.3,11.0,null,null,null,null,T5,Burg03d,T4.5,Burg06b,25,24.5,24.5,24.5,10.49,0.08,24.5,6.6,1.2,7.0,1.4,7.2,1.9,7.7,1.9,7.7,1.1,10.49,0.08,dist_plx_formula,SDSS photometry from Legg12; converted from GMOS system. Target for PARSEC program (Andr11a). Target for NPARSEC program (Smar13).,Y,Y,2MASS J05591914-1404488,89.8299469,-14.0803353,Gaia21a,571.340,0.618,-338.167,0.682,Gaia21a,95.2714,0.7179,Gaia21a,2MASS J05591914-1404488|2MASSI J0559191-140448|2MASSW J0559191-140448|TIC 317923609|WISEA J055919.59-140452.6|WISEP J055919.58-140452.6|WISE J055919.58-140452.6|[B2006] J055919.1-140448|Gaia DR3 2997171394834174976|Gaia DR2 2997171394834174976,Burg00c,557.82,5.43,-337.74,6.29,Magn20,FIELD (99.9%),USCO,0.000,pm+trig-plx,2MASS J05591914-1404488,https://simple-bd-archive.org/solo_result/2MASS%20J05591914-1404488,89.8341,-14.0827,Gaia23,J0559-1404
2MASS J06020638+4043588,2MASS J06020638+4043588,Loop07a,90.5265,40.7330,PS1,171.4488,8.8299,null,null,N,N,N,N,NaN,N,Field,UCS+BANYAN,2.5,2.5(+4.3/-2),PSO J090.5276+40.7322,90.5265,40.7330,90.5277,40.7323,55987.68,Magn20,NaN,NaN,NaN,null,null,NaN,NaN,NaN,null,null,NaN,NaN,NaN,null,null,19.7344,0.0223,4,C,Cham16,18.0012,0.0346,11,C,Cham16,NaN,NaN,NaN,NaN,NaN,NaN,null,2MASS J06020638+4043588,90.526604,40.733025,1999-11-04,15.544,0.067,Cutr03,15.592,0.162,Cutr03,15.166,0.162,Cutr03,000,null,16.404,0.050,Schn23b;UCS_24,15.300,0.007,Schn23b,15.415,0.050,Schn23b;UCS_24,15.476,0.020,Schn23b,NaN,NaN,null,NaN,NaN,null,CWISE J060206.71+404355.4,90.5266544,40.7331114,90.5279613,40.7320813,Maro21,15.112,0.017,0.766,Maro21,13.543,0.012,0.980,Maro21,12.511,NaN,0.880,Cutr13,8.991,NaN,0.927,Cutr13,0000,1,0,14.37,0.02,13.50,0.02,Kirk21,76,3,Kirk21,237.6,1.5,-220.2,1.4,Kirk21,NaN,NaN,null,76.40,3.10,Kirk21,237.60,1.50,-220.20,1.40,323.95,1.46,132.82,0.26,Kirk21,NaN,NaN,null,65.1,4.2,229.9,2.9,-225.7,2.9,Best20,null,NaN,NaN,NaN,NaN,NaN,NaN,NaN,NaN,NaN,NaN,NaN,NaN,NaN,NaN,null,null,null,249.3,3.6,-219.9,2.7,Best18,231.5,9.0,-240.8,9.7,null,null,null,null,null,null,T4.5,Loop07a,NaN,24.5,24.5,24.5,13.2,0.5,24.5,14.7,2.8,15.6,3.1,14.9,4.1,17.1,4.2,15.7,2.3,13.2,0.5,dist_plx_formula,null,Y,Y,2MASS J06020638+4043588,90.5266040,40.7330250,Cutr03,229.900,2.900,-225.700,2.900,Best20,65.1000,4.2000,Best20,2MASS J06020638+4043588|TIC 258139268|WISEP J060206.60+404356.8|WISE J060206.60+404356.6,Loop07a,259.48,9.27,-220.38,9.27,Magn20,FIELD (99.9%),UCL,0.000,pm+trig-plx,2MASS J06020638+4043588,https://simple-bd-archive.org/solo_result/2MASS%20J06020638%2B4043588,90.5287,40.7315,PS1;Kirk21,J0602+4043
WISEP J060738.65+242953.4,2MASS J06073908+2429574,Cast12,91.9126,24.4991,Gaia23,186.3080,2.0228,null,null,N,N,N,N,NaN,N,Field,UCS+BANYAN,2.5,2.5(+4.3/-2),PSO J091.9109+24.4981,91.9125,24.4991,91.9110,24.4981,55596.35,Magn20,NaN,NaN,NaN,null,null,22.2008,0.0813,2,C,Cham16,20.0746,0.0077,5,C,Cham16,17.3678,0.0055,8,C,Cham16,16.2989,0.0061,5,C,Cham16,22.1018,0.2714,19.5458,0.0055,17.8544,0.0162,Gaia23,2MASS J06073908+2429574,91.912850,24.499292,1998-01-08,14.218,0.026,Cutr03,13.038,0.025,Cutr03,12.469,0.022,Cutr03,000,null,15.348,0.058,Best21,14.122,0.030,Best21,13.122,0.030,Best21,12.460,0.022,Best21,NaN,NaN,null,NaN,NaN,null,CWISE J060738.42+242951.2,91.9126370,24.4992092,91.9103288,24.4977201,Maro21,11.591,0.010,2.380,Maro21,11.017,0.008,1.650,Maro21,9.886,0.055,0.977,Cutr13,8.345,NaN,1.030,Cutr13,0000,1,0,11.10,0.01,10.95,0.02,Kirk21,138.1,0.5,Gaia23,-472.9,0.5,-318.5,0.4,Gaia23,-11.9,1.1,Gizi16,138.47,0.83,Dahn17,-472.35,0.74,-313.83,0.89,567.10,0.60,236.40,0.10,Dahn17,-11.90,1.10,Gizi16,NaN,NaN,NaN,NaN,NaN,NaN,null,O,91.9125824,24.4991093,91.9102707,24.4976940,138.0616,0.5185,-472.871,0.523,-318.464,0.373,1.128,15,NaN,NaN,null,3426333598021539840,3426333598021539840,-471.9,1.5,-318.5,1.7,Best18,-491.0,2.8,-348.1,2.9,null,null,null,null,L8,Cast13,L9,Cast13,18,19,18,18,7.241,0.026,18.0,8.8,1.3,8.8,1.4,9.3,1.5,8.9,1.2,7.9,1.2,7.241,0.026,dist_plx_formula,null,Y,Y,2MASS J06073908+2429574,91.9125831,24.4991095,Gaia21a,-472.871,0.523,-318.464,0.373,Gaia21a,138.0616,0.5185,Gaia21a,2MASS J06073908+2429574|SDSS J060738.79+242954.4|TIC 81192866|WISEA J060738.65+242953.4|WISEP J060738.65+242953.4|Gaia DR2 3426333598021539840|Gaia DR3 3426333598021539840,Kirk12,-463.24,7.32,-315.63,7.19,Magn20,FIELD (99.9%),TAU,0.000,pm+trig-plx+rv,WISEP J060738.65+242953.4,https://simple-bd-archive.org/solo_result/WISEP%20J060738.65%2B242953.4,91.9089,24.4969,Gaia23,J0607+2429
2MASS J06244595-4521548,2MASS J06244595-4521548,Reid08b,96.1914,-45.3652,Gaia23,253.4371,-23.3961,null,null,N,N,N,N,NaN,YMG?,ARG?,UCS+BANYAN;Sang23,0.045,0.04-0.05?,null,NaN,NaN,NaN,NaN,NaN,null,NaN,NaN,NaN,null,null,NaN,NaN,NaN,null,null,NaN,NaN,NaN,null,null,NaN,NaN,NaN,null,null,NaN,NaN,NaN,null,null,21.5043,0.1142,19.8215,0.0051,18.2211,0.0216,Gaia23,2MASS J06244595-4521548,96.191467,-45.365246,1999-11-16,14.480,0.029,Cutr03,13.335,0.026,Cutr03,12.595,0.026,Cutr03,000,null,15.672,0.059,Best21,14.360,0.030,Fahe12,13.380,0.030,Fahe12,12.550,0.030,Fahe12,NaN,NaN,null,NaN,NaN,null,CWISE J062445.89-452148.9,96.1914636,-45.3651883,96.1912201,-45.3635841,Maro21,11.798,0.011,0.781,Maro21,11.470,0.008,0.664,Maro21,10.760,0.072,0.989,Cutr13,9.197,NaN,0.904,Cutr13,0000,1,0,11.50,0.01,11.50,0.02,Kirk21,82,0.4,Gaia23,-36,0.4,378.5,0.5,Gaia23,NaN,NaN,null,81.24,0.44,Wein16,-37.15,0.15,370.45,0.13,372.31,0.13,354.27,0.02,Wein16,NaN,NaN,null,NaN,NaN,NaN,NaN,NaN,NaN,null,O,96.1914368,-45.3652115,96.1912079,-45.3635292,82.0248,0.3583,-35.950,0.427,378.531,0.508,1.097,28,NaN,NaN,null,5556620540565785600,5556620540565785600,NaN,NaN,NaN,NaN,null,-40.0,3.6,375.0,3.7,null,null,FLD-G,Sang23,L5:,Reid08b,L6,Maro13,15,16,15,15,12.2,0.06,15.0,13.9,4.1,13.2,3.9,14.3,3.9,13.9,3.7,13.7,3.5,12.2,0.06,dist_plx_formula,Target for PARSEC program (Andr11a). Bard14 find near-IR spectral type L5.1.,N,N,2MASS J06244595-4521548,96.1914372,-45.3652106,Gaia21a,-35.950,0.427,378.531,0.508,Gaia21a,82.0248,0.3583,Gaia21a,2MASS J06244595-4521548|DENIS J062445.8-452156|2MUCD 20244|TIC 232026943|WISEA J062445.90-452150.7|EQ J0624-4521|Gaia DR3 5556620540565785600|Gaia DR2 5556620540565785600,Reid06b,NaN,NaN,NaN,NaN,null,ARG (93.4%); FIELD (5.0%); CARN (1.5%),ARG,0.934,pm+trig-plx,2MASS J06244595-4521548,https://simple-bd-archive.org/solo_result/2MASS%20J06244595-4521548,96.1911,-45.3625,Gaia23,J0624-4521
WISEPA J062720.07-111428.8,2MASS J06272007-1114241,Kirk11,96.8337,-11.2401,PS1,220.3230,-10.3998,null,null,N,N,N,N,NaN,N,Field,Hsu_21;UCS+BANYAN,2.5,2.5(+4.3/-2),PSO J096.8336-11.2412,96.8337,-11.2401,96.8336,-11.2412,55918.91,Magn20,NaN,NaN,NaN,null,null,NaN,NaN,NaN,null,null,NaN,NaN,NaN,null,null,19.9886,0.0313,10,C,Cham16,18.1040,0.0125,13,C,Cham16,NaN,NaN,NaN,NaN,NaN,NaN,null,2MASS J06272007-1114241,96.833665,-11.240032,1999-01-04,15.487,0.052,Cutr03,15.441,0.181,Cutr03,15.3500,0.0200,McMa13,000,null,16.375,0.051,usyn24,15.240,0.010,McMa13,15.500,0.181,Best21,15.512,0.181,Best21,NaN,NaN,null,NaN,NaN,null,CWISE J062720.06-111429.6,96.8337084,-11.2401101,96.8336207,-11.2415586,Maro21,14.980,0.017,0.785,Maro21,13.305,0.011,0.921,Maro21,11.530,0.211,0.950,Cutr13,8.490,NaN,0.823,Cutr13,0000,1,0,14.27,0.02,13.32,0.02,Kirk11,75,4,Kirk19,-13.2,1.2,-337.8,1.1,Kirk19,1.2,1,Hsu_21,74.80,3.60,Kirk19,-13.20,1.20,-337.80,1.10,338.06,1.10,182.24,0.20,Kirk19,1.20,1.00,Hsu_21,NaN,NaN,NaN,NaN,NaN,NaN,null,null,NaN,NaN,NaN,NaN,NaN,NaN,NaN,NaN,NaN,NaN,NaN,NaN,NaN,NaN,null,null,null,-18.1,5.3,-340.9,3.0,Best18,-20.1,7.6,-338.6,8.3,null,null,null,null,null,null,T6,Kirk11,NaN,26,26,26,13.3,0.7,26.0,12.1,2.3,12.5,2.5,11.5,3.0,12.1,3.1,12.0,1.8,13.3,0.7,dist_plx_formula,Target for NPARSEC program (Smar13). Zhan21a find this object is a kinematic member candidate of AB Dor based on coordinates comma proper motion comma and parallax. Hsu_21 updated the BANYAN Sigma analysis by using their new RV measurement and found the object is likely a field dwarf with FIELD (99.9%),Y,Y,2MASS J06272007-1114241,96.8336650,-11.2400320,Cutr03,-13.200,1.200,-337.800,1.100,Kirk19,74.8000,3.6000,Kirk19,2MASS J06272007-1114241|TIC 443375952|WISEP J062720.07-111428.8|WISE J062720.07-111428.0|EQ J0627-1114,Kirk11,-29.67,8.58,-344.83,8.25,Magn20,FIELD (99.9%),UCL,0.000,pm+trig-plx+rv,WISE J062720.07-111428.0,https://simple-bd-archive.org/solo_result/WISE%20J062720.07-111428.0,96.8336,-11.2425,PS1;Kirk19,J0627-1114
2MASSI J0652307+471034,2MASS J06523073+4710348,Cruz03,103.1280,47.1764,Gaia23,169.1555,19.7111,null,null,N,N,N,N,NaN,N,FLD-G,Sang23,2.98,2.98(+4.07/-2.08),PSO J103.1272+47.1768,103.1280,47.1764,103.1273,47.1769,56912.01,Magn20,NaN,NaN,NaN,null,null,20.6808,0.0862,8,C,Best18,18.6178,0.0054,20,C,Cham16,16.8281,0.0079,15,C,Cham16,15.7551,0.0060,18,C,Cham16,21.3771,0.1718,18.8072,0.0043,17.1530,0.0111,Gaia23,2MASS J06523073+4710348,103.128076,47.176342,1998-11-05,13.511,0.023,Cutr03,12.384,0.020,Cutr03,11.694,0.020,Cutr03,000,null,14.717,0.050,Schn23b;UCS_24,13.356,0.002,Schn23b,12.473,0.020,Best21,11.630,0.002,Schn23b,NaN,NaN,null,NaN,NaN,null,CWISE J065230.53+471037.0,103.1281480,47.1762915,103.1273009,47.1769417,Maro21,10.895,0.019,0.805,Maro21,10.522,0.014,0.625,Maro21,9.844,0.052,1.040,Cutr13,8.918,0.514,1.090,Cutr13,0000,1,0,10.50,0.01,10.50,0.01,Patt06,109.77,0.28,Gaia23,-117.7,0.3,132.35,0.29,Gaia23,-7.03,0.07,Blak10,110.31,0.29,Dahn17,-115.09,0.25,140.61,0.21,181.70,0.10,320.70,0.10,Dahn17,-7.03,0.07,Blak10,107.2,3.3,-119.6,3.2,128.0,3.9,Best20,O,103.1279907,47.1763687,103.1272202,47.1769562,109.7651,0.2782,-117.683,0.302,132.348,0.292,1.204,16,NaN,NaN,null,954697944875755136,954697944875755136,-115.0,1.0,132.9,1.2,Best18,-134.6,6.1,152.0,6.1,null,null,FLD-G,Sang23,L4.5,Cruz03,L6.5,Burg10a,14.5,16.5,14.5,14.5,9.11,0.023,14.5,10.7,1.6,10.9,1.8,9.6,1.5,10.3,1.4,8.4,1.2,9.11,0.023,dist_plx_formula,Kono10 identify this as an L3.5+L6.5 binary citing Reid06b. But Reid06b list this as an unresolved object and Kono10 do not resolve it either.,Y,Y,2MASS J06523073+4710348,103.1279928,47.1763685,Gaia21a,-117.683,0.302,132.348,0.292,Gaia21a,109.7651,0.2782,Gaia21a,2MASS J06523073+4710348|2MASSI J0652307+471034|2MUCD 10601|TIC 191947016|WISEP J065230.58+471036.3|[B2006] J065230.7+471034|Gaia DR2 954697944875755136|Gaia DR3 954697944875755136,Cruz03,-117.97,4.16,117.95,7.54,Magn20,FIELD (99.9%),USCO,0.000,pm+trig-plx+rv,2MASS J06523073+4710348,https://simple-bd-archive.org/solo_result/2MASS%20J06523073%2B4710348,103.1268,47.1773,Gaia23,J0652+4710
2MASS J07003664+3157266,2MASS J07003664+3157266,Thor03,105.1530,31.9571,Gaia23,184.6792,15.7574,triple,Dupu17,N+N+N,Y: Reid06b | triple: Dupu17,N,N,NaN,N,2MASS J07003664+3157266,Dupu17,0.76,0.76(+0.14/-0.09),PSO J105.1533+31.9551,105.1529,31.9571,105.1533,31.9552,56135.20,Magn20,NaN,NaN,NaN,null,null,19.9493,0.0154,5,C,Cham16,17.6535,0.0047,8,C,Cham16,16.0465,0.0028,4,C,Cham16,15.0591,0.0031,4,C,Cham16,21.2554,0.2210,18.1431,0.0059,16.3539,0.0082,Gaia23,2MASS J07003664+3157266,105.152678,31.957415,1998-03-01,12.923,0.023,Cutr03,11.947,0.023,Cutr03,11.317,0.023,Cutr03,ccc,null,NaN,0.050,Schn23b;UCS_24,12.795,0.002,Schn23b,11.980,0.020,Fahe12,11.270,0.020,Fahe12,NaN,NaN,null,NaN,NaN,null,CWISE J070036.80+315718.2,105.1528725,31.9570303,105.1534286,31.9547233,Maro21,10.650,0.015,1.130,Maro21,10.344,0.014,0.885,Maro21,9.717,0.051,0.932,Cutr13,8.277,NaN,0.852,Cutr13,0000,1,0,10.38,0.01,10.38,0.02,Kirk21,89,0.4,Gaia23,86.7,0.4,-549.71,0.3,Gaia23,-42.42,0.09,Blak10,88.60,0.90,Dupu17,122.70,0.60,-553.60,0.80,567.00,0.80,167.50,0.07,Dupu17,-42.42,0.09,Blak10,NaN,NaN,NaN,NaN,NaN,NaN,null,O,105.1530151,31.9570732,105.1534653,31.9546299,89.0182,0.3676,86.704,0.365,-549.714,0.295,1.995,16,NaN,NaN,null,890663968222557440,890663968222557440,130.5,1.8,-556.8,1.7,Best18,110.3,2.3,-539.3,2.4,null,null,null,null,L3.5,Thor03,null,null,13.5,NaN,13.5,13.5,11.24,0.05,13.0,NaN,NaN,NaN,NaN,NaN,NaN,NaN,NaN,NaN,NaN,11.24,0.05,dist_plx_formula,"binary: sep=0.17"" @ 102.0 deg (Reid06b)",Y,Y,2MASS J07003664+3157266,105.1530139,31.9570730,Gaia21a,86.704,0.365,-549.714,0.295,Gaia21a,89.0182,0.3676,Gaia21a,2MASSI J0700366+315726|** RED   16|2MASS J07003664+3157266|2MUCD 10617|TIC 165098841|WDS J07006+3157AB|WISEA J070036.77+315719.7|Gaia DR2 890663968222557440|Gaia DR3 890663968222557440,Thor03,112.96,8.35,-559.69,6.01,Magn20,FIELD (99.9%),TAU,0.000,pm+trig-plx+rv,2MASS J07003664+3157266,https://simple-bd-archive.org/solo_result/2MASS%20J07003664%2B3157266,105.1537,31.9532,Gaia23,J0700+3157
2MASSI J0727182+171001,2MASSI J0727182+171001,Burg02a,111.8265,17.1665,CatWISE,201.2712,15.4932,null,null,N,N,N,N,NaN,N,Field,UCS+BANYAN,2.5,2.5(+4.3/-2),PSO J111.8305+17.1637,NaN,NaN,111.8306,17.1638,56326.35,Magn20,NaN,NaN,NaN,null,null,NaN,NaN,NaN,X,null,NaN,NaN,NaN,X,null,19.9614,0.0154,2,C,Cham16,18.1564,0.0168,4,C,Cham16,NaN,NaN,NaN,NaN,NaN,NaN,null,2MASS J07271824+1710012,111.826025,17.167002,1997-10-29,15.600,0.061,Cutr03,15.756,0.194,Cutr03,15.556,0.194,Cutr03,000,null,16.180,0.050,Schn23b;UCS_24,15.210,0.006,Schn23b,15.670,0.030,Knap04,15.628,0.023,Schn23b,13.68,0.05,Goli04a,12.97,0.08,Legg17,CWISE J072719.63+170946.6,111.8265398,17.1664505,111.8313384,17.1632541,Maro21,15.179,0.019,1.190,Maro21,12.988,0.010,1.140,Maro21,11.924,0.309,1.170,Cutr13,8.237,NaN,0.970,Cutr13,0000,1,0,14.46,0.02,13.02,0.02,Kirk19,112.5,0.9,Dupu12,1045.5,1.1,-763.7,1,Dupu12,NaN,NaN,null,112.50,0.90,Dupu12,1045.50,1.10,-763.70,1.00,1294.72,1.07,126.15,0.05,Dupu12,NaN,NaN,null,NaN,NaN,NaN,NaN,NaN,NaN,null,null,NaN,NaN,NaN,NaN,NaN,NaN,NaN,NaN,NaN,NaN,NaN,NaN,NaN,NaN,null,null,null,1037.4,4.4,-765.2,5.9,Best18,1071.8,8.1,-747.2,8.7,null,null,null,null,T8,Burg03d,T7,Burg06b,28,27,27,27,8.89,0.07,27.0,9.9,1.8,9.2,1.8,9.3,2.6,8.8,2.2,9.0,1.3,8.89,0.07,dist_plx_formula,Target for NPARSEC program (Smar13). Included in the MLT spectral compilation of Test09.,Y,Y,2MASSI J0727182+171001,111.8260250,17.1670020,Cutr03,1046.000,4.000,-767.000,3.000,Fahe09,110.1400,2.3400,Fahe12,2MASS J07271824+1710012|2MASSI J0727182+171001|2MASSW J0727182+171001|TIC 14711043|WISEA J072719.15+170951.3|WISEP J072719.13+170952.0|EQ J0727+1710,Burr02,NaN,NaN,NaN,NaN,null,FIELD (99.9%),UCL,0.000,pm+trig-plx,2MASS J07271824+1710012,https://simple-bd-archive.org/solo_result/2MASS%20J07271824%2B1710012,111.8343,17.1610,CatWISE;Dupu12,J0727+1710
2MASS J07290002-3954043,2MASS J07290002-3954043,Loop07a,112.2501,-39.9008,CatWISE,252.6140,-10.4334,lowZ?,Loop07a,N,N,N,N,NaN,N,Field,UCS+BANYAN,2.5,2.5(+4.3/-2),null,NaN,NaN,NaN,NaN,NaN,null,NaN,NaN,NaN,null,null,NaN,NaN,NaN,null,null,NaN,NaN,NaN,null,null,NaN,NaN,NaN,null,null,NaN,NaN,NaN,null,null,NaN,NaN,NaN,NaN,NaN,NaN,null,2MASS J07290002-3954043,112.250104,-39.901222,1999-02-11,15.920,0.077,Cutr03,15.979,0.183,Cutr03,15.290,NaN,Cutr03,000,null,16.596,0.092,Best21,15.658,0.077,Best21,16.053,0.095,Best21,16.504,0.097,Best21,NaN,NaN,null,NaN,NaN,null,CWISE J072859.24-395337.2,112.2501075,-39.9008143,112.2468664,-39.8937530,Maro21,15.581,0.022,1.280,Maro21,13.002,0.007,1.460,Maro21,11.366,0.119,1.020,Cutr13,9.090,NaN,1.040,Cutr13,0000,1,0,14.47,0.01,12.95,0.01,Burn13,126,8,Fahe12,-581,5,1651,5,Maro21,NaN,NaN,null,126.30,8.30,Fahe12,-566.60,5.30,1643.40,5.50,1738.33,5.48,340.98,0.18,Fahe12,NaN,NaN,null,NaN,NaN,NaN,NaN,NaN,NaN,null,null,NaN,NaN,NaN,NaN,NaN,NaN,NaN,NaN,NaN,NaN,NaN,NaN,NaN,NaN,null,null,null,NaN,NaN,NaN,NaN,null,-581.3,4.9,1650.7,5.4,null,null,null,null,null,null,T8 pec,Loop07a,NaN,28,28,28,7.9,0.5,28.0,7.5,1.4,7.2,1.4,5.7,NaN,8.1,2.0,7.7,1.1,7.9,0.5,dist_plx_formula,SDSS photometry from Legg12; converted from GMOS system. Target for NPARSEC program (Smar13).,N,N,2MASS J07290002-3954043,112.2501040,-39.9012220,Cutr03,-566.600,5.300,1643.400,5.500,Fahe12,126.3000,8.3000,Fahe12,2MASS J07290002-3954043|TIC 173510894|WISEA J072859.49-395345.3|WISEP J072859.49-395346.7|WISE J072859.26-395404.1,Loop07a,NaN,NaN,NaN,NaN,null,FIELD (99.9%),CARN,0.000,pm+trig-plx,2MASS J07290002-3954043,https://simple-bd-archive.org/solo_result/2MASS%20J07290002-3954043,112.2447,-39.8891,CatWISE;Maro21,J0729-3954
SDSS J074149.15+235127.5,2MASS J07414920+2351275,Knap04,115.4549,23.8578,PS1,196.1579,21.2184,null,null,N,N,N,N,NaN,N,Field,UCS+BANYAN,2.5,2.5(+4.3/-2),PSO J115.4539+23.8569,115.4549,23.8578,115.4539,23.8569,56225.16,Magn20,NaN,NaN,NaN,null,null,NaN,NaN,NaN,null,null,NaN,NaN,NaN,null,null,20.6425,0.0665,6,C,Cham16,18.7045,0.0272,8,C,Cham16,NaN,NaN,NaN,NaN,NaN,NaN,null,2MASS J07414920+2351275,115.455039,23.857641,1997-12-04,16.158,0.101,Cutr03,15.838,NaN,Cutr03,15.847,NaN,Cutr03,000,ULAS J074149.18+23512.78,17.129,0.013,Lawr12,15.893,0.005,WFAU19,16.104,0.023,Lawr12,16.277,0.037,Lawr12,NaN,NaN,null,NaN,NaN,null,CWISE J074148.88+235124.3,115.4549106,23.8576828,115.4537239,23.8567836,Maro21,15.824,0.027,0.712,Maro21,14.114,0.017,0.957,Maro21,11.843,NaN,0.945,Cutr13,8.343,NaN,0.982,Cutr13,0000,2,0,15.02,0.02,14.03,0.02,Kirk21,73,3,Kirk21,-264.1,1.6,-220.1,1.5,Kirk21,NaN,NaN,null,73.20,3.40,Kirk21,-264.10,1.60,-220.10,1.50,343.79,1.57,230.19,0.26,Kirk21,NaN,NaN,null,53.0,3.7,-257.5,3.6,-220.1,2.5,Best20,null,NaN,NaN,NaN,NaN,NaN,NaN,NaN,NaN,NaN,NaN,NaN,NaN,NaN,NaN,null,null,null,-250.6,1.8,-171.7,7.1,Best18,-253.7,14.6,-210.2,16.8,null,null,null,null,null,null,T5,Burg06b,NaN,25,25,25,13.7,0.6,25.0,18.9,3.6,19.8,3.9,18.4,NaN,22.4,5.5,19.4,2.9,13.7,0.6,dist_plx_formula,null,Y,Y,2MASS J07414920+2351275,115.4550390,23.8576410,Cutr03,-257.500,3.600,-220.100,2.500,Best20,53.0000,3.7000,Best20,2MASS J07414920+2351275|SDSS J074149.14+235127.3|SDSS J074149.15+235127.5|SDSS J074149.14+235127.2|TIC 70586047|ULAS J074149.01+235126.0|WISEP J074148.97+235124.0|WISE J074148.96+235125.4,Knap04,-267.39,34.32,-233.24,24.98,Magn20,FIELD (99.9%),ARG,0.000,pm+trig-plx,2MASS J07414920+2351275,https://simple-bd-archive.org/solo_result/2MASS%20J07414920%2B2351275,115.4529,23.8562,PS1;Kirk21,J0741+2351
SDSS J075840.33+324723.4,2MASS J07584037+3247245,Knap04,119.6681,32.7900,Gaia23,188.1737,27.6002,specblend?,Burg10a;Bard15,N,N,N,N,NaN,N,Field,UCS+BANYAN,2.5,2.5(+4.3/-2),PSO J119.6673+32.7889,119.6681,32.7901,119.6673,32.7890,55689.36,Magn20,NaN,NaN,NaN,null,null,NaN,NaN,NaN,null,null,NaN,NaN,NaN,null,null,18.7068,0.0151,8,C,Cham16,17.1791,0.0183,9,C,Cham16,21.9165,0.1741,20.9046,0.0194,19.0547,0.0770,Gaia23,2MASS J07584037+3247245,119.668227,32.790154,1998-05-05,14.947,0.045,Cutr03,14.111,0.057,Cutr03,13.879,0.057,Cutr03,000,null,15.813,0.050,Schn23b;UCS_24,14.720,0.005,Schn23b,14.210,0.040,Pena15,13.775,0.006,Schn23b,11.97,0.03,Goli04a,12.55,0.07,Goli04a,CWISE J075840.07+324718.8,119.6681621,32.7900036,119.6669943,32.7885885,Maro21,13.063,0.013,0.673,Maro21,12.198,0.009,0.839,Maro21,10.670,0.099,1.010,Cutr13,8.625,NaN,1.000,Cutr13,0000,1,0,12.41,0.01,12.13,0.01,Legg07,91.9,1.7,Gaia23,-224.4,2.9,-331.5,1.8,Gaia23,NaN,NaN,null,101.30,3.30,Kirk21,-227.40,1.10,-330.20,1.00,400.93,1.03,214.55,0.15,Kirk21,27.00,72.00,Adel08,93.7,4.4,-232.1,6.6,-335.6,4.7,Best20,O,119.6681290,32.7899971,119.6669464,32.7885208,91.9295,1.7397,-224.440,2.868,-331.532,1.816,1.137,10,NaN,NaN,null,881250430700478080,881250430700478080,-228.4,3.5,-332.7,2.3,Best18,-229.5,4.7,-330.8,4.9,null,null,null,null,T3,Pine16,T2,Burg06b,23,22,22,22,10.88,0.2,22.0,11.1,1.9,11.4,1.7,12.0,2.1,10.9,1.0,10.3,1.3,10.88,0.2,dist_plx_formula,null,Y,Y,2MASS J07584037+3247245,119.6681324,32.7899958,Gaia21a,-224.440,2.868,-331.532,1.816,Gaia21a,91.9295,1.7397,Gaia21a,2MASS J07584037+3247245|SDSS J075840.32+324723.3|SDSS J075840.33+324723.4|SDSS J075840.32+324723.2|TIC 43103262|WISEP J075840.16+324721.0|WISE J075840.16+324720.6|Gaia DR3 881250430700478080,Knap04,-213.65,17.47,-354.61,11.59,Magn20,CARN (76.8%); ARG (14.9%); BPMG (7.6%); FIELD (0.7%),CARN,0.768,pm+trig-plx,2MASS J07584037+3247245,https://simple-bd-archive.org/solo_result/2MASS%20J07584037%2B3247245,119.6662,32.7876,Gaia23,J0758+3247
DENIS J081730.0-615520,2MASS J08173001-6155158,Arti10,124.3750,-61.9210,Gaia23,276.0539,-14.3993,null,null,N,N,N,N,NaN,N,Field,UCS+BANYAN,2.5,2.5(+4.3/-2),null,NaN,NaN,NaN,NaN,NaN,null,NaN,NaN,NaN,null,null,NaN,NaN,NaN,null,null,NaN,NaN,NaN,null,null,NaN,NaN,NaN,null,null,NaN,NaN,NaN,null,null,21.7424,0.1772,20.0352,0.0073,18.2311,0.0217,Gaia23,2MASS J08173001-6155158,124.375045,-61.921062,2000-01-02,13.613,0.024,Cutr03,13.526,0.043,Cutr03,13.520,0.043,Cutr03,000,null,NaN,NaN,null,13.280,0.010,McMa13,13.500,0.030,Fahe12,13.520,0.040,Fahe12,NaN,NaN,null,NaN,NaN,null,CWISE J081729.63-615457.4,124.3748825,-61.9210514,124.3734595,-61.9162710,Maro21,12.972,0.012,1.900,Maro21,11.282,0.009,1.770,Maro21,9.661,0.033,0.909,Cutr13,9.273,0.433,0.886,Cutr13,0000,1,0,12.24,0.02,11.30,0.02,Kirk19,191.8,0.4,Gaia23,-156.5,0.5,1099.4,0.5,Gaia23,NaN,NaN,null,203.00,13.00,Arti10,-336.00,54.00,1095.00,41.00,1145.39,42.28,342.94,2.65,Arti10,NaN,NaN,null,NaN,NaN,NaN,NaN,NaN,NaN,null,O,124.3749924,-61.9210167,124.3735199,-61.9161301,191.8362,0.4186,-156.451,0.507,1099.366,0.503,1.243,25,NaN,NaN,null,5278042880077383040,5278042880077383040,NaN,NaN,NaN,NaN,null,-156.6,22.7,1117.5,7.2,null,null,null,null,null,null,T6,Arti10,NaN,26,26,26,5.214,0.011,26.0,5.1,0.9,5.1,1.0,4.9,1.3,4.8,1.2,4.7,0.7,5.214,0.011,dist_plx_formula,Target for NPARSEC program (Smar13).,N,N,2MASS J08173001-6155158,124.3749953,-61.9210163,Gaia21a,-156.451,0.507,1099.366,0.503,Gaia21a,191.8362,0.4186,Gaia21a,2MASS J08173001-6155158|DENIS J081730.0-615520|TIC 309290163|WISEA J081729.76-615503.8|WISEP J081729.74-615504.1|Gaia DR2 5278042880077383040|Gaia DR3 5278042880077383040,Luca10,NaN,NaN,NaN,NaN,null,FIELD (99.9%),ARG,0.000,pm+trig-plx,2MASS J08173001-6155158,https://simple-bd-archive.org/solo_result/2MASS%20J08173001-6155158,124.3726,-61.9132,Gaia23,J0817-6155
WISEPA J081958.05-033529.0,2MASS J08195820-0335266,Kirk11,124.9924,-3.5908,PS1,226.7390,17.8239,specblend?;BPMG?,Zhan21a,N,N,N,N,NaN,YMG?,BPMG?,UCS+BANYAN,0.024,0.024(+0.003/-0.003)?,PSO J124.9917-03.5913,124.9924,-3.5908,124.9918,-3.5913,55949.94,Magn20,NaN,NaN,NaN,null,null,NaN,NaN,NaN,null,null,NaN,NaN,NaN,null,null,19.1127,0.0141,12,C,Cham16,17.4198,0.0072,13,C,Cham16,NaN,NaN,NaN,NaN,NaN,NaN,null,2MASS J08195820-0335266,124.992527,-3.590735,1998-12-11,14.991,0.044,Cutr03,14.638,0.105,Cutr03,14.6000,0.0100,McMa13,000,null,15.942,0.054,Best21,14.780,0.020,Best20,14.595,0.054,Best21,14.640,0.054,Best21,NaN,NaN,null,NaN,NaN,null,CWISE J081957.98-033529.3,124.9924488,-3.5908302,124.9916087,-3.5914847,Maro21,14.294,0.015,0.640,Maro21,13.074,0.011,0.755,Maro21,12.314,0.488,0.874,Cutr13,8.499,NaN,0.828,Cutr13,0000,1,0,13.61,0.02,13.07,0.02,Kirk11,71.4,2.2,Kirk21,-191.2,0.8,-161.7,0.7,Kirk21,NaN,NaN,null,71.36,2.23,Kirk21,-191.24,0.79,-161.72,0.66,250.45,0.74,229.78,0.16,Kirk21,NaN,NaN,null,71.7,3.3,-198.7,2.6,-166.5,2.2,Best20,null,NaN,NaN,NaN,NaN,NaN,NaN,NaN,NaN,NaN,NaN,NaN,NaN,NaN,NaN,null,null,null,-194.9,3.5,-160.8,3.7,Best18,-196.0,6.6,-153.0,7.6,null,null,null,null,T4,Pine16,T4,Kirk11,24,24,24,24,14,0.4,24.0,11.0,3.2,11.5,3.4,12.0,3.3,12.7,3.4,13.3,3.4,14,0.4,dist_plx_formula,"Target for NPARSEC program (Smar13). Parallax is cited in Kirk21 to ""NPARSEC unpblished (R. L. Smart 2020 private communication)"". Zhan21a find this object is a weak binary candidate and a kinematic member candidate of beta Pic.",Y,Y,2MASS J08195820-0335266,124.9925270,-3.5907350,Cutr03,-198.700,2.600,-166.500,2.200,Best20,71.7000,3.3000,Best20,2MASS J08195820-0335266|TIC 178652411|WISEA J081958.04-033528.5|WISEP J081958.05-033529.0|WISE J081958.05-033528.5|EQ J0819-0335,Kirk11,-190.41,7.09,-151.40,6.73,Magn20,BPMG (89.2%); FIELD (10.8%),BPMG,0.892,pm+trig-plx,WISE J081958.05-033528.5,https://simple-bd-archive.org/solo_result/WISE%20J081958.05-033528.5,124.9911,-3.5920,PS1;Kirk21,J0819-0335
2MASSI J0825196+211552,2MASSI J0825196+211552,Kirk00,126.3317,21.2643,Gaia23,202.7506,29.7175,null,null,N,N,N,N,NaN,N,FLD-G,UCS+BANYAN;UCS_23b,2.98,2.98(+4.07/-2.08),PSO J126.3298+21.2632,126.3317,21.2643,126.3299,21.2633,56032.32,Magn20,NaN,NaN,NaN,null,null,NaN,NaN,NaN,null,null,20.5920,0.0203,8,C,Cham16,18.2732,0.0217,5,C,Cham16,17.2187,0.0106,6,C,Cham16,21.2856,0.2014,20.4201,0.0081,18.7590,0.0322,Gaia23,2MASS J08251968+2115521,126.332019,21.264479,1998-01-09,15.100,0.034,Cutr03,13.792,0.026,Cutr03,13.028,0.026,Cutr03,000,null,16.030,0.030,Legg02a,15.014,0.005,Schn23b,13.810,0.030,Legg02a,12.982,0.003,Schn23b,11.53,0.03,Legg02a,NaN,NaN,null,CWISE J082518.97+211546.1,126.3317669,21.2644617,126.3293102,21.2629897,Maro21,12.200,0.012,1.270,Maro21,11.677,0.009,1.360,Maro21,10.509,0.096,0.904,Cutr13,8.701,NaN,1.020,Cutr13,0000,1,1,11.70,0.03,11.59,0.01,Patt06,92.6,0.8,Gaia23,-504.5,0.9,-302.7,0.7,Gaia23,NaN,NaN,null,93.19,0.59,Dahn17,-504.76,0.53,-287.91,0.88,581.10,0.20,240.30,0.10,Dahn17,66.00,321.00,Abaz09,NaN,NaN,NaN,NaN,NaN,NaN,null,O,126.3317184,21.2643185,126.3293152,21.2629738,92.6006,0.8221,-504.454,0.896,-302.671,0.691,1.111,15,NaN,NaN,null,664214600677732864,664214600677732864,-503.3,1.7,-301.4,2.0,Best18,-535.2,4.4,-344.1,4.5,null,null,FLD-G,UCS_23b,L7.5,Kirk00,L7 pec,Knap04,17.5,17,17.5,17.5,10.8,0.09,17.5,13.8,2.1,13.9,2.2,12.7,2.0,12.1,1.7,11.1,1.6,10.8,0.09,dist_plx_formula,Knap04 find near-IR spectral type L6. Included in the MLT spectral compilation of Test09.,Y,Y,2MASSI J0825196+211552,126.3317190,21.2643193,Gaia21a,-504.454,0.896,-302.671,0.691,Gaia21a,92.6006,0.8221,Gaia21a,2MASS J08251968+2115521|2MASSI J0825196+211552|2MASSW J0825196+211552|2MUCD 10721|SDSS J082519.45+211550.2|TIC 14604618|WISEA J082519.23+211548.3|WISEP J082519.24+211548.5|[B2006] J082519.6+211552|Gaia DR2 664214600677732864|Gaia DR3 664214600677732864,Noll00,-509.46,17.28,-310.58,16.87,Magn20,FIELD (99.9%),ARG,0.000,pm+trig-plx,2MASS J08251968+2115521,https://simple-bd-archive.org/solo_result/2MASS%20J08251968%2B2115521,126.3279,21.2622,Gaia23,J0825+2115
SDSSp J083008.12+482847.4,2MASS J08300825+4828482,Geba02,127.5340,48.4799,Gaia23,171.0475,35.9934,null,null,N,N,N,N,NaN,N,Field,UCS+BANYAN,2.5,2.5(+4.3/-2),PSO J127.5288+48.4772,127.5340,48.4799,127.5288,48.4773,55968.12,Magn20,NaN,NaN,NaN,null,null,NaN,NaN,NaN,null,null,21.1360,0.1150,14,R,Best18,18.5122,0.0074,6,C,Cham16,17.4588,0.0126,6,C,Cham16,21.5852,0.2801,20.7288,0.0122,19.0489,0.0771,Gaia23,2MASS J08300825+4828482,127.534390,48.480080,1999-01-14,15.444,0.048,Cutr03,14.343,0.038,Cutr03,13.676,0.038,Cutr03,000,null,16.250,0.030,Legg02a,15.220,0.030,Legg02a,14.400,0.030,Legg02a,13.727,0.005,Schn23b,11.98,0.05,Legg02a,12.75,0.15,Legg07,CWISE J083006.40+482834.3,127.5342380,48.4801542,127.5272276,48.4764920,Maro21,13.114,0.009,5.690,Maro21,12.678,0.007,5.370,Maro21,11.598,0.256,0.979,Cutr13,8.677,NaN,0.874,Cutr13,0000,2,0,12.40,0.01,12.50,0.02,Kirk21,80.6,2.1,Gaia23,-1016.6,2.2,-775,1.2,Gaia23,NaN,NaN,null,76.42,3.43,Vrba04,-1006.25,5.55,-769.90,4.73,1267.00,6.50,232.58,0.15,Vrba04,27.00,246.00,Adel08,NaN,NaN,NaN,NaN,NaN,NaN,null,O,127.5339584,48.4798737,127.5271378,48.4764290,80.6289,2.1127,-1016.565,2.184,-774.972,1.218,1.090,13,NaN,NaN,null,930822015518055808,930822015518055808,-1016.2,2.4,-772.0,2.3,Best18,-1086.4,4.3,-856.1,4.8,null,null,null,null,L8,Kirk08,L9:,Geba02,18,19,18,18,12.4,0.3,18.0,15.4,2.3,14.5,2.3,16.3,2.6,16.0,2.2,16.9,2.5,12.4,0.3,dist_plx_formula,null,Y,Y,2MASS J08300825+4828482,127.5339567,48.4798718,Gaia21a,-1016.565,2.184,-774.972,1.218,Gaia21a,80.6289,2.1127,Gaia21a,2MASS J08300825+4828482|2MUCD 20301|SDSS J083008.11+482847.4|SDSS J083008.12+482847.4|SDSS J083008.12+482847.5|SDSS J083008.11+482847.3|TIC 71163401|Gaia DR3 930822015518055808,Geba02,-1015.28,21.08,-771.35,16.01,Magn20,FIELD (99.9%),TAU,0.000,pm+trig-plx,2MASS J08300825+4828482,https://simple-bd-archive.org/solo_result/2MASS%20J08300825%2B4828482,127.5231,48.4744,Gaia23,J0830+4828
2MASSI J0835425-081923,2MASS J08354256-0819237,Cruz03,128.9272,-8.3232,Gaia23,233.1363,18.7213,lowg?,Liu_16,N,N,N,N,NaN,lowg?,FLD-G,Sang23,2.98,2.98(+4.07/-2.08),PSO J128.9254-08.3221,128.9272,-8.3232,128.9255,-8.3222,55819.24,Magn20,NaN,NaN,NaN,null,null,20.3876,0.0279,4,C,Cham16,18.2396,0.0105,2,C,Cham16,16.4958,0.0044,10,C,Cham16,15.4533,0.0046,4,C,Cham16,NaN,NaN,NaN,NaN,16.8473,0.0094,Gaia23,2MASS J08354256-0819237,128.927365,-8.323263,1999-01-23,13.169,0.024,Cutr03,11.938,0.021,Cutr03,11.136,0.021,Cutr03,000,null,14.369,0.054,Best21,13.040,0.020,Fahe12,11.990,0.020,Fahe12,11.080,0.020,Fahe12,NaN,NaN,null,NaN,NaN,null,CWISE J083541.88-081918.0,128.9275280,-8.3233354,128.9248190,-8.3218407,Maro21,10.613,0.016,1.700,Maro21,10.234,0.010,2.200,Maro21,9.472,0.039,0.867,Cutr13,8.402,NaN,0.916,Cutr13,0000,1,0,10.06,0.03,10.06,0.02,Patt06,138.31,0.21,Gaia23,-534.81,0.23,301.65,0.24,Gaia23,29.89,0.06,Blak10,137.49,0.39,Wein16,-527.88,0.11,298.20,0.14,606.28,0.12,299.46,0.01,Wein16,29.89,0.06,Blak10,NaN,NaN,NaN,NaN,NaN,NaN,null,O,128.9272156,-8.3231592,128.9248047,-8.3218184,138.3147,0.2145,-534.811,0.229,301.650,0.236,1.418,20,NaN,NaN,null,5753687109122994048,5753687109122994048,-533.5,1.6,307.5,1.1,Best18,-626.6,3.1,349.4,3.1,null,null,low?,Liu_16,L5,Cruz03,L4 pec,Gagn15c,15,14,15,15,7.23,0.011,15.0,7.6,2.2,7.2,2.1,7.3,2.0,7.0,1.9,7.7,2.0,7.23,0.011,dist_plx_formula,Maro13 find near-IR spectral type L4. Target for PARSEC program (Andr11a).,Y,Y,2MASS J08354256-0819237,128.9272143,-8.3231589,Gaia21a,-534.811,0.229,301.650,0.236,Gaia21a,138.3147,0.2145,Gaia21a,2MASS J08354256-0819237|2MASSI J0835425-081923|2MUCD 10742|TIC 51366173|V* V488 Hya|WISEA J083542.14-081920.1|[B2006] J083542.5-081923|EQ J0835-0819|Gaia DR3 5753687109122994048|Gaia DR2 5753687109122994048,Sali03b,-524.85,5.02,309.89,4.80,Magn20,FIELD (95.0%); CARN (5.0%),CARN,0.050,pm+trig-plx+rv,2MASS J08354256-0819237,https://simple-bd-archive.org/solo_result/2MASS%20J08354256-0819237,128.9234,-8.3210,Gaia23,J0835-0819
SDSSp J085758.45+570851.4,2MASS J08575849+5708514,Geba02,134.4936,57.1476,Gaia23,159.7090,39.5153,null,null,N,N,N,N,NaN,N,Field,UCS+BANYAN,2.5,2.5(+4.3/-2),PSO J134.4913+57.1464,134.4938,57.1476,134.4914,57.1464,55535.43,Magn20,NaN,NaN,NaN,null,null,NaN,NaN,NaN,null,null,20.8533,0.0692,5,C,Cham16,18.2029,0.0182,7,C,Cham16,17.1691,0.0101,4,C,Cham16,21.4832,0.1926,20.4464,0.0066,18.7701,0.0346,Gaia23,2MASS J08575849+5708514,134.493710,57.147617,1999-11-17,15.038,0.040,Cutr03,13.790,0.030,Cutr03,12.962,0.030,Cutr03,000,null,16.072,0.050,Schn23b;UCS_24,14.845,0.005,Schn23b,13.885,0.030,Best21,12.953,0.003,Schn23b,11.31,0.05,Legg02a,11.53,0.07,Legg02a;Legg07,CWISE J085757.60+570844.6,134.4939090,57.1478024,134.4904150,57.1459467,Maro21,12.109,0.012,1.600,Maro21,11.525,0.008,1.850,Maro21,10.317,0.063,0.997,Cutr13,8.639,0.353,0.977,Cutr13,0000,1,0,11.62,0.01,11.44,0.02,Patt06,72.7,0.7,Gaia23,-403,0.8,-387.6,0.6,Gaia23,NaN,NaN,null,77.20,3.50,Kirk21,-405.10,1.20,-387.40,1.20,560.52,1.19,226.28,0.12,Kirk21,156.00,135.00,Adel08,71.3,1.8,-396.9,2.3,-380.2,3.0,Best20,O,134.4936371,57.1476135,134.4903259,57.1458931,72.7197,0.7297,-403.003,0.768,-387.618,0.611,1.244,22,NaN,NaN,null,1037131492704550656,1037131492704550656,-402.5,2.5,-383.4,2.4,Best18,-443.1,3.4,-433.8,2.9,null,null,null,null,L8,Kirk08,L8:,Geba02,18,18,18,18,13.76,0.13,18.0,12.8,1.9,12.2,2.0,11.7,1.8,11.2,1.5,9.9,1.5,13.76,0.13,dist_plx_formula,Gagn15c find near-IR spectral type L8-L9 pec.,Y,Y,2MASS J08575849+5708514,134.4936339,57.1476150,Gaia21a,-403.003,0.768,-387.618,0.611,Gaia21a,72.7197,0.7297,Gaia21a,2MASS J08575849+5708514|2MUCD 20320|SDSS J085758.44+570851.4|SDSS J085758.45+570851.4|SDSS J085758.45+570851.3|TIC 289602110|WISEA J085757.94+570847.3|WISEP J085757.95+570847.5|WISE J085757.95+570847.5|Gaia DR3 1037131492704550656|Gaia DR2 1037131492704550656,Zapa02c,-430.43,36.88,-393.38,24.28,Magn20,FIELD (99.7%); CARN (0.3%),CARN,0.003,pm+trig-plx,2MASS J08575849+5708514,https://simple-bd-archive.org/solo_result/2MASS%20J08575849%2B5708514,134.4884,57.1449,Gaia23,J0857+5708
2MASSI J0908380+503208,2MASS J09083803+5032088,Cruz03,137.1584,50.5356,Gaia23,168.0032,42.1283,null,null,N,N,N,N,NaN,N,FLD-G,Sang23,2.98,2.98(+4.07/-2.08),PSO J137.1562+50.5340,137.1584,50.5356,137.1563,50.5341,55788.61,Magn20,NaN,NaN,NaN,null,null,21.8306,0.0191,2,C,Cham16,19.9795,0.0054,6,C,Cham16,17.6224,0.0043,11,C,Cham16,16.5776,0.0061,4,C,Cham16,21.6244,0.1782,19.7630,0.0049,18.1033,0.0193,Gaia23,2MASS J09083803+5032088,137.158489,50.535782,1999-03-06,14.549,0.023,Cutr03,13.477,0.027,Cutr03,12.945,0.027,Cutr03,000,null,15.486,0.050,Schn23b;UCS_24,14.401,0.004,Schn23b,13.555,0.027,Best21,12.908,0.003,Schn23b,11.37,0.06,Goli04a,11.95,0.21,Goli04a,CWISE J090837.25+503200.0,137.1585382,50.5357514,137.1555420,50.5335881,Maro21,12.126,0.012,1.180,Maro21,11.705,0.010,1.400,Maro21,10.748,0.114,0.912,Cutr13,9.036,NaN,1.090,Cutr13,0000,1,0,11.67,0.02,11.66,0.01,Patt06,95.9,0.5,Gaia23,-414.7,0.5,-470.3,0.4,Gaia23,NaN,NaN,null,96.07,0.90,Dahn17,-413.37,0.86,-463.96,0.78,621.40,0.40,221.70,0.10,Dahn17,-3.00,42.00,Abaz09,95.2,4.0,-423.6,3.4,-467.5,2.9,Best20,O,137.1583710,50.5356140,137.1554718,50.5335236,95.9290,0.5493,-414.680,0.451,-470.261,0.393,1.211,20,NaN,NaN,null,1016186483391641216,1016186483389930752,-415.3,1.8,-471.0,2.3,Best18,-445.2,7.3,-505.7,2.9,null,null,FLD-G,Sang23,L5,Cruz03,L9:,Knap04,15,19,15,15,10.43,0.05,15.0,15.8,2.3,15.9,2.6,16.1,2.5,17.2,2.4,13.8,2.0,10.43,0.05,dist_plx_formula,null,Y,Y,2MASS J09083803+5032088,137.1583716,50.5356126,Gaia21a,-414.680,0.451,-470.261,0.393,Gaia21a,95.9290,0.5493,Gaia21a,2MASS J09083803+5032088|2MASSI J0908380+503208|2MUCD 10802|SDSS J090837.91+503207.5|TIC 150171368|WISEA J090837.55+503203.3|WISEP J090837.56+503203.6|Gaia DR2 1016186483389930752|Gaia DR3 1016186483391641216,Cruz03,-416.22,7.68,-469.16,7.02,Magn20,CARN (77.5%); FIELD (21.4%); ABDMG (0.9%); ARG (0.3%),CARN,0.775,pm+trig-plx,2MASS J09083803+5032088,https://simple-bd-archive.org/solo_result/2MASS%20J09083803%2B5032088,137.1537,50.5323,Gaia23,J0908+5032
WISE J092055.40+453856.3,2MASS J09205549+4539058,Mace13a,140.2312,45.6514,Gaia23,174.3641,44.7240,null,null,N,N,N,N,NaN,N,Field,UCS+BANYAN,2.5,2.5(+4.3/-2),PSO J140.2308+45.6487,140.2313,45.6514,140.2308,45.6487,55654.72,Magn20,NaN,NaN,NaN,null,null,NaN,NaN,NaN,null,null,21.5243,0.0772,5,C,Cham16,18.4719,0.0271,4,C,Cham16,17.2207,0.0165,6,C,Cham16,21.1710,0.2249,20.6683,0.0115,19.0089,0.0555,Gaia23,2MASS J09205549+4539058,140.231218,45.651619,1999-02-21,15.223,0.052,Cutr03,14.164,0.050,Cutr03,13.728,0.050,Cutr03,ccc,null,16.066,0.050,Schn23b;UCS_24,14.969,0.005,Schn23b,14.193,0.018,Best13,13.721,0.004,Schn23b,NaN,NaN,null,NaN,NaN,null,CWISE J092055.34+453850.2,140.2312824,45.6516537,140.2306582,45.6476741,Maro21,13.130,0.012,2.430,Maro21,12.491,0.010,1.560,Maro21,10.993,0.129,0.978,Cutr13,8.943,NaN,0.883,Cutr13,0000,2,1,12.58,0.01,12.44,0.02,Kirk21,81.3,1.5,Gaia23,-79.8,1.7,-857.2,1.2,Gaia23,NaN,NaN,null,88.90,4.70,Kirk21,-74.50,2.50,-852.30,2.60,855.55,2.60,185.00,0.17,Kirk21,NaN,NaN,null,79.4,3.9,-82.2,4.1,-852.6,2.4,Best20,O,140.2311859,45.6514091,140.2306771,45.6475989,81.2938,1.5323,-79.758,1.683,-857.188,1.167,1.633,16,NaN,NaN,null,818808375085298944,818808375085298944,-84.0,2.1,-854.1,2.6,Best18,-102.0,6.1,-930.3,6.6,null,null,null,null,null,null,L9.5,Best13,NaN,19.5,19.5,19.5,12.3,0.23,19.5,12.6,2.1,11.9,1.8,14.5,2.6,13.4,1.3,13.9,1.8,12.3,0.23,dist_plx_formula,Mace13a find near-IR spectral type L9 sb?.,Y,Y,2MASS J09205549+4539058,140.2311842,45.6514087,Gaia21a,-79.758,1.683,-857.188,1.167,Gaia21a,81.2938,1.5323,Gaia21a,2MASS J09205549+4539058|PSO J140.2308+45.6487|TIC 105377256|WISEA J092055.41+453855.9|WISE J092055.40+453856.3|EQ J0920+4538|Gaia DR3 818808375085298944,Aber11,-106.98,27.56,-864.12,33.16,Magn20,FIELD (99.9%),LCC,0.000,pm+trig-plx,WISE J092055.40+453856.3,https://simple-bd-archive.org/solo_result/WISE%20J092055.40%2B453856.3,140.2304,45.6453,Gaia23,J0920+4539
2MASSI J0937347+293142,2MASSI J0937347+293142,Burg02a,144.3952,29.5282,CatWISE,197.8477,47.5801,lowZ?,Burg03d,N,N,N,N,NaN,N,Field,UCS+BANYAN,2.5,2.5(+4.3/-2),PSO J144.3989+29.5236,NaN,NaN,144.3990,29.5237,55960.08,Magn20,NaN,NaN,NaN,null,null,NaN,NaN,NaN,null,null,NaN,NaN,NaN,null,null,19.0177,0.0684,2,C,Cham16,17.0233,0.0205,4,C,Cham16,NaN,NaN,NaN,NaN,NaN,NaN,null,2MASS J09373487+2931409,144.395332,29.528053,2000-04-02,14.648,0.036,Cutr03,14.703,0.130,Cutr03,15.267,0.130,Cutr03,000,null,15.194,0.050,Schn23b;UCS_24,14.305,0.004,Schn23b,14.670,0.030,Knap04,15.415,0.016,Schn23b,12.34,0.05,Goli04a,11.74,0.11,Goli04a,CWISE J093735.98+293120.8,144.3952110,29.5281827,144.3999196,29.5224928,Maro21,14.093,0.012,1.110,Maro21,11.674,0.007,2.320,Maro21,10.696,0.101,0.839,Cutr13,8.373,NaN,1.010,Cutr13,0000,1,0,13.16,0.02,11.69,0.02,Kirk19,163.4,1.8,Schi09,955.2,1.2,-1319.8,1.2,Schi09,NaN,NaN,null,163.39,1.76,Schi09,955.15,1.24,-1319.78,1.21,1629.15,1.22,144.11,0.04,Schi09,NaN,NaN,null,NaN,NaN,NaN,NaN,NaN,NaN,null,null,NaN,NaN,NaN,NaN,NaN,NaN,NaN,NaN,NaN,NaN,NaN,NaN,NaN,NaN,null,null,null,941.1,3.0,-1321.6,2.4,Best18,957.8,3.8,-1330.1,4.2,null,null,null,null,T7,Burg03d,T6 pec,Burg06b,27,26,26,26,6.12,0.07,26.0,8.3,1.5,8.1,1.6,11.1,3.0,11.5,2.8,5.6,0.8,6.12,0.07,dist_plx_formula,SDSS photometry from Legg12; converted from GMOS system.,Y,Y,2MASSI J0937347+293142,144.3953320,29.5280530,Cutr03,973.000,6.000,-1298.000,5.000,Fahe09,163.3900,1.7600,Fahe12,2MASS J09373487+2931409|2MASSI J0937347+293142|SDSS J093735.17+293135.7|TIC 330794872|WISEA J093735.63+293127.2|WISEP J093735.61+293127.7|WISE J093735.61+293127.7|EQ J0937+2931,Burr02,NaN,NaN,NaN,NaN,null,FIELD (99.9%),UCL,0.000,pm+trig-plx,2MASS J09373487+2931409,https://simple-bd-archive.org/solo_result/2MASS%20J09373487%2B2931409,144.4030,29.5188,CatWISE;Schi09,J0937+2931
2MASS J09393548-2448279,2MASS J09393548-2448279,Tinn05b,144.8979,-24.8077,CatWISE,256.9122,20.4658,lowZ?;over-L,Burg06c;Burg08d;Legg09;Kirk19,N,N,N,N,NaN,N,Field,UCS+BANYAN,2.5,2.5(+4.3/-2),PSO J144.8997-24.8109,NaN,NaN,144.8998,-24.8109,55581.87,Magn20,NaN,NaN,NaN,null,null,NaN,NaN,NaN,null,null,NaN,NaN,NaN,null,null,20.3415,0.1048,2,C,Cham16,18.4635,0.0624,4,C,Cham16,NaN,NaN,NaN,NaN,NaN,NaN,null,2MASS J09393548-2448279,144.897874,-24.807762,2000-02-10,15.980,0.106,Cutr03,15.797,NaN,Cutr03,16.8300,0.0800,McMa13,000,null,16.470,0.090,Legg09,15.610,0.090,Legg09,15.960,0.090,Legg09,16.830,0.090,Legg09,NaN,NaN,null,NaN,NaN,null,CWISE J093936.13-244844.3,144.8978556,-24.8077105,144.9005315,-24.8122218,Maro21,14.924,0.018,1.070,Maro21,11.618,0.008,1.990,Maro21,10.667,0.086,1.020,Cutr13,8.990,NaN,1.120,Cutr13,0000,1,0,13.77,0.02,11.62,0.02,Kirk19,187,5,Burg08d,573.4,2.3,-1044.7,2.5,Burg08d,NaN,NaN,null,187.30,4.60,Burg08d,573.40,2.30,-1044.70,2.50,1191.72,2.46,151.24,0.11,Burg08d,NaN,NaN,null,NaN,NaN,NaN,NaN,NaN,NaN,null,null,NaN,NaN,NaN,NaN,NaN,NaN,NaN,NaN,NaN,NaN,NaN,NaN,NaN,NaN,null,null,null,564.1,3.3,-1047.4,3.6,Best18,567.8,3.9,-1054.6,4.7,null,null,null,null,T8,Pine16,T8,Burg06b,28,28,28,28,5.35,0.14,28.0,7.7,1.5,7.0,1.4,11.5,3.0,9.4,2.3,4.1,0.6,5.35,0.14,dist_plx_formula,Target for NPARSEC program (Smar13).,Y,Y,2MASS J09393548-2448279,144.8978740,-24.8077620,Cutr03,558.100,5.800,-1030.500,5.600,Fahe12,196.0000,10.4000,Fahe12,2MASS J09393548-2448279|TIC 314997365|WISEA J093935.93-244838.9|WISE J093935.91-244838.5,Tinn05b,NaN,NaN,NaN,NaN,null,FIELD (99.9%),UCL,0.000,pm+trig-plx,2MASS J09393548-2448279,https://simple-bd-archive.org/solo_result/2MASS%20J09393548-2448279,144.9023,-24.8151,CatWISE;Burg08d,J0939-2448
2MASSI J1047538+212423,2MASSW J1047539+212423,Burg99,161.9735,21.4063,CatWISE,217.6567,61.3440,null,null,N,N,N,N,NaN,N,Field,UCS+BANYAN,2.5,2.5(+4.3/-2),PSO J161.9678+21.4047,NaN,NaN,161.9679,21.4047,55607.65,Magn20,NaN,NaN,NaN,null,null,NaN,NaN,NaN,null,null,NaN,NaN,NaN,null,null,20.1130,0.1330,9,R,Best18,18.3699,0.0189,4,C,Cham16,NaN,NaN,NaN,NaN,NaN,NaN,null,2MASS J10475385+2124234,161.974394,21.406519,1998-01-29,15.819,0.059,Cutr03,15.797,NaN,Cutr03,16.408,NaN,Cutr03,000,null,16.440,0.030,Legg02a,15.458,0.008,Schn23b,15.830,0.030,Legg02a,16.200,0.030,Legg02a,NaN,NaN,null,NaN,NaN,null,CWISE J104751.75+212414.7,161.9735201,21.4062672,161.9657808,21.4041458,Maro21,15.350,0.017,0.719,Maro21,13.001,0.009,1.030,Maro21,11.864,0.312,0.991,Cutr13,9.009,NaN,0.937,Cutr13,0000,1,0,14.41,0.02,13.00,0.02,Kirk19,95,4,Vrba04,-1673,3,-500,6,Best18,NaN,NaN,null,94.73,3.81,Vrba04,-1662.11,7.48,-474.09,4.33,1728.40,7.70,254.08,0.13,Vrba04,NaN,NaN,null,NaN,NaN,NaN,NaN,NaN,NaN,null,null,NaN,NaN,NaN,NaN,NaN,NaN,NaN,NaN,NaN,NaN,NaN,NaN,NaN,NaN,null,null,null,-1672.8,3.1,-500.2,5.5,Best18,-1684.4,6.8,-495.9,7.7,null,null,null,null,T7,Burg03d,T6.5,Burg06b,27,26.5,26.5,26.5,10.5,0.4,26.5,12.7,2.4,12.2,2.4,16.2,NaN,14.0,3.4,9.8,1.4,10.5,0.4,dist_plx_formula,SDSS photometry from Legg12; converted from GMOS system. Active radio source (Rout12).,Y,Y,2MASSW J1047539+212423,161.9743940,21.4065190,Cutr03,-1714.000,7.000,-489.000,4.000,Fahe09,94.7300,3.8100,Fahe12,2MASSW J1047539+212423|2MASS J10475385+2124234|2MASSI J1047539+212423|2MASSI J1047538+212423|TIC 95838193|WISEA J104752.35+212417.2|[B2006] J104753.9+212423,Burg99,NaN,NaN,NaN,NaN,null,FIELD (99.9%),CARN,0.000,pm+trig-plx,2MASS J10475385+2124234,https://simple-bd-archive.org/solo_result/2MASS%20J10475385%2B2124234,161.9608,21.4027,CatWISE;Best18,J1047+2124
2MASS J11145133-2618235,2MASS J11145133-2618235,Tinn05b,168.7131,-26.3066,CatWISE,277.3914,31.7309,null,null,N,N,N,N,NaN,N,Field,UCS+BANYAN,2.5,2.5(+4.3/-2),PSO J168.7019-26.3079,NaN,NaN,168.7019,-26.3079,55933.62,Magn20,NaN,NaN,NaN,null,null,NaN,NaN,NaN,null,null,NaN,NaN,NaN,null,null,20.3955,0.0460,2,C,Cham16,18.6004,0.0096,2,C,Cham16,NaN,NaN,NaN,NaN,NaN,NaN,null,2MASS J11145133-2618235,168.713905,-26.306545,1999-03-11,15.858,0.083,Cutr03,15.734,0.123,Cutr03,16.4700,0.0800,McMa13,000,null,16.360,0.050,Legg10a,15.650,0.010,McMa13,16.040,0.020,McMa13,16.540,0.050,Legg10a,NaN,NaN,null,NaN,NaN,null,CWISE J111447.51-261830.0,168.7130916,-26.3066021,168.6986943,-26.3082589,Maro21,15.256,0.019,1.580,Maro21,12.304,0.007,2.240,Maro21,11.346,0.179,1.120,Cutr13,9.031,NaN,1.010,Cutr13,0000,1,0,14.19,0.02,12.35,0.02,Kirk19,179.2,1.4,Dupu12,-3021.5,1.8,-389.5,2.1,Dupu12,NaN,NaN,null,179.20,1.40,Dupu12,-3021.50,1.80,-389.50,2.10,3046.50,1.81,262.65,0.04,Dupu12,NaN,NaN,null,NaN,NaN,NaN,NaN,NaN,NaN,null,null,NaN,NaN,NaN,NaN,NaN,NaN,NaN,NaN,NaN,NaN,NaN,NaN,NaN,NaN,null,null,null,-3022.5,2.8,-382.1,7.8,Best18,-3017.0,9.1,-387.3,10.2,null,null,null,null,T8,Pine16,T7.5,Burg06b,28,27.5,27.5,27.5,5.58,0.04,27.5,9.2,1.7,9.2,1.8,11.9,3.1,10.7,2.6,6.1,0.9,5.58,0.04,dist_plx_formula,SDSS photometry from Legg12; converted from GMOS system. Target for NPARSEC program (Smar13).,Y,Y,2MASS J11145133-2618235,168.7139050,-26.3065450,Cutr03,-2927.200,7.000,-374.200,7.200,Fahe12,176.8000,7.0000,Fahe12,2MASS J11145133-2618235|TIC 20489807|WISEA J111448.74-261827.9|WISEP J111448.80-261828.2,Tinn05b,NaN,NaN,NaN,NaN,null,FIELD (99.9%),USCO,0.000,pm+trig-plx,2MASS J11145133-2618235,https://simple-bd-archive.org/solo_result/2MASS%20J11145133-2618235,168.6892,-26.3094,CatWISE;Dupu12,J1114-2618
2MASS J11220826-3512363,2MASS J11220826-3512363,Tinn05b,170.5344,-35.2102,Gaia23,283.0407,24.1887,null,null,N,N,N,N,NaN,N,Field,UCS+BANYAN,2.5,2.5(+4.3/-2),null,NaN,NaN,NaN,NaN,NaN,null,NaN,NaN,NaN,null,null,NaN,NaN,NaN,null,null,NaN,NaN,NaN,null,null,NaN,NaN,NaN,null,null,NaN,NaN,NaN,null,null,21.6967,0.2636,20.9646,0.0186,19.1644,0.0426,Gaia23,2MASS J11220826-3512363,170.534441,-35.210102,1999-03-24,15.019,0.039,Cutr03,14.358,0.066,Cutr03,14.383,0.066,Cutr03,000,null,15.968,0.051,usyn24,14.830,0.010,McMa13,14.359,0.051,usyn24,14.347,0.051,usyn24,NaN,NaN,null,NaN,NaN,null,CWISE J112208.07-351240.4,170.5344542,-35.2101051,170.5336416,-35.2112485,Maro21,13.906,0.014,0.776,Maro21,12.832,0.010,0.797,Maro21,11.787,0.278,0.967,Cutr13,8.595,NaN,1.130,Cutr13,0000,1,0,13.22,0.01,12.79,0.02,Kirk21,75.4,1.6,Gaia23,-146.4,3,-259,1.5,Gaia23,NaN,NaN,null,78.61,5.96,Smar18,-131.73,0.65,-263.52,1.34,294.61,1.24,206.56,0.16,Smar18,NaN,NaN,null,NaN,NaN,NaN,NaN,NaN,NaN,null,O,170.5344086,-35.2101631,170.5336151,-35.2113113,75.4380,1.6056,-146.429,2.979,-259.039,1.474,1.134,13,NaN,NaN,null,5399148382157293696,5399148382157293696,NaN,NaN,NaN,NaN,null,-155.2,5.9,-267.3,6.3,null,null,null,null,null,null,T2,Burg06b,NaN,22,22,22,13.26,0.28,22.0,11.5,1.9,12.0,1.8,15.1,2.7,14.1,1.4,13.8,1.8,13.26,0.28,dist_plx_formula,Target for PARSEC program (Andr11a). Target for NPARSEC program (Smar13).,N,N,2MASS J11220826-3512363,170.5344103,-35.2101613,Gaia21a,-146.429,2.979,-259.039,1.474,Gaia21a,75.4380,1.6056,Gaia21a,2MASS J11220826-3512363|TIC 57183112|WISEP J112208.14-351239.7|Gaia DR2 5399148382157293696|Gaia DR3 5399148382157293696,Tinn05b,NaN,NaN,NaN,NaN,null,FIELD (99.9%),UCL,0.000,pm+trig-plx,2MASS J11220826-3512363,https://simple-bd-archive.org/solo_result/2MASS%20J11220826-3512363,170.5331,-35.2120,Gaia23,J1122-3512
2MASSW J1155395-372735,2MASS J11553952-3727350,Gizi02b,178.9147,-37.4599,Gaia23,290.8357,24.0982,null,null,N,N,N,N,NaN,N,Field,UCS+BANYAN,2.5,2.5(+4.3/-2),null,NaN,NaN,NaN,NaN,NaN,null,NaN,NaN,NaN,null,null,NaN,NaN,NaN,null,null,NaN,NaN,NaN,null,null,NaN,NaN,NaN,null,null,NaN,NaN,NaN,null,null,20.8240,0.1108,17.6515,0.0032,16.0800,0.0052,Gaia23,2MASS J11553952-3727350,178.914696,-37.459740,1999-04-15,12.811,0.024,Cutr03,12.040,0.021,Cutr03,11.462,0.021,Cutr03,000,null,13.906,0.054,Best21,12.730,0.020,Fahe12,12.070,0.030,Fahe12,11.430,0.020,Fahe12,NaN,NaN,null,NaN,NaN,null,CWISE J115539.59-372749.0,178.9146270,-37.4596278,178.9149606,-37.4633105,Maro21,11.140,0.012,1.200,Maro21,10.837,0.008,2.250,Maro21,10.232,0.058,1.080,Cutr13,8.802,NaN,0.788,Cutr13,0000,1,0,10.74,0.02,10.75,0.02,Patt06,84.73,0.15,Gaia23,42.97,0.16,-791.1,0.11,Gaia23,46,2,Burg15b,84.36,0.85,Wein16,53.74,0.19,-784.49,0.27,786.33,0.27,176.08,0.01,Wein16,46.00,2.00,Burg15b,NaN,NaN,NaN,NaN,NaN,NaN,null,O,178.9147339,-37.4598618,178.9149780,-37.4633789,84.7296,0.1496,42.968,0.155,-791.104,0.114,0.843,19,NaN,NaN,null,3460806448649173504,3460806448649173504,NaN,NaN,NaN,NaN,null,61.9,2.3,-860.9,2.6,null,null,null,null,L2,Gizi02b,L2.3,Bard14,12,12.3,12,12,11.802,0.021,12.0,12.5,2.2,13.3,2.0,12.2,2.1,13.5,1.8,12.4,0.9,11.802,0.021,dist_plx_formula,null,N,N,2MASS J11553952-3727350,178.9147341,-37.4598619,Gaia21a,42.968,0.155,-791.104,0.114,Gaia21a,84.7296,0.1496,Gaia21a,2MASS J11553952-3727350|2MASSW J1155395-372735|2MUCD 20431|TIC 165231308|WISEA J115539.57-372743.9|Gaia DR2 3460806448649173504|Gaia DR3 3460806448649173504,Gizi02b,NaN,NaN,NaN,NaN,null,FIELD (99.9%),UCL,0.000,pm+trig-plx+rv,2MASS J11553952-3727350,https://simple-bd-archive.org/solo_result/2MASS%20J11553952-3727350,178.9151,-37.4655,Gaia23,J1155-3727
2MASSI J1217110-031113,2MASS J12171110-0311131,Burg99,184.2958,-3.1869,PS1,286.3617,58.5784,null,null,N,N,N,N,NaN,N,Field,UCS+BANYAN,2.5,2.5(+4.3/-2),PSO J184.2921-03.1866,184.2958,-3.1869,184.2921,-3.1867,56295.44,Magn20,NaN,NaN,NaN,null,null,NaN,NaN,NaN,null,null,NaN,NaN,NaN,null,null,20.3358,0.0273,7,C,Cham16,18.5426,0.0186,4,C,Cham16,NaN,NaN,NaN,NaN,NaN,NaN,null,2MASS J12171110-0311131,184.296262,-3.186993,1999-01-30,15.860,0.061,Cutr03,15.748,NaN,Cutr03,15.887,NaN,Cutr03,000,ULAS J121710.26-031112.1,16.799,0.013,WFAU19,15.537,0.006,WFAU19,15.971,0.012,WFAU19,15.920,0.030,Legg02a,13.96,0.05,Legg02a,NaN,NaN,null,CWISE J121709.86-031111.8,184.2960827,-3.1867664,184.2913947,-3.1866312,Maro21,15.425,0.022,1.430,Maro21,13.267,0.012,1.130,Maro21,11.704,0.264,0.980,Cutr13,8.964,NaN,1.020,Cutr13,0000,1,0,14.75,0.02,13.29,0.02,Kirk19,91.7,2.2,Tinn03b;Kirk19,-1054.4,1.7,75.6,1.8,Tinn03b,NaN,NaN,null,91.70,2.20,Tinn03b;Kirk19,-1054.39,1.70,75.58,1.84,1057.10,1.70,274.10,0.10,Tinn03b,NaN,NaN,null,NaN,NaN,NaN,NaN,NaN,NaN,null,null,NaN,NaN,NaN,NaN,NaN,NaN,NaN,NaN,NaN,NaN,NaN,NaN,NaN,NaN,null,null,null,-1058.0,2.0,71.3,3.2,Best18,-1094.2,9.7,31.6,11.2,null,null,null,null,T7,Burg03d,T7.5,Burg06b,27,27.5,27.5,27.5,10.91,0.26,27.5,9.2,1.7,8.7,1.7,9.1,NaN,8.1,2.0,9.5,1.4,10.91,0.26,dist_plx_formula,Burg03b report a possible companion detection but this is refuted by Burg06e.,Y,Y,2MASS J12171110-0311131,184.2962620,-3.1869930,Cutr03,-1054.000,2.000,76.000,2.000,Fahe09,90.8000,2.2000,Fahe12,2MASS J12171110-0311131|2MASSI J1217110-031113|2MASSW J1217111-031113|SDSS J121711.19-031113.3|SDSS J121711.02-031113.0|TIC 66628168|WDS J12172-0311AB|WISEP J121710.30-031113.2|[B2006] J121711.1-031113,Burg99,-1017.48,65.79,44.79,50.12,Magn20,FIELD (99.9%),CARN,0.000,pm+trig-plx,2MASS J12171110-0311131,https://simple-bd-archive.org/solo_result/2MASS%20J12171110-0311131,184.2883,-3.1863,PS1;Tinn03b,J1217-0311
WISE J122152.28-313600.8,2MASS J12215175-3136054,Mace13a,185.4657,-31.6014,CatWISE,295.5971,30.8488,null,null,N,N,N,N,NaN,N,Field,UCS+BANYAN,2.5,2.5(+4.3/-2),null,NaN,NaN,NaN,NaN,NaN,null,NaN,NaN,NaN,null,null,NaN,NaN,NaN,null,null,NaN,NaN,NaN,null,null,NaN,NaN,NaN,null,null,NaN,NaN,NaN,null,null,NaN,NaN,NaN,NaN,NaN,NaN,null,2MASS J12215175-3136054,185.465655,-31.601515,1999-04-04,16.377,0.134,Cutr03,16.058,0.183,Cutr03,15.8500,0.0400,McMa13,000,null,17.080,0.015,McMa13,15.813,0.012,McMa13,16.212,0.053,usyn24,15.954,0.053,usyn24,NaN,NaN,null,NaN,NaN,null,CWISE J122152.54-313558.6,185.4656833,-31.6013712,185.4687184,-31.5997401,Maro21,15.748,0.024,2.080,Maro21,13.910,0.033,1.120,Maro21,12.116,0.327,1.040,Cutr13,8.841,NaN,0.928,Cutr13,0000,1,0,15.09,0.02,13.89,0.02,Mace13a,76.8,2.2,Kirk21,590.9,1.1,403,1,Kirk21,NaN,NaN,null,76.80,2.20,Kirk21,590.90,1.10,403.00,1.00,715.24,1.07,55.71,0.08,Kirk21,NaN,NaN,null,NaN,NaN,NaN,NaN,NaN,NaN,null,null,NaN,NaN,NaN,NaN,NaN,NaN,NaN,NaN,NaN,NaN,NaN,NaN,NaN,NaN,null,null,null,NaN,NaN,NaN,NaN,null,604.3,17.5,381.3,19.7,null,null,null,null,null,null,T6.5,Mace13a,NaN,26.5,26.5,26.5,13,0.4,26.5,16.4,3.2,14.4,2.8,12.5,3.3,12.5,3.1,14.8,2.2,13,0.4,dist_plx_formula,null,N,N,2MASS J12215175-3136054,185.4656550,-31.6015150,Cutr03,611.000,1.900,396.700,2.300,Kirk19,73.8000,3.3000,Kirk19,2MASS J12215175-3136054|TIC 170585935|WISEA J122152.28-313600.7|WISE J122152.28-313600.8|EQ J1221-3136,Mace13a,NaN,NaN,NaN,NaN,null,FIELD (99.9%),USCO,0.000,pm+trig-plx,WISE J122152.28-313600.8,https://simple-bd-archive.org/solo_result/WISE%20J122152.28-313600.8,185.4706,-31.5985,CatWISE;Kirk21,J1221-3136
2MASS J12255432-2739466,2MASS J12255432-2739466,Burg99,186.4767,-27.6637,PS1,296.0396,34.8661,null,null,N+N,Y: Burg03b,N,N,NaN,N,Field,UCS+BANYAN,2.5,2.5(+4.3/-2),PSO J186.4779-27.6652,186.4767,-27.6637,186.4779,-27.6653,55845.60,Magn20,NaN,NaN,NaN,X,null,NaN,NaN,NaN,X,null,NaN,NaN,NaN,X,null,19.3575,0.0235,7,C,Cham16,17.6960,0.0136,8,C,Cham16,NaN,NaN,NaN,NaN,NaN,NaN,null,2MASS J12255432-2739466,186.476347,-27.662966,1998-07-04,15.260,0.047,Cutr03,15.098,0.148,Cutr03,15.1500,0.0200,McMa13,000,null,15.840,0.030,Legg02a,14.880,0.030,Legg02a,15.170,0.030,Legg02a,15.280,0.030,Legg02a,13.22,0.08,Legg02a,NaN,NaN,null,CWISE J122554.84-273958.5,186.4764217,-27.6628286,186.4783349,-27.6659732,Maro21,14.743,0.029,0.819,Maro21,12.870,0.022,1.420,Maro21,11.157,0.146,0.943,Cutr13,8.425,NaN,0.955,Cutr13,0000,1,0,13.90,0.02,12.75,0.02,Kirk19,76,2.5,Tinn03b;Kirk19,385,1.9,-628.2,2.6,Tinn03b,NaN,NaN,null,76.00,2.50,Tinn03b;Kirk19,384.98,1.87,-628.23,2.56,736.80,2.90,148.50,0.10,Tinn03b,NaN,NaN,null,NaN,NaN,NaN,NaN,NaN,NaN,null,null,NaN,NaN,NaN,NaN,NaN,NaN,NaN,NaN,NaN,NaN,NaN,NaN,NaN,NaN,null,null,null,373.7,3.6,-615.0,5.2,Best18,396.1,14.4,-735.1,15.2,null,null,null,null,T6,Burg03d,T6,Burg06b,26,26,26,26,13.2,0.4,25.5,13.4,2.5,13.3,2.6,13.2,3.5,13.9,3.4,NaN,NaN,13.2,0.4,dist_plx_formula,"binary: sep=0.282+/-0.005""; PA=250+/-7 (Burg03b). Target for PARSEC program (Andr11a). PS1 photometry is contaminated by a background galaxy in at least the gri bands.",Y,Y,2MASS J12255432-2739466,186.4763470,-27.6629660,Cutr03,374.840,1.330,-624.750,1.380,Smar18,75.1000,2.5000,Fahe12,2MASS J12255432-2739466|** BUG    2|2MASSI J1225543-273946|2MASSW J1225543-273947|TIC 443626421|WDS J12259-2740AB|WISEA J122554.66-273954.1|WISEP J122554.67-273954.0|WISE J122554.66-273953.9,Burg99,321.33,42.06,-481.20,72.25,Magn20,FIELD (99.9%),UCL,0.000,pm+trig-plx,2MASS J12255432-2739466,https://simple-bd-archive.org/solo_result/2MASS%20J12255432-2739466,186.4798,-27.6681,PS1;Tinn03b,J1225-2739
2MASS J12373919+6526148,2MASS J12373919+6526148,Burg99,189.4129,65.4373,CatWISE,125.2392,51.6293,null,null,N,N,N,N,NaN,N,Field,UCS+BANYAN,2.5,2.5(+4.3/-2),PSO J189.4048+65.4354,NaN,NaN,189.4048,65.4354,55856.10,Magn20,NaN,NaN,NaN,null,null,NaN,NaN,NaN,null,null,NaN,NaN,NaN,null,null,NaN,NaN,NaN,null,null,18.4291,0.0391,4,C,Cham16,NaN,NaN,NaN,NaN,NaN,NaN,null,2MASS J12373919+6526148,189.413318,65.437447,1999-03-13,16.053,0.086,Cutr03,15.739,0.145,Cutr03,16.058,NaN,Cutr03,0c0,null,16.700,0.090,Legg10a,15.560,0.100,Legg10a,15.940,0.100,Legg10a,16.400,0.100,Legg10a,NaN,NaN,null,NaN,NaN,null,CWISE J123736.29+652604.7,189.4128513,65.4373081,189.4022877,65.4348805,Maro21,15.474,0.019,0.811,Maro21,12.981,0.010,1.530,Maro21,11.939,0.224,1.020,Cutr13,8.868,NaN,1.080,Cutr13,0000,2,0,14.43,0.02,12.95,0.02,Kirk19,96,5,Vrba04,-1002,8,-525,6,Vrba04,NaN,NaN,null,96.07,4.78,Vrba04,-1002.01,8.17,-525.40,5.76,1131.40,8.90,242.33,0.23,Vrba04,NaN,NaN,null,NaN,NaN,NaN,NaN,NaN,NaN,null,null,NaN,NaN,NaN,NaN,NaN,NaN,NaN,NaN,NaN,NaN,NaN,NaN,NaN,NaN,null,null,null,-1002.0,3.3,-559.5,10.8,Best18,-1026.6,7.6,-567.5,7.7,null,null,null,null,T7,Burg03d,T6.5,Burg06b,27,26.5,26.5,26.5,10.4,0.5,26.5,14.1,2.7,12.8,2.6,13.8,NaN,15.4,3.8,9.7,1.4,10.4,0.5,dist_plx_formula,null,N,N,2MASS J12373919+6526148,189.4133180,65.4374470,Cutr03,-1002.000,8.000,-525.000,6.000,Fahe09,96.0700,4.7800,Fahe12,2MASS J12373919+6526148|2MASSI J1237392+652615|2MASSW J1237392+652615|SDSS J123738.88+652613.5|SDSS J123738.87+652613.4|SDSS J123739.35+652613.6|TIC 147681982|WISEP J123737.39+652608.2|WISE J123738.95+652620.3,Burg99,NaN,NaN,NaN,NaN,null,FIELD (99.9%),ABDMG,0.000,pm+trig-plx,2MASS J12373919+6526148,https://simple-bd-archive.org/solo_result/2MASS%20J12373919%2B6526148,189.3958,65.4336,CatWISE;Vrba04,J1237+6526
WISE J124629.65-313934.2,2MASS J12462965-3139280,Mace13a,191.6236,-31.6579,Gaia23,301.7020,31.2020,null,null,N,N,N,N,NaN,N,Field,UCS+BANYAN,2.5,2.5(+4.3/-2),null,NaN,NaN,NaN,NaN,NaN,null,NaN,NaN,NaN,null,null,NaN,NaN,NaN,null,null,NaN,NaN,NaN,null,null,NaN,NaN,NaN,null,null,NaN,NaN,NaN,null,null,21.5520,0.1704,20.6946,0.0081,18.9319,0.0385,Gaia23,2MASS J12462965-3139280,191.623549,-31.657801,1999-04-05,15.024,0.042,Cutr03,14.186,0.056,Cutr03,13.974,0.056,Cutr03,000,null,15.947,0.005,McMa13,14.825,0.003,McMa13,NaN,NaN,null,NaN,NaN,null,NaN,NaN,null,NaN,NaN,null,CWISE J124629.63-313938.0,191.6235764,-31.6577653,191.6234940,-31.6603516,Maro21,13.395,0.012,0.773,Maro21,12.498,0.004,0.911,Maro21,11.316,0.126,0.971,Cutr13,8.655,NaN,0.967,Cutr13,0000,1,0,12.77,0.02,12.45,0.02,Mace13a,86.8,1.5,Gaia23,-14.2,1.2,-562.2,0.9,Gaia23,NaN,NaN,null,88.38,3.43,Smar18,-5.24,0.61,-560.84,0.96,560.86,0.96,180.54,0.06,Smar18,NaN,NaN,null,NaN,NaN,NaN,NaN,NaN,NaN,null,O,191.6235657,-31.6579037,191.6234894,-31.6604023,86.8170,1.4893,-14.163,1.162,-562.188,0.895,1.285,11,NaN,NaN,null,6160573275451466752,6160573275451466752,NaN,NaN,NaN,NaN,null,-16.4,3.5,-604.6,4.3,null,null,null,null,null,null,T1,Mace13a,NaN,21,21,21,11.52,0.2,21.0,11.3,1.9,11.4,1.7,14.0,2.5,NaN,NaN,12.6,1.6,11.52,0.2,dist_plx_formula,Maro13 find near-IR spectral type T2. Target for PARSEC program (Andr11a).,N,N,2MASS J12462965-3139280,191.6235650,-31.6579040,Gaia21a,-14.163,1.162,-562.188,0.895,Gaia21a,86.8170,1.4893,Gaia21a,2MASS J12462965-3139280|TIC 131308768|WISEA J124629.64-313934.3|WISE J124629.65-313934.2|EQ J1246-3139|Gaia DR3 6160573275451466752|Gaia DR2 6160573275451466752,Andr11a,NaN,NaN,NaN,NaN,null,FIELD (99.9%),UCL,0.000,pm+trig-plx,WISE J124629.65-313934.2,https://simple-bd-archive.org/solo_result/WISE%20J124629.65-313934.2,191.6234,-31.6619,Gaia23,J1246-3139
SDSSp J125453.90-012247.4,2MASS J12545393-0122474,Legg00b,193.7246,-1.3798,Gaia23,304.7434,61.4797,null,null,N,N,N,N,NaN,N,Field,UCS+BANYAN,2.5,2.5(+4.3/-2),PSO J193.7228-01.3794,193.7246,-1.3799,193.7228,-1.3794,56270.63,Magn20,NaN,NaN,NaN,null,null,NaN,NaN,NaN,null,null,NaN,NaN,NaN,null,null,18.7030,0.0628,5,C,Cham16,17.1460,0.0121,6,C,Cham16,21.6986,0.2102,20.8367,0.0130,19.0115,0.0780,Gaia23,2MASS J12545393-0122474,193.724709,-1.379858,1999-01-24,14.891,0.035,Cutr03,14.090,0.054,Cutr03,13.837,0.054,Cutr03,000,ULAS J125453.59-012246.2,15.858,0.006,Lawr12,14.667,0.003,Lawr12,14.136,0.003,Lawr12,13.886,0.005,Lawr12,12.25,0.05,Legg02a,12.65,0.21,Legg02a,CWISE J125453.41-012245.6,193.7245848,-1.3798313,193.7225001,-1.3793466,Maro21,13.297,0.012,0.602,Maro21,12.431,0.009,0.918,Maro21,10.972,0.137,0.960,Cutr13,8.355,NaN,0.906,Cutr13,0000,1,0,12.63,0.01,12.39,0.01,Patt06,74.2,2.3,Gaia23,-492,4,111,3,Gaia23,NaN,NaN,null,78.34,1.07,Dahn17,-472.72,0.29,126.67,0.83,489.40,0.20,285.00,0.10,Dahn17,-24.00,96.00,Adel08,NaN,NaN,NaN,NaN,NaN,NaN,null,O,193.7245941,-1.3798332,193.7224884,-1.3793566,74.1838,2.3057,-491.554,4.387,110.688,3.206,1.820,11,NaN,NaN,null,3688766613886655744,3688766613886655744,-485.0,2.0,114.1,3.4,Best18,-487.2,4.7,113.3,5.2,null,null,null,null,T2,Burg03d,T2,Burg06b,22,22,22,22,13.5,0.4,22.0,10.8,1.8,11.2,1.7,11.8,2.1,11.4,1.1,11.5,1.5,13.5,0.4,dist_plx_formula,Target for PARSEC program (Andr11a). Included in the MLT spectral compilation of Test09.,Y,Y,2MASS J12545393-0122474,193.7246003,-1.3798332,Gaia18,-491.554,4.387,110.688,3.206,Gaia18,74.1838,2.3057,Gaia18,2MASS J12545393-0122474|EPIC 229006253|SDSS J125453.90-012247.5|SDSS J125453.90-012247.4|TIC 53313245|ULAS J125453.59-012246.2|WISEA J125453.55-012246.1|WISEP J125453.57-012245.8|WISE J125453.57-012246.1|Gaia DR2 3688766613886655744,Legg00b,-490.49,11.19,140.03,12.22,Magn20,FIELD (99.9%),ARG,0.000,pm+trig-plx,2MASS J12545393-0122474,https://simple-bd-archive.org/solo_result/2MASS%20J12545393-0122474,193.7211,-1.3790,Gaia23,J1254-0122
2MASSW J1300425+191235,2MASSI J1300425+191235,Gizi00c,195.1771,19.2096,Gaia23,318.4620,81.8003,null,null,N,N,N,N,NaN,N,FLD-G,UCS+BANYAN;UCS_23b,2.98,2.98(+4.07/-2.08),PSO J195.1739+19.2050,NaN,NaN,195.1740,19.2050,56368.62,Magn20,21.7507,0.1109,3,C,Cham16,19.5411,0.0416,4,C,Cham16,17.1565,0.0052,6,C,Cham16,15.5190,0.0006,3,C,Cham16,14.5620,0.0040,6,C,Cham16,20.8753,0.1278,17.4910,0.0032,15.8817,0.0055,Gaia23,2MASS J13004255+1912354,195.177302,19.209852,1999-03-24,12.717,0.022,Cutr03,12.080,0.020,Cutr03,11.624,0.020,Cutr03,000,null,13.621,0.050,Schn23b;UCS_24,12.603,0.002,Schn23b,12.159,0.020,Best21,11.581,0.001,Schn23b,NaN,NaN,null,NaN,NaN,null,CWISE J130041.62+191215.2,195.1770383,19.2096829,195.1734475,19.2042411,Maro21,11.295,0.008,1.250,Maro21,11.009,0.007,1.480,Maro21,10.375,0.084,0.946,Cutr13,8.731,NaN,1.020,Cutr13,0000,1,0,10.96,0.02,11.00,0.03,Patt06,72.14,0.16,Gaia23,-810.87,0.18,-1248.43,0.2,Gaia23,-17.6,0.12,Blak10,70.40,2.50,Fahe16,-793.00,10.00,-1231.00,10.00,1464.31,10.01,212.79,0.39,Fahe16,-17.60,0.12,Blak10,67.5,3.2,-807.4,3.0,-1253.5,3.1,Best20,O,195.1771240,19.2096100,195.1732941,19.2040615,72.1402,0.1562,-810.868,0.175,-1248.430,0.197,1.134,17,NaN,NaN,null,3941342198772052352,3941342198772052352,-806.9,2.3,-1243.1,1.5,Best18,-792.7,3.1,-1272.1,3.1,null,null,FLD-G,UCS_23b,L1,Gizi00c,L3 (blue),Burg08b,11,13,11,11,13.86,0.03,11.0,14.2,2.5,14.6,2.2,15.2,2.6,16.1,2.1,14.9,1.1,13.86,0.03,dist_plx_formula,Bard14 find near-IR spectral type L1.7. Marginal I-band variability detected (Rams15b).,Y,Y,2MASSI J1300425+191235,195.1771175,19.2096107,Gaia21a,-810.868,0.175,-1248.430,0.197,Gaia21a,72.1402,0.1562,Gaia21a,2MASS J13004255+1912354|2MASSI J1300425+191235|2MASSW J1300426+191235|2MASSW J1300425+191235|2MUCD 11115|TIC 149565536|V* MN Com|WISEA J130041.89+191221.1|[B2006] J130042.5+191235|Gaia DR3 3941342198772052352|Gaia DR2 3941342198772052352,Gizi00c,NaN,NaN,NaN,NaN,null,FIELD (99.9%),TAU,0.000,pm+trig-plx+rv,2MASS J13004255+1912354,https://simple-bd-archive.org/solo_result/2MASS%20J13004255%2B1912354,195.1710,19.2008,Gaia23,J1300+1912
2MASS J13243553+6358281,2MASS J13243553+6358281,Loop07a,201.1479,63.9744,PS1,116.9315,52.7660,specblend;ABDor;young,Burg10a;Geis11;Gagn18a,N,N,N,N,NaN,YMG,ABDMG!,UCS+BANYAN,0.149,0.149(+0.051/-0.019),PSO J201.1452+63.9742,201.1479,63.9744,201.1452,63.9743,56061.92,Magn20,NaN,NaN,NaN,null,null,NaN,NaN,NaN,null,null,NaN,NaN,NaN,null,null,19.3111,0.0588,7,C,Cham16,17.8718,0.0476,5,C,Cham16,NaN,NaN,NaN,NaN,NaN,NaN,null,2MASS J13243553+6358281,201.148073,63.974487,2000-03-16,15.596,0.067,Cutr03,14.576,0.060,Cutr03,14.058,0.060,Cutr03,000,null,16.520,0.084,Best21,15.435,0.067,Best21,14.677,0.060,Best21,14.082,0.060,Best21,NaN,NaN,null,NaN,NaN,null,CWISE J132434.67+635827.1,201.1480300,63.9744907,201.1445183,63.9741977,Maro21,13.112,0.012,0.778,Maro21,12.318,0.008,0.697,Maro21,10.781,0.068,0.964,Cutr13,9.295,NaN,0.934,Cutr13,0000,1,0,12.61,0.01,12.36,0.02,Kirk21,100,6,Kirk21,-364.4,2.2,-72.4,2.1,Kirk21,-23.7,0.4,Gagn18a,99.70,5.60,Kirk21,-364.40,2.20,-72.40,2.10,371.52,2.19,258.76,0.32,Kirk21,-23.70,0.40,Gagn18a,NaN,NaN,NaN,NaN,NaN,NaN,null,null,NaN,NaN,NaN,NaN,NaN,NaN,NaN,NaN,NaN,NaN,NaN,NaN,NaN,NaN,null,null,null,-367.6,4.4,-63.7,2.7,Best18,-360.2,3.8,-68.5,4.2,null,null,null,null,null,null,T2.5 pec,Kirk10,NaN,22.5,22.5,22.5,10,0.6,22.5,15.8,4.7,16.3,4.8,12.5,3.5,12.8,3.4,11.2,2.9,10,0.6,dist_plx_formula,Member of AB Dor moving group (Gagn18a).,N,N,2MASS J13243553+6358281,201.1480730,63.9744870,Cutr03,-379.700,7.700,-66.200,7.000,Schn16a,NaN,NaN,null,2MASS J13243553+6358281|SDSS J132435.53+635828.2|SDSS J132435.52+635828.3|TIC 355897403|WISEA J132434.93+635827.4|WISEP J132434.95+635827.5|WISE J132434.95+635827.5,Loop07a,-342.87,24.88,-48.00,14.29,Magn20,ABDMG (99.4%); FIELD (0.6%),ABDMG,0.994,pm+trig-plx+rv,2MASS J13243553+6358281,https://simple-bd-archive.org/solo_result/2MASS%20J13243553%2B6358281,201.1420,63.9739,PS1;Kirk21,J1324+6358
WISE J140533.32+835030.5,2MASS J14053729+8350248,Cast13,211.4051,83.8402,Gaia23,120.6011,32.9490,null,null,N,N,N,N,NaN,N,Field,UCS+BANYAN,2.5,2.5(+4.3/-2),PSO J211.3833+83.8423,211.4059,83.8402,211.3833,83.8423,56479.56,Magn20,NaN,NaN,NaN,null,null,NaN,NaN,NaN,null,null,20.5715,0.0408,10,C,Cham16,17.8780,0.0007,2,C,Cham16,16.6864,0.0082,4,C,Cham16,20.8726,0.2194,20.1383,0.0071,18.3639,0.0336,Gaia23,2MASS J14053729+8350248,211.405389,83.840240,2000-02-18,14.630,0.045,Cutr03,13.491,0.033,Cutr03,12.848,0.033,Cutr03,c00,null,NaN,NaN,null,NaN,NaN,null,NaN,NaN,null,NaN,NaN,null,NaN,NaN,null,NaN,NaN,null,CWISE J140532.84+835031.1,211.4217913,83.8387953,211.3822018,83.8424133,Maro21,12.109,0.034,0.684,Cutr13,11.509,0.027,1.060,Cutr13,10.520,0.058,0.941,Cutr13,9.363,NaN,0.964,Cutr13,hh00,2,0,NaN,NaN,NaN,NaN,null,103.4,0.5,Gaia23,-623.7,0.6,561.3,0.6,Gaia23,NaN,NaN,null,102.08,2.11,Dahn17,-613.27,2.80,561.96,2.81,831.80,2.70,312.50,0.20,Dahn17,NaN,NaN,null,NaN,NaN,NaN,NaN,NaN,NaN,null,O,211.4051056,83.8402100,211.3792725,83.8427048,103.4474,0.4873,-623.668,0.581,561.309,0.590,1.254,25,NaN,NaN,null,1725759404752580736,1725759404752580736,-638.5,4.3,562.7,2.8,Best18,NaN,NaN,NaN,NaN,null,null,null,null,L8,Cast13,L9,Cast13,18,19,18,18,9.67,0.05,18.0,10.6,1.6,NaN,NaN,11.1,1.7,NaN,NaN,10.7,1.3,9.67,0.05,dist_plx_formula,null,N,N,2MASS J14053729+8350248,211.4051077,83.8402103,Gaia21a,-623.668,0.581,561.309,0.590,Gaia21a,103.4474,0.4873,Gaia21a,2MASS J14053729+8350248|TIC 309999964|WISEA J140533.13+835030.7|WISE J140533.32+835030.5|Gaia DR3 1725759404752580736|Gaia DR2 1725759404752580736,Cast13,-643.83,10.57,565.07,13.93,Magn20,FIELD (99.9%),UCL,0.000,pm+trig-plx,WISE J140533.32+835030.5,https://simple-bd-archive.org/solo_result/WISE%20J140533.32%2B835030.5,211.3639,83.8442,Gaia23,J1405+8350
SDSS J141624.08+134826.7,2MASS J14162408+1348263,Bowl10a;Schm10a;Burn10a,214.1003,13.8073,Gaia23,3.2748,66.1180,subd;lowZ,Bowl10a;Schm10a;Burn10a,N,N,ULAS J141623.94+134836.3: Scho10a;Burn10a,N,NaN,N,subd,Bowl10a;Schm10a,10,8-12,PSO J214.1006+13.8078,214.1004,13.8072,214.1007,13.8078,56869.24,Magn20,NaN,NaN,NaN,null,null,20.4191,0.0128,9,C,Cham16,18.3467,0.0076,15,C,Cham16,16.3030,0.0057,14,C,Cham16,15.2137,0.0028,14,C,Cham16,21.5523,0.2043,18.3538,0.0043,16.6819,0.0098,Gaia23,2MASS J14162408+1348263,214.100353,13.807318,2000-03-01,13.148,0.025,Cutr03,12.456,0.023,Cutr03,12.114,0.023,Cutr03,000,ULAS J141624.15+134827.4,14.255,0.003,WFAU19,13.002,0.001,WFAU19,12.469,0.001,WFAU19,12.053,0.001,WFAU19,NaN,NaN,null,NaN,NaN,null,CWISE J141624.16+134828.1,214.1003957,13.8072177,214.1007089,13.8078277,Maro21,11.352,0.018,0.498,Maro21,11.025,0.013,0.826,Maro21,10.267,0.055,0.923,Cutr13,8.538,NaN,0.955,Cutr13,0000,2,0,11.02,0.01,11.06,0.02,Kirk21,107.74,0.22,Gaia23,86.67,0.29,127.95,0.2,Gaia23,-90,30,Abaz09,106.77,1.24,Henr18,98.15,0.99,133.13,0.84,165.40,0.60,36.40,0.40,Henr18,-87.00,33.00,Abaz09,NaN,NaN,NaN,NaN,NaN,NaN,null,O,214.1003113,13.8072758,214.1007080,13.8078442,107.7375,0.2163,86.670,0.291,127.953,0.198,1.154,17,NaN,NaN,null,1227133699053734528,1227133699053734528,86.1,1.4,126.0,1.2,Best18,71.1,5.0,142.6,5.3,null,null,null,null,sdL7,Kirk10,sdL7,Zhan17a,-17,-17,-17,17,9.282,0.019,17.0,6.0,0.9,5.9,0.9,8.8,1.4,8.5,1.2,8.5,1.3,9.282,0.019,dist_plx_formula,"Companion to ULAS J141623.94+134836.3 at separation 9.8"" (Burg10b). Other optical spectral types d/sdL7 (Burn10a); L5 blue (Schm10a); L6 (Bowl10a); near-IR spectral types L4:: (Schm10a); sdL7 (Kirk10); L6:: pec (Bowl10a).",Y,Y,2MASS J14162408+1348263,214.1003082,13.8072759,Gaia21a,86.670,0.291,127.953,0.198,Gaia21a,107.7375,0.2163,Gaia21a,2MASS J14162408+1348263|** SOZ    3A|SDSS J141624.12+134827.4|SDSS J141624.08+134826.7|SDSS J141624.09+134826.7|TIC 310417889|WDS J14164+1348A|WISEA J141624.14+134827.6|[BLL2010] SDSS J1416+13A|Gaia DR2 1227133699053734528|Gaia DR3 1227133699053734528,Burn10a,72.68,8.21,138.17,5.21,Magn20,FIELD (99.9%),USCO,0.000,pm+trig-plx+rv,2MASS J14162408+1348263,https://simple-bd-archive.org/solo_result/2MASS%20J14162408%2B1348263,214.1009,13.8082,Gaia23,J1416+1348A
DENIS-P J142527.97-365023.4,2MASS J14252798-3650229,Kend04,216.3666,-36.8398,Gaia23,323.1178,22.3189,ABDor;lowg;young,Gagn15c,N,N,N,N,NaN,YMG;lowg,ABDMG!,UCS+BANYAN,0.149,0.149(+0.051/-0.019),null,NaN,NaN,NaN,NaN,NaN,null,NaN,NaN,NaN,null,null,NaN,NaN,NaN,null,null,NaN,NaN,NaN,null,null,NaN,NaN,NaN,null,null,NaN,NaN,NaN,null,null,21.1211,0.2072,18.9567,0.0098,17.3940,0.0135,Gaia23,2MASS J14252798-3650229,216.366594,-36.839722,1999-08-08,13.747,0.028,Cutr03,12.575,0.027,Cutr03,11.805,0.027,Cutr03,000,null,15.011,0.051,usyn24,13.630,0.010,McMa13,12.666,0.027,Best21,11.775,0.027,Best21,NaN,NaN,null,NaN,NaN,null,CWISE J142527.56-365031.4,216.3667657,-36.8395891,216.3650253,-36.8418563,Maro21,11.197,0.010,1.510,Maro21,10.743,0.008,2.100,Maro21,10.019,0.047,0.933,Cutr13,9.276,NaN,0.892,Cutr13,0000,1,0,10.77,0.01,10.58,0.02,Kirk21,84.4,0.3,Gaia23,-285.1,0.3,-469.4,0.3,Gaia23,5.37,0.25,Blak10,86.45,0.83,Diet14,-284.89,1.44,-463.08,1.08,543.70,0.80,211.60,0.17,Diet14,5.37,0.25,Blak10,NaN,NaN,NaN,NaN,NaN,NaN,null,O,216.3666077,-36.8397903,216.3650208,-36.8418770,84.4219,0.3118,-285.058,0.319,-469.446,0.337,0.974,14,NaN,NaN,null,6118581861234228352,6118581861234228352,NaN,NaN,NaN,NaN,null,-325.6,3.0,-530.0,3.1,null,null,INT-G,Gagn15c,L3:,Reid08b,L3.1 INT-G,Gagn15c,13,13.1,13,13,11.85,0.04,13.0,13.8,4.1,13.7,4.0,12.8,3.5,13.0,3.5,11.7,3.0,11.85,0.04,dist_plx_formula,Bard14 find near-iR spectral type L4.5::. Gagn15c also find near-IR spectral type L4 gamma. Target for PARSEC program (Andr11a).,N,N,2MASS J14252798-3650229,216.3666022,-36.8397913,Gaia21a,-285.058,0.319,-469.446,0.337,Gaia21a,84.4219,0.3118,Gaia21a,2MASS J14252798-3650229|DENIS J142527.9-365023|2MUCD 20568|TIC 167670065|WISEA J142527.73-365028.0|Gaia DR2 6118581861234228352|Gaia DR3 6118581861234228352,Kend04,NaN,NaN,NaN,NaN,null,ABDMG (99.9%),ABDMG,0.999,pm+trig-plx+rv,2MASS J14252798-3650229,https://simple-bd-archive.org/solo_result/2MASS%20J14252798-3650229,216.3641,-36.8431,Gaia23,J1425-3650
2MASS J15031961+2525196,2MASS J15031961+2525196,Burg03a,225.8317,25.4222,Gaia23,37.1855,60.4693,null,null,N,N,N,N,NaN,N,Field,UCS+BANYAN,2.5,2.5(+4.3/-2),PSO J225.8320+25.4239,225.8317,25.4221,225.8320,25.4240,55826.88,Magn20,NaN,NaN,NaN,null,null,NaN,NaN,NaN,null,null,21.6877,0.0839,4,C,Cham16,18.1952,0.0153,15,C,Cham16,16.4578,0.0093,11,C,Cham16,21.8056,0.2087,20.3001,0.0098,18.5233,0.0333,Gaia23,2MASS J15031961+2525196,225.831719,25.422132,1999-05-22,13.937,0.024,Cutr03,13.856,0.059,Cutr03,13.963,0.059,Cutr03,000,null,14.760,0.060,Knap04,13.621,0.003,Schn23b,13.900,0.030,Knap04,14.072,0.007,Schn23b,11.91,0.05,Goli04a,11.92,0.04,Legg07,CWISE J150319.71+252528.3,225.8317731,25.4221915,225.8321449,25.4245858,Maro21,13.325,0.011,5.890,Maro21,11.714,0.008,0.790,Maro21,10.709,0.071,1.090,Cutr13,9.362,NaN,1.050,Cutr13,H0h0,1,0,12.79,0.02,11.74,0.02,Kirk19,155.8,0.8,Gaia23,87.4,0.6,557.8,0.7,Gaia23,NaN,NaN,null,157.20,2.20,Dupu12,90.10,1.60,561.80,1.60,568.98,1.60,9.11,0.16,Dupu12,NaN,NaN,null,NaN,NaN,NaN,NaN,NaN,NaN,null,O,225.8317108,25.4221649,225.8321381,25.4246445,155.7758,0.7557,87.414,0.613,557.780,0.695,1.274,22,NaN,NaN,null,1267906854386665088,1267906854386665088,83.5,2.6,555.0,3.3,Best18,78.5,3.7,559.7,4.3,null,null,null,null,T6,Burg03d,T5,Burg06b,26,25,25,25,6.42,0.03,25.0,6.8,1.3,6.9,1.4,7.7,2.0,8.1,2.0,6.4,0.9,6.42,0.03,dist_plx_formula,null,Y,Y,2MASS J15031961+2525196,225.8317121,25.4221655,Gaia21a,87.414,0.613,557.780,0.695,Gaia21a,155.7758,0.7557,Gaia21a,2MASS J15031961+2525196|2MASSW J1503196+252519|SDSS J150319.64+252522.4|TIC 229886390|WISEA J150319.68+252525.7|WISEP J150319.70+252525.4|Gaia DR2 1267906854386665088|Gaia DR3 1267906854386665088,Burg03d,85.28,5.40,568.68,5.14,Magn20,FIELD (99.9%),USCO,0.000,pm+trig-plx,2MASS J15031961+2525196,https://simple-bd-archive.org/solo_result/2MASS%20J15031961%2B2525196,225.8324,25.4261,Gaia23,J1503+2525
WISEPC J150649.97+702736.0,2MASS J15065257+7027247,Kirk11,226.7185,70.4570,Gaia23,108.2642,42.6051,null,null,N,N,N,N,NaN,N,Field,UCS+BANYAN,2.5,2.5(+4.3/-2),PSO J226.7051+70.4609,NaN,NaN,226.7051,70.4609,56445.79,Magn20,NaN,NaN,NaN,null,null,NaN,NaN,NaN,null,null,NaN,NaN,NaN,null,null,18.1380,0.1260,5,R,Best18,16.3114,0.0132,3,C,Cham16,21.7720,0.2177,20.2250,0.0088,18.3319,0.0286,Gaia23,null,NaN,NaN,null,14.328,0.095,Kirk11,14.150,0.203,Kirk11,14.048,0.136,Kirk11,null,null,NaN,NaN,null,13.540,0.010,Kirk21,13.910,0.040,Kirk11,NaN,NaN,null,NaN,NaN,null,NaN,NaN,null,CWISE J150648.79+702741.0,226.7185704,70.4570255,226.7034172,70.4613790,Maro21,13.443,0.008,2.130,Maro21,11.315,0.006,4.430,Maro21,10.188,0.039,1.070,Cutr13,8.859,NaN,0.953,Cutr13,0000,1,0,12.63,0.02,11.31,0.02,Kirk11,193.9,0.6,Gaia23,-1194.2,0.7,1042.2,0.8,Gaia23,NaN,NaN,null,193.50,0.60,Kirk19,-1194.49,0.59,1045.33,0.66,1587.30,0.30,311.19,0.03,Kirk19,NaN,NaN,null,NaN,NaN,NaN,NaN,NaN,NaN,null,O,226.7185059,70.4569855,226.7026367,70.4616165,193.9412,0.6277,-1194.179,0.722,1042.194,0.836,1.311,24,NaN,NaN,null,1695191332232990720,1695191332232990720,-1217.9,155.7,1056.1,26.0,Best18,-1184.7,2.6,1017.7,2.5,null,null,null,null,T6,Pine16,T6,Kirk11,26,26,26,26,5.157,0.016,26.0,7.1,1.3,5.7,1.1,6.3,1.7,NaN,NaN,4.8,0.7,5.157,0.016,dist_plx_formula,2MASS system photometry from PAIRITEL.,N,N,2MASS J15065257+7027247,226.7185023,70.4569865,Gaia21a,-1194.179,0.722,1042.194,0.836,Gaia21a,193.9412,0.6277,Gaia21a,2MASS J15065257+7027247|TIC 232535619|WISEA J150652.46+702727.0|WISEA J150649.92+702736.1|WISEP J150649.97+702736.0|WISE J150649.97+702736.1|EQ J1506+7027|Gaia DR3 1695191332232990720|Gaia DR2 1695191332232990720,Kirk11,NaN,NaN,NaN,NaN,null,FIELD (99.6%); CARN (0.4%),CARN,0.004,pm+trig-plx,WISEPC J150649.97+702736.0,https://simple-bd-archive.org/solo_result/WISEPC%20J150649.97%2B702736.0,226.6932,70.4644,Gaia23,J1506+7027
2MASSW J1506544+132106,2MASSW J1506544+132106,Gizi00c,226.7264,13.3517,Gaia23,16.2130,55.5189,null,null,N,N,N,N,NaN,N,FLD-G,Sang23,2.98,2.98(+4.07/-2.08),PSO J226.7228+13.3516,226.7263,13.3516,226.7229,13.3516,55753.60,Magn20,NaN,NaN,NaN,null,null,20.2686,0.0184,4,C,Cham16,18.0154,0.0112,4,C,Cham16,16.4948,0.0021,5,C,Cham16,15.5089,0.0010,5,C,Cham16,21.6488,0.3640,18.3873,0.0040,16.8001,0.0109,Gaia23,2MASS J15065441+1321060,226.726713,13.351689,1999-03-02,13.365,0.023,Cutr03,12.380,0.019,Cutr03,11.741,0.019,Cutr03,000,null,14.502,0.050,Schn23b;UCS_24,13.211,0.002,Schn23b,12.459,0.019,Best21,11.710,0.002,Schn23b,NaN,NaN,null,NaN,NaN,null,CWISE J150653.09+132105.8,226.7265477,13.3516954,226.7215980,13.3516347,Maro21,11.228,0.009,2.810,Maro21,10.910,0.007,3.280,Maro21,10.491,0.062,0.847,Cutr13,8.943,NaN,0.970,Cutr13,0000,1,0,10.86,0.02,10.85,0.06,Patt06,85.43,0.19,Gaia23,-1071.07,0.23,-11.8,0.2,Gaia23,-0.68,0.11,Blak10,NaN,NaN,null,-1086.94,12.66,13.28,11.39,1087.02,12.67,270.70,0.60,Jame08a,-0.68,0.11,Blak10,84.3,4.1,-1066.8,4.4,-14.3,3.8,Best20,O,226.7263794,13.3516779,226.7214813,13.3516254,85.4250,0.1902,-1071.073,0.228,-11.800,0.204,0.979,14,NaN,NaN,null,1182574753387703680,1182574753387703680,-1071.9,2.8,-5.0,2.2,Best18,-1125.8,4.3,-14.2,3.1,null,null,FLD-G,Sang23,L3,Gizi00c,L4,Burg10a,13,14,13,13,11.705,0.026,13.0,13.4,2.0,13.8,2.2,12.0,1.9,13.4,1.9,11.6,0.9,11.705,0.026,dist_plx_formula,null,Y,Y,2MASSW J1506544+132106,226.7263746,13.3516776,Gaia21a,-1071.073,0.228,-11.800,0.204,Gaia21a,85.4250,0.1902,Gaia21a,2MASS J15065441+1321060|2MASSI J1506544+132106|2MASSW J1506544+132106|2MUCD 11291|TIC 148010819|WISEA J150653.55+132105.9|Gaia DR3 1182574753387703680|Gaia DR2 1182574753387703680,Noll00,-1059.41,12.06,-6.16,12.04,Magn20,FIELD (99.9%),TAU,0.000,pm+trig-plx+rv,2MASS J15065441+1321060,https://simple-bd-archive.org/solo_result/2MASS%20J15065441%2B1321060,226.7186,13.3516,Gaia23,J1506+1321
2MASSW J1507476-162738,2MASSW J1507476-162738,Reid00a,226.9487,-16.4611,Gaia23,344.1157,35.2846,null,null,N,N,N,N,NaN,N,FLD-G,Sang23,2.98,2.98(+4.07/-2.08),PSO J226.9481-16.4637,226.9486,-16.4612,226.9482,-16.4638,55387.50,Magn20,NaN,NaN,NaN,null,null,19.9485,0.0072,6,C,Cham16,17.8727,0.0060,4,C,Cham16,15.9970,0.0044,7,C,Cham16,14.9687,0.0084,7,C,Cham16,21.1708,0.2125,17.9516,0.0036,16.3384,0.0097,Gaia23,2MASS J15074769-1627386,226.948719,-16.460728,1998-05-03,12.830,0.027,Cutr03,11.895,0.026,Cutr03,11.312,0.026,Cutr03,000,null,13.910,0.030,Legg02a,12.700,0.030,Legg02a,11.900,0.030,Legg02a,11.290,0.030,Legg02a,9.98,0.03,Legg02a,10.69,0.06,Goli04a,CWISE J150747.49-162755.3,226.9485989,-16.4609222,226.9479307,-16.4650319,Maro21,10.720,0.011,1.510,Maro21,10.442,0.007,2.410,Maro21,9.685,0.048,0.959,Cutr13,8.410,NaN,0.946,Cutr13,0000,1,0,10.27,0.03,10.40,0.02,Patt06,134.95,0.26,Gaia23,-151.8,0.26,-896.01,0.28,Gaia23,-39.85,0.05,Blak10,136.59,0.33,Dahn17,-159.82,1.55,-888.24,0.30,902.50,0.10,190.20,0.10,Dahn17,-39.85,0.05,Blak10,NaN,NaN,NaN,NaN,NaN,NaN,null,O,226.9486542,-16.4611435,226.9479523,-16.4651241,134.9474,0.2611,-151.795,0.260,-896.012,0.279,1.163,13,NaN,NaN,null,6306068659857135232,6306068659857135232,-152.3,1.4,-893.9,1.4,Best18,-149.8,3.6,-960.7,3.5,null,null,FLD-G,Sang23,L5,Reid00a,L5.5,Knap04,15,15.5,15,15,7.41,0.014,15.0,7.1,1.1,7.3,1.2,7.6,1.2,8.2,1.1,7.7,1.1,7.41,0.014,dist_plx_formula,Target for PARSEC program (Andr11a).,Y,Y,2MASSW J1507476-162738,226.9486493,-16.4611428,Gaia21a,-151.795,0.260,-896.012,0.279,Gaia21a,134.9474,0.2611,Gaia21a,2MASS J15074769-1627386|EPIC 249914869|2MASSI J1507476-162738|2MASSW J1507476-162738|2MUCD 11296|TIC 432216119|WISEA J150747.56-162749.3|[B2006] J150747.6-162738|Gaia DR2 6306068659857135232|Gaia DR3 6306068659857135232,Noll00,-152.43,8.76,-895.03,8.69,Magn20,FIELD (99.9%),TAU,0.000,pm+trig-plx+rv,2MASS J15074769-1627386,https://simple-bd-archive.org/solo_result/2MASS%20J15074769-1627386,226.9475,-16.4675,Gaia23,J1507-1627
2MASSW J1515008+484742,2MASSW J1515008+484742,Wils03,228.7536,48.7948,Gaia23,80.7521,54.8866,null,null,N,N,N,N,NaN,N,FLD-G,Sang23,2.98,2.98(+4.07/-2.08),PSO J228.7487+48.7997,NaN,NaN,228.7487,48.7998,56007.04,Magn20,NaN,NaN,NaN,null,null,21.4684,0.0914,3,C,Cham16,19.3749,0.0213,4,C,Cham16,17.1211,0.0269,2,C,Cham16,16.1413,0.0035,3,C,Cham16,21.3515,0.1786,19.2673,0.0043,17.6043,0.0121,Gaia23,2MASS J15150083+4847416,228.753476,48.794914,2000-03-20,14.111,0.029,Cutr03,13.099,0.024,Cutr03,12.500,0.024,Cutr03,000,null,15.126,0.050,Schn23b;UCS_24,13.958,0.003,Schn23b,13.176,0.024,Best21,12.505,0.002,Schn23b,NaN,NaN,null,NaN,NaN,null,CWISE J151459.41+484803.4,228.7535583,48.7948344,228.7474619,48.8010487,Maro21,11.762,0.007,3.990,Maro21,11.372,0.005,5.310,Maro21,10.461,0.050,0.974,Cutr13,9.085,NaN,1.070,Cutr13,0000,1,0,11.31,0.02,11.33,0.02,Patt06,101.96,0.26,Gaia23,-938.04,0.24,1464.63,0.28,Gaia23,NaN,NaN,null,102.59,0.63,Dahn17,-911.34,2.59,1487.18,1.59,1744.20,0.20,328.50,0.10,Dahn17,-177.00,198.00,Abaz09,104.5,3.5,-944.5,3.0,1460.8,3.6,Best20,O,228.7535553,48.7948036,228.7472229,48.8013115,101.9645,0.2567,-938.044,0.236,1464.630,0.283,1.203,25,NaN,NaN,null,1589250088362827776,1589250088360933888,-935.2,1.6,1463.5,1.7,Best18,-938.7,2.2,1452.7,2.4,null,null,FLD-G,Sang23,L6,Cruz07,L6,Wils03,16,16,16,16,9.808,0.025,16.0,10.8,1.6,10.7,1.7,11.6,1.8,12.2,1.7,10.8,1.6,9.808,0.025,dist_plx_formula,null,Y,Y,2MASSW J1515008+484742,228.7535544,48.7948027,Gaia21a,-938.044,0.236,1464.630,0.283,Gaia21a,101.9645,0.2567,Gaia21a,2MASSW J1515008+484742|2MASS J15150083+4847416|2MASSI J1515009+484739|2MUCD 11314|SDSS J151500.62+484744.8|TIC 309848930|WISEA J151459.85+484756.7|[B2006] J151500.8+484741|Gaia DR3 1589250088362827776,Wils03,NaN,NaN,NaN,NaN,null,FIELD (99.9%),HYA,0.000,pm+trig-plx,2MASS J15150083+4847416,https://simple-bd-archive.org/solo_result/2MASS%20J15150083%2B4847416,228.7435,48.8052,Gaia23,J1515+4847
2MASS J15345704-1418486,2MASS J15345704-1418486,Gizi02b,233.7372,-14.3137,Gaia23,351.7849,32.6363,null,null,N,N,N,N,NaN,N,Field,UCS+BANYAN,2.5,2.5(+4.3/-2),PSO J233.7344-14.3146,NaN,NaN,233.7345,-14.3146,55332.65,Magn20,19.8671,0.0281,4,C,Cham16,18.0974,0.0116,2,C,Cham16,15.2821,0.0061,3,C,Cham16,13.8536,0.0011,2,C,Cham16,13.0615,0.0031,2,C,Cham16,19.3529,0.0365,15.7637,0.0029,14.2069,0.0041,Gaia23,2MASS J15345704-1418486,233.737667,-14.313516,1998-04-02,11.380,0.023,Cutr03,10.732,0.022,Cutr03,10.305,0.023,Cutr03,000,null,12.218,0.055,Best21,11.349,0.023,Best21,10.789,0.022,Best21,10.281,0.023,Best21,NaN,NaN,null,NaN,NaN,null,CWISE J153455.86-141854.8,233.7373890,-14.3135875,233.7331145,-14.3151108,Maro21,10.071,0.010,1.730,Maro21,9.843,0.008,2.040,Maro21,9.469,0.043,1.000,Cutr13,8.835,NaN,1.130,Cutr13,0000,1,0,NaN,NaN,NaN,NaN,null,91.42,0.11,Gaia23,-918.81,0.14,-330.23,0.1,Gaia23,-71,2,Burg15b,91.23,0.63,Wein16,-904.89,0.31,-327.29,0.41,962.26,0.32,250.12,0.02,Wein16,-71.00,2.00,Burg15b,NaN,NaN,NaN,NaN,NaN,NaN,null,O,233.7372131,-14.3136816,233.7330017,-14.3151493,91.4216,0.1116,-918.806,0.136,-330.227,0.101,0.941,15,NaN,NaN,null,6265453524968112640,6265453524968112640,-912.4,1.9,-329.9,3.4,Best18,-968.2,8.6,-356.1,8.4,null,null,null,null,M7,Gizi02b,null,null,7,NaN,7,7,10.939,0.013,7.0,14.4,2.5,13.8,2.0,14.1,2.4,13.4,1.8,12.6,1.2,10.939,0.013,dist_plx_formula,null,N,N,2MASS J15345704-1418486,233.7372181,-14.3136811,Gaia21a,-918.806,0.136,-330.227,0.101,Gaia21a,91.4216,0.1116,Gaia21a,2MASS J15345704-1418486|2MASSI J1534570-141848|2MUCD 11346|TIC 386928810|WISEA J153456.27-141852.6|[B2006] J153457.0-141848|Gaia DR3 6265453524968112640|Gaia DR2 6265453524968112640,Gizi02b,NaN,NaN,NaN,NaN,null,FIELD (99.9%),TAU,0.000,pm+trig-plx+rv,2MASS J15345704-1418486,https://simple-bd-archive.org/solo_result/2MASS%20J15345704-1418486,233.7305,-14.3160,Gaia23,J1534-1418
2MASSI J1546271-332511,2MASSI J1546271-332511,Burg02a,236.6134,-33.4198,CatWISE,339.9646,16.5840,null,null,N,N,N,N,NaN,N,Field,UCS+BANYAN,2.5,2.5(+4.3/-2),null,NaN,NaN,NaN,NaN,NaN,null,NaN,NaN,NaN,null,null,NaN,NaN,NaN,null,null,NaN,NaN,NaN,null,null,NaN,NaN,NaN,null,null,NaN,NaN,NaN,null,null,NaN,NaN,NaN,NaN,NaN,NaN,null,2MASS J15462718-3325111,236.613275,-33.419773,1998-07-09,15.631,0.051,Cutr03,15.446,0.181,Cutr03,15.485,0.181,Cutr03,00c,null,16.501,0.051,usyn24,15.340,0.010,McMa13,15.621,0.051,usyn24,15.744,0.052,usyn24,NaN,NaN,null,NaN,NaN,null,CWISE J154627.35-332508.0,236.6133784,-33.4197713,236.6139729,-33.4189098,Maro21,15.310,0.020,1.020,Maro21,13.486,0.013,0.936,Maro21,11.917,NaN,0.966,Cutr13,8.477,NaN,1.050,Cutr13,0000,1,0,14.22,0.05,13.39,0.03,Patt06,88,1.9,Tinn03b,121.1,2.3,190.1,2.3,Tinn03b,NaN,NaN,null,88.00,1.90,Tinn03b,121.11,2.33,190.10,2.25,225.40,2.20,32.50,0.60,Tinn03b,NaN,NaN,null,NaN,NaN,NaN,NaN,NaN,NaN,null,null,NaN,NaN,NaN,NaN,NaN,NaN,NaN,NaN,NaN,NaN,NaN,NaN,NaN,NaN,null,null,null,NaN,NaN,NaN,NaN,null,116.0,10.1,201.4,11.3,null,null,null,null,null,null,T5.5,Burg06b,NaN,25.5,25.5,25.5,11.36,0.25,25.5,14.1,2.6,14.4,2.9,13.9,3.8,15.5,3.8,13.8,2.0,11.36,0.25,dist_plx_formula,Erroneously named 2MASSI J1546291-332511 in the original Spex Prism Library website and a few papers in the literature,N,N,2MASSI J1546271-332511,236.6132750,-33.4197730,Cutr03,121.000,2.000,190.000,2.000,Fahe09,88.0000,1.9000,Fahe12,2MASS J15462718-3325111|2MASSI J1546271-332511|TIC 99213845|WISEA J154627.29-332509.2|WISEP J154627.30-332508.0|WISE J154627.30-332508.9|EQ J1546-3325,Burg02a,NaN,NaN,NaN,NaN,null,FIELD (99.9%),USCO,0.000,pm+trig-plx,2MASSI J1546271-332511,https://simple-bd-archive.org/solo_result/2MASSI%20J1546271-332511,236.6144,-33.4184,CatWISE;Tinn03b,J1546-3325
2MASSI J1553022+153236,2MASS J15530228+1532369,Burg02a,238.2592,15.5436,PS1,27.1077,46.4063,CarNear?,Zhan21a,N+N,Y: Burg06e,N,N,NaN,YMG?,CARN?,UCS+BANYAN,0.2,0.15-0.25?,PSO J238.2578+15.5441,238.2592,15.5436,238.2579,15.5442,55930.66,Magn20,NaN,NaN,NaN,null,null,NaN,NaN,NaN,null,null,NaN,NaN,NaN,null,null,20.1721,0.0625,12,C,Cham16,18.4355,0.0254,15,C,Cham16,NaN,NaN,NaN,NaN,NaN,NaN,null,2MASS J15530228+1532369,238.259503,15.543587,1998-02-23,15.825,0.071,Cutr03,15.939,0.182,Cutr03,15.507,0.182,Cutr03,000,null,16.368,0.058,Knap04,15.410,0.007,Schn23b,15.760,0.030,Knap04,15.940,0.030,Knap04,13.83,0.05,Legg07,13.29,0.15,Legg07,CWISE J155301.80+153239.5,238.2591652,15.5436488,238.2575272,15.5443238,Maro21,15.232,0.018,1.930,Maro21,13.092,0.010,0.967,Maro21,12.059,0.330,1.030,Cutr13,8.824,NaN,0.883,Cutr13,0000,1,0,14.51,0.02,13.13,0.02,Kirk19,75.1,0.9,Dupu12,-385.9,0.7,166.2,0.9,Dupu12,NaN,NaN,null,75.10,0.90,Dupu12,-385.90,0.70,166.20,0.90,420.17,0.73,293.30,0.12,Dupu12,NaN,NaN,null,NaN,NaN,NaN,NaN,NaN,NaN,null,null,NaN,NaN,NaN,NaN,NaN,NaN,NaN,NaN,NaN,NaN,NaN,NaN,NaN,NaN,null,null,null,-380.9,6.8,162.3,4.4,Best18,-368.9,7.1,157.8,8.2,null,null,null,null,null,null,T7,Burg06b,NaN,27,27,27,13.32,0.16,26.5,14.1,4.2,13.4,3.9,11.0,3.2,14.1,3.8,NaN,NaN,13.32,0.16,dist_plx_formula,"binary: sep=0.349+/-0.005"" @ 189.9+/-0.4 deg on 2003 Sep 7 (Burg06e). Target for NPARSEC program (Smar13). Zhan21a find this object is a kinematic member candidate of Carina-Near.",Y,Y,2MASS J15530228+1532369,238.2595030,15.5435870,Cutr03,-402.000,17.000,171.000,16.000,Jame08a,75.1000,0.9000,Dupu12,2MASS J15530228+1532369|** BUG   11|2MASSI J1553022+153236|2MASSW J1553022+153236|SDSS J155302.09+153237.8|TIC 172607100|WDS J15531+1533AB|WISEA J155301.93+153238.8|WISEP J155301.94+153238.6|WISE J155301.95+153238.8|EQ J1553+1532,Burg02a,-367.02,8.75,169.55,8.37,Magn20,CARN (89.6%); FIELD (10.4%),CARN,0.896,pm+trig-plx,2MASSI J1553022+153236,https://simple-bd-archive.org/solo_result/2MASSI%20J1553022%2B153236,238.2563,15.5448,PS1;Dupu12,J1553+1532
2MASSW J1555157-095605,2MASS J15551573-0956055,Gizi02b,238.8157,-9.9350,Gaia23,359.5916,32.0580,null,null,N,N,N,N,NaN,N,FLD-G,UCS+BANYAN;UCS_23b,2.98,2.98(+4.07/-2.08),PSO J238.8184-09.9373,238.8156,-9.9351,238.8185,-9.9373,55369.92,Magn20,NaN,NaN,NaN,null,null,19.5166,0.0267,4,C,Cham16,17.0030,0.0052,4,C,Cham16,15.4315,0.0060,5,C,Cham16,14.4456,0.0065,2,C,Cham16,20.7723,0.1287,17.3547,0.0031,15.7445,0.0051,Gaia23,2MASS J15551573-0956055,238.815553,-9.934871,1999-03-23,12.557,0.024,Cutr03,11.984,0.019,Cutr03,11.443,0.019,Cutr03,000,null,13.553,0.055,Best21,12.470,0.010,McMa13,12.010,0.010,McMa13,11.419,0.019,Best21,NaN,NaN,null,NaN,NaN,null,CWISE J155516.78-095618.5,238.8156726,-9.9350622,238.8198158,-9.9383860,Maro21,11.155,0.010,1.290,Maro21,10.888,0.008,1.540,Maro21,10.520,0.100,0.863,Cutr13,8.353,NaN,1.040,Cutr13,0000,1,0,10.83,0.01,10.88,0.01,Patt06,73.98,0.14,Gaia23,932.27,0.16,-785.45,0.11,Gaia23,15,2,Burg15b,72.69,0.85,Wein16,933.54,0.31,-767.07,0.20,1208.26,0.27,129.41,0.01,Wein16,15.00,2.00,Burg15b,NaN,NaN,NaN,NaN,NaN,NaN,null,O,238.8157349,-9.9350109,238.8199463,-9.9385023,73.9802,0.1361,932.273,0.164,-785.450,0.108,1.239,18,NaN,NaN,null,4346523537966269824,4346523537966269824,938.4,2.7,-777.0,1.3,Best18,954.0,3.1,-777.0,3.1,null,null,FLD-G,UCS_23b,L1,Gizi02b,L1.6,Bard14,11,11.6,11,11,13.517,0.026,11.0,13.2,2.3,13.8,2.0,14.0,2.4,14.9,2.0,14.1,1.0,13.517,0.026,dist_plx_formula,null,Y,Y,2MASS J15551573-0956055,238.8157342,-9.9350110,Gaia21a,932.273,0.164,-785.450,0.108,Gaia21a,73.9802,0.1361,Gaia21a,2MASS J15551573-0956055|2MASSW J1555157-095605|TIC 54864880|WISEA J155516.42-095614.2|Gaia DR2 4346523537966269824|Gaia DR3 4346523537966269824,Gizi02b,978.53,12.58,-767.09,12.56,Magn20,FIELD (99.9%),TAU,0.000,pm+trig-plx+rv,2MASS J15551573-0956055,https://simple-bd-archive.org/solo_result/2MASS%20J15551573-0956055,238.8224,-9.9406,Gaia23,J1555-0956
WISE J160018.05-454332.7,2MASS J16001853-4543248,Luhm14a,240.0771,-45.7237,Gaia23,333.9114,5.4820,photSpT,Kirk21,N,N,N,N,NaN,N,Field,UCS+BANYAN,2.5,2.5(+4.3/-2),null,NaN,NaN,NaN,NaN,NaN,null,NaN,NaN,NaN,null,null,NaN,NaN,NaN,null,null,NaN,NaN,NaN,null,null,NaN,NaN,NaN,null,null,NaN,NaN,NaN,null,null,22.3920,0.2222,20.1515,0.0055,18.5015,0.0204,Gaia23,2MASS J16001853-4543248,240.077246,-45.723576,1999-06-01,14.994,0.036,Cutr03,13.937,0.046,Cutr03,13.417,0.038,Cutr03,000,null,NaN,NaN,null,14.839,0.006,McMa13,NaN,NaN,null,NaN,NaN,null,NaN,NaN,null,NaN,NaN,null,CWISE J160017.74-454338.0,240.0771593,-45.7235239,240.0741971,-45.7269658,Maro21,12.676,0.014,3.550,Maro21,12.373,0.014,1.560,Maro21,11.798,0.338,0.764,Cutr13,8.580,NaN,0.774,Cutr13,0000,1,0,NaN,NaN,NaN,NaN,null,74.3,0.7,Gaia23,-481.7,0.8,-742.4,0.5,Gaia23,NaN,NaN,null,NaN,NaN,null,-481.50,7.00,-729.50,7.00,874.08,7.00,213.43,0.46,Schn16a,NaN,NaN,null,NaN,NaN,NaN,NaN,NaN,NaN,null,O,240.0771179,-45.7237015,240.0740510,-45.7270007,74.3319,0.7276,-481.673,0.813,-742.372,0.502,1.130,17,NaN,NaN,null,5985229174021530624,5985229174021530624,NaN,NaN,NaN,NaN,null,-483.4,9.7,-804.6,6.0,null,null,null,null,null,null,L9:,Kirk21,NaN,19,19,19,13.46,0.13,19.0,11.6,1.7,11.4,1.8,13.1,2.1,NaN,NaN,13.7,1.8,13.46,0.13,dist_plx_formula,null,N,N,2MASS J16001853-4543248,240.0771175,-45.7237012,Gaia21a,-481.673,0.813,-742.372,0.502,Gaia21a,74.3319,0.7276,Gaia21a,2MASS J16001853-4543248|TIC 255421115|WISEA J160018.03-454332.9|WISE J160018.05-454332.7|Gaia DR3 5985229174021530624|Gaia DR2 5985229174021530624,Luhm14c,NaN,NaN,NaN,NaN,null,FIELD (99.9%),LCC,0.000,pm+trig-plx,null,null,240.0722,-45.7290,Gaia23,null
SDSSp J162414.37+002915.6,2MASS J16241436+0029158,Stra99,246.0597,0.4877,PS1,14.5834,32.4786,null,null,N,N,N,N,NaN,N,Field,Hsu_21;UCS+BANYAN,2.5,2.5(+4.3/-2),PSO J246.0585+00.4876,246.0597,0.4877,246.0585,0.4877,55775.63,Magn20,NaN,NaN,NaN,null,null,NaN,NaN,NaN,null,null,NaN,NaN,NaN,null,null,19.7503,0.0488,4,C,Cham16,18.0632,0.0145,8,C,Cham16,NaN,NaN,NaN,NaN,NaN,NaN,null,2MASS J16241436+0029158,246.059863,0.487727,1999-04-22,15.494,0.054,Cutr03,15.524,NaN,Cutr03,15.518,NaN,Cutr03,000,null,16.280,0.050,Stra99,15.187,0.006,Schn23b,15.480,0.050,Stra99,15.699,0.022,Schn23b,13.60,0.04,Legg02a,NaN,NaN,null,CWISE J162413.95+002915.6,246.0597221,0.4876637,246.0581457,0.4876795,Maro21,15.150,0.018,0.722,Maro21,13.126,0.011,0.753,Maro21,12.163,0.394,0.923,Cutr13,8.995,NaN,0.852,Cutr13,0000,1,0,14.41,0.02,13.10,0.02,Kirk19,91.8,1.2,Tinn03b;Kirk19,-372.9,1.6,-9.1,2,Tinn03b,-24.3,0.5,Hsu_21,91.80,1.20,Tinn03b;Kirk19,-372.89,1.60,-9.11,1.95,373.00,1.60,268.60,0.30,Tinn03b,-24.30,0.50,Hsu_21,NaN,NaN,NaN,NaN,NaN,NaN,null,null,NaN,NaN,NaN,NaN,NaN,NaN,NaN,NaN,NaN,NaN,NaN,NaN,NaN,NaN,null,null,null,-378.2,3.3,-15.5,1.7,Best18,-368.5,7.5,3.7,8.2,null,null,null,null,T6,Pine16,T6,Burg06b,26,26,26,26,10.89,0.14,26.0,12.2,2.3,12.2,2.4,12.4,NaN,13.2,3.2,11.0,1.6,10.89,0.14,dist_plx_formula,Included in the MLT spectral compilation of Test09. Zhan21a find this object is a kinematic member candidate of Carina-Near based on coordinates comma proper motion comma and parallax. Hsu_21 updated the BANYAN Sigma analysis with their new RV and found CARN (27%) FIELD (73%). However comma Hsu_21 derived this result by using the object's parallax by Fahe09 comma rather than the updated parallax by Kirk19. Combining proper motion comma parallax comma and RV comma ZJ manually got CARN (37.8%) comma FIELD (62.2%) comma so the object's CARN membership is still rejected.,Y,Y,2MASS J16241436+0029158,246.0598630,0.4877270,Cutr03,-373.000,2.000,-9.000,2.000,Fahe09,90.9000,1.2000,Fahe12,2MASS J16241436+0029158|SDSS J162414.36+002915.7|SDSS J162414.37+002915.6|SDSS J162414.37+002915.8|TIC 5791302|WISEA J162414.07+002915.6|WISEP J162414.09+002916.0|WISE J162414.09+002915.6|[B2006] J162414.4+002916,Desi99,-362.09,12.05,-15.64,11.56,Magn20,FIELD (61.9%); CARN (38.0%),CARN,0.380,pm+trig-plx+rv,2MASS J16241436+0029158,https://simple-bd-archive.org/solo_result/2MASS%20J16241436%2B0029158,246.0571,0.4876,PS1;Tinn03b,J1624+0029
SDSS J162838.77+230821.1,2MASS J16283855+2308241,Chiu06,247.1612,23.1395,PS1,40.9408,41.0513,null,null,N,N,N,N,NaN,N,Field,UCS+BANYAN,2.5,2.5(+4.3/-2),PSO J247.1625+23.1382,247.1612,23.1395,247.1625,23.1383,55582.60,Magn20,NaN,NaN,NaN,null,null,NaN,NaN,NaN,null,null,NaN,NaN,NaN,null,null,NaN,NaN,NaN,null,null,19.3038,0.0442,9,C,Cham16,NaN,NaN,NaN,NaN,NaN,NaN,null,2MASS J16283855+2308241,247.160625,23.140055,1997-06-08,16.458,0.102,Cutr03,16.107,0.239,Cutr03,15.872,0.239,Cutr03,000,null,17.270,0.030,Chiu06,16.275,0.013,Schn23b,16.630,0.030,Chiu06,16.720,0.030,Chiu06,NaN,NaN,null,NaN,NaN,null,CWISE J162839.16+230815.3,247.1611997,23.1396271,247.1630261,23.1377136,Maro21,16.161,0.041,1.010,Maro21,13.859,0.026,0.951,Maro21,11.802,0.250,0.916,Cutr13,9.122,NaN,0.943,Cutr13,0000,1,0,15.44,0.03,13.94,0.02,Kirk19,75.1,0.9,Dupu12,412.3,0.8,-443,0.7,Dupu12,NaN,NaN,null,75.10,0.90,Dupu12,412.30,0.80,-443.00,0.70,605.18,0.75,137.06,0.07,Dupu12,NaN,NaN,null,NaN,NaN,NaN,NaN,NaN,NaN,null,null,NaN,NaN,NaN,NaN,NaN,NaN,NaN,NaN,NaN,NaN,NaN,NaN,NaN,NaN,null,null,null,446.2,5.6,-467.5,11.0,Best18,392.6,10.3,-447.3,12.1,null,null,null,null,null,null,T7,Chiu06,NaN,27,27,27,13.32,0.16,27.0,14.7,2.8,15.1,3.0,10.8,3.1,14.6,3.6,13.5,2.0,13.32,0.16,dist_plx_formula,null,Y,Y,2MASS J16283855+2308241,247.1606250,23.1400550,Cutr03,467.000,23.200,-482.900,21.200,Schn16a,75.1000,0.9000,Tinn14,2MASS J16283855+2308241|SDSS J162838.40+230822.1|SDSS J162838.77+230821.1|TIC 345664442|WISEA J162838.99+230817.9|WISEP J162838.99+230818.1|WISE J162838.09+230822.7,Chiu06,403.68,51.81,-416.43,53.52,Magn20,FIELD (99.9%),TAU,0.000,pm+trig-plx,SDSS J162838.77+230821.1,https://simple-bd-archive.org/solo_result/SDSS%20J162838.77%2B230821.1,247.1643,23.1364,PS1;Dupu12,J1628+2308
PSO J247.3273+03.5932,2MASS J16291840+0335371,Deac11,247.3267,3.5936,PS1,18.5209,33.0109,null,null,N,N,N,N,NaN,N,Field,UCS+BANYAN,2.5,2.5(+4.3/-2),PSO J247.3274+03.5931,247.3267,3.5936,247.3275,3.5931,56084.25,Magn20,NaN,NaN,NaN,null,null,NaN,NaN,NaN,null,null,NaN,NaN,NaN,null,null,19.0441,0.0136,13,C,Cham16,17.5286,0.0132,14,C,Cham16,NaN,NaN,NaN,NaN,NaN,NaN,null,2MASS J16291840+0335371,247.326704,3.593640,2000-05-08,15.290,0.041,Cutr03,14.485,0.061,Cutr03,14.040,0.030,Kirk21,000,null,16.190,0.020,Deac11,15.066,0.006,Schn23b,14.530,0.010,Deac11,14.280,0.020,Deac11,NaN,NaN,null,NaN,NaN,null,CWISE J162918.64+033534.8,247.3266688,3.5936106,247.3276722,3.5930173,Maro21,13.395,0.012,0.702,Maro21,12.522,0.010,0.683,Maro21,11.376,0.174,0.964,Cutr13,8.552,NaN,0.846,Cutr13,0000,1,0,12.82,0.02,12.57,0.02,Mace13a,81,3,Kirk21,233.9,1.2,-147,1.1,Kirk21,NaN,NaN,null,81.20,3.00,Kirk21,233.90,1.20,-147.00,1.10,276.26,1.17,122.15,0.23,Kirk21,NaN,NaN,null,76.5,3.5,227.0,3.1,-155.2,3.9,Best20,null,NaN,NaN,NaN,NaN,NaN,NaN,NaN,NaN,NaN,NaN,NaN,NaN,NaN,NaN,null,null,null,234.5,2.3,-143.5,2.2,Best18,234.1,4.9,-138.7,5.1,null,null,null,null,T3,Pine16,T2,Deac11,23,22,22,22,12.3,0.5,22.0,13.0,2.2,13.4,2.0,12.9,2.3,13.7,1.3,11.9,1.5,12.3,0.5,dist_plx_formula,Mace13a find near-IR spectral type T2.,Y,Y,2MASS J16291840+0335371,247.3267040,3.5936400,Cutr03,227.000,3.100,-155.200,3.900,Best20,76.5000,3.5000,Best20,2MASS J16291840+0335371|PSO J247.3273+03.5932|SIMP J1629184+033537|SIMP J162918.4+033537.0|TIC 281288986|WISEA J162918.56+033535.5|WISE J162918.56+033535.6|EQ J1629+0335,Deac11,234.99,5.33,-141.18,4.91,Magn20,FIELD (99.9%),USCO,0.000,pm+trig-plx,2MASS J16291840+0335371,https://simple-bd-archive.org/solo_result/2MASS%20J16291840%2B0335371,247.3283,3.5926,PS1;Kirk21,J1629+0335
2MASSW J1645221-131951,2MASS J16452211-1319516,Gizi02b,251.3421,-13.3312,Gaia23,5.1422,20.3388,null,null,N,N,N,N,NaN,N,FLD-G,Sang23,2.98,2.98(+4.07/-2.08),PSO J251.3408-13.3337,251.3420,-13.3312,251.3409,-13.3337,55670.43,Magn20,21.4234,0.0537,4,C,Cham16,19.1684,0.0230,8,C,Cham16,16.8152,0.0039,8,C,Cham16,15.3396,0.0020,6,C,Cham16,14.3753,0.0016,7,C,Cham16,20.6179,0.0765,17.2311,0.0029,15.6480,0.0044,Gaia23,2MASS J16452211-1319516,251.342129,-13.331015,1999-04-26,12.451,0.028,Cutr03,11.685,0.026,Cutr03,11.145,0.026,Cutr03,000,null,13.467,0.058,Best21,12.370,0.030,Fahe12,11.710,0.030,Fahe12,11.110,0.030,Fahe12,NaN,NaN,null,NaN,NaN,null,CWISE J164521.66-132005.9,251.3422385,-13.3311284,251.3404532,-13.3347021,Maro21,10.828,0.011,1.200,Maro21,10.562,0.009,1.230,Maro21,9.903,0.063,0.965,Cutr13,8.862,0.479,0.933,Cutr13,0000,1,0,10.48,0.04,10.52,0.02,Patt06,88.7,0.12,Gaia23,-362.28,0.15,-808.55,0.1,Gaia23,27,2,Burg15b,89.30,0.41,Wein16,-351.89,0.11,-797.16,0.14,871.37,0.14,203.82,0.01,Wein16,27.00,2.00,Burg15b,NaN,NaN,NaN,NaN,NaN,NaN,null,O,251.3420563,-13.3311825,251.3403931,-13.3347759,88.6970,0.1210,-362.280,0.149,-808.552,0.103,1.003,20,NaN,NaN,null,4327580052130121728,4327580052130121728,-361.5,1.5,-806.8,2.6,Best18,-406.1,3.5,-835.4,3.7,null,null,FLD-G,Sang23,L1.5,Gizi02b,L1,Schn14,11.5,11,11.5,11.5,11.274,0.015,11.5,11.6,2.0,12.2,1.8,11.3,1.9,12.3,1.6,11.5,0.9,11.274,0.015,dist_plx_formula,Target for PARSEC program (Andr11a).,Y,Y,2MASS J16452211-1319516,251.3420506,-13.3311827,Gaia21a,-362.280,0.149,-808.552,0.103,Gaia21a,88.6970,0.1210,Gaia21a,2MASS J16452211-1319516|2MASSW J1645221-131951|TIC 203506666|WISEA J164521.83-132000.6|Gaia DR2 4327580052130121728|Gaia DR3 4327580052130121728,Gizi02b,-360.21,5.15,-796.84,8.48,Magn20,FIELD (99.9%),UCL,0.000,pm+trig-plx+rv,2MASSW J1645221-131951,https://simple-bd-archive.org/solo_result/2MASSW%20J1645221-131951,251.3394,-13.3369,Gaia23,J1645-1319
WISE J170745.85-174452.5,2MASS J17074571-1744523,Mace13a,256.9404,-17.7479,PS1,4.6378,13.3857,null,null,N,N,N,N,NaN,N,Field,UCS+BANYAN,2.5,2.5(+4.3/-2),PSO J256.9411-17.7479,256.9404,-17.7479,256.9412,-17.7479,56028.86,Magn20,NaN,NaN,NaN,null,null,NaN,NaN,NaN,null,null,NaN,NaN,NaN,null,null,NaN,NaN,NaN,null,null,19.3090,0.0306,5,C,Cham16,NaN,NaN,NaN,NaN,NaN,NaN,null,2MASS J17074571-1744523,256.940496,-17.747877,1998-04-23,16.297,0.124,Cutr03,15.449,NaN,Cutr03,16.3800,0.0500,McMa13,000,null,NaN,NaN,null,16.350,0.020,Mace13a,16.580,0.030,Mace13a,NaN,NaN,null,NaN,NaN,null,NaN,NaN,null,CWISE J170745.90-174452.5,256.9405744,-17.7479251,256.9412648,-17.7479247,Maro21,15.928,0.029,1.930,Maro21,13.601,0.014,1.050,Maro21,12.073,0.406,0.869,Cutr13,8.869,NaN,0.869,Cutr13,0000,1,0,14.97,0.02,13.62,0.02,Kirk21,86,2.8,Kirk21,173.3,0.9,-8.9,0.9,Kirk21,NaN,NaN,null,86.00,2.80,Kirk21,173.30,0.90,-8.90,0.90,173.53,0.90,92.94,0.30,Kirk21,NaN,NaN,null,79.2,3.2,169.9,2.8,-9.7,3.0,Best20,null,NaN,NaN,NaN,NaN,NaN,NaN,NaN,NaN,NaN,NaN,NaN,NaN,NaN,NaN,null,null,null,204.5,21.7,44.1,85.3,Best18,153.7,12.1,0.1,13.5,null,null,null,null,null,null,T5:,Mace13a,NaN,25,25,25,11.6,0.4,25.0,20.2,3.9,24.4,4.8,23.5,6.2,NaN,NaN,15.3,2.3,11.6,0.4,dist_plx_formula,Nearby bluer star contaminates photometry in 2MASS; possibly also W1.,Y,Y,2MASS J17074571-1744523,256.9405772,-17.7476223,Gaia21a,-0.859,0.521,-5.085,0.366,Gaia21a,1.0846,0.4477,Gaia21a,2MASS J17074571-1744523|TIC 399533771|WISEA J170745.84-174452.4|WISE J170745.85-174452.5|EQ J1707-1744|Gaia DR3 4135505777467362304,Grif12b,203.01,45.39,-15.29,39.02,Magn20,FIELD (99.9%),USCO,0.000,pm+trig-plx,WISE J170745.85-174452.5,https://simple-bd-archive.org/solo_result/WISE%20J170745.85-174452.5,256.9417,-17.7480,PS1;Kirk21,J1707-1744
2MASS J17502484-0016151,2MASS J17502484-0016151,Kend07a,267.6034,-0.2708,Gaia23,25.5966,13.4166,null,null,N,N,N,N,NaN,N,FLD-G,Sang23,2.98,2.98(+4.07/-2.08),PSO J267.6021-00.2702,267.6034,-0.2708,267.6021,-0.2702,55600.54,Magn20,NaN,NaN,NaN,null,null,20.1557,0.0334,3,C,Cham16,18.2320,0.0762,2,C,Cham16,16.3506,0.0088,4,C,Cham16,15.3654,0.0010,6,C,Cham16,NaN,NaN,NaN,NaN,16.6783,0.0062,Gaia23,2MASS J17502484-0016151,267.603506,-0.270865,1999-03-20,13.294,0.023,Cutr03,12.411,0.021,Cutr03,11.849,0.021,Cutr03,000,null,14.400,0.054,Best21,13.210,0.020,Fahe12,12.440,0.020,Fahe12,11.810,0.020,Fahe12,NaN,NaN,null,NaN,NaN,null,CWISE J175024.40-001611.9,267.6033827,-0.2708325,267.6017037,-0.2699799,Maro21,11.173,0.010,0.933,Maro21,10.898,0.007,1.080,Maro21,10.287,0.069,1.060,Cutr13,8.997,NaN,0.987,Cutr13,0000,1,0,10.77,0.01,10.90,0.02,Kirk21,108.58,0.2,Gaia23,-397.5,0.21,197.42,0.15,Gaia23,19,3,Burg15b,110.59,0.52,Dahn17,-394.28,0.44,203.50,0.70,443.70,0.30,297.30,0.10,Dahn17,19.00,3.00,Burg15b,NaN,NaN,NaN,NaN,NaN,NaN,null,O,267.6033936,-0.2708321,267.6016235,-0.2699547,108.5809,0.1985,-397.497,0.212,197.419,0.152,1.053,19,NaN,NaN,null,4371611781971072768,4371611781971072768,-396.7,1.7,199.7,1.9,Best18,-392.5,3.6,199.3,3.5,null,null,FLD-G,Sang23,L5,Pine16,L5.5,Kend07a,15,15.5,15,15,9.21,0.017,15.0,8.9,1.3,9.2,1.5,9.7,1.5,10.4,1.4,9.5,1.4,9.21,0.017,dist_plx_formula,Target for PARSEC program (Andr11a).,Y,Y,2MASS J17502484-0016151,267.6033787,-0.2708321,Gaia21a,-397.497,0.212,197.419,0.152,Gaia21a,108.5809,0.1985,Gaia21a,2MASS J17502484-0016151|TIC 39591415|WISEA J175024.53-001612.8|Gaia DR2 4371611781971072768|Gaia DR3 4371611781971072768,Kend07a,-390.83,5.75,198.62,5.73,Magn20,FIELD (99.9%),USCO,0.000,pm+trig-plx+rv,2MASS J17502484-0016151,https://simple-bd-archive.org/solo_result/2MASS%20J17502484-0016151,267.6006,-0.2694,Gaia23,J1750-0016
2MASS J18000116-1559235,2MASS J18000116-1559235,Bard14,270.0049,-15.9900,Gaia23,12.8473,3.7115,null,null,N,N,N,N,NaN,N,FLD-G,UCS+BANYAN;UCS_23b,2.98,2.98(+4.07/-2.08),PSO J270.0048-15.9909,270.0048,-15.9900,270.0048,-15.9910,56028.08,Magn20,NaN,NaN,NaN,null,null,NaN,NaN,NaN,null,null,18.3158,0.0282,11,C,Cham16,16.7239,0.0088,8,C,Cham16,15.6407,0.0039,12,C,Cham16,NaN,NaN,NaN,NaN,16.9093,0.0163,Gaia23,2MASS J18000116-1559235,270.004861,-15.989866,1998-04-15,13.431,0.024,Cutr03,12.521,0.030,Cutr03,11.981,0.030,Cutr03,000,null,14.669,0.054,Best21,13.340,0.020,Best20,12.596,0.030,Best21,11.963,0.030,Best21,NaN,NaN,null,NaN,NaN,null,CWISE J180001.15-155928.6,270.0049708,-15.9900077,270.0048044,-15.9912996,Maro21,11.246,0.010,6.900,Maro21,11.112,0.008,2.860,Maro21,11.088,0.206,1.050,Cutr13,8.243,NaN,0.982,Cutr13,0000,1,0,NaN,NaN,NaN,NaN,null,81.15,0.22,Gaia23,-8.09,0.27,-296.9,0.2,Gaia23,NaN,NaN,null,NaN,NaN,null,3.5,1.9,-295.1,1.9,295.12,1.90,179.32,0.37,Best18,NaN,NaN,null,70.5,5.2,-10.8,3.5,-298.0,3.6,Best20,O,270.0048523,-15.9899874,270.0048218,-15.9913073,81.1462,0.2194,-8.086,0.268,-296.896,0.197,0.999,16,NaN,NaN,null,4145132555890838784,4145132555890838784,3.5,1.9,-295.1,1.9,Best18,-37.4,3.8,-302.0,4.0,null,null,FLD-G,UCS_23b,L4.5,Kirk16,L4.3,Bard14,14.5,14.3,14.5,14.5,12.32,0.03,14.5,10.4,1.5,10.8,1.7,11.0,1.7,12.1,1.7,11.0,1.6,12.32,0.03,dist_plx_formula,Identified photometrically as an L5.5 by Folk12.,Y,Y,2MASS J18000116-1559235,270.0048658,-15.9899875,Gaia21a,-8.086,0.268,-296.896,0.197,Gaia21a,81.1462,0.2194,Gaia21a,2MASS J18000116-1559235|TIC 357770485|WISEA J180001.15-155927.2|WISE J180001.17-155927.1|Gaia DR2 4145132555890838784|Gaia DR3 4145132555890838784,Folk12,12.48,5.33,-297.58,3.74,Magn20,BPMG (72.7%); FIELD (27.3%),BPMG,0.727,pm+trig-plx,2MASS J18000116-1559235,https://simple-bd-archive.org/solo_result/2MASS%20J18000116-1559235,270.0048,-15.9921,Gaia23,J1800-1559
2MASS J18212815+1414010,2MASS J18212815+1414010,Loop08b,275.3673,14.2336,Gaia23,42.4536,12.9794,v-red,Loop08b;Liu_16;Fahe16,N,N,N,N,NaN,N,FLD-G,Liu_16,2.98,2.98(+4.07/-2.08),PSO J275.3681+14.2327,275.3673,14.2336,275.3681,14.2327,56050.05,Magn20,NaN,NaN,NaN,null,null,20.6465,0.0612,6,C,Best18,18.4482,0.0085,4,C,Cham16,16.7013,0.0051,9,C,Cham16,15.6689,0.0061,13,C,Cham16,21.3481,0.1451,18.6779,0.0035,17.0598,0.0077,Gaia23,2MASS J18212815+1414010,275.367305,14.233623,1999-03-27,13.431,0.024,Cutr03,12.396,0.021,Cutr03,11.650,0.021,Cutr03,000,null,14.630,0.050,Schn23b;UCS_24,13.304,0.002,Schn23b,12.463,0.021,Best21,11.622,0.001,Schn23b,NaN,NaN,null,NaN,NaN,null,CWISE J182128.39+141357.2,275.3672716,14.2336684,275.3683184,14.2325690,Maro21,10.708,0.009,4.480,Maro21,10.466,0.009,1.350,Maro21,9.928,0.052,0.965,Cutr13,9.067,0.534,0.961,Cutr13,0000,1,0,10.53,0.01,10.51,0.02,Kirk21,107.03,0.19,Gaia23,227.57,0.18,-247.23,0.2,Gaia23,9.08,0.17,Fahe16,106.65,0.20,Sahl16,230.27,0.16,-241.49,0.12,333.68,0.14,136.36,0.02,Sahl16,9.08,0.17,Fahe16,NaN,NaN,NaN,NaN,NaN,NaN,null,O,275.3673096,14.2335720,275.3683777,14.2324734,107.0339,0.1856,227.571,0.182,-247.229,0.198,1.156,20,NaN,NaN,null,4485574134969389312,4485574134969389312,230.4,2.1,-247.1,2.6,Best18,237.2,3.6,-257.0,3.3,null,null,FLD-G,Liu_16,L4.5 pec,Loop08b,L5: FLD-G,Liu_16,14.5,15,14.5,14.5,9.343,0.017,14.5,10.4,1.5,10.6,1.7,9.4,1.5,10.3,1.4,8.2,1.2,9.343,0.017,dist_plx_formula,Loop08b and Kirk10 find near-IR spectral type L5 pec. Target for NPARSEC program (Smar13).  Fahe16 find near-IR spectral types L4 pec and L3.5 INT-G (medium resolution)/FLD-G(low resolution),Y,Y,2MASS J18212815+1414010,275.3673231,14.2335720,Gaia21a,227.571,0.182,-247.229,0.198,Gaia21a,107.0339,0.1856,Gaia21a,2MASS J18212815+1414010|TIC 156746159|WISEA J182128.32+141358.3|Gaia DR2 4485574134969389312|Gaia DR3 4485574134969389312,Loop08b,233.67,3.20,-244.19,3.99,Magn20,FIELD (99.9%),USCO,0.000,pm+trig-plx+rv,2MASS J18212815+1414010,https://simple-bd-archive.org/solo_result/2MASS%20J18212815%2B1414010,275.3690,14.2318,Gaia23,J1821+1414
2MASS J18283572-4849046,2MASS J18283572-4849046,Burg04b,277.1488,-48.8179,CatWISE,346.0502,-16.5511,null,null,N,N,N,N,NaN,N,Field,UCS+BANYAN,2.5,2.5(+4.3/-2),null,NaN,NaN,NaN,NaN,NaN,null,NaN,NaN,NaN,null,null,NaN,NaN,NaN,null,null,NaN,NaN,NaN,null,null,NaN,NaN,NaN,null,null,NaN,NaN,NaN,null,null,NaN,NaN,NaN,NaN,NaN,NaN,null,2MASS J18283572-4849046,277.148844,-48.817955,2000-10-08,15.175,0.056,Cutr03,14.908,0.144,Cutr03,15.0700,0.0200,McMa13,000,null,15.860,0.051,usyn24,14.850,0.010,McMa13,15.060,0.051,usyn24,15.093,0.052,usyn24,NaN,NaN,null,NaN,NaN,null,CWISE J182836.08-484903.4,277.1487561,-48.8179022,277.1503257,-48.8176297,Maro21,14.490,0.018,0.779,Maro21,12.781,0.011,0.899,Maro21,11.333,0.169,0.967,Cutr13,8.695,NaN,1.050,Cutr13,0000,1,0,13.67,0.01,12.76,0.02,Kirk21,87.9,2,Smar13,234.6,2.5,88.3,2.6,Smar13,NaN,NaN,null,87.90,2.00,Smar13,234.60,2.50,88.30,2.60,250.67,2.51,69.37,0.59,Smar13,NaN,NaN,null,NaN,NaN,NaN,NaN,NaN,NaN,null,null,NaN,NaN,NaN,NaN,NaN,NaN,NaN,NaN,NaN,NaN,NaN,NaN,NaN,NaN,null,null,null,NaN,NaN,NaN,NaN,null,241.6,6.6,63.7,6.9,null,null,null,null,null,null,T5.5,Burg06b,NaN,25.5,25.5,25.5,11.38,0.26,25.5,11.4,2.1,11.5,2.3,11.5,3.0,11.5,2.8,10.0,1.5,11.38,0.26,dist_plx_formula,Target for PARSEC program (Andr11a). Target for NPARSEC program (Smar13).,N,N,2MASS J18283572-4849046,277.1488440,-48.8179550,Cutr03,234.600,2.500,88.300,2.600,Smar13,87.9000,2.0000,Smar13,2MASS J18283572-4849046|TIC 324498463|WISEA J182835.96-484903.9|WISEP J182835.97-484903.0|WISE J182835.96-484903.9,Burg04b,NaN,NaN,NaN,NaN,null,FIELD (99.9%),USCO,0.000,pm+trig-plx,2MASS J18283572-4849046,https://simple-bd-archive.org/solo_result/2MASS%20J18283572-4849046,277.1513,-48.8173,CatWISE;Smar13,J1828-4849
2MASSI J1835379+325954,LSR J1835+3259,Reid03b,278.9078,32.9981,Gaia23,61.6458,17.4442,lowg?,Berd17,N,N,N,N,NaN,lowg?,YoungField?,Berd17,0.105,0.01-0.2?,PSO J278.9075+32.9959,278.9077,32.9982,278.9076,32.9960,55348.80,Magn20,19.0248,0.0121,6,C,Cham16,17.1756,0.0094,2,C,Cham16,NaN,NaN,NaN,null,null,NaN,NaN,NaN,null,null,NaN,NaN,NaN,null,null,18.4564,0.0144,14.8510,0.0029,13.3057,0.0040,Gaia23,2MASS J18353790+3259545,278.907925,32.998497,1998-04-20,10.270,0.022,Cutr03,9.617,0.021,Cutr03,9.171,0.018,Cutr03,000,null,NaN,NaN,null,NaN,NaN,null,NaN,NaN,null,NaN,NaN,null,NaN,NaN,null,NaN,NaN,null,CWISE J183537.77+325940.4,278.9078921,32.9980949,278.9074499,32.9948468,Maro21,8.774,0.010,1.920,Maro21,8.548,0.009,1.230,Maro21,8.161,0.020,1.100,Cutr13,7.786,0.131,0.997,Cutr13,D000,1,0,8.55,0.02,8.55,0.01,Patt06,175.79,0.05,Gaia23,-72.65,0.05,-755.15,0.05,Gaia23,8.4,2,Desh12,176.55,0.21,Dahn17,-81.29,1.31,-748.30,0.17,752.70,0.10,186.20,0.10,Dahn17,8.40,2.00,Desh12,NaN,NaN,NaN,NaN,NaN,NaN,null,O,278.9078369,32.9981422,278.9074402,32.9947853,175.7930,0.0468,-72.650,0.047,-755.146,0.052,1.096,28,NaN,NaN,null,2091177593123254016,2091177593123254016,-70.6,2.6,-750.7,2.0,Best18,-86.7,2.3,-759.3,3.6,low?,Berd17,null,null,M8.5,Reid03b,null,null,8.5,NaN,8.5,8.5,5.6886,0.0016,8.5,8.4,2.5,NaN,NaN,8.5,2.3,NaN,NaN,8.0,2.1,5.6886,0.0016,dist_plx_formula,aka LSR J1835+3259. RV = 8.4±2.0 km/s (Desh12). Age 22±4 Myr based on polarimetry-derived Teff and log g (Berd17).,N,N,LSR J1835+3259,278.9078338,32.9981434,Gaia21a,-72.650,0.047,-755.146,0.052,Gaia21a,175.7930,0.0468,Gaia21a,2MASS J18353790+3259545|Karmn J18356+329|LSPM J1835+3259|LSR J1835+3259|2MASSI J1835379+325954|2MUCD 11792|TIC 27858644|USNO-B1.0 1229-00376318|WISEA J183537.82+325945.4|[B2006] J183537.9+325955|Gaia DR3 2091177593123254016|Gaia DR2 2091177593123254016,Lepi02b,-38.46,16.77,-762.82,6.48,Magn20,FIELD (99.9%),USCO,0.000,pm+trig-plx+rv,2MASS J18353790+3259545,https://simple-bd-archive.org/solo_result/2MASS%20J18353790%2B3259545,278.9072,32.9928,Gaia23,J1835+3259
WISEPA J185215.78+353716.3,2MASS J18521552+3537196,Kirk11,283.0649,35.6221,PS1,65.5238,15.2476,null,null,N,N,N,N,NaN,N,Field,UCS+BANYAN,2.5,2.5(+4.3/-2),PSO J283.0658+35.6209,283.0649,35.6221,283.0659,35.6210,56086.43,Magn20,NaN,NaN,NaN,null,null,NaN,NaN,NaN,null,null,NaN,NaN,NaN,null,null,20.9203,0.1264,2,C,Cham16,19.1947,0.0642,8,C,Cham16,NaN,NaN,NaN,NaN,NaN,NaN,null,2MASS J18521552+3537196,283.064682,35.622112,1998-04-22,16.501,0.116,Cutr03,17.407,NaN,Cutr03,17.076,NaN,Cutr03,000,null,17.416,0.052,Schn23b;UCS_24,16.329,0.013,Schn23b,16.740,0.052,Schn23b;UCS_24,16.515,0.054,Best21,NaN,NaN,null,NaN,NaN,null,CWISE J185215.87+353714.9,283.0647984,35.6220585,283.0661145,35.6208389,Maro21,16.186,0.030,2.150,Maro21,14.202,0.016,0.807,Maro21,12.229,0.323,0.998,Cutr13,8.806,NaN,0.973,Cutr13,0000,1,0,15.58,0.03,14.19,0.02,Kirk11,72,1.9,Kirk19,251.2,0.9,-287.1,0.9,Kirk19,NaN,NaN,null,72.00,1.90,Kirk19,251.20,0.90,-287.10,0.90,381.50,1.10,138.82,0.09,Kirk19,NaN,NaN,null,66.3,2.9,254.6,2.9,-288.2,3.1,Best20,null,NaN,NaN,NaN,NaN,NaN,NaN,NaN,NaN,NaN,NaN,NaN,NaN,NaN,NaN,null,null,null,248.3,2.6,-281.9,3.5,Best18,250.1,13.7,-285.1,14.7,null,null,null,null,null,null,T7,Kirk11,NaN,27,27,27,13.9,0.4,27.0,14.9,2.9,15.4,3.1,18.8,NaN,13.3,3.3,15.8,2.3,13.9,0.4,dist_plx_formula,null,Y,Y,2MASS J18521552+3537196,283.0646820,35.6221120,Cutr03,254.600,2.900,-288.200,3.100,Best20,66.3000,2.9000,Best20,2MASS J18521552+3537196|TIC 28770841|WISEP J185215.78+353716.3|WISE J185215.76+353716.7|EQ J1852+3537,Kirk11,232.73,34.94,-304.82,57.15,Magn20,FIELD (99.9%),ABDMG,0.000,pm+trig-plx,WISE J185215.76+353716.7,https://simple-bd-archive.org/solo_result/WISE%20J185215.76%2B353716.7,283.0671,35.6200,PS1;Kirk19,J1852+3537
2MASS J19251275+0700362,2MASS J19251275+0700362,Scho18;Fahe18,291.3032,7.0101,Gaia23,43.0428,-4.2469,null,null,N,N,N,N,NaN,N,Field,UCS+BANYAN,2.5,2.5(+4.3/-2),PSO J291.3033+07.0109,291.3032,7.0100,291.3034,7.0110,56996.65,Magn20,NaN,NaN,NaN,null,null,NaN,NaN,NaN,null,null,20.1486,0.0154,3,C,Cham16,17.8591,0.0122,4,C,Cham16,16.8680,0.0122,11,C,Cham16,22.8237,0.3264,19.9517,0.0061,18.3103,0.0208,Gaia23,2MASS J19251275+0700362,291.303148,7.010075,1999-08-09,14.763,0.046,Cutr03,13.693,0.030,Cutr03,12.937,0.037,Cutr03,000,null,NaN,NaN,null,NaN,NaN,null,NaN,NaN,null,NaN,NaN,null,NaN,NaN,null,NaN,NaN,null,CWISE J192512.79+070039.7,291.3033079,7.0100879,291.3033579,7.0110324,Maro21,12.089,0.020,0.909,Maro21,11.705,0.014,0.904,Maro21,10.934,0.112,0.873,Cutr13,9.102,NaN,0.891,Cutr13,0000,2,0,NaN,NaN,11.69,0.02,Kirk21,89,0.6,Gaia23,42.9,0.7,212.7,0.6,Gaia23,-9,7,Fahe18,94.50,3.20,Kirk21,51.10,2.80,206.20,2.80,212.44,2.79,13.92,0.75,Kirk21,-9.00,7.00,Fahe18,NaN,NaN,NaN,NaN,NaN,NaN,null,O,291.3031616,7.0100956,291.3033643,7.0110410,88.9971,0.6273,42.878,0.678,212.718,0.588,1.248,17,NaN,NaN,null,4295524821431807232,4295524821431807232,45.2,3.1,233.9,12.5,Magn20,11.6,6.4,220.8,6.5,null,null,null,null,null,null,L7,Fahe18,NaN,17,17,17,11.24,0.08,17.0,12.6,1.9,NaN,NaN,12.8,2.0,NaN,NaN,11.6,1.7,11.24,0.08,dist_plx_formula,null,N,Y,2MASS J19251275+0700362,291.3031723,7.0100955,Gaia21a,42.878,0.678,212.718,0.588,Gaia21a,88.9971,0.6273,Gaia21a,2MASS J19251275+0700362|TIC 133125017|WISEA J192512.77+070038.6|WISE J192512.78+070038.8|Gaia DR3 4295524821431807232|Gaia DR2 4295524821431807232,Fahe18,NaN,NaN,NaN,NaN,null,FIELD (99.9%),ARG,0.000,pm+trig-plx+rv,null,null,291.3035,7.0116,Gaia23,J1925+0700
WISE J192841.35+235604.9,2MASS J19284155+2356016,Mace13a,292.1729,23.9339,Gaia23,58.3431,3.0576,null,null,N,N,N,N,NaN,N,Field,UCS+BANYAN,2.5,2.5(+4.3/-2),PSO J292.1721+23.9346,292.1729,23.9339,292.1722,23.9346,55396.32,Magn20,NaN,NaN,NaN,null,null,NaN,NaN,NaN,null,null,NaN,NaN,NaN,null,null,18.4310,0.0630,13,R,Best18,16.8423,0.0015,6,C,Cham16,21.9866,0.1158,20.6632,0.0074,18.5078,0.0141,Gaia23,null,NaN,NaN,null,14.340,0.060,Skru06,14.310,0.060,Skru06,14.090,0.060,Skru06,null,null,15.090,0.054,Best21,13.980,0.020,Best20,14.236,0.054,Best21,14.183,0.054,Best21,NaN,NaN,null,NaN,NaN,null,CWISE J192841.23+235606.0,292.1731762,23.9338753,292.1718175,23.9350089,Maro21,13.750,0.013,12.800,Maro21,12.064,0.008,2.200,Maro21,10.802,0.094,0.971,Cutr13,8.649,NaN,0.995,Cutr13,0000,1,0,13.14,0.02,12.06,0.02,Mace13a,146.4,1.2,Gaia23,-247,0.6,240.4,1.2,Gaia23,NaN,NaN,null,154.90,1.80,Kirk21,-247.50,0.70,239.00,0.70,344.06,0.70,314.00,0.12,Kirk21,NaN,NaN,null,146.0,5.2,-247.4,3.6,236.1,3.5,Best20,O,292.1729431,23.9339371,292.1717533,23.9350048,146.4067,1.2001,-246.999,0.621,240.430,1.179,1.242,19,NaN,NaN,null,2019802555283940608,2019802555283940480,-233.5,4.1,246.6,3.6,Best18,-290.3,4.8,265.0,4.7,null,null,null,null,null,null,T6,Mace13a,NaN,26,26,26,6.83,0.06,26.0,7.2,1.3,7.0,1.4,6.4,1.7,6.5,1.6,6.8,1.0,6.83,0.06,dist_plx_formula,null,Y,Y,2MASS J19284155+2356016,292.1729543,23.9339362,Gaia21a,-246.999,0.621,240.430,1.179,Gaia21a,146.4067,1.2001,Gaia21a,2MASS J19284155+2356016|TIC 369794540|WISEA J192841.39+235604.5|WISE J192841.35+235604.9|EQ J1928+2356|Gaia DR3 2019802555283940608,Kirk12,-246.42,16.38,257.09,16.01,Magn20,FIELD (99.9%),UCL,0.000,pm+trig-plx,WISE J192841.35+235604.9,https://simple-bd-archive.org/solo_result/WISE%20J192841.35%2B235604.9,292.1710,23.9356,Gaia23,J1928+2356
WISEPA J195905.66-333833.7,2MASS J19590564-3338314,Kirk11,299.7734,-33.6421,CatWISE,7.2738,-27.9160,null,null,N,N,N,N,NaN,N,Field,UCS+BANYAN,2.5,2.5(+4.3/-2),null,NaN,NaN,NaN,NaN,NaN,null,NaN,NaN,NaN,null,null,NaN,NaN,NaN,null,null,NaN,NaN,NaN,null,null,NaN,NaN,NaN,null,null,NaN,NaN,NaN,null,null,NaN,NaN,NaN,NaN,NaN,NaN,null,2MASS J19590564-3338314,299.773538,-33.642067,1999-06-19,16.866,0.145,Cutr03,16.077,NaN,Cutr03,16.8000,0.0700,McMa13,000,null,17.677,0.052,usyn24,16.710,0.010,McMa13,17.178,0.054,Kirk11,17.020,0.054,usyn24,NaN,NaN,null,NaN,NaN,null,CWISE J195905.65-333834.8,299.7734438,-33.6421416,299.7735697,-33.6430040,Maro21,16.144,0.030,0.981,Maro21,13.800,0.015,0.987,Maro21,12.256,NaN,0.969,Cutr13,8.542,NaN,0.969,Cutr13,0000,1,0,15.36,0.02,13.79,0.02,Mace13a,83.9,2,Kirk21,-4.7,0.8,-200.7,0.8,Kirk21,NaN,NaN,null,83.90,2.00,Kirk21,-4.70,0.80,-200.70,0.80,200.76,0.80,181.34,0.23,Kirk21,NaN,NaN,null,NaN,NaN,NaN,NaN,NaN,NaN,null,null,NaN,NaN,NaN,NaN,NaN,NaN,NaN,NaN,NaN,NaN,NaN,NaN,NaN,NaN,null,null,null,NaN,NaN,NaN,NaN,null,24.5,14.2,-201.6,15.2,null,null,null,null,null,null,T8,Kirk11,NaN,28,28,28,11.92,0.28,28.0,11.5,2.3,11.6,2.3,11.3,3.0,10.3,2.5,11.1,1.6,11.92,0.28,dist_plx_formula,null,N,N,2MASS J19590564-3338314,299.7735380,-33.6420670,Cutr03,-8.600,1.000,-193.200,1.100,Kirk19,85.3000,2.2000,Kirk19,2MASS J19590564-3338314|TIC 211252012|WISEA J195905.64-333833.8|WISEP J195905.66-333833.7|WISE J195905.65-333833.5|EQ J1959-3338,Kirk11,NaN,NaN,NaN,NaN,null,FIELD (99.9%),UCL,0.000,pm+trig-plx,WISEPA J195905.66-333833.7,https://simple-bd-archive.org/solo_result/WISEPA%20J195905.66-333833.7,299.7734,-33.6436,CatWISE;Kirk21,J1959-3338
WISE J200050.19+362950.1,2MASS J20005017+3629465,Cush14,300.2088,36.4961,PS1,72.7025,3.3170,null,null,N,N,N,N,NaN,N,Field,UCS+BANYAN,2.5,2.5(+4.3/-2),PSO J300.2091+36.4974,300.2088,36.4961,300.2091,36.4975,56154.09,Magn20,NaN,NaN,NaN,null,null,NaN,NaN,NaN,null,null,NaN,NaN,NaN,X,null,NaN,NaN,NaN,X,null,18.3833,0.0241,8,C,Cham16,NaN,NaN,NaN,NaN,NaN,NaN,null,2MASS J20005017+3629465,300.209069,36.496262,2000-06-12,15.811,0.088,Cutr03,15.809,NaN,Cutr03,16.798,NaN,Cutr03,000,UGPS J200050.16+362948.3 ,16.306,0.051,Best21,15.440,0.010,Cush14,15.850,0.010,Cush14,16.122,0.041,WFAU19,NaN,NaN,null,NaN,NaN,null,CWISE J200050.19+362952.0,300.2090189,36.4961197,300.2091216,36.4977662,Maro21,15.074,0.028,4.180,Maro21,12.683,0.013,0.711,Maro21,11.207,0.098,0.891,Cutr13,9.416,NaN,0.900,Cutr13,0000,1,0,14.22,0.02,12.68,0.02,Kirk19,133.4,2.2,Kirk21,6.1,0.9,372.8,0.9,Kirk21,NaN,NaN,null,133.40,2.20,Kirk21,6.10,0.90,372.80,0.90,372.85,0.90,0.94,0.14,Kirk21,NaN,NaN,null,131.2,2.9,1.9,3.3,368.4,4.1,Best20,null,NaN,NaN,NaN,NaN,NaN,NaN,NaN,NaN,NaN,NaN,NaN,NaN,NaN,NaN,null,null,null,15.8,4.5,370.5,5.1,Best18,19.3,7.9,384.9,8.4,null,null,null,null,null,null,T8,Cush14,NaN,28,28,28,7.5,0.12,28.0,7.1,1.3,6.5,1.3,11.3,NaN,6.8,1.7,6.7,1.0,7.5,0.12,dist_plx_formula,null,Y,Y,2MASS J20005017+3629465,300.2090690,36.4962620,Cutr03,1.900,3.300,368.400,4.100,Best20,131.2000,2.9000,Best20,2MASS J20005017+3629465|TIC 355912690|WISEA J200050.19+362950.1|WISE J200050.19+362950.1,Smit14b,66.83,66.35,408.65,35.50,Magn20,FIELD (99.9%),ARG,0.000,pm+trig-plx,WISE J200050.19+362950.1,https://simple-bd-archive.org/solo_result/WISE%20J200050.19%2B362950.1,300.2089,36.4987,PS1;Kirk21,J2000+3629
WISE J203042.79+074934.7,2MASS J20304235+0749358,Mace13a,307.6764,7.8266,Gaia23,51.9990,-17.9370,null,null,N,N,N,N,NaN,N,Field,UCS+BANYAN,2.5,2.5(+4.3/-2),PSO J307.6784+07.8262,307.6764,7.8266,307.6785,7.8263,55636.69,Magn20,NaN,NaN,NaN,null,null,NaN,NaN,NaN,null,null,21.6085,0.0579,7,C,Cham16,18.0176,0.0181,5,C,Cham16,16.4241,0.0085,7,C,Cham16,21.5769,0.3275,20.1607,0.0125,18.3550,0.0356,Gaia23,2MASS J20304235+0749358,307.676488,7.826620,2000-06-11,14.227,0.029,Cutr03,13.435,0.039,Cutr03,13.319,0.039,Cutr03,000,null,15.220,0.012,Best21,14.051,0.003,Schn23b,13.512,0.039,Best21,13.354,0.005,Schn23b,NaN,NaN,null,NaN,NaN,null,CWISE J203043.10+074933.9,307.6760952,7.8266008,307.6792538,7.8261234,Maro21,13.017,0.019,1.000,Maro21,12.203,0.017,1.370,Maro21,10.966,0.141,1.030,Cutr13,8.664,NaN,0.890,Cutr13,0000,1,0,12.36,0.01,12.08,0.02,Kirk21,102.8,0.8,Gaia23,664,0.9,-111.7,0.9,Gaia23,NaN,NaN,null,103.30,3.50,Kirk21,664.50,2.40,-108.60,2.20,673.32,2.39,99.28,0.19,Kirk21,NaN,NaN,null,102.7,5.7,658.0,3.5,-114.7,2.8,Best20,O,307.6763916,7.8266053,307.6793518,7.8261089,102.7966,0.8009,664.047,0.937,-111.659,0.909,1.271,16,NaN,NaN,null,1749030362195988096,1749030362195988096,664.4,1.8,-113.9,2.2,Best18,731.5,9.1,-111.6,4.7,null,null,null,null,null,null,T1.5,Mace13a,NaN,21.5,21.5,21.5,9.73,0.08,21.5,7.9,1.3,8.2,1.2,9.8,1.7,9.4,0.9,10.7,1.4,9.73,0.08,dist_plx_formula,Biha13 and Best13 both find near-IR spectral type T1.5.,Y,Y,2MASS J20304235+0749358,307.6763764,7.8266053,Gaia21a,664.047,0.937,-111.659,0.909,Gaia21a,102.7966,0.8009,Gaia21a,2MASS J20304235+0749358|PSO J307.6784+07.8236|PSO J307.6784+07.8263|TIC 374469464|WISEA J203042.80+074934.5|WISE J203042.79+074934.7|EQ J2030+0749|Gaia DR3 1749030362195988096|Gaia DR2 1749030362195988096,Mace13a,667.77,15.41,-100.62,14.84,Magn20,FIELD (99.9%),USCO,0.000,pm+trig-plx,WISE J203042.79+074934.7,https://simple-bd-archive.org/solo_result/WISE%20J203042.79%2B074934.7,307.6811,7.8258,Gaia23,J2030+0749
PSO J319.3102-29.6682,2MASS J21171431-2940034,Best15,319.3097,-29.6677,PS1,16.5762,-43.2470,specblend?,Best20,N,N,N,N,NaN,N,Field,UCS+BANYAN,2.5,2.5(+4.3/-2),PSO J319.3102-29.6682,319.3097,-29.6677,319.3103,-29.6682,55903.32,Magn20,NaN,NaN,NaN,null,null,NaN,NaN,NaN,null,null,NaN,NaN,NaN,null,null,18.9152,0.0114,9,C,Cham16,17.6743,0.0168,8,C,Cham16,20.0372,1.1777,20.9692,0.0468,19.5015,0.1335,Gaia23,2MASS J21171431-2940034,319.309634,-29.667616,1998-08-04,15.601,0.060,Cutr03,14.527,0.066,Cutr03,14.150,0.066,Cutr03,000,null,16.595,0.018,Best21,15.450,0.016,Best15,14.655,0.012,Best15,14.167,0.053,Best21,NaN,NaN,null,NaN,NaN,null,CWISE J211714.50-294006.2,319.3097019,-29.6677002,319.3104217,-29.6683859,Maro21,13.526,0.013,0.522,Maro21,12.863,0.010,0.787,Maro21,11.521,0.213,0.859,Cutr13,8.797,NaN,0.993,Cutr13,0000,1,0,13.03,0.01,12.90,0.02,Kirk21,76,4,Kirk21,147.9,2.6,-168.8,2.6,Best18,NaN,NaN,null,76.10,3.50,Kirk21,149.20,2.70,-168.10,3.20,224.76,2.98,138.41,0.75,Kirk21,NaN,NaN,null,52.4,6.8,139.3,4.5,-171.0,4.8,Best20,O,319.3104858,-29.6684151,319.3104858,-29.6684151,NaN,NaN,NaN,NaN,NaN,NaN,NaN,5,NaN,NaN,null,6787923514696999424,6787923514696999424,147.9,2.6,-168.8,2.6,Best18,146.2,6.2,-160.3,6.3,null,null,null,null,null,null,T0:,Best15,NaN,20,20,20,13.2,0.7,20.0,14.8,2.5,14.9,2.3,16.8,3.0,15.6,1.6,16.0,2.1,13.2,0.7,dist_plx_formula,candidate bPic YMG member (Best15).,Y,Y,2MASS J21171431-2940034,319.3096330,-29.6676170,Cutr03,139.300,4.500,-171.000,4.800,Best20,52.4000,6.8000,Best20,2MASS J21171431-2940034|PSO J319.3102-29.6682|TIC 290076252|WISEA J211714.44-294005.5|WISE J211714.44-294005.2,Best15,141.32,8.52,-163.29,7.83,Magn20,FIELD (99.1%); BPMG (0.9%),BPMG,0.009,pm+trig-plx,2MASS J21171431-2940034,https://simple-bd-archive.org/solo_result/2MASS%20J21171431-2940034,319.3109,-29.6689,PS1;Best18,J2117-2940
WISE J212100.87-623921.6,2MASS J21210032-6239194,Beam15,320.2513,-62.6553,CatWISE,331.7498,-40.7898,null,null,N,N,N,N,NaN,N,Field,UCS+BANYAN,2.5,2.5(+4.3/-2),null,NaN,NaN,NaN,NaN,NaN,null,NaN,NaN,NaN,null,null,NaN,NaN,NaN,null,null,NaN,NaN,NaN,null,null,NaN,NaN,NaN,null,null,NaN,NaN,NaN,null,null,21.4454,0.3648,21.2012,0.0416,19.4863,0.0779,Gaia23,2MASS J21210032-6239194,320.251369,-62.655403,2000-07-30,15.434,0.054,Cutr03,14.535,0.060,Cutr03,14.270,0.074,Cutr03,000,null,NaN,NaN,null,15.160,0.010,McMa13,NaN,NaN,null,NaN,NaN,null,NaN,NaN,null,NaN,NaN,null,CWISE J212101.13-623922.7,320.2513177,-62.6552754,320.2546788,-62.6563068,Maro21,13.793,0.013,1.230,Maro21,13.014,0.009,1.130,Maro21,11.300,0.161,0.981,Cutr13,8.513,NaN,1.060,Cutr13,0000,1,0,NaN,NaN,13.16,0.03,Kirk21,75,3,Kirk21,382.7,2.4,-256.9,2.5,Kirk21,NaN,NaN,null,74.90,3.20,Kirk21,382.70,2.40,-256.90,2.50,460.93,2.43,123.87,0.31,Kirk21,NaN,NaN,null,NaN,NaN,NaN,NaN,NaN,NaN,null,O,320.2548523,-62.6564102,320.2548658,-62.6564086,NaN,NaN,NaN,NaN,NaN,NaN,NaN,4,NaN,NaN,null,6451463438950932992,null,NaN,NaN,NaN,NaN,null,360.9,5.8,-241.1,5.5,null,null,null,null,null,null,T2,Beam15,NaN,22,22,22,13.3,0.5,22.0,13.9,2.3,14.0,2.1,14.4,2.6,NaN,NaN,15.0,1.9,13.3,0.5,dist_plx_formula,null,N,N,2MASS J21210032-6239194,320.2513690,-62.6554030,Cutr03,378.400,10.300,-220.600,8.400,Schn16a,NaN,NaN,null,2MASS J21210032-6239194|TIC 410462854|WISEA J212100.87-623921.6|WISE J212100.85-623921.3,Luhm14c,NaN,NaN,NaN,NaN,null,ARG (67.3%); FIELD (32.7%),ARG,0.673,pm+trig-plx,WISE J212100.87-623921.6,https://simple-bd-archive.org/solo_result/WISE%20J212100.87-623921.6,320.2572,-62.6571,CatWISE;Kirk21,J2121-6239
2MASS J21481628+4003593,2MASSW J2148162+400359,Loop08b,327.0679,40.0665,Gaia23,89.0262,-10.4517,v-red,Loop08b,N,N,N,N,NaN,N,FLD-G,Liu_13b,2.98,2.98(+4.07/-2.08),PSO J327.0710+40.0678,327.0680,40.0665,327.0710,40.0679,55566.44,Magn20,NaN,NaN,NaN,null,null,NaN,NaN,NaN,null,null,19.7125,0.0198,4,C,Cham16,17.7903,0.0145,2,C,Cham16,16.6800,0.0153,4,C,Cham16,21.3449,0.1433,19.8181,0.0044,18.1991,0.0149,Gaia23,2MASS J21481633+4003594,327.068069,40.066525,2000-05-30,14.147,0.029,Cutr03,12.783,0.023,Cutr03,11.765,0.023,Cutr03,000,null,15.529,0.050,Schn23b;UCS_24,14.054,0.003,Schn23b,12.856,0.023,Best21,11.745,0.002,Schn23b,NaN,NaN,null,NaN,NaN,null,CWISE J214817.45+400407.2,327.0679420,40.0664301,327.0723272,40.0684988,Maro21,10.801,0.011,1.990,Maro21,10.292,0.007,2.300,Maro21,9.631,0.042,0.818,Cutr13,9.066,0.469,0.936,Cutr13,0000,1,0,10.41,0.01,10.26,0.02,Kirk21,123.7,0.4,Gaia23,772.2,0.4,458.2,0.4,Gaia23,-14.5,0.7,Fahe16,124.07,0.55,Gizi15a,773.89,0.85,463.16,1.36,901.90,0.30,59.10,0.10,Gizi15a,-14.52,0.71,Fahe16,NaN,NaN,NaN,NaN,NaN,NaN,null,O,327.0679016,40.0664825,327.0723877,40.0685196,123.6752,0.3595,772.176,0.362,458.243,0.354,1.015,25,NaN,NaN,null,1954170404122975232,1954170404122975232,768.4,1.9,462.9,3.2,Best18,784.5,3.3,483.6,3.0,null,null,FLD-G,Liu_13b,L6,Loop08b,L6 FLD-G,Liu_13b,16,16,16,16,8.084,0.026,16.0,11.0,1.6,11.2,1.8,8.3,1.3,8.6,1.2,6.6,1.0,8.084,0.026,dist_plx_formula,Bard14 find near-IR spectral type L4.0. Kirk10 find near-IR spectral type L6.5 pec (red). Alle13a find near-IR spectral type L6 FLD-G.,Y,Y,2MASSW J2148162+400359,327.0679111,40.0664811,Gaia21a,772.176,0.362,458.243,0.354,Gaia21a,123.6752,0.3595,Gaia21a,2MASSW J2148162+400359|2MASS J21481633+4003594|2MASS J21481628+4003593|TIC 305387751|WISEA J214817.01+400404.1|Gaia DR2 1954170404122975232|Gaia DR3 1954170404122975232,Loop08b,763.26,15.51,439.54,18.32,Magn20,FIELD (96.4%); CARN (3.6%),CARN,0.036,pm+trig-plx+rv,2MASS J21481633+4003594,https://simple-bd-archive.org/solo_result/2MASS%20J21481633%2B4003594,327.0750,40.0697,Gaia23,J2148+4003
2MASSW J2224438-015852,2MASSW J2224438-015852,Kirk00,336.1827,-1.9815,Gaia23,62.2119,-46.8131,v-red,Cush05,N,N,N,N,NaN,N,FLD-G,Liu_16,2.98,2.98(+4.07/-2.08),PSO J336.1841-01.9840,336.1826,-1.9816,336.1841,-1.9841,55439.69,Magn20,NaN,NaN,NaN,null,null,21.2427,0.0396,7,C,Cham16,19.1568,0.0115,5,C,Cham16,17.3660,0.0142,4,C,Cham16,16.3475,0.0052,4,C,Cham16,21.2320,0.2226,19.3780,0.0049,17.7583,0.0197,Gaia23,2MASS J22244381-0158521,336.182562,-1.981151,1998-10-07,14.073,0.027,Cutr03,12.818,0.026,Cutr03,12.022,0.023,Cutr03,000,null,15.320,0.060,Dupu12,13.890,0.030,Knap04,12.840,0.030,Knap04,11.980,0.030,Knap04,10.90,0.05,Goli04a,11.32,0.07,Goli04a,CWISE J222444.39-015908.2,336.1826167,-1.9813072,336.1847560,-1.9852487,Maro21,11.437,0.011,1.610,Maro21,11.184,0.008,2.190,Maro21,10.540,0.101,1.000,Cutr13,8.376,NaN,0.959,Cutr13,0000,2,0,11.05,0.02,11.14,0.02,Patt06,86.2,0.4,Gaia23,471.6,0.4,-873.7,0.4,Gaia23,-36.48,0.01,Fahe16,87.50,0.54,Dahn17,459.11,1.52,-870.78,0.81,984.40,0.10,152.20,0.10,Dahn17,-36.48,0.01,Fahe16,NaN,NaN,NaN,NaN,NaN,NaN,null,O,336.1827393,-1.9814681,336.1848145,-1.9853511,86.1514,0.4080,471.637,0.373,-873.684,0.434,1.023,14,NaN,NaN,null,2629427189619178368,2629427189619178368,467.3,1.7,-873.9,2.3,Best18,499.8,5.3,-921.4,6.2,null,null,FLD-G,Liu_16,L4.5,Kirk00,L3: FLD-G,Liu_16,14.5,13,14.5,14.5,11.6,0.05,14.5,NaN,NaN,NaN,NaN,NaN,NaN,NaN,NaN,11.4,1.7,11.6,0.05,dist_plx_formula,Target for PARSEC program (Andr11a). Knap04 find near-IR spectral type L3.5.,Y,Y,2MASSW J2224438-015852,336.1827267,-1.9814680,Gaia21a,471.637,0.373,-873.684,0.434,Gaia21a,86.1514,0.4080,Gaia21a,2MASS J22244381-0158521|2MASSI J2224438-015852|2MASSW J2224438-015852|2MUCD 12128|TIC 176006315|[B2006] J222443.8-015852|Gaia DR2 2629427189619178368|Gaia DR3 2629427189619178368,Kirk00,514.08,41.20,-840.94,26.13,Magn20,FIELD (99.9%),TAU,0.000,pm+trig-plx+rv,2MASS J22244381-0158521,https://simple-bd-archive.org/solo_result/2MASS%20J22244381-0158521,336.1861,-1.9877,Gaia23,J2224-0158
2MASS J22282889-4310262,2MASS J22282889-4310262,Burg03e,337.1205,-43.1740,CatWISE,354.4157,-57.0153,null,null,N,N,N,N,NaN,N,Field,UCS+BANYAN,2.5,2.5(+4.3/-2),null,NaN,NaN,NaN,NaN,NaN,null,NaN,NaN,NaN,null,null,NaN,NaN,NaN,null,null,NaN,NaN,NaN,null,null,NaN,NaN,NaN,null,null,NaN,NaN,NaN,null,null,NaN,NaN,NaN,NaN,NaN,NaN,null,2MASS J22282889-4310262,337.120393,-43.173965,1998-11-23,15.662,0.073,Cutr03,15.363,0.206,Cutr03,15.2900,0.0100,McMa13,000,null,16.425,0.052,usyn24,15.290,0.010,McMa13,15.677,0.052,usyn24,15.472,0.054,usyn24,NaN,NaN,null,NaN,NaN,null,CWISE J222829.06-431031.4,337.1205292,-43.1739924,337.1211000,-43.1753878,Maro21,15.155,0.018,0.727,Maro21,13.364,0.012,0.874,Maro21,11.748,0.273,0.931,Cutr13,8.740,NaN,0.913,Cutr13,0000,1,0,14.45,0.02,13.35,0.02,Kirk19,92.1,2.6,Smar13,52,3,-301.3,1.6,Smar13,NaN,NaN,null,92.10,2.60,Smar13,51.70,3.20,-301.30,1.60,305.70,1.67,170.26,0.59,Smar13,NaN,NaN,null,NaN,NaN,NaN,NaN,NaN,NaN,null,null,NaN,NaN,NaN,NaN,NaN,NaN,NaN,NaN,NaN,NaN,NaN,NaN,NaN,NaN,null,null,null,NaN,NaN,NaN,NaN,null,97.3,9.4,-326.2,9.2,null,null,null,null,null,null,T6,Burg06b,NaN,26,26,26,10.9,0.3,26.0,13.2,2.5,12.8,2.5,11.2,2.9,11.9,2.9,12.3,1.8,10.9,0.3,dist_plx_formula,Target for NPARSEC program (Smar13).,N,N,2MASS J22282889-4310262,337.1203930,-43.1739650,Cutr03,51.700,3.200,-301.300,1.600,Smar13,92.1000,2.6000,Smar13,2MASS J22282889-4310262|TIC 139457908|WISEA J222829.01-431029.8|WISEP J222829.00-431029.4|WISE J222829.00-431029.4,Burg03e,NaN,NaN,NaN,NaN,null,FIELD (99.9%),UCL,0.000,pm+trig-plx,2MASS J22282889-4310262,https://simple-bd-archive.org/solo_result/2MASS%20J22282889-4310262,337.1210,-43.1761,CatWISE;Smar13,J2228-4310
WISE J223617.59+510551.9,2MASS J22361685+5105487,Mace13a,339.0700,51.0967,PS1,102.3601,-6.2956,null,null,N,N,N,N,NaN,N,Field,UCS+BANYAN,2.5,2.5(+4.3/-2),PSO J339.0735+51.0977,339.0700,51.0967,339.0736,51.0978,55565.90,Magn20,NaN,NaN,NaN,null,null,NaN,NaN,NaN,null,null,NaN,NaN,NaN,null,null,19.1679,0.0140,5,C,Cham16,17.2935,0.0155,6,C,Cham16,NaN,NaN,NaN,NaN,NaN,NaN,null,2MASS J22361685+5105487,339.070235,51.096867,2000-10-05,14.584,0.036,Cutr03,14.486,0.092,Cutr03,14.445,0.092,Cutr03,000,null,15.655,0.014,Best21,14.439,0.004,Schn23b,14.615,0.019,Best13,14.612,0.011,Schn23b,NaN,NaN,null,NaN,NaN,null,CWISE J223618.00+510553.7,339.0701050,51.0967721,339.0749013,51.0982321,Maro21,14.188,0.020,3.090,Maro21,12.643,0.010,1.800,Maro21,11.008,0.100,0.903,Cutr13,9.319,NaN,1.070,Cutr13,0000,1,0,NaN,NaN,12.64,0.02,Kirk21,102.8,1.9,Best20,729.3,2.3,323.5,2.3,Kirk21,-1.2,0.3,Hsu_21,100.30,3.60,Kirk21,729.30,2.30,323.50,2.30,797.83,2.30,66.08,0.17,Kirk21,-1.20,0.30,Hsu_21,102.8,1.9,708.6,2.1,326.7,2.5,Best20,null,NaN,NaN,NaN,NaN,NaN,NaN,NaN,NaN,NaN,NaN,NaN,NaN,NaN,NaN,null,null,null,738.6,21.8,349.0,18.9,Magn20,704.1,5.3,341.3,4.8,null,null,null,null,null,null,T5,Best13,NaN,25,25,25,9.73,0.18,25.0,9.2,1.7,10.1,2.0,9.7,2.6,10.4,2.5,9.9,1.5,9.73,0.18,dist_plx_formula,Mace13a find near-IR spectral type T5.5. Zhan21a find this object is a kinematic member candidate of Carina-Near based on coordinates comma proper motion comma and parallax. Hsu_21 updated the BANYAN Sigma analysis by adding their new RV measurement and found this object is likely a field dwarf with FIELD (99.9%),Y,Y,2MASS J22361685+5105487,339.0702350,51.0968670,Cutr03,708.600,2.100,326.700,2.500,Best20,102.8000,1.9000,Best20,2MASS J22361685+5105487|PSO J339.0734+51.0978|TIC 428099534|WISEA J223617.60+510551.8|WISE J223617.59+510551.9|EQ J2236+5105,Mace13a,738.61,21.78,349.02,18.89,Magn20,FIELD (99.9%),ARG,0.000,pm+trig-plx+rv,WISE J223617.59+510551.9,https://simple-bd-archive.org/solo_result/WISE%20J223617.59%2B510551.9,339.0782,51.0990,PS1;Kirk21,J2236+5105
2MASSI J2254188+312349,2MASSI J2254188+312349,Burg02a,343.5788,31.3972,PS1,95.4665,-25.1543,null,null,N,N,N,N,NaN,N,Field,UCS+BANYAN,2.5,2.5(+4.3/-2),PSO J343.5790+31.3978,343.5788,31.3972,343.5791,31.3979,56021.56,Magn20,NaN,NaN,NaN,null,null,NaN,NaN,NaN,null,null,NaN,NaN,NaN,null,null,19.4122,0.0351,9,C,Cham16,17.6481,0.0114,14,C,Cham16,NaN,NaN,NaN,NaN,NaN,NaN,null,2MASS J22541892+3123498,343.578834,31.397175,1998-06-22,15.262,0.047,Cutr03,15.018,0.147,Cutr03,14.902,0.147,Cutr03,000,null,16.231,0.050,Schn23b;UCS_24,15.000,0.005,Schn23b,14.863,0.050,Schn23b;UCS_24,15.051,0.013,Schn23b,13.24,0.05,Goli04a,NaN,NaN,null,CWISE J225418.98+312353.0,343.5788385,31.3972537,343.5791046,31.3980622,Maro21,14.601,0.016,0.532,Maro21,13.316,0.011,0.903,Maro21,12.111,0.340,0.987,Cutr13,9.026,NaN,0.933,Cutr13,0000,1,0,13.92,0.03,13.28,0.01,Patt06,72,3,Manj13,60.1,2.9,187.4,2.5,Best18,NaN,NaN,null,72.00,3.00,Manj13,67.00,3.00,187.00,7.00,198.64,6.67,19.71,1.06,Manj13,NaN,NaN,null,NaN,NaN,NaN,NaN,NaN,NaN,null,null,NaN,NaN,NaN,NaN,NaN,NaN,NaN,NaN,NaN,NaN,NaN,NaN,NaN,NaN,null,null,null,60.1,2.9,187.4,2.5,Best18,53.1,7.3,189.0,7.4,null,null,null,null,T5,Pine16,T4,Burg06b,25,24,24,24,13.9,0.6,24.0,13.1,2.2,13.8,2.1,14.5,2.7,15.4,1.5,14.8,1.9,13.9,0.6,dist_plx_formula,Included in the MLT spectral compilation of Test09.,Y,Y,2MASSI J2254188+312349,343.5788340,31.3971750,Cutr03,68.000,15.000,201.000,11.000,Jame08a,NaN,NaN,null,2MASS J22541892+3123498|2MASSI J2254188+312349|2MASSW J2254188+312349|TIC 188908855|WISEA J225418.96+312352.1|WISEP J225418.97+312352.2|WISE J225418.96+312352.2|EQ J2254+3123,Hill02,63.46,5.86,185.83,5.86,Magn20,FIELD (99.9%),UCL,0.000,pm+trig-plx,2MASSI J2254188+312349,https://simple-bd-archive.org/solo_result/2MASSI%20J2254188%2B312349,343.5793,31.3986,PS1;Best18,J2254+3123
WISEP J235941.07-733504.8,2MASS J23594034-7335055,Kirk11,359.9184,-73.5848,CatWISE,307.8995,-43.0406,null,null,N,N,N,N,NaN,N,Field,UCS+BANYAN,2.5,2.5(+4.3/-2),null,NaN,NaN,NaN,NaN,NaN,null,NaN,NaN,NaN,null,null,NaN,NaN,NaN,null,null,NaN,NaN,NaN,null,null,NaN,NaN,NaN,null,null,NaN,NaN,NaN,null,null,NaN,NaN,NaN,NaN,NaN,NaN,null,2MASS J23594034-7335055,359.918122,-73.584862,1999-12-16,16.169,0.038,Skru06,16.065,0.071,Skru06,16.050,0.129,Skru06,null,null,NaN,NaN,null,16.100,0.100,Fahe12,15.980,0.190,Fahe12,15.130,0.500,Fahe12,NaN,NaN,null,NaN,NaN,null,CWISE J235941.43-733504.7,359.9183623,-73.5848487,359.9225977,-73.5846434,Maro21,15.226,0.016,1.010,Maro21,13.375,0.010,0.911,Maro21,11.591,0.144,1.000,Cutr13,9.233,NaN,1.090,Cutr13,0000,1,0,14.48,0.02,13.38,0.02,Kirk11,87,6,Fahe12,281,5,39,6,Fahe12,NaN,NaN,null,86.70,5.70,Fahe12,280.90,5.40,39.20,5.50,283.62,5.40,82.06,1.11,Fahe12,NaN,NaN,null,NaN,NaN,NaN,NaN,NaN,NaN,null,null,NaN,NaN,NaN,NaN,NaN,NaN,NaN,NaN,NaN,NaN,NaN,NaN,NaN,NaN,null,null,null,NaN,NaN,NaN,NaN,null,279.8,7.8,48.0,6.8,null,null,null,null,null,null,T6.5,Mace13a,NaN,26.5,26.5,26.5,11.5,0.8,26.5,14.9,2.8,16.4,3.3,13.7,3.7,8.6,2.9,11.6,1.7,11.5,0.8,dist_plx_formula,null,N,N,2MASS J23594034-7335055,359.9181220,-73.5848620,Cutr03,280.900,5.400,39.200,5.500,Fahe12,86.7000,5.7000,Fahe12,2MASS J23594034-7335055|TIC 293572002|WISEA J235941.10-733505.0|WISEP J235941.07-733504.8|WISE J235941.07-733504.8|EQ J2359-7335,Kirk11,NaN,NaN,NaN,NaN,null,FIELD (99.9%),BPMG,0.000,pm+trig-plx,WISEP J235941.07-733504.8,https://simple-bd-archive.org/solo_result/WISEP%20J235941.07-733504.8,359.9254,-73.5846,CatWISE;Fahe12,J2359-7335
